কসমেটিক্স	k o sh m e T i k s	loanword
কসমোপলিটন	k o s m O p O l i T o n	loanword
কসরতে	k o s r o t e	native
কসরতের	k o s r o t e r	native
কসা	k o sh a	native
কসাই	k o sh a i	native
কসাইখানা	k o sh a i kh a n a	native
কসাইখানায়	k o sh a i kh a n a y	native
কসাইদের	k o sh a i d e r	native
কসাল	k o sh a l	native
কসাড়	k o sh a r	native
কসা–মাজা	k o sh a m a j a	native
কসি	k o sh i	native
কসিদা	k O sh i d a	native
কসুর	k O sh u r	native
কসেগিন	k o s e g i n	proper_noun
কসেরু	k o sh e r u	native
কসেল্লা	k o sh e l l a	native
কসোভো	k o s O bh O	proper_noun
কসোভোকে	k o s O bh O k e	proper_noun
কসোভোতে	k o s O bh O t e	proper_noun
কসোভোর	k o s O bh O r	proper_noun
কস্টা	k o s T a	loanword
কস্টিউম	k o s T i u m	loanword
কস্টিক	k o s T i k	loanword
কস্ত	k o st	native
কস্তাকস্তি	k o st a k O st i	native
কস্তার	k o st a r	native
কস্তুরভা	k o st u r bh a	native
কস্তুরি	k o st u r i	native
কস্তুরিকা	k o st u r i k a	native
কস্মিনকালে	k O sh m i n k a l e	native
কস্মিনকালেও	k O sh sh i n k a l e O	native
কস্য	k O sh sh O	native
কহ	k o h O	native
কহতব্য	k o h O t O b b O	native
কহন	k o h O n O	native
কহনো	k o h o n O	native
কহন্তি	k o h o nt i	native
কহর	k o h O r	native
কহসি	k o h o sh i	native
কহহি	k O h o h i	native
কহা	k o h a	native
কহিতুর	k O h i t u r o	native
কহিনি	k O h i n i	native
কহিনুর	k O h i n u r | k o h i n u r	native
কহির	k O h i r	native
কহিল	k O h i l O	native
কহিলেন	k O h i l e n	native
কহু	k O h u	native
কহুয়া	k O h u y a	native
কহো	k o h O	native
কহ্লার	k o l h a r	native
কা	k a	native
কাং	k a ng	native
কাংক্ষ	k a ng kh O	tatsama
কাংক্ষা	k a ng kh a	tatsama
কাংক্ষিত	k a ng k i t o	tatsama
কাংখিত	k a ng kh i t O	native
কাংগন	k a ng g O n	native
কাংগা	k a ng g a	native
কাংগাল	k a ng g a l	native
কাংশা	k a ng sh a	native
কাংাল	k a ng a l | k a ng g a l	native
কাংালিভোজের	k a ng g a l i bh O j e r	native
কাংালের	k a ng g a l e r	native
কাং্ক্ষিত	k a ng kh i t O	tatsama
কাং্গালিনি	k a ng g a l i n i	native
কাআ	k a y a	native
কাই	k a i	native
কাইউম	k a i u m	native
কাইকারটেক	k a i k a r T e k	native
কাইকুতু	k a i k u t u	native
কাইচা	k a i ch a	native
কাইজ	k a i j	native
কাইজা	k a i j a	native
কাইজার	k a i j a r	native
কাইট	k a i T	native
কাইটস	k a i T s	loanword
কাইটা	k a i T a	native
কাইট্টা	k a i T T a	native
কাইনি	k a i n i	native
কাইনেক্ট	k a i n e k T	loanword
কাইনেটিক	k a i n e T i k	loanword
কাইন্ড	k a i n D	loanword
কাইফ	k a i ph	native
কাইফও	k a i ph O	native
কাইফকে	k a i ph k e	native
কাইফের	k a i ph e r	native
কাইভ	k a i bh	native
কাইম	k a i m	native
কাইমাই	k a i m a i	native
কাইরন	k a i r o n	native
কাইল	k a i l	native
কাইলাকুরি	k a i l a k u r i	native
কাইলি	k a i l i	native
কাইল্যা	k a i l l a	native
কাইল্লা	k a i l l a	native
কাইস্টের	k a i s T e r	loanword
কাইড়া	k a i r a	native
কাইয়া	k a i y a	native
কাইয়ানির	k a i y a n i r	native
কাইয়ুম	k a i y u m	native
কাইয়ুমকে	k a i y u m k e	native
কাইয়ুমসহ	k a i y u m sh o h O	native
কাইয়ুমের	k a i y u m e r	native
কাইয়ো	k a i y O	native
কাউ	k a u	native
কাউকে	k a u k e	native
কাউকেই	k a u k e i	native
কাউকেও	k a u k e O	native
কাউখালি	k a u kh a l i	native
কাউখালিতে	k a u kh a l i t e	native
কাউখালির	k a u kh a l i r	native
কাউছার	k a u chh a r	native
কাউড্রে	k a u D r e	loanword
কাউন	k a u n	native
কাউনাইন	k a u n a i n	native
কাউনিয়া	k a u n i y a	native
কাউনিয়ায়	k a u n i y a y	native
কাউন্ট	k a u n T	native
কাউন্টডাউন	k a u n T D a u n	native
কাউন্টার	k a u n T a r	native
কাউন্টারকারেন্টস	k a u n T a r k a r e n T s	compound
কাউন্টারগুলো	k a u n T a r g u l O	native
কাউন্টারগুলোতে	k a u n T a r g u l O t e	compound
কাউন্টারগুলোর	k a u n T a r g u l O r	compound
কাউন্টারপাঞ্চ	k a u n T a r p a n ch	compound
কাউন্টারভিত্তিক	k a u n T a r bh i tt i k	compound
কাউন্টারভেইলিং	k a u n T a r bh e i l i ng	compound
কাউন্টারেই	k a u n T a r e i	native
কাউন্টারেও	k a u n T a r e O	native
কাউন্টারের	k a u n T a r e r	native
কাউন্টি	k a u n T i	native
কাউন্টিতে	k a u n T i t e	native
কাউন্টির	k a u n T i r	native
কাউন্টের	k a u n T e r	native
কাউন্দিয়া	k a u nd i y a	native
কাউন্সিল	k a u n s i l	loanword
কাউন্সিলই	k a u n s i l i	loanword
কাউন্সিলও	k a u n s i l O	loanword
কাউন্সিলকে	k a u n s i l k e	loanword
কাউন্সিলর	k a u n s i l o r	loanword
কাউন্সিলরও	k a u n s i l o r O	loanword
কাউন্সিলরকে	k a u n s i l o r k e	loanword
কাউন্সিলরদের	k a u n s i l o r d e r	loanword
কাউন্সিলররা	k a u n s i l o r r a	loanword
কাউন্সিলররাও	k a u n s i l a r r a O	loanword
কাউন্সিলরসহ	k a u n s i l o r sh o h O	loanword
কাউন্সিলরের	k a u n s i l o r e r	loanword
কাউন্সিলার	k a u n s i l a r	loanword
কাউন্সিলে	k a u n s i l e	loanword
কাউন্সিলের	k a u n s i l e r	loanword
কাউন্সিলেরও	k a u n s i l e r O	loanword
কাউন্সেলর	k a u n s e l o r	loanword
কাউন্সেলরের	k a u n s i l r e r	loanword
কাউন্সেলিং	k a u n s e l i ng	loanword
কাউন্সেলিংয়ের	k a u n s e l i ng y e r	loanword
কাউবয়	k a u b o y	native
কাউর	k a u r	native
কাউরে	k a u r e	native
কাউল	k a u l	native
কাউলিবেড়া	k a u l i b e r a	native
কাউসার	k a u sh a r	native
কাউসারের	k a u sh a r e r	native
কাউয়া	k a u y a	native
কাউয়াঠুটি	k a u y a Th u T i	native
কাউয়ারখোপ	k a u y a r kh O p	native
কাউয়ারচর	k a u y a r ch o r	native
কাউয়েন	k a u y e n	native
কাউয়েনের	k a u y e n e r	native
কাএদা	k a y o d a	native
কাও	k a O	native
কাওছার	k a O sh a r	native
কাওছারের	k a O chh a r e r	native
কাওনাইন	k a O n a i n	native
কাওরা	k a O r a	native
কাওরাকান্দি	k A O r a k a nd i	native
কাওরাকান্দির	k a O r a k a nd i r	native
কাওরান	k a O r a n	native
কাওলা	k a O l a	native
কাওলার	k a O l a r	native
কাওলি	k a y O l i	native
কাওস	k a y O sh	native
কাওসার	k a O sh a r	native
কাওসারকে	k a O sh a r k e	native
কাওসারসহ	k a O sh a r sh o h O	native
কাওসারের	k a O sh a r e r	native
কাওড়া	k a O r a	native
কাওড়াকান্দি	k a O r a k a nd i	native
কাওড়াকান্দির	k a O r a k a nd i r	native
কাওয়া	k a O y a	native
কাওয়াজ	k a O y a j	native
কাওয়াদিঘি	k a O y a d i gh i	native
কাওয়ান	k a O y a n	native
কাওয়ানের	k a O y a n e r	native
কাওয়াল	k a O y a l	native
কাওয়ালি	k a O y a l i	native
কাওয়ালিপাড়া	k a O y a l i p a r a	native
কাওয়ালির	k a O y a l i r	native
কাওয়াশিমা	k a O y a sh i m a	native
কাকই	k a k o i	native
কাকইর	k a k i r	native
কাকও	k a k O	native
কাকগুলো	k a k g u l O	native
কাকচিড়া	k a k ch i r a	native
কাকটির	k a k T i r	native
কাকডাংগা	k a k D a ng g a	native
কাকডাকা	k a k D a k a	native
কাকতাল	k a k t a l	native
কাকতালি	k a k t a l i	native
কাকতালিয়	k a k t a l i y	native
কাকতালিয়ভাবে	k a k t a l i y bh a b e	native
কাকতালিয়ভাবেই	k a k t a l i y bh a b e i	compound
কাকদের	k a k d e r	native
কাকদ্বিপ	k a k d i p	native
কাকন	k a k o n	native
কাকনমালা	k a k O n m a l a	native
কাকনহাট	k a k o n h a T	native
কাকফিল্ডে	k a k ph i l D e	native
কাকভেজা	k a k bh e j a	native
কাকর	k a k O r	native
কাকরাইল	k a k r a i l	native
কাকরাইলে	k a k r a i l e	native
কাকরাইলের	k a k r a i l e r	native
কাকরোল	k a k r O l	native
কাকল	k a k O l	native
কাকলাস	k a k l a sh	native
কাকলি	k a k O l i | k a k o l i	native
কাকলির	k a k O l i r | k a k o l i r	native
কাকা	k a k a	native
কাকাউ	k a k a u	native
কাকাকে	k a k a k e	native
কাকাতুয়া	k a k a t u y a	native
কাকাদের	k a k a d e r	native
কাকাপো	k a k a p O	native
কাকাবাবু	k a k a b a b u	native
কাকাবাবুর	k a k a b a b u r	native
কাকার	k a k a r	native
কাকারা	k a k a r a	native
কাকি	k a k i	native
কাকিনা	k a k i n a	native
কাকিলাখালি	k a k i l a kh a l i	native
কাকিয়ান	k a k i y a n	native
কাকিয়ানের	k a k i y a n e r	native
কাকুই	k a k u i	native
কাকুতি	k a k u t i	native
কাকুতিমিনতি	k a k u t i m i n o t i	native
কাকুধ্বনি	k a k u d dh O n i	tatsama
কাকুর	k a k u r	native
কাকুড়	k a k u r	native
কাকের	k a k e r	native
কাকেরা	k a k e r a	native
কাকেরাও	k a k e r a O	native
কাকোদর	k a k O d o r	native
কাক্কু	k a k k u	native
কাকড়া	k a k r a	native
কাকড়াকে	k a k r a k e	native
কাকড়াগুলো	k a k r a g u l O	native
কাকড়ার	k a k r a r	native
কাকড়ি	k a k r i	native
কাখ	k a kh	native
কাখবিড়ালি	k a kh o b i r a l i	native
কাখে	k a kh e	native
কাগ	k a g	native
কাগজই	k a g o j i	native
কাগজও	k a g O j O	native
কাগজকলের	k a g o j k o l e r	native
কাগজকে	k a g o j k e	native
কাগজগুলো	k a g O j g u l O	native
কাগজগুলোতে	k a g o j g u l O t e	native
কাগজগুলোর	k a g o j g u l O r	native
কাগজটা	k a g O j T a	native
কাগজটি	k a g O j T i	native
কাগজটির	k a g O j T i r	native
কাগজপত্র	k a g o j p o tr	native
কাগজপত্রই	k a g o j p o tr i	native
কাগজপত্রও	k a g O j p o tr O O	native
কাগজপত্রসহ	k a g O j p o tr O sh o h O	native
কাগজপত্রে	k a g O j p o tr e	native
কাগজপত্রের	k a g O j p o tr e r	native
কাগজবিহিন	k a g o j b i h i n	native
কাগজি	k a g O j i | k a g o j i	native
কাগজেই	k a g O j e i	native
কাগজের	k a g O j e r	native
কাগতি	k a g O t i	native
কাগমারি	k a g m a r i	native
কাগা	k a g a	native
কাগাবলা	k a g a b o l a	native
কাগামে	k a g a m e	native
কাগা–বগা	k a g a b o g a	native
কাগিসো	k a g i s O	proper_noun
কাগুজে	k a g u j e	native
কাচকলা	k a ch k o l a	native
কাচকি	k a ch k i	native
কাচকোল	k a ch k O l	native
কাচকড়া	k a ch k o r a	native
কাচজনস্কি	k a ch j o n s k i	loanword
কাচজিনস্কি	k a ch j i n s k i	loanword
কাচজিনস্কির	k a ch j i n s k i r	loanword
কাচপুর	k a ch p u r	native
কাচপুরি	k a ch p u r i	native
কাচপুরে	k a ch p u r e	native
কাচপুরের	k a ch p u r e r	native
কাচপোকা	k a ch p O k a	native
কাচবালুতে	k a ch b a l u t e	native
কাচবালুর	k a ch b a l u r	native
কাচাআম	k a ch a a m	native
কাচাগোল্লা	k a ch a g O l l a	native
কাচাঘর	k a ch a gh o r	native
কাচাঘরে	k a ch a gh o r e	native
কাচাপাকা	k a ch a p a k a	native
কাচাবাজার	k a ch a b a j a r	native
কাচাবাজারগুলোতে	k a ch a b a j a r g u l O t e	compound
কাচাবাজারটি	k a ch a b a j a r T i	native
কাচাবাজারে	k a ch a b a j a r e	native
কাচাবাজারের	k a ch a b a j a r e r	native
কাচামরিচ	k a ch a m o r i ch | k a ch a m O r i ch	native
কাচামরিচের	k a ch a m o r i ch e r | k a ch a m O r i ch e r	native
কাচামাটির	k a ch a m a T i r	native
কাচামাল	k a ch a m a l	native
কাচামালসহ	k a ch a m a l sh o h O	native
কাচামালে	k a ch a m a l e	native
কাচামালের	k a ch a m a l e r	native
কাচার	k a ch a r	native
কাচারি	k a ch a r i	native
কাচারিঘাট	k a ch a r i gh a T	native
কাচারিতে	k a ch a r i t e	native
কাচারিবাড়ির	k a ch a r i b a r i r	native
কাচালং	k a ch a l o ng	native
কাচি	k a ch i	native
কাচিকাটা	k a ch i k a T a	native
কাচিন	k a ch i n	native
কাচির	k a ch i r	native
কাচিহারা	k a ch i h a r a	native
কাচিয়া	k a ch i y a	native
কাচুমাচু	k a ch u m a ch u	native
কাচুরি	k a ch u r i	native
কাচুলি	k a ch u l i	native
কাচে	k a ch e	native
কাচের	k a ch e r	native
কাচ্চা	k a ch ch a	native
কাচ্চি	k a ch ch i	native
কাচড়া	k a ch r a	native
কাছথেকে	k a chh th e k e	native
কাছলা	k a chh l a	native
কাছা	k a chh	native
কাছাকছি	k a chh a k o chh i	native
কাছাকাছিই	k a chh a k a chh i i	native
কাছাকাছিও	k a chh a k a chh i O	native
কাছারিতে	k a chh a r i t e	native
কাছারিবাড়ি	k a chh a r i b a r i	native
কাছারির	k a chh a r i r	native
কাছাড়	k a chh a r	native
কাছাড়ে	k a chh a r e	native
কাছাড়ের	k a chh a r e r	native
কাছি	k a chh i	native
কাছিকাটা	k a chh i k a T a	native
কাছুটি	k a chh u T i	native
কাছেই	k a chh e i	native
কাছেও	k a chh e O	native
কাছেপিঠে	k a chh e p i Th e	native
কাছেরই	k a chh e r i	native
কাছোত	k a chh O t	native
কাজ	k a j	native
কাজও	k a j O	native
কাজকর্ম	k a j k o r m O	native
কাজকর্মও	k a j k o r m O O	native
কাজকর্মকে	k a j k o r m o k e	native
কাজকর্মে	k a j k o r m e	native
কাজকর্মেও	k a j k o r m e O	native
কাজকর্মের	k a j k o r m e r	native
কাজকাম	k a j k a m	native
কাজকারবার	k a j k a r b a r	native
কাজকেই	k a j k e i	native
কাজকেও	k a j k e O	native
কাজগুলোই	k a j g u l O i	native
কাজগুলোও	k a j g u l O O	native
কাজগুলোকে	k a j g u l O k e	native
কাজগুলোতে	k a j g u l O t e	native
কাজগুলোর	k a j g u l O r	native
কাজটা	k a j T a	native
কাজটাই	k a j T a i	native
কাজটাও	k a j T a O	native
কাজটাজ	k a j T a j	native
কাজটাতে	k a j T a t e	native
কাজটার	k a j T a r	native
কাজটি	k a j T i	native
কাজটিই	k a j T i i	native
কাজটিকে	k a j T i k e	native
কাজটিতে	k a j T i t e	native
কাজটুকু	k a j T u k u	native
কাজবাজ	k a j b a j	native
কাজর	k a j o r	native
কাজরি	k a j r i	native
কাজল	k a j O l	native
কাজলকে	k a j O l k e	native
কাজলশাহ	k a j o l sh a h	native
কাজলা	k a j l a	native
কাজলার	k a j l a r	native
কাজলায়	k a j l a y	native
কাজলি	k a j l i	native
কাজলে	k a j l e	native
কাজলের	k a j O l e r	native
কাজসমুহ	k a j sh o m u h	native
কাজসহ	k a j sh o h O	native
কাজা	k a j a	native
কাজাখ	k a j a kh	native
কাজাখদের	k a j a kh d e r	native
কাজাখস্তান	k a j a kh st a n	native
কাজাখস্তানে	k a j a kh st a n e	native
কাজাখস্তানের	k a j a kh st a n e r	native
কাজান	k a j a n	native
কাজানের	k a j a n e r	native
কাজামে	k a j a m e	native
কাজামের	k a j a m e r	native
কাজি	k a j i	native
কাজিকান্দি	k a j i k a nd i	native
কাজিকে	k a j i k e	native
কাজিদা	k a j i d a	native
কাজিদার	k a j i d a r	native
কাজিদের	k a j i d e r	native
কাজিন	k a j i n	native
কাজিনগর	k a j i n o g O r	native
কাজিনের	k a j i n e r	native
কাজিপাড়া	k a j i p a r a	native
কাজিপাড়ার	k a j i p a r a r	native
কাজিপাড়ায়	k a j i p a r a y	native
কাজিপুর	k a j i p u r	native
কাজিপুরে	k a j i p u r e	native
কাজিবাড়ি	k a j i b a r i	native
কাজিবাড়ির	k a j i b a r i r	native
কাজিম	k a j i m	native
কাজিমের	k a j i m e r	native
কাজির	k a j i r	native
কাজিরটেক	k a j i r T e k	native
কাজিরবাজার	k a j i r b a j a r	native
কাজিরবেড়	k a j i r b e r	native
কাজিরহাট	k a j i r h a T	native
কাজিহাটা	k a j i h a T a	native
কাজিয়া	k a j i y a	native
কাজু	k a j u	native
কাজুও	k a j u O	native
কাজুবাদাম	k a j u b a d a m	native
কাজুবাদামের	k a j u b a d a m e r	native
কাজে	k a j e	native
কাজেই	k a j e i	native
কাজেও	k a j e O	native
কাজেম	k a j e m	native
কাজেমি	k a j e m i	native
কাজেমিসহ	k a j e m i sh o h O	native
কাজেরও	k a j e r O	native
কাজোরলা	k a j O r l a	native
কাঞ্চন	k a n ch o n	native
কাঞ্চনকে	k a n ch o n k e	native
কাঞ্চনজংঘা	k a n ch o n j o ng gh a	native
কাঞ্চননগর	k a n ch o n n o g o r	native
কাঞ্চনপুর	k a n ch o n p u r	native
কাঞ্চনমালার	k a n ch O n m a l a r	native
কাঞ্চনসহ	k a n ch o n sh o h O	native
কাঞ্চনের	k a n ch O n e r	native
কাঞ্চা	k a n ch a	native
কাঞ্চি	k a n ch i	native
কাঞ্জিভরম	k a n ch i bh o r o m	native
কাঞ্জিলাল	k a n ch i l a l	native
কাট	k a T	native
কাটঅফ	k a T o ph	native
কাটআউট	k a T a u T	native
কাটওয়ার্ক	k a T O y a r k	native
কাটকাট	k a T k a T	native
কাটকুট	k a T k u T	native
কাটগোয়ার	k a T g O y a r	native
কাটছাট	k a T chh a T	native
কাটছাটেও	k a T chh a T e O	native
কাটছাটের	k a T chh a T e r	native
কাটছি	k a T chh i	native
কাটছিল	k a T chh i l O	native
কাটছিলেন	k a T chh i l e n	native
কাটছেই	k a T chh e i	native
কাটছেন	k a T chh e n	native
কাটজু	k a T j u	native
কাটটি	k a T T i	native
কাটতাম	k a T t a m	native
কাটতে	k a T t e	native
কাটতেই	k a T t e i	native
কাটতেন	k a T t e n	native
কাটনা	k a T n a	native
কাটনাল	k a T n a l	native
কাটব	k a T b o	native
কাটবে	k a T b e	native
কাটবেন	k a T b e n	native
কাটব্য	k a T O b b O	native
কাটরা	k a T r a	native
কাটরার	k a T r a r	native
কাটরায়	k a T r a y	native
কাটল	k a T l O	native
কাটলা	k a T l a	native
কাটলাম	k a T l a m	native
কাটলার	k a T l a r	native
কাটলে	k a T l e	native
কাটলেও	k a T l e O	native
কাটলেগো	k a T l e g O	native
কাটলেটের	k a T l e T e r	native
কাটাই	k a T a i	native
কাটাইতাম	k a T a i t a m	native
কাটাইল	k a T a i l	native
কাটাও	k a T a O	native
কাটাকাটিতে	k a T a k a T i t e	native
কাটাকাটির	k a T a k a T i r	native
কাটাকে	k a T a k e	native
কাটাখালিতে	k a T a kh a l i t e	native
কাটাখালির	k a T a kh a l i r	native
কাটাগুলো	k a T a g u l O	native
কাটাচামচ	k a T a ch a m o ch | k a T a ch a m O ch	native
কাটাচুয়া	k a T a ch u y a	native
কাটাচ্ছি	k a T a ch chh i	native
কাটাচ্ছিল	k a T a ch chh i l o	native
কাটাচ্ছে	k a T a ch chh e	native
কাটাছেড়া	k a T a chh e r a	native
কাটাছেড়ার	k a T a chh e r a r	native
কাটাজুক্ত	k a T a j u kt O	native
কাটাটা	k a T a T a	native
কাটাত	k a T a t O	native
কাটাতাম	k a T a t a m	native
কাটাতার	k a T a t a r	native
কাটাতারে	k a T a t a r e	native
কাটাতারের	k a T a t a r e r	native
কাটাতে	k a T a t e	native
কাটাতেই	k a T a t e i	native
কাটাতেন	k a T a t e n	native
কাটান	k a T a n	native
কাটাননি	k a T a n n i	native
কাটানো	k a T a n O	native
কাটানোর	k a T a n O r	native
কাটাপড়া	k a T a p o r a	native
কাটাব	k a T a b O	native
কাটাবন	k a T a b o n | k a T a b O n	native
কাটাবনে	k a T a b o n e	native
কাটাবনের	k a T a b o n e r	native
কাটাবার	k a T a b a r	native
কাটাবাড়িয়া	k a T a b a r i y a	native
কাটাবিহিন	k a T a b i h i n	native
কাটারও	k a T a r O	native
কাটারা	k a T a r a	native
কাটারিভোগ	k a T a r i bh O g	native
কাটারে	k a T a r e	native
কাটারের	k a T a r e r	native
কাটালাম	k a T a l a m	native
কাটালে	k a T a l e	native
কাটালেও	k a T a l e O	native
কাটালেন	k a T a l e n	native
কাটাসহ	k a T a sh o h O	native
কাটাসুর	k a T a sh u r	native
কাটাসুরের	k a T a sh u r e r	native
কাটাস্থলে	k a T a sth o l e	native
কাটায়	k a T a y	native
কাটি	k a T i	native
কাটিং	k a T i ng	native
কাটিংয়ে	k a T i ng y e	native
কাটিংয়ের	k a T i ng y e r	native
কাটিগ্রাম	k a T i gr a m	native
কাটিনি	k a T i n i	native
কাটিয়ে	k a T i y e	native
কাটিয়েও	k a T i y e O	native
কাটিয়েছি	k a T i y e chh i	native
কাটিয়েছিলাম	k a T i y e chh i l a m	native
কাটিয়েছিলেন	k a T i y e chh i l e n	native
কাটিয়েছে	k a T i y e chh e	native
কাটিয়েছেন	k a T i y e chh e n	native
কাটুন	k a T u n	native
কাটুর	k a T u r k u T u r	native
কাটুরিয়া	k a T u r i y a	native
কাটুস	k a T u sh	native
কাটে	k a T e	native
কাটেও	k a T e O	native
কাটেন	k a T e n	native
কাটেননি	k a T e n n i	native
কাটোয়া	k a T O a	native
কাট্টলির	k a T T o l i r	native
কাট্টা	k a T T a	native
কাট্য	k a T T O	native
কাট–কাটরা	k a T k a T r a	native
কাঠও	k a Th O	native
কাঠকয়লা	k a Th k o y l a	native
কাঠখোলায়	k a Th kh O l a y	native
কাঠখড়	k a Th kh o r	native
কাঠগুলো	k a Th g u l O	native
কাঠগোলাপ	k a Th g O l a p	native
কাঠগড়া	k a Th g o r a	native
কাঠগড়ার	k a Th g o r a r	native
কাঠগড়ায়	k a Th g o r a y	native
কাঠচোর	k a Th ch O r	native
কাঠচোরেরা	k a Th ch O r e r a	native
কাঠজাত	k a Th j a t	native
কাঠপট্টি	k a Th p o T T i	native
কাঠবাদাম	k a Th b a d a m	native
কাঠবাদামে	k a Th b a d a m e	native
কাঠবাদামের	k a Th b a d a m e r	native
কাঠবিড়ালি	k a Th b i r a l i	native
কাঠবেড়ালি	k a Th b e r a l i	native
কাঠবোঝাই	k a Th b O jh a i	native
কাঠমান্ডু	k a Th m a n D u	native
কাঠমান্ডুসহ	k a Th m a n D u sh o h O	native
কাঠমিস্ত্রির	k a Th m i st ri r	native
কাঠময়ুর	k a Th m o y u r	native
কাঠরা	k a Th r a	native
কাঠলি	k a Th l i	native
কাঠসহ	k a Th sh o h O	native
কাঠাপ্রতি	k a Th a pr o t i	native
কাঠামো	k a Th a m O	native
কাঠামোই	k a Th a m O i	native
কাঠামোও	k a Th a m O O	native
কাঠামোকে	k a Th a m O k e	native
কাঠামোগতভাবে	k a Th a m O g o t o bh a b e	native
কাঠামোগুলো	k a Th a m O g u l O	native
কাঠামোটা	k a Th a m O T a	native
কাঠামোটির	k a Th a m O T i r	native
কাঠামোতেই	k a Th a m O t e i	native
কাঠামোবদ্ধ	k a Th a m O b o d dh O	tatsama
কাঠামোবিরোধি	k a Th a m O b i r O dh i	native
কাঠামোবিশেশ	k a Th a m O b i sh e sh	native
কাঠামোসংক্রান্ত	k a Th a m O sh o ng kr a nt o	compound
কাঠামোয়	k a Th a m O y	native
কাঠার	k a Th a r	native
কাঠাল	k a Th a l	native
কাঠালও	k a Th a l O	native
কাঠালগাছ	k a Th a l g a chh	native
কাঠালগাছের	k a Th a l g a chh e r	native
কাঠালচাশি	k a Th a l ch a sh i	native
কাঠালতলা	k a Th a l t o l a	native
কাঠালতলি	k a Th a l t o l i	native
কাঠালদিয়া	k a Th a l d i y a	native
কাঠালদিয়ায়	k a Th a l d i y a y	native
কাঠালপাতা	k a Th a l p a t a	native
কাঠালবাগান	k a Th a l b a g a n	native
কাঠালবাগানে	k a Th a l b a g a n e	native
কাঠালবাগানের	k a Th a l b a g a n e r	native
কাঠালবাড়ি	k a Th a l b a r i	native
কাঠালবিচি	k a Th a l b i ch i	native
কাঠালবিচির	k a Th a l b i ch i r	native
কাঠালবিচিসেদ্ধ	k a Th a l b i ch i sh e d dh o	tatsama
কাঠালসহ	k a Th a l sh o h O	native
কাঠালিয়া	k a Th a l i y a	native
কাঠালে	k a Th a l e	native
কাঠালের	k a Th a l e r	native
কাঠায়	k a Th a y	native
কাঠিগ্রামের	k a Th i gr a m e r	native
কাঠিটা	k a Th i T a	native
কাঠিটি	k a Th i T i	native
কাঠিম	k a Th i m	native
কাঠির	k a Th i r	native
কাঠুরিয়া	k a Th u r i y a	native
কাঠুরে	k a Th u r e	native
কাত	k a t	native
কাতর	k a t O r	native
কাতরতা	k a t o r o t a	native
কাতরতার	k a t o r o t a r	native
কাতরা	k a t r a	native
কাতরাচ্ছিল	k a t r a ch chh i l o	native
কাতরাচ্ছেন	k a t r a ch chh e n	native
কাতরাতে	k a t r a t e	native
কাতরোক্তি	k a t O r O kt i	native
কাতর্য	k a t o r j o	native
কাতলসহ	k a t o l sh o h O	native
কাতলাগাড়ি	k a t l a g a r i	native
কাতলাদের	k a t l a d e r	native
কাতসুইয়া	k a t s u i y a	proper_noun
কাতসুয়া	k a t s u y a	proper_noun
কাতা	k a t a	native
কাতাগিরি	k a t a g i r i	native
কাতানিয়া	k a t a n i y a	native
কাতানের	k a t a n e r	native
কাতারবন্দি	k a t a r b o nd i	native
কাতারভিত্তিক	k a t a r bh i tt i k	native
কাতারসহ	k a t a r sh o h O	native
কাতারি	k a t a r i	native
কাতারে	k a t a r e	native
কাতারেই	k a t a r e i	native
কাতারের	k a t a r e r	native
কাতালগঞ্জ	k a t a l g o n j	native
কাতালান	k a t a l a n	native
কাতালানদের	k a t a l a n d e r	native
কাতালানরা	k a t a l a n r a	native
কাতাহ্নিক	k ri t a n h i k	native
কাতায়	k a t a y	native
কাতি	k a t i	native
কাতিন	k a t i n	native
কাতিফ	k a t i ph	native
কাতিল	k a t i l	native
কাতিয়া	k a t i y a	native
কাতিয়াকে	k a t i y a k e	native
কাতিয়ার	k a t i y a r	native
কাতুকুতু	k a t u k u t u	native
কাতুলি	k a t u l i	native
কাত্যায়ন	k a t t a y O n	native
কাত্যায়নি	k a t t a y O n i	native
কাত্সুইয়া	k a t s u i y a	proper_noun
কাথ	k a th	native
কাথা	k a th a	native
কাথার	k a th a r	native
কাথায়	k a th a y	native
কাথুলি	k a th u l i	native
কাদছ	k a d chh o	native
কাদছি	k a d chh i	native
কাদছিল	k a d chh i l o | k a d chh i l O	native
কাদছিলাম	k a d chh i l a m	native
কাদছিলেন	k a d chh i l e n	native
কাদছে	k a d chh e	native
কাদছেন	k a d chh e n	native
কাদত	k a d t o | k a d t O	native
কাদতাম	k a d t a m	native
কাদতে	k a d t e	native
কাদতেই	k a d t e i	native
কাদতেও	k a d t e O	native
কাদতেন	k a d t e n	native
কাদব	k a d b o	native
কাদবে	k a d b e	native
কাদবেন	k a d b e n	native
কাদম্ব	k a d O mb O	native
কাদম্বর	k a d o mb o r	native
কাদম্বরি	k a d O mb O r i	native
কাদম্বিনি	k a d o mb i n i	native
কাদরাদা	k a d r a d a	native
কাদরি	k a d r i	native
কাদরিকে	k a d r i k e	native
কাদরির	k a d r i r | k a d o r i r	native
কাদল	k a d l o | k a d l O	native
কাদলাম	k a d l a m	native
কাদলি	k a d O l i	native
কাদলে	k a d l e	native
কাদলেই	k a d l e i	native
কাদলেন	k a d l e n	native
কাদা	k a d a	native
কাদাজলে	k a d a j o l e	native
কাদাতে	k a d a t e	native
কাদানে	k a d a n e	native
কাদামাখা	k a d a m a kh a	native
কাদামাটি	k a d a m a T i	native
কাদামাটিতে	k a d a m a T i t e	native
কাদাময়	k a d a m o y	native
কাদার	k a d a r	native
কাদায়	k a d a y	native
কাদি	k a d i	native
কাদিতে	k a d i t e	native
কাদিনি	k a d i n i	native
কাদিপুর	k a d i p u r	native
কাদিম	k a d i m	native
কাদির	k a d i r	native
কাদিরকে	k a d i r k e	native
কাদিরগঞ্জ	k a d i r g o n j	native
কাদিরপুর	k a d i r p u r	native
কাদিরাবাদ	k a d i r a b a d	native
কাদিরের	k a d i r e r	native
কাদিয়ে	k a d i y e	native
কাদিয়েছে	k a d i y e chh e	native
কাদিয়েছেন	k a d i y e chh e n	native
কাদুনে	k a d u n e	native
কাদে	k a d e	native
কাদেন	k a d e n	native
কাদেননি	k a d e n n i	native
কাদেরও	k a d e r O	native
কাদেরকে	k a d e r k e	native
কাদেরসহ	k a d e r sh o h O	native
কাদেরি	k a d e r i	native
কাদেরিয়া	k a d e r i y a	native
কাদেরের	k a d e r e r	native
কাদো	k a d O	native
কাদ–কাদ	k a d k a d	native
কাধ	k a dh	native
কাধাকাধি	k a dh a k a dh i	native
কাধে	k a dh e	native
কাধেই	k a dh e i	native
কাধেও	k a dh e O	native
কাধের	k a dh e r	native
কানই	k a n i	native
কানও	k a n O	native
কানকুন	k a n k u n	native
কানকুনে	k a n k u n e	native
কানকুনের	k a n k u n e r	native
কানকে	k a n k e	native
কানছা	k a n chh a	native
কানজিলাল	k a n j i l a l	native
কানটা	k a n T a	native
কানটি	k a n T i	native
কানটুপি	k a n T u p i	native
কাননে	k a n O n e	native
কাননের	k a n o n e r	native
কানন্দ	k a n O nd O	native
কানপাকা	k a n p a k a	native
কানপুর	k a n p u r	native
কানপুরে	k a n p u r e	native
কানপুরের	k a n p u r e r	native
কানফাটা	k a n ph a T a	native
কানবিহিন	k a n b i h i n	native
কানমলা	k a n m o l a	native
কানসাটে	k a n sh a T e	native
কানসাটের	k a n sh a T e r	native
কানসাসের	k a n s a s e r	proper_noun
কানহর	k a n h o r	native
কানহু	k a n h u	native
কানা	k a n a	native
কানাই	k a n a i	native
কানাইখালি	k a n a i kh a l i	native
কানাইঘাট	k a n a i gh a T	native
কানাইঘাটে	k a n a i gh a T e	native
কানাইঘাটের	k a n a i gh a T e r	native
কানাইডাংগা	k a n a i D a ng g a	native
কানাইনগর	k a n a i n o g o r	native
কানাইনগরের	k a n a i n o g o r e r	native
কানাইপুর	k a n a i p u r	native
কানাইপুরের	k a n a i p u r e r	native
কানাইলাল	k a n a i l a l	native
কানাইয়ের	k a n a i y e r	native
কানাকানি	k a n a k a n i	native
কানাকড়ি	k a n a k o r i	native
কানাকড়িও	k a n a k o r i O	native
কানাগলির	k a n a g o l i r	native
কানাঘুশা	k a n a gh u sh a	native
কানাচ	k a n a ch	native
কানাচে	k a n a ch e	native
কানাডা	k a n a D a	native
কানাডাও	k a n a D a O	native
কানাডাকে	k a n a D a k e	native
কানাডাপ্রবাসি	k a n a D a pr o b a sh i	compound
কানাডাভিত্তিক	k a n a D a bh i tt i k	compound
কানাডাসহ	k a n a D a sh o h O	native
কানাডায়	k a n a D a y o	native
কানাডিয়	k a n a D i y	native
কানাডিয়ান	k a n a D i a n	native
কানাডিয়ানদের	k a n a D i y a n d e r	native
কানান্তর	k a l a nt o r	native
কানায়	k a n a y	native
কানি	k a n i	native
কানিংহাম	k a n i ng h a m	native
কানিজ	k a n i j	native
কানিন	k a n i n	native
কানিমোঝির	k a n i m O jh i r	native
কানুতোশ	k a n u t O sh	native
কানুনের	k a n u n e r	native
কানুর	k a n u r	native
কানুরামপুর	k a n u r a m p u r	native
কানেই	k a n e i	native
কানেও	k a n e O	native
কানেকটিং	k a n e k T i ng	loanword
কানেকটিকাট	k a n e k T i k a T	proper_noun
কানেকটিকাটের	k a n e k T i k a T e r	proper_noun
কানেকটিভিটি	k a n e k T i bh i T i	loanword
কানেকশন	k a n e k sh o n	loanword
কানেকশনসহ	k a n e k sh o n sh o h O	native
কানেকশনের	k a n e k sh o n e r	native
কানেক্ট	k a n e k T	loanword
কানেক্টর	k a n e k T o r	native
কানেক্টিভিটি	k a n e k T i bh i T i	loanword
কানেক্টিভিটির	k a n e k T i bh i T i r	compound
কানেটিকাট	k a n e T i k a T	proper_noun
কানের	k a n e r	native
কানেরিয়া	k a n e r i y a	native
কানেরিয়াকে	k a n e r i y a k e	native
কানেরিয়ার	k a n e r i y a r	native
কানো	k a n O	native
কানোয়ার	k a n O y a r	native
কান্ট	k a n T	native
কান্ট্রি	k a n T r i	loanword
কান্ট্রিজ	k a n T ri j	loanword
কান্ট্রিতে	k a n T r i t e	loanword
কান্ট্রিসাইড	k a n T ri s a i D	loanword
কান্ড	k a n D o | k a n D O	native
কান্ডই	k a n D o i | k a n D O i	native
কান্ডকারখানা	k a n D o k a r kh a n a | k a n D O k a r kh a n a	native
কান্ডকির্তি	k a n D o k i r t i | k a n D O k i r t i	native
কান্ডকির্তির	k a n D o k i r t i r	native
কান্ডজ্ঞান	k a n D o g i y a n | k a n D O g a n	tatsama
কান্ডজ্ঞানসম্পন্ন	k a n D o g i y a n sh o mp o nn o	tatsama
কান্ডজ্ঞানহিন	k a n D o g i y a n h i n | k a n D O g A n h i n	tatsama
কান্ডটা	k a n D o T a | k a n D O T a	native
কান্ডটাই	k a n D o T a i	native
কান্ডটি	k a n D o T i | k a n D O T i	native
কান্ডার	k a n D a r	native
কান্ডারির	k a n D a r i r	native
কান্ডে	k a n D e	native
কান্ডের	k a n D e r	native
কান্ঢার	k a n Dh a r	native
কান্তজির	k a nt O j i r	native
কান্তার	k a nt a r	native
কান্তায়স্	k a nt a y o sh	native
কান্তি	k a nt i	native
কান্তির	k a nt i r	native
কান্তিলাল	k a nt i l a l	native
কান্দ	k a nd O	native
কান্দর্প	k a nd o r p O	native
কান্দা	k a nd a	native
কান্দাপাড়া	k a nd a p a r a	native
কান্দাপাড়ায়	k a nd a p a r a y	native
কান্দাম্বি	k a nd a mb i	native
কান্দাহার	k a nd a h a r	native
কান্দাহারে	k a nd a h a r e	native
কান্দাহারের	k a nd a h a r e r	native
কান্দিগাও	k a nd i g a O	native
কান্দিপাড়া	k a nd i p a r a	native
কান্দির	k a n o d i r	native
কান্দিরপাড়	k a nd i r p a r	native
কান্দিরপাড়ে	k a nd i r p a r e	native
কান্দিরপাড়ের	k a nd i r p a r e r	native
কান্দিয়াহ	k a nd i y a h	native
কান্দে	k a nd e	native
কান্ধার	k a ndh a r	native
কান্না	k a nn a	native
কান্নাই	k a nn a i	native
কান্নাও	k a nn a O	native
কান্নাকাটিও	k a nn a k a T i O	native
কান্নাকে	k a nn a k e	native
কান্নাজড়ানো	k a nn a j o r a n O	native
কান্নাজড়িত	k a nn a j o r i t o	native
কান্নাভেজা	k a nn a bh e j a	native
কান্নার	k a nn a r	native
কান্নারও	k a nn a r O	native
কান্নায়	k a nn a y	native
কানড়	k a n O r	native
কানয়াত	k a n y a t o	native
কাপই	k a p i	native
কাপও	k a p O	native
কাপকে	k a p k e	native
কাপছি	k a p chh i	native
কাপছিল	k a p chh i l o | k a p chh i l O	native
কাপছিলেন	k a p chh i l e n	native
কাপছে	k a p chh e	native
কাপছেন	k a p chh e n	native
কাপজয়ি	k a p j o y i	native
কাপটা	k a p T a	native
কাপটি	k a p T i	native
কাপড়	k a p o r	native
কাপত	k a p t o	native
কাপতে	k a p t e	native
কাপতেন	k a p t e n	native
কাপন	k a p o n | k a p O n	native
কাপবে	k a p b e	native
কাপলান	k a p l a n	native
কাপা	k a p a	native
কাপাইকাপ	k a p a i k a p	native
কাপাকাপি	k a p a k a p i	native
কাপাডিয়া	k a p a D i y a	native
কাপাডিয়ার	k a p a D i y a r	native
কাপাতে	k a p a t e	native
কাপান	k a p a n	native
কাপানো	k a p a n O	native
কাপালি	k a p a l i	native
কাপালিকে	k a p a l i k e	native
কাপালির	k a p a l i r	native
কাপাশিয়া	k a p a sh i y a	native
কাপাস	k a p a sh	native
কাপাসগোলা	k a p a sh g O l a	native
কাপাসিয়া	k a p a sh i a	native
কাপাসিয়াবাসি	k a p a sh i y a b a sh i	loanword
কাপাসিয়াবাসির	k a p a sh i y a b a sh i r	compound
কাপাসিয়ার	k a p a sh i a r	native
কাপাসিয়ায়	k a p a sh i y a y	native
কাপি	k a p i	native
কাপিয়ে	k a p i y e	native
কাপুগেদারা	k a p u g e d a r a	native
কাপুগেদারাকে	k a p u g e d a r a k e	native
কাপুগেদারাকেও	k a p u g e d a r a k e O	compound
কাপুগেদারার	k a p u g e d a r a r	native
কাপুনি	k a p u n i	native
কাপুনিতে	k a p u n i t e	native
কাপুনে	k a p u n e	native
কাপুর	k a p u r	native
কাপুরও	k a p u r O	native
কাপুরকে	k a p u r k e	native
কাপুরুশ	k a p u r u sh	native
কাপুরুশতা	k a p u r u sh o t a	native
কাপুরুশের	k a p u r u sh e r o	native
কাপুরুশোচিত	k a p u r u sh O ch i t O | k a p u r u sh O ch i t o	native
কাপুরুশোচিতভাবে	k a p u r u sh O ch i t o bh a b e	compound
কাপুরের	k a p u r e r	native
কাপুড়	k a p u r o	native
কাপুড়িয়া	k a p u r i y a	native
কাপে	k a p e	native
কাপেই	k a p e i	native
কাপেও	k a p e O	native
কাপেনি	k a p e n i	native
কাপের	k a p e r	native
কাপেরই	k a p e r i	native
কাপ্তাই	k a p t a i	native
কাপ্তাইয়ে	k a p t a i y e	native
কাপ্তাইয়ের	k a p t a i y e r	native
কাপ্তান	k a p t a n	native
কাপ্তানবাজার	k a p t a n b a j a r	native
কাপ্তানবাজারে	k a p t a n b a j a r e	compound
কাপ্তানবাজারের	k a p t a n b a j a r e r o	compound
কাপড়	k a p O r	native
কাপড়ই	k a p o r i	native
কাপড়ও	k a p o r O	native
কাপড়গুলো	k a p o r g u l O	native
কাপড়গুলোর	k a p o r g u l O r	native
কাপড়চোপড়	k a p o r ch O p o r	native
কাপড়টা	k a p o r T a	native
কাপড়টি	k a p o r T i	native
কাপড়বোঝাই	k a p o r b O jh a i	native
কাপড়িয়া	k a p r i y a	native
কাপড়ে	k a p o r e	native
কাপড়েই	k a p o r e i	native
কাপড়ের	k a p o r e r	native
কাফ	k a ph	native
কাফকা	k a ph k a	proper_noun
কাফকার	k a ph k a r	proper_noun
কাফকো	k a ph k O	proper_noun
কাফকোতে	k a ph k O t e	native
কাফকোর	k a ph k O r	native
কাফগির	k a ph g i r	native
কাফতান	k a ph t a n	native
কাফন	k a ph O n	native
কাফনে	k a ph o n e	native
কাফনের	k a ph O n e r	native
কাফফারা	k a ph ph a r a	native
কাফরুল	k a ph r u l	native
কাফরুলে	k a ph r u l e	native
কাফরুলের	k a ph r u l e r	native
কাফলিং	k a ph l i ng	native
কাফি	k a ph i	native
কাফিকে	k a ph i k e	native
কাফির	k a ph i r | k a ph i r o	native
কাফিরদের	k a ph i r d e r	native
কাফিল	k a ph i l	native
কাফু	k a ph u	native
কাফুর	k a ph u r	native
কাফে	k a ph e	native
কাফের	k a ph e r	native
কাফেরদের	k a ph e r d e r	native
কাফেররা	k a ph e r r a	native
কাফেরের	k a ph e r e r	native
কাফেলা	k a ph e l a	native
কাফেলার	k a ph e l a r	native
কাফেলায়	k a ph e l a y o	native
কাফেলা–সালার	k a ph e l a sh a l a r	native
কাফ্ফারা	k a ph ph a r a	native
কাব	k a b	native
কাবলি	k a b l i	native
কাবা	k a b a	native
কাবাগৃহ	k a b a g r i h o	tatsama
কাবাগৃহের	k a b a g r i h e r	tatsama
কাবাঘর	k a b a gh o r	native
কাবাঘরের	k a b a gh o r e r	native
কাবাডি	k a b a D i	native
কাবাডিতে	k a b a D i t e	native
কাবাডিতেও	k a b a D i t e O	native
কাবাডির	k a b a D i r	native
কাবাব	k a b a b	native
কাবাবগুলো	k a b a b g u l O	native
কাবাবের	k a b a b e r	native
কাবার	k a b a r	native
কাবালা	k a b a l a	native
কাবিখার	k a b i kh a r	native
কাবিজ	k a b i j	native
কাবিটা	k a b i T a	native
কাবিটার	k a b i T a r	native
কাবিন	k a b i n	native
কাবিননামাটি	k a b i n n a m a T i	native
কাবিননামায়	k a b i n n a m a y o	native
কাবিনে	k a b i n e	native
কাবিনের	k a b i n e r	native
কাবিল	k a b i l o	native
কাবিলপুর	k a b i l p u r o	native
কাবিলা	k a b i l a	native
কাবিলার	k a b i l a r	native
কাবুল	k a b u l	native
কাবুলিওয়ালা	k a b u l i O y a l a	native
কাবুলে	k a b u l e	native
কাবুলের	k a b u l e r	native
কাবুস	k a b u sh o	native
কাবের	k a b e r	native
কাবেরি	k a b e r i	native
কাবো	k a b O	native
কাবোকে	k a b O k e	native
কাবোর	k a b O r	native
কাব্বা	k a b b a	native
কাব্য	k a b b O	native
কাব্যগ্রন্থ	k a b b O gr O n th O	native
কাব্যগ্রন্থটি	k a b b O gr O n th O T i	compound
কাব্যগ্রন্থে	k a b b O gr O n th e	native
কাব্যগ্রন্থের	k a b b o gr o n th e r	compound
কাব্যটি	k a b b O T i	native
কাব্যনাট্য	k a b b O n a T T O	native
কাব্যভাশা	k a b b O bh a sh a	native
কাব্যিক	k a b b i k	native
কাব্যের	k a b b e r	native
কাভানি	k a bh a n i	proper_noun
কাভানির	k a bh a n i r	proper_noun
কাভার	k a bh a r	native
কাভারে	k a bh a r e	native
কাভারের	k a bh a r e r	native
কাভার্ড	k a bh a r D	native
কাভার্ডভ্যান	k a bh a r D bh A n	native
কাভার্ডভ্যানটি	k a bh a r D bh A n T i	compound
কাভার্ডভ্যানের	k a bh a r D bh A n e r	compound
কাভি	k a bh i	native
কাম	k a m	native
কামই	k a m o i	native
কামও	k a m o O	native
কামচোর	k a m ch O r	native
কামট	k a m O T	native
কামঠ	k a m O Th	native
কামদার	k a m d a r	native
কামধুক	k a m dh u k	native
কামধেনু	k a m dh e n u	native
কামনা	k a m O n a	native
কামনাই	k a m O n a i	native
কামনাও	k a m o n a O	native
কামনাকে	k a m o n a k e	native
কামনার	k a m O n a r	native
কামনাশিশ	k a m o n a sh i sh	native
কামনায়	k a m o n a y o	native
কামবর্ত্ম	k a m b o r t O	native
কামব্যাক	k a m b A k	native
কামরা	k a m r a	native
কামরাংগির	k a m r a ng g i r	native
কামরাংগিরচর	k a m r a ng g i r ch o r	native
কামরাংগিরচরে	k a m r a ng g i r o ch o r e	native
কামরাংগিরচরের	k a m r a ng g i r ch o r e r	compound
কামরাংা	k a m r a ng g a	native
কামরাংার	k a m r a ng g a r	native
কামরাটি	k a m r a T i	native
কামরান	k a m r a n	native
কামরানকে	k a m r a n k e	native
কামরার	k a m r a r	native
কামরায়	k a m r a y o	native
কামরুজ্জামানকে	k a m r u j j a m a n k e	compound
কামরুজ্জামানের	k a m r u j j a m a n e r	compound
কামরুদ্দিন	k a m r u d d i n	native
কামরুননাহার	k a m r u n n a h a r	native
কামরুননাহারের	k a m r u n n a h a r e r	compound
কামরুননেছা	k a m r u n n e chh a	native
কামরুন্নাহারকে	k a m r u nn a h a r k e	compound
কামরুন্নাহারের	k a m r u nn a h a r e r	compound
কামরুন্নেছা	k a m r u nn e chh a	native
কামরুন্নেসা	k a m r u nn e sh a	native
কামরুপ	k a m r u p | k a m r u p o	native
কামরুপি	k a m r u p i	native
কামরুপের	k a m r u p e r	native
কামরুল	k a m r u l	native
কামরুলকে	k a m r u l k e	native
কামরুলসহ	k a m r u l sh o h O	native
কামরুলের	k a m r u l e r	native
কামল	k a m o l	native
কামলা	k a m l a	native
কামস	k a m o sh	native
কামাই	k a m a i	native
কামাচার	k a m a ch a r	native
কামাচ্ছে	k a m a ch chh e	native
কামাচ্ছেন	k a m a ch chh e n	native
কামাড়াগাওয়ে	k a m a r a g a O y e | k a m a r a g a u e	native
কামাতুর	k a m a t u r	native
কামাতে	k a m a t e	native
কামাত্মা	k a m a t t a	native
কামান	k a m a n	native
কামানটি	k a m a n T i	native
কামানটিকে	k a m a n T i k e	native
কামানটির	k a m a n T i r o	native
কামাননগর	k a m a n n o g o r	native
কামানল	k a m a n o l	native
কামানি	k a m a n i	native
কামানিয়া	k a m a n i y a	native
কামানের	k a m a n e r	native
কামানোর	k a m a n O r	native
কামান্ড	k a m a n D o	native
কামান্ডে	k a m a n D e	native
কামান্দ	k a m a nd	native
কামান্ধ	k a m a ndh O	native
কামাবেন	k a m a b e n	native
কামারকে	k a m a r k e	native
কামারখন্দে	k a m a r kh o nd e	native
কামারখালি	k a m a r kh a l i	native
কামারখোলা	k a m a r kh O l a	native
কামারখোলার	k a m a r kh O l a r o	native
কামারগাও	k a m a r g a O	native
কামারগাড়ি	k a m a r g a r i	native
কামারগোদা	k a m a r g O d a	native
কামারগ্রাম	k a m a r gr a m	native
কামারপাড়া	k a m a r p a r a	native
কামারপুকুর	k a m a r p u k u r o	native
কামারবো	k a m a r b O	native
কামারা	k a m a r a	native
কামারাজ	k a m a r a j	native
কামারালি	k a m a r a l i	native
কামারুজ্জামান	k a m a r u j j a m a n	compound
কামারুজ্জামানকে	k a m a r u j j a m a n k e	compound
কামারুজ্জামানকেও	k a m a r u j j a m a n k e O	compound
কামারুজ্জামানের	k a m a r u j j a m a n e r	compound
কামারেরচর	k a m a r e r ch o r	native
কামার্ত	k a m a r t O	native
কামাল	k a m a l	native
কামালউদ্দিন	k a m a l u d d i n | k a m a l u d d i n o	native
কামালউদ্দিনের	k a m a l u d d i n e r o	compound
কামালপুর	k a m a l p u r	native
কামালবাগের	k a m a l b a g e r	native
কামালসহ	k a m a l sh o h O	native
কামালাত	k a m a l a t	native
কামাল্য	k a m a l l O	native
কামাসক্ত	k a m a sh o kt O	native
কামায়	k a m a y o	native
কামি	k a m i	native
কামিং	k a m i ng	native
কামিজ	k a m i j	native
কামিজটি	k a m i j T i	native
কামিজের	k a m i j e r	native
কামিন	k a m i n	native
কামিনি	k a m i n i	native
কামিনে	k a m i n e	native
কামিনো	k a m i n O	native
কামিন্স	k a m i n s	loanword
কামিলা	k a m i l a	native
কামিলার	k a m i l a r o	native
কামিয়াব	k a m i y a b	native
কামিয়ে	k a m i y e	native
কামিয়েছেন	k a m i y e chh e n	native
কামু	k a m u	native
কামুক	k a m u k	native
কামুনগোজির	k a m u n g O j i r	native
কামুর	k a m u r	native
কামেজ	k a m e j	native
কামের	k a m e r	native
কামেরা	k a m e r a	native
কামেল	k a m e l	native
কামেশ্বর	k a m e sh sh o r	tatsama
কামোদ	k a m O d	native
কাম্পালা	k a mp a l a	native
কাম্পালার	k a mp a l a r	native
কাম্পালায়	k a mp a l a y o	native
কাম্ফ	k a m ph o	native
কাম্বলির	k a mb o l i r	native
কাম্বোজ	k a mb O j	native
কাম্য	k a m m O	native
কামড়	k a m O r	native
কামড়াকামড়ি	k a m r a k a m r i	native
কামড়াতে	k a m r a t e	native
কামড়ানো	k a m r a n O	native
কামড়ানোর	k a m r a n O r o	native
কামড়ালে	k a m r a l e	native
কামড়ায়	k a m r a y o	native
কামড়ে	k a m o r e	native
কামড়েই	k a m o r e i	native
কামড়ের	k a m o r e r	native
কারই	k a r i	native
কারও	k a r O	native
কারওই	k a r o O i	native
কারওর	k a r O r	native
কারওরই	k a r O r i	native
কারওরান	k a r O r a n	native
কারওয়ান	k a r O y a n	native
কারওয়ানবাজার	k a r O y a n b a j a r	native
কারওয়ানবাজারে	k a r O y a n b a j a r e	compound
কারওয়ানবাজারের	k a r O y a n b a j a r e r	compound
কারক	k a r O k	native
কারকিউমিন	k a r k i u m i n	native
কারকুন	k a r k u n	native
কারকে	k a r O k e	native
কারখানাই	k a r kh a n a i	native
কারখানাও	k a r kh a n a O	native
কারখানাকে	k a r kh a n a k e	native
কারখানাগুলো	k a r kh a n a g u l O	native
কারখানাগুলোও	k a r kh a n a g u l O O	native
কারখানাগুলোকে	k a r kh a n a g u l O k e	compound
কারখানাগুলোতে	k a r kh a n a g u l O t e	compound
কারখানাগুলোতেও	k a r kh a n a g u l O t e O	compound
কারখানাগুলোয়	k a r kh a n a g u l O y o	native
কারখানাটি	k a r kh a n a T i	native
কারখানাটিকে	k a r kh a n a T i k e	native
কারখানাতেই	k a r kh a n a t e i	native
কারখানার	k a r kh a n a r	native
কারখানারই	k a r kh a n a r i	native
কারখানাসংলগ্ন	k a r kh a n a sh o ng l o g n o	compound
কারখানাসহ	k a r kh a n a sh o h O	native
কারখানায়	k a r kh a n a y o	native
কারখানায়ও	k a r kh a n a y O	native
কারগার	k a r g a r	native
কারগারে	k a r g a r e	native
কারগিল	k a r g i l	native
কারগো	k a r g O	native
কারচুপিতে	k a r ch u p i t e	native
কারজাই	k a r j a i	proper_noun
কারজাইও	k a r j a i O	proper_noun
কারজাইকে	k a r j a i k e	proper_noun
কারজাইয়ের	k a r j a i y e r o	proper_noun
কারজোগে	k a r j O g e	native
কারজোলা	k a r j O l a	native
কারটা	k a r T a	native
কারটি	k a r T i	native
কারদন্ড	k a r o d o n D o	native
কারদাশিয়ান	k a r o d a sh i y a n	native
কারদাশিয়ানের	k a r d a sh i y a n e r	native
কারনই	k a r o n i | k a r O n i	native
কারনও	k a r o n O | k a r O n O	native
কারনকে	k a r o n k e | k a r O n k e	native
কারনগুলো	k a r o n g u l O | k a r O n g u l O	native
কারনগুলোকে	k a r o n g u l O k e	native
কারনগুলোর	k a r o n g u l O r | k a r O n g u l O r	native
কারনটা	k a r o n T a | k a r O n T a	native
কারনটাই	k a r o n T a i | k a r O n T a i	native
কারনটাও	k a r o n T a O | k a r O n T a O	native
কারনটি	k a r o n T i | k a r O n T i	native
কারনটিই	k a r o n T i i	native
কারনটির	k a r o n T i r	native
কারনবশত	k a r o n b o sh o t o | k a r O n b o sh O t O	native
কারনসংবলিত	k a r o n sh o ng b o l i t o	native
কারনসমুহ	k a r o n sh o m u h o | k a r O n sh O m u h O	native
কারনি	k a r o n i	native
কারনে	k a r o n e | k a r O n e	native
কারনেই	k a r o n e i | k a r O n e i	native
কারনেও	k a r o n e O | k a r O n e O	native
কারনেট	k a r n e T	native
কারনের	k a r o n e r | k a r O n e r	native
কারন্ডব	k a r O n D o b	native
কারপেট	k a r p e T	native
কারফরমা	k a r o ph o r o m a	native
কারফা	k a r ph a	native
কারফিউ	k a r ph i u	native
কারফিউর	k a r ph i u r	native
কারফিউয়ের	k a r ph i u y e r	native
কারবা	k a r b a	native
কারবাইন	k a r b a i n	native
কারবার	k a r b a r	native
কারবারি	k a r b a r i	native
কারবারিদের	k a r b a r i d e r	native
কারবারিরা	k a r b a r i r a	native
কারবারে	k a r b a r e	native
কারবারের	k a r b a r e r	native
কারবালা	k a r b a l a	native
কারবালার	k a r b a l a r	native
কারবালায়	k a r b a l a y o	native
কারবেরি	k a r b e r i	native
কারবেরির	k a r b e r i r	native
কারবেল্লা	k a r b e l l a	native
কারবোনেরো	k a r b O n e r O	native
কারবোনেরোকে	k a r b O n e r O k e	native
কারভালহো	k a r bh a l h O	proper_noun
কারমা	k a r m a	native
কারমাইকেল	k a r m a i k e l	native
কারমান	k a r m a n	native
কারমানকে	k a r m a n k e	native
কারমানের	k a r m a n e r	native
কারমুক্ত	k a r m u kt o	native
কারমুডি	k a r m u D i	native
কারমেন	k a r m e n	proper_noun
কাররবাই	k a r r O b a i	native
কারসর	k a r s o r	loanword
কারসাজ	k a r sh a j	native
কারসাজি	k a r sh a j i	native
কারসাজিকারিদের	k a r sh a j i k a r i d e r	compound
কারসাজিকারিরা	k a r sh a j i k a r i r a	compound
কারসাজিমুলক	k a r sh a j i m u l o k	native
কারসাজির	k a r sh a j i r	native
কারসাহেব	k a r sh a h e b	native
কারসাহেবের	k a r sh a h e b e r	native
কারস্টেন	k a r s T e n	loanword
কারস্টেনকে	k a r s T e n k e	loanword
কারস্টেনের	k a r s T e n e r	loanword
কারা	k a r a	native
কারাই	k a r a i	native
কারাকক্ষ	k a r a k o kkh o	tatsama
কারাকক্ষে	k a r a k o kkh e	tatsama
কারাকক্ষের	k a r a k o kkh e r	tatsama
কারাকর্তৃপক্ষ	k a r a k O r t ri p o kkh O	tatsama
কারাকাস	k a r a k a s	proper_noun
কারাকাসে	k a r a k a s e	proper_noun
কারাকাসের	k a r a k a s e r	proper_noun
কারাকে	k a r a k e	native
কারাখানা	k a r a kh a n a	native
কারাখানায়	k a r a kh a n a y o	native
কারাগারকে	k a r a g a r k e	native
কারাগারগুলো	k a r a g a r g u l O	native
কারাগারগুলোকে	k a r a g a r g u l O k e	compound
কারাগারগুলোতে	k a r a g a r g u l O t e	compound
কারাগারে	k a r a g a r e	native
কারাগারেই	k a r a g a r e i	native
কারাগারেও	k a r a g a r e O	native
কারাজিবন	k a r a j i b o n	native
কারাজিবনের	k a r a j i b o n e	native
কারাত	k a r a t	native
কারাতেকারা	k a r a t e k a r a	native
কারাদ	k a r a d	native
কারাদন্ড	k a r a d o n D o | k a r a d o n D O	native
কারাদন্ডও	k a r a d n D O | k a r a d o n D O O	native
কারাদন্ডপ্রাপ্ত	k a r a d o n D o pr a p t o | k a r a d o n D O pr a p t O	compound
কারাদন্ডাদেশ	k a r a d o n D a d e sh	native
কারাদন্ডে	k a r a d o n D e	native
কারাদন্ডের	k a r a d n D e r | k a r a d o n D e r	native
কারাদিয়ানারু	k a r a d i y a n a r u	native
কারাধ্যক্ষ	k a r a dh O kkh O	tatsama
কারান	k a r a n	native
কারানকা	k a r a n k a	native
কারান্তরালে	k a r a nt a r a l e	native
কারান্তরিন	k a r a nt O r i n	native
কারাফটক	k a r a ph o T o k	native
কারাফটকের	k a r a ph o T o k e r	native
কারাবন্দি	k a r a b O nd i | k a r a b o nd i	native
কারাবন্দিকে	k a r a b o nd i k e	native
কারাবন্দিদের	k a r a b O nd i d e r | k a r a b o nd i d e r	native
কারাবন্দির	k a r a b o nd i r	native
কারাবন্দিরা	k a r a b o nd i r a	native
কারাবরন	k a r a b o r o n | k a r a b o r O n	native
কারাবরনের	k a r a b o r o n e r	native
কারাবাস	k a r a b a sh	loanword
কারাবাসে	k a r a b a sh e	loanword
কারাবাসের	k a r a b a sh e r	loanword
কারাবিধি	k a r a b i dh i	native
কারাভ্যন্তরে	k a r a b bh O nt o r e	native
কারাম	k a r a m	native
কারামুক্ত	k a r a m u kt O	native
কারামুক্তি	k a r a m u kt i	native
কারার	k a r a r	native
কারারক্ষক	k a r a r o kkh o k	tatsama
কারারক্ষি	k a r a r O kkh i | k a r a r o kkh i	tatsama
কারারক্ষিদের	k a r a r O kkh i d e r | k a r a r o kkh i d e r	tatsama
কারারক্ষির	k a r a r o kkh i r	tatsama
কারারক্ষিরা	k a r a r O kkh i r a | k a r a r o kkh i r a	tatsama
কারারচর	k a r a r ch o r	native
কারারুদ্ধ	k a r a r u d dh O	tatsama
কারাসুত্র	k a r a sh u tr O	native
কারি	k a r i	native
কারিকর	k a r i k o r	native
কারিকা	k a r i k a	native
কারিকুরি	k a r i k u r i	native
কারিকুলাম	k a r i k u l a m	native
কারিকুলামে	k a r i k u l a m e	native
কারিকুলামের	k a r i k u l a m e r	native
কারিগর	k a r i g o r	native
কারিগরকে	k a r i g o r k e	native
কারিগররা	k a r i g o r r a	native
কারিগরি	k a r i g O r i	native
কারিগরিবিশয়ক	k a r i g o r i b i sh o y o k	native
কারিগরিভাবে	k a r i g o r i bh a b e	native
কারিগরের	k a r i g o r e r	native
কারিগরেরা	k a r i g o r e r a	native
কারিত	k a r i t O	native
কারিতাস	k a r i t a s	loanword
কারিতাসের	k a r i t a s e r	loanword
কারিদের	k a r i d e r	native
কারিনা	k a r i n a	native
কারিনার	k a r i n a r	native
কারিন্দা	k a r i nd a	native
কারিপাতা	k a r i p a t a	native
কারিমে	k a r i m e	native
কারিমের	k a r i m e r	native
কারিশমা	k a r i sh m a	native
কারিশমার	k a r i sh m a r	native
কারু	k a r u	native
কারুকাজখচিত	k a r u k a j kh o ch i t o	native
কারুকাজে	k a r u k a j e	native
কারুকাজেই	k a r u k a j e i	native
কারুকাজের	k a r u k a j e r	native
কারুকার্য	k a r u k a r j O	native
কারুকার্যখচিত	k a r u k a r j O kh O ch i t O	compound
কারুকার্যময়	k a r u k a r j o m o y o	native
কারুনিক	k a r u n i k	native
কারুন্য	k a r u n n O	native
কারুপন্য	k a r u p o n n o | k a r u p o n n O	native
কারুপন্যের	k a r u p o n n e r	native
কারুর	k a r u r	native
কারুশিল্প	k a r u sh i l p o	native
কারুশিল্পি	k a r u sh i l p i	native
কারুশিল্পিদের	k a r u sh i l p i d e r	compound
কারুশোইলিতে	k a r u sh O i l i t e	native
কারে	k a r e	native
কারেক্ট	k a r e k T	native
কারেক্টর	k a r e k T o r	native
কারেক্টার	k a r e k T a r	native
কারেন্ট	k a r e n T	native
কারেন্টের	k a r e n T e r	native
কারেন্সি	k a r e n s i	loanword
কারের	k a r e r	native
কারোই	k a r O i	native
কারোউবি	k a r O u b i	native
কারোউবির	k a r O u b i r	native
কারোরই	k a r O r i	native
কারোয়া	k a r O y a	native
কার্কশ্য	k a r k O sh sh O	native
কার্কি	k a r k i	native
কার্গো	k a r g O	loanword
কার্গোটি	k a r g O T i	loanword
কার্গোতে	k a r g O t e	loanword
কার্গোর	k a r g O r	loanword
কার্টন	k a r T O n	loanword
কার্টনটি	k a r T o n T i	loanword
কার্টনে	k a r T O n e	loanword
কার্টনের	k a r T o n e r	loanword
কার্টলি	k a r T l i	native
কার্টাজেয়া	k a r T a j e y a	native
কার্টারের	k a r T a r e r	native
কার্টিস	k a r T i s	proper_noun
কার্টুন	k a r T u n	loanword
কার্টুনকে	k a r T u n k e	loanword
কার্টুনটি	k a r T u n T i	loanword
কার্টুনিস্ট	k a r T u n i s T	loanword
কার্টুনিস্টের	k a r T u n i s T e r	loanword
কার্টুনের	k a r T u n e r	loanword
কার্টেল	k a r T e l	loanword
কার্ট্রিজ	k a r T r i j	loanword
কার্ড	k a r D	loanword
কার্ডই	k a r D i	loanword
কার্ডও	k a r D O	loanword
কার্ডগুলো	k a r D g u l O	loanword
কার্ডটা	k a r D T a	loanword
কার্ডটি	k a r D T i	loanword
কার্ডটিতে	k a r D T i t e	loanword
কার্ডটির	k a r D T i r	loanword
কার্ডধারি	k a r D dh a r i	loanword
কার্ডধারিদের	k a r D dh a r i d e r	loanword
কার্ডধারির	k a r D dh a r i r	loanword
কার্ডধারিরা	k a r D dh a r i r a	loanword
কার্ডবোর্ডের	k a r D b O r D e r	loanword
কার্ডস	k a r D s	loanword
কার্ডিওভাসকুলার	k a r D i O bh a s k u l a r	compound
কার্ডিওলজি	k a r D i O l o j i	loanword
কার্ডিওলজির	k a r D i O l o j i r	loanword
কার্ডিওলজিস্ট	k a r D i O l o j i r	loanword
কার্ডিগান	k a r D i g a n	loanword
কার্ডিনাল	k a r D i n a l	loanword
কার্ডিফ	k a r D i ph	loanword
কার্ডিফে	k a r D i ph e	loanword
কার্ডিয়াক	k a r D i y a k	loanword
কার্ডে	k a r D e	loanword
কার্ডেই	k a r D i	loanword
কার্ডের	k a r D e r	loanword
কার্তিকপুর	k a r t i k p u r	native
কার্তিকের	k a r t i k e r	native
কার্তুজ	k a r t u j	native
কার্ত্তিক	k a r tt i k	native
কার্দাশিয়ান	k a r d a sh i y a n	native
কার্দিয়াল	k a r d i y a l	native
কার্দোজো	k a r d O j O	native
কার্নি	k a r n i	native
কার্নিভালে	k a r n i bh a l e	loanword
কার্নিভালের	k a r n i bh a l e r	loanword
কার্নিভ্যাল	k a r n i bh A l	native
কার্নিশ	k a r n i sh	native
কার্নিশে	k a r n i sh e	native
কার্নিশের	k a r n i sh e r	native
কার্নে	k a r n e	native
কার্নেগি	k a r n e g i	native
কার্নেল	k a r n e l	native
কার্প	k a r p	native
কার্পন্য	k a r p o n n o | k a r p O n n O	native
কার্পাথিয়া	k a r p a th i y a	native
কার্পাস	k a r p a sh	native
কার্পাসডাংগা	k a r p a sh D a ng g a	native
কার্পেট	k a r p e T	native
কার্পেটিংয়ের	k a r p e T i ng y e r	native
কার্পেটে	k a r p e T e	native
কার্পেটের	k a r p e T e r	native
কার্ব	k a r b	loanword
কার্বন	k a r b O n	loanword
কার্বনদুশন	k a r b o n d u sh o n	loanword
কার্বনেট	k a r b O n e T	loanword
কার্বনের	k a r b O n e r	loanword
কার্বাইড	k a r b a i D	loanword
কার্বাইডজুক্ত	k a r b a i D j u kt o	loanword
কার্বাইডের	k a r b a i D e r	loanword
কার্বারি	k a r b a r i	native
কার্বারিপাড়ায়	k a r b a r i p a r a y o	compound
কার্বি	k a r b i	native
কার্বোহাইড্রেট	k a r b O h a i D r e T	loanword
কার্বোহাইড্রেটের	k a r b O h a i D r e T e r	loanword
কার্ভড	k a r bh D	loanword
কার্ভিং	k a r bh i ng	loanword
কার্মার	k a r m a r	native
কার্মিক	k a r m i k	native
কার্মুক	k a r m u k	native
কার্য	k a r j O	native
কার্যউপদেশ্টা	k a r j o u p o d e sh T a	compound
কার্যকর	k a r j O k o r	native
কার্যকরও	k a r j O k o r O	native
কার্যকরতা	k a r j o k o r o t a	native
কার্যকরতার	k a r j o k o r o t a r	native
কার্যকরন	k a r j o k o r o n	native
কার্যকরভাবে	k a r j O k O r bh a b e	native
কার্যকরি	k a r j O k O r i | k a r j o k o r i	native
কার্যকরে	k a r j O k o r e	native
কার্যকরের	k a r j O k o r e r	native
কার্যকলাপ	k a r j O k o l a p	native
কার্যকলাপকে	k a r j o k o l a p k e	native
কার্যকলাপে	k a r j O k o l a p e	native
কার্যকলাপের	k a r j O k o l a p e r	native
কার্যকারন	k a r j o k a r o n	native
কার্যকারনের	k a r j o k a r o n e r	native
কার্যকারি	k a r j O k a r i	native
কার্যকারিতা	k a r j O k a r i t a	native
কার্যকারিতাই	k a r j o k a r i t a i	native
কার্যকারিতাও	k a r j o k a r i t a O	native
কার্যকারিতাকে	k a r j o k a r i t a k e	compound
কার্যকারিতার	k a r j O k a r i t a r	native
কার্যকাল	k a r j o k a l o	native
কার্যকালে	k a r j o k a l e	native
কার্যক্রম	k a r j O kr O m	native
কার্যক্রমই	k a r j o kr o m i	native
কার্যক্রমও	k a r j O kr O m O	native
কার্যক্রমকে	k a r j O kr o m k e	native
কার্যক্রমকেও	k a r j o kr o m k e O	native
কার্যক্রমগুলো	k a r j o kr o m g u l O	compound
কার্যক্রমটি	k a r j O kr O m T i	native
কার্যক্রমবিশয়ক	k a r j o kr o m b i sh o y o k	compound
কার্যক্রমশহ	k a r j o kr o m sh o h o	native
কার্যক্রমসংক্রান্ত	k a r j o kr o m o sh o ng kr a nt o	compound
কার্যক্রমে	k a r j O kr O m e	native
কার্যক্রমেও	k a r j O kr O m e O	native
কার্যক্রমের	k a r j O kr O m e r	native
কার্যক্রমেরও	k a r j o kr o m e r o O	native
কার্যক্ষম	k a r j O kh o m	tatsama
কার্যক্ষমতা	k a r j O kh o m O t a	tatsama
কার্যক্ষেত্রে	k a r j O kh e tr e	tatsama
কার্যত	k a r j O t O	native
কার্যতালিকা	k a r j o t a l i k a	native
কার্যতালিকায়	k a r j o t a l i k a y	native
কার্যদক্ষতা	k a r j o d o kkh o t a	tatsama
কার্যদলের	k a r j o d o l e r	native
কার্যদিবস	k a r j O d i b o sh	native
কার্যদিবসে	k a r j O d i b o sh e	native
কার্যদিবসেই	k a r j o d i b o sh e i	native
কার্যদিবসেও	k a r j o d i b o sh e O	native
কার্যদিবসের	k a r j O d i b O sh e r	native
কার্যধারা	k a r j o dh a r a	native
কার্যধারার	k a r j o dh a r a r	native
কার্যনির্বাহি	k a r j O n i r b a h i | k a r j o n i r b a h i	compound
কার্যপত্র	k a r j O p o tr O	native
কার্যপত্রে	k a r j O p o tr e	native
কার্যপদ্ধতি	k a r j O p o d dh O t i	tatsama
কার্যপরিধি	k a r j o p o r i dh i	native
কার্যপরিধিতে	k a r j o p o r i dh i t e	native
কার্যপরিধির	k a r j o p o r i dh i r	native
কার্যপ্রনালি	k a r j o pr o n a l i | k a r j O pr O n a l i	native
কার্যপ্রনালিগত	k o k a r j o pr o n a l i g o t o	compound
কার্যপ্রনালিতে	k a r j o pr o n a l i t e	compound
কার্যপ্রনালিবিধি	k a r j o pr o n a l i b i dh i	compound
কার্যপ্রনালির	k a r j o pr o n a l i r	compound
কার্যপ্রবাহ	k a r j o pr o b a h o	native
কার্যবিধি	k a r j O b i dh i	native
কার্যবিধিতে	k a r j o b i dh i t e	native
কার্যবিধিতেই	k a r j o b i dh i t e i	native
কার্যবিধিমালা	k a r j o b i dh i m a l a	compound
কার্যবিধির	k a r j O b i dh i r	native
কার্যবিবরনি	k a r j o b i b o r o n i | k a r j O b i b O r O n i	native
কার্যবিবরনিকে	k a r j o b i b o r o n i k e	compound
কার্যবিবরনিতে	k a r j o b i b o r o n i t e	compound
কার্যবিবরনির	k a r j o b i b o r o n i r	native
কার্যরত	k a r j O r o t O	native
কার্যসম্পাদন	k a r j o sh o mp a d o n o	native
কার্যসম্পাদনের	k a r j o sh o mp a d o n e r	compound
কার্যসিদ্ধি	k a r j o sh i d dh i	tatsama
কার্যসুচি	k a r j O sh u ch i | k a r j o sh u ch i	native
কার্যসুচিতে	k a r j o sh u ch i t e	native
কার্যসুচির	k a r j o sh u ch i r	native
কার্যাদি	k a r j a d i	native
কার্যাদেশ	k a r j a d e sh	native
কার্যাদেশও	k a r j a d e sh o O	native
কার্যাদেশের	k a r j a d e sh e r	native
কার্যাবলি	k a r j a b O l i	native
কার্যাবলিকে	k a r j a b o l i k e	native
কার্যাবলিতে	k a r j a b o l i t e	native
কার্যাবলির	k a r j a b o l i r	native
কার্যালয়	k a r j a l o y o	native
কার্যালয়ও	k a r j a l o y o O	native
কার্যালয়কে	k a r j a l o y o k e	native
কার্যালয়কেন্দ্রিক	k a r j a l o y o k e ndr i k	compound
কার্যালয়গুলো	k a r j a l o y o g u l O	native
কার্যালয়গুলোতে	k a r j a l o y o g u l O t e	compound
কার্যালয়টি	k a r j a l o y o T i	native
কার্যালয়শহ	k a r j a l o y sh o h o	native
কার্যালয়সংলগ্ন	k a r j a l o y sh o ng l o g n o	compound
কার্যালয়ে	k a r j a l o y e	native
কার্যালয়েই	k a r j a l o y e i	native
কার্যালয়েও	k a r j a l o y e O	native
কার্যালয়ের	k a r j a l o y e r	native
কার্যালয়েরও	k a r j a l o y e r o O	native
কার্যে	k a r j e	native
কার্যের	k a r j e r	native
কার্যোদ্ধার	k a r j O d dh a r	tatsama
কার্যোপদেশ্টা	k a r j O p o d e sh T a	compound
কার্য্য	k a r j o	native
কার্য্যে	k a r j e	native
কার্লটন	k a r l o T o n	proper_noun
কার্লা	k a r l a	proper_noun
কার্লার	k a r l a r	proper_noun
কার্লি	k a r l i	proper_noun
কার্লিং	k a r l i ng	proper_noun
কার্লের	k a r l e r	proper_noun
কার্লো	k a r l O	proper_noun
কার্লোস	k a r l O s	proper_noun
কার্লোসের	k a r l O s e r	proper_noun
কার্শিয়াং	k a r sh i a ng	native
কার্শ্য	k a r sh sh o	native
কার্ষাপন	k a r sh a p O n	native
কার্ষ্ন	k a r sh o n O	native
কার্ষ্ন্য	k a r sh n O	native
কারয়িতা	k a r O y i t a	native
কালংড়া	k a l o n o ng r a	native
কালই	k a l i	native
কালকা	k a l k a	native
কালকি	k a l k i	native
কালকিনি	k a l k i n i	native
কালকিনির	k a l k i n i r	native
কালকুট	k a l k u T	native
কালকে	k a l k e	native
কালকেই	k a l k e i	native
কালকেরটিশহ	k a l k e r T i sh o h o	native
কালক্ষেপন	k a l kkh e p o n | k a l kh e p O n	tatsama
কালক্ষেপনের	k a l kkh e p o n e r	tatsama
কালগংগা	k a l g o ng g a	native
কালচারের	k a l ch a r e r	native
কালচিহ্ন	k a l ch i n n O	native
কালচে	k a l ch e	native
কালচো	k a l ch O	native
কালজয়ি	k a l j O i | k a l j o y i	native
কালদেরনে	k a l d e r o n e	native
কালনা	k a l n a	native
কালনি	k a l n i	native
কালনেমি	k a l n e m i	native
কালন্দর	k a l o nd o r	native
কালপর্বে	k a l p o r b e	native
কালপাগে	k a l p a g e	native
কালপাগের	k a l p a g e r	native
কালপুরুশ	k a l p u r u sh	native
কালপৃশ্ঠ	k a l p r i sh Th O	tatsama
কালপেচা	k a l p A ch a	native
কালবইশাখি	k a l b O i sh a kh i	native
কালবইশাখিতে	k a l b O i sh a kh i t e	native
কালবইশাখির	k a l b O i sh a kh i r	native
কালবর্তিকা	k a l b o r t i k a	native
কালবুদ	k a l b u d	native
কালবে	k a l b e	native
কালবেলা	k a l b A l a	native
কালবোইশাখি	k a l b O i sh a kh i	native
কালবোইশাখিতে	k a l b O i sh a kh i t e	native
কালবোইশাখির	k a l b O i sh a kh i t e	native
কালভার্ট	k a l bh a r T	native
কালভার্টগুলো	k a l bh a r T g u l O	native
কালভার্টগুলোর	k a l bh a r T g u l O r	compound
কালভার্টটি	k a l bh a r T T i	native
কালভার্টে	k a l bh a r T e	native
কালভার্টের	k a l bh a r T e r	native
কালম	k a l O m	native
কালমা	k a l m a	native
কালমাদি	k a l m a d i	native
কালমাদিকে	k a l m a d i k e	native
কালমাদির	k a l m a d i r	native
কালমার	k a l m a r	native
কালমেঘ	k a l O m e gh	native
কালমেঘা	k a l m e gh a	native
কালরাতে	k a l r a t e	native
কালরাতের	k a l r a t e r	native
কালরাত্রি	k a l r a tr i	native
কালশশি	k a l O sh O sh i	native
কালশি	k a l sh i | k a sh i	native
কালশিটা	k a l sh i T a	native
কালশিতে	k a l sh i t e	native
কালশির	k a l sh i r	native
কালহোরো	k a l h O r O	native
কালাই	k a l a i	native
কালাইগর	k a l a i g o r	native
কালাইচর	k a l a i ch o r	native
কালাইর	k a l a i r	native
কালাইয়া	k a l a i y a	native
কালাইয়ে	k a l a i y e	native
কালাইয়ের	k a l a i y e r	native
কালাকানুন	k a l a k a n u n	native
কালাকানুনটি	k a l a k a n u n T i	native
কালাকানুনের	k a l a k a n u n e r	native
কালাকাল	k a l a k a l	native
কালাগুরু	k a l a g u r u	native
কালাগুল	k a l a g u l	native
কালাচাদ	k a l a ch a d	native
কালাচাদপুর	k a l a ch a d o p u r	native
কালাচাদপুরে	k a l a ch a d o p u r e	native
কালাচাদপুরের	k a l a ch a d o p u r e r	native
কালাচান	k a l a ch a n	native
কালাজ্বর	k a l a j o r	tatsama
কালাজ্বরে	k a l a j o r e	tatsama
কালাজ্বরের	k a l a j o r e r	tatsama
কালাতিপাত	k a l a t i p a t	native
কালাদান	k a l a d a n	native
কালাধন	k a l a dh o n	native
কালানুবর্তি	k a l a n u b O r t i	native
কালানুসারি	k a l a n u sh a r i	native
কালান্তক	k a l a nt o k	native
কালাপানি	k a l a p a n i	native
কালাপানিয়া	k a l a p a n i y a	native
কালাপাহাড়	k a l a p a h a r	native
কালাপাহাড়িয়া	k a l a p a h a r i y a	native
কালাপুর	k a l a p u r	native
কালাবগি	k a l a b o g i	native
কালাম	k a l a m	native
কালামও	k a l a m O	native
কালামকে	k a l a m k e	native
কালামপুর	k a l a m p u r	native
কালামাথা	k a l a m a th a	native
কালামের	k a l a m e r	native
কালার	k a l a r	native
কালারফুল	k a l a r ph u l	native
কালারমারছড়া	k a l a r m a r chh o r a	native
কালারে	k a l a r e	native
কালারের	k a l a r e r	native
কালাশনিকভ	k a l a sh o n i k o bh	native
কালাশুদ্ধি	k a r a sh u d dh i	tatsama
কালাশোউচ	k a l a sh O u ch	native
কালাসোনা	k a l a sh O n a	native
কালিক	k a l i k	native
কালিকচ্ছ	k a l i k o ch chh o	native
কালিকা	k a l i k a	native
কালিকাপ্রসাদ	k a l i k a pr sh a d o	native
কালিকাবাড়ি	k a l i k a b a r i	native
কালিগংগা	k a l i g o ng g a	native
কালিগংগার	k a l i g o ng g a r	native
কালিগংগায়	k a l i g o ng g a y o	native
কালিগঞ্জ	k a l i g o n j | k a l i g o n j o	native
কালিগঞ্জে	k a l i g o n j e | k a l i g o n j o	native
কালিগঞ্জের	k a l i g o n j e r	native
কালিগ্রাম	k a l i gr a m	native
কালিঘাট	k a l i gh a T	native
কালিঘাটে	k a l i gh a T	native
কালিঘাটের	k a l i gh a T e r	native
কালিজিরা	k a l i j i r a	native
কালিতে	k a l i t e	native
কালিদহ	k a l i d o h O	native
কালিদাস	k a l i d a sh	native
কালিদাসপুর	k a l i d a sh p u r	native
কালিদাসের	k a l i d a sh e r	native
কালিন	k a l i n	native
কালিনগর	k a l i n o g o r	native
কালিনাচ	k a l i n a ch	native
কালিনাথ	k a l i n a th	native
কালিনি	k a l i n i	native
কালিন্দারানি	k a l i nd a r a n i	native
কালিন্দি	k a l i nd i	native
কালিপদ	k a l i p o d	native
কালিপুজা	k a l i p u j a	native
কালিপুর	k a l i p u r	native
কালিফা	k a l i ph a	native
কালিবাড়ি	k a l i b a r i	native
কালিবাড়ি	k a l i b a r i	native
কালিম	k a l i m	native
কালিমদ্দি	k a l i m O d d i	native
কালিমন্দির	k a l i m O nd i r | k a l i m o nd i r	native
কালিমন্দিরের	k a l i m o nd i r e r	native
কালিমা	k a l i m a	native
কালিমামুক্ত	k a l i m a m u kt o	native
কালিমার	k a l i m a r	native
কালিমায়	k a l i m a y o	native
কালিমুর	k a l i m u r	native
কালিমুল্লাহ	k a l i m u l l a h o	native
কালিমের	k a l i m e r	native
কালিম্পং	k a l i mp o ng	native
কালিম্পংয়ে	k a l i mp o ng y e	native
কালির	k a l i r	native
কালিরখালে	k a l i r kh a l e	native
কালিরহাট	k a l i r h a T	native
কালিরহাটে	k a l i r h a T e	native
কালিশিমুল	k a l i sh i m u l o	native
কালিশুরি	k a l i sh u r i	native
কালিহাতি	k a l i h a t i | k a l i h o t i	native
কালিহাতিতে	k a l i h a t i t e | k a l i h o t i t e	native
কালিহাতির	k a l i h o t i r	native
কালিয়া	k a l i y a	native
কালিয়াকইর	k a l i a k O i r	native
কালিয়াকোইর	k a l i y a k O i r o	native
কালিয়াকোইরে	k a l i y a k O i r e	native
কালিয়াকোইরের	k a l i y a k O i r e r	native
কালিয়ার	k a l i y a r	native
কালিয়ায়	k a l i y a y o	native
কালু	k a l u	native
কালুখালি	k a l u kh a l i	native
কালুনগর	k a l u n o g o r	native
কালুনগরে	k a l u n o g o r e	native
কালুপাড়া	k a l u p a r a	native
কালুর	k a l u r	native
কালুরঘাট	k a l u r gh a T	native
কালুরঘাটে	k a l u r gh a T e	native
কালুরঘাটের	k a l u r gh a T e r	native
কালে	k a l e	native
কালেংগা	k a l e ng g a	native
কালেই	k a l e i	native
কালেকটিভ	k a l e k T i bh	native
কালেকশনে	k a l e k sh o n e	native
কালেকশনের	k a l e k sh o n e r	native
কালেক্টর	k a l e k T o r	native
কালেক্টরকে	k a l e k T o r k e	native
কালেক্টরস	k a l e k T o r s	loanword
কালেক্টরেট	k a l e k T O r e T	native
কালেক্টরেটের	k a l e k T o r e T e r	native
কালেব	k a l e b	native
কালেম	k a l e m	native
কালের	k a l e r	native
কালোই	k a l O i	native
কালোজাম	k a l O j a m	native
কালোটাকা	k a l O T a k a	native
কালোটাকাকে	k a l O T a k a k e	native
কালোটাকার	k a l O T a k a r	native
কালোতেই	k a l O t e i	native
কালোত্তির্ন	k a l O tt i r n O | k a l O tt i r n o	native
কালোদের	k a l O d e r	native
কালোবাজার	k a l O b a j a r	native
কালোবাজারি	k a l O b a j a r i	native
কালোবাজারিদের	k a l O b a j a r i d e r	compound
কালোবাজারির	k a l O b a j a r i r	native
কালোবাজারিরা	k a l O b a j a r i r a	native
কালোবাজারে	k a l O b a j a r e	native
কালোব্যাজ	k a l O b A j o	native
কালোমতো	k a l O m o t O	native
কালোর	k a l O r	native
কালোরা	k a l O r a	native
কালোয়	k a l O y o	native
কালোয়া	k a l O y a	native
কালোয়াত	k a l O y a t	native
কাল্পনিক	k a l p O n i k	native
কাল্লু	k a l l u	native
কালৎয়ি	k a l o t y i	native
কাল–নটেশ	k a l n o T e sh	native
কাশতলায়	k a sh t o l a y o	native
কাশন্দি	k a sh a nd i	native
কাশফিয়া	k a sh ph i y a	native
কাশফুল	k a sh ph u l	native
কাশফুলের	k a sh ph u l e r	native
কাশা	k a sh a	native
কাশাশের	k a sh a sh e r	native
কাশায়	k a sh a y	native
কাশি	k a sh i	native
কাশিও	k a sh i O	native
কাশিনাথ	k a sh i n a th	native
কাশিনাথপুর	k a sh i n a th p u r o | k a sh i n a th p u r	native
কাশিপুর	k a sh i p u r	native
কাশিম	k a sh i m	native
কাশিমপুর	k a sh i m p u r	native
কাশিমপুরে	k a sh i m p u r e	native
কাশিমপুরের	k a sh i m p u r e r	native
কাশিমবাজার	k a sh i m b a j a r o	native
কাশিমাড়ি	k a sh i m a r i	native
কাশিরাম	k a sh i r a m	native
কাশিশ্বর	k a sh i sh b o r	tatsama
কাশিয়ানি	k a sh i y a n i	native
কাশিয়ানিতে	k a sh i y a n i t e	native
কাশিয়ানির	k a sh i y a n i r	native
কাশেমকে	k a sh e m k e	native
কাশেমের	k a sh e m e r	native
কাশ্ঠ	k a sh Th O	native
কাশ্ঠমুল্য	k a sh Th o m u l l o	native
কাশ্ঠল	k a sh Th O l	native
কাশ্ঠা	k a sh Th a	native
কাশ্ঠে	k a sh Th e	native
কাশ্মির	k a sh m i r | k a sh m i r o	native
কাশ্মিরকে	k a sh m i r k e | k a sh m i r o k e	native
কাশ্মিরি	k a sh m i r i	native
কাশ্মিরিকে	k a sh m i r i k e	native
কাশ্মিরিদের	k a sh m i r i d e r o	native
কাশ্মিরির	k a sh m i r i r o	native
কাশ্মিরিরা	k a sh m i r i r a	native
কাশ্মিরে	k a sh m i r e	native
কাশ্মিরেও	k a sh m i r e O	native
কাশ্মিরের	k a sh m i r e r | k o k a sh m i r e r o	native
কাশ্মেরিটোলা	k a sh m i r i T O l a	native
কাশ্যপ	k a sh sh o p	native
কাশ্যপের	k a sh sh o p e r	native
কাস	k a sh	native
কাসপারভ	k a s p a r o bh	proper_noun
কাসর	k a sh O r	native
কাসা	k a sh a	native
কাসাব	k a sh a b	native
কাসাবকে	k a sh a b k e	native
কাসাবের	k a sh a b e r	native
কাসাব্লাংকা	k a s a bl a ng k a	loanword
কাসার	k a sh a r	native
কাসালং	k a sh a l o ng	native
কাসাস	k a sh a sh	native
কাসাহারা	k a s a h a r a	proper_noun
কাসি	k a sh i	native
কাসিকে	k a sh i k e	native
কাসিদ	k a sh i d	native
কাসিদা	k a sh i d a	native
কাসিদার	k a sh i d a r	native
কাসিফ	k a sh i ph	native
কাসিম	k a sh i m	native
কাসির	k a sh i r	native
কাসিস	k a sh i sh	native
কাসুরির	k a sh u r i r	native
কাসে	k a sh e	native
কাসেদ	k a sh e d	native
কাসেম	k a sh e m	native
কাসেমকে	k a sh e m k e	native
কাসেমশহ	k a sh e m sh o h o	native
কাসেমাবাদ	k a sh e m a b a d	native
কাসেমি	k a sh e m i	native
কাসেমের	k a sh e m e r	native
কাসের	k a sh e r	native
কাস্কেট	k a s k e T	loanword
কাস্ট	k a s T	loanword
কাস্টডিতে	k a s T a D i t e	loanword
কাস্টডিয়ান	k a s T a D i y a n	loanword
কাস্টম	k a s T O m	loanword
কাস্টমসে	k a s T O m s e	loanword
কাস্টমসের	k a s T O m s e r	loanword
কাস্টমাইজ	k a s T O m a i j	loanword
কাস্টমাইজড	k a s T O m a i j D	loanword
কাস্টমারদের	k a s T O m a r d e r	loanword
কাস্টার	k a s T a r	loanword
কাস্টার্ড	k a s T a r D o	loanword
কাস্টার্স	k a s T a r s	loanword
কাস্টার্সের	k a s T a r s e r o	loanword
কাস্টিলান	k a s T i l a n	loanword
কাস্টোডিয়ান	k a s T O D i y a n o	loanword
কাস্তেচরা	k a st e ch o r a	native
কাস্তের	k a st e r	native
কাস্ত্রোকে	k a st r o k e	native
কাহন	k a h O n	native
কাহমু	k a h m u	native
কাহলিল	k a h l i l	native
কাহা	k a h a	native
কাহাকে	k a h a k e	native
কাহাকেও	k a h a k e O	native
কাহাত	k a h a t	native
কাহানি	k a h a n i	native
কাহার	k a h a r	native
কাহারও	k a h a r O	native
কাহারপাড়া	k a h a r p a r a	native
কাহারবা	k a h a r b a	native
কাহারো	k a h a r O	native
কাহাল	k a h a l	native
কাহালুতে	k a h a l u t e	native
কাহালুর	k a h a l u r	native
কাহিনি	k a h i n i	native
কাহিনিই	k a h i n i i	native
কাহিনিও	k a h i n i O	native
কাহিনিকার	k a h i n i k a r	native
কাহিনিকে	k a h i n i k e	native
কাহিনিগুলো	k a h i n i g u l O	native
কাহিনিচিত্র	k a h i n i ch i tr O	native
কাহিনিটা	k a h i n i T a	native
কাহিনিটি	k a h i n i T i	native
কাহিনিতে	k a h i n i t e	native
কাহিনিনির্ভর	k a h i n i n i r bh o r	native
কাহিনির	k a h i n i r	native
কাহিল	k a h i l	native
কাহিলের	k a h i l e r	native
কাহে	k a h e	native
কাহের	k a h e r	native
কাহ্নপা	k a h n o p a	native
কাহ্ফ	k a h ph	native
কাৎ	k a t	native
কাৎি	k a t i	native
কাড়	k a r	native
কাড়ছিল	k a r chh i l	native
কাড়ছে	k a r chh e	native
কাড়তে	k a r t e	native
কাড়ন	k a r O n	native
কাড়বে	k a r b e	native
কাড়ল	k a r l o	native
কাড়লেন	k a r l e n	native
কাড়া	k a r a	native
কাড়াইল	k a r a i l	native
কাড়াকাড়ি	k a r a k a r i	native
কাড়াকাড়িতে	k a r a k a r i t e	native
কাড়ানো	k a r a n O	native
কাড়ার	k a r a r	native
কাড়ি	k a r i	native
কাড়ে	k a r e	native
কাড়েন	k a r e n	native
কাড়েনি	k a r e n i	native
কায়	k a y	native
কায়কারবার	k a y k a r b a r	native
কায়কোবাদ	k a y k O b a d	native
কায়কোবাদশহ	k a y o k O b a d sh o h o	native
কায়কোবাদের	k a y o k O b a d e r	native
কায়ক্লেশে	k a y o kl e sh e	native
কায়ছার	k a y o chh a r	native
কায়দা	k a y o d a	native
কায়দাকানুন	k a y o d a k a n u n	native
কায়দাটা	k a y o d a T a	native
কায়দাটি	k a y o d a T i	native
কায়দাদুরস্ত	k a y d a d u r o st	native
কায়দামতো	k a y o d a m o t O	native
কায়দার	k a y o d a r	native
কায়দায়	k a y o d a y	native
কায়দে	k a y o d e	native
কায়বার	k a y b a r	native
কায়মনোবাক্যে	k a y o m o n O b a k k e	native
কায়রো	k a y r O	native
কায়রোকে	k a y o r O k e	native
কায়রোতে	k a y o r O t e	native
কায়রোর	k a y o r O r	native
কায়রোয়	k a y o r O y	native
কায়সার	k a y sh a r	native
কায়সারকে	k a y o sh a r k e	native
কায়সারশহ	k a y o sh a r sh o h o	native
কায়সারের	k a y o sh a r e r	native
কায়স্থ	k a y o sth o	native
কায়া	k a y a	native
কায়ানি	k a y a n i	native
কায়ানিকে	k a y a n i k e	native
কায়ানির	k a y a n i r	native
কায়ার	k a y a r	native
কায়িক	k a y i k	native
কায়েওকুমনার্দ	k a y e O k u m n a r d o	compound
কায়েতটুলির	k a y e t o T u l i r	native
কায়েতপাড়া	k a y e t p a r a	native
কায়েতপাড়ার	k a y e t p a r a r	native
কায়েতপাড়ায়	k a y e t p a r a y o	native
কায়েদ	k a y e d	native
কায়েদা	k a y e d a	native
কায়েদাই	k a y e d a i	native
কায়েদাও	k a y e d a O	native
কায়েদাকে	k a y e d a k e	native
কায়েদাপ্রধান	k a y e d a pr o dh a n o	native
কায়েদাবিরোধি	k a y e d a b i r O dh i	native
কায়েদার	k a y e d a r	native
কায়েদাশহ	k a y e d a sh o h o	native
কায়েদাসংশ্লিশ্ট	k a y e d a sh o ng sh l i sh T o	compound
কায়েদায়	k a y e d a y	native
কায়েদে	k a y e d e	native
কায়েম	k a y e m	native
কায়েমি	k a y e m i	native
কায়েমের	k a y e m e r	native
কায়েস	k a y e sh	native
কায়েসও	k a y e sh O	native
কায়েসকে	k a y e sh o k e	native
কায়েসের	k a y e sh e r	native
কা–কা	k a k a	native
কিং	k i ng	native
কিংকর	k i ng k o r	native
কিংকর্তব্য	k i ng k o r t O b b O	native
কিংকর্তব্যবিমুঢ়	k i ng k o r t O b b O b i m u r	compound
কিংকর্তব্যবিমুড়	k i ng k o r t o b b O b i m u r	compound
কিংকে	k i ng k e	native
কিংডম	k i ng D O m	loanword
কিংডমে	k i ng D O m e	loanword
কিংডমের	k i ng D o m e r	loanword
কিংফিশার	k i ng ph i sh a r	native
কিংবদন্তি	k i ng b o d O nt i | k i ng b o d o nt i	native
কিংবদন্তিকে	k i ng b o d o nt i k e	native
কিংবদন্তিতুল্য	k i ng b o d O nt i t u l l O	compound
কিংবদন্তিতে	k i ng b o d o nt i t e	native
কিংবদন্তিদের	k i ng b o d O nt i d e r	native
কিংবদন্তির	k i ng b o d O nt i r | k i ng b o d o nt i r	native
কিংবা	k i ng b a	native
কিংশুক	k i ng sh u k	native
কিংস	k i ng s	proper_noun
কিংসকে	k i ng s k e	proper_noun
কিংসফোর্ড	k i ng s ph O r D	proper_noun
কিংসফোর্ডকে	k i ng s o ph O r D k e	proper_noun
কিংসফোর্ডের	k i ng s o ph O r D e r	proper_noun
কিংসলে	k i ng s l e	proper_noun
কিংসলের	k i ng s l e r	proper_noun
কিংস্টনের	k i ng s T o n e r o	proper_noun
কিংস্টাউন	k i ng s T a u n	proper_noun
কিংহাই	k i ng h a i	native
কিংয়ের	k i ng y e r	native
কিঅ	k i o	native
কিই	k i i	native
কিইনা	k i i n a	native
কিইন্না	k i i nn a	native
কিইবা	k i i b a	native
কিইরা	k i i r a	native
কিইরার	k i i r a r	native
কিউ	k i u	loanword
কিউআর	k i u a r	loanword
কিউই	k i u i	loanword
কিউইদের	k i u i d e r	loanword
কিউইরা	k i u i r a	loanword
কিউএনএক্স	k i u e n e k s	loanword
কিউএমজি	k i u e m j i	loanword
কিউএস	k i u e s	loanword
কিউট	k i u T	loanword
কিউটকে	k i u T k e	loanword
কিউটিএল	k i u T i e l	loanword
কিউটিকল	k i u T i k o l	loanword
কিউটের	k i u T e r	loanword
কিউডি	k i u D i	loanword
কিউপিড	k i u p i D	loanword
কিউব	k i u b	loanword
কিউবা	k i u b a	proper_noun
কিউবাকে	k i u b a k e	proper_noun
কিউবান	k i u b a n	proper_noun
কিউবার	k i u b a r	proper_noun
কিউবায়	k i u b a y	proper_noun
কিউবি	k i u b i	loanword
কিউবিক	k i u b i k	loanword
কিউবিজম	k i u b i j o m	loanword
কিউবির	k i u b i r	loanword
কিউবেলার	k i u b e l a r	loanword
কিউরি	k i u r i	loanword
কিউরিং	k i u r i ng	loanword
কিউরিদের	k i u r i d e r	loanword
কিউরির	k i u r i r	loanword
কিউরিরা	k i u r i r a	loanword
কিউরেটর	k i u r e T o r	loanword
কিউরেটরের	k i u r e T o r e r	loanword
কিউলেক্স	k i u l e k s	loanword
কিউশু	k i u sh u	loanword
কিউসি	k i u s i	loanword
কিউসুকে	k i u s u k e	loanword
কিউসেক	k i u s e k	loanword
কিউসেকে	k i u s e k e	loanword
কিউয়ের	k i u y e r	loanword
কিওয়েল	k i O y e l	native
কিক	k i k	loanword
কিকি	k i k i	loanword
কিকে	k i k e	loanword
কিকের	k i k e r	loanword
কিগান	k i g a n	native
কিচক	k i ch o k	native
কিচকিচা	k i ch k i ch a	native
কিচিরমিচির	k i ch i r m i ch i r	native
কিচেন	k i ch e n	loanword
কিচেনের	k i ch e n e r	loanword
কিচ্ছা	k i ch chh a	native
কিচ্ছু	k i ch chh u	native
কিচ্ছুটি	k i ch chh u T i	native
কিছুই	k i chh u i	native
কিছুকাল	k i chh u k a l	native
কিছুকালের	k i chh u k a l e r	native
কিছুকে	k i chh u k e	native
কিছুকেই	k i chh u k e i	native
কিছুক্ষন	k i chh u kkh o n	tatsama
কিছুক্ষনের	k i chh u kkh o n e r	tatsama
কিছুটা	k i chh u T a	native
কিছুতে	k i chh u t e	native
কিছুতেই	k i chh u t e i	native
কিছুদিন	k i chh u d i n	native
কিছুদিনে	k i chh u d i n e	native
কিছুদিনের	k i chh u d i n e r	native
কিছুদুর	k i chh u d u r	native
কিছুমাত্র	k i chh u m a tr O	native
কিছুমাত্রায়	k i chh u m a tr a y	native
কিছুর	k i chh u r	native
কিছুরই	k i chh u r i	native
কিছুসংখ্যক	k i chh u sh o ng kh O k	native
কিঞ্চি	k i n ch i	native
কিঞ্চিত	k i n ch i t	native
কিঞ্চিত্	k i n ch i t	native
কিঞ্চিৎ	k i n ch i t	native
কিটক্যাট	k i T k A T	loanword
কিটটি	k i T T i	native
কিটতত্ত্ব	k i T t o tt O	tatsama
কিটনাশক	k i T n a sh O k | k i T n a sh o k	native
কিটনাশকও	k i T n a sh o k O	native
কিটনাশকজুক্ত	k i T n a sh o k j u kt o	native
কিটনাশকশহ	k i T n a sh o k sh o h o	native
কিটনাশকে	k i T n a sh o k e	native
কিটনাশকের	k i T n a sh O k e r | k i T n a sh o k e r	native
কিটপতংগ	k i T p o t o ng g o	native
কিটপতংগের	k i T p o t o ng g e r	native
কিটস	k i T s	proper_noun
কিটি	k i T i	native
কিটিরমিটির	k i T i r m i T i r	native
কিটের	k i T e r	native
কিট্স	k i T s	proper_noun
কিড	k i D	native
কিডনিই	k i D n i i	loanword
কিডনিও	k i D n i O	loanword
কিডনিকে	k i D n i k e	loanword
কিডনিজনিত	k i D n i j o n i t o	loanword
কিডনিদাতা	k i D n i d a t a	loanword
কিডনিদাতাকে	k i D n i d a t a k e	loanword
কিডনিদাতার	k i D n i d a t a r	loanword
কিডনির	k i D n i r	loanword
কিডনিসহ	k i D n i sh o h O	loanword
কিডন্যাপ	k i D n A p	loanword
কিডম্যান	k i D m A n	proper_noun
কিডস	k i D s	loanword
কিডা	k i D a	native
কিতব	k i t o b	native
কিতাকামি	k i t a k a m i	native
কিতাকামির	k i t a k a m i r	native
কিতাবে	k i t a b e	native
কিতাবের	k i t a b e r	native
কিতো	k i t O	native
কিত্তনখোলা	k i tt o n o kh O l a | k i tt o n kh O l a	native
কিথ	k i th	proper_noun
কিনছি	k i n chh i	native
কিনছিলেন	k i n chh i l e n	native
কিনছে	k i n chh e	native
কিনছেও	k i n chh e O	native
কিনছেন	k i n chh e n	native
কিনত	k i n t O	native
কিনতাম	k i n t a m	native
কিনতি	k i n t i	native
কিনতেই	k i n t e i	native
কিনতেও	k i n t e O	native
কিনতেন	k i n t e n	native
কিনত্রাজে	k i n o tr a j e	native
কিনব	k i n b O	native
কিনবার	k i n b a r o	native
কিনবে	k i n b e	native
কিনবেন	k i n b e n	native
কিনবো	k i n b O	native
কিনল	k i n l O	native
কিনলখ	k i n l o kh o	native
কিনলাম	k i n l a m	native
কিনলে	k i n l e	native
কিনলেই	k i n l e i	native
কিনলেও	k i n l e O	native
কিনা	k i n a	native
কিনাবালু	k i n a b a l u	native
কিনার	k i n a r	native
কিনারা	k i n a r a	native
কিনারায়	k i n a r a y	native
কিনারে	k i n a r e	native
কিনি	k i n i	native
কিনিক	k i n i k	native
কিনিকে	k i n i k e	native
কিনিনি	k i n i n i	native
কিনিয়া	k i n i y a	native
কিনুন	k i n u n	native
কিনে	k i n e	native
কিনেই	k i n e i	native
কিনেও	k i n e O	native
কিনেছ	k i n e chh o	native
কিনেছি	k i n e chh i	native
কিনেছিল	k i n e chh i l O	native
কিনেছিলাম	k i n e chh i l a m	native
কিনেছিলেন	k i n e chh i l e n	native
কিনেছে	k i n e chh e	native
কিনেন	k i n e n	native
কিন্ট	k i n T	native
কিন্ডল	k i n D o l	loanword
কিন্ডলের	k i n D o l e r	loanword
কিন্ডার	k i n D a r	loanword
কিন্ডারগার্টেন	k i n D a r g a r T e n	loanword
কিন্ডারগার্টেনকে	k i n D a r g a r T e n k e	loanword
কিন্ডারগার্টেনগুলো	k i n D a r g a r T e n g u l O	loanword
কিন্ডারগার্টেনে	k i n D a r g a r T e n e	loanword
কিন্ত	k i nt u	native
কিন্তুক	k i nt u k	native
কিন্নর	k i nn o r	native
কিন্না	k i nn a	native
কিন্ব	k i n n O	native
কিন্যা	k i n n a	native
কিপলিংয়ের	k i p l i ng y e r	proper_noun
কিপার	k i p a r	loanword
কিপিংয়ে	k i p i ng y e	loanword
কিপিংয়ের	k i p i ng y e r	loanword
কিফায়া	k i ph a y a	native
কিবতি	k i b t i	native
কিবরিয়া	k i b r i a	native
কিবরিয়াও	k i b r i y a O	native
কিবরিয়াকে	k i b r i y a k e	native
কিবরিয়ার	k i b r i y a r	native
কিবরিয়াশহ	k i b r i y a sh o h o	native
কিবোর্ডিস্ট	k i b O r D i s T	loanword
কিবোর্ডে	k i b O r D e	native
কিবোর্ডের	k i b O r D e r	native
কিভা	k i bh a	native
কিভাবে	k i bh a b e	native
কিভাবেই	k i bh a b e i	native
কিম	k i m	proper_noun
কিমকে	k i m k e	proper_noun
কিমত	k i m o t	native
কিমা	k i m a	native
কিমাকার	k i m a k a r	native
কিমার	k i m a r	native
কিমির	k i m i r	proper_noun
কিমের	k i m e r	proper_noun
কিম্পুরুশ	k i mp u r u sh	native
কিম্বদন্তি	k i mb o d o nt i	native
কিম্বা	k i mb a	native
কিম্ভুতকিমাকার	k i m bh u t k i m a k a r	compound
কির	k i r	native
কিরকম	k i r o k O m	native
কিরকিচ	k i r k i ch	native
কিরকুক	k i r k u k	native
কিরগিজ	k i r g i j	proper_noun
কিরগিজদের	k i r g i j d e r	proper_noun
কিরগিজরা	k i r g i j r a	proper_noun
কিরগিজস্তান	k i r g i j st a n	proper_noun
কিরগিজস্তানে	k i r g i j st a n e	proper_noun
কিরগিজস্তানের	k i r g i j st a n e r	proper_noun
কিরঘিজস্তান	k i r gh i j st a n	native
কিরচনার	k i r o ch n a r	native
কিরনচন্দ্র	k i r o n ch o ndr o	native
কিরনমালা	k i r o n m a l a	native
কিরনমালার	k i r O n m a l a r	native
কিরনময়	k i r o n m o y	native
কিরনের	k i r o n e r	native
কিরপিন	k i r p i n	native
কিরবি	k i r b i	proper_noun
কিরসান	k i r s a n	proper_noun
কিরাত	k i r a t	native
কিরান	k i r a n	native
কিরাম	k i r a m	native
কিরামও	k i r a m O	native
কিরামের	k i r a m e r	native
কিরিচ	k i r i ch	native
কিরিট	k i r i T	native
কিরিবাতি	k i r i b a t i	native
কিরিবাতির	k i r i b a t i r	native
কিরিবাসের	k i r i b a s e r	proper_noun
কিরিলেংকোকে	k i r i l e ng k O k e	proper_noun
কিরিয়েংকো	k i r i y e ng k O	native
কিরিয়েনকো	k i r i y e n k O	native
কিরুপ	k i r u p	native
কিরুপে	k i r u p e	native
কির্ক	k i r k	proper_noun
কির্চনার	k i r ch o n a r	native
কির্তক	k i r t o k	native
কির্তন	k i r t o n	native
কির্তনখোলা	k i r t o n kh O l a	native
কির্তনখোলার	k i r t O n kh O l a r	native
কির্তনিয়া	k i r t o n i y a	native
কির্তনে	k i r t o n e	native
কির্তনের	k i r t O n e r	native
কির্তি	k i r t i	native
কির্তিই	k i r t i i	native
কির্তিও	k i r t i O	native
কির্তিকলাপ	k i r t i k o l a p | k i r t i k o l a p o	native
কির্তিকলাপের	k i r t i k o l a p e r	native
কির্তিকে	k i r t i k e	native
কির্তিগুলো	k i r t i g u l O	native
কির্তিটা	k i r t i T a	native
কির্তিটি	k i r t i T i	native
কির্তিতে	k i r t i t e	native
কির্তিনাশা	k i r t i n a sh a	native
কির্তিপাশা	k i r t i p a sh a	native
কির্তিমতি	k i r t i m o t i	native
কির্তিমান	k i r t i m a n	native
কির্তিমানের	k i r t i m a n e r	native
কির্তির	k i r t i r	native
কির্তিস্তম্ভ	k i r t i st O m bh O | k i r t i st o m bh o	native
কির্তিস্তম্ভও	k i r t i st o m bh O | k i r t i st o m bh o O	compound
কির্ত্তিপাশা	k i r t i p a sh a	native
কির্ন	k i r n O	native
কিল	k i l	native
কিলকলিপি	k i l o k l i p i	native
কিলঘুশি	k i l gh u sh i	native
কিলড	k i l D	native
কিলন	k i l o n	native
কিলবার্ন	k i l b a r n	proper_noun
কিলবিল	k i l b i l	native
কিলার	k i l a r	native
কিলিং	k i l i ng	native
কিলিংয়ের	k i l i ng y e r	native
কিলিমানজারো	k i l i m a n j a r O	proper_noun
কিলিমানজারোতে	k i l i m a n j a r O t e	proper_noun
কিলিমানজারোর	k i l i m a n j a r O r	proper_noun
কিলেমিটার	k i l O m i T a r	loanword
কিলো	k i l O	loanword
কিলোওয়াট	k i l O O y a T	loanword
কিলোওয়াটের	k i l O O y a T e r	loanword
কিলোক্যালরি	k i l O k A l O r i	loanword
কিলোগ্রাম	k i l O gr a m	loanword
কিলোবাইট	k i l O b a i T	loanword
কিলোবাইটের	k i l O b a i T e r	loanword
কিলোমিটারই	k i l O m i T a r i	loanword
কিলোমিটারও	k i l O m i T a r O	loanword
কিলোমিটারজুড়ে	k i l O m i T a r j u r e	loanword
কিলোমিটারপ্রতি	k i l O m i T a r pr o t i	loanword
কিলোমিটারব্যাপি	k i l O m i T a r b A p i	loanword
কিলোমিটারে	k i l O m i T a r e	loanword
কিলোমিটারের	k i l O m i T a r e r	loanword
কিলোমিটারেরও	k i l O m i T a r e r O	loanword
কিল্ড	k i l D	native
কিল্লা	k i l l a	native
কিশমিশ	k i sh m i sh	native
কিশমিশে	k i sh m i sh e	native
কিশমিশের	k i sh m i sh e r	native
কিশলয়	k i sh o l o y | k i sh o l o y o	native
কিশান	k i sh a n	native
কিশানি	k i sh a n i	native
কিশামত	k i sh a m o t	native
কিশিনেভ	k i sh i n e bh	proper_noun
কিশেনজি	k i sh e n j i	native
কিশেনজিকে	k i sh e n j i k e	native
কিশেনজির	k i sh e n j i r	native
কিশোর	k i sh O r	native
কিশোরও	k i sh O r O	native
কিশোরগঞ্জ	k i sh O r g o n j	native
কিশোরগঞ্জগামি	k i sh O r g o n j g a m i	compound
কিশোরগঞ্জবাসি	k i sh O r g o n j b a sh i	compound
কিশোরগঞ্জশহ	k i sh O r g o n j sh o h o	native
কিশোরগঞ্জে	k i sh O r g o n j e	native
কিশোরগঞ্জের	k i sh O r g o n j e r	native
কিশোরটি	k i sh O r T i	native
কিশোরটিকে	k i sh O r T i k e	native
কিশোরটির	k i sh O r T i r	native
কিশোরবেলার	k i sh O r b e l a r	native
কিশোররা	k i sh O r r a	native
কিশোরসহ	k i sh O r sh o h O	native
কিশোরি	k i sh O r i	native
কিশোরিই	k i sh O r i i	native
কিশোরিকে	k i sh O r i k e	native
কিশোরিগঞ্জ	k i sh O r i g o n j	native
কিশোরিটি	k i sh O r i T i	native
কিশোরিটিকে	k i sh O r i T i k e	native
কিশোরিটির	k i sh O r i T i r	native
কিশোরিদের	k i sh O r i d e r	native
কিশোরির	k i sh O r i r	native
কিশোরিরা	k i sh O r i r a	native
কিশোরিশহ	k i sh O r i sh o h o	native
কিশোরেরা	k i sh O r e r a	native
কিশ্টি	k i sh T i	native
কিস	k i s	loanword
কিসওয়েটার	k i sh O y e T a r	native
কিসওয়েটারকে	k i sh O y e T a r k e	native
কিসওয়েটারের	k i sh O y e T a r e r	native
কিসব	k i sh o b	native
কিসমত	k i sh m o t	native
কিসমিস	k i sh m i sh	native
কিসলু	k i sh l u	native
কিসসা	k i sh sh a	native
কিসার	k i sh a r	native
কিসিঞ্জার	k i s i n j a r	proper_noun
কিসিম	k i sh i m	native
কিসে	k i sh e	native
কিস্তাকাঠি	k i st a k a Th i	native
কিস্তি	k i st i	native
কিস্তিখেলাফ	k i st i kh e l a ph	native
কিস্তিতে	k i st i t e	native
কিস্তিতেও	k i st i t e O	native
কিস্তিবন্দি	k i st i b O nd i	native
কিস্তির	k i st i r	native
কিস্সা	k i sh sh a	native
কিহাক	k i h a k	native
কিড়িমিড়ি	k i r i m i r i	native
কিয়	k i O	native
কিয়ং	k i y o ng	native
কিয়দংশ	k i y o d o ng sh o	native
কিয়স্ক	k i y o s k o	loanword
কিয়া	k i y a	native
কিয়াং	k i y a ng	native
কিয়াত	k i y a t	native
কিয়ান	k i y a n	native
কিয়ানজিন	k i y a n j i n	native
কিয়ানি	k i y a n i	native
কিয়াম	k i y a m	native
কিয়ামত	k i y a m o t	native
কিয়ামতের	k i y a m o t e r	native
কিয়ার	k i y a r	native
কিয়ারে	k i y a r e	native
কিয়াস	k i y a sh o	native
কিয়েন	k i y e n	native
কিয়েভ	k i y e bh	native
কিয়ের	k i y e r o	native
কিয়েসওয়েটার	k i y e sh O y e T a r	native
কিয়েসওয়েটারের	k i y e sh o O y e T a r e r	compound
কিয়োটো	k i y O T O	native
কিয়োডো	k i y O D O	native
কিয়োদো	k i y O d O	native
কিয়ৎ	k i y o t o t	native
কু	k u	native
কুংকুম	k u ng k u m	native
কুংফুর	k u ng ph u r	native
কুইং	k u i ng	native
কুইক	k u i k	native
কুইজ	k u i j	loanword
কুইজভিত্তিক	k u i j bh i tt i k o	loanword
কুইজে	k u i j e	loanword
কুইজের	k u i j e r	loanword
কুইট	k u i T	native
কুইন	k u i n	loanword
কুইনস	k u i n s	proper_noun
কুইনসে	k u i n s e	proper_noun
কুইনাইন	k u i n a i n	loanword
কুইন্টন	k u i n T o n	loanword
কুইন্টাল	k u i n T a l	loanword
কুইন্টালপ্রতি	k u i n T a l pr o t i	loanword
কুইন্টিনা	k u i n T i n a	loanword
কুইন্স	k u i n s	loanword
কুইন্সটাউন	k u i n s T a u n	loanword
কুইন্সল্যান্ড	k u i n s l A n D	loanword
কুইন্সল্যান্ডের	k u i n s l A n D e r	loanword
কুইন্সের	k u i n s e r	loanword
কুইফিন	k u i ph i n	native
কুইবেক	k u i b e k	proper_noun
কুইবেকের	k u i b e k e r	proper_noun
কুইরোজ	k u i r O j	proper_noun
কুইরোজকে	k u i r O j k e	proper_noun
কুইরোজের	k u i r O j e r	proper_noun
কুইয়েরেজ	k u i y e r e j	native
কুউকুই	k u i k u i	native
কুকই	k u k i	native
কুকও	k u k O	native
কুককে	k u k k e	native
কুকথা	k u k o th a	native
কুকদের	k u k d e r	native
কুকবি	k u k O b i	native
কুকরালি	k u k r a l i	native
কুকরিমুকরি	k u k r i m u k r i	native
কুকরিমুকরিতে	k u k r i m u k r i t e	native
কুকর্ম	k u k o r m O	native
কুকর্মের	k u k o r m e r	native
কুকার	k u k a r	native
কুকারের	k u k a r e r	native
কুকিজ	k u k i j	loanword
কুকির্তি	k u k i r t i	native
কুকির্তির	k u k i r t i r o	native
কুকুরই	k u k u r i	native
কুকুরও	k u k u r O	native
কুকুরকে	k u k u r k e	native
কুকুরগুলো	k u k u r g u l O	native
কুকুরগুলোর	k u k u r g u l O r	native
কুকুরটা	k u k u r T a	native
কুকুরটাও	k u k u r T a O	native
কুকুরটাকে	k u k u r T a k e	native
কুকুরটিকে	k u k u r T i k e	native
কুকুরে	k u k u r e	native
কুকুরের	k u k u r e r	native
কুকুয়া	k u k u y a	native
কুকের	k u k e r	native
কুক্কুট	k u k k u T	native
কুক্কুর	k u k k u r	native
কুক্রিয়	k u kr i y O	native
কুক্ষন	k u kkh o n	tatsama
কুক্ষনে	k u kkh o n e	tatsama
কুক্ষি	k u kkh i	tatsama
কুক্ষিগত	k u kkh i g o t O	tatsama
কুকড়িসুকড়ি	k u k r i sh u k r i	native
কুকড়ে	k u k r e	native
কুখাদ্য	k u kh a d d o	native
কুখ্যাতি	k u k kh A t i	native
কুগ্রহ	k u g gr O h O	native
কুচ	k u ch	native
কুচকাওয়াজ	k u ch k a O y a j	native
কুচকাওয়াজে	k u ch k a O y a j e	native
কুচকাওয়াজের	k u ch k a O y a j e r	native
কুচকানো	k u k a n O | k u ch k a n O	native
কুচকি	k u ch k i	native
কুচকিকন্ঠা	k u ch k i k o n Th a	native
কুচকিতে	k u ch k i t e	native
কুচকির	k u ch k i r	native
কুচকুচ	k u ch k u ch	native
কুচকুচি	k u ch k u ch i	native
কুচকুচির	k u ch k u ch i r	native
কুচকুচে	k u ch k u ch e	native
কুচকে	k u ch k e	native
কুচক্র	k u ch o kr O	native
কুচক্রি	k u ch O kr i | k u ch o kr i	native
কুচক্রিরা	k u ch o kr i r a	native
কুচনার	k u ch n a r	native
কুচফল	k u ch ph o l	native
কুচবিহার	k u ch b i h a r	native
কুচবিহারের	k u ch b i h a r e r	native
কুচরিত্র	k u ch O r i tr O	native
কুচর্যা	k u ch o r j a	native
কুচা	k u ch a	native
কুচাইপট্টি	k u ch a i p o T T i	native
কুচাগ্র	k u ch a g gr O	native
কুচারের	k u ch a r e r	native
কুচিকা	k u ch i k a	native
কুচিকিৎসক	k u ch i k i t sh o k	native
কুচিন্তা	k u ch i nt a	native
কুচিলা	k u ch i l a	native
কুচে	k u ch e	native
কুচেল	k u ch e l	native
কুচেশ্টা	k u ch e sh T a	native
কুচ্ছা	k u ch ch a	native
কুছ	k u chh	native
কুজ	k u j	native
কুজকো	k u j k O	native
কুজন	k u j o n	native
কুজশ	k u j o sh	native
কুজা	k u j a	native
কুজাত্রা	k u j a tr a	native
কুজি	k u j i	native
কুজুক্তি	k u j u kt i	native
কুজো	k u j O	native
কুজ্ঝটিজাল	k u j jh o T i j a l	native
কুঞ্চন	k u n ch o n	native
কুঞ্চি	k u n ch i	native
কুঞ্চিকা	k u n ch i k a	native
কুঞ্চিত	k u n ch i t O	native
কুঞ্জবন	k u n j o b o n	native
কুঞ্জবিহারি	k u n j o b i h a r i	native
কুঞ্জর	k u n j o r	native
কুঞ্জল	k u n j o l	native
কুঞ্জে	k u n j e	native
কুট	k u T | k u T o	native
কুটকোউশল	k u T O k O O sh o l | k u T o k O u sh o l	native
কুটকোউশলে	k u T k O u sh o l e	native
কুটকোউশলের	k u T k O u sh o l e r | k u T o k O u sh o l e r	native
কুটচাল	k u T o ch a l	native
কুটতর্ক	k u T o t o r k o	native
কুটতর্কে	k u T o t o r k e	native
কুটনইতিক	k u T n O i t i k	native
কুটনইতিকভাবে	k u T n O i t i k bh a b e	native
কুটনিতি	k u T n i t i	native
কুটনিতিক	k u T n i t i k	native
কুটনিতিকই	k u T n i t i k i	native
কুটনিতিকও	k u T n i t i k O	native
কুটনিতিককে	k u T n i t i k k e	native
কুটনিতিকদের	k u T n i t i k d e r	native
কুটনিতিকরা	k u T n i t i k r a	native
কুটনিতিকশহ	k u T n i t i k sh o h o	native
কুটনিতিকে	k u T n i t i k e	native
কুটনিতিকের	k u T n i t i k e r	native
কুটনিতিকেরা	k u T n i t i k e r a	native
কুটনিতিকেরাও	k u T n i t i k e r a O	native
কুটনিতিতে	k u T n i t i t e	native
কুটনিতিবিদ	k u T n i t i b i d	native
কুটনিতির	k u T n i t i r	native
কুটনোইতিক	k u T n i t i k	native
কুটনোইতিকদের	k u T n i t i k d e r	native
কুটনোইতিকভাবে	k u T n i t i k bh a b e	compound
কুটবুদ্ধি	k u T b u d dh i	tatsama
কুটস্থ	k u T o sth O	native
কুটা	k u T a	native
কুটাগার	k u T a g a r	native
কুটাভাস	k u T a bh a sh	native
কুটার্থ	k u T a r th O	native
কুটি	k u T i	native
কুটিকুটি	k u T i k u T i	native
কুটিনি	k u T i n i	native
কুটিবাড়ি	k u T i b a r i	native
কুটির	k u T i r	native
কুটিরশিল্প	k u T i r sh i l p O	native
কুটিরের	k u T i r e r	native
কুটিল	k u T i l	native
কুটিলতা	k u T i l o t a	native
কুটুজ	k u T u j	native
কুটুমবাড়ি	k u T u i b a r i	native
কুটুম্ব	k u T u mb o	native
কুটুর	k u T u r	native
কুটে	k u T e	native
কুটো	k u T O	native
কুট্টন	k u T T o n	native
কুট্টমিত	k u T T O m i t O	native
কুট্টাপাড়া	k u T T a p a r a	native
কুট্টি	k u T T i	native
কুঠ	k u Th	native
কুঠরি	k u Th o r i	native
কুঠার	k u Th a r	native
কুঠারাঘাত	k u Th a r a gh a t	native
কুঠারি	k u Th a r i	native
কুঠারিকা	k u Th a r i k a	native
কুঠি	k u Th i	native
কুঠিতে	k u Th i t e	native
কুঠিবাড়ি	k u Th i b a r i	native
কুঠিবাড়ি	k u Th i b a r i	native
কুঠিবাড়িতে	k u Th i b a r i t e	native
কুঠিবাড়ির	k u Th i b a r i r	native
কুঠির	k u Th i r	native
কুঠুরিতে	k u Th u r i t e	native
কুড়িগ্রাম	k u r i gr a m	native
কুত	k u t	native
কুতঘাট	k u t gh a T	native
কুতর্ক	k u t o r k O	native
কুতুক	k u t u k o	native
কুতুকুত	k u t u k u t	native
কুতুপ	k u t u p	native
কুতুব	k u t u b	native
কুতুবউদ্দিন	k u t u b u d d i n	native
কুতুবখালি	k u t u b kh a l i	native
কুতুবখালিতে	k u t u b kh a l i t e	native
কুতুবখালির	k u t u b kh a l i r	native
কুতুবজুম	k u t u b j u m	native
কুতুবজোম	k u t u b j O m	native
কুতুবদিয়া	k u t u b d i y a	native
কুতুবদিয়াপাড়া	k u t u b d i y a p a r a	compound
কুতুবদিয়ার	k u t u b d i y a r	native
কুতুবদিয়ায়	k u t u b d i y a y o	native
কুতুবপুর	k u t u b p u r	native
কুতুবপুরে	k u t u b p u r e	native
কুতুবি	k u t u b i	native
কুতুবুদ্দিন	k u t u b u d d i n	native
কুতুবুর	k u t u b u r	native
কুতুবের	k u t u b e r	native
কুতুবেরহাট	k u t u b e r h a T	native
কুতুহল	k u h u h o l o	native
কুত্তা	k u tt a	native
কুত্তার	k u tt a r	native
কুত্রাপি	k u tr a p i	native
কুত্সা	k u t sh a	native
কুথলি	k u th l i	native
কুদ	k u d	native
কুদন	k u d o n	native
কুদর	k u d r u	native
কুদরত	k u d r o t	native
কুদরতের	k u d r o t e r	native
কুদরাত	k u d r a t	native
কুদরাত-এ-খুদা	k u d r a t e kh u d a	compound
কুদরিন	k u d r i n	native
কুদর্শন	k u d o r o sh O n	native
কুদস	k u d sh	native
কুদসিতে	k u d sh i t e	native
কুদা	k u d a	native
কুদিন	k u d i n	native
কুদু	k u d u	native
কুদৃশ্টি	k u d r i sh T i	tatsama
কুদ্দুছ	k u d d u chh	native
কুদ্দুস	k u d d u sh	native
কুদ্দুসকে	k u d d u sh k e	native
কুদ্দুসশহ	k u d d u sh sh o h o	native
কুদ্দুসের	k u d d u sh e r	native
কুদ্স	k u d sh	native
কুধারা	k u dh a r a	native
কুন	k u n	native
কুনকি	k u n k i	native
কুনকুন	k u n k u n	native
কুনকে	k u n k e	native
কুনখ	k u n o kh k u n O kh	native
কুনজর	k u n o j O r	native
কুনপ	k u n O p	native
কুনমিং	k u n m i ng	proper_noun
কুনমিংয়ে	k u n o m i ng y e	proper_noun
কুনমিংয়ের	k u n o m i ng y e r	proper_noun
কুনাম	k u n a m	native
কুনার	k u n a r	native
কুনারে	k u n a r e	native
কুনি	k u n i	native
কুনিতি	k u n i t i	native
কুনিপাড়া	k u n i p a r a	native
কুনিপাড়ার	k u n i p a r a r	native
কুনিপাড়ায়	k u n i p a r a y o	native
কুনিস	k u n i sh	native
কুনু	k u n u	native
কুনের	k u n e r	native
কুনো	k u n O	native
কুনোব্যাং	k u n O b A ng	native
কুন্ঠ	k u n Th O	native
কুন্ঠক	k u n Th o k	native
কুন্ঠা	k u n Th o | k u n Th a	native
কুন্ঠাবোধ	k u n Th a b O dh	native
কুন্ঠিত	k u n Th o t | k u n Th i t O	native
কুন্ড	k u n D O	native
কুন্ডল	k u n D o l	native
কুন্ডলি	k u n D o l i | k u n D O l i	native
কুন্ডলিনি	k u n D O l i n i	native
কুন্ডা	k u n D a	native
কুন্ডু	k u n D u	native
কুন্ডুকে	k u n D u k e	native
কুন্ডুর	k u n D u r	native
কুন্ডের	k u n D e r	native
কুন্ডেশ্বরি	k u n D e sh sh o r i	tatsama
কুন্ডেশ্বরিতে	k u n D e sh sh o r i t e	tatsama
কুন্ডেশ্বরির	k u n D e sh sh o r i r	tatsama
কুন্ত	k u nt O	native
কুন্তল	k u nt o l	native
কুন্থন	k u n th o n	native
কুন্দ	k u nd O	native
কুন্দন	k u nd O n	native
কুন্দনের	k u nd O n e r	native
কুন্দল	k u nd o l	native
কুন্দা	k u nd a	native
কুন্দুজ	k u nd u j	native
কুন্দ্রা	k u ndr a	native
কুন্যার	k u n n e r	native
কুপ	k u p	native
কুপওয়ারা	k u p O y a r a	native
কুপগুলো	k u p g u l O	native
কুপগুলোর	k u p g u l O r	native
কুপটি	k u p T i	native
কুপটিতে	k u p T i t e	native
কুপটির	k u p T i r o	native
কুপথ	k u p o th	native
কুপথ্য	k u p O t th O	native
কুপদোন	k u p d O n o	native
কুপন	k u p o n	native
কুপনও	k u p o n O	native
কুপনে	k u p o n e	native
কুপনেও	k u p o n e O	native
কুপনের	k u p O n e r	native
কুপমন্ডুকতা	k u p m o n D u k o t a	native
কুপমন্ডুকতার	k o k u p m o n D u k o t a r	native
কুপরামর্শ	k u p o r a m o r sh O	native
কুপাত্র	k u p a tr O	native
কুপার	k u p a r	proper_noun
কুপারের	k u p a r e r	proper_noun
কুপি	k u p i	native
কুপিত	k u p i t O	native
কুপিবাতি	k u p i b a t i	native
কুপিবাতির	k u p i b a t i r	native
কুপির	k u p i r	native
কুপিয়ে	k u p i y e	native
কুপিয়েছে	k u p i y e chh e	native
কুপিয়েছেন	k u p i y e chh e n	native
কুপুত্র	k u p u tr O	native
কুপুরুশ	k u p u r u sh o	native
কুপে	k u p e	native
কুপের	k u p e r	native
কুপোকাত	k u p O k a t	native
কুপোদক	k u p O d o k	native
কুপোশ্য	k u p O sh sh O	native
কুপ্পি	k u p p i	native
কুপ্য	k u p p O	native
কুপ্রবৃত্তি	k u pr o b r i tt i	tatsama
কুপ্রবৃত্তিকে	k u pr o b r i tt i k e	tatsama
কুপ্রবৃত্তিগুলো	k u r o b r i tt i g u l O	tatsama
কুপ্রবৃত্তির	k u pr o b r i tt i r	tatsama
কুপ্রস্তাব	k u pr O st a b	native
কুফরা	k u ph r a	native
কুফরার	k u ph r a r	native
কুফরি	k u ph O r i	native
কুফল	k u ph o l	native
কুফা	k u ph a	native
কুফার	k u ph a r	native
কুফেইয়া	k u ph o i y a	native
কুবক্তা	k u b o kt a	native
কুবলাই	k u b l a i	proper_noun
কুবলয়	k u b o l o y o	native
কুবাদ	k u b a d	native
কুবার	k u b a r	native
কুবাস	k u b a sh	loanword
কুবাসনা	k u b a sh O n a	loanword
কুবিচার	k u b i ch a r	native
কুবিধা	k u b i dh a	native
কুবিন্দ	k u b i nd O	native
কুবিন্দু	k u b i nd u	native
কুবুজা	k u b u j a	native
কুবুদ্ধি	k u b u d dh i	tatsama
কুবুদ্ধির	k u b u d dh i r o	tatsama
কুবৃত্তি	k u b ri tt i	tatsama
কুবেনি	k u b e n i	native
কুবের	k u b e r	native
কুবেরের	k u b e r e r	native
কুব্জ	k u b j O	native
কুভোজন	k u bh O j o n	native
কুম	k u m	native
কুমকুম	k u m k u m	native
কুমকুমকে	k u m k u m k e	native
কুমকুমারি	k u m k u m a r i	native
কুমকুমের	k u m k u m e r	native
কুমতি	k u m O t i	native
কুমন্ত্রনা	k u m o nt r o n a	native
কুমন্ত্রি	k u m O nt r i	native
কুমরে	k u m r e p O k a	native
কুমাতা	k u m a t a	native
কুমারও	k u m a r O	native
কুমারকে	k u m a r k e	native
কুমারখালিতে	k u m a r kh a l i t e	native
কুমারখালির	k u m a r kh a l i r	native
কুমারগাও	k u m a r o r g a O | k u m a r g a O	native
কুমারটুলি	k u m a r T u l i	native
কুমারপাড়া	k u m a r p a r a	native
কুমারভোগ	k u m a r bh O g	native
কুমারা	k u m a r a	native
কুমারান	k u m a r a n	native
কুমারি	k u m a r i	native
কুমারিকা	k u m a r i k a	native
কুমারির	k u m a r i r	native
কুমারের	k u m a r e r	native
কুমারেশ	k u m a r e sh	native
কুমি	k u m i	native
কুমিরটা	k u m i r T a	native
কুমিরটি	k u m i r T i	native
কুমিরটিকে	k u m i r T i k e	native
কুমিরমারা	k u m i r m a r a	native
কুমিরা	k u m i r a	native
কুমিরায়	k u m i r a y o	native
কুমিরের	k u m i r e r	native
কুমিল্লা-সিলেট	k u m i l l a sh i l e T	compound
কুমিল্লাকে	k u m i l l a k e	native
কুমিল্লাগামি	k u m i l l a g a m i	native
কুমিল্লাবাসি	k u m i l l a b a sh i	loanword
কুমিল্লাবাসির	k u m i l l a b a sh i	compound
কুমিল্লার	k u m i l l a r	native
কুমিল্লাশহ	k u m i l l a sh o h o	native
কুমিল্লায়	k u m i l l a y o	native
কুমুদ	k u m u d	native
কুমুদিনি	k u m u d i n i	native
কুমেক	k u m e k	native
কুমেরু	k u m e r u	native
কুম্বলে	k u mb l e	native
কুম্বলের	k u mb O l e r	native
কুম্ভ	k u m bh O	native
কুম্ভকর্ন	k u m bh o k o r n o | k u m bh O k o r n O	native
কুম্ভকর্নের	k u m bh o k o r n e r | k u m bh O k o r n e r	native
কুম্ভকে	k u m bh o k e	native
কুম্ভিকা	k u m bh i k a	native
কুম্ভিপাক	k u m bh i p a k	native
কুম্ভির	k u m bh i r	native
কুমড়া	k u m r a	native
কুমড়াখালি	k u m o r a kh a l i	native
কুমড়ার	k u m r a r	native
কুমড়ো	k u m r O	native
কুমড়োর	k u m r O r	native
কুরআন	k u r a n	native
কুরআনকে	k u r a n k e	native
কুরআনুল	k u r a n u l	native
কুরআনে	k u r a n e	native
কুরআনের	k u r a n e r	native
কুরচাভা	k u r ch a bh a	native
কুরচাভার	k u r ch a bh a r	native
কুরনি	k u r n i	native
কুরনিশ	k u r n i sh	native
কুরব	k u r o b	native
কুরবক	k u r b o k	native
কুরবান	k u r b a n	native
কুরবানি	k u r b a n i	native
কুরবানির	k u r b a n i r	native
কুরমা	k u r m a	native
কুরমানবেক	k u r o m a n b e k	native
কুরমানবেগ	k u r o m a n b e g	native
কুররাম	k u r r a m	native
কুররামে	k u r r a m e	native
কুরল	k u r o l	native
কুরসি	k u r o sh i	native
কুরা	k u r a	native
কুরাইশ	k u r a i sh	native
কুরাইশদের	k u r a i sh d e r	native
কুরাইশরা	k u r a i sh r a	native
কুরানি	k u r a n i	native
কুরামে	k u r a m e	native
কুরি	k u r i	native
কুরিতি	k u r i t i	native
কুরিয়ার	k u r i a r	native
কুরিয়ারজোগে	k u r i y a r j O g e	native
কুরিয়ারে	k u r i y a r e	native
কুরিয়ারের	k u r i y a r e r	native
কুরু	k u r u	native
কুরুক্ষেত্র	k u r u kh e tr O	tatsama
কুরুক্ষেত্রের	k u r u kh e tr e r	tatsama
কুরুচি	k u r u ch i	native
কুরুচিকর	k u r u ch i k o r	native
কুরুচিপুর্ন	k u r u ch i p u r n O | k u r o ch i p u r n o	native
কুরুনি	k u r u n i	native
কুরুপ	k u r u p	native
কুরুপ্পু	k u r u p p u	native
কুরুবিন্দ	k u r u b i nd O	native
কুরুল	k u r u l	native
কুরুশ–কাটা	k u r u sh k a T a	native
কুরে	k u r e	native
কুরেশি	k u r e sh i	native
কুরেশির	k u r e sh i r	native
কুরোসাওয়া	k u r O sh a O y a	native
কুর্চ	k u r ch O	native
কুর্চিকা	k u r ch i k a	native
কুর্ট	k u r T	proper_noun
কুর্তা	k u r t a	native
কুর্তার	k u r t a r	native
কুর্তায়	k u r t a y	native
কুর্তি	k u r t i	native
কুর্তির	k u r t i r	native
কুর্দন	k u r d o n	native
কুর্দি	k u r d i	native
কুর্দিদের	k u r d i d e r	native
কুর্দিস্তান	k u r d i st a n	proper_noun
কুর্দিস্তানের	k u r d i st a n e r	compound
কুর্নিকোভা	k u r n i k O bh a	native
কুর্নিশ	k u r n i sh	native
কুর্ম	k u r m o | k u r m O	native
কুর্মি	k u r m i	native
কুর্মিটোলা	k u r m i T O l a	native
কুর্মিটোলার	k u r m i T O l a r	native
কুর্মিটোলায়	k u r m i T O l a y o	native
কুর্মির	k u r m i r	native
কুর্শা	k u r sh a	native
কুর্সিকাটা	k u r sh i k a T a	native
কুল	k u l	native
কুলকান্দি	k u l a k a nd i	native
কুলকার্নি	k u l k a r n i	proper_noun
কুলকার্নির	k u l k a r n i r	proper_noun
কুলকিনারা	k u l k i n a r a	native
কুলকুচি	k u l k u ch i	native
কুলকুন্ডলিনি	k u l O k u n D O l i n i	native
কুলকুল	k u l k u l	native
কুলক্ষন	k u l o kkh O n	tatsama
কুলখানিতে	k u l kh a n i t e	native
কুলখানির	k u l kh a n i r	native
কুলগ্ন	k u l o g n O	native
কুলছুম	k u l chh u m	native
কুলছুমা	k u l chh u m a	native
কুলজি	k u l j i	native
কুলটা	k u l T a	native
কুলড	k u l D	native
কুলত্থ	k u l o t th O	native
কুলদিপ	k u l d i p	native
কুলফি	k u l ph i	native
কুলফির	k u l ph i r	native
কুলম্ব	k u l o mb O	native
কুলসন	k u l sh o n	native
কুলসুম	k u l sh u m	native
কুলসুমা	k u l sh u m a	native
কুলসুমের	k u l sh u m e r	native
কুলা	k u l a	native
কুলাংগার	k u l a ng g a r	native
কুলাউড়া	k u l a u r a	native
কুলাউড়ার	k u l a u r a r	native
কুলাউড়ায়	k u l a u r a y	native
কুলাঘাট	k u l a gh a T	native
কুলাচার	k u l a ch a r	native
কুলাচার্য	k u l a ch a r o j O	native
কুলাত	k u l a t	native
কুলাতে	k u l a t e	native
কুলাদ্রি	k u l a d r i	native
কুলানো	k u l a n O	native
কুলাবে	k u l a b e	native
কুলাভিমান	k u l a bh i m a n	native
কুলাল	k u l a l o	native
কুলাসেকারা	k u l a sh e k a r a	native
কুলাসেকারাকে	k u l a sh e k a r a k e	native
কুলাসেকারার	k u l a sh e k a r a r	native
কুলাসেকেরা	k u l a sh e k e r a	native
কুলাহক	k u l a h o k o	native
কুলায়	k u l a y o	native
কুলায়িকা	k u l a y i k a	native
কুলি	k u l i	native
কুলিং	k u l i ng	native
কুলিকে	k u l i k e	native
কুলিতা	k u l i t a	native
কুলিদের	k u l i d e r	native
কুলিন	k u l i n	native
কুলিনা	k u l i n a	native
কুলির	k u l i r	native
কুলিয়া	k u l i y a	native
কুলিয়ার	k u l i y a r	native
কুলিয়ারচর	k u l i y a r ch o r	native
কুলিয়ারচরে	k u l i y a r ch o r e	native
কুলিয়ারচরের	k u l i y a r ch o r e r	native
কুলিয়ে	k u l i y e	native
কুলু	k u l u	native
কুলুখ	k u l u kh o	native
কুলে	k u l e	native
কুলের	k u l e r	native
কুলো	k u l O	native
কুলোতে	k u l O t e	native
কুলোয়	k u l O y o	native
কুল্যা	k u l l a	native
কুল্লে	k u l l e	native
কুশ	k u sh	native
কুশখালি	k u sh kh a l i	native
কুশন	k u sh O n	native
কুশনকভার	k u sh o n k o bh a r	native
কুশনের	k u sh o n e r	native
কুশন্ডিকা	k u sh O n D i k a	native
কুশপুত্তলিকা	k u sh p u tt O l i k a	native
কুশল	k u sh o l	native
কুশলতার	k u sh o l o t a r	native
কুশলবিনিময়	k u sh o l b i n i m o y	native
কুশলি	k u sh O l i | k u sh o l i	native
কুশলিদের	k u sh O l i d e r | k u sh o l i d e r	native
কুশলিরা	k u sh o l i r a	native
কুশলের	k u sh o l e r	native
কুশাং	k u sh a ng	native
কুশাংকুর	k u sh a ng k u r	native
কুশাগ্র	k u sh a g gr O	native
কুশাল	k u sh a l	native
কুশাসন	k u sh a sh O n	native
কুশাসনের	k u sh a sh o n e r	native
কুশি	k u sh i | k u l i	native
কুশিক্ষা	k u sh i kkh a	tatsama
কুশিলব	k u sh i l o b | k u l i l o b	native
কুশিলবদের	k u sh i l o b d e r	native
কুশিলবের	k u sh i l o b e r	native
কুশিলবেরা	k u sh i l o b e r a	native
কুশিশ	k u sh i sh o	native
কুশিয়ারা	k u sh i y a r a	native
কুশিয়ারার	k u sh i y a r a r	native
কুশিয়ারি	k o sh i y a r i	native
কুশুই	k u sh u i	native
কুশুম	k u sh u m	native
কুশেশয়	k u sh e sh o y	native
কুশ্টিয়া	k u sh T i a | k u sh T i y a	native
কুশ্টিয়াগামি	k o k u sh T i y a g a m i	native
কুশ্টিয়ার	k u sh T i a r | k u sh T i y a r	native
কুশ্টিয়াশহ	k u sh T i y a sh o h o	native
কুশ্টিয়ায়	k u sh T i y a y	native
কুশ্ঠ	k u sh Th O | k u sh Th o	native
কুশ্ঠরোগ	k u sh Th O r O g | k u sh Th o r O g o	native
কুশ্ঠরোগি	k u sh Th o r O g i	native
কুশ্ঠরোগিদের	k o k u sh Th o r O d e r	native
কুশ্ঠরোগে	k o k u sh Th o r O g e	native
কুশ্ঠরোগের	k o k u sh Th o r O g e r	native
কুশ্ঠের	k u sh Th o r	native
কুশ্রি	k u sh r i	native
কুসংগ	k u sh o ng g O	native
কুসংসর্গ	k u sh o ng sh o r g O	native
কুসংস্কার	k u sh o ng s k a r	loanword
কুসংস্কারমুক্ত	k u sh o ng s k a r m u kt o	loanword
কুসংস্কারাচ্ছন্ন	k u sh o ng s k a r a ch chh O nn O	loanword
কুসংস্কারে	k u sh o ng s k a r e	loanword
কুসংস্কারের	k u sh o ng s k a r e r	loanword
কুসা	k u sh a	native
কুসাক	k u sh a k	native
কুসাকে	k u sh a k e	native
কুসার	k u sh a r	native
কুসি	k u sh i	native
কুসিম্বি	k u sh i mb i	native
কুসুন্দা	k u sh u nd a	native
কুসুম	k u sh u m	native
কুসুমকে	k u sh u m k e	native
কুসুমপুরের	k u sh u m p u r e r	native
কুসুমাস্তির্ন	k u sh u m a st i r n o	compound
কুসুমে	k u sh u m e	native
কুসুম্বা	k u sh u mb a	native
কুস্তিগির	k u st i g i r	native
কুস্তিতে	k u st i t e	native
কুস্তির	k u st i r	native
কুস্বপ্ন	k u sh o p n O	tatsama
কুস্বভাব	k u sh o bh a b	tatsama
কুহক	k u h o k	native
কুহতুর	k u h t u r	native
কুহর	k u h o r	native
কুহরন	k u h o r o n	native
কুহরা	k u h o r a	native
কুহা	k u h a	native
কুহিনুর	k u h i n u r	native
কুহিনুরের	k u h i n u r e r	native
কুহু	k u h u	native
কুহেলি	k u h e l i	native
কুহোর	k u h O r	native
কুহ্কাফ	k u h k a ph	native
কুহ–ই–কাফ	k u h i k a ph	native
কুৎসা	k u t sh a	native
কুৎসাপুর্ন	k u t sh a p u r n o	native
কুৎসামুলক	k u t sh a m u l o k	native
কুৎস্য	k u t sh sh o	native
কুড়	k u r	native
কুড়চি	k u r ch i	native
কুড়বা	k u r O b a	native
কুড়মুড়	k u r m u r	native
কুড়ল	k u r o l	native
কুড়া	k u r a	native
কুড়াচ্ছেন	k u r a ch chh e n	native
কুড়াতে	k u r a t e	native
কুড়ান	k u r a n	native
কুড়ানো	k u r a n O	native
কুড়ানোর	k u r a n O r	native
কুড়ার	k u r a r	native
কুড়াল	k u r a l	native
কুড়ালের	k u r a l e r	native
কুড়ায়	k u r a y o	native
কুড়ি	k u r i	native
কুড়িকানি	k u r i k a n i	native
কুড়িগ্রাম	k u r i gr a m o	native
কুড়িগ্রামশহ	k u r i gr a m sh o h o	native
কুড়িগ্রামে	k u r i gr a m e	native
কুড়িগ্রামের	k u r i gr a m e r	native
কুড়িজন	k u r i j o n	native
কুড়িটি	k u r i T i	native
কুড়িপাড়া	k u r i p a r a	native
কুড়িবার	k u r i b a r	native
কুড়ির	k u r i r	native
কুড়িল	k u r i l	native
কুড়িলে	k u r i l e	native
কুড়িলের	k u r i l e r	native
কুড়িয়ানা	k u r i y a n a	native
কুড়িয়ে	k u r i y e	native
কুড়িয়েছিল	k u r i y e chh i l	native
কুড়িয়েছিলেন	k u r i y e chh i l e n	native
কুড়িয়েছে	k u r i y e chh e	native
কুড়িয়েছেন	k u r i y e chh e n	native
কুড়ুতা	k u r u t a	native
কুড়ুমতাল	k u r u m t a l	native
কুড়ে	k u r e	native
কুড়েঘর	k u r e gh o r	native
কুড়েঘরে	k u r e gh o r e	native
কুড়েঘরের	k u r e gh o r e r	native
কুড়ো	k u r O	native
কুয়র	k u O r	native
কুয়া	k u y a	native
কুয়াং	k u y a ng	native
কুয়াকাটা	k u y a k a T a	native
কুয়াকাটাকে	k u y a k a T a k e	native
কুয়াকাটার	k u y a k a T a r	native
কুয়াকাটাশহ	k u y a k a T a sh o h o	native
কুয়াকাটাসংলগ্ন	k u y a k a T a sh o ng l o g n o	compound
কুয়াকাটায়	k u y a k a T a y o	native
কুয়াগলিয়ারেল্লা	k u y a g o l i y a r e l l a	compound
কুয়াদা	k u y a d a	native
কুয়ান	k u y a n	native
কুয়ার	k u y a r	native
কুয়ালালামপুর	k u y a l a l a m p u r	native
কুয়ালালামপুরভিত্তিক	k u y a l a l a m p u r bh i tt i k	compound
কুয়ালালামপুরে	k u y a l a l a m p u r e	compound
কুয়ালালামপুরের	k u y a l a l a m p u r e r	compound
কুয়াশা	k u y a sh a	native
কুয়াশাচ্ছন্ন	k u y a sh a ch chh o nn o	native
কুয়াশার	k u y a sh a r	native
কুয়াশায়	k u y a sh a y o	native
কুয়াশিয়া	k u y a sh i y a	native
কুয়ে	k u y e	native
কুয়েট	k u y e T	native
কুয়েটে	k u y e T e	native
কুয়েটের	k u y e T e r	native
কুয়েত	k u y e t	native
কুয়েতশহ	k u y e t sh o h o	native
কুয়েতি	k u y e t i	native
কুয়েতিকে	k u y e t i k e	native
কুয়েতির	k u y e t i r	native
কুয়েতে	k u y e t e	native
কুয়েতের	k u y e t e r	native
কুয়েনকা	k u y e n k a	native
কুয়ের	k u y e r	native
কুয়ো	k u y O	native
কুয়োর	k u y O r	native
কু–মতলব	k u m o t l o b	native
কৃকেট	k ri k e T	tatsama
কৃচ্ছ্র	k ri ch chh r O	tatsama
কৃচ্ছ্রতা	k ri ch chh o t a	tatsama
কৃচ্ছ্রতার	k ri ch chh o t a r	tatsama
কৃচ্ছ্রসাধন	k ri ch chh o sh a dh o n	tatsama
কৃচ্ছ্রসাধনের	k ri ch chh o sh a dh o n e r	tatsama
কৃত	k ri t O	tatsama
কৃতক	k ri t o k	tatsama
কৃতকর্ম	k ri t o k o r m o	tatsama
কৃতকর্মের	k ri t O k o r m e r	tatsama
কৃতকার্য	k ri t O k a r j O	tatsama
কৃতজুগ	k ri t O j u g	tatsama
কৃতজ্ঞচিত্তে	k ri t O g g O ch i tt e	tatsama
কৃতজ্ঞতাই	k ri t o g g o t a i	tatsama
কৃতজ্ঞতাও	k ri t o g g o t a O	tatsama
কৃতজ্ঞতাভাজন	k ri t o g g o t a bh a j o n	tatsama
কৃতজ্ঞতার	k ri t o g g o t a r	tatsama
কৃতজ্ঞতাস্বরুপ	k ri t o g g o t a sh o r u p o	tatsama
কৃতজ্ঞতায়	k ri t o g g o t a y o	tatsama
কৃতবিদ্য	k ri t o b i d d o	tatsama
কৃতাঞ্জলি	k ri t a n j O l i	tatsama
কৃতান্ত	k ri t a nt O	tatsama
কৃতাপরাধ	k ri t a p O r a dh	tatsama
কৃতাভিশেক	k ri t a bh i sh e k	tatsama
কৃতার্থ	k ri t a r th o	tatsama
কৃতার্থম্মন্য	k ri t a r th O mm o n n O	tatsama
কৃতি	k ri t i	tatsama
কৃতিত্ব	k ri t i t t O	tatsama
কৃতিত্বই	k ri t i t t O i	tatsama
কৃতিত্বও	k ri t i t t O O	tatsama
কৃতিত্বকে	k ri t i t t o k e	tatsama
কৃতিত্বটা	k ri t i t t O T a	tatsama
কৃতিত্বটাই	k ri t i t t o T a i	tatsama
কৃতিত্বটাও	k ri t i t t o T a O	tatsama
কৃতিত্বপুর্ন	k ri t i t t O p u r n O | k ri t i t t o p u r n o	tatsama
কৃতিত্বে	k ri t i t t e	tatsama
কৃতিত্বের	k ri t i t t e r	tatsama
কৃতির	k ri t i r	tatsama
কৃতোদ্বাহ	k ri t O d b a h O	tatsama
কৃতোপকার	k ri t O p O k a r	tatsama
কৃত্ত	k ri tt O	tatsama
কৃত্তি	k ri tt i	tatsama
কৃত্তিক	k ri tt i k	tatsama
কৃত্তিকা	k ri tt i k a	tatsama
কৃত্তিবাস	k ri tt i b a sh	tatsama
কৃত্তিম	k ri tt i m	tatsama
কৃত্য	k ri t t O	tatsama
কৃত্রিম	k ri tr i m	tatsama
কৃত্রিমতা	k ri tr i m o t a	tatsama
কৃত্রিমভাবে	k ri t ri m bh a b e	tatsama
কৃদন্ত	k ri d o nt O	tatsama
কৃন্তক	k ri nt o k	tatsama
কৃন্তন	k ri nt o n	tatsama
কৃপন	k ri p o n	tatsama
কৃপনতা	k ri p o n o t a	tatsama
কৃপা	k ri p a	tatsama
কৃপান	k ri p a n	tatsama
কৃপার	k ri p a r	tatsama
কৃপায়	k ri p a y o	tatsama
কৃমিনাশক	k ri m i n a sh O k	tatsama
কৃমির	k ri m i r	tatsama
কৃশক	k ri sh o k	tatsama
কৃশকই	k ri sh o k i	tatsama
কৃশকও	k ri sh o k O	tatsama
কৃশককে	k ri sh o k k e	tatsama
কৃশককেও	k ri sh o k k e O	tatsama
কৃশকদের	k ri sh o k d e r o	tatsama
কৃশকদেরই	k ri sh o k d e r o i	tatsama
কৃশকদেরও	k ri sh o k d e r o O	tatsama
কৃশকনেতা	k ri sh o k n e t a	tatsama
কৃশকপর্যায়ে	k ri sh o k p o r A y e	tatsama
কৃশকবান্ধব	k ri sh o k b a ndh o b o	tatsama
কৃশকরা	k ri sh o k r a	tatsama
কৃশকরাও	k ri sh o k r a O	tatsama
কৃশকলিগের	k ri sh o k l i g e r	tatsama
কৃশকায়	k ri sh o k a y o	tatsama
কৃশকের	k ri sh o k e r	tatsama
কৃশকেরা	k ri sh o k e r a	tatsama
কৃশকেরাই	k ri sh o k e r a i	tatsama
কৃশকেরাও	k ri sh o k e r a O	tatsama
কৃশাংগ	k ri sh a ng g O	tatsama
কৃশান	k ri sh a n	tatsama
কৃশানু	k r i sh a n u	tatsama
কৃশি	k ri sh i	tatsama
কৃশিও	k ri sh i O	tatsama
কৃশিকাজ	k ri sh i k a j	tatsama
কৃশিকাজে	k ri sh i k a j e	tatsama
কৃশিকাজের	k ri sh i k a j e r	tatsama
কৃশিকে	k ri sh i k e	tatsama
কৃশিক্ষেত্র	k ri sh i kkh e tr o	tatsama
কৃশিক্ষেত্রে	k ri sh i kkh e tr e	tatsama
কৃশিক্ষেত্রের	k ri sh i kkh e tr e r	tatsama
কৃশিখাতে	k ri sh i kh a t e	tatsama
কৃশিজ	k ri sh i j o	tatsama
কৃশিজমি	k ri sh i j o m i	tatsama
কৃশিজমিও	k ri sh i j o m i O	tatsama
কৃশিজমিতে	k ri sh i j o m i t e	tatsama
কৃশিজমির	k ri sh i j o m i r	tatsama
কৃশিজাত	k ri sh i j a t	tatsama
কৃশিজিবি	k ri sh i j i b i	tatsama
কৃশিজিবিরা	k ri sh i j i b i r a	tatsama
কৃশিতথ্য	k ri sh i t o th th o	tatsama
কৃশিতে	k ri sh i t e	tatsama
কৃশিতেও	k ri sh i t e O	tatsama
কৃশিদ্রব্য	k ri sh i d r O b b O	tatsama
কৃশিনিতি	k ri sh i n i t i	tatsama
কৃশিনিতির	k ri sh i n i t i r	tatsama
কৃশিনির্ভর	k ri sh i n i r bh o r	tatsama
কৃশিপন্য	k ri sh i p o n n o | k ri sh i p O n n O	tatsama
কৃশিপন্যে	k ri sh i p o n n e	tatsama
কৃশিপন্যের	k ri sh i p o n n e r | k ri sh i p O n n e r	tatsama
কৃশিপ্রজুক্তি	k ri sh i pr O j u kt i | k ri sh i pr o j u kt i	tatsama
কৃশিপ্রধান	k ri sh o pr o dh a n	tatsama
কৃশিবল	k ri sh i b o l	tatsama
কৃশিবহির্ভুত	k ri sh i b o h i r bh u t o	tatsama
কৃশিবান্ধব	k ri sh i b a ndh o b	tatsama
কৃশিবিজ্ঞানি	k ri sh i b i g g a n i	tatsama
কৃশিবিজ্ঞানিদের	k ri sh i b i g g a n i d e r	tatsama
কৃশিবিদ	k ri sh i b i d	tatsama
কৃশিবিদদের	k ri sh i b i d d e r	tatsama
কৃশিবিদেরা	k ri sh i b i d e r a	tatsama
কৃশিবিমা	k ri sh i b i m a	tatsama
কৃশিবিশয়ক	k ri sh i b i sh o y o k	tatsama
কৃশিব্যবস্থা	k ri sh i b e b O sth a	tatsama
কৃশিব্যবস্থার	k ri sh i b e b O sth a r	tatsama
কৃশিব্যবস্থায়	k ri sh i b e b O sth a y o	tatsama
কৃশিভিত্তিক	k ri sh i bh i tt i k o	tatsama
কৃশিভুমি	k ri sh i bh u m i	tatsama
কৃশিভুমিতে	k ri sh i bh u m i t e	tatsama
কৃশিমন্ত্রি	k ri sh i m O n | k ri sh i m o nt r i	tatsama
কৃশিমন্ত্রিকে	k ri sh i m o nt r i k e	tatsama
কৃশিমন্ত্রির	k ri sh i m o nt r i r	tatsama
কৃশির	k ri sh i r	tatsama
কৃশিরিন	k ri sh i r i n	tatsama
কৃশিরিনের	k ri sh i r i n e r	tatsama
কৃশিশহ	k ri sh i sh o h o	tatsama
কৃশিশিক্ষা	k ri sh i sh i kkh a	tatsama
কৃশিশিক্ষায়	k ri sh i sh i kkh a y o	tatsama
কৃশিশুমারি	k ri sh i sh u m a r i	tatsama
কৃশিশ্রমিক	k ri sh i sh r o m i k	tatsama
কৃশিশ্রমিকদের	k ri sh i sh r o m i k d e r	tatsama
কৃশিশ্রমিকের	k ri sh i sh r o m i k e r	tatsama
কৃশিসংক্রান্ত	k ri sh i sh o ng kr a nt o	tatsama
কৃশিসচিব	k ri sh i sh o ch i b	tatsama
কৃশিসচিবকে	k ri sh i sh o ch i b k e	tatsama
কৃশিসহ	k ri sh i sh o h O	tatsama
কৃশোদর	k ri sh O d o r	tatsama
কৃশ্ঞা	k ri sh n a	tatsama
কৃশ্ট	k ri sh T O	tatsama
কৃশ্টপুর	k ri sh T o p u r	tatsama
কৃশ্টি	k ri sh T i	tatsama
কৃশ্টির	k ri sh T i r	tatsama
কৃশ্ন	k ri sh n o	tatsama
কৃশ্নঃ	k ri sh n o	tatsama
কৃশ্নকমল	k ri sh n o k o m o l	tatsama
কৃশ্নকলি	k ri sh n o k o l i | k ri sh n O k O l i	tatsama
কৃশ্নকলির	k ri sh n o k o l i r	tatsama
কৃশ্নকান্ত	k ri sh n o k o l i r	tatsama
কৃশ্নকায়	k ri sh n o k a y o	tatsama
কৃশ্নকায়দের	k ri sh n o k a y o d e r	tatsama
কৃশ্নকুমারি	k ri sh n o k u m a r i	tatsama
কৃশ্নকে	k ri sh n o k e | k ri sh n O k e	tatsama
কৃশ্নগহ্বর	k ri sh n o g o h o b o r | k ri sh n O g o h b O r	tatsama
কৃশ্নগহ্বরে	k ri sh n o g o h o b o r e	tatsama
কৃশ্নচন্দ্র	k ri sh n o ch o ndr o | k ri sh n O ch o ndr O	tatsama
কৃশ্নচুড়া	k ri sh n o ch u r o sh o	tatsama
কৃশ্নচুড়ার	k ri sh n o ch u r a r	tatsama
কৃশ্ননগর	k ri sh n o n o g o r | k ri sh n O n o g O r	tatsama
কৃশ্ননগরে	k ri sh n o n o g o r e | k ri sh n O n o g O r e	tatsama
কৃশ্ননগরের	k ri sh n o n o g o r e r	tatsama
কৃশ্ননাথ	k ri sh n o n a th	tatsama
কৃশ্নপক্ষের	k ri sh n o p o kkh e r	tatsama
কৃশ্নপদ	k ri sh n o p o d | k ri sh n O p o d	tatsama
কৃশ্নপুর	k ri sh n o p u r | k ri sh n O p u r	tatsama
কৃশ্নবর্ন	k ri sh n o b o r n o | k ri sh n O b o r n O	tatsama
কৃশ্নবর্নের	k ri sh n o b o r n e r	tatsama
কৃশ্নবিবর	k ri sh n o b i b o r	tatsama
কৃশ্নমাচারি	k ri sh n o m a ch a r i	tatsama
কৃশ্নমোহন	k ri sh n o m O h o n	tatsama
কৃশ্নসাগর	k ri sh n o sh a g o r | k ri sh n O sh a g O r	tatsama
কৃশ্নসাগরে	k ri sh n O sh a g O r e	tatsama
কৃশ্নসার	k ri sh n O sh a r	tatsama
কৃশ্না	k ri sh n a	tatsama
কৃশ্নাংগ	k ri sh n a k e	tatsama
কৃশ্নাংগদের	k ri sh n a ng g g O d e r	tatsama
কৃশ্নাকে	k ri sh n a k e	tatsama
কৃশ্নান	k ri sh n a n	tatsama
কৃশ্নার	k ri sh n a r	tatsama
কৃশ্নের	k ri sh n e r	tatsama
কৃশ্য	k ri sh sh O	tatsama
কৃৎ	k ri t	tatsama
কেংগারু	k e ng g a r u	native
কেঅট	k e O T	native
কেই	k e i	native
কেইকো	k e i k O	proper_noun
কেইট	k e i T	proper_noun
কেইটা	k e i T a	proper_noun
কেইটাকে	k e i T a k e	proper_noun
কেইটার	k e i T a r	proper_noun
কেইতা	k e i t a	native
কেইথ	k e i th	proper_noun
কেইন	k e i n	proper_noun
কেইনস	k e i n sh	proper_noun
কেইনসিয়	k e i n sh i y o	proper_noun
কেইনসের	k e i n sh e r	proper_noun
কেইব	k e i b	native
কেইবা	k e i b a	native
কেইস	k e i sh	native
কেইসুকে	k e i sh u k e	native
কেউ	k e u	native
কেউই	k e u i	native
কেউও	k e u O	native
কেউকেটা	k e u k e T a	native
কেউটিল	k e u T i l	native
কেউটিয়া	k e u T i y a	native
কেউটে	k e u T e	native
কেউবা	k e u b a	native
কেউর	k e u r	native
কেএম	k e e m	loanword
কেও	k e O	native
কেওক্রাডং	k e O kr a D O ng	native
কেওড়া	k A O r a	native
কেওড়াগাছ	k e O r a g a chh	native
কেওড়াজল	k e O r a j o l	native
কেওড়াতলা	k e O r a t o l a	native
কেওড়াবুনিয়া	k e O r a b u n i y a	native
কেওয়াটখালি	k e O y a T o kh a l i	native
কেকা	k e k a	native
কেকেআরে	k e k e a r e	proper_noun
কেচাপ	k e ch a p	loanword
কেচো	k e ch O	native
কেচোর	k e ch O r	native
কেচ্ছা	k e ch chh a	native
কেচ্ছাকাহিনি	k e ch chh a k a h i n i	native
কেজ	k e j	native
কেজরিওয়াল	k e j r i O y a l	native
কেজিপ্রতি	k e j i pr O t i	native
কেজিরও	k e j i r O	native
কেজেল	k e j e l	native
কেজো	k e j O	native
কেট	k e T	native
কেটকে	k e T k e	native
কেটা	k e T a	native
কেটারিংয়ের	k e T a r i ng y e r	native
কেটি	k e T i	native
কেটির	k e T i r	native
কেটে	k e T e	native
কেটেই	k e T e i	native
কেটেও	k e T e O	native
কেটেছি	k e T e chh i	native
কেটেছিল	k e T e chh i l O	native
কেটেছিলেন	k e T e chh i l e n	native
কেটেছে	k e T e chh e	native
কেটের	k e T e r	native
কেটো	k e T O	native
কেঠো	k e Th O	native
কেঠোকাটি	k e Th O k a T i	native
কেডস	k e D sh	native
কেড়ে	k e r e	native
কেতকি	k e t k i	native
কেতকির	k e t k i r	native
কেতা	k e t a	native
কেতাদুরস্ত	k e t a d u r o st o	native
কেতাব	k e t a b	native
কেতাবে	k e t a b e	native
কেতার	k e t a r	native
কেতু	k e t u	native
কেতুত	k e t u t o	native
কেদার	k e d a r	native
কেদারনাথ	k e d a r n a th	native
কেদারা	k e d a r a	native
কেদারায়	k e d a r a y o	native
কেদারিকা	k e d a r i k a	native
কেদে	k e d e	native
কেদেই	k e d e i	native
কেদেছি	k e d e chh i	native
কেদেছিল	k e d e chh i l o | k e d e chh i l O	native
কেদেছিলাম	k e d e chh i l a m	native
কেদেছিলেন	k e d e chh i l e n	native
কেদেছে	k e d e chh e	native
কেদেছেন	k e d e chh e n	native
কেদো	k e d O	native
কেনই	k A n O i	native
কেনইবা	k A n O i b a	native
কেনজি	k e n j i	native
কেনর	k e n o r	native
কেনসিংটন	k e n sh i ng T o n	proper_noun
কেনা	k e n a	native
কেনাই	k e n a i	native
কেনাও	k e n a O	native
কেনাকাটাও	k e n a k a T a O	native
কেনাকাটার	k e n a k a T a r	native
কেনাকাটাশহ	k e n a k a T a sh o h o	native
কেনাকাটায়	k e n a k a T a y o	native
কেনাকে	k e n a k e	native
কেনাটা	k e n a T a	native
কেনাডার	k A n a D a r	native
কেনানের	k e n a n e r	native
কেনাবেচা	k e n a b e ch a	native
কেনাবেচাও	k e n a b e ch a O	native
কেনাবেচাকে	k e n a b e ch a k e	native
কেনাবেচায়	k e n a b e ch a y o	native
কেনার	k e n a r	native
কেনারও	k e n a r O	native
কেনার্ড	k e n a r D	native
কেনাশহ	k e n a sh o h o	native
কেনায়	k e n a y o	native
কেনি	k e n i	native
কেনিকে	k e n i k e	native
কেনির	k e n i r	native
কেনিয়া	k e n i y a	native
কেনিয়াকে	k e n i y a k e	native
কেনিয়াতে	k e n i y a t e	native
কেনিয়ান	k e n i y a n	native
কেনিয়ানদের	k e n i y a n o d e r	native
কেনিয়ার	k e n i y a r	native
কেনিয়ায়	k e n i y a y o	native
কেনে	k e n e	native
কেনেডি	k e n e D i	native
কেনেথ	k e n e th	native
কেনেন	k e n e n	native
কেনেননি	k e n e n n i	native
কেনেনি	k e n e n i	native
কেন্টাকি	k e n T a k i	proper_noun
কেন্দ	k e nd O	native
কেন্দুলির	k e nd u l i r	native
কেন্দুয়া	k e nd u y a	native
কেন্দুয়ার	k e nd u a r	native
কেন্দুয়ায়	k e nd u y a y	native
কেন্দ্রই	k e ndr O i	native
কেন্দ্রকে	k e ndr O k e	native
কেন্দ্রকেই	k e ndr o k e i	native
কেন্দ্রগুলোকে	k e ndr o g u l O k e	compound
কেন্দ্রগুলোতে	k e ndr O g u l O t e	compound
কেন্দ্রগুলোর	k e ndr O g u l O r	native
কেন্দ্রগুলোয়	k e ndr o g u l O y o	native
কেন্দ্রঘোশিত	k e ndr o gh O sh i t o	native
কেন্দ্রটি	k e ndr O T i	native
কেন্দ্রটিকে	k e ndr o T i k e	native
কেন্দ্রটিতে	k e ndr O T i t e	native
কেন্দ্রটির	k e ndr O T i r	native
কেন্দ্রবিন্দু	k e ndr O b i nd u	compound
কেন্দ্রবিন্দুতে	k e ndr o b i nd u t e	compound
কেন্দ্রভাগে	k e ndr o bh a g e	native
কেন্দ্রভিত্তিক	k e ndr O bh i tt i k	compound
কেন্দ্রভুমি	k e ndr o bh u m i	native
কেন্দ্রশাসিত	k e ndr o sh a sh i t o	native
কেন্দ্রসংলগ্ন	k e ndr o sh o ng l o g n o	compound
কেন্দ্রসচিব	k e ndr o sh o ch i b	native
কেন্দ্রসহ	k e ndr O sh o h O	native
কেন্দ্রস্থল	k e ndr o sth o l	native
কেন্দ্রস্থলে	k e ndr O sth o l e	native
কেন্দ্রস্থলেই	k e ndr o sth o l e i	compound
কেন্দ্রিকতা	k e ndr i k o t a	native
কেন্দ্রিভবন	k e ndr i bh o b o n	native
কেন্দ্রিভুত	k e nd ri bh u t O | k e ndr i bh u t o	native
কেন্দ্রিয়	k e nd ri O | k e ndr i y	native
কেন্দ্রিয়ভাবে	k e ndr i y o bh a b e	compound
কেন্দ্রেই	k e ndr e i	native
কেন্দ্রের	k e ndr e r	native
কেপ	k e p	loanword
কেপটাউন	k e p T a u n	proper_noun
কেপটাউনে	k e p T a u n e	proper_noun
কেপটাউনের	k e p T a u n e r	proper_noun
কেপলার	k e p l a r	proper_noun
কেপলারের	k e p l a r e r	proper_noun
কেপল্যান্ড	k e p l e n D	proper_noun
কেপি	k e p i	loanword
কেপে	k e p e	native
কেবট	k e b o T	native
কেবল	k A b O l	native
কেবলমাত্র	k A b O l m a tr O	native
কেবলস	k e b O l sh	native
কেবলার	k e b l a r	native
কেবলের	k e b O l e r	native
কেবা	k e b a	native
কেবার	k e b a r	native
কেবি	k e b i	loanword
কেবিনে	k e b i n e	loanword
কেবিনেটে	k e b i n e T e	loanword
কেবেল	k e b e l	native
কেবেলর	k e b e l o r	native
কেভস	k e bh sh	native
কেভি	k e bh i	loanword
কেভিতোভা	k e bh i t O bh a	proper_noun
কেভিতোভার	k e bh i t O bh a r	proper_noun
কেভিন	k e bh i n	proper_noun
কেভিনের	k e bh i n e r	proper_noun
কেভির	k e bh i r	loanword
কেম	k e m	native
কেমত	k e m o t O	native
কেমনভাবে	k A m O n bh a b e	native
কেমনে	k A m n e	native
কেমার	k e m a r	native
কেমিকাল্স	k e m i k a l sh	native
কেমিকেলস	k e m i k e l sh	native
কেমিকোউশল	k e m i k O u sh o l	native
কেমিক্যালস	k e m i k A l sh	native
কেমিক্যালসের	k e m i k e l sh e r	native
কেমিক্যালে	k e m i k e l e	native
কেমো	k e m O	loanword
কেমোথেরাপি	k e m O th e r a p i	loanword
কেমোথেরাপির	k e m O th e r a p i r	loanword
কেমোর	k e m O r	loanword
কের	k e r	native
কেরকেটা	k e r o k e T a	native
কেরাজ	k e r a j	native
কেরাত	k e r a t	native
কেরানি	k e r a n i	native
কেরানির	k e r a n i r	native
কেরানিহাট	k e r a n i h a T	native
কেরাম	k A r a m	native
কেরামত	k e r a m o t	native
কেরামতি	k e r a m O t i	native
কেরামতিয়া	k e r a m o t i y a	native
কেরামন	k e r a m O n o k a t e b i n	native
কেরালা	k e r a l a	proper_noun
কেরালার	k e r a l a r	proper_noun
কেরালায়	k e r a l a y o	proper_noun
কেরি	k e r i	proper_noun
কেরিকে	k e r i k e	proper_noun
কেরির	k e r i r	proper_noun
কেরু	k e r u	native
কেরুনতলি	k e r u n t o l i	native
কেরুল	k e r u l	native
কেল	k e l	native
কেলগ	k e l o g o	proper_noun
কেলভিন	k e l bh i n	proper_noun
কেলা	k e l a	native
কেলানো	k A l a n O	native
কেলি	k e l i	proper_noun
কেলিশহর	k e l i sh o h o r	proper_noun
কেলু	k e l u	native
কেলে	k e l e	native
কেলেংকার	k e l e ng k a r	native
কেলেংকারি	k e l e ng k a r i	native
কেল্লা	k e l l a	native
কেল্লার	k e l l a r	native
কেল্লায়	k e l l a y o	native
কেশ	k e sh	native
কেশকালা	k e sh k a l a	native
কেশব	k e sh o b	native
কেশবচন্দ্র	k e sh o b ch o ndr o	native
কেশবপুর	k e sh O b p u r	native
কেশবপুরে	k e sh o b p u r e	native
কেশবপুরের	k e sh o b p u r e r	native
কেশবানন্দ	k e sh o b a n o nd o	native
কেশর	k e sh O r	native
কেশরহাট	k e sh o r h a T	native
কেশাকেশি	k e sh a k e sh i	native
কেশাগ্র	k e sh a g gr O	native
কেশি(–শিন্)	k e sh i	native
কেশে	k e sh e	native
কেশেল	k e sh e l	native
কেশ্ট	k e sh T O | k e sh T o	native
কেশ্টার	k e sh T a r	native
কেসম	k e sh m	native
কেসমত	k e sh m o t	native
কেসাস	k e sh a sh	native
কেসে	k e sh e	native
কেহ	k e h O	native
কেহই	k e h O i	native
কেহনা	k e h n a	native
কেড়া	k A r a p O k a	native
কেড়ি	k e r i	native
কেড়ে	k e r e	native
কেড়েছিল	k e r e chh i l o	native
কেড়েছিলেন	k e r e chh i l e n	native
কেড়েছে	k e r e chh e	native
কেড়েছেন	k e r e chh e n	native
কেড়েলি	k e r e l i	native
কেয়টখালি	k e y o T o kh a l i	native
কেয়া	k e y a	native
কেয়াইন	k e y a i n	native
কেয়াকাদি	k e y a k a d i	native
কেয়াকে	k e y a k e	native
কেয়াপাতা	k e y a p a t a	native
কেয়াপেজা	k e y a p e j a	native
কেয়াবন	k e y a b o n	native
কেয়ামত	k e y a m o t	native
কেয়ামতের	k e y a m o t e r	native
কেয়ামুল্লাহ	k e y a m u l l a h o	native
কেয়ারগিভার	k e y a r g i bh a r	native
কেয়ারটেকার	k e y a r T e k a r	native
কেয়ারটেকারের	k e y a r T e k a r e r	native
কেয়ারি	k e y a r i	native
কেয়ারে	k e y a r e	native
কেয়ার্ন	k e y a r n o	native
কেয়ার্নস	k e y a r n sh	native
কেয়ার্নের	k e y a r n e r	native
কেয়ুর	k e y u r	native
কেয়ে	k e y e	native
কো	k O	native
কোং	k O ng	native
কোংকন	k O ng k O n k o n	native
কোংগা	k O ng g a	native
কোংয়ের	k O ng y e r	native
কোআ	k O y a	native
কোই	k O i	native
কোইকেয়ি	k O i k e y i	native
কোইখালি	k O i kh a l i	native
কোইচি	k O i ch i	native
কোইচিরো	k O i ch i r O	native
কোইছালি	k O i chh a l i	native
কোইজুরি	k O i j u r i	native
কোইটভ	k O i T o bh	native
কোইতক	k O i t o k	native
কোইতব	k O i t o b	native
কোইন্দ্রিক	k O i ndr i k	native
কোইফি	k O i ph i	native
কোইফিয়ত	k O i ph i y o t	native
কোইফিয়তও	k O i ph i y o t O	native
কোইফিয়তের	k O i ph i y o t e r	native
কোইবর্ত	k O i b o r t o	native
কোইবল্য	k O i b o l l o	native
কোইবল্যধাম	k O i b o l l O dh a m	native
কোইরব	k O i r o b	native
কোইরালা	k O i r a l a	native
কোইরালার	k O i r a l a r	native
কোইরি	k O i r i	native
কোইলাইল	k O i l a i l	native
কোইলাশ	k O i l a sh	native
কোইলাশটিলা	k O i l a sh T i l a	native
কোইলাস	k O i l a sh	native
কোইলাসটিলা	k O i l a sh T i l a	native
কোইলাসটিলায়	k O i l a sh T i l a y	native
কোইলাসের	k O i l a sh e r	native
কোইলু	k O i l u	native
কোইশিক	k O i sh i k	native
কোইশোর	k O i sh O r	native
কোইশোরকাল	k O i sh O r k a l	native
কোইশোরকে	k O i sh O r k e	native
কোইশোরে	k O i sh O r e	native
কোইশোরেই	k O i sh O r e i	native
কোইশোরের	k O i sh O r e r	native
কোইসে	k O i sh e	native
কোইয়ারবিল	k O i y a r b i l	native
কোউটা	k O u T a	native
কোউটার	k O u T a r	native
কোউটিল্যের	k O u T i l l e r	native
কোউটো	k O u T O	native
কোউতুক	k O u t u k	native
কোউতুকপুর্ন	k O u t u k p u r n O	native
কোউতুকে	k O u t u k e	native
কোউতুকের	k O u t u k e r	native
কোউতুহল	k O u t u h o l	native
কোউতুহলও	k O u t u h o l O	native
কোউতুহলবশত	k O u t u h o l b o sh O t O	native
কোউতুহলি	k O u t u h O l i	native
কোউতুহলে	k O u t u h o l e	native
কোউতুহলের	k O u t u h o l e r	native
কোউনিক	k O u n i k	native
কোউশল	k O u sh O l	native
কোউশলই	k O u sh O l i	native
কোউশলও	k O u sh O l O	native
কোউশলকে	k O u sh o l k e	native
কোউশলগত	k O u sh o l g O t O	native
কোউশলগতভাবে	k O u sh O l g o t O bh a b e	native
কোউশলগুলো	k O u sh O l g u l O	native
কোউশলটা	k O u sh o l T a	native
কোউশলটি	k O u sh O l T i	native
কোউশলপত্র	k O u sh o l p o tr O	native
কোউশলপত্রে	k O u sh o l p o tr e	native
কোউশলপত্রের	k O u sh o l p o tr e r	native
কোউশলি	k O u sh O l i	native
কোউশলে	k O u sh O l e	native
কোউশলেই	k O u sh o l e i	native
কোউশলের	k O u sh o l e r	native
কোউশিক	k O u sh i k	native
কোউশিকের	k O u sh i k e r	native
কোউসুলি	k O u sh u l i	native
কোউসুলিদের	k O u sh u l i d e r	native
কোউসুলির	k O u sh u l i r	native
কোউসুলিরা	k O u sh u l i r a	native
কোক	k O k	loanword
কোকনদ	k O k o n o d	native
কোকাং	k O k a ng	proper_noun
কোকাকোলার	k O k a k O l a r	proper_noun
কোকাবুরা	k O k a b u r a	loanword
কোকার	k O k a r	native
কোকিলমনি	k O k i l m O n i	native
কোকিলার	k O k i l a r	native
কোকিলের	k O k i l e r	native
কোকেনের	k O k e n e r	loanword
কোকের	k O k e r	loanword
কোকো	k O k O	loanword
কোকোকে	k O k O k e	loanword
কোকোক্রিট	k O k O kr i T o	loanword
কোকোনাট	k O k O n a T	loanword
কোকোর	k O k O r	loanword
কোকোলা	k O k O l a	loanword
কোকোশহ	k O k O sh o h o	loanword
কোকোয়া	k O k O a	loanword
কোকড়া	k O k r a	native
কোকড়ানো	k O k r a n O	native
কোচই	k O ch i	native
কোচও	k O ch O	native
কোচওয়ান	k O ch O y a n	native
কোচকা	k O ch k a	native
কোচকানো	k O ch k a n O	native
কোচকে	k O ch k e	native
কোচকেই	k O ch k e i	native
কোচদের	k O ch d e r	native
কোচবাক্স	k O ch b a k s O	loanword
কোচবিহার	k O ch b i h a r	native
কোচবিহারে	k O ch b i h a r e	native
কোচবিহারের	k O ch b i h a r e r	native
কোচরা	k O ch r a	native
কোচশহ	k O ch sh o h o	native
কোচি	k O ch i	native
কোচিংও	k O ch i ng O	native
কোচিংয়ে	k O ch i ng y e	native
কোচিংয়েই	k O ch i ng y e i	native
কোচিংয়ের	k O ch i ng y e r	native
কোচিকে	k O ch i k e	native
কোচিন	k O ch i n	native
কোচির	k O ch i r	native
কোচে	k O ch e	native
কোচের	k O ch e r	native
কোচেরই	k O ch e r i	native
কোচেরও	k O ch e r O	native
কোচেরা	k O ch e r a	native
কোজ	k O j	native
কোজাগর	k O j a g o r	native
কোজিয়ার	k O j i y a r	native
কোঞ্চা	k O n ch a	native
কোট	k O T	native
কোটচাদপুর	k O T ch a d p u r	native
কোটচাদপুরে	k O T ch a d p u r e	native
কোটটি	k O T T i	native
কোটনা	k O T n a	native
কোটনা–কুটনি	k O T n a k u T n i	native
কোটবাড়ি	k O T b a r i	native
কোটবাড়িতে	k O T b a r i t e	native
কোটর	k O T O r	native
কোটরাগত	k O T o r a g o t o	native
কোটরে	k O T O r e	native
কোটলায়	k O T l a y	native
কোটা	k O T a	native
কোটাও	k O T a O	native
কোটাকে	k O T a k e	native
কোটাকোল	k O T a k O l	native
কোটান	k O T a n	native
কোটানের	k O T a n e r	native
কোটাব্যবস্থা	k O T a b A b O sth a	native
কোটাব্যবস্থাকে	k O T a b e b o sth a k e	compound
কোটাব্যবস্থার	k O T a b e b o sth a r	compound
কোটামুক্ত	k O T a m u kt O	native
কোটার	k O T a r	native
কোটারি	k O T a r i	native
কোটাল	k O T a l	native
কোটালগি	k O T o l g i	native
কোটালি	k O T a l i	native
কোটালিপাড়া	k O T a l i p a r a	native
কোটালিপাড়ার	k O T a l i p a r a r	native
কোটালিপাড়ায়	k O T a l i p a r a y o	native
কোটাসুবিধা	k O T a sh u b i dh a	native
কোটায়	k O T a y o	native
কোটিও	k O T i O	native
কোটিটাকা	k O T i T a k a	native
কোটিতম	k O T i t o m o	native
কোটিপতি	k O T i p O t i	native
কোটিপতিদের	k O T i p O t i d e r	native
কোটিপতির	k O T i p O t i r	native
কোটিবার	k O T i b a r	native
কোটির	k O T i r	native
কোটিরও	k O T i r O	native
কোটের	k O T e r	native
কোটেশ্বর	k O T e sh r o	tatsama
কোট্টপাল	k O T T O p a l	native
কোট–পকেট	k O T p o k e T	native
কোঠরি	k O Th o r i	native
কোঠা	k O Th a	native
কোঠায়	k O Th a y o	native
কোঠি	k O Th i	native
কোড	k O D	loanword
কোডটি	k O D T i	loanword
কোডাক	k O D a k	proper_noun
কোডাকের	k O D a k e r	loanword
কোডার	k O D a r	loanword
কোডিং	k O D i ng	loanword
কোডিসিল	k O D i s i l	loanword
কোডে	k O D e	loanword
কোডেই	k O D e i	loanword
কোডেক	k O D e k	loanword
কোডেকের	k O D e k e r	loanword
কোডের	k O D e r	loanword
কোডেসালের	k O D e sh a l e r	loanword
কোত	k O t	native
কোতকা	k O t k a	native
কোতরা	k O t r a	native
কোতা	k O t a	native
কোতোয়াল	k O t O y a l	native
কোতোয়ালি	k O t O y a l i	native
কোতোয়ালিতে	k O t O y a l i t e	native
কোতোয়ালির	k O t O y a l i r	native
কোত্থেকে	k O t th e k e	native
কোথ	k O th	native
কোথলি	k O th l i	native
কোথাও	k O th a O	native
কোথায়	k O th a y o	native
কোথায়ই	k O th a y o i	native
কোথায়ও	k O th a y o O	native
কোদন্ড	k O d o n D O	native
কোদল	k O d o l	native
কোদলা	k O d l a	native
কোদা	k O d a	native
কোদান	k O d a n	native
কোদারি	k O d a r i	native
কোদালপুর	k O d a l p u r o	native
কোদালা	k O d a l a	native
কোদালিয়া	k O d a l i y a	native
কোদালের	k O d a l e r	native
কোন	k O n	native
কোনই	k O n O i	native
কোনও	k O n O	native
কোনওদিন	k O n O O d i n	native
কোনওদিনই	k O n O d i n i	native
কোনওরকম	k O n O r o k O m	native
কোনকিছু	k O n O k i chh u	native
কোনক্রমেই	k O n O kr O m e i	native
কোনখানে	k O n kh a n e	native
কোনগুলো	k O n g u l O	native
কোনটাই	k O n O T a i	native
কোনটাকে	k O n T a k e	native
কোনটাতে	k O n T a t e	native
কোনটার	k O n O T a r	native
কোনটিই	k O n T i i	native
কোনটিকে	k O n T i k e	native
কোনটিতে	k O n T i t e	native
কোনটিতেই	k O n O T i t e i	native
কোনটির	k O n O T i r	native
কোনঠাসা	k O n Th a sh a	native
কোনঠাসাও	k O n Th a sh a O	native
কোনদিন	k O n O d i n	native
কোনদিনই	k O n O d i n i	native
কোননগর	k O n n o g O r	native
কোনভাবে	k O n O bh a b e	native
কোনভাবেই	k O n O bh a b e i	native
কোনমতেই	k O n O m o t e i	native
কোনরকম	k O n O r o k O m	native
কোনরকমে	k O n O r o k O m e	native
কোনরুপ	k O n O r u p	native
কোনা	k O n a	native
কোনাকুনি	k O n a k u n i	native
কোনাক্রি	k O n a	native
কোনাচ	k O n a ch	native
কোনান	k O n a n	native
কোনাপাড়া	k O n a p a r a	native
কোনাপাড়ার	k O n a p a r a r	native
কোনাবাড়ি	k O n a b a r i	native
কোনাবাড়িতে	k O n a b a r i t e	native
কোনার	k O n a r	native
কোনারক	k O n a r o k	native
কোনাল	k O n a l	native
কোনায়	k O n a y o	native
কোনি	k O n i	native
কোনেই	k O n e i	native
কোনেনকো	k O n e n k O	native
কোনের	k O n e r	native
কোনো	k O n O	native
কোনোই	k O n O i	native
কোনোকালে	k O n O k a l e	native
কোনোকালেই	k O n O k a l e i	native
কোনোকিছু	k O n O k i chh u	native
কোনোকিছুই	k O n O k i chh u i	native
কোনোকিছুর	k O n O k i chh u r	native
কোনোক্রমে	k O n O kr O m e	native
কোনোক্রমেই	k O n O kr O m e i	native
কোনোখানে	k O n O kh a n e	native
কোনোটা	k O n O T a	loanword
কোনোটাই	k O n O T a i	loanword
কোনোটাতে	k O n O T a t e	loanword
কোনোটাতেই	k O n O T a t e i	loanword
কোনোটারই	k O n O T a r O i	loanword
কোনোটায়	k O n O T a y o	loanword
কোনোটি	k O n O T i	loanword
কোনোটিই	k O n O T i i	loanword
কোনোটিকে	k O n O T i k e	loanword
কোনোটিকেই	k O n O T i k e i	loanword
কোনোটিতেই	k O n O T i t e i	loanword
কোনোটির	k O n O T i r	loanword
কোনোদিনই	k O n O d i n i	native
কোনোপ্রকার	k O n O pr O k a r	native
কোনোবারই	k O n O b a r i	native
কোনোভাবে	k O n O bh a b e	native
কোনোভাবেই	k O n O bh a b e i	native
কোনোমতেই	k O n O m o t e i	native
কোনোরকমে	k O n O r o k O m e	native
কোনোরকমের	k O n O r o k o m e r	native
কোনোরুপ	k O n O r u p	native
কোন্	k O n	native
কোন্দল	k O nd O l	native
কোন্দলই	k O nd o l i	native
কোন্দলও	k O nd o l O	native
কোন্দলকে	k O nd o l k e	native
কোন্দলমুক্ত	k O nd o l m u kt o	native
কোন্দলে	k O nd O l e	native
কোন্দলের	k O nd O l e r	native
কোপ	k O p	native
কোপটা	k O p T a	native
কোপাকুপি	k O p a k u p i	native
কোপাকুপির	k O p a k u p i r	native
কোপান	k O p a n o	native
কোপানলে	k O p a n o l e	native
কোপানো	k O p a n O	native
কোপানোর	k O p a n O r	native
কোপার	k O p a r	native
কোপার্নিকাস	k O p a r n i k a s o	proper_noun
কোপায়	k O p a y o	native
কোপি	k O p i	native
কোপিকার	k O p i k a r	native
কোপিত	k O p i t O	native
কোপে	k O p e	native
কোপেনহেগেন	k O p e n h e g e n	native
কোপেনহেগেনে	k O p e n h e g e n e	native
কোপেনিকের	k O p e n i k e r	native
কোপের	k O p e r	native
কোফতা	k O ph t a	native
কোফর	k O ph o r	native
কোফরান	k O ph r a n	native
কোবরা	k O b r a	native
কোবানি	k O b a n i	native
কোবানিতে	k O b a n i t e	native
কোবানির	k O b a n i r	native
কোবানে	k O b a n e	native
কোবাল্ট	k O b a l T	loanword
কোবিদ	k O b i d	native
কোবিদার	k O b i d a r	native
কোবে	k O b e	native
কোম	k O m	native
কোমর	k O m O r	native
কোমরপানিতে	k O m o r p a n i t e	native
কোমরপুর	k O m o r p u r	native
কোমরবন্ধনি	k O m o r b o ndh o n i	native
কোমরভাংা	k O m o r bh a ng g a	native
কোমরসমান	k O m O r sh o m a n	native
কোমরে	k O m O r e	native
কোমরেই	k O m o r e i	native
কোমরের	k O m O r e r	native
কোমল	k O m O l	native
কোমলতা	k O m O l o t a	native
কোমলপ্রান	k O m o l pr a n	native
কোমলমতি	k O m O l m O t i	native
কোমলের	k O m o l e r	native
কোমা	k O m a	loanword
কোমারপুর	k O m a r p u r	loanword
কোমায়	k O m a y o	loanword
কোমেন	k O m e n	native
কোমেনের	k O m e n e r	native
কোমেরসান্ত	k O m e r sh a nt o	native
কোমোরস্কি	k O m O r o s k i	loanword
কোম্পনি	k O mp O n i	native
কোম্পনির	k O mp a n i r	native
কোম্পানিই	k O mp a n i i	loanword
কোম্পানিকে	k O mp a n i k e	loanword
কোম্পানিকেই	k O mp a n i k e i	loanword
কোম্পানিকেও	k O mp a n i k e O	loanword
কোম্পানিগঞ্জ	k O mp a n i g o n j	loanword
কোম্পানিগুলি	k O mp a n i g u l i	loanword
কোম্পানিগুলো	k O mp a n i g u l O	loanword
কোম্পানিগুলোই	k O mp a n i g u l O i	compound
কোম্পানিগুলোও	k O mp a n i g u l O O	compound
কোম্পানিগুলোকে	k O mp a n i g u l O k e	compound
কোম্পানিগুলোকেও	k O mp a n i g u l O k e O	compound
কোম্পানিগুলোতে	k O mp a n i g u l O t e	compound
কোম্পানিগুলোর	k O mp a n i g u l O r	compound
কোড়ল	k O r o l	native
কোড়া	k O r a	native
