প্লেবয়	p l e b o y	loanword
প্লেবয়ের	p l e b o y e r	loanword
প্লেস	p l e s	loanword
প্লেসমেন্ট	p l e s m e n T	loanword
প্লেসি	p l e s i	loanword
প্লেসিকে	p l e s i k e	loanword
প্লেসির	p l e s i r	loanword
প্লেসিস	p l e s i s	loanword
প্লেসিসকে	p l e s i s k e	loanword
প্লেসিসের	p l e s i s e r	loanword
প্লেসে	p l e s e	loanword
প্ল্যাংক	p l A ng k	loanword
প্ল্যাকার্ড	p l A k a r D	loanword
প্ল্যাকার্ডও	p l A k a r D	loanword
প্ল্যাকার্ডটি	p l A k a r D T i	loanword
প্ল্যাকার্ডে	p l A k a r D e	loanword
প্ল্যাট	p l A T	loanword
প্ল্যাটফরম	p l a T ph o r m	loanword
প্ল্যাটফর্মে	p l A T ph O r m e	loanword
প্ল্যাটফর্মের	p l a T ph o r m e r	loanword
প্ল্যাটার	p l a T a r	loanword
প্ল্যাটারের	p l A T a r e r	loanword
প্ল্যাটিনাম	p l A T i n a m	loanword
প্ল্যান	p l A n	loanword
প্ল্যানড	p l A n D	loanword
প্ল্যানার্স	p l A n a r s	loanword
প্ল্যানার্সের	p l A n a r s e r	loanword
প্ল্যানিং	p l a n i ng	loanword
প্ল্যানে	p l A n e	loanword
প্ল্যানেট	p l A n e T	loanword
প্ল্যানেটের	p l A n e T e r	loanword
প্ল্যানের	p l A n e r	loanword
প্ল্যান্টটি	p l A n T i	loanword
প্ল্যান্টে	p l A n T e	loanword
প্ল্যান্টের	p l A n T e r	loanword
প্ল্যান্টেশন	p l A n T e sh o n	loanword
প্ল্যান্টেশনের	p l A n T e sh o n e r	loanword
পড়	p o r	native
পড়এ	p O r e	native
পড়ছ	p O r chh O	native
পড়ছি	p O r chh i	native
পড়ছিল	p O r chh i l O	native
পড়ছিলাম	p O r chh i l a m	native
পড়ছিলেন	p O r chh i l e n	native
পড়ছে	p O r chh e	native
পড়ছেন	p O r chh e n	native
পড়ত	p O r t O	native
পড়তা	p O r t a	native
পড়তাছে	p O r t a chh e	native
পড়তাম	p O r t a m	native
পড়তি	p O r t i	native
পড়তির	p O r t i r	native
পড়তেই	p O r t e i	native
পড়তেও	p O r t e O	native
পড়ন	p o r O n	native
পড়ন্ত	p o r O nt O	native
পড়ব	p O r b O	native
পড়বা	p O r b a	native
পড়বি	p O r b i	native
পড়বেই	p O r b e i	native
পড়বেন	p O r b e n	native
পড়ম	p o r O m	native
পড়ল	p O r l o	native
পড়লাম	p O r l a m	native
পড়লে	p O r l e	native
পড়লেই	p O r l e i	native
পড়লেও	p O r l e O	native
পড়লেন	p O r l e n	native
পড়লো	p O r l O	native
পড়শিদের	p O r sh i d e r	native
পড়শির	p O r sh i r	native
পড়শিরা	p O r sh i r a	native
পড়াং	p o r a ng	native
পড়াই	p o r a i	native
পড়াইতে	p o r a i t e	native
পড়াও	p o r a O	native
পড়াকালিন	p o r a k a l i n	native
পড়াকালে	p o r a k a l e	native
পড়াকে	p o r a k e	native
পড়াচ্ছি	p o r a ch chh i	native
পড়াচ্ছে	p o r a ch chh e	native
পড়াচ্ছেন	p o r a ch chh e n	native
পড়াটা	p o r a T a	native
পড়াটাই	p o r a T a i	native
পড়াত	p o r a t o	native
পড়াতে	p o r a t e	native
পড়াতেন	p o r a t e n	native
পড়াদের	p o r a d e r	native
পড়ান	p o r a n	native
পড়ানো	p o r a n O	native
পড়ানোর	p o r a n O r	native
পড়াব	p o r a b o	native
পড়াবে	p o r a b e	native
পড়াবেন	p o r a b e n	native
পড়ামু	p o r a m u	native
পড়ারই	p o r a r i	native
পড়ারও	p o r a r O	native
পড়ালে	p o r a l e	native
পড়ালেখাও	p o r a l e kh a O	native
পড়ালেখাটা	p o r a l e kh a T a	native
পড়ালেখার	p o r a l e kh a r	native
পড়ালেখায়	p o r a l e kh a y	native
পড়ালেহা	p o r a l e h a	native
পড়াশুনা	p o r a sh u n a	native
পড়াশোনাই	p o r a sh O n a i	native
পড়াশোনাও	p o r a sh O n a O	native
পড়াশোনাকালিন	p o r a sh O n a k a l i n	native
পড়াশোনাটা	p o r a sh O n a T a	native
পড়াশোনাটাও	p o r a sh O n a T a O	native
পড়াশোনার	p o r a sh O n a r	native
পড়াশোনায়	p o r a sh O n a y	native
পড়াশোনায়ও	p o r a sh O n a y O	native
পড়াসহ	p o r a sh o h O	native
পড়ায়	p o r a y	native
পড়ি	p O r i	native
পড়িঘাউ	p O r i gh a u	native
পড়িতে	p O r i t e	native
পড়িনি	p O r i n i	native
পড়িভায়	p O r i bh a y	native
পড়িমরি	p O r i m O r i	native
পড়িল	p O r i l O	native
পড়িলে	p O r i l e	native
পড়িহাসে	p O r i h a sh e	native
পড়িয়া	p O r i y a	native
পড়িয়ান	p O r i y a n	native
পড়িয়ে	p O r i y e	native
পড়িয়েছি	p O r i y e chh i	native
পড়িয়েছিলেন	p O r i y e chh i l e n	native
পড়িয়েছেন	p O r i y e chh e n	native
পড়ুক	p O r u k	native
পড়ুন	p O r u n	native
পড়ুয়া	p O r u y a	native
পড়ুয়াদের	p O r u y a d e r	native
পড়ুয়ারা	p O r u y a r a	native
পড়েই	p O r e i	native
পড়েও	p O r e O	native
পড়েছ	p O r e chh O	native
পড়েছি	p O r e chh i	native
পড়েছিলাম	p O r e chh i l a m	native
পড়েছিলেন	p O r e chh i l e n	native
পড়েছিস	p O r e chh i sh o	native
পড়েছেই	p O r e chh e i	native
পড়েছেন	p O r e chh e n	native
পড়েননি	p o r e n n i	native
পড়েনি	p o r e n i	native
পড়ো	p o r O	native
পড়ো–পড়ো	p o r O p O r O	native
পয়	p o y O	native
পয়ঃব্যবস্থার	p o y O b A b O sth a r	tatsama
পয়ঃশোধনাগারে	p o y O sh O dh o n a g a r e	tatsama
পয়গাম	p o y g a m	native
পয়গাম্বর	p o y o g a mb o r	native
পয়জন	p o y j o n	native
পয়জনিং	p o y j o n i ng	native
পয়জার	p o y j a r	native
পয়তাল্লিস	p o y t a l l i sh	native
পয়দল	p o y d o l	native
পয়দা	p o y d a	native
পয়মন্ত	p o y m o nt o	native
পয়রা	p o y r a	native
পয়লা	p o y l a	native
পয়সাই	p o y sh a i	native
পয়সাও	p o y sh a O	native
পয়সাওয়ালা	p o y sh a O y a l a	native
পয়সাকে	p o y sh a k e	native
পয়সাটা	p o y sh a T a	native
পয়সার	p o y sh a r	native
পয়সারহাট	p o y sh a r h a T	native
পয়সায়	p o y sh a y	native
পয়স্বিনি	p o y O sh sh i n i	tatsama
পয়স্য	p o y O sh sh O	native
পয়া	p o y a	native
পয়ার	p o y a r	native
পয়েন্টই	p o y e n T i	loanword
পয়েন্টও	p o y e n T O	loanword
পয়েন্টগুলো	p o y e n T g u l O	loanword
পয়েন্টগুলোতে	p o y e n T g u l O t e	loanword
পয়েন্টগুলোর	p o y e n T g u l O r	loanword
পয়েন্টটা	p o y e n T T a	loanword
পয়েন্টটি	p o y e n T T i	loanword
পয়েন্টনার	p o y e n T n a r	loanword
পয়েন্টসম্যান	p o y e n T s m A n	loanword
পয়েন্টসহ	p o y e n T sh o h O	loanword
পয়েন্টার	p o y e n T a r	loanword
পয়েন্টে	p o y e n T e	loanword
পয়েন্টেই	p o y e n T e i	loanword
পয়েন্টের	p o y e n T e r	loanword
পয়েলা	p o y e l a	native
পয়োধর	p o y O dh o r	native
পয়োনালা	p o y O n a l a	native
পয়োনালার	p o y O n a l a r	native
পয়োনালি	p o y O n a l i	native
পয়োনিশ্কাশন	p o y O n i sh k a sh o n	native
পয়োনিশ্কাশনকে	p o y O n i sh k a sh o n k e	compound
পয়োনিশ্কাশনব্যবস্থা	p o y O n i sh k a sh o n b A b O sth a	compound
পয়োনিশ্কাশনব্যবস্থার	p o y O n i sh k a sh o n b A b O sth a r	compound
পয়োনিশ্কাশনসেবা	p o y O n i sh k a sh o n sh e b a	compound
পয়োনিশ্কাশনের	p o y O n i sh k a sh o n e r	compound
পয়োবর্জ্য	p o y O b o r j O	native
পয়োবর্জ্যের	p o y O b o r j e r	native
পয়োব্যবস্থা	p o y O b A b O sth a	native
পয়োভার	p o y O bh a r	native
পয়োমুক	p o y O m u k	native
পয়োলাইন	p o y O l a i n	native
পয়োলাইনের	p o y O l a i n e r	native
ফ	ph o	native
ফওজ	ph o O j	native
ফওজিয়া	ph o O j i y a	native
ফক	ph o k	native
ফকনার	ph o k n a r	native
ফকফক	ph o k ph o k	native
ফকর	ph o k o r	native
ফকরউদ্দিন	ph O k o r u d d i n	native
ফকরা	ph O k r a	native
ফকরি	ph O k r i	native
ফকরুজ্জামান	ph O k r u u j j a m a n	native
ফকরুদ্দিন	ph O k r u d d i n	native
ফকরুল	ph O k r u l	native
ফকরুলের	ph O k r u l e r	native
ফকলোর	ph O k l O r	native
ফকল্যান্ড	ph o k l A n D	proper_noun
ফকা	ph o k a	native
ফকিরও	ph o k i r O	native
ফকিরকান্দি	ph o k i r o k a nd i	native
ফকিরকে	ph O k i r k e	native
ফকিরদের	ph o k i r d e r	native
ফকিরনির	ph o k i r n i r	native
ফকিরপাড়া	ph o k i r p a r a	native
ফকিরহাট	ph O k i r h a T	native
ফকিরহাটে	ph O k i r h a T e	native
ফকিরহাটের	ph o k i r h a T e r	native
ফকিরা	ph O k i r a	native
ফকিরাঘোনা	ph o k i r a gh O n a	native
ফকিরাপুল	ph O k i r a p u l	native
ফকিরাপুলে	ph O k i r a p u l e	native
ফকিরাপুলের	ph O k i r a p u l e r	native
ফকিরাবাদ	ph o k i r a b a d	native
ফকিরের	ph O k i r e r	native
ফকিরেরপুল	ph o k i r e r p u l	native
ফকিরেরপুলে	ph o k i r e r p u l e	native
ফকিরেরপুলের	ph o k i r e r p u l e r	native
ফক্কিকা	ph O k k i k a	native
ফক্কুড়ি	ph o k k u r i	native
ফক্স	ph o k s	loanword
ফক্সের	ph o k s e r	loanword
ফখর	ph o kh o r	native
ফখরউদ্দিন	ph o kh o r u d d i n	native
ফখরুজ্জামান	ph O kh r u j j a m a n	native
ফখরুজ্জামানের	ph o kh o r u j j a m a n e r	compound
ফখরুদ্দিন	ph o kh r u d d i n	native
ফখরুদ্দিনকে	ph o kh o r u d d i n k e	native
ফখরুদ্দিনের	ph O kh r u d d i n e r	native
ফখরুল	ph O kh r u l	native
ফখরুলকে	ph o kh r u l k e	native
ফখরুলসহ	ph O kh r u l sh o h O	native
ফখরুলের	ph o kh r u l e r	native
ফখরে	ph o kh o r e	native
ফগ	ph o g	native
ফগার	ph o g a r	native
ফচফচ	ph o ch ph o ch	native
ফজর	ph o j O r	native
ফজরের	ph o j O r e r	native
ফজল	ph o j o l	native
ফজলকে	ph o j o l k e	native
ফজলার	ph o j l a r	native
ফজলি	ph O j l i	native
ফজলিখালার	ph O j l i kh a l a r	native
ফজলু	ph O j l u	native
ফজলুর	ph O j l u r	native
ফজলুল	ph O j l u l	native
ফজলুলকে	ph o j l u l k e	native
ফজলুলের	ph o j l u l e r	native
ফজলুল্লাহ	ph o j o l u l l a h o	native
ফজলের	ph o j O l e r	native
ফজিলত	ph O j i l o t	native
ফজিলতপুর্ন	ph o j i l o t p u r n O	native
ফজিলতময়	ph o j i l t m o y o	native
ফজিলা	ph O j i l a	native
ফজিলাতুন	ph o j i l a t u n	native
ফজিলাতুননাজ	ph o j i l a t u n n a j	native
ফজিলাতুন্নেসা	ph O j i l a t u nn e sh a	compound
ফজু	ph o j u	native
ফজুল	ph O j u l	native
ফজুলল	ph o j u l o l	native
ফজেল	ph o j e l	native
ফটক	ph o T O k	native
ফটকই	ph o T o k i	native
ফটকগুলো	ph o T o k g u l O	native
ফটকটি	ph o T O k T i	native
ফটকসংলগ্ন	ph o T O k sh o ng l o g n O	native
ফটকসহ	ph o T O k sh o h O	native
ফটকা	ph o T k a	native
ফটকাবাজারি	ph o T k a b a j a r i	native
ফটকাবাজি	ph o T k a b a j i	native
ফটকি	ph o T k i	native
ফটকি–নাটকি	ph o T k i n a T o k i	native
ফটকে	ph o T O k e	native
ফটকেই	ph o T o k e i	native
ফটাফট	ph o T a ph o T	native
ফটিং	ph O T i ng	native
ফটিক	ph O T i k	native
ফটিকছড়ি	ph O T i k chh O r i	native
ফটিকছড়িতে	ph O T i k chh O r i t e	native
ফটিকছড়ির	ph O T i k chh O r i r	native
ফটিকের	ph O T i k e r	native
ফটো	ph o T O	native
ফটোকপি	ph o T O k o p i	native
ফটোকপিও	ph o T O k o p i O	native
ফটোকপিসহ	ph o T O k o p i sh o h O	native
ফটোগ্রাফ	ph o T O gr a ph	loanword
ফটোগ্রাফারদের	ph o T O gr a ph a r d e r	compound
ফটোগ্রাফাররা	ph o T O gr a ph a r r a	loanword
ফটোগ্রাফারের	ph o T O gr a ph a r e r	loanword
ফটোগ্রাফি	ph o T O gr a ph i	loanword
ফটোগ্রাফিক	ph o T O gr a ph i k	loanword
ফটোগ্রাফিকে	ph o T O gr a ph i k e	loanword
ফটোজার্নালিস্ট	ph o T O j a r n a l i s T	loanword
ফটোটা	ph o T O T a	native
ফটোথেরাপি	ph o T O th e r a p i	native
ফটোফ্রেম	ph o T O ph r e m	loanword
ফটোফ্রেমের	ph o T O ph r e m e r	loanword
ফটোভোল্টেইক	ph o T O bh O l T e i k	native
ফটোর	ph o T O r	native
ফটোশপে	ph o T O sh o p e	native
ফটোশপের	ph o T O sh o p e r	native
ফটোশুট	ph o T O sh u T	native
ফটোশুটে	ph o T O sh u T e	native
ফটোস	ph o T O s	native
ফটোসাংবাদিক	ph o T O sh a ng b a d i k	native
ফটোসাংবাদিককে	ph o T O sh a ng b a d i k k e	compound
ফটোসাংবাদিকদের	ph o T O sh a ng b a d i k d e r	compound
ফটোসাংবাদিকসহ	ph o T O sh a ng b a d i k sh o h O	compound
ফটোসাংবাদিকের	ph o T O sh a ng b a d i k e r	compound
ফটোসাংবাদিকেরা	ph o T O sh a ng b a d i k e r a	compound
ফটোসুন্দরি	ph o T O sh u nd o r i	native
ফটোসেশন	ph o T O s e sh O n	native
ফটোসেশনে	ph o T O s e sh O n e	native
ফটোসেশনের	ph o T O s e sh O n e r	native
ফটোস্ট্যাট	ph o T O s T A T	loanword
ফতহুম	ph o t h u m m u b i n	native
ফতুই	ph o t u i	native
ফতুর	ph O t u r	native
ফতুল্লা	ph O t u l l a	native
ফতুল্লার	ph O t u l l a r	native
ফতুল্লায়	ph o t u l l a y	native
ফতুয়া	ph o t u y a	native
ফতুয়াও	ph o t u y a O	native
ফতুয়ার	ph o t u y a r	native
ফতুয়ায়	ph o t u y a y o	native
ফতে	ph o t e	native
ফতেখারকুল	ph o t e kh a r k u l	native
ফতেপুর	ph o t e p u r	native
ফতেহ	ph o t e h	native
ফতেহপুর	ph o t e h p u r	native
ফতেহাবাদ	ph o t e h a b a d	native
ফতোয়া	ph o t O y a	native
ফতোয়াকে	ph o t O y a k e	native
ফতোয়াদানকারি	ph o t O y a d a n k a r i	native
ফতোয়াবাজ	ph o t O y a b a j	native
ফতোয়াবাজদের	ph o t O y a b a j d e r	native
ফতোয়াবাজরা	ph o t O y a b a j r a	native
ফতোয়াবাজি	ph o t O y a b a j i	native
ফতোয়াবাজির	ph o t O y a b a j i r	native
ফতোয়াবাজেরা	ph o t O y a b a j e r a	native
ফতোয়াবিরোধি	ph o t O y a b i r O dh i	native
ফতোয়ার	ph o t O y a r	native
ফতোয়ায়	ph o t O y a y	native
ফদনা	ph o d o n a	native
ফদনারডেইল	ph o d o n a r D e i l	native
ফন	ph o n	native
ফনম	ph o n m	native
ফনসেকা	ph o n sh e k a	native
ফনসেকাকে	ph o n sh e k a k e	native
ফনসেকার	ph o n sh e k a r	native
ফনা	ph o n a	native
ফনায়	ph o n a y	native
ফনি	ph O n i	native
ফনিভুশন	ph o n i bh u sh o n	native
ফনিমনসা	ph O n i m o n sh a	native
ফন্ট	ph o n T	native
ফন্টাস	ph o n T a sh	native
ফন্টে	ph o n T e	native
ফন্টেইন	ph o n T e i n	native
ফন্টেইনের	ph o n T e i n e r	native
ফন্দি	ph O nd i	native
ফন্দিফিকির	ph o nd i ph i k i r	native
ফর	ph o r	native
ফরএভার	ph o r e bh a r	native
ফরওয়ার্ড	ph o r O y a r D	loanword
ফরওয়ার্ডিং	ph o r O a r D i ng	loanword
ফরক	ph o r o k	native
ফরকএ	ph o r k o e	native
ফরগিভ	ph o r g i bh	native
ফরচুন	ph o r ch u n	native
ফরচুনা	ph o r ch u n a	native
ফরচুনের	ph o r ch u n e r	native
ফরজ	ph o r O j	native
ফরজে	ph o r o j e	native
ফরজের	ph o r O j e r	native
ফরদাবাদ	ph o r d a b a d	native
ফরফর	ph o r ph o r	native
ফরমও	ph o r m O	native
ফরমসহ	ph o r m sh o h O	native
ফরমা	ph o r m a	native
ফরমাজুল	ph o r m a j u l	native
ফরমানই	ph o r m a n i	native
ফরমানকে	ph o r m a n k e	native
ফরমানগুলো	ph o r m a n g u l O	native
ফরমানগুলোর	ph o r m a n g u l O r	native
ফরমানটি	ph o r m a n T i	native
ফরমানবলে	ph o r m a n b o l e	native
ফরমানে	ph o r m a n e	native
ফরমানের	ph o r m a n e r	native
ফরমালডিহাইড	ph o r m a l D i h a i D	loanword
ফরমালিন	ph o r m a l i n	native
ফরমালিনজুক্ত	ph o r m a l i n j u kt O	native
ফরমালিনবিরোধি	ph o r m a l i n b i r O dh i	compound
ফরমালিনমুক্ত	ph o r m a l i n m u kt O	native
ফরমালিনের	ph o r m a l i n e r	native
ফরমাশ	ph o r m a sh	native
ফরমায়েশ	ph o r m a y e sh	native
ফরমায়েশি	ph o r m a y e sh i	native
ফরমুলা	ph o r m u l a	native
ফরমুলেশন	ph o r m u l e sh o n	native
ফরমে	ph o r m e	native
ফরমেট	ph o r m e T	loanword
ফরমেটে	ph o r m e T e	loanword
ফরমেটের	ph o r m e T e r	loanword
ফরমেশন	ph o r m e sh O n	native
ফরম্যাট	ph o r m A T	loanword
ফরম্যাটই	ph o r m A T i	loanword
ফরম্যাটে	ph o r m A T e	loanword
ফরম্যাটেই	ph o r m A T e i	loanword
ফররুখ	ph o r r u kh	native
ফরসা	ph o r sh a	native
ফরসাদ	ph o r sh a d	native
ফরহাত	ph o r h a t	native
ফরহাতুল্লাহ	ph o r h a t u l l a h 	proper_noun
ফরহাদকে	ph o r h a d k e	proper_noun
ফরহাদুজ্জামান	ph o r h a d u j j a m a n o	proper_noun
ফরহাদুল	ph o r h a d u l	proper_noun
ফরহাদের	ph o r h a d e r	proper_noun
ফরাজি	ph o r a j i	native
ফরাজির	ph o r a j i r	native
ফরাশগঞ্জ	ph a r a sh g o nj	tatsama
ফরাশগঞ্জকে	ph o r a sh g o nj k e	tatsama
ফরাশগঞ্জে	ph o r a sh o g o nj e	tatsama
ফরাশগঞ্জের	ph o r a sh o g o nj e r	tatsama
ফরাস	ph o r a sh	native
ফরাসউদ্দিন	ph o r a sh u d d i n	proper_noun
ফরাসউদ্দিনের	ph o r a sh u d d i n e r	proper_noun
ফরাসত	ph o r a sh o t	proper_noun
ফরাসি	ph o r a sh i	native
ফরাসিতে	ph o r a sh i t e	native
ফরাসিদের	ph o r a sh i d e r	native
ফরাসিভাশি	ph o r a sh i bh a sh i	native
ফরাসির	ph o r a sh i r	native
ফরাসিরা	ph o r a sh i r a	native
ফরাসিরাই	ph o r a sh i r a i	native
ফরিজা	ph o r i j a	native
ফরিজার	ph o r i j a r	native
ফরিদ	ph O r i d	native
ফরিদউদ্দিন	ph O r i d u d d i n	native
ফরিদকে	ph o r i d k e	native
ফরিদগঞ্জ	ph O r i d g o nj	tatsama
ফরিদগঞ্জের	ph O r i d g o nj e r	tatsama
ফরিদপুর	ph O r i d p u r	native
ফরিদপুরকে	ph o r i d p u r k e	native
ফরিদপুরগামি	ph o r i d p u r g a m i	native
ফরিদপুরসহ	ph o r i d p u r sh o h O	native
ফরিদপুরে	ph O r i d p u r e	native
ফরিদপুরেও	ph o r i d p u r e O	native
ফরিদপুরের	ph O r i d p u r e r	native
ফরিদা	ph O r i d a	native
ফরিদাবাদ	ph O r i d a b a d	native
ফরিদাবাদের	ph o r i d a b a d e r	native
ফরিদার	ph o r i d a r	native
ফরিদি	ph O r i d i	native
ফরিদিই	ph o r i d i i	native
ফরিদিকে	ph o r i d i k e	native
ফরিদির	ph O r i d i r	native
ফরিদুন্নাহার	ph o r i d u nn a h a r	native
ফরিদুন্নাহারের	ph o r i d u nn a h a r e r	compound
ফরিদুর	ph O r i d u r	native
ফরিদুল	ph O r i d u l	native
ফরিয়াদ	ph o r i y a d	native
ফরিয়াদি	ph o r i y a d i	native
ফরিয়াদির	ph o r i y a d i r	native
ফরেইন	ph o r e i n	native
ফরেন	ph o r e n	native
ফরেনসিক	ph o r e n s i k	native
ফরেব	ph o r e r	native
ফরেস্ট	ph o r e s T	loanword
ফরেস্টার	ph o r e s T a r	loanword
ফরেস্টের	ph o r e s T e r	loanword
ফরেস্ট্রি	ph o r e s T r i	loanword
ফরোখ্ত	ph o r O kh t	native
ফরোয়ার্ড	ph o r O y a r D	loanword
ফরোয়ার্ডকে	ph o r O y a r D k e	loanword
ফরোয়ার্ডদের	ph o r O y a r D d e r	loanword
ফরোয়ার্ডরা	ph o r O y a r D r a	loanword
ফরোয়ার্ডিং	ph o r O y a r D i ng	loanword
ফরোয়ার্ডে	ph o r O y a r D e	loanword
ফরোয়ার্ডের	ph o r O y a r D e r	loanword
ফর্জা	ph o r j a	native
ফর্দ	ph o r d O	native
ফর্দা	ph o r d a	native
ফর্ম	ph o r m	native
ফর্মই	ph o r m i	native
ফর্মও	ph o r m O	native
ফর্মকে	ph o r m k e	native
ফর্মটা	ph o r m T a	native
ফর্মটাও	ph o r m T a O	native
ফর্মটাকে	ph o r m T a k e	native
ফর্মহিন	ph o r m h i n	native
ফর্মহিনতা	ph o r m h i n t a	native
ফর্মহিনতার	ph o r m h i n t a r	native
ফর্মা	ph o r m a	loanword
ফর্মার	ph o r m a r	loanword
ফর্মালিটি	ph o r m a l i T i	loanword
ফর্মুলা	ph o r m u l a	loanword
ফর্মুলাটা	ph o r m u l a T a	loanword
ফর্মুলাটি	ph o r m u l a T i	loanword
ফর্মুলার	ph o r m u l a r	loanword
ফর্মুলায়	ph o r m u l a y	loanword
ফর্মুলেশন	ph o r m u l e sh o n	loanword
ফর্মুলেশনস	ph o r m u l e sh o n s	loanword
ফর্মে	ph o r m e	loanword
ফর্মেই	ph o r m e i	loanword
ফর্মেও	ph o r m e O	loanword
ফর্মের	ph o r m e r	loanword
ফর্মেশনে	ph o r m e sh o n e	loanword
ফর্মেশনের	ph o r m e sh o n e r	loanword
ফর্সা	ph o r sh a	native
ফর্সাকারি	ph o r sh a k a r i	native
ফল	ph o l	native
ফলংগ	ph o l O ng g O	native
ফলই	ph o l i	native
ফলও	ph o l O	native
ফলকটি	ph o l o k T i	native
ফলকি	ph o l O k i	native
ফলকে	ph o l O k e	native
ফলগাছ	ph o l g a chh	native
ফলগাছা	ph o l g a chh a	native
ফলগাছের	ph o l g a chh e r	native
ফলগুলো	ph o l g u l O	native
ফলগুলোর	ph o l g u l O r	native
ফলটাই	ph o l T a i	native
ফলটাও	ph o l T a O	native
ফলটিতে	ph o l T i t e	native
ফলদায়ক	ph o l d a y o k	native
ফলন	ph o l O n	native
ফলনকে	ph o l o n k e	native
ফলনশিল	ph o l O n sh i l	native
ফলনির্ভর	ph o l n i r bh o r	native
ফলনে	ph o l O n e	native
ফলনের	ph o l O n e r	native
ফলন্ত	ph o l o nt o	native
ফলপট্টি	ph o l p o T T i	native
ফলপ্রসু	ph o l O pr O sh u	native
ফলপ্রসুভাবে	ph o l O pr O sh u bh a b e	native
ফলফলাদি	ph o l ph o l a d i	native
ফলবাগান	ph o l b a g a n	native
ফলবান	ph o l o b a n	native
ফলবিক্রেতা	ph o l b i kr e t a	native
ফলবে	ph O l b e	native
ফলমুল	ph o l m u l	native
ফলমুলে	ph o l m u l e	native
ফলমুলের	ph o l m u l e r	native
ফলল	ph o l o l	native
ফললাভ	ph o l l a bh	native
ফলশ্রুতি	ph o l o sh r u t i	native
ফলশ্রুতিতে	ph o l O sh r u t i t e	native
ফলস্	ph o l o sh	native
ফলস্বরুপ	ph o l sh O r u p	tatsama
ফলা	ph o l a	native
ফলাই	ph o l a i	native
ফলাও	ph o l a O	native
ফলাকাংক্ষা	ph o l a k a ng kh a	tatsama
ফলাগম	ph o l a g o m	native
ফলাচ্ছেন	ph o l a ch chh e n	native
ফলাটি	ph o l a T i	native
ফলাত	ph o l a t o	native
ফলাদি	ph o l a d i	native
ফলান	ph o l a n	native
ফলানা	ph o l a n a	native
ফলানোর	ph o l a n O r	native
ফলান্বেশন	ph o l a n n e sh o n	native
ফলাফল	ph o l a ph o l	native
ফলাফলও	ph o l a ph o l O	native
ফলাফলকে	ph o l a ph o l k e	native
ফলাফলগুলো	ph o l a ph o l g u l O	native
ফলাফলটাও	ph o l a ph o l T a O	native
ফলাফলটি	ph O l a ph o l T i	native
ফলাফলভিত্তিক	ph o l a ph o l bh i tt i k	native
ফলাফলসহ	ph o l a ph o l sh o h O	native
ফলাফলে	ph o l a ph o l e	native
ফলাফলেও	ph o l a ph O l e O	native
ফলাবেন	ph o l a b e n	native
ফলার	ph o l a r	native
ফলারি	ph o l a r i	native
ফলাশন	ph o l a sh o n	native
ফলায়	ph o l a y	native
ফলিকল	ph O l i k O l	native
ফলিয়া	ph o l i y a	native
ফলিয়ে	ph o l i y e	native
ফলিয়েছেন	ph o l i y e chh e n	native
ফলুই	ph o l u i	native
ফলেই	ph o l e i	native
ফলেও	ph o l e O	native
ফলেছে	ph O l e chh e	native
ফলেট	ph o l e T	native
ফলেনি	ph o l e n i	native
ফলোঅন	ph o l O o n	native
ফলোঅনে	ph o l O o n e	native
ফলোঅনের	ph o l O o n e r	native
ফলোআপ	ph o l O a p	native
ফলোআপে	ph o l O a p e	native
ফলোআপের	ph o l O a p e r	native
ফলোদয়	ph o l O d o y	native
ফলোন্মুখ	ph o l O n m u kh	native
ফলোপজিবি	ph o l O p O j i b i	native
ফলোয়ারের	ph o l O y a r e r	native
ফল্গু	ph o l g u	native
ফল্গুধারা	ph O l g u dh a r a	native
ফল্গুন	ph O l g u n	native
ফল্গুনি	ph O l g u n i	native
ফল্গুৎসব	ph O l g u t sh o b	native
ফল্ট	ph o l T	native
ফল্টলাইন	ph o l T l a i n	native
ফস	ph o sh	native
ফসকা	ph o sh o k a	native
ফসকে	ph O sh k e	native
ফসফরাস	ph o s ph o r a s	native
ফসফরাসের	ph o s ph o r a s e r	native
ফসফেট	ph o s ph e T	loanword
ফসলই	ph o sh o l i	native
ফসলও	ph o sh O l O	native
ফসলকে	ph o sh o l k e	native
ফসলটি	ph o sh o l T i	native
ফসলডুবি	ph o sh o l D u b i	native
ফসলডুবির	ph o sh o l D u b i r	native
ফসলহানি	ph o sh o l h a n i	native
ফসলহানির	ph o sh o l h a n i r	native
ফসলহারা	ph o sh o l h a r a	native
ফসলি	ph o sh O l i	native
ফসলে	ph o sh O l e	native
ফসলের	ph o sh O l e r	native
ফসলেরও	ph o sh o l e r O	native
ফসাদ	ph o sh a d	native
ফসিল	ph o s i l	native
ফসিলের	ph o s i l e r	native
ফসিয়ার	ph o sh i y a r	native
ফসেট	ph o sh e T	loanword
ফসেটকে	ph o sh e T k e	loanword
ফসেটের	ph o sh e T e r	loanword
ফস্কে	ph o s k e	loanword
ফা	ph a	native
ফাংশন	ph a ng sh o n	native
ফাংশনাল	ph a ng sh O n a l	native
ফাই	ph a i	native
ফাইং	ph a i ng	native
ফাইজা	ph a i j a	native
ফাইজার	ph a i j a r	native
ফাইজি	ph a i j i	native
ফাইজুর	ph a i j u r	native
ফাইজুল	ph a i j u l	native
ফাইট	ph a i T	loanword
ফাইটার	ph a i T a r	loanword
ফাইটিং	ph a i T i ng	loanword
ফাইটে	ph a i T e	loanword
ফাইটের	ph a i T e r	loanword
ফাইটো	ph a i T O	loanword
ফাইট্টা	ph a i T T a	native
ফাইন	ph a i n	native
ফাইনগোল্ড	ph a i n g O l D	proper_noun
ফাইনান্সিয়াল	ph a i n a n s i y a l	loanword
ফাইনাল	ph a i n a l	native
ফাইনালই	ph a i n a l i	native
ফাইনালও	ph a i n a l O	native
ফাইনালকে	ph a i n a l k e	native
ফাইনালটা	ph a i n a l T a	loanword
ফাইনালটাই	ph a i n a l T a i	loanword
ফাইনালটাও	ph a i n a l T a O	loanword
ফাইনালটি	ph a i n a l T i	loanword
ফাইনালটিকে	ph a i n a l T i k e	loanword
ফাইনালস	ph a i n a l s	native
ফাইনালসহ	ph a i n a l sh o h O	native
ফাইনালি	ph a i n a l i	native
ফাইনালিস্ট	ph a i n a l i s T	loanword
ফাইনালিস্টরা	ph a i n a l i s T o r a	loanword
ফাইনালিস্টের	ph a i n a l i s T e r	loanword
ফাইনালে	ph a i n a l e	native
ফাইনালেই	ph a i n a l e i	native
ফাইনালেও	ph a i n a l e O	native
ফাইনালের	ph a i n a l e r	native
ফাইন্ড	ph a i n D	loanword
ফাইন্ডার	ph a i n D a r	loanword
ফাইন্ডিং	ph a i n D i ng	loanword
ফাইন্ডিংস	ph a i n D i ng s	loanword
ফাইন্যানশিয়াল	ph a i n A n sh i y a l	compound
ফাইন্যান্স	ph a i n A n s	loanword
ফাইন্যান্সিং	ph a i n A n s i ng	loanword
ফাইন্যান্সিয়াল	ph a i n A n s i y a l	loanword
ফাইন্যান্সের	ph a i n A n s e r	loanword
ফাইবার	ph a i b a r	native
ফাইবারের	ph a i b a r e r	native
ফাইব্রোসাস	ph a i br O s a s	native
ফাইভ	ph a i bh	native
ফাইভজি	ph a i bh j i	native
ফাইভে	ph a i bh e	native
ফাইভের	ph a i bh e r	native
ফাইরুজ	ph a i r u j	native
ফাইলই	ph a i l i	loanword
ফাইলও	ph a i l O	loanword
ফাইলকে	ph a i l k e	loanword
ফাইলগুলো	ph a i l g u l O	loanword
ফাইলগুলোর	ph a i l g u l O r	loanword
ফাইলটা	ph a i l T a	loanword
ফাইলটি	ph a i l T i	loanword
ফাইলটিকে	ph a i l T i k e	loanword
ফাইলটির	ph a i l T i r	loanword
ফাইলপত্র	ph a i l p o tr O	loanword
ফাইলবন্দি	ph a i l b o nd i	loanword
ফাইলস	ph a i l s	loanword
ফাইলিং	ph a i l i ng	loanword
ফাইলে	ph a i l e	loanword
ফাইয়াজ	ph a i y a j	native
ফাইয়াদ	ph a i y a d	native
ফাই–ফরমাশ	ph a i ph o r m a sh	native
ফাউ	ph a u	native
ফাউগ	ph a u g	native
ফাউজি	ph a u j i	native
ফাউজিয়া	ph a u j i y a	native
ফাউন্টেন	ph a u n T e n p e n	loanword
ফাউন্টেনও	ph a u n T e n o O	loanword
ফাউন্টেনের	ph a u n T e n e r	loanword
ফাউন্ড	ph a u n D	loanword
ফাউন্ডার	ph a u n D a r	loanword
ফাউন্ডেশন	ph a u n D e sh O n	loanword
ফাউন্ডেশনকে	ph a u n D e sh o n k e	loanword
ফাউন্ডেশনটি	ph a u n D e sh o n T i	loanword
ফাউন্ডেশনসহ	ph a u n D e sh o n sh o h O	loanword
ফাউন্ডেশনের	ph a u n D e sh O n e r	loanword
ফাউন্ড্রি	ph a u n D r i	loanword
ফাউল	ph a u l	native
ফাউলে	ph a u l e	native
ফাউলের	ph a u l e r	native
ফাও	ph a O	native
ফাওজিয়া	ph a O j i y a	native
ফাওড়া	ph a O r a	native
ফাওয়াদ	ph a O y a d	native
ফাওয়ের	ph a O y e r	native
ফাক	ph a k	native
ফাকও	ph a k O	native
ফাকগুলো	ph a k g u l O	native
ফাকতালে	ph a k t a l e	native
ফাকফোকর	ph a k ph O k e r	native
ফাকফোকরে	ph a k ph O k o r e	native
ফাকরি	ph a k r i	native
ফাকা	ph a k a	native
ফাকাই	ph a k a i	native
ফাকার	ph a k a r	native
ফাকায়	ph a k a y	native
ফাকি	ph a k i	native
ফাকিজুকি	ph a k i j u k i	native
ফাকিটা	ph a k i T a	native
ফাকিতে	ph a k i t e	native
ফাকিবাজ	ph a k i b a j	native
ফাকিবাজি	ph a k i b a j i	native
ফাকির	ph a k i r	native
ফাকিসংক্রান্ত	ph a k i sh o ng kr a nt O	compound
ফাকিহ	ph a k i h	native
ফাকে	ph a k e	native
ফাকেই	ph a k e i	native
ফাকের	ph a k e r	native
ফাক্কা	ph a k k a	native
ফাখরি	ph a kh r i	native
ফাগুন	ph o g u n	native
ফাগুনে	ph a g u n e	native
ফাগুনের	ph a g u n e r	native
ফাগুয়া	ph a g u y a	native
ফাজলামি	ph a j l a m i	native
ফাজলামো	ph a j l a m O	native
ফাজিল	ph a j i l	native
ফাজিলপুর	ph a j i l p u r	native
ফাট	ph a T	native
ফাটক	ph a T O k	native
ফাটকা	ph a T k a	native
ফাটকাবাজ	ph a T k a b a j	native
ফাটকাবাজদের	ph a T k a b a j d e r	native
ফাটকাবাজারি	ph a T k a b a j a r i	native
ফাটকাবাজি	ph a T k a b a j i	native
ফাটকাবাজির	ph a T k a b a j i r	native
ফাটকামুলক	ph a T k a m u l o k	native
ফাটছে	ph a T chh e	native
ফাটবে	ph a T b e	native
ফাটলগুলো	ph a T o l g u l O	native
ফাটলরেখা	ph a T O l r e kh a	native
ফাটলের	ph a T O l e r	native
ফাটাতে	ph a T a t e	native
ফাটান	ph a T a n o	native
ফাটানো	ph a T a n O	native
ফাটানোর	ph a T a n O r	native
ফাটাফাটি	ph a T a ph a T i	native
ফাটাবে	ph a T a b e	native
ফাটার	ph a T a r	native
ফাটাল	ph a T a l o	native
ফাটালে	ph a T a l e	native
ফাটালেন	ph a T a l e n	native
ফাটায়	ph a T a y	native
ফাটিয়ে	ph a T i y e	native
ফাটিয়েছি	ph a T i y e chh i	native
ফাটিয়েছিল	ph a T i y e chh i l	native
ফাটিয়েছিলেন	ph a T i y e chh i l e n	native
ফাটিয়েছে	ph a T i y e chh e	native
ফাটিয়েছেন	ph a T i y e chh e n	native
ফাটে	ph a T e	native
ফাডুৎস	ph a D u t sh	native
ফাড্ডিঅ	ph a D D i o	native
ফাতরার	ph a t r a r	native
ফাতা	ph a t a	native
ফাতাল্লাহ	ph a t a l l a h	native
ফাতাহ	ph a t a h	native
ফাতাহর	ph a t a h o r	native
ফাতি	ph a t i	native
ফাতিমা	ph a t i m a	native
ফাতিমাকে	ph a t i m a k e	native
ফাতিমার	ph a t i m a r	native
ফাতিহ	ph a t i h	native
ফাতিহা	ph a t i h a	native
ফাতেন	ph a t e n	native
ফাতেমা	ph a t e m a	native
ফাতেমাকে	ph a t e m a k e	native
ফাতেমাতুজ	ph a t e m a t u j	native
ফাতেমার	ph a t e m a r	native
ফাতেমাসহ	ph a t e m a sh o h O	native
ফাতেমি	ph a t e m i	native
ফাতেহ	ph a t e h	native
ফাতেহা	ph a t e h a	native
ফাতেহার	ph a t e h a r	native
ফাত্তাহ	ph a tt a h	native
ফাত্তাহকে	ph a tt a h k e	native
ফাত্তাহর	ph a tt a h r	native
ফাথি	ph a th i	native
ফাদ	ph a d	native
ফাদা	ph a d a	native
ফাদার	ph a d a r	native
ফাদারের	ph a d a r e r	native
ফাদি	ph a d i	native
ফাদে	ph a d e	native
ফাদেই	ph a d e i	native
ফাদের	ph a d e r	native
ফাদেল	ph a d e l	native
ফাধিল	ph a dh i l	native
ফান	ph a n	native
ফানটা	ph a n T a	native
ফানস	ph a n o sh	native
ফানা	ph a n a	native
ফানি	ph a n i	native
ফানুস	ph a n u sh	native
ফান্ট	ph a n T o	loanword
ফান্ড	ph a n D	loanword
ফান্ডই	ph a n D i	loanword
ফান্ডকে	ph a n D k e	loanword
ফান্ডগুলো	ph a n D g u l O	loanword
ফান্ডগুলোকে	ph a n D g u l O k e	loanword
ফান্ডগুলোর	ph a n D g u l O r	loanword
ফান্ডটি	ph a n D T i	loanword
ফান্ডটিতে	ph a n D T i t e	loanword
ফান্ডটির	ph a n D T i r	loanword
ফান্ডস	ph a n D s	native
ফান্ডসহ	ph a n D sh o h O	loanword
ফান্ডামেন্টাল	ph a n D a m e n T a l	compound
ফান্ডামেন্টালের	ph a n D a m e n T a l e r	compound
ফান্ডিং	ph a n D i ng	loanword
ফান্ডে	ph a n D e	native
ফান্ডেড	ph a n D e D	native
ফান্ডের	ph a n D e r	loanword
ফান্ডেরই	ph a n D e r i	loanword
ফান্ডেরও	ph a n D e r O	loanword
ফান্দ	ph a nd	native
ফান্দা	ph a nd a	native
ফাপ	ph a p a	native
ফাপকি–নাটকি	ph a T k i n a T k i	native
ফাপরে	ph a p o r e	native
ফাপা	ph a p a	native
ফাপানো	ph a p a n O	native
ফাপিয়ে	ph a p i y e	native
ফাফ	ph a ph	native
ফাফর	ph a ph o r	native
ফাবার্গ	ph a b a r g	proper_noun
ফাবিও	ph a b i O	native
ফাবিয়ান	ph a b i y a n	native
ফাম্বল	ph a mb o l	native
ফার	ph a r	native
ফারইশ্ট	ph a r i sh T	loanword
ফারখুন্দার	ph a r kh u nd a r	native
ফারজানা	ph a r j a n a	native
ফারজানার	ph a r j a n a r	native
ফারজিন	ph a r j i n	native
ফারদিন	ph a r d i n	native
ফারনাজ	ph a r n a j	native
ফারনান্দেজ	ph a r n a nd e j	native
ফারফোর	ph a r ph O r	native
ফারম	ph a r o m	native
ফারমার্স	ph a r m a r s	loanword
ফারসাখ	ph a r sh a kh	native
ফারসি	ph a r sh i	native
ফারসিম	ph a r sh i m	native
ফারসির	ph a r sh i r	native
ফারহা	ph a r h a	native
ফারহাত	ph a r h a t	native
ফারহাতকে	ph a r h a t k e	native
ফারহাতের	ph a r h a t e r	native
ফারহাদ	ph a r h a d	native
ফারহান	ph a r h a n	native
ফারহানকে	ph a r h a n k e	native
ফারহানার	ph a r h a n a r	native
ফারহানি	ph a r h a n i	native
ফারহানের	ph a r h a n e r	native
ফারহিন	ph a r h i n	native
ফারহিল	ph a r h i l	native
ফারা	ph a r a ph a r a	native
ফারাও	ph a r a O	native
ফারাক	ph a r a k	native
ফারাকটা	ph a r a k T a	native
ফারাক্কা	ph a r a k k a	native
ফারাক্কার	ph a r a k k a r	native
ফারাক্কায়	ph a r a k k a y	native
ফারাজ	ph a r a j	native
ফারান	ph a r a n	native
ফারাবি	ph a r a b i	native
ফারাবিকে	ph a r a b i k e	native
ফারাবির	ph a r a b i r	native
ফারাহ	ph a r a h	native
ফারাহ্	ph a r a h	native
ফারায়া	ph a r a y a	native
ফারিহা	ph a r i h a	native
ফারিয়া	ph a r i y a	native
ফারিয়ানজু	ph a r i y a n j u	native
ফারিয়ার	ph a r i y a r	native
ফারিয়াস	ph a r i y a s	proper_noun
ফারুক	ph a r u k	native
ফারুকও	ph a r u k O	native
ফারুককে	ph a r u k k e	native
ফারুকদের	ph a r u k d e r	native
ফারুকসহ	ph a r u k sh o h O	native
ফারুকি	ph a r u k i	native
ফারুকিকে	ph a r u k i k e	native
ফারুকির	ph a r u k i r	native
ফারুকুজ্জামান	ph a r u k u j j a m a n	compound
ফারুকুল	ph a r u k u l	native
ফারুকের	ph a r u k e r	native
ফারুখ	ph a r u kh	native
ফারুয়া	ph a r u y a	native
ফারেনহাইট	ph a r e n h a i T	native
ফারেনহাইটের	ph a r e n h a i T e r	native
ফারের	ph a r e r	native
ফারেস	ph a r e s	proper_noun
ফার্ক	ph a r k	native
ফার্কের	ph a r k e r	native
ফার্গি	ph a r g i	native
ফার্গুসন	ph a r g u s o n	proper_noun
ফার্গুসনই	ph a r g u s o n i	proper_noun
ফার্গুসনও	ph a r g u s o n O	proper_noun
ফার্গুসনকে	ph a r g u s o n k e	proper_noun
ফার্গুসনে	ph a r g u s o n e	proper_noun
ফার্গুসনের	ph a r g u s o n e r	proper_noun
ফার্টিলাইজার	ph a r T i l a i j a r	loanword
ফার্টিলিটি	ph a r T i l i T i	loanword
ফার্ডিনান্ড	ph a r D i n a n D	proper_noun
ফার্ডিনান্ডের	ph a r D i n a n D e r	compound
ফার্থ	ph a r th	proper_noun
ফার্দিনান্দ	ph a r d i n a nd	proper_noun
ফার্ন	ph a r n	loanword
ফার্নান্ডেজ	ph a r n a n D e j	proper_noun
ফার্নান্ডো	ph a r n a n D O	proper_noun
ফার্নান্দেজ	ph a r n a nd e j	native
ফার্নান্দেজের	ph a r n a nd e j e r	compound
ফার্নান্দো	ph a r n a nd O	native
ফার্নান্দোর	ph a r n a nd O r	native
ফার্নিচার	ph a r n i ch a r	native
ফার্নিচারে	ph a r n i ch a r e	native
ফার্নিচারের	ph a r n i ch a r e r	native
ফার্নেস	ph a r n e s	native
ফার্ম	ph a r m	loanword
ফার্মকে	ph a r m k e	loanword
ফার্মগুলো	ph a r m g u l O	loanword
ফার্মগুলোর	ph a r m g u l O r	loanword
ফার্মগেইট	ph a r m g e i T	proper_noun
ফার্মগেট	ph a r m g e T	proper_noun
ফার্মগেটসংলগ্ন	ph a r m g e T sh o ng l o g n O	compound
ফার্মগেটের	ph a r m g e T e r	proper_noun
ফার্মভিউ	ph a r m bh i u	native
ফার্মভিল	ph a r m bh i l o	native
ফার্মভিলের	ph a r m bh i l e r	native
ফার্মস	ph a r m s	native
ফার্মসমুহের	ph a r m s sh o m u h e r	native
ফার্মসের	ph a r m s e r	native
ফার্মা	ph a r m a	native
ফার্মাকোলজি	ph a r m a k O l o j i	native
ফার্মার	ph a r m a r	native
ফার্মাসি	ph a r m a s i	native
ফার্মাসিউটিকাল	ph a r m a s i u T i k a l	compound
ফার্মাসিউটিক্যাল	ph a r m a s i u T i k A l	compound
ফার্মাসিউটিক্যালস	ph a r m a s i u T i k A l s	compound
ফার্মাসিউটিক্যালসের	ph a r m a s i u T i k A l s e r	compound
ফার্মাসিউটিক্যালের	ph a r m a s i u T i k A l e r	compound
ফার্মাসিস্টদের	ph a r m a	loanword
ফার্মাসিস্টের	ph a r m a s i s T e r	loanword
ফার্মিং	ph a r m i ng	loanword
ফার্মে	ph a r m e	native
ফার্মের	ph a r m e r	loanword
ফার্মেসিকে	ph a r m e s i k e	native
ফার্মেসিতে	ph a r m e s i t e	native
ফার্মেসির	ph a r m e s i r	native
ফার্স	ph a r s	loanword
ফার্স্ট	ph a r s T	loanword
ফার্স্টলেডি	ph a r s T l e D i	loanword
ফার্স্ব	ph a r sh o	tatsama
ফাল	ph a l	native
ফালকাও	ph a l k a O	native
ফালকে	ph a l k e	native
ফালকোর	ph a l k O r o	native
ফালগুনি	ph a l g u n i	native
ফালতু	ph a l t u	native
ফালা	ph a l a	native
ফালাই	ph a l a i	native
ফালাইছি	ph a l a i chh i	native
ফালাইছে	ph a l a i chh e	native
ফালাইয়া	ph a l a i y a	native
ফালাও	ph a l a O	native
ফালাক	ph a l a k	native
ফালামু	ph a l a m u	native
ফালাহ	ph a l a h	native
ফালাহ্	ph a l a h	native
ফালায়	ph a l a y o	native
ফালি	ph a l i	native
ফালিসাতলি	ph a l i sh a t l i	native
ফালু	ph a l u	native
ফালুকে	ph a l u k e	native
ফালুদা	ph a l u d a	native
ফালুর	ph a l u r	native
ফাল্গুনি	ph a l g u n i	native
ফাল্গুনে	ph a l g u n e	native
ফাল্গুনের	ph a l g u n e r	native
ফাশি	ph a sh i	native
ফাস	ph a sh	native
ফাসকারিদের	ph a sh k a r i d e r	native
ফাসটা	ph a sh T a	native
ফাসা	ph a sh a	native
ফাসাতে	ph a sh a t e	native
ফাসাদ	ph a sh a d	native
ফাসানো	ph a sh a n O	native
ফাসানোর	ph a sh a n O r	native
ফাসি	ph a sh i	native
ফাসিও	ph a sh i O	native
ফাসিকাশ্ঠ	ph a sh i k a sh Th o	native
ফাসিকাশ্ঠে	ph a sh i k a sh Th e	native
ফাসিতে	ph a sh i t e	native
ফাসির	ph a sh i r	native
ফাসিয়াখালি	ph a sh i y a kh a l i	native
ফাসিয়ে	ph a sh i y e	native
ফাসে	ph a sh e	native
ফাসের	ph a sh e r	native
ফাসো	ph a sh O	native
ফাস্ট	ph a s T	loanword
ফাস্টফুড	ph a s T ph u D	loanword
ফাস্টফুডের	ph a s T ph u D e r	loanword
ফাস্টেস্ট	ph a s T e s T	loanword
ফাহমি	ph a h m i	native
ফাহমিদা	ph a h m i d a	native
ফাহমিদার	ph a h m i d a r	native
ফাহমিদুল	ph a h m i d u l	native
ফাহমির	ph a h m i r	native
ফাহাদ	ph a h a d	native
ফাহাদকে	ph a h a d k e	native
ফাহাদের	ph a h a d e r	native
ফাহিম	ph a h i m	native
ফাহিমকে	ph a h i m k e	native
ফাহিমা	ph a h i m a	native
ফাহিমার	ph a h i m a r	native
ফাহিমুর	ph a h i m u r	native
ফাৎ	ph a t	native
ফাৎনা	ph a t n a	native
ফাড়	ph a r	native
ফাড়া	ph a r a	native
ফাড়ি	ph a r i	native
ফাড়িতে	ph a r i t e	native
ফাড়ির	ph a r i r	native
ফায়জুল	ph a y o j u l	native
ফায়দা	ph a y o d a	native
ফায়দাতন্ত্র	ph a y o d a t o n t r o	native
ফায়দাতন্ত্রের	ph a y o d a t o n t r e r o	compound
ফায়দাবাজি	ph a y o d a b a j i	native
ফায়দাবাজির	ph a y o d a b a j i r	native
ফায়দাবাদ	ph a y o d a b a d	native
ফায়দার	ph a y o d a r	native
ফায়সালা	ph a y o sh a l a	native
ফায়াজ	ph a y a j	native
ফায়ার	ph a y a r	native
ফায়ারফক্স	ph a y a r ph o k s	loanword
ফায়ারফক্সে	ph a y a r ph o k s e	loanword
ফায়ারফক্সের	ph a y a r o ph o k s e r	loanword
ফায়ারবার্ডসের	ph a y a r b a r o D sh e r	compound
ফায়ারম্যান	ph a y a r m A n	native
ফায়ারম্যানদের	ph a y a r m A n d e r	compound
ফায়ারিং	ph a y a r i ng	native
ফায়ারিংয়ের	ph a y a r i ng y e r	native
ফায়ারের	ph a y a r e r	native
ফায়ার্স	ph a y a r s	loanword
ফায়েকুজ্জামান	ph a y e k u j j a m a n	compound
ফায়েজ	ph a y e j	native
ফায়েদ	ph a y e d	native
ফি	ph i	native
ফিংগক	ph i ng g o k	native
ফিংগারপ্রিন্ট	ph i ng g a r pr i n T	compound
ফিংগারপ্রিন্টস	ph i ng g a r pr i n T s	compound
ফিংগারপ্রিন্টের	ph i ng g a r pr i n T e r	compound
ফিংগে	ph i ng g e	native
ফিংা	ph i ng g a	native
ফিংে	ph i ng g e	native
ফিংড়ি	ph i ng r i	native
ফিইরা	ph i i r a	native
ফিউ	ph i u	native
ফিউচার	ph i u ch a r	native
ফিউচারের	ph i u ch a r e r	native
ফিউচার্সের	ph i u ch a r s e r	native
ফিউডাল	ph i u D a l	loanword
ফিউরি	ph i u r i	native
ফিউরিয়াস	ph i u r i y a s	native
ফিউশন	ph i u sh o n	native
ফিউশনধর্মি	ph i u sh o n dh O r m i	native
ফিউসন	ph i u sh o n	native
ফিউয়ারস্টেইন	ph i u y a r s T e i n	proper_noun
ফিওনা	ph i O n a	native
ফিওরেন্টিনা	ph i O r e n T i n a	proper_noun
ফিক	ph i k	native
ফিকম্যান	ph i k m A n	native
ফিকশন	ph i k sh O n	native
ফিকশ্চার	ph i k sh ch a r	native
ফিকহ	ph i k h o	native
ফিকা	ph i k a	native
ফিকার	ph i k a r	native
ফিকাহ	ph i k a h	native
ফিকি	ph i k i	native
ফিকির	ph i k i r	native
ফিকে	ph i k e	native
ফিক্সচার	ph i k s o ch a r	loanword
ফিক্সিংয়ে	ph i k s i ng y e	loanword
ফিক্সিংয়ের	ph i k s i ng y e r	loanword
ফিগার	ph i g a r	native
ফিগারটা	ph i g a r T a	native
ফিগারে	ph i g a r e	native
ফিগারের	ph i g a r e r	native
ফিগারো	ph i g a r O	native
ফিগার্স	ph i g a r s	loanword
ফিগেরোয়া	ph i g e r O y a	native
ফিগো	ph i g O	native
ফিচ	ph i ch	native
ফিচার	ph i ch a r	native
ফিচারও	ph i ch a r O	native
ফিচারগুলো	ph i ch a r g u l O	native
ফিচারগুলোর	ph i ch a r g u l O r	native
ফিচারটির	ph i ch a r T i r	native
ফিচারিং	ph i ch a r i ng	native
ফিজ	ph i j	native
ফিজনুর	ph i j n u r	native
ফিজার	ph i j a r	native
ফিজি	ph i j i	native
ফিজিও	ph i j i O	native
ফিজিওথেরাপির	ph i j i O th e r a p i r	native
ফিজিওথেরাপিস্ট	ph i j i O th e r a p i s T	loanword
ফিজিওদের	ph i j i O d e r	native
ফিজিওর	ph i j i O r	native
ফিজিওলজি	ph i j i O l O j i	native
ফিজিওলজির	ph i j i O l o j i r	native
ফিজিকস	ph i j i k s	native
ফিজিক্যাল	ph i j i k A l	native
ফিজিক্যালি	ph i j i k A l i	native
ফিজিক্স	ph i j i k s	loanword
ফিজিবিলিটি	ph i j i b i l i T i	loanword
ফিজির	ph i j i r	native
ফিজিশিয়ান	ph i j i sh i y a n	native
ফিজিশিয়ানস	ph i j i sh i y a n s	native
ফিজিসিস্ট	ph i j i s i s T	loanword
ফিজো	ph i j O	native
ফিঞ্চ	ph i nch	tatsama
ফিঞ্চের	ph i nch e r	tatsama
ফিটই	ph i T i	native
ফিটকারি	ph i T k a r i	native
ফিটকিরি	ph i T k i r i	native
ফিটজপ্যাট্রিক	ph i T j p A T r i k	loanword
ফিটনেস	ph i T n e s	loanword
ফিটনেসই	ph i T n e s i	loanword
ফিটনেসবিহিন	ph i T n e s b i h i n	loanword
ফিটনেসহিন	ph i T n e s h i n	loanword
ফিটনেসে	ph i T n e s e	loanword
ফিটনেসের	ph i T n e s e r	loanword
ফিটফিটে	ph i T ph i T e	native
ফিটাল	ph i T a l	native
ফিটাস	ph i T a s	loanword
ফিটিং	ph i T i ng	loanword
ফিটিংস	ph i T i ng s	loanword
ফিটু	ph i T u	loanword
ফিটেড	ph i T e D	loanword
ফিটের	ph i T e r	loanword
ফিটেস্ট	ph i T e s T	loanword
ফিড	ph i D	loanword
ফিডব্যাক	ph i D b A k	loanword
ফিডব্যাকের	ph i D b A k e r	loanword
ফিডস	ph i D s	loanword
ফিডা	ph i D a	loanword
ফিডারে	ph i D a r e	loanword
ফিডারের	ph i D a r e r	loanword
ফিডের	ph i D e r	loanword
ফিডেলিটি	ph i D e l i T i	loanword
ফিডেলিস	ph i D e l i s	proper_noun
ফিতনা	ph i t n a	native
ফিতর	ph i t o r	native
ফিতরকে	ph i t o r k e	native
ফিতরা	ph i t r a	native
ফিতরার	ph i t r a r	native
ফিতরে	ph i t r e	native
ফিতরের	ph i t o r e r	native
ফিতা	ph i t a	native
ফিতাওয়ালা	ph i t a O y a l a	native
ফিতার	ph i t a r	native
ফিতায়	ph i t a y	native
ফিতে	ph i t e	native
ফিদইয়া	ph i d i y a	native
ফিদবি	ph i d b i	native
ফিদা	ph i d a	native
ফিদার	ph i d a r	native
ফিদিয়া	ph i d i y a	native
ফিদেল	ph i d e l	native
ফিদেলের	ph i d e l e r	native
ফিদ্ইয়া	ph i d i y a	native
ফিন	ph i n	native
ফিনকি	ph i n k i	native
ফিনকে	ph i n k e	native
ফিনফিন	ph i n ph i n	native
ফিনফিনে	ph i n ph i n e	native
ফিনলে	ph i n l e	native
ফিনল্যান্ডে	ph i n l A n D e	proper_noun
ফিনল্যান্ডের	ph i n l A n D e r	proper_noun
ফিনাইল	ph i n a i l	native
ফিনাটিস	ph i n a T i sh	native
ফিনানশিয়াল	ph i n a n sh i y a l	native
ফিনানসিয়াল	ph i n a n s i a l	native
ফিনান্স	ph i n a n s	loanword
ফিনান্সিয়াল	ph i n a n s i a l	loanword
ফিনালে	ph i n a l e	native
ফিনিক	ph i n i k	native
ফিনিক্স	ph i n i k s	loanword
ফিনিশ	ph i n i sh	native
ফিনিশড	ph i n i sh D	loanword
ফিনিশার	ph i n i sh a r	native
ফিনিশিং	ph i n i sh i ng	native
ফিনিশিংয়ে	ph i n i sh i ng y e	native
ফিনিশিংয়ের	ph i n i sh i ng y e r	native
ফিনিশের	ph i n i sh e r	native
ফিনের	ph i n e r	native
ফিন্নির	ph i nn i r	native
ফিন্যানশিয়াল	ph i n A n sh i y a l o	native
ফিন্যান্সিয়াল	ph i n A n s i a l	loanword
ফিন্যান্সে	ph i n A n s e	loanword
ফিন্যান্সের	ph i n A n s e r	loanword
ফিফটি	ph i ph T i	loanword
ফিফটিই	ph i ph T i i	loanword
ফিফটিও	ph i ph T i O	loanword
ফিফটিটা	ph i ph T i T a	loanword
ফিফটিটি	ph i ph T i T i	loanword
ফিফটির	ph i ph T i r	loanword
ফিফটিসহ	ph i ph T i sh o h O	loanword
ফিফথ	ph i ph th	native
ফিফা	ph i ph a	native
ফিফাও	ph i ph a O	native
ফিফাকে	ph i ph a k e	native
ফিফার	ph i ph a r	native
ফিফায়	ph i ph a y	native
ফিবছর	ph i b o chh o r	native
ফিভার	ph i bh a r	native
ফিমেল	ph i m e l	native
ফির	ph i r	native
ফিরকা	ph i r k a	native
ফিরকি	ph i r k i	native
ফিরছি	ph i r chh i	native
ফিরছিল	ph i r chh i l O	native
ফিরছিলাম	ph i r chh i l a m	native
ফিরছে	ph i r chh e	native
ফিরছেন	ph i r chh e n	native
ফিরত	ph i r t O	native
ফিরতাম	ph i r t a m	native
ফিরতি	ph i r t i	native
ফিরতেই	ph i r t e i	native
ফিরতেও	ph i r t e O	native
ফিরতেন	ph i r t e n	native
ফিরদউস	ph i r d o u sh	native
ফিরদউসি	ph i r d o u sh i	native
ফিরদোউস	ph i r d O u sh	native
ফিরদোউসের	ph i r d O u sh e r	native
ফিরনি	ph i r n i	native
ফিরনিসহ	ph i r n i sh o h O	native
ফিরব	ph i r b O	native
ফিরবে	ph i r b e	native
ফিরবো	ph i r b O	native
ফিরমিনো	ph i r m i n O	native
ফিরল	ph i r l O	native
ফিরলাম	ph i r l a m	native
ফিরলে	ph i r l e	native
ফিরলেই	ph i r l e i	native
ফিরলেও	ph i r l e O	native
ফিরলেন	ph i r l e n	native
ফিরলো	ph i r l O	native
ফিরা	ph i r a	native
ফিরি	ph i r i	native
ফিরিংগিবাজার	ph i r i ng g i b a j a r	native
ফিরিশতা	ph i r i sh t a	native
ফিরিস্তা	ph i r i st a	native
ফিরিস্তি	ph i r i st i	native
ফিরিস্তিও	ph i r i st i O	native
ফিরিয়া	ph i r i y a	native
ফিরিয়ে	ph i r i y e	native
ফিরিয়েই	ph i r i y e i	native
ফিরিয়েও	ph i r i y e O	native
ফিরিয়েছিল	ph i r i y e chh i l o	native
ফিরিয়েছিলেন	ph i r i y e chh i l e n	native
ফিরিয়েছে	ph i r i y e chh e	native
ফিরিয়েছেন	ph i r i y e chh e n	native
ফিরুক	ph i r u k	native
ফিরুন	ph i r u n	native
ফিরে	ph i r e	native
ফিরেই	ph i r e i	native
ফিরেও	ph i r e O	native
ফিরেছি	ph i r e chh i	native
ফিরেছিল	ph i r e chh i l O	native
ফিরেছিলাম	ph i r e chh i l a m	native
ফিরেছে	ph i r e chh e	native
ফিরেছেন	ph i r e chh e n	native
ফিরেন	ph i r e n	native
ফিরেননি	ph i r e n n i	native
ফিরেনি	ph i r e n i	native
ফিরোজ	ph i r O j	native
ফিরোজকে	ph i r O j k e	native
ফিরোজশাহ	ph i r O j sh a h	native
ফিরোজসহ	ph i r O j sh o h O	native
ফিরোজার	ph i r O j a r	native
ফিরোজের	ph i r O j e r	native
ফিল	ph i l	native
ফিলটার	ph i l T a r	loanword
ফিলসফি	ph i l o s o ph i	native
ফিলহাল	ph i l h a l	native
ফিলাইন	ph i l a i n	native
ফিলাডেলফিয়া	ph i l a D e l ph i y a	proper_noun
ফিলাডেলফিয়ার	ph i l a D e l ph i y a r	proper_noun
ফিলাডেলফিয়ায়	ph i l a D e l ph i y a y	proper_noun
ফিলামেন্ট	ph i l a m e n T	loanword
ফিলার	ph i l a r	native
ফিলিং	ph i l i ng	native
ফিলিংস	ph i l i ng s	native
ফিলিংয়ের	ph i l i ng y e r	native
ফিলিপ	ph i l i p	native
ফিলিপস	ph i l i p s	proper_noun
ফিলিপসকে	ph i l i p s k e	proper_noun
ফিলিপসের	ph i l i p s e r	proper_noun
ফিলিপাইন	ph i l i p a i n	native
ফিলিপাইনভিত্তিক	ph i l i p a i n bh i tt i k	compound
ফিলিপাইনসহ	ph i l i p a i n sh o h O	native
ফিলিপাইনে	ph i l i p a i n e	native
ফিলিপাইনেও	ph i l i p a i n e O	native
ফিলিপাইনের	ph i l i p a i n e r	native
ফিলিপিন	ph i l i p i n	native
ফিলিপিনোরা	ph i l i p i n O r a	native
ফিলিপিন্স	ph i l i p i n s	loanword
ফিলিপে	ph i l i p e	native
ফিলিপের	ph i l i p e r	native
ফিলিপেসর	ph i l i p e sh o r	native
ফিলিপ্পো	ph i l i p p O	native
ফিলিস্তিনপন্থি	ph i l i st i n p o n th i	compound
ফিলিস্তিনি	ph i l i st i n i	native
ফিলিস্তিনিকে	ph i l i st i n i k e	native
ফিলিস্তিনিদের	ph i l i st i n i d e r	compound
ফিলিস্তিনির	ph i l i st i n i r	native
ফিলিস্তিনিরা	ph i l i st i n i r a	native
ফিলিস্তিনিরাই	ph i l i st i n i r a i	compound
ফিলিস্তিনে	ph i l i st i n e	native
ফিলিস্তিনের	ph i l i st i n e r	native
ফিলে	ph i l e	native
ফিলের	ph i l e r	native
ফিল্টারিং	ph i l T a r i ng	loanword
ফিল্টারের	ph i l T a r e r	loanword
ফিল্ড	ph i l D	loanword
ফিল্ডমার্শাল	ph i l D m a r sh a l	loanword
ফিল্ডস	ph i l D s	loanword
ফিল্ডারও	ph i l D a r O	loanword
ফিল্ডারকে	ph i l D a r k e	loanword
ফিল্ডারদেরও	ph i l D a r d e r O	loanword
ফিল্ডাররাও	ph i l D a r r a O	loanword
ফিল্ডিং	ph i l D i ng	loanword
ফিল্ডিংই	ph i l D i ng i	loanword
ফিল্ডিংও	ph i l D i ng O	loanword
ফিল্ডিংটা	ph i l D i ng T a	loanword
ফিল্ডিংটাই	ph i l D i ng T a i	loanword
ফিল্ডিংটাও	ph i l D i ng T a O	loanword
ফিল্ডিংয়ে	ph i l D i ng y e	loanword
ফিল্ডিংয়েও	ph i l D i ng y e O	loanword
ফিল্ডিংয়ের	ph i l D i ng y e r	loanword
ফিল্ডে	ph i l D e	loanword
ফিল্ডের	ph i l D e r	loanword
ফিল্ম	ph i l m	loanword
ফিল্মফেয়ার	ph i l m ph e y a r	native
ফিল্মফেয়ারের	ph i l m ph e y a r e r	native
ফিল্মস	ph i l m s	native
ফিল্মসের	ph i l m s e r	native
ফিল্মি	ph i l m i	native
ফিল্মে	ph i l m e	native
ফিল্মের	ph i l m e r	loanword
ফিল্যান্ডার	ph i l A n D a r	proper_noun
ফিশার	ph i sh a r	native
ফিশারম্যান	ph i sh a r m A n	native
ফিশারি	ph i sh a r i	native
ফিশারিঘাট	ph i sh a r i gh a T	proper_noun
ফিশারিঘাটের	ph i sh a r i gh a T e r	proper_noun
ফিশারিজ	ph i sh a r i j	native
ফিশারিজের	ph i sh a r i j e r	native
ফিশের	ph i sh e r	native
ফিস	ph i s	native
ফিসপ্লেট	ph i sh p l e T	loanword
ফিসফাস	ph i sh ph a sh	native
ফিসফিসানি	ph i sh ph i sh a n i	native
ফিসফিসিয়ে	ph i sh ph i sh i y e	native
ফিসহ	ph i sh o h O	native
ফিসাবিলিল্লাহ	ph i sh a b i l i l l a h	compound
ফিসারিজ	ph i sh a r i j	native
ফিসির	ph i sh i r ph i sh i r	native
ফিস্ক	ph i s k	loanword
ফিস্ট	ph i s T	loanword
ফিস্টার	ph i s T a r	loanword
ফিস্টুলা	ph i s T u l a	loanword
ফিৎজ	ph i t j	native
ফিৎরা	ph i t r a	native
ফিয়ার	ph i y a r	native
ফিয়ের	ph i y e r	native
ফিয়েস্তা	ph i y e st a	native
ফিয়োনা	ph i y O n a	native
ফু	ph u	native
ফুই	ph u i	native
ফুওয়াং	ph u O y a ng	native
ফুক	ph u k	native
ফুকরই	ph u k o r o i	native
ফুকরা	ph u k r a	native
ফুকরি	ph u k o r i	native
ফুকা	ph u k a	native
ফুকার	ph u k a r	native
ফুকারা	ph u k a r a	native
ফুকুই	ph u k u i	native
ফুকুশিমা	ph u k u sh i m a	native
ফুকুশিমায়	ph u k u sh i m a y o	native
ফুকে	ph u k e	native
ফুকের	ph u k e r	native
ফুকো	ph u k O	native
ফুগইতে	ph u g o i t e	native
ফুচকি	ph u ch k i	native
ফুচকে	ph u ch k e	native
ফুজি	ph u j i	native
ফুজিত্সু	ph u j i t s u	proper_noun
ফুজিমোরি	ph u j i m O r i	native
ফুজিৎসু	ph u j i t s u	proper_noun
ফুজিৎসুর	ph u j i t s u r	proper_noun
ফুজ্জামান	ph u j j a m a n	native
ফুট	ph u T	native
ফুটও	ph u T O	native
ফুটওভার	ph u T O bh a r	loanword
ফুটওভারব্রিজ	ph u T O bh a r br i j	loanword
ফুটওভারব্রিজগুলো	ph u T O bh a r br i j g u l O	compound
ফুটওভারব্রিজটি	ph u T O bh a r br i j T i	compound
ফুটওভারব্রিজে	ph u T O bh a r br i j e	compound
ফুটওভারব্রিজের	ph u T O bh a r br i j e r	compound
ফুটওয়ার্ক	ph u T O y a r k	loanword
ফুটওয়্যার	ph u T O y A r	loanword
ফুটওয়্যারের	ph u T O y A r e r	loanword
ফুটকি	ph u T k i	native
ফুটছিল	ph u T chh i l o	native
ফুটছে	ph u T chh e	native
ফুটত	ph u T t o	native
ফুটতে	ph u T t e	native
ফুটতেই	ph u T t e i	native
ফুটন	ph u T o n	native
ফুটনোট	ph u T n O T	loanword
ফুটন্ত	ph u T O nt O	native
ফুটপাতই	ph u T p a t i	native
ফুটপাতজুড়ে	ph u T p a t j u r e	native
ফুটপাতেই	ph u T p a t e i	native
ফুটপাতেও	ph u T p a t e O	native
ফুটপাথ	ph u T p a th	native
ফুটপাথে	ph u T p a th e	native
ফুটপাথেও	ph u T p a th e O	native
ফুটপাথের	ph u T p a th e r	native
ফুটফুট	ph u T ph u T	native
ফুটফুটে	ph u T ph u T e	native
ফুটবলই	ph u T b o l i	loanword
ফুটবলও	ph u T b o l O	loanword
ফুটবলকে	ph u T b o l k e	loanword
ফুটবলজ্বরে	ph u T b o l j b o r e	tatsama
ফুটবলপাগল	ph u T b o l p a g o l	loanword
ফুটবলপ্রিয়	ph u T b o l pr i y o	loanword
ফুটবলপ্রেমি	ph u T b o l pr e m i	loanword
ফুটবলপ্রেমিদের	ph u T b o l pr e m i d e r	compound
ফুটবলপ্রেমিরা	ph u T b o l pr e m i r a	compound
ফুটবলবিশ্ব	ph u T b o l b i sh sh O	tatsama
ফুটবলবিশ্বে	ph u T b o l b i sh sh e	tatsama
ফুটবলভক্তরা	ph u T b o l bh o kt o r a	loanword
ফুটবলময়	ph u T b o l m o y o	loanword
ফুটবলশোইলি	ph u T b o l sh O i l i	loanword
ফুটবলশোইলির	ph u T b o l sh O i l i r	loanword
ফুটবলসহ	ph u T b o l sh o h O	loanword
ফুটবলার	ph u T b o l a r	loanword
ফুটবলারই	ph u T b o l a r i	loanword
ফুটবলারও	ph u T b o l a r O	loanword
ফুটবলারকে	ph u T b o l a r k e	loanword
ফুটবলারটস	ph u T b o l a r T o sh	loanword
ফুটবলারটির	ph u T b o l a r T i r	loanword
ফুটবলারদের	ph u T b o l a r d e r	loanword
ফুটবলাররাও	ph u T b o l a r r a O	loanword
ফুটবলারের	ph u T b o l a r e r	loanword
ফুটবলারেরই	ph u T b o l a r e r i	loanword
ফুটবলারেরা	ph u T b o l a r e r a	loanword
ফুটবলিয়	ph u T b o l i y o	loanword
ফুটবলেই	ph u T b o l e i	loanword
ফুটবলেও	ph u T b o l e O	loanword
ফুটবলের	ph u T b o l e r	loanword
ফুটবলেরই	ph u T b o l e r i	loanword
ফুটবলেরও	ph u T b o l e r O	loanword
ফুটবে	ph u T b e	native
ফুটভাশি	ph u T bh a sh i	native
ফুটল	ph u T l O	native
ফুটলে	ph u T l e	native
ফুটান	ph u T a n	native
ফুটানো	ph u T a n O	native
ফুটিল	ph u T i l o	native
ফুটিয়ে	ph u T i y e	native
ফুটিয়েছে	ph u T i y e chh e	native
ফুটিয়েছেন	ph u T i y e chh e n	native
ফুটুক	ph u T u k	native
ফুটুস	ph u T u sh	native
ফুটেছে	ph u T e chh e	native
ফুটেজও	ph u T e j O	native
ফুটেজগুলো	ph u T e j g u l O	native
ফুটেজে	ph u T e j e	native
ফুটেজের	ph u T e j e r	native
ফুটেরও	ph u T e r O	native
ফুটোর	ph u T O r	native
ফুট্টই	ph u T T o i	native
ফুটয়	ph u T o y	native
ফুড	ph u D	native
ফুডকার্ট	ph u D k a r T	loanword
ফুডকার্টের	ph u D k a r T e r	loanword
ফুডকিং	ph u D k i ng	loanword
ফুডপান্ডা	ph u D p a n D a	proper_noun
ফুডস	ph u D s	loanword
ফুডসের	ph u D s e r	loanword
ফুডিস	ph u D i s	loanword
ফুডিসের	ph u D i s e r	loanword
ফুডে	ph u D e	loanword
ফুডের	ph u D e r	loanword
ফুতেনমা	ph u t e n m a	native
ফুতেনমার	ph u t e n m a r	native
ফুদান	ph u d a n	native
ফুনাফুতি	ph u n a ph u t i	native
ফুপা	ph u p a	native
ফুপাতো	ph u p a t O	native
ফুপি	ph u p i	native
ফুপিয়ে	ph u p i y e	native
ফুপু	ph u p u	native
ফুপুর	ph u p u r	native
ফুফাতো	ph u ph a t O	native
ফুফুর	ph u ph u r	native
ফুফুরা	ph u ph u r a	native
ফুমিও	ph u m i O	native
ফুরকনা	ph u r k o n a	native
ফুরকান	ph u r k a n	native
ফুরফুর	ph u r ph u r	native
ফুরফুরা	ph u r ph u r a	native
ফুরফুরে	ph u r ph u r e	native
ফুরসত	ph u r sh o t	native
ফুরসন্ধি	ph u r sh o ndh i	tatsama
ফুরানোর	ph u r a n O r	native
ফুরাবার	ph u r a b a r	native
ফুরাবে	ph u r a b e	native
ফুরাল	ph u r a l O	native
ফুরায়	ph u r a y	native
ফুরায়নি	ph u r a y n i	native
ফুরিয়ে	ph u r i y e	native
ফুরিয়েছে	ph u r i y e chh e	native
ফুরুকটোজ	ph u r u k T O j	loanword
ফুরোতে	ph u r O t e	native
ফুরোবে	ph u r O b e	native
ফুরোয়	ph u r O y	native
ফুর্তি	ph u r t i	native
ফুর্তিতে	ph u r t i t e	native
ফুর্তির	ph u r t i r	native
ফুর্না	ph u r n a	native
ফুরয়ে	ph u r o y e	native
ফুলও	ph u l O	native
ফুলওয়ালা	ph u l O y a l a	native
ফুলকপিতে	ph u l k O p i t e	native
ফুলকপির	ph u l k O p i r	native
ফুলকা	ph u l k a	native
ফুলকি	ph u l k i	native
ফুলকির	ph u l k i r	native
ফুলকুড়ি	ph u l k u r i	native
ফুলকে	ph u l k e	native
ফুলকো	ph u l k O	native
ফুলকোচা	ph u l k O ch a	native
ফুলকোর্ট	ph u l k O r T	loanword
ফুলকোর্টে	ph u l k O r T e	loanword
ফুলকোর্টের	ph u l k O r T e r	loanword
ফুলখালি	ph u l kh a l i	native
ফুলগাছে	ph u l g a chh e	native
ফুলগাছের	ph u l g a chh e r	native
ফুলগাজি	ph u l g a j i	native
ফুলগাজিতে	ph u l g a j i t e	native
ফুলগাজির	ph u l o g a j i r	native
ফুলগুলো	ph u l g u l O	native
ফুলগুলোর	ph u l g u l O r	native
ফুলচাশি	ph u l ch a sh i	native
ফুলছড়া	ph u l chh o r a	native
ফুলছড়ি	ph u l chh o r i	native
ফুলজান	ph u l j a n	native
ফুলজানের	ph u l j a n e r	native
ফুলঝুরি	ph u l jh u r i	native
ফুলঝুরিতে	ph u l jh u r i t e	native
ফুলঝুড়ি	ph u l jh u r i	native
ফুলটস	ph u l T o s	loanword
ফুলটা	ph u l T a	native
ফুলটাইম	ph u l T a i m	loanword
ফুলটি	ph u l T i	native
ফুলটিকে	ph u l T i k e	native
ফুলটির	ph u l T i r	native
ফুলতলা	ph u l t o l a	native
ফুলতলার	ph u l t o l a r	native
ফুলতলায়	ph u l t o l a y	native
ফুলতলি	ph u l t o l i	native
ফুলতে	ph u l t e	native
ফুলদানি	ph u l d a n i	native
ফুলদানিতে	ph u l d a n i t e	native
ফুলদানির	ph u l d a n i r	native
ফুলন	ph u l O n	native
ফুলন্ত	ph u l o nt o	native
ফুলপুর	ph u l p u r	native
ফুলপুরে	ph u l p u r e	native
ফুলপ্যান্ট	ph u l p A n T	loanword
ফুলবাগান	ph u l b a g a n	native
ফুলবাগিচা	ph u l b a g i ch a	native
ফুলবানু	ph u l b a n u	native
ফুলবাবু	ph u l b a b u	native
ফুলবাহারি	ph u l b a h a r i	native
ফুলবাড়ি	ph u l b a r i	native
ফুলবাড়িতে	ph u l b a r i t e	native
ফুলবাড়ির	ph u l b a r i	native
ফুলবাড়িয়া	ph u l b a r i y a	native
ফুলবাড়িয়ার	ph u l b a r i y a r	native
ফুলবাড়িয়ায়	ph u l b a r i y a y	native
ফুলব্যাক	ph u l b A k	native
ফুলব্রাইট	ph u l br a i T	proper_noun
ফুলমনি	ph u l m o n i	native
ফুলরি	ph u l o r i	native
ফুলল	ph u l o l	native
ফুলশজ্যার	ph u l sh o j j a r	native
ফুলহাতা	ph u l h a t a	native
ফুলহাম	ph u l h a m	native
ফুলহামের	ph u l h a m e r	native
ফুলা	ph u l a	native
ফুলানের	ph u l a n e r	native
ফুলার	ph u l a r	native
ফুলারটন	ph u l a r T o n	proper_noun
ফুলি	ph u l i	native
ফুলিল	ph u l i l o	native
ফুলিয়ে	ph u l i y e	native
ফুলে	ph u l e	native
ফুলেফেপে	ph u l e ph e p e	native
ফুলের	ph u l e r	native
ফুলেরতলে	ph u l e r t o l e	native
ফুলেল	ph u l e l	native
ফুলেশ্বরি	ph u l e sh sh O r i	tatsama
ফুল্ল	ph u l l O	native
ফুল্লিঅ	ph u l l i y o	native
ফুস	ph u sh	native
ফুসকুড়ি	ph u sh k u r i	native
ফুসছিলেন	ph u sh chh i l e n	native
ফুসছে	ph u sh chh e	native
ফুসছেন	ph u sh chh e n	native
ফুসতে	ph u sh t e	native
ফুসফুসকে	ph u sh ph u sh k e	native
ফুসফুসবহির্ভুত	ph u sh ph u sh b o h i r bh u t o	compound
ফুসফুসেও	ph u sh ph u sh e O	native
ফুসফুসের	ph u sh ph u sh e r	native
ফুসমন্তর	ph u sh m o nt O r	native
ফুসরত	ph u sh r O t	native
ফুসলনো	ph u sh l o n O	native
ফুসলিয়ে	ph u sh l i y e	native
ফুসা	ph u sh a	native
ফুসুর	ph u sh u r ph a sh u r	native
ফুসে	ph u sh e	native
ফুস্কুড়ি	ph u s k u r i	loanword
ফুৎকারে	ph u t k a r e	native
ফুড়া	ph u r a	native
ফুড়ে	ph u r e	native
ফুয়ল	ph u y o l o	native
ফুয়াদকে	ph u y a d k e	native
ফুয়াদের	ph u y a d e r	native
ফুয়ারা	ph u y a r a	native
ফুয়েল	ph u y e l	native
ফুয়েলের	ph u y e l e r	native
ফেইথ	ph e i th	native
ফেইথফুল	ph e i th ph u l	native
ফেইল	ph e i l	native
ফেইসবুক	ph e i s b u k	proper_noun
ফেইসবুকসহ	ph e i s b u k sh o h O	proper_noun
ফেকো	ph e k O	native
ফেছক	ph e chh k	native
ফেটা	ph e T a	native
ফেটানো	ph e T a n O	native
ফেটি	ph e T i	native
ফেটিয়ে	ph e T i y e	native
ফেটেছে	ph e T e chh e	native
ফেডারেল	ph e D a r e l	loanword
ফেডারেশনও	ph e D a r e sh o n O	loanword
ফেডারেশনসহ	ph e D a r e sh o n sh o h O	loanword
ফেতনা	ph e t n a	native
ফেদেছিল	ph e d e chh i l o	native
ফেদেছিলেন	ph e d e chh i l e n	native
ফেদেছে	ph e d e chh e	native
ফেদেছেন	ph e d e chh e n	native
ফেদেরারও	ph e d e r a r O	native
ফেনক	ph e n o k	native
ফেনসিডিল	ph e n s i D i l	proper_noun
ফেনসিডিলসহ	ph e n s i D i l sh o h O	proper_noun
ফেনসিডিলে	ph e n s i D i l e	proper_noun
ফেনিকা	ph e n i k a	native
ফেনিল	ph e n i l	native
ফেনি–বাতাসা	ph e n i b a r a sh a	native
ফেপে	ph e p e	native
ফের	ph e r	native
ফেরত	ph e r O t	native
ফেরতও	ph e r O t O	native
ফেরতজোগ্য	ph e r o t j O g g o	native
ফেরতে	ph e r t e	native
ফেরতের	ph e r O t e r	native
ফেরদাউসুর	ph e r d a u sh u r	native
ফেরদোউস	ph e r d O u sh	native
ফেরদোউসও	ph e r d O u sh O	native
ফেরদোউসকে	ph e r d O u sh k e	native
ফেরদোউসি	ph e r d O u sh i	native
ফেরদোউসির	ph e r d O u sh i r	native
ফেরদোউসের	ph e r d O u sh e r	native
ফেরা	ph e r a	native
ফেরাই	ph e r a i	native
ফেরাউন	ph e r a u n	native
ফেরাউনের	ph e r a u n e r	native
ফেরাও	ph e r a O	native
ফেরাটাও	ph e r a T a O	native
ফেরাতে	ph e r a t e	native
ফেরাতেই	ph e r a t e i	native
ফেরাদের	ph e r a d e r	native
ফেরান	ph e r a n	native
ফেরানোতে	ph e r a n O t e	native
ফেরানোর	ph e r a n O r	native
ফেরাবে	ph e r a b e	native
ফেরাবেন	ph e r a b e n	native
ফেরার	ph e r a r	native
ফেরারকে	ph e r a r k e	native
ফেরারন	ph e r a r	native
ফেরারি	ph e r a r i	native
ফেরারির	ph e r a r i r	native
ফেরারের	ph e r a r e r	native
ফেরাল	ph e r a l o	native
ফেরালেও	ph e r a l e O	native
ফেরালেন	ph e r a l e n	native
ফেরায়	ph e r a y	native
ফেরায়নি	ph e r a y n i	native
ফেরিঅলা	ph e r i o l a	native
ফেরিওয়ালারা	ph e r i O y a l a r a	native
ফেরিঘাট	ph e r i gh a T	native
ফেরিঘাটটি	ph e r i gh a T T i	native
ফেরিঘাটসহ	ph e r i gh a T sh o h O	native
ফেরিঘাটে	ph e r i gh a T e	native
ফেরিটিতে	ph e r i T i t e	native
ফেরিপথে	ph e r i p o th e	native
ফেরিবোট	ph e r i b O T	loanword
ফেরু	ph e r u	native
ফেরুয়ারি	ph e r u y a r i	native
ফেরেন	ph e r e n	native
ফেরেননি	ph e r e n n i	native
ফেরেনি	ph e r e n i	native
ফেরেববাজ	ph e r e b b a j	native
ফেরেশতাগন	ph e r e sh t a g o n	native
ফেরেশতাদের	ph e r e sh t a d e r	native
ফেরেশতার	ph e r e sh t a r	native
ফেরেশতারা	ph e r e sh t a r a	native
ফেরো	ph e r O	native
ফেরোমন	ph e r O m O n	native
ফেরৎ	ph e r O t	native
ফেলছিল	ph e l chh i l O	native
ফেলছিলেন	ph e l chh i l e n	native
ফেলছেন	ph e l chh e n	native
ফেলতেই	ph e l t e i	native
ফেলতেও	ph e l t e O	native
ফেলতেন	ph e l t e n	native
ফেলতো	ph e l t O	native
ফেলব	ph e l b O	native
ফেলবেন	ph e l b e n	native
ফেলবো	ph e l b O	native
ফেলল	ph e l l O	native
ফেললাম	ph e l l a m	native
ফেললেই	ph e l l e i	native
ফেললেও	ph e l l e O	native
ফেললেন	ph e l l e n	native
ফেলাই	ph A l a i	native
ফেলাও	ph A l a O	native
ফেলাকে	ph e l a k e	native
ফেলানি	ph e l a n i	native
ফেলানিকে	ph e l a n i k e	native
ফেলানির	ph e l a n i r	native
ফেলানো	ph e l a n O	native
ফেলানোর	ph e l a n O r	native
ফেলার	ph A l a r	native
ফেলারই	ph e l a r i	native
ফেলারও	ph A l a r O	native
ফেলায়	ph e l a y	native
ফেলি	ph e l i	native
ফেলিতে	ph e l i t e	native
ফেলিতেছে	ph e l i t e chh e	native
ফেলিনি	ph e l i n i	native
ফেলিপ	ph e l i p	native
ফেলিল	ph e l i l O	native
ফেলিস	ph e l i sh	native
ফেলিসিয়া	ph e l i sh i y a	native
ফেলুক	ph e l u k	native
ফেলুদা	ph e l u d a	native
ফেলুদার	ph e l u d a r	native
ফেলুন	ph e l u n	native
ফেলে	ph e l e	native
ফেলেই	ph e l e i	native
ফেলেও	ph e l e O	native
ফেলেছ	ph e l e chh O	native
ফেলেছি	ph e l e chh i	native
ফেলেছিল	ph e l e chh i l O	native
ফেলেছিলাম	ph e l e chh i l a m	native
ফেলেছিলেন	ph e l e chh i l e n	native
ফেলেছে	ph e l e chh e	native
ফেলেছেন	ph e l e chh e n	native
ফেলেন	ph A l e n	native
ফেলেননি	ph A l e n n i	native
ফেলোনি	ph e l O n i	native
ফেলোশিপ	ph e l O sh i p	native
ফেলোশিপের	ph e l O sh i p e r	native
ফেল্পেসর	ph e l p e sh o r	native
ফেল্প্স	ph e l p s	proper_noun
ফেস	ph e s	native
ফেসওয়াশ	ph e s O y a sh	native
ফেসপ্যাক	ph e s p A k	native
ফেসভ্যালু	ph e s bh A l u	native
ফেসিয়াল	ph e s i y a l	native
ফেসে	ph e s e	native
ফোইজত	ph O i j o t	native
ফোউজদার	ph O u j d a r	native
ফোউজদারহাট	ph O u j d a r h a T	native
ফোউজদারি	ph O u j d a r i	native
ফোউজি	ph O u j i	native
ফোউজিয়া	ph O u j i y a	native
ফোউজের	ph O u j e r	native
ফোক	ph O k	native
ফোকট	ph O k O T	native
ফোকর	ph O k O r	native
ফোকরানো	ph O k r a n O	native
ফোকল	ph O k O l	native
ফোকলোর	ph O k l O r	native
ফোকলোরের	ph O k l O r e r	native
ফোকা	ph O k a	native
ফোকাল	ph O k a l	native
ফোকাসড	ph O k a s D	loanword
ফোকাসিং	ph O k a s i ng	native
ফোকাসে	ph O k a s e	native
ফোকাসের	ph O k a s e r	native
ফোক্ট্স	ph O k T sh	native
ফোটন	ph O T O n	native
ফোটা	ph O T a	native
ফোটাও	ph O T a O	native
ফোটাচ্ছে	ph O T a ch chh e	native
ফোটাতে	ph O T a t e	native
ফোটান	ph O T a n	native
ফোটানোই	ph O T a n O i	native
ফোটানোর	ph O T a n O r	native
ফোটাবে	ph O T a b e	native
ফোটালে	ph O T a l e	native
ফোটায়	ph O T a y	native
ফোটে	ph O T e	native
ফোত	ph O t	native
ফোতো	ph O t O	native
ফোন	ph O n	loanword
ফোনই	ph O n i	loanword
ফোনও	ph O n O	loanword
ফোনকলের	ph O n k o l e r	loanword
ফোনকে	ph O n k e	loanword
ফোনগুলো	ph O n g u l O	loanword
ফোনগুলোতে	ph O n g u l O t e	loanword
ফোনগুলোর	ph O n g u l O r	loanword
ফোনটা	ph O n T a	loanword
ফোনটি	ph O n T i	loanword
ফোনটিকে	ph O n T i k e	loanword
ফোনটিতে	ph O n T i t e	loanword
ফোনদাতা	ph O n d a t a	loanword
ফোনভিত্তিক	ph O n bh i tt i k	loanword
ফোনসহ	ph O n sh o h O	loanword
ফোনসেটগুলো	ph O n s e T g u l O	loanword
ফোনসেটগুলোর	ph O n s e T g u l O r	loanword
ফোনসেটসহ	ph O n s e T sh o h O	loanword
ফোনসেটে	ph O n s e T e	loanword
ফোনসেটের	ph O n s e T e r	loanword
ফোনসোপ	ph O n sh O p	loanword
ফোনালাপে	ph O n a l a p e	loanword
ফোনালাপের	ph O n a l a p e r	loanword
ফোনে	ph O n e	loanword
ফোনেই	ph O n e i	loanword
ফোনেও	ph O n e O	loanword
ফোনো	ph O n O	loanword
ফোনোলাইভ	ph O n O l a i bh	loanword
ফোপর	ph O p o r	native
ফোপরা	ph O p r a	native
ফোপর–দালাল	ph O p o r d a l a l	native
ফোপল	ph O p o l	native
ফোবিয়া	ph O b i y a	native
ফোবোস	ph O b O s	proper_noun
ফোম	ph O m	native
ফোমেন্ট	ph O m e n T	loanword
ফোমের	ph O m e r	native
ফোরও	ph O r O	native
ফোরক	ph O r o k	native
ফোরকান	ph O r k a n	native
ফোরকানকে	ph O r k a n k e	native
ফোরকানিয়া	ph O r k a n i y a	native
ফোরজারি	ph O r j a r i	native
ফোরজি	ph O r j i	native
ফোরজির	ph O r j i r	native
ফোরম্যান	ph O r m A n	native
ফোরলানকে	ph O r l a n k e	native
ফোরলানের	ph O r l a n e r	native
ফোরশোর	ph O r sh O r	native
ফোরস্কয়ারের	ph O r s k o y a r e r	loanword
ফোরাত	ph O r a t	native
ফোরাম	ph O r a m	native
ফোরামও	ph O r a m O	native
ফোরামকে	ph O r a m k e	native
ফোরামটি	ph O r a m T i	native
ফোরামসহ	ph O r a m sh o h O	native
ফোরামে	ph O r a m e	native
ফোরামেও	ph O r a m e O	native
ফোরামের	ph O r a m e r	native
ফোরের	ph O r e r	native
ফোর্ট	ph O r T	loanword
ফোর্ড	ph O r D	proper_noun
ফোর্ডের	ph O r D e r	proper_noun
ফোর্থ	ph O r th	loanword
ফোর্দো	ph O r d O	native
ফোর্বস	ph O r b s	proper_noun
ফোর্বসওম্যান	ph O r b s O m A n	proper_noun
ফোর্বসের	ph O r b s e r	proper_noun
ফোর্স	ph O r s	loanword
ফোর্সও	ph O r s O	loanword
ফোর্সকে	ph O r s k e	loanword
ফোর্সড	ph O r s D	loanword
ফোর্সসহ	ph O r s sh o h O	loanword
ফোর্সের	ph O r s e r	loanword
ফোর্সেস	ph O r s e s	native
ফোলানো	ph O l a n O	native
ফোলিও	ph O l i O	native
ফোলেট	ph O l e T	native
ফোল্ডারটি	ph O l D a r T i	loanword
ফোল্ডিং	ph O l D i ng	loanword
ফোস	ph O sh	native
ফোসকা	ph O sh k a	native
ফোসকার	ph O sh k a r	native
ফোসলানো	ph O sh l a n O	native
ফোস্কা	ph O s k a	loanword
ফোড়	ph O r	native
ফোড়ন	ph O r o n	native
ফোড়া	ph O r a	native
ফোয়ারা	ph O y a r a	native
ফোয়ারার	ph O y a r a r	native
ফ্যাকাল্টি	ph A k a l T i	loanword
ফ্যাকাল্টির	ph A k a l T i r	loanword
ফ্যাকাশে	ph A k a sh e	native
ফ্যাকাসে	ph A k a sh e	native
ফ্যাক্ট	ph A k T	loanword
ফ্যাক্টর	ph A k T O r	loanword
ফ্যাক্টরি	ph A k T O r i	loanword
ফ্যাক্টরিগুলো	ph A k T o r i g u l O	compound
ফ্যাক্টরিতে	ph A k T O r i t e	loanword
ফ্যাক্টরির	ph A k T o r i r	loanword
ফ্যাক্টরের	ph A k T O r e r	loanword
ফ্যাক্টস	ph A k T s	loanword
ফ্যাক্স	ph A k s	loanword
ফ্যাক্সজোগে	ph A k s j O g e	loanword
ফ্যাক্সবার্তা	ph A k s b a r t a	loanword
ফ্যাক্সবার্তায়	ph A k s b a r t a y	loanword
ফ্যাক্সে	ph A k s e	loanword
ফ্যাক্সের	ph A k s e r	loanword
ফ্যাকড়া	ph A k r a	native
ফ্যাচফ্যাচ	ph A ch ph A ch	native
ফ্যাচাং	ph A ch a ng	native
ফ্যাটজুক্ত	ph A T j u kt O	native
ফ্যাটা	ph A T a	native
ফ্যাটি	ph A T i	native
ফ্যাটের	ph A T e r	native
ফ্যান	ph A n	native
ফ্যানটম	ph A n T o m	loanword
ফ্যানদের	ph A n d e r	native
ফ্যানপেজ	ph A n p e j	native
ফ্যানস	ph A n s	loanword
ফ্যানসা	ph A n s a	loanword
ফ্যানে	ph A n e	native
ফ্যানের	ph A n e r	native
ফ্যান্টম	ph A n T o m	loanword
ফ্যান্টাসি	ph A n T a s i	loanword
ফ্যান্টাসির	ph A n T a s i r	loanword
ফ্যান্সি	ph A n s i	loanword
ফ্যান–চাটা	ph A n ch a T a	native
ফ্যাপ	ph A p	native
ফ্যাপবিরোধি	ph A p b i r O dh i	native
ফ্যাপের	ph A p e r	native
ফ্যাফ	ph A ph	native
ফ্যাব	ph A b	native
ফ্যাবলেট	ph A b l e T	loanword
ফ্যাবলেটের	ph A b l e T e r	loanword
ফ্যাবা	ph A b a	native
ফ্যাবিয়ানো	ph A b i y a n O	native
ফ্যাবিয়ানোকে	ph A b i y a n O k e	native
ফ্যাবিয়ানোর	ph A b i y a n O r	native
ফ্যাব্রিক	ph A br i k	native
ফ্যাব্রিকের	ph A br i k e r	native
ফ্যাব্রিগাস	ph A br i g a s	proper_noun
ফ্যাব্রিগাসকে	ph A br i g a s k e	proper_noun
ফ্যাব্রিগাসের	ph A br i g a s e r	proper_noun
ফ্যামিলি	ph A m i l i	native
ফ্যামিলিজ	ph A m i l i j	native
ফ্যামিলির	ph A m i l i r	native
ফ্যারাডে	ph A r a D e	proper_noun
ফ্যারাডের	ph A r a D e r	proper_noun
ফ্যারিনজাইটিস	ph A r i n j a i T i s	compound
ফ্যাল	ph A l	native
ফ্যালকন	ph A l k o n	native
ফ্যালকনের	ph A l k o n e r	native
ফ্যালকাও	ph A l k a O	native
ফ্যালকাওকে	ph A l k a O k e	native
ফ্যালনা	ph A l n a	native
ফ্যালফ্যাল	ph A l ph A l	native
ফ্যাশন	ph A sh O n	native
ফ্যাশনও	ph A sh O n O	native
ফ্যাশনওয়্যার	ph A sh o n O y A r	native
ফ্যাশনকে	ph A sh o n k e	native
ফ্যাশনটা	ph A sh o n T a	native
ফ্যাশনস	ph A sh O n s	native
ফ্যাশনসচেতন	ph A sh o n s o ch e t O n	native
ফ্যাশনসে	ph A sh o n s e	native
ফ্যাশনসের	ph A sh O n s e r	native
ফ্যাশনে	ph A sh O n e	native
ফ্যাশনেও	ph A sh O n e O	native
ফ্যাশনেবল	ph A sh o n e b O l	native
ফ্যাশনের	ph A sh O n e r	native
ফ্যাশান	ph A sh a n	native
ফ্যাশানশো	ph A sh a n sh O	native
ফ্যাসলার	ph A sh l a r	native
ফ্যাসলারের	ph A sh l a r e r	native
ফ্যাসাদ	ph A sh a d	native
ফ্যাসাদে	ph A sh a d e	native
ফ্যাসিবাদ	ph A s i b a d	native
ফ্যাসিবাদি	ph A s i b a d i	native
ফ্যাসিবাদের	ph A s i b a d e r	native
ফ্যাসিলিটি	ph A s i l i T i	loanword
ফ্যাসিলিটিজ	ph A s i l i T i j	loanword
ফ্যাসিস্ট	ph A s i s T	loanword
ফ্যা–ফ্যা	ph A ph A	native
ফ্রক	ph r o k	loanword
ফ্রকের	ph r o k e r	loanword
ফ্রজন্দ	ph r o j o nd a	loanword
ফ্রন	ph r o n	loanword
ফ্রন্ট	ph r o n T	loanword
ফ্রন্টকে	ph r o n T k e	loanword
ফ্রন্টলাইন	ph r o n T l a i n	loanword
ফ্রন্টিয়ার	ph r o n T i y a r	loanword
ফ্রন্টিয়ারের	ph r o n T i y a r e r	loanword
ফ্রন্টিয়ার্স	ph r o n T i y a r s	loanword
ফ্রন্টে	ph r o n T e	loanword
ফ্রন্টের	ph r o n T e r	loanword
ফ্রম	ph r o m	loanword
ফ্রসেজ	ph r o s e j	loanword
ফ্রসেজে	ph r o s e j e	loanword
ফ্রসেজের	ph r o s e j e r	loanword
ফ্রসেস	ph r o s e s	loanword
ফ্রস্ট	ph r o s T	loanword
ফ্রস্টের	ph r o s T e r	loanword
ফ্রা	ph r a	loanword
ফ্রাংক	ph r a ng k	loanword
ফ্রাংককে	ph r a ng k e	loanword
ফ্রাংকফুর্ট	ph r a ng k ph u r T	loanword
ফ্রাংকফুর্টে	ph r a ng k ph u r T e	loanword
ফ্রাংকফুর্টের	ph r a ng k ph u r T e r	loanword
ফ্রাংকলিন	ph r a ng k l i n	loanword
ফ্রাংকলিনকে	ph r a ng k l i n k e	loanword
ফ্রাংকলিনের	ph r a ng k l i n e r	loanword
ফ্রাংকা	ph r a ng k a	loanword
ফ্রাংকেনস্টাইন	ph r a ng k e n s T a i n	loanword
ফ্রাংকেনস্টাইনে	ph r a ng k e n s T a i n e	loanword
ফ্রাংকেনস্টাইনের	ph r a ng k e n s T a i n e r	loanword
ফ্রাংকের	ph r a ng k e r	loanword
ফ্রাংকো	ph r a ng k O	loanword
ফ্রাংকোইস	ph r a ng k O i s	proper_noun
ফ্রাংকোর	ph r a ng k O r	loanword
ফ্রাই	ph r a i	loanword
ফ্রাইট	ph r a i T	loanword
ফ্রাইড	ph r a i D	loanword
ফ্রাইডে	ph r a i D e	loanword
ফ্রাইপ্যান	ph r a i p A n	loanword
ফ্রাইপ্যানে	ph r a i p A n e	loanword
ফ্রাঞ্চাইজি	ph r A nch a i j i	loanword
ফ্রাঞ্জ	ph r a nj	loanword
ফ্রাত্তিনি	ph r a tt i n i	loanword
ফ্রানজ	ph r a n j	loanword
ফ্রান্সই	ph r a n s i	loanword
ফ্রান্সও	ph r a n s O	loanword
ফ্রান্সকে	ph r a n s k e	loanword
ফ্রান্সভিত্তিক	ph r a n s bh i tt i k	loanword
ফ্রান্সসহ	ph r a n s sh o h O	loanword
ফ্রান্সিস	ph r a n s i s	proper_noun
ফ্রান্সিসকো	ph r a n s i s k O	proper_noun
ফ্রান্সিসকোতে	ph r a n s i s k O t e	proper_noun
ফ্রান্সিসকোর	ph r a n s i s k O r	proper_noun
ফ্রান্সিসের	ph r a n s i s e r	proper_noun
ফ্রান্সেই	ph r a n s i	loanword
ফ্রান্সেও	ph r a n s e O	loanword
ফ্রান্সের	ph r a n s e r	loanword
ফ্রান্সেসকা	ph r a n s e s k a	proper_noun
ফ্রান্সেসকো	ph r a n s e s k O	proper_noun
ফ্রানৎস	ph r a n t s	proper_noun
ফ্রাসোয়া	ph r a s O y a	proper_noun
ফ্রায়েড	ph r a y e D	loanword
ফ্রি	ph r i	loanword
ফ্রিক	ph r i k	loanword
ফ্রিকিক	ph r i k i k	loanword
ফ্রিকোয়েন্সি	ph r i k O y e n s i	loanword
ফ্রিকোয়েন্সিতে	ph r i k O y e n s i t e	loanword
ফ্রিকোয়েন্সির	ph r i k O y e n s i r	loanword
ফ্রিগেট	ph r i g e T	loanword
ফ্রিজটি	ph r i j T i	loanword
ফ্রিজার	ph r i j a r	loanword
ফ্রিজের	ph r i j e r	loanword
ফ্রিট	ph r i T o j	loanword
ফ্রিটজ	ph r i T j	loanword
ফ্রিডম	ph r i D o m	loanword
ফ্রিডম্যান	ph r i D m A n	loanword
ফ্রিতে	ph r i t e	loanword
ফ্রিদা	ph r i d a	loanword
ফ্রিম্যান	ph r i m A n	loanword
ফ্রিল্যান্স	ph r i l A n s	loanword
ফ্রিল্যান্সার	ph r i l A n s a r	loanword
ফ্রিল্যান্সারদের	ph r i l A n s a r d e r	loanword
ফ্রিল্যান্সারের	ph r i l A n s a r e r	loanword
ফ্রিল্যান্সিং	ph r i l A n s i ng	loanword
ফ্রিল্যান্সিংয়ে	ph r i l A n s i ng y e	loanword
ফ্রিল্যান্সিংয়ের	ph r i l A n s i ng y e r	loanword
ফ্রিহ্যান্ড	ph r i h A n D	loanword
ফ্রুক্টোজ	ph r u k T O j	loanword
ফ্রুটস	ph r u T s	loanword
ফ্রুটো	ph r u T O	loanword
ফ্রেন্ডলি	ph r e n D l i	loanword
ফ্রেন্ডস	ph r e n D s	loanword
ফ্রেন্ডসের	ph r e n D s e r	loanword
ফ্রোক্ত	ph r O kt O	loanword
ফ্রোজেন	ph r O j e n	loanword
ফ্রোয়েইন	ph r O y e i n	loanword
ফ্রোয়েন	ph r O y e n	loanword
ফ্র্যাংক	ph r A ng k	loanword
ফ্র্যাংকো	ph r A ng k O	loanword
ফ্র্যাঞ্চাইজ	ph r A n j a i j	loanword
ফ্র্যাঞ্চাইজগুলো	ph r A n j a i j g u l O	loanword
ফ্র্যাঞ্চাইজগুলোর	ph r A n j a i j g u l O r	loanword
ফ্র্যাঞ্চাইজটি	ph r A n j a i j T i	loanword
ফ্র্যাঞ্চাইজটির	ph r A n j a i j o T i r	loanword
ফ্র্যাঞ্চাইজি	ph r a nch a i j i	loanword
ফ্র্যাঞ্চাইজিই	ph r A n j a i j i i	loanword
ফ্র্যাঞ্চাইজিকে	ph r A nch a i j i k e	loanword
ফ্র্যাঞ্চাইজিগুলো	ph r A n j a i j i g u l O	loanword
ফ্র্যাঞ্চাইজিগুলোর	ph r A n j a i j i g u l O r	loanword
ফ্র্যাঞ্চাইজির	ph r A n j a i j i r	loanword
ফ্র্যাঞ্চাইজের	ph r A n j a i j e r	loanword
ফ্রয়েড	ph r o y e D	loanword
ফ্রয়েডের	ph r o y e D o r	loanword
ফ্লপি	ph l o p i	loanword
ফ্লপের	ph l o p e r	loanword
ফ্লস	ph l o s	loanword
ফ্লাংক	ph l a ng k	loanword
ফ্লাই	ph l a i	loanword
ফ্লাইং	ph l a i ng	loanword
ফ্লাইওভারটি	ph l a i O bh a r T i	loanword
ফ্লাইওভারটির	ph l a i O bh a r T i r	loanword
ফ্লাইওভারে	ph l a i O bh a r e	loanword
ফ্লাইওভারের	ph l a i O bh a r e r	loanword
ফ্লাইটগুলো	ph l a i T g u l O	loanword
ফ্লাইটগুলোর	ph l a i T g u l O r	loanword
ফ্লাইটচোউদ্দ	ph l a i T ch O u d d O	loanword
ফ্লাইটটি	ph l a i T T i	loanword
ফ্লাইটসমুহের	ph l a i T sh o m u h e r	loanword
ফ্লাইটে	ph l a i T e	loanword
ফ্লাইটেই	ph l a i T e i	loanword
ফ্লাইটের	ph l a i T e r	loanword
ফ্লাওয়ার	ph l a O y a r	loanword
ফ্লাওয়ারও	ph l a O y a r O	loanword
ফ্লাওয়ারকে	ph l a O y a r k e	loanword
ফ্লাওয়ারের	ph l a O y a r e r	loanword
ফ্লাওয়ার্স	ph l a O y a r s	loanword
ফ্লাকস্টাড	ph l a k s T a D	proper_noun
ফ্লাগ	ph l a g	loanword
ফ্লাগস্ট্যান্ড	ph l a g s T A n D	loanword
ফ্লাট	ph l a T	loanword
ফ্লাটের	ph l A T e r	loanword
ফ্লাড	ph l a D	loanword
ফ্লাডগেট	ph l a D g e T	loanword
ফ্লাডলাইট	ph l a D l a i T	loanword
ফ্লাডলাইটে	ph l a D l a i T e	loanword
ফ্লাডলাইটের	ph l a D l a i T e r	loanword
ফ্লানেল	ph l a n e l	loanword
ফ্লাশ	ph l a sh	loanword
ফ্লাশিং	ph l a sh i ng	loanword
ফ্লাস্ক	ph l a s k	loanword
ফ্লাস্কে	ph l a s k e	loanword
ফ্লিকার	ph l i k a r	loanword
ফ্লিট	ph l i T	loanword
ফ্লিন	ph l i n	loanword
ফ্লিনটফ	ph l i n T o ph	loanword
ফ্লিনটফের	ph l i n T o ph e r	loanword
ফ্লুইড	ph l u i D	loanword
ফ্লুক	ph l u k	loanword
ফ্লুট	ph l u T	loanword
ফ্লুতে	ph l u t e	loanword
ফ্লুমিনেস	ph l u m i n e s	proper_noun
ফ্লুমিনেসের	ph l u m i n e s e r	proper_noun
ফ্লুর	ph l u r	loanword
ফ্লুরাস	ph l u r a sh	loanword
ফ্লো	ph l O	loanword
ফ্লোট	ph l O T	loanword
ফ্লোটিং	ph l O T i ng	loanword
ফ্লোটিলা	ph l O T i l a	loanword
ফ্লোটিলায়	ph l O T i l a y	loanword
ফ্লোটের	ph l O T e r	loanword
ফ্লোর	ph l O r	loanword
ফ্লোরা	ph l O r a	loanword
ফ্লোরাইড	ph l O r a i D	loanword
ফ্লোরাল	ph l O r a l	loanword
ফ্লোরিডা	ph l O r i D a	loanword
ফ্লোরিডার	ph l O r i D a r	loanword
ফ্লোরিডায়	ph l O r i D a y	loanword
ফ্লোরে	ph l O r e	loanword
ফ্লোরেন্ত	ph l O r e nt	loanword
ফ্লোরেন্তিনো	ph l O r e nt i n O	loanword
ফ্লোরেন্স	ph l O r e n s	loanword
ফ্লোরেন্সে	ph l O r e n s e	loanword
ফ্লোরেন্সের	ph l O r e n s e r	loanword
ফ্লোরের	ph l O r e r	loanword
ফ্লোরোসেন্ট	ph l O r O s e n T	loanword
ফ্ল্যাগ	ph l A g	loanword
ফ্ল্যাগশিপ	ph l A g sh i p	loanword
ফ্ল্যাগস	ph l a g s	loanword
ফ্ল্যাগের	ph l A g e r	loanword
ফ্ল্যাটও	ph l A T O	loanword
ফ্ল্যাটগুলো	ph l A T g u l O	loanword
ফ্ল্যাটগুলোতে	ph l A T g u l O t e	loanword
ফ্ল্যাটগুলোর	ph l A T g u l O r	loanword
ফ্ল্যাটটিতে	ph l A T T i t e	loanword
ফ্ল্যাটবাড়ি	ph l A T b a r i	loanword
ফ্ল্যাটবাড়ির	ph l A T b a r i r	loanword
ফ্ল্যাটমালিক	ph l A T m a l i k	loanword
ফ্ল্যাটমালিকদের	ph l A T m a l i k d e r	loanword
ফ্ল্যাটে	ph l A T e	loanword
ফ্ল্যাটেই	ph l A T e i	loanword
ফ্ল্যাটের	ph l a T e r	loanword
ফ্ল্যামেংগোর	ph l A m e ng g O r	loanword
ফ্ল্যাশব্যাক	ph l A sh b A k	loanword
ফ্ল্যাশব্যাকে	ph l A sh b A k e	loanword
ফ্ল্যাশলাইট	ph l a sh l a i T	loanword
ফ্ল্যাশসহ	ph l A sh sh o h O	loanword
ফ্ল্যাশের	ph l A sh e r	loanword
ফ্লয়েডের	ph l o y e D e r	loanword
ফড়	ph o r	native
ফড়নবিস	ph o r n o b i s	proper_noun
ফড়ফড়	ph o r ph o r	native
ফড়া	ph o r a	native
ফড়িংয়ের	ph o r i ng y e r	native
ফড়িয়া	ph o r i y a	native
ফড়িয়াদের	ph o r i y a d e r	native
ফড়িয়ার	ph o r i y a r	native
ফড়িয়ারা	ph o r i y a r a	native
ফয়	ph o y	native
ফয়জুন্নেছা	ph o y j u nn e chh a	native
ফয়জুন্নেসা	ph o y j u nn e sh a	native
ফয়জুর	ph o y j u r	native
ফয়জুল	ph o y j u l	native
ফয়জুল্লাহ	ph o y j u l l a h	native
ফয়তা	ph o y t a	native
ফয়লা	ph o y l a	native
ফয়সল	ph o y sh o l	native
ফয়সলকে	ph o y sh o l k e	native
ফয়সলের	ph o y sh o l e r	native
ফয়সাল	ph o y sh a l	native
ফয়সালকে	ph o y sh a l k e	native
ফয়সালসহ	ph o y sh a l sh o h O	native
ফয়সালা	ph o y sh a l a	native
ফয়সালাবাদ	ph o y sh a l a b a d	native
ফয়সালাবাদে	ph o y sh a l a b a d e	native
ফয়সালাবাদের	ph o y sh a l a b a d e r	native
ফয়সালার	ph o y sh a l a r	native
ফয়সালের	ph o y sh a l e r	native
ফয়েজ	ph o y e j	native
ফয়েজউদ্দিন	ph o y e j u d d i n	native
ফয়েজউল্যাহ	ph o y e j u l l a h	native
ফয়েজকে	ph o y e j k e	native
ফয়েজুর	ph o y e j u r	native
ফয়েজের	ph o y e j e r	native
ফয়েল	ph o y e l	native
ফয়েলে	ph o y e l e	native
ব	b o	native
বং	b o ng	native
বংক	b o ng k O	native
বংকিম	b O ng k i m	native
বংকিমচন্দ্র	b o ng k i m ch o ndr o	native
বংকিমচন্দ্রের	b o ng k i m ch o ndr e r	compound
বংকিমবাবু	b o ng k i m b a b u	native
বংকিমের	b o ng k i m e r	native
বংখুর	b O ng kh u r o	native
বংগ	b o ng g O	native
বংগজ	b o ng g o j	native
বংগতাজ	b o ng g o t a j	native
বংগদর্শন	b o ng g o d o r sh o n	native
বংগদেশ	b o ng g o d e sh	native
বংগদেশে	b o ng g o d e sh e	native
বংগদেশের	b o ng g o d e sh e r	native
বংগপ্রদেশের	b o ng g o pr o d e sh e r	native
বংগবন্ধু	b o ng g o b o ndh u	tatsama
বংগবন্ধুই	b o ng g o b o ndh u i	tatsama
বংগবন্ধুও	b o ng g o b o ndh u O	tatsama
বংগবন্ধুকন্যা	b o ng g o b o ndh u k o n n a	compound
বংগবন্ধুকন্যার	b o ng g o b o ndh u k o n n a r	compound
বংগবন্ধুকে	b o ng g o b o ndh u k e	tatsama
বংগবন্ধুর	b o ng g o b o ndh u r	tatsama
বংগবন্ধুরই	b o ng g o b o ndh u r i	tatsama
বংগবন্ধুসহ	b o ng g o b o ndh u sh o h O	tatsama
বংগবাজার	b o ng g o b a j a r	native
বংগবাজারের	b o ng g o b a j a r e r	native
বংগবানি	b o ng g o b a n i	native
বংগবাসি	b o ng g o b a sh i	loanword
বংগবিদ্যা	b o ng g o b i d d a	native
বংগবির	b o ng g o b i r	native
বংগভংগ	b o ng g o bh o ng g o	native
বংগভংগবিরোধি	b o ng g o bh o ng g o b i r O dh i	native
বংগভংগের	b o ng g o bh o ng g e r	native
বংগভবন	b o ng g o bh o b o n	native
বংগভবনে	b o ng g o bh o b o n e	native
বংগভবনের	b o ng g o bh o b o n e r	native
বংগভুমি	b o ng g o bh u m i	native
বংগমাতা	b o ng g o m a t a	native
বংগলতলি	b o ng g o l t o l i	native
বংগসন্তান	b o ng g o sh o nt a n	native
বংগসন্তানের	b o ng g o sh o nt a n e r	native
বংগানুবাদ	b o ng g a n u b a d	native
বংগাব্দ	b o ng g a b d o	native
বংগাব্দে	b o ng g a b d e	native
বংগাব্দের	b o ng g a b d e r	native
বংগারু	b o ng g a r u	native
বংগারুর	b o ng g a r u r	native
বংগাল	b o ng g a l	native
বংগিয়	b o ng g i y o	native
বংগে	b o ng g e	native
বংগেত	b o ng g e t	native
বংগের	b o ng g e r	native
বংগেরচর	b o ng g e r ch o r	native
বংগোপসাগর	b o ng g O p O sh a g O r	native
বংগোপসাগরকে	b o ng g O p o sh a g o r k e	native
বংগোপসাগরে	b o ng g O p o sh a g o r e	native
বংগোপসাগরের	b o ng g O p o sh a g o r e r	native
বংলাদেশ	b a ng l a d e sh	native
বংশগতির	b o ng sh O g O t i r	native
বংশধর	b o ng sh O dh o r	native
বংশধরদের	b o ng sh O dh o r d e r	native
বংশধরেরা	b o ng sh O dh o r e r a	native
বংশপরম্পরায়	b o ng sh p o r o mp o r a y	native
বংশবদ	b o ng sh O b o d O	native
বংশবিস্তার	b o ng sh O b i st a r	native
বংশবিস্তারে	b o ng sh b i st a r e	native
বংশবিস্তারের	b o ng sh b i st a r e r	native
বংশবৃদ্ধি	b o ng sh O b ri d dh i	tatsama
বংশাংকুর	b o ng sh a ng k u r	native
বংশাই	b o ng sh a i	native
বংশানুক্রম	b o ng sh a n u kr O m	native
বংশানুক্রমিক	b o ng sh a n u kr O m i k	native
বংশানুক্রমিকভাবে	b o ng sh a n u kr m i k bh a b e	compound
বংশানুক্রমে	b o ng sh a n u kr O m e	native
বংশানুচরিত	b o ng sh a n u ch O r i t	native
বংশাবতংস	b o ng sh a b O t o ng sh O	native
বংশাল	b o ng sh a l	native
বংশালে	b o ng sh a l e	native
বংশালের	b o ng sh a l e r	native
বংশি	b O ng sh i	native
বংশিনগর	b o ng sh i n o g o r	native
বংশিবাদক	b O ng sh i b a d O k	native
বংশিবাদকের	b o ng sh i b a d o k e r	native
বংশিয়াল	b O ng sh i y a l	native
বংশের	b o ng sh e r	native
বংশোদ্ভুত	b o ng sh O d bh u t	native
বংশোদ্ভুতদের	b o ng sh O d bh u t d e r	native
বংশোদ্ভুতরা	b o ng sh O d bh u t r a	native
বংশ্য	b o ng sh sh o	native
বঃ	b o h	tatsama
বঅন	b o y o n	native
বইএর	b O i e r	native
বইও	b O i O	native
বইকল্য	b O i k O l l O	native
বইকালিক	b O i k a l i k	native
বইকি	b O i k i	native
বইকে	b O i k e	native
বইখাতা	b O i kh a t a	native
বইগুলো	b O i g u l O	native
বইগুলোও	b O i g u l O O	native
বইগুলোকে	b O i g u l O k e	native
বইগুলোতে	b O i g u l O t e	native
বইগুলোর	b O i g u l O r	native
বইঘর	b o i gh o r	native
বইচ	b o i ch	native
বইচিত্র	b O i ch i tr O	native
বইচিত্রের	b O i ch i tr e r	native
বইচিত্র্যও	b O i ch i t r O u	native
বইচিত্র্যকে	b O i ch i t r O k e	native
বইচিত্র্যতা	b O i ch i t r O t a	native
বইচিত্র্যপুর্ন	b O i ch i t r O p u r n O	compound
বইচিত্র্যে	b O i ch i t r e	native
বইচিত্র্যের	b O i ch i t r e r	native
বইচিত্র‍্যে	b O i ch i tr e	native
বইছিল	b O i chh i l O	native
বইছে	b O i chh e	native
বইজ্ঞানিক	b O i g g a n i k	tatsama
বইজ্ঞানিকদের	b O i g g a n i k d e r	tatsama
বইজ্ঞানিকভাবে	b O i g g a n i k bh a b e	tatsama
বইজ্ঞানিকরা	b O i g g a n i k r a	tatsama
বইটই	b o i T o i	native
বইটা	b O i T a	native
বইটার	b O i T a r	native
বইটি	b O i T i	native
বইটিও	b O i T i O	native
বইটিকে	b O i T i k e	native
বইটিতে	b O i T i t e	native
বইটির	b O i T i r	native
বইঠক	b O i Th o k	native
বইঠকও	b O i Th O k O	native
বইঠককালে	b O i Th O k k a l e	native
বইঠককে	b O i Th o k k e	native
বইঠকখানা	b O i Th o k kh a n a	native
বইঠকটি	b O i Th o k T i	native
বইঠকি	b O i Th O k i	native
বইঠকে	b O i Th O k e	native
বইঠকেই	b O i Th o k e i	native
বইঠকেও	b O i Th o k e O	native
বইঠকের	b O i Th o k e r	native
বইঠা	b O i Th a	native
বইঠার	b O i Th a r	native
বইতরনি	b O i t o r O n i	native
বইতে	b O i t e	native
বইদিক	b O i d i k	native
বইদেশিক	b O i d e sh i k	native
বইদ্য	b O i d d O	native
বইদ্যনাথ	b O i d d O n a th	native
বইদ্যুতিক	b O i d d u t i k	native
বইদ্যের	b O i d d e r	native
বইধ	b O i dh O	native
বইধতা	b O i dh o t a	native
বইধতার	b O i dh O t a r	native
বইধভাবে	b O i dh O bh a b e	native
বইন	b O i n	native
বইনের	b o i n e r	native
বইন্যার	b o i n n a r	native
বইপত্র	b O i p o tr O	native
বইপত্রে	b o i p o tr e	native
বইপত্রের	b O i p o tr e r	native
বইপরিত্য	b O i p O r i t t O	native
বইপরিত্যের	b O i p O r i t t e r	native
বইপুস্তক	b O i p u st O k	native
বইপুস্তকের	b o i p u st o k e r	native
বইপ্রেমিদের	b O i pr e m i d e r	native
বইপ্রেমিরা	b O i pr e m i r a	native
বইপ্লবিক	b O i p l o b i k	loanword
বইপড়া	b o i p o r a	native
বইবার	b o i b a r	native
বইবাহিক	b O i b a h i k	native
বইবে	b O i b e	native
বইভব	b O i bh o b	native
বইভবে	b O i bh o b e	native
বইভবের	b O i bh o b e r	native
বইমানিক	b O i m a n i k	native
বইমানিকদের	b O i m a n i k d e r	native
বইমানিকের	b O i m a n i k e r	native
বইমেলা	b O i m e l a	native
বইমেলাকে	b O i m e l a k e	native
বইমেলার	b O i m e l a r	native
বইমেলায়	b o i m e l a y	native
বইরাগি	b O i r a g i	native
বইরাগ্য	b O i r a g g O	native
বইরাগ্যের	b O i r a g g e r	native
বইরান	b O i r a n	native
বইরি	b O i r i	native
বইরিতা	b O i r i t a	native
বইরিতার	b O i r i t a r	native
বইরুত	b O i r u t	native
বইরুতে	b O i r u t e	native
বইল	b o i l o	native
বইলা	b O i l a	native
বইলেও	b o i l e O	native
বইলো	b o i l O	native
বইল্লা	b o i l l a	native
বইশম্য	b O i sh o m m O	native
বইশম্যও	b O i sh o m m O	native
বইশম্যকে	b O i sh O m m O k e	native
বইশম্যমুলক	b O i sh o m m O m u l o k	native
বইশম্যহিন	b O i sh o m m O h i n	native
বইশম্যে	b O i sh o m m e	native
বইশম্যের	b O i sh o m m e r	native
বইশম্যেরও	b O i sh o m m e r O	native
বইশাখ	b O i sh a kh	native
বইশাখকে	b O i sh a kh k e	native
বইশাখি	b O i sh a kh i	native
বইশাখির	b O i sh a kh i r	native
বইশাখে	b O i sh a kh e	native
বইশাখের	b O i sh a kh e r	native
বইশিশ্ট	b O i sh i sh T O	native
বইশিশ্ট্য	b O i sh i sh T O	native
বইশিশ্ট্যই	b O i sh i sh T O i	native
বইশিশ্ট্যও	b O i sh i sh T O O	native
বইশিশ্ট্যকে	b O i sh i sh T O k e	native
বইশিশ্ট্যগুলো	b O i sh i sh T O g u l O	compound
বইশিশ্ট্যটি	b O i sh i sh T O T i	native
বইশিশ্ট্যপুর্ন	b O i sh i sh T O p u r n O	compound
বইশিশ্ট্যমন্ডিত	b O i sh i sh T O m O n D i t O	compound
বইশিশ্ট্যসমুহ	b O i sh i sh T O sh o m u h O	compound
বইশিশ্ট্যে	b O i sh i sh T e	native
বইশিশ্ট্যের	b O i sh i sh T e r	native
বইশ্নব	b O i sh n o b	native
বইশ্বিক	b O i sh sh i k	tatsama
বইশ্বিকভাবে	b O i sh sh i k bh a b e	tatsama
বইশ্য	b O i sh sh O	native
বইসমুহ	b O i sh O m u h O	native
বইসহ	b O i sh o h O	native
বইসা	b O i sh a	native
বইসাবি	b O i sh a b i	native
বইসু	b O i sh u	native
বইসুক	b O i sh u k	native
বইয়া	b o i y a	native
বইয়ে	b O i e	native
বইয়েই	b o i y e i	native
বইয়েও	b o i y e O	native
বইয়ের	b O i e r	native
বইয়েরই	b o i y e r i	native
বইয়েরও	b o i y e r O	native
বইয়্যা	b o i y A	native
বউ	b O u	native
বউএর	b O u e r	native
বউও	b O u O	native
বউকে	b O u k e	native
বউটা	b O u T a	native
বউটি	b O u T i	native
বউটির	b O u T i r	native
বউদির	b o u d i r	native
বউদের	b O u d e r	native
বউনি	b O u n i	native
বউবাজার	b O u b a j a r	native
বউভাত	b O u bh a t	native
বউভাতের	b O u bh a t e r	native
বউমা	b O u m a	native
বউমার	b O u m a r	native
বউরা	b O u r a	native
বউরে	b O u r e	native
বউয়ের	b o u y e r	native
বওয়া	b o O y a	native
বকছে	b o k chh e	native
বকছেন	b o k chh e n	native
বকজন্ত্র	b o k j o n t r O	native
বকঠুটো	b o k Th u T O	native
বকতে	b o k t e	native
বকনা	b o k n a	native
বকফুল	b o k ph u l	native
বকবকানি	b o k b o k a n i	native
বকম	b o k o m	native
বকরকে	b o k o r k e	native
বকরসহ	b o k o r sh o h O	native
বকরা	b o k r a	native
বকরি	b O k r i	native
বকরের	b o k O r e r	native
বকলম	b o k o l O m	native
বকলশ	b o k l o sh	native
বকশ	b o k sh o	native
বকশি	b O k sh i	native
বকশিগঞ্জ	b o k o sh i g o nj	tatsama
বকশিবাজারে	b O k sh i b a j a r e	native
বকশিবাজারের	b o k o sh i b a j a r e r	native
বকশিরহাট	b o k o sh i r h a T	native
বকশিশ	b O k sh i sh	native
বকশিশে	b O k sh i sh e	native
বকশিশের	b O k sh i sh e r	native
বকস	b o k sh o	native
বকসি	b o k o sh i	native
বকা	b o k a	native
বকাউল	b o k a u l	native
বকাউলের	b o k a u l e r	native
বকাঝকা	b o k a jh o k a	native
বকাট	b o k a T	native
বকাবকি	b o k a b O k i	native
বকুনি	b O k u n i	native
বকুল	b O k u l	native
বকুলতলায়	b o k u l t o l a y	native
বকুলের	b O k u l e r	native
বকে	b o k e	native
বকের	b o k e r	native
বকেয়া	b o k e y a	native
বকেয়ার	b o k e y a r	native
বকেয়াসহ	b o k e y a sh o h O	native
বকো	b o k O	native
বকোউলি	b o k O u l i	native
বক্করকে	b o k k o r k e	native
বক্কার	b o k k a r	native
বক্কাল	b o k k a l	native
বক্কেশ্বর	b o k k e sh sh o r	tatsama
বক্তবেস	b o kt o b e sh	native
বক্তব্য	b o kt O b b O	native
বক্তব্যই	b o kt O b b O i	native
বক্তব্যও	b O kt O b b O O	native
বক্তব্যকে	b o kt O b b O k e	native
বক্তব্যকেই	b o kt o b b o k e i	native
বক্তব্যগুলো	b o kt o b b o g u l O	native
বক্তব্যটা	b o kt o b b o T a	native
বক্তব্যটিও	b o kt o b b o T i O	native
বক্তব্যটির	b o kt o b b o T i r	native
বক্তব্যমতে	b o kt o b b o m o t e	native
বক্তব্যসংবলিত	b o kt o b b o sh o ng b o l i t o	compound
বক্তব্যসহ	b o kt o b b o sh o h O	native
বক্তব্যেই	b O kt O b b e i	native
বক্তব্যেও	b o kt o b b e O	native
বক্তব্যেরই	b o kt o b b e r i	native
বক্তব্যেরও	b o kt o b b e r O	native
বক্তরা	b o kt a r a	native
বক্তাই	b o kt a i	native
বক্তাও	b o kt a O	native
বক্তাদের	b o kt a d e r	native
বক্তাবলি	b o kt a b o l i	native
বক্তার	b o kt a r	native
বক্তারপুর	b o kt a r p u r	native
বক্তারমুন্সি	b o kt a r m u n s i	loanword
বক্তারা	b o kt a r a	native
বক্তিমে	b O kt i m e	native
বক্তৃতা	b o kt ri t a	tatsama
বক্তৃতাও	b o kt ri t a O	tatsama
বক্তৃতাকালে	b O kt ri t a k a l e	tatsama
বক্তৃতাকে	b o kt ri t a k e	tatsama
বক্তৃতাটি	b O kt ri t a T i	tatsama
বক্তৃতাতেই	b o kt ri t a t e i	tatsama
বক্তৃতামালা	b o kt ri t a m a l a	tatsama
বক্তৃতার	b O kt ri t a r	tatsama
বক্তৃতারও	b o kt ri t a r O	tatsama
বক্তৃতারত	b o kt ri t a r o t o	tatsama
বক্তৃতায়	b o kt ri t a y	tatsama
বক্তৃতায়ই	b o kt ri t a y i	tatsama
বক্তৃতায়ও	b o kt ri t a y O	tatsama
বক্ত্র	b o k t r O	native
বক্র	b o kr O	native
বক্রতার	b o kr O t a r	native
বক্রি	b O kr i	native
বক্রিকরন	b O kr i k o r O n	native
বক্রিকৃত	b O kr i kr i t O	tatsama
বক্রেশ্বর	b o kr e sh sh o r	tatsama
বক্রোক্তি	b o kr O kt i	native
বক্ষ	b o kkh O	tatsama
বক্ষব্যাধির	b o kkh o b A dh i r	tatsama
বক্ষে	b O kkh e	tatsama
বক্ষের	b o kkh e r	tatsama
বক্ষ্যমান	b O kkh O m a n	tatsama
বক্সঅফিসে	b o k s o ph i s e	loanword
বক্সটি	b o k s T i	loanword
বক্সমাহমুদ	b o k s m a h m u d	loanword
বক্সার	b o k s a r	loanword
বক্সারের	b o k s a r e r	loanword
বক্সি	b O k s i	loanword
বক্সিংও	b o k s i ng O	loanword
বক্সিংয়ে	b o k s i ng y e	loanword
বক্সিংয়ের	b o k s i ng y e r	loanword
বক্সিরহাট	b o k s i r h a T	loanword
বক্সের	b o k s e r	loanword
বখত	b o kh o t	native
বখতাওয়ার	b o kh t a O y a r	native
বখতিয়ার	b o kh t i y a r	native
বখতেয়ার	b o kh t e y a r	native
বখরা	b o kh r a	native
বখশ	b o kh sh	native
বখশিশ	b O kh sh i sh	native
বখস	b o kh sh	native
বখাটে	b o kh a T e	native
বখাটেদের	b o kh a T e d e r	native
বখাটেপনা	b o kh a T e p o n a	native
বখাটেপনার	b o kh a T e p o n a r	native
বখাটেপনায়	b o kh a T e p o n a y	native
বখাটেরা	b o kh a T e r a	native
বখিল	b O kh i l	native
বখে	b O kh e	native
বখেড়া	b o kh e r a	native
বখ্ত	b o kh t	native
বখ্শ	b o kh sh o	native
বখ্স	b o kh sh	native
বগ	b o g	native
বগদুল	b O g d u l	native
বগলদাবা	b o g O l d a b a	native
বগলস	b o g o l sh	native
বগলা	b o g O l a	native
বগলি	b O g l i	native
বগলের	b o g O l e r	native
বগস	b o g sh	native
বগসে	b o g sh e	native
বগসের	b o g sh e r	native
বগা	b o g a	native
বগাদিয়া	b o g a d i y a	native
বগাবিলি	b o g a b i l i	native
বগার	b o g a r	native
বগালেক	b o g a l e k	native
বগিগুলো	b O g i g u l O	native
বগিগুলোকে	b o g i g u l O k e	native
বগিগুলোর	b o g i g u l O r	native
বগিটি	b O g i T i	native
বগিতে	b O g i t e	native
বগিতেই	b o g i t e i	native
বগিভিত্তিক	b O g i bh i tt i k	native
বগির	b o g i r	native
বগুড়া	b O g u r a	native
বগুড়ার	b O g u r a r	native
বগুড়ায়	b O g u r a y	native
বগুলা	b O g u l a	native
বগুড়াকে	b o g u r a k e	native
বগুড়াগামি	b o g u r a g a m i	native
বগুড়াতেই	b o g u r a t e i	native
বগুড়াসহ	b o g u r a sh o h O	native
বগুড়ায়ও	b o g u r a y O	native
বগুড়ায়া	b o g u r a y a	native
বগয়রহ	b o g o y r o h	native
বচ	b o ch O	native
বচনের	b o ch o n e r	native
বচসা	b o ch sh a	native
বচসাও	b o ch sh a O	native
বচসার	b o ch sh a r	native
বচসায়	b o ch sh a y	native
বচা	b o ch a	native
বচ্চনও	b o ch ch O n O	native
বচ্চনকে	b o ch ch O n k e	native
বচ্চনদের	b o ch ch o n d e r	native
বচ্চনরা	b o ch ch o n r a	native
বচ্ছর	b o ch chh o r	native
বছরই	b o chh O r i	native
বছরওয়ারি	b o chh o r O y a r i	native
বছরকে	b o chh O r k e	native
বছরখানেকের	b o chh O r kh a n e k e r	native
বছরগুলো	b o chh o r g u l O	native
বছরগুলোতে	b o chh O r g u l O t e	native
বছরগুলোতেও	b o chh o r g u l O t e O	native
বছরগুলোর	b o chh O r g u l O r	native
বছরগুলোয়	b o chh o r g u l O y	native
বছরজুড়ে	b o chh o r j u r e	native
বছরটাই	b o chh o r T a i	native
বছরটাও	b o chh o r T a O	native
বছরটি	b o chh O r T i	native
বছরটিকে	b o chh o r T i k e	native
বছরটিতে	b o chh O r T i t e	native
বছরটির	b o chh o r T i r	native
বছরপুর্তি	b o chh O r p u r t i	native
বছরব্যাপি	b o chh O r b A p i	native
বছরভিত্তিক	b o chh o r bh i tt i k	native
বছরভিত্তিতে	b o chh o r bh i tt i t e	native
বছরমেয়াদি	b o chh o r m e y a d i	native
বছরসহ	b o chh o r sh o h O	native
বছরান্তে	b o chh o r a nt e	native
বছরে	b o chh O r e	native
বছরেই	b o chh O r e i	native
বছরেও	b o chh O r e O	native
বছরের	b o chh O r e r	native
বছরেরই	b o chh O r e r i	native
বছরেরও	b o chh O r e r O	native
বজ	b o j	native
বজবজ	b o j b o j	native
বজর	b o j o r	native
বজরং	b o j r o ng	native
বজরা	b o j r a	native
বজরায়	b o j r a y	native
বজল	b o j o l	native
বজলু	b O j l u	native
বজলুর	b O j l u r	native
বজলে	b o j l e	native
বজা	b o j a	native
বজাজ	b o j a j	native
বজায়	b o j a y	native
বজি	b o j i	native
বজ্জাতি	b o j j a t i	native
বজ্র	b o j r O	native
বজ্রকঠিন	b o j r o k o Th i n	native
বজ্রকন্ঠ	b o j r o k o n Th o	native
বজ্রকন্ঠে	b o j r o k o n Th e	native
বজ্রজোগিনি	b o j r o j O g i n i	native
বজ্রঝড়	b o j r o jh o r o	native
বজ্রনির্ঘোশ	b o j r o n i r gh O sh	native
বজ্রপাতে	b o j r O p a t e	native
বজ্রপাতের	b o j r O p a t e r	native
বজ্রপুরস	b o j r o p u r o sh	native
বজ্রবৃশ্টি	b o j r o b ri sh T i	tatsama
বজ্রমেঘের	b o j r o m e gh e r	native
বজ্রসহ	b o j r O sh o h O	native
বজ্রাঘাত	b o j r a gh a t	native
বজ্রাঘাতে	b o j r a gh a t e	native
বজ্রাসন	b o j r a sh o n	native
বজ্রের	b o j r e r	native
বঞ্চক	b o nch o k	tatsama
বঞ্চন	b o nch o n	tatsama
বঞ্চনা	b o nch O n a	tatsama
বঞ্চনাকে	b o nch o n a k e	tatsama
বঞ্চনাবোধ	b o nch o n a b O dh o	tatsama
বঞ্চনামুক্ত	b o nch o n a m u kt o	tatsama
বঞ্চনায়	b o nch o n a y	tatsama
বঞ্চব	b o nch o b O	tatsama
বঞ্চহ	b o nch o h	tatsama
বঞ্চা	b o nch a	tatsama
বঞ্চিতই	b o nch i t o i	tatsama
বঞ্চিতরা	b o nch i t o r a	tatsama
বঞ্চিতের	b O nch i t e r	tatsama
বঞ্চুক	b O nch u k	tatsama
বঞ্চে	b o nch e	tatsama
বঞ্জুল	b O nj u l	tatsama
বট	b o T	native
বটক	b o T O k	native
বটকে	b o T k e	native
বটগাছকে	b o T g a chh o k e	native
বটগাছটি	b o T g a chh T i	native
বটগাছের	b o T g a chh e r	native
বটতলার	b o T t o l a r	native
বটতলায়	b o T t o l a y	native
বটতলি	b o T t o l i	native
বটবৃক্ষ	b o T b ri kkh O	tatsama
বটবৃক্ষের	b o T O b ri kkh e r	tatsama
বটব্যাল	b o T O b A l	native
বটম	b o T o m	native
বটমুল	b o T m u l	native
বটমুলকে	b o T o m u l k e	native
বটমুলে	b o T O m u l e	native
বটমুলের	b o T O m u l e r	native
বটা	b o T a	native
বটানি	b o T a n i	native
বটিকা	b o T i k a	native
বটির	b o T i r	native
বটিস	b O T i sh	native
বটিয়াঘাটা	b o T i y a gh a T a	native
বটুয়া	b O T u y a	native
বটে	b o T e	native
বটেই	b o T e i	native
বটেক	b o T e k	native
বটেন	b o T e n	native
বটের	b o T e r	native
বট্ঠাকুর	b o T Th a k u r	native
বঠিয়া	b O Th i y a	native
বড	b o D	native
বডম্যানকে	b o D m A n k e	native
বড়বাজার	b o r O b a j a r	native
বড়লেখায়	b o r O l e kh a y o	native
বডিই	b o D i i	native
বডিগার্ড	b o D i g a r D	loanword
বডিতে	b o D i t e	native
বডির	b o D i r	native
বডের	b o D e r	native
বড্ড	b o D D O	native
বতক	b o t o k	native
বতর	b o t O r	native
বতসোয়ানা	b o t s O y a n a	proper_noun
বতসোয়ানায়	b o t s O y a n a y	proper_noun
বতান	b o t a n	native
বতারিখ	b o t a r i kh	native
বত্ত	b o tt O	native
বত্রিশ	b O tr i sh	native
বথুয়া	b o th u y a	native
বদ	b o d	native
বদঅভ্যাস	b o d o bh bh a sh o	native
বদধে	b o d dh e	native
বদন	b o d O n	native
বদনখানি	b o d o n kh a n i	native
বদনা	b o d n a	native
বদনাম	b o d n a m	native
বদনামটা	b o d n a m T a	native
বদনামের	b o d n a m e r	native
বদনিখালি	b o d o n i kh a l i	native
বদনে	b o d O n e	native
বদভ্যাস	b o d O b bh a sh	native
বদভ্যাসটা	b o d o b bh a sh T a	native
বদভ্যাসটি	b o d o b bh a sh T i	native
বদভ্যাসের	b o d O b bh a sh e r	native
বদমাইশ	b o d m a i sh	native
বদমাশ	b o d m a sh	native
বদমেজাজি	b o d m e j a j i	native
বদর	b o d O r	native
বদরখালি	b o d o r kh a l i	native
বদরগঞ্জ	b o d O r g o nj	tatsama
বদরগঞ্জে	b o d O r g o nj e	tatsama
বদরগঞ্জের	b o d O r g o nj e r	tatsama
বদরদের	b o d o r d e r	native
বদরপুর	b o d O r p u r	native
বদরপুরে	b o d O r p u r e	native
বদরপুরের	b o d o r p u r e r	native
বদরাগি	b o d r a g i	native
বদরি	b o d o r i	native
বদরিকা	b o d o r i k a	native
বদরিকাশ্রম	b o d O r i k a sh r o m	native
বদরিনাথ	b o d r i n a th	native
বদরুজ্জামান	b O d r u j j a m a n	native
বদরুজ্জামানের	b o d r u j j a m a n e r	compound
বদরুদোজ্জা	b o d r u d O j j a	native
বদরুদ্দিন	b o d o r u d d i n	native
বদরুদ্দোজা	b O d r u d d O j a	native
বদরুদ্দোজাকে	b o d r u d d O j a k e	native
বদরুদ্দোজার	b o d r u d d O j a r	native
বদরুদ্দোজাসহ	b o d o r u d d O j a sh o h O	native
বদরুন	b O d r u n	native
বদরুন্নেসা	b O d r u nn e sh a	native
বদরুল	b o d r u l	native
বদরুলের	b O d r u l e r	native
বদরে	b o d O r e	native
বদরের	b o d O r e r	native
বদল	b o d O l	native
বদলও	b o d O l O	native
বদলকে	b o d o l k e	native
বদলগাছি	b o d o l g a chh i	native
বদলটা	b o d O l T a	native
বদলাই	b o d l a i	native
বদলাইনি	b o d l a i n i	native
বদলাইয়া	b o d l a i y a	native
বদলাচ্ছে	b o d l a ch chh e	native
বদলাচ্ছেন	b o d l a ch chh e n	native
বদলাতে	b o d l a t e	native
বদলাতেও	b o d l a t e O	native
বদলানো	b o d l a n O	native
বদলানোয়	b o d l a n O y o	native
বদলাপুর	b o d l a p u r	native
বদলাব	b o d l a b o	native
বদলাল	b o d l a l O	native
বদলালে	b o d l a l e	native
বদলালেই	b o d l a l e i	native
বদলালেও	b o d l a l e O	native
বদলালেন	b o d l a l e n	native
বদলায়	b o d l a y	native
বদলায়নি	b o d l a y n i	native
বদলি	b O d l i	native
বদলিও	b o d l i O	native
বদলিতে	b O d l i t e	native
বদলির	b O d l i r	native
বদলিসংক্রান্ত	b o d l i sh o ng kr a nt o	compound
বদলিয়ে	b o d l i y e	native
বদলে	b O d l e	native
বদলেই	b o d O l e i	native
বদলেও	b a d O l e O	native
বদলেছি	b o d l e chh i	native
বদলেছে	b O d l e chh e	native
বদলেছেন	b o d l e chh e n	native
বদলের	b o d o l e r	native
বদস্ত	b o d o st	native
বদস্তুর	b o d O st u r	native
বদস্বভাব	b o d sh o bh a b	tatsama
বদহজম	b o d h o j O m	native
বদা	b o d a	native
বদান্য	b o d a n n O	native
বদান্যতা	b o d a n n o t a	native
বদান্যতার	b o d a n n o t a r	native
বদান্যতায়	b o d a n n o t a y	native
বদাবদ	b o d a b o d	native
বদি	b O d i	native
বদিউজ্জামান	b O d i u j j a m a n	native
বদিউজ্জামানের	b O d i u j j a m a n e r	compound
বদিউর	b O d i u r	native
বদিউল	b O d i u l	native
বদির	b O d i r	native
বদিয়ার	b o d i y a r	native
বদোউলতে	b o d O u l o t e	native
বদোউলতেই	b o d O u l o t e i	native
বদ্দি	b o d d i	native
বদ্দু	b O d d u	native
বদ্ধমুল	b o d dh O m u l	tatsama
বদ্বিপ	b o d i p	native
বদ্বিপে	b o d i p e	native
বদ্বিপের	b o d i p e r	native
বদ্রিনাথ	b o d r i n a th	native
বদ্রিনাথের	b o d r i n a th e r	native
বধ	b o dh	native
বধও	b o dh o O	native
বধিরতা	b O dh i r o t a	native
বধিরদের	b o dh i r d e r	native
বধিররা	b o dh i r r a	native
বধুকে	b o dh u k e	native
বধুটি	b O dh u T i	native
বধুর	b O dh u r	native
বধুৎসব	b O dh u t sh o b	native
বধুয়া	b o dh u y a	native
বধ্যভুমি	b o d dh o bh u m i	native
বধ্যভুমিতে	b o d dh O bh u m i t e	native
বধ্যভুমির	b o d dh O bh u m i r	native
বনকর্মি	b o n k o r m i	native
বনকর্মিদের	b o n k o r m i d e r	native
বনকর্মিরা	b o n k o r m i r a	native
বনকিশোর	b o n k i sh O r	native
বনকে	b o n k e	native
বনগা	b o n g a	native
বনগাও	b o n g a O	native
বনগুলো	b o n g u l O	native
বনগুলোর	b o n g u l O r	native
বনগ্রাম	b o n gr a m	native
বনগ্রামে	b o n gr a m e	native
বনচারি	b o n ch a r i	native
বনজংগল	b o n j o ng g o l	native
বনজংগলে	b o n j o ng g o l e	native
বনজংগলের	b o n j o ng g o l e r	native
বনজিবি	b o n o j i b i	native
বনজিবিদের	b o n o j i b i d e r	native
বনজোগিছড়া	b o n j O g i chh o r a	native
বনটি	b o n T i	native
বনতি	b O n o t i	native
বনদস্যু	b o n O d O sh sh u	native
বনদস্যুদের	b o n O d O sh sh u d e r	native
বনদস্যুরা	b o n o d o sh sh u r a	native
বনদা	b o n d a	native
বনধ	b o n dh o	native
বনধে	b o n dh e	native
বনধের	b o n dh e r	native
বননিতি	b o n n i t i	native
বননির্ভর	b o n n i r bh o r	native
বনপাড়া	b o n p a r a	native
বনপাড়ার	b o n p a r a r	native
বনপাড়ায়	b o n p a r a y	native
বনপ্রজা	b o n pr o j a	native
বনপ্রজারা	b o n pr o j a r a	native
বনপ্রহরি	b o n pr o h o r i	native
বনপ্রহরিরা	b o n pr o h o r i r a	native
বনফুল	b o n O ph u l	native
বনফুলের	b o n O ph u l e r	native
বনবন	b o n b o n	native
বনবাদাড়ে	b o n b a d a r e	native
বনবাসে	b o n O b a sh e	loanword
বনবিট	b o n b i T	native
বনবিদ্যা	b o n b i d d a	native
বনবিড়াল	b o n b i r a l	native
বনবেড়াল	b o n b e r a l	native
বনভান্তে	b o n bh a nt e	native
বনভান্তের	b o n bh a nt e r	native
বনভুমি	b o n O bh u m i	native
বনভুমিকে	b o n o bh u m i k e	native
বনভুমিতে	b o n O bh u m i t e	native
বনভুমির	b o n O bh u m i r	native
বনভোজনে	b o n bh O j O n e	native
বনমন্ত্রি	b o n m o n t r i	native
বনমালি	b o n O m a l i	native
বনমোরগ	b o n m O r O g	native
বনরক্ষি	b o n r o kkh i	tatsama
বনরক্ষিদের	b o n r o kkh i d e r	tatsama
বনরক্ষিরা	b o n r o kkh i r a	tatsama
বনরুপা	b o n o r u p a	native
বনলতা	b o n O l o t a	native
বনশপাচাই	b o n O sh p a ch a i	native
বনশল	b o n o sh o l	native
বনশাল	b o n o sh a l	native
বনশালির	b o n O sh a l i r	native
বনশ্রি	b o n o sh r i	native
বনশ্রিকে	b o n O sh r i k e	native
বনশ্রিতে	b o n o sh r i t e	native
বনশ্রির	b o n o sh r i r	native
বনসংরক্ষক	b o n sh o ng r o kkh o k	tatsama
বনসংলগ্ন	b o n sh o ng l o g n o	native
বনসচিব	b o n sh o ch i b	native
বনসম্পদ	b o n sh o mp o d	native
বনসহ	b o n sh o h O	native
বনসাই	b o n sh a i	native
বনসাল	b o n sh a l	native
বনসেবা	b o n o sh e b a	native
বনস্পতি	b o n o s p o t i	loanword
বনা	b o n a	native
বনাঞ্চল	b o n a nch o l	tatsama
বনাঞ্চলসহ	b o n a nch o l sh o h O	tatsama
বনাঞ্চলে	b o n a nch o l e	tatsama
বনাঞ্চলের	b o n a nch o l e r	tatsama
বনাত	b o n a t	native
বনানি	b o n a n i	native
বনানিতে	b o n a n i t e	native
বনানির	b o n a n i r	native
বনানিসহ	b o n a n i sh o h O	native
বনান্ত	b o n a nt O	native
বনান্তর	b o n a nt O r	native
বনাম	b o n a m	native
বনারস	b o n a r o sh	native
বনায়নসহ	b o n a y o n sh o h O	native
বনায়নে	b o n a y o n e	native
বনায়নের	b o n a y o n e r	native
বনি	b o n i	native
বনিক	b o n i k	native
বনিককে	b o n i k k e	native
বনিকদের	b O n i k d e r	native
বনিকরন	b O n i k o r O n	native
বনিকরা	b O n i k r a	native
বনিকের	b o n i k e r	native
বনিকেরা	b o n i k e r a	native
বনিত	b O n i t O	native
বনিতা	b o n i t a	native
বনিতো	b o n i t O	native
বনিবনা	b O n i b o n a	native
বনু	b O n u	native
বনে	b O n e	native
বনেই	b O n e i	native
বনেও	b o n e O	native
বনেগা	b o n e g a	native
বনেচর	b o n e ch o r	native
বনেট	b o n e T	native
বনেদি	b o n e d i	native
বনেদিবাড়ির	b o n e d i b a r i r	native
বনেধ	b o n e dh	native
বনেধর	b o n e dh o r	native
বনের	b o n e r	native
বনোসা	b o n O sh a	native
বন্টক	b o n T o k	native
বন্টন	b o n T O n	native
বন্টনকারি	b o n T o n k a r i	native
বন্টনসংক্রান্ত	b o n T o n sh o ng kr a nt o	compound
বন্টনসহ	b o n T o n sh o h O	native
বন্টনে	b o n T o n e	native
বন্টনেও	b o n T o n e O	native
বন্টনের	b o n T o n e r	native
বন্টিকা	b O n T i k a	native
বন্টিত	b o n T i t o	native
বন্ঠ	b o n Th O	native
বন্ড	b o n D	loanword
বন্ডই	b o n D i	loanword
বন্ডও	b o n D O	loanword
বন্ডকে	b o n D k e	loanword
বন্ডটি	b o n D T i	loanword
বন্ডসহ	b o n D sh o h O	loanword
বন্ডে	b o n D e	native
বন্ডেড	b o n D e D	native
বন্ডের	b o n D e r	loanword
বন্দ	b o nd O	native
বন্দক	b o nd o k	native
বন্দন	b o nd o n	native
বন্দনা	b o nd O n a	native
বন্দনার	b o nd O n a r	native
বন্দনায়	b o nd o n a y	native
বন্দরকে	b o nd O r k e	native
বন্দরকেন্দ্রিক	b o nd o r k e nd ri k	compound
বন্দরখোলা	b o nd o r kh O l a	native
বন্দরগুলোর	b o nd O r g u l O r	native
বন্দরটি	b o nd O r T i	native
বন্দরনগর	b o nd O r n o g O r	native
বন্দরনগরি	b o nd O r n o g O r i	native
বন্দরনগরিতে	b o nd O r n o g O r i t e	native
বন্দরনগরির	b o nd O r n o g O r i r	native
বন্দরনগরে	b o nd o r n o g o r e	native
বন্দরনগরের	b o nd o r n o g o r e r	native
বন্দরবাজার	b o nd O r b a j a r	native
বন্দরবিশয়ক	b o nd o r b i sh o y o k	native
বন্দরসমুহের	b o nd O r sh O m u h e r	native
বন্দরসুবিধা	b o nd o r sh u b i dh a	native
বন্দরামপুর	b o nd o r a m p u r	native
বন্দরে	b o nd O r e	native
বন্দরের	b o nd o r e r	native
বন্দা	b o nd a	native
বন্দি	b O nd i	native
বন্দিই	b o nd i i	native
বন্দিজিবন	b O nd i j i b O n	native
বন্দিজিবনের	b o nd i j i b o n e r	native
বন্দিত	b O nd i t O	native
বন্দিত্ব	b O nd i tt O	tatsama
বন্দিত্বের	b o nd i tt e r	tatsama
বন্দিদশা	b O nd i d o sh a	native
বন্দিদশার	b o nd i d o sh a r	native
বন্দিদশায়	b o nd i d o sh a y	native
বন্দিনি	b o nd i n i	native
বন্দিবিনিময়	b o nd i b i n i m o y	native
বন্দির	b O nd i r	native
বন্দিরাও	b o nd i r a O	native
বন্দিশালা	b o nd i sh a l a	native
বন্দিশালার	b o nd i sh a l a r	native
বন্দিশালায়	b o nd i sh a l a y	native
বন্দিশিবির	b O nd i sh i b i r	native
বন্দিশিবিরে	b O nd i sh i b i r e	native
বন্দিশিবিরের	b O nd i sh i b i r e r	native
বন্দিয়ারা	b o nd i y a r a	native
বন্দুকও	b o nd u k O	native
বন্দুকজুদ্ধ	b O nd u k j u d dh O	tatsama
বন্দুকজুদ্ধও	b o nd u k j u d o d dh o O	tatsama
বন্দুকজুদ্ধে	b O nd u k j u d dh e	tatsama
বন্দুকজুদ্ধের	b O nd u k j u d dh e r	tatsama
বন্দুকটা	b o nd u k T a	native
বন্দুকটি	b O nd u k T i	native
বন্দুকধারি	b O nd u k dh a r i	native
বন্দুকধারিকে	b O nd u k dh a r i k e	native
বন্দুকধারিদের	b O nd u k dh a r i d e r	compound
বন্দুকধারির	b O nd u k dh a r i r	native
বন্দুকধারিরা	b O nd u k dh a r i r a	native
বন্দুকসহ	b o nd u k sh o h O	native
বন্দুকে	b o nd u k e	native
বন্দে	b o nd e	native
বন্দেগির	b O nd e g i r	native
বন্দেমাতরম	b o nd e m a t r o m	native
বন্দোপাধ্যায়	b o nd O p a d dh a y o	native
বন্দোবস্ত	b o nd O b O st O	native
বন্দোবস্তও	b o nd O b o st o O	native
বন্দোবস্তকৃত	b o nd O b o st o k r i t o	tatsama
বন্দোবস্তজোগ্য	b o nd O b o st o j O g g o	compound
বন্দোবস্তি	b o nd O b o st i	native
বন্দোবস্তির	b o nd O b o st i r	native
বন্দ্য	b o nd O	native
বন্দ্যোপাধ্যায়	b o nd O p a d dh A y	compound
বন্দ্যোপাধ্যায়ও	b o nd O p a d dh a y O	compound
বন্দ্যোপাধ্যায়কে	b o nd O p a d dh a y k e	compound
বন্দ্যোপাধ্যায়সহ	b o nd O p a d dh a y sh o h O	compound
বন্দ্যোপাধ্যায়ের	b o nd O p a d dh a y e r	compound
বন্ধ	b o ndh O	tatsama
বন্ধই	b o ndh O i	tatsama
বন্ধও	b o ndh O O	tatsama
বন্ধকি	b o ndh o k i	tatsama
বন্ধনই	b o ndh o n i	tatsama
বন্ধনও	b o ndh o n O	tatsama
বন্ধনকে	b o ndh O n k e	tatsama
বন্ধনগুলো	b o ndh o n g u l O	tatsama
বন্ধনহিন	b o ndh o n h i n	tatsama
বন্ধনি	b o ndh O n i	tatsama
বন্ধনিতে	b o ndh O n i t e	tatsama
বন্ধনির	b o ndh O n i r	tatsama
বন্ধনে	b o ndh O n e	tatsama
বন্ধনের	b o ndh o n e r	tatsama
বন্ধসহ	b o ndh o sh o h O	tatsama
বন্ধান	b o ndh a n	tatsama
বন্ধুই	b O ndh u i	tatsama
বন্ধুও	b O ndh u O	tatsama
বন্ধুক	b o ndh u k	tatsama
বন্ধুকে	b O ndh u k e	tatsama
বন্ধুকেও	b O ndh u k e O	tatsama
বন্ধুগন	b o ndh u g o n	tatsama
বন্ধুজন	b o ndh u j o n	tatsama
বন্ধুতা	b o ndh u t a	tatsama
বন্ধুতার	b o ndh u t a r	tatsama
বন্ধুতে	b O ndh u t e	tatsama
বন্ধুত্ব	b O ndh u tt O	tatsama
বন্ধুত্বই	b o ndh u tt o i	tatsama
বন্ধুত্বও	b O ndh u tt O O	tatsama
বন্ধুত্বকে	b O ndh u tt O k e	tatsama
বন্ধুত্বপুর্ন	b O ndh u tt O p u r n O	tatsama
বন্ধুত্বসুলভ	b O ndh u tt O sh u l o bh	tatsama
বন্ধুত্বে	b O ndh u tt e	tatsama
বন্ধুদিন	b o ndh u d i n	tatsama
বন্ধুদের	b O ndh u d e r	tatsama
বন্ধুদেরও	b O ndh u d e r O	tatsama
বন্ধুপরায়ন	b o ndh u p o r a y o n	tatsama
বন্ধুবত্সল	b o ndh u b o t sh o l	tatsama
বন্ধুবর	b o ndh u b o r	tatsama
বন্ধুবান্ধব	b O ndh u b a ndh o b	tatsama
বন্ধুবান্ধবকে	b o ndh u b a ndh o b k e	compound
বন্ধুবান্ধবসহ	b o ndh u b a ndh o b sh o h O	compound
বন্ধুবান্ধবের	b O ndh u b a ndh O b e r	compound
বন্ধুবান্ধবেরা	b o ndh u b a ndh o b e r a	compound
বন্ধুবেশি	b o ndh u b e sh i	tatsama
বন্ধুভাবাপন্ন	b O ndh u bh a b a p o nn O	compound
বন্ধুমহলের	b o ndh u m o h o l e r	tatsama
বন্ধুর	b O ndh u r	tatsama
বন্ধুরা	b O ndh u r a	tatsama
বন্ধুরাই	b O ndh u r a i	tatsama
বন্ধুরাও	b O ndh u r a O	tatsama
বন্ধুরাশ্ট্র	b O ndh u r a sh T r O	loanword
বন্ধুরাশ্ট্রের	b o ndh u r a sh T r e r	loanword
বন্ধুলি	b o ndh u l i	tatsama
বন্ধুসভা	b O ndh u sh o bh a	tatsama
বন্ধুসভার	b O ndh u sh o bh a r	tatsama
বন্ধুসভাসহ	b o ndh u sh o bh a sh o h O	tatsama
বন্ধুসভায়	b o ndh u sh o bh a y	tatsama
বন্ধুসহ	b O ndh u sh o h O	tatsama
বন্ধুসুলভ	b O ndh u sh u l o bh	tatsama
বন্ধুস্থানিয়	b o ndh u sth a n i y o	tatsama
বন্ধুহিন	b O ndh u h i n	tatsama
বন্ধে	b o ndh e	tatsama
বন্ধেও	b o ndh e O	tatsama
বন্ধেরও	b o ndh e r O	tatsama
বন্ধ্	b o ndh	tatsama
বন্ধ্য	b o n dh O	tatsama
বন্ধ্যত্বের	b o n dh O tt e r	tatsama
বন্ধ্যা	b o n dh a	tatsama
বন্ধ্যাকরন	b o n dh a k o r o n	tatsama
বন্ধ্যাকরনের	b o n dh a k o r o n e r	tatsama
বন্ধ্যাত্ব	b o n dh a tt O	tatsama
বন্ধ্যাত্বের	b o n dh a tt e r	tatsama
বন্ন	b o nn O	native
বন্নক	b o nn O k	native
বন্যপ্রানি	b O n n O pr a n i	native
বন্যপ্রানিদের	b o n n O pr a n i d e r	compound
বন্যপ্রানির	b O n n O pr a n i r	native
বন্যাই	b o n n a i	native
বন্যাও	b o n n a O	native
বন্যাকবলিত	b o n n a k o b O l i t O	native
বন্যাকে	b O n n a k e	native
বন্যাক্রান্ত	b o n n a kr a nt o	native
বন্যাদুর্গতদের	b o n n a d u r g o t d e r	compound
বন্যানিয়ন্ত্রন	b o n n a n i y o n t r o n	compound
বন্যানিয়ন্ত্রনের	b o n n a n i y o n t r o n e r	compound
বন্যাপিড়িত	b o n n a p i r i t o	native
বন্যাপ্রবন	b o n n a pr o b o n o	native
বন্যাপ্রবাহা	b o n n a pr o b a h a	native
বন্যামুক্ত	b o n n a m u kt o	native
বন্যার	b o n n a r	native
বন্যাসহ	b o n n a sh o h O	native
বন্যাসহিশ্নু	b o n n a sh o h i sh n u	native
বন্যায়	b o n n a y	native
বপন	b o p O n	native
বপনের	b o p O n e r	native
বপা	b o p a	native
বপু	b O p u	native
বপুশ্মান	b O p u sh m a n	native
বপ্তব্য	b o p t O b b O	native
বপ্তা	b o p t a	native
বপ্র	b o pr O	native
বব	b o b	native
ববমবম	b o b o m b o m	native
ববি	b o b i	native
ববিও	b o b i O	native
ববিতা	b o b i t a	native
ববির	b o b i r	native
বভ্রুবাহন	b O b bh r u b a h O n	native
বম	b o m	native
বমচুলি	b o m ch u l i	native
বমন	b o m O n	native
বমবম	b o m b o m	native
বমসা	b o m sh a	native
বমসার	b o m sh a r	native
বমাল	b o m a l	native
বমিভাব	b O m i bh a b	native
বমির	b O m i r	native
বমু	b o m u	native
বম্ব	b o mb	loanword
বম্বার্ড	b O mb a r D	loanword
বম্বিং	b o mb i ng	loanword
বম্বু	b O mb u	native
বম্বে	b O mb e	native
বম্ভ	b o m bh O	native
বম্যান	b o m A n	native
বরংগাইল	b o r o ng g a i l	native
বরংচ	b o r O ng ch O	native
বরই	b O r O i	native
বরইগাছ	b o r o i g a chh	native
বরইতলা	b o r o i t o l a	native
বরইতলি	b o r o i t o l i	native
বরইতলিতে	b o r o i t o l i t e	native
বরক	b o r o k	native
বরকতউল্লা	b o r k o t u l l a	native
বরকতউল্লাহ	b o r k o t u l l a h	native
বরকতউল্লাহর	b o r k o t u l l a r	native
বরকতকে	b o r k o t k e	native
বরকতময়	b o r k o t m o y	native
বরকতুল্লাহ	b o r k o t u l l a h	native
বরকতের	b o r k O t e r	native
বরকন্দাজ	b O r k o nd a j	native
বরকর্তা	b o r k o r t a	native
বরকল	b o r k o l	native
বরকে	b o r k e	native
বরখত	b o r o kh o t	native
বরখা	b O r kh a	native
বরখাস্ত	b o r kh a st O	native
বরখাস্তও	b o r kh a st o O	native
বরখাস্তকৃত	b o r kh a st O k ri t O	tatsama
বরখাস্তের	b o r kh a st e r	native
বরখুরদার	b o r kh u r d a r	native
বরখুরদারের	b o r kh u r d a r e r	native
বরখেলাপ	b o r kh e l a p	native
বরগা	b o r g a	native
বরগুইবার	b o r g u i b a r	native
বরগুনাগামি	b o r g u n a g a m i	native
বরগুনার	b o r g u n a r	native
বরগুনাসহ	b o r g u n a sh o h O	native
বরগুনায়	b o r g u n a y	native
বরচন্দন	b o r ch o nd o n	native
বরজসহ	b o r o j sh o h O	native
বরজাত্রি	b o r j a tr i	native
বরজাত্রিদের	b o r j a tr i d e r	native
বরজাত্রির	b o r j a tr i r	native
বরজাত্রিরা	b o r j a tr i r a	native
বরজাত্রিসহ	b o r j a tr i sh o h O	native
বরজে	b o r O j e	native
বরজের	b o r o j e r	native
বরঞ্চ	b o r O nch O	tatsama
বরটি	b o r T i	native
বরত	b o r o t	native
বরতরফ	b o r t o r O ph	native
বরদার	b o r d a r	native
বরদারকে	b o r d a r k e	native
বরদারাজন	b o r d a r a j o n	native
বরদারাজনের	b o r d a r a j n e r	native
বরদাস্ত	b o r d a st	native
বরদুলই	b o r d u l i	native
বরদের	b o r d e r	native
বরদেশি	b o r d e sh i	native
বরন	b o r o n	native
বরনারি	b o r O n a r i	native
বরনাহ	b o r O n a h O	native
বরনিয়	b o r o n i y	native
বরনে	b o r O n e	native
বরনের	b o r O n e r	native
বরন্ড	b o r o n D O	native
বরন্তি	b o r o nt i	native
বরপক্ষ	b o r p o kkh O	tatsama
বরপক্ষের	b o r p o kkh e r	tatsama
বরপা	b o r p a	native
বরপুত্র	b o r p u tr O	native
বরফ	b o r O ph	native
বরফকল	b o r o ph k o l	native
বরফখন্ড	b o r o ph kh o n D o	native
বরফখন্ডের	b o r o ph kh o n D e r	native
বরফগলা	b o r o ph g o l a	native
বরফঢাকা	b o r o ph Dh a k a	native
বরফভাংা	b o r o ph bh a ng g a	native
বরফমানব	b o r o ph m a n o b	native
বরফশিতল	b o r o ph sh i t o l	native
বরফাচ্ছন্ন	b o r O ph a ch chh o nn O	native
বরফাচ্ছাদিত	b o r o ph a ch chh a d i t o	native
বরফি	b O r ph i	native
বরফির	b o r ph i r	native
বরফে	b o r O ph e	native
বরফের	b o r O ph e r	native
বরবর্নিনি	b o r b o r n i n i	native
বরবাদ	b o r b a d	native
বরমাল্য	b o r m a l l o	native
বরমি	b o r m i	native
বরশ	b o r o sh	native
বরশা	b o r o sh a	native
বরশাত	b o r o sh a t	native
বরশি	b o r sh i	native
বরসরোজিনি	b o r O sh o r O j i n i	native
বরসহ	b o r sh o h O	native
বরহ	b o r o h	native
বরহক	b o r o h o k	native
বরা	b o r a	native
বরাংগ	b o r a ng g O	native
বরাংগনা	b o r a ng g o n a	native
বরাঅ	b o r a O	native
বরাই	b o r a i	native
বরাক	b O r a k	native
বরাকের	b o r a k e r	native
বরাখুরে	b o r a kh u r e	native
বরাট	b o r a T	native
বরাত	b o r a t	native
বরাতকে	b o r a t k e	native
বরাতি	b o r a t i	native
বরাতের	b o r a t e r	native
বরাদ্দ	b o r a d d O	native
বরাদ্দই	b o r a d d O i	native
বরাদ্দও	b o r a d d o O	native
বরাদ্দকারি	b o r a d d o k a r i	native
বরাদ্দকৃত	b o r a d d O k ri t O	tatsama
বরাদ্দকে	b o r a d d o k e	native
বরাদ্দপত্র	b o r a d d o p o tr o	native
বরাদ্দপত্রে	b o r a d d o p o tr e	native
বরাদ্দপত্রের	b o r a d d o p o tr e r	native
বরাদ্দপ্রাপ্ত	b o r a d d o pr a p o t o	compound
বরাদ্দপ্রাপ্তদের	b o r a d d o pr a p o t o d e r	compound
বরাদ্দবিহিন	b o r a d d o b i h i n	native
বরাদ্দমুল্যের	b o r a d d o m u l l e r	compound
বরাদ্দসহ	b o r a d d o sh o h O	native
বরাদ্দে	b o r a d d e	native
বরাদ্দেও	b o r a d d e O	native
বরাদ্দের	b o r a d d e r	native
বরাদ্দেরও	b o r a d d e r O	native
বরানুগমন	b o r a n u g o m O n	native
বরাব	b o r a b	native
বরাবর	b o r a b o r	native
বরাবরই	b o r a b O r i	native
বরাবরে	b o r a b o r e	native
বরাবরের	b o r a b o r e r	native
বরাবরেশু	b o r a b o r e sh u	native
বরাভরন	b o r a b o r O n	native
বরাভয়	b o r a bh o y	native
বরারোহা	b o r a r O h a	native
বরার্ট	b o r a r T	native
বরাসন	b o r a sh O n	native
বরিখ	b O r i kh o	native
বরিখত	b O r i kh o t	native
বরিখনিয়া	b O r i kh O n i y a	native
বরিখন্তিয়া	b O r i kh O nt i y a	native
বরিখব	b O r i kh o b	native
বরিখা	b O r i kh a	native
বরিত	b o r i t	native
বরিশ	b o r i sh	native
বরিশন	b o r i sh o n	native
বরিশা	b o r i sh a	native
বরিশালকে	b o r i sh a l k e	native
বরিশালগামি	b O r i sh a l g a m i	native
বরিশালসহ	b O r i sh a l sh o h O	native
বরিশালে	b O r i sh a l e	native
বরিশালের	b O r i sh a l e r	native
বরিশ্ঠ	b O r i sh Th O	native
বরিস	b O r i s	proper_noun
বরিসভ	b o r i s o bh	proper_noun
বরুন	b o r u n	native
বরুনকে	b O r u n k e	native
বরুনা	b o r u n a	native
বরুনের	b o r u n e r	native
বরুশিয়া	b o r u sh i y a	native
বরুড়া	b o r u r a	native
বরুড়ায়	b o r u r a y	native
বরুয়া	b o r u y a	native
বরে	b o r e	native
বরেন	b o r e n	native
বরেন্দ্র	b o r e ndr O	native
বরেন্দ্রভুমি	b o r e ndr o bh u m i	native
বরেন্য	b o r e n n O	native
বরের	b o r e r	native
বরোদা	b o r O d a	native
বরোদার	b o r O d a r	native
বরোন্মুখ	b o r O n m u kh	native
বরোয়ার	b o r O y a r	native
বর্গইঞ্চি	b o r g o i nch i	tatsama
বর্গকিলোমিটার	b o r g O k i l O m i T a r	compound
বর্গকিলোমিটারে	b o r g O k i l O m i T a r e	compound
বর্গকিলোমিটারের	b o r g O k i l O m i T a r e r	compound
বর্গফুট	b o r g O ph u T	native
বর্গফুটে	b o r g O ph u T e	native
বর্গমাইল	b o r g O m a i l	native
বর্গমাইলজুড়ে	b o r g o m a i l j u r e	native
বর্গমাইলে	b o r g o m a i l e	native
বর্গমাইলের	b o r g O m a i l e r	native
বর্গমিটার	b o r g O m i T a r	loanword
বর্গমিটারে	b o r g O m i T a r e	loanword
বর্গাকৃতির	b o r g a k r i t i r	tatsama
বর্গাচাশি	b o r g a ch a sh i	native
বর্গাচাশিদের	b o r g o ch a sh i d e r	native
বর্গাচাশির	b o r g a ch a sh i r	native
বর্গাচাশিরা	b o r g a ch a sh i r a	native
বর্গাদারদের	b o r g a d a r o d e r	native
বর্গায়	b o r g a y	native
বর্গের	b o r g e r	native
বর্চঃ	b o r ch O h	tatsama
বর্চা	b o r ch a	native
বর্জক	b o r j O k	native
বর্জন	b o r j O n	native
বর্জনই	b o r j o n i	native
বর্জনও	b o r j o n O	native
বর্জনকারি	b o r j o n k a r i	native
বর্জনসহ	b o r j o n sh o h O	native
বর্জনিয়	b o r j o n i y	native
বর্জনে	b o r j O n e	native
বর্জনেরও	b o r j o n e r O	native
বর্জাইস	b o r j a i s	proper_noun
বর্জিত	b O r j i t O	native
বর্জ্য	b o r j O	native
বর্জ্যও	b o r j O O	native
বর্জ্যকে	b o r j o k e	native
বর্জ্যগুলো	b o r j O g u l O	native
বর্জ্যজুক্ত	b o r j o j u kt o	native
বর্জ্যতেল	b o r j o t e l	native
বর্জ্যমিশ্রিত	b o r j o m i sh ri t o	compound
বর্জ্যমুক্ত	b o r j o m u kt o	native
বর্জ্যমুক্তকরন	b o r j o m u kt o k o r o n	compound
বর্জ্যরে	b o r j O r e	native
বর্জ্যে	b o r j e	native
বর্জ্যের	b o r j e r	native
বর্ডারস	b o r D a r s	native
বর্ডারের	b o r D a r e r	native
বর্ডার্স	b o r D a r s	loanword
বর্তক	b o r t O k	native
বর্তন	b o r t O n	native
বর্তমান	b o r t O m a n	native
বর্তমানকালে	b o r t O m a n k a l e	native
বর্তমানকালের	b o r t o m a n k a l e r	native
বর্তমানকে	b o r t O m a n k e	native
বর্তমানেও	b o r t O m a n e O	native
বর্তমানের	b o r t O m a n e r	native
বর্তাচ্ছে	b o r t a ch chh e	native
বর্তাবে	b o r t a b e	native
বর্তায়	b o r t a y	native
বর্তি	b O r t i	native
বর্তিত	b O r t i t O	native
বর্তিশ্নু	b O r t i sh n u	native
বর্তুক	b O r t u k	native
বর্তেছিল	b o r t e chh i l o	native
বর্তেছে	b O r t e chh e	native
বর্ত্তন	b o r t o n	native
বর্ত্তমান	b o r t o m a n	native
বর্ত্তা	b o r t a	native
বর্ত্তিকা	b o r t i k a	native
বর্ত্তুল	b o r t o t u l	native
বর্ত্ম	b o r t O	native
বর্ধক	b o r dh O k	native
বর্ধকি	b o r dh O k i	native
বর্ধন	b o r dh O n	native
বর্ধনশিল	b o r dh o n sh i l	native
বর্ধনে	b o r dh o n e	native
বর্ধমান	b o r dh O m a n	native
বর্ধমানে	b o r dh o m a n e	native
বর্ধিতকরন	b o r dh o t o k o r o n	native
বর্ধিতাংশ	b O r dh i t a ng sh O	native
বর্ধিশ্নু	b o r dh i sh n u	native
বর্নও	b o r n o O	native
বর্নকে	b o r n O k e	native
বর্নগত	b o r n o g o t o	native
বর্নগুলো	b o r n O g u l O	native
বর্নচোরা	b o r n o ch O r a	native
বর্নচ্ছটা	b o r n o ch chh o T a	native
বর্নটি	b o r n o T i	native
বর্নন	b o r n o n	native
বর্ননাই	b o r n o n a i	native
বর্ননাও	b o r n O n a O	native
বর্ননাকরন	b o r n o n a k o r o n	native
বর্ননাকারি	b o r n O n a k a r i	native
বর্ননাকারির	b o r n o n a k a r i r	native
বর্ননাতিত	b o r n O n a t i t	native
বর্ননাত্মক	b o r n O n a t t O k	native
বর্ননানুজায়ি	b o r o n o n a n u j a y i	native
বর্ননামতে	b o r n o n a m o t e	native
বর্ননামুলক	b o r n O n a m u l O k	native
বর্ননার	b o r n O n a r	native
বর্ননায়	b o r n o n a y	native
বর্ননির্বিশেশে	b o r n O n i r b i sh e sh e	compound
বর্নবইশম্য	b o r n O b O i sh O m m O	native
বর্নবইশম্যের	b o r n O b O i sh o m m e r	native
বর্নবাদ	b o r n O b a d	native
বর্নবাদকে	b o r n o b a d k e	native
বর্নবাদবিরোধি	b o r n O b a d b i r O dh i	compound
বর্নবাদি	b o r n O b a d i	native
বর্নবাদের	b o r n O b a d e r	native
বর্নবোইশম্য	b o r n o b O i sh o m m o	native
বর্নবোইশম্যের	b o r n o b O i sh o m m e r	compound
বর্নভিত্তিক	b o r n o bh i tt i k	native
বর্নমালা	b o r n O m a l a	native
বর্নমালার	b o r n O m a l a r	native
বর্নমালায়	b o r n o m a l a y	native
বর্নমেলা	b o r n o m e l a	native
বর্নমেলার	b o r n o m e l a r	native
বর্নমেলায়	b o r n o m e l a y	native
বর্নশুমারি	b o r n o sh u m a r i	native
বর্নসহ	b o r n o sh o h O	native
বর্নহিন	b o r n O h i n	native
বর্নাঢ্য	b o r n a D Dh O	native
বর্নানুক্রমে	b o r n a n u kr O m e	native
বর্নালি	b o r n a l i	native
বর্নি	b o r n i	native
বর্নিক	b O r n i k	native
বর্নিকা	b O r n i k a	native
বর্নিত	b o r n o t o	native
বর্নিনি	b O r n i n i	native
বর্নিল	b o r n i l	native
বর্নে	b o r n e	native
বর্নের	b o r n e r	native
বর্ফান	b o r ph a n	native
বর্ব	b o r b O	native
বর্বটি	b o r b O T i	native
বর্বনা	b o r b o n a	native
বর্বরতম	b o r b o r O t o m O	native
বর্বরতা	b o r b o r O t a	native
বর্বরতাকে	b o r b o r o t a k e	native
বর্বরতাকেও	b o r b o r o t a k e O	native
বর্বরতার	b o r b o r O t a r	native
বর্বরভাবে	b o r b o r o bh a b e	native
বর্বরের	b o r b o r e r	native
বর্বরোচিত	b o r b o r o ch i t o	native
বর্মন	b o r m O n	native
বর্মনের	b o r m O n e r	native
বর্মার	b o r m a r	native
বর্মি	b o r m i	native
বর্মে	b o r m e	native
বর্য	b o r j O	native
বর্শা	b o r sh a	native
বর্ষ	b o r sh O	tatsama
বর্ষজিবি	b o r sh O j i b i	tatsama
বর্ষটি	b o r sh o T i	tatsama
বর্ষন	b o r sh O n	tatsama
বর্ষনমুখর	b o r sh o n m u kh o r	tatsama
বর্ষনের	b o r sh O n e r	tatsama
বর্ষপঞ্জি	b o r sh O p O nj i	tatsama
বর্ষপঞ্জির	b o r sh O p O nj i r	tatsama
বর্ষপুর্তি	b o r sh o p u r t i	tatsama
বর্ষপুর্তিতে	b o r sh o p u r t i t e	tatsama
বর্ষপুর্তির	b o r sh o p u r t i r	tatsama
বর্ষবরন	b o r sh o b o r o n	tatsama
বর্ষবরনে	b o r sh O b o r O n e	tatsama
বর্ষবরনের	b o r sh o b o r o n e r	tatsama
বর্ষবিদায়	b o r sh o b i d a y	tatsama
বর্ষশেশ	b o r sh o sh e sh	tatsama
বর্ষসেরা	b o r sh O sh e r a	tatsama
বর্ষসেরার	b o r sh O sh e r a r	tatsama
বর্ষা	b o r sh a	tatsama
বর্ষাই	b o r sh a i	tatsama
বর্ষাকাল	b o r sh a k a l	tatsama
বর্ষাকালটা	b o r sh a k a l T a	tatsama
বর্ষাকালিন	b o r sh a k a l i n	tatsama
বর্ষাকালে	b o r sh a k a l e	tatsama
বর্ষাকালের	b o r sh a k a l e r	tatsama
বর্ষাকে	b o r sh a k e	tatsama
বর্ষাতি	b o r sh a t i	tatsama
বর্ষার	b o r sh a r	tatsama
বর্ষারন্য	b o r sh a r o n n o	tatsama
বর্ষায়	b o r sh a y	tatsama
বর্ষায়ও	b o r sh a y O	tatsama
বর্ষিশ্ঠ	b O r sh i sh T O	tatsama
বর্ষিয়ান	b O r sh i y a n	tatsama
বর্ষুক	b O r sh u k	tatsama
বর্ষে	b o r sh e	tatsama
বর্ষেই	b o r sh e i	tatsama
বর্ষেও	b o r sh e O	tatsama
বর্ষোপল	b o r sh O p o l	tatsama
বর্হ	b o r h O	native
বরড়া	b o r O r a	native
বলই	b o l i	native
বলও	b o l O	native
বলওয়া	b o l O y a	native
বলক	b o l O k	native
বলকান	b o l k a n	native
বলকে	b o l k e	native
বলকেই	b o l k e i	native
বলক্ষ	b o l O kkh O	tatsama
বলগর্বিত	b o l g o r b i t o	native
বলগেট	b o l g e T	native
বলছিল	b O l chh i l O	native
বলছিলে	b o l chh i l e	native
বলছিলো	b O l chh i l O	native
বলছিস	b o l chh i sh	native
বলছেন	b O l chh e n	native
বলজয়ি	b o l j o y i	native
বলটা	b o l T a	native
বলটাই	b o l T a i	native
বলটাও	b o l T a O	native
বলটাতে	b o l T a t e	native
বলটার	b o l T a r	native
বলটায়	b o l T a y	native
বলটি	b o l T i	native
বলটিই	b o l T i i	native
বলটিও	b o l T i O	native
বলটিতে	b o l T i t e	native
বলটু	b o l T u	native
বলত	b O l t O	native
বলতাছে	b o l t a chh e	native
বলতি	b o l t i	native
বলতেই	b O l t e i	native
বলতেও	b O l t e O	native
বলতো	b O l t O	native
বলদা	b o l d a	native
বলদের	b o l d e r	native
বলন	b o l O n	native
বলনি	b o l o n i	native
বলনিসুদন	b o l n i sh u d o n	native
বলনে	b o l O n e	native
বলপুর্বক	b o l p u r b o k	native
বলপেন	b o l p e n	native
বলপেনের	b o l p e n e r	native
বলপ্রয়োগ	b o l pr o y O g	native
বলপ্রয়োগই	b o l pr o y O g i	native
বলপ্রয়োগে	b o l pr o y O g e	native
বলপ্রয়োগের	b o l pr o y O g e r	native
বলপয়েন্ট	b o l p o y e n T	loanword
বলফিল	b o l ph i l	native
বলবত্	b o l o b o t	native
বলবা	b O l b a	native
বলবান	b o l O b a n	native
বলবার	b O l b a r	native
বলবি	b O l b i	native
বলবিদ্যা	b O l b i d d a	native
বলবেই	b O l b e i	native
বলবেও	b o l b e O	native
বলবেজোগ্য	b o l b e j O g g o	native
বলবেনই	b o l b e n i	native
বলবো	b O l b O	native
বলবৎ	b o l b O t	native
বলবৎজোগ্য	b o l j O g g o	native
বলবয়	b o l b o y	native
বলরাম	b o l O r a m	native
বলরামপুর	b o l r a m p u r	native
বলরামের	b o l O r a m e r	native
বলরুম	b o l r u m	native
বলরুমে	b o l r u m e	native
বললা	b o l l a	native
বললি	b O l l i	native
বললে	b O l l e	native
বললেই	b O l l e i	native
বললেও	b O l l e O	native
বললেন	b O l l e n	native
বললেনও	b o l l e n O	native
বলশালি	b o l sh a l i	native
বলশেভিক	b o l sh e bh i k	native
বলস	b o l s	native
বলসঞ্চালন	b o l sh o nch a l o n	tatsama
বলসেভিক	b o l sh e bh i k	native
বলস্থিতি	b o l O sth i t i	native
বলহিন	b o l h i n	native
বলাই	b o l a i	native
বলাও	b o l a O	native
বলাক	b o l a k	native
বলাকার	b o l a k a r	native
বলাকায়	b o l a k a y	native
বলাকি	b o l a k i	native
বলাট	b o l a T	native
বলাটাই	b o l a T a i	native
বলাটাও	b o l a T a O	native
বলাতে	b o l a t e	native
বলাধান	b o l a dh a n	native
বলাধিক্য	b o l a dh i k k O	native
বলাধ্যক্ষ	b o l a d dh O kkh O	tatsama
বলান	b o l a n	native
বলানুজ	b o l a n u j	native
বলানো	b o l a n O	native
বলানোর	b o l a n O r	native
বলান্বিত	b o l a n n i t O	native
বলাবল	b o l a b o l	native
বলাবলি	b o l a b O l i	native
বলাবলেপ	b o l a b o l e p	native
বলার	b o l a r	native
বলারও	b o l a r O	native
বলাহক	b O l a h o k	native
বলায়	b o l a y	native
বলি	b o l i	native
বলিংগার	b o l i ng g a r	native
বলিইনি	b o l i i n i	native
বলিউডকে	b o l i u D k e	native
বলিউডবাসির	b o l i u D b a sh i r	loanword
বলিউডি	b o l i u D i	native
বলিউডে	b o l i u D e	native
বলিউডেও	b o l i u D e O	native
বলিউডের	b o l i u D e r	native
বলিও	b O l i O	native
বলিক	b O l i k	native
বলিখেলা	b o l i kh e l a	native
বলিখেলার	b o l i kh e l a r	native
বলিখেলায়	b o l i kh e l a y	native
বলিঞ্জার	b o l i nj a r	tatsama
বলিঞ্জারের	b o l i nj a r e r	tatsama
বলিত	b O l i t O	native
বলিতে	b O l i t e	native
বলিতেছি	b O l i t e chh i	native
বলিতেছে	b O l i t e sh e	native
বলিতেছেন	b O l i t e chh e n	native
বলিদান	b O l i d a n	native
বলিনি	b O l i n i	native
বলিন্দ্র	b O l i ndr O	native
বলিপাড়া	b o l i p a r a	native
বলিব	b O l i b O	native
বলিবর্দ	b o l O b i r d O	native
বলিবার	b O l i b a r	native
বলিভার	b o l i bh a r	native
বলিভারের	b o l i bh a r e r	native
বলিভিয়া	b o l i bh i y a	native
বলিভিয়ান	b o l i bh i y a n	native
বলিভিয়ায়	b o l i bh i y a y	native
বলির	b O l i r	native
বলিরেখা	b O l i r e kh a	native
বলিল	b O l i l O	native
বলিলাম	b O l i l a m	native
বলিলে	b O l i l e	native
বলিলেই	b O l i l e i	native
বলিলেন	b O l i l e n	native
বলিশ্ঠ	b o l i sh Th o	native
বলিশ্ঠতা	b o l i sh Th o t a	native
বলিশ্ঠভাবে	b o l i sh Th o bh a b e	native
বলিস	b O l i sh	native
বলিসনে	b o l i sh n e	native
বলিহারি	b O l i h a r i	native
বলিয়া	b o l i y a	native
বলিয়ান	b o l i y a n	native
বলিয়ারপুর	b o l i y a r p u r	native
বলিয়ারপুরে	b o l i y a r p u r e r	native
বলিয়ে	b o l i y e	native
বলুন	b O l u n	native
বলে	b o l e	native
বলেই	b O l e i	native
বলেও	b O l e O	native
বলেওজানান	b O l e O j a n a n	native
বলেওনি	b o l e O n i	native
বলেকয়ে	b o l e k o y e	native
বলেগা	b o l e g a	native
বলেছ	b O l e chh O	native
বলেছিও	b o l e chh i O	native
বলেছিলাম	b O l e chh i l a m	native
বলেছিলে	b O l e chh i l e	native
বলেছিলো	b O l e chh i l O	native
বলেছিস	b o l e chh i sh	native
বলেছেন	b O l e chh e n	native
বলেছেনই	b o l e chh e n i	native
বলেজানান	b O l e j a n a n	native
বলেন	b o l e n	native
বলেনওনি	b o l e n O n i	native
বলেননি	b o l e n n i	native
বলেনি	b o l e n i	native
বলেমনে	b o l e m o n e	native
বলের	b o l e r	native
বলোউকা	b o l O u k a	native
বলোনি	b o l O n i	native
বল্ক	b o l k	native
বল্গ	b o l g o	native
বল্গাহিন	b o l g a h i n	native
বল্গাহিনভাবে	b o l g a h i n bh a b e	native
বল্টি	b o l T i	native
বল্টু	b O l T u	native
বল্য	b O l l O	native
বল্লকি	b o l l O k i	native
বল্লব	b o l l o b	native
বল্লভ	b o l l o bh	native
বল্লভপুর	b o l l o bh p u r	native
বল্লম	b o l l O m	native
বল্লমসহ	b o l l o m sh o h O	native
বল্লমের	b o l l o m e r	native
বল্লরি	b o l l o r i	native
বল্লা	b o l l a	native
বল্লাল	b o l l a l	native
বল্লালি	b o l l a l i	native
বল্লি	b o l l i	native
বল্লুকা	b O l l u k a	native
বলৎকার	b o l o t k a r	native
বলয়	b o l o y	native
বলয়গ্রাস	b o l o y gr a sh	native
বলয়গ্রাসের	b o l o y gr a sh e r	native
বলয়টি	b o l o y T i	native
বলয়ে	b o l o y e	native
বলয়ের	b o l o y e r	native
বশট্	b o sh O T	native
বশত	b o sh t O	native
বশতঃ	b o sh t o	tatsama
বশতা	b o sh t a	native
বশবর্তি	b o sh o b o r t i	native
বশর	b o sh O r	native
বশরি	b o sh r i	native
বশারত	b o sh a r o t	native
বশি	b O sh i	native
বশিকপুর	b O sh i k p u r	native
বশিকরন	b o sh i k o r o n	native
বশিভুত	b o sh i bh u t o	native
বশির	b o sh i r	native
বশিরউদ্দিন	b o sh i r u d d i n	native
বশিরউল্লাহ	b o sh i r u l l a h	native
বশিরকে	b O sh i r k e	native
বশিরহাট	b o sh i r h a T	native
বশিরুল	b o sh i r u l	native
বশিরুল্লাহ	b o sh i r u l l a h	native
বশিরের	b O sh i r e r	native
বশে	b o sh e	native
বশেই	b O sh e i	native
বশেও	b o sh e O	native
বশ্য	b O sh sh O	native
বশ্যতা	b o sh sh O t a	native
বস	b o sh O	native
বসংকুল	b o sh o ng k u l	native
বসওয়ার্থ	b o s O y a r th	proper_noun
বসকে	b o sh k e	native
বসছি	b o sh chh i	native
বসছে	b O sh chh e	native
বসছেন	b O sh chh e n	native
বসটক	b o sh T o k	native
বসটকও	b o sh T o k O	native
বসতকার	b o sh o t k a r	native
বসতকারিদের	b o sh o t k a r i d e r	native
বসতঘর	b o sh O t gh o r	native
বসতঘরসহ	b o sh o t gh o r sh o h O	native
বসতপুর	b o sh o t p u r	native
বসতবাটি	b o sh o t b a T i	native
বসতবাড়ি	b o sh o t b a r i	native
বসতবাড়িও	b o sh o t b a r i O	native
বসতবাড়িটি	b o sh o t b a r i T i	native
বসতবাড়িতে	b o sh o t b a r i t e	native
বসতবাড়ির	b o sh o t b a r i r	native
বসতবাড়িসহ	b o sh o t b a r i sh o h O	native
বসতভিটা	b o sh O t bh i T a	native
বসতভিটাও	b o sh o t bh i T a O	native
বসতভিটার	b o sh o t bh i T a r	native
বসতভিটাসহ	b o sh o t bh i T a sh o h O	native
বসতভিটায়	b o sh o t bh i T a y	native
বসতভিটে	b o sh o t bh i T e	native
বসতাম	b O sh t a m	native
বসতিগুলোতে	b o sh t i g u l O t e	native
বসতিতে	b o sh O t i t e	native
বসতিপুর্ন	b o sh o t i p u r n o	native
বসতির	b o sh O t i r	native
বসতে	b O sh t e	native
বসতেই	b O sh t e i	native
বসতেও	b O sh t e O	native
বসতেন	b O sh t e n	native
বসদের	b o sh d e r	native
বসন	b o sh O n	native
বসনিয়	b o s n i y	proper_noun
বসনিয়া	b O s n i a	proper_noun
বসনিয়ান	b o s n i y a n	proper_noun
বসনিয়ার	b O s n i a r	proper_noun
বসনিয়ায়	b o s n i y a y	proper_noun
বসনে	b o sh O n e	native
বসন্ত	b o sh O nt O	native
বসন্তকাল	b o sh O nt O k a l	native
বসন্তকালিন	b o sh o nt o k a l i n	native
বসন্তকালের	b o sh O nt O k a l e r	native
বসন্তবরন	b o sh O nt O b o r O n	native
বসন্তবরনের	b o sh O nt O b o r O n e r	native
বসন্তমুক্ত	b o sh o nt o m u kt o	native
বসন্তি	b o sh O nt i	native
বসন্তেই	b o sh O nt e i	native
বসন্তের	b o sh O nt e r	native
বসন্তোৎসব	b o sh o nt O t sh o b	native
বসব	b O sh b O	native
বসবার	b O sh b a r	native
বসবাস	b o sh O b a sh	loanword
বসবাসও	b o sh o b a sh O	loanword
বসবাসকারি	b o sh o b a sh k a r i	loanword
বসবাসকারিদের	b o sh o b a sh k a r i d e r	loanword
বসবাসকারিরা	b o sh o b a sh k a r i r a	loanword
বসবাসজোগ্য	b o sh O b a sh j O g g O	loanword
বসবাসরত	b o sh O b a sh r o t O	loanword
বসবাসে	b o sh o b a sh e	loanword
বসবে	b O sh b e	native
বসবো	b O sh b O	native
বসরাই	b o sh r a i	native
বসলাম	b O sh l a m	native
বসলে	b O sh l e	native
বসলেই	b O sh l e i	native
বসলেও	b O sh l e O	native
বসলেন	b O sh l e n	native
বসাই	b o sh a i	native
বসাও	b o sh a O	native
বসাক	b o sh a k	native
বসাকে	b o sh a k e	native
বসাকের	b o sh a k e r	native
বসাচ্ছে	b o sh a ch chh e	native
বসাচ্ছেন	b o sh a ch chh e n	native
বসাতে	b o sh a t e	native
বসাতেন	b o sh a t e n	native
বসান	b o sh a n	native
বসানো	b o sh a n O	native
বসানোই	b o sh a n O i	native
বসানোর	b o sh a n O r	native
বসানোরও	b o sh a n O r O	native
বসানোয়	b o sh a n O y	native
বসাব	b o sh a b o	native
বসাবেন	b o sh a b e n	native
বসার	b o sh a r	native
বসারও	b o sh a r O	native
বসাল	b o sh a l o	native
বসালে	b o sh a l e	native
বসালেও	b o sh a l e O	native
বসালেন	b o sh a l e n	native
বসি	b O sh i	native
বসিধ	b o sh i dh	native
বসিনি	b O sh i n i	native
বসির	b O sh i r	native
বসিরহাট	b o sh i r h a T	native
বসিরহাটে	b o sh i r h a T e	native
বসিল	b O sh i l O	native
বসিলা	b O sh i l a	native
বসিয়া	b o sh i y a	native
বসিয়ে	b o sh i y e	native
বসিয়েও	b o sh i y e O	native
বসিয়েছি	b o sh i y e chh i	native
বসিয়েছিল	b o sh i y e chh i l o	native
বসিয়েছিলেন	b o sh i y e chh i l e n	native
বসিয়েছে	b o sh i y e chh e	native
বসিয়েছেন	b o sh i y e chh e n	native
বসুই	b o sh u i	native
বসুও	b o sh u O	native
বসুক	b o sh u k	native
বসুকে	b O sh u k e	native
বসুদেব	b o sh u d e b	native
বসুদেবের	b o sh u d e b e r	native
বসুদের	b o sh u d e r	native
বসুধা	b O sh u dh a	native
বসুন	b O sh u n	native
বসুনিয়া	b o sh u n e y a	native
বসুন্ধরা	b O sh u ndh o r a	tatsama
বসুন্ধরাকে	b o sh u ndh o r a k e	tatsama
বসুন্ধরার	b O sh u ndh o r a r	tatsama
বসুপাড়া	b o sh u p a r a	native
বসুমতি	b o sh u m o t i	native
বসুর	b O sh u r	native
বসুরহাট	b O sh u r h a T	native
বসুসহ	b o sh u sh o h O	native
বসে	b O sh e	native
বসেই	b O sh e i	native
বসেও	b O sh e O	native
বসেছি	b O sh e chh i	native
বসেছিল	b O sh e chh i l O	native
বসেছিলাম	b O sh e chh i l a m	native
বসেছিলেন	b O sh e chh i l e n	native
বসেছে	b O sh e chh e	native
বসেছেন	b O sh e chh e n	native
বসেন	b o sh e n	native
বসেননি	b o sh e n n i	native
বসেনি	b o sh e n i	native
বসের	b o sh e r	native
বসো	b o sh O	native
বস্ক	b o s k	loanword
বস্কও	b o s k O	loanword
বস্ককে	b o s k k e	loanword
বস্কের	b o s k k e r	loanword
বস্কো	b o s k O	loanword
বস্টন	b o s T o n	loanword
বস্তব্য	b o st O b b O	native
বস্তা	b o st a	native
বস্তাগুলো	b o st a g u l O	native
বস্তান	b o st a n	native
বস্তাপচা	b o st a p o ch a	native
বস্তাপ্রতি	b o st a pr O t i	native
বস্তাবন্দি	b o st a b o nd i	native
বস্তার	b o st a r	native
বস্তায়	b o st a y	native
বস্তিই	b o st i i	native
বস্তিগুলো	b o st i g u l O	native
বস্তিগুলোতে	b O st i g u l O t e	native
বস্তিঘর	b O st i gh o r	native
বস্তিঘরে	b o st i gh o r e	native
বস্তিঘরের	b o st i gh o r e r	native
বস্তিতে	b O st i t e	native
বস্তিতেই	b o st i t e i	native
বস্তিবাসি	b O st i b a sh i	loanword
বস্তিবাসিকে	b o st i b a sh i k e	loanword
বস্তিবাসিদের	b O st i b a sh i d e r	loanword
বস্তিবাসির	b O st i b a sh i r	loanword
বস্তিবাসিরা	b O st i b a sh i r a	loanword
বস্তির	b O st i r	native
বস্তিসহ	b o st i sh o h O	native
বস্তু	b O st u	native
বস্তুই	b O st u i	native
বস্তুকনা	b o st u k o n a	native
বস্তুকনার	b o st u k o n a r	native
বস্তুকে	b O st u k e	native
বস্তুগুলো	b O st u g u l O	native
বস্তুটির	b O st u T i r	native
বস্তুত	b O st u t O	native
বস্তুতপক্ষে	b O st u t O p O kkh e	tatsama
বস্তুতে	b O st u t e	native
বস্তুনিশ্ঠ	b O st u n i sh Th o	native
বস্তুনিশ্ঠতা	b O st u n i sh Th O t a	native
বস্তুনিশ্ঠতার	b o st u n i sh Th o t a r	compound
বস্তুনিশ্ঠভাবে	b o st u n i sh Th o bh a b e	compound
বস্তুবাদি	b O st u b a d i	native
বস্তুবাদের	b o st u b a d e r	native
বস্ত্র	b o s t r O	native
বস্ত্রকলের	b o s t r O k o l e r	native
বস্ত্রখাতের	b o s t r O kh a t e r	native
বস্ত্রদান	b o s t r O d a n	native
বস্ত্রপন্য	b o s t r O p o n n o	native
বস্ত্রপন্যের	b o s t r O p o n n e r	native
বস্ত্রমন্ত্রি	b o st r O m o nt ri	compound
বস্ত্রশিল্পে	b o s t r O sh i l p e	native
বস্ত্রশিল্পের	b o s t r O sh i l p e r	compound
বস্ত্রহরন	b o s t r O h o r O n	native
বস্ত্রহিন	b o s t r O h i n	native
বস্ত্রাদি	b o s t r a d i	native
বস্ত্রালয়	b o s t r a l o y	native
বস্ত্রালয়ের	b o s t r a l o y e r	native
বস্ত্রের	b o s t r e r	native
বসয়	b o sh o y	native
বহ	b o h O	native
বহই	b o h o i	native
বহত	b o h o t o	native
বহতা	b o h O t a	native
বহদ্দারহাটে	b o h o d d a r h a T e	native
বহদ্দারহাটের	b o h o d d a r h a T e r	native
বহনও	b o h o n O	native
বহনকারি	b o h O n k a r i	native
বহনকালে	b o h o n k a l e	native
বহনজোগ্য	b o h O n j O g g O	native
বহনের	b o h O n e r	native
বহমান	b o h O m a n	native
বহরটি	b o h o r T i	native
বহরপুর	b o h o r p u r	native
বহরমপুর	b o h r O m p u r	native
বহরমপুরের	b o h o r o m p u r e r	native
বহরি	b o h O r i	native
বহরের	b o h O r e r	native
বহল	b o h o l o	native
বহলা	b o h o l a	native
বহলার	b o h o l a r	native
বহলায়	b o h o l a y	native
বহলি	b o h o l i	native
বহা	b o h a	native
বহাল	b o h a l	native
বহালই	b o h a l i	native
বহালতবিয়তে	b o h a l o t b i y t e	native
বহালের	b o h a l e r	native
বহি	b O h i	native
বহিঃ	b O h i h	tatsama
বহিঃপরিক্ষক	b o h i p o r i kkh o k	tatsama
বহিঃপ্রকাশ	b O h i pr O k a sh	tatsama
বহিঃপ্রকাশই	b o h i pr o k a sh i	tatsama
বহিঃপ্রকাশে	b o h i pr o k a sh e	tatsama
বহিঃপ্রকাশের	b o h i pr o k a sh e r	tatsama
বহিঃপ্রচার	b o h i pr o ch a r	tatsama
বহিঃশক্তির	b o h i sh o kt i r	tatsama
বহিঃশত্রুর	b o h i sh o tr u r	tatsama
বহিঃসমর্পন	b o h i sh o m o r p o n	tatsama
বহিঃসমর্পনজোগ্য	b o h i sh o m o r p o n j O g g o	tatsama
বহিঃস্থ	b o h i sth o	tatsama
বহিত্র	b O h i tr O	native
বহিন	b O h i n	native
বহিপির	b O h i p i r	native
বহিরংগ	b O h i r o ng g O	native
বহিরাগত	b O h i r a g o t O	native
বহিরাগতকে	b o h i r a g o t o k e	native
বহিরাগতরা	b O h i r a g o t O r a	native
বহিরাবরন	b O h i r a b O r o n	native
বহিরিন্দ্রিয়	b O h i r i ndr i y O	native
বহির্গত	b O h i r g o t O	native
বহির্গমন	b O h i r g o m O n	native
বহির্গমনের	b o h i r g o m o n e r	native
বহির্জগৎ	b O h i r j o g O t	native
বহির্দেশ	b O h i r d e sh	native
বহির্দ্বার	b O h i r d a r	native
বহির্নোংর	b o h i r n O ng g o r	native
বহির্নোংরে	b o h i r n O ng g o r e	native
বহির্নোংরের	b o h i r n O ng g o r e r	native
বহির্প্রকাশ	b o h i pr o k a sh	native
বহির্বাটি	b O h i r b a T i	native
বহির্বানিজ্য	b O h i r b a n i j j O	native
বহির্বানিজ্যের	b o h i r b a n i j j e r	compound
বহির্বাস	b O h i r b a sh	loanword
বহির্বিভাগে	b O h i r b i bh a g e	native
বহির্বিভাগেও	b o h i r b i bh a g e O	native
বহির্বিভাগের	b O h i r b i bh a g e r	native
বহির্বিশ্বকে	b o h i r b i sh sh o k e	tatsama
বহির্বিশ্বেও	b o h i r b i sh sh e O	tatsama
বহির্বিশ্বের	b O h i r b i sh sh e r	tatsama
বহির্ভাগ	b O h i r bh a g	native
বহির্ভাগে	b o h i r bh a g e	native
বহির্ভুত	b O h i r bh u t O	native
বহির্ভুতভাবে	b o h i r bh u t o bh a b e	native
বহির্মুখ	b O h i r m u kh	native
বহির্মুখি	b O h i r m u kh i	native
বহিশ্কান্ত	b O h i sh k r a nt O	native
বহিশ্কার	b O h i sh k a r	native
বহিশ্কারই	b o h i sh k a r i	native
বহিশ্কারও	b o h i sh k a r O	native
বহিশ্কারসহ	b o h i sh k a r sh o h O	native
বহিশ্কারাদেশ	b O h i sh k a r a d e sh	native
বহিশ্কারাদেশে	b o h i sh k a r a d e sh e	compound
বহিশ্কারাদেশের	b o h i sh k a r a d e sh e r	compound
বহিশ্কারের	b O h i sh k a r e r	native
বহিশ্কৃত	b o h i sh k ri t O	tatsama
বহিশ্কৃতরা	b o h i sh k ri t o r a	tatsama
বহিশ্চর	b O h i sh ch o r	native
বহিস্কার	b O h i s k a r	loanword
বহিস্কৃত	b o h i s k ri t o	tatsama
বহিস্থ	b o h i sth o	native
বহিয়া	b o h i y a	native
বহুকাংক্ষিত	b o h u k a ng kh i t o	tatsama
বহুকাল	b O h u k a l	native
বহুকালের	b O h u k a l e r	native
বহুকোশি	b O h u k O sh i	native
বহুক্ষন	b O h u kkh o n	tatsama
বহুগামি	b O h u g a m i	native
বহুগুন	b O h u g u n	native
বহুগুনে	b O h u g u n e	native
বহুজন	b o h u j o n	native
বহুজনের	b O h u j o n e r	native
বহুজাতিক	b O h u j a t i k	native
বহুত	b o h u t	native
বহুতলবিশিশ্ট	b O h u t o l b i sh i sh T O	native
বহুতি	b o h u t i	native
বহুতির	b o h u t i r	native
বহুত্ববাদ	b o h u tt o b a d	tatsama
বহুত্ববাদি	b O h u tt O b a d i	tatsama
বহুত্ববাদের	b o h u tt o b a d e r	tatsama
বহুদলিয়	b o h u d o l i y	native
বহুদিনের	b O h u d i n e r	native
বহুদুর	b O h u d u r	native
বহুদুরে	b O h u d u r e	native
বহুধা	b o h u dh a	native
বহুধাপ	b o h u dh a p	native
বহুধাবিভক্ত	b o h u dh a b i bh o kt o	native
বহুপক্ষিয়	b o h u p o kkh i y	tatsama
বহুপাক্ষিক	b O h u p a kkh i k	tatsama
বহুপ্রতিক্ষিত	b O h u pr O t i kkh i t O	tatsama
বহুফসলি	b o h u ph o sh o l i	native
বহুবচন	b O h u b o ch O n	native
বহুবার	b O h u b a r	native
বহুবারই	b O h u b a r i	native
বহুবিবাহ	b O h u b i b a h O	native
বহুবিবাহের	b O h u b i b a h e r	native
বহুব্রিহি	b O h u br i h i	native
বহুভাবে	b O h u bh a b e	native
বহুভাশাবিদ	b O h u bh a sh a b i d	native
বহুভাশি	b o h u bh a sh i	native
বহুমাত্রিক	b O h u m a tr i k	native
বহুমাত্রিকতা	b O h u m a tr i k o t a	native
বহুমুখি	b O h u m u kh i	native
বহুমুখিকরন	b O h u m u kh i k o r O n	native
বহুমুখিকরনে	b o h u m u kh i k o r o n e	native
বহুমুখিকরনের	b o h u m u kh i k o r o n e r	native
বহুমুখিতার	b o h u m u kh i t a r	native
বহুমুত্র	b O h u m u tr O	native
বহুমুল্য	b O h u m u l l O	native
বহুরুপি	b O h u r u p i	native
বহুরুপে	b o h u r u p e	native
বহুল	b O h u l	native
বহুলভাবে	b O h u l bh a b e	native
বহুলাংশে	b O h u l a ng sh e	native
বহুলাংশেই	b o h u l a ng sh e i	native
বহুলালোচিত	b o h u l a l O ch i t o	native
বহুলিকরন	b O h u l i k o r o n	native
বহুসংখ্যক	b O h u sh o ng kh O k	native
বহুস্তর	b o h u st o r	native
বহুস্তরবিশিশ্ট	b o h u st o r b i sh i sh T o	compound
বহে	b o h e	native
বহেড়া	b o h e r a	native
বহেড়াতোইল	b o h e r a t O i l o	native
বহ্নি	b O n h i	native
বহ্নিশিখা	b O n h i sh i kh a	native
বহ্বারম্ভ	b o O bh a r o m bh O	native
বহ্বাশি	b o O bh a sh i	native
বহ্বাস্ফোট	b o O bh a sh ph O T O	loanword
বহ্বাড়ম্বর	b o O bh a r o mb o r	native
বহয়ে	b o h o y e	native
বা	b a	native
বাংকারগুলো	b a ng k a r g u l O	native
বাংকারে	b a ng k a r e	native
বাংকারের	b a ng k a r e r	native
বাংগাল	b a ng g a l o	native
বাংগালি	b a ng g a l i	native
বাংগালিও	b a ng g a l i O	native
বাংগালিকে	b a ng g a l i k e	native
বাংগালিত্ব	b a ng g a l i tt O	tatsama
বাংগালিত্বের	b a ng g a l i tt e r	tatsama
বাংগালির	b a ng g a l i r	native
বাংগালিরা	b a ng g a l i r a	native
বাংগালিরাই	b a ng g a l i r a i	native
বাংগালিরাও	b a ng g a l i r a O	native
বাংগি	b a ng g i	native
বাংগির	b a ng g i r	native
বাংগুরা	b a ng g u r a	native
বাংগুরায়	b a ng g u r a y	native
বাংনিশ্ঠ	b a ng n i sh Th O	native
বাংনিশ্পত্তি	b a ng n i sh p O tt i	native
বাংমাত্র	b a ng m a tr o	native
বাংমুখ	b a ng m u kh	native
বাংময়	b a ng m o y	native
বাংলদেশে	b a ng l a d e sh e	native
বাংলাই	b a ng l a i	native
বাংলাও	b a ng l a O	native
বাংলাওয়াশ	b a ng l a O y a sh	native
বাংলাকে	b a ng l a k e	native
বাংলাক্রাফটের	b a ng l a kr a ph T e r	compound
বাংলাক্রাফেটর	b a ng l a kr a ph e T o r	compound
বাংলাজুড়ে	b a ng l a j u r e	native
বাংলাটা	b a ng l a T a	native
বাংলাটিমের	b a ng l a T i m e r	native
বাংলাতে	b a ng l a t e	native
বাংলাতেই	b a ng l a t e i	native
বাংলাতেও	b a ng l a t e O	native
বাংলাদশে	b a ng l a d o sh e	native
বাংলাদেশ-ইংল্যান্ড	b a ng l a d e sh i ng l A n D	compound
বাংলাদেশ-কানাডা	b a ng l a d e sh k a n a D a	compound
বাংলাদেশই	b a ng l a d e sh i	native
বাংলাদেশও	b a ng l a d e sh O	native
বাংলাদেশকেই	b a ng l a d e sh k e i	native
বাংলাদেশকেও	b a ng l a d e sh k e O	native
বাংলাদেশজুড়ে	b a ng l a d e sh j u r e	native
বাংলাদেশটা	b a ng l a d e sh T a	native
বাংলাদেশটাকে	b a ng l a d e sh T a k e	native
বাংলাদেশবিরোধি	b a ng l a d e sh b i r O dh i	compound
বাংলাদেশবিশয়ক	b a ng l a d e sh b i sh o y o k	compound
বাংলাদেশমায়ানমার	b a ng l a d e sh m a i a n m a r	compound
বাংলাদেশমুখি	b a ng l a d e sh m u kh i	native
বাংলাদেশর	b a ng l a d e sh o r	native
বাংলাদেশসংক্রান্ত	b a ng l a d e sh sh o ng kr a nt o	compound
বাংলাদেশসহ	b a ng l a d e sh sh o h O	native
বাংলাদেশি	b a ng l a d e sh i	native
বাংলাদেশি-ভারতিয়	b a ng l a d e sh i bh a r O t i O	compound
বাংলাদেশিই	b a ng l a d e sh i i	native
বাংলাদেশিও	b a ng l a d e sh i O	native
বাংলাদেশিকে	b a ng l a d e sh i k e	native
বাংলাদেশিদের	b a ng l a d e sh i d e r	native
বাংলাদেশির	b a ng l a d e sh i r	native
বাংলাদেশিরা	b a ng l a d e sh i r a	native
বাংলাদেশিরাই	b a ng l a d e sh i r a i	native
বাংলাদেশিরাও	b a ng l a d e sh i r a O	native
বাংলাদেশিসহ	b a ng l a d e sh i sh o h O	native
বাংলাদেশে	b a ng l a d e sh e	native
বাংলাদেশেই	b a ng l a d e sh e i	native
বাংলাদেশেও	b a ng l a d e sh e O	native
বাংলাদেশের	b a ng l a d e sh e r	native
বাংলাদেশেরই	b a ng l a d e sh e r i	native
বাংলাদেশেরও	b a ng l a d e sh e r O	native
বাংলানগর	b a ng l a n o g o r	native
বাংলানগরে	b a ng l a n o g O r e	native
বাংলানিউজ	b a ng l a n i u j	native
বাংলাপিডিয়া	b a ng l a p i D i y a	native
বাংলাপিডিয়ার	b a ng l a p i D i a r	native
বাংলাফোন	b a ng l a ph O n	loanword
বাংলাবাজার	b a ng l a b a j a r	native
বাংলাবাজারে	b a ng l a b a j a r e	native
বাংলাবাজারের	b a ng l a b a j a r e r	native
বাংলাবান্ধা	b a ng l a b a ndh a	tatsama
বাংলাবান্ধার	b a ng l a b a ndh a r	tatsama
বাংলাবান্ধায়	b a ng l a b a ndh a y	tatsama
বাংলাভাই	b a ng l a bh a i	native
বাংলাভাশা	b a ng l a bh a sh a	native
বাংলাভাশার	b a ng l a bh a sh a r	native
বাংলাভাশি	b a ng l a bh a sh i	native
বাংলাভাশিদের	b a ng l a bh a sh i d e r	native
বাংলাভাশির	b a ng l a bh a sh i r	native
বাংলাভিশন	b a ng l a bh i sh O n	native
বাংলাভিশনে	b a ng l a bh i sh o n e	native
বাংলাভিশনের	b a ng l a bh i sh o n e r	native
বাংলামটর	b a ng l a m o T O r	native
বাংলামতি	b a ng l a m O t i	native
বাংলামেইল	b a ng l a m e i l	native
বাংলামেইলকে	b a ng l a m e i l k e	native
বাংলামেইলকেও	b a ng l a m e i l k e O	native
বাংলামেইলে	b a ng l a m e i l e	native
বাংলামোটর	b a ng l a m O T O r	native
বাংলামোটরে	b a ng l a m O T O r e	native
বাংলামোটরের	b a ng l a m O T O r e r	native
বাংলার	b a ng l a r	native
বাংলালায়ন	b a ng l a l a y o n	native
বাংলালায়নের	b a ng l a l a y o n e r	native
বাংলালিংক	b a ng l a l i ng k	native
বাংলালিংকও	b a ng l a l i ng k O	native
বাংলালিংককে	b a ng l a l i ng k k e	native
বাংলালিংকে	b a ng l a l i ng k e	native
বাংলালিংকের	b a ng l a l i ng k e r	native
বাংলাসহ	b a ng l a sh o h O	native
বাংলায়	b a ng l a y o	native
বাংলায়ও	b a ng l a y O	native
বাংলায়বিনোদন	b a ng l a y b i n O d o n	native
বাংলো	b a ng l O	native
বাংলোর	b a ng l O r	native
বাংলোয়	b a ng l O y	native
বাংালি	b a ng g a l i	native
বাংালিই	b a ng g a l i i	native
বাংালিও	b a ng g a l i O	native
বাংালিকে	b a ng g a l i k e	native
বাংালিত্ব	b a ng g a l i t t o	tatsama
বাংালিত্বকে	b a ng g a l i t t o k e	tatsama
বাংালিত্বের	b a ng g a l i t t e r	tatsama
বাংালিদের	b a ng g a l i d e r	native
বাংালিদেরও	b a ng g a l i d e r O	native
বাংালিপনার	b a ng g a l i p o n a r	native
বাংালিবিদ্বেশি	b a ng g a l i b i d dh e sh i	compound
বাংালির	b a ng g a l i r	native
বাংালিরা	b a ng g a l i r a	native
বাংালিরাই	b a ng g a l i r a i	native
বাংালিরাও	b a ng g a l i r a O	native
বাংালিসহ	b a ng g a l i sh o h O	native
বাংালিয়ানা	b a ng g a l i y a n a	native
বাংালিয়ানার	b a ng g a l i y a n a r	native
বাঃ	b a h	tatsama
বাঅ	b a o	native
বাঅন	b a o n o	native
বাআদাব	b a a d a b	native
বাই	b a i	native
বাইক	b a i k	native
বাইকটি	b a i k T i	native
বাইকটিতে	b a i k T i t e	native
বাইকটির	b a i k T i r	native
বাইকার্স	b a i k a r s	loanword
বাইকিং	b a i k i ng	native
বাইকে	b a i k e	native
বাইকের	b a i k e r	native
বাইক্কা	b a i k k a	native
বাইচ	b a i ch	native
বাইচা	b a i ch a	native
বাইচালি	m o b a	native
বাইচের	b a i ch e r	native
বাইচ্চা	b a i ch ch a	native
বাইজ	b a i j	native
বাইজি	b a i j i	native
বাইজিজি	b a i j i j i	native
বাইজির	b a i j i r	native
বাইট	b a i T	native
বাইটা	b a i T a	native
বাইট্টা	b a i T T a	native
বাইডেন	b a i D e n	proper_noun
বাইডেনকে	b a i D e n k e	proper_noun
বাইডেনের	b a i D e n e r	proper_noun
বাইত	b a i t O	native
বাইতি	b a i t i	native
বাইতুন	b a i t u n	native
বাইতুর	b a i t u r	native
বাইতুল	b a i t u l	native
বাইতে	b a i t e	native
বাইদ	b a i d	native
বাইদা	b a i d a	native
বাইদান	b a i d a n	native
বাইদু	b a i d u	native
বাইদুর	b a i d u r	native
বাইন	b a i n	native
বাইনচটকি	b a i n ch o T k i	native
বাইনতলা	b a i n t o l a	native
বাইনারি	b a i n a r i	native
বাইনের	b a i n e r	native
বাইনোকুলার	b a i n O k u l a r	native
বাইন্ডার	b a i n D a r	loanword
বাইন্ডিং	b a i n D i ng	loanword
বাইন্ধা	b a i ndh a	tatsama
বাইপাইল	b a i p a i l	native
বাইপাস	b a i p a s	loanword
বাইপাসটি	b a i p a s T i	loanword
বাইপাসে	b a i p a s e	loanword
বাইপাসের	b a i p a s e r	loanword
বাইবেল	b a i b e l	native
বাইবেলে	b a i b e l e	native
বাইবেলের	b a i b e l e r	native
বাইব্যাক	b a i b A k	native
বাইব্যাকের	b a i b A k e r	native
বাইম	b a i m	native
বাইমহাটি	b a i m h a T i	native
বাইমাইল	b a i m a i l	native
বাইর	b a i r	native
বাইরাইতে	b a i r a i t e	native
বাইরেই	b a i r e i	native
বাইরেও	b a i r e O	native
বাইরের	b a i r e r	native
বাইরেরও	b a i r e r O	native
বাইল	b a i l	native
বাইলজ	b a i l o j	native
বাইলজের	b a i l o j e r	native
বাইলেন	b a i l e n	native
বাইশ	b a i sh	native
বাইশদিয়া	b a i sh d i y a	native
বাইশপুকুর	b a i sh p u k u r	native
বাইশারি	b a i sh a r i	native
বাইশে	b a i sh e	native
বাইস	b a i sh	native
বাইসনের	b a i s o n e r	loanword
বাইসাইকেল	b a i s a i k e l	loanword
বাইসাইকেলকে	b a i s a i k e l k e	loanword
বাইসাইকেলে	b a i s a i k e l e	loanword
বাইসাইকেলের	b a i s a i k e l e r	loanword
বাইয়া	b a i y a	native
বাইয়াঝিউ	b a i y a jh i u	native
বাউ	b a u	native
বাউই	b a u i	native
বাউইন	b a u i n	native
বাউকুল	b a u k u l	native
বাউকুড়ানি	b a u k u r a n i	native
বাউচার	b a u ch a r	native
বাউচারকে	b a u ch a r k e	native
বাউচারের	b a u ch a r e r	native
বাউডেন	b a u D e n	proper_noun
বাউনি	b a u n i	native
বাউনিয়া	b a u n i y a	native
বাউন্ডারি	b a u n D a r i	loanword
বাউন্ডারিও	b a u n D a r i O	loanword
বাউন্ডারিসহ	b a u n D a r i sh o h O	loanword
বাউন্ডুলে	b a u n D u l e	native
বাউন্স	b a u n s	loanword
বাউন্সও	b a u n s O	loanword
বাউন্সটা	b a u n s T a	loanword
বাউন্সার	b a u n s a r	loanword
বাউন্সারে	b a u n s a r e	loanword
বাউন্সারের	b a u n s a r e r	loanword
বাউন্সি	b a u n s i	loanword
বাউন্সে	b a u n s e	loanword
বাউন্সের	b a u n s e r	loanword
বাউফল	b a u ph o l	native
বাউফলে	b a u ph o l e	native
বাউফলের	b a u ph o l e r	native
বাউবি	b a u b i	native
বাউবির	b a u b i r	native
বাউরা	b a u r a	native
বাউল	b a u l	native
বাউলকে	b a u l k e	native
বাউলগান	b a u l g a n	native
বাউলগানের	b a u l g a n e r	native
বাউলদের	b a u l d e r	native
বাউলপ্রেমি	b a u l pr e m i	native
বাউলরা	b a u l r a	native
বাউলশিল্পি	b a u l sh i l p i	native
বাউলশিল্পির	b a u l sh i l p i r	native
বাউলশিল্পিরা	b a u l sh i l p i r a	native
বাউলসম্রাট	b a u l sh o m r a T	native
বাউলসম্রাটের	b a u l sh o m r a T e r	native
বাউলা	b a u l a	native
বাউলের	b a u l e r	native
বাউলেরা	b a u l e r a	native
বাউশা	b a u sh a	native
বাউশিয়া	b a u sh i y a	native
বাউস	b a y u sh	native
বাউসা	b a u sh a	native
বাউসিয়ায়	b a u sh i y a y	native
বাউসোনা	b a u sh O n a	native
বাও	b a O	native
বাওক	b a O k	native
বাওটা	b a O T a	native
বাওড়	b a y O r	native
বাওড়ি	b a O r i	native
বাওড়ে	b a O r e	native
বাওয়া	b a O y a	native
বাওয়ানি	b a O y a n i	native
বাওয়ার	b a O y a r	native
বাওয়ালি	b a O y a l i	native
বাওয়ালিদের	b a O y a l i d e r	native
বাওয়েন	b a O y e n	native
বাওয়ের	b a O y e r	native
বাক	b a k	native
বাকখালি	b a k kh a l i	native
বাকগুলো	b a k g u l O	native
বাকগুলোতে	b a k g u l O t e	native
বাকগুলোর	b a k g u l O r	native
বাকচাতুর্যে	b a k ch a t u r j e	native
বাকজুদ্ধ	b a k j u d dh o	tatsama
বাকপটু	b a k p o T u	native
বাকপ্রতিবন্ধি	b a k pr O t i b O ndh i	compound
বাকপ্রতিবন্ধিরাও	b a k pr o t i b o ndh i r a O	compound
বাকবদল	b a k b o d o l	native
বাকবাকুম	b a k b a k u m	native
বাকবিতন্ডা	b a k b i t o n D a	native
বাকবিতন্ডার	b a k b i t o n D a r	native
বাকরি	b a k r i	native
বাকরুদ্ধ	b a k r u d dh O	tatsama
বাকল	b a k O l	native
বাকলিয়া	b a k l i y a	native
বাকলিয়ার	b a k l i y a r	native
বাকল্যান্ড	b a k l A n D	proper_noun
বাকশক্তি	b a k sh O kt i	native
বাকশালকে	b a k sh a l k e	native
বাকশালি	b a k sh a l i	native
বাকশালে	b a k sh a l e	native
বাকশালের	b a k sh a l e r	native
বাকশিস	b a k sh i sh	native
বাকশিসের	b a k sh i sh e r	native
বাকসাস	b a k sh a sh	native
বাকস্বাধিনতা	b a k sh a dh i n o t a	tatsama
বাকস্বাধিনতার	b a k sh a dh i n o t a r	tatsama
বাকহিন	b a k h i n	native
বাকা	b a k a	native
বাকাকুড়া	b a k a k u r a	native
বাকাতে	b a k a t e	native
বাকানো	b a k a n O	native
বাকার	b a k a r	native
বাকারা	b a k a r a	native
বাকারার	b a k a r a r	native
বাকারু	b a k a r u	native
বাকারুর	b a k a r u r	native
বাকাল	b a k a l o	native
বাকিংহাম	b a k i ng h a m	native
বাকিংহামশায়ারের	b a k i ng h a m sh a y a r e r	compound
বাকিকে	b a k i k e	native
বাকিগুলো	b a k i g u l O	native
বাকিগুলোও	b a k i g u l O O	native
বাকিগুলোতে	b a k i g u l O t e	native
বাকিগুলোর	b a k i g u l O r	native
বাকিটা	b a k i T a	native
বাকিটাও	b a k i T a O	native
বাকিটুকু	b a k i T u k u	native
বাকিতে	b a k i t e	native
বাকিদের	b a k i d e r	native
বাকিদেরও	b a k i d e r O	native
বাকিবতন্ডায়	b a k i b o t o n D a y	native
বাকির	b a k i r	native
বাকিরা	b a k i r a	native
বাকিরাও	b a k i r a O	native
বাকিরের	b a k i r e r	native
বাকিয়ে	b a k i y e	native
বাকিয়েভ	b a k i y e bh	native
বাকিয়েভকে	b a k i y e bh k e	native
বাকিয়েভের	b a k i y e bh e r	native
বাকুড়া	b a k u r a	native
বাকুড়ায়	b a k u r a i	native
বাকুবা	b a k u b a	native
বাকুবার	b a k u b a r	native
বাকুরা	b a k u r a	native
বাকুশাহ	b a k u sh a h	native
বাকুয়া	b a k u y a	native
বাকৃবি	b a k r i b i	tatsama
বাকে	b a k e	native
বাকেই	b a k e i	native
বাকেট	b a k e T	loanword
বাকের	b a k e r	native
বাকেরকে	b a k e r k e	native
বাকেরগঞ্জ	b a k e r g o nj	tatsama
বাকেরগঞ্জে	b a k e r g o n j e r	tatsama
বাকেরের	b a k e r e r	native
বাকেয়া	b a k e y a	native
বাক্	b a k	native
বাক্কা	b a k k a	native
বাক্কার	b a k k a r	native
বাক্প্রতিবন্ধি	b a k p r O t i b O ndh i	compound
বাক্যই	b a k k o i	native
বাক্যও	b a k k O O	native
বাক্যকে	b a k k O k e	native
বাক্যগুলো	b a k k O g u l O	native
বাক্যগুলোর	b a k k O g u l O r	native
বাক্যটাকে	b a k k o T a k e	native
বাক্যটিতে	b a k k O T i t e	native
বাক্যটির	b a k k O T i r	native
বাক্যতত্ত্ব	b a k k O t o t t O	tatsama
বাক্যবান	b a k k O b a n	native
বাক্যবানে	b a k k O b a n e	native
বাক্যবিনিময়	b a k k o b i n i m o y	native
বাক্যবিনিময়ের	b a k k o b i n i m o y e r	compound
বাক্যব্যায়	b a k k o b A y	native
বাক্যব্যয়ে	b a k k o b A y e	native
বাক্যাংশ	b a k k a ng sh O	native
বাক্যাংশে	b a k k a ng sh e	native
বাক্যালাপ	b a k k a l a p	native
বাক্যেই	b a k k e i	native
বাক্যের	b a k k e r	native
বাক্রুদ্ধ	b a kr u d dh o	tatsama
বাক্স	b a k s O	loanword
বাক্সগুলো	b a k s o g u l O	loanword
বাক্সটা	b a k s O T a	loanword
বাক্সটি	b a k s O T i	loanword
বাক্সটির	b a k s o T i r	loanword
বাক্সপেটরা	b a k s o p e T r a	loanword
বাক্সবন্দি	b a k s o b o nd i	loanword
বাক্সসহ	b a k s o sh o h O	loanword
বাক্সের	b a k s e r	loanword
বাক্স্বাধিনতা	b a k s a dh i n o t a	tatsama
বাকড়	b a k O r	native
বাকড়ি	b a k r i	native
বাখরখানি	b a kh O r kh a n i	native
বাখরাবাদ	b a kh r a b a d	native
বাখান	b a kh a n	native
বাগআচড়া	b a g a ch r a	native
বাগইবদগ্ধ	b a g b i d o g dh O	native
বাগচি	b a g ch i	native
বাগচির	b a g ch i r	native
বাগটি	b a g T i	native
বাগডাশ	b a g D a sh	native
বাগডাসা	b a g D a sh a	native
বাগডোর	b a g D O r	native
বাগদত্ত	b a g d o tt o	native
বাগদা	b a g d a	native
বাগদাদ	b a g d a d	native
বাগদাদি	b a g d a d i	native
বাগদাদির	b a g d a d i r	native
বাগদাদে	b a g d a d e	native
বাগদাদের	b a g d a d e r	native
বাগদানের	b a g d a n e r	native
বাগদি	b a g d i	native
বাগধা	b a g dh a	native
বাগধারা	b a g dh a r a	native
বাগধারাটির	b a g dh a r a T i r	native
বাগধারার	b a g dh a r a r	native
বাগবাড়ি	b a g b a r i	native
বাগবিতন্ডা	b a g b i t o n D a	native
বাগবিতন্ডার	b a g b i t o n D a r	native
বাগবিতন্ডায়	b a g b i t o n D a y	native
বাগবো	b a g b O	native
বাগবোকে	b a g b O k e	native
বাগবোর	b a g b O r	native
বাগমনিরাম	b a g m o n i r a m	native
বাগমারা	b a g m a r a	native
বাগমারার	b a g m a r a r	native
বাগমারায়	b a g m a r a y	native
বাগরাম	b a g r a m	native
বাগলান	b a g l a n	native
বাগাই	b a g a i	native
বাগাট	b a g a T	native
বাগাতিপাড়া	b a g a t i p a r a	native
বাগাতিপাড়ার	b a g a t i p a r a r	native
বাগাতে	b a g a t e	native
বাগানই	b a g a n i	native
বাগানও	b a g a n O	native
বাগানটা	b a g a n T a	native
বাগানটি	b a g a n T i	native
বাগানবাড়ি	b a g a n b a r i	native
বাগানবাড়িতে	b a g a n b a r i t e	native
বাগানবাড়ির	b a g a n b a r i r	native
বাগানবিলাস	b a g a n b i l a sh	native
বাগানমালিক	b a g a n m a l i k	native
বাগানসহ	b a g a n sh o h O	native
বাগানেই	b a g a n e i	native
বাগানেও	b a g a n e O	native
বাগানের	b a g a n e r	native
বাগানোর	b a g a n O r	native
বাগার	b a g a r	native
বাগালি	b a g a l i	native
বাগাড়	b a g a r	native
বাগাড়ম্বর	b a g a r o mb o r	native
বাগাড়ম্বরপুর্ন	b a g a r mb o r p u r n o	compound
বাগাড়ম্বরে	b a g a r mb o r e	native
বাগাড়ম্বরের	b a g a r mb o r e r	native
বাগিচা	b a g i ch a	native
বাগিচাগাও	b a g i ch a g a O	native
বাগিচার	b a g i ch a r	native
বাগিন্দ্রিয়	b a g i ndr o y O	native
বাগিবতন্ডা	b a g i b o t o n D a	native
বাগিবতন্ডার	b a g i b o t o n D a r	native
বাগিবতন্ডায়	b a g i b o t o n D a y	native
বাগিয়ে	b a g i y e	native
বাগুটিয়া	b a g u T i y a	native
বাগুরা	b a g u r a	native
বাগে	b a g e	native
বাগেবাগ	b a g e b a g	native
বাগের	b a g e r	native
বাগেরহাট	b a g e r h a T	native
বাগেরহাটসহ	b a g e r h a T sh o h O	native
বাগেরহাটে	b a g e r h a T e	native
বাগেরহাটের	b a g e r h a T e r	native
বাগেশ্রি	b a g e sh r i	native
বাগোইর	b a g O i r	native
বাগোজা	b a g O j a	native
বাগ্জাল	b a g j a l	native
বাগ্ডম্বর	b a g D o mb o r	native
বাগ্ধারা	b a g dh a r a	native
বাগ্মি	b i g m i	native
বাগ্যুদ্ধ	b a g j u d dh O	tatsama
বাগ্যুদ্ধে	b a g g u d dh e	tatsama
বাগড়া	b a g r a	native
বাঘই	b a gh i	native
বাঘইল	b a gh i l	native
বাঘও	b a gh O	native
বাঘকে	b a gh k e	native
বাঘগুলো	b a gh g u l O	native
বাঘটা	b a gh T a	native
বাঘটাকে	b a gh T a k e	native
বাঘটি	b a gh T i	native
বাঘটিও	b a gh T i O	native
বাঘটিকে	b a gh T i k e	native
বাঘটির	b a gh T i r	native
বাঘবাড়ি	b a gh b a r i	native
বাঘমারা	b a gh m a r a	native
বাঘসহ	b a gh sh o h O	native
বাঘাইছড়ি	b a gh a i chh o r i	native
বাঘাইছড়িতে	b a gh a i chh o r i t e	native
বাঘাইছড়ির	b a gh a i chh o r i r	native
বাঘাইহাট	b a gh a i h a T	native
বাঘাইহাটে	b a gh a i h a T e	native
বাঘাইহাটের	b a gh a i h a T e r	native
বাঘাইড়	b a gh a i r	native
বাঘাডাংগা	b a gh a D a ng g a	native
বাঘাবাড়ি	b a gh a b a r i	native
বাঘাবাড়িতে	b a gh a b a r i t e	native
বাঘার	b a gh a r	native
বাঘারপাড়া	b a gh a b a r a	native
বাঘারপাড়ার	b a gh a b a r a r	native
বাঘাড়	b a gh a r	native
বাঘায়	b a gh a y	native
বাঘিনি	b a gh i n i	native
বাঘিনির	b a gh i n i r	native
বাঘিয়ার	b a gh i y a r	native
বাঘুটিয়া	b a gh u T i y a	native
বাঘে	b a gh e	native
বাঘের	b a gh e r	native
বাঘেরা	b a gh e r a	native
বাচ	b a ch	native
বাচক	b a ch O k	native
বাচছে	b a ch chh e	native
বাচত	b a ch t o	native
বাচতে	b a ch t e	native
বাচতেই	b a ch t e i	native
বাচন	b a ch O n	native
বাচনভংগি	b a ch o n bh o ng g i	native
বাচব	b a ch b O	native
বাচবার	b a ch b a r	native
বাচবে	b a ch b e	native
বাচবেন	b a ch b e n	native
বাচবো	b a ch b O	native
বাচমু	b a ch m u	native
বাচল	b a ch l O	native
বাচলাম	b a ch l a m	native
বাচলে	b a ch l e	native
বাচলেই	b a ch l e i	native
বাচলেও	b a ch l e O	native
বাচলেন	b a ch l e n	native
বাচসাস	b a ch sh a sh	native
বাচসাসের	b a ch sh a sh e r	native
বাচস্পতি	b a ch O s p O t i	loanword
বাচা	b a ch a	native
বাচাই	b a ch a i	native
বাচাইতে	b a ch a i t e	native
বাচাও	b a ch a O	native
বাচাক	b a ch a k	native
বাচাচ্ছে	b a ch a ch chh e	native
বাচাটি	b a ch a T i	native
বাচাতে	b a ch a t e	native
বাচাতেই	b a ch a t e i	native
বাচান	b a ch a n	native
বাচানো	b a ch a n O	native
বাচানোই	b a ch a n O i	native
বাচানোর	b a ch a n O r	native
বাচাব	b a ch a b o	native
বাচাবার	b a ch a b a r	native
বাচাবে	b a ch a b e	native
বাচাবেন	b a ch a b e n	native
বাচাবো	b a ch a b O	native
বাচামরার	b a ch a m o r a r	native
বাচার	b a ch a r	native
বাচালে	b a ch a l e	native
বাচালেন	b a ch a l e n	native
বাচায়	b a ch a y	native
বাচায়া	b a ch a y a	native
বাচি	b a ch i	native
বাচিক	b a ch i k	native
বাচিয়ে	b a ch i y e	native
বাচিয়েছিল	b a ch i y e chh i l o	native
বাচিয়েছিলেন	b a ch i y e chh i l e n	native
বাচিয়েছে	b a ch i y e chh e	native
বাচিয়েছেন	b a ch i y e chh e n	native
বাচুক	b a ch u k	native
বাচুম	b a ch u m	native
বাচে	b a ch e	native
বাচেন	b a ch e n	native
বাচেনি	b a ch e n i	native
বাচো	b a ch O	native
বাচ্চাই	b a ch ch a i	native
বাচ্চাও	b a ch ch a O	native
বাচ্চাকাচ্চা	b a ch ch a k a ch ch a	native
বাচ্চাকেও	b a ch ch a k e O	native
বাচ্চাগুলো	b a ch ch a g u l O	native
বাচ্চাগুলোকে	b a ch ch a g u l O k e	native
বাচ্চাগুলোর	b a ch ch a g u l O r	native
বাচ্চাটা	b a ch ch a T a	native
বাচ্চাটাকে	b a ch ch a T a k e	native
বাচ্চাটার	b a ch ch a T a r	native
বাচ্চাটারে	b a ch ch a T a r e	native
বাচ্চাটি	b a ch ch a T i	native
বাচ্চাটিকে	b a ch ch a T i k e	native
বাচ্চার	b a ch ch a r	native
বাচ্চারা	b a ch ch a r a	native
বাচ্চারাও	b a ch ch a r a O	native
বাচ্চাসহ	b a ch ch a sh o h O	native
বাচ্চু	b a ch ch u	native
বাচ্চুকে	b a ch ch u k e	native
বাচ্চুসহ	b a ch ch u sh o h O	native
বাচ্য	b a ch ch O	native
বাছ	b a chh O	native
বাছতে	b a chh t e	native
বাছবিচারহিন	b a chh b i ch a r h i n	native
বাছবিচারহিনভাবে	b a chh b i ch a r h i n bh a b e	compound
বাছা	b a chh a	native
বাছাই	b a chh a i	native
বাছাইও	b a chh a i O	native
বাছাইকৃত	b a chh a i k ri t O	tatsama
বাছাইপর্ব	b a chh a i p o r b O	native
বাছাইপর্বই	b a chh a i p o r b o i	native
বাছাইপর্বে	b a chh a i p o r b e	native
বাছাইপর্বেই	b a chh a i p o r b e i	native
বাছাইপর্বেও	b a chh a i p o r b e O	native
বাছাইপর্বের	b a chh a i p o r b e r	native
বাছাইপ্রক্রিয়া	b a chh a i pr o kr i y a	compound
বাছাইয়ে	b a chh a i y e	native
বাছাইয়ের	b a chh a i y e r	native
বাছার	b a chh a r	native
বাছিত	b a chh i t	native
বাছিরুল	b a chh i r u l	native
বাছুর	b a chh u r	native
বাছুরটি	b a chh u r T i	native
বাছেতকে	b a chh e t k e	native
বাছেদ	b a chh e d	native
বাছেরের	b a chh e r e r	native
বাজখাই	b a j kh a i	native
বাজছিল	b a j chh i l O	native
বাজছে	b a j chh e	native
বাজছেঃ	b a j chh e	tatsama
বাজত	b a j t O	native
বাজতে	b a j t e	native
বাজতেই	b a j t e i	native
বাজন	b a j O n	native
বাজনা	b a j n a	native
বাজনায়	b a j n a y	native
বাজনে	b a j o n e	native
বাজপাখির	b a j p a kh i r	native
বাজপে	b a j p e	native
বাজপেয়	b a j p e y O	native
বাজপেয়ি	b a j p e y i	native
বাজপেয়ির	b a j p e y i r	native
বাজবে	b a j b e	native
বাজমি	b a j m i	native
বাজরিগার	b a j r i g a r	native
বাজরিগারের	b a j r i g a r e r	native
বাজলেই	b a j l e i	native
বাজা	b a j a	native
বাজাই	b a j a i	native
বাজাও	b a j a O	native
বাজাচ্ছি	b a j a ch chh i	native
বাজাচ্ছিল	b a j a ch chh i l o	native
বাজাচ্ছিলেন	b a j a ch chh i l e n	native
বাজাচ্ছেন	b a j a ch chh e n	native
বাজাজ	b a j a j	native
বাজাতাম	b a j a t a m	native
বাজাতে	b a j a t e	native
বাজান	b a j a n	native
বাজাননি	b a j a n n i	native
বাজানোর	b a j a n O r	native
বাজানোয়	b a j a n O y	native
বাজাব	b a j a b o	native
বাজাবনিয়া	b a j a b n i y a	native
বাজাবে	b a j a b e	native
বাজাবেন	b a j a b e n	native
বাজার	b a j a r	native
বাজারই	b a j a r i	native
বাজারও	b a j a r O	native
বাজারকে	b a j a r k e	native
বাজারকেও	b a j a r k e O	native
বাজারগুলো	b a j a r g u l O	native
বাজারগুলোতে	b a j a r g u l O t e	native
বাজারগুলোতেও	b a j a r g u l O t e O	native
বাজারগুলোর	b a j a r g u l O r	native
বাজারঘাট	b a j a r gh a T	native
বাজারচিত্র	b a j a r ch i tr o	native
বাজারজাত	b a j a r j a t	native
বাজারজাতকরন	b a j a r j a t k o r O n	native
বাজারজাতকরনে	b a j a r j a t k o r O n e	native
বাজারজাতকরনের	b a j a r j a t k o r O n e r	compound
বাজারজাতকারি	b a j a r j a t k a r i	native
বাজারজাতে	b a j a r j a t e	native
বাজারজাতের	b a j a r j a t e r	native
বাজারটা	b a j a r T a	native
বাজারটাকে	b a j a r T a k e	native
বাজারটির	b a j a r T i r	native
বাজারদর	b a j a r d o r	native
বাজারদরও	b a j a r d o r O	native
বাজারদরে	b a j a r d o r e	native
বাজারদরের	b a j a r d o r e r	native
বাজারনির্ভর	b a j a r n i r bh o r	native
বাজারপাড়া	b a j a r p a r a	native
বাজারপাড়ার	b a j a r p a r a y	native
বাজারপাড়ায়	b a j a r p a r a y	native
বাজারবান্ধব	b a j a r b a ndh o b	tatsama
বাজারব্যবস্থা	b a j a r b A b o sth a	compound
বাজারব্যবস্থাকে	b a j a r b A b o sth a k e	compound
বাজারব্যবস্থার	b a j a r b A b o sth a r	compound
বাজারব্যবস্থায়	b a j a r b A b o sth a y	compound
বাজারভিত্তিক	b a j a r bh i tt i k	native
বাজারমুখি	b a j a r m u kh i	native
বাজারমুলধন	b a j a r m u l dh o n	native
বাজারমুল্য	b a j a r m u l l O	native
বাজারমুল্যে	b a j a r m u l l e	native
বাজারমুল্যের	b a j a r m u l l e r	native
বাজারশক্তির	b a j a r sh o kt i r	native
বাজারসংক্রান্ত	b a j a r sh o ng kr a nt o	compound
বাজারসংলগ্ন	b a j a r sh o ng l o g n O	native
বাজারসংশ্লিশ্ট	b a j a r sh o ng sh l i sh T o	compound
বাজারসংশ্লিশ্টদের	b a j a r sh o ng sh l i sh T e r	compound
বাজারসংশ্লিশ্টরা	b a j a r sh o ng sh l i sh T o r a	compound
বাজারসদাই	b a j a r sh o d a i	native
বাজারসহ	b a j a r sh o h O	native
বাজারসুবিধা	b a j a r sh u b i dh a	native
বাজারসুবিধার	b a j a r sh u b i dh a r	native
বাজারি	b a j a r i	native
বাজারে	b a j a r e	native
বাজারেই	b a j a r e i	native
বাজারেও	b a j a r e O	native
বাজারের	b a j a r e r	native
বাজারেরই	b a j a r e r i	native
বাজালে	b a j a l e	native
বাজায়	b a j a y	native
বাজিকর	b a j i k o r	native
বাজিকরকে	b a j i k o r k e	native
বাজিকরের	b a j i k o r e r	native
বাজিকরেরা	b a j i k o r e r a	native
বাজিটা	b a j i T a	native
বাজিতপুর	b a j i t p u r	native
বাজিতপুরে	b a j i t p u r e	native
বাজিতপুরের	b a j i t p u r e r	native
বাজিতে	b a j i t e	native
বাজিমাত	b a j i m a t	native
বাজিমাৎ	b a j i m a t	native
বাজির	b a j i r	native
বাজিরাও	b a j i r a O	native
বাজিয়ে	b a j i y e	native
বাজিয়েছিল	b a j i y e chh i l o	native
বাজিয়েছিলেন	b a j i y e chh i l o n	native
বাজিয়েছে	b a j i y e chh e	native
বাজিয়েছেন	b a j i y e chh e n	native
বাজু	b a j u	native
বাজুক	b a j u k	native
বাজুন	b a j u	native
বাজুরে	b a j u r e	native
বাজুস	b a j u sh	native
বাজুসের	b a j u sh e r	native
বাজুয়া	b a j u y a	native
বাজেটই	b a j e T i	loanword
বাজেটও	b a j e T O	loanword
বাজেটকাঠামোর	b a j e T k a Th a m O r	loanword
বাজেটঘাটতি	b a j e T gh a T t i	loanword
বাজেটটি	b a j e T T i	loanword
বাজেটসংক্রান্ত	b a j e T sh o ng kr a nt o	compound
বাজেটসহ	b a j e T sh o h O	loanword
বাজেটিয়	b a j e T i y	loanword
বাজেটেই	b a j e T e i	loanword
বাজেটেও	b a j e T e O	loanword
বাজেটের	b a j e T e r	loanword
বাজেটোত্তর	b a j e T O tt O r	loanword
বাজেভাবেই	b a j e bh a b e i	native
বাজের	b a j e r	native
বাজেয়াপ্ত	b a j e y a p t o	native
বাজেয়াপ্তের	b a j e y a p t e r	native
বাজ্জ	b a j j o	native
বাঞ্চত	b a nch O t	tatsama
বাঞ্ছনিয়	b a n chh O n i y O	tatsama
বাঞ্ছা	b a n chh a	tatsama
বাঞ্ছারাম	b a n chh a r a m	tatsama
বাঞ্ছারামপুর	b a n chh a r a m p u r	tatsama
বাঞ্ছারামপুরে	b a n chh a r a m p u r e	compound
বাঞ্ছারামপুরের	b a n chh a r a m p u r e r	compound
বাঞ্ছিত	b a n chh i t O	tatsama
বাঞ্জি	b a nj i	tatsama
বাট	b a T	native
বাটই	b a T i	native
বাটও	b a T O	native
বাটওয়ার	b a T o O y a r	native
বাটওয়ারা	b a T O y a r a	native
বাটকু	b a T k u	native
বাটকে	b a T k e	native
বাটখারা	b a T kh a r a	native
বাটখারায়	b a T kh a r a y	native
বাটতে	b a T t e	native
বাটদান	b a T d a n	native
বাটদের	b a T d e r	native
বাটন	b a T O n	native
বাটনে	b a T O n e	native
বাটনের	b a T O n e r	native
বাটপার	b a T p a r	native
বাটপারদের	b a T p a r d e r	native
বাটলার	b a T l a r	native
বাটলারের	b a T l a r e r	native
বাটসহ	b a T sh o h O	native
বাটাজোর	b a T j O r	native
বাটান	b a T a n	native
বাটামারা	b a T a m a r a	native
বাটার	b a T a r	native
বাটারফ্লাই	b a T a r ph l a i	loanword
বাটারফ্লাইয়ে	b a T a r ph l a i y e	loanword
বাটালি	b a T a l i	native
বাটিই	b a T e i	native
বাটিক	b a T i k	native
বাটিকা	b a T i k a	native
বাটিকের	b a T i k e r	native
বাটির	b a T i r	native
বাটুল	b a T u l	native
বাটুলিয়া	b a T u l i y a	native
বাটে	b a T e	native
বাটেক্সপো	b a T e k s p O	loanword
বাটেক্সপোর	b a T e k s p O r	loanword
বাটের	b a T e r	native
বাটোয়ারা	b a T O y a r a	native
বাটোয়ারার	b a T O y a r a r	native
বাট্টা	b a T T a	native
বাট্রা	b a T T a	loanword
বাড	b a D	native
বাডস্টুবার	b a D sh T u b a r	loanword
বাড়ানোর	b a r a n O r	native
বাড়িটায়	b a r i T a y	native
বাড়ির	b a r i r	native
বাডি	b a D i	native
বাড্ডানগর	b a D D a n o g o r	native
বাড্ডার	b a D D a r	native
বাড্ডায়	b a D D a y	native
বাড্স	b a D sh	loanword
বাত	b a t	native
বাতগর্ভ	b a t g o r bh O	native
বাতচিত	b a t ch i t	native
বাতলাতে	b a t l a t e	native
বাতলেছেন	b a t l e chh e n	native
বাতা	b a t a	native
বাতান	b a t a n	native
বাতানো	b a t a n O	native
বাতান্বিত	b a t a n n i t O	native
বাতাপি	b a t a p i	native
বাতাবরন	b a t a b o r O n	native
বাতাবরনকে	b a t a b o r o n k e	native
বাতাবরনে	b a t a b o r O n e	native
বাতাবর্ত	b a t a b o r t O	native
বাতাবি	b a t a b i	native
বাতালা	b a t o l a	native
বাতাসও	b a t a sh O	native
বাতাসকে	b a t a sh k e	native
বাতাসটাও	b a t a sh T a O	native
বাতাসসহ	b a t a sh sh o h O	native
বাতাসা	b a t a sh a	native
বাতাসি	b a t a sh i	native
বাতাসেই	b a t a sh e i	native
বাতাসেও	b a t a sh e O	native
বাতাসের	b a t a sh e r	native
বাতায়ন	b a t a y O n	native
বাতায়নে	b a t a y o n e	native
বাতায়নের	b a t a y o n e r	native
বাতিই	b a t i i	native
বাতিও	b a t i O	native
বাতিক	b a t i k	native
বাতিকগ্রস্ত	b a t i k gr o st o	native
বাতিকে	b a t i k e	native
বাতিগুলো	b a t i g u l O	native
বাতিঘরের	b a t i gh o r e r	native
বাতিটি	b a t i T i	native
বাতিটির	b a t i T i r	native
বাতিতে	b a t i t e	native
বাতির	b a t i r	native
বাতিলই	b a t i l i	native
বাতিলকৃত	b a t i l k ri t O	tatsama
বাতিলকে	b a t i l k e	native
বাতিলজোগ্য	b a t i l j O g g o	native
বাতিলসংক্রান্ত	b a t i l sh o ng kr a nt o	compound
বাতিলে	b a t i l e	native
বাতিলের	b a t i l e r	native
বাতিসহ	b a t i sh o h O	native
বাতিস্তা	b a t i st a	native
বাতিস্তাও	b a t i st a r	native
বাতিস্তাকে	b a t i st a k e	native
বাতিস্তার	b a t i st a r	native
বাতিস্তুতা	b a t i st o t a	native
বাতু	b a t u	native
বাতুলতা	b a t u l o t a	native
বাতে	b a t e	native
বাতেন	b a t e n	native
বাতেনসহ	b a t e n sh o h O	native
বাত্তি	b a tt i	native
বাত্তিকালোয়া	b a tt i k a l O y a	native
বাত্যা	b a t t a	native
বাত্রা	b a tr a	native
বাত্সরিক	b a t sh o r i k	native
বাথ	b a th	native
বাথটাবে	b a th T a b e	native
বাথটাবের	b a th T a b e r	native
বাথরুমে	b a th r u m e	native
বাথরুমের	b a th r u m e r	native
বাথান	b a th a n	native
বাথুলি	b a th u l i	native
বাথের	b a th e r	native
বাদ	b a d	native
বাদও	b a d O	native
বাদক	b a d O k	native
বাদন	b a d O n	native
বাদনে	b a d o n e	native
বাদনের	b a d o n e r	native
বাদপড়া	b a d p o r a	native
বাদবাকিদের	b a d b a k i d e r	native
বাদবাকিরা	b a d b a k i r a	native
বাদর	b a d O r	native
বাদরগুলো	b a d o r g u l O	native
বাদরটা	b a d o r T a	native
বাদরামি	b a d o r a m i	native
বাদরের	b a d o r e r	native
বাদলও	b a d o l O	native
বাদলকে	b a d O l k e	native
বাদলদা	b a d o l d a	native
বাদলদার	b a d o l d a r	native
বাদলধারা	b a d o l dh a r a	native
বাদলসহ	b a d o l sh o h O	native
বাদলা	b a d l a	native
বাদলে	b a d o l e	native
বাদশা	b a d sh a	native
বাদশাকে	b a d sh a k e	native
বাদশাগঞ্জ	b a d sh a g o nj	tatsama
বাদশাদের	b a d sh a d e r	native
বাদশার	b a d sh a r	native
বাদশারা	b a d sh a r a	native
বাদশারুল	b a d sh a r u l	native
বাদশারুলের	b a d sh a r u l e r	native
বাদশাহ	b a d sh a h	native
বাদশাহকে	b a d sh a h o k e	native
বাদশাহরা	b a d sh a h o r a	native
বাদশাহি	b a d sh a h i	native
বাদশাহের	b a d sh a h e r	native
বাদা	b a d a	native
বাদাত	b a d a t	native
বাদানুবাদ	b a d a n u b a d	native
বাদানুবাদে	b a d a n u b a d e	native
বাদামকুচি	b a d a m k u ch i	native
বাদামতলা	b a d a m t o l a	native
বাদামতলি	b a d a m t o l i	native
বাদামতলিতে	b a d a m t o l i t e	native
বাদামতলির	b a d a m t o l i r	native
বাদামবাটা	b a d a m b a T a	native
বাদামবিক্রেতা	b a d a m b i kr e t a	compound
বাদামি	b a d a m i	native
বাদামে	b a d a m e	native
বাদামের	b a d a m e r	native
বাদাড়	b a d a r	native
বাদাড়ে	b a d a r e	native
বাদি	b a d i	native
বাদিকে	b a d i k e	native
বাদিত	b a d i t O	native
বাদিত্র	b a d i tr O	native
বাদিদের	b a d i d e r	native
বাদিনি	b a d i n i	native
বাদিনির	b a d i n i r	native
বাদিপক্ষ	b a d i p o kkh o	tatsama
বাদিপক্ষকে	b a d i p o kkh o k e	tatsama
বাদিপক্ষে	b a d i p o kkh e	tatsama
বাদিপক্ষের	b a d i p o kkh e r	tatsama
বাদিপোতা	b a d i p O t a	native
বাদির	b a d i r	native
বাদিরা	b a d i r a	native
বাদিসহ	b a d i sh o h O	native
বাদিয়া	b a d i y a	native
বাদিয়ার	b a d i y a r	native
বাদুর	b a d u r	native
বাদুরের	b a d u r e r	native
বাদুড়	b a d u r	native
বাদুড়গাছা	b a d u r g a chh a	native
বাদুড়ঝোলা	b a d u r jh O l a	native
বাদুড়তলা	b a d u r t o l a	native
বাদুড়ের	b a d u r e r	native
বাদুয়ারচর	b a d u y a r ch o r	native
বাদুয়েল	b a d u y e l	native
বাদে	b a d e	native
বাদেআলি	b a d e a l i	native
বাদেই	b a d e i	native
বাদেও	b a d e O	native
বাদের	b a d e r	native
বাদ্যজন্ত্র	b a d d O j o n t r O	native
বাদ্যজন্ত্রটির	b a d d o j o n t r o T i r	compound
বাদ্যজন্ত্রিদের	b a d d o j o n t r i d e r	compound
বাদ্যজন্ত্রিরা	b a d d o j o n t r i r a	compound
বাদ্যজন্ত্রে	b a d d O j o n t r e	native
বাদ্যজন্ত্রের	b a d d O j o n t r e r	compound
বাদ্যবাজনা	b a d d o b a j n a	native
বাদ্যি	b a d d i	native
বাদ্যে	b a d d e	native
বাদ্যের	b a d d e r	native
বাধও	b a dh O	native
বাধক	b a dh O k	native
বাধকে	b a dh k e	native
বাধগুলো	b a dh g u l O	native
বাধগুলোর	b a dh g u l O r	native
বাধঘাট	b a dh gh a T	native
বাধছিল	b a dh chh i l o	native
বাধছে	b a dh chh e	native
বাধছেন	b a dh chh e n	native
বাধটি	b a dh T i	native
বাধটিতে	b a dh T i t e	native
বাধটির	b a dh T i r	native
বাধতে	b a dh t e	native
বাধতেই	b a dh t e i	native
বাধতেন	b a dh t e n	native
বাধন	b a dh O n	native
বাধনহারা	b a dh o n h a r a	native
বাধনে	b a dh o n e	native
বাধনের	b a dh o n e r	native
বাধব	b a dh b o	native
বাধবে	b a dh b e	native
বাধবেই	b a dh b e i	native
বাধবেন	b a dh b e n	native
বাধভাংংগা	b a dh o bh a ng g a	native
বাধভাংা	b a dh bh a ng g a	native
বাধল	b a dh l O	native
বাধলেও	b a dh l e O	native
বাধলেন	b a dh l e n	native
বাধসংলগ্ন	b a dh sh o ng l o g n o	native
বাধসহ	b a dh sh o h O	native
বাধা	b a dh a	native
বাধাই	b a dh a i	native
বাধাইয়ের	b a dh a i y e r	native
বাধাও	b a dh a O	native
বাধাকপি	b a dh a k o p i	native
বাধাকপিতে	b a dh a k O p i t e	native
বাধাকপির	b a dh a k o p i r	native
বাধাকে	b a dh a k e	native
বাধাগুলো	b a dh a g u l O	native
বাধাগ্রস্ত	b a dh a gr O st O	native
বাধাগ্রস্থ	b a dh a gr O sth O	native
বাধাঘাট	b a dh a gh a T	native
বাধাচ্ছে	b a dh a ch chh e	native
বাধাটা	b a dh a T a	native
বাধাটি	b a dh a T i	native
বাধাতে	b a dh a t e	native
বাধাদান	b a dh a d a n	native
বাধাদানকারি	b a dh a d a n k a r i	native
বাধাদানের	b a dh a d a n e r	native
বাধাধরা	b a dh a dh o r a	native
বাধানিশেধ	b a dh a n i sh e dh	native
বাধানো	b a dh a n O	native
বাধানোর	b a dh a n O r	native
বাধাপ্রাপ্ত	b a dh a pr a p t O	native
বাধাবিঘ্ন	b a dh a b i gh n o	native
বাধাবিপত্তির	b a dh a b i p o tt i r	native
বাধামুক্ত	b a dh a m u kt o	native
বাধার	b a dh a r	native
বাধাল	b a dh a l o	native
বাধাসহ	b a dh a sh o h O	native
বাধাহিন	b a dh a h i n	native
বাধাহিনভাবে	b a dh a h i n bh a b e	native
বাধায়	b a dh a y	native
বাধি	b a dh i	native
বাধিনু	b a dh i n u	native
বাধিব	b a dh i b o	native
বাধিয়ে	b a dh i y e	native
বাধিয়েছে	b a dh i y e chh e	native
বাধিয়েছেন	b a dh i y e chh e n	native
বাধুন	b a dh u n	native
বাধুনি	b a dh u n i	native
বাধুলি	b a dh u l i	native
বাধেন	b a dh e n	native
বাধেননি	b a dh e n n i	native
বাধেনি	b a dh e n i	native
বাধের	b a dh e r	native
বাধো	b a dh O	native
বাধ্যই	b a d dh o i	native
বাধ্যও	b a d dh o O	native
বাধ্যকর	b a d dh o k o r	native
বাধ্যতামুলক	b a d dh O t a m u l O k	native
বাধ্যতামুলকভাবে	b a d dh O t a m u l O k bh a b e	compound
বাধ্যবাধকতা	b a d dh O b a dh O k o t a	native
বাধ্যবাধকতাও	b a d dh O b a dh O k o t a O	native
বাধ্যবাধকতামুলক	b a d dh o b a dh o k o t a m u l o k	compound
বাধ্যবাধকতাসহ	b a d dh o b a dh o k o t a sh o h O	compound
বাধ্যবাধকতায়	b a d dh o b a dh o k o t a y	native
বানকাড়া	b a n k a r a d u dh	native
বানগুই	b a n g u i	native
বানচালে	b a n ch a l e	native
বানচালের	b a n ch a l e r	native
বানজারা	b a n j a r a	native
বানতৃন	b a n t ri n O	tatsama
বানদন্ড	b a n d o n D O	native
বানধি	b a n O dh i	native
বানপানি	b a n p a n i	native
বানপ্রস্থ	b a n pr O sth O	native
বানবার	b a n b a r	native
বানভাসি	b a n bh a sh i	native
বানমোক্ষন	b a n m O kkh O n	tatsama
বানরকে	b a n o r k e	native
বানরগাতি	b a n o r g a t i	native
বানরটি	b a n O r T i	native
বানরটিকে	b a n o r T i k e	native
বানরি	b a n o r i	native
বানরের	b a n O r e r	native
বানশাল	b a n sh a l	native
বানসাল	b a n s a l	proper_noun
বানসালি	b a n s a l i	proper_noun
বানসালির	b a n s a l i r	proper_noun
বানস্পত্য	b a n O s p O t t O	loanword
বানা	b a n a	native
বানাই	b a n a i	native
বানাইছি	b a n a i chh i	native
বানাইছে	b a n a i chh e	native
বানাইতে	b a n a i t e	native
বানাইনি	b a n a i n i	native
বানাইল	b a n a i l o	native
বানাইয়া	b a n a i y a	native
বানাও	b a n a O	native
বানাওট	b a n a O T	native
বানাত	b a n a t O	native
বানাতাম	b a n a t a m	native
বানাতে	b a n a t e	native
বানাতেই	b a n a t e i	native
বানাতেও	b a n a t e O	native
বানাতেন	b a n a t e n	native
বানানটি	b a n a n T i	native
বানানরিতি	b a n a n r i t i	native
বানানা	b a n a n a	native
বানানে	b a n a n e	native
বানানের	b a n a n e r	native
বানানো	b a n a n O	native
বানানোও	b a n a n O O	native
বানানোর	b a n a n O r	native
বানানোরও	b a n a n O r O	native
বানাবই	b a n a b o i	native
বানাবো	b a n a b O	native
বানামু	b a n a m u	native
বানারভিটা	b a n a r bh i T a	native
বানারিপাড়া	b a n a r i p a r a	native
বানারিপাড়ায়	b a n a r i p a r a y	native
বানাল	b a n a l O	native
বানালাম	b a n a l a m	native
বানালে	b a n a l e	native
বানালেও	b a n a l e O	native
বানালেন	b a n a l e n	native
বানাশুয়া	b a n a sh u y a	native
বানায়	b a n a y	native
বানায়া	b a n a y a	native
বানি	b a n i	native
বানিই	b a n i i	native
বানিও	b a n i O	native
বানিকা	bh a n i k a	native
বানিকে	b a n i k e	native
বানিগুলো	b a n i g u l O	native
বানিজ্যই	b a n i j j o i	native
বানিজ্যও	b a n i j j O O	native
বানিজ্যকে	b a n i j j O k e	native
বানিজ্যকেন্দ্র	b a n i j j O k e ndr O	compound
বানিজ্যকেন্দ্রে	b a n i j j o k e nd e r	compound
বানিজ্যঘাটতি	b a n i j j o gh a T t i	native
বানিজ্যনগর	b a n i j j o n o g o r	native
বানিজ্যনিতি	b a n i j j o n i t i	native
বানিজ্যনিতির	b a n i j j o n i t i r	native
বানিজ্যনির্ভর	b a n i j j o n i r bh o r	compound
বানিজ্যবান্ধব	b a n i j j o b a ndh o b	compound
বানিজ্যবিশয়ক	b a n i j j o b i sh o y o k	native
বানিজ্যবোইশম্য	b a n i j j o b O i sh o m m o	compound
বানিজ্যমন্ত্রি	b a n i j j O m O n	compound
বানিজ্যমন্ত্রিকে	b a n i j j O m O nt ri k e	compound
বানিজ্যমন্ত্রির	b a n i j j O m O nt ri r	compound
বানিজ্যমন্ত্রিরা	b a n i j j o m o nt ri r a	compound
বানিজ্যসংক্রান্ত	b a n i j j o sh o ng kr a nt o	compound
বানিজ্যসচিব	b a n i j j O sh O ch i b	native
বানিজ্যসচিবকে	b a n i j j o sh o ch i b k e	compound
বানিজ্যসচিবের	b a n i j j o sh o ch i b e r	compound
বানিজ্যসহ	b a n i j j O sh o h O	native
বানিজ্যসুবিধা	b a n i j j o sh u b i dh a	compound
বানিজ্যালয়ের	b a n i j j a l o y e r	native
বানিজ্যিক	b a n i j j i k	native
বানিজ্যিকভাবে	b a n i j j i k bh a b e	compound
বানিজ্যিকভিত্তিতে	b a n i j j i k bh i tt i t e	compound
বানিজ্যিকসহ	b a n i j j i k sh o h O	native
বানিজ্যিকায়ন	b a n i j j i k a y o n	native
বানিজ্যিকায়নের	b a n i j j i k a y o n e r	compound
বানিজ্যিকিকরন	b a n i j j i k i k o r O n	compound
বানিজ্যিকিকরনের	b a n i j j i k i k o r O n e r	compound
বানিজ্যে	b a n i j j e	native
বানিজ্যেই	b a n i j j e i	native
বানিজ্যেও	b a n i j j e O	native
বানিজ্যের	b a n i j j e r	native
বানিজ্যেরও	b a n i j j e r O	native
বানিটা	b a n i T a	native
বানিটি	b a n i T a	native
বানিতে	b a n i t e	native
বানিতেই	b a n i t e i	native
বানিবদ্ধ	b a n i b o d dh o	tatsama
বানির	b a n i r	native
বানিসংবলিত	b a n i sh o ng b o l i t o	native
বানিয়া	b a n i y a	native
বানিয়াখালি	b a n i y a kh a l i	native
বানিয়াগাতি	b a n i y a g a t i	native
বানিয়াচং	b a n i y a ch o ng	native
বানিয়াচংয়ে	b a n i a ch O ng y e	native
বানিয়াচংয়ের	b a n i y a ch o ng y e r	native
বানিয়াপাড়া	b a n i y a p a r a	native
বানিয়ারচর	b a n i y a r ch o r	native
বানিয়াস	b a n i y a sh	native
বানিয়াসের	b a n i y a sh e r	native
বানিয়ে	b a n i y e	native
বানিয়েই	b a n i y e i	native
বানিয়েও	b a n i y e O	native
বানিয়েছ	b a n i y e chh	native
বানিয়েছি	b a n i y e chh i	native
বানিয়েছিলেন	b a n i y e chh i l e n	native
বানিয়েছে	b a n i y e chh e	native
বানিয়েছেন	b a n i y e chh e n	native
বানু	b a n u	native
বানুর	b a n u r	native
বানুরে	b a n u r e	native
বানে	b a n e	native
বানেগা	b a n e g a	native
বানেছা	b a n e chh a	native
বানেশ্বর	b a n e sh sh o r	tatsama
বানেয়	b a n e y O	native
বানোউজা	b a n o u j a	native
বানোয়াট	b a n O y a T	native
বান্টি	b a n T i	native
বান্ডল	b a n D o l	native
বান্ডিল	b a n D i l	native
বান্ডিলিং	b a n D o l i ng	native
বান্ডিলে	b a n D i l e	native
বান্ডেল	b a n D e l	native
বান্ত	b a nt O	native
বান্তা	b a nt a	native
বান্তি	b a nt i	native
বান্দর	b a nd o r	native
বান্দরবন	b a nd o r b o n	native
বান্দরবান	b a nd o r b a n	native
বান্দরবানসহ	b a nd o r b a n sh o h O	native
বান্দরবানে	b a nd O r b a n e	native
বান্দরবানের	b a nd o r b a n e r	native
বান্দা	b a nd a	native
বান্দাকে	b a nd a k e	native
বান্দাদের	b a nd a d e r	native
বান্দারা	b a nd a r a	native
বান্দারার	b a nd a r a r	native
বান্দারি	b a nd a r i	native
বান্দুংয়ে	b a nd u ng y e	native
বান্দুরা	b a nd u r a	native
বান্দুরার	b a nd u r a r	native
বান্দুরায়	b a nd u r a y	native
বান্দের	b a nd e r	native
বান্দ্রার	b a ndr a r	native
বান্ধব	b a ndh o b	tatsama
বান্ধবকে	b a ndh o b k e	tatsama
বান্ধবদের	b a ndh O b d e r	tatsama
বান্ধবরা	b a ndh O b r a	tatsama
বান্ধবি	b a ndh o b i	tatsama
বান্ধবিকে	b a ndh o b i k e	tatsama
বান্ধবিদের	b a ndh o b i d e r	tatsama
বান্ধবির	b a ndh o b i r	tatsama
বান্ধবিরা	b a ndh o b i r a	tatsama
বান্ধবেরা	b a ndh o b e r a	tatsama
বান্ধা	b a ndh a	tatsama
বান্না	b a nn a	native
বান্নার	b a nn a r	native
বান্নাহর	b a nn a h o r	native
বান্নু	b a nn u	native
বাপ	b a p	native
বাপজানের	b a p j a n e r	native
বাপন	b a p O n	native
বাপরে	b a p r e	native
বাপা	b a p a	native
বাপার	b a p a r	native
বাপিত	b a p i t O	native
বাপুতি	b a p u t i	native
বাপুর	b a p u r	native
বাপেক্স	b a p e k s	loanword
বাপেক্সকে	b a p e k s k e	loanword
বাপেক্সের	b a p e k s e r	loanword
বাপেরপাড়া	b a p e r p a r a	native
বাপ্তা	b a p t a	native
বাপ্তিস্মা	b a p t i s m a	loanword
বাপ্পা	b a p p a	native
বাপ্পাদিত্য	b a p p a d i t t o	native
বাপ্পার	b a p p a r	native
বাপ্পারাজ	b a p p a r a j	native
বাপ্পি	b a p p i	native
বাপ্পিকে	b a p p i k e	native
বাপ্পির	b a p p i r	native
বাফ	b a ph	native
বাফটা	b a ph T a	native
বাফতা	b a ph t a	native
বাফন	b a ph O n	native
বাফা	b a ph a	native
বাফানা	b a ph a n a	native
বাফানাদের	b a ph a n a d e r	native
বাফানারা	b a ph a n a r a	native
বাফার	b a ph a r	native
বাফি	b a ph i	native
বাফুফে	b a ph u ph e	native
বাফুফেকে	b a ph u ph e k e	native
বাফুফেতে	b a ph u ph e t e	native
বাফুফের	b a ph u ph e r	native
বাফেদার	b a ph e d a r	native
বাফের	b a ph e r	native
বাফোই	b a ph O i	native
বাব	b a b	native
বাবই	b a b o i	native
বাবদুক	b a b d u k	native
বাবনা	b a b n a	native
বাবর	b a b O r	native
বাবরকে	b a b O r k e	native
বাবরসহ	b a b o r sh o h O	native
বাবরা	b a b r a	native
বাবরের	b a b o r e r	native
বাবর্চি	b a b o r ch i	native
বাবলস	b a b o l s	loanword
বাবলার	b a b l a r	native
বাবলি	b a b l i	native
বাবলুকে	b a b l u k e	native
বাবলুর	b a b l u r	native
বাবলুসহ	b a b l u sh o h O	native
বাবাঃ	b a b a h	tatsama
বাবাও	b a b a O	native
বাবাকেই	b a b a k e i	native
বাবাকেও	b a b a k e O	native
বাবাজি	b a b a j i	native
বাবাদের	b a b a d e r	native
বাবামা	b a b a m a	native
বাবার	b a b a r	native
বাবারই	b a b a r i	native
বাবারও	b a b a r O	native
বাবারা	b a b a r a	native
বাবারাও	b a b a r a O	native
বাবাহারা	b a b a h a r a	native
বাবায়	b a b a y	native
বাবিল	b a b i l	native
বাবু	b a b u	native
বাবুই	b a b u i	native
বাবুকে	b a b u k e	native
বাবুখালি	b a b u kh a l i	native
বাবুগঞ্জ	b a b u g o nj	tatsama
বাবুগঞ্জে	b a b u g o nj e	tatsama
বাবুগঞ্জের	b a b u g o nj e r	tatsama
বাবুছড়া	b a b u chh o r a	native
বাবুদের	b a b u d e r	native
বাবুনগরি	b a b u n o g O r i	native
বাবুপাড়া	b a b u p a r a	native
বাবুপুরা	b a b u p u r a	native
বাবুবাজার	b a b u b a j a r	native
বাবুবাজারে	b a b u b a j a r e	native
বাবুবাজারের	b a b u b a j a r e r	native
বাবুর	b a b u r	native
বাবুরহাট	b a b u r h a T	native
বাবুরহাটে	b a b u r h a T e	native
বাবুরহাটের	b a b u r h a T e r	native
বাবুরা	b a b u r a	native
বাবুরাইল	b a b u r a i l	native
বাবুরাম	b a b u r a m	native
বাবুর্চি	b a b u r ch i	native
বাবুর্চিদের	b a b u r ch i d e r	native
বাবুর্চির	b a b u r ch i r	native
বাবুর্চিরা	b a b u r ch i r a	native
বাবুল	b a b u l	native
বাবুলকে	b a b u l k e	native
বাবুলসহ	b a b u l sh o h O	native
বাবুলাল	b a b u l a l	native
বাবুলের	b a b u l e r	native
বাবুসহ	b a b u sh o h O	native
বাবেল	b a b e l	native
বাবেলের	b a b e l e r	native
বাব্ব	b a b b o	native
বাভুমা	b a bh u m a	native
বাভুমার	b a bh u m a r	native
বাম	b a m	native
বামঘেশা	b a m gh e sh a	native
বামদল	b a m d o l	native
বামদলসহ	b a m d o l sh o h O	native
বামদলের	b a m d o l e r	native
বামদিকে	b a m d i k e	native
বামদের	b a m d e r	native
বামন	b a m O n	native
বামনকান্দা	b a m o n k a nd a	native
বামনকুমার	b a m o n k u m a r	native
বামনডাংগা	b a m o n D a ng g a	native
বামনপাড়া	b a m o n p a r a	native
বামনা	b a m n a	native
বামনাইল	b a m n a i l	native
বামনার	b a m n a r	native
বামনায়ন	b a m n a y o n	native
বামপন্থা	b a m p o n th a	native
বামপন্থি	b a m p o n th i	native
বামপন্থিদের	b a m p o n th i d e r	native
বামপন্থিরা	b a m p o n th i r a	native
বামপন্থিরাও	b a m p o n th i r a O	native
বামপাশের	b a m p a sh e r	native
বামফ্রন্ট	b a m ph r o n T	loanword
বামফ্রন্টই	b a m ph r o n T i	loanword
বামফ্রন্টও	b a m ph r o n T O	loanword
বামফ্রন্টকে	b a m ph r o n T k e	loanword
বামফ্রন্টবিরোধি	b a m ph r o n T b i r O dh i	loanword
বামফ্রন্টে	b a m ph r o n T e	loanword
বামফ্রন্টের	b a m ph r o n T e r	loanword
বামবাং	b a m b a ng	native
বামবিরোধি	b a m b i r O dh i	native
বামমুখি	b a m m u kh i	native
বামরা	b a m r a	native
বামরাইল	b a m r a i l	native
বামরুনগ্রাদ	b a m r u n gr a d	native
বামশাসিত	b a m sh a sh i t	native
বামহাতি	b a m h a t i	native
বামহাতে	b a m h a t e	native
বামা	b a m a	native
বামাচার	b a m a ch a r	native
বামাবর্ত	b a b a b o r t O	native
বামাসপ	b a m a sh o p	native
বামি	b a m i	native
বামিহাল	b a m i h a l	native
বামুন	b a m u n	native
বামুন্দি	b a m u nd i	native
বামেতর	b a m e t o r	native
বামের	b a m e r	native
বামেরা	b a m e r a	native
বাম্পার	b a mp a r	native
বাম্ভন	b a m bh O n	native
বার	b a r	native
বারংবার	b a r o ng b a r	native
বারই	b a r O i	native
বারইপাড়া	b a r o i p a r a	native
বারইয়ারহাট	b a r i y a r h a T	native
বারও	b a r O	native
বারক	b a r o k	native
বারকাউ	b a r k a u	native
বারকাত	b a r k a t	native
বারকাতের	b a r k a t e r	native
বারকে	b a r k e	native
বারকোড	b a r k O D	loanword
বারক্	b a r k	native
বারকয়েক	b a r k o y e k	native
বারখাদা	b a r kh a d a	native
বারগার	b a r g a r	native
বারটন	b a r T o n	proper_noun
বারটা	b a r o T a	native
বারটেক্স	b a r T e k s	loanword
বারটোল্ড	b a r T O l D	proper_noun
বারডেম	b a r D e m	proper_noun
বারডেমসহ	b a r D e m sh o h O	proper_noun
বারডেমে	b a r D e m e	proper_noun
বারডেমের	b a r D e m e r	proper_noun
বারতা	b a r O t a	native
বারতাকিয়া	b a r t a k i y a	native
বারতোলি	b a r t O l i	native
বারদরিয়া	b a r d O r i y a	native
বারদি	b a r O d i	native
বারদিগর	b a r d i g o r	native
বারদিতে	b a r d i t e	native
বারদির	b a r d i r	native
বারদেম	b a r d e m	native
বারন	b a r O n	native
বারনই	b a r o n i	native
বারনাবত	b a r O n a b o t o	native
বারনার্ড	b a r n a r D	proper_noun
বারফট্টাই	b a r o ph o T T a i	native
বারফি	b a r ph i	native
বারবাটোভ	b a r b a T O bh	proper_noun
বারবাডোজ	b a r o b a D O j	proper_noun
বারবাডোজে	b a r b a D O j e	proper_noun
বারবাডোজের	b a r o b a D O j e r	proper_noun
বারবাতোভ	b a r b a t O bh	native
বারবার	b a r b a r	native
বারবারই	b a r b a r i	native
বারবারা	b a r b a r a	native
বারবি	b a r b i	native
বারবিকিউ	b a r b i k i u	native
বারবিকিউর	b a r b i k i u r	native
বারবিলাসিনি	b a r O b i l a sh i n i	native
বারবুডার	b a r b u D a r	proper_noun
বারবেতভ	b a r b a t o bh	native
বারবেলা	b a r b A l a	native
বারভিডা	b a r bh i D a	proper_noun
বারভিডার	b a r o bh i D a r	proper_noun
বারভুইয়া	b a r O bh u i y a	native
বারমতি	b a r O m O t i	native
বারমুখ্যা	b a r O m u k kh a	native
বারমুডা	b a r m u D a	proper_noun
বারমুডাকে	b a r m u D a k e	proper_noun
বারমুডার	b a r m u D a r	proper_noun
বারলুসকোনি	b a r l u s k O n i	proper_noun
বারলুসকোনিকে	b a r l u s k O n i k e	proper_noun
বারলুসকোনির	b a r l u s k O n i r	proper_noun
বারলো	b a r l O	native
বারলোর	b a r l O r	native
বারশিংগা	b a r O sh i ng g a	native
বারসহ	b a r sh o h O	native
বারসামিয়ান	b a r s a m i y a n	proper_noun
বারসুকোভা	b a r s u k O bh a	proper_noun
বারহাট্টা	b a r O h a T T a	native
বারা	b a r a	native
বারাংগনা	b a r a ng g o n a	native
বারাংগনার	b a r a ng g o n a r	native
বারাআত	b a r a a t	native
বারাক	b a r a k	native
বারাকা	b a r a k a	native
বারাকাত	b a r a k a t	native
বারাকাতউল্লাহ	b a r a k a t u l l a h	compound
বারাকাতুল্লাহ	b a r a k a t u l l a h	compound
বারাকের	b a r a k e r	native
বারাত	b a r a t	native
বারাথ	b a r a th	native
বারাথের	b a r a th e r	native
বারাদারের	b a r a d a r e r	native
বারাদি	b a r a d i	native
বারাদির	b a r a d i r	native
বারানই	b a r a n i	native
বারানসি	b a r a n O sh i	native
বারানসির	b a r a n sh i r	native
বারান্ডা	b a r a n D a	native
বারান্তরে	b a r a nt o r e	native
বারান্দাতেই	b a r a nd a t e i	native
বারান্দায়	b a r a nd a y	native
বারান্দায়ও	b a r a nd a y O	native
বারান্দি	b a r a nd i	native
বারাম	b a r a m	native
বারামখানা	b a r a m kh a n a	native
বারার	b a r a r	native
বারাসত	b a r a sh o t	native
বারাসাত	b a r a sh a t	native
বারাসাতে	b a r a sh a t e	native
বারাহ	b a r a h O	native
বারাহি	b a r a h i	native
বারি	b a r i	native
বারিক	b a r i k	native
বারিককে	b a r i k k e	native
বারিকুল	b a r i k u l	native
বারিকে	b a r i k e	native
বারিতে	b a r i t e	native
বারিধারা	b a r i dh a r a	native
বারিধারার	b a r i dh a r a r	native
বারিধারায়	b a r i dh a r a y	native
বারিন	b a r i n	native
বারিন্দ্র	b a r i ndr O	native
বারির	b a r i r	native
বারিশ	b a r i sh	native
বারিড়ান	b a r i r a n	native
বারুইখালি	b a r u i kh a l i	native
বারুইপাড়া	b a r u i p a r a	native
বারুজিবি	b a r u j i b i	native
বারুদ	b a r u d	native
বারুদে	b a r u d e	native
বারুদের	b a r u d e r	native
বারুন	b a r u n	native
বারুনা	b a r u n a	native
বারুনি	b a r u n i	native
বারে	b a r e	native
বারেই	b a r e i	native
বারেক	b a r e k	native
বারেককে	b a r e k k e	native
বারেকুজ্জামান	b a r e k u j j a m a n	compound
বারেকুজ্জামানের	b a r e k u j j a m a n e r	compound
বারেন্দ্র	b a r e ndr O	native
বারেবারে	b a r e b a r e	native
বারের	b a r e r	native
বারেলভি	b a r e l bh i	native
বারেলভিরা	b a r e l bh i r a	native
বারেসি	b a r e sh i	native
বারোই	b a r O i	native
বারোইখালি	b a r O u kh a l i	native
বারোইয়াঢালা	b a r O u Dh a l a	native
বারোইয়ারহাট	b a r O i y a r h a T	native
বারোটা	b a r O T a	native
বারোটার	b a r O T a r	native
বারোটায়	b a r O T a y	native
বারোবাজার	b a r O b a j a r	native
বারোবাজারের	b a r O b a j a r e r	native
বারোমাসি	b a r O m a sh i	native
বারোর	b a r O r	native
বারোসো	b a r O s O	proper_noun
বারোয়ারি	b a r O y a r i	native
বারোয়ারিতে	b a r O y a r i t e	native
বার্ক	b a r k	proper_noun
বার্কলে	b a r k o l e	native
বার্কলের	b a r k l e r	native
বার্কশায়ার	b a r k sh a y a r	native
বার্কিং	b a r k i ng	proper_noun
বার্গ	b a r g	proper_noun
বার্গক্যাম্প	b a r g k A mp	loanword
বার্গম্যান	b a r g m A n	native
বার্গম্যানকে	b a r g m A n k e	native
বার্গম্যানের	b a r g m A n e r	native
বার্গার	b a r g a r	native
বার্গেন্ডি	b a r g e n D i	loanword
বার্জ	b a r j	loanword
বার্জকে	b a r j o k e	loanword
বার্জার	b a r j a r	native
বার্জারের	b a r j a r e r	native
বার্জিন	b a r j i n	native
বার্জে	b a r j e	native
বার্ট	b a r T	proper_noun
বার্টজকে	b a r T j k e	proper_noun
বার্টন	b a r T o n	proper_noun
বার্টনের	b a r T o n e r	proper_noun
বার্টার	b a r T a r	loanword
বার্ট্রান্ড	b a r T r a n D	loanword
বার্ড	b a r D	loanword
বার্ডম্যান	b a r D m A n	loanword
বার্ডস	b a r D s	loanword
বার্ডসের	b a r D s e r	loanword
বার্ডি	b a r D i	loanword
বার্ডের	b a r D e r	loanword
বার্তাই	b a r t a i	native
বার্তাও	b a r t a O	native
বার্তাগুলো	b a r t a g u l O	native
বার্তাগুলোর	b a r t a g u l O r	native
বার্তাটা	b a r t a T a	native
বার্তাটিই	b a r t a T i i	native
বার্তাটিতে	b a r t a T i t e	native
বার্তাটির	b a r t a T i r	native
বার্তাপ্রধান	b a r t a pr dh a n	native
বার্তাবাহক	b a r t a b a h O k	native
বার্তাবাহকের	b a r t a b a h o k e r	native
বার্তার	b a r t a r	native
বার্তাসংস্থা	b a r t a sh o ng sth a	native
বার্তায়	b a r t a y	native
বার্তিক	b a r t i k	native
বার্তোমেউ	b a r t O m e u	native
বার্ত্তাকু	b a r t a k u	native
বার্থ	b a r th	loanword
বার্থডে	b a r th D e	loanword
বার্থলোমিও	b a r th l O m i O	native
বার্থলোমিওর	b a r th l O m i r	native
বার্থে	b a r th e	native
বার্থেজ	b a r th e j	native
বার্থের	b a r th e r	loanword
বার্ধক্যজনিত	b a r dh O k k O j O n i t O	native
বার্ধক্যে	b a r dh O k k e	native
বার্ধক্যের	b a r dh o k k e r	native
বার্ধ্রিনস	b a r dh r i n o sh	native
বার্ন	b a r n	loanword
বার্নট্	b a r n o T	native
বার্নপুর	b a r n p u r	native
বার্নপুরে	b a r n p u r e	native
বার্নলি	b a r n o l i	native
বার্নস	b a r n s	proper_noun
বার্নসের	b a r n o sh e r	proper_noun
বার্নাড	b a r n a D	proper_noun
বার্নাব্যু	b a r n a b b u	native
বার্নাব্যুতে	b a r n a b u t e	native
বার্নাব্যুর	b a r n a b b u r	native
বার্নার	b a r n a r	native
বার্নারের	b a r n a r e r	native
বার্নার্ড	b a r n a r D	proper_noun
বার্নার্ডো	b a r n a r D O	proper_noun
বার্নার্স	b a r n a r s	proper_noun
বার্নার্সকে	b a r n a r s k e	proper_noun
বার্নার্সের	b a r n a r s e r	proper_noun
বার্নি	b a r n i	native
বার্নিক	b a r n i k	native
বার্নিকাট	b a r n i k a T	proper_noun
বার্নিকাটকে	b a r n i k a T k e	proper_noun
বার্নিকাটের	b a r n i k a T e r	proper_noun
বার্নিশ	b a r n i sh	native
বার্নিস	b a r n i sh	native
বার্নেস	b a r n e s	proper_noun
বার্বাডোজে	b a r b a D O j e	proper_noun
বার্বাতোভ	b a r b a t O bh	native
বার্ম	b a r m	loanword
বার্মা	b a r m a	native
বার্মার	b a r m a r	native
বার্মায়	b a r m a y	native
বার্মি	b a r m i	native
বার্মিংহাম	b a r m i ng h a m	native
বার্মিংহামে	b a r m i ng h a m e	native
বার্মিংহামের	b a r m i ng h a m e r	native
বার্মিজ	b a r m i j	native
বার্য	b a r j O	native
বার্যমান	b a r j O m a n	native
বার্লি	b a r l i	native
বার্লিন	b a r l i n	native
বার্লিনভিত্তিক	b a r l i n bh i tt i k	compound
বার্লিনে	b a r l i n e	native
বার্লিনের	b a r l i n e r	native
বার্লুসকোনি	b a r l u s k O n i	proper_noun
বার্লুসকোনির	b a r l u s k O n i r	proper_noun
বার্লোসকুনি	b a r l u s k O n i	proper_noun
বার্ষিকভাবে	b a r sh i k bh a b e	tatsama
বার্ষিকি	b a r sh i k i	tatsama
বার্ষিকিতে	b a r sh i k i t e	tatsama
বার্ষিকির	b a r sh i k i r	tatsama
বার্সা	b a r s a	proper_noun
বার্সাই	b a r s a i	proper_noun
বার্সাও	b a r s a O	proper_noun
বার্সাকে	b a r s a k e	proper_noun
বার্সাকেই	b a r s a k e i	proper_noun
বার্সার	b a r s a r	proper_noun
বার্সায়	b a r s a y	proper_noun
বার্সিলোনার	b a r s i l O n a r	proper_noun
বার্সেলোনা	b a r s e l O n a	proper_noun
বার্সেলোনাই	b a r s e l O n a i	proper_noun
বার্সেলোনাও	b a r s e l O n a O	proper_noun
বার্সেলোনাকেই	b a r s e l O n a k e i	proper_noun
বার্সেলোনাকেও	b a r s e l O n a k e O	proper_noun
বার্সেলোনাতে	b a r s e l O n a t e	proper_noun
বার্সেলোনাতেই	b a r s e l O n a t e i	proper_noun
বার্সেলোনার	b a r s e l O n a r	proper_noun
বার্সেলোনারই	b a r s e l O n a r i	proper_noun
বার্সেলোনায়	b a r s e l O n a y	proper_noun
বার্হস্পত্য	b a r h O s p O t t O	loanword
বারয়িতা	b a r O y i t a	native
বারয়োশিৎ	b a r O y O sh i t	native
বালক	b a l O k	native
বালকও	b a l o k O	native
বালকটি	b a l O k T i	native
বালকটিকে	b a l O k T i k e	native
বালকটির	b a l O k T i r	native
বালকের	b a l O k e r	native
বালখ	b a l o kh	native
বালখিল্যতা	b a l o kh i l l o t a	native
বালতিতে	b a l t i t e	native
বালতির	b a l t i r	native
বালদো	b a l d O	native
বালম	b a l o m	native
বালমার	b a l o m a r	native
বালা	b a l a	native
বালাই	b a l a i	native
বালাইনাশক	b a l a i n a sh O k	native
বালাউইং	b a l a u i ng	native
বালাক	b a l a k	native
বালাককে	b a l a k k e	native
বালাকে	b a l a k e	native
বালাকের	b a l a k e r	native
বালাখানা	b a l a kh a n a	native
বালাগঞ্জ	b a l a g o nj	tatsama
বালাগঞ্জে	b a l a g o nj e	tatsama
বালাগঞ্জের	b a l a g o nj e r	tatsama
বালাজি	b a l a j i	native
বালাট	b a l a T	native
বালাতপ	b a l a t o p	native
বালাতেল্লি	b a l a t e l l i	native
বালাতেল্লির	b a l a t e l l i r	native
বালান	b a l a n	native
বালানও	b a l a n O	native
বালানকে	b a l a n k e	native
বালানের	b a l a n e r	native
বালাপাড়া	b a l a p a r a	native
বালাবি	b a l a b i	native
বালাম	b a l a m	native
বালামকে	b a l a m k e	native
বালামের	b a l a m e r	native
বালার	b a l a r	native
বালার্ক	b a l a r k	native
বালাশুর	b a l a sh u r	native
বালি	b a l i	native
বালিকা	b a l i k a	native
বালিকাকে	b a l i k a k e	native
বালিকাটি	b a l i k a T i	native
বালিকাদের	b a l i k a d e r	native
বালিকাবধুটির	b a l i k a b o dh u T i r	native
বালিকার	b a l i k a r	native
বালিকারা	b a l i k a r a	native
বালিকে	b a l i k e	native
বালিগঞ্জ	b a l i g o nj	tatsama
বালিজুড়ি	b a l i j u r i	native
বালিতে	b a l i t e	native
বালিনস্কায়া	b a l i n s k a y a	loanword
বালির	b a l i r	native
বালিশচাপা	b a l i sh ch a p a	native
বালিশটা	b a l i sh T a	native
বালিশে	b a l i sh e	native
বালিশের	b a l i sh e r	native
বালিহাস	b a l i h a sh	native
বালিয়া	b a l i y a	native
বালিয়াকান্দি	b a l i y a k a nd i	native
বালিয়াকান্দিতে	b a l i y a k a nd i t e	compound
বালিয়াকান্দির	b a l i y a k a nd i r	compound
বালিয়াডাংগা	b a l i y a D a ng g a	native
বালিয়াডাংগি	b a l i y a D a ng g i	native
বালিয়াডাংগির	b a l i y a D a ng g i r	native
বালিয়াতলি	b a l i y a t o l i	native
বালিয়ামারি	b a l i y a m a r i	native
বালিয়াড়ি	b a l i y a r i	native
বালিয়াড়িতে	b a l i y a r i t e	native
বালুকনা	b a l u k o n a	native
বালুকনার	b a l u k o n a r	native
বালুকা	b a l u k a	native
বালুকাবেলায়	b a l u k a b e l a y	native
বালুকে	b a l u k e	native
বালুখালি	b a l u kh a l i	native
বালুঘাট	b a l u gh a T	native
বালুচদের	b a l u ch d e r	native
বালুচর	b a l u ch o r	native
বালুচিস্তান	b a l u ch i s th a n	proper_noun
বালুছড়া	b a l u chh o r a	native
বালুছড়ায়	b a l u chh o r a y	native
বালুতে	b a l u t e	native
বালুবাহি	b a l u b a h i	native
বালুবোঝাই	b a l u b O jh a i	native
বালুভর্তি	b a l u bh O r t i	native
বালুমহালে	b a l u m o h a l e	native
বালুমহালের	b a l u m o h a l e r	native
বালুমাটি	b a l u m a T i	native
বালুরঘাট	b a l u r gh a T	native
বালুরমাঠ	b a l u r m a Th	native
বালুরমাঠে	b a l u r m a Th e	native
বালুয়া	b a l u y a	native
বালুয়াকান্দি	b a l u y a k a nd i	native
বালুয়াবাসুয়া	b a l u y a b a sh u y a	loanword
বালেগ	b a l e g	native
বালেন্দু	b a l e nd u	native
বালো	b a l O	native
বালোতেল্লি	b a l O t e l l i	native
বালোতেল্লির	b a l O t e l l i r	native
বাল্ক	b a l k	loanword
বাল্কহেডটি	b a l k h e D T i	native
বাল্টিক	b a l T i k	loanword
বাল্টিমোর	b a l T i m O r	proper_noun
বাল্টিমোরে	b a l T i m O r e	proper_noun
বাল্টিমোরের	b a l T i m O r e r	proper_noun
বাল্ট্রা	b a l T r a	loanword
বাল্ব	b a l b	loanword
বাল্বগুলো	b a l b g u l O	loanword
বাল্বটি	b a l b T i	loanword
বাল্বটির	b a l b T i r	loanword
বাল্বের	b a l b e r	loanword
বাল্মিকি	b a l l i k i	native
বাল্য	b a l l O	native
বাল্যকাল	b a l l O k a l	native
বাল্যকালে	b a l l O k a l e	native
বাল্যকালের	b a l l O k a l e r	native
বাল্যবন্ধু	b a l l O b O ndh u	tatsama
বাল্যবিবাহ	b a l l O b i b a h O	native
বাল্যবিবাহের	b a l l O b i b a h e r	native
বাল্যবিয়ে	b a l l o b i y e	native
বাল্যবিয়ের	b a l l o b i y e r	native
বাল্লা	b a l l a	native
বাশ	b a sh	native
বাশকাটা	b a sh k a T a	native
বাশকান্দি	b a sh k a nd i	native
বাশকে	b a sh k e	native
বাশখালি	b a sh kh a l i	native
বাশখালিতে	b a sh kh a l i t e	native
বাশখালির	b a sh kh a l i r	native
বাশখালিসহ	b a sh kh a l i sh o h O	native
বাশগাড়ি	b a sh g a r i	native
বাশগুলো	b a sh g u l O	native
বাশঝাড়	b a sh jh a r	native
বাশঝাড়ের	b a sh jh a r e r	native
বাশট্টি	b a sh o T T i	native
বাশতলা	b a sh t o l a	native
বাশতোইল	b a sh t O i l	native
বাশপচাই	b a sh p o ch a i	native
বাশপট্টি	b a sh p o T T i	native
বাশপুকুর	b a sh p u k u r	native
বাশবন	b a sh b o n	native
বাশবাগানে	b a sh b a g a n e	native
বাশবাড়ি	b a sh b a r i	native
বাশবাড়িয়া	b a sh b a r i y a	native
বাশবাড়িয়ার	b a sh b a r i y a r	native
বাশবুনিয়া	b a sh b u n i y a	native
বাশরি	b a sh o r i	native
বাশসহ	b a sh sh o h O	native
বাশাগাড়ি	b a sh a g a r i	native
বাশারকে	b a sh a r k e	native
বাশারসহ	b a sh a r sh o h O	native
বাশারি	b a sh a r i	native
বাশারের	b a sh a r e r	native
বাশি	b a sh i	native
বাশিই	b a sh i i	native
বাশিও	b a sh i O	native
বাশিওয়ালা	b a sh i O y a l a	native
বাশিওয়ালার	b a sh i O y a l a r	native
বাশিকে	b a sh i k e	native
বাশিটা	b a sh i T a	native
বাশিটি	b a sh i T i	native
বাশিতে	b a sh i t e	native
বাশির	b a sh i r	native
বাশে	b a sh e	native
বাশের	b a sh e r	native
বাশ্প	b a sh p O	native
বাশ্পরুদ্ধ	b a sh p o r u d dh o	tatsama
বাশ্পায়িত	b a sh p a y i t	native
বাশ্পিভবন	b a sh p i bh o b O n	native
বাশ্পিভবনের	b a sh p i bh o b O n e r	native
বাশ্পিভুত	b a sh p i bh u t o	native
বাশ্পিয়	b a sh p i y	native
বাশ্পে	b a sh p e	native
বাশ্পের	b a sh p e r	native
বাসই	b a sh i	loanword
বাসও	b a sh O	loanword
বাসক	b a sh O k	loanword
বাসকারি	b a sh k a r i	loanword
বাসকে	b a sh k e	loanword
বাসগুলোও	b a s g u l O O	loanword
বাসগুলোকে	b a s g u l O k e	loanword
বাসগুলোতে	b a s g u l O t e	loanword
বাসগুলোর	b a s g u l O r	loanword
বাসগৃহ	b a sh g ri h O	tatsama
বাসগৃহে	b a sh g ri h e	tatsama
বাসচাপা	b a s ch a p a	loanword
বাসচাপায়	b a s ch a p a y	loanword
বাসচালককে	b a s ch a l o k k e	loanword
বাসচালকদের	b a s ch a l o k d e r	loanword
বাসচালকেরা	b a s ch a l o k e r a	loanword
বাসজাত্রা	b a s j a tr a	loanword
বাসজাত্রার	b a s j a tr a r	loanword
বাসজাত্রি	b a s j a tr i	loanword
বাসজাত্রিদের	b a s j a tr i d e r	loanword
বাসজাত্রির	b a s j a tr i r	loanword
বাসজাত্রিরা	b a s j a tr i r a	loanword
বাসজোগে	b a s j O g e	loanword
বাসজোগ্য	b a sh j O g g O	loanword
বাসজোগ্যতা	b a sh j O g g o t a	loanword
বাসটা	b a s T a	loanword
বাসটার্মিনাল	b a s T a r m i n a l	loanword
বাসটিও	b a s T i O	loanword
বাসটিতে	b a s T i t e	loanword
বাসটির	b a s T i r	loanword
বাসত	b a sh t o	loanword
বাসতে	b a sh t e	loanword
বাসদের	b a s d e r	loanword
বাসনকোসন	b a sh O n k O sh O n	loanword
বাসনকোসনের	b a sh o n k O sh o n e r	loanword
বাসনাই	b a sh o n a i	loanword
বাসনাও	b a sh O n a O	loanword
বাসনাপুর্ন	b a sh o n a p u r n o	loanword
বাসনার	b a sh O n a r	loanword
বাসনায়	b a sh o n a y	loanword
বাসনের	b a sh o n e r	loanword
বাসন্ত	b a sh o nt o	loanword
বাসপ্রতি	b a s pr o t i	loanword
বাসফর	b a sh ph o r	loanword
বাসব	b a sh O b	loanword
বাসবি	b a sh b i	loanword
বাসবো	b a sh b O	loanword
বাসভবনসহ	b a sh bh o b o n sh o h O	loanword
বাসভবনে	b a sh bh o b O n e	loanword
বাসভবনেই	b a sh bh o b o n e i	loanword
বাসভর্তি	b a s bh o r t i	loanword
বাসভাড়া	b a s bh a r a	loanword
বাসভুমি	b a sh bh u m i	loanword
বাসভুমির	b a sh bh u m i r	loanword
বাসভুমে	b a sh bh u m e	loanword
বাসমতি	b a sh m O t i	loanword
বাসমালিক	b a s m a l i k	loanword
বাসমালিকদের	b a s m a l i k d e r	loanword
বাসমালিকের	b a s m a l i k e r	loanword
বাসমালিকেরা	b a s m a l i k e r a	loanword
বাসর	b a sh O r	loanword
বাসররাতে	b a sh o r r a t e	loanword
বাসশ্রমিক	b a s sh r o m i k	loanword
বাসশ্রমিককে	b a s sh r o m i k k e	loanword
বাসশ্রমিকদের	b a s sh r o m i k d e r	loanword
বাসশ্রমিকেরা	b a s sh r o m i k e r a	loanword
বাসস	b a sh O sh	loanword
বাসসকে	b a sh O sh k e	loanword
বাসসজ্জা	b a sh sh o j j a	loanword
বাসসেবা	b a sh o sh e b a	loanword
বাসসের	b a sh O sh e r	loanword
বাসস্টপেজ	b a s s T o p e j	loanword
বাসস্টেশনে	b a s s T e sh O n e	loanword
বাসস্ট্যান্ড	b a s s T A n D	loanword
বাসস্ট্যান্ডসংলগ্ন	b a s s T A n D sh o ng l o g n o	loanword
বাসস্ট্যান্ডসহ	b a s s T A n D sh o h O	loanword
বাসস্ট্যান্ডেও	b a s s T A n D e O	loanword
বাসস্ট্যান্ডের	b a s s T A n D e r	loanword
বাসস্থানসহ	b a sh sth a n sh o h O	loanword
বাসস্থানের	b a sh sth a n e r	loanword
বাসা	b a sh a	loanword
বাসাইল	b a sh a i l	loanword
বাসাও	b a sh a O	loanword
বাসাগুলোতে	b a sh a g u l O t e	loanword
বাসাটা	b a sh a T a	loanword
বাসাটি	b a sh a T i	loanword
বাসাটিই	b a sh a T i i	loanword
বাসাটিতে	b a sh a T i t e	loanword
বাসাটির	b a sh a T i r	loanword
বাসাতে	b a sh a t e	loanword
বাসাতেই	b a sh a t e i	loanword
বাসাতেও	b a sh a t e O	loanword
বাসাবাটি	b a sh a b a T i	loanword
বাসাবাড়ি	b a sh a b a r i	loanword
বাসাবাড়িতে	b a sh a b a r i t e	loanword
বাসাবাড়ির	b a sh a b a r i r	loanword
বাসাবো	b a sh a b O	loanword
বাসাবোতে	b a sh a b O t e	loanword
বাসাবোর	b a sh a b O r	loanword
বাসাভাড়া	b a sh a bh a r a	loanword
বাসার	b a sh a r	loanword
বাসারাত	b a sh a r a t	loanword
বাসারুলকে	b a sh a r u l k e	loanword
বাসারুলের	b a sh a r u l e r	loanword
বাসারের	b a sh a r e r	loanword
বাসাসহ	b a sh a sh o h O	loanword
বাসায়	b a sh a y	loanword
বাসায়ই	b a sh a y i	loanword
বাসায়ও	b a sh a y O	loanword
বাসি	b a sh i	loanword
বাসিত	b a sh i t O	loanword
বাসিন্দাই	b a sh i nd a i	loanword
বাসিন্দাও	b a sh i nd a O	loanword
বাসিন্দাকে	b a sh i nd a k e	loanword
বাসিন্দাদের	b a sh i nd a d e r	loanword
বাসিন্দাদেরও	b a sh i nd a d e r O	loanword
বাসিন্দার	b a sh i nd a r	loanword
বাসিন্দারা	b a sh i nd a r a	loanword
বাসিন্দারাও	b a sh i nd a r a O	loanword
বাসির	b a sh i r	loanword
বাসিল	b a sh i l o	loanword
বাসিলে	b a sh i l e	loanword
বাসিয়া	b a sh i y a	loanword
বাসু	b a sh u	loanword
বাসুদেব	b a sh u d e b	loanword
বাসুদেবপুর	b a sh u d e b p u r	loanword
বাসুনিয়া	b a sh u n i y a	loanword
বাসুনিয়ার	b a sh u n i y a r	loanword
বাসুরভিটা	b a sh u r bh i T a	loanword
বাসে	b a s e	loanword
বাসেই	b a s e i	loanword
বাসেও	b a s e O	loanword
বাসেদ	b a sh e d	loanword
বাসেন	b a sh e n	loanword
বাসের	b a s e r	loanword
বাসেরই	b a s e r i	loanword
বাসেল	b a s e l	proper_noun
বাসো	b a sh O	loanword
বাসোপজোগি	b a sh O p o j O g i	loanword
বাস্কেট	b a s k e T	loanword
বাস্কেটবলে	b a s k e T b o l e	loanword
বাস্কেটবলের	b a s k e T b o l e r	loanword
বাস্ট	b a s T	loanword
বাস্টার্ড	b a s T a r D	loanword
বাস্টার্ডস	b a s T a r D s	loanword
বাস্ট্রোপ	b a s T r O p	proper_noun
বাস্তবকে	b a st O b k e	loanword
বাস্তবচিত্র	b a st O b ch i tr O	loanword
বাস্তবজিবনে	b a st O b j i b O n e	loanword
বাস্তবজিবনের	b a st O b j i b o n e r	loanword
বাস্তবত	b a st o b o t o	loanword
বাস্তবতা	b a st O b o t a	loanword
বাস্তবতাই	b a st O b o t a i	loanword
বাস্তবতাও	b a st o b o t a O	loanword
বাস্তবতাকে	b a st O b o t a k e	loanword
বাস্তবতাটা	b a st o b o t a T a	loanword
বাস্তবতাটি	b a st o b o t a T i	loanword
বাস্তবতাবর্জিত	b a st o b o t a b o r j i t o	compound
বাস্তবতাবিবর্জিত	b a st o b o t a b i b o r j i t o	compound
বাস্তবতার	b a st O b o t a r	loanword
বাস্তবতারই	b a st o b o t a r i	loanword
বাস্তবতায়	b a st o b o t a y	loanword
বাস্তবধর্মি	b a st O b dh O r m i	loanword
বাস্তববাদি	b a st O b b a d i	loanword
বাস্তবভিত্তিক	b a st O b bh i tt i k	compound
বাস্তবমুখি	b a st O b m u kh i	loanword
বাস্তবসম্মত	b a st O b sh o mm o t O	loanword
বাস্তবসম্মতভাবে	b a st o b sh o mm o t o bh a b e	compound
বাস্তবানুগ	b a st O b a n u g	loanword
বাস্তবায়ন	b a st O b a y O n	loanword
বাস্তবায়নই	b a st o b a y o n i	loanword
বাস্তবায়নও	b a st o b a y o n O	loanword
বাস্তবায়নকাজ	b a st o b a y o n k a j	loanword
বাস্তবায়নকারি	b a st o b a y o n k a r i	compound
বাস্তবায়নকারিদের	b a st o b a y o n k a r i d e r	compound
বাস্তবায়নকাল	b a st o b a y o n k a l	loanword
বাস্তবায়নকে	b a st o b a y o n k e	loanword
বাস্তবায়নজোগ্য	b a st o b a y o n j O g g o	compound
বাস্তবায়নজোগ্যতা	b a st o b a y o n j O g g o t a	compound
বাস্তবায়নটা	b a st o b a y o n T a	loanword
বাস্তবায়নবিরোধি	b a st o b a y o n b i r O dh i	compound
বাস্তবায়নসংক্রান্ত	b a st o b a y o n sh o ng kr a nt o	compound
বাস্তবায়নসহ	b a st o b a y o n sh o h O	loanword
বাস্তবায়নাধিন	b a st o b a y o n dh i n	compound
বাস্তবায়নে	b a st o b a y o n e	loanword
বাস্তবায়নেই	b a st o b a y o n o e i	loanword
বাস্তবায়নেও	b a st o b a y o n e O	loanword
বাস্তবায়নের	b a st O b a y o n e r	loanword
বাস্তবায়নেরও	b a st o b a y o n e r O	loanword
বাস্তবায়িত	b a st o b a y i t o	loanword
বাস্তবিক	b a st O b i k	loanword
বাস্তবিকভাবে	b a st o b i k bh a b e	loanword
বাস্তবেই	b a st O b e i	loanword
বাস্তবেও	b a st O b e O	loanword
বাস্তবের	b a st O b e r	loanword
বাস্তবোচিত	b a st o b O ch i t	loanword
বাস্তব্য	b a st O b b O	loanword
বাস্তার	b a st a r	loanword
বাস্তিয়ান	b a st i y a n	loanword
বাস্তু	b a st u	loanword
বাস্তুক	b a st u k	loanword
বাস্তুচ্যুত	b a st u ch u t O	loanword
বাস্তুচ্যুতি	b a st u ch ch u t i	loanword
বাস্তুচ্যুতির	b a st u ch ch u t i r	compound
বাস্তুভিটা	b a st u bh i T a	loanword
বাস্তুভিটায়	b a st u bh i T a y	loanword
বাস্তুসংস্থান	b a st u sh o ng sth a n	compound
বাস্তুসংস্থানের	b a st u sh o ng sth a n e r	compound
বাস্তুহারা	b a st u h a r a	loanword
বাস্তেইন	b a st e i n	loanword
বাস্তেন	b a st e n	loanword
বাস্তেনের	b a st e n e r	loanword
বাস্তোস	b a s T O s	proper_noun
বাস্থই	b a sth o i	loanword
বাহক	b a h O k	native
বাহকদের	b a h o k d e r	native
বাহকের	b a h O k e r	native
বাহকেরা	b a h o k e r a	native
বাহদুরশাহ	b a h d u r sh a h o	native
বাহন	b a h O n	native
বাহনও	b a h o n O	native
বাহনটি	b a h O n T i	native
বাহনের	b a h O n e r	native
বাহবা	b a h O b a	native
বাহরাইন	b a h r a i n	native
বাহরাইনে	b a h r a i n e	native
বাহরাইনের	b a h r a i n e r	native
বাহলুল	b a h l u l	native
বাহাই	b a h a i	native
বাহাউদ্দিন	b a h a u d d i n	native
বাহাজ	b a h a j	native
বাহাতি	b a h a t i	native
বাহাতিকে	b a h a t i k e	native
বাহাতির	b a h a t i r	native
বাহাত্তরে	b a h a tt u r e	native
বাহাত্তরেই	b a h a tt u r e i	native
বাহাত্তরের	b a h a tt o r e r	native
বাহাদুর	b a h a d u r	native
বাহাদুরপুর	b a h a d u r p u r	native
বাহাদুরপুরে	b a h a d u r p u r e	native
বাহাদুরপুরের	b a h a d u r p u r e r	native
বাহাদুরাবাদ	b a h a d u r a b a d	native
বাহাদুরি	b a h a d u r i	native
বাহাদুরির	b a h a d u r i r	native
বাহাদুরের	b a h a d u r e r	native
বাহানা	b a h a n a	native
বাহানায়	b a h a n a y	native
বাহামার	b a h a m a r	native
বাহামায়	b a h a m a y	native
বাহারউদ্দিন	b a h a r u d d i n	native
বাহারও	b a h a r O	native
বাহারছড়া	b a h a r chh o r a	native
বাহারছড়ার	b a h a r chh o r a r	native
বাহারপুর	b a h a r p u r	native
বাহারাইনে	b a h a r a i n e	native
বাহারাইনের	b a h a r a i n e r	native
বাহারাম	b a h a r a m	native
বাহারুল	b a h a r u l	native
বাহারে	b a h a r e	native
বাহাল	b a h a l	native
বাহালুল	b a h a l u l	native
বাহাস	b a h a sh	native
বাহাসে	b a h a sh e	native
বাহাসের	b a h a sh e r	native
বাহিক	b a h i k	native
বাহিত	b a h i t O	native
বাহিদি	b a h i d i	native
বাহিনি	b a h i n i	native
বাহিনিই	b a h i n i i	native
বাহিনিও	b a h i n i O	native
বাহিনিকে	b a h i n i k e	native
বাহিনিকেই	b a h i n i k e i	native
বাহিনিকেও	b a h i n i k e O	native
বাহিনিগুলো	b a h i n i g u l O	native
বাহিনিগুলোকে	b a h i n i g u l O k e	native
বাহিনিগুলোতে	b a h i n i g u l O t e	native
বাহিনিগুলোর	b a h i n i g u l O r	native
বাহিনিটি	b a h i n i T i	native
বাহিনিটির	b a h i n i T i r	native
বাহিনিতে	b a h i n i t e	native
বাহিনিতেও	b a h i n i t e O	native
বাহিনিদের	b a h i n i d e r	native
বাহিনির	b a h i n i r	native
বাহিনিরই	b a h i n i r i	native
বাহিনিরও	b a h i n i r O	native
বাহিনিসমুহ	b a h i n i sh o m u h o	native
বাহিনিসহ	b a h i n i sh o h O	native
বাহির	b a h i r	native
বাহিরকে	b a h i r k e	native
বাহিরচর	b a h i r ch o r	native
বাহিরদিয়া	b a h i r d i y a	native
বাহিরে	b a h i r e	native
বাহিরের	b a h i r e r	native
বাহুডোরে	b a h u D O r e	native
বাহুতে	b a h u t e	native
বাহুবন্ধনি	b a h u b o ndh o n i	tatsama
বাহুবলি	b a h u b O l i	native
বাহুবলে	b a h u b o l e	native
বাহুবলের	b a h u b o l e r	native
বাহুবালি	b a h u b a l i	native
বাহুবিশিশ্ট	b a h u b i sh i sh T o	native
বাহুর	b a h u r	native
বাহুল্য	b a h u l l O	native
বাহুল্যবর্জিত	b a h u l l o b o r j i t o	compound
বাহুড়ানো	b a h u r a n O	native
বাহে	b a h e	native
বাহের	b a h e r	native
বাহেরচর	b a h e r ch o r	native
বাহ্	b a h	native
বাহ্বা	b a h b a	native
বাহ্বাস্ফোট	b a O bh a sh ph O T O T	loanword
বাহ্যিক	b a j j i k	native
বাহ্যিকতা	b a j j i k o t a	native
বাৎ	b a t	native
বাৎলানো	b a t l a n O	native
বাৎসল্য	b a t sh O l l O	native
বাৎস্যায়নন	b a t sh a y O n	native
বাড়	b a r	native
বাড়ছিল	b a r chh i l o	native
বাড়ছে	b a r chh e	native
বাড়ছেই	b a r chh e i	native
বাড়ত	b a r t o	native
বাড়তি	b a r t i	native
বাড়তির	b a r t i r	native
বাড়তে	b a r t e	native
বাড়তেই	b a r t e i	native
বাড়ন	b a r O n	native
বাড়ন্ত	b a r O nt O	native
বাড়ব	b a r O b	native
বাড়বকুন্ড	b a r o b k u n D o	native
বাড়বকুন্ডে	b a r o b k u n D e	native
বাড়বকুন্ডের	b a r o b k u n D e r	native
বাড়বাড়ন্ত	b a r b a r o nt o	native
বাড়বে	b a r b e	native
বাড়বেই	b a r b e i	native
বাড়ল	b a r l o	native
বাড়লে	b a r l e	native
বাড়লেই	b a r l e i	native
বাড়লেও	b a r l e O	native
বাড়া	b a r a	native
বাড়াই	b a r a i	native
বাড়াইনি	b a r a i n i	native
বাড়াইয়া	b a r a i y a	native
বাড়াও	b a r a O	native
বাড়াচ্ছি	b a r a ch chh i	native
বাড়াচ্ছিলেন	b a r a ch chh i l e n	native
বাড়াচ্ছে	b a r a ch chh e	native
বাড়াচ্ছেন	b a r a ch chh e n	native
বাড়াত	b a r a t o	native
বাড়াতে	b a r a t e	native
বাড়াতেই	b a r a t e i	native
বাড়াতেও	b a r a t e O	native
বাড়ান	b a r a n	native
বাড়ানো	b a r a n O	native
বাড়ানোই	b a r a n O i	native
বাড়ানোও	b a r a n O O	native
বাড়ানোকে	b a r a n O k e	native
বাড়ানোকেই	b a r a n O k e i	native
বাড়ানোটা	b a r a n O T a	loanword
বাড়ানোরও	b a r a n O r O	native
বাড়ানোসংক্রান্ত	b a r a n O sh o ng kr a nt o	compound
বাড়ানোসহ	b a r a n O sh o h O	native
বাড়ানোয়	b a r a n O y	native
বাড়াব	b a r a b o	native
বাড়াবাড়ি	b a r a b a r i	native
বাড়াবাড়িই	b a r a b a r i i	native
বাড়াবাড়িও	b a r a b a r i O	native
বাড়াবাড়িতে	b a r a b a r i t e	native
বাড়াবাড়ির	b a r a b a r i r	native
বাড়াবে	b a r a b e	native
বাড়াবেন	b a r a b e n	native
বাড়ার	b a r a r	native
বাড়ারও	b a r a r O	native
বাড়াল	b a r a l o	native
বাড়ালাম	b a r a l a m	native
বাড়ালে	b a r a l e	native
বাড়ালেই	b a r a l e i	native
বাড়ালেও	b a r a l e O	native
বাড়ালেন	b a r a l e n	native
বাড়াসহ	b a r a sh o h O	native
বাড়ায়	b a r a y	native
বাড়ায়নি	b a r a y n i	native
বাড়িই	b a r i i	native
বাড়িও	b a r i O	native
বাড়িওয়ালা	b a r i O y a l a	native
বাড়িওয়ালাকে	b a r i O y a l a k e	native
বাড়িওয়ালাদের	b a r i O y a l a d e r	native
বাড়িওয়ালার	b a r i O y a l a r	native
বাড়িওয়ালারা	b a r i O y a l a r a	native
বাড়িকে	b a r i k e	native
বাড়িগুলো	b a r i g u l O	native
বাড়িগুলোতে	b a r i g u l O t e	native
বাড়িগুলোর	b a r i g u l O r	native
বাড়িঘর	b a r i gh o r	native
বাড়িঘরও	b a r i gh o r O	native
বাড়িঘরে	b a r i gh o r e	native
বাড়িঘরেও	b a r i gh o r e O	native
বাড়িঘরের	b a r i gh o r e r	native
বাড়িছাড়া	b a r i chh a r a	native
বাড়িছে	b a r i chh e	native
বাড়িজুড়ে	b a r i j u r e	native
বাড়িটা	b a r i T a	native
বাড়িটার	b a r i T a r	native
বাড়িটি	b a r i T i	native
বাড়িটিই	b a r i T i i	native
বাড়িটিও	b a r i T i O	native
বাড়িটিকে	b a r i T i k e	native
বাড়িটিতে	b a r i T i t e	native
বাড়িটিতেই	b a r i T i t e i	native
বাড়িটির	b a r i T i r	native
বাড়িত	b a r i t	native
বাড়িতে	b a r i t e	native
বাড়িতেই	b a r i t e i	native
বাড়িতেও	b a r i t e O	native
বাড়িভাড়া	b a r i bh a r a	native
বাড়িভাড়ার	b a r i bh a r a r	native
বাড়িভাড়াসংক্রান্ত	b a r i bh a r a sh o ng kr a nt o	compound
বাড়িমালিক	b a r i m a l i k	native
বাড়িমালিকদের	b a r i m a l i k d e r	native
বাড়িমালিকের	b a r i m a l i k e r	native
বাড়িমালিকেরা	b a r i m a l i k e r a	native
বাড়িমুখো	b a r i m u kh O	native
বাড়িরই	b a r i r o i	native
বাড়িসংক্রান্ত	b a r i sh o ng kr a nt o	compound
বাড়িসংলগ্ন	b a r i sh o ng l o g n o	native
বাড়িসহ	b a r i sh o h O	native
বাড়িয়া	b a r i y a	native
বাড়িয়াছনি	b a r i y a chh o n i	native
বাড়িয়াছে	b a r i y a chh e	native
বাড়িয়ে	b a r i y e	native
বাড়িয়েই	b a r i y e i	native
বাড়িয়েও	b a r i y e O	native
বাড়িয়েছি	b a r i y e chh i	native
বাড়িয়েছিল	b a r i y e chh i l o	native
বাড়িয়েছিলেন	b a r i y e chh i l e n	native
বাড়িয়েছেন	b a r i y e chh e n	native
বাড়ুক	b a r u k	native
বাড়ে	b a r e	native
বাড়েনি	b a r e n i	native
বাড়োই	b a r O i	native
বাড়োইখালি	b a r O i kh a l i	native
বাড়োইর	b a r O i r	native
বাড়্যালরা	b a r e l r a	native
বায়	b a y	native
বায়আত	b a y a t	native
বায়ক	b a y O k	native
বায়তুন	b a y t u n	native
বায়তুর	b a y t u r	native
বায়তুল	b a y t u l	native
বায়তুলমাল	b a y o t u l m a l	native
বায়তুল্লাহ	b a y t u l l a h	native
বায়তুশ	b a y t u sh	native
বায়তুশশরফ	b a y t u sh sh o r o ph	native
বায়ন	b a y O n	native
বায়না	b a y n a	native
বায়নানামা	b a y n a n a m a	native
বায়নার	b a y n a r	native
বায়বিয়	b a y b i y	native
বায়রন	b a y r o n	native
বায়রা	b a y r a	native
বায়রাকে	b a y r a k e	native
বায়রার	b a y r a r	native
বায়স	b a y O sh	native
বায়স্কোপ	b a y O s k O p	loanword
বায়হাকি	b a y h a k i	native
বায়া	b a y a	native
বায়ান্ন	b a y a nn o	native
বায়ান্নতে	b a y a nn o t e	native
বায়ান্নর	b a y a nn o r	native
বায়ান্নের	b a y a nn e r	native
বায়ার	b a y a r	native
বায়ার্ড	b a y a r D	proper_noun
বায়ার্ডের	b a y a r D e r	proper_noun
বায়ার্ন	b a y a r n	proper_noun
বায়ার্নকে	b a y a r n k e	proper_noun
বায়ার্নে	b a y a r n e	native
বায়ার্নের	b a y a r n e r	proper_noun
বায়ার্স	b a y a r s	loanword
বায়াস	b a y a s	native
বায়াসের	b a y a s e r	native
বায়িং	b a y i ng	native
বায়ু	b a y u	native
বায়ুকল	b a y u k o l	native
বায়ুকে	b a y u k e	native
বায়ুচাপের	b a y u ch a p e r	native
বায়ুচালিত	b a y u ch a l i t	native
বায়ুতাড়িত	b a y u t a r i t	native
বায়ুতে	b a y u t e	native
বায়ুদুশন	b a y u d u sh o n	native
বায়ুদুশনও	b a y u d u sh o n O	native
বায়ুদুশনকারি	b a y u d u sh o n k a r i	native
বায়ুদুশনের	b a y u d u sh o n e r	native
বায়ুপ্রবাহ	b a y u pr o b a h o	native
বায়ুপ্রবাহের	b a y u pr o b a h e r	native
বায়ুবিদ্যুৎ	b a y u b i d j u	native
বায়ুভিত্তিক	b a y u bh i tt i k	native
বায়ুমন্ডল	b a y u m o n D o l	native
বায়ুমন্ডলিয়	b a y u m o n D O l i O	native
বায়ুমন্ডলে	b a y u m o n D o l e	native
বায়ুমন্ডলের	b a y u m o n D o l e r	native
বায়ুমানজন্ত্র	b a y u m a n j o n t r O	compound
বায়ুর	b a y u r	native
বায়ুশুন্য	b a y u sh u n n o	native
বায়ে	b a y e	native
বায়েক	b a y e k	native
বায়েজ	b a y e j	native
বায়েজিদ	b a y e j i d	native
বায়েজিদের	b a y e j i d e r	native
বায়েন	b a y e n	native
বায়ের	b a y e r	native
বায়ো	b a y O	native
বায়োইনফরমেটিকস	b a y O i n ph o r m e T i k s	compound
বায়োইনফরমেটিক্স	b a y O i n ph o r m e T i k s	loanword
বায়োকেমিক্যাল	b a y O k e m i k A l o	compound
বায়োকেমিস্ট্রি	b a y O k e m i s T ri	loanword
বায়োগ্যাস	b a y O g A s	loanword
বায়োগ্যাসের	b a y O g A s e r	loanword
বায়োগ্রাফি	b a y O gr a ph i	loanword
বায়োটেকনোলজি	b a y O T e k n O l o j i	loanword
বায়োটেকনোলজির	b a y O T e k n O l o j i r	compound
বায়োপসি	b a y O p s i	native
বায়োফুয়েল	b a y O ph u y e l	native
বায়োমিথেন	b a y O m i th e n	native
বায়োমেট্রিক	b a y O m e T T ri k	loanword
বায়োমেডিকেল	b a y O m e D i k e l	loanword
বায়োলজি	b a y O l o j i	native
বায়োলজিক্যাল	b a y O l o j i k A l	native
বায়োলজিতে	b a y O l o j i t e	native
বায়োলজির	b a y O l o j i r	native
বায়োস	b a y O s	native
বায়োসেফটি	b a y O s e ph T i	loanword
বায়োস্কোপ	b a y O s k O p	loanword
বি	b i	native
বি.	b i y e l	native
বিংকে	b i ng k e	native
বিংগলের	b i ng g o l e r	native
বিংগু	b i ng g u	native
বিংশতি	b i ng sh o t i	native
বিংশতিতম	b i ng sh o t i t o m o	native
বিংশশতকি	b i ng sh O sh o t O k i	native
বিংহাম	b i ng h a m	native
বিংয়ের	b i ng y e r	native
বিঃ	b i h	tatsama
বিআইআইএসএস	b i a i a i e s e s	native
বিআইআইএসএসের	b i a i a i e s e s e r	native
বিআইএ	b i a i e	native
বিআইএইচআর	b i a i e i ch a r	native
বিআইএইচআরের	b i a i e i ch a r e r	native
বিআইএফএফ	b i a i e ph e ph	native
বিআইএফএফএল	b i a i e ph e ph e l	native
বিআইএফএফএলের	b i a i e ph e ph e l e r	native
বিআইএফএফে	b i a i e ph e ph e	native
বিআইএফটির	b i a i e ph e ph o T i r	proper_noun
বিআইএফসি	b i a i e ph s i	native
বিআইএফসির	b i a i e ph s i r	native
বিআইএর	b i a i e r	native
বিআইএসইডব্লিউ	b i a i e s i D o bl i u	loanword
বিআইএসইডব্লিউর	b i a i e s i D o bl i u r	loanword
বিআইএসি	b i a i e s i	native
বিআইএসির	b i a i e s i r	native
বিআইজেএফ	b i a i j e e ph	native
বিআইজেএফের	b i a i j e e ph e r	native
বিআইডব্লিউটিএ	b i a i D O bl i u T i e	loanword
বিআইডব্লিউটিএকে	b i a i D o bl i u T i e k e	loanword
বিআইডব্লিউটিএর	b i a i D O bl i u T i e r	loanword
বিআইডব্লিউটিএয়ের	b i a i D o bl i u T i e y e r	loanword
বিআইডব্লিউটিসি	b i a i D a bl i u T i s i	loanword
বিআইডব্লিউটিসির	b i a i D O bl i u T i s i r	loanword
বিআইডব্লিটিএর	b i a i D o bl i u T i e r	loanword
বিআইডাব্লিউটিএ	b i a i D a bl i u T i e	loanword
বিআইডাব্লিউটিসি	b i a i D a bl i u T i s i	loanword
বিআইডাব্লিউটিসির	b i a i D a bl i u T i s i r	loanword
বিআইডিএস	b i a i D i e s	proper_noun
বিআইডিএসের	b i a i D i e s e r	proper_noun
বিআইপি	b i a i p i	native
বিআইপির	b i a i p i r	native
বিআইবিএম	b i a i b i e m	native
বিআইবিএমের	b i a i b i e m e r	native
বিআইসিএফ	b i a i s i e ph	loanword
বিআইসিএফের	b i a i s i e ph e r	loanword
বিআইসিএম	b i a i s i e m	loanword
বিআইসিএমের	b i a i s i e m e r	loanword
বিআইসিপিসিএলের	b i a i s i p i s i e l e r	compound
বিআইসিসি	b i a i s i s i	loanword
বিআইয়ের	b i a i y e r	native
বিআর	b i a r	native
বিআরটি	b i a r T i	proper_noun
বিআরটিএ	b i a r T i e	proper_noun
বিআরটিএও	b i a r T i e O	proper_noun
বিআরটিএকে	b i a r T i e k e	proper_noun
বিআরটিএসহ	b i a r T i e sh o h O	proper_noun
বিআরটিসি	b i a r T i s i	proper_noun
বিআরটিসিকে	b i a r T i s i k e	proper_noun
বিআরটিসির	b i a r T i s i r	proper_noun
বিআরডিবি	b i a r D i b i	proper_noun
বিআরডিবির	b i a r D i b i r	proper_noun
বিআরবি	b i a r b i	native
বিআরসি	b i a r s i	native
বিইং	b i i ng	native
বিইআই	b i i a i	native
বিইআরসি	b i i a r s i	native
বিইআরসিকে	b i i a r s i k e	native
বিইআরসির	b i i a r s i r	native
বিইউপি	b i i u p i	native
বিইউপির	b i i u p i r	native
বিইউবিটি	b i i u b i T i	proper_noun
বিইউবিটির	b i i u b i T i r	proper_noun
বিইএ	b i i e	native
বিইএন	b i i e n	native
বিইএফটিএন	b i i e ph T i e n	proper_noun
বিইএর	b i i e r	native
বিইওএলের	b i i O e l e r	native
বিউগল	b i u g o l	native
বিউগলে	b i u g O l e	native
বিউটি	b i u T i	loanword
বিউটিকে	b i u T i k e	loanword
বিউটিফুল	b i u T i ph u l	loanword
বিউটির	b i u T i r	loanword
বিউটেন	b i u T e n	loanword
বিউটেনিস	b i u T e n i sh	loanword
বিউটেনিসের	b i u T e n i sh e r	loanword
বিউবো	b i u b O	native
বিউর	b i u r	native
বিএ	b i e	native
বিএআইসি	b i e a i s i	loanword
বিএআরসি	b i e a r s i	native
বিএই	b i e i	native
বিএইচ	b i e i ch	native
বিএইচইএল	b i e i ch i e l	native
বিএইচপি	b i e i ch p i	native
বিএএফ	b i e e ph	native
বিএএস	b i e e s	native
বিএএসএফ	b i e e s e ph	native
বিএটিবিসি	b i e T i b i s i	proper_noun
বিএড	b i e D	loanword
বিএডিসিকে	b i e D i s i k e	proper_noun
বিএডিসির	b i e D i s i r	proper_noun
বিএনএইচএ	b i e n e i ch e	native
বিএনএনআরসি	b i e n e n a r O s i	native
বিএনএনআরসির	b i e n e n a r O s i r	native
বিএনএফ	b i e n e ph	native
বিএনএস	b i e n e s	native
বিএনডব্লিউএলএ	b i e n D o bl i u e l e	loanword
বিএনডির	b i e n D i r	proper_noun
বিএনপি	b i e n p i	native
বিএনপিই	b i e n p i i	native
বিএনপিও	b i e n p i O	native
বিএনপিকর্মি	b i e n p i k O r m i	native
বিএনপিকর্মিদের	b i e n p i k O r m i d e r	compound
বিএনপিকে	b i e n p i k e	native
বিএনপিকেই	b i e n p i k e i	native
বিএনপিকেও	b i e n p i k e O	native
বিএনপিদলিয়	b i e n p i d o l i y	native
বিএনপিপ্রধান	b i e n p i pr O dh a n	native
বিএনপিবিহিন	b i e n p i b i h i n	native
বিএনপির	b i e n p i p i r	native
বিএনপিরই	b i e n p i p i r i	native
বিএনপিসমর্থিত	b i e n p i sh o m O r th i t O	compound
বিএনপিসহ	b i e n p i sh o h O	native
বিএনসি	b i e n s i	native
বিএনসিসি	b i e n s i s i	native
বিএনসিসিআই	b i e n s i s i a i	native
বিএনসিসিআইয়ের	b i e n s i s i a i y e r	compound
বিএনসিসির	b i e n s i s i r	native
বিএপিএলসি	b i e p i e l s i	native
বিএপিএলসির	b i e p i e l s i r	native
বিএফআই	b i e ph a i	native
বিএফআরআই	b i e ph a r a i	native
বিএফআরএস	b i e ph a r e s	native
বিএফইউজে	b i e ph i u j e	native
বিএফইউজের	b i e ph i u j e r	native
বিএফএ	b i e ph e	native
বিএফএফইএ	b i e ph e ph i e	native
বিএফএফইএর	b i e ph e ph i e r	native
বিএফএলএলএফইএ	b i e ph e l e l e ph i e	native
বিএফটিআই	b i e ph T i a i	proper_noun
বিএফডিসি	b i e ph D i s i	proper_noun
বিএফডিসির	b i e ph D i s i r	proper_noun
বিএবি	b i e b i	native
বিএবির	b i e b i r	native
বিএম	b i e m	native
বিএমআই	b i e m a i	native
বিএমআরই	b i e m a r i	native
বিএমইটিতে	b i e m i T i t e	proper_noun
বিএমএক্স	b i e m e k s	loanword
বিএমএমএএর	b i e m e m e e r	native
বিএমএর	b i e m e r	native
বিএমটিএফ	b i e m T i e ph	proper_noun
বিএমটিসি	b i e m T i s i	proper_noun
বিএমটিসির	b i e m T i s i r	proper_noun
বিএমডব্লিউ	b i e m D a bl i u	loanword
বিএমডব্লু	b i e m D o bl u	loanword
বিএমডিএ	b i e m D i e	proper_noun
বিএমডিএফ	b i e m D i e ph	proper_noun
বিএমডিএফের	b i e m D i e ph e r	proper_noun
বিএমডিএর	b i e m D i e r	proper_noun
বিএমডিসি	b i e m D i s i	proper_noun
বিএমডিসিকে	b i e m D i s i k e	proper_noun
বিএমডিসিতে	b i e m D i s i t e	proper_noun
বিএমডিসির	b i e m D i s i r	proper_noun
বিএমপি	b i e m p i	native
বিএমবিএ	b i e m b i e	native
বিএমবিএর	b i e m b i e r	native
বিএমসিসিআই	b i e m s i s i a i	native
বিএলআই	b i e l a i	native
বিএলআরআই	b i e l a r a i	native
বিএলএফসিএ	b i e l e ph s i e	native
বিএলএফসিএর	b i e l e ph s i e r	native
বিএলটি	b i e l T i	proper_noun
বিএলটিসি	b i e l T i s i	proper_noun
বিএলডিএ	b i e l D i e	proper_noun
বিএলডিএর	b i e l D i e r	proper_noun
বিএলসি	b i e l s i	native
বিএস	b i e s	native
বিএসআরএস	b i e s a r e s	native
বিএসইসি	b i e s i s i	native
বিএসইসির	b i e s i s i r	native
বিএসএনএল	b i e s e n e l	native
বিএসএনএলের	b i e s e n e l e r	native
বিএসএফ	b i e s e ph	native
বিএসএফআইসি	b i e s e ph a i s i	loanword
বিএসএফআইসির	b i e s e ph a i s i r	loanword
বিএসএফকে	b i e s e ph k e	native
বিএসএফের	b i e s e ph e r	native
বিএসএম	b i e s e m	native
বিএসএমএমইউ	b i e s e m e m i u	native
বিএসএমএমইউকে	b i e s e m e m i u k e	native
বিএসএমএমইউতে	b i e s e m e m i u t e	native
বিএসএমএমইউর	b i e s e m e m i u r	native
বিএসএমএমইউয়ের	b i e s e m e m i u y e r	compound
বিএসএমএর	b i e s e m e r	native
বিএসএল	b i e s e l	native
বিএসএস	b i e s e s	native
বিএসও	b i e s O	native
বিএসটিআই	b i e s T i a i	proper_noun
বিএসটিআইকে	b i e s T i a i k e	proper_noun
বিএসটিআইতে	b i e s T i a i t e	proper_noun
বিএসটিআইর	b i e s T i a i r	proper_noun
বিএসটিআইয়ে	b i e s T i a i y e	proper_noun
বিএসটিআইয়ের	b i e s T i a i r	proper_noun
বিএসপি	b i e s p i	native
বিএসবি	b i e s b i	native
বিএসবিআই	b i e s b i a i	native
বিএসবিএ	b i e s b i e	native
বিএসসি	b i e s s i	native
বিএসসির	b i e s s i r	native
বিএসসিসিএল	b i e s s i s i e l	native
বিএসসিসিএলের	b i e s s i s i e l e r	native
বিএসিসিও	b i e s i s i O	native
বিএসিসিওর	b i e s i s i O r	native
বিও	b i O	native
বিওআই	b i O a i	native
বিওআইয়ের	b i O a i y e r	native
বিওও	b i O O	native
বিওওটি	b i O O T i	proper_noun
বিওটি	b i O T i	proper_noun
বিওন্সি	b i O n s i	loanword
বিওন্সির	b i O n s i r	loanword
বিওপি	b i O p i	native
বিওপির	b i O p i r	native
বিওপ্র	b i O pr o	native
বিওসি	b i O s i	native
বিওয়াইএলসি	b i O y a i e l s i	native
বিওয়াইএলসির	b i O y a i e l s i r	native
বিকচ	b i k o ch ch O	native
বিকচ্ছ	b i k o ch chh O	native
বিকজ	b i k o j	native
বিকট	b i k o T	native
বিকত্থন	b i k o t th o n	native
বিকন	b i k o n	native
বিকম	b i k o m	native
বিকম্পিত	b i k O mp i t O	native
বিকর্তন	b i k o r t o n	native
বিকর্ন	b i k o r n O	native
বিকর্ম	b i k o r m O	native
বিকর্ষ	b i k o r sh O	tatsama
বিকর্ষন	b i k o r sh O n	tatsama
বিকল	b i k o l	native
বিকলাংগ	b i k o l a ng g o	native
বিকল্পই	b i k o l p o i	native
বিকল্পও	b i k o l p O O	native
বিকল্পকে	b i k o l p o k e	native
বিকল্পগুলো	b i k o l p o g u l O	native
বিকল্পটি	b i k o l p o T i	native
বিকল্পধারার	b i k o l p O dh a r a r	native
বিকল্পভাবে	b i k o l p o bh a b e	native
বিকল্পহিন	b i k o l p o h i n	native
বিকল্পে	b i k o l p e	native
বিকল্পের	b i k o l p e r	native
বিকশল	b i k o sh o l o	native
বিকশিত	b i k O sh i t O	native
বিকারগ্রস্ত	b i k a r gr O st O	native
বিকারের	b i k a r e r	native
বিকালে	b i k a l e	native
বিকালেই	b i k a l e i	native
বিকালের	b i k a l e r	native
বিকাশ	b i k a sh	native
বিকাশই	b i k a sh i	native
বিকাশও	b i k a sh O	native
বিকাশজনিত	b i k a sh j o n i t o	native
বিকাশটা	b i k a sh T a	native
বিকাশমান	b i k a sh O m a n	native
বিকাশে	b i k a sh e	native
বিকাশেও	b i k a sh e O	native
বিকাশের	b i k a sh e r	native
বিকি	b i k i	native
বিকিকিনি	b i k i k i n i	native
বিকিকিনিও	b i k i k i n i O	native
বিকিকিনির	b i k i k i n i r	native
বিকিনি	b i k i n i	native
বিকিনির	b i k i n i r	native
বিকিরন	b i k i r o n	native
বিকিরন-পরিমাপক	b i k i r O n p O r i m a p O k	compound
বিকিরনে	b i k i r o n e	native
বিকিরনের	b i k i r o n e r	native
বিকিরিত	b i k i r i t o	native
বিকির্ন	b i k i r n o	native
বিকির্যমান	b i k i r j O m a n	native
বিকিয়ে	b i k i y e	native
বিকুল	b i k u l	native
বিকৃত	b i k r i t O	tatsama
বিকৃতভাবে	b i k r i t O bh a b e	tatsama
বিকৃতিকে	b i k r i t i k e	tatsama
বিকৃতির	b i k r i t i r	tatsama
বিকৃশ্ট	b i k r i sh T O	tatsama
বিকে	b i k e	native
বিকেএমইএ	b i k e e m i e	native
বিকেএমইএকে	b i k e e m i e k e	native
বিকেএসপি	b i k e e s p i	native
বিকেএসপির	b i k e e s p i r	native
বিকেন্দ্রন	b i k e ndr o n	native
বিকেন্দ্রায়িত	b i k e nd a r a y i t o	compound
বিকেন্দ্রিকরন	b i k e nd ri k o r O n	compound
বিকেন্দ্রিকরনে	b i k e nd ri k o r o n e	compound
বিকেন্দ্রিকরনের	b i k e nd ri k o r O n e r	compound
বিকেন্দ্রিভুত	b i k e nd ri bh u t o	compound
বিকেলবেলা	b i k e l b A l a	native
বিকেলে	b i k e l e	native
বিকেলেই	b i k e l e i	native
বিকেলেও	b i k e l e O	native
বিকেলের	b i k e l e r	native
বিকো	b i k O	native
বিক্তোরিয়া	b i kt O r i y a	native
বিক্রম	b i kr o m	native
বিক্রমপুর	b i kr o m p u r	native
বিক্রমপুরের	b i kr o m p u r e r	native
বিক্রমানায়েকে	b i kr o m a n a y e k e	compound
বিক্রমি	b i kr o m i	native
বিক্রমে	b i kr o m e	native
বিক্রমের	b i kr o m e r	native
বিক্রান্তি	b i kr a nt i	native
বিক্রি	b i kr i	native
বিক্রিই	b i kr i i	native
বিক্রিজোগ্য	b i kr i j O g g o	native
বিক্রিত	b i kr i t O	native
বিক্রিতে	b i kr i t e	native
বিক্রিতেও	b i kr i t e O	native
বিক্রিবাট্টা	b i kr i b a T T a	native
বিক্রিবাট্টার	b i kr i b a T T a r	compound
বিক্রিমুল্যের	b i kr i m u l l e r	compound
বিক্রির	b i kr i r	native
বিক্রিরও	b i kr i r O	native
বিক্রিলব্ধ	b i kr i l o b dh o	native
বিক্রিসংক্রান্ত	b i kr i sh o ng kr a nt o	compound
বিক্রিসহ	b i kr i sh o h O	native
বিক্রিড়িত	b i kr i r i t O	native
বিক্রিয়াবিশেশ	b i kr i a b i sh e sh	compound
বিক্রিয়ার	b i kr i y a r	native
বিক্রিয়ায়	b i kr i y a y	native
বিক্রেতা	b i kr e t a	native
বিক্রেতাই	b i kr e t a i	native
বিক্রেতাও	b i kr e t a O	native
বিক্রেতাদের	b i kr e t a d e r	native
বিক্রেতাদেরও	b i kr e t a d e r O	native
বিক্রেতারা	b i kr e t a r a	native
বিক্রেতারাও	b i kr e t a r a O	native
বিক্রেতাশুন্য	b i kr e t a sh u n n o	compound
বিক্রেতাসহ	b i kr e t a sh o h O	native
বিক্রোয়োত্তর	b i kr O y O tt o r	native
বিক্রয়কর্মি	b i kr o y k o r m i	native
বিক্রয়কর্মিদের	b i kr o y k o r m i d e r	compound
বিক্রয়কর্মিরা	b i kr o y k o r m i r a	compound
বিক্রয়কারি	b i kr o y k a r i	native
বিক্রয়কেন্দ্র	b i kr o y k e ndr o	compound
বিক্রয়কেন্দ্রে	b i kr o y k e ndr e	compound
বিক্রয়কেন্দ্রের	b i kr o y k e ndr e r	compound
বিক্রয়জোগ্য	b i kr o y j O g g o	native
বিক্রয়মুল্য	b i kr o y m u l l o	native
বিক্রয়মুল্যের	b i kr o y m u l l e r	compound
বিক্রয়লব্ধ	b i kr o y l o b dh o	native
বিক্রয়াদেশ	b i kr o y a d e sh	native
বিক্রয়ে	b i kr o y e	native
বিক্রয়ের	b i kr o y e r	native
বিক্রয়োত্তর	b i kr o y O tt o r	native
বিক্লব	b i kl o b	native
বিক্ষত	b i kkh o t O	tatsama
বিক্ষন	b i kkh o n	tatsama
বিক্ষিপ্ত	b i kkh i p t O	tatsama
বিক্ষিপ্তভাবে	b i kkh i p t O bh a b e	tatsama
বিক্ষুদ্ধ	b i kkh u d dh o	tatsama
বিক্ষুব্ধরা	b i kkh u b dh O r a	tatsama
বিক্ষেপ	b i kkh e p	tatsama
বিক্ষোভ	b i kkh O bh	tatsama
বিক্ষোভকারি	b i kkh O bh k a r i	tatsama
বিক্ষোভকারিকে	b i kkh O bh k a r i k e	tatsama
বিক্ষোভকারিদের	b i kkh O bh k a r i d e r	tatsama
বিক্ষোভকারির	b i kkh O bh k a r i r	tatsama
বিক্ষোভকারিরা	b i kkh O bh k a r i r a	tatsama
বিক্ষোভকারিরাও	b i kkh O bh k a r i r a O	tatsama
বিক্ষোভকালে	b i kkh O bh k a l e	tatsama
বিক্ষোভকে	b i kkh O bh k o y e	tatsama
বিক্ষোভরত	b i kkh O bh r o t O	tatsama
বিক্ষোভস্থলে	b i kkh O bh sth o l e	tatsama
বিক্ষোভস্থলের	b i kkh O bh sth o l e r	tatsama
বিক্ষোভে	b i kkh O bh e	tatsama
বিক্ষোভের	b i kkh O bh e r	tatsama
বিখন্ড	b i kh o n D o	native
বিখাউজ	b i kh a u j	native
বিখ্যাতদের	b i k kh a t O d e r	native
বিগ	b i g	native
বিগত	b i g o t O	native
বিগল	b i g o l	native
বিগলন	b i g o l O n	native
বিগস	b i g s	proper_noun
বিগারন	b i g a r	native
বিগালোর	b i g a l O r	native
বিগিনিং	b i g i n i ng	native
বিগুন	b i g u n	native
বিগুল	b i g u l	native
বিগেলো	b i g e l O	native
বিগেলোর	b i g e l O r	native
বিগ্ন	b i g n O	native
বিগ্রহ	b i gr O h O	native
বিগ্রহের	b i gr O h e r	native
বিগড়ে	b i g o r e	native
বিঘ	b i gh a	native
বিঘটনন	b i gh o T O n	native
বিঘা	b i gh a	native
বিঘাই	b i gh a i	native
বিঘাও	b i gh a O	native
বিঘাত	b i gh a t	native
বিঘাতন	b i gh a t O n	native
বিঘাপ্রতি	b i gh a pr O t i	native
বিঘার	b i gh a r	native
বিঘারও	b i gh a r O	native
বিঘায়	b i gh a y	native
বিঘিনি	b i gh i n i	native
বিঘুর্নন	b i gh u r n o n	native
বিঘোর	b i gh O r	native
বিঘোশন	b i gh O sh O n	native
বিঘোশিত	b i gh O sh i t o	native
বিঘ্ন	b i gh n O	native
বিঘ্নকারি	b i gh n o k a r i	native
বিঘ্নিত	b i gh n i t O	native
বিচ	b i ch	native
বিচক্ষন	b i ch o kkh o n	tatsama
বিচক্ষনতা	b i ch o kkh o n o t a	tatsama
বিচক্ষনতার	b i ch o kkh o n o t a r	tatsama
বিচক্ষনভাবে	b i ch o kkh o n o bh a b e	tatsama
বিচঞ্চল	b i ch o nch o l	tatsama
বিচনি	b i ch O n i	native
বিচরন	b i ch o r o n	native
বিচরনকারি	b i ch o r o n k a r i	native
বিচরনক্ষেত্র	b i ch o r o n kh e tr o	tatsama
বিচরনক্ষেত্রে	b i ch o r o n kh e tr e	tatsama
বিচরনে	b i ch o r o n e	native
বিচরনের	b i ch o r o n e r	native
বিচরা	b i ch o r a	native
বিচর্চিকা	b i ch O r ch i k a	native
বিচার	b i ch a r	native
বিচারই	b i ch a r i	native
বিচারও	b i ch a r O	native
বিচারকই	b i ch a r o k i	native
বিচারককে	b i ch a r O k k e	native
বিচারকক্ষ	b i ch a r k o kkh o	tatsama
বিচারকক্ষে	b i ch a r k o kkh e	tatsama
বিচারকক্ষের	b i ch a r k o kkh e r	tatsama
বিচারকদেরও	b i ch a r o k d e r O	native
বিচারকমন্ডলি	b i ch a r o k m o n D o l i	native
বিচারকমন্ডলির	b i ch a r O k m o n D O l i r	compound
বিচারকরা	b i ch a r O k r a	native
বিচারকর্ম	b i ch a r k o r m o	native
বিচারকসংখ্যা	b i ch a r o k sh o ng kh a	native
বিচারকসহ	b i ch a r o k sh o h O	native
বিচারকসুলভ	b i ch a r o k sh u l o bh	native
বিচারকস্বল্পতা	b i ch a r o k sh b o l p o t a	tatsama
বিচারকাজ	b i ch a r k a j	native
বিচারকাজও	b i ch a r k a j O	native
বিচারকাজকে	b i ch a r k a j k e	native
বিচারকাজে	b i ch a r k a j e	native
বিচারকাজের	b i ch a r k a j e r	native
বিচারকার্য	b i ch a r k a r j O	native
বিচারকার্যে	b i ch a r k a r j e	native
বিচারকার্যের	b i ch a r k a r j e r	native
বিচারকালে	b i ch a r k a l e	native
বিচারকের	b i ch a r O k e r	native
বিচারকেরা	b i ch a r O k e r a	native
বিচারকেরাই	b i ch a r o k e r a i	native
বিচারকেরাও	b i ch a r o k e r a O	native
বিচারটা	b i ch a r T a	native
বিচারটি	b i ch a r T i	native
বিচারপতিই	b i ch a r p o t i i	native
বিচারপতিও	b i ch a r p o t i O	native
বিচারপতিগন	b i ch a r p o t i g o n	native
বিচারপতিদের	b i ch a r p O t i d e r	native
বিচারপতিদেরও	b i ch a r p o t i d e r O	native
বিচারপতিদ্বয়	b i ch a r p o t i d o y	native
বিচারপতিরা	b i ch a r p O t i r a	native
বিচারপতিরাই	b i ch a r p o t i r a i	native
বিচারপতিরাও	b i ch a r p o t i r a O	native
বিচারপদ্ধতি	b i ch a r p o d dh o t i	tatsama
বিচারপুর্ব	b i ch a r p u r b o	native
বিচারপ্রক্রিয়া	b i ch a r pr o kr i y a	compound
বিচারপ্রক্রিয়াকে	b i ch a r pr o kr i y a k e	compound
বিচারপ্রক্রিয়ার	b i ch a r pr o kr i y a r	compound
বিচারপ্রক্রিয়ায়	b i ch a r pr o kr i y a y	compound
বিচারপ্রার্থি	b i ch a r pr a r th i	compound
বিচারপ্রার্থিদের	b i ch a r pr a r th i d e r	compound
বিচারপ্রার্থির	b i ch a r pr a r th i r	compound
বিচারপ্রার্থিরা	b i ch a r pr a r th i r a	compound
বিচারবহির্ভুত	b i ch a r b O h i r bh u t O	compound
বিচারবহির্ভুতভাবে	b i ch a r b o h i r bh u t o bh a b e	compound
বিচারবিভাগ	b i ch a r b i bh a g	native
বিচারবিভাগিয়	b i ch a r b i bh a g i y	native
বিচারবিশয়ক	b i ch a r b i sh o y o k	native
বিচারবুদ্ধি	b i ch a r b u d dh i	tatsama
বিচারবুদ্ধির	b i ch a r b u d dh i r	tatsama
বিচারবুদ্ধিসম্পন্ন	b i ch a r b u d dh i sh o mp o nn o	tatsama
বিচারবোধ	b i ch a r b O dh	native
বিচারব্যবস্থা	b i ch a r b A b O sth a	compound
বিচারব্যবস্থাও	b i ch a r b A b o sth a O	compound
বিচারব্যবস্থাকে	b i ch a r b A b O sth a k e	compound
বিচারব্যবস্থায়	b i ch a r b j o b o sth a y	compound
বিচারমঞ্চ	b i ch a r m o nch o	tatsama
বিচারমন্ত্রি	b i ch a r o m o nt ri	native
বিচারসংক্রান্ত	b i ch a r sh o ng kr a nt o	compound
বিচারসম্পর্কিত	b i ch a r sh o mp o r k i t o	compound
বিচারসহ	b i ch a r sh o h O	native
বিচারহিনতা	b i ch a r h i n o t a	native
বিচারহিনতার	b i ch a r h i n o t a r	native
বিচারা	b i ch a r a	native
বিচারাধিন	b i ch a r a dh i n	native
বিচারালয়	b i ch a r a l o y	native
বিচারালয়ে	b i ch a r a l o y e	native
বিচারালয়ের	b i ch a r a l o y e r	native
বিচারিক	b i ch a r i k	native
বিচারে	b i ch a r e	native
বিচারেই	b i ch a r e i	native
বিচারেও	b i ch a r e O	native
বিচারেরও	b i ch a r e r O	native
বিচার্য	b i ch a r j O	native
বিচালি	b i ch a l i	native
বিচিং	b i ch i ng	native
বিচিকিচ্ছি	b i ch i k i ch chh i	native
বিচিকিৎসা	b i ch i k i t sh a	native
বিচিত	b i ch i t O	native
বিচিতে	b i ch i t e	native
বিচিত্র	b i ch i tr O	native
বিচিত্রতর	b i ch i tr o t o r	native
বিচিত্রবির্য	b i ch i tr O b i r j O	native
বিচিত্রমুখি	b i ch i tr o m u kh i	native
বিচিত্রা	b i ch i tr a	native
বিচিত্রার	b i ch i tr a r	native
বিচিত্রায়	b i ch i tr o t a y	native
বিচিন্তন	b i ch i nt o n	native
বিচিন্তা	b i ch i nt a	native
বিচিন্তার	b i ch i nt a r	native
বিচিন্তায়	b i ch i nt a y	native
বিচিন্তিত	b i ch i nt i	native
বিচিন্ত্যি	b i ch i nt O	native
বিচির	b i ch i r	native
বিচুর্ন	b i ch u r n O	native
বিচে	b i ch e	native
বিচেতন	b i ch e t o n	native
বিচ্ছি	b i ch chh i	native
বিচ্ছিত্তি	b i ch chh i tt i	native
বিচ্ছিন্ন	b i ch chh i nn O	native
বিচ্ছিন্নই	b i ch chh i nn o i	native
বিচ্ছিন্নতাবাদ	b i ch chh i nn o b a d	compound
বিচ্ছিন্নতাবাদি	b i ch chh i nn O t a b a d i	compound
বিচ্ছিন্নতাবাদিদের	b i ch chh i nn O t a b a d i d e r	compound
বিচ্ছিন্নতাবাদিরা	b i ch chh i nn O t a b a d i r a	compound
বিচ্ছিন্নভাবে	b i ch chh i nn O bh a b e	compound
বিচ্ছুরন	b i ch chh u r o n	native
বিচ্ছেদ	b i ch chh e d	native
বিচ্ছেদও	b i ch chh e d O	native
বিচ্ছেদকে	b i ch chh e d k e	native
বিচ্ছেদি	b i ch chh e d i	native
বিচ্ছেদে	b i ch chh e d e	native
বিচ্ছেদের	b i ch chh e d e r	native
বিচ্যুত	b i ch ch u t O	native
বিচ্যুতি	b i ch ch u t i	native
বিচ্যুতিগুলো	b i ch ch u t i g u l O	native
বিছনাকান্দি	b i chh n a k a nd i	native
বিছমিল্লাহ	b i chh m i l l a h	native
বিছর	b i chh o r	native
বিছরন	b i chh o r o n	native
বিছা	b i chh a	native
বিছাতি	b i chh a t i	native
বিছাতে	b i chh a t e	native
বিছানা	b i chh a n a	native
বিছানাকান্দি	b i chh a n a k a nd i	native
বিছানাটা	b i chh a n a T a	native
বিছানাতেই	b i chh a n a t e i	native
বিছানাপত্র	b i chh a n a p o tr o	native
বিছানায়	b i chh a n a y	native
বিছালি	b i chh a l i	native
বিছিন্ন	b i chh i nn o	native
বিছিন্নভাবে	b i chh i nn o bh a b e	native
বিছিয়ে	b i chh i y e	native
বিছিয়েছে	b i chh i y e chh e	native
বিজকে	b i j k e	native
বিজগনিত	b i j g O n i t	native
বিজগনিতের	b i j g O n i t e r	native
বিজতলা	b i j t o l a	native
বিজতলার	b i j t o l a r	native
বিজন	b i j o n	native
বিজনন	b i j o n O n	native
বিজনেস	b i j n e s	loanword
বিজনেসে	b i j n e s e	loanword
বিজনেসের	b i j n e s e r	loanword
বিজন্মা	b i j o n m a	native
বিজবিজ	b i j b i j	native
বিজর	b i j o r	native
বিজরি	b i j r i	native
বিজরির	b i j O r i r	native
বিজলি	b i j l i	native
বিজলির	b i j l i r	native
বিজল্প	b i j o l p O	native
বিজাতি	b i j a t i	native
বিজাতিয়	b i j a t i y o	native
বিজাপুর	b i j a p u r	native
বিজারক	b i j a r O k	native
বিজারন	b i j a r O n	native
বিজি	b i j i	native
বিজিআইসি	b i j i a i s i	loanword
বিজিএফসিএল	b i j i e ph s i e l	native
বিজিএফসিএলের	b i j i e ph s i e l e r	native
বিজিএমইএ	b i j i e m i e	native
বিজিএমইএকে	b i j i e m i e k e	native
বিজিএসএলের	b i j i e s e l e r	native
বিজিগিশা	b i j i g i sh a	native
বিজিত	b i j i t O	native
বিজিপি	b i j i p i	native
বিজিপির	b i j i p i r	native
বিজিবি	b i j i b i	native
বিজিবিও	b i j i b i O	native
বিজিসি	b i j i s i	native
বিজিসিসিআই	b i j i s i s i a i	native
বিজু	b i j u	native
বিজুক্ত	b i j u kt O	native
বিজুরি	b i j u r i r e h a	native
বিজৃম্ভন	b i j ri m bh o n	tatsama
বিজে	b i j e	native
বিজেএমইএ	b i j e e m i e	native
বিজেএমইএর	b i j e e m i e r	native
বিজেএমএর	b i j e e m e r	native
বিজেএমসি	b i j e e m s i	native
বিজেএমসির	b i j e e m s i r	native
বিজেএসএর	b i j e e s e r	native
বিজেডি	b i j e D i	proper_noun
বিজেতা	b i j e t a	native
বিজেপি	b i j e p i	native
বিজেপিও	b i j e p i O	native
বিজেপির	b i j e p i r	native
বিজেপিসহ	b i j e p i sh o h O	native
বিজেম	b i j e m	native
বিজের	b i j e r	native
বিজোড়	b i j O r	native
বিজ্ঞজন	b i g g O j o n	tatsama
বিজ্ঞজনদের	b i g g o j o n d e r	tatsama
বিজ্ঞজনেরা	b i g g o j o n e r a	tatsama
বিজ্ঞজনোচিত	b i g g o j o n O ch i t	tatsama
বিজ্ঞপ্তি	b i g g O p t i	tatsama
বিজ্ঞপ্তিও	b i g g O p t i O	tatsama
বিজ্ঞপ্তিতে	b i g g O p t i t e	tatsama
বিজ্ঞপ্তিতেও	b i g g o p t i t e O	tatsama
বিজ্ঞপ্তিতেবলা	b i g g O p t i t e b o l a	tatsama
বিজ্ঞাত	b i g g A t O	tatsama
বিজ্ঞানই	b i g g a n i	tatsama
বিজ্ঞানকর্মিদের	b i g g a n k o r m i d e r	tatsama
বিজ্ঞানকে	b i g g a n k e	tatsama
বিজ্ঞানচর্চা	b i g g a n ch o r ch a	tatsama
বিজ্ঞানচর্চার	b i g g a n ch o r ch a r	tatsama
বিজ্ঞানচেতনা	b i g g a n ch e t o n a	tatsama
বিজ্ঞানবিশয়ক	b i g g a n b i sh o y o k	tatsama
বিজ্ঞানভিতি	b i g g a n bh i t i	tatsama
বিজ্ঞানভিত্তিক	b i g g a n bh i tt i k	tatsama
বিজ্ঞানমনস্ক	b i g g a n m O n O s k O	tatsama
বিজ্ঞানমনস্কতা	b i g g a n m o n o s k o t a	tatsama
বিজ্ঞানশিক্ষা	b i g g a n sh i kkh a	tatsama
বিজ্ঞানশিক্ষাকে	b i g g a n sh i kkh a k e	tatsama
বিজ্ঞানশিক্ষার	b i g g a n sh i kkh a r	tatsama
বিজ্ঞানসমগ্র	b i g g a n sh o m o gr o	tatsama
বিজ্ঞানসম্মতভাবে	b i g g a n sh o mm o t o bh a b e	tatsama
বিজ্ঞানসহ	b i g g a n sh o h O	tatsama
বিজ্ঞানি	b i g g a n i	tatsama
বিজ্ঞানিও	b i g g a n i O	tatsama
বিজ্ঞানিকে	b i g g a n i k e	tatsama
বিজ্ঞানিকেও	b i g g a n i k e O	tatsama
বিজ্ঞানিদের	b i g g a n i d e r	tatsama
বিজ্ঞানির	b i g g a n i r	tatsama
বিজ্ঞানিরা	b i g g a n i r a	tatsama
বিজ্ঞানিরাও	b i g g a n i r a O	tatsama
বিজ্ঞানের	b i g g a n e r	tatsama
বিজ্ঞাপন	b i g g a p O n	tatsama
বিজ্ঞাপনই	b i g g a p O n i	tatsama
বিজ্ঞাপনও	b i g g a p o n O	tatsama
বিজ্ঞাপনকে	b i g g a p o n k e	tatsama
বিজ্ঞাপনগুলো	b i g g a p O n g u l O	tatsama
বিজ্ঞাপনচিত্র	b i g g a p O n ch i tr O	tatsama
বিজ্ঞাপনচিত্রটির	b i g g a p o n ch i tr O T i r	tatsama
বিজ্ঞাপনচিত্রেও	b i g g a p o n ch i tr e O	tatsama
বিজ্ঞাপনটা	b i g g a p o n T a	tatsama
বিজ্ঞাপনটি	b i g g a p O n T i	tatsama
বিজ্ঞাপনটিতে	b i g g a p O n T i t e	tatsama
বিজ্ঞাপনটির	b i g g a p O n T i r	tatsama
বিজ্ঞাপনদাতা	b i g g a p O n d a t a	tatsama
বিজ্ঞাপনদাতারা	b i g g a p o n d a t a r a	tatsama
বিজ্ঞাপনসংক্রান্ত	b i g g a p o n sh o ng kr a nt o	tatsama
বিজ্ঞাপনি	b i g g a p o n i	tatsama
বিজ্ঞাপনের	b i g g a p o n e r	tatsama
বিজ্ঞাপিত	b i g g a p i t o	tatsama
বিজ্ঞের	b i g g e r	tatsama
বিজ্ঞেয়	b i g g e y O	tatsama
বিজ্ঞোচিত	b i g g O ch i t o	tatsama
বিজ্বর	b i j o r	tatsama
বিজড়িত	b i j r i t o	native
বিজয়	b i j o y	native
বিজয়ই	b i j o y i	native
বিজয়ও	b i j o y O	native
বিজয়কে	b i j o y k e	native
বিজয়গাথা	b i j o y g a th a	native
বিজয়চিহ্ন	b i j o y ch i n n o	native
বিজয়টা	b i j o y T a	native
বিজয়নগর	b i j o y n o g o r	native
বিজয়নগরে	b i j o y n o g o r e	native
বিজয়নগরের	b i j o y n o g o r e r	native
বিজয়পুর	b i j o y p u r	native
বিজয়পুরের	b i j o y p u r e r	native
বিজয়ফুল	b i j o y ph u l	native
বিজয়ফুলের	b i j o y ph u l e r	native
বিজয়মঞ্চে	b i j o y m o nch e	tatsama
বিজয়রামপুর	b i j o y r a m p u r	native
বিজয়সুচক	b i j o y sh u ch o k	native
বিজয়স্তম্ভে	b i j o y st o m bh e	native
বিজয়া	b i j o y a	native
বিজয়াধুম	b i j o y a dh u m	native
বিজয়ার	b i j o y a r	native
বিজয়ি	b i j o y i	native
বিজয়িকে	b i j o y i k e	native
বিজয়িদের	b i j o y i d e r	native
বিজয়িনি	b i j o y i n i	native
বিজয়ির	b i j o y i r	native
বিজয়িরা	b i j o y i r a	native
বিজয়ে	b i j o y e	native
বিজয়ের	b i j o y e r	native
বিজয়োল্লাস	b i j o y O l l a sh	native
বিজয়োল্লাসে	b i j o y O l l a sh e	native
বিজয়োল্লাসের	b i j o y O l l a sh e r	native
বিঝু	b i jh u	native
বিঝুর	b i jh u r	native
বিট	b i T	loanword
বিটংক	b i T o ng k O	native
বিটকাল	b i T o k a l	native
বিটন	b i T o n	native
বিটপ	b i T o p	native
বিটমাক্ষিক	b i T m a kkh i k	tatsama
বিটলবন	b i T l o b o n	native
বিটলস	b i T O l s	loanword
বিটলসের	b i T o l s e r	loanword
বিটলা	b i T l a	native
বিটস	b i T s	loanword
বিটাক	b i T a k	native
বিটার	b i T a r	loanword
বিটি	b i T i	native
বিটিং	b i T i ng	loanword
বিটিআই	b i T i a i	proper_noun
বিটিআরআই	b i T i a r a i	proper_noun
বিটিআরসি	b i T i a r s i	proper_noun
বিটিআরসিই	b i T i a r s i i	proper_noun
বিটিআরসিকে	b i T i a r s i k e	proper_noun
বিটিআরসিতে	b i T i a r s i t e	proper_noun
বিটিআরসির	b i T i a r s i r	proper_noun
বিটিএ	b i T i e	proper_noun
বিটিএন	b i T i e n	proper_noun
বিটিএমইএ	b i T i e m i e	proper_noun
বিটিএমএ	b i T i e m e	proper_noun
বিটিএমএর	b i T i e m e r	proper_noun
বিটিএমসি	b i T i e m s i	proper_noun
বিটিএমসির	b i T i e m s i r	proper_noun
বিটিটিবি	b i T i T i b i	proper_noun
বিটিটিবির	b i T i T i b i r	proper_noun
বিটিভি	b i T i bh i	loanword
বিটিভিই	b i T i bh i i	loanword
বিটিভিকে	b i T i bh i k e	loanword
বিটিভিতে	b i T i bh i t e	loanword
বিটিভির	b i T i bh i r	loanword
বিটিভিসহ	b i T i bh i sh o h O	loanword
বিটিসিএল	b i T i s i e l	proper_noun
বিটিসিএলে	b i T i s i e l e	proper_noun
বিটিসিএলের	b i T i s i e l e r	proper_noun
বিটু	b i T u	native
বিটুইন	b i T u i n	loanword
বিটুমিন	b i T u m i n	loanword
বিটুমিনের	b i T u m i n e r	loanword
বিটে	b i T e	native
বিটের	b i T e r	loanword
বিটেল	b i T e l	loanword
বিটোফেন	b i T O ph e n	proper_noun
বিড	b i D	loanword
বিডস	b i D s	loanword
বিডি	b i D i	native
বিডিং	b i D i ng	loanword
বিডিংয়ে	b i D i ng y e	loanword
বিডিংয়ের	b i D i ng y e r	loanword
বিডিআই	b i D i a i	proper_noun
বিডিআইয়ের	b i D i a i y e r	proper_noun
বিডিআর	b i D i a r	proper_noun
বিডিআরও	b i D i a r O	proper_noun
বিডিআরকে	b i D i a r k e	proper_noun
বিডিআরে	b i D i a r e	proper_noun
বিডিএইচএস	b i D i e i ch e s	proper_noun
বিডিএফ	b i D i e ph	proper_noun
বিডিএফসিএল	b i D i e ph s i e l	proper_noun
বিডিএস	b i D i e s	proper_noun
বিডিওএসএন	b i D i O e s e n	proper_noun
বিডিওএসএনের	b i D i O e s e n e r	proper_noun
বিডিকম	b i D i k o m	proper_noun
বিডিকমের	b i D i k o m e r	proper_noun
বিডিজবস	b i D i j o b s	proper_noun
বিডিজবসের	b i D i j o b s e r	proper_noun
বিডিনিউজ	b i D i n i u j	proper_noun
বিডিনিউজের	b i D i n i u j e r	proper_noun
বিডিফোরামের	b i D i ph O r a m e r	proper_noun
বিডিবিএল	b i D i b i e l	proper_noun
বিডিবিএলের	b i D i b i e l e r	proper_noun
বিডির	b i D i r	native
বিতং	b i t o ng	native
বিতত	b i t o t O	native
বিতদ্রু	b i t O d r u	native
বিতনু	b i t O n u	native
বিতন্ডা	b i t o n D a	native
বিতন্ডার	b i t o n D a r	native
বিতন্ডায়	b i t o n D a y	native
বিতন্ত্রি	b i t O n t r i	native
বিতরন	b i t o r O n	native
বিতরনও	b i t o r o n O	native
বিতরনকারি	b i t O r O n k a r i	native
বিতরনকারিরা	b i t o r o n k a r i r a	native
বিতরনকালে	b i t o r o n k a l e	native
বিতরনকৃত	b i t O r O n k ri t O	tatsama
বিতরনকে	b i t o r o n k e	native
বিতরনকেন্দ্র	b i t o r o n k e ndr o	native
বিতরনব্যবস্থা	b i t o r o n b A b o sth a	compound
বিতরনব্যবস্থার	b i t o r o n b A b o sth a r	compound
বিতরনসহ	b i t O r O n sh o h O	native
বিতরনি	b i t o r O n i	native
বিতরনিতে	b i t o r o n i t e	native
বিতরনির	b i t o r o n i r	native
বিতরনে	b i t O r O n e	native
বিতরনের	b i t o r o n e r	native
বিতরা	b i t o r a	native
বিতরিত	b i t O r i t O	native
বিতর্কই	b i t o r k o i	native
বিতর্কও	b i t o r k O O	native
বিতর্কচর্চা	b i t o r k o ch o r ch a	native
বিতর্কচর্চার	b i t o r k o ch o r ch a r	native
বিতর্কটা	b i t O r k O T a	native
বিতর্কমুক্ত	b i t o r k o m u kt o	native
বিতর্কহিন	b i t o r k o h i n	native
বিতর্কিতভাবে	b i t O r k i t O bh a b e	native
বিতর্কেও	b i t o r k e O	native
বিতর্কের	b i t o r k e r	native
বিতর্কেরও	b i t o r k e r o O	native
বিতল	b i t o l	native
বিতশ্রদ্ধ	b i t O sh r o d dh O	tatsama
বিতস্তা	b i t o st a	native
বিতস্তি	b i t O st i	native
বিতানগুলোতে	b i t a n g u l O t e	native
বিতানে	b i t a n e	native
বিতানের	b i t a n e r	native
বিতার্কিক	b i t a r k i k	native
বিতার্কিকের	b i t a r k i k e r	native
বিতার্কিকেরা	b i t a r k i k e r a	native
বিতাড়ন	b i t a r o n	native
বিতাড়নের	b i t a r o n e r	native
বিতাড়িত	b i t a r i t o	native
বিতির্ন	b i t i r n O	native
বিতৃন	b i t r i n O	tatsama
বিতৃশ্ন	b i t r i sh n a	tatsama
বিতৃশ্না	b i t ri sh n a	tatsama
বিতৃশ্নার	b i t ri sh n a r	tatsama
বিতে	b i t e	native
বিতোপন	b i t O p o n o	native
বিত্ত	b i tt O	native
বিত্তবইভব	b i tt O b O i bh o b	native
বিত্তবানরা	b i tt O b a n r a	native
বিত্তবানের	b i tt o b a n e r	native
বিত্তবানেরা	b i tt o b a n e r a	native
বিত্তবোইভব	b i tt o b O i bh o b	native
বিত্তবোইভবের	b i tt o b O i bh o b e r	native
বিত্তশালি	b i tt o sh a l i	native
বিত্তশালিদের	b i tt o sh a l i d e r	native
বিত্তশালিরা	b i tt o sh a l i r a	native
বিত্তহিন	b i tt o h i n	native
বিত্তা	b i tt a	native
বিত্তি–বেসাত/বেসাইত	b i tt i b e sh a t b e sh a i t	compound
বিত্তের	b i tt e r	native
বিত্রস্তন	b i tr O st O	native
বিথান	th i n	native
বিথার	b i th a r	native
বিথারকে	b i th a r k e	native
বিথারা	b i th a r a	native
বিথারি	b i th a r i	native
বিথি	b i th i	native
বিথির	b i th i r	native
বিদ	b i d	native
বিদকুটে	b i d k u T e	native
বিদগধ	b i d o g dh o	native
বিদঘুটে	b i d gh u T e	native
বিদর	b i d o r	native
বিদরা	b i d o r a	native
বিদর্ভ	b i d o r bh O	native
বিদল	b i d o l	native
বিদলন	b i d o l o n	native
বিদা	b i d a	native
বিদার	b i d a r	native
বিদারক	b i d a r o k	native
বিদারা	b i d a r a	native
বিদাহি	b i d a h i	native
বিদায়ই	b i d a y i	native
বিদায়ও	b i d a y O	native
বিদায়কে	b i d a y k e	native
বিদায়ঘন্টা	b i d a y gh o n T a	native
বিদায়টা	b i d a y T a	native
বিদায়বেলায়	b i d a y b e l a y	native
বিদায়ি	b i d a y i	native
বিদায়ে	b i d a y e	native
বিদায়েও	b i d a y e O	native
বিদায়ের	b i d a y e r	native
বিদিক	b i d i k	native
বিদিত	b i d i t O	native
বিদির্ন	b i d i r n O	native
বিদিশা	b i d i sh a	native
বিদিশার	b i d i sh a r	native
বিদুতের	b i d u t e r	native
বিদুর	b i d u r	native
বিদুরিত	b i d u r i t O	native
বিদুশক	b i d u sh o k	native
বিদুশন	b i d u sh o n	native
বিদুশি	b i d u sh i	native
বিদু্যুৎ	b i d u j u t	native
বিদুৎ	b i d u t	native
বিদেশগামি	b i d e sh g a m i	native
বিদেশগামিদের	b i d e sh g a m i d e r	native
বিদেশজাত্রা	b i d e sh j a tr a	native
বিদেশজাত্রার	b i d e sh j a tr a r	native
বিদেশনিতি	b i d e sh n i t i	native
বিদেশনিতিতে	b i d e sh n i t i t e	native
বিদেশনিতির	b i d e sh n i t i r	native
বিদেশনির্ভরতা	b i d e sh n i r bh o r	compound
বিদেশফেরত	b i d e sh ph e r o t	native
বিদেশবিশয়ক	b i d e sh b i sh o y o k	native
বিদেশভ্রমন	b i d e sh bh r o m o n	native
বিদেশভ্রমনের	b i d e sh bh r o m o n e r	native
বিদেশমন্ত্রি	b i d e sh m O n	native
বিদেশিই	b i d e sh i i	native
বিদেশিও	b i d e sh i O	native
বিদেশিকে	b i d e sh i k e	native
বিদেশিদের	b i d e sh i d e r	native
বিদেশিনি	b i d e sh i n i	native
বিদেশিনির	b i d e sh i n i r	native
বিদেশির	b i d e sh i r	native
বিদেশিরা	b i d e sh i r a	native
বিদেশিরাই	b i d e sh i r a i	native
বিদেশিরাও	b i d e sh i r a O	native
বিদেশিসহ	b i d e sh i sh o h O	native
বিদেশেই	b i d e sh e i	native
বিদেশেও	b i d e sh e O	native
বিদেশের	b i d e sh e r	native
বিদেহ	b i d e h O	native
বিদেহি	b i d e h i	native
বিদেয়	b i d e y o	native
বিদ্বজ্জন	b i d d O j j o n	native
বিদ্বান	b i d d a n	native
বিদ্বিশ্ট	b i d d i sh T O	native
বিদ্বেশ	b i d d e sh	native
বিদ্বেশপরায়ন	b i d d e sh p o r a y o n	native
বিদ্বেশপুর্ন	b i d d e sh p u r n O	native
বিদ্বেশপ্রসুত	b i d d e sh pr o sh u t o	compound
বিদ্বেশভাব	b i d d e sh bh a b	native
বিদ্বেশমুলক	b i d d e sh m u l O k	native
বিদ্বেশি	b i d d e sh i	native
বিদ্বেশের	b i d d e sh e r	native
বিদ্বৎকল্প	b i d d o t k o l p O	native
বিদ্যাই	b i d d a i	native
বিদ্যাকুট	b i d d a k u T	native
বিদ্যাকে	b i d d a k e	native
বিদ্যাধর	b i d d a dh o r	native
বিদ্যানিকেতনে	b i d d a n i k e t o n	compound
বিদ্যানিকেতনের	b i d d a n i k e t o n e r	compound
বিদ্যানুরাগি	b i d d a n u r a g i	native
বিদ্যাপতি	b i d d a p O t i	native
বিদ্যাপতির	b i d d a p O t i r	native
বিদ্যাপিঠ	b i d d a p i Th	native
বিদ্যাপিঠে	b i d d a p i Th e	native
বিদ্যাপিঠের	b i d d a p i Th e r	native
বিদ্যাময়ি	b i d d a m o y i	native
বিদ্যার্জন	b i d d a r j o n	native
বিদ্যার্জনের	b i d d a r j o n e r	native
বিদ্যার্থি	b i d d a r th i	native
বিদ্যার্থিদের	b i d d a r th i d e r	compound
বিদ্যার্থিরা	b i d d a r th i r a	native
বিদ্যালয়ও	b i d d a l o y O	native
বিদ্যালয়কে	b i d d a l o y k e	native
বিদ্যালয়কেই	b i d d a l o y k e i	native
বিদ্যালয়কেন্দ্রে	b i d d a l o y k e ndr o	compound
বিদ্যালয়গামি	b i d d a l o y g a m i	native
বিদ্যালয়গুলো	b i d d a l o y g u l O	native
বিদ্যালয়গুলোকে	b i d d a l o y g u l O k e	compound
বিদ্যালয়গুলোতে	b i d d a l o y g u l O t e	compound
বিদ্যালয়গুলোর	b i d d a l o y g u l O r	compound
বিদ্যালয়গুলোয়	b i d d a l o y g u l O y	compound
বিদ্যালয়টি	b i d d a l o y T i	native
বিদ্যালয়টিকে	b i d d a l o y T i k e	native
বিদ্যালয়টিতে	b i d d a l o y T i t e	native
বিদ্যালয়টির	b i d d a l o y T i r	native
বিদ্যালয়বিহিন	b i d d a l o y b i h i n	compound
বিদ্যালয়ভিত্তিক	b i d d a l o y bh i tt i k	compound
বিদ্যালয়মুখি	b i d d a l o y m u kh i	native
বিদ্যালয়সংলগ্ন	b i d d a l o y sh o ng l o g n o	compound
বিদ্যালয়সমুহে	b i d d a l o y sh o m u h e	compound
বিদ্যালয়সহ	b i d d a l o y sh o h O	native
বিদ্যালয়ে	b i d d a l O y e	native
বিদ্যালয়েই	b i d d a l o y e i	native
বিদ্যালয়েও	b i d d a l o y e O	native
বিদ্যালয়ের	b i d d a l o y e r	native
বিদ্যালয়েরই	b i d d a l o y e r i	native
বিদ্যাশিক্ষা	b i d d a sh i kkh a	tatsama
বিদ্যাশিক্ষার	b i d d a sh i kkh a r	tatsama
বিদ্যাশিক্ষায়	b i d d a sh i kkh a y	tatsama
বিদ্যাসাগর	b i d d a sh a g O r	native
বিদ্যাসাগরকে	b i d d a sh a g o r k e	native
বিদ্যাসাগরের	b i d d a sh a g O r e r	native
বিদ্যায়	b i d d a y	native
বিদ্যায়তন	b i d d a y o t o n	native
বিদ্যায়তনের	b i d d a y o t o n e r	native
বিদ্যু	b i d d u	native
বিদ্যুকেন্দ্র	b i d d u t k e ndr o	compound
বিদ্যুকেন্দ্রগুলো	b i d d u t k e ndr o g u l O	compound
বিদ্যুকেন্দ্রে	b i d d u t k e ndr e	compound
বিদ্যুকেন্দ্রের	b i d d u t k e ndr e r	compound
বিদ্যুচ্চমকের	b i d d u ch ch o m o k e r	compound
বিদ্যুত	b i d d u t	native
বিদ্যুতায়ন	b i d d u t a y o n	native
বিদ্যুতায়নের	b i d d u t a y o n e r	native
বিদ্যুতায়িত	b i d d u t a y i t o	native
বিদ্যুতে	b i d d u t e	native
বিদ্যুতেরও	b i d d u t e r O	native
বিদ্যুত্	b i d d u t	native
বিদ্যুত্ও	b i d d u t O	native
বিদ্যুত্কর্মি	b i d d u t k o r m i	compound
বিদ্যুত্চালিত	b i d d u t ch a l i t o	compound
বিদ্যুত্ব্যবস্থা	b i d d u t t o b o sth a	tatsama
বিদ্যুত্মন্ত্রি	b i d d u t m o nt r i	compound
বিদ্যুত্সংকট	b i d d u t sh o ng k o T	native
বিদ্যুত্সংকটে	b i d d u t sh o ng k o T e	compound
বিদ্যুত্সংকটের	b i d d u t sh o ng k o T e r	compound
বিদ্যুত্সংজোগ	b i d d u t sh o ng j o g	compound
বিদ্যুত্সচিব	b i d d u t sh o ch i b	native
বিদ্যুত্সমস্যার্	b i d d u t sh o m o sh sh a r	compound
বিদ্যুত্সহ	b i d d u t sh o h O	native
বিদ্যুত্সাশ্রয়ি	b i d d u t sh a sh r o i	compound
বিদ্যুত্স্পৃশ্ট	b i d d u t s p ri sh T o	tatsama
বিদ্যুত্হিন	b i d d u t h i n	native
বিদ্যুতৎ	b i d d u t	native
বিদ্যুোবিহিন	b i d d u t b i h i n	native
বিদ্যুৎ	b i d d u t	native
বিদ্যুৎই	b i d d u t i	native
বিদ্যুৎও	b i d d u t O	native
বিদ্যুৎকে	b i d d u t k e	native
বিদ্যুৎকেন্দ্র	b i d d u t k e ndr O	compound
বিদ্যুৎকেন্দ্রই	b i d d u t k e ndr o i	compound
বিদ্যুৎকেন্দ্রও	b i d d u t k e ndr o O	compound
বিদ্যুৎকেন্দ্রগুলো	b i d d u t k e ndr o g u l O	compound
বিদ্যুৎকেন্দ্রগুলোতে	b i d d u t k e ndr o g u l O t e	compound
বিদ্যুৎকেন্দ্রটি	b i d d u t k e ndr O T i	compound
বিদ্যুৎকেন্দ্রটিতে	b i d d u t k e ndr o T i t e	compound
বিদ্যুৎকেন্দ্রটির	b i d d u t k e ndr o T i r	compound
বিদ্যুৎকেন্দ্রসহ	b i d d u t k e ndr o sh o h O	compound
বিদ্যুৎকেন্দ্রে	b i d d u t k e ndr e	compound
বিদ্যুৎকেন্দ্রের	b i d d u t k e ndr e r	compound
বিদ্যুৎগতিতে	b i d d u t g o t i t e	native
বিদ্যুৎচালিত	b i d d u t ch a l i t o	native
বিদ্যুৎপ্রবাহ	b i d d u t pr o b a h o	compound
বিদ্যুৎবিচ্ছিন্ন	b i d d u t b i ch chh i nn O	compound
বিদ্যুৎবিভ্রাট	b i d d u t b i bh r a T	compound
বিদ্যুৎবিভ্রাটের	b i d d u t b i bh r a T e r	compound
বিদ্যুৎবিহিন	b i d d u t b i h i n	native
বিদ্যুৎবেগে	b i d d u t b e g e	native
বিদ্যুৎব্যবস্থা	b i d d u t b A b o sth a	compound
বিদ্যুৎব্যবস্থার	b i d d u t b A b o sth a r	compound
বিদ্যুৎমন্ত্রি	b i d d u t m o n t r i	compound
বিদ্যুৎশক্তি	b i d d u t sh O kt i	native
বিদ্যুৎশক্তিতে	b i d d u t sh o kt i t e	compound
বিদ্যুৎশক্তির	b i d d u t sh o kt i r	compound
বিদ্যুৎসংকট	b i d d u t sh o ng k o T	native
বিদ্যুৎসংকটের	b i d d u t sh o ng k o T e r	compound
বিদ্যুৎসংক্রান্ত	b i d d u t sh o ng kr a nt o	compound
বিদ্যুৎসংজোগ	b i d d u t sh o ng j O g	native
বিদ্যুৎসংজোগের	b i d d u t sh o ng j O g e r	compound
বিদ্যুৎসচিব	b i d d u t sh o ch i b	native
বিদ্যুৎসমস্যা	b i d d u t sh o m o sh sh a	compound
বিদ্যুৎসহ	b i d d u t sh o h O	native
বিদ্যুৎসাশ্রয়	b i d d u t sh a sh r o y	compound
বিদ্যুৎসাশ্রয়ি	b i d d u t sh a sh r o y i	compound
বিদ্যুৎসেবা	b i d d u t sh e b a	native
বিদ্যুৎস্পৃশ্ট	b i d d u t s p ri sh T O	tatsama
বিদ্যুৎস্পৃশ্টে	b i d d u t s p ri sh T e	tatsama
বিদ্যুৎস্পৃশ্টের	b i d d u t s p ri sh T e r	tatsama
বিদ্যুৎহিন	b i d d u t h i n	native
বিদ্যে	b i d d e	native
বিদ্যোপার্জন	b i d d O p a r o j O n	native
বিদ্যোৎসাহি	b i d d O t sh a h i	native
বিদ্রাবন	b i d r a b O n	native
বিদ্রুপ	b i d r u p	native
বিদ্রুপাত্মক	b i d r u p a t t o k	native
বিদ্রুপে	b i d r u p e	native
বিদ্রুপের	b i d r u p e r	native
বিদ্রুম	b i d r u m	native
বিদ্রোহ	b i d r O h O	native
বিদ্রোহই	b i d r O h o i	native
বিদ্রোহকে	b i d r O h o k e	native
বিদ্রোহটা	b i d r O h o T a	native
বিদ্রোহসংক্রান্ত	b i d r O h o sh o ng kr a nt o	compound
বিদ্রোহি	b i d r O h i	native
বিদ্রোহিকে	b i d r O h i k e	native
বিদ্রোহিদের	b i d r O h i d e r	native
বিদ্রোহির	b i d r O h i r	native
বিদ্রোহিরা	b i d r O h i r a	native
বিদ্রোহিরাই	b i d r O h i r a i	native
বিদ্রোহিরাও	b i d r O h i r a O	native
বিদ্রোহিসহ	b i d r O h i sh o h O	native
বিদ্রোহে	b i d r O h e	native
বিদ্রোহের	b i d r O h e r	native
বিধ	b i dh	native
বিধছে	b i dh chh e	native
বিধবা	b i dh O b a	native
বিধবাকে	b i dh o b a k e	native
বিধবাপল্লি	b i dh O b a p O l l i	native
বিধবাবিবাহ	b i dh o b a b i b a h o	native
বিধবাভাতার	b i dh o b a bh a t a r	native
বিধবারা	b i dh O b a r a	native
বিধবে	b i dh b e	native
বিধর্মা	b i dh o r m a	native
বিধর্মি	b i dh o r m i	native
বিধর্মিদের	b i dh O r m i d e r	native
বিধা	b i dh a	native
বিধাতা	b i dh a t a	native
বিধাতাই	b i dh a t a i	native
বিধাতার	b i dh a t a r	native
বিধান	b i dh a n	native
বিধানই	b i dh a n i	native
বিধানও	b i dh a n O	native
বিধানকে	b i dh a n k e	native
বিধানগুলো	b i dh a n g u l O	native
বিধানগুলোকে	b i dh a n g u l O k e	native
বিধানগুলোর	b i dh a n g u l O r	native
বিধানটা	b i dh a n T a	native
বিধানটি	b i dh a n T i	native
বিধানটিও	b i dh a n T i O	native
বিধানটিকে	b i dh a n T i k e	native
বিধানটির	b i dh a n T i r	native
বিধানদাতা	b i dh a n d a t a	native
বিধানমতে	b i dh a n m o t e	native
বিধানসংক্রান্ত	b i dh a n sh o ng kr a nt o	compound
বিধানসংবলিত	b i dh a n sh o ng b o l i t o	native
বিধানসভায়	b i dh a n sh o bh a y	native
বিধানসমুহ	b i dh a n sh o m u h o	native
বিধানসম্পর্কিত	b i dh a n sh o mp o r k i t o	compound
বিধানসহ	b i dh a n sh o h O	native
বিধানাবলি	b i dh a n a b o l i	native
বিধানাবলিকে	b i dh a n a b o l i k e	native
বিধানাবলির	b i dh a n a b o l i r	native
বিধানিক	b i dh a n i k	native
বিধানে	b i dh a n e	native
বিধানেই	b i dh a n e i	native
বিধানের	b i dh a n e r	native
বিধানেরও	b i dh a n e r O	native
বিধায়	b i dh a y	native
বিধায়ক	b i dh a y o k	native
বিধায়ককে	b i dh a y o k k e	native
বিধায়কদের	b i dh a y o k d e r	native
বিধায়কের	b i dh a y o k e r	native
বিধায়কেরা	b i dh a y o k e r a	native
বিধি	b i dh i	native
বিধিই	b i dh i i	native
বিধিও	b i dh i O	native
বিধিকে	b i dh i k e	native
বিধিগত	b i dh i g o t o	native
বিধিগুলো	b i dh i g u l O	native
বিধিটি	b i dh i T i	native
বিধিতেই	b i dh i t e i	native
বিধিতেও	b i dh i t e O	native
বিধিনিশেধ	b i dh i n i sh e dh	native
বিধিনিশেধও	b i dh i n i sh e dh O	native
বিধিনিশেধের	b i dh i n i sh e dh e r	native
বিধিবদ্ধ	b i dh i b o d dh O	tatsama
বিধিবহির্ভুত	b i dh i b O h i r bh u t O	native
বিধিবহির্ভুতভাবে	b i dh i b o h i r bh u t o bh a b e	compound
বিধিবিধান	b i dh i b i dh a n	native
বিধিবিধানগুলো	b i dh i b i dh a n g u l O	compound
বিধিবিধানে	b i dh i b i dh a n e	native
বিধিবিধানের	b i dh i b i dh a n e r	native
বিধিব্যবস্থা	b i dh i b A b o sth a	native
বিধিমতে	b i dh i m o t e	native
বিধিমালা	b i dh i m a l a	native
বিধিমালাও	b i dh i m a l a O	native
বিধিমালাটি	b i dh i m a l a T i	native
বিধিমালাটির	b i dh i m a l a T i r	native
বিধিমালায়	b i dh i m a l a y	native
বিধিমোতাবেক	b i dh i m O t a b e k	native
বিধিলিপি	b i dh i l i p i	native
বিধিসম্মত	b i dh i sh o mm O t O	native
বিধিৎসা	b i dh i t sh a	native
বিধু	b i dh u	native
বিধুত	b i dh u t	native
বিধুনন	b i dh u n o n	native
বিধুন্তুদ	b i dh u nt u d	native
বিধুর	b i dh u r	native
বিধৃত	b i dh ri t O	tatsama
বিধে	b i dh e	native
বিধেছে	b i dh e chh e	native
বিধেয়	b i dh e y O	native
বিধেয়ক	b i dh e y o k	native
বিধোউত	b i dh O u t o	native
বিধ্বংস	b i d dh o ng sh O	tatsama
বিধ্বংসি	b i d dh o ng sh i	tatsama
বিধ্বস্ত	b i d dh o st O	tatsama
বিধ্বস্তের	b i d dh o st e r	tatsama
বিন	b i n	native
বিনত	b i n o t O	native
বিনতা	b i n o t a	native
বিনদি	b i n o d i	native
বিননি	b i n n i	native
বিনম্র	b i n o m r O	native
বিনম্রচিত্তে	b i n o m r o ch i tt e	native
বিনশ্ট	b i n o sh T O	native
বিনশ্টকারি	b i n o sh T O k a r i	native
বিনশ্টন	b i n o sh T O	native
বিনশ্টি	b i n o sh T i	native
বিনশ্টের	b i n o sh T e r	native
বিনশ্বর	b i n o sh sh o r	tatsama
বিনস	b i n s	native
বিনা	b i n a	native
বিনানো	b i n a n O	native
বিনাপয়সায়	b i n a p o y o sh a y	native
বিনাবিচারে	b i n a b i ch a r e	native
বিনামা	b i n a m a	native
বিনামুল্যে	b i n a m u l l e	native
বিনামুল্যেই	b i n a m u l l e i	native
বিনামুল্যের	b i n a m u l l e r	native
বিনালশিভ	b i n a l sh i bh	native
বিনাশ	b i n a sh	native
বিনাশি	b i n a sh i	native
বিনাশে	b i n a sh e	native
বিনাশের	b i n a sh e r	native
বিনাশ্রম	b i n a sh r o m	native
বিনায়ক	b i n a y O k	native
বিনায়কের	b i n a y o k e r	native
বিনি	b i n i	native
বিনিঃশেশ	b i n i sh sh e sh	tatsama
বিনিঃসরন	b i n i sh sh o r O n	tatsama
বিনিক্ষিপ্ত	b i n i kkh i p t O	tatsama
বিনিজুক্ত	b i n i j u kt O	native
বিনিত	b i n i t O	native
বিনিতভাবে	b i n i t O bh a b e	native
বিনিদ্র	b i n i d r O	native
বিনিন্দিত	b i n i nd i t O	native
বিনিপাত	b i n i p a t	native
বিনিবর্তন	b i n i b o r t O n	native
বিনিবারিত	b i n i b a r i t O	native
বিনিবেশিত	b i n i b e sh i t O	native
বিনিময়	b i n i m o y	native
বিনিময়কালে	b i n i m o y k a l e	native
বিনিময়জোগ্য	b i n i m o y j O g g o	native
বিনিময়মুল্য	b i n i m o y m u l l o	native
বিনিময়সংক্রান্ত	b i n i m o y sh o ng kr a nt o	compound
বিনিময়ে	b i n i m o y e	native
বিনিময়েই	b i n i m o y e i	native
বিনিময়েও	b i n i m o y e O	native
বিনিময়ের	b i n i m o y e r	native
বিনিময়েরও	b i n i m o y e r O	native
বিনির	b i n i r	native
বিনির্গত	b i n i r g o t O	native
বিনির্জিত	b i n i r j i t O	native
বিনির্দেশ	b i n i r d e sh	native
বিনির্নয়	b i n i r n o y	native
বিনির্বৃত্ত	b i n i r b ri tt O	tatsama
বিনির্মান	b i n i r m a n	native
বিনির্মানে	b i n i r m a n e	native
বিনির্মানের	b i n i r m a n e r	native
বিনির্মুক্ত	b i n i r m u kt O	native
বিনিশা	b i n i sh a	native
বিনিশ্চল	b i n i sh ch o l	native
বিনিশ্চয়	b i n i sh ch o y	native
বিনিয়ে	b i n i y e	native
বিনিয়োগই	b i n i y O g i	native
বিনিয়োগও	b i n i y O g O	native
বিনিয়োগকারি	b i n i y O g k a r i	native
বিনিয়োগকারিই	b i n i y O g k a r i i	native
বিনিয়োগকারিও	b i n i y O g k a r i O	native
বিনিয়োগকারিকে	b i n i y O g k a r i k e	compound
বিনিয়োগকারিকেই	b i n i y O g k a r i k e i	compound
বিনিয়োগকারিদের	b i n i y O g k a r i d e r	compound
বিনিয়োগকারিদেরই	b i n i y O g k a r i d e r i	compound
বিনিয়োগকারিদেরও	b i n i y O g k a r i d e r O	compound
বিনিয়োগকারিদেরকে	b i n i y O g k a r i d e r k e	compound
বিনিয়োগকারির	b i n i y O g k a r i r	native
বিনিয়োগকারিরা	b i n i y O g k a r i r a	compound
বিনিয়োগকারিরাই	b i n i y O g k a r i r a i	compound
বিনিয়োগকারিরাও	b i n i y O g k a r i r a O	compound
বিনিয়োগকারিসহ	b i n i y O g k a r i sh o h O	compound
বিনিয়োগকৃত	b i n i y O g k ri t o	tatsama
বিনিয়োগকে	b i n i y O g k e	native
বিনিয়োগকেই	b i n i y O g k e i	native
বিনিয়োগজোগ্য	b i n i y O g j O g g o	native
বিনিয়োগটা	b i n i y O g T a	native
বিনিয়োগনিতি	b i n i y O g n i t i	native
বিনিয়োগনিতির	b i n i y O g n i t i r	native
বিনিয়োগপ্রবাহ	b i n i y O g pr o b a h o	compound
বিনিয়োগবান্ধব	b i n i y O g b a ndh o b	compound
বিনিয়োগবিশয়ক	b i n i y O g b i sh o y o k	native
বিনিয়োগসংক্রান্ত	b i n i y O g sh o ng kr a nt o	compound
বিনিয়োগসহ	b i n i y O g sh o h O	native
বিনিয়োগসিমা	b i n i y O g sh i m a	native
বিনিয়োগে	b i n i O g e	native
বিনিয়োগেই	b i n i y O g e i	native
বিনিয়োগেও	b i n i y O g e O	native
বিনিয়োগের	b i n i O g e r	native
বিনিয়োগেরও	b i n i y O g e r	native
বিনিয়োজিত	b i n i y O j i t O	native
বিনু	b i n u	native
বিনুনি	b i n u n i	native
বিনে	b i n e	native
বিনেতা	b i n e t a	native
বিনের	b i n e r	native
বিনেরপোতা	b i n e r p O t a	native
বিনেয়	b i n e y O	native
বিনোদন	b i n O d O n	native
বিনোদনও	b i n O d o n O	native
বিনোদনকে	b i n O d o n k e	native
বিনোদনকেন্দ্র	b i n O d O n k e ndr O	compound
বিনোদনকেন্দ্রগুলোও	b i n O d o n k e ndr O g u l O O	compound
বিনোদনকেন্দ্রের	b i n O d o n k e ndr e r	compound
বিনোদনজগতে	b i n O d o n j o g o t e	native
বিনোদনজগতের	b i n O d o n j o g o t e r	native
বিনোদনমাধ্যম	b i n O d o n m a d dh o m	native
বিনোদনমুলক	b i n O d O n m u l O k	native
বিনোদনে	b i n O d O n e	native
বিনোদনের	b i n O d o n e r	native
বিনোদপুর	b i n O d p u r	native
বিনোদপুরে	b i n O d p u r e	native
বিনোদপুরের	b i n O d p u r e r	native
বিনোদবিহারি	b i n O d b i h a r i	native
বিনোদবিহারির	b i n O d b i h a r i r	native
বিনোদি	b i n O d i	native
বিনোদিত	b i n O d i t O	native
বিনোদিনি	b i n O d i n i	native
বিনোদিনিকে	b i n O d i n i k e	native
বিনোদিনির	b i n O d i n i r	native
বিন্তু	b i nt u	native
বিন্দাল	b i nd a l	native
বিন্দাস	b i nd a sh	native
বিন্দি	b i nd i	native
বিন্দু	b i nd u	native
বিন্দুও	b i nd u O	native
বিন্দুকে	b i nd u k e	native
বিন্দুতে	b i nd u t e	native
বিন্দুবাসিনি	b i nd u b a sh i n i	loanword
বিন্দুমাত্র	b i nd u m a tr O	native
বিন্দুমাত্রও	b i nd u m a tr O O	native
বিন্দুর	b i nd u r	native
বিন্দেদুতি	b i nd e d u t i	native
বিন্ধ্য	b i n dh O	tatsama
বিন্ন	b i nn o	native
বিন্নগাওয়ে	b i nn o g a O y e	native
বিন্নাবাইদ	b i nn a b a i d	native
বিন্নি	b i nn i	native
বিন্যস্ত	b i n n O st O	native
বিন্যস্তকরন	b i n n o st o k o r o n	native
বিন্যাস	b i n n a sh	native
বিন্যাসও	b i n n a sh t o	native
বিন্যাসটা	b i n n a sh T a	native
বিন্যাসপত্রে	b i n n a sh p o tr e	native
বিন্যাসে	b i n n a sh e	native
বিনয়	b i n o y	native
বিনয়কাঠি	b i n o y k a Th i	native
বিনয়ন	b i n o y O n	native
বিনয়নিতি	b i n o y n i t i	native
বিনয়ি	b i n o y i	native
বিনয়ে	b i n o y e	native
বিনয়ের	b i n o y e r	native
বিপ	b i p	native
বিপক্ষ	b i p o kkh O	tatsama
বিপক্ষকে	b i p o kkh O k e	tatsama
বিপক্ষেই	b i p o kkh e i	tatsama
বিপক্ষেও	b i p o kkh e O	tatsama
বিপজ্জনকও	b i p o j j o n o k O	native
বিপজ্জনকভাবে	b i p o j j o n o k bh a b e	native
বিপতি	b i p O t i	native
বিপত্তি	b i p O tt i	native
বিপত্তিই	b i p o tt i i	native
বিপত্তিটা	b i p O tt i T a	native
বিপত্তির	b i p O tt i r	native
বিপত্নিক	b i p O t n i k	native
বিপত্সিমা	b i p o t sh i m a	native
বিপত্সিমার	b i p o t sh i m a r	native
বিপথ	b i p o th	native
বিপথগামি	b i p o th g a m i	native
বিপথগামিতা	b i p o th g a m i t a	native
বিপদই	b i p o d i	native
বিপদও	b i p o d O	native
বিপদকে	b i p o d k e	native
বিপদগ্রস্ত	b i p o d gr O st O	native
বিপদগ্রস্তদের	b i p o d gr o st o d e r	compound
বিপদটা	b i p o d T a	native
বিপদসংকুল	b i p o d sh o ng k u l	native
বিপদসংকেত	b i p o d sh o ng k e t	native
বিপদসিমা	b i p o d sh i m a	native
বিপদসিমার	b i p o d sh i m a r	native
বিপদাপন্ন	b i p O d a p o nn O	native
বিপদে	b i p o d e	native
বিপদেই	b i p o d e i	native
বিপদেও	b i p o d e O	native
বিপদের	b i p o d e r	native
বিপনন	b i p o n O n	native
বিপননকারি	b i p o n o n k a r i	native
বিপননকে	b i p o n o n k e	native
বিপননকেন্দ্র	b i p o n o n k e ndr O	native
বিপননকেন্দ্রগুলো	b i p o n o n k e ndr O g u l O	compound
বিপননকেন্দ্রে	b i p o n o n k e ndr e	compound
বিপননকেন্দ্রের	b i p o n o n k e ndr e r	compound
বিপননপ্রতিশ্ঠান	b i p o n o n pr o t i sh Th a n	compound
বিপননপ্রধান	b i p o n o n pr o dh a n	native
বিপননব্যবস্থা	b i p o n o n b A b o sh t a	compound
বিপননব্যবস্থায়	b i p o n o n b A b o sh t a y	compound
বিপননশাস্ত্রের	b i p o n o n sh a s t r e r	compound
বিপননে	b i p o n o n e	native
বিপননেও	b i p o n o n e O	native
বিপননের	b i p o n o n e r	native
বিপনি	b i p o n i	native
বিপনিকেন্দ্র	b i p o n i k e ndr O	native
বিপনিকেন্দ্রে	b i p o n i k e ndr e	compound
বিপনিকেন্দ্রের	b i p o n i k e ndr e r	compound
বিপনিবিতান	b i p o n i b i t a n	native
বিপনিবিতানগুলো	b i p o n i b i t a n g u l O	compound
বিপনিবিতানগুলোতে	b i p o n i b i t a n g u l O t e	compound
বিপনিবিতানগুলোয়	b i p o n i b i t a n g u l O y	compound
বিপনিবিতানসহ	b i p o n i b i t a n sh o h O	native
বিপনিবিতানে	b i p o n i b i t a n e	native
বিপনিবিতানের	b i p o n i b i t a n e r	native
বিপনির	b i p o n i r	native
বিপনু	b i p O n u	native
বিপন্নই	b i p o nn o i	native
বিপন্নতাকে	b i p o nn o t a k e	native
বিপন্নপ্রায়	b i p o nn o pr a y	native
বিপরিত	b i p o r i t	native
বিপরিতই	b i p o r i t i	native
বিপরিতও	b i p o r i t O	native
বিপরিতধর্মি	b i p o r i t dh o r m i	native
বিপরিতভাবে	b i p o r i t bh a b e	native
বিপরিতমুখি	b i p o r i t m u kh i	native
বিপরিতার্থক	b i p o r i t a r th o k	native
বিপরিতে	b i p o r i t e	native
বিপরিতেই	b i p o r i t e i	native
বিপরিতেও	b i p o r i t e O	native
বিপরিতের	b i p o r i t e r	native
বিপরিনতো	b i p O r i n o t O	native
বিপরিনাম	b i p O r i n a m	native
বিপরিবর্তন	b i p O r i b o r t O n	native
বিপর্যস্ত	b i p o r j o st O	native
বিপর্যস্ততার	b i p o r j o st o t a r	native
বিপর্যয়	b i p o r j o y	native
বিপর্যয়ই	b i p o r j o y i	native
বিপর্যয়ও	b i p o r j o y O	native
বিপর্যয়কর	b i p o r j o y k o r	native
বিপর্যয়কারি	b i p o r j o y k a r i	native
বিপর্যয়কে	b i p o r j o y k e	native
বিপর্যয়গুলো	b i p o r j o y g u l O	native
বিপর্যয়টা	b i p o r j o y T a	native
বিপর্যয়সহ	b i p o r j o y sh o h O	native
বিপর্যয়ে	b i p o r j o y e	native
বিপর্যয়ের	b i p o r j o y e r	native
বিপর্যয়েরই	b i p o r j o y e r i	native
বিপল	b i p o l	native
বিপশ্চিৎ	b i p O sh ch i t	native
বিপসা	b i p sh a	native
বিপাক	b i p a k	native
বিপাকক্রিয়ার	b i p a kr i y a r	native
বিপাকক্রিয়ায়	b i p a kr i y a y	native
বিপাকেই	b i p a k e i	native
বিপাকের	b i p a k e r	native
বিপাশা	b i p a sh a	native
বিপাশার	b i p a sh a r	native
বিপাস	b i p a sh	native
বিপিএটিসি	b i p i e T i s i	proper_noun
বিপিএটিসির	b i p i e T i s i r	proper_noun
বিপিএড	b i p i e D	loanword
বিপিএলকে	b i p i e l k e	native
বিপিএলে	b i p i e l e	native
বিপিএলের	b i p i e l e r	native
বিপিএসসি	b i p i e s s i	native
বিপিএসসির	b i p i e s s i r	native
বিপিও	b i p i O	native
বিপিওর	b i p i O r	native
বিপিকে	b i p i k e	native
বিপিজিএমইএ	b i p i j i e m i e	native
বিপিজিএমইএর	b i p i j i e m i e r	native
বিপিডিবি	b i p i D i b i	proper_noun
বিপিডিবির	b i p i D i b i r	proper_noun
বিপিতা	b i p i t a	native
বিপিন	b i p i n	native
বিপির	b i p i r	native
বিপিসি	b i p i s i	native
বিপিসিই	b i p i s i i	native
বিপিসিকে	b i p i s i k e	native
বিপু	b i p u	native
বিপুর	b i p u r	native
বিপুল	b i p u l	native
বিপুলকে	b i p u l k e	native
বিপুলভাবে	b i p u l bh a b e	native
বিপুলসংখ্যক	b i p u l sh o ng kh O k	native
বিপুলা	b i p u l a	native
বিপুলের	b i p u l e r	native
বিপে	b i p e	native
বিপের	b i p e r	native
বিপ্র	b i pr O	native
বিপ্রকর্ষ	b i pr O k o r sh O	tatsama
বিপ্রকর্ষন	b i pr O k o r sh O n	tatsama
বিপ্রকৃশ্ট	b i pr O k ri sh T O	tatsama
বিপ্রজুক্ত	b i pr O j u kt O	native
বিপ্রতিপ	b i pr O t i p	native
বিপ্রতিপত্তি	b i pr O t o p O tt i	native
বিপ্রদাশ	b i pr o d a sh	native
বিপ্রলব্ধ	b i pr O l o b dh O	native
বিপ্রলম্ভ	b i pr O l o m bh O	native
বিপ্রলাপ	b i pr O l a p	native
বিপ্রসাৎ	b i pr O sh a t	native
বিপ্লব	b i p l o b	loanword
বিপ্লবই	b i p l o b i	loanword
বিপ্লবও	b i p l o b O	loanword
বিপ্লবকে	b i p l o b k e	loanword
বিপ্লবটা	b i p l o b T a	loanword
বিপ্লবদের	b i p l o b d e r	loanword
বিপ্লবসহ	b i p l o b sh o h O	loanword
বিপ্লবি	b i p l O b i	loanword
বিপ্লবিকে	b i p l o b i k e	loanword
বিপ্লবিদের	b i p l O b i d e r	loanword
বিপ্লবির	b i p l o b i r	loanword
বিপ্লবিরা	b i p l O b i r a	loanword
বিপ্লবে	b i p l o b e	loanword
বিড়ি	b i r i	native
বিজই	b i j i	native
বিজও	b i j O	native
বিজগুলো	b i j g u l O	native
বিজঘ্ন	b i j o gh n o	native
বিজটা	b i j T a	native
বিজটি	b i j T i	native
বিজতলায়	b i j t o l a y	native
বিজনু	b i j a n u	native
বিজভান্ডার	b i j bh a n D a r	native
বিজমন্ত্র	b i j m o n t r o	native
বিজসংকটের	b i j sh o ng k o T e r	native
বিজসহ	b i j sh o h O	native
বিজাগার	b i j a g a r	native
বিজাগারগুলো	b i j a g a r g u l O	native
বিজাগারটি	b i j a g a r T i	native
বিজাগারের	b i j a g a r e r	native
বিজিপুরুশ	b i j i p u r u sh	native
বিজুক্তি	b i j u kt i	native
বিত	b i t O	native
বিতংস	b i t o ng sh o	native
বিতরাগ	b i t o r a g	native
বিতিহোত্র	b i t i h O tr O	native
বিথিকা	b i th i k a	native
বিনাকে	b i n a k e	native
বিনাপানি	b i n a p a n i	native
বিপ্লবের	b i p l o b e r	loanword
বিপ্লবেরই	b i p l o b e r i	loanword
বিপ্লাবন	b i p l a b O n	loanword
বিপ্লুত	b i p l u t O	loanword
বিপ্সা	b i p sh a	native
বিপৎ	b i p o t	native
বিপৎসংকেত	b i p o t sh o ng k e t	native
বিপৎসিমা	b i p o t sh i m a	native
বিপৎসিমার	b i p o t sh i m a r	native
বিফ	b i ph	native
বিফল	b i ph o l	native
বিফলতা	b i ph o l o t a	native
বিফলে	b i ph o l e	native
বিফোর	b i ph O r	native
বিফোরের	b i ph O r e r	native
বিফ্রিং	b i ph r i ng	loanword
বিফ্রিংয়ে	b i ph r i ng y e	loanword
বিব	b i b	native
বিবক্ষা	b i b O kkh a	tatsama
বিবদমান	b i b o d O m a n	native
বিবমিশা	b i b O m i sh a	native
বিবর	b i b o r	native
বিবরন	b i b o r o n	native
বিবরনও	b i b o r o n O	native
বিবরনকে	b i b o r o n k e	native
বিবরনসংবলিত	b i b o r o n sh o ng b o l i t o	native
বিবরনসহ	b i b o r o n sh o h O	native
বিবরনি	b i b o r O n i	native
বিবরনিও	b i b o r o n i O	native
বিবরনিকে	b i b o r o n i k e	native
বিবরনিতে	b i b o r o n i t e	native
বিবরনিতেও	b i b o r o n i t e O	native
বিবরনির	b i b o r o n i r	native
বিবরনে	b i b o r o n e	native
বিবরনের	b i b o r O n e r	native
বিবরা	b i b o r a	native
বিবর্জন	b i b o r j o n	native
বিবর্জিত	b i b O r j i t O	native
বিবর্ত	b i b o r t O	native
বিবর্তনবাদের	b i b o r t O n b a d e r	native
বিবর্তনে	b i b o r t o n e	native
বিবর্তনের	b i b o r t O n e r	native
বিবর্ধক	b i b o r dh o k	native
বিবর্ধন	b i b o r dh o n	native
বিবর্ধিত	b i b o r dh i t o	native
বিবর্ন	b i b o r n O	native
বিবশ	b i b o sh	native
বিবসনা	b i b o sh O n a	native
বিবসিনি	b i b O sh i n i	native
বিবস্ত্র	b i b o s t r O	native
বিবস্বান	b i b o sh sh a n	tatsama
বিবা	b i b a	native
বিবাগ	b i b a g	native
বিবাদ	b i b a d	native
বিবাদি	b i b a d i	native
বিবাদিকে	b i b a d i k e	native
বিবাদিদের	b i b a d i d e r	native
বিবাদিপক্ষের	b i b a d i p o kkh e r	tatsama
বিবাদিভুক্ত	b i b a d i bh u kt O	native
বিবাদির	b i b a d i r	native
বিবাদিরা	b i b a d i r a	native
বিবাদে	b i b a d e	native
বিবাদেও	b i b a d e O	native
বিবাদের	b i b a d e r	native
বিবাধ	b i b a dh	native
বিবার	b i b a r	native
বিবারের	b i b a r e r	native
বিবাস	b i b a sh	loanword
বিবাহ	b i b a h O	native
বিবাহজোগ্য	b i b a h O j O g g O	native
বিবাহজোগ্যদের	b i b a h O j O g g O d e r	compound
বিবাহত্তোর	b i b a h O tt O r	native
বিবাহপরবর্তি	b i b a h O p o r O b O r t i	native
বিবাহবন্ধনে	b i b a h O b o ndh O n e	tatsama
বিবাহবহির্ভুত	b i b a h O b O h i r bh u t O	compound
বিবাহবার্ষিকি	b i b a h o b a r sh i k i	compound
বিবাহবার্ষিকির	b i b a h o b a r sh i k i r	compound
বিবাহবিচ্ছেদ	b i b a h O b i ch chh e d	native
বিবাহবিচ্ছেদের	b i b a h O b i ch chh e d e r	compound
বিবাহিত	b i b a h i t O	native
বিবাহিতা	b i b a h i t a	native
বিবাহে	b i b a h e	native
বিবাহের	b i b a h e r	native
বিবাহোত্তর	b i b a h O tt o r	native
বিবি	b i b i	native
বিবিআনা	b i b i a n a	native
বিবিএ	b i b i e	native
বিবিএতে	b i b i e t e	native
বিবিএফ	b i b i e ph	native
বিবিএফের	b i b i e ph e r	native
বিবিএর	b i b i e r	native
বিবিএস	b i b i e s	native
বিবিএসকে	b i b i e s k e	native
বিবিএসে	b i b i e s e	native
বিবিএসের	b i b i e s e r	native
বিবিও	b i b i O	native
বিবিকে	b i b i k e	native
বিবিক্ত	b i b i kt O	native
বিবিক্ষা	b i b i kkh a	tatsama
বিবিচিনি	b i b i ch i n i	native
বিবিধ	b i b i dh O	native
বিবিবাজার	b i b i b a j a r	native
বিবির	b i b i r	native
বিবিরহাটে	b i b i r h a T e	native
বিবিসি	b i b i s i	native
বিবিসিকে	b i b i s i k e	native
বিবিসিতে	b i b i s i t e	native
বিবিসির	b i b i s i r	native
বিবিসিসহ	b i b i s i sh o h O	native
বিবিয়ানা	b i b i y a n a	native
বিবিয়ানার	b i b i y a n a r	native
বিবিয়ানায়	b i b i y a n a y	native
বিবৃতি	b i b ri t i	tatsama
বিবৃতিকে	b i b ri t i k e	tatsama
বিবৃতিটিতে	b i b ri t i T i t e	tatsama
বিবৃতিতে	b i b ri t i t e	tatsama
বিবৃতিতেও	b i b ri t i t e O	tatsama
বিবৃতিদাতা	b i b ri t i d a t a	tatsama
বিবৃতিদাতাদের	b i b ri t i d a t a d e r	tatsama
বিবৃতিদাতার	b i b r i t i d a t a r	tatsama
বিবৃতিদাতারা	b i b ri t i d a t a r a	tatsama
বিবৃতিদানকারি	b i b ri t i d a n k a r o i	tatsama
বিবৃতিমুলক	b i b r i t i m u l O k	tatsama
বিবৃতির	b i b r i t i r	tatsama
বিবৃত্ত	b i b ri tt O	tatsama
বিবৃদ্ধি	b i b ri d dh i	tatsama
বিবেকতাড়িত	b i b e k t a r i t o	native
বিবেকবর্জিত	b i b e k b o r j i t o	native
বিবেকবোধ	b i b e k b O dh	native
বিবেকসম্পন্ন	b i b e k sh o mp o nn o	native
বিবেকহিন	b i b e k h i n	native
বিবেকানন্দকে	b i b e k a n o nd O k e	native
বিবেকানন্দের	b i b e k a n o nd e r	native
বিবেকে	b i b e k e	native
বিবেচক	b i b e ch o k	native
বিবেচনা	b i b e ch o n a	native
বিবেচনাই	b i b e ch o n a i	native
বিবেচনাকে	b i b e ch o n a k e	native
বিবেচনাগুলো	b i b e ch o n a g u l O	native
বিবেচনাজোগ্য	b i b e ch o n a j O g g o	native
বিবেচনাতেই	b i b e ch o n a t e i	native
বিবেচনাধিন	b i b e ch o n a dh i n	native
বিবেচনাপ্রসুত	b i b e ch o n a pr o sh u t o	compound
বিবেচনাবোধ	b i b e ch o n a b O dh	native
বিবেচনাবোধের	b i b e ch o n a b O dh e r	native
বিবেচনার	b i b e ch O n a r	native
বিবেচনাহিন	b i b e ch o n a h i n	native
বিবেচনায়	b i b e ch O n a y o	native
বিবেচনায়ই	b i b e ch o n a y i	native
বিবেচনায়ও	b i b e ch o n a y O	native
বিবেচিত	b i b e ch i t O	native
বিব্রত	b i br O t O	native
বিব্রতই	b i br o t o i	native
বিব্রতকর	b i br o t O k o r	native
বিবৎস	b i bh o t sh O	native
বিবৎসা	b i b o t sh a	native
বিভংগ	b i bh o ng g O	native
বিভক্তিও	b i bh o kt i O	native
বিভক্তিতে	b i bh o kt i t e	native
বিভগের	b i bh o g e r	native
বিভজনিয়	b i bh O j O n i y O	native
বিভজ্যমান	b i bh O j j O m a n	native
বিভত্স	b i bh o t sh o	native
বিভত্সতা	b i bh o t sh o t a	native
বিভন্ন	b i bh o nn o	native
বিভব	b i bh o b O	native
বিভবন	b i bh o b	native
বিভাগওয়ারি	b i bh a g O y a r i	native
বিভাগকেই	b i bh a g k e i	native
বিভাগকেও	b i bh a g k e O	native
বিভাগগুলোকে	b i bh a g g u l O k e	native
বিভাগগুলোতে	b i bh a g g u l O t e	native
বিভাগগুলোতেও	b i bh a g g u l O t e O	native
বিভাগগুলোর	b i bh a g g u l O r	native
বিভাগটিতে	b i bh a g T i t e	native
বিভাগটির	b i bh a g T i r	native
বিভাগভিত্তিক	b i bh a g bh i tt i k	native
বিভাগসংক্রান্ত	b i bh a g sh o ng kr a nt o	compound
বিভাগসমুহ	b i bh a g sh o m u h o	native
বিভাগিয়	b i bh a g i y	native
বিভাগে	b i bh a g e	native
বিভাগেই	b i bh a g e i	native
বিভাগেও	b i bh a g e O	native
বিভাগেরই	b i bh a g e r o i	native
বিভাজক	b i bh a j O k	native
বিভাজকে	b i bh a j O k e	native
বিভাজকের	b i bh a j o k e r	native
বিভাজনকে	b i bh a j O n k e	native
বিভাজনটা	b i bh a j o n T a	native
বিভাজনমুলক	b i bh a j o n m u l o k	native
বিভাজনরেখা	b i bh a j o n r e kh a	native
বিভাজনে	b i bh a j O n e	native
বিভাজ্য	b i bh a j j O	native
বিভানা	b i bh a n a	native
বিভাব	b i bh a b	native
বিভাবনিয়	b i bh a b o n i y O	native
বিভাবরি	b i bh a b O r i	native
বিভাবসু	b i bh a b sh u	native
বিভার	b i bh a r	native
বিভাশা	b i bh a sh a	native
বিভাস	b i bh a sh	native
বিভাসা	b i bh a sh a	native
বিভাসিত	b i bh a sh i t O	native
বিভাসের	b i bh a sh e r	native
বিভিন্ন	b i bh i nn O	native
বিভিন্নজন	b i bh i nn O j o n	native
বিভিন্নজনকে	b i bh i nn o j o n k e	native
বিভিন্নজনের	b i bh i nn O j o n e r	native
বিভিন্নমুখি	b i bh i nn O m u kh i	native
বিভিন্নরকম	b i bh i nn O r o k O m	native
বিভিন্নস্থানে	b i bh i nn O sth a n e	compound
বিভিন্ন্ন	b i bh i n n o n	native
বিভিশন	b i bh i sh o n	native
বিভিশিকা	b i bh i sh i k a	native
বিভিশিকাময়	b i bh i sh i k a m o y	native
বিভিশিকার	b i bh i sh i k a r	native
বিভিশিকায়	b i bh i sh i k a y	native
বিভু	b i bh u	native
বিভুই	b i bh u i	native
বিভুইয়ে	b i bh u i y e	native
বিভুতি	b i bh u t i	native
বিভুতিভুশন	b i bh u t i bh u sh o n	native
বিভুতিভুশনের	b i bh u t i bh u sh o n e r	native
বিভুতির	b i bh u t i r	native
বিভুতিরঞ্জন	b i bh u t i r o nj o n	tatsama
বিভুতিরঞ্জনের	b i bh u t i r o nj o n e r	compound
বিভুশন	b i bh u sh o n	native
বিভেদ	b i bh e d	native
বিভেদই	b i bh e d i	native
বিভেদে	b i bh e d e	native
বিভেদের	b i bh e d e r	native
বিভোর	b i bh O r	native
বিভোল	b i bh O l	native
বিভ্রম	b i bh r o m	native
বিভ্রমন	b i b bh r O m O n	native
বিভ্রাটে	b i bh r a T e	native
বিভ্রান্ত	b i bh r a nt e	native
বিভ্রান্তি	b i bh r a nt i	native
বিভ্রান্তিকর	b i bh r a nt i k o r	native
বিভ্রান্তিতে	b i bh r a nt i t e	native
বিভ্রান্তিমুলক	b i bh r a nt i m u l o k	compound
বিভ্রান্তির	b i bh r a nt i r	native
বিভৎ	b i bh o t	native
বিভৎস	b i bh o t sh O	native
বিভৎসতা	b i bh o t sh o t a	native
বিভৎসভাবে	b i bh o t sh o bh a b e	native
বিম	b i m	native
বিমক	b i m o k	native
বিমকে	b i m k e	native
বিমত	b i m o t	native
বিমথিত	b i m O th i t O	native
বিমন্দ্রিত	b i m o ndr i t O	native
বিমরিশ	b i m o r i sh	native
বিমল	b i m o l	native
বিমলকে	b i m o l k e	native
বিমলা	b i m o l a	native
বিমলের	b i m o l e r	native
বিমসটেক	b i m s T e k	proper_noun
বিমসটেকের	b i m s T e k e r	proper_noun
বিমাকারির	b i m a k a r i r	native
বিমাতা	b i m a t a	native
বিমাতাসুলভ	b i m a t a sh u l o bh	native
বিমানই	b i m a n i	native
বিমানও	b i m a n O	native
বিমানকর্মিদের	b i m a n k o r m i d e r	compound
বিমানকর্মিরা	b i m a n k o r m i r a	native
বিমানকে	b i m a n k e	native
বিমানগুলোকে	b i m a n g u l O k e	native
বিমানগুলোর	b i m a n g u l O r	native
বিমানঘাটি	b i m a n gh a T i	native
বিমানঘাটিতে	b i m a n gh a T i t e	native
বিমানঘাটির	b i m a n gh a T i r	native
বিমানজাত্রার	b i m a n j a tr a r	native
বিমানজাত্রায়	b i m a n j a tr a y	native
বিমানজাত্রি	b i m a n j a tr i	native
বিমানজাত্রিদের	b i m a n j a tr i d e r	compound
বিমানজাত্রির	b i m a n j a tr i r	native
বিমানজোগে	b i m a n j O g e	native
বিমানটি	b i m a n T i	native
বিমানটিতে	b i m a n T i t e	native
বিমাননা	b i m a n n a	native
বিমানবন্দরই	b i m a n b o nd o r i	native
বিমানবন্দরও	b i m a n b o nd o r O	native
বিমানবন্দরগুলো	b i m a n b o nd o r g u l O	compound
বিমানবন্দরগুলোকে	b i m a n b o nd o r g u l O k e	compound
বিমানবন্দরগুলোতে	b i m a n b o nd o r g u l O t e	compound
বিমানবন্দরটির	b i m a n b o nd o r T i r	compound
বিমানবন্দরসংলগ্ন	b i m a n b o nd o r sh o ng l o g n o	compound
বিমানবন্দরে	b i m a n b o nd o r e	native
বিমানবন্দরেই	b i m a n b o nd O r e i	native
বিমানবন্দরেও	b i m a n b o nd o r e O	native
বিমানবহরে	b i m a n b o h o r e	native
বিমানবালা	b i m a n b a l a	native
বিমানবাহি	b i m a n b a h i	native
বিমানবাহিনি	b i m a n b a h i n i	native
বিমানবাহিনিও	b i m a n b a h i n i O	native
বিমানবাহিনিকে	b i m a n b a h i n i k e	compound
বিমানবাহিনিতে	b i m a n b a h i n i t e	compound
বিমানবাহিনির	b i m a n b a h i n i r	native
বিমানবিধ্বংসি	b i m a n b i d dh o ng sh i	tatsama
বিমানভাড়া	b i m a n bh a r a	native
বিমানভ্রমন	b i m a n bh r o m o n	native
বিমানমন্ত্রি	b i m a n m o n t r i	native
বিমানমন্ত্রিকে	b i m a n m o n t r i k e	compound
বিমানমন্ত্রির	b i m a n m o n t r i r	compound
বিমানসচিব	b i m a n sh o ch i b	native
বিমানসহ	b i m a n sh o h O	native
বিমানসেনাদের	b i m a n sh e n a d e r	native
বিমানেই	b i m a n e i	native
বিমানের	b i m a n e r	native
বিমালার	b i m a l a r	native
বিমাশিল্পের	b i m a sh i l p e r	native
বিমাসংক্রান্ত	b i m a sh o ng kr a nt o	compound
বিমাসহ	b i m a sh o h O	native
বিমায়	b i m a y o	native
বিমিশ্র	b i m i sh r O	native
বিমুক্ত	b i m u kt O	native
বিমুখ	b i m u kh	native
বিমুখতা	b i m u kh o t a	native
বিমুগ্ধ	b i m u g dh O	native
বিমুর্ত	b i m u r t O	native
বিমুড়	b i m u r O	native
বিমৃশ্ট	b i m ri sh T O	tatsama
বিমের	b i m e r	native
বিমোচন	b i m O ch O n	native
বিমোচনসহ	b i m O ch o n sh o h O	native
বিমোচনে	b i m O ch O n e	native
বিমোহ	b i m O h O	native
বিমোহিত	b i m O h i t O	native
বিম্ব	b i mb O	native
বিম্বিত	b i mb i t o	native
বিমৎসর	b i m o t sh o r	native
বির	b i r	native
বিরইন	b i r o i n	native
বিরউত্তম	b i r u tt o m	native
বিরকন্যা	b i r k o n n a	native
বিরকে	b i r k e	native
বিরক্তই	b i r O kt O i	native
বিরক্তও	b i r o kt o O	native
বিরক্তিই	b i r o kt i i	native
বিরক্তিকর	b i r O kt i k o r	native
বিরক্তিটা	b i r o kt i T a	native
বিরক্তিতে	b i r O kt i t e	native
বিরক্তির	b i r O kt i r	native
বিরগঞ্জ	b i r g o nj	tatsama
বিরগঞ্জে	b i r g o nj e	tatsama
বিরগঞ্জের	b i r g o nj e r	tatsama
বিরগায়ে	b i r g a y e	native
বিরচন	b i r o ch o n o	native
বিরচিত	b i r O ch i t O	native
বিরজা	b i j o r a	native
বিরজু	b i r j u	native
বিরজোদ্ধা	b i r j O d dh a	tatsama
বিরত	b i r o t O	native
বিরতি	b i r O t i	native
বিরতিই	b i r o t i i	native
বিরতিটা	b i r o t i T a	native
বিরতিতেই	b i r o t i t e i	native
বিরতির	b i r O t i r	native
বিরতিহিন	b i r o t i h i n	native
বিরতিহিনভাবে	b i r o t i h i n bh a b e	native
বিরত্ব	b i r O tt O	tatsama
বিরত্বগাথা	b i r o tt O g a th a	tatsama
বিরত্বগাথার	b i r o tt o g a th a r	tatsama
বিরত্বপুর্ন	b i r O tt O p u r n O	tatsama
বিরত্বসুচক	b i r o tt o sh u ch o k	tatsama
বিরত্বে	b i r o tt e	tatsama
বিরত্বের	b i r o tt e r	tatsama
বিরদর্পে	b i r d o r p e	native
বিরদের	b i r d e r	native
বিরপুর	b i r p u r	native
বিরপুরুশ	b i r p u r u sh	native
বিরপ্রতিক	b i r pr O t i k	native
বিরবল	b i r b o l	native
বিরবিক্রম	b i r b i kr o m	native
বিরভুম	b i r bh u m	native
বিরভুমের	b i r bh u m e r	native
বিরমান	b i r o m a n O	native
বিরলতম	b i r o l t o m O	native
বিরলা	b i r O l a	native
বিরলে	b i r o l e	native
বিরলের	b i r o l e r	native
বিরশ্রেশ্ঠ	b i r sh r e sh Th O	native
বিরশ্রেশ্ঠদের	b i r sh r e sh Th o d e r	compound
বিরশ্রেশ্ঠর	b i r sh r e sh Th o r	native
বিরস	b i r o sh	native
বিরসা	b i r o sh a	native
বিরহি	b i r O h i	native
বিরহে	b i r o h e	native
বিরহের	b i r o h e r	native
বিরা	b i r a	native
বিরাং	b i r a ng	native
বিরাংগনা	b i r a ng g o n a	native
বিরাংগনাদের	b i r a ng g o n a d e r	native
বিরাংগনার	b i r a ng g o n a r	native
বিরাগ	b i r a g	native
বিরাগভাজন	b i r a g bh a j O n	native
বিরাগের	b i r a g e r	native
বিরাচার	b i r a ch a r	native
বিরাজ	b i r a j	native
বিরাজনোইতিকিকরন	b i r a j o n O i t i k i k o r o n	compound
বিরাজনোইতিকিকরনের	b i r a j o n O i t i k i k o r o n e r	compound
বিরাজমান	b i r a j O m a n	native
বিরাজিত	b i r a j i t o	native
বিরাট	b i r a T	native
বিরাটসংখ্যক	b i r a T sh o ng kh j o k	native
বিরান	b i r a n	native
বিরানব্বই	b i r a n O b b O i	native
বিরানভুমি	b i r a n bh u m i	native
বিরানি	b i r a n i	native
বিরাপ্পা	b i r a p p a	native
বিরাবান	b i r a b a n	native
বিরাম	b i r a m	native
বিরামপুর	b i r a m p u r	native
বিরামপুরে	b i r a m p u r e	native
বিরামপুরের	b i r a m p u r e r	native
বিরামহিন	b i r a m h i n	native
বিরামহিনভাবে	b i r a m h i n bh a b e	native
বিরাশ্ট্রিয়করন	b i r a sh T r i y o k o r o n	loanword
বিরি	b i r i	native
বিরিখ	b i r i kh	native
বিরিঞ্চি	b i r i nch i	tatsama
বিরির	b i r i r	native
বিরিশিরি	b i r i sh i r i	native
বিরিয়ানি	b i r i y a n i	native
বিরিয়ানির	b i r i a n i r	native
বিরু	b i r u	native
বিরুদ্ধ	b i r u d dh O	tatsama
বিরুদ্ধতা	b i r u d dh o t a	tatsama
বিরুদ্ধতার	b i r u d dh o t a r	tatsama
বিরুদ্ধবাদি	b i r u d dh o b a d i	tatsama
বিরুদ্ধবাদিদের	b i r u d dh o b a d i d e r	tatsama
বিরুদ্ধবাদিরা	b i r u d dh o b a d i r a	tatsama
বিরুদ্ধাচরন	b i r u d dh a ch o r O n	tatsama
বিরুদ্ধে	b i r u d dh e	tatsama
বিরুদ্ধেই	b i r u d dh e i	tatsama
বিরুদ্ধেও	b i r u d dh e O	tatsama
বিরুধ	b i r u dh	native
বিরুনি	b i r u n i	native
বিরুপ	b i r u p	native
বিরুপাক্ষ	b i r u p a kkh O	tatsama
বিরুলিয়া	b i r u l i y a	native
বিরুশ	b i r u sh	native
বিরেচক	b i r e ch o k	native
বিরেন	b i r e n	native
বিরেন্দর	b i r e nd o r	native
বিরেন্দ্র	b i r e ndr O	native
বিরেন্দ্রনাথ	b i r e ndr o n a th	native
বিরের	b i r e r	native
বিরেরা	b i r e r a	native
বিরেশ	b i r e sh	native
বিরেশ্বর	b i r e sh sh o r	tatsama
বিরোচন	b i r O ch o n	native
বিরোচিত	b i r O ch i t O	native
বিরোধ	b i r O dh	native
বিরোধই	b i r O dh i	native
বিরোধও	b i r O dh O	native
বিরোধকে	b i r O dh k e	native
বিরোধগুলো	b i r O dh g u l O	native
বিরোধটা	b i r O dh T a	native
বিরোধটি	b i r O dh T i	native
বিরোধপুর্ন	b i r O dh p u r n O	native
বিরোধসংক্রান্ত	b i r O dh sh o ng kr a nt o	compound
বিরোধাত্মক	b i r O dh a t t o k	native
বিরোধি	b i r O dh i	native
বিরোধিতাই	b i r O dh i t a i	native
বিরোধিতাও	b i r O dh i t a O	native
বিরোধিতাকারি	b i r O dh i t a k a r i	native
বিরোধিতাকারিদের	b i r O dh i t a k a r i d e r	compound
বিরোধিতাকারিরা	b i r O dh i t a k a r i r a	compound
বিরোধিতাকে	b i r O dh i t a k e	native
বিরোধিতার	b i r O dh i t a r	native
বিরোধিতায়	b i r O dh i t a y	native
বিরোধিদল	b i r O dh i d o l	native
বিরোধিদলিয়	b i r O dh i d o l i y	native
বিরোধিদলের	b i r O dh i d o l e r	native
বিরোধিদের	b i r O dh i d e r	native
বিরোধিপক্ষ	b i r O dh i p o kkh O	tatsama
বিরোধিপক্ষের	b i r O dh i p o kkh e r	tatsama
বিরোধিরা	b i r O dh i r a	native
বিরোধিরাই	b i r O dh i r a i	native
বিরোধিরাও	b i r O dh i r a O	native
বিরোধিয়	b i r O dh i y	native
বিরোধের	b i r O dh e r	native
বির্জিত	b i r j i t o	native
বির্য	b i r j O	native
বির্যে	b i r j e	native
বির্যের	b i r j e r	native
বিরয়ানি	b i r i y a n i	native
বির–উত্তম	b i r u tt o m	native
বির–প্রতিক	b i r pr O t i k	native
বির–বিক্রম	b i r b i kr o m	native
বিলংঘন	b i l o ng gh o n	native
বিলই	b i l i	native
বিলকিছ	b i l k i chh	native
বিলকিস	b i l k i sh	native
বিলকিসের	b i l k i sh e r	native
বিলকুল	b i l k u l	native
বিলকে	b i l k e	native
বিলকেই	b i l k e i	native
বিলক্ষন	b i l O kkh O n	tatsama
বিলখেলাপি	b i l kh e l a p i	native
বিলগুলো	b i l g u l O	native
বিলগুলোর	b i l g u l O r	native
বিলজ্জ	b i l o j j O	native
বিলটা	b i l T a	native
বিলটিও	b i l T i O	native
বিলটিকে	b i l T i k e	native
বিলটিতে	b i l T i t e	native
বিলটির	b i l T i r	native
বিলনো	b i l O n O	native
বিলপন	b i l o p o n	native
বিলবাও	b i l b a O	native
বিলবাওকে	b i l b a O k e	native
বিলবাওয়ের	b i l b a O y e r	native
বিলবাসি	b i l b a sh i	loanword
বিলবাসির	b i l b a sh i r	loanword
বিলবোর্ড	b i l b O r D	loanword
বিলবোর্ডগুলো	b i l b O r D g u l O	loanword
বিলবোর্ডগুলোর	b i l b O r D g u l O r	compound
বিলবোর্ডটি	b i l b O r D T i	loanword
বিলবোর্ডের	b i l b O r D e r	loanword
বিলভদ্র	b i l bh o d r o	native
বিলমাড়িয়া	b i l m a r i y a	native
বিলম্ব	b i l O mb O	native
বিলম্বও	b i l o mb o O	native
বিলম্বসহ	b i l o mb o sh o h O	native
বিলম্বাহ	b i l o mb a h	native
বিলম্বিত	b i l O mb i t O	native
বিলম্বে	b i l o mb e	native
বিলম্বের	b i l o mb e r	native
বিলস	b i l sh	native
বিলসংক্রান্ত	b i l sh o ng kr a nt o	native
বিলসংলগ্ন	b i l sh o ng l o g n o	native
বিলসহ	b i l sh o h O	native
বিলসা	b i l sh a	native
বিলসের	b i l sh e r	native
বিলাই	b i l a i	native
বিলাইছড়ি	b i l a i chh o r i	native
বিলাইছড়িতে	b i l a i chh o r i t e	native
বিলাওয়াল	b i l a O y a l	native
বিলাত	b i l a t	native
বিলাতফেরত	b i l a t ph e r o t	native
বিলাতের	b i l a t e r	native
বিলানো	b i l a n O	native
বিলানোর	b i l a n O r	native
বিলাপ	b i l a p	native
বিলাপি	b i l a p i	native
বিলাপিনি	b i l a p i n i	native
বিলাপে	b i l a p e	native
বিলাপের	b i l a p e r	native
বিলামালিয়ায়	b i l a m a l i y a y	native
বিলার্দো	b i l a r d O	native
বিলার্দোকে	b i l a r d O k e	native
বিলার্দোর	b i l a r d O r	native
বিলাস	b i l a sh	native
বিলাসদ্রব্য	b i l a sh d r o b b o	native
বিলাসদ্রব্যের	b i l a sh d r o b b e r	compound
বিলাসপন্য	b i l a sh p o n n o	native
বিলাসপন্যে	b i l a sh p o n n e	native
বিলাসপন্যের	b i l a sh p o n n e r	native
বিলাসপুর	b i l a sh p u r	native
বিলাসবহুল	b i l a sh b O h u l	native
বিলাসবহুলভাবে	b i l a sh b o h u l bh a b e	compound
বিলাসি	b i l a sh i	native
বিলাসিকে	b i l a sh i k e	native
বিলাসিতার	b i l a sh i t a r	native
বিলাসিতায়	b i l a sh i t a y	native
বিলাসির	b i l a sh i r	native
বিলাসের	b i l a sh e r	native
বিলি	b i l i	native
বিলিং	b i l i ng	native
বিলিকালে	b i l i k a l e	native
বিলিটন	b i l i T o n	proper_noun
বিলিন	b i l i n	native
বিলিপ্ত	b i l i p t O	native
বিলিভ	b i l i bh	native
বিলির	b i l i r	native
বিলিরুবিন	b i l i r u b i n	native
বিলিরুবিনের	b i l i r u b i n e r	native
বিলিয়ন	b i l i y o n	native
বিলিয়নিয়র	b i l i y o n i y o r	native
বিলিয়নিয়ার	b i l i y o n i y a r	native
বিলিয়নিয়ারের	b i l i y o n i y a r e r	native
বিলিয়নে	b i l i y o n e	native
বিলিয়নের	b i l i y o n e r	native
বিলিয়নেরও	b i l i y o n e r O	native
বিলিয়মান	b i l i y O m a n	native
বিলিয়া	b i l i y a	native
বিলিয়ে	b i l i y e	native
বিলিয়েছে	b i l i y e chh e	native
বিলুন্ঠন	b i l u n Th o n	native
বিলুপ্তপ্রায়	b i l u p t o pr a y	native
বিলুপ্তি	b i l u p t i	native
বিলেই	b i l e i	native
বিলেট	b i l e T	native
বিলেত	b i l e t	native
বিলেতে	b i l e t e	native
বিলের	b i l e r	native
বিলেরও	b i l e r O	native
বিলোকন	b i l O k O n	native
বিলোচন	b i l O ch O n	native
বিলোনিয়া	b i l O n i y a	native
বিলোপ	b i l O p	native
বিলোপে	b i l O p e	native
বিলোপের	b i l O p e r	native
বিলোভন	b i l O bh o n	native
বিলোল	b i l O l	native
বিলোড়ন	b i l O r o n	native
বিল্ট	b i l T	loanword
বিল্টইন	b i l T i n	loanword
বিল্টু	b i l T u	native
বিল্ড	b i l D	loanword
বিল্ডআপ	b i l D a p	loanword
বিল্ডকে	b i l D k e	loanword
বিল্ডার	b i l D a r	loanword
বিল্ডার্সকে	b i l D a r s k e	loanword
বিল্ডার্সের	b i l D a r s e r	loanword
বিল্ডিং	b i l D i ng	loanword
বিল্ডিংয়ে	b i l D i ng y e	loanword
বিল্ডিংয়ের	b i l D i ng y e r	loanword
বিল্ব	b i l l O	native
বিল্লাল	b i l l a l	native
বিল্লালকে	b i l l a l k e	native
বিল্লালসহ	b i l l a l sh o h O	native
বিল্লালের	b i l l a l e r	native
বিল্লাহ	b i l l a h	native
বিল্লাহর	b i l l a h o r	native
বিল্লু	b i l l u	native
বিলয়	b i l o y	native
বিশ	b i sh	native
বিশকেক	b i sh k e k	native
বিশকেকে	b i sh k e k e	native
বিশকেকের	b i sh k e k e r	native
বিশক্রিয়া	b i sh kr i y a	native
বিশক্রিয়ার	b i sh kr i y a r	native
বিশক্রিয়ায়	b i sh kr i y a y	native
বিশখালি	b i sh kh a l i	native
বিশচক্র	b i sh ch o kr o	native
বিশজাতিয়	b i sh j a t i y	native
বিশটোপ	b i sh T O p	native
বিশতম	b i sh t o m O	native
বিশদ	b i sh o d	native
বিশদাত	b i sh d a t	native
বিশদাতওয়ালা	b i sh d a t O y a l a	native
বিশধর	b i sh O dh o r	native
বিশন	b i sh o n	native
বিশনন্দি	b i sh n o nd i	native
বিশন্ন	b i sh o nn O	native
বিশন্নতা	b i sh o nn O t a	native
বিশন্নতাকে	b i sh o nn o t a k e	native
বিশন্নতার	b i sh o nn o t a r	native
বিশন্নতায়	b i sh o nn o t a y	native
বিশন্নভাবে	b i sh o nn o bh a b e	native
বিশপ	b i sh o p	native
বিশপান	b i sh p a n	native
বিশপানে	b i sh p a n e	native
বিশপানের	b i sh p a n e r	native
বিশপের	b i sh o p e r	native
বিশফল	b i sh ph o l	native
বিশফোড়া	b i sh ph O r a	native
বিশফোড়ার	b i sh ph O r a y	native
বিশবাশ্প	b i sh b a sh p O	native
বিশবাশ্পে	b i sh b a sh p e	native
বিশবৃক্ষ	b i sh b ri kkh O	tatsama
বিশবৃক্ষে	b i sh b ri kkh e	tatsama
বিশবৃক্ষের	b i sh b ri kkh e r	tatsama
বিশম	b i sh o m	native
বিশমাইল	b i sh m a i l	native
বিশমুক্ত	b i sh m u kt O	native
বিশমোশ্ন	b i sh m O sh n o	native
বিশমোশ্নদের	b i sh m O sh n o d e r	native
বিশময়	b i sh m o y	native
বিশল্য	b i sh O l l O	native
বিশহিন	b i sh h i n	native
বিশা	b i sh a	native
বিশাই	b i sh a i	native
বিশাক্ত	b i sh a kt O	native
বিশাখ	b i sh a kh	native
বিশাখা	b i sh a kh a	native
বিশাদ	b i sh a d	native
বিশাদগ্রস্ত	b i sh a d gr O st O	native
বিশাদমাখা	b i sh a d m a kh a	native
বিশাদময়	b i sh a d m o y	native
বিশাদে	b i sh a d e	native
বিশাদের	b i sh a d e r	native
বিশান	b i sh a n	native
বিশারদ	b i sh a r o d	native
বিশাল	b i sh a l	native
বিশালকায়	b i sh a l k a y	native
বিশালতম	b i sh a l t o m o	native
বিশালতা	b i sh a l o t a	native
বিশালতায়	b i sh a l o t a y	native
বিশালত্বে	b i sh a l o tt e	tatsama
বিশালত্বের	b i sh a l o tt e r	tatsama
বিশালদেহি	b i sh a l d e h i	native
বিশালসংখ্যক	b i sh a l sh o ng kh O k	native
বিশালাকার	b i sh a l a k a r	native
বিশালাকৃতির	b i sh a l a k ri t i r	tatsama
বিশালের	b i sh a l e r	native
বিশি	b i sh i	native
বিশিখ	b i sh i kh	native
বিশির্ন	b i sh i r n O	native
বিশিল	b i sh i l	native
বিশিলের	b i sh i l e r	native
বিশিশ্ট	b i sh i sh T O	native
বিশিশ্টজন	b i sh i sh T O j o n	native
বিশিশ্টজনদের	b i sh i sh T O j o n d e r	native
বিশিশ্টজনরা	b i sh i sh T O j o n r a	native
বিশিশ্টজনের	b i sh i sh T O j o n e r	native
বিশিশ্টজনেরা	b i sh i sh T O j o n e r a	native
বিশিশ্টতা	b i sh i sh T O t a	native
বিশিয়ে	b i sh i y e	native
বিশু	b i sh u	native
বিশুও	b i sh u O	native
বিশুকে	b i sh u k e	native
বিশুদ্ধকরন	b i sh u d dh O k o r O n	tatsama
বিশুদ্ধকরনের	b i sh u d dh o k o r o n e r	tatsama
বিশুদ্ধতা	b i sh u d dh O t a	tatsama
বিশুদ্ধভাবে	b i sh u d dh o bh a b e	tatsama
বিশুব	b i sh u b	native
বিশুবরেখা	b i sh u b r e kh a	native
বিশুর	b i sh u r	native
বিশুশ্ক	b i sh u sh k O	native
বিশৃংখল	b i sh r i ng kh o l	tatsama
বিশৃংখলতা	b i sh ri ng kh o l o t a	tatsama
বিশৃংখলভাবে	b i sh ri ng kh o l bh a b e	tatsama
বিশৃংখলা	b i sh ri ng kh o l a	tatsama
বিশৃংখলাকে	b i sh ri ng kh o l a k e	tatsama
বিশৃংখলার	b i sh ri ng kh o l a r	tatsama
বিশৃংখলায়	b i sh ri ng kh o l a y	tatsama
বিশে	b i sh e	native
বিশেই	b i sh e i	native
বিশেক	b i sh e k	native
বিশেকের	b i sh e k e r	native
বিশেন	b i sh e n	native
বিশের	b i sh e r	native
বিশেশ	b i sh e sh	native
বিশেশজ্ঞ	b i sh e sh o g g O	tatsama
বিশেশজ্ঞই	b i sh e sh o g g o i	tatsama
বিশেশজ্ঞও	b i sh e sh o g g o O	tatsama
বিশেশজ্ঞকে	b i sh e sh o g g O k e	tatsama
বিশেশজ্ঞগন	b i sh e sh o g g O g o n	tatsama
বিশেশজ্ঞদের	b i sh e sh o g g O d e r	tatsama
বিশেশজ্ঞরা	b i sh e sh o g g o r a	tatsama
বিশেশজ্ঞরাই	b i sh e sh o g g o r a i	tatsama
বিশেশজ্ঞরাও	b i sh e sh o g g o r a O	tatsama
বিশেশজ্ঞসহ	b i sh e sh o g g O sh o h O	tatsama
বিশেশজ্ঞের	b i sh e sh o g g e r	tatsama
বিশেশজ্ঞেরা	b i sh e sh o g g e r a	tatsama
বিশেশত	b i sh e sh o t O	native
বিশেশত্ব	b i sh e sh o tt O	tatsama
বিশেশত্বের	b i sh e sh o tt e r	tatsama
বিশেশন	b i sh e sh o n	native
বিশেশনটি	b i sh e sh o n T i	native
বিশেশনে	b i sh e sh o n e	native
বিশেশনের	b i sh e sh o n e r	native
বিশেশভাবে	b i sh e sh bh a b e	native
বিশেশাধিকার	b i sh e sh a dh i k a r	native
বিশেশায়িত	b i sh e sh a y i t o	native
বিশেশে	b i sh e sh e	native
বিশেশের	b i sh e sh e r	native
বিশেশোক্তি	b i sh e sh O kt i	native
বিশেশ্য	b i sh e sh sh O	native
বিশেশ্যর	b i sh e sh sh o r	native
বিশে্লশকেরা	b i sh l e sh o k e r a	native
বিশোক	b i sh O k	native
বিশোদগার	b i sh O d g a r	native
বিশোদ্গার	b i sh O d g a r	native
বিশোদ্গারের	b i sh O d g a r e r	native
বিশোধক	b i sh O dh o k	native
বিশোধন	b i sh O dh o n	native
বিশোশন	b i sh O sh O n	native
বিশ্কম্ভক	b i sh k o m bh o k	native
বিশ্টব্ধ	b i sh T o b dh O	native
বিশ্টম্ভ	b i sh T o m bh O	native
বিশ্টি	b i sh T i	native
বিশ্টিভদ্র	b i sh T i bh o d r a	native
বিশ্টু	b i sh T u	native
বিশ্ঠা	b i sh Th a	native
বিশ্ঠার	b i sh Th a r	native
বিশ্নু	b o sh n u	native
বিশ্নুপদ	b i sh n u p o d	native
বিশ্নুপুর	b i sh n u p u r	native
বিশ্নুপুরের	b i sh n u p u r e r	native
বিশ্নুপ্রিয়া	b i sh n u pr i y a	native
বিশ্নুর	b i sh n u r	native
বিশ্ব-সামাজিক	b i sh sh O sh a m a j i k	tatsama
বিশ্বও	b i sh sh O O	tatsama
বিশ্বওইতিহ্য	b i sh sh O O i t i j jh O	tatsama
বিশ্বকবি	b i sh sh O k O b i	tatsama
বিশ্বকবির	b i sh sh O k O b i r	tatsama
বিশ্বকাপ	b i sh sh O k a p	tatsama
বিশ্বকাপই	b i sh sh O k a p i	tatsama
বিশ্বকাপও	b i sh sh O k a p O	tatsama
বিশ্বকাপকে	b i sh sh O k a p k e	tatsama
বিশ্বকাপকেই	b i sh sh o k a p k e i	tatsama
বিশ্বকাপকেন্দ্রিক	b i sh sh o k a p k e nd ri k o	tatsama
বিশ্বকাপগুলোতে	b i sh sh o k a p g u l O t e	tatsama
বিশ্বকাপগুলোর	b i sh sh o k a p g u l O r	tatsama
বিশ্বকাপজুড়ে	b i sh sh o k a p j u r e	tatsama
বিশ্বকাপজয়ি	b i sh sh o k a p j o y i	tatsama
বিশ্বকাপজয়িদের	b i sh sh o k a p j o y i d e r	tatsama
বিশ্বকাপজয়িরা	b i sh sh o k a p j o y i r a	tatsama
বিশ্বকাপটা	b i sh sh O k a p T a	tatsama
বিশ্বকাপটাই	b i sh sh o k a p T a i	tatsama
বিশ্বকাপটাও	b i sh sh o k a p T a O	tatsama
বিশ্বকাপটাকে	b i sh sh o k a p T a k e	tatsama
বিশ্বকাপটি	b i sh sh o k a p T i	tatsama
বিশ্বকাপসহ	b i sh sh o k a p sh o h O	tatsama
বিশ্বকাপে	b i sh sh O k a p e	tatsama
বিশ্বকাপেই	b i sh sh O k a p e i	tatsama
বিশ্বকাপেও	b i sh sh O k a p e O	tatsama
বিশ্বকাপেরই	b i sh sh o k a p e r i	tatsama
বিশ্বকাপেরও	b i sh sh o k a p e r O	tatsama
বিশ্বকেই	b i sh sh o k e i	tatsama
বিশ্বকেও	b i sh sh o k e O	tatsama
বিশ্বকোশ	b i sh sh O k O sh	tatsama
বিশ্বকোশে	b i sh sh O k O sh e	tatsama
বিশ্বকোশের	b i sh sh O k O sh e r	tatsama
বিশ্বক্রিকেটের	b i sh sh o k ri k e T e r	tatsama
বিশ্বখ্যাতি	b i sh sh o kh A t i	tatsama
বিশ্বচলচ্চিত্রের	b i sh sh o ch o l o ch ch i tr e r	tatsama
বিশ্বচ্যাম্পিয়ন	b i sh sh o ch A mp i y o n	tatsama
বিশ্বচ্যাম্পিয়নদের	b i sh sh o ch A mp i y o n d e r	tatsama
বিশ্বচ্যাম্পিয়নরা	b i sh sh o ch A mp i y o n r a	tatsama
বিশ্বচ্যাম্পিয়নশিপে	b i sh sh o ch A mp i y o n sh i p e	tatsama
বিশ্বচ্যাম্পিয়নের	b i sh sh o ch A mp i y o n e r	tatsama
বিশ্বজগতের	b i sh sh O j o g O t e r	tatsama
বিশ্বজনমত	b i sh sh o j o n o m o t	tatsama
বিশ্বজনিন	b i sh sh O j O n i n	tatsama
বিশ্বজিত	b i sh sh O j i t	tatsama
বিশ্বজিতকে	b i sh sh o j i t k e	tatsama
বিশ্বজিতের	b i sh sh O j i t e r	tatsama
বিশ্বজিত্	b i sh sh o j i t	tatsama
বিশ্বজুদ্ধ	b i sh sh o j u d dh o	tatsama
বিশ্বজুদ্ধকালে	b i sh sh o j u d dh o k a l e	tatsama
বিশ্বজুদ্ধে	b i sh sh O j u d dh e	tatsama
বিশ্বজুদ্ধের	b i sh sh O j u d dh e r	tatsama
বিশ্বজুদ্ধোত্তর	b i sh sh o j u d dh O tt o r	tatsama
বিশ্বজুড়ে	b i sh sh o j u r e	tatsama
বিশ্বজুড়েই	b i sh sh o j u r e i	tatsama
বিশ্বজোড়া	b i sh sh o j u r a	tatsama
বিশ্বজয়	b i sh sh o j o y	tatsama
বিশ্বজয়ি	b i sh sh o j o y i	tatsama
বিশ্বজয়ের	b i sh sh o j o y e r	tatsama
বিশ্বটাকে	b i sh sh o T a k e	tatsama
বিশ্বদরবারে	b i sh sh O d o r b a r e	tatsama
বিশ্বধর্ম	b i sh sh o dh o r m o	tatsama
বিশ্বনবি	b i sh sh O n O b i	tatsama
বিশ্বনাগরিক	b i sh sh o n a g o r i k	tatsama
বিশ্বনাথকে	b i sh sh o n a th o k e	tatsama
বিশ্বনাথন	b i sh sh o n a th o n	tatsama
বিশ্বনাথসহ	b i sh sh o n a th sh o h O	tatsama
বিশ্বনেতাদের	b i sh sh o n e t a d e r	tatsama
বিশ্বনেতার	b i sh sh o n e t a r	tatsama
বিশ্বনেতারা	b i sh sh O n e t a r a	tatsama
বিশ্বপরিচয়	b i sh sh o p o r i ch o y	tatsama
বিশ্বপরিস্থিতিতে	b i sh sh o p o r i sth i t i t e	tatsama
বিশ্বপরিস্থিতির	b i sh sh o p o r i sth i t i r	tatsama
বিশ্বপ্রকৃতি	b i sh sh o pr o k ri t i	tatsama
বিশ্ববরেন্য	b i sh sh O b o r e n n O	tatsama
বিশ্ববাজারেও	b i sh sh o b a j a r e O	tatsama
বিশ্ববাজারের	b i sh sh O b a j a r e r	tatsama
বিশ্ববানিজ্য	b i sh sh O b a n i j j O	tatsama
বিশ্ববানিজ্যে	b i sh sh o b a n i j j e	tatsama
বিশ্ববানিজ্যের	b i sh sh o b a n i j j e r	tatsama
বিশ্ববাসি	b i sh sh O b a sh i	tatsama
বিশ্ববাসিও	b i sh sh o b a sh i O	tatsama
বিশ্ববাসিকে	b i sh sh O b a sh i k e	tatsama
বিশ্ববাসির	b i sh sh O b a sh i r	tatsama
বিশ্ববিখ্যাত	b i sh sh o b i k kh a t o	tatsama
বিশ্ববিদ্যা	b i sh sh o b i d d a	tatsama
বিশ্ববিদ্যালয়ই	b i sh sh o b i d d a l o y i	tatsama
বিশ্ববিদ্যালয়ও	b i sh sh o b i d d a l o y O	tatsama
বিশ্ববিদ্যালয়কে	b i sh sh o b i d d a l o y k e	tatsama
বিশ্ববিদ্যালয়কেই	b i sh sh o b i d d a l o y k e i	tatsama
বিশ্ববিদ্যালয়গামি	b i sh sh o b i d d a l o y g a m i	tatsama
বিশ্ববিদ্যালয়গুলো	b i sh sh o b i d d a l o y g u l O	tatsama
বিশ্ববিদ্যালয়গুলোও	b i sh sh o b i d d a l o y g u l O O	tatsama
বিশ্ববিদ্যালয়গুলোকে	b i sh sh o b i d d a l o y g u l O k e	tatsama
বিশ্ববিদ্যালয়গুলোতে	b i sh sh o b i d d a l o y g u l O t e	tatsama
বিশ্ববিদ্যালয়গুলোতেও	b i sh sh o b i d d a l o y g u l O t e O	tatsama
বিশ্ববিদ্যালয়গুলোর	b i sh sh o b i d d a l o y g u l O r	tatsama
বিশ্ববিদ্যালয়গুলোয়	b i sh sh o b i d d a l o y g u l O y	tatsama
বিশ্ববিদ্যালয়ছাত্র	b i sh sh o b i d d a l o y chh a tr o	tatsama
বিশ্ববিদ্যালয়জিবনে	b i sh sh o b i d d a l o y j i b o n e	tatsama
বিশ্ববিদ্যালয়টি	b i sh sh o b i d d a l o y T i	tatsama
বিশ্ববিদ্যালয়টিকে	b i sh sh o b i d d a l o y T i k e	tatsama
বিশ্ববিদ্যালয়টিতে	b i sh sh o b i d d a l o y T i t e	tatsama
বিশ্ববিদ্যালয়টির	b i sh sh o b i d d a l o y T i r	tatsama
বিশ্ববিদ্যালয়পড়ুয়া	b i sh sh o b i d d a l o y p o r u y a	tatsama
বিশ্ববিদ্যালয়মুখি	b i sh sh o b i d d a l o y m u kh i	tatsama
বিশ্ববিদ্যালয়সংলগ্ন	b i sh sh o b i d d a l o y sh o ng l o g n o	tatsama
বিশ্ববিদ্যালয়সহ	b i sh sh o b i d d a l o y sh o h O	tatsama
বিশ্ববিদ্যালয়ে	b i sh sh O b i d d a l O y e	tatsama
বিশ্ববিদ্যালয়েই	b i sh sh o b i d d a l o y e i	tatsama
বিশ্ববিদ্যালয়েও	b i sh sh o b i d d a l o y e O	tatsama
বিশ্ববিদ্যালয়ের	b i sh sh o b i d d a l o y e r	tatsama
বিশ্ববিদ্যালয়েরই	b i sh sh o b i d d a l o y e r i	tatsama
বিশ্ববিদ্যালয়েরও	b i sh sh o b i d d a l o y e r O	tatsama
বিশ্ববিনা	b i sh sh o b i n a	tatsama
বিশ্ববিবেক	b i sh sh o b i b e k	tatsama
বিশ্ববিবেককে	b i sh sh o b i b e k k e	tatsama
বিশ্ববিবেকের	b i sh sh o b i b e k e r	tatsama
বিশ্ববেহায়া	b i sh sh o b e h a y a	tatsama
বিশ্বব্যবস্থা	b i sh sh o b A b o sth a	tatsama
বিশ্বব্যবস্থার	b i sh sh o b A b O sth a r	tatsama
বিশ্বব্যবস্থায়	b i sh sh o b A b o sth a y	tatsama
বিশ্বব্যাংক	b i sh sh o b A ng k	tatsama
বিশ্বব্যাংকও	b i sh sh o b A ng k O	tatsama
বিশ্বব্যাংককে	b i sh sh o b A ng k k e	tatsama
বিশ্বব্যাংককেই	b i sh sh o b A ng k k e i	tatsama
বিশ্বব্যাংকিয়	b i sh sh o b A ng k i y	tatsama
বিশ্বব্যাংকে	b i sh sh o b A ng k e	tatsama
বিশ্বব্যাংকেরই	b i sh sh o b A ng k e r i	tatsama
বিশ্বব্যাপি	b i sh sh O b A p i	tatsama
বিশ্বব্রহ্মান্ড	b i sh sh o br o m m a n D o	tatsama
বিশ্বব্রহ্মান্ডে	b i sh sh o br o m m a n D e	tatsama
বিশ্বভরা	b i sh sh o bh o r a	tatsama
বিশ্বভারতি	b i sh sh O bh a r O t i	tatsama
বিশ্বভারতিতে	b i sh sh o bh a r o t i t e	tatsama
বিশ্বভারতির	b i sh sh O bh a r O t i r	tatsama
বিশ্বভ্রমন	b i sh sh O bh r O m O n	tatsama
বিশ্বভ্রমনে	b i sh sh o bh r o m o n e	tatsama
বিশ্বভ্রমনের	b i sh sh O bh r O m O n e r	tatsama
বিশ্বভ্রাতৃত্ব	b i sh sh o bh a t r i t t o	tatsama
বিশ্বভ্রাতৃত্বের	b i sh sh o bh a t r i t t e r	tatsama
বিশ্বমঞ্চে	b i sh sh O m o nch e	tatsama
বিশ্বমন্দা	b i sh sh O m o nd a	tatsama
বিশ্বমন্দায়	b i sh sh o m o nd a y	tatsama
বিশ্বমানব	b i sh sh o m a n o b	tatsama
বিশ্বমানবতা	b i sh sh o m a n o b o t a	tatsama
বিশ্বমানবতার	b i sh sh O m a n O b o t a r	tatsama
বিশ্বমানবের	b i sh sh o m a n o b e r	tatsama
বিশ্বমানে	b i sh sh O m a n e	tatsama
বিশ্বমানের	b i sh sh O m a n e r	tatsama
বিশ্বমোইত্রিবন্ধনে	b i sh sh o m O i tr i b o ndh o n e	tatsama
বিশ্বম্ভরপুর	b i sh sh o m bh o r p u r	tatsama
বিশ্বময়	b i sh sh o m o y	tatsama
বিশ্বরাজনিতিতে	b i sh sh o r a j o n i t i t e	tatsama
বিশ্বরাজনিতির	b i sh sh O r a j n i t i r	tatsama
বিশ্বরুপ	b i sh sh O r u p	tatsama
বিশ্বরেকর্ড	b i sh sh O r e k O r D	tatsama
বিশ্বরেকর্ডের	b i sh sh O r e k O r D e r	tatsama
বিশ্বরোড	b i sh sh O r O D	tatsama
বিশ্বরোডের	b i sh sh o r O D e r	tatsama
বিশ্বশক্তি	b i sh sh O sh O kt i	tatsama
বিশ্বশক্তিগুলো	b i sh sh o sh o kt i g u l O	tatsama
বিশ্বশক্তিগুলোর	b i sh sh o sh o kt i g u l O r	tatsama
বিশ্বশক্তির	b i sh sh O sh O kt i r	tatsama
বিশ্বসভায়	b i sh sh o sh o bh a y	tatsama
বিশ্বসভ্যতা	b i sh sh o sh o b bh o t a y	tatsama
বিশ্বসমাজে	b i sh sh o sh o m a j e	tatsama
বিশ্বসম্প্রদায়	b i sh sh o mp r o d a y	tatsama
বিশ্বসম্প্রদায়ের	b i sh sh o mp r o d a y e r	tatsama
বিশ্বসহ	b i sh sh o sh o h O	tatsama
বিশ্বসাহিত্য	b i sh sh o sh a h i t t o	tatsama
বিশ্বসাহিত্যের	b i sh sh O sh a h i t t e r	tatsama
বিশ্বসুন্দরি	b i sh sh O sh u nd O r i	tatsama
বিশ্বসেরা	b i sh sh O sh e r a	tatsama
বিশ্বসেরাদের	b i sh sh O sh e r a d e r	tatsama
বিশ্বসেরার	b i sh sh O sh e r a r	tatsama
বিশ্বস্ত	b i sh sh o st O	tatsama
বিশ্বস্ততা	b i sh sh o st o t a	tatsama
বিশ্বস্ততার	b i sh sh o st O t a r	tatsama
বিশ্বস্বিকৃত	b i sh sh o sh i k ri t o	tatsama
বিশ্বস্রশ্টাকে	b i sh sh o sh r o sh T a k e	tatsama
বিশ্বাস	b i sh sh a sh	tatsama
বিশ্বাসই	b i sh sh a sh i	tatsama
বিশ্বাসও	b i sh sh a sh O	tatsama
বিশ্বাসকে	b i sh sh a sh k e	tatsama
বিশ্বাসঘাতকতার	b i sh sh a sh gh a t O k o t a r	tatsama
বিশ্বাসঘাতকদের	b i sh sh a sh gh a t o k d e r	tatsama
বিশ্বাসজোগ্য	b i sh sh a sh j O g g O	tatsama
বিশ্বাসজোগ্যতা	b i sh sh a sh j O g g o t a	tatsama
বিশ্বাসজোগ্যতার	b i sh sh a sh j O g g o t a r	tatsama
বিশ্বাসজোগ্যভাবে	b i sh sh a sh j O g g o bh a b e	tatsama
বিশ্বাসটা	b i sh sh a sh T a	tatsama
বিশ্বাসটি	b i sh sh a sh T i	tatsama
বিশ্বাসটুকু	b i sh sh a sh T u k u	tatsama
বিশ্বাসভংগ	b i sh sh a sh bh o ng g o	tatsama
বিশ্বাসরুপি	b i sh sh a sh r u p i	tatsama
বিশ্বাসসহ	b i sh sh a sh sh o h O	tatsama
বিশ্বাসহিনতা	b i sh sh a sh h i n o t a	tatsama
বিশ্বাসি	b i sh sh a sh i	tatsama
বিশ্বাসিদের	b i sh sh a sh i d e r	tatsama
বিশ্বাসিরা	b i sh sh a sh i r a	tatsama
বিশ্বাসে	b i sh sh a sh e	tatsama
বিশ্বাসের	b i sh sh a sh e r	tatsama
বিশ্বাস্য	b i sh sh a sh sh o	tatsama
বিশ্বায়ন	b i sh sh a y o n	tatsama
বিশ্বায়নে	b i sh sh a y o n e	tatsama
বিশ্বায়নের	b i sh sh a y o n e r	tatsama
বিশ্বায়িত	b i sh sh a y i t o	tatsama
বিশ্বে	b i sh sh e	tatsama
বিশ্বেই	b i sh sh e i	tatsama
বিশ্বেও	b i sh sh e O	tatsama
বিশ্বের	b i sh sh e r	tatsama
বিশ্বেরই	b i sh sh e r i	tatsama
বিশ্বেশ্বর	b i sh sh e sh sh o r	tatsama
বিশ্য	b i sh sh O	native
বিশ্যুদবার	b i sh sh u d o b a r	native
বিশ্রদ্ধ	b i sh r O d dh O	tatsama
বিশ্রম্ভ	b i sh r O m bh O	native
বিশ্রান্ত	b i sh r a nt O	native
বিশ্রাম	b i sh r a m	native
বিশ্রামই	b i sh r a m i	native
বিশ্রামঘর	b i sh r a m gh o r	native
বিশ্রামটা	b i sh r a m T a	native
বিশ্রামরত	b i sh r a m r o t o	native
বিশ্রামহিন	b i sh r a m h i n	native
বিশ্রামাগার	b i sh r a m a g a r	native
বিশ্রামে	b i sh r a m e	native
বিশ্রামেই	b i sh r a m e i	native
বিশ্রামের	b i sh r a m e r	native
বিশ্রুত	b i sh r u t O	native
বিশ্লিশ্ট	b i sh l i sh T o	native
বিশ্লেশ	b i sh l e sh	native
বিশ্লেশক	b i sh l e sh o k	native
বিশ্লেশকই	b i sh l e sh o k i	native
বিশ্লেশকদের	b i sh l e sh o k d e r	native
বিশ্লেশকরা	b i sh l e sh o k r a	native
বিশ্লেশকেদের	b i sh l e sh o k e d e r	native
বিশ্লেশকের	b i sh l e sh o k e r	native
বিশ্লেশকেরা	b i sh l e sh o k e r a	native
বিশ্লেশকেরাই	b i sh l e sh o k e r a i	native
বিশ্লেশকেরাও	b i sh l e sh o k e r a O	native
বিশ্লেশন	b i sh l e sh o n	native
বিশ্লেশনই	b i sh l e sh o n i	native
বিশ্লেশনও	b i sh l e sh o n O	native
বিশ্লেশনটা	b i sh l e sh o n T a	native
বিশ্লেশনধর্মি	b i sh l e sh o n dh o r m i	compound
বিশ্লেশনমুলক	b i sh l e sh o n m u l o k	native
বিশ্লেশনসংক্রান্ত	b i sh l e sh o n sh o ng kr a nt o	compound
বিশ্লেশনসহ	b i sh l e sh o n sh o h O	native
বিশ্লেশনাত্মক	b i sh l e sh o n a t t o k	compound
বিশ্লেশনি	b i sh l e sh o n i	native
বিশ্লেশনে	b i sh l e sh o n e	native
বিশ্লেশনেই	b i sh l e sh o n e i	native
বিশ্লেশনেও	b i sh l e sh o n e O	native
বিশ্লেশনের	b i sh l e sh o n e r	native
বিশয়	b i sh o y	native
বিশয়ই	b i sh o y i	native
বিশয়ও	b i sh o y O	native
বিশয়ক	b i sh o y o k	native
বিশয়কমন্ত্রি	b i sh o y o k m o nt ri	native
বিশয়কে	b i sh o y k e	native
বিশয়কেই	b i sh o y k e i	native
বিশয়খালি	b i sh o y kh a l i	native
বিশয়গুলো	b i sh o y g u l O	native
বিশয়গুলোই	b i sh o y g u l O i	native
বিশয়গুলোও	b i sh o y g u l O O	native
বিশয়গুলোকে	b i sh o y g u l O k e	native
বিশয়গুলোতে	b i sh o y g u l O t e	native
বিশয়গুলোতেও	b i sh o y g u l O t e O	native
বিশয়গুলোর	b i sh o y g u l O r	native
বিশয়গুলোসহ	b i sh o y g u l O sh o h O	native
বিশয়গুলোয়	b i sh o y g u l O y	native
বিশয়টা	b i sh o y T a	native
বিশয়টাই	b i sh o y T a i	native
বিশয়টাও	b i sh o y T a O	native
বিশয়টাকে	b i sh o y T a k e	native
বিশয়টার	b i sh o y T a r	native
বিশয়টি	b i sh o y T i	native
বিশয়টিই	b i sh o y T i i	native
বিশয়টিও	b i sh o y T i O	native
বিশয়টিকে	b i sh o y T i k e	native
বিশয়টিকেই	b i sh o y T i k e i	native
বিশয়টিকেও	b i sh o y T i k e O	native
বিশয়টিতে	b i sh o y T i t e	native
বিশয়টিতেও	b i sh o y T i t e O	native
বিশয়টির	b i sh o y T i r	native
বিশয়টিরও	b i sh o y T i r O	native
বিশয়টিসহ	b i sh o y T i sh o h O	native
বিশয়বস্তু	b i sh o y b O st u	native
বিশয়বস্তুকে	b i sh o y b o st u k e	native
বিশয়বস্তুতে	b i sh o y b o st u t e	native
বিশয়বস্তুতেও	b i sh o y b o st u t e	native
বিশয়বস্তুর	b i sh o y b O st u r	native
বিশয়বোইচিত্র্য	b i sh o y b o i ch i t r o	compound
বিশয়ভিত্তিক	b i sh o y bh i tt i k	native
বিশয়শ্রেনি	b i sh O y sh r e n i	native
বিশয়শ্রেনিতে	b i sh o y sh r e n i t e	native
বিশয়শ্রেনির	b i sh O y sh r e n i r	native
বিশয়সংক্রান্ত	b i sh o y sh o ng kr a nt o	compound
বিশয়সমুহ	b i sh o y sh o m u h o	native
বিশয়সম্পর্কিত	b i sh o y sh o mp o r k i t o	compound
বিশয়সহ	b i sh o y sh o h O	native
বিশয়াদি	b i sh o y a d i	native
বিশয়াদিতে	b i sh o y a d i t e	native
বিশয়াদির	b i sh o y a d i r	native
বিশয়াবলি	b i sh o y a b o l i	native
বিশয়াবলির	b i sh o y a b o l i r	native
বিশয়ি	b i sh o y i	native
বিশয়ে	b i sh o y e	native
বিশয়েই	b i sh o y e i	native
বিশয়েও	b i sh o y e O	native
বিশয়ের	b i sh o y e r	native
বিশয়েরই	b i sh o y e r i	native
বিশয়েরও	b i sh o y e r O	native
বিস	b i sh	native
বিসংগত	b i sh o ng g o t o	native
বিসংবাদ	b i sh o ng b a d	native
বিসকম্মা	b i sh o k o mm a	native
বিসদৃশ	b i sh o d r i sh	tatsama
বিসমিল্লাহ	b i sh m i l l a h	native
বিসমিল্লাহও	b i sh m i l l a h O	native
বিসমিল্লাহর	b i sh m i l l a r	native
বিসমিল্লাহির	b i sh m i l l a h i r	native
বিসমিল্লাহ্	b i sh m i l l a h	native
বিসম্বাদ	b i sh mb a d	native
বিসরন	b i sh o r O n	native
বিসরা	b i sh o r a	native
বিসর্গের	b i sh o r g e r	native
বিসর্জন	b i sh o r j o n	native
বিসর্জা	b i sh o r j a	native
বিসর্জিত	b i sh o r j i t o	native
বিসর্প	b i sh o r p O	native
বিসর্পিল	b i sh O r p i l	native
বিসলা	b i sh l a	native
বিসলার	b i sh l a r	native
বিসা	b i sh a	native
বিসাউ	b i sh a u	native
বিসাউয়ের	b i sh a u e r	native
বিসাও	b i sh a O	native
বিসাবালিকে	b i sh a b a l i k e	native
বিসার	b i sh a r	native
বিসি	b i s i	native
বিসিআই	b i s i a i	native
বিসিআইর	b i s i a i r	native
বিসিআইসি	b i s i a i s i	loanword
বিসিআইসির	b i s i a i s i r	loanword
বিসিআইয়ের	b i s i a i y e r	native
বিসিএএস	b i s i e e s	native
বিসিএএসের	b i s i e e s e r	native
বিসিএফ	b i s i e ph	native
বিসিএলে	b i s i e l e	native
বিসিএলের	b i s i e l e r	native
বিসিএস	b i s i e s	native
বিসিএসআইআর	b i s i e s a i a r	native
বিসিএসআইআরের	b i s i e s a i a r e r	native
বিসিএসসহ	b i s i e s sh o h O	native
বিসিএসে	b i s i e s e	native
বিসিএসের	b i s i e s e r	native
বিসিক	b i s i k	native
বিসিগনানি	b i s i g n a n i	native
বিসিটিও	b i s i T i O	proper_noun
বিসিডব্লিউএস	b i s i D o bl i u e s	loanword
বিসিডব্লিউএসের	b i s i D o bl i u e s e r	loanword
বিসিপিএস	b i s i p i e s	native
বিসিবি	b i s i b i	native
বিসিবিও	b i s i b i O	native
বিসিবিকে	b i s i b i k e	native
বিসিবিতে	b i s i b i t e	native
বিসিবিপ্রধান	b i s i b i pr o dh a n	native
বিসিবির	b i s i b i r	native
বিসিবিরও	b i s i b i r O	native
বিসিসি	b i s i s i	native
বিসিসিআই	b i s i s i a i	native
বিসিসিআইর	b i s i s i a i r	native
বিসিসিআইয়ের	b i s i s i a i y e r	native
বিসিসির	b i s i s i r	native
বিসুখ	b i sh u kh	native
বিসুখে	b i sh u kh e	native
বিসুখের	b i sh u kh A r	native
বিসুচিকা	b i sh u ch i k a	native
বিসৃত	b i sh sh ri t O	tatsama
বিসৃশ্ট	b i sh sh ri sh T O	tatsama
বিসেখি	b i sh e kh i	native
বিসের	b i sh e r	native
বিসেসার	b i sh e sh a r	native
বিস্কিট	b i s k i T	loanword
বিস্কুট	b i s k u T	loanword
বিস্কুটের	b i s k u T e r	loanword
বিস্টের	b i s T e r	loanword
বিস্ত	b i st O	native
বিস্তার	b i st a r	native
বিস্তারই	b i st a r i	native
বিস্তারও	b i st a r O	native
বিস্তারকারি	b i st a r k a r i	native
বিস্তারকে	b i st a r k e	native
বিস্তারসহ	b i st a r sh o h O	native
বিস্তারিতভাবে	b i st a r i t O bh a b e	compound
বিস্তারে	b i st a r e	native
বিস্তারের	b i st a r e r	native
বিস্তির্ন	b i st i r n O	native
বিস্তৃতকরন	b i st i r n o k o r o n	tatsama
বিস্তৃততর	b i st ri t o t o r	tatsama
বিস্তৃতভাবে	b i st ri t o bh a b e	tatsama
বিস্তৃতির	b i st ri t i r	tatsama
বিস্ফুরন	b i sh ph u r o n	native
বিস্ফুরিত	b i sh ph u r i t o	native
বিস্ফুলিংগ	b i sh ph u l i ng g O	native
বিস্ফোটিত	b i sh ph O T i t O	native
বিস্ফোরক	b i sh ph O r o k	native
বিস্ফোরকগুলো	b i sh ph O r O k g u l O	native
বিস্ফোরকদ্রব্য	b i sh ph O r O k d r O b b O	compound
বিস্ফোরকভর্তি	b i sh ph O r o k bh o r t i	compound
বিস্ফোরকসহ	b i sh ph O r O k sh o h O	native
বিস্ফোরকের	b i sh ph O r O k e r	native
বিস্ফোরন	b i sh ph O r o n	native
বিস্ফোরনই	b i sh ph O r o n i	native
বিস্ফোরনও	b i sh ph O r O n O	native
বিস্ফোরনটি	b i sh ph O r O n T i	native
বিস্ফোরনস্থল	b i sh ph O r o n sth o l	native
বিস্ফোরনস্থলে	b i sh ph O r o n sth o l e	compound
বিস্ফোরনস্থলের	b i sh ph O r o n sth o l e r	compound
বিস্ফোরনে	b i sh ph O r O n e	native
বিস্ফোরনেই	b i sh ph O r o n e i	native
বিস্ফোরনের	b i sh ph O r o n e r	native
বিস্ফোরনোন্মুখ	b i sh ph O r o n O m m u kh	compound
বিস্ফোরিত	b i sh ph O r i t O	native
বিস্বাদ	b i sh a d	tatsama
বিস্মরন	b i sh sh o r O n	native
বিস্মরনজোগ্য	b i sh ph O r o n j O g g o	native
বিস্মাপন	b i sh sh a p O n	native
বিস্মিত	b i sh sh i t O	native
বিস্মিতই	b i sh sh i t o i	native
বিস্মিতও	b i sh sh i t o O	native
বিস্মৃত	b i sh r i t O	tatsama
বিস্মৃতি	b i sh sh ri t i	tatsama
বিস্মৃতিতে	b i sh sh ri t i t e	tatsama
বিস্মৃতিপরায়ন	b i sh sh i t i p o r a y o n	tatsama
বিস্মৃতির	b i sh r i t i r	tatsama
বিস্ময়ই	b i sh sh o y i	native
বিস্ময়ও	b i sh sh o y O	native
বিস্ময়কর	b i sh sh o y k o r	native
বিস্ময়করই	b i sh sh o y k o r i	native
বিস্ময়করভাবে	b i sh sh o y k o r bh a b e	native
বিস্ময়কে	b i sh sh o y k e	native
বিস্ময়টা	b i sh sh o y T a	native
বিস্ময়ভরা	b i sh sh o y k o r bh o r a	native
বিস্ময়মিশ্রিত	b i sh sh o y m i sh ri t o	compound
বিস্ময়াভিভুত	b i sh sh o y a bh i bh u t o	native
বিস্ময়ে	b i sh sh o y e	native
বিস্ময়ের	b i sh sh o y e r	native
বিস্রস্ত	b i sh r O st O	native
বিস্রুত	b i sh r u t O	native
বিহংগ	b i h o ng g o	native
বিহংগের	b i h o ng g e r	native
বিহত	b i h o t O	native
বিহন	b i h o n	native
বিহনে	b i h o n e	native
বিহরন	b i h o r o n o	native
বিহরা	b i h o r a	native
বিহসলি	b i h o sh o l i	native
বিহা	b i h a	native
বিহাই	b i h a i	native
বিহাইন্ড	b i h a i n D	loanword
বিহারটি	b i h a r T i	native
বিহারপুর	b i h a r p u r	native
বিহারি	b i h a r i	native
বিহারির	b i h a r i r	native
বিহারিলাল	b i h a r i l a l	native
বিহারে	b i h a r e	native
বিহারের	b i h a r e r	native
বিহারোইইল	b i h a r O i i l	native
বিহাস	b i h a sh	native
বিহি	b i h i	native
বিহিত	b i h i t	native
বিহিতক	b i h i t o k	native
বিহিন	b i h i n	native
বিহু	b i h u	native
বিহেভিয়ার	b i h e bh i y a r	native
বিহ্বল	b i O bh o l	native
বিহ্বলতা	b i h o l l o t a	native
বিহড়া	b i h o r a	native
বিৎয়ি	b i t y i	native
বিড়	b i r	native
বিড়ংগ	b i r o ng g O	native
বিড়বিড়	b i r b i r	native
বিড়ম্বনা	b i r o mb o n a	native
বিড়ম্বনাও	b i r o mb o n a O	native
বিড়ম্বনাকর	b i r o mb o n a k o r	native
বিড়ম্বনার	b i r o mb o n a r	native
বিড়ম্বনায়	b i r o mb o n a y	native
বিড়ম্বিত	b i r o mb i t o	native
বিড়া	b i r a	native
বিড়ালকে	b i r a l k e	native
বিড়ালটা	b i r a l T a	native
বিড়ালটি	b i r a l T i	native
বিড়ালটির	b i r a l T i r	native
বিড়ালদহ	b i r a l d o h o	native
বিড়ালদের	b i r a l d e r	native
বিড়িতে	b i r i t e	native
বিড়ির	b i r i r	native
বিড়িশিল্পকে	b i r i sh i l p o k e	native
বিড়িশ্রমিকদের	b i r i sh r o m i k d e r	compound
বিয়টি	b i y o T i	native
বিয়ন	b i y o n	native
বিয়নকে	b i y o n k e	native
বিয়নের	b i y o n e r	native
বিয়ন্ড	b i y o n D	loanword
বিয়ন্তন	b i y o nt O	native
বিয়ন্স	b i y o n s	loanword
বিয়ন্সে	b i y o n s e	loanword
বিয়ন্সের	b i y o n s e r	loanword
বিয়া	b i y a	native
বিয়াই	b i y a i	native
বিয়াও	b i y a O	native
বিয়াকুল	b i y a k u l	native
বিয়াকের	b i y a k e r	native
বিয়ান	b i y a n	native
বিয়ানিবাজার	b i y a n i b a j a r	native
বিয়ানিবাজারে	b i y a n i b a j a r e	native
বিয়ানিবাজারের	b i y a n i b a j a r e r	compound
বিয়াবান	b i y a b a n	native
বিয়াম	b i y a m	native
বিয়ামের	b i y a m e r	native
বিয়ার	b i y a r	native
বিয়ারা	b i y a r a	native
বিয়ারিং	b i y a r i ng	native
বিয়ারের	b i y a r e r	native
বিয়ালো	b i y a l O	native
বিয়েই	b i y e i	native
বিয়েও	b i y e O	native
বিয়েকে	b i y e k e	native
বিয়েটা	b i y e T a	native
বিয়েটাই	b i y e T a i	native
বিয়েটাও	b i y e T a O	native
বিয়েটাকে	b i y e T a k e	native
বিয়েটি	b i y e T i	native
বিয়েতে	b i y e t e	native
বিয়েতেও	b i y e t e O	native
বিয়েথা	b i y e th a	native
বিয়েন	b i y e n	native
বিয়েবাড়ি	b i y e b a r i	native
বিয়েবাড়িতে	b i y e b a r i r o	native
বিয়ের	b i y e r	native
বিয়েলসা	b i y e l s a	proper_noun
বিয়েলসার	b i y e l s a r	proper_noun
বিয়েশাদি	b i y e sh a d i	native
বিয়েসংক্রান্ত	b i y e sh o ng kr a nt o	compound
বিয়োগান্ত	b i y O g a nt o	native
বিয়োগান্তক	b i y O g a nt o k	native
বিয়োগের	b i y O g e r	native
বিয়োজন	b i y O j o n	native
বিয়োজনের	b i y O j o n e r	native
বিয়োজিত	b i y O j i t O	native
বিয়ৎ	b i y o t	native
বিয়য়ে	b i y o y e	native
বু	b u	native
বুআজিজির	b u a j i j i r	native
বুইল	b u i l O	native
বুকজুড়ে	b u k j u r e	native
বুকটা	b u k T a	native
বুকডা	b u k D a	native
বুকনি	b u k n i	native
বুকপকেটে	b u k p o k e T e	native
বুকফাটা	b u k ph a T a	native
বুকবিল্ডিং	b u k b i l D i ng	native
বুকবিল্ডিংয়ের	b u k b i l D i ng y e r	compound
বুকভরে	b u k bh o r e	native
বুকভাংা	b u k bh a ng g a	native
বুকমার্ক	b u k m a r k	loanword
বুকশেলফ	b u k sh e l ph	native
বুকস	b u k s	loanword
বুকসহ	b u k sh o h O	native
বুকানন	b u k a n o n	native
বুকাননের	b u k a n o n e r	native
বুকাবুনিয়া	b u k a b u n i y a	native
বুকার	b u k a r	native
বুকি	b u k i	native
বুকিংও	b u k i ng O	native
বুকিংয়ের	b u k i ng y e r	native
বুকিদের	b u k i d e r	native
বুকির	b u k i r	native
বুকিরা	b u k i r a	native
বুকে	b u k e	native
বুকেই	b u k e i	native
বুকেও	b u k e O	native
বুকোলা	b u k O l a	native
বুকোলার	b u k O l a r	native
বুক্ক	b u k k O	native
বুক্কুশি	b u k k u sh i	native
বুখারি	b u kh a r i	native
বুখারির	b u kh a r i r	native
বুগতি	b u g t i	native
বুগতির	b u g t i r	native
বুগবুগি	b u g b u g i	native
বুচকি	b u ch k i	native
বুচার	b u ch a r	native
বুজকুড়ি	b u j k u r i	native
বুজদিল	b u j d i l	native
বুজরুক	b u j r u k	native
বুজরুকি	b u j r u k i	native
বুজলে	b u j l e	native
বুজি	b u j i	native
বুজুম্বুরা	b u j u mb u r a	native
বুজে	b u j e	native
বুঝছ	b u jh chh o	native
বুঝছি	b u jh chh i	native
বুঝছেন	b u jh chh e n	native
বুঝতাম	b u jh t a m	native
বুঝতি	b u jh t i	native
বুঝতে	b u jh t e	native
বুঝতেই	b u jh t e i	native
বুঝতেও	b u jh t e O	native
বুঝবার	b u jh b a r	native
বুঝবে	b u jh b e	native
বুঝবো	b u jh b O	native
বুঝল	b u jh l O	native
বুঝলা	b u jh l a	native
বুঝলাম	b u jh l a m	native
বুঝলি	b u jh l i	native
বুঝলেও	b u jh l e O	native
বুঝলেন	b u jh l e n	native
বুঝাইতে	b u jh a i t e	native
বুঝাতে	b u jh a t e	native
বুঝানো	b u jh a n O	native
বুঝানোর	b u jh a n O r	native
বুঝার	b u jh a r	native
বুঝায়	b u jh a y	native
বুঝি	b u jh i	native
বুঝিতে	b u jh i t e	native
বুঝিনি	b u jh i n i	native
বুঝিবা	b u jh i b a	native
বুঝিবার	b u jh i b a r	native
বুঝিয়েও	b u jh i y e O	native
বুঝিয়েছি	b u jh i y e chh i	native
বুঝিয়েছিল	b u jh i y e chh i l o	native
বুঝিয়েছিলেন	b u jh i y e chh i l e n	native
বুঝিয়েছে	b u jh i y e chh e	native
বুঝিয়েছেন	b u jh i y e chh e n	native
বুঝুক	b u jh u k	native
বুঝুন	b u jh u n	native
বুঝেই	b u jh e i	native
বুঝেও	b u jh e O	native
বুঝেছ	b u jh e chh o	native
বুঝেছিল	b u jh e chh i l o	native
বুঝেছিলাম	b u jh e chh i l a m	native
বুঝেছে	b u jh e chh e	native
বুঝেন	b u jh e n	native
বুঝেশুনে	b u jh e sh u n e	native
বুঝেশুনেই	b u jh e sh u n e i	native
বুট	b u T	native
বুটি	b u T i	native
বুটিক	b u T i k	loanword
বুটিকস	b u T i k s	loanword
বুটিকসের	b u T i k s e r	loanword
বুটিকের	b u T i k e r	loanword
বুড়িচং	b u r i ch o ng	native
বুড্ডিস্ট	b u D D i s T	loanword
বুঢ্ঢা	b u Dh Dh a	native
বুত	b u t	native
বুতাম	b u t a m	native
বুথ	b u th	native
বুথগুলোতে	b u th g u l O t e	native
বুথাইনা	b u th a i n a	native
বুথে	b u th e	native
বুথেই	b u th e i	native
বুথের	b u th e r	native
বুদ	b u d	native
বুদবুদ	b u d b u d	native
বুদাপেশ্ৎ	b u d a p e sh t	native
বুদাপেস্ট	b u d a p e s T	proper_noun
বুদাপেস্টে	b u d a p e s T e	proper_noun
বুদুদা	b u d u d a	native
বুদ্দু	b u d d u	native
বুদ্ধগয়ার	b u d dh o g o y a r	tatsama
বুদ্ধজ্যোতি	b u d dh o j j O t i	tatsama
বুদ্ধত্ব	b u d dh o tt O	tatsama
বুদ্ধত্বলাভ	b u d dh o tt o l a bh	tatsama
বুদ্ধথোকি	b u d dh o th O k i	tatsama
বুদ্ধদেব	b u d dh o d e b	tatsama
বুদ্ধদেবের	b u d dh O d e b e r	tatsama
বুদ্ধপুদি	b u d dh o p u d i	tatsama
বুদ্ধপুদির	b u d dh o p u d i r	tatsama
বুদ্ধপুর্নিমা	b u d dh O p u r n i m a	tatsama
বুদ্ধপুর্নিমাও	b u d dh o p u r n i m a	tatsama
বুদ্ধপুর্নিমার	b u d dh O p u r n i m a r	tatsama
বুদ্ধবানি	b u d dh o b a n i	tatsama
বুদ্ধবানির	b u d dh o b a n i r	tatsama
বুদ্ধভাশিত	b u d dh o bh a sh i t o	tatsama
বুদ্ধমুর্তি	b u d dh O m u r t i	tatsama
বুদ্ধমুর্তির	b u d dh o m u r t i r	tatsama
বুদ্ধি	b u d dh i	tatsama
বুদ্ধিই	b u d dh i i	tatsama
বুদ্ধিও	b u d dh i O	tatsama
বুদ্ধিগত	b u d dh i g o t o	tatsama
বুদ্ধিজিবি	b u d dh i j i b i	tatsama
বুদ্ধিজিবিকে	b u d dh i j i b i k e	tatsama
বুদ্ধিজিবিদের	b u d dh i j i b i d e r	tatsama
বুদ্ধিজিবিদেরও	b u d dh i j i b i d e r O	tatsama
বুদ্ধিজিবির	b u d dh i j i b i r	tatsama
বুদ্ধিজিবিরা	b u d dh i j i b i r a	tatsama
বুদ্ধিজিবিরাও	b u d dh i j i b i r a O	tatsama
বুদ্ধিজিবিসহ	b u d dh i j i b i sh o h O	tatsama
বুদ্ধিটা	b u d dh i T a	tatsama
বুদ্ধিদাতাদের	b u d dh i d a t a d e r	tatsama
বুদ্ধিদিপ্ত	b u d dh i d i p t O	tatsama
বুদ্ধিন্দ্রিয়	b u d dh i n o i d r o y O	tatsama
বুদ্ধিপ্রতিবন্ধি	b u d dh i pr O t i b O ndh i	tatsama
বুদ্ধিপ্রতিবন্ধিতা	b u d dh i pr o t i b o ndh i t a	tatsama
বুদ্ধিবলে	b u d dh i b o l e	tatsama
বুদ্ধিবৃত্তি	b u d dh i b ri tt i	tatsama
বুদ্ধিবৃত্তিক	b u d dh i b ri tt i k	tatsama
বুদ্ধিমত্তা	b u d dh i m o tt a	tatsama
বুদ্ধিমত্তার	b u d dh i m o tt a r	tatsama
বুদ্ধিমত্তাসম্পন্ন	b u d dh i m o tt a sh o mp o nn o	tatsama
বুদ্ধিমান	b u d dh i m a n	tatsama
বুদ্ধিমানের	b u d dh i m a n e r	tatsama
বুদ্ধির	b u d dh i r	tatsama
বুদ্ধিশুদ্ধি	b u d dh i sh u d dh i	tatsama
বুদ্ধিসম্পন্ন	b u d dh i sh o mp O nn O	tatsama
বুদ্ধিস্ট	b u d dh i s T	tatsama
বুদ্ধিহিন	b u d dh i h i n	tatsama
বুদ্ধু	b u d dh u	tatsama
বুদ্ধের	b u d dh e r	tatsama
বুদ্ধেরই	b u d dh e r i	tatsama
বুদ্বুদ	b u d b u d	native
বুদ্বুদের	b u d b u d e r	native
বুধ	b u dh	native
বুধপাড়া	b u dh p a r a	native
বুধবারই	b u dh b a r i	native
বুধবারও	b u dh b a r O	native
বুধবারে	b u dh b a r e	native
বুধবারের	b u dh b a r e r	native
বুধভা	b u dh bh a	native
বুধভার	b u dh bh a r	native
বুধল	b u dh o l	native
বুধহাটা	b u dh h a T a	native
বুধা	b u dh a	native
বুধি	b u dh i	native
বুধের	b u dh e r	native
বুধোর	b u dh O r	native
বুন	b u n	native
বুনকা	b u n k a	native
বুনকার	b u n k a r	native
বুনকারদের	b u n k a r d e r	native
বুনকে	b u n k e	native
বুনছি	b u n chh i	native
বুনছে	b u n chh e	native
বুনছেন	b u n chh e n	native
বুনট	b u n o T	native
বুনতে	b u n t e	native
বুননে	b u n O n e	native
বুননের	b u n o n e r	native
বুনশিনের	b u n sh i n e r	native
বুনা	b u n a	native
বুনি	b u n i	native
বুনিপ	b u n i p	native
বুনিয়াদ	b u n i a d	native
বুনিয়াদি	b u n i y a d i	native
বুনিয়ে	b u n i y e	native
বুনে	b u n e	native
বুনেছি	b u n e chh i	native
বুনেছেন	b u n e chh e n	native
বুনো	b u n O	native
বুনোহাস	b u n O h a sh	native
বুন্ডানুন	b u n D a n u n	native
বুন্দা	b u nd a	native
বুন্দিয়া	b u nd i y a	native
বুন্দেস	b u nd e s	loanword
বুন্দেসলিগা	b u nd e s l i g a	loanword
বুন্দেসলিগার	b u nd e s l i g a r	loanword
বুন্দেসলিগায়	b u nd e s l i g a y	native
বুফন	b u ph o n	native
বুফনের	b u ph O n e r	native
বুফে	b u ph e	native
বুফেতে	b u ph e t e	native
বুফের	b u ph e r	native
বুবানিকে	b u b a n i k e	native
বুবি	b u b i	native
বুবুর	b u b u r	native
বুভুক্ষা	b u bh u kkh a	tatsama
বুম	b u m	native
বুমকা	b u m k a	native
বুমের	b u m e r	native
বুম্বুক	b u mb u k	native
বুরকিনা	b u r k i n a	native
বুরকিনো	b u r k i n O	native
বুরজোয়া	b u r j O y a	native
বুরদিসো	b u r d i sh O	native
বুররাক	b u r r a k	native
বুরহানুদ্দিন	b u r h a n u d d i n	native
বুরা	b u r a	native
বুরুংগা	b u r u ng g a	native
বুরুচ	b u r u ch	native
বুরুচাগা	b u r u ch a g a	native
বুরুজ	b u r u j	native
বুরুন্ডি	b u r u n D i	native
বুরুন্ডির	b u r u n D i r	native
বুরুল	b u r u l	native
বুরোক্রাটিক	b u r O kr a T i k	loanword
বুর্জ	b u r j	native
বুর্জোয়া	b u r j O y a	native
বুর্জোয়াদের	b u r j O y a d e r	native
বুর্দিসো	b u r d i sh O	native
বুল	b u l	native
বুলক	b u l O k	native
বুলকের	b u l o k e r	native
বুলগেরিয়া	b u l g e r i a	native
বুলগেরিয়াকে	b u l g e r i y a k e	native
বুলগেরিয়ার	b u l g e r i y a r	native
বুলগেরিয়ায়	b u l g e r i y a y	native
বুলডোজার	b u l D O j a r	loanword
বুলডোজারের	b u l D O j a r e r	loanword
বুলনপুর	b u l o n p u r	native
বুলন্দ	b u l o nd O	native
বুলবুল	b u l b u l	native
বুলবুলকে	b u l b u l k e	native
বুলবুলসহ	b u l b u l sh o h O	native
বুলবুলি	b u l b u l i	native
বুলবুলিকে	b u l b u l i k e	native
বুলবুলির	b u l b u l i r	native
বুলবুলের	b u l b u l e r	native
বুলভরি	b u l bh O r i	native
বুলস	b u l s	proper_noun
বুলসের	b u l s e r	proper_noun
বুলা	b u l a	native
বুলাই	b u l a i	native
বুলাওয়ে	b u l a O y e	native
বুলাওয়েতে	b u l a O y e t e	native
বুলাওয়ের	b u l a O y e r	native
বুলাক	b u l a k	native
বুলাতে	b u l a t e	native
বুলানো	b u l a n O	native
বুলি	b u l i	native
বুলিতে	b u l i t e	native
বুলির	b u l i r	native
বুলিয়ন	b u l i y o n	native
বুলিয়ে	b u l i y e	native
বুলুকে	b u l u k e	native
বুলুর	b u l u r	native
বুলেট	b u l e T	loanword
বুলেটও	b u l e T O	loanword
বুলেটটি	b u l e T T i	loanword
বুলেটপ্রুফ	b u l e T pr u ph	loanword
বুলেটবিদ্ধ	b u l e T b i d dh O	tatsama
বুলেটিন	b u l e T i n	loanword
বুলেটিনে	b u l e T i n e	loanword
বুলেটে	b u l e T e	loanword
বুলেটের	b u l e T e r	loanword
বুলোতে	b u l O t e	native
বুশ	b u sh	native
বুশও	b u sh O	native
বুশকে	b u sh k e	native
বুশরা	b u sh r a	native
বুশরার	b u sh r a r	native
বুশের	b u sh e r	native
বুশেহর	b u sh e h o r	native
বুসকেট	b u s k e T	proper_noun
বুসকেটস	b u s k e T s	proper_noun
বুসকেটের	b u s k e T e r	proper_noun
বুসা	b u sh a	native
বুস্ট	b u s T	loanword
বুস্টার	b u s T a r	loanword
বুহারি	b u h a r i	native
বুহারির	b u h a r i r	native
বুহিত	b u h i t	native
বুৎপত্তি	b u t p o tt i	native
বুড়	b u r O	native
বুড়নো	b u r o n O	native
বুড়বক	b u r b o k	native
বুড়া	b u r a	native
বুড়াইচ	b u r a i ch	native
বুড়াইল	b u r a i l	native
বুড়ামজুমদার	b u r a m o j u m o d a r	native
বুড়ামারা	b u r a m a r a	native
বুড়ি	b u r i	native
বুড়িকে	b u r i k e	native
বুড়িগংগা	b u r i g o ng g a	native
বুড়িগংগাকে	b u r i g o ng g a k e	native
বুড়িগংগার	b u r i g o ng g a r	native
বুড়িগংগাসহ	b u r i g o ng g a sh o h O	native
বুড়িগংগায়	b u r i g o ng g a y	native
বুড়িগঞ্জ	b u r i g o nj	tatsama
বুড়িগোয়ালিনি	b u r i g O y a l i n i	native
বুড়িগোয়ালিনির	b u r i g O y a l i n i r	compound
বুড়িতিস্তা	b u r i t i st a	native
বুড়িমারি	b u r i m a r i	native
বুড়ির	b u r i r	native
বুড়িরচর	b u r i r ch o r	native
বুড়িরহাট	b u r i r h a T	native
বুড়িয়ে	b u r i y e	native
বুড়ো	b u r O	native
বুড়োকে	b u r O k e	native
বুড়োজালিয়া	b u r O j a l i y a	native
বুড়োটে	b u r O T e	native
বুড়োদের	b u r O d e r	native
বুড়োর	b u r O r	native
বুড়োরা	b u r O r a	native
বুয়া	b u y a	native
বুয়াজিজি	b u y a j i j i	native
বুয়াজিজির	b u y a j i j i r	native
বুয়ার	b u y a r	native
বুয়ারা	b u y a r a	native
বুয়েট	b u y e T	proper_noun
বুয়েটকে	b u y e T k e	proper_noun
বুয়েটসহ	b u y e T sh o h O	proper_noun
বুয়েটে	b u y e T e	proper_noun
বুয়েটের	b u y e T e r	proper_noun
বুয়েনস	b u y e n s	proper_noun
বুয়েনোস	b u y e n O s	proper_noun
বুয়েন্দিয়ার	b u y e nd i y a r	native
বুয়েন্স	b u y e n s	loanword
বৃংহন	b ri ng h o n o	tatsama
বৃক	b ri k O	tatsama
বৃক্ক	b ri k k O	tatsama
বৃক্কের	b ri k k e r	tatsama
বৃক্ষকে	b ri kkh o k e	tatsama
বৃক্ষগুলো	b ri kkh o g u l O	tatsama
বৃক্ষছায়া	b ri kkh o chh a y a	tatsama
বৃক্ষটি	b ri kkh o T i	tatsama
বৃক্ষনিধন	b ri kkh O n i dh o n	tatsama
বৃক্ষনিধনের	b ri kkh o n i dh o n e r	tatsama
বৃক্ষপ্রজাতি	b ri kkh o pr o j a t i	tatsama
বৃক্ষপ্রেমিক	b ri kkh o pr e m i k	tatsama
বৃক্ষপ্রেমিরা	b ri kkh o pr e m i r a	tatsama
বৃক্ষমেলা	b ri kkh O m A l a	tatsama
বৃক্ষমেলার	b ri kkh o m e l a r	tatsama
বৃক্ষমেলায়	b ri kkh o m e l a y	tatsama
বৃক্ষরাজি	b ri kkh O r a j i	tatsama
বৃক্ষরাজির	b ri kkh o r a j i r	tatsama
বৃক্ষরোপন	b ri kkh o r O p o n	tatsama
বৃক্ষরোপনে	b ri kkh o r O p o n e	tatsama
বৃক্ষরোপনের	b ri kkh o r O p o n e r	tatsama
বৃক্ষশুন্য	b ri kkh o sh u n n o	tatsama
বৃক্ষায়নের	b ri kkh a y o n e r	tatsama
বৃক্ষে	b ri kkh e	tatsama
বৃক্ষের	b ri kkh e r	tatsama
বৃটিশ	b ri T i sh	tatsama
বৃটেন	b ri T e n	tatsama
বৃটেনের	b ri T e n e r	tatsama
বৃত	b ri t O	tatsama
বৃত্তটা	b ri tt o T a	tatsama
বৃত্তটার	b ri tt o T a r	tatsama
বৃত্তটি	b ri tt o T i	tatsama
বৃত্তবন্দি	b ri tt o b o nd i	tatsama
বৃত্তা	b ri tt a	tatsama
বৃত্তাকারভাবে	b ri tt a k a r bh a b e	tatsama
বৃত্তাকারে	b ri tt a k a r e	tatsama
বৃত্তান্ত	b ri tt a nt O	tatsama
বৃত্তান্তে	b ri tt a nt e	tatsama
বৃত্তান্তের	b ri tt a nt e r	tatsama
বৃত্তাবদ্ধ	b ri tt a b o d dh o	tatsama
বৃত্তাভাস	b ri tt a bh a sh	tatsama
বৃত্তিও	b ri tt i O	tatsama
বৃত্তিতে	b ri tt i t e	tatsama
বৃত্তিপ্রাপ্ত	b ri tt i pr a p t O	tatsama
বৃত্তিমুলক	b ri tt i m u l o k	tatsama
বৃত্তির	b ri tt i r	tatsama
বৃত্তিসহ	b ri tt i sh o h O	tatsama
বৃত্তে	b ri tt e	tatsama
বৃত্তেই	b ri tt e i	tatsama
বৃত্তের	b ri tt e r	tatsama
বৃত্য	b ri t t O	tatsama
বৃত্র	b ri tr O	tatsama
বৃথা	b ri th a	tatsama
বৃথাই	b ri th a i	tatsama
বৃদ্ধ	b ri d dh O	tatsama
বৃদ্ধা	b ri d dh a	tatsama
বৃদ্ধাংগুল	b ri d dh a ng g u l	tatsama
বৃদ্ধাংগুলি	b ri d dh a ng g u l i	tatsama
বৃদ্ধাকে	b ri d dh a k e	tatsama
বৃদ্ধাদের	b ri d dh a d e r	tatsama
বৃদ্ধি	b ri d dh i	tatsama
বৃদ্ধিই	b ri d dh i i	tatsama
বৃদ্ধিও	b ri d dh i O	tatsama
বৃদ্ধিকরন	b ri d dh i k o r o n	tatsama
বৃদ্ধিকারি	b ri d dh i k a r i	tatsama
বৃদ্ধিকে	b ri d dh i k e	tatsama
বৃদ্ধিজনিত	b ri d dh i j o n i t o	tatsama
বৃদ্ধিতে	b ri d dh i t e	tatsama
বৃদ্ধিতেই	b ri d dh i t e i	tatsama
বৃদ্ধিতেও	b ri d dh i t e O	tatsama
বৃদ্ধিপ্রাপ্ত	b ri d dh i pr a p t O	tatsama
বৃদ্ধিমুলক	b ri d dh i m u l o k	tatsama
বৃদ্ধির	b ri d dh i r	tatsama
বৃদ্ধিরই	b ri d dh i r i	tatsama
বৃদ্ধিরও	b ri d dh i r O	tatsama
বৃদ্ধিসংক্রান্ত	b ri d dh i sh o ng kr a nt o	tatsama
বৃদ্ধিসহ	b ri d dh i sh o h O	tatsama
বৃদ্ধের	b ri d dh e r	tatsama
বৃন্ত	b ri nt O	tatsama
বৃন্তাক	b ri nt a k	tatsama
বৃন্তে	b ri nt e	tatsama
বৃন্দ	b ri nd O	tatsama
বৃন্দা	b ri nd a	tatsama
বৃন্দাবন	b ri nd a b o n	tatsama
বৃন্দাবনে	b ri nd a b o n e	tatsama
বৃন্দাবনের	b ri nd a b O n e r	tatsama
বৃন্দার	b ri nd a r	tatsama
বৃশ	b ri sh	tatsama
বৃশল	b ri sh o l	tatsama
বৃশের	b ri sh e r	tatsama
বৃশ্চিকের	b ri sh ch i k e r	tatsama
বৃশ্টি	b ri sh T i	tatsama
বৃশ্টিই	b ri sh T i i	tatsama
বৃশ্টিও	b ri sh T i O	tatsama
বৃশ্টিকে	b ri sh T i k e	tatsama
বৃশ্টিকেই	b ri sh T i k e i	tatsama
বৃশ্টিজনিত	b ri sh T i j o n i t o	tatsama
বৃশ্টিটা	b ri sh T i T a	tatsama
বৃশ্টিতে	b ri sh T i t e	tatsama
বৃশ্টিতেই	b ri sh T i t e i	tatsama
বৃশ্টিতেও	b ri sh T i t e O	tatsama
বৃশ্টিধারা	b ri sh T i dh a r a	tatsama
বৃশ্টিধারার	b ri sh T i dh a r a r	tatsama
বৃশ্টিনির্ভর	b ri sh T i n i r bh o r	tatsama
বৃশ্টিপাত	b ri sh T i p a t	tatsama
বৃশ্টিপাতে	b ri sh T i p a t e	tatsama
বৃশ্টিপাতের	b ri sh T i p a t e r	tatsama
বৃশ্টিপ্রধান	b ri sh T i pr o dh a n	tatsama
বৃশ্টিবিঘ্নিত	b ri sh T i b i gh n i t O	tatsama
বৃশ্টিভেজা	b ri sh T i bh e j a	tatsama
বৃশ্টিমুখর	b ri sh T i m u kh o r	tatsama
বৃশ্টির	b ri sh T i r	tatsama
বৃশ্টিস্নাত	b ri sh T i sn a t O	tatsama
বৃশ্টিহিন	b ri sh T i h i n	tatsama
বৃশ্নি	b ri sh n i	tatsama
বৃশ্য	b ri sh sh O	tatsama
বৃস	b ri sh o	tatsama
বৃহ	b ri h o	tatsama
বৃহত	b ri h o t	tatsama
বৃহত্	b ri h o t	tatsama
বৃহত্তর	b ri h o tt o r o	tatsama
বৃহদাংশ	b ri h o d a ng sh o	tatsama
বৃহদাংশের	b ri h o d a ng sh e r	tatsama
বৃহদাকার	b ri h o d a k a r	tatsama
বৃহদাকারের	b ri h o d a k a r e r	tatsama
বৃহন্নলা	b ri h o nn o l a	tatsama
বৃহশ্পতিবার	b ri h O sh p O t i b a r	tatsama
বৃহস্পতি	b ri h o s p O t i	tatsama
বৃহস্পতিবারই	b ri h O s p O t i b a r i	tatsama
বৃহস্পতিবারও	b ri h O s p O t i b a r O	tatsama
বৃহস্পতিবারে	b ri h O s p O t i b a r e	tatsama
বৃহস্পতিবারের	b ri h O s p O t i b a r e r	tatsama
বৃহস্পতির	b ri h o s p O t i r	tatsama
বৃহৎ	b ri h o t	tatsama
বে	b e	native
বেংগল	b e ng g o l	native
বেংগলস	b e ng g o l s	proper_noun
বেংগলসের	b e ng g o l s e r	proper_noun
বেংগলি	b e ng g o l i	native
বেংগলে	b e ng g o l e	native
বেংগলের	b e ng g o l e r	native
বেংগালুরু	b e ng g a l u r u	native
বেংগালুরুকে	b e ng g a l u r u k e	native
বেংগালুরুতে	b e ng g a l u r u t e	native
বেংগালুরুর	b e ng g a l u r u r	native
বেআইনি	b e a i n i	native
বেআইনিও	b e a i n i O	native
বেআইনিভাবে	b e a i n i bh a b e	native
বেআকুল	b e y a k u l o	native
বেআলি	b e y a l i	native
বেইক	b e i k	native
বেইচা	b e i ch a	native
বেইচ্চা	b e i ch ch a	native
বেইজ	b e i j	native
বেইজড	b e i j D	loanword
বেইজ্জতি	b e i j j o t i	native
বেইত	b e i t O	native
বেইন	b e i n	native
বেইনার	b e i n a r	native
বেইমান	b e i m a n	native
বেইমানি	b e i m a n i	native
বেইমানির	b e i m a n i r	native
বেইল	b e i l	native
বেইলআউট	b e i l a u T	loanword
বেইলআউটের	b e i l a u T e r	loanword
বেইলি	b e i l i	native
বেইলির	b e i l i r	native
বেইলিস	b e i l i s	loanword
বেইস	b e i s	loanword
বেউল	b e u l	native
বেউড়	b e u r b a sh	native
বেওয়া	b e O y a	native
বেওয়াকে	b e O y a k e	native
বেওয়ার	b e O y a r	native
বেওয়ারশ	b e O y a r o sh	native
বেওয়ারিশ	b e O y a r i sh	native
বেক	b e k	native
বেককে	b e k k e	native
বেকত	b e k o t O	native
বেকন	b e k O n	native
বেকনের	b e k O n e r	native
বেকল	b e k o l	native
বেকসুর	b e k O sh u r	native
বেকহাম	b e k h a m	native
বেকহামকে	b e k h a m k e	native
বেকহামের	b e k h a m e r	native
বেকা	b e k a	native
বেকারকে	b e k a r k e	native
বেকারিকে	b e k a r i k e	native
বেকারিতে	b e k a r i t e	native
বেকারির	b e k a r i r	native
বেকারেরা	b e k a r e r a	native
বেকায়দা	b e k a y d a	native
বেকায়দায়	b e k a y d a y	native
বেকিং	b e k i ng	native
বেকুটিয়া	b e k u T i y a	native
বেকুব	b e k u b	native
বেকুবের	b e k u b e r	native
বেকে	b e k e	native
বেকেনবাওয়ার	b e k e n b a O y a r	native
বেকেনবাওয়ারের	b e k e n b a O y a r e r	compound
বেখরচা	b e kh o r o ch	native
বেখাপ্পা	b e kh a p p a	native
বেখেয়াল	b e kh e y a l	native
বেখেয়ালি	b e kh e y a l i	native
বেগ	b e g	native
বেগই	b e g i	native
বেগকে	b e g k e	native
বেগজাদি	b e g j a d i	native
বেগতিক	b e g O t i k	native
বেগনি	b e g n i	native
বেগবান	b e g O b a n	native
বেগম	b e g o m	native
বেগমই	b e g o m i	native
বেগমও	b e g O m O	native
বেগমকে	b e g O m k e	native
বেগমকেও	b e g o m k e O	native
বেগমদের	b e g o m d e r	native
বেগমপুর	b e g o m p u r	native
বেগমসহ	b e g O m sh o h O	native
বেগমের	b e g O m e r	native
বেগর	b e g o r	native
বেগাওয়ান	b e g a O a n	native
বেগাছ	b e g a chh	native
বেগানা	b e g a n a	native
বেগার	b e g a r	native
বেগুনকে	b e g u n k e	native
বেগুনবাড়ি	b e g u n b a r i	native
বেগুনবাড়িতে	b e g u n b a r i t e	native
বেগুনবাড়ির	b e g u n b a r i r	native
বেগুনসহ	b e g u n sh o h O	native
বেগুনের	b e g u n e r	native
বেগে	b e g e	native
বেগোড়	b e g O r	native
বেঘুম	b e gh u m	native
বেঘোরে	b e gh O r e	native
বেচইন	b e ch O i n	native
বেচছি	b e ch chh i	native
বেচতে	b e ch t e	native
বেচমু	b e ch m u	native
বেচা	b e ch a	native
বেচাকেনাও	b e ch a k e n a O	native
বেচাকেনার	b e ch a k e n a r	native
বেচাকেনায়	b e ch a k e n a y	native
বেচানো	b A ch a n O	native
বেচাবিক্রি	b A ch a b i kr i	native
বেচাবিক্রির	b e ch a b i kr i r	native
বেচার	b A ch a r	native
বেচারা	b e ch a r a	native
বেচারাকে	b e ch a r a k e	native
বেচারার	b e ch a r a r	native
বেচারি	b e ch a r i	native
বেচায়	b e ch a y	native
বেচি	b e ch i	native
বেচেও	b e ch e O	native
বেচেছিল	b e ch e chh i l o	native
বেচেছিলেন	b e ch e chh i l e n	native
বেচেছে	b e ch e chh e	native
বেচেছেন	b e ch e chh e n	native
বেচেন	b e ch e n	native
বেচেবর্তে	b e ch e b o r t e	native
বেছে	b e chh e	native
বেজ	b e j	native
বেজড	b e j D	loanword
বেজন্মা	b e j o n m a	native
বেজপাড়া	b e j p a r a	native
বেজপাড়ার	b e j p a r a r	native
বেজমেন্টসহ	b e j m e n T sh o h O	loanword
বেজহার	b e j h a r	native
বেজাত	b e j a t	native
বেজান	b e j a n	native
বেজার	b A j a r	native
বেজায়	b e j a y	native
বেজি	b e j i	native
বেজুত	b e j u t	native
বেজেই	b e j e i	native
বেজেছিল	b e j e chh i l O	native
বেজেছে	b e j e chh e	native
বেজের	b e j e r	native
বেজোস	b e j O s	proper_noun
বেজোড়	b e j O r	native
বেটন	b A T O n	native
বেটস	b e T s	proper_noun
বেটা	b e T a	native
বেটাইম	b e T a i m	native
বেটাক	b e T a k	native
বেটাকে	b e T a k e	native
বেটি	b e T i	native
বেটির	b e T i r	native
বেটিল	b e T i l	native
বেটিস	b e T i s	proper_noun
বেটিসের	b e T i s e r	proper_noun
বেটে	b e T e	native
বেটেনকোর্টের	b e T e n k O r T e r	proper_noun
বেট্রিজ	b e T r i j	loanword
বেঠিক	b e Th i k	native
বেড	b e D	loanword
বেডফোর্ড	b e D ph O r D	proper_noun
বেডরুম	b e D r u m	loanword
বেডরুমে	b e D r u m e	loanword
বেড়াকুঠি	b A r a k u Th i	native
বেড়ে	b e r e	native
বেডারা	b e D a r a	native
বেডি	b e D i	native
বেডির	b e D i r	native
বেডে	b e D e	loanword
বেডের	b e D e r	loanword
বেঢপ	b e Dh o p	native
বেত	b e t	native
বেতকান্দি	b e t k a nd i	native
বেতকাশি	b e t k a sh i	native
বেতগাড়ি	b e t g a r i	native
বেতছড়ি	b e t chh o r i	native
বেতদবির	b e t d o b i r	native
বেতনই	b e t O n i	native
বেতনও	b e t O n O	native
বেতনকাঠামো	b e t O n k a Th a m O	native
বেতনকাঠামোতে	b e t O n k a Th a m O t e	native
বেতনকাঠামোয়	b e t o n k a Th a m O y	native
বেতনক্রম	b e t O n kr o m	native
বেতনটা	b e t o n T a	native
বেতনবোইশম্য	b e t o n b O i sh o m m o	native
বেতনবোইশম্যের	b e t o n b O i sh o m m e r	compound
বেতনভাতার	b e t O n bh a t a r	native
বেতনভুক	b e t O n bh u k	native
বেতনভুক্ত	b e t O n bh u kt O	native
বেতনভোগি	b e t o n bh O g i	native
বেতনসংক্রান্ত	b e t o n sh o ng kr a nt o	compound
বেতনসহ	b e t O n sh o h O	native
বেতনা	b e t O n a	native
বেতনের	b e t O n e r	native
বেতবাড়িয়া	b e t b a r i y a	native
বেতবুনিয়া	b e t b u n i y a	native
বেতবুনিয়ায়	b e t b u n i y a y	native
বেতল	b e t o l	native
বেতলাই	b e t l a i	native
বেতস	b e t o sh	native
বেতাউকা	b e t a u k a	native
বেতাগ	b e t a g	native
বেতাগি	b e t a g i	native
বেতাগিতে	b e t a g i t e	native
বেতাগির	b e t a g i r	native
বেতানো	b e t a n O	native
বেতাব	b e t a b	native
বেতার	b e t a r	native
বেতারকে	b e t a r k e	native
বেতারকেন্দ্র	b e t a r k e ndr O	native
বেতারকেন্দ্রে	b e t a r k e ndr e	compound
বেতারকেন্দ্রের	b e t a r k e ndr e r	compound
বেতারজন্ত্র	b e t a r j o n t r e	native
বেতারজন্ত্রের	b e t a r j o n t r e r	compound
বেতারের	b e t a r e r	native
বেতাল	b e t a l	native
বেতিল	b e t i l	native
বেতুয়া	b e t u y a	native
বেতে	b e t e	native
বেতের	b e t e r	native
বেতো	b e t O	native
বেত্তা	b e tt a	native
বেত্র	b e tr O	native
বেত্রাঘাত	b e tr a gh a t	native
বেত্রাঘাতে	b e tr a gh a t e	native
বেত্রাঘাতের	b e tr a gh a t e r	native
বেথনাল	b e th O n a l	native
বেথনালগ্রিন	b e th n a l gr i n	native
বেথলেহেম	b e th l e h e m	native
বেথানি	b e th a n i	native
বেথুরি	b e th u r i	native
বেদ	b e d	native
বেদআত	b e d a t	native
বেদকাশি	b e d k a sh i	native
বেদখল	b e d o kh O l	native
বেদখলে	b e d o kh O l e	native
বেদন	b e d O n	native
বেদনা	b e d O n a	native
বেদনাই	b e d o n a i	native
বেদনাও	b e d o n a O	native
বেদনাদায়ক	b e d o n a d a y o k	native
বেদনাবিধুর	b e d o n a b i dh u r	native
বেদনাবোধ	b e d o n a b O dh	native
বেদনাভরা	b e d o n a bh o r a	native
বেদনারও	b e d o n a r O	native
বেদনার্ত	b e d O n a r t O	native
বেদনাশক	b e d o n a sh o k	native
বেদনাহত	b e d O n a h o t O	native
বেদনায়	b e d o n a y	native
বেদা	b e d a	native
বেদাংগ	b e d a ng g O	native
বেদাগ	b e d a g	native
বেদাত	b e d a t	native
বেদানা	b e d a n a	native
বেদানার	b e d a n a r	native
বেদান্ত	b e d a nt O	native
বেদান্তের	b e d a nt e r	native
বেদারউদ্দিন	b e d a r u d d i n	native
বেদাশ্রয়	b e d a sh r o y	native
বেদিত	b e d i t O	native
বেদিতব্য	b e d i t O b b O	native
বেদিতে	b e d i t e	native
বেদিন	b e d i n	native
বেদিমুলে	b e d i m u l e	native
বেদির	b e d i r	native
বেদুইন	b e d u i n	native
বেদেদের	b e d e d e r	native
বেদের	b e d e r	native
বেদেরা	b e d e r a	native
বেদ্য	b e d d O	native
বেধ	b e dh	native
বেধা	b e dh a	native
বেধেই	b e dh e i	native
বেধেও	b e dh e O	native
বেধেছি	b e dh e chh i	native
বেধেছিল	b e dh e chh i l O	native
বেধেছিলাম	b e dh e chh i l a m	native
বেধেছিলেন	b e dh e chh i l e n	native
বেধেছেন	b e dh e chh e n	native
বেধড়ক	b e dh o r o k	native
বেন	b e n	native
বেনকিউ	b e n k i u	native
বেনকিজার	b e n k i j a r	native
বেনগাজিকে	b e n g a j i k e	native
বেনগাজিতে	b e n g a j i t e	native
বেনগাজিতেও	b e n g a j i t e O	native
বেনগাজিভিত্তিক	b e n g a j i bh i tt i k	compound
বেনগাজির	b e n g a j i r	native
বেনগাজিসহ	b e n g a j i sh o h O	native
বেনজিন	b e n j i n	native
বেনজির	b e n j i r	native
বেনডিট	b e n D i T	loanword
বেনতো	b e n t O	native
বেনাপোলে	b e n a p O l e	native
বেনারশি	b e n a r O sh i	native
বেনারস	b e n a r o sh	native
বেনারসি	b e n a r O sh i	native
বেনারসিপল্লি	b e n a r o sh i p o l l i	native
বেনারসিপল্লিতে	b e n a r o sh i p o l l i t e	compound
বেনারসিপল্লির	b e n a r o sh i p o l l i r	compound
বেনারসির	b e n a r O sh i r	native
বেনারসে	b e n a r o sh e	native
বেনি	b e n i	native
বেনিআমিন	b e n i a m i n	native
বেনিগনো	b e n i g o n O	native
বেনিতে	b e n i t e	native
বেনিতেস	b e n i t e s	proper_noun
বেনিত্তেজের	b e n i tt e j e r	native
বেনিন	b e n i n	native
বেনিনগর	b e n i n o g o r	native
বেনিনে	b e n i n e	native
বেনিনের	b e n i n e r	native
বেনিপ্রসাদ	b e n i pr o sh a d	native
বেনির	b e n i r	native
বেনিয়া	b e n i y a	native
বেনিয়ান	b e n i y a n	native
বেনু	b e n u	native
বেনুকা	b e n u k a	native
বেনুগোপাল	b e n u g O p a l	native
বেনে	b e n e	native
বেনেট	b e n e T	proper_noun
বেনেটের	b e n e T e r	proper_noun
বেনেডিক্ট	b e n e D i k T	proper_noun
বেনের	b e n e r	native
বেনেরপোতা	b e n e r p O t a	native
বেনো	b e n O	native
বেন্ট	b e n T	proper_noun
বেন্টনার	b e n T n a r	native
বেন্ডুয়া	b e n D u y a	native
বেন্দি	b e nd i	native
বেন্দ্রে	b e ndr e	native
বেপজার	b e p j a r	native
বেপজায়	b e p j a y	native
বেপথু	b e p th u	native
বেপমান	b e p O m a n	native
বেপরোয়া	b e p o r O y a	native
বেপরোয়াভাবে	b e p o r O y a bh a b e	native
বেপার	b A p a r	native
বেপারি	b e p a r i	native
বেপারিকে	b e p a r i k e	native
বেপারিপাড়া	b e p a r i p a r a	native
বেপারিপাড়াকেন্দ্রিক	b e p a r i p a r a k e nd ri k	compound
বেপারিপাড়ার	b e p a r i p a r a r	native
বেপারির	b e p a r i r	native
বেপারিরা	b e p a r i r a	native
বেপারিসহ	b e p a r i sh o h O	native
বেপালট	b e p a l o T	native
বেফাকুল	b e ph a k u l	native
বেফাকুলের	b e ph a k u l e r	native
বেফাকের	b e ph a k e r	native
বেফাস	b e ph a sh	native
বেবাক	b e b a k	native
বেবি	b e b i	native
বেবিকর্ন	b e b i k o r n	native
বেবিকর্নের	b e b i k o r n e r	native
বেবির	b e b i r	native
বেবিস	b e b i s	loanword
বেবে	b e b e	native
বেবেতো	b e b e t O	native
বেবেতোর	b e b e t O r	native
বেভান	b e bh a n	native
বেভার	b e bh a r	native
বেভারলি	b e bh a r l i	native
বেভারিয়া	b e bh a r i y a	native
বেভারেজকে	b e bh a r e j k e	native
বেভুল	b e bh u l	native
বেমকো	b e m k O	native
বেমক্কা	b e m o k k a	native
বেমানান	b e m a n a n	native
বেমার	b e m a r	native
বেমেয়াদি	b e m e y a d i	native
বের	b e r	native
বেরংের	b e r o ng g e r	native
বেরই	b e r i	native
বেরন	b A r O n	native
বেরলুসকোনি	b e r l u s k O n i	proper_noun
বেরলুসকোনিকে	b e r l u s k O n i k e	proper_noun
বেরলুসকোনির	b e r l u s k O n i r	proper_noun
বেরসিক	b e r O sh i k	native
বেরসিহ	b e r o sh i h o	native
বেরা	b e r a	native
বেরাইদ	b e r a i d	native
বেরাকুটি	b e r a k u T i	native
বেরাদার	b e r a d a r	native
বেরাম	b e r a m	native
বেরি	b e r i	native
বেরিবেরি	b e r i b e r i	native
বেরির	b e r i r	native
বেরিলি	b e r i l i	native
বেরিশা	b e r i sh a	native
বেরিশার	b e r i sh a r	native
বেরিয়ার	b e r i y a r	native
বেরিয়ে	b e r i y e	native
বেরিয়েই	b e r i y e i	native
বেরিয়েও	b e r i y e O	native
বেরিয়েছিলাম	b e r i y e chh i	native
বেরিয়েছিলেন	b e r i y e chh i l e n	native
বেরিয়েছে	b e r i y e chh e	native
বেরিয়েছেন	b e r i y e chh e n	native
বেরুতে	b e r u t e	native
বেরুন	b e r u n	native
বেরুনি	b e r u n i	native
বেরুবাড়ি	b e r u b a r i	native
বেরুবাড়ির	b e r u b a r i r	native
বেরুবে	b e r u b e	native
বেরুলেই	b e r u l e i	native
বেরে	b e r e	native
বেরেশের	b e r e sh e r k a Th	native
বেরেস্তা	b e r e st a	native
বেরেস্তার	b e r e st a r	native
বেরোই	b e r O i	native
বেরোচ্ছিল	b e r O ch chh i l o	native
বেরোচ্ছে	b e r O ch chh e	native
বেরোচ্ছেন	b e r O ch chh e n	native
বেরোত	b e r O t o	native
বেরোতেই	b e r O t e i	native
বেরোন	b e r O n	native
বেরোনোর	b e r O n O r	native
বেরোব	b e r O b o	native
বেরোবার	b e r O b a r	native
বেরোবে	b e r O b e	native
বেরোবেন	b e r O b e n	native
বেরোলে	b e r O l e	native
বেরোলেই	b e r O l e i	native
বেরোলেন	b e r O l e n	native
বেরোলো	b e r O l O	native
বেরোয়	b e r O y	native
বেরোয়নি	b e r O y n i	native
বেলআউট	b e l a u T	loanword
বেলক	b e l o k	native
বেলকা	b e l k a	native
বেলকিন	b e l k i n	native
বেলকুচিতে	b e l k u ch i t e	native
বেলকুচির	b e l k u ch i r	native
বেলকে	b e l k e	native
বেলগ	b e l o g	native
বেলচা	b e l ch a	native
বেলচো	b e l ch O	native
বেলছড়ি	b e l chh o r i	native
বেলডারেনে	b e l D a r e n e	native
বেলতলা	b e l t o l a	native
বেলতলায়	b e l t o l a y	native
বেলতলি	b e l t o l i	native
বেলতে	b e l t e	native
বেলদার	b e l d a r	native
বেলন	b e l o n	native
বেলনিআলিদের	b e l o n i a l i d e r	native
বেলনিআলির	b e l o n i a l i r	native
বেলপাতা	b e l p a t a	native
বেলভিউ	b e l bh i u	native
বেলমুক্তা	b e l m u kt a	native
বেলমেন্ট	b e l m e n T	proper_noun
বেলমোপান	b e l m O p a n	native
বেলস	b e l s	loanword
বেলসকে	b e l s k e	loanword
বেলসের	b e l s e r	loanword
বেলহাজ	b e l h a j	native
বেলহাজকে	b e l h a j k e	native
বেলহাসা	b e l h a sh a	native
বেলা	b A l a	native
বেলাও	b A l a O	native
বেলাওল	b e l a y O l	native
বেলাকে	b e l a k e	native
বেলাগাও	b e l a g a O	native
বেলাতে	b A l a t e	native
বেলাতেই	b e l a t e i	native
বেলাতেও	b A l a t e O	native
বেলাব	b e l a b	native
বেলাবতে	b e l a b o t e	native
বেলাভুমি	b e l a bh u m i	native
বেলাভুমিতে	b e l a bh u m i t e	native
বেলার	b e l a r	native
বেলারুশ	b e l a r u sh	native
বেলারুশের	b e l a r u sh e r	native
বেলাল	b e l a l	native
বেলালউদ্দিন	b e l a l u d d i n	native
বেলালকে	b e l a l k e	native
বেলালুর	b e l a l u r	native
বেলায়	b e l a y	native
বেলায়ই	b e l a y i	native
বেলায়ও	b e l a y O	native
বেলায়েত	b e l a y e t	native
বেলির	b e l i r	native
বেলিস	b e l i sh	native
বেলুচ	b e l u ch	native
বেলুচিস্তান	b e l u ch i st a n	native
বেলুচিস্তানে	b e l u ch i s th a n e	proper_noun
বেলুচিস্তানের	b e l u ch i st a n e r	compound
বেলুচ্চি	b e l u ch ch i	native
বেলুন	b e l u n	native
বেলুনটি	b e l u n T i	native
বেলুনে	b e l u n e	native
বেলুনের	b e l u n e r	native
বেলুর	b e l u r	native
বেলে	b e l e	native
বেলেহাজ	b e l e h a j	native
বেল্টসহ	b e l T sh o h O	loanword
বেল্লাল	b e l l a l	native
বেল্লিক	b e l l i k	native
বেল্লিত	b e l l i t O	native
বেশ	b e sh	native
বেশক	b e sh o k	native
বেশকিছু	b e sh k i chh u	native
বেশকিছুদিন	b e sh k i chh u d i n	native
বেশতো	b e sh t O	native
বেশভুশা	b e sh bh u sh a	native
বেশভুশায়	b e sh bh u sh a y	native
বেশরম	b e sh o r O m	native
বেশরা	b e sh o r a	native
বেশি	b e sh i	native
বেশিই	b e sh i i	native
বেশিও	b e sh i O	native
বেশিকিছু	b e sh i k i chh u	native
বেশিতে	b e sh i t e	native
বেশিদিন	b e sh i d i n	native
বেশিদিনের	b e sh i d i n e r	native
বেশিদুর	b e sh i d u r	native
বেশিবার	b e sh i b a r	native
বেশিরভাগ	b e sh i r bh a g	native
বেশিরভাগই	b e sh i r bh a g i	native
বেশিরভাগের	b e sh i r bh a g e r	native
বেশিরভাগেরই	b e sh i r bh a g e r i	native
বেশিসংখ্যক	b e sh i sh o ng kh O k	native
বেশুমার	b e sh u m a r	native
বেশে	b e sh e	native
বেশেই	b e sh e i	native
বেশ্ট	b e sh T O	native
বেশ্টন	b e sh T O n	native
বেশ্টনি	b e sh T o n i	native
বেশ্টনিতে	b e sh T o n i t e	native
বেশ্টনির	b e sh T o n i r	native
বেশ্টিত	b e sh T i t O	native
বেশ্ম	b e sh sh O	native
বেস	b e sh	native
বেসক্যাম্প	b e s k A mp	loanword
বেসক্যাম্পে	b e s k A mp e	loanword
বেসড	b e s D	loanword
বেসনের	b e sh o n e r	native
বেসর	b e sh o r	native
বেসরকারি	b e sh o r k a r i	native
বেসরকারিকরন	b e sh o r k a r i k o r O n	native
বেসরকারিকরনের	b e sh o r o k a r i k o r o n e r	compound
বেসরকারিগুলোর	b e sh o r k a r i g u l O	compound
বেসরকারিভাবে	b e sh o r k a r i bh a b e	native
বেসলার	b e sh l a r	native
বেসাত	b A sh a t	native
বেসাতি	b e sh a t i	native
বেসামরিক	b e sh a m O r i k	native
বেসামরিকিকরন	b e sh a m o r i k i k o r o n	native
বেসামাল	b e sh a m a l	native
বেসার	b e sh a r	native
বেসারত	b e sh a r o t	native
বেসিক	b e s i k	loanword
বেসিগাই	b e sh i g a i	native
বেসিস	b e s i s	loanword
বেসিসের	b e s i s e r	loanword
বেসুরো	b e sh u r O	native
বেসে	b e sh e	native
বেসের	b e sh e r	native
বেহদ্দ	b e h o d d o	native
বেহরিং	b e h r i ng	native
বেহাগ	b e h a g	native
বেহাত	b e h a t	native
বেহান	b e h a n	native
বেহার	b e h a r	native
বেহারি	b e h a r i	native
বেহারিব	b e h a r i b O	native
বেহালদশা	b e h a l d o sh a	native
বেহালদশার	b e h a l d o sh a r	native
বেহালা	b e h a l a	native
বেহালার	b e h a l a r	native
বেহায়া	b e h a y a	native
বেহিসাবি	b e h i sh a b i	native
বেহুদা	b e h u d a	native
বেহুলা	b e h u l a	native
বেহুশ	b e h u sh	native
বেহুড়া	b e h u r a	native
বেহেশত	b e h e sh t	native
বেহেশতের	b e h e sh t e r	native
বেহেসতের	b e h e sh t e r	native
বেহেস্ত	b e h e st	native
বেহেস্তের	b e h e st e r	native
বেড়	b e r	native
বেড়া	b e r a	native
বেড়াই	b e r a i	native
বেড়াইতে	b e r a i t e	native
বেড়াগুলো	b e r a g u l O	native
বেড়াচ্ছি	b e r a ch chh i	native
বেড়াচ্ছিল	b e r a ch chh i l o	native
বেড়াচ্ছিলেন	b e r a ch chh i l e n	native
বেড়াচ্ছে	b e r a ch chh e	native
বেড়াচ্ছেন	b e r a ch chh e n	native
বেড়াজাল	b e r a j a l	native
বেড়াজালে	b e r a j a l e	native
বেড়াত	b e r a t o	native
বেড়াতাম	b e r a t a m	native
বেড়াতে	b e r a t e	native
বেড়াতেও	b e r a t e O	native
বেড়াতেন	b e r a t e n	native
বেড়ান	b e r a n	native
বেড়ানো	b A r a n O	native
বেড়ানোকে	b e r a n O k e	native
বেড়ানোর	b e r a n O r	native
বেড়াব	b e r a b o	native
বেড়াবেন	b e r a b e n	native
বেড়ার	b e r a r	native
বেড়াল	b e r a l	native
বেড়ালাম	b e r a l a m	native
বেড়ালে	b e r a l e	native
বেড়ালেও	b e r a l e O	native
বেড়ালেন	b e r a l e n	native
বেড়ালের	b e r a l e r	native
বেড়ায়	b e r a y	native
বেড়ি	b e r i	native
বেড়িবাধ	b e r i b a dh o	native
বেড়িবাধও	b e r i b a dh o O	native
বেড়িবাধগুলো	b e r i b a dh o g u l O	native
বেড়িবাধগুলোতে	b e r i b a dh o g u l O t e	compound
বেড়িবাধগুলোর	b e r i b a dh o g u l O r	native
বেড়িবাধটি	b e r i b a dh o T i	native
বেড়িবাধসংলগ্ন	b e r i b a dh o sh o ng l o g n o	compound
বেড়িবাধে	b e r i b a dh e	native
বেড়িবাধের	b e r i b a dh e r	native
বেড়িয়ে	b e r i y e	native
বেড়িয়েছি	b e r i y e chh i	native
বেড়িয়েছেন	b e r i y e chh e n	native
বেড়েই	b e r e i	native
বেড়েছিল	b e r e chh i l o	native
বেড়েছে	b e r e chh e	native
বেড়েছেই	b e r e chh e i	native
বেড়েরবাড়ি	b e r e r b a r i	native
বেয়ধি	b e y O dh i	native
বেয়াই	b e y a i	native
বেয়াকুল	b e y a k u l	native
বেয়াদব	b e y a d o b	native
বেয়াদবি	b e y a d o b i	native
বেয়াদবির	b e y a d o b i r	native
বেয়ান	b e y a n	native
বেয়ার	b e a r	native
বেয়ারা	b e y a r a	native
বেয়ারাম	b e y a r a m	native
বেয়ারের	b e y a r e r	native
বেয়াড়া	b e y a r a	native
বেয়াড়াপনাকে	b e y a r a p o n a k e	native
বেয়ে	b e y e	native
বেয়েই	b e y e i	native
বো	b O	native
বোংগা	b O ng g a	native
বোই	b O i	native
বোইং	b O i ng	native
বোইকর্তন	b O i k o r t O n	native
বোইকল্পিক	b O i k O l p i k	native
বোইকল্য	b O i k o l l o	native
বোইকারি	b O i k a r i	native
বোইকাল	b O i k a l	native
বোইকালিক	b O i k a l i k	native
বোইকি	b O i k i	native
বোইকুন্ঠ	b O i k u n Th O	native
বোইক্লব্য	b O i kl O b b O	native
বোইগুন্য	b O i g u n n O	native
বোইগ্রাম	b O i gr a m	native
বোইচক্ষন্য	b O i ch O kkh O n n O	tatsama
বোইচারিক	b O i ch a r i k	native
বোইচি	b O i ch i	native
বোইচিত্ত্য	b O i ch i tt O	native
বোইচিত্র্য	b O i ch i t r O	native
বোইচিত্র্যও	b O i ch i t r O O	native
বোইচিত্র্যটি	b O i ch i t r O T i	native
বোইচিত্র্যপুর্ন	b O i ch i t r O p u r n O	compound
বোইচিত্র্যময়	b O i ch i t r O m o y	native
বোইচিত্র্যহিন	b O i ch i t r O h i n	compound
বোইচিত্র্যে	b O i ch i t r e	native
বোইচিত্র্যের	b O i ch i t r e r	native
বোইজাত্য	b O i j a t t O	native
বোইজ্ঞানিক	b O i g g a n i k	tatsama
বোইজ্ঞানিকভাবে	b O i g g a n i k bh a b e	tatsama
বোইজয়ন্ত	b O i j o y O nt O	native
বোইজয়িক	b O i j O y i k	native
বোইঠক	b O i Th o k	native
বোইঠকই	b O i Th o k i	native
বোইঠকও	b O i Th o k O	native
বোইঠককালে	b O i Th o k k a l e	native
বোইঠককে	b O i Th o k k e	native
বোইঠকখানা	b O i Th o k kh a n a	native
বোইঠকখানায়	b O i Th o k kh a n a y	native
বোইঠকগুলো	b O i Th o k g u l O	native
বোইঠকগুলোতে	b O i Th o k g u l O t e	native
বোইঠকটা	b O i Th o k T a	native
বোইঠকটি	b O i Th o k T i	native
বোইঠকটিও	b O i Th o k T i O	native
বোইঠকটির	b O i Th o k T i r	native
বোইঠকরত	b O i Th o k r o t o	native
বোইঠকসংশ্লিশ্ট	b O i Th o k sh o ng sh l i sh T o	compound
বোইঠকসহ	b O i Th o k sh o h O	native
বোইঠকি	b O i Th o k i	native
বোইঠকিরি	b O i Th o k i r i	native
বোইঠকে	b O i Th o k e	native
বোইঠকেই	b O i Th o k e i	native
বোইঠকেও	b O i Th o k e O	native
বোইঠকের	b O i Th o k e r	native
বোইঠা	b O i Th a	native
বোইঠার	b O i Th a r	native
বোইঠি	b O i Th i	native
বোইতংসিক	k O i t O ng sh i k	native
বোইতনিক	b O i t O n i k	native
বোইতরনি	b O i t o r o n i	native
বোইতস	b O i t o sh	native
বোইতাল	b O i t a l	native
বোইতালিক	b O i t a l i k	native
বোইতালিকি	b O i t a l i k i	native
বোইতিক	b o i t i k	native
বোইদর্ভ	b O i d o r bh O	native
বোইদান্তিক	b O i d a n o i t o k	native
বোইদিক	b O i d i k	native
বোইদিশিক	b O i d i sh i k	native
বোইদুর্য	b O i d u r j O	native
বোইদৃতি	b O i d dh ri t i	tatsama
বোইদেশিক	b O i d e sh i k	native
বোইদেশিকবিশয়ক	b O i d e sh i k b i sh o y o k	compound
বোইদেহ	b O i d e h O	native
বোইদ্য	b O i d d o	native
বোইদ্যঘোনা	b O i d d o gh O n a	native
বোইদ্যনাথ	b O i d d o n a th	native
বোইদ্যনাথতলার	b O i d d o n a th t o l a r	compound
বোইদ্যনাথতলায়	b O i d d o n a th t o l a y	compound
বোইদ্যর	b O i d d o r	native
বোইদ্যুতিক	b O i d d u t i k	native
বোইদ্যুতিন	b O i d d u t i n	native
বোইদ্যের	b O i d d e r	native
বোইদ্যেরবাজারে	b O i d d e r b a j a r e	compound
বোইধ	b O i dh o	native
বোইধকরন	b O i dh o k o r o n	native
বোইধকরনের	b O i dh o k o r o n e r	native
বোইধতা	b O i dh o t a	native
বোইধতাই	b O i dh o t a i	native
বোইধতাও	b O i dh o t a O	native
বোইধতাদানকারি	b O i dh o t a d a n k a r i	compound
বোইধতার	b O i dh o t a r	native
বোইধতাসংক্রান্ত	b O i dh o t a sh o ng kr a nt o	compound
বোইধপথে	b O i dh o p o th e	native
বোইধব্য	b O i dh O b b O	native
বোইধব্যের	b O i dh o b b e r	native
বোইধভাবে	b O i dh o bh a b e	native
বোইধভাবেই	b O i dh o bh a b e i	native
বোইধর্ম্য	b O i dh o r m O	native
বোইধুর্য	b O i dh u r j O	native
বোইধ্য	b O i d dh O	native
বোইন	b O i n O	native
বোইনতেয়	b O i n o t e y O	native
বোইপরিত্য	b O i p o r i t t o	native
বোইপরিত্যের	b O i p o r i t t e r	native
বোইপ্লবিক	b O i p l o b i k	loanword
বোইফল্য	b O i ph O l l O	native
বোইবস্বত	b O i b O sh sh o t O	tatsama
বোইবাহিক	b O i b a h i k	native
বোইভব	b O i bh o b	native
বোইভবে	b O i bh o b e	native
বোইভবের	b O i bh o b e r	native
বোইভাশিক	b O i bh a sh i k	native
বোইমনস্য	b O i m o n O sh sh O	native
বোইমানিক	b O i m a n i k	native
বোইমানিককে	b O i m a n i k k e	native
বোইমানিকের	b O i m a n i k e r	native
বোইর	b O i r O	native
বোইরাগি	b O i r a g i	native
বোইরাগি(–গিন্)	b O i r a g i	compound
বোইরাগির	b O i r a g i r	native
বোইরাগিহাট	b O i r a g i h a T	native
বোইরাগ্য	b O i r a g g o	native
বোইরাট	b O i r a T	native
বোইরাতি	b O i r a t i	native
বোইরি	b O i r i	native
বোইরিতা	b O i r i t a	native
বোইরিতাই	b O i r i t a i	native
বোইরিতাকে	b O i r i t a k e	native
বোইরিতামুলক	b O i r i t a m u l o k	native
বোইরিতার	b O i r i t a r	native
বোইরিতায়	b O i r i t a y	native
বোইরিভাবাপন্ন	b O i r i bh a b a p o nn o	compound
বোইরির	b O i r i r	native
বোইরুত	b O i r u t o	native
বোইরুতে	b O i r u t e	native
বোইরুতের	b O i r u t e r	native
বোইরুপ্য	b O i r u p p O	native
বোইলক্ষন্য	b O i l O kkh O n n O	tatsama
বোইশদ্য	b O i sh O d d O	native
বোইশম	b O i sh o m o	native
বোইশম্পায়ন	b O i sh o mp a y O n	native
বোইশম্য	b O i sh o m m o	native
বোইশম্যও	b O i sh o m m o O	native
বোইশম্যকে	b O i sh o m m o k e	native
বোইশম্যটা	b O i sh o m m o T a	native
বোইশম্যপিড়িত	b O i sh o m m o p i r i t o	native
বোইশম্যপুর্ন	b O i sh o m m o p u r n o	native
বোইশম্যবাদি	b O i sh o m m o b a d i	native
বোইশম্যবিরোধি	b O i sh o m m o b i r O dh i	compound
বোইশম্যমুলক	b O i sh o m m o m u l o k	native
বোইশম্যসহ	b O i sh o m m o sh o h O	native
বোইশম্যহিন	b O i sh o m m o h i n	native
বোইশম্যহিনতা	b O i sh o m m o h i n o t a	native
বোইশম্যহিনতার	b O i sh o m m o h i n o t a r	compound
বোইশম্যহিনভাবে	b O i sh o m m o h i n o bh a b e	compound
বোইশম্যে	b O i sh o m m e	native
বোইশম্যের	b O i sh o m m e r	native
বোইশাখ	b O i sh a kh	native
বোইশাখকে	b O i sh a kh k e	native
বোইশাখি	b O i sh a kh i	native
বোইশাখির	b O i sh a kh i r	native
বোইশাখে	b O i sh a kh e	native
বোইশাখেই	b O i sh a kh e i	native
বোইশাখের	b O i sh a kh e r	native
বোইশালি	b O i sh a l i	native
বোইশালির	b O i sh a l i r	native
বোইশিশ্ট্য	b O i sh i sh T o	native
বোইশিশ্ট্যই	b O i sh i sh T o i	native
বোইশিশ্ট্যও	b O i sh i sh T o O	native
বোইশিশ্ট্যকে	b O i sh i sh T o k e	native
বোইশিশ্ট্যগত	b O i sh i sh T o g o t o	native
বোইশিশ্ট্যগুলো	b O i sh i sh T o g u l O	compound
বোইশিশ্ট্যগুলোর	b O i sh i sh T o g u l O r	compound
বোইশিশ্ট্যজুক্ত	b O i sh i sh T o j u kt o	compound
বোইশিশ্ট্যপুর্ন	b O i sh i sh T o p u r n o	compound
বোইশিশ্ট্যমন্ডিত	b O i sh i sh T o m o n D i t	compound
বোইশিশ্ট্যময়	b O i sh i sh T o m o y	native
বোইশিশ্ট্যসম্পন্ন	b O i sh i sh T o sh o mp o nn o	compound
বোইশিশ্ট্যে	b O i sh i sh T e	native
বোইশিশ্ট্যের	b O i sh i sh T e r	native
বোইশেশিক	b O i sh e sh i k	native
বোইশ্নব	b O i sh o b	native
বোইশ্বানর	b O i sh sh a n o r	tatsama
বোইশ্বিক	b O i sh sh i k	tatsama
বোইশ্বিকভাবে	b O i sh sh i k bh a b e	tatsama
বোইশ্য	b O i sh sh o	native
বোইশয়িক	b O i sh O y i k	native
বোইশয়িকতা	b O i sh o y i k o t a	native
বোইসা	b o i sh a	native
বোইসাদৃশ্য	b O i sh a d ri sh sh O	tatsama
বোইসাবি	b O i sh a b i	native
বোইসাবির	b O i sh a b i r	native
বোইসু	b O i sh u	native
বোইসুক	b O i sh u k	native
বোইহাসিক	b O i h a sh i k	native
বোইড়াল	b O i r a l	native
বোইয়ম	b O i y O m	native
বোইয়র্থ্য	b O i o r th O	native
বোইয়াকরন	b O i y a k o r O n	native
বোইয়াঘ্র	b O i y a g gh r O	native
বোইয়াম	b O i y a m	native
বোউ	b O u	native
বোউকে	b O u k e	native
বোউগনা	b ou g o n a	native
বোউদি	b O u d i	native
বোউদির	b O u d i r	native
বোউদ্ধ	b O u d dh O	tatsama
বোউদ্ধকে	b O u d dh o k e	tatsama
বোউদ্ধদর্শনে	b O u d dh o d o r sh o n e	tatsama
বোউদ্ধদের	b O u d dh O d e r	tatsama
বোউদ্ধধর্ম	b O u d dh O dh o r m O	tatsama
বোউদ্ধধর্মাবলম্বিদের	b O u d dh o dh o r m a b o l o mb i d e r	tatsama
বোউদ্ধধর্মাবলম্বিরা	b O u d dh o dh o r m a b o l o mb i r a	tatsama
বোউদ্ধধর্মিয়	b O u d dh o dh o r m i y	tatsama
বোউদ্ধধর্মে	b O u d dh O dh o r m e	tatsama
বোউদ্ধধর্মের	b O u d dh o dh o r m e r	tatsama
বোউদ্ধপুর্নিমা	b O u d dh o p u r n i m a	tatsama
বোউদ্ধবিহার	b O u d dh o b i h a r	tatsama
বোউদ্ধবিহারে	b O u d dh o b i h a r e	tatsama
বোউদ্ধবিহারের	b O u d dh O b i h a r e r	tatsama
বোউদ্ধভিক্ষু	b O u d dh o bh i kkh u	tatsama
বোউদ্ধমতে	b O u d dh o m o t e	tatsama
বোউদ্ধমন্দির	b O u d dh o m o nd i r	tatsama
বোউদ্ধমন্দিরসহ	b O u d dh o m o nd i r sh o h O	tatsama
বোউদ্ধমন্দিরে	b O u d dh O m O nd i r e	tatsama
বোউদ্ধমাত্রই	b O u d dh o m a tr o i	tatsama
বোউদ্ধরা	b O u d dh o r a	tatsama
বোউদ্ধসমাজ	b O u d dh o sh o m a j	tatsama
বোউদ্ধসম্প্রদায়ের	b O u d dh o sh o m p r O d a y e r	tatsama
বোউদ্ধের	b O u d dh e r	tatsama
বোউবাজার	b O u b a j a r	native
বোউভাত	b O u bh a t	native
বোউভাতের	b O u bh a t e r	native
বোউমা	b O u m a	native
বোউলাই	b O u l a i	native
বোওর্ড	b O O r D	loanword
বোকাই	b O k a i	native
বোকাও	b O k a O	native
বোকাদের	b O k a d e r	native
বোকামিই	b O k a m i i	native
বোকামির	b O k a m i r	native
বোকামো	b O k a m O	native
বোকার	b O k a r	native
বোকারা	b O k a r a	native
বোকাসোকা	b O k a sh O k a	native
বোকায়ের্ট	b O k a y e r T	native
বোকোভা	b O k O bh a	native
বোকোভার	b O k O bh a r	native
বোখারা	b O kh a r a	native
বোখারি	b O kh a r i	native
বোগদানের	b O g d a n e r	native
বোগাস	b O g a s	loanword
বোগোটা	b O g O T a	native
বোঘেরা	b O gh e r a	native
বোচ	b O ch	native
বোচকা	b O ch k a	native
বোচা	b O ch a	native
বোচাগঞ্জ	b O ch a g o nj	tatsama
বোজা	b O j a	native
বোজান	b O j a n	native
বোঝ	b O jh	native
বোঝা	b O jh a	native
বোঝাই	b O jh a i	native
বোঝাইয়ের	b O jh a i y e r	native
বোঝাও	b O jh a O	native
বোঝাচ্ছি	b O jh a ch chh i	native
বোঝাচ্ছিলেন	b O jh a ch chh i l e n	native
বোঝাটা	b O jh a T a	native
বোঝাটাই	b O jh a T a i	native
বোঝাত	b O jh a t O	native
বোঝাতেই	b O jh a t e i	native
বোঝাতেন	b O jh a t e n	native
বোঝান	b O jh a n	native
বোঝাননি	b O jh a n n i	native
বোঝানো	b O jh a n O	native
বোঝানোর	b O jh a n O r	native
বোঝাপড়া	b O jh a p o r a	native
বোঝাপড়াও	b O jh a p o r a O	native
বোঝাপড়াটা	b O jh a p o r a T a	native
বোঝাপড়ার	b O jh a p o r a r	native
বোঝাপড়ায়	b O jh a p o r a y	native
বোঝাব	b O jh a b o	native
বোঝাবার	b O jh a b a r	native
বোঝাবুঝি	b O jh a b u jh i	native
বোঝাবুঝিও	b O jh a b u jh i O	native
বোঝাবুঝিতে	b O jh a b u jh i t e	native
বোঝাবুঝির	b O jh a b u jh i r	native
বোঝাবেন	b O jh a b e n	native
বোঝার	b O jh a r	native
বোঝারও	b O jh a r O	native
বোঝাল	b O jh a l O	native
বোঝালাম	b O jh a l a m	native
বোঝালে	b O jh a l e	native
বোঝাস্বরুপ	b O jh a sh o r u p	tatsama
বোঝায়	b O jh a y o	native
বোঝে	b O jh e	native
বোঝেই	b O jh e i	native
বোঝেন	b O jh e n	native
বোঝেনই	b O jh e n i	native
বোঝেননি	b O jh e n n i	native
বোঝেনি	b O jh e n i	native
বোঝো	b O jh O	native
বোট	b O T	loanword
বোটকা	b O T k a	native
বোটটি	b O T T i	loanword
বোটা	b O T a	native
বোটানিক্যাল	b O T a n i k A l	loanword
বোটার	b O T a r	loanword
বোটের	b O T e r	loanword
বোটোক্স	b O T O k s	loanword
বোঠান	b O Th a n	native
বোঠে	b O Th e	native
বোডিং	b O D i ng	native
বোতলও	b O t o l O	native
বোতলগুলো	b O t o l g u l O	native
বোতলজাতকরন	b O t o l j a t k o r o n	native
বোতলজাতের	b O t o l j a t e r	native
বোতলটা	b O t O l T a	native
বোতলটি	b O t O l T i	native
বোতলবন্দি	b O t o l b o nd i	native
বোতলভর্তি	b O t o l bh o r t i	native
বোতলসহ	b O t o l sh o h O	native
বোতলে	b O t O l e	native
বোতলের	b O t O l e r	native
বোতামটি	b O t a m T i	native
বোতামে	b O t a m e	native
বোতামের	b O t a m e r	native
বোথ	b O th	native
বোথা	b O th a	native
বোথামের	b O th a m e r	native
বোথার	b O th a r	native
বোদলা	b O d l a	native
বোদলেয়ারের	b O d l e y a r e r	native
বোদাল	b O d a l	native
বোদে	b O d e	native
বোদ্ধা	b O d dh a	tatsama
বোদ্ধাই	b O d dh a i	tatsama
বোদ্ধাদের	b O d dh a d e r	tatsama
বোদ্ধারা	b O d dh a r a	tatsama
বোধ	b O dh	native
বোধই	b O dh i	native
বোধও	b O dh O	native
বোধজোগ্য	b O dh j O g g o	native
বোধটা	b O dh T a	native
বোধটি	b O dh T i	native
বোধটুকু	b O dh T u k u	native
বোধসম্পন্ন	b O dh sh o mp o nn o	native
বোধহয়	b O dh h O y o	native
বোধি	b O dh i	native
বোধিপ্রিয়	b O dh i p ri O	native
বোধিবৃক্ষমুলে	b O dh i b r i kkh o m u l e	tatsama
বোধিসত্ত্ব	b O dh i sh o t t O	tatsama
বোধে	b O dh e	native
বোধোদয়	b O dh O d o y	native
বোধোদয়ের	b O dh O d o y e r	native
বোনও	b O n O	native
বোনকে	b O n k e	native
বোনকেও	b O n k e O	native
বোনজামাই	b O n j a m a i	native
বোনটার	b O n T a r	native
বোনটি	b O n T i	native
বোনটিকে	b O n T i k e	native
বোনদের	b O n d e r	native
বোনদেরও	b O n d e r o O	native
বোনম্যারো	b O n m A r O	native
বোনরা	b O n r a	native
বোনস	b O n o s	loanword
বোনসহ	b O n sh o h O	native
বোনাতমান	b O n a t m a n	native
বোনাপার্টের	b O n a p a r T e r	proper_noun
বোনাস	b O n a s	loanword
বোনাসও	b O n a s O	loanword
বোনাসসহ	b O n a s sh o h O	loanword
বোনাসের	b O n a s e r	loanword
বোনিউ	b O n i u	native
বোনেন	b O n e n	native
বোনের	b O n e r	native
বোনেরই	b O n e r i	native
বোনেরও	b O n e r O	native
বোনেরা	b O n e r a	native
বোনো	b O n O	native
বোনোর	b O n O r	native
বোপান্না	b O p a nn a	native
বোপারা	b O p a r a	native
বোপারাকে	b O p a r a k e	native
বোপারার	b O p a r a r	native
বোফর্স	b O ph o r s	proper_noun
বোফোর্স	b O ph O r s	proper_noun
বোবা	b O b a	native
বোবার	b O b a r	native
বোম	b O m	native
বোমা	b O m a	native
বোমাং	b O m a ng	native
বোমাই	b O m a i	native
বোমাও	b O m a O	native
বোমাকে	b O m a k e	native
বোমাগুলো	b O m a g u l O	native
বোমাটা	b O m a T a	native
বোমাটিতে	b O m a T i t e	native
বোমাটির	b O m a T i r	native
বোমান	b O m a n	native
বোমাবর্ষন	b O m a b o r sh o n	tatsama
বোমাবর্ষনে	b O m a b o r sh o n e	tatsama
বোমাবর্ষনের	b O m a b o r sh o n e r	tatsama
বোমাবাজ	b O m a b a j	native
বোমাবাজদের	b O m a b a j d e r	native
বোমাবাজি	b O m a b a j i	native
বোমাবাজিতে	b O m a b a j i t e	native
বোমাবাজির	b O m a b a j i r	native
বোমাবাহি	b O m a b a h i	native
বোমাবিশেশজ্ঞ	b O m a b i sh e sh o g g o	tatsama
বোমার	b O m a r	native
বোমারু	b O m a r u	native
বোমাসদৃশ	b O m a sh o d r i sh	tatsama
বোমাসহ	b O m a sh o h O	native
বোমাহামলা	b O m a h a m l a	native
বোমায়	b O m a y	native
বোমেল	b O m e l	native
বোম্বাই	b O mb a i	native
বোম্বার	b O mb a r	native
বোম্বে	b O mb e	native
বোম্বেতে	b O mb e t e	native
বোম্বের	b O mb e r	native
বোরকা	b O r k a	native
বোরকায়	b O r k a y	native
বোরখা	b O r kh a	native
বোরখার	b O r kh a r	native
বোরন	b O r o n	native
বোরবার	b O r b a r	native
বোরহান	b O r h a n	native
বোরহানউদ্দিন	b O r h a n u d d i n	native
বোরহানউদ্দিনে	b O r h a n u d d i n e	compound
বোরহানউদ্দিনের	b O r h a n u d d i n e r	compound
বোরহানি	b O r h a n i	native
বোরহানুদ্দিন	b O r h a n u d d i n	native
বোরা	b O r a	native
বোরাক	b O r a k	native
বোরাকে	b O r a k e	native
বোরার	b O r a r	native
বোরিস	b O r i s	proper_noun
বোরিসোভের	b O r i s O bh e r	proper_noun
বোরেন	b O r e n	native
বোরেনের	b O r e n e r	native
বোরো	b O r O	native
বোরোসহ	b O r O sh o h O	native
বোর্ডই	b O r D i	loanword
বোর্ডও	b O r D O	loanword
বোর্ডকেই	b O r D k e i	loanword
বোর্ডকেও	b O r D k e O	loanword
বোর্ডগুলো	b O r D g u l O	loanword
বোর্ডগুলোতেও	b O r D g u l O t e O	loanword
বোর্ডঘর	b O r D gh o r	loanword
বোর্ডটি	b O r D T i	loanword
বোর্ডবাজার	b O r D b a j a r	loanword
বোর্ডসভায়	b O r D sh o bh a y	loanword
বোর্ডসহ	b O r D sh o h O	loanword
বোর্ডারের	b O r D a r e r	loanword
বোর্ডিং	b O r D i ng	loanword
বোর্ডিংয়ে	b O r D i ng y e	loanword
বোর্ডিংয়ের	b O r D i ng y e r	loanword
বোর্ডে	b O r D e	loanword
বোর্ডেই	b O r D e i	loanword
বোর্ডেও	b O r D e O	loanword
বোর্ডের	b O r D e r	loanword
বোর্ডেরই	b O r D i ng y o i	loanword
বোর্ডেরও	b O r D e r O	loanword
বোর্দো	b O r d O	native
বোর্নিও	b O r n i O	native
বোর্নো	b O r n O	native
বোর্শবার্গ	b O r sh b a r g	native
বোর্হেস	b O r h e s	proper_noun
বোর্হেসকে	b O r h e s k e	proper_noun
বোর্হেসের	b O r h e s e r	proper_noun
বোল	b O l	native
বোলচালে	b O l ch a l e	native
বোলতা	b O l t a	native
বোলন	b O l o n	native
বোলপুর	b O l p u r	native
বোলপুরে	b O l p u r e	native
বোলপুরের	b O l p u r e r	native
বোলবোলা	b O l b O l a	native
বোলা	b O l a	native
বোলাই	b O l a i	native
বোলাও	b O l a O	native
বোলাতে	b O l a t e	native
বোলাত্তি	b O l a tt i	native
বোলান	b O l a n	native
বোলানো	b O l a n O	native
বোলারই	b O l a r i	native
বোলারও	b O l a r O	native
বোলারকে	b O l a r k e	native
বোলারকেই	b O l a r k e i	native
বোলারদের	b O l a r d e r	native
বোলারদেরই	b O l a r d e r i	native
বোলারদেরও	b O l a r d e r O	native
বোলাররা	b O l a r r a	native
বোলাররাই	b O l a r r a i	native
বোলাররাও	b O l a r r a O	native
বোলারে	b O l a r e	native
বোলারের	b O l a r e r	native
বোলারেরই	b O l a r e r i	native
বোলারেরা	b O l a r e r a	native
বোলিং	b O l i ng	native
বোলিংই	b O l i ng i	native
বোলিংও	b O l i ng O	native
বোলিংকে	b O l i ng k e	native
বোলিংকেই	b O l i ng k e i	native
বোলিংটা	b O l i ng T a	native
বোলিংটাও	b O l i ng T a O	native
বোলিংটাকে	b O l i ng T a k e	native
বোলিংয়ে	b O l i ng y e	native
বোলিংয়েই	b O l i ng y e i	native
বোলিংয়েও	b O l i ng y e O	native
বোলিংয়ের	b O l i ng y e r	native
বোলে	b O l e	native
বোলের	b O l e r	native
বোলো	b O l O	native
বোল্ট	b O l T	loanword
বোল্টও	b O l T O	loanword
বোল্টকে	b O l T k e	loanword
বোল্টন	b O l T o n	proper_noun
বোল্টনকে	b O l T o n k e	proper_noun
বোল্টনের	b O l T o n e r	proper_noun
বোল্টু	b O l T u	native
বোল্টের	b O l T e r	loanword
বোল্ড	b O l D	loanword
বোল্ডার	b O l D a r	loanword
বোশেজো	b O sh e j O	native
বোস	b O sh	native
বোসকে	b O sh k e	native
বোসরা	b O sh r a	native
বোসসহ	b O sh sh o h O	native
বোস্টন	b O s T o n	loanword
বোস্টনে	b O s T o n e	loanword
বোস্টনের	b O s T o n e r	loanword
বোস্টার	b O s T a r	loanword
বোস্টারের	b O s T a r e r	loanword
বোস্তামি	b O st a m i	native
বোহেমিয়ান	b O h e m i y a n	native
বোড়া	b O r a	native
বোড়াই	b O r a i	native
বোয়া	b O y a	native
বোয়াটেং	b O y a T e ng	proper_noun
বোয়াটেংয়ের	b O y a T e ng y e r	proper_noun
বোয়ালখালি	b O y a l kh a l i	native
বোয়ালখালিতে	b O y a l kh a l i t e	native
বোয়ালখালির	b O y a l kh a l i r	native
বোয়ালদের	b O y a l o d e r	native
বোয়ালমারি	b O y a l m a r i	native
বোয়ালমারিতে	b O y a l m a r i t e	native
বোয়ালমারির	b O y a l m a r i r	native
বোয়ালিয়া	b O y a l i y a	native
বোয়ালিয়ায়	b O y a l i y a y	native
বোয়াস	b O y a sh	native
বোয়াসকে	b O y a sh k e	native
বোয়াসের	b O y a sh e r	native
বোয়িং	b O y i ng	native
বোয়িংয়ের	b O y i ng y e r	native
বোয়িই	b O y i i	native
বোয়েটাং	b O y e T a ng	proper_noun
বোয়েটাংকে	b O y e T a ng k e	proper_noun
বোয়েটাংয়ের	b O y e T a ng y e r	proper_noun
বোয়েনার	b O y e n a r	native
বোয়েনারকে	b O y e n a r k e	native
বোয়েনারের	b O y e n a r e r	native
বোয়েসেল	b O y e sh e l	native
বোয়েসেলের	b O y e sh e l e r	native
ব্যংগ	b A ng g O	native
ব্যংগচিত্র	b A ng g o ch i tr o	native
ব্যংগবিদ্রুপ	b A ng g o b i d r u p	native
ব্যংগাত্মক	b A ng g a t t o k	native
ব্যংগের	b A ng g e r	native
ব্যংগ্য	b A ng g O	native
ব্যক্ত	b A kt O	native
ব্যক্তি	b A kt i	native
ব্যক্তিই	b A kt i i	native
ব্যক্তিও	b A kt i O	native
ব্যক্তিকৃত	b e kt i k ri t O	tatsama
ব্যক্তিকেই	b A kt i k e i	native
ব্যক্তিকেও	b A kt i k e O	native
ব্যক্তিকেন্দ্রিক	b A kt i k e nd ri k	compound
ব্যক্তিকেন্দ্রিকতা	b A kt i k e nd ri k o t a	compound
ব্যক্তিগত	b A kt i g o t O	native
ব্যক্তিগতভাবে	b A kt i g o t O bh a b e	compound
ব্যক্তিগতভাবেই	b A kt i g o t o bh a b e i	compound
ব্যক্তিগতভাবেও	b A kt i g o t o bh a b e O	compound
ব্যক্তিজিবন	b A kt i j i b o n	native
ব্যক্তিজিবনকে	b A kt i j i b o n k e	compound
ব্যক্তিজিবনে	b A kt i j i b O n e	native
ব্যক্তিজিবনের	b A kt i j i b O n e r	compound
ব্যক্তিটি	b A kt i T i	native
ব্যক্তিটির	b A kt i T i r	native
ব্যক্তিতে	b A kt i t e	native
ব্যক্তিত্বই	b A kt i tt o i	tatsama
ব্যক্তিত্বও	b A kt i tt o O	tatsama
ব্যক্তিত্বকে	b A kt i tt O k e	tatsama
ব্যক্তিত্বরা	b A kt i tt o r a	tatsama
ব্যক্তিত্বসহ	b A kt i tt o sh o h O	tatsama
ব্যক্তিত্বের	b A kt i tt e r	tatsama
ব্যক্তিদের	b A kt i d e r	native
ব্যক্তিদেরই	b A kt i d e r i	native
ব্যক্তিদেরও	b A kt i d e r O	native
ব্যক্তিনির্ভর	b A kt i n i r bh o r	compound
ব্যক্তিপর্যায়ে	b A kt i p o r j a y e	compound
ব্যক্তিপর্যায়েও	b A kt i p o r j a y e O	compound
ব্যক্তিপর্যায়ের	b A kt i p o r j a y e r O	compound
ব্যক্তিপুজা	b A kt i p u j a	native
ব্যক্তিবর্গ	b A kt i b o r g o	native
ব্যক্তিবর্গের	b A kt i b o r g e r	compound
ব্যক্তিবিশেশ	b A kt i b i sh e sh	native
ব্যক্তিবিশেশকে	b A kt i b i sh e sh k e	compound
ব্যক্তিবিশেশে	b A kt i b i sh e sh e	compound
ব্যক্তিবিশেশের	b A kt i b i sh e sh e r	compound
ব্যক্তিমানুশ	b A kt i m a n u sh	native
ব্যক্তিমানুশের	b A kt i m a n u sh e r	compound
ব্যক্তিমালিকানা	b A kt i m a l i k a n a	compound
ব্যক্তিমালিকানাধিন	b A kt i m a l i k a n a dh i n	compound
ব্যক্তিমালিকানার	b A kt i m a l i k a n a r	compound
ব্যক্তিমালিকানায়	b A kt i m a l i k a n a y	compound
ব্যক্তির	b A kt i r	native
ব্যক্তিরই	b A kt i r i	native
ব্যক্তিরও	b A kt i r O	native
ব্যক্তিরা	b A kt i r a	native
ব্যক্তিরাই	b A kt i r a i	native
ব্যক্তিরাও	b A kt i r a O	native
ব্যক্তিরাসহ	b A kt i r a sh o h O	native
ব্যক্তিশ্রেনির	b A kt i sh r e n i r	compound
ব্যক্তিসম্পত্তি	b A kt i sh o mp o tt i	compound
ব্যক্তিস্বাধিনতা	b A kt i sh a dh i n o t a	tatsama
ব্যক্তিস্বাধিনতাকে	b A kt i sh a dh i n o t a k e	tatsama
ব্যক্তিস্বাধিনতার	b A kt i sh a dh i n o t a r	tatsama
ব্যক্তিস্বার্থ	b A kt i sh a r th e	tatsama
ব্যক্তিস্বার্থে	b A kt i sh a r th e	tatsama
ব্যক্তিস্বার্থের	b A kt i sh a r th e r	tatsama
ব্যগ	b A g	native
ব্যগ্র	b A gr O	native
ব্যজন	b A j O n	native
ব্যঞ্জক	b A nj O k	tatsama
ব্যঞ্জন	b A nj O n	tatsama
ব্যঞ্জনজুক্ত	b A nj o n j u kt o	tatsama
ব্যঞ্জনধ্বনি	b A n j O n dh O n i	tatsama
ব্যঞ্জনবর্ন	b A nj o n b o r n o	tatsama
ব্যঞ্জনবর্নের	b A nj O n b o r n e r	compound
ব্যঞ্জনা	b A nj O n a	tatsama
ব্যতিক্রম	b e t i kr O m	native
ব্যতিক্রমই	b A t i kr o m o i	native
ব্যতিক্রমও	b A t i kr o m o O	native
ব্যতিক্রমধর্মি	b A t i kr o m dh o r m i	compound
ব্যতিক্রমি	b A t i kr o m i	native
ব্যতিক্রমিভাবে	b A t i kr o m i bh a b e	compound
ব্যতিক্রমের	b A t i kr o m e r	native
ব্যতিত	b A t i t	native
ব্যতিপাত	b e t i p a t	native
ব্যতিব্যস্ত	b A t i b A st O	native
ব্যতিব্যস্ততা	b A t i b A b o st a	compound
ব্যতিরিক্ত	b e t i r i kt O	native
ব্যতিরেক	b e t i r e k	native
ব্যতিরেকে	b A t i r e k e	native
ব্যত্যাস	b A t t a sh	native
ব্যত্যয়	b A t t o y	native
ব্যত্যয়ের	b A t t o y e r	native
ব্যথাও	b A th a O	native
ব্যথাকে	b A th a k e	native
ব্যথাতুর	b A th a t u r	native
ব্যথানাশক	b A th a n a sh O k	native
ব্যথাসহ	b A th a sh o h O	native
ব্যথায়	b A th a y	native
ব্যথিত	b A th i t O	native
ব্যধিকরন	b e dh i k o r O n	native
ব্যপক	b A p O k	native
ব্যপদেশ	b A p O d e sh	native
ব্যপস্থাপক	b b e p o sth a p o k	native
ব্যপহরন	b A p O h o r O n	native
ব্যপার	b A p a r	native
ব্যবকলন	b A b O k o l O n	native
ব্যবচ্ছিন্ন	b A b o ch chh i nn O	native
ব্যবচ্ছেদ	b A b O ch chh e d	native
ব্যবচ্ছেদের	b A b o ch chh e d e r	native
ব্যবধা	b b e b o dh a	native
ব্যবধান	b A b O dh a n	native
ব্যবধানও	b A b O dh a n O	native
ব্যবধানকে	b A b o dh a n k e	native
ব্যবধানটাও	b A b o dh a n T a O	native
ব্যবধানটি	b A b o dh a n T i	native
ব্যবধানে	b A b O dh a n e	native
ব্যবধানেই	b A b O dh a n e i	native
ব্যবধানেও	b j o b o dh a n e O	native
ব্যবসাই	b A b sh a i	native
ব্যবসাও	b A b sh a O	native
ব্যবসাকেন্দ্র	b A b O sh a k e ndr O	compound
ব্যবসাটা	b A b sh a T a	native
ব্যবসাটাই	b A b o sh a T a i	native
ব্যবসাটি	b A b sh a T i	native
ব্যবসাতেও	b A b o sh a t e O	native
ব্যবসাদার	b j o b sh a d a r	native
ব্যবসানির্ভর	b A b o sh a n i r bh o r	native
ব্যবসাপাতি	b A b o sh a p a t i	native
ব্যবসাপ্রতিশ্ঠান	b A b sh a pr O t i sh Th a n	compound
ব্যবসাপ্রতিশ্ঠানও	b A b sh a pr O t i sh Th a n O	compound
ব্যবসাপ্রতিশ্ঠানকে	b A b sh a pr O t i sh Th a n k e	compound
ব্যবসাপ্রতিশ্ঠানসহ	b A b sh a pr O t i sh Th a n sh o h O	compound
ব্যবসাপ্রতিশ্ঠানে	b A b sh a pr O t i sh Th a n e	compound
ব্যবসাপ্রতিশ্ঠানেও	b A b sh a pr O t i sh Th a n e O	compound
ব্যবসাপ্রতিশ্ঠানের	b A b sh a pr O t i sh Th a n e r	compound
ব্যবসাবানিজ্য	b A b sh a b a n i j j O	compound
ব্যবসাবানিজ্যে	b A b sh a b a n i j j e	compound
ব্যবসাবান্ধব	b A b O sh a b a ndh O b	tatsama
ব্যবসাবিশয়ক	b A b o sh a b i sh o y o k	native
ব্যবসার	b A b sh a r	native
ব্যবসারত	b A b o sh a r o t o	native
ব্যবসাসংক্রান্ত	b A b sh a sh o ng kr a nt O	compound
ব্যবসাসফল	b A b sh a sh o ph O l	native
ব্যবসাসহ	b A b sh a sh o h O	native
ব্যবসায়	b A b sh a y o	native
ব্যবসায়ও	b A b sh a y O	native
ব্যবসায়ি	b A b sh a i	native
ব্যবসায়িই	b A b o sh a y i i	native
ব্যবসায়িও	b A b sh a i O	native
ব্যবসায়িক	b A b sh a i k	native
ব্যবসায়িকভাবে	b A b sh a i k bh a b e	compound
ব্যবসায়িকভাবেও	b A b o sh a y i k bh a b e O	compound
ব্যবসায়িকে	b A b sh a i k e	native
ব্যবসায়িদের	b A b sh a i d e r	native
ব্যবসায়িদেরও	b A b o sh a y i d e r O	native
ব্যবসায়ির	b A b sh a i r	native
ব্যবসায়িরা	b A b sh a i r a	native
ব্যবসায়িরাই	b A b o sh a y i r a i	native
ব্যবসায়িরাও	b A b o sh a y i r a O	native
ব্যবসায়িসহ	b A b sh a i sh o h O	native
ব্যবসায়ে	b A b o sh a y e	native
ব্যবসায়ের	b A b o sh a y e r	native
ব্যবসিত	b A b O sh i t O	native
ব্যবস্থাই	b A b O sth a i	native
ব্যবস্থাও	b A b O sth a O	native
ব্যবস্থাকে	b A b O sth a k e	native
ব্যবস্থাকেই	b A b o sth a k e i	native
ব্যবস্থাগত	b A b o sth a g o t o	native
ব্যবস্থাগুলো	b A b o sth a g u l O	native
ব্যবস্থাটাই	b A b o sth a T a i	native
ব্যবস্থাটি	b A b O sth a T i	native
ব্যবস্থাটিই	b A b o sth a T i i	native
ব্যবস্থাটিও	b A b o sth a T i O	native
ব্যবস্থাটিকে	b A b o sth a T i k e	native
ব্যবস্থাটির	b A b o sth a T i r	native
ব্যবস্থাদি	b A b o sth a d i	native
ব্যবস্থাপক	b A b O sth a p O k	native
ব্যবস্থাপককে	b A b O sth a p O k k e	native
ব্যবস্থাপকদের	b A b o sth a p o k d e r	compound
ব্যবস্থাপকসহ	b A b O sth a p O k sh o h O	native
ব্যবস্থাপকের	b A b O sth a p O k e r	native
ব্যবস্থাপকেরা	b A b o sth a p o k e r a	compound
ব্যবস্থাপত্রে	b A b O sth a p o tr e	compound
ব্যবস্থাপত্রের	b A b o sth a p o tr e r	compound
ব্যবস্থাপন	b A b O sth a p O n	native
ব্যবস্থাপনা	b A b o sth a p o n a	native
ব্যবস্থাপনাই	b A b o sth a p o n a i	native
ব্যবস্থাপনাও	b A b O sth a p o n a O	native
ব্যবস্থাপনাগত	b A b o sth a p o n a g o t o	compound
ব্যবস্থাপনাধিন	b A b o sth a p o n a dh i n	compound
ব্যবস্থাপনাবিশয়ক	b A b o sth a p o n a b i sh o y o k	compound
ব্যবস্থাপনামন্ত্রি	b A b o sth a p o n a m o nt ri	compound
ব্যবস্থাপনারও	b A b o sth a p o n a r O	compound
ব্যবস্থাপনাসংক্রান্ত	b A b o sth a p o n a sh o ng kr a nt o	compound
ব্যবস্থাপনাসহ	b A b o sth a p o n a sh o h O	compound
ব্যবস্থাপনায়	b A b o sth a p o n a y	native
ব্যবস্থাপনায়ও	b A b o sth a p o n a y O	compound
ব্যবস্থারও	b A b O sth a r O	native
ব্যবস্থায়	b A b O sth a y o	native
ব্যবস্থায়ও	b A b o sth a y	native
ব্যবস্থ্থা	b A b o sth o th a	native
ব্যবহার	b A b O h a r	native
ব্যবহারকরতে	b A b O h a r k O r t e	native
ব্যবহারকারি	b A b o h a r k a r i	native
ব্যবহারকারিই	b A b o h a r k a r i i	native
ব্যবহারকারিকে	b A b o h a r k a r i k e	compound
ব্যবহারকারিদের	b A b o h a r k a r i d e r	compound
ব্যবহারকারির	b A b o h a r k a r i r	native
ব্যবহারকারিরা	b A b o h a r k a r i r a	compound
ব্যবহারকারিরাই	b A b o h a r k a r i r a i	compound
ব্যবহারকারিরাও	b A b o h a r k a r i r a O	compound
ব্যবহারকে	b A b O h a r k e	native
ব্যবহারজোগ্য	b A b O h a r j O g g O	native
ব্যবহারটা	b A b o h a r T a	native
ব্যবহারবান্ধব	b A b O h a r b a ndh O b	compound
ব্যবহারবিধি	b A b O h a r b i dh i	native
ব্যবহারবিশয়ক	b A b o h a r b i sh o y o k	native
ব্যবহারভিত্তিক	b A b o h a r bh i tt i k	compound
ব্যবহারসংক্রান্ত	b A b o h a r sh o ng kr a nt o	compound
ব্যবহারসহ	b A b O h a r sh o h O	native
ব্যবহারিক	b A b O h a r i k	native
ব্যবহারে	b A b O h a r e	native
ব্যবহারেই	b A b O h a r e i	native
ব্যবহারেও	b A b O h a r e O	native
ব্যবহারের	b A b O h a r e r	native
ব্যবহারেরও	b A b O h a r e r O	native
ব্যবহারোপজোগি	b A b O h a r O p O j O g i	compound
ব্যবহার্য	b A b O h a r j O	native
ব্যবহুত	b A b o h u t o	native
ব্যবহৃত	b A b O r i t O	tatsama
ব্যভিচারের	b A bh i ch a r e r	native
ব্যরিস্টার	b A r i s T a r	loanword
ব্যর্থ	b A r th O	native
ব্যর্থই	b A r th O i	native
ব্যর্থতা	b A r th O t a	native
ব্যর্থতাই	b A r th O t a i	native
ব্যর্থতাও	b A r th O t a O	native
ব্যর্থতাকে	b A r th O t a k e	native
ব্যর্থতাকেই	b A r th o t a k e i	native
ব্যর্থতাকেও	b A r th o t a k e O	native
ব্যর্থতাগুলো	b A r th o t a g u l O	native
ব্যর্থতাগুলোই	b A r th o t a g u l o i	compound
ব্যর্থতাটা	b A r th o t a T a	native
ব্যর্থতাতেই	b A r th o t a t e i	native
ব্যর্থতাতেও	b A r th o t a t e O	native
ব্যর্থতারই	b A r th o t a r i	native
ব্যর্থতারও	b A r th o t a r O	native
ব্যর্থতাসহ	b A r th o t a sh o h O	native
ব্যর্থতায়	b A r th o t a y	native
ব্যর্থপ্রেম	b A r th O pr e m	native
ব্যর্থরাশ্ট্র	b A r th o r a sh T r o	loanword
ব্যর্থরাশ্ট্রের	b A r th o r a sh T r e r	loanword
ব্যশ্টি	b e sh T i	native
ব্যস	b A sh	native
ব্যসন	b A sh O n	native
ব্যস্ততম	b A st O t o m O	native
ব্যস্ততা	b A st O t a	native
ব্যস্ততাই	b A st o t a i	native
ব্যস্ততাও	b A st O t a O	native
ব্যস্ততাকে	b A st o t a k e	native
ব্যস্ততার	b A st O t a r	native
ব্যস্ততায়	b A st o t a y	native
ব্যহত	b A h O t O	native
ব্যাংকই	b A ng k i	loanword
ব্যাংকও	b A ng k O	loanword
ব্যাংককভিত্তিক	b A ng k o k bh i tt i k	compound
ব্যাংককসহ	b A ng k o k sh o h O	loanword
ব্যাংককে	b A ng k o k e	loanword
ব্যাংককেই	b A ng k k e i	loanword
ব্যাংককেও	b A ng k o k e O	loanword
ব্যাংককের	b A ng k o k e r	loanword
ব্যাংকগুলো	b A ng k g u l O	loanword
ব্যাংকগুলোই	b A ng k g u l O i	loanword
ব্যাংকগুলোও	b A ng k g u l O O	loanword
ব্যাংকগুলোকে	b A ng k g u l O k e	loanword
ব্যাংকগুলোকেও	b A ng k g u l O k e O	compound
ব্যাংকগুলোতে	b A ng k g u l O t e	loanword
ব্যাংকগুলোতেও	b A ng k g u l O t e O	compound
ব্যাংকগুলোর	b A ng k g u l O r	loanword
ব্যাংকগুলোয়	b A ng k g u l O y	loanword
ব্যাংকটা	b A ng k T a	loanword
ব্যাংকটি	b A ng k T i	loanword
ব্যাংকটিতে	b A ng k T i t e	loanword
ব্যাংকটির	b A ng k T i r	loanword
ব্যাংকবহির্ভুত	b A ng k b O h i r bh u t O	compound
ব্যাংকব্যবস্থা	b A ng k b A b o sth a	compound
ব্যাংকব্যবস্থার	b A ng k b A b o sth a r	compound
ব্যাংকব্যবস্থায়	b A ng k b A b o sth a y	compound
ব্যাংকরিন	b A ng k r i n	loanword
ব্যাংকরিনের	b A ng k r i n e r	loanword
ব্যাংকস	b A ng k s	loanword
ব্যাংকসমুহের	b A ng k sh m u h e r	loanword
ব্যাংকসহ	b A ng k sh o h O	loanword
ব্যাংকসের	b A ng k s e r	loanword
ব্যাংকার	b A ng k a r	loanword
ব্যাংকারদের	b A ng k a r d e r	loanword
ব্যাংকাররা	b A ng k a r r a	loanword
ব্যাংকারের	b A ng k a r e r	loanword
ব্যাংকার্স	b A ng k a r s	loanword
ব্যাংকিংবিশয়ক	b A ng k b i sh o y o k	compound
ব্যাংকিংব্যবস্থা	b A ng k i ng b A b o sth a	compound
ব্যাংকিংব্যবস্থায়	b A ng k i ng b A b o sth a y	compound
ব্যাংকিংসহ	b A ng k i ng sh o h O	loanword
ব্যাংকিংসেবা	b A ng k i ng sh e b a	loanword
ব্যাংকিংয়ে	b A ng k i ng y e	loanword
ব্যাংকিংয়ের	b A ng k i ng y e r	loanword
ব্যাংকুয়েট	b A ng k u y e T	loanword
ব্যাংকেই	b A ng k e i	loanword
ব্যাংকেও	b A ng k e O	loanword
ব্যাংকের	b A ng k e r	loanword
ব্যাংকেরই	b A ng k e r i	loanword
ব্যাংকেরও	b A ng k e r O	loanword
ব্যাংগ	b A ng g	native
ব্যাংগমা	b A ng g m a	native
ব্যাংগস	b A ng g sh	native
ব্যাংগা	b A ng g a	native
ব্যাংগালুরু	b A ng g a l u r u	native
ব্যাংগালুরুতে	b A ng g a l u r u t e	compound
ব্যাংগালোর	b A ng g a l u r u r	native
ব্যাংগুলো	b A ng g u l O	native
ব্যাংগের	b A ng g e r	native
ব্যাংটা	b A ng T a	native
ব্যাংটি	b A ng T i	native
ব্যাংবাজি	b A ng b a j i	native
ব্যাংাচি	b A ng a ch i	native
ব্যাংের	b A ng e r	native
ব্যাং্ক	b A ng k	native
ব্যাওয়া	b A O y a	native
ব্যাক	b A k	native
ব্যাকওয়ার্ড	b A k O y a r D	loanword
ব্যাকগ্রাউন্ড	b A k gr a u n D	compound
ব্যাকগ্রাউন্ডে	b A k gr a u n D e	compound
ব্যাকটেরিয়া	b A k T e r i y a	loanword
ব্যাকটেরিয়াকে	b A k T e r i y a k e	compound
ব্যাকটেরিয়াজনিত	b A k T e r i y a j o n i t o	compound
ব্যাকটেরিয়াটি	b A k T e r i y a T i	compound
ব্যাকটেরিয়াটির	b A k T e r i y a T i r	compound
ব্যাকটেরিয়ার	b A k T e r i y a r	loanword
ব্যাকটেরিয়ায়	b A k T e r i y a y	loanword
ব্যাকডোর	b A k D O r	loanword
ব্যাকপ্যাক	b A k p A k	native
ব্যাকপ্লেন	b A k p l e n	loanword
ব্যাকরন	b A k a r O n	native
ব্যাকরনকে	b A k o r o n k e	native
ব্যাকরনগত	b A k o r o n g o t o	native
ব্যাকরনসহ	b A k o r o n sh o h O	native
ব্যাকরনে	b A k o r o n e	native
ব্যাকরনের	b A k o r o n e r	native
ব্যাকলিট	b A k l i T	loanword
ব্যাকলিফট	b A k l i ph T	loanword
ব্যাকসাইড	b A k s a i D	loanword
ব্যাকুল	b A k u l	native
ব্যাকুলতায়	b A k u l o t a y	native
ব্যাকৃতি	b A k k ri t i	tatsama
ব্যাকে	b A k e	native
ব্যাকের	b A k e r	native
ব্যাক্টেরিয়া	b A k T e r i a	loanword
ব্যাক্ত	b A kt O	native
ব্যাক্তিগত	b A kt i g o t O	native
ব্যাক্সটার	b A k s T a r	loanword
ব্যাখা	b A kh a	native
ব্যাখ্যা	b A k kh a	native
ব্যাখ্যাই	b A k kh a i	native
ব্যাখ্যাও	b A k kh a O	native
ব্যাখ্যাকে	b A k kh a k e	native
ব্যাখ্যাটা	b A k kh a T a	native
ব্যাখ্যাটাও	b A k kh a T a O	native
ব্যাখ্যাটি	b A k kh a T i	native
ব্যাখ্যাতিত	b A k kh a t i t o	native
ব্যাখ্যামুলক	b A k kh a m u l O k	native
ব্যাখ্যার	b A k kh a r	native
ব্যাখ্যাসংবলিত	b A k kh a sh o ng b o l i t o	compound
ব্যাখ্যাসহ	b A k kh a sh o h O	native
ব্যাখ্যায়	b A k kh a y	native
ব্যাগগুলো	b A g g u l O	loanword
ব্যাগটা	b A g T a	loanword
ব্যাগটাও	b A g T a O	loanword
ব্যাগটি	b A g T i	loanword
ব্যাগটিতে	b A g T i t e	loanword
ব্যাগবিরোধি	b A g o b i r O dh i	loanword
ব্যাগভর্তি	b A g bh O r t i	loanword
ব্যাগসহ	b A g sh o h O	loanword
ব্যাগার	b A g a r	loanword
ব্যাগি	b A g i	loanword
ব্যাগিং	b A g i ng	loanword
ব্যাগে	b A g e	loanword
ব্যাগের	b A g e r	loanword
ব্যাঘাত	b A gh a t	native
ব্যাঘ্র	b A g gh r O	native
ব্যাঘ্রনখ	b A g gh r O n o kh	native
ব্যাঘ্রে	b A gh r e	native
ব্যাচে	b A ch e	native
ব্যাচেলর	b A ch e l O r	native
ব্যাচেলরদের	b A ch e l o r d e r	native
ব্যাজার	b A j a r	native
ব্যাজোক্তি	b A j O kt i	native
ব্যাজ্	b A j	native
ব্যাজ্জিও	b A j j i O	native
ব্যাজ্জিওর	b A j j i O r	native
ব্যাটই	b A T i	native
ব্যাটও	b A T O	native
ব্যাটকে	b A T k e	native
ব্যাটটাকে	b A T T a k e	native
ব্যাটটি	b A T T i	native
ব্যাটন	b A T o n	loanword
ব্যাটম্যান	b A T m A n	proper_noun
ব্যাটম্যানের	b A T m A n e r	proper_noun
ব্যাটলফিল্ড	b A T o l ph i l D	loanword
ব্যাটসম্যানই	b A T s m A n i	loanword
ব্যাটসম্যানও	b A T s m A n O	loanword
ব্যাটসম্যানকেই	b A T s m A n k e i	compound
ব্যাটসম্যানকেও	b A T s m A n k e O	compound
ব্যাটসম্যানটি	b A T s m A n T i	compound
ব্যাটসম্যানদের	b A T s m A n d e r	compound
ব্যাটসম্যানদেরই	b A T s m A n d e r i	compound
ব্যাটসম্যানদেরও	b A T s m A n d e r O	compound
ব্যাটসম্যানরা	b A T s m A n r a	compound
ব্যাটসম্যানরাই	b A T s m A n r a i	compound
ব্যাটসম্যানরাও	b A T s m A n r a O	compound
ব্যাটসম্যানশিপের	b A T s m A n sh i p e r	compound
ব্যাটসম্যানে	b A T s m A n e	native
ব্যাটসম্যানের	b A T s m A n e r	compound
ব্যাটসম্যানেরই	b A T s m A n e r i	compound
ব্যাটসম্যানেরও	b A T s m A n e r O	compound
ব্যাটসো	b A T s O	native
ব্যাটাকে	b A T a k e	native
ব্যাটার	b A T a r	native
ব্যাটারা	b A T a r a	native
ব্যাটারিচালিত	b A T a r i ch a l i t O	compound
ব্যাটারিতে	b A T a r i t e	loanword
ব্যাটারে	b A T a r e	native
ব্যাটারের	b A T a r e r	native
ব্যাটালিয়ন	b A T a l i y o n	loanword
ব্যাটালিয়নকে	b A T a l i y o n k e	loanword
ব্যাটালিয়নে	b A T a l i y o n e	loanword
ব্যাটালিয়নের	b A T a l i y o n e r	loanword
ব্যাটালিয়ান	b A T a l i y a n	loanword
ব্যাটালিয়ানের	b A T a l i y a n e r	compound
ব্যাটিং	b A T i ng	native
ব্যাটিংও	b A T i ng O	native
ব্যাটিংকে	b A T i ng k e	native
ব্যাটিংটাই	b A T i ng T a i	native
ব্যাটিংটাও	b A T i ng T a O	native
ব্যাটিংটাকে	b A T i ng T a k e	native
ব্যাটিংবান্ধব	b A T i ng b a ndh o b	compound
ব্যাটিংয়ে	b A T i ng y e	native
ব্যাটিংয়েই	b A T i ng y e i	native
ব্যাটিংয়েও	b A T i ng y e O	native
ব্যাটিংয়ের	b A T i ng y e r	native
ব্যাটে	b A T e	native
ব্যাটেই	b A T e i	native
ব্যাটেও	b A T e O	native
ব্যাটের	b A T e r	native
ব্যাটেল	b A T e l	loanword
ব্যাটেলশিপ	b A T e l sh i p	loanword
ব্যাটেলশিপে	b A T e l sh i p e	loanword
ব্যাটেলিয়ন	b A T e l i y o n	loanword
ব্যাট্যা	b A T T a	native
ব্যাড	b A D	loanword
ব্যাডমিন্টনে	b A D m i n T o n e	loanword
ব্যাডমিন্টনের	b A D m i n T o n e r	compound
ব্যাতিক্রম	b A t i kr O m	native
ব্যাতিত	b A t i t O	native
ব্যাত্ত	b A tt o	native
ব্যাথা	b A th a	native
ব্যাথার	b A th a r	native
ব্যাদত্ত	b A d o tt o	native
ব্যাদান	b A d a n	native
ব্যাধ	b A dh	native
ব্যাধি	b A dh i	native
ব্যাধিগ্রস্ত	b A dh i gr o st o	native
ব্যাধিটি	b A dh i T i	native
ব্যাধিটির	b A dh i T i r	native
ব্যাধিতে	b A dh i t e	native
ব্যাধির	b A dh i r	native
ব্যান	b A n	native
ব্যানবেইস	b A n b e i s	native
ব্যানানা	b A n a n a	native
ব্যানার	b A n a r	native
ব্যানারগুলো	b A n a r g u l O	native
ব্যানারটা	b A n a r T a	native
ব্যানারটি	b A n a r T i	native
ব্যানারসহ	b A n a r sh o h O	native
ব্যানারেই	b A n a r e i	native
ব্যানারেও	b A n a r e O	native
ব্যানার্জি	b A n a r j i	native
ব্যানার্জিও	b A n a r j i O	native
ব্যানার্জিকে	b A n a r j i k e	native
ব্যানার্জির	b A n a r j i r	native
ব্যান্ড	b A n D	loanword
ব্যান্ডউইডথ	b A n D u i D th	loanword
ব্যান্ডউইডথের	b A n D u i D th e r	compound
ব্যান্ডউইথ	b A n D u i th	loanword
ব্যান্ডউইথের	b A n D u i th e r	loanword
ব্যান্ডকে	b A n D k e	loanword
ব্যান্ডটি	b A n D T i	loanword
ব্যান্ডটির	b A n D T i r	loanword
ব্যান্ডতারকা	b A n D t a r o k a	native
ব্যান্ডদল	b A n D d o l	native
ব্যান্ডসংগিত	b A n D sh o ng g i t	native
ব্যান্ডসংগিতের	b A n D sh o ng g i t e r	compound
ব্যান্ডে	b A n D e	native
ব্যান্ডেজে	b A n D e j e	loanword
ব্যান্ডেজের	b A n D e j e r	loanword
ব্যান্ডেনা	b A n D e n a	loanword
ব্যান্ডের	b A n D e r	loanword
ব্যান্ডেরাস	b A n D e r a s	proper_noun
ব্যান্নন	b A nn O n	native
ব্যাপকতর	b A p o k t o r	native
ব্যাপকতা	b A p O k o t a	native
ব্যাপকতার	b A p O k o t a r	native
ব্যাপকতায়	b A p o k o t a y	native
ব্যাপকভাবে	b A p O k bh a b e	native
ব্যাপকসংখ্যক	b A p O k sh o ng kh O k	native
ব্যাপকহারে	b A p O k h a r e	native
ব্যাপটিস্ট	b A p T i s T	loanword
ব্যাপন	b A p O n	native
ব্যাপনয়ন	b A p O n o y O n	native
ব্যাপম	b A p O m	native
ব্যাপরে	b A p a r e	native
ব্যাপা	b A p a	native
ব্যাপাদন	b A p a d O n	native
ব্যাপার	b A p a r	native
ব্যাপারই	b A p a r i	native
ব্যাপারগুলো	b A p a r g u l O	native
ব্যাপারগুলোতে	b A p a r g u l O t e	compound
ব্যাপারটা	b A p a r T a	native
ব্যাপারটাই	b A p a r T a i	native
ব্যাপারটাও	b A p a r T a O	native
ব্যাপারটাকে	b A p a r T a k e	native
ব্যাপারটাতে	b A p a r T a t e	native
ব্যাপারটায়	b A p a r o T a y	native
ব্যাপারটি	b A p a r T i	native
ব্যাপারটিই	b A p a r T i i	native
ব্যাপারটিও	b A p a r T i O	native
ব্যাপারটিকে	b A p a r T i k e	native
ব্যাপারটিকেই	b A p a r T i k e i	native
ব্যাপারটিতে	b A p a r T i t e	native
ব্যাপারটির	b A p a r T i r	native
ব্যাপারটিরই	b A p a r T i r o i	native
ব্যাপারস্যাপার	b A p a r sh A p a r	compound
ব্যাপারি	b A p a r i	native
ব্যাপারিকে	b A p a r i k e	native
ব্যাপারিডাংগি	b A p a r i D a ng g i	compound
ব্যাপারিদের	b A p a r i d e r	native
ব্যাপারিপাড়া	b A p a r i p a r a	native
ব্যাপারির	b A p a r i r	native
ব্যাপারিরা	b A p a r i r a	native
ব্যাপারে	b A p a r e	native
ব্যাপারেই	b A p a r e i	native
ব্যাপারেও	b A p a r e O	native
ব্যাপি	b A p i	native
ব্যাপিকা	b A p i k a	native
ব্যাপৃত	b A p r i t O	tatsama
ব্যাপ্টিস্ট	b A p T i s T	loanword
ব্যাপ্তি	b A p t i	native
ব্যাপ্তিকাল	b A p t i k a l	native
ব্যাবধানে	b A b O dh a n e	native
ব্যাবর্তন	b A b o r t O n	native
ব্যাবসা	b A b sh a	native
ব্যাবসায়ি	b A b sh a y i	native
ব্যাবস্থা	b A b O sth a	native
ব্যাবস্থাপনা	b A b o sth a p o n a	native
ব্যাবহার	b A b O h a r	native
ব্যাবহারিক	b A b o h a r i k	native
ব্যাবিলন	b A b i l o n	native
ব্যাবিলনের	b A b i l o n e r	native
ব্যাভার	b A bh a r	native
ব্যাভিচারের	b A bh i ch a r e r	native
ব্যাম	b A m	native
ব্যামো	b A m O	native
ব্যামোহ	b A m O h O	native
ব্যারন	b A r o n	native
ব্যারাকপুর	b A r a k p u r	native
ব্যারাজ	b A r a j	native
ব্যারাজের	b A r a j e r	native
ব্যারি	b A r i	native
ব্যারিওস	b A r i O s	proper_noun
ব্যারিকে	b A r i k e	native
ব্যারিকেড	b A r i k e D	loanword
ব্যারিকেডের	b A r i k e D e r	loanword
ব্যারির	b A r i r	native
ব্যারিয়ার	b A r i y a r	native
ব্যারেজের	b A r e j e r	native
ব্যারেল	b A r e l	native
ব্যারেলে	b A r e l e	native
ব্যারেলের	b A r e l e r	native
ব্যারোনেস	b A r O n e s	loanword
ব্যার্থ	b A r th O	native
ব্যাল	b A l	native
ব্যালকনি	b A l k O n i	native
ব্যালকনির	b A l o k o n i r	native
ব্যালটের	b A l O T e r	loanword
ব্যালন	b A l o n	native
ব্যালমার	b A l o m a r	native
ব্যালান্স	b A l a n s	loanword
ব্যালান্সড	b A l a n s D	loanword
ব্যালান্সশিট	b A l a n s sh i T	loanword
ব্যালাস্ট	b A l a s T	loanword
ব্যালিস্টিক	b A l i s T i k	loanword
ব্যালেট	b A l e T	loanword
ব্যালেন্সড	b A l e n s D	loanword
ব্যালেন্সেস	b A l e n s e s	loanword
ব্যালেরিনা	b A l e r i n a	native
ব্যালেস্টিক	b A l e s T i k	loanword
ব্যালোল	b A l O l	native
ব্যাল্ডউইন	b A l D u i n	proper_noun
ব্যাশ	b A sh	native
ব্যাশেলেট	b A sh e l e T	proper_noun
ব্যাশেলেটের	b A sh e l e T e r	proper_noun
ব্যাসকম	b A sh k o m	native
ব্যাসকুট	b A sh k u T	native
ব্যাসক্ত	b A sh o kt O	native
ব্যাসবাক্য	b A sh b a k k O	native
ব্যাসার্ধ	b A sh a r dh O	native
ব্যাসার্ধের	b A sh a r dh e r	native
ব্যাসিক	b A s i k	loanword
ব্যাসের	b A sh e r	native
ব্যাসেল	b A s e l	proper_noun
ব্যাহৃতি	b A h ri t i	tatsama
ব্যাড়	b A r	native
ব্যায়রাম	b A y r a m	native
ব্যায়াম	b A y a m	native
ব্যায়ামও	b A y a m O	native
ব্যায়ামগুলো	b A y a m g u l O	native
ব্যায়ামাগার	b A y a m a g a r	native
ব্যায়ামাগারে	b A y a m a g a r e	native
ব্যায়ামের	b A y a m e r	native
ব্যায়াম্	b A y a m	native
ব্যুরো	b u r O	native
ব্যুরোকে	b u r O k e	native
ব্যুরোতে	b u r O t e	native
ব্যুরোপ্রধান	b j u r O pr o dh a n	native
ব্যুরোর	b j u r O r	native
ব্যুহ	b u h O	native
ব্যুৎপত্তি	b u t p O tt i	native
ব্যুৎপত্তিগত	b u t p o tt i g o t o	native
ব্যুড়	b u r O	native
ব্যোম	b O m	native
ব্যয়	b A y	native
ব্যয়ই	b A y i	native
ব্যয়ও	b A y O	native
ব্যয়কে	b A y k e	native
ব্যয়নির্বাহ	b A y n i r b a h o	native
ব্যয়বহুল	b A y b o h u l	native
ব্যয়বৃদ্ধি	b A y b ri d dh i	tatsama
ব্যয়ভার	b A y bh a r	native
ব্যয়সংকোচন	b A y sh o ng k O ch o n	native
ব্যয়সংকোচনের	b A y sh o ng k O ch o n e r	native
ব্যয়সংক্রান্ত	b A y sh o ng kr a nt o	compound
ব্যয়সংবলিত	b A y sh o ng b o l i t o	native
ব্যয়সহ	b A y o sh o h O	native
ব্যয়সাধ্য	b A y o sh a d dh o	native
ব্যয়সাপেক্ষ	b A y k o sh a p e kkh e	tatsama
ব্যয়সাশ্রয়ি	b A y sh a sh r o y i	native
ব্যয়সাশ্রয়িভাবে	b A y sh a sh r o y i bh a b e	compound
ব্যয়সিমা	b A y sh i m a	native
ব্যয়িত	b A y i t o	native
ব্যয়ে	b A y e	native
ব্যয়ের	b A y e r	native
ব্যয়েরও	b A y e r O	native
ব্রংকহর্স্ট	br o ng k h o r s T	proper_noun
ব্রংকহর্স্টের	br o ng k h o r s T e r	proper_noun
ব্রংকাইটিস	br o ng k a i T i s	loanword
ব্রংকিউলাইটিস	br o ng k i u l a i T i s	compound
ব্রজ	br O j O	native
ব্রজগোপাল	br o j o g O p a l	native
ব্রজমোহন	br O j O m O h O n	native
ব্রজলাল	br o j o l a l	native
ব্রজেন	br o j e n	native
ব্রজেন্দ্র	br o j e ndr O	native
ব্রজেন্দ্রনাথ	br o j e ndr o n a th	compound
ব্রজ্যা	br O j j a	native
ব্রড	br o D	loanword
ব্রডই	br o D i	loanword
ব্রডও	br o D O	loanword
ব্রডওয়াটার	br o D O y a T a r	proper_noun
ব্রডওয়ে	br o D O y e	proper_noun
ব্রডওয়ের	br o D o O y e r	proper_noun
ব্রডকাস্ট	br o D k a s T	loanword
ব্রডকাস্টিং	br o D k a s T i ng	loanword
ব্রডকে	br o D k e	loanword
ব্রডগেজ	br o D g e j	loanword
ব্রডব্যান্ডের	br o D b A n D e r	compound
ব্রত	br O t o	native
ব্রতচারি	br o t ch a r i	native
ব্রততি	br o t o t i	native
ব্রতি	br o t i	native
ব্রতিদের	br O t i d e r	native
ব্রতির	br o t i r	native
ব্রতে	br o t e	native
ব্রন	br o n	native
ব্রনের	br o n e r	native
ব্রসন্যান	br o s n A n	proper_noun
ব্রহ্ম	br O m h O	tatsama
ব্রহ্মচর্য	br o m m o ch o r j o	tatsama
ব্রহ্মচারি	br o m m o ch a r i	tatsama
ব্রহ্মপুত্র	br O m h O p u tr O	tatsama
ব্রহ্মপুত্রে	br o m m o p u tr e	tatsama
ব্রহ্মপুত্রের	br o m m o p u tr e r	tatsama
ব্রহ্মা	br O m h a	tatsama
ব্রহ্মান্ড	br o m m a n D o	tatsama
ব্রহ্মার	br O m h a r	tatsama
ব্রহ্মোত্তর	br o m m O tt o r	tatsama
ব্রাইট	br a i T	loanword
ব্রাইটন	br a i T o n	proper_noun
ব্রাইটনে	br a i T o n e	proper_noun
ব্রাইটনেস	br a i T n e s	loanword
ব্রাইডাল	br a i D a l	loanword
ব্রাইডালের	br a i D a l e r	loanword
ব্রাইস	br a i s	proper_noun
ব্রাউজ	br a u j	native
ব্রাউজার	br a u j a r	native
ব্রাউজারটি	br a u j a r T i	native
ব্রাউজারে	br a u j a r e	native
ব্রাউজারের	br a u j a r e r	native
ব্রাউজিং	br a u j i ng	native
ব্রাউজিংয়ের	br a u j i ng y e r	native
ব্রাউজের	br a u j e r	native
ব্রাউটন	br a u T o n	proper_noun
ব্রাউন	br a u n	native
ব্রাউনকে	br a u n k e	native
ব্রাউনফিল্ড	br a u n ph i l D	loanword
ব্রাউনলি	br a u n o l i	native
ব্রাউনসহ	br a u n sh o h O	native
ব্রাউনি	br a u n i	native
ব্রাউনিং	br a u n i ng	native
ব্রাউনিয়া	br a u n i y a	native
ব্রাউনের	br a u n e r	native
ব্রাক	br a k	native
ব্রাকেট	br a k e T	loanword
ব্রাগার	br a g a r	native
ব্রাজিলই	br a j i l i	native
ব্রাজিলকে	br a j i l k e	native
ব্রাজিলকেই	br a j i l k e i	native
ব্রাজিলকেও	br a j i l k e O	native
ব্রাজিলবাসির	br a j i l b a sh i r	loanword
ব্রাজিলিয়	br a j i l i y	native
ব্রাজিলিয়রা	br a j i l i y r a	native
ব্রাজিলিয়ান	br a j i l i a n	native
ব্রাজিলিয়ানদের	br a j i l i y a n d e r	compound
ব্রাজিলিয়ানরা	br a j i l i y a n r a	compound
ব্রাজিলে	br a j i l e	native
ব্রাজিলেই	br a j i l e i	native
ব্রাজিলেও	br a j i l e O	native
ব্রাজিলের	br a j i l e r	native
ব্রাজিলেরই	br a j i l e r i	native
ব্রাঞ্চ	br a nch	tatsama
ব্রাঞ্চের	br a nch e r	tatsama
ব্রাট	br a T	loanword
ব্রাট্টন	br a T T o n	proper_noun
ব্রাডফোর্ড	br a D ph O r D	proper_noun
ব্রাডম্যান	br a D m A n	proper_noun
ব্রাডলি	br a D l i	proper_noun
ব্রাডি	br a D i	proper_noun
ব্রাতিস্লাভা	br a t i s l a bh a	proper_noun
ব্রাত্য	br a t t O	native
ব্রাদার	br a d a r	native
ব্রাদারহুডকে	br a d a r h u D k e	loanword
ব্রাদারহুডের	br a d a r h u D e r	loanword
ব্রাদারের	br a d a r e r	native
ব্রাদার্স	br a d a r s	loanword
ব্রাদার্সও	br a d a r s O	loanword
ব্রাদার্সকে	br a d a r s k e	loanword
ব্রাদার্সে	br a d a r s e	loanword
ব্রাদার্সের	br a d a r s e r	loanword
ব্রান	br a n	native
ব্রানসউইক	br a n s u i k	proper_noun
ব্রান্ডি	br a n D i	loanword
ব্রান্ডেনবার্গ	br a n D e n b a r g	compound
ব্রান্ডের	br a n D e r	loanword
ব্রাফম্যান	br a ph m A n	native
ব্রাফেট	br a ph e T	native
ব্রাভো	br a bh O	native
ব্রাভোকে	br a bh O k e	native
ব্রাভোর	br a bh O r	native
ব্রাশফায়ার	br a sh ph a y a r	native
ব্রাশফায়ারে	br a sh ph a y a r e	native
ব্রাশের	br a sh e r	native
ব্রাসিলিয়া	br a s i l i a	proper_noun
ব্রাসিলিয়ায়	br a s i l i y a y	proper_noun
ব্রাসেলস	br a s e l s	proper_noun
ব্রাসেলসে	br a s e l s e	proper_noun
ব্রাসেলসের	br a s e l s e r	proper_noun
ব্রাসেল্স	br a s e l s	proper_noun
ব্রাহ্ম	br a m m o	tatsama
ব্রাহ্মন	br a m h o n	tatsama
ব্রাহ্মনডাংগা	br a m m o n D a ng g a	tatsama
ব্রাহ্মনদি	br a m m o n d i	tatsama
ব্রাহ্মনদের	br a m h o n d e r	tatsama
ব্রাহ্মনপাড়া	br a m m o n p a r a	tatsama
ব্রাহ্মনপাড়ার	br a m m o n p a r a r	tatsama
ব্রাহ্মনপাড়ায়	br a m m o n p a r a y	tatsama
ব্রাহ্মনবাজার	br a m m o n b a j a r	tatsama
ব্রাহ্মনবাড়িয়া	br a m m o n b a r i y a	tatsama
ব্রাহ্মনবাড়িয়ার	br a m m o n b a r i y a r	tatsama
ব্রাহ্মনবাড়িয়ায়	br a m m o n b a r i y a y	tatsama
ব্রাহ্মনের	br a m m o n e r	tatsama
ব্রাহ্মন্দি	br a m m o nd i	tatsama
ব্রাহ্মন্য	br a m h O n n O	tatsama
ব্রাহ্মি	br a m m i	tatsama
ব্রাহ্মিকা	br a m h i k a	tatsama
ব্রায়ান	br a y a n	native
ব্রায়ান্ট	br a y a n T	proper_noun
ব্রায়েন	br a y e n	native
ব্রায়েনদের	br a y e n d e r	native
ব্রায়েনের	br a y e n e r	native
ব্রিং	br i ng	native
ব্রিউনিং	br i u n i ng	native
ব্রিউয়ার	br i u y a r	native
ব্রিক	b ri k	native
ব্রিকফিল্ড	br i k ph i l D	loanword
ব্রিকলেন	b ri k l e n	native
ব্রিকস	b ri k s	loanword
ব্রিকসকে	br i k s k e	loanword
ব্রিকসভুক্ত	b ri k s bh u kt O	loanword
ব্রিকসসহ	br i k sh sh o h O	loanword
ব্রিকসে	br i k s e	loanword
ব্রিকসের	b ri k s e r	loanword
ব্রিকের	br i k e r	native
ব্রিক্স	b ri k s	loanword
ব্রিক্সটন	br i k s T o n	loanword
ব্রিগেড	b ri g e D	loanword
ব্রিগেডভিত্তিক	br i g e D bh i tt i k	compound
ব্রিগেডিয়ার	br i g e D i y a r	loanword
ব্রিগেডিয়ারকে	br i g e D i y a r k e	compound
ব্রিগেডিয়ারের	br i g e D i y a r e r	compound
ব্রিগেডে	br i g e D e	loanword
ব্রিগেডের	b ri g e D e r	loanword
ব্রিচ	b ri ch	native
ব্রিজ	b ri j	native
ব্রিজগুলো	b ri j g u l O	native
ব্রিজটাউন	br i j T a u n	proper_noun
ব্রিজটাউনে	br i j T a u n e	proper_noun
ব্রিজটি	b ri j T i	native
ব্রিজটির	b ri j T i r	native
ব্রিজিট	br i j i T	proper_noun
ব্রিজে	b ri j e	native
ব্রিজেত্তে	br i j e tt e	native
ব্রিজেস	br i j e s	proper_noun
ব্রিঞ্জাল	br i nj a l	tatsama
ব্রিট	b ri T	loanword
ব্রিটানি	b ri T a n i	proper_noun
ব্রিটানিকা	br i T a n i k a	proper_noun
ব্রিটানিকার	br i T a n i k a r	proper_noun
ব্রিটিশবিরোধি	br i T i sh b i r O dh i	compound
ব্রিটিশরা	b ri T i sh r a	native
ব্রিটিশরাও	br i T i sh r a O	native
ব্রিটিশরাজ	br i T i sh r a j	loanword
ব্রিটিশরাজের	br i T i sh r a j e r	loanword
ব্রিটিশসহ	br i T i sh sh o h O	native
ব্রিটেন	b ri T e n	native
ব্রিটেনকে	b ri T e n k e	native
ব্রিটেনবাসি	br i T e n b a sh i	loanword
ব্রিটেনবাসিকে	br i T e n b a sh i k e	compound
ব্রিটেনবাসির	br i T e n b a sh i r	loanword
ব্রিটেনভিত্তিক	br i T e n bh i tt i k	compound
ব্রিটেনসহ	br i T e n sh o h O	native
ব্রিটেনে	b ri T e n e	native
ব্রিটেনেও	b ri T e n e O	native
ব্রিটেনের	br i T e n e r	native
ব্রিডার্স	br i D a r s	loanword
ব্রিডিং	br i D i ng	loanword
ব্রিডিংয়ে	br i D i ng y e	loanword
ব্রিডিংয়ের	br i D i ng y e r	loanword
ব্রিদিং	b ri d i ng	native
ব্রিফ	b ri ph	native
ব্রিফকেস	br i ph k e s	loanword
ব্রিফকেসে	br i ph k e s e	loanword
ব্রিফিং	b ri ph i ng	native
ব্রিফিংকালে	b ri ph i ng k a l e	native
ব্রিফিংয়ে	br i ph i ng y e	native
ব্রিফিংয়ের	br i ph i ng y e r	native
ব্রিলিয়ান্ট	br i l i y a n T	loanword
ব্রিস	br i sh	native
ব্রিসবেন	b ri s b e n	proper_noun
ব্রিসবেনে	b ri s b e n e	proper_noun
ব্রিসবেনের	b ri s b e n e r	proper_noun
ব্রিসের	br i sh e r	native
ব্রিস্টল	b ri s T o l	loanword
ব্রিস্টলে	br i s T o l e	loanword
ব্রিস্টলের	br i s T o l e r	loanword
ব্রিহি	br i h i	native
ব্রিড়া	br i r a	native
ব্রিড়িত	br i r i t O	native
ব্রিয়ান	br i y a n	native
ব্রুকলিন	br u k l i n	native
ব্রুকলিনকে	br u k l i n k e	native
ব্রুকলিনে	br u k O l i n e	native
ব্রুকলিনের	br u k l i n e r	native
ব্রুকস	br u k s	proper_noun
ব্রুকসকে	br u k s k e	proper_noun
ব্রুকিং	br u k i ng	native
ব্রুকিংস	br u k i ng s	proper_noun
ব্রুকের	br u k e r	native
ব্রুচ	br u ch	native
ব্রুট	br u T	loanword
ব্রুটাস	br u T a s	proper_noun
ব্রুড	br u D	loanword
ব্রুনা	br u n a	native
ব্রুনাই	br u n a i	native
ব্রুনাইতে	br u n a i t e	native
ব্রুনাইর	br u n a i r	native
ব্রুনাইসহ	br u n a i sh o h O	native
ব্রুনাইয়ে	br u n a i y e	native
ব্রুনি	br u n i	native
ব্রুনিকে	br u n i k e	native
ব্রুনির	br u n i r	native
ব্রুনেই	br u n e i	native
ব্রুনো	br u n O	native
ব্রুম	br u m	native
ব্রুস	br u s	proper_noun
ব্রুসের	br u s e r	proper_noun
ব্রেসওয়েল	br e s O y e l	proper_noun
ব্রো	br O	native
ব্রোকলি	br O k O l i	native
ব্রোকার	br O k a r	native
ব্রোকারদের	br O k a r d e r	native
ব্রোকাররা	br O k a r r a	native
ব্রোকারসহ	br O k a r sh o h O	native
ব্রোকারেজ	br O k a r e j	native
ব্রোকারেজের	br O k a r e j e r	native
ব্রোকারের	br O k a r e r	native
ব্রোকারেরা	br O k a r e r a	native
ব্রোকেন	br O k e n	native
ব্রোচ	br O ch	native
ব্রোচের	br O ch e r	native
ব্রোঞ্জও	br O nj O	tatsama
ব্রোঞ্জজয়ি	br O nj j o y i	tatsama
ব্রোঞ্জপদক	br O nj p o d O k	tatsama
ব্রোঞ্জার	br O nj a r	tatsama
ব্র্যাক	b r A k	native
ব্র্যাকসহ	b r A k sh o h O	native
ব্র্যাকে	b r A k e	native
ব্র্যাকেট	b r A k e T	loanword
ব্র্যাকেটে	b r A k e T e	loanword
ব্র্যাকেন	b r A k e n	native
ব্র্যাকেনের	b r A k e n e r	native
ব্র্যাকের	b r A k e r	native
ব্র্যাঞ্চ	b r A nch	tatsama
ব্র্যাড	b r A D	proper_noun
ব্র্যাডম্যান	br A D m A n	proper_noun
ব্র্যাডম্যানকে	br a D m A n k e	compound
ব্র্যাডম্যানিয়	br A D m A n i y	compound
ব্র্যাডম্যানের	br A D m A n e r	compound
ব্র্যাডলি	b r A D l i	proper_noun
ব্র্যাডশ	b r A D sh	proper_noun
ব্র্যাডেন	b r A D e n	proper_noun
ব্র্যাডের	b r A D e r	proper_noun
ব্র্যানজেলিনা	b r A n j e l i n a	compound
ব্র্যান্ড	b r A n D	loanword
ব্র্যান্ডকে	b r A n D k e	loanword
ব্র্যান্ডগুলো	b r A n D g u l O	compound
ব্র্যান্ডগুলোর	b r A n D g u l O r	compound
ব্র্যান্ডটি	b r A n D T i	loanword
ব্র্যান্ডন	b r A n D o n	proper_noun
ব্র্যান্ডভেদে	b r A n D bh e d e	compound
ব্র্যান্ডস	b r A n D s	loanword
ব্র্যান্ডি	b r A n D i	loanword
ব্র্যান্ডিং	b r A n D i ng	loanword
ব্র্যান্ডিংয়ের	b r A n D i ng y e r	compound
ব্র্যান্ডে	b r A n D e	native
ব্র্যান্ডেড	b r A n D e D	native
ব্র্যান্ডের	b r A n D e r	loanword
ব্র্যাভো	b r a bh O	native
ব্রয়লার	br o y l a r	native
ব্ল	bl o	loanword
ব্লক	bl o k	loanword
ব্লকই	bl o k i	loanword
ব্লকগুলো	bl o k g u l O	loanword
ব্লকগুলোর	bl o k g u l O r	loanword
ব্লকগুলোয়	bl o k g u l O y	loanword
ব্লকটি	bl o k T i	loanword
ব্লকবাধ	bl o k b a dh o	loanword
ব্লকবাস্টার	bl o k b a s T a r	loanword
ব্লকসহ	bl o k sh o h O	loanword
ব্লকিং	bl o k i ng	loanword
ব্লকে	bl o k e	loanword
ব্লকেও	bl o k e O	loanword
ব্লগই	bl o g i	loanword
ব্লগইটেরি	bl o g o i T e r i	loanword
ব্লগকে	bl o g k e	loanword
ব্লগগুলো	bl o g g u l O	loanword
ব্লগগুলোর	bl o g g u l O r	loanword
ব্লগটি	bl o g T i	loanword
ব্লগটির	bl o g T i r	loanword
ব্লগসহ	bl o g sh o h O	loanword
ব্লগসাইট	bl o g s a i T	loanword
ব্লগসাইটগুলো	bl o g s a i T g u l O	loanword
ব্লগসাইটগুলোতে	bl o g s a i T g u l O t e	loanword
ব্লগসাইটে	bl o g s a i T e	loanword
ব্লগসাইটের	bl o g s a i T e r	loanword
ব্লগার	bl O g a r	loanword
ব্লগারকে	bl o g a r k e	loanword
ব্লগারদের	bl o g a r d e r	loanword
ব্লগাররা	bl o g a r r a	loanword
ব্লগারস	bl o g a r s	loanword
ব্লগিং	bl O g i ng	loanword
ব্লগিংয়ের	bl o g i ng y e r	loanword
ব্লগেই	bl o g e i	loanword
ব্লগেও	bl o g e O	loanword
ব্লগের	bl O g e r	loanword
ব্লন্ড	bl o n D	loanword
ব্লসম	bl O s O m	loanword
ব্লা	bl a	loanword
ব্লাংকো	bl a ng k O	loanword
ব্লাই	bl a i	loanword
ব্লাইন্ড	bl a i n D	loanword
ব্লাইন্ডনেস	bl a i n D n e s	loanword
ব্লাউজ	bl a u j	loanword
ব্লাউজও	bl a u j O	loanword
ব্লাউজগুলো	bl a u j g u l O	loanword
ব্লাউজে	bl a u j e	loanword
ব্লাউজের	bl a u j e r	loanword
ব্লাকবেরি	bl a k b e r i	loanword
ব্লাকবেরির	bl a k b e r i r	loanword
ব্লাকমেইল	bl a k m e i l	loanword
ব্লাগোজেভিচ	bl a g O j e bh i ch	loanword
ব্লাটারকে	bl a T a r k e	loanword
ব্লাটারের	bl a T a r e r	loanword
ব্লাড	bl a D	loanword
ব্লাডকে	bl a D k e	loanword
ব্লাডপ্রেসার	bl a D pr e s a r	loanword
ব্লাডেড	bl a D e D	loanword
ব্লাশ	bl a sh	loanword
ব্লাশঅন	bl a sh o n	loanword
ব্লাশন	bl a sh o n	loanword
ব্লাশনের	bl a sh o n e r	loanword
ব্লাসফেমির	bl a s ph e m i r	loanword
ব্লাস্ট	bl a s T	loanword
ব্লাস্টার	bl a s T a r	loanword
ব্লাস্টের	bl a s T e r	loanword
ব্লিচ	bl i ch	loanword
ব্লিজার্ড	bl i j a r D	loanword
ব্লিজার্ডের	bl i j a r D e r	loanword
ব্লিডিং	bl i D i ng	loanword
ব্লু	bl u	loanword
ব্লুজ	bl u j	loanword
ব্লুটুথ	bl u T u th	loanword
ব্লুটুথের	bl u T u th e r	loanword
ব্লুপ্রিন্ট	bl u pr i n T	loanword
ব্লুফিন	bl u ph i n	loanword
ব্লুবেরি	bl u b e r i	loanword
ব্লুম	bl u m	loanword
ব্লুমফন্টেইন	bl u m ph o n T e i n	loanword
ব্লুমফন্টেইনে	bl u m ph o n T e i n e	loanword
ব্লুমবার্গ	bl u m b a r g	loanword
ব্লুমবার্গের	bl u m b a r g e r	loanword
ব্লুমসবারি	bl u m s b a r i	loanword
ব্লুর	bl u r	loanword
ব্লুরা	bl u r a	loanword
ব্লুরে	bl u r e	loanword
ব্লুয়েন্ত	bl u y e nt o	loanword
ব্লু–ফিল্ম	bl u ph i l m	loanword
ব্লু–বুক	bl u b u k	loanword
ব্লোয়ার	bl O y a r	loanword
ব্লোয়িং	bl O y i ng	loanword
ব্ল্যাংক	b l A ng k	loanword
ব্ল্যাক	b l A k	loanword
ব্ল্যাকওয়াটার	b l A k O y a T a r	loanword
ব্ল্যাকওয়াটারের	b l A k O y a T a r e r	loanword
ব্ল্যাকপুল	b l A k p u l	loanword
ব্ল্যাকপুলকে	b l A k p u l k e	loanword
ব্ল্যাকপুলের	b l A k p u l e r	loanword
ব্ল্যাকবক্স	b l A k b o k s	loanword
ব্ল্যাকবার্ন	b l A k b a r n	loanword
ব্ল্যাকবার্নকে	b l A k b a r n k e	loanword
ব্ল্যাকবার্নের	b l A k b a r n e r	loanword
ব্ল্যাকবেরির	b l A k b e r i r	loanword
ব্ল্যাকবোর্ড	b l A k b O r D o	loanword
ব্ল্যাকবোর্ডে	b l A k b O r D e	loanword
ব্ল্যাকবোর্ডের	b l A k b O r D e r	loanword
ব্ল্যাকমেইল	b l A k m e i l	loanword
ব্ল্যাকমেইলিং	b l A k m e i l i ng	loanword
ব্ল্যাকমেইলিংয়ের	b l A k m e i l i ng y e r	loanword
ব্ল্যাকমেইলের	b l A k m e i l e r	loanword
ব্ল্যাকমেল	b l A k m e l	loanword
ব্ল্যাকলিস্ট	bl A k l i s T	loanword
ব্ল্যাকস্টোন	bl A k s T O n	loanword
ব্ল্যাকহেডস	b l A k h e D s	loanword
ব্ল্যাকহোল	b l A k h O l	loanword
ব্ল্যাকহোলের	b l A k h O l e r	loanword
ব্ল্যাকের	b l A k e r	loanword
ব্ল্যাটার	b l A T a r	loanword
ব্ল্যাটারও	b l A T a r O	loanword
ব্ল্যাটারকে	b l A T a r k e	loanword
ব্ল্যাটারের	b l A T a r e r	loanword
ব্ল্যানচেট	b l A n ch e T	loanword
ব্ল্যাস্ট	bl A s T	loanword
বৎ	b o t	native
বৎস	b o t sh O	native
বৎসর	b o t sh O r	native
বৎসরের	b o t sh O r e r	native
বৎসল	b o t sh o l	native
বৎসাদনি	b o t sh a d O n i	native
বড়/বড়ো	b o r O h a j r i	native
বড়ই	b o r o i	native
বড়কর্তা	b o r o k o r t a	native
বড়কুঠি	b o r o k u Th i	native
বড়কুঠির	b o r o k u Th i r	native
বড়কুল	b o r o k u l	native
বড়কে	b o r o k e	native
বড়খাতা	b o r o kh a t a	native
বড়খারদিয়া	b o r o kh a r d i y a	native
বড়গাও	b o r o g a O	native
বড়গাছা	b o r o g a chh a	native
বড়গোলা	b o r o g O l a	native
বড়ছড়া	b o r o chh o r a	native
বড়জোর	b o r o j O r	native
বড়জোড়	b o r o j O r	native
বড়টা	b o r o T a	native
বড়টি	b o r o T i	native
বড়টির	b o r o T i r	native
বড়তাকিয়া	b o r o t a k i y a	native
বড়দল	b o r o d o l	native
বড়দারোগার	b o r o d a r O g a r	native
বড়দিঘিরপাড়	b o r o d i gh i r p a r	native
বড়দিনের	b o r o d i n e	native
বড়দিয়া	b o r o d i y a	native
বড়দের	b o r o d e r	native
বড়দেরও	b o r o d e r O	native
বড়দেশি	b o r o d e sh i	native
বড়দেশির	b o r o d e sh i r	native
বড়পর্দায়	b o r o p o r d a y	native
বড়পির	b o r o p i r	native
বড়পুকুরিয়া	b o r o p u k u r i y a	native
বড়পুকুরিয়ার	b o r o p u k u r i y a r	native
বড়পুকুরিয়ায়	b o r o p u k u r i y a y	native
বড়পুল	b o r o p u l	native
বড়বগি	b o r o b o g i	native
বড়বা	b o r O b a	native
বড়বাইশদিয়া	b o r o b a i sh d i y a	native
বড়বাগে	b o r o b a g e	native
বড়বাজারে	b o r o b a j a r e	native
বড়বাড়ি	b o r o b a r i	native
বড়বাড়িয়া	b o r o b a r i y a	native
বড়বি	b o r O b i	native
বড়বিল	b o r o b i l	native
বড়বিহানালি	b o r o b i h a n a l i	native
বড়বড়	b o r b o r	native
বড়ভাই	b o r o bh a i	native
বড়ভাবে	b o r o bh a b e	native
বড়মহেশখালি	b o r o m o h e sh kh a l i	native
বড়মাপের	b o r o m a p e r	native
বড়রা	b o r o r a	native
বড়রাই	b o r o r a i	native
বড়রাও	b o r o r a O	native
বড়লেখা	b o r o l e kh a	native
বড়লেখার	b o r o l e kh a r	native
বড়লোক	b o r o l O k	native
বড়লোকদের	b o r o l O k d e r	native
বড়লোকের	b o r o l O k e r	native
বড়লোকেরা	b o r o l O k e r a	native
বড়শি	b o r sh i	native
বড়শিতে	b o r sh i t e	native
বড়শির	b o r sh i r	native
বড়সড়	b o r o sh o r o	native
বড়হর	b o r O h o r	native
বড়া	b o r a	native
বড়াই	b o r a i	native
বড়াইগ্রাম	b o r a i gr a m	native
বড়াইগ্রামে	b o r a i gr a m e	native
বড়াইগ্রামের	b o r a i gr a m e r	native
বড়াইদহ	b o r a i d o h o	native
বড়াইল	b o r a i l o	native
বড়াদম	b o r a d o m	native
বড়াল	b o r a l	native
বড়ালের	b o r a l e r	native
বড়িগুলো	b o r i g u l O	native
বড়ির	b o r i r	native
বড়িশপ্রায়	b O r i sh pr a y	native
বড়িসহ	b o r i sh o h O	native
বড়ু	b O r u	native
বড়ুই	b o r u i	native
বড়ুয়া	b o r u y a	native
বড়ুয়াকে	b o r u y a k e	native
বড়ুয়াপাড়া	b o r u y a p a r a	native
বড়ুয়ার	b o r u y a r	native
বড়ে	b o r e	native
বড়ো	b o r O	native
বয়	b o y	native
বয়ঃ	b o y O h	tatsama
বয়ঃপ্রাপ্ত	b o y o pr a p t o	tatsama
বয়ঃসন্ধি	b o y o sh o ndh i	tatsama
বয়ঃসন্ধিকাল	b o y o sh o ndh i k a l	tatsama
বয়ঃসন্ধিকালে	b o y o sh o ndh i k a l e	tatsama
বয়ঃসন্ধিতে	b o y o sh o ndh i t e	tatsama
বয়ঃসন্ধির	b o y o sh o ndh i r	tatsama
বয়ঃসিমা	b o y o sh i m a	tatsama
বয়কট	b o y k o T	loanword
বয়কটকে	b o y k o T k e	loanword
বয়কটরত	b o y k o T r o t o	loanword
বয়কটের	b o y k o T e r	loanword
বয়কে	b o y k e	native
বয়গেস	b o y g e sh	native
বয়জা	b o y o j a	native
বয়ন	b o y O n	native
বয়নাক্কা	b o y o n a k k a	native
বয়নামা	b o y o n a m a	native
বয়নি	b o y O n i	native
বয়ফ্রেন্ড	b o y ph r e n D	loanword
বয়রা	b o y r a	native
বয়রাগাদি	b o y r a g a d i	native
বয়রার	b o y r a r	native
বয়রায়	b o y r a y	native
বয়ল	b o y o l	native
বয়লা	b o y l a	native
বয়লার	b o y l a r	native
বয়লারে	b o y l a r e	native
বয়স	b o y O sh	native
বয়সই	b o y o sh i	native
বয়সও	b o y o sh O	native
বয়সকে	b o y o sh k e	native
বয়সটা	b o y o sh T a	native
বয়সটাই	b o y o sh T a i	native
বয়সভিত্তিক	b o y o sh bh i tt i k	native
বয়সভেদে	b o y o sh bh e d e	native
বয়সসিমা	b o y o sh sh i m a	native
বয়সসিমাও	b o y o sh sh i m a O	native
বয়সসিমার	b o y o sh sh i m a r	native
বয়সি	b o y o sh i	native
বয়সিও	b o y o sh i O	native
বয়সিকে	b o y o sh i k e	native
বয়সিদের	b o y o sh i d e r	native
বয়সির	b o y o sh i r	native
বয়সিরা	b o y o sh i r a	native
বয়সে	b o y O sh e	native
বয়সেই	b o y o sh e i	native
বয়সেও	b o y o sh e O	native
বয়সের	b o y o sh e r	native
বয়সেরই	b o y o sh e r i	native
বয়স্ক	b o y O s k O	loanword
বয়স্কদের	b o y o s k o d e r	loanword
বয়স্কভাতা	b o y o s k o bh a t a	loanword
বয়স্করা	b o y o s k o r a	loanword
বয়স্করাই	b o y o s k o r a i	loanword
বয়স্কা	b o y o s k a	loanword
বয়স্বি	b o y o sh i	tatsama
বয়স্য	b o y O sh sh O	native
বয়া	b o y a	native
বয়াটে	b o y a T e	native
বয়াতি	b o y a t i	native
বয়াতির	b o y a t i r	native
বয়ান	b o y a n	native
বয়ানও	b o y a n O	native
বয়ানে	b o y a n e	native
বয়ানের	b o y a n e r	native
বয়াবাতি	b o y a b a t i	native
বয়ার	b o y a r	native
বয়ারচরে	b o y a r ch o r e	native
বয়ারচরের	b o y a r ch o r e r	native
বয়ে	b O y e	native
বয়েই	b o y e i	native
বয়েজ	b o y e j	native
বয়েজের	b o y e j e r	native
বয়েত	b o y e t	native
বয়েদ	b o y e d	native
বয়েনার	b o y e n a r	native
বয়েম	b o y e m	native
বয়ের	b o y e r	native
বয়েল	b o y e l	native
বয়েস	b o y e sh	native
বয়েসি	b o y e sh i	native
বয়োজির্ন	b o y O j i r n O	native
বয়োজ্যেশ্ঠ	b o y O j e sh Th O	native
বয়োজ্যেশ্ঠদের	b o y O j e sh Th o d e r	compound
বয়োজ্যেশ্ঠরা	b o y O j e sh Th o r a	native
বয়োধিক	b o y O dh i k	native
বয়োপ্রাপ্ত	b o y O pr a p t o	native
বয়োবৃদ্ধ	b o y O b ri d dh O	tatsama
বয়োব্রন	b o y O br O n O	native
বয়ড়া	b o y o r a	native
ব–দ্বিপ	b o d i p	native
ভ	bh o	native
ভংগ	bh o ng g O	native
ভংগকরন	bh o ng g o k o r o n	native
ভংগকারি	bh o ng g o k a r i	native
ভংগকারিদের	bh o ng g o k a r i d e r	native
ভংগকারির	bh o ng g o k a r i r	native
ভংগা	bh o ng g a	native
ভংগি	bh o ng g i	native
ভংগিটি	bh o ng g i T i	native
ভংগিতে	bh o ng g i t e	native
ভংগিতেই	bh o ng g i t e i	native
ভংগিমা	bh o ng g i m a	native
ভংগিমার	bh o ng g i m a r	native
ভংগিমায়	bh o ng g i m a y	native
ভংগির	bh o ng g i r	native
ভংগিল	bh O ng g i l	native
ভংগুর	bh o ng g u r	native
ভংগুরতা	bh o ng g u r o t a	native
ভংগে	bh o ng g e	native
ভংগের	bh o ng g e r	native
ভংগ্য	bh o ng g O	native
ভংগ্যান	bh o ng g A n	native
ভংত	bh o ng t O	native
ভংের	bh o ng g e r o	native
ভং্গুর	bh O ng g u r	native
ভআ	bh o y a	native
ভইরব	bh O i r o b	native
ভইরব-টু-কিশোরগঞ্জ	bh O i r o b T u k i sh O r g o n j	compound
ভইরবি	bh O i r O b i	native
ভইরবে	bh O i r o b e	native
ভইরবের	bh O i r o b e r	native
ভইরা	bh O i r a	native
ভওয়া	bh o O y a	native
ভকত	bh o k o t	native
ভকতি	bh o k t i	native
ভকা	bh o k a	native
ভকিল	bh O k i l	native
ভক্ত	bh o kt O	native
ভক্তই	bh o kt o i	native
ভক্তকুল	bh o kt O k u l	native
ভক্তকুলের	bh o kt o k u l e r	native
ভক্তকে	bh o kt O k e	native
ভক্তদের	bh o kt O d e r	native
ভক্তদেরও	bh o kt O d e r O	native
ভক্তপুর	bh o kt O p u r	native
ভক্তরা	bh o kt O r a	native
ভক্তরাই	bh o kt o r a i	native
ভক্তরাও	bh o kt O r a O	native
ভক্তিতে	bh o kt i t e	native
ভক্তিমুলক	bh O kt i m u l O k	native
ভক্তের	bh o kt e r	native
ভক্তেরা	bh o kt e r a	native
ভক্ষ	bh O kkh O	tatsama
ভক্ষক	bh O kkh O k	tatsama
ভক্ষকে	bh o kkh o k e	tatsama
ভক্ষন	bh o kkh o n	tatsama
ভক্ষনের	bh o kkh o n e r	tatsama
ভক্সওয়াগেন	bh o k s O a g e n	loanword
ভগ	bh o g O	native
ভগত	bh o g o t	native
ভগত্	bh o g o t	native
ভগন	bh o g o n	native
ভগন্দর	bh o g o nd o r	native
ভগবত	bh o g o b o t o	native
ভগবতি	bh o g o b o t i	native
ভগবতির	bh o g o b o t i r	native
ভগবত্	bh o g o b o t	native
ভগবদ্গিতা	bh o g o b o d g i t a	native
ভগবদ্দত্ত	bh o g o b o d d o tt O	native
ভগবদ্ভক্ত	bh o g o b o d bh o kt O	native
ভগবন	bh o g O b o n	native
ভগবান	bh o g O b a n	native
ভগবানকে	bh o g O b a n k e	native
ভগবানের	bh o g O b a n e r	native
ভগবান্	bh o g O b a n	native
ভগিনি	bh O g i n i	native
ভগিরথ	bh O g i r o th	native
ভগোল	bh o g O l	native
ভগ্নদশা	bh o g n O d o sh a	native
ভগ্নপতি	bh o g n o p o t i	native
ভগ্নপ্রায়	bh o g n o pr a y	native
ভগ্নস্বাস্থ্যের	bh o g n o sh a s th e r	tatsama
ভগ্নাংশগুলোর	bh o g n a ng sh O g u l O r	native
ভগ্নি	bh O g n i	native
ভগ্নিপতি	bh O g n i p O t i	native
ভগৎ	bh o g o t	native
ভচক্র	bh o ch o kr O	native
ভজকট	bh o j O k o T O	native
ভজন	bh o j O n	native
ভজনপুর	bh o j o n p u r	native
ভজনা	bh o j n a	native
ভজানো	bh o j a n O	native
ভজিআ	bh o j i y a	native
ভজে	bh o j e	native
ভজেনসিয়েনিস্ক	bh o j e n s i y e n i s k o	proper_noun
ভজেনসিয়েনিস্ককে	bh o j e n s i y e n i s k o k e	proper_noun
ভজেনসিয়েনিস্কর	bh o j e n s i y e n i s k o r	proper_noun
ভঞ্জক	bh o nj o k	tatsama
ভঞ্জন	bh o nj o n	tatsama
ভটচাজ্যির	bh o T ch a r j i r o p u th i	native
ভটচার্য্যি	bh o T o ch a r j j i	native
ভটভট	bh o T bh o T	native
ভটভটি	bh o T bh O T i	native
ভটভটিতে	bh o T bh o T i t e	native
ভটভটির	bh o T bh O T i r	native
ভট্ট	bh o T T O	native
ভট্টপাড়া	bh o T T o p a r a	native
ভট্টরাই	bh o T T o r a i	native
ভট্টরাইয়ের	bh o T T o r a i y e r	native
ভট্টশালি	bh o T T o sh a l i	native
ভট্টাচার্য	bh o T T a ch a r j o	native
ভট্টাচার্যও	bh o T T a ch a r j o O	native
ভট্টাচার্যকে	bh o T T a ch a r j o k e	native
ভট্টাচার্যসহ	bh o T T a ch a r j o sh o h O	native
ভট্টাচার্যের	bh o T T a ch a r j e r	native
ভট্টাচার্য্য	bh o T T a ch a r j O	native
ভট্টাচার্য্যের	bh o T T a ch a r j e r	compound
ভট্টি	bh O T T i	native
ভদন্ত	bh o d o nt O	native
ভদ্র	bh o d r O	native
ভদ্রতা	bh o d r O t a	native
ভদ্রতার	bh o d r O t a r	native
ভদ্রভাবে	bh o d r O bh a b e	native
ভদ্রমহিলার	bh o d r O m O h i l a r	native
ভদ্রলোক	bh o d r O l O k	native
ভদ্রলোককে	bh o d r O l O k k e	native
ভদ্রলোকটি	bh o d r O l O k T i	native
ভদ্রলোকের	bh o d r O l O k e r	native
ভদ্রলোকেরা	bh o n D o l O k e r a	native
ভদ্রস্থ	bh o d r O sth O	native
ভদ্রা	bh o d r a	native
ভদ্রাসন	bh o d r a sh O n	native
ভদ্রোচিত	bh o d r O ch i t o	native
ভন	bh o n	native
ভনভন	bh o n bh o n	native
ভনা	bh o n a	native
ভনিত	bh O n i t O	native
ভনিতা	bh O n i t a	native
ভন্ড	bh o n D O	native
ভন্ডামি	bh o n D a m i	native
ভন্ডামির	bh o n D a m i r	native
ভন্ডুল	bh O n D u l	native
ভন্ডুলের	bh o n D u l e r	native
ভন্তে	bh o nt e	native
ভন্তের	bh o nt e r	native
ভব	bh o b O	native
ভবঘুরে	bh o b O gh u r e	native
ভবঘুরেদের	bh o b o gh u r e d e r	native
ভবঘুরের	bh o b o gh u r e r	native
ভবতি	bh o b O t i	native
ভবদহের	bh o b o d o h e r	native
ভবদিয়	bh o b O d i y O	native
ভবন	bh o b O n	native
ভবনও	bh o b O n O	native
ভবনকে	bh o b O n k e	native
ভবনকেন্দ্রিক	bh o b o n k e nd ri k	native
ভবনগুলোও	bh o b o n g u l O O	native
ভবনগুলোকে	bh o b o n g u l O k e	native
ভবনগুলোতেও	bh o b o n g u l O t e O	native
ভবনগুলোর	bh o b o n g u l O r	native
ভবনগুলোয়	bh o b o n g u l O y	native
ভবনটি	bh o b O n T i	native
ভবনটিই	bh o b o n T i i	native
ভবনটিও	bh o b o n T i O	native
ভবনটিতে	bh o b O n T i t e	native
ভবনটির	bh o b O n T i r	native
ভবনধস	bh o b o n dh o sh	native
ভবনধসের	bh o b O n dh o sh e r	native
ভবনমালিক	bh o b o n m a l i k	native
ভবনসংলগ্ন	bh o b o n sh o ng l o g n o	native
ভবনসংশ্লিশ্ট	bh o b o n sh o ng sh l i sh T o	native
ভবনসহ	bh o b O n sh o h O	native
ভবনেই	bh o b O n e i	native
ভবনেও	bh o b O n e O	native
ভবনের	bh o b O n e r	native
ভবনেরই	bh o b o n e r i	native
ভবনেরও	bh o b o n e r O	native
ভবন্তু	bh o b o nt o	native
ভবাদৃশ	bh o b a d d ri sh O	tatsama
ভবানি	bh o b a n i	native
ভবানিগঞ্জ	bh o b a n i g o nj	tatsama
ভবানিগঞ্জে	bh o b a n i g o nj e	tatsama
ভবানিপুর	bh o b a n i p u r	native
ভবানিপুরে	bh o b a n i p u r e	native
ভবানিপুরের	bh o b a n i p u r e r	native
ভবার্নব	bh o b a r n o b	native
ভবি	bh O b i	native
ভবিতা	bh O b i t a	native
ভবিশ্নু	bh O b i sh n u	native
ভবিশ্য	bh O b i sh sh O	native
ভবিশ্যত	bh O b i sh sh o t	native
ভবিশ্যতকে	bh O b i sh sh o t k e	native
ভবিশ্যতে	bh o b i sh sh o t e	native
ভবিশ্যতেই	bh o b i sh sh o t e i	native
ভবিশ্যতেও	bh o b i sh sh o t e O	native
ভবিশ্যতের	bh o b i sh sh o t e r	native
ভবিশ্যত্	bh o b i sh sh o t	native
ভবিশ্যত্ই	bh o b i sh sh o t i	native
ভবিশ্যত্ও	bh o b i sh sh o t O	native
ভবিশ্যত্টা	bh o b i sh sh o t T a	native
ভবিশ্যদ্বক্তা	bh o b i sh sh o d b o kt a	compound
ভবিশ্যদ্বানি	bh o b i sh sh o d b a n i	native
ভবিশ্যদ্বানিই	bh o b i sh sh o d b a n i i	compound
ভবিশ্যদ্বানিও	bh o b i sh sh o d b a n i O	compound
ভবিশ্যদ্বানিকে	bh o b i sh sh o d b a n i k e	compound
ভবিশ্যদ্বানিতে	bh o b i sh sh o d b a n i t e	compound
ভবিশ্যদ্বানির	bh o b i sh sh o d b a n i r	compound
ভবিশ্যেক	bh o b i sh sh e k	native
ভবিশ্যৎ	bh O b i sh sh o t	native
ভবিশ্যৎই	bh o b i sh sh o t i	native
ভবিশ্যৎও	bh o b i sh sh o t O	native
ভবিশ্যৎকে	bh o b i sh sh o t k e	native
ভবিশ্যৎটা	bh o b i sh sh o t T a	native
ভবিশ্যৎমুখি	bh o b i sh sh o t m u kh i	native
ভবিশ্যৎসহ	bh o b i sh sh o t sh o h O	native
ভবিশ্যৎসাপেক্ষ	bh o b i sh sh o t sh a p e kkh o	tatsama
ভবেরচর	bh o b e r ch o r	native
ভবেশ	bh o b e sh	native
ভব্য	bh O b b O	native
ভব্যতা	bh o b b o t a	native
ভব্যতার	bh o b b o t a r	native
ভমর	bh o m o r	native
ভর	bh o r	native
ভরই	bh o r O i	native
ভরকে	bh o r k e	native
ভরকেন্দ্র	bh o r k e ndr O	native
ভরছন	bh o r o chh o n o	native
ভরছে	bh O r chh e	native
ভরছেন	bh o r chh e n	native
ভরত	bh o r O t	native
ভরতকাঠি	bh o r o t k a Th i	native
ভরতপুর	bh o r O t p u r	native
ভরতের	bh o r O t e r	native
ভরদুপুরে	bh o r d u p u r e	native
ভরদুপুরেও	bh o r d u p u r e O	native
ভরদ্বাজ	bh o r d a j	native
ভরন	bh o r O n	native
ভরনদান	bh o r o n d a n	native
ভরনপোশন	bh o r o n p O sh o n	native
ভরনপোশনের	bh o r o n p O sh o n e r	native
ভরনশাহি	bh o r o n sh a h i	native
ভরনা	bh o r n a	native
ভরনি	bh o r O n i	native
ভরন্ত	bh o r O nt O	native
ভরপুর	bh o r p u r	native
ভরপেট	bh o r p e T	native
ভরব	bh o r b o	native
ভরবে	bh O r b e	native
ভরভর	bh o r bh o r	native
ভরম	bh o r O m	native
ভরল	bh o r l o	native
ভরলে	bh o r l e	native
ভরসন্ধ্যায়	bh o r sh o n dh a y	tatsama
ভরসা	bh O r O sh a	native
ভরসাই	bh o r o sh a i	native
ভরসাও	bh o r o sh a O	native
ভরসার	bh o r O sh a r	native
ভরসাস্থল	bh O r O sh a sth o l	native
ভরসায়	bh o r o sh a y	native
ভরা	bh o r a	native
ভরাটকাজ	bh o r a T k a j	native
ভরাটকারি	bh o r a T k a r i	native
ভরাটকারিদের	bh o r a T k a r i d e r	native
ভরাটে	bh o r a T e	native
ভরাডুবির	bh o r a D u b i r	native
ভরাডোবা	bh o r a D O b a	native
ভরাতে	bh o r a t e	native
ভরানো	bh o r a n O	native
ভরানোর	bh o r a n O r	native
ভরার	bh o r a r	native
ভরাল	bh o r a l o	native
ভরায়নি	bh o r a y n i	native
ভরিত	bh O r i t O	native
ভরির	bh o r i r	native
ভরিয়া	bh o r i y a	native
ভরিয়ে	bh o r i y e	native
ভরে	bh O r e	native
ভরেই	bh o r e i	native
ভরেছে	bh O r e chh e	native
ভরেছেন	bh O r e chh e n	native
ভরেন	bh o r e n	native
ভরেনি	bh o r e n i	native
ভরের	bh o r e r	native
ভরো	bh o r O	native
ভর্গ	bh o r g O	native
ভর্জন	bh o r j O n	native
ভর্তব্য	bh o r t O b b O	native
ভর্তিও	bh O r t i O	native
ভর্তিকার্যক্রম	bh O r t i k a r j O kr O m	compound
ভর্তিকৃত	bh O r t i k ri t O	tatsama
ভর্তিচ্ছু	bh O r t i ch chh u	native
ভর্তিচ্ছুক	bh o r t i ch chh u k	native
ভর্তিচ্ছুরা	bh O r t i ch chh u r a	native
ভর্তিজুদ্ধ	bh O r t i j u d dh O	tatsama
ভর্তিজুদ্ধে	bh o r t i j u d dh e	tatsama
ভর্তিজুদ্ধের	bh o r t i j u d dh e r	tatsama
ভর্তিজোগ্য	bh o r t i j O g g o	native
ভর্তিতে	bh O r t i t e	native
ভর্তিপরিক্ষা	bh o r t i p o r i kkh a	tatsama
ভর্তিপরিক্ষায়	bh o r t i p o r i kkh a y	tatsama
ভর্তিপ্রক্রিয়া	bh o r t i pr o k ri y a	compound
ভর্তিপ্রক্রিয়ার	bh o r t i pr o k ri y a r	compound
ভর্তিবাজি	bh o r t i b a j i	native
ভর্তিবানিজ্য	bh o r t i b a n i j j o	native
ভর্তিসংক্রান্ত	bh O r t i sh o ng kr a nt O	compound
ভর্তিসম্পর্কিত	bh o r t i sh o mp o r k i t o	compound
ভর্তিসহ	bh o r t i sh o h O	native
ভর্তুকি	bh O r t u k i	native
ভর্তুকিও	bh o r t u k i O	native
ভর্তুকিতে	bh o r t u k i t e	native
ভর্তুকিমুল্যে	bh o r t u k i m u l l e	compound
ভর্তুকির	bh O r t u k i r	native
ভর্তুকিসহ	bh o r t u k i sh o h O	native
ভর্ত্রি	bh o r t r i	native
ভর্ত্সনা	bh o r t sh o n a	native
ভর্ৎসক	bh o r t sh o k	native
ভর্ৎসনা	bh o r t sh o n a	native
ভর্ৎসনাও	bh o r t sh o n a O	native
ভর্ৎসনার	bh o r t sh o n a r	native
ভর্ৎসিত	bh O r t sh i t O	native
ভর্ৎসিলা	bh O r t sh i l a	native
ভল	bh o l o	native
ভলকা	bh o l k a	native
ভলতেয়ার	bh o l t e y a r	native
ভলান্টারি	bh o l a n T a r i	loanword
ভলান্টিয়ার	bh o l a n T i y a r	loanword
ভলান্টিয়ারের	bh o l a n T i y a r e r	loanword
ভলান্টিয়ার্স	bh o l a n T i y a r s	loanword
ভলি	bh O l i	native
ভলিউম	bh o l i u m	native
ভলিউমে	bh o l i u m e	native
ভলিউমের	bh o l i u m e r	native
ভলিতে	bh O l i t e	native
ভলিবলে	bh o l i b o l e	native
ভলো	bh a l O	native
ভল্ট	bh o l T	loanword
ভল্টে	bh O l T e	native
ভল্টের	bh o l T e r	loanword
ভশক	bh o sh o k	native
ভশল	bh o sh o l	native
ভস	bh o sh	native
ভসভস	bh o sh bh o sh	native
ভসম	bh o sh o m	native
ভস্তক	bh o st O k	native
ভস্ত্রা	bh o s t r a	native
ভস্মিভুত	bh O sh m i bh u t O	native
ভা	bh a	native
ভাংগা	bh a ng g a	native
ভাংগাচোরা	bh a ng g a ch O r a	native
ভাংগাতে	bh a ng a t e	native
ভাংগানো	bh a ng g a n O	native
ভাংগানোর	bh a ng g a n O r	native
ভাংগার	bh a ng g a r	native
ভাংগারি	bh a ng g a r i	native
ভাংগায়	bh a ng g a y	native
ভাংগি	bh a ng g i	native
ভাংগিয়া	bh a ng g i y a	native
ভাংগুরা	bh a ng g u r a	native
ভাংগুড়া	bh a ng g u r a	native
ভাংগুড়ায়	bh a ng g u r a y	native
ভাংগে	bh a ng g e	native
ভাংগেন	bh a ng g e n	native
ভাংগেনি	bh a ng g e n i	native
ভাংচুর	bh a ng ch u r	native
ভাংচুরও	bh a ng ch u r O	native
ভাংচুরকারিদের	bh a ng ch u r k a r i d e r	compound
ভাংচুরকারিরা	bh o ng ch u r k a r i r a	native
ভাংচুরসহ	bh a ng ch u r sh o h O	native
ভাংচুরে	bh a ng ch u r e	native
ভাংচুরের	bh a ng ch u r e r	native
ভাংছি	bh a ng chh i	native
ভাংছে	bh a ng chh e	native
ভাংছেন	bh a ng chh e n	native
ভাংত	bh a ng t o	native
ভাংতি	bh a ng t i	native
ভাংতেই	bh a ng t e i	native
ভাংন	bh a ng n	native
ভাংনকবলিত	bh a ng n k o b o l i t o	native
ভাংনকবলিতদের	bh a ng n k o b o l i t o d e r	native
ভাংনরোধে	bh a ng n r O dh e	native
ভাংনে	bh a ng n e	native
ভাংনের	bh a ng n e r	native
ভাংব	bh a ng b o	native
ভাংবে	bh a ng b e	native
ভাংবেই	bh a ng b e i	native
ভাংবেন	bh a ng b e n	native
ভাংল	bh a ng l o	native
ভাংলাম	bh a ng l a m	native
ভাংলে	bh a ng l e	native
ভাংলেই	bh a ng l e i	native
ভাংলেও	bh a ng l e O	native
ভাংলেন	bh a ng l e n	native
ভাংা	bh a ng g a	native
ভাংাকে	bh a ng g a k e	native
ভাংাগড়া	bh a ng g a g o r a	native
ভাংাগড়ার	bh a ng g a g o r a r	native
ভাংাচোরা	bh a ng g a ch O r a	native
ভাংাতে	bh a ng g a t e	native
ভাংান	bh a ng g a n	native
ভাংানো	bh a ng g a n O	native
ভাংানোর	bh a ng g a n O r	native
ভাংাবেন	bh a ng g a b e n	native
ভাংার	bh a ng g a r	native
ভাংারও	bh a ng g a r O	native
ভাংারি	bh a ng g a r i	native
ভাংারির	bh a ng g a r i r	native
ভাংাশিল্পের	bh a ng g a sh i l p e	native
ভাংাড়ি	bh a ng g a r i	native
ভাংাড়িদের	bh a ng g a r i d e r	native
ভাংায়	bh a ng g a y	native
ভাংি	bh a ng g i	native
ভাংিয়ে	bh a ng g i y e	native
ভাংিয়েছে	bh a ng g i y e chh e	native
ভাংে	bh a ng g e	native
ভাংেন	bh a ng g e n	native
ভাংেননি	bh a ng g e n n i	native
ভাংেনি	bh a ng g e n i	native
ভাংো	bh a ng g O	native
ভাইংগা	bh a i ng g a	native
ভাইংগে	bh a i ng g e	native
ভাইও	bh a i O	native
ভাইকিং	bh a i k i ng	native
ভাইকিংস	bh a i k i ng s	loanword
ভাইকিংসরা	bh a i k i ng s r a	loanword
ভাইকে	bh a i k e	native
ভাইকেও	bh a i k e O	native
ভাইগড়	bh a i g o r	native
ভাইজান	bh a i j a n	native
ভাইজানের	bh a i j a n e r	native
ভাইটা	bh a i T a	native
ভাইটার	bh a i T a r	native
ভাইটাল	bh a i T a l	loanword
ভাইটি	bh a i T i	native
ভাইটিকে	bh a i T i k e	native
ভাইটির	bh a i T i r	native
ভাইদের	bh a i d e r	native
ভাইপো	bh a i p O	native
ভাইপোর	bh a i p O r	native
ভাইফোটা	bh a i ph O T a	native
ভাইবা	bh a i b a	native
ভাইবার	bh a i b a r	native
ভাইবারে	bh a i b a r e	native
ভাইবেস	bh a i b e s	loanword
ভাইবোন	bh a i b O n	native
ভাইবোনকে	bh a i b O n k e	native
ভাইবোনদের	bh a i b O n d e r	native
ভাইবোনসহ	bh a i b O n sh o h O	native
ভাইবোনের	bh a i b O n e r	native
ভাইবোনেরা	bh a i b O n e r a	native
ভাইবোনেরাও	bh a i b O n e r a O	native
ভাইব্রেশন	bh a i br e sh o n	native
ভাইভা	bh a i bh a	native
ভাইভার	bh a i bh a r	native
ভাইভায়	bh a i bh a y	native
ভাইর	bh a i r	native
ভাইরা	bh a i r a	native
ভাইরাল	bh a i r a l	native
ভাইরাস	bh a i r a s	loanword
ভাইরাসকে	bh a i r a s k e	loanword
ভাইরাসজনিত	bh a i r a s j O n i t O	loanword
ভাইরাসজুক্ত	bh a i r a s j u kt o	loanword
ভাইরাসটি	bh a i r a s T i	loanword
ভাইরাসটিতে	bh a i r a s T i t e	loanword
ভাইরাসটির	bh a i r a s T i r	loanword
ভাইরাসমুক্ত	bh a i r a s m u kt o	loanword
ভাইরাসে	bh a i r a s e	loanword
ভাইরাসের	bh a i r a s e r	loanword
ভাইরে	bh a i r e	native
ভাইল	bh a i l	native
ভাইস	bh a i s	loanword
ভাইসব	bh a i sh o b	native
ভাইসরয়	bh a i s r o y	native
ভাইসহ	bh a i sh o h O	native
ভাইসাব	bh a i sh a b	native
ভাইসুলভ	bh a i sh u l o bh o	native
ভাইস্যা	bh a i sh sh a	native
ভাইয়া	bh a i y a	native
ভাইয়াকে	bh a i y a k e	native
ভাইয়ার	bh a i y a r	native
ভাইয়ারা	bh a i y a r a	native
ভাইয়ে	bh a i y e	native
ভাইয়ের	bh a i e r	native
ভাইয়েরও	bh a i y e r O	native
ভাইয়েরা	bh a i y e r a	native
ভাইয়েরাই	bh a i y e r a i	native
ভাইয়েরাও	bh a i y e r a O	native
ভাউ	bh a u	native
ভাউচার	bh a u ch a r	native
ভাউচারে	bh a u ch a r e	native
ভাউচারের	bh a u ch a r e r	native
ভাউজ	bh a u j	native
ভাওতা	bh a O t a	native
ভাওতাবাজি	bh a O t a b a j i	native
ভাওর	bh a O r	native
ভাওলি	bh a O l i	native
ভাওয়াইয়া	bh a O a i a	native
ভাওয়াল	bh a O y a l	native
ভাওয়ালের	bh a O y a l e r	native
ভাক	bh a k	native
ভাকুর্তা	bh a k u r t a	native
ভাকুর্তার	bh a k u r t a r	native
ভাক্ত	bh a kt O	native
ভাখ	bh a kh	native
ভাগউ	bh a g o u	native
ভাগও	bh a g O	native
ভাগকে	bh a g k e	native
ভাগকেই	bh a g k e i	native
ভাগচাশিদের	bh a g ch a sh i d e r	native
ভাগটা	bh a g T a	native
ভাগটাই	bh a g T a i	native
ভাগটি	bh a g T i	native
ভাগনি	bh a g n i	native
ভাগনির	bh a g n i r	native
ভাগনে	bh a g n e	native
ভাগনেকে	bh a g n e k e	native
ভাগনের	bh a g n e r	native
ভাগবাটোয়ারা	bh a g b a T O y a r a	native
ভাগবাটোয়ারার	bh a g b a T O y a r a r	native
ভাগবাটোয়ারায়	bh a g b a T O y a r a y	native
ভাগলপুর	bh a g O l p u r	native
ভাগলপুরে	bh a g O l p u r e	native
ভাগলের	bh a g o l e r	native
ভাগশেশ	bh a g sh e sh	native
ভাগানো	bh a g a n O	native
ভাগাভাগি	bh a g a bh a g i	native
ভাগাভাগিতে	bh a g a bh a g i t e	native
ভাগাভাগির	bh a g a bh a g i r	native
ভাগাড়	bh a g a r	native
ভাগাড়ে	bh a g a r e	native
ভাগি	bh a g i	native
ভাগিদার	bh a g i d a r	native
ভাগিন	bh a g i n	native
ভাগিনা	bh a g i n a	native
ভাগিরথি	bh a g i r o th i	native
ভাগিয়ে	bh a g i y e	native
ভাগে	bh a g e	native
ভাগেই	bh a g e i	native
ভাগের	bh a g e r	native
ভাগেরই	bh a g e r i	native
ভাগেরও	bh a g e r O	native
ভাগেল	bh a g e l	native
ভাগ্নির	bh a g n i r	native
ভাগ্নেকে	bh a g n e k e	native
ভাগ্যই	bh a g g O i	native
ভাগ্যও	bh a g g O	native
ভাগ্যকুল	bh a g g O k u l	native
ভাগ্যকে	bh a g g O k e	native
ভাগ্যকেই	bh a g g o k e i	native
ভাগ্যকেও	bh a g g o k e O	native
ভাগ্যগুনে	bh a g g O g u n e	native
ভাগ্যটাও	bh a g g o T a O	native
ভাগ্যদেবতা	bh a g g o d e b o t a	native
ভাগ্যদেবি	bh a g g O d e b i	native
ভাগ্যনির্ধারনি	bh a g g o n i r dh a r o n i	compound
ভাগ্যবঞ্চিত	bh a g g o b o nch i t o	tatsama
ভাগ্যবতি	bh a g g O b O t i	native
ভাগ্যবরন	bh a g g o b o r o n	native
ভাগ্যবান	bh a g g O b a n	native
ভাগ্যবানই	bh a g g o b a n i	native
ভাগ্যবানদের	bh a g g O b a n d e r	native
ভাগ্যবিধাতা	bh a g g o b i dh a t a	native
ভাগ্যবিড়ম্বিত	bh a g g o b i r o mb i t o	compound
ভাগ্যলক্ষ্মি	bh a g g o l o kkh i	tatsama
ভাগ্যলিপি	bh a g g o l i p i	native
ভাগ্যসন্ধানি	bh a g g o sh o ndh a n i	tatsama
ভাগ্যহত	bh a g g O h o t O	native
ভাগ্যাকাশে	bh a g g a k a sh e	native
ভাগ্যান্বেশনে	bh a g g a n n e sh o n e	compound
ভাগ্যান্বেশি	bh a g g a n n e sh i	native
ভাগ্যাহত	bh a g g a h o t o	native
ভাগ্যি	bh a g g i	native
ভাগ্যে	bh a g g e	native
ভাগ্যেই	bh a g g e i	native
ভাগ্যেও	bh a g g e O	native
ভাগ্যেরও	bh a g g e r O	native
ভাগ্যোন্নয়ন	bh a g g O nn o y o n	native
ভাগ্যোন্নয়নে	bh a g g O nn o y o n e	native
ভাগ্যোন্নয়নের	bh a g g O nn o y o n e r	compound
ভাজক	bh a j O k	native
ভাজগুলো	bh a j g u l O	native
ভাজছে	bh a j chh e	native
ভাজছেন	bh a j chh e n	native
ভাজতে	bh a j t e	native
ভাজন	bh a j O n	native
ভাজনডাংগা	bh a j o n D a ng g a	native
ভাজনা	bh a j n a	native
ভাজাং	bh a j a th	native
ভাজিত	bh a j i t O	native
ভাজির	bh a j i r	native
ভাজুন	bh a j u n	native
ভাজে	bh a j e	native
ভাজের	bh a j e r	native
ভাজ্জি	bh a j j i	native
ভাজ্জির	bh a j j i r	native
ভাজ্য	bh a j j O	native
ভাটক	bh a T O k	native
ভাটকে	bh a T k e	native
ভাটপাড়া	bh a T p a r a	native
ভাটরা	bh a T r a	native
ভাটাগুলো	bh a T a g u l O	native
ভাটাগুলোর	bh a T a g u l O r	native
ভাটাটি	bh a T a T i	native
ভাটাটির	bh a T a T i r	native
ভাটানো	bh a T a n O	native
ভাটার	bh a T a r	native
ভাটারা	bh a T a r a	native
ভাটারার	bh a T a r a r	native
ভাটায়	bh a T a y	native
ভাটিপাড়া	bh a T i p a r a	native
ভাটির	bh a T i r	native
ভাটিয়া	bh a T i y a	native
ভাটিয়াকে	bh a T i y a k e	native
ভাটিয়াপাড়া	bh a T i y a p a r a	native
ভাটিয়ারি	bh a T i y a r i	native
ভাটিয়ারিতে	bh a T i y a r i t e	native
ভাটিয়ারির	bh a T i y a r i r	native
ভাটিয়াল	bh a T i y a l	native
ভাটিয়ালি	bh a T i y a l i	native
ভাটুয়া	bh a T u y a	native
ভাটের	bh a T e r	native
ভাটেরা	bh a T e r a	native
ভাট্টি	bh a T T i	native
ভাট্টির	bh a T T i r	native
ভাড়ার	bh a r a r	native
ভাতই	bh a t i	native
ভাতঘুম	bh a t gh u m	native
ভাতচিল	bh a t ch i l	native
ভাতা	bh a t a	native
ভাতাও	bh a t a O	native
ভাতাটা	bh a t a T a	native
ভাতাদি	bh a t a d i	native
ভাতাদিও	bh a t a d i O	native
ভাতাদির	bh a t a d i r	native
ভাতাপ্রাপ্তদের	bh a t a pr a p t o d e r	compound
ভাতার	bh a t a r	native
ভাতাসংক্রান্ত	bh a t a sh o ng kr a nt o	compound
ভাতাসহ	bh a t a sh o h O	native
ভাতাসি	bh a t a sh i	native
ভাতায়	bh a t a y	native
ভাতি	bh a t i	native
ভাতিজাকে	bh a t i j a k e	native
ভাতিজার	bh a t i j a r	native
ভাতিজিকে	bh a t i j i k e	native
ভাতে	bh a t e	native
ভাতের	bh a t e r	native
ভাদর	bh a d O r	native
ভাদসা	bh a d sh a	native
ভাদাল	bh a d a l	native
ভাদোই	bh a d O i	native
ভাদ্দর	bh a d d o r	native
ভাদ্রের	bh a d r e r	native
ভানতে	bh a n t e	native
ভানা	bh a n a	native
ভানাকুটা	bh a n a k u T a	native
ভানার	bh a n a r	native
ভানি	bh a n i	native
ভানু	bh a n u	native
ভানুগাছ	bh a n u g a chh	native
ভানুনু	bh a n u n u	native
ভানুনুকে	bh a n u n u k e	native
ভানুনুর	bh a n u n u r	native
ভানুমতি	bh a n u m o t i	native
ভানুমতির	bh a n u m o t i r	native
ভানুর	bh a n u r	native
ভানুয়াটুর	bh a n u a T u r	native
ভানুয়ারা	bh a n u y a r a	native
ভানে	bh a n e	native
ভান্ড	bh a n D	native
ভান্ডানো	bh a n D a n O	native
ভান্ডার	bh a n D a r	native
ভান্ডারকর	bh a n D a r k o r	native
ভান্ডারকরের	bh a n D a r k o r e r	native
ভান্ডারকে	bh a n D a r k e	native
ভান্ডারটি	bh a n D a r T i	native
ভান্ডাররক্ষক	bh a n D a r r o kkh o k	tatsama
ভান্ডাররক্ষকের	bh a n D a r r o kkh o k e r	tatsama
ভান্ডারি	bh a n D a r i	native
ভান্ডারিয়া	bh a n D a r i y a	native
ভান্ডারিয়ার	bh a n D a r i y a r	native
ভান্ডারিয়ায়	bh a n D a r i y a y	native
ভান্ডারের	bh a n D a r e r	native
ভান্ডি	bh a n D i	native
ভান্ডির	bh a n D i r	native
ভান্তে	bh a nt e	native
ভান্নারা	bh a nn a r a	native
ভাপ	bh a p	native
ভাপসা	bh a p sh a	native
ভাপিয়ে	bh a p i y e	native
ভাবই	bh a b i	native
ভাবও	bh a b O	native
ভাবক	bh a b O k	native
ভাবকানি	bh a b k a n i	native
ভাবকে	bh a b k e	native
ভাবগত	bh a b g o t O	native
ভাবগম্ভির	bh a b g o m bh i r	native
ভাবগাম্ভির্য	bh a b g a m bh i r j O	native
ভাবগাম্ভির্যকে	bh a b g a m bh i r j o k e	compound
ভাবগাম্ভির্যপুর্ন	bh a b g a m bh i r j o p u r n o	compound
ভাবগাম্ভির্যের	bh a b g a m bh i r j e r	compound
ভাবছি	bh a b chh i	native
ভাবছিও	bh a b chh i O	native
ভাবছিল	bh a b chh i l O	native
ভাবছিলেন	bh a b chh i l e n	native
ভাবছেন	bh a b chh e n	native
ভাবছো	bh a b chh O	native
ভাবটা	bh a b T a	native
ভাবটাই	bh a b T a i	native
ভাবটাও	bh a b T a O	native
ভাবটি	bh a b T i	native
ভাবত	bh a b O t	native
ভাবতাম	bh a b t a m	native
ভাবতে	bh a b t e	native
ভাবতেই	bh a b t e i	native
ভাবতেও	bh a b t e O	native
ভাবতেন	bh a b t e n	native
ভাবধারা	bh a b dh a r a	native
ভাবধারায়	bh a b dh a r a y	native
ভাবন	bh a b O n	native
ভাবনা	bh a b n a	native
ভাবনাই	bh a b n a i	native
ভাবনাগুলোকে	bh a b n a g u l O k e	native
ভাবনাচিন্তা	bh a b n a ch i nt a	native
ভাবনাচিন্তার	bh a b n a ch i nt a r	native
ভাবনাজুড়ে	bh a b n a j u r e	native
ভাবনাটাই	bh a b n a T a i	native
ভাবনাটি	bh a b n a T i	native
ভাবনাতেই	bh a b n a t e i	native
ভাবনাতেও	bh a b n a t e O	native
ভাবনার	bh a b n a r	native
ভাবনারও	bh a b n a r O	native
ভাবনাহিন	bh a b n a h i n	native
ভাবপ্রবন	bh a b pr o b o n	native
ভাবব	bh a b b O	native
ভাববাচ্য	bh a b b a ch ch O	native
ভাববাদি	bh a b b a d i	native
ভাববার	bh a b b a r	native
ভাববিনিময়	bh a b b i n i m o y	native
ভাববিনিময়ের	bh a b b i n i m o y e r	native
ভাববেন	bh a b b e n	native
ভাববো	bh a b b O	native
ভাবভংগি	bh a b bh o ng g i	native
ভাবমর্যাদা	bh a b m o r j a d a	native
ভাবমুর্তি	bh a b m u r t i	native
ভাবমুর্তিই	bh a b m u r t i i	native
ভাবমুর্তিও	bh a b m u r t i O	native
ভাবমুর্তিকে	bh a b m u r t i k e	native
ভাবমুর্তিতে	bh a b m u r t i t e	native
ভাবমুর্তির	bh a b m u r t i r	native
ভাবল	bh a b l O	native
ভাবলাম	bh a b l a m	native
ভাবলেই	bh a b l e i	native
ভাবলেও	bh a b l e O	native
ভাবলেশহিন	bh a b l e sh h i n	native
ভাবলো	bh a b l O	native
ভাবশিশ্য	bh a b sh i sh sh o	native
ভাবসম্প্রসারন	bh a b sh o m p r O sh a r o n	loanword
ভাবসাব	bh a b sh a b	native
ভাবা	bh a b a	native
ভাবাই	bh a b a i	native
ভাবাও	bh a b a O	native
ভাবাচ্ছে	bh a b a ch chh e	native
ভাবাতে	bh a b a t e	native
ভাবাদর্শে	bh a b a d o r sh e	native
ভাবাদর্শের	bh a b a d O r sh e r	native
ভাবানুবাদ	bh a b a n u b a d	native
ভাবান্তর	bh a b a nt o r	native
ভাবাবে	bh a b a b e	native
ভাবাবেগ	bh a b a b e g	native
ভাবাবেগকে	bh a b a b e g k e	native
ভাবাবেগে	bh a b a b e g e	native
ভাবাবেগের	bh a b a b e g e r	native
ভাবাভাবি	bh a b a bh a b i	native
ভাবারও	bh a b a r O	native
ভাবার্থ	bh a b a r th o	native
ভাবালু	bh a b a l u	native
ভাবায়	bh a b a y	native
ভাবিইনি	bh a b i i n i	native
ভাবিও	bh a b i O	native
ভাবিক	bh a b i k	native
ভাবিকে	bh a b i k e	native
ভাবিজি	bh a b i j i	native
ভাবিনি	bh a b i n i	native
ভাবির	bh a b i r	native
ভাবিল	bh a b i l o	native
ভাবিস	bh a b i sh	native
ভাবিসাপেক্ষ	bh a b i sh a p e kkh o	tatsama
ভাবিয়া	bh a b i y a	native
ভাবিয়ে	bh a b i y e	native
ভাবিয়েছে	bh a b i y e chh e	native
ভাবুক	bh a b u k	native
ভাবুকের	bh a b u k e r	native
ভাবুন	bh a b u n	native
ভাবুনে	bh a b u n e	native
ভাবেই	bh a b e i	native
ভাবেইনি	bh a b e i n i	native
ভাবেও	bh a b e O	native
ভাবেন	bh a b e n	native
ভাবেনি	bh a b e n i	native
ভাবো	bh a b O	native
ভাব্য	bh a b b O	native
ভাব্যমান	bh a b b O m a n	native
ভাভা	bh a bh a	native
ভাভিক	bh a bh i k	native
ভাম	bh a m	native
ভামুর	bh a m u r	native
ভামোস	bh a m O sh	native
ভার	bh a r	native
ভারই	bh a r o i	native
ভারও	bh a r O	native
ভারগাস	bh a r g a s	proper_noun
ভারগাসের	bh a r g a s e r	proper_noun
ভারচুয়াল	bh a r ch u y a l	native
ভারচ্যুর	bh a r ch j u r	native
ভারটা	bh a r T a	native
ভারটেক্স	bh a r T e k s	loanword
ভারতই	bh a r O t i	native
ভারতও	bh a r O t O	native
ভারতকে	bh a r O t k e	native
ভারতকেই	bh a r O t k e i	native
ভারতকেও	bh a r O t k e O	native
ভারতচন্দ্র	bh a r O t ch o ndr O	native
ভারতজুড়ে	bh a r o t j u r e	native
ভারতজুড়েই	bh a r o t j u r e i	native
ভারতনিয়ন্ত্রিত	bh a r o t n i y o nt ri t o	compound
ভারতপন্থি	bh a r o t p o n th i	native
ভারতপ্রিতির	bh a r o t p ri t i r	native
ভারতবর্ষ	bh a r o t b o r sh o	tatsama
ভারতবর্ষকে	bh a r O t b o r sh O k e	tatsama
ভারতবর্ষিয়	bh a r o t b o r sh i y	tatsama
ভারতবর্ষে	bh a r O t b o r sh e	tatsama
ভারতবর্ষের	bh a r O t b o r sh e r	tatsama
ভারতবাসি	bh a r o t b a sh i	loanword
ভারতবাসিকে	bh a r o t b a sh i k e	loanword
ভারতবাসির	bh a r o t b a sh i r	loanword
ভারতবিখ্যাত	bh a r o t b i k kh a t o	native
ভারতবিদ্বেশি	bh a r o t b i d d e sh i	native
ভারতবিরোধি	bh a r o t b i r O dh i	native
ভারতবিরোধিতা	bh a r o t b i r O dh i t a	native
ভারতবিরোধিতার	bh a r o t b i r O dh i t a r	compound
ভারতভিত্তিক	bh a r o t bh i tt i k	native
ভারতমুখি	bh a r o t m u kh i	native
ভারতরত্ন	bh a r O t r o t n O	native
ভারতশাসিত	bh a r o t sh a sh i t o	native
ভারতসহ	bh a r O t sh o h O	native
ভারতি	bh a r o t i	native
ভারতিকে	bh a r o t i k e	native
ভারতির	bh a r o t i r	native
ভারতিয়	bh a r o t i y O	native
ভারতিয়ই	bh a r o t i y o i	native
ভারতিয়কে	bh a r o t i y o k e	native
ভারতিয়দের	bh a r o t i y o d e r	native
ভারতিয়র	bh a r o t i y o r	native
ভারতিয়রা	bh a r o t i y o r a	native
ভারতিয়রাও	bh a r o t i y o r a O	native
ভারতিয়সহ	bh a r o t i y o sh o h O	native
ভারতিয়ের	bh a r o t i y e r	native
ভারতে	bh a r O t e	native
ভারতেই	bh a r O t e i	native
ভারতেও	bh a r O t e O	native
ভারতের	bh a r O t e r	native
ভারতেরই	bh a r O t e r i	native
ভারতেরও	bh a r O t e r O	native
ভারদ্বাজ	bh a r O d d a j	native
ভারনন	bh a r n o n	native
ভারপ্রাপ্তদের	bh a r pr a p t o d e r	compound
ভারবাল	bh a r b a l	native
ভারবাহি	bh a r b a h i	native
ভারভুর	bh a r bh u r	native
ভারমিয়ারের	bh a r m i y a r e r	native
ভারমুক্ত	bh a r m u kt O	native
ভারমুথ	bh a r m u th	native
ভারসাম্য	bh a r sh a m m O	native
ভারসাম্যই	bh a r sh a m m o i	native
ভারসাম্যও	bh a r sh a m m O O	native
ভারসাম্যটা	bh a r sh a m m o T a	native
ভারসাম্যতা	bh a r sh a m m O t a	native
ভারসাম্যপুর্ন	bh a r sh a m m O p u r n O	compound
ভারসাম্যমুলক	bh a r sh a m m O m u l O k	native
ভারসাম্যহিন	bh a r sh a m m o h i n	native
ভারসাম্যহিনতা	bh a r sh a m m o h i n o t a	compound
ভারসাম্যহিনতার	bh a r sh a m m o h i n o t a r	compound
ভারসাম্যহিনতায়	bh a r sh a m m o h i n o t a y	compound
ভারসাম্যে	bh a r sh a m m e	native
ভারসাম্যেও	bh a r o sh a m m e O	native
ভারসাম্যের	bh a r sh a m m e r	native
ভারা	bh a r a	native
ভারার্পন	bh a r a r p O n	native
ভারালো	bh a r a l O	native
ভারি	bh a r i	native
ভারিক	bh a r i k	native
ভারিক্কি	bh a r i k k i	native
ভারিত্ব	bh a r i tt o	tatsama
ভারুফাকিস	bh a r u ph a k i s	proper_noun
ভারে	bh a r e	native
ভারেংগা	bh a r e ng g a	native
ভারেই	bh a r e i	native
ভারোত্তোলক	bh a r O tt O l o k	native
ভারোত্তোলনে	bh a r O tt O l o n e	native
ভারোত্তোলনের	bh a r O tt O l o n e r	native
ভারোফাকিস	bh a r O ph a k i s	proper_noun
ভার্গাস	bh a r g a s	proper_noun
ভার্গাসের	bh a r g a s e r	proper_noun
ভার্জ	bh a r j	loanword
ভার্জিনিয়া	bh a r j i n i y a	native
ভার্জিনিয়াকে	bh a r j i n i y a k e	native
ভার্জিনিয়ার	bh a r j i n i y a r	native
ভার্জিনিয়ায়	bh a r j i n i y a y	native
ভার্ট	bh a r T	loanword
ভার্টিক্যাল	bh a r T i k A l	loanword
ভার্টের	bh a r T e r	loanword
ভার্দের	bh a r d e r	native
ভার্নাকুলার	bh a r n a k u l a r	native
ভার্মা	bh a r m a	native
ভার্মাকে	bh a r m a k e	native
ভার্মার	bh a r m a r	native
ভার্যা	bh a r j a	native
ভার্লি	bh a r l i	native
ভার্সনটি	bh a r s O n T i	loanword
ভার্সনে	bh a r s O n e	loanword
ভার্সনের	bh a r s O n e r	loanword
ভার্সাস	bh a r s a s	loanword
ভার্সিটি	bh a r s i T i	loanword
ভার্সিটিতে	bh a r s i T i t e	loanword
ভার্সিটির	bh a r s i T i r	loanword
ভার্সেটাইল	bh a r s e T a i l	loanword
ভার্সেস	bh a r s e s	loanword
ভাল	bh a l O	native
ভালই	bh a l O i	native
ভালগার	bh a l g a r	native
ভালটার	bh a l o T a r	native
ভালতাথি	bh a l o t a th i	native
ভালদানো	bh a l d a n O	native
ভালদেজ	bh a l d e j	native
ভালদেস	bh a l O d e s	proper_noun
ভালদেসের	bh a l O d e s e r	proper_noun
ভালনারেবল	bh a l n a r e b o l	native
ভালবাসতে	bh a l O b a sh t e	loanword
ভালবাসতেন	bh a l O b a sh t e n	loanword
ভালবাসা	bh a l o b a sh a	loanword
ভালবাসার	bh a l O b a sh a r	loanword
ভালবাসি	bh a l O b a sh i	loanword
ভালবাসে	bh a l O b a sh e	loanword
ভালবাসেন	bh a l O b a sh e n	loanword
ভালবেসে	bh a l O b e sh e	native
ভালভাবে	bh a l O bh a b e	native
ভালভাবেই	bh a l O bh a b e i	native
ভালর	bh a l O r	native
ভাললাগা	bh a l O l a g a	native
ভালা	bh a l a	native
ভালাই	bh a l a i	native
ভালাজি	bh a l a j i	native
ভালাবুরা	bh a l a b u r a	native
ভালিয়ে	bh a l i y e	native
ভালুকা	bh a l u k a	native
ভালুকায়	bh a l u k a y	native
ভালুকের	bh a l u k e r	native
ভালে	bh a l e	native
ভালেরি	bh a l e r i	native
ভালোই	bh a l O i	native
ভালোও	bh a l O O	native
ভালোকরে	bh a l O k O r e	native
ভালোগুলো	bh a l O g u l O	native
ভালোটা	bh a l O T a	native
ভালোত্ব	bh a l O tt o	tatsama
ভালোবাস	bh a l O b a sh O	loanword
ভালোবাসত	bh a l O b a sh t O	loanword
ভালোবাসতাম	bh a l O b a sh t a m	loanword
ভালোবাসতে	bh a l O b a sh t e	loanword
ভালোবাসতেন	bh a l O b a sh t e n	loanword
ভালোবাসবে	bh a l O b a sh b e	loanword
ভালোবাসবেন	bh a l O b a sh b e n	loanword
ভালোবাসলেই	bh a l O b a sh l e i	loanword
ভালোবাসাই	bh a l O b a sh a i	loanword
ভালোবাসাও	bh a l O b a sh a O	loanword
ভালোবাসাকে	bh a l O b a sh a k e	loanword
ভালোবাসাটা	bh a l O b a sh a T a	loanword
ভালোবাসাটুকু	bh a l O b a sh a T u k u	loanword
ভালোবাসাবাসির	bh a l O b a sh a b a sh i r	compound
ভালোবাসার	bh a l O b a sh a r	loanword
ভালোবাসারই	bh a l O b a sh a r i	loanword
ভালোবাসাহিন	bh a l O b a sh a h i n	loanword
ভালোবাসায়	bh a l O b a sh a y	loanword
ভালোবাসিনি	bh a l O b a sh i n i	loanword
ভালোবাসিলাম	bh a l O b a sh i l a m	loanword
ভালোবাসে	bh a l O b a sh e	loanword
ভালোবাসেন	bh a l O b a sh e n	loanword
ভালোবাসেনি	bh a l O b a sh A n i	loanword
ভালোবাসো	bh a l O b a sh O	loanword
ভালোবেসে	bh a l O b e sh e	native
ভালোবেসেই	bh a l O b e sh e i	native
ভালোবেসেছি	bh a l O b e sh e chh i	native
ভালোবেসেছিল	bh a l O b e sh e chh i l O	native
ভালোবেসেছিলেন	bh a l O b e sh e chh i l e n	compound
ভালোবেসেছেন	bh a l O b e sh e chh e n	native
ভালোভাবেই	bh a l O bh a b e i	native
ভালোমতোই	bh a l O m o t O i	native
ভালোমন্দ	bh a l O m o nd O	native
ভালোমন্দের	bh a l O m o nd e r	native
ভালোমানছত	bh a l O m a n chh o t	native
ভালোমানুশ	bh a l O m a n u sh	native
ভালোমানুশি	bh a l O m a n u sh i	native
ভালোমানের	bh a l O m a n e r	native
ভালোর	bh a l O r	native
ভালোলাগার	bh a l O l a g a r	native
ভালোলাগায়	bh a l O l a g a y	native
ভালোয়	bh a l O y	native
ভাল্ব	bh a l b	loanword
ভাল্লুক	bh a l l u k	native
ভাল্লেত্তা	bh a l l e tt a	native
ভাশন	bh a sh O n	native
ভাশনই	bh a sh o n i	native
ভাশনও	bh a sh o n O	native
ভাশনকালে	bh a sh o n k a l e	native
ভাশনকে	bh a sh o n k e	native
ভাশনটি	bh a sh o n T i	native
ভাশনদানকালে	bh a sh o n d a n k a l e	native
ভাশনে	bh a sh o n e	native
ভাশনেই	bh a sh o n e i	native
ভাশনেও	bh a sh o n e O	native
ভাশনের	bh a sh o n e r	native
ভাশা	bh a sh a	native
ভাশাই	bh a sh a i	native
ভাশাও	bh a sh a O	native
ভাশাকে	bh a sh a k e	native
ভাশাকেই	bh a sh a k e i	native
ভাশাকেও	bh a sh a k e O	native
ভাশাগত	bh a sh a g o t O	native
ভাশাগুলি	bh a sh a g u l i	native
ভাশাগুলো	bh a sh a g u l O	native
ভাশাগুলোকে	bh a sh a g u l O k e	native
ভাশাগুলোর	bh a sh a g u l O r	native
ভাশাগোশ্ঠির	bh a sh a g O sh Th i r	native
ভাশাজাতি	bh a sh a j a t i	native
ভাশাজোদ্ধা	bh a sh a j O d dh o	tatsama
ভাশাজ্ঞান	bh a sh a g e n	tatsama
ভাশাটা	bh a sh a T a	native
ভাশাটাই	bh a sh a T a i	native
ভাশাটাকে	bh a sh a T a k e	native
ভাশাটি	bh a sh a T i	native
ভাশাটিও	bh a sh a T i O	native
ভাশাটিকে	bh a sh a T i k e	native
ভাশাটির	bh a sh a T i r	native
ভাশাতত্ত্ব	bh a sh a t o t t O	tatsama
ভাশাতত্ত্ববিদ	bh a sh a t o t t O b i d	tatsama
ভাশাতত্ত্বের	bh a sh a t o t t e r	tatsama
ভাশাতাত্ত্বিক	bh a sh a t a t t i k	tatsama
ভাশাতে	bh a sh a t e	native
ভাশাতেই	bh a sh a t e i	native
ভাশাতেও	bh a sh a t e O	native
ভাশানচর	bh a sh a n ch o r	native
ভাশানটেক	bh a sh a n T e k	native
ভাশানটেকে	bh a sh a n T e k e	native
ভাশানটেকের	bh a sh a n T e k e r	native
ভাশানিতি	bh a sh a n i t i	native
ভাশানিতির	bh a sh a n i t i r	native
ভাশান্তর	bh a sh a nt o r	native
ভাশান্তরিত	bh a sh a nt o r i t o	native
ভাশান্তরের	bh a sh a nt o r e r	native
ভাশাপরিবারের	bh a sh a p O r i b a r e r	native
ভাশাপ্রেমিরা	bh a sh a pr e m i r a	native
ভাশাবিজ্ঞান	bh a sh a b i g g a n	tatsama
ভাশাবিজ্ঞানি	bh a sh a b i g g a n i	tatsama
ভাশাবিজ্ঞানিদের	bh a sh a b i g g a n i d e r	tatsama
ভাশাবিজ্ঞানিরা	bh a sh a b i g g a n i r a	tatsama
ভাশাবিজ্ঞানে	bh a sh a b i g g a n e	tatsama
ভাশাবিজ্ঞানের	bh a sh a b i g g a n e r	tatsama
ভাশাবিদ	bh a sh a b i d	native
ভাশাবিদদের	bh a sh a b i d d e r	native
ভাশাবিশেশজ্ঞ	bh a sh a b i sh e sh o g g o	tatsama
ভাশাবিশেশজ্ঞদের	bh a sh a b i sh e sh o g g o d e r	tatsama
ভাশাবিশয়ক	bh a sh a b i sh o y o k	native
ভাশাবোইজ্ঞানিক	bh a sh a b O i g g a n i k	tatsama
ভাশাভাশি	bh a sh a bh a sh i	native
ভাশাভাশিদের	bh a sh a bh a sh i d e r	native
ভাশাভাশির	bh a sh a bh a sh i r	native
ভাশাভাশিরা	bh a sh a bh a sh i r a	native
ভাশাভিত্তিক	bh a sh a bh i tt i k	native
ভাশার	bh a sh a r	native
ভাশারই	bh a sh a r i	native
ভাশারও	bh a sh a r O	native
ভাশারিতি	bh a sh a r i t i	native
ভাশারিতির	bh a sh a r i t i r	native
ভাশাশহিদ	bh a sh a sh o h i d	native
ভাশাশহিদদের	bh a sh a sh o h i d d e r	native
ভাশাশহিদেরা	bh a sh a sh o h i d e r a	native
ভাশাশিক্ষা	bh a sh a sh i kkh a	tatsama
ভাশাসংগ্রামি	bh a sh a sh o ng gr a m i	native
ভাশাসংগ্রামিদের	bh a sh a sh o ng gr a m i d e r	compound
ভাশাসংগ্রামিরা	bh a sh a sh o ng gr a m i r a	compound
ভাশাসইনিক	bh a sh a sh O i n i k	native
ভাশাসমুহের	bh a sh a sh o m u h e r	native
ভাশাসহ	bh a sh a sh o h O	native
ভাশাসোইনিক	bh a sh a sh O i n i k	native
ভাশাসোইনিকদের	bh a sh a sh O i n i k d e r	compound
ভাশাসোইনিকের	bh a sh a sh O i n i k e r	native
ভাশাসোইনিকেরা	bh a sh a sh O i n i k e r a	compound
ভাশাহত্যার	bh a sh a h o t t a r	native
ভাশাহিন	bh a sh a h i n	native
ভাশায়	bh a sh a y o	native
ভাশায়ই	bh a sh a y i	native
ভাশায়ও	bh a sh a y O	native
ভাশি	bh a sh i	native
ভাশিক	bh a sh i k	native
ভাশুরের	bh a sh u r e r	native
ভাশে	bh a sh e	native
ভাশ্য	bh a sh sh O	native
ভাশ্যও	bh a sh sh o O	native
ভাশ্যকার	bh a sh sh o k a r	native
ভাশ্যকারই	bh a sh sh o k a r i	native
ভাশ্যকারদের	bh a sh sh o k a r d e r	native
ভাশ্যকারের	bh a sh sh O k a r e r	native
ভাশ্যকারেরা	bh a sh sh o k a r e r a	native
ভাশ্যমতে	bh a sh sh o m o t e	native
ভাশ্যে	bh a sh sh e	native
ভাশ্যের	bh a sh sh e r	native
ভাস	bh a sh	native
ভাসকুলার	bh a sh k u l a r	native
ভাসছি	bh a sh chh i	native
ভাসছিল	bh a sh chh i l O	native
ভাসছিলেন	bh a sh chh i l e n	native
ভাসছে	bh a sh chh e	native
ভাসতে	bh a sh t e	native
ভাসব	bh a sh b o	native
ভাসবে	bh a sh b e	native
ভাসবেন	bh a sh b e n	native
ভাসমান	bh a sh O m a n	native
ভাসল	bh a sh l O	native
ভাসসি	bh a sh sh i	native
ভাসা	bh a sh a	native
ভাসাইলি	bh a sh a i l i	native
ভাসাইয়া	bh a sh a i y a	native
ভাসাতে	bh a sh a t e	native
ভাসান	bh a sh a n	native
ভাসানচর	bh a sh a n ch o r	native
ভাসানটেক	bh a sh a n T e k	native
ভাসানটেকে	bh a sh a n T e k	native
ভাসানি	bh a sh a n i	native
ভাসানিকে	bh a sh a n i k e	native
ভাসানির	bh a sh a n i r	native
ভাসানো	bh a sh a n O	native
ভাসানোর	bh a sh a n O r	native
ভাসাবেন	bh a sh a b e n	native
ভাসার	bh a sh a r	native
ভাসায়	bh a sh a y	native
ভাসি	bh a sh i	native
ভাসিন	bh a sh i n	native
ভাসিনের	bh a sh i n e r	native
ভাসিয়ে	bh a sh i y e	native
ভাসিয়েছিল	bh a sh i y e chh i l o	native
ভাসিয়েছিলেন	bh a sh i y e chh i l e n	native
ভাসিয়েছে	bh a sh i y e chh e	native
ভাসিয়েছেন	bh a sh i y e chh e n	native
ভাসুরক	bh a sh u r o k	native
ভাসুর–ঝি	bh a sh u r jh i	native
ভাসুর–পো	bh a sh u r p O	native
ভাসেন	bh a sh e n	native
ভাসের	bh a sh e r	native
ভাস্করের	bh a s k o r e r	loanword
ভাস্কর্যগুলো	bh a s k o r j O g u l O	loanword
ভাস্কর্যচর্চার	bh a s k o r j o ch o r ch a r	loanword
ভাস্কর্যটি	bh a s k o r j O T i	loanword
ভাস্কর্যটির	bh a s k o r j O T i r	loanword
ভাস্কর্যে	bh a s k o r j e	loanword
ভাস্কর্যের	bh a s k o r j e r	loanword
ভাস্কুলার	bh a s k u l a r	loanword
ভাস্কো	bh a s k O	loanword
ভাস্তে	bh a st e	native
ভাস্বতি	bh a sh sh o t i	tatsama
ভাস্বর	bh a sh sh o r	tatsama
ভাহিদি	bh a h i d i	native
ভাড়	bh a r	native
ভাড়াই	bh a r a i	native
ভাড়াউড়া	bh a r a u r a	native
ভাড়াও	bh a r a O	native
ভাড়াটা	bh a r a T a	native
ভাড়াটিয়া	bh a r a T i y a	native
ভাড়াটিয়াদের	bh a r a T i y a d e r	native
ভাড়াটিয়ার	bh a r a T i y a r	native
ভাড়াটিয়ারা	bh a r a T i y a r a	native
ভাড়াটে	bh a r a T e	native
ভাড়াটেকে	bh a r a T e k e	native
ভাড়াটেদের	bh a r a T e d e r	native
ভাড়াটের	bh a r a T e r	native
ভাড়াটেরা	bh a r a T e r a	native
ভাড়াটেসহ	bh a r a T e sh o h O	native
ভাড়ানো	bh a r a n O	native
ভাড়াবাড়ি	bh a r a b a r i	native
ভাড়াবাড়িতে	bh a r a b a r i t e	native
ভাড়াভিত্তিকভ	bh a r a bh i tt i k	native
ভাড়ারা	bh a r a r a	native
ভাড়ারি	bh a r a r i	native
ভাড়াসহ	bh a r a sh o h O	native
ভাড়ায়	bh a r a y	native
ভাড়ায়চালিত	bh a r a y ch a l i t o	native
ভাড়ের	bh a r e r	native
ভায়	bh a y	native
ভায়না	bh a y n a	native
ভায়নাপাড়া	bh a y n a p a r a	native
ভায়রা	bh a y r a	native
ভায়রার	bh a y r a r	native
ভায়রো	bh a y r O	native
ভায়া	bh a y a	native
ভায়াগ্রা	bh a y a gr a	native
ভায়াদ	bh a y a d	native
ভায়ালক্ষ্মিপুর	bh a y a l o kkh i p u r	tatsama
ভায়েরা	bh a y e r a	native
ভায়ো	bh a y O	native
ভায়োলিন	bh a y O l i n	native
ভায়োলেন্স	bh a y O l e n s	loanword
ভিআইপি	bh i a i p i	native
ভিআইপিদের	bh i a i p i d e r	native
ভিআইপিবিএনএলআই	bh i a i p i b i e n e l a i	compound
ভিআইপির	bh i a i p i r	native
ভিআইপিরা	bh i a i p i r a	native
ভিআর	bh i a r	native
ভিআরএস	bh i a r e s	native
ভিআরএসের	bh i a r e s e r	native
ভিউ	bh i u	native
ভিউআরবি	bh i u a r b i	native
ভিউআরভি	bh i u a r bh i	native
ভিউসনিক	bh i u s o n i k	loanword
ভিউয়ার	bh i u y a r	native
ভিউয়ার্স	bh i u y a r s	loanword
ভিএ	bh i e	native
ভিএইচএফ	bh i e i ch e ph	native
ভিএইচপি	bh i e i ch p i	native
ভিএক্স	bh i e k s	loanword
ভিএক্সের	bh i e k s e r	loanword
ভিএফএস	bh i e ph e s	native
ভিএস	bh i e s	native
ভিওআইপি	bh i O a i p i	native
ভিওআইপিকে	bh i O a i p i k e	native
ভিওআইপির	bh i O a i p i r	native
ভিক	bh i k	native
ভিকটিমকে	bh i k T i m k e	loanword
ভিকটিমের	bh i k T i m e r	loanword
ভিকারুন	bh i k a r u n	native
ভিকারুননিসা	bh i k a r u n n i sh a	native
ভিকারুননিসার	bh i k a r u n n i sh a r	native
ভিকারুননিসায়	bh i k a r u n n i sh a y	native
ভিকি	bh i k i	native
ভিকিংস	bh i k i ng s	loanword
ভিকু	bh i k u	native
ভিক্টর	bh i k T O r	proper_noun
ভিক্টরি	bh i k T O r i	loanword
ভিক্টোরিয়া	bh i k T O r i a	proper_noun
ভিক্টোরিয়াকে	bh i k T O r i y a k e	proper_noun
ভিক্টোরিয়াক্রস	bh i k T O r i y a kr O s	compound
ভিক্টোরিয়ার	bh i k T O r i y a r	proper_noun
ভিক্তর	bh i kt O r	native
ভিক্ষাপাত্র	bh i kkh a p a tr o	tatsama
ভিক্ষাবৃত্তি	bh i kkh a b ri tt i	tatsama
ভিক্ষায়	bh i kkh a y	tatsama
ভিক্ষুকের	bh i kkh u k e r	tatsama
ভিক্ষুকেরা	bh i kkh u k e r a	tatsama
ভিক্ষুগন	bh i kkh u g o n	tatsama
ভিক্ষুদের	bh i kkh u d e r	tatsama
ভিক্ষুসহ	bh i kkh u sh o h O	tatsama
ভিখারি	bh i kh a r i	native
ভিখারির	bh i kh a r i r	native
ভিখিরি	bh i kh i r i	native
ভিখু	bh i kh u	native
ভিখুর	bh i kh u r	native
ভিগি	bh i g i	native
ভিগো	bh i g O	native
ভিজআরটি	bh i j a r T i	native
ভিজআরটির	bh i j a r T i r	native
ভিজছে	bh i j chh e	native
ভিজছেন	bh i j o chh e n	native
ভিজতে	bh i j t e	native
ভিজন	bh i j o n	native
ভিজব	bh i j b o	native
ভিজবে	bh i j b e	native
ভিজল	bh i j l o	native
ভিজলে	bh i j l e	native
ভিজলেও	bh i j l e O	native
ভিজা	bh i j a	native
ভিজানো	bh i j a n O	native
ভিজি	bh i j i	native
ভিজিএফ	bh i j i e ph	native
ভিজিট	bh i j i T	loanword
ভিজিটর	bh i j i T o r	loanword
ভিজিটরের	bh i j i T o r e r	loanword
ভিজিটিং	bh i j i T i ng	loanword
ভিজিটের	bh i j i T e r	loanword
ভিজিডি	bh i j i D i	native
ভিজিডির	bh i j i D i r	native
ভিজিডিসহ	bh i j i D i sh o h O	native
ভিজিলাস্টি	bh i j i l a s T i	loanword
ভিজিলেন্স	bh i j i l A n s	loanword
ভিজিল্যান্স	bh i j i l A n s	loanword
ভিজিয়ে	bh i j i y e	native
ভিজুয়াল	bh i j u y a l o	native
ভিজে	bh i j e	native
ভিজেই	bh i j e i	native
ভিজেও	bh i j e O	native
ভিজেছে	bh i j e chh e	native
ভিজেছেন	bh i j e chh e n	native
ভিজ্যুয়াল	bh i j j u y a l	native
ভিঞ্চির	bh i nch i r	tatsama
ভিট	bh i T	native
ভিটরি	bh i T O r i	native
ভিটরিকে	bh i T o r i k e	native
ভিটরির	bh i T o r i r	native
ভিটরে	bh i T r e	native
ভিটা	bh i T a	native
ভিটাকে	bh i T a k e	native
ভিটাবাড়ি	bh i T a b a r i	native
ভিটামাটি	bh i T a m a T i	native
ভিটামিনের	bh i T a m i n e r	loanword
ভিটায়	bh i T a y	native
ভিটি	bh i T i	native
ভিটে	bh i T e	native
ভিটেছাড়া	bh i T e chh a r a	native
ভিটেতে	bh i T e t e	native
ভিটেবাড়ি	bh i T e b a r i	native
ভিটেবাড়িতে	bh i T e b a r i t e	native
ভিটেমাটিছাড়া	bh i T e m a T i chh a r a	native
ভিটেমাটির	bh i T e m a T i r	native
ভিটের	bh i T e r	native
ভিটোরির	bh i T O r i r	native
ভিডিও	bh i D i O	loanword
ভিডিওকে	bh i D i O k e	loanword
ভিডিওগুলোকে	bh i D i O g u l O k e	loanword
ভিডিওচিত্র	bh i D i O ch i tr O	loanword
ভিডিওচিত্রও	bh i D i O ch i tr O O	loanword
ভিডিওচিত্রটি	bh i D i O ch i tr O T i	loanword
ভিডিওচিত্রসহ	bh i D i O ch i tr o sh o h O	loanword
ভিডিওচিত্রে	bh i D i O ch i tr e	loanword
ভিডিওচিত্রেও	bh i D i O ch i tr o O	loanword
ভিডিওচিত্রের	bh i D i O ch i tr e r	loanword
ভিডিওটা	bh i D i O T a	loanword
ভিডিওটি	bh i D i O T i	loanword
ভিডিওটিকে	bh i D i O T i k e	loanword
ভিডিওটিতে	bh i D i O T i t e	loanword
ভিডিওটির	bh i D i O T i r	loanword
ভিডিওতে	bh i D i O t e	loanword
ভিডিওদৃশ্য	bh i D i O d ri sh sh o	tatsama
ভিডিওবার্তায়	bh i D i O b a r t a y	loanword
ভিডিওর	bh i D i O r	loanword
ভিডিওসহ	bh i D i O sh o h O	loanword
ভিডিপি	bh i D i p i	native
ভিডিপির	bh i D i p i r	native
ভিডিসি	bh i D i s i	native
ভিডিসির	bh i D i s i r	native
ভিত	bh i t	native
ভিতকে	bh i t k e	native
ভিতটা	bh i t T a	native
ভিতটি	bh i t T i	native
ভিতর	bh i t o r	native
ভিতরকুঠি	bh i t O r k u Th i	native
ভিতরগড়	bh i t o r g o r	native
ভিতরগড়ে	bh i t o r g o r e	native
ভিতরগড়ের	bh i t o r g o r e r	native
ভিতরটা	bh i t O r T a	native
ভিতরেই	bh i t O r e i	native
ভিতরেও	bh i t O r e O	native
ভিতসন্ত্রস্ত	bh i t O sh o n t r O st O	native
ভিতাভিতি	bh i t a bh i t i	native
ভিতি	bh i t i	native
ভিতিও	bh i t i O	native
ভিতিকর	bh i t i k o r	native
ভিতিকে	bh i t i k e	native
ভিতিটা	bh i t i T a	native
ভিতিতে	bh i t i t e	native
ভিতিপ্রদ	bh i t i pr o d o	native
ভিতির	bh i t i r	native
ভিতু	bh i t u	native
ভিতেক	bh i t e k	native
ভিতের	bh i t e r	native
ভিত্ত	bh i tt O	native
ভিত্তিই	bh i tt i i	native
ভিত্তিও	bh i tt i O	native
ভিত্তিক	bh i tt i k	native
ভিত্তিকে	bh i tt i k e	native
ভিত্তিটাই	bh i tt i T a i	native
ভিত্তিতে	bh i tt i t e	native
ভিত্তিতেই	bh i tt i t e i	native
ভিত্তিতেও	bh i tt i t e O	native
ভিত্তিপ্রস্তরের	bh i tt i pr o st o r e r	compound
ভিত্তিপ্রস্তুর	bh i tt i pr o st o r	compound
ভিত্তিবছরে	bh i tt i b o chh o r e	native
ভিত্তিবছরের	bh i tt i b o chh o r e r	native
ভিত্তিভুমি	bh i tt i bh u m i	native
ভিত্তিমুল	bh i tt i m u l	native
ভিত্তিমুলে	bh i tt i m u l l e	native
ভিত্তিমুল্য	bh i tt i m u l l O	native
ভিত্তিসম্পন্ন	bh i tt i sh o mp o nn o	compound
ভিত্তিহিন	bh i tt i h i n	native
ভিদভিদে	bh i d bh i d e	native
ভিদা	bh i d a	native
ভিদাল	bh i d a l	native
ভিদালকে	bh i d a l k e	native
ভিদালরা	bh i d a l r a	native
ভিদিক	bh i d i k	native
ভিদিচ	bh i d i ch	native
ভিদেল	bh i d e l	native
ভিদ্য	bh i d d O	native
ভিনগ্রহিরা	bh i n gr O h i r a	native
ভিনগ্রহে	bh i n gr O h e	native
ভিনগ্রহের	bh i n gr O h e r	native
ভিনটেজ	bh i n T e j	loanword
ভিনদেশ	bh i n d e sh	native
ভিনদেশি	bh i n d e sh i	native
ভিনদেশিদের	bh i n d e sh i d e r	native
ভিনদেশের	bh i n d e sh e r	native
ভিনসন	bh i n s o n	proper_noun
ভিনসেন্ট	bh i n s e n T	proper_noun
ভিনা	bh i n a	native
ভিনার	bh i n a r	native
ভিনাস	bh i n a s	proper_noun
ভিনি	bh i n i	native
ভিনিগার	bh i n i g a r	native
ভিনু	bh i n u	native
ভিনে	bh i n e	native
ভিনেগার	bh i n e g a r	native
ভিনেগারে	bh i n e g a r e	native
ভিনেগারের	bh i n e g a r e r	native
ভিন্টারস	bh i n T a r s	proper_noun
ভিন্ডিবাল	bh i n D i b a l	native
ভিন্দিপাল	bh i nd i p a l	native
ভিন্ন	bh i nn O	native
ভিন্নখাতে	bh i nn o kh a t e	native
ভিন্নজগত	bh i nn o j o g o t	native
ভিন্নজগতে	bh i nn o j o g o t e	native
ভিন্নজগতের	bh i nn o j o g o t e r	native
ভিন্নতর	bh i nn O t o r O	native
ভিন্নতা	bh i nn O t a	native
ভিন্নতাও	bh i nn o t a O	native
ভিন্নতার	bh i nn O t a r	native
ভিন্নতায়	bh i nn o t a y	native
ভিন্নধর্মি	bh i nn o dh o r m i	native
ভিন্নধারার	bh i nn O dh a r a r	native
ভিন্নপথে	bh i nn o p o th e	native
ভিন্নমত	bh i nn O m o t	native
ভিন্নমতও	bh i nn o m o t O	native
ভিন্নমতকে	bh i nn O m o t k e	native
ভিন্নমতাবলম্বি	bh i nn o m o t a b o l o mb i	compound
ভিন্নমতাবলম্বিকে	bh i nn o m o t a b o l o mb i k e	compound
ভিন্নমতাবলম্বিদের	bh i nn o m o t a b o l o mb i d e r	compound
ভিন্নমতের	bh i nn O m o t e r	native
ভিন্নমাত্রা	bh i nn O m a tr a	native
ভিন্নমাত্রার	bh i nn O m a tr a r	native
ভিন্নমাত্রিক	bh i nn o m a tr i k	native
ভিন্নমুখি	bh i nn o m u kh i	native
ভিন্নরকম	bh i nn O r o k O m	native
ভিন্নরুপ	bh i nn o r u p	native
ভিন্নরুপে	bh i nn o r u p e	native
ভিন্স	bh i n s	loanword
ভিপি	bh i p i	native
ভিপিএন	bh i p i e n	native
ভিব্রিও	bh i br i O	native
ভিভ	bh i bh	native
ভিভা	bh i bh a	native
ভিভান	bh i bh a n	native
ভিভিআইপি	bh i bh i a i p i	native
ভিভিআইপিদের	bh i bh i a i p i d e r	native
ভিভিআইপির	bh i bh i a i p i r	native
ভিভিইআর	bh i bh i i a r	native
ভিভিটেক	bh i bh i T e k	native
ভিভিয়ান	bh i bh i y a n	native
ভিম	bh i m	native
ভিমগঞ্জ	bh i m g o nj	tatsama
ভিমনাগের	bh i m n a g e r	native
ভিমপুর	bh i m p u r	native
ভিমরতি	bh i m r o t i	native
ভিমরাজ	bh i m r a j	native
ভিমরুল	bh i m r u l	native
ভিমরুলের	bh i m r u l e r	native
ভিমসেন	bh i m sh e n	native
ভিমা	bh i m a	native
ভিম্মি	bh i mm i	native
ভির	bh i r	native
ভিরমি	bh i r m i	native
ভিরা	bh i r a	native
ভিরাট	bh i r a T	proper_noun
ভিরু	bh i r u	native
ভিরুতা	bh i r u t a	native
ভিলা	bh i l a	native
ভিলাকে	bh i l a k e	native
ভিলানোভা	bh i l a n O bh a	native
ভিলানোভাকে	bh i l a n O bh a k e	native
ভিলানোভার	bh i l a n O bh a r	native
ভিলার	bh i l a r	native
ভিলারিয়ালের	bh i l a r i y a l e r	native
ভিলারের	bh i l a r e r	native
ভিলাস	bh i l a sh	native
ভিলায়	bh i l a y	native
ভিলিয়ার্স	bh i l i y a r s	proper_noun
ভিলিয়ার্সও	bh i l i y a r s O	proper_noun
ভিলিয়ার্সের	bh i l i y a r s e r	proper_noun
ভিলেজ	bh i l e j	native
ভিলেজের	bh i l e j e r	native
ভিলেনকে	bh i l e n k e	native
ভিলেনে	bh i l e n e	native
ভিলেনের	bh i l e n e r	native
ভিল্কস	bh i l k s	proper_noun
ভিল্ডার্স	bh i l D a r s	proper_noun
ভিশক	bh i sh o k	native
ভিশনই	bh i sh o n i	native
ভিশনভাবে	bh i sh o n bh a b e	native
ভিশনের	bh i sh O n e r	native
ভিশাল	bh i sh a l	native
ভিশ্ম	bh i sh m O	native
ভিশ্মদেব	bh i sh sh o d e b	native
ভিশ্মের	bh i sh sh e r	native
ভিসকস	bh i s k o s	loanword
ভিসতা	bh i s t a	loanword
ভিসাই	bh i s a i	native
ভিসাও	bh i s a O	native
ভিসাপ্রক্রিয়া	bh i s a pr o kr i y a	compound
ভিসাব্যবস্থা	bh i s a b A b o sth a	native
ভিসাসংক্রান্ত	bh i s a sh o ng kr a nt O	compound
ভিসাসহ	bh i s a sh o h O	native
ভিসায়	bh i s a y	native
ভিসি	bh i s i	native
ভিসিকে	bh i s i k e	native
ভিসিডি	bh i s i D i	native
ভিসিবিরোধি	bh i s i b i r O dh i	native
ভিসির	bh i s i r	native
ভিসেন্তে	bh i s e nt e	proper_noun
ভিসেরা	bh i s e r a	native
ভিসেরার	bh i s e r a r	native
ভিস্ত	bh i st O	native
ভিস্তা	bh i st a	native
ভিস্তারা	bh i st a r a	native
ভিস্যাট	bh i s A T	native
ভিস্যাটের	bh i s A T e r	native
ভিড়	bh i r	native
ভিড়ও	bh i r O	native
ভিড়ছে	bh i r chh e	native
ভিড়টা	bh i r T a	native
ভিড়ত	bh i r t o	native
ভিড়তে	bh i r t e	native
ভিড়তেই	bh i r t e i	native
ভিড়ন	bh i r o n	native
ভিড়বে	bh i r b e	native
ভিড়ল	bh i r l o	native
ভিড়ানোর	bh i r a n O r	native
ভিড়ি	bh i r i	native
ভিড়িয়ে	bh i r i y e	native
ভিড়িয়েছিলেন	bh i r i y e chh i l e n	native
ভিড়িয়েছে	bh i r i y e chh e	native
ভিড়ে	bh i r e	native
ভিড়েও	bh i r e O	native
ভিড়েছে	bh i r e chh e	native
ভিড়েছেন	bh i r e chh e n	native
ভিড়ের	bh i r e r	native
ভিয়া	bh i y a	native
ভিয়াকে	bh i y a k e	native
ভিয়ার	bh i y a r	native
ভিয়ারিয়াল	bh i y a r i y a l	native
ভিয়াস	bh i y a sh	native
ভিয়েটর	bh i y e T o r	native
ভিয়েতনাম	bh i y e t n a m	native
ভিয়েতনামসহ	bh i y e t n a m sh o h O	native
ভিয়েতনামি	bh i y e t n a m i	native
ভিয়েতনামে	bh i y e t n a m e	native
ভিয়েতনামের	bh i y e t n a m e r	native
ভিয়েনা	bh i y e n a	native
ভিয়েনার	bh i y e n a r	native
ভিয়েনায়	bh i y e n a y	native
ভিয়েরা	bh i y e r a	native
ভিয়োলা	bh i y O l a	native
ভু	bh u	native
ভুই	bh u i	native
ভুইঞা	bh u i y a	tatsama
ভুইত্তো	bh u i tt O	native
ভুইফোড়	bh u i ph O r	native
ভুইমালি	bh u i m a l i	native
ভুইয়া	bh u i y a	native
ভুইয়াও	bh u i y a O	native
ভুইয়াকে	bh u i y a k e	native
ভুইয়াপাড়া	bh u i y a p a r a	native
ভুইয়াপাড়ার	bh u i y a p a r a r	native
ভুইয়াপাড়ায়	bh u i y a p a r a y	native
ভুইয়ার	bh u i y a r	native
ভুইয়াসহ	bh u i y a sh o h O	native
ভুও	bh u O	native
ভুক	bh u k	native
ভুকম্প	bh u k o mp O	native
ভুকম্পন	bh u k o mp o n	native
ভুকম্পনে	bh u k o mp o n e	native
ভুকম্পনের	bh u k o mp O n e r	native
ভুকম্পের	bh u k o mp e r	native
ভুকা	bh u k a	native
ভুক্তন	bh u kt o n	native
ভুক্তভোগি	bh u kt O bh O g i	native
ভুক্তভোগিই	bh u kt o bh O g i i	native
ভুক্তভোগিও	bh u kt o bh O g i O	native
ভুক্তভোগিকে	bh u kt o bh O g i k e	native
ভুক্তভোগিদের	bh u kt O bh O g i d e r	native
ভুক্তভোগিমাত্রই	bh u kt o bh O g i m a tr o i	compound
ভুক্তভোগির	bh u kt O bh O g i r	native
ভুক্তভোগিরা	bh u kt O bh O g i r a	native
ভুক্তভোগিরাই	bh u kt o bh O g i r a i	native
ভুক্তভোগিসহ	bh u kt o bh O g i sh o h O	native
ভুক্তা	bh u kt a	native
ভুক্তি	bh u kt i	native
ভুক্তির	bh u kt i r	native
ভুখ	bh u kh	native
ভুখন	bh u kh o n	native
ভুখন্ড	bh u kh o n D O	native
ভুখন্ডকে	bh u kh o n D o k e	native
ভুখন্ডগত	bh u kh o n D o g o t o	native
ভুখন্ডটি	bh u kh o n D o T i	native
ভুখন্ডে	bh u kh o n D e	native
ভুখন্ডের	bh u kh o n D e r	native
ভুখা	bh u kh a	native
ভুখালু	bh u kh a l u	native
ভুখিল	bh u kh i l	native
ভুগছিল	bh u g chh i l O	native
ভুগছিলাম	bh u g chh i l a m	native
ভুগছিলেন	bh u g chh i l e n	native
ভুগছেন	bh u g chh e n	native
ভুগত	bh u g t o	native
ভুগতাম	bh u g t a m	native
ভুগতে	bh u g t e	native
ভুগতেন	bh u g t e n	native
ভুগব	bh u g b o	native
ভুগবে	bh u g b e	native
ভুগবেন	bh u g b e n	native
ভুগর্ভ	bh u g o r bh o	native
ভুগর্ভস্থ	bh u g o r bh O sth O	native
ভুগর্ভস্থিত	bh u g o r bh o sth i t o	native
ভুগর্ভে	bh u g o r bh e	native
ভুগর্ভের	bh u g o r bh e r	native
ভুগলেও	bh u g l e O	native
ভুগহ্বর	bh u g o h o b o r	native
ভুগা	bh u g a	native
ভুগানো	bh u g a n O	native
ভুগি	bh u g i	native
ভুগিয়েছিল	bh u g i y e chh i l o	native
ভুগিয়েছে	bh u g i y e chh e	native
ভুগিয়েছেন	bh u g i y e chh e n	native
ভুগুতি	bh u g u t i	native
ভুগে	bh u g e	native
ভুগেছি	bh u g e chh i	native
ভুগেছে	bh u g e chh e	native
ভুগোল	bh u g O l	native
ভুগোলকে	bh u g O l k e	native
ভুগোলে	bh u g O l e	native
ভুগোলের	bh u g O l e r	native
ভুগ্ন	bh u g n O	native
ভুচকুনি	bh u ch k u n i	native
ভুচরা	bh u ch r a	native
ভুজ	bh u j	native
ভুজংগপ্রয়াত	bh u j o ng g O pr O y a t O	native
ভুজংভাজাং	bh u j o ng bh a j a ng	native
ভুজা	bh u j a	native
ভুজিশ্য	bh u j i sh sh O	native
ভুঞা	bh u i y a	tatsama
ভুঞাপুর	bh u y a p u r	tatsama
ভুঞাপুরে	bh u y a p u r e r	tatsama
ভুঞ্জন	bh u nj o n	tatsama
ভুঞ্জা	bh u nj a	tatsama
ভুটান	bh u T a n	proper_noun
ভুটানও	bh u T a n O	proper_noun
ভুটানকে	bh u T a n k e	proper_noun
ভুটানকেও	bh u T a n k e O	proper_noun
ভুটানসহ	bh u T a n sh o h O	proper_noun
ভুটানি	bh u T a n i	proper_noun
ভুটানেও	bh u T a n e O	proper_noun
ভুটানের	bh u T a n e r	proper_noun
ভুট্টার	bh u T T a r	native
ভুট্টাসহ	bh u T T a sh o h O	native
ভুট্টোও	bh u T T O O	proper_noun
ভুট্টোর	bh u T T O r	proper_noun
ভুডু	bh u D u	loanword
ভুতগ্রস্তের	bh u t gr o st e r	native
ভুতটা	bh u t T a	native
ভুতটাকে	bh u t T a k e	native
ভুতত্ত্ব	bh u t o t t O	tatsama
ভুতত্ত্ববিদ	bh u t o t t o b i d	tatsama
ভুতত্ত্ববিদদের	bh u t o t t o b i d d e r	tatsama
ভুতত্ত্বের	bh u t o t t e r	tatsama
ভুতদের	bh u t d e r	native
ভুতপুর্ব	bh u t o p u r b o	native
ভুতল	bh u t o l	native
ভুতাত্ত্বিক	bh u t a t t i k	tatsama
ভুতাত্ত্বিকেরা	bh u t a tt i k o k e r a	tatsama
ভুতাপেক্ষ	bh u t a p e kkh o	tatsama
ভুতার্থ	bh u t a r th O	native
ভুতি	bh u t i	native
ভুতিহাস	bh u t i h a sh	native
ভুতিয়া	bh u t i y a	native
ভুতিয়ার	bh u t i y a r	native
ভুতুড়ে	bh u t u r e	native
ভুতে	bh u t e	native
ভুতের	bh u t e r	native
ভুতেরা	bh u t e r a	native
ভুত্বকের	bh u t o k e r	tatsama
ভুদি	bh u d i	native
ভুদো	bh u d O	native
ভুনি	bh u n i	native
ভুনুশ	bh u n u sh	native
ভুনে	bh u n e	native
ভুপতি	bh u p O t i	native
ভুপাতিত	bh u p a t i t O	native
ভুপালে	bh u p a l e	native
ভুপিন্দর	bh u p i nd o r	native
ভুপৃশ্ঠ	bh u p ri sh Th O	tatsama
ভুপৃশ্ঠে	bh u p ri sh Th e	tatsama
ভুপৃশ্ঠের	bh u p ri sh Th e r	tatsama
ভুপেন	bh u p e n	native
ভুপেন্দ	bh u p e nd o	native
ভুপেশ	bh u p e sh	native
ভুপ্রকৃতি	bh u pr o k r i t i	tatsama
ভুবনবিখ্যাত	bh u b o n b i kh A t o	native
ভুবনমোহন	bh u b o n m O h o n	native
ভুবনমোহনের	bh u b o n m O h o n e r	native
ভুবনমোহিনি	bh u b O n m O h i n i	native
ভুবনে	bh u b o n e	native
ভুবনের	bh u b o n e r	native
ভুবনেশ্বরে	bh u b o n e sh sh o r e	tatsama
ভুবনেশ্বরের	bh u b o n e sh sh o r e r	tatsama
ভুবর্লোক	bh u b o r l O k	native
ভুবিজ্ঞান	bh u b i ng g a n	tatsama
ভুভাগের	bh u bh a g e r	native
ভুভুজেলা	bh u bh u j e l a	native
ভুভুজেলার	bh u bh u j e l a r	native
ভুম	bh u m	native
ভুমধ্যসাগর	bh u m o d dh o sh a g o r	native
ভুমধ্যসাগরিয়	bh u m o d dh o sh a g o r i y	native
ভুমধ্যসাগরে	bh u m o d dh o sh a g o r e	native
ভুমধ্যসাগরের	bh u m o d dh o sh a g o r e r	native
ভুমা	bh u m a	native
ভুমি	bh u m i	native
ভুমিই	bh u m i i	native
ভুমিকম্প	bh u m i k o mp O	native
ভুমিকম্পই	bh u m i k o mp o i	native
ভুমিকম্পও	bh u m i k o mp o O	native
ভুমিকম্পকে	bh u m i k o mp o k e	native
ভুমিকম্পগুলো	bh u m i k o mp O g u l O	native
ভুমিকম্পটি	bh u m i k o mp O T i	native
ভুমিকম্পটির	bh u m i k o mp O T i r	native
ভুমিকম্পদুর্গত	bh u m i k o mp o d u r g o t o	compound
ভুমিকম্পনিরোধক	bh u m i k o mp o n i r O dh o k	compound
ভুমিকম্পপ্রবন	bh u m i k o mp O pr O b O n	compound
ভুমিকম্পবিধ্বস্ত	bh u m i k o mp o b i d dh o st o	tatsama
ভুমিকম্পরোধি	bh u m i k o m r O dh i	native
ভুমিকম্পসহ	bh u m i k o mp o sh o h O	native
ভুমিকম্পে	bh u m i k o mp e	native
ভুমিকম্পেই	bh u m i k o mp e i	native
ভুমিকম্পেও	bh u m i k o mp e O	native
ভুমিকম্পের	bh u m i k o mp e r	native
ভুমিকা	bh u m i k a	native
ভুমিকাই	bh u m i k a i	native
ভুমিকাও	bh u m i k a O	native
ভুমিকাকে	bh u m i k a k e	native
ভুমিকাটা	bh u m i k a T a	native
ভুমিকাটাই	bh u m i k a T a i	native
ভুমিকাটি	bh u m i k a T i	native
ভুমিকাতেই	bh u m i k a t e i	native
ভুমিকার	bh u m i k a r	native
ভুমিকারও	bh u m i k a r O	native
ভুমিকাসহ	bh u m i k a sh o h O	native
ভুমিকায়	bh u m i k a y	native
ভুমিকায়ই	bh u m i k a y i	native
ভুমিকায়ও	bh u m i k a y O	native
ভুমিকে	bh u m i k e	native
ভুমিক্ষয়	bh u m i kh o y	tatsama
ভুমিখেকো	bh u m i kh e k O	native
ভুমিগ্রাস	bh u m i gr a sh	native
ভুমিগ্রাসি	bh u m i gr a sh i	native
ভুমিগ্রাসের	bh u m i gr a sh e r	native
ভুমিজ	bh u m i j	native
ভুমিতে	bh u m i t e	native
ভুমিদখল	bh u m i d o kh o l	native
ভুমিদস্যু	bh u m i d o sh sh u	native
ভুমিদস্যুতা	bh u m i d o sh sh u t a	native
ভুমিদস্যুতার	bh u m i d o sh sh u t a r	native
ভুমিদস্যুদের	bh u m i d o sh sh u d e r	native
ভুমিদস্যুর	bh u m i d o sh sh u r	native
ভুমিদস্যুরা	bh u m i d o sh sh u r a	native
ভুমিধস	bh u m i dh o sh	native
ভুমিধসে	bh u m i dh o sh e	native
ভুমিধসের	bh u m i dh o sh e r	native
ভুমিন্দ্র	bh u m i ndr O	native
ভুমিবল	bh u m i b o l	native
ভুমিবিরোধ	bh u m i b i r O dh	native
ভুমিবিরোধই	bh u m i b i r O dh i	native
ভুমিবিরোধের	bh u m i b i r O dh e r	native
ভুমিবিশেশ	bh u m i b i sh e sh	native
ভুমিবিশয়ক	bh u m i b i sh o y o k	native
ভুমিমন্ত্রি	bh u m i m o n t r i	native
ভুমিমন্ত্রির	bh u m i m o nt ri r	native
ভুমিমাইন	bh u m i m a i n	native
ভুমিমাইনের	bh u m i m a i n e r	native
ভুমিমালিক	bh u m i m a l i k	native
ভুমির	bh u m i r	native
ভুমিরুপ	bh u m i r u p o	native
ভুমিশ্ট	bh u m i sh T O	native
ভুমিশ্ঠ	bh u m i sh Th O	native
ভুমিসংক্রান্ত	bh u m i sh o ng kr a nt O	compound
ভুমিসংশ্লিশ্ট	bh u m i sh o ng sh l i sh Th o	compound
ভুমিসংস্কার	bh u m i sh o ng s k a r	loanword
ভুমিসচিব	bh u m i sh o ch i b	native
ভুমিসচিবকে	bh u m i sh o ch i b k e	native
ভুমিসম্পদ	bh u m i sh o mp o d	native
ভুমিসহ	bh u m i sh o h O	native
ভুমিহিন	bh u m i h i n	native
ভুমিহিনদের	bh u m i h i n d e r	native
ভুমিহিনরা	bh u m i h i n r a	native
ভুমিহিনের	bh u m i h i n e r	native
ভুমিহিনেরা	bh u m i h i n e r a	native
ভুমে	bh u m e	native
ভুম্যধিকারি	bh u m m O dh i k a r i	native
ভুর	bh u r	native
ভুরকি	bh u r k i	native
ভুরঘাটা	bh u r gh a T a	native
ভুরা	bh u r a	native
ভুরাজনইতিক	bh u r a j n O i t i k	native
ভুরাজনোইতিক	bh u r a j n O i t i k	native
ভুরি	bh u r i	native
ভুরিভোজ	bh u r i bh O j	native
ভুরিশ্বর	bh u r i sh sh o r	tatsama
ভুরিয়া	bh u r i y a	native
ভুরুংগামারি	bh u r u ng g a m a r i	native
ভুরুংগামারির	bh u r u ng g a m a r i r	native
ভুরো	bh u r O	native
ভুর্জ	bh u r j O	native
ভুর্লোক	bh u r l O k	native
ভুলও	bh u l O	native
ভুলকে	bh u l k e	native
ভুলগুলো	bh u l g u l O	native
ভুলগুলোর	bh u l g u l O r	native
ভুলটা	bh u l T a	native
ভুলটি	bh u l T i	native
ভুলতা	bh u l t a	native
ভুলতেই	bh u l t e i	native
ভুলত্রুটি	bh u l tr u T i	native
ভুলত্রুটিগুলো	bh u l tr u T i g u l O	compound
ভুলত্রুটির	bh u l tr u T i r	native
ভুলন্ঠিত	bh u l o n Th i t o	native
ভুলব	bh u l b O	native
ভুলবাবু	bh u l b a b u	native
ভুলবার	bh u l b a r	native
ভুলবে	bh u l b e	native
ভুলবেন	bh u l b e n	native
ভুলভাবে	bh u l bh a b e	native
ভুলভাল	bh u l bh a l	native
ভুলভ্রান্তি	bh u l bh r a nt i	native
ভুলভ্রান্তির	bh u l bh r a nt i r	native
ভুললে	bh u l l e	native
ভুলি	bh u l i	native
ভুলিতে	bh u l i t e	native
ভুলিনি	bh u l i n i	native
ভুলিয়ে	bh u l i y e	native
ভুলুন্ঠিত	bh u l u n Th i t O	native
ভুলে	bh u l e	native
ভুলেই	bh u l e i	native
ভুলেও	bh u l e O	native
ভুলেন	bh u l e n	native
ভুলের	bh u l e r	native
ভুলোমনা	bh u l O m o n a	native
ভুল্গুলোও	bh u l g u l O O	native
ভুশ	bh u sh	native
ভুশন	bh u sh o n	native
ভুশনসহ	bh u sh o n sh o h O	native
ভুশনাই	bh u sh o n a i	native
ভুশা	bh u sh a	native
ভুশি	bh u sh i	native
ভুশিত	bh u sh i t O	native
ভুশুড়ি	bh u sh u r i	native
ভুশ্টিনাশ	bh u sh T i n a sh	native
ভুস	bh u sh	native
ভুসংগ	bh u sh o ng g O	native
ভুসম্পত্তি	bh u sh o mp o tt i	native
ভুসম্পদ	bh u sh o mp o d	native
ভুসি	bh u sh i	native
ভুসিমুজি	bh u sh i m u j i	native
ভুসির	bh u sh i r	native
ভুস্বর্গ	bh u sh o r g O	tatsama
ভুস্বামি	bh u sh a m i	tatsama
ভুড়বুড়িয়া	bh u r b u r i y a	native
ভুড়ভুড়	b u r b u r	native
ভুড়া	bh u r a	native
ভুড়ি	bh u r i	native
ভুয়ঃ	bh u y O h	tatsama
ভুয়সি	bh u y o sh i	native
ভুয়া	bh u y a	native
ভুয়াপুর	bh u y a p u r	native
ভুয়াপুরে	bh u y a p u r e	native
ভুয়িশ্ঠ	bh u y i sh Th O	native
ভুয়েস	bh u y e sh	native
ভুয়োছড়া	bh u y O chh o r a	native
ভৃংগ	bh ri ng g O	tatsama
ভৃংগার	bh ri ng g a r o	tatsama
ভৃংগারিকা	bh ri ng g a r i k a	tatsama
ভৃগু	bh ri g u	tatsama
ভৃত	bh ri t O	tatsama
ভৃতি	bh ri t i	tatsama
ভৃত্য	bh ri t t O	tatsama
ভৃত্যদের	bh ri t t o d e r	tatsama
ভৃশ	bh ri sh	tatsama
ভৃশ্ট	bh r i sh T o	tatsama
ভেংকট	bh e ng k o T	proper_noun
ভেংগসরকার	bh e ng g o s o r k a r	proper_noun
ভেংগে	bh e ng g e	native
ভেংচা	bh A ng ch a	native
ভেংচানো	bh A ng ch a n O	native
ভেংচি	bh e ng ch i	native
ভেংে	bh e ng g e	native
ভেংেই	bh e ng g e i	native
ভেংেও	bh e ng O	native
ভেংেচুরে	bh e ng g e ch u r e	native
ভেংেছি	bh e ng g e chh i	native
ভেংেছিল	bh e ng g e chh i l O	native
ভেংেছিলেন	bh e ng g e chh i l e n	native
ভেংেছে	bh e ng g e chh e	native
ভেংেছেই	bh e ng g e chh e i	native
ভেংেছেন	bh e ng g e chh e n	native
ভেইস	bh e i sh	native
ভেউ	bh e u	native
ভেউড়	bh e u r	native
ভেওলা	bh e O l a	native
ভেক	bh e k	native
ভেকু	bh e k u	native
ভেকুটিয়া	bh e k u T i y a	native
ভেখ	bh e kh	native
ভেগাসে	bh e g a s e	proper_noun
ভেগাসের	bh e g a s e r	proper_noun
ভেগে	bh e g e	native
ভেচ	bh e ch	native
ভেজ	bh e j	native
ভেজা	bh e j a	native
ভেজাতে	bh e j a t e	native
ভেজান	bh e j a n O	native
ভেজানো	bh e j a n O	native
ভেজার	bh e j a r	native
ভেজাল	bh A j a l	native
ভেজালকারি	bh e j a l k a r i	native
ভেজালকারিকে	bh e j a l k a r i k e	native
ভেজালবিরোধি	bh e j a l b i r O dh i	native
ভেজালমিশ্রিত	bh e j a l m i sh r i t o	native
ভেজালমুক্ত	bh e j a l m u kt O	native
ভেজালাম	bh e j a l a m	native
ভেজিটেবল	bh e j i T e b o l	loanword
ভেজে	bh e j e	native
ভেজেনি	bh e j e n i	native
ভেজ্জাজিওয়া	bh e j j a j i O y a	native
ভেজ্জাজিওয়ার	bh e j j a j i O y a r	native
ভেজ্জাজিভার	bh e j j a j i bh a r	native
ভেট	bh e T	native
ভেটখালি	bh e i kh a l i	native
ভেটা	bh e T a	native
ভেটেরান	bh e T e r a n	loanword
ভেটোর	bh e T O r	loanword
ভেট্টরি	bh e T T O r i	proper_noun
ভেট্টোরি	bh e T T o r i	proper_noun
ভেট্টোরিই	bh e T T o r i i	proper_noun
ভেট্টোরিকে	bh e T T o r i k e	proper_noun
ভেট্টোরিদের	bh e T T o r i d e r	proper_noun
ভেট্টোরির	bh e T T O r i r	proper_noun
ভেট্টোরিরা	bh e T T o r i r a	proper_noun
ভেতর	bh e t O r	native
ভেতরই	bh e t O r i	native
ভেতরও	bh e t O r O	native
ভেতরকার	bh e t O r k a r	native
ভেতরটা	bh e t O r T a	native
ভেতরেই	bh e t O r e i	native
ভেতরেও	bh e t O r e O	native
ভেতরের	bh e t O r e r	native
ভেতো	bh e t O	native
ভেত্তা	bh e tt a	native
ভেদ	bh e d	native
ভেদবমি	bh e d b O m i	native
ভেদরেখা	bh e d r e kh a	native
ভেদাভেদ	bh e d a bh e d	native
ভেদাভেদের	bh e d a bh e d e r	native
ভেদুরিয়া	bh e d u r i y a	native
ভেনচার	bh e n ch a r	native
ভেনাস	bh e n a s	proper_noun
ভেনাসকে	bh e n a s k e	proper_noun
ভেনাসের	bh e n a s e r	proper_noun
ভেনিস	bh e n i s	proper_noun
ভেনিসে	bh e n i s e	proper_noun
ভেনিসের	bh e n i s e r	proper_noun
ভেনু	bh e n u	native
ভেনুতে	bh e n u t e	native
ভেনেসা	bh e n e s a	proper_noun
ভেন্টার	bh e n T a r	proper_noun
ভেন্টারের	bh e n T a r e r	proper_noun
ভেন্টিলেটর	bh e n T i l e T O r	loanword
ভেন্যু	bh e n u	native
ভেন্যুগুলো	bh e n u g u l O	native
ভেন্যুগুলোর	bh e n u g u l O r	native
ভেন্যুতে	bh e n n u t e	native
ভেন্যুতেই	bh e n u t e i	native
ভেন্যুর	bh e n u r	native
ভেপসা	bh e p sh a	native
ভেপু	bh e p u	native
ভেবেই	bh e b e i	native
ভেবেও	bh e b e O	native
ভেবেচিন্তে	bh e b e ch i nt e	native
ভেবেচিন্তেই	bh e b e ch i nt e i	native
ভেবেছ	bh e b e chh o	native
ভেবেছিল	bh e b e chh i l O	native
ভেবেছিলাম	bh e b e chh i l a m	native
ভেবেছিলেন	bh e b e chh i l e n	native
ভেবেছেন	bh e b e chh e n	native
ভেবো	bh e b O	native
ভেবড়ানো	bh A b r a n O	native
ভেমো	bh e m O	native
ভেরডার	bh e r D a r	native
ভেরন	bh e r o n	native
ভেরনকে	bh e r o n k e	native
ভেরনের	bh e r o n e r	native
ভেরাইজন	bh e r a i j o n	native
ভেরি	bh e r i	native
ভেরুয়া	bh e r u y a	native
ভেরে	bh e r e a sh a	native
ভেরেন্ডা	bh A r e n D a	native
ভেরেন্ডি	bh e r e n D i	native
ভেরেন্ডির	bh e r e n D i r	native
ভেরোনিকা	bh e r O n i k a	native
ভেল	bh e l	native
ভেলক	bh e l o k	native
ভেলকি	bh e l k i	native
ভেলভেট	bh e l bh e T	loanword
ভেলর	bh A l o r	native
ভেলা	bh e l a	native
ভেলানগর	bh e l a n o g o r	native
ভেলার	bh e l a r	native
ভেলায়	bh e l a y	native
ভেলি	bh e l i	native
ভেলিয়া	bh e l i a	native
ভেলু	bh e l u	native
ভেলুমিয়া	bh e l u m i y a	native
ভেলেগেদারা	bh e l e g e d a r a	native
ভেলের	bh e l e r	native
ভেলোর	bh e l O r	native
ভেশ	bh e sh	native
ভেশজ	bh e sh o j	native
ভেসকা	bh e sh k a	native
ভেসনিনার	bh e s n i n a r	proper_noun
ভেসাল	bh A sh a l	native
ভেসালগুলো	bh e sh a l g u l O	native
ভেসে	bh e sh e	native
ভেসেছিল	bh e sh e chh i l	native
ভেসেছে	bh e sh e chh e	native
ভেসেছেন	bh e sh e chh e n	native
ভেসেল	bh e s e l	loanword
ভেস্ত	bh e st O	native
ভেস্তা	bh e st a	native
ভেস্তে	bh e st e	native
ভেহিকল	bh e h i k O l	native
ভেহিকেল	bh e h i k e l	native
ভেহিক্যাল	bh e h i k A l	native
ভেহিক্যালস	bh e h i k A l s	loanword
ভেড়াকে	bh e r a k e	native
ভেড়াতে	bh e r a t e	native
ভেড়ানো	bh e r a n O	native
ভেড়ানোর	bh e r a n O r	native
ভেড়ামারা	bh e r a m a r a	native
ভেড়ামারার	bh e r a m a r a r	native
ভেড়ামারায়	bh e r a m a r a y	native
ভেড়ার	bh e r a r	native
ভেড়ায়	bh e r a y	native
ভেড়ি	bh e r i	native
ভেড়ে	bh e r e	native
ভেয়ান	bh e y a n	native
ভোইক্ষ	bh O i kkh o	tatsama
ভোইন	bh O i n	native
ভোইরব	bh O i r o b	native
ভোইরবগামি	bh O i r o b g a m i	native
ভোইরববাজার	bh O i r o b b a j a r	native
ভোইরবসহ	bh O i r o b sh o h O	native
ভোইরবি	bh O i r o b i	native
ভোইরবে	bh O i r o b e	native
ভোইরবের	bh O i r o b e r	native
ভোইরো	bh O i r O	native
ভোইল	bh O i l O	native
ভোইশজ	bh O i sh o j	native
ভোউগলিক	bh O u g O l i k	native
ভোউগোলিক	bh O u g O l i k	native
ভোউগোলিকভাবে	bh O u g O l i k bh a b e	native
ভোউত	bh O O t O	native
ভোউতিক	bh O u t i k	native
ভোউম	bh O u m O	native
ভোউমিক	bh O u m i k	native
ভোউমিকএকজন	bh O O m i k e k j O n	native
ভোউমিককে	bh O u m i k k e	native
ভোউমিকের	bh O u m i k e r	native
ভোকালিস্ট	bh O k a l i s T	loanword
ভোকোত	bh O k O t o	native
ভোক্তব্য	bh O kt O b b O	native
ভোক্তা	bh O kt a	native
ভোক্তাকে	bh O kt a k e	native
ভোক্তাদের	bh O kt a d e r	native
ভোক্তাদেরও	bh O kt a d e r O	native
ভোক্তাপর্যায়	bh O kt a p o r j a y	native
ভোক্তার	bh O kt a r	native
ভোক্তারা	bh O kt a r a	native
ভোক্তাসাধারন	bh O kt a sh a dh a r o n	native
ভোক্তাসাধারনের	bh O kt a sh a dh a r o n e r	compound
ভোগ	bh O g	native
ভোগকারি	bh O g k a r i	native
ভোগকে	bh O g k e	native
ভোগদখল	bh O g d o kh o l	native
ভোগদখলে	bh O g d o kh o l e	native
ভোগদখলের	bh O g d o kh o l e r	native
ভোগবতি	bh O g O b O t i	native
ভোগবাদ	bh O g b a d	native
ভোগবাদি	bh O g b a d i	native
ভোগবাদিতার	bh O g b a d i t a r	native
ভোগবিলাস	bh O g b i l a sh	native
ভোগবিলাসে	bh O g b i l a sh e	native
ভোগবিলাসের	bh O g b i l a sh e r	native
ভোগবেতাল	bh O g b e t a l	native
ভোগব্যয়	bh O g b A y	native
ভোগরত	bh O g r o t o	native
ভোগরা	bh O g r a	native
ভোগলিপ্সা	bh O g l i p sh a	native
ভোগা	bh O g a	native
ভোগাই	bh O g a i	native
ভোগাচ্ছিল	bh O g a ch chh i l o	native
ভোগাচ্ছে	bh O g a ch chh e	native
ভোগাতে	bh O g a t e	native
ভোগানে	bh O g a n e	native
ভোগানো	bh O g a n O	native
ভোগান্তিই	bh O g a nt e i	native
ভোগান্তিও	bh O g a nt i O	native
ভোগান্তিটা	bh O g a nt i T a	native
ভোগাবে	bh O g a b e	native
ভোগার্হ	bh O g a r h O	native
ভোগাসক্ত	bh O g a sh o kt O	native
ভোগায়	bh O g a y	native
ভোগায়তন	bh O g a y O t o n	native
ভোগি	bh O g i	native
ভোগিরাই	bh O g i r a i	native
ভোগে	bh O g e	native
ভোগেন	bh O g e n	native
ভোগের	bh O g e r	native
ভোগোইশ্বর্য	bh O g O i sh sh o r j O	tatsama
ভোগোত্তর	bh O g O tt o r	native
ভোগ্য	bh O g g O	native
ভোগ্যপন্য	bh O g g O p O n n O	native
ভোগ্যপন্যসহ	bh O g g o p o n n o sh o h O	native
ভোগ্যপন্যে	bh O g g o p o n n e	native
ভোগ্যপন্যের	bh O g g o p o n n e r	native
ভোগড়া	bh O g r a	native
ভোজনরসিক	bh O j O n r O sh i k	native
ভোজনরসিকদের	bh O j O n r O sh i k d e r	native
ভোজনরসিকেরা	bh O j o n r o sh i k e r a	native
ভোজপুরি	bh O j p u r i	native
ভোজবাজি	bh O j b a j i	native
ভোজবিদ্যা	bh O j b i d d a	native
ভোজরি	bh O j r i	native
ভোজসভা	bh O j sh o bh a	native
ভোজসভার	bh O j sh o bh a r	native
ভোজসভায়	bh O j sh o bh a y	native
ভোজালি	bh O j a l i	native
ভোজি	bh O j i	native
ভোজে	bh O j e	native
ভোজের	bh O j e r	native
ভোজেস	bh O j e sh	native
ভোজেসের	bh O j e sh e r	native
ভোজ্য	bh O j j O	native
ভোজ্যতেলবাহি	bh O j j o t e l b a h i	native
ভোজ্যতেলসহ	bh O j j o t e l sh o h O	native
ভোজ্যতেলে	bh O j j o t e l e	native
ভোজ্যতেলের	bh O j j O t e l e r	native
ভোজয়িতা	bh O j O y i t a	native
ভোটই	bh O T i	native
ভোটও	bh O T O	native
ভোটকক্ষ	bh O T k o kkh O	tatsama
ভোটকক্ষে	bh O T k o kkh e	tatsama
ভোটকক্ষের	bh O T k O kkh e r	tatsama
ভোটকা	bh O T k a	native
ভোটকে	bh O T k e	native
ভোটকেন্দ্র	bh O T k e ndr o	native
ভোটকেন্দ্রগুলো	bh O T k e ndr o g u l O	compound
ভোটকেন্দ্রগুলোতে	bh O T k e ndr O g u l O t e	compound
ভোটকেন্দ্রগুলোর	bh O T k e ndr o g u l O r	compound
ভোটকেন্দ্রে	bh O T k e ndr e	native
ভোটকেন্দ্রেই	bh O T k e ndr e i	native
ভোটগুলো	bh O T g u l O	native
ভোটগ্রহন	bh O T gr O h O n	native
ভোটগ্রহনের	bh O T gr O h O n e r	native
ভোটজুদ্ধে	bh O T j u d dh e	tatsama
ভোটজুদ্ধের	bh O T j u d dh e r	tatsama
ভোটটা	bh O T T a	native
ভোটটি	bh O T T i	native
ভোটদাতাদের	bh O T d a t a d e r	native
ভোটদাতার	bh O T d a t a r	native
ভোটবিহিন	bh O T b i h i n	native
ভোটব্যাংকের	bh O T b A ng k e r	loanword
ভোটাদের	bh O T a d e r	native
ভোটাধিকারের	bh O T a dh i k a r e r	native
ভোটাভুটিতে	bh O T a bh u T i t e	native
ভোটারই	bh O T a r i	native
ভোটারও	bh O T a r O	native
ভোটারকে	bh O T a r k e	native
ভোটারজোগ্য	bh O T a r j O g g O	native
ভোটারদের	bh O T a r d e r	native
ভোটারবিহিন	bh O T a r b i h i n	native
ভোটাররা	bh O T a r r a	native
ভোটাররাই	bh O T a r r a i	native
ভোটারশুন্য	bh O T a r sh u n n o	native
ভোটারসংখ্যা	bh O T a r sh o ng kh a	native
ভোটারসংখ্যার	bh O T a r sh o ng kh A r	native
ভোটারের	bh O T a r e r	native
ভোটারেরা	bh O T a r e r a	native
ভোটিং	bh O T i ng	native
ভোটে	bh O T e	native
ভোটেই	bh O T e i	native
ভোটেও	bh O T e O	native
ভোডাফোন	bh O D a ph O n	loanword
ভোডাফোনের	bh O D a ph O n e r	loanword
ভোতা	bh O t a	native
ভোদা	bh O d a	native
ভোদড়	bh O d O r	native
ভোপাল	bh O p a l	native
ভোপালের	bh O p a l e r	native
ভোমর	bh O m O r	native
ভোমরা	bh O m r a	native
ভোমা	bh O m a	native
ভোরংগ	bh O r o ng g O	native
ভোরবেলা	bh O r b e l a	native
ভোরবেলায়	bh O r b e l a y	native
ভোরাই	bh O r a i	native
ভোরি	bh O r i	native
ভোরে	bh O r e	native
ভোরেই	bh O r e i	native
ভোরের	bh O r e r	native
ভোর্টিগার্ন	bh O r T i g a r n	proper_noun
ভোলা	bh O l a	native
ভোলাইল	bh O l a i l	native
ভোলাকে	bh O l a k e	native
ভোলাগঞ্জ	bh O l a g o nj	tatsama
ভোলানাথ	bh O l a n a th	native
ভোলানো	bh O l a n O	native
ভোলানোর	bh O l a n O r	native
ভোলাবাসি	bh O l a b a sh i	loanword
ভোলাবাসির	bh O l a b a sh i r	loanword
ভোলার	bh O l a r	native
ভোলাসহ	bh O l a sh o h O	native
ভোলাহাট	bh O l a h a T	native
ভোলায়	bh O l a y	native
ভোলেন	bh O l e n	native
ভোলেননি	bh O l e n n i	native
ভোলেনি	bh O l e n i	native
ভোল্ট	bh O l T	loanword
ভোল্টেজ	bh O l T e j	loanword
ভোল্টেজের	bh O l T e j e r	loanword
ভোল্টের	bh O l T e r	loanword
ভোশলে	bh O sh l e	native
ভোশলের	bh O sh l e r	native
ভোস	bh O sh bh O sh	native
ভোসলে	bh O sh l e	native
ভোসলের	bh O sh l e r	native
ভোড়ামারা	bh O r a m a r a	native
ভ্যা	bh A	native
ভ্যাংকুভার	bh A ng k u bh a r	native
ভ্যাংকুভারে	bh A ng k u bh a r e	native
ভ্যাংকুভারের	bh A ng k u bh a r e r	native
ভ্যাংচানো	bh A ng ch a n O	native
ভ্যাকসিন	bh A k s i n	loanword
ভ্যাকসিনের	bh A k s i n e r	loanword
ভ্যাকান্সি	bh A k a n s i	loanword
ভ্যাকু	bh A k u	native
ভ্যাকুয়াম	bh A k u y a m	native
ভ্যাকেশন	bh A k e sh o n	native
ভ্যাচ	bh A ch	native
ভ্যাজাইনাল	bh A j a i n a l	native
ভ্যাজাল	bh A j a l	native
ভ্যাটসহ	bh A T sh o h O	loanword
ভ্যাটিকান	bh A T i k a n	proper_noun
ভ্যাটিকানে	bh A T i k a n e	proper_noun
ভ্যাটিকানের	bh A T i k a n e r	proper_noun
ভ্যাটের	bh A T e r	loanword
ভ্যাদা	bh A d a	native
ভ্যানও	bh A n O	native
ভ্যানকুভার	bh A n k u bh a r	native
ভ্যানকে	bh A n k e	native
ভ্যানগার্ড	bh A n g a r D	loanword
ভ্যানগাড়ি	bh A n g a r i	native
ভ্যানগাড়িতে	bh A n g a r i t e	native
ভ্যানগাড়ির	bh A n o g a r i r	native
ভ্যানচালক	bh A n ch a l O k	native
ভ্যানচালককে	bh A n ch a l o k k e	native
ভ্যানচালকদের	bh A n ch a l o k d e r o	native
ভ্যানজাত্রি	bh A n A tr i	native
ভ্যানজেটি	bh A n j e T i	proper_noun
ভ্যানজেত্তির	bh A n j e tt i r	native
ভ্যানজোগে	bh A n j O g e	native
ভ্যানটি	bh A n T i	native
ভ্যানটিকে	bh A n T i k e	native
ভ্যানটির	bh A n T i r	native
ভ্যানডারবিল্ট	bh A n D a r b i l T	compound
ভ্যানডায়ার	bh A n D a y a r	native
ভ্যানসহ	bh A n sh o h O	native
ভ্যানিটি	bh A n i T i	loanword
ভ্যানিলা	bh A n i l a	native
ভ্যানে	bh A n e	native
ভ্যানের	bh A n e r	native
ভ্যান্ডারলি	bh A n D a r l i	native
ভ্যাপসা	bh A p sh a	native
ভ্যাবলা	bh A b l a	native
ভ্যাবাচেকা	bh A b a ch e k a	loanword
ভ্যাবাচ্যাকা	bh A b a ch A k a	native
ভ্যাম্পায়ার	bh A mp a y a r	native
ভ্যাম্পায়ারের	bh A mp a y a r e r	compound
ভ্যারাইটি	bh A r a i T i	loanword
ভ্যারাইটিজ	bh A r a i T i j	loanword
ভ্যারিয়েশন	bh A r i y e sh o n	native
ভ্যালদেজকে	bh A l d e j k e	native
ভ্যালা	bh A l a	native
ভ্যালাদোলিদ	bh A l a d O l i d	native
ভ্যালাদোলিদকে	bh A l a d O l i d k e	compound
ভ্যালাদোলিদের	bh A l a d O l i d e r	compound
ভ্যালি	bh A l i	native
ভ্যালিড	bh A l i D	loanword
ভ্যালিতে	bh A l i t e	native
ভ্যালির	bh A l i r	native
ভ্যালু	bh A l u	native
ভ্যালুজ	bh A l u j	native
ভ্যালুয়ার	bh A l u y a r	native
ভ্যালুয়েবল	bh A l u y e b o l	native
ভ্যালেকানোকে	bh A l e k a n O k e	native
ভ্যালেনটাইন	bh A l e n T a i n	loanword
ভ্যালেন্টাইন	bh A l e n T a i n	loanword
ভ্যালেন্টাইনকে	bh A l e n T a i n k e	compound
ভ্যালেন্টাইনস	bh A l e n T a i n s	compound
ভ্যালেন্টাইনের	bh A l e n T a i n e r	compound
ভ্যালেন্টাইন্স	bh A l e n T a i n s	loanword
ভ্যালেন্সিয়া	bh A l e n s i y a	loanword
ভ্যালেন্সিয়াকে	bh A l e n s i y a k e	loanword
ভ্যালেন্সিয়ার	bh A l e n s i y a r	loanword
ভ্যালেরির	bh A l e r i r	native
ভ্যাসকা	bh A sh k a	native
ভ্যাসলিন	bh A s l i n	loanword
ভ্যাসেল	bh A s e l	loanword
ভ্যাস্তা	bh A st a	native
ভ্যেভ	bh j e bh	native
ভ্রংশ	bh r O ng sh O	native
ভ্রমন	bh r o m o n	native
ভ্রমনই	bh r O m O n i	native
ভ্রমনও	bh r o m o n O	native
ভ্রমনকর	bh r o m o n k o r	native
ভ্রমনকারি	bh r O m O n k a r i	native
ভ্রমনকারিদের	bh r O m O n k a r i d e r	native
ভ্রমনকারির	bh r o m o n k a r i r	native
ভ্রমনকারিরা	bh r o m o n k a r i r a	native
ভ্রমনকালিন	bh r O m O n k a l i n	native
ভ্রমনকালে	bh r O m O n k a l e	native
ভ্রমনকাহিনি	bh r O m O n k a h i n i	native
ভ্রমনকে	bh r O m O n k e	native
ভ্রমনটা	bh r O m O n T a	native
ভ্রমনপিপাসু	bh r O m O n p i p a sh u	native
ভ্রমনপিপাসুদের	bh r O m O n p i p a sh u d e r	compound
ভ্রমনবিশয়ক	bh r o m o n b i sh o y o k	native
ভ্রমনরত	bh r O m O n r o t O	native
ভ্রমনসংক্রান্ত	bh r o m o n sh o ng kr a nt o	compound
ভ্রমনসংগি	bh r o m o n sh o ng g i	native
ভ্রমনে	bh r O m O n e	native
ভ্রমনেও	bh r o m o n e O	native
ভ্রমনের	bh r O m O n e r	native
ভ্রমমান	bh r O m O m a n	native
ভ্রমর	bh r O m O r	native
ভ্রমরক	bh r o m o r o k	native
ভ্রমসি	bh r o m o sh i	native
ভ্রমা	bh r O m a	native
ভ্রমাত্মক	bh r O m a t t o k	native
ভ্রমান্ধ	bh r O m a ndh O	tatsama
ভ্রমি	bh r o m i	native
ভ্রমিক	bh r O m i k	native
ভ্রশ্ট	bh r o sh T O	native
ভ্রশ্টাচার	bh r o sh T a ch a r	native
ভ্রশ্টাচারের	bh r o sh T a ch a r e r	native
ভ্রাতুশ্পুত্র	bh r a t u sh p u tr O	compound
ভ্রাতৃ	bh r a t t ri	tatsama
ভ্রাতৃঘাতি	bh r a t ri gh a t i	tatsama
ভ্রাতৃত্ব	bh r a t r i t t o	tatsama
ভ্রাতৃত্বপুর্ন	bh r a t r i t t o p u r n o	tatsama
ভ্রাতৃত্ববোধ	bh r a t r i t t o b O dh	tatsama
ভ্রাতৃত্ববোধের	bh r a t r i t t o b O dh e r	tatsama
ভ্রাতৃত্বের	bh r a t r i t t e r	tatsama
ভ্রাতৃদ্বয়	bh r a t r i d o y	tatsama
ভ্রাতৃদ্বয়ের	bh r a t r i d o y e r	tatsama
ভ্রাতৃসংঘের	bh r a t r i sh o ng gh e r	tatsama
ভ্রাত্রিয়	bh r a tr i y O	native
ভ্রান্ত	bh r a nt O	native
ভ্রান্তনিতি	bh r a nt o n i t i	native
ভ্রান্তনিতির	bh r a nt o n i t i r	native
ভ্রান্তি	bh r a nt i	native
ভ্রান্তিবিলাস	bh r a nt i b i l a sh	compound
ভ্রান্তির	bh r a nt i r	native
ভ্রামক	bh r a m O k	native
ভ্রামর	bh r a m O r	native
ভ্রাম্যমান	bh r a m m O m a n	native
ভ্রুকুটি	bh r u k u T i	native
ভ্রুক্ষেপ	bh r u kkh e p	tatsama
ভ্রুতে	bh r u t e	native
ভ্রুন	bh r u n	native
ভ্রুনটি	bh r u n T i	native
ভ্রুনের	bh r u n e r	native
ভ্রুর	bh r u r	native
ভ্লাদ	bh l a d	native
ভ্লাদাস	bh l a d a sh	native
ভ্লাদিমির	bh l a d i m i r	native
ভ্লাদের	bh l a d e r	native
ভড়	bh o r	native
ভড়ং	bh o r o ng	native
ভড়কানো	bh o r k a n O	native
ভড়কে	bh o r k e	native
ভড়ভড়	bh o r bh o r	native
ভয়ংকর	bh o y o ng k o r	native
ভয়ংকরতম	bh o y o ng k o r t o m o	native
ভয়ংকরভাবে	bh o y o ng k o r bh a b e	native
ভয়ই	bh o y i	native
ভয়ও	bh o y O	native
ভয়কে	bh o y k e	native
ভয়টা	bh o y T a	native
ভয়টি	bh o y T i	native
ভয়ডর	bh o y D o r	native
ভয়ডরহিন	bh o y D o r h i n	native
ভয়দ	bh o y O d	native
ভয়ভিতি	bh o y bh i t i	native
ভয়ভিতিও	bh o y bh i t i O	native
ভয়ভিতিতে	bh o y bh i t i t e	native
ভয়ভিতির	bh o y bh i t i r	native
ভয়রো	bh o y r O	native
ভয়শুন্য	bh o y sh u n n o	native
ভয়হিন	bh o y h i n	native
ভয়াকুল	bh o y a k u l	native
ভয়ানক	bh o y a n o k	native
ভয়ানকভাবে	bh o y a n o k bh a b e	native
ভয়াবহ	bh o y a b o h O	native
ভয়াবহতম	bh o y a b o h o t o m o	native
ভয়াবহতা	bh o y a b o h o t a	native
ভয়াবহতাকে	bh o y a b o h o t a k e	native
ভয়াবহতার	bh o y a b o h o t a r	native
ভয়াবহতায়	bh o y a b o h o t a y	native
ভয়াবহভাবে	bh o y a b o h o bh a b e	native
ভয়ার্ত	bh o y a r t o	native
ভয়াল	bh o y a l	native
ভয়ে	bh o y e	native
ভয়েই	bh o y e i	native
ভয়েও	bh o y e O	native
ভয়েজ	bh o y e j	native
ভয়েজার	bh o y e j a r	native
ভয়েড	bh o y e D	loanword
ভয়ের	bh o y e r	native
ভয়েস	bh o y e s	native
ভয়েসে	bh o y e s e	native
ভয়েসের	bh o y e s e r	native
ম	m o	native
মংখাই	m o ng kh a i	native
মংগল	m o ng g o l	native
মংগলকর	m o ng g o l k o r	native
মংগলগ্রহে	m o ng g o l gr o h e	native
মংগলগ্রহের	m o ng g o l gr o h e r	native
মংগলজনক	m o ng g o l j o n o k	native
মংগলপ্রদিপ	m o ng g o l pr o d i p	native
মংগলবার	m o ng g o l b a r	native
মংগলবারই	m o ng g o l b a r i	native
মংগলবারও	m o ng g o l b a r O	native
মংগলবারে	m o ng g o l b a r e	native
মংগলবারের	m o ng g o l b a r e r	native
মংগলমাঝি	m o ng g o l m a jh i	native
মংগলময়	m o ng g o l m o y	native
মংগলার্থে	m o ng g o l a r th e	native
মংগলালোকে	m o ng g o l a l O k e	native
মংগলে	m o ng g o l e	native
মংগলেও	m o ng g o l e O	native
মংগলের	m o ng g o l e r	native
মংগা	m o ng g a	native
মংগাপিড়িত	m o ng g a p i r i t o	native
মংগার	m o ng g a r	native
মংগায়	m o ng g a y	native
মংগেশকর	m o ng g e sh k o r	native
মংগোলিয়া	m o ng g O l i y a	native
মংগোলিয়ার	m o ng g O l i y a r	native
মংচিয়ালা	m o ng ch i y a l a	native
মংডু	m O ng D u	native
মংডুর	m o ng D u r	native
মংমং	m o ng m o ng	native
মংরো	m o ng r O	native
মংলাবন্দর	m o ng l a b o nd O r	native
মংলায়	m o ng l a y	native
মংলু	m O ng l u	native
মংসাচিং	m o ng sh a ch i ng	native
মংসানু	m o ng sh a n u	native
মং্গল	m O ng g O l	native
মং্গলবার	m o ng g O l b a r	native
মং্গলবারে	m o ng g O l b a r e	native
মং্গলের	m o ng g O l e r	native
মই	m O i	native
মইত্র	m O i tr O	native
মইত্রি	m O i tr i	native
মইত্রির	m O i tr i r	native
মইত্রের	m O i tr e r	native
মইদ্যে	m O i d d e	native
মইধ্যে	m o i d dh e	native
মইন	m O i n	native
মইনউদ্দিন	m O i n u d d i n	native
মইনকে	m o i n k e	native
মইনাক	m O i n a k	native
মইনুদ্দিন	m O i n u d d i n	native
মইনুদ্দিনের	m o i n u d d i n e r	native
মইনুর	m o i n u r	native
মইনুল	m O i n u l	native
মইনের	m O i n e r	native
মইফুল	m o i ph u l	native
মইরা	m O i r a	native
মইলন	m O i l o n	native
মইলি	m o i l i	native
মইশা	m O i sh a	native
মইয়ের	m o i y e r	native
মউ	m o u	native
মউচাক	m o u ch a k	native
মউত	m o u t	native
মউতপাড়া	m o u t p a r a	native
মউতাত	m o u t a t	native
মউনি	m O u n i	native
মউমাছি	m o u m a chh i	native
মউর	m o u r	native
মউরলা	m o u r o l a	native
মউল	m o u l	native
মউলোভি	m o u l O bh i	native
মউড়	m O u r	native
মওকা	m o O k a	native
মওকামতো	m o O k a m o t O	native
মওকুফ	m O u k u ph	native
মওকুফে	m o O k u ph e	native
মওকুফের	m O u k u ph e r	native
মওজ	m o O j	native
মওত	m o O t	native
মওদুদ	m O u d u d	native
মওদুদকে	m o O d u d k e	native
মওদুদি	m O u d u d i	native
মওদুদির	m o O d u d i r	native
মওদুদুল	m o O d u d u l	native
মওদুদের	m O O d u d e r	native
মওন	m o O n	native
মওরো	m o O r O	native
মওরোকে	m o O r O k e	native
মওরোর	m o O r O r	native
মওলবি	m o O l o b i	native
মওলা	m o O l a	native
মওলানা	m o O l a n a	native
মওলানাকে	m o O l a n a k e	native
মওলানার	m o O l a n a r	native
মওলার	m o O l a r	native
মওসুম	m O u sh u m	native
মওসুমি	m O O sh u m i	native
মওসুমে	m O O sh u m e	native
মওসুমেও	m O O sh u m e O	native
মওসুমের	m O u sh u m e r	native
মওড়া	m o O r a	native
মওয়া	m o O y a	native
মওয়াজ্জল	m o O y a j j o l	native
মক	m o k	native
মকছুদ	m o k chh u d	native
মকছেদ	m o k chh e d	native
মকদুম	m o k d u m	native
মকদুর	m O k d u r	native
মকফাইট	m o k ph a i T	native
মকবুল	m O k b u l	native
মকবুলকে	m o k b u l k e	native
মকবুলসহ	m o k b u l sh o h O	native
মকবুলের	m o k b u l e r	native
মকবেরা	m o k b e r a	native
মকমক	m o k m o k	native
মকম্মল	m o k o mm o l	native
মকর	m o k O r	native
মকরকে	m o k o r k e	native
মকরন্দ	m o k O r o nd O	native
মকরররি	m o k O r r O r i	native
মকরাকর	m o k r a k o r	native
মকরিকা	m o k O r i k a	native
মকরুহ	m O k r u h	native
মকর্দমা	m o k o r d o m a	native
মকলেছুর	m o k l e chh u r	native
মকশো	m o k sh O	native
মকসুদ	m o k sh u d	native
মকসুদুল	m o k sh u d u l	native
মকসুদের	m o k sh u d e r	native
মকান	m o k a n	native
মকাম	m o k a m	native
মকার–সাধন	m o k a r sh a dh O n	native
মকিংজে	m o k i ng j e	native
মকিম	m o k i m	native
মকুট	m o k u T	native
মকুফ	m o k u ph	native
মকুস	m O k u sh	native
মক্কর	m o k k o r	native
মক্কার	m o k k a r	native
মক্কায়	m o k k a y	native
মক্কি	m O k k i	native
মক্কেল	m o k k e l	native
মক্কেলকে	m o k k e l k e	native
মক্কেলদের	m o k k e l d e r	native
মক্কেলরা	m o k k e l r a	native
মক্কেলের	m o k k e l e r	native
মক্তব	m o kt o b	native
মক্তবে	m o kt O b e	native
মক্তবের	m o kt o b e r	native
মক্স	m o k s	loanword
মখ	m o kh o	native
মখদুম	m O kh d u m	native
মখদুমসহ	m o kh d u m sh o h O	native
মখমল	m o kh m o l	native
মখলুক	m O kh l u k	native
মগ	m o g	native
মগজ	m o g O j	native
মগজধোলাই	m o g O j dh O l a i	native
মগজে	m o g O j e	native
মগজের	m o g o j e r	native
মগডাল	m o g D a l	native
মগডালে	m o g D a l e	native
মগদ	m o g O d	native
মগন	m o g O n	native
মগনামা	m o g n a m a	native
মগপাড়া	m o g p a r a	native
মগবাজার	m o g b a j a r	native
মগবাজারে	m o g b a j a r e	native
মগবাজারের	m o g b a j a r e r	native
মগরুর	m o g r u r	native
মগা	m o g a	native
মগাই	m o g a i	native
মগাদিয়া	m o g a d i y a	native
মগার	m o g a r	native
মগি	m O g i	native
মগের	m o g e r	native
মগড়া	m o g r a	native
মঘবতি	m o gh O b O t i	native
মঘবান	m o gh O b a n	native
মঘা	m o gh a	native
মঘিয়া	m o gh i y a	native
মঘোনি	m o gh O n i	native
মচ	m o ch	native
মচকানো	m o ch k a n O	native
মচকে	m O ch k e	native
মচমচে	m o ch m o ch e	native
মচমলি	m o ch m o l i	native
মচ্ছব	m o ch chh o b	native
মচ্ছবে	m o ch chh o b e	native
মচ্ছর	m o ch chh o r	native
মছনদ	m o sh n o d	native
মছলত	m o chh l o t	native
মছলি	m O chh l i	native
মছল্লা	m O chh o l l a	native
মজদুর	m O j d u r	native
মজনুকে	m o j n u k e	native
মজনুন	m o j n u n	native
মজনুর	m O j n u r	native
মজনুল	m o j n u l	native
মজনুলের	m o j n u l e r	native
মজফফরপুরে	m o j o ph ph o r p u r e	native
মজবুত	m O j b u t	native
মজমপুর	m o j O m p u r	native
মজমা	m o j m a	native
মজলিশ	m O j l i sh	native
মজলিশপুরে	m o j l i sh p u r e	native
মজলিশে	m O j l i sh e	native
মজলিশের	m O j l i sh e r	native
মজলিস	m O j l i sh	native
মজলিসও	m o j l i sh O	native
মজলিসসহ	m o j l i sh sh o h O	native
মজলিসে	m O j l i sh e	native
মজলিসের	m O j l i sh e r	native
মজলু	m o j l u	native
মজলুম	m O j l u m	native
মজলুমদের	m o j l u m d e r	native
মজলুমের	m O j l u m e r	native
মজহব	m o j h o b	native
মজহাব	m o j h a b	native
মজহার	m a j h a r	native
মজহারুল	m o j h a r u l	native
মজা	m o j a	native
মজাই	m o j a i	native
মজাইল	m o j a i l o	native
মজাও	m o j a O	native
মজাটাই	m o j a T a i	native
মজাদার	m o j a d a r	native
মজানো	m o j a n O	native
মজানোর	m o j a n O r	native
মজার	m o j a r	native
মজাহারুল	m o j a h a r u l	native
মজায়	m o j a y	native
মজিদ	m O j i d	native
মজিদকে	m O j i d k e	native
মজিদসহ	m o j i d sh o h O	native
মজিদা	m o j i d a	native
মজিদুল	m o j i d u l	native
মজিদে	m O j i d e	native
মজিদের	m O j i d e r	native
মজিনা	m O j i n a	native
মজিনার	m O j i n a r	native
মজিবর	m O j i b o r	native
মজিবরকে	m o j i b o r k e	native
মজিবরের	m o j i b o r e r	native
মজিবুর	m O j i b u r	native
মজিবুরকে	m o j i b u r k e	native
মজিবুরের	m O j i b u r e r	native
মজিবুল	m O j i b u l	native
মজিবুলকে	m o j i b u l k e	native
মজিলা	m O j i l a	native
মজু	m o j u	native
মজুকুর	m o j u k u r	native
মজুত	m O j u t	native
মজুতের	m O j u t e r	native
মজুদ	m O j u d	native
মজুদই	m o j u d i	native
মজুদকৃত	m O j u d k ri t O	tatsama
মজুদদার	m o j u d d a r	native
মজুদদারদের	m o j u d d a r d e r	native
মজুদদারি	m o j u d d a r i	native
মজুদদারির	m o j u d d a r i r	native
মজুদদারের	m o j u d d a r e r	native
মজুদদারেরা	m o j u d d a r e r a	native
মজুদবিরোধি	m o j u d b i r O dh i	native
মজুদে	m o j u d e	native
মজুদের	m O j u d e r	native
মজুন্দার	m o j u nd a r	native
মজুব	m o j u b	native
মজুমদার	m O j u m d a r	native
মজুমদারকে	m O j u m d a r k e	native
মজুমদারসহ	m o j u m d a r sh o h O	native
মজুমদারের	m O j u m d a r e r	native
মজুর	m O j u r	native
মজুরা	m O j u r a	native
মজুরি	m O j u r i	native
মজুরিই	m o j u r i i	native
মজুরিও	m O j u r i O	native
মজুরিকাঠামো	m o j u r i k a Th a m O	native
মজুরিকাঠামোতে	m o j u r i k a Th a m O t e	compound
মজুরিকাঠামোর	m o j u r i k a Th a m O r	native
মজুরিকাঠামোয়	m o j u r i k a Th a m O y	native
মজুরিকে	m o j u r i k e	native
মজুরিতে	m O j u r i t e	native
মজুরিবোইশম্য	m o j u r i b O i sh o m m o	native
মজুরির	m O j u r i r	native
মজুরিসংক্রান্ত	m o j u r i sh o ng kr a nt o	compound
মজুরিসহ	m o j u r i sh o h O	native
মজুরের	m O j u r e r	native
মজে	m O j e	native
মজেছেন	m O j e chh e n	native
মজ্জন	m o j j o n	native
মজ্জা	m o j j a	native
মজ্জাগত	m O j j a g o t O	native
মঝু	m O jh u	native
মঞ্চই	m o nch o i	tatsama
মঞ্চও	m o nch O O	tatsama
মঞ্চক	m o nch o k	tatsama
মঞ্চটা	m o nch O T a	tatsama
মঞ্চটাকে	m o nch o T a k e	tatsama
মঞ্চটি	m o nch O T i	tatsama
মঞ্চনাটক	m o nch O n a T O k	tatsama
মঞ্চনাটকে	m o nch O n a T O k e	tatsama
মঞ্চনাটকের	m o nch O n a T O k e r	tatsama
মঞ্চসজ্জা	m o nch O sh o j j a	tatsama
মঞ্চসহ	m o nch O sh o h O	tatsama
মঞ্চায়ন	m o nch a y o n	tatsama
মঞ্চায়নে	m o nch a y o n e	tatsama
মঞ্চায়নের	m o nch a y o n e r	tatsama
মঞ্চায়িত	m o nch a y i t o	tatsama
মঞ্চে	m o nch e	tatsama
মঞ্জন	m o nj o n	tatsama
মঞ্জর	m o nj o r	tatsama
মঞ্জরা	m o nj o r a	tatsama
মঞ্জিমা	m O nj i m a	tatsama
মঞ্জির	m O nj i r	tatsama
মঞ্জিলা	m o nj i l a	tatsama
মঞ্জিলে	m O nj i l e	tatsama
মঞ্জিলের	m O nj i l e r	tatsama
মঞ্জিশ্ঠা	m O nj i sh Th a	tatsama
মঞ্জু	m O nj u	tatsama
মঞ্জুআরা	m o nj u a r a	tatsama
মঞ্জুর	m O nj u r	tatsama
মঞ্জুরও	m o nj u r O	tatsama
মঞ্জুরকে	m O nj u r k e	tatsama
মঞ্জুরসহ	m o nj u r sh o h O	tatsama
মঞ্জুরা	m o nj u r a	tatsama
মঞ্জুরি	m o nj u r i	tatsama
মঞ্জুরিকৃত	m O nj u r i k ri t O	tatsama
মঞ্জুরির	m o nj u r i r	tatsama
মঞ্জুরুর	m o n j u r u l	tatsama
মঞ্জুরুল	m O nj u r u l	tatsama
মঞ্জুরুলের	m o nj u r u l e r	tatsama
মঞ্জুরের	m O nj u r e r	tatsama
মঞ্জুলা	m O nj u l a	tatsama
মঞ্জুলি	m o nj u l i	tatsama
মঞ্জুসহ	m o nj u sh o h O	tatsama
মঞ্জুয়ারা	m o nj u y a r a	tatsama
মট	m o T	native
মটকা	m o T k a	native
মটকানো	m o T k a n O	native
মটমট	m o T m o T	native
মটর	m o T O r	native
মটরশুটি	m o T o r sh u T i	native
মটরশুটির	m o T o r sh u T i r	native
মটরস	m o T O r s	loanword
মটরসাইকেল	m o T O r s a i k e l	loanword
মটরসাইকেলে	m o T O r s a i k e l e	loanword
মটরসের	m o T O r s e r	loanword
মটরের	m o T o r e r	native
মটাৎ	m o T a t	native
মটিমিট	m i T m i T	native
মটুক	m O T u k	native
মটোরোলা	m o T O r O l a	proper_noun
মটোরোলার	m O T O r O l a r	proper_noun
মঠ	m o Th	native
মঠখোলা	m o Th kh O l a	native
মঠবাড়ি	m o Th b a r i	native
মঠবাড়িয়া	m o Th b a r i y a	native
মঠবাড়িয়ার	m o Th b a r i y a r	native
মঠে	m o Th e	native
মঠের	m o Th e r	native
মডরিচ	m o D r i ch	proper_noun
মডরিচকে	m o D r i ch k e	proper_noun
মডরিচের	m o D r i ch e r	proper_noun
মডস	m o D s	loanword
মডারেট	m o D a r e T	loanword
মডারেশন	m o D a r e sh o n	loanword
মডার্ন	m o D a r n	loanword
মডি	m o D i	proper_noun
মডিউল	m O D i u l	loanword
মডিউলে	m o D i u l e	loanword
মডিউলের	m o D i u l e r	loanword
মডিফাই	m O D i ph a i	loanword
মডিফায়েড	m o D i ph a y e D	loanword
মডিফিকেশন	m o D i ph i k e sh o n	loanword
মডেম	m o D e m	loanword
মডেমের	m o D e m e r	loanword
মডেল	m o D e l	loanword
মডেলও	m o D e l O	loanword
মডেলকে	m o D e l k e	loanword
মডেলগুলো	m o D e l g u l O	loanword
মডেলটা	m o D e l T a	loanword
মডেলটি	m o D e l T i	loanword
মডেলটিতে	m o D e l T i t e	loanword
মডেলটির	m o D e l T i r	loanword
মডেলদের	m o D e l d e r	loanword
মডেলিং	m o D e l i ng	loanword
মডেলিংয়ে	m o D e l i ng y e	loanword
মডেলিংয়ের	m o D e l i ng y e r	loanword
মডেলে	m o D e l e	loanword
মডেলেই	m o D e l e i	loanword
মতই	m o t O i	native
মতইক্য	m o t O i k k O	native
মতইক্যে	m o t O i k k e	native
মতইক্যের	m o t O i k k e r	native
মতও	m o t O	native
মতদ্বোইততা	m o t o d O i t o t a	native
মতদ্বোইধতা	m o t o d O i dh o t a	native
মতদ্বোইধতার	m o t o d O i dh o t a r	native
মতন	m o t O n	native
মতনির্বিশেশে	m o t o n i r b i sh e sh e	native
মতপ্রকাশ	m o t pr O k a sh	native
মতপ্রকাশের	m o t pr O k a sh e r	native
মতবাদ	m o t O b a d	native
মতবিনিময়	m o t o b i n i m o y	native
মতবিনিময়ও	m o t o b i n i m o y O	native
মতবিনিময়কালে	m o t o b i n i m o y k a l e	native
মতবিনিময়ে	m o t o b i n i m o y e	native
মতবিনিময়ের	m o t o b i n i m o y e r	native
মতবিরোধ	m o t O b i r O dh	native
মতবিরোধে	m o t o b i r O dh e	native
মতবিরোধের	m o t O b i r O dh e r	native
মতভিন্নতা	m o t o bh i nn o t a	native
মতভেদের	m o t o bh e d e r	native
মতলব	m o t l O b	native
মতলবটা	m o t l o b T a	native
মতলববাজ	m o t l o b b a j	native
মতলববাজি	m o t l o b b a j i	native
মতলববাজির	m o t l o b b a j i r	native
মতলববাজেরা	m o t l o b b a j e r a	native
মতলবি	m o t l o b i	native
মতলবে	m o t l O b e	native
মতলবেই	m o t l o b e i	native
মতলবের	m o t l o b e r	native
মতলুব	m o t l u b	native
মতাদর্শ	m o t a d o r sh O	native
মতাদর্শকে	m o t a d o r sh o k e	native
মতাদর্শগত	m o t a d o r sh O g o t O	native
মতাদর্শি	m o t a d o r sh i	native
মতাদর্শিক	m o t a d O r sh i k	native
মতাদর্শে	m o t a d o r sh e	native
মতাদর্শের	m o t a d O r sh e r	native
মতানইক্য	m o t a n O i k k O	native
মতানইক্যের	m o t a n O i k k e r	native
মতানুসারিদের	m o t a n u sh a r i d e r	native
মতানুসারে	m o t a n u sh a r e	native
মতানোইক্য	m o t a n O i k k o	native
মতানোইক্যের	m o t a n O i k k e r	native
মতান্তরে	m o t a nt o r e	native
মতাবলম্বি	m o t a b o l o mb i	native
মতাবলম্বিদের	m o t a b o l o mb i d e r	native
মতামত	m o t a m o t	native
মতামতও	m o t a m o t O	native
মতামতকেই	m o t a m o t k e i	native
মতামতসহ	m o t a m o t sh o h O	native
মতামতের	m o t a m o t e r	native
মতাসিন	m o t a sh i n	native
মতি	m O t i	native
মতিউর	m O t i u r	native
মতিউরকে	m o t i u r k e	native
মতিউরের	m o t i u r e r	native
মতিউল	m O t i u l	native
মতিঝর্না	m O t i jh o r n a	native
মতিঝিল	m O t i jh i l	native
মতিঝিলসহ	m O t i jh i l sh o h O	native
মতিঝিলে	m O t i jh i l e	native
মতিঝিলের	m O t i jh i l e r	native
মতিন	m o t i n	native
মতিনও	m o t i n O	native
মতিনকে	m o t i n k e	native
মতিনের	m o t i n e r	native
মতিন্দ্র	m o t i ndr o	native
মতিভ্রম	m o t i bh r o m o	native
মতির	m O t i r	native
মতিলাল	m O t i l a l	native
মতিহার	m O t i h a r	native
মতিহারি	m O t i h a r i	native
মতিহারের	m o t i h a r e r	native
মতিয়র	m o t i y o r	native
মতিয়া	m O t i a	native
মতিয়ার	m o t i y a r	native
মতুয়া	m O t u y a	native
মতে	m o t e	native
মতেই	m o t e i	native
মতের	m o t e r	native
মতো	m o t O	native
মতোই	m o t O i	native
মতোইক্য	m o t O i k k o	native
মতোইক্যে	m o t O i k k e	native
মতোইক্যের	m o t O i k k e r	native
মতোন	m O t O n	native
মত্ত	m o tt O	native
মত্স্য	m o t sh O	native
মত্স্যজিবি	m o t sh o j i b i	native
মত্স্যজিবিদের	m o t sh o j i b i d e r	compound
মত্স্যজিবিরা	m o t sh o j i b i r a	native
মত্স্যমন্ত্রি	m o t sh o m o nt ri	compound
মথন	m o th O n	native
মথা	m o th a	native
মথি	m o th i	native
মথুরা	m O th u r a	native
মথুরাপুর	m O th u r a p u r	native
মথুরায়	m o th u r a y	native
মথে	m o th e	native
মদ	m o d	native
মদক	m o d o k	native
মদত	m o d o t	native
মদদ	m o d o d	native
মদদদাতা	m o d o d d a t a	native
মদদদাতাদের	m o d o d d a t a d e r	native
মদদদানকারি	m o d o d d a n k a r i	native
মদদপুশ্ট	m o d O d p u sh T O	native
মদদে	m o d O d e	native
মদদেই	m o d o d e i	native
মদন	m o d O n	native
মদনখালি	m o d o n kh a l i	native
মদনগঞ্জ	m o d o n g o nj	tatsama
মদনগঞ্জে	m o d o n g o nj e	tatsama
মদনগঞ্জের	m o d o n g o nj e r	tatsama
মদনটাক	m o d o n T a k	native
মদনটাকের	m o d o n T a k e r	native
মদনপুর	m o d O n p u r	native
মদনপুরে	m o d o n p u r e	native
মদনমোহন	m o d o n m O h o n	native
মদনা	m o d n a	native
মদপান	m o d p a n	native
মদপানের	m o d p a n e r	native
মদসহ	m o d sh o h O	native
মদিনাকে	m o d i n a k e	native
মদিনার	m O d i n a r	native
মদিনায়	m o d i n a y	native
মদির	m O d i r	native
মদিয়	m o d i y O	native
মদুনাঘাট	m O d u n a gh a T	native
মদে	m o d e	native
মদের	m o d e r	native
মদোন্মত্ত	m o d O n m o tt o	native
মদ্গুর	m o d g u r	native
মদ্দিন	m o d d i n	native
মদ্যপ	m o d d O p	native
মদ্যপান	m O d d O p a n	native
মদ্যপায়ি	m o d d o p a y i	native
মদ্র	m o d r O	native
মধুও	m O dh u O	native
মধুকবির	m o dh u k o b i r	native
মধুকে	m O dh u k e	native
মধুখালি	m O dh u kh a l i	native
মধুখালিতে	m O dh u kh a l i t e	native
মধুখালির	m o dh u kh a l i r	native
মধুচন্দ্রিমার	m O dh u ch O nd ri m a r	compound
মধুচন্দ্রিমায়	m o dh u ch o nd ri m a y	compound
মধুতে	m O dh u t e	native
মধুদা	m o dh u d a	native
মধুদার	m o dh u d a r	native
মধুপুর	m O dh u p u r	native
মধুপুরে	m O dh u p u r e	native
মধুপুরের	m O dh u p u r e r	native
মধুফলের	m o dh u ph o l e r	native
মধুবন	m o dh u b o n	native
মধুবনের	m o dh u b o n e r	native
মধুবাগ	m O dh u b a g	native
মধুবাগের	m o dh u b a g e r	native
মধুবাবু	m O dh u b a b u	native
মধুবালা	m O dh u b a l a	native
মধুমঞ্জরি	m o dh u m o nj o r i	tatsama
মধুমতি	m O dh u m O t i	native
মধুমল্যারডাংগি	m o dh u m o l l a r D a ng g i	compound
মধুমালতি	m o dh u m a l o t i	native
মধুমাস	m O dh u m a sh	native
মধুমাসের	m O dh u m a sh e r	native
মধুমেলা	m o dh u m e l a	native
মধুমেলায়	m o dh u m e l a y	native
মধুময়	m o dh u m o y	native
মধুর	m O dh u r	native
মধুরতম	m O dh u r t o m O	native
মধুশ্রি	m o dh u sh r i	native
মধুসুদন	m O dh u sh u d o n	native
মধুসুদনের	m O dh u sh u d O n e r	native
মধুৎসব	m O dh u t sh o b	native
মধ্বাসব	m O d dh a sh o b	tatsama
মধ্য	m O d dh O	native
মধ্যকর্নে	m O d dh O k o r n e	native
মধ্যকর্নের	m O d dh O k o r n e r	native
মধ্যকার	m O d dh O k a r	native
মধ্যখানে	m O d dh O kh a n e	native
মধ্যখানের	m o d dh o kh a n e r	native
মধ্যগগনে	m O d dh O g o g O n e	native
মধ্যচর	m o d dh o ch o r	native
মধ্যজুগ	m O d dh O j u g	native
মধ্যজুগিয়	m O d dh O j u g i O	native
মধ্যজুগে	m o d dh o j u g e	native
মধ্যজুগের	m O d dh O j u g e r	native
মধ্যদিয়ে	m o d dh o d i y e	native
মধ্যদুপুর	m o d dh o p u r	native
মধ্যদুপুরে	m o d dh o d u p u r e	native
মধ্যনগর	m o d dh o n o g o r	native
মধ্যপন্থি	m o d dh o p o n th i	native
মধ্যপন্থিদের	m o d dh o p o n th i d e r	native
মধ্যপাড়া	m o d dh o p a r a	native
মধ্যপাড়ার	m o d dh o p a r a r	native
মধ্যপাড়ায়	m o d dh o p a r a y	native
মধ্যপ্রদেশের	m O d dh O pr O d e sh e r	native
মধ্যপ্রাচ্যবিশয়ক	m o d dh o pr a ch ch o b i sh o y o k	compound
মধ্যপ্রাচ্যসহ	m O d dh O pr a ch ch O sh o h O	compound
মধ্যপ্রাচ্যে	m O d dh O pr a ch ch e	native
মধ্যপ্রাচ্যেও	m O d dh O pr a ch ch e O	compound
মধ্যপ্রাচ্যের	m O d dh O pr a ch ch e r	compound
মধ্যবর্তি	m o d dh o b o r t i	native
মধ্যবাড্ডা	m O d dh O b a D D a	native
মধ্যবাড্ডার	m o d dh o b a Dh D a y	native
মধ্যবিত্ত	m O d dh O b i tt O	native
মধ্যবিত্তকে	m o d dh o b i tt o k e	native
মধ্যবিত্তরা	m O d dh O b i tt O r a	native
মধ্যবিত্তরাও	m o d dh o b i tt o r a O	native
মধ্যবয়সি	m o d dh o b o y o sh i	native
মধ্যবয়স্ক	m o d dh o b o y o s k o	loanword
মধ্যভাগ	m O d dh O bh a g	native
মধ্যভাগে	m O d dh O bh a g e	native
মধ্যভাগের	m O d dh O bh a g e r	native
মধ্যম	m O d dh O m	native
মধ্যমনি	m o d dh o m o n i	native
মধ্যমপন্থি	m o d dh o m p o n th i	native
মধ্যমসারির	m o d dh o m sh a r i r	native
মধ্যমাঠ	m O d dh O m a Th	native
মধ্যমাঠকে	m o d dh o m a Th k e	native
মধ্যমাঠে	m o d dh o m a Th e	native
মধ্যমাঠের	m O d dh O m a Th e r	native
মধ্যমে	m O d dh o m e	native
মধ্যমেয়াদি	m o d dh o m e y a d i	native
মধ্যমেয়াদে	m o d dh o m e y a d e	native
মধ্যরাতে	m O d dh O r a t e	native
মধ্যরাতেই	m O d dh O r a t e i	native
মধ্যরাতেও	m O d dh O r a t e O	native
মধ্যশ্রেনির	m o d dh o sh r e n i r	native
মধ্যস্তরের	m o d dh o st o r e r	native
মধ্যস্থতা	m O d dh O sth O t a	native
মধ্যস্থতাকারি	m o d dh o sh t a k a r i	compound
মধ্যস্থতাকারিদের	m o d dh o sh t a k a r i d e r	compound
মধ্যস্থতাকারির	m O d dh o sth o t a k a r i r	compound
মধ্যস্থতাকারিরা	m o d dh o sh t a k a r i r a	compound
মধ্যস্থতায়	m o d dh o sh t a y	native
মধ্যস্থলে	m O d dh O sth o l e	native
মধ্যস্বত্বভোগি	m O d dh O sh o t t O bh O g i	tatsama
মধ্যস্বত্বভোগিদের	m O d dh O sh o t t O bh O g i d e r	tatsama
মধ্যস্বত্বভোগির	m o d dh o sh t t o bh O g i r	tatsama
মধ্যস্বত্বভোগিরা	m O d dh O sh o t t O bh O g i r a	tatsama
মধ্যা	m o d dh a	native
মধ্যাঞ্চল	m O d dh a n ch o l	tatsama
মধ্যাঞ্চলিয়	m o d dh a n ch o l i y	tatsama
মধ্যাঞ্চলের	m O d dh a n ch o l e r	tatsama
মধ্যাহ্নবিরতিতে	m o d dh a n n o b i r o t i t e	compound
মধ্যাহ্নবিরতির	m o d dh a n n o b i r o t i r	compound
মধ্যাহ্নভোজ	m o d dh a n n o bh O j	native
মধ্যাহ্নভোজনের	m o d dh a n n o bh O j o n e r	compound
মধ্যাহ্নভোজে	m o d dh a n n o bh O j e	native
মধ্যাহ্নভোজের	m o d dh a n n o bh O j e r	compound
মধ্যাহ্নে	m o d dh a n n e	native
মধ্যাহ্নের	m o d dh a n n e r	native
মধ্যি	m o d dh i	native
মধ্যিখানে	m O d dh i kh a n e	native
মধ্যেই	m O d dh e i	native
মধ্যেও	m O d dh e O	native
মধ্যেকার	m O d dh e k a r	native
মধ্যের	m O d dh e r	native
মন	m o n	native
মনঃ	m o n o h sh o n dh i sh th o l e r o k sh e t r e p o r o p o d e r o p r o th o m o b o r n e r o d b i t b o u ch ch a r o n o	tatsama
মনঃকশ্ট	m o n o k o sh T o	tatsama
মনঃকশ্টে	m o n o k o sh T e	tatsama
মনঃক্ষুন্ন	m o n O kh u nn O	tatsama
মনঃপুত	m o n o p u t o	tatsama
মনঃশিলা	m o n O sh sh i l a	tatsama
মনঃসংজোগ	m O n O sh o ng j O g	tatsama
মনঃসংজোগে	m o n o sh o ng j O g e	tatsama
মনঃসামাজিক	m o n o sh a m a j i k	tatsama
মনঃস্থ	m o n o sth o	tatsama
মনই	m O n i	native
মনও	m O n O	native
মনকাড়া	m o n k a r a	native
মনকির–নকির	m O n k i r n O k i r	native
মনকে	m o n k e	native
মনকেও	m o n k e O	native
মনখালি	m o n kh a l i	native
মনগড়া	m o n g o r a	native
মনগড়াভাবে	m o n g o r a bh a b e	native
মনছাল	m O n chh a l	native
মনছুর	m O n chh u r	native
মনজিল	m O n j i l	native
মনজিলা	m o n j i l a	native
মনজু	m O n j u	native
মনজুর	m O n j u r	native
মনজুরকে	m O n j u r k e	native
মনজুরুর	m o n j u r u r	native
মনজুরুল	m O n j u r u l	native
মনজুরের	m O n j u r e r	native
মনজোগ	m o n o j O g	native
মনজোগি	m o n o j O g i	native
মনটাই	m O n T a i	native
মনটাও	m O n T a O	native
মনটাকে	m o n T a k e	native
মনটি	m O n T i	native
মনটেক	m o n T e k	proper_noun
মনডা	m o n D a	native
মনডিয়াল	m o n D i y a l	native
মনতলা	m o n t o l a	native
মনতাজ	m o n t a j	native
মনতেনিয়ার	m o n t e n i y a r	native
মনতোশ	m o n t O sh	native
মনন	m o n O n	native
মননকে	m o n o n k e	native
মননশিল	m o n O n sh i l	native
মননশিলতা	m o n O n sh i l o t a	native
মননশিলতার	m o n O n sh i l o t a r	native
মননের	m o n O n e r	native
মনপুরা	m o n p u r a	native
মনপুরার	m O n p u r a r	native
মনপুরায়	m o n p u r a y	native
মনপ্রতি	m O n pr O t i	native
মনপ্রান	m o n pr a n	native
মনভরে	m o n bh o r e	native
মনভাবতি	m o n O bh a b O t i	native
মনমতো	m O n m o t O	native
মনমথ	m o n m o th o	native
মনমরা	m O n m o r a	native
মনমানসিকতা	m O n m a n O sh i k o t a	native
মনমানসিকতার	m O n m a n O sh i k o t a r	native
মনমানসিকতায়	m o n m a n o sh i k o t a y	native
মনমুগ্ধকর	m o n O m u g dh O k o r	native
মনমোহন	m O n m O h O n	native
মনমোহনকে	m o n m O h o n k e	native
মনমোহনের	m o n m O h O n e r	native
মনরো	m o n r O	native
মনরোভিয়ায়	m o n o r O bh i y a y	native
মনরোর	m o n r O r	native
মনশ্চক্ষু	m o n O sh ch O kkh u	tatsama
মনশ্চাঞ্চল্য	m o n O sh ch a nch O l l O	tatsama
মনসব	m o n sh o b	native
মনসা	m o n sh a	native
মনসান্টো	m o n s a n T O	proper_noun
মনসান্তো	m o n s a n T O	proper_noun
মনসান্তোর	m o n s a n T O r	proper_noun
মনসার	m o n sh a r	native
মনসালভ	m o n o sh a l o bh	native
মনসিজ	m o n O sh i j	native
মনসুখ	m o n o sh u kh	native
মনসুন	m o n s u n	loanword
মনসুর	m O n sh u r	native
মনসুরকে	m O n sh u r k e	native
মনসুরসহ	m O n sh u r sh o h O	native
মনসুরা	m o n o sh u r a	native
মনসুরুজ্জামান	m o n o sh u r u j j a m a n	compound
মনসুরুল	m o n sh u r u l	native
মনসুরের	m O n sh u r e r	native
মনসেল	m o n s e l	proper_noun
মনস্ক	m o n o s k O	loanword
মনস্টার	m o n s T a r	loanword
মনস্টারস	m o n s T a r s	loanword
মনস্তত্ত্ব	m o n O st o t t O	tatsama
মনস্তত্ত্বকে	m o n o st o t t o k e	tatsama
মনস্তত্ত্ববিদ	m o n o st o t t o b i d	tatsama
মনস্তত্ত্ববিদেরা	m o n o st o t t o b i d e r a	tatsama
মনস্তত্ত্বে	m o n o st o t t e	tatsama
মনস্তত্ত্বের	m o n O st o t t e r	tatsama
মনস্তাত্ত্বিক	m o n O st a t t i k	tatsama
মনস্তাত্ত্বিকভাবে	m o n o st a t t i k o bh a b e	tatsama
মনস্তাত্বিক	m o n O st a tt i k	tatsama
মনস্তাপ	m o n O st a p	native
মনস্তুশ্টি	m o n O st u sh T i	native
মনস্বি	m o n O sh sh i	tatsama
মনহুস	m o n h u sh	native
মনা	m o n a	native
মনাকশা	m o n a k o sh a	native
মনাকে	m o n a k e	native
মনাগুন	m o n a g u n	native
মনান্তর	m o n a nt o r	native
মনাফ	m o n a ph	native
মনার	m o n a r	native
মনাসিব	m o n a sh i b	native
মনি	m O n i	native
মনিঅর্ডার	m o n i O r D a r	loanword
মনিইদো	m o n i i d O	native
মনিও	m o n i O	native
মনিক	m o n i k	native
মনিকর্নিকা	m O n i k O r n i k a	native
মনিকা	m O n i k a	native
মনিকাকে	m O n i k a k e	native
মনিকার	m o n i k a r	native
মনিকে	m O n i k e	native
মনিকের	m o n i k e r	native
মনিকো	m o n i k O	native
মনিকোঠায়	m o n i k O Th a y	native
মনিজা	m o n i j a	native
মনিজোনি	m O n i j O n i	native
মনিটর	m O n i T o r	loanword
মনিটরটি	m o n i T o r T i	loanword
মনিটরসহ	m o n i T o r sh o h O	loanword
মনিটরি	m o n i T o r i	loanword
মনিটরিং	m O n i T o r i ng	loanword
মনিটরিংয়ের	m o n i T o r i ng y e r	loanword
মনিটরে	m O n i T o r e	loanword
মনিটরের	m O n i T o r e r	loanword
মনিতে	m o n i t e	native
মনিন্দর	m o n i nd o r	native
মনিন্দ্র	m o n i ndr o	native
মনিন্দ্রলাল	m o n i ndr o l a l	native
মনিপুর	m O n i p u r	native
মনিপুরি	m O n i p u r i	native
মনিপুরিদের	m o n i p u r i d e r	native
মনিপুরিপাড়া	m o n i p u r i p a r a	native
মনিপুরিপাড়ার	m o n i p u r i p a r a r	native
মনিপুরিপাড়ায়	m o n i p u r i p a r a y	native
মনিপুরে	m O n i p u r e	native
মনিপুরের	m O n i p u r e r	native
মনিব	m O n i b	native
মনিবকে	m o n i b k e	native
মনিবন্ধ	m O n i b o ndh O	tatsama
মনিবের	m O n i b e r	native
মনিবেরা	m o n i b e r a	native
মনিব্যাগ	m o n i b A g	loanword
মনিমালা	m o n i m a l a	native
মনিমুক্তা	m O n i m u kt a	native
মনির	m O n i r	native
মনিরউদ্দিন	m o n i r u d d i n	native
মনিরকে	m O n i r k e	native
মনিরসহ	m o n i r sh o h O	native
মনিরা	m O n i r a	native
মনিরামপুর	m O n i r a m p u r	native
মনিরামপুরে	m o n i r a m p u r e	native
মনিরামপুরের	m o n i r a m p u r e r	native
মনিরার	m O n i r a r	native
মনিরুজ্জামান	m O n i r u j j a m a n	native
মনিরুজ্জামানকে	m o n i r u j j a m a n k e	compound
মনিরুজ্জামানসহ	m o n i r u j j a m a n sh o h O	compound
মনিরুজ্জামানের	m O n i r u j j a m a n e r	compound
মনিরুদ্দিন	m o n i r u d d i n	native
মনিরুল	m O n i r u l	native
মনিরুলকে	m O n i r u l k e	native
মনিরুলের	m o n i r u l e r	native
মনিলাল	m o n i l a l	native
মনিশ	m O n i sh	native
মনিশংকর	m o n i sh o ng k o r	native
মনিশা	m O n i sh a	native
মনিশার	m O n i sh a r	native
মনিশি	m O n i sh i	native
মনিশিদের	m O n i sh i d e r	native
মনিশির	m O n i sh i r	native
মনিশিরা	m O n i sh i r a	native
মনিশ্যি	m O n i sh sh i	native
মনিসহ	m o n i sh o h O	native
মনিসিংহ	m o n i sh i ng h o	native
মনিস্বপন	m o n i sh o p o n	tatsama
মনিহার	m o n i h a r	native
মনিহারি	m o n i h a r i	native
মনিয়ন্দ	m o n i y o nd o	native
মনিয়া	m o n i y a	native
মনু	m O n u	native
মনুমুখ	m o n u m u kh	native
মনুমেন্ট	m O n u m e n T	loanword
মনুশ্য	m O n u sh m O	native
মনুশ্যচালিত	m o n u sh sh o ch a l i t o	native
মনুশ্যজাতির	m o n u sh sh o j a t i r	native
মনুশ্যত্ব	m O n u sh sh o tt O	tatsama
মনুশ্যত্বকে	m o n u sh sh o tt o k e	tatsama
মনুশ্যত্বের	m o n u sh sh o tt e r	tatsama
মনুশ্যবর্জ্য	m o n u sh sh o b o r j o	native
মনুশ্যবাহি	m O n u sh sh O b a h i	native
মনুশ্যবিহিন	m o n u sh sh o b i h i n	native
মনুশ্যসৃশ্ট	m O n u sh sh O sh ri sh T O	tatsama
মনুশ্যের	m O n u sh sh e r	native
মনুশ্যেরা	m O n u sh sh e r a	native
মনুসমৃতি	m o n u sh m ri t i	tatsama
মনে	m O n e	native
মনেই	m O n e i	native
মনেপ্রানে	m O n e pr a n e	native
মনেপ্রানেই	m o n e pr a n e i	native
মনের	m o n e r	native
মনেরই	m o n e r i	native
মনেরও	m O n e r O	native
মনেশ্বর	m o n e sh sh o r	tatsama
মনো	m o n O	native
মনোকশ্ট	m o n O k o sh T O	native
মনোক্সাইড	m o n O k s a i D	loanword
মনোক্সাইডের	m o n O k s a i D e r	loanword
মনোগত	m o n O g o t O	native
মনোগ্রাম	m O n O gr a m	native
মনোগ্রামজুক্ত	m o n O gr a m o j u kt o	compound
মনোগ্রামে	m o n O gr a m e	native
মনোচিকি	m o n O ch i k i	native
মনোচিকিৎসক	m O n O ch i k i t sh o k	native
মনোজগতের	m O n O j o g O t e r	native
মনোজব	m o n O j o b	native
মনোজাগতিক	m o n O j a g o t i k	native
মনোজোগ	m o n O j O g	native
মনোজোগও	m o n O j O g O	native
মনোজোগটা	m o n O j O g T a	native
মনোজোগসহকারে	m o n O j O g sh o h o k a r e	native
মনোজোগি	m o n O j O g i	native
মনোজোগে	m o n O j O g e	native
মনোজোগের	m o n O j O g e r	native
মনোজ্ঞ	m o n O g g o	tatsama
মনোজ্ঞা	m o n O g g O	tatsama
মনোতোশ	m o n O t O sh	native
মনোদুঃখ	m o n O d u k kh O	tatsama
মনোনিত	m o n O n i t O	native
মনোনিতদের	m o n O n i t o d e r	native
মনোনিবেশ	m o n O n i b e sh	native
মনোনিবেশের	m o n O n i b e sh e r	native
মনোনয়ন	m o n O n o y O n	native
মনোনয়নও	m o n O n o y o n O	native
মনোনয়নকে	m o n O n o y o n k e	native
মনোনয়নপত্র	m o n O n o y o n p o tr o	native
মনোনয়নপত্রও	m o n O n o y o n p o tr o O	native
মনোনয়নপত্রটি	m o n O n o y o n p o tr o T i	native
মনোনয়নপত্রে	m o n O n o y o n p o tr e	native
মনোনয়নপত্রের	m o n O n o y o n p o tr e r	native
মনোনয়নপ্রত্যাশি	m o n O n o y o n pr o t t a sh i	compound
মনোনয়নপ্রত্যাশিদের	m o n O n o y o n pr o t t a sh i d e r	compound
মনোনয়নপ্রার্থি	m o n O n o y o n pr a r th i	compound
মনোনয়নবঞ্চিত	m o n O n o y o n b o nch i t o	tatsama
মনোনয়নে	m o n O n o y o n e	native
মনোনয়নের	m o n O n o y o n e r	native
মনোপলি	m O n O p O l i	native
মনোফিলামেন্ট	m O n O ph i l a m e n T	loanword
মনোবলকে	m o n O b o l k e	native
মনোবলের	m O n O b o l e r	native
মনোবাঞ্ছা	m o n O b a n chh a	tatsama
মনোবালা	m o n O b a l a	native
মনোবালার	m o n O b a l a r	native
মনোবাসনা	m O n O b a sh O n a	loanword
মনোবিকলন	m o n O b i k o l o n sh a sh t r O	native
মনোবিকাশ	m o n O b i k a sh	native
মনোবিচ্ছেদ	m o n O b i ch chh e d	native
মনোবিজ্ঞান	m O n O b i g g a n	tatsama
মনোবিজ্ঞানি	m o n O b i g g a n i	tatsama
মনোবিজ্ঞানিদের	m o n O b i g g a n i d e r	tatsama
মনোবিজ্ঞানির	m o n O b i g g a n i r	tatsama
মনোবিজ্ঞানিরা	m o n O b i g g a n i r a	tatsama
মনোবিজ্ঞানিসহ	m o n O b i g g a n i sh o h O	tatsama
মনোবিজ্ঞানে	m o n O b i g g a n e	tatsama
মনোবিদরা	m O n O b i d r a	native
মনোবিবাদ	m o n O b i b a d	native
মনোবুত্তি	m o n O b ri tt i	native
মনোবৃত্তি	m o n O b ri tt i	tatsama
মনোবৃত্তির	m o n O b ri tt i r	tatsama
মনোবেদনা	m o n O b e d O n a	native
মনোবেদনায়	m o n O b e d o n a y	native
মনোভংগ	m o n O bh o ng g O	native
মনোভংগি	m o n O bh o ng g i	native
মনোভংগির	m o n O bh o ng g i r	native
মনোভব	m o n O bh o b	native
মনোভাব	m o n O bh a b	native
মনোভাবই	m o n O bh a b i	native
মনোভাবও	m O n O bh a b O	native
মনোভাবকে	m o n O bh a b k e	native
মনোভাবটা	m o n O bh a b T a	native
মনোভাবটি	m o n O bh a b T i	native
মনোভাবাপন্ন	m o n O bh a b a p o nn o	native
মনোভাবেও	m o n O bh a b e O	native
মনোভাবেরই	m o n O bh a b e r i	native
মনোভার	m o n O bh a r	native
মনোমালিন্য	m o n O m a l i n n O	native
মনোমালিন্যের	m O n O m a l i n n e r	native
মনোমুগ্ধকর	m o n O m u g dh o k o r	native
মনোমোহন	m o n O m O h O n	native
মনোময়	m o n O m o y	native
মনোরঞ্জক	m o n O r o nj O k	tatsama
মনোরঞ্জনে	m o n O r o nj o n e	tatsama
মনোরথ	m o n O r o th	native
মনোরথে	m o n O r o th e	native
মনোরম	m O n O r o m	native
মনোরমা	m o n O r o m a	native
মনোরাজ্য	m o n O r a j j O	native
মনোরেল	m o n O r e l	native
মনোরোগ	m O n O r O g	native
মনোরোগবিদ্যা	m o n O r O g b i d d a	native
মনোরোগের	m o n O r O g e r	native
মনোলোভা	m o n O l O bh a	native
মনোসংজোগ	m o n O sh o ng j O g	native
মনোসংজোগে	m o n O sh o ng j O g e	native
মনোসামাজিক	m o n o sh a m a j i k	native
মনোসেক্স	m o n O s e k s	loanword
মনোহত	m o n O h o t O	native
মনোহর	m o n O h o r	native
মনোহরগঞ্জ	m o n O h o r g o nj	tatsama
মনোহরদি	m o n O h o r d i	native
মনোহরদিতে	m o n O h o r d i t e	native
মনোহরপুর	m o n O h o r p u r	native
মনোহরের	m o n O h o r e r	native
মনোহারি	m o n O h a r i	native
মনোয়ন	m o n O y o n	native
মনোয়নপত্র	m o n O y o n p o tr o	native
মনোয়ার	m o n O a r	native
মনোয়ারকে	m o n O y a r k e	native
মনোয়ারা	m o n O y a r a	native
মনোয়ারার	m o n O y a r a r	native
মনোয়ারুল	m o n O y a r u l	native
মনোয়ারের	m o n O y a r e r	native
মন্জুর	m O n j u r	native
মন্জুরকে	m o n j u r k e	native
মন্জুরুল	m o n j u r u l	native
মন্জুরের	m o n j u r e r	native
মন্টি	m O n T i	native
মন্টিভিডিও	m o n T i bh i D i O	loanword
মন্টু	m O n T u	native
মন্টুকে	m O n T u k e	native
মন্টুর	m O n T u r	native
মন্টে	m o n T e	native
মন্টেনিগ্রো	m o n T e n i gr O	proper_noun
মন্টেনিগ্রোর	m o n T e n i gr O r	proper_noun
মন্টেনেগ্রোর	m o n T e n e gr O r	proper_noun
মন্ট্রিল	m o n T ri l	loanword
মন্ট্রিলে	m o n T ri l e	loanword
মন্ট্রিলের	m o n T ri l e r	loanword
মন্ড	m o n D O	native
মন্ডন	m o n D o n	native
মন্ডপ	m o n D o p	native
মন্ডপগুলোতে	m o n D o p g u l O t e	native
মন্ডপে	m o n D O p e	native
মন্ডপের	m o n D O p e r	native
মন্ডল	m o n D o l	native
মন্ডলকে	m o n D o l k e	native
মন্ডলপাড়া	m o n D o l p a r a	native
মন্ডলসহ	m o n D o l sh o h O	native
মন্ডলি	m o n D O l i	native
মন্ডলির	m o n D o l i r	native
মন্ডলে	m o n D o l e	native
মন্ডলের	m o n D o l e r	native
মন্ডা	m o n D a	native
মন্ডি	m O n D i	native
মন্ডিত	m O n D i t O	native
মন্ডুক	m O n D u k	native
মন্ডুর	m O n D u r	native
মন্তডু	m o nt o D u	native
মন্তব্য	m o nt O b b O	native
মন্তব্যই	m O nt O b b O i	native
মন্তব্যও	m o nt O b b O O	native
মন্তব্যকারিদের	m O nt O b b O k a r i d e r	compound
মন্তব্যকে	m o nt O b b O k e	native
মন্তব্যগুলো	m o nt o b b o g u l O	native
মন্তব্যগুলোর	m o nt o b b o g u l O r	native
মন্তব্যটা	m o nt o b b o T a	native
মন্তব্যটির	m O nt O b b O T i r	native
মন্তব্যধর্মি	m o nt o b b o dh o r m i	native
মন্তব্যমুলক	m o nt o b b o m u l o k	native
মন্তব্যসহ	m o nt o b b o sh o h O	native
মন্তব্যেই	m o nt o b b e i	native
মন্তব্যেও	m o nt o b b e O	native
মন্তব্যের	m o nt O b b e r	native
মন্তর	m o nt O r	native
মন্তরে	m o nt o r e	native
মন্তা	m o nt a	native
মন্তাজ	m O nt a j	native
মন্তাজের	m o nt a j e r	native
মন্তেক	m o nt e k	native
মন্তেজার	m o nt e j a r	native
মন্ত্র	m o n t r O	native
মন্ত্রই	m o n t r o i	native
মন্ত্রক	m o n t r o k	native
মন্ত্রকের	m o n t r O k e r	native
মন্ত্রটি	m o n t r o T i	native
মন্ত্রনা	m o n t r O n a	native
মন্ত্রনালয়	m o n t r O n a l o y	native
মন্ত্রনালয়ই	m o n t r o n a l o y i	native
মন্ত্রনালয়ও	m o n t r o n a l o y O	native
মন্ত্রনালয়কে	m o n t r o n a l o y k e	native
মন্ত্রনালয়কেই	m o n t r o n a l o y k e i	compound
মন্ত্রনালয়কেও	m o n t r o n a l o y k e O	compound
মন্ত্রনালয়গুলো	m o n t r o n a l o y g u l O	compound
মন্ত্রনালয়গুলোকে	m o n t r o n a l o y g u l O k e	compound
মন্ত্রনালয়গুলোর	m o n t r o n a l o y g u l O r	compound
মন্ত্রনালয়টি	m o n t r o n a l o y T i	native
মন্ত্রনালয়বিশয়ক	m o n t r o n a l o y b i sh o y o k	compound
মন্ত্রনালয়ভিত্তিক	m o n t r o n a l o y bh i tt i k	compound
মন্ত্রনালয়সংক্রান্ত	m o n t r o n a l o y sh o ng kr a nt o	compound
মন্ত্রনালয়সম্পর্কিত	m o n t r o n a l o y sh o mp o r k i t o	compound
মন্ত্রনালয়সহ	m o n t r o n a l o y sh o h O	native
মন্ত্রনালয়াধিন	m o n t r o n a l o y a dh i n	compound
মন্ত্রনালয়ে	m o n t r o n a l o y e	native
মন্ত্রনালয়েও	m o n t r o n a l o y e O	native
মন্ত্রনালয়ের	m o n t r O n a l o y e r	native
মন্ত্রনালয়েরই	m o n t r o n a l o y e r i	compound
মন্ত্রনালয়েরও	m o n t r o n a l o y e r O	compound
মন্ত্রমুগ্ধ	m o n t r O m u g dh O	native
মন্ত্রিই	m o nt ri i	native
মন্ত্রিও	m o nt ri O	native
মন্ত্রিকে	m o nt ri k e	native
মন্ত্রিকেই	m o nt ri k e i	native
মন্ত্রিকেও	m o nt ri k e O	native
মন্ত্রিত্ব	m O nt ri t t O	tatsama
মন্ত্রিত্বের	m O nt ri t t e r	tatsama
মন্ত্রিদের	m o nt ri d e r	native
মন্ত্রিদেরও	m o nt ri d e r O	native
মন্ত্রিপদে	m o nt ri p o d e	native
মন্ত্রিপরিশদ	m o nt ri p o r i sh o d	native
মন্ত্রিপরিশদকে	m o nt ri p o r i sh o d k e	compound
মন্ত্রিপরিশদসচিব	m o nt ri p o r i sh o d sh o ch i b	compound
মন্ত্রিপরিশদসচিবের	m O nt ri p O r i sh o d sh O ch i b e r	compound
মন্ত্রিপরিশদে	m o nt ri p o r i sh o d e	compound
মন্ত্রিপরিশদের	m o nt ri p o r i sh o d e r	compound
মন্ত্রিপর্যায়ের	m o nt ri p o r j a y e	compound
মন্ত্রিপাড়ায়	m o nt ri p a r a y	native
মন্ত্রিপুত্র	m o nt ri p u tr o	native
মন্ত্রিমহোদয়	m o nt ri m o h O d o y	native
মন্ত্রিমহোদয়কে	m o nt ri m o h O d o y k e	compound
মন্ত্রির	m o nt ri r	native
মন্ত্রিরা	m o nt ri r a	native
মন্ত্রিরাই	m o nt ri r a i	native
মন্ত্রিরাও	m o nt ri r a O	native
মন্ত্রিসভা	m O nt ri sh o bh a	native
মন্ত্রিসভাই	m o nt ri sh o bh a i	native
মন্ত্রিসভাকে	m O nt ri sh o bh a k e	native
মন্ত্রিসভার	m o nt ri sh o bh a r	native
মন্ত্রিসভায়	m o nt ri sh o bh a y	native
মন্ত্রিসভায়ও	m o nt ri sh o bh a y O	native
মন্ত্রিসহ	m o nt ri sh o h O	native
মন্ত্রেই	m o n t r e i	native
মন্ত্রের	m o n t r e r	native
মন্ত্র্রনালয়ের	m o nt r o n a l o y e r	compound
মন্থ	m o n th O	native
মন্থন	m o n th O n	native
মন্থর	m o n th o r	native
মন্থরগতি	m o n th o r g o t i	native
মন্থরগতির	m o n th o r g o t i r	native
মন্থরতা	m o n th o r o t a	native
মন্দকে	m o nd o k e	native
মন্দন	m o nd O n	native
মন্দর	m o nd o r	native
মন্দলাগা	m o nd O l a g a	native
মন্দাকিনি	m o nd a k i n i	native
মন্দাকে	m o nd a k e	native
মন্দাক্রান্ত	m o nd a kr a nt o	native
মন্দাক্রান্তা	m o nd a kr a nt a	compound
মন্দাগ্নি	m o nd a g n i	native
মন্দাজনিত	m o nd a j o n i t o	native
মন্দাদশা	m o nd a d o sh a	native
মন্দাবস্থা	m O nd a b o sth a	native
মন্দাবস্থার	m o nd a b o sth a r	native
মন্দাভাব	m o nd a bh a b	native
মন্দাসহ	m o nd a sh o h O	native
মন্দায়	m o nd a y	native
মন্দিভুত	m O nd i bh u t O	native
মন্দিরও	m O nd i r O	native
মন্দিরকে	m o nd i r k e	native
মন্দিরগুলোতে	m o nd i r g u l O t e	native
মন্দিরগুলোর	m O nd i r g u l O r	native
মন্দিরটি	m O nd i r T i	native
মন্দিরটির	m O nd i r T i r	native
মন্দিরা	m O nd i r a	native
মন্দিরার	m o nd i r a r	native
মন্দিরেও	m O nd i r e O	native
মন্দিরের	m O nd i r e r	native
মন্দুরা	m O nd u r a	native
মন্দের	m o nd e r	native
মন্দোদরি	m o nd O d O r i	native
মন্দ্র	m o ndr O	native
মন্নান	m o nn a n	native
মন্নু	m o nn u	native
মন্নুজান	m O nn u j a n	native
মন্মথ	m o n m o th	native
মন্মথনাথ	m o n m o th n a th	native
মন্মথপুর	m o n m o th p u r	native
মন্যু	m O n n u	native
মন্সটার	m o n s T a r	loanword
মফস্বল	m o ph o sh sh o l	tatsama
মফস্বলে	m o ph o sh sh o l e	tatsama
মফস্বলের	m o ph o sh sh o l e r	tatsama
মফি	m o ph i	native
মফিজ	m O ph i j	native
মফিজউদ্দিন	m o ph i j u d d i n	native
মফিজউদ্দিনের	m o ph i j u d d i n e r	native
মফিজউল্লাহ	m o ph i j u l l a h	native
মফিজকে	m O ph i j k e	native
মফিজার	m O ph i j a r	native
মফিজুর	m O ph i j u r	native
মফিজুল	m O ph i j u l	native
মফিদ	m O ph i d	native
মবলগ	m o b l o g	native
মবশ্বির	m o b o sh sh i r	tatsama
মবস	m o b s	loanword
মবিডাটা	m o b i D a T a	native
মবিন	m O b i n	native
মবিনুল	m o b i n u l	native
মবিনের	m o b i n e r	native
মবিল	m O b i l	native
মবিলের	m o b i l e r	native
মম	m o m O	native
মমকে	m o m O k e	native
মমতাই	m o m o t a i	native
মমতাও	m o m O t a O	native
মমতাকে	m o m O t a k e	native
মমতাজ	m o m O t a j	native
মমতাজউদ্দিন	m o m O t a j u d d i n	native
মমতাজকে	m o m O t a j k e	native
মমতাজগঞ্জ	m o m o t a j g o nj	tatsama
মমতাজুল	m o m o t a j u l	native
মমতাজের	m o m O t a j e r	native
মমতাবোধ	m o m o t a b O dh	native
মমতাময়ি	m o m o t a m o y i	native
মমতার	m o m O t a r	native
মমতাহিন	m o m o t a h i n	native
মমতায়	m o m o t a y	native
মমত্ববোধের	m o m o tt o b O dh e r	tatsama
মমর	m o m O r	native
মমলেট	m o m l e T	loanword
মমসেন	m o m s e n	proper_noun
মমি	m o m i	native
মমিন	m O m i n	native
মমিনকে	m O m i n k e	native
মমিনসহ	m o m i n sh o h O	native
মমিনুর	m O m i n u r	native
মমিনুল	m O m i n u l	native
মমিনুলের	m O m i n u l e r	native
মমিনের	m O m i n e r	native
মমির	m O m i r	native
মমেনা	m o m e n a	native
মমের	m o m e r	native
মমো	m o m O	native
মম্মু	m o mm u	native
মর	m o r	native
মরকত	m o r k o t	native
মরকেলকে	m o r k e l k e	native
মরকেলদের	m o r k e l d e r	native
মরকেলের	m o r k e l e r	native
মরক্কো	m o r O k k O	native
মরক্কোর	m o r O k k O r	native
মরক্কোয়	m o r o k k O y	native
মরগান	m o r g a n	native
মরগানও	m o r g a n O	native
মরগানকে	m o r g a n k e	native
মরগানের	m o r g a n e r	native
মরগেজ	m o r g e j	native
মরগ্যান	m o r g A n	native
মরচুয়ারিতে	m o r ch u y a r i t e	native
মরচে	m O r ch e	native
মরচেপড়া	m o r ch e p o r a	native
মরছে	m O r chh e	native
মরছেন	m o r chh e n	native
মরজরা	m o r j o r a	native
মরজান	m o r j a n	native
মরটন	m o r T o n	proper_noun
মরত	m o r o t o	native
মরতা	m o r t a	native
মরতুজা	m O r t u j a	native
মরতেই	m o r t e i	native
মরতেও	m o r t e O	native
মরদ	m o r O d	native
মরদেহ	m o r O d e h O	native
মরদেহগুলো	m o r o d e h g u l O	native
মরদেহবাহি	m o r o d e h b a h i	native
মরদেহের	m o r O d e h e r	native
মরন	m o r O n	native
মরনকামড়	m o r o n k a m o r	native
মরনঘাতি	m o r O n gh a t i	native
মরনদশা	m o r o n d o sh a	native
মরননেশা	m o r O n n e sh a	native
মরনপন	m o r O n p o n	native
মরনফাদ	m o r o n ph a d	native
মরনফাদে	m o r o n ph a d e	native
মরনব্যাধি	m o r O n b A dh i	native
মরনব্যাধির	m o r o n b A dh i r	native
মরনশিল	m o r O n sh i l	native
মরনাপন্ন	m o r O n a p O nn O	native
মরনে	m o r O n e	native
মরনের	m o r O n e r	native
মরনোত্তর	m o r O n O tt O r	native
মরন্ত	m o r O nt O	native
মরফিন	m o r ph i n	native
মরব	m O r b O	native
মরবে	m O r b e	native
মরম	m o r O m	native
মরমর	m o r O m o r O	native
মরমি	m o r O m i	native
মরমিয়া	m o r O m i y a	native
মরমে	m o r m e	native
মরল	m O r l O	native
মরলেও	m o r l e O	native
মরশুম	m o r sh u m	native
মরসুম	m o r sh u m	native
মরসে	m o r sh e	native
মরহারা	m o r h a r a	native
মরহুম	m O r h u m	native
মরহুমা	m O r h u m a	native
মরহুমার	m O r h u m a r	native
মরহুমের	m O r h u m e r	native
মরাঞ্চে	m o r a i y e	tatsama
মরাঠা	m o r a Th a	native
মরানো	m o r a n O	native
মরার	m o r a r	native
মরাল	m o r a l	native
মরায়	m o r a y o	native
মরি	m O r i	native
মরিচও	m o r i ch O	native
মরিচকুচি	m O r i ch k u ch i	native
মরিচগুড়া	m o r i ch g u r a	native
মরিচপট্টি	m o r i ch p o T T i	native
মরিচবাটা	m o r i ch b a T a	native
মরিচসহ	m o r i ch sh o h O	native
মরিচা	m O r i ch a	native
মরিচাপাড়া	m o r i ch a p a r a	native
মরিচি	m O r i ch i	native
মরিচিকা	m O r i ch i k a	native
মরিচিকার	m O r i ch i k a r	native
মরিচে	m O r i ch e	native
মরিচের	m O r i ch e r	native
মরিচ্যা	m o r i ch ch a	native
মরিজাদ	m O r i j a d	native
মরিতে	m O r i t e	native
মরিনহো	m o r i n h O	native
মরিনহোই	m o r i n h O i	native
মরিনহোও	m o r i n h O O	native
মরিনহোকে	m o r i n h O k e	native
মরিনহোর	m O r i n h O r	native
মরিশাস	m o r i sh a sh	native
মরিশাসে	m O r i sh a sh e	native
মরিশাসের	m o r i sh a sh e r	native
মরিস	m O r i s	proper_noun
মরিসন	m O r i s o n	proper_noun
মরিসনের	m O r i s o n e r	proper_noun
মরিসাসে	m o r i sh a sh e	native
মরিসাসের	m o r i sh a sh e r	native
মরিসিও	m o r i s i O	proper_noun
মরিসে	m o r i s e	proper_noun
মরিসের	m o r i s e r	proper_noun
মরিয়ম	m o r i y o m	native
মরিয়মকে	m o r i y o m k e	native
মরিয়মনগর	m o r i y o m n o g o r	native
মরিয়মের	m o r i y o m e r	native
মরিয়ার্টি	m o r i y a r T i	proper_noun
মরিয়ার্টিকে	m o r i y a r T i k e	proper_noun
মরিয়ার্টির	m o r i y a r T i r	proper_noun
মরু	m O r u	native
মরুক	m o r u k	native
মরুকরন	m O r u k o r O n	native
মরুকরনের	m o r u k o r o n e r	native
মরুতে	m o r u t e	native
মরুদ্বিপ	m o r u d i p	native
মরুভুমি	m O r u bh u m i	native
মরুভুমিতে	m O r u bh u m i t e	native
মরুভুমির	m O r u bh u m i r	native
মরুময়তা	m o r u m o y t a	native
মরুর	m O r u r	native
মরুয়ত	m O r u y o t	native
মরুয়া	m O r u y a	native
মরে	m O r e	native
মরেই	m O r e i	native
মরেও	m O r e O	native
মরেছে	m O r e chh e	native
মরেছেন	m O r e chh e n	native
মরেন	m o r e n	native
মরেননি	m o r e n n i	native
মরেনি	m o r e n i	native
মরেনো	m o r e n O	native
মরো	m o r O	native
মরোক্কোর	m o r O k k O r	native
মর্কট	m o r k o T	native
মর্কেল	m o r k e l	native
মর্গ	m o r g	native
মর্গান	m o r g a n	native
মর্গানের	m o r g a n e r	native
মর্গে	m o r g e	native
মর্গের	m o r g e r	native
মর্গ্যান	m o r g A n	native
মর্গ্যানের	m o r g A n e r	native
মর্চে	m o r ch e	native
মর্জি	m O r j i	native
মর্জিনা	m O r j i n a	native
মর্জিনাকে	m o r j i n a k e	native
মর্জিমতো	m o r j i m o t O	native
মর্জিমাফিক	m o r j i m a ph i k	native
মর্জির	m O r j i r	native
মর্জিয়া	m O r j i y a	native
মর্টগেজ	m o r T g e j	native
