দুতদের	d u t d e r	native
দুতাবাসগুলোকে	d u t a b a sh g u l O k e	compound
দুতাবাসসহ	d u t a b a sh sh o h O	loanword
দুতিয়ালি	d u t i y a l i	native
দুতিয়ালির	d u t i y a l i r	native
দুন	d u n	native
দুরই	d u r i	native
দুরত্বই	d u r o tt o i	tatsama
দুরত্বকে	d u r o tt o k e	tatsama
দুরত্বসহ	d u r o tt o sh o h O	tatsama
দুরত্বেই	d u r o tt e i	tatsama
দুরদর্শনের	d u r d o r sh o n e r	native
দুরদেশি	d u r d e sh i	native
দুরদেশে	d u r d e sh e	native
দুরদেশের	d u r d e sh e r	native
দুরনিয়ন্ত্রন	d u r n i y o n t r o n	native
দুরনিয়ন্ত্রিত	d u r n i y o n t r i t o	compound
দুরপাল্লা	d u r p a l l a	native
দুরপাল্লায়	d u r p a l l a y	native
দুরপ্রসারি	d u r pr o sh a r i	native
দুরপ্রাচ্য	d u r pr a ch ch o	native
দুরপ্রাচ্যের	d u r pr a ch ch e r	native
দুরশিক্ষন	d u r sh i kkh o n	tatsama
দুরাগত	d u r a g o t o	native
দুরান্তর	d u r a nt o r	native
দুরায়নি	d u r a y O n i	native
দুরিকরনসহ	d u r i k o r o n sh o h O	native
দুরিকৃত	d u r i k r i t O	tatsama
দুরিক্রিয়মান	d u r i kr i y O m a n	native
দুরিভবন	d u r i bh o b O n	native
দুশক	d u sh O k	native
দুশনও	d u sh o n O	native
দুশনকারিদের	d u sh o n k a r i d e r	native
দুশনকারির	d u sh o n k a r i r	native
দুশনজুক্ত	d u sh o n j u kt O	native
দুশনবিরোধি	d u sh o n b i r O dh i	native
দুশনমুলক	d u sh o n m u l o k	native
দুশনরোধে	d u sh o n r O dh e	native
দুশনসহ	d u sh o n sh o h O	native
দুশনিয়	d u sh o n i y o	native
দুশ্কর্মকে	d u sh k o r m o k e	native
দুশ্কর্মে	d u sh k o r m e	native
দুশ্কর্মের	d u sh k o r m e r	native
দুশ্কার্য	d u sh k a r j O	native
দুশ্কাল	d u sh k a l	native
দুশ্কৃত	d u sh k r i t O	tatsama
দুশ্কৃতকারিকে	d u sh k ri t o k a r i k e	tatsama
দুশ্কৃতকারির	d u sh k ri t o k a r i r	tatsama
দুশ্কৃতি	d u sh k r i t i	tatsama
দুশ্ক্রিয়া	d u sh k r i y a	native
দুশ্টচক্র	d u sh T o ch o kr O	native
দুশ্টচক্রে	d u sh T o ch o kr e	native
দুশ্পচ	d u sh p o ch	native
দুশ্পর্শ	d u sh p o r sh O	native
দুশ্প্রবৃত্তি	d u sh pr O b i tt i	tatsama
দুশ্প্রবেশ	d u sh p r o b e sh	native
দুশ্প্রমেয়	d u sh p r o m e y O	native
দুশ্প্রাপ্যতা	d u sh pr a p p o t a	compound
দুশ্প্রাপ্যতার	d u sh pr a p p o t a r	compound
দুস	d u sh	native
দুসর	d u sh o r	native
দুসরা	d u sh o r a	native
দুসরায়	d u sh r a y	native
দুসলি	d u sh O l i	native
দুসান	d u sh a n	native
দুস্কর	d u s k o r	loanword
দুস্তর	d u st o r	native
দুস্তি	d u st i	native
দুস্ত্যজ	d u st o j	native
দুস্থ	d u sth O	native
দুহা	d u h a	native
দুহাকার	d u h a k a r	native
দুহাত	d u h a t	native
দুহাতিয়া	d u h a t i y a	native
দুহাতে	d u h a t e	native
দুহান	d u h a n	native
দুহারা	d u h a r a	native
দুহি	d u h i	native
দুহিতা	d u h i t a	native
দুহ্য	d u j j o	native
দুহ্যমান	d u j jh O m a n	native
দু্ই	d u i	native
দুৎ	d u t	native
দুড়া	d u r a	native
দুড়ুম	d u r u m	native
দুয়াদশ	d u y a d o sh	native
দুয়ানি	d u y a n i	native
দুয়াপতি	d u y a p O t i	native
দুয়ার	d u y a r	native
দুয়ারিপাড়ার	d u y a r i p a r a r	native
দুয়ারিপাড়ায়	d u y a r i p a r a y	native
দুয়ারে	d u y a r e	native
দুয়ারের	d u y a r e r	native
দুয়ে	d u y e	native
দুয়েক	d u y e k	native
দুয়েকটি	d u y e k T i	native
দুয়েকের	d u y e k e r	native
দুয়ের	d u y e r o	native
দুয়েরই	d u y e r o i	native
দুয়ো	d u y O	native
দুয়োধ্বনি	d u y O d dh o n i	tatsama
দুয়োধ্বনিও	d u y O d dh o n i O	tatsama
দুয়োধ্বনির	d u y O d dh o n i r	tatsama
দুয়োরানি	d u y O r a n i	native
দু–পহর	d u p o h o r	native
দৃক	d ri k	tatsama
দৃকের	d ri k e r	tatsama
দৃপ্ত	d ri p t O	tatsama
দৃপ্তকন্ঠে	d ri p t o k o n Th e	tatsama
দৃশ্ট	d ri sh T O	tatsama
দৃশ্টরজা	d ri sh T O r o j a	tatsama
দৃশ্টান্ত	d ri sh T a nt O	tatsama
দৃশ্টান্তই	d ri sh T a nt o i	tatsama
দৃশ্টান্তও	d ri sh T a nt o O	tatsama
দৃশ্টান্তগুলো	d ri sh T a nt o g u l O	tatsama
দৃশ্টান্তমুলক	d ri sh T a nt O m u l O k	tatsama
দৃশ্টান্তস্থানিয়	d ri sh T a nt o sth a n i y o	tatsama
দৃশ্টান্তস্বরুপ	d ri sh T a nt o sh o r u p	tatsama
দৃশ্টান্তে	d ri sh T a nt e	tatsama
দৃশ্টান্তের	d ri sh T a nt e r	tatsama
দৃশ্টি	d ri sh T i	tatsama
দৃশ্টিই	d ri sh T i i	tatsama
দৃশ্টিও	d ri sh T i O	tatsama
দৃশ্টিকটু	d ri sh T i k o T u	tatsama
দৃশ্টিকটুভাবে	d ri sh T i k o T u bh a b e	tatsama
দৃশ্টিকে	d ri sh T i k e	tatsama
দৃশ্টিকোন	d ri sh T i k O n	tatsama
দৃশ্টিকোনে	d ri sh T i k O n e	tatsama
দৃশ্টিগোচর	d ri sh T i g O ch o r	tatsama
দৃশ্টিগ্রাহ্য	d ri sh T i gr a j j O	tatsama
দৃশ্টিজুড়ে	d ri sh T i j u r e	tatsama
দৃশ্টিটা	d ri sh T i T a	tatsama
দৃশ্টিতে	d ri sh T i t e	tatsama
দৃশ্টিতেই	d ri sh T i t e i	tatsama
দৃশ্টিতেও	d ri sh T i t e O	tatsama
দৃশ্টিনন্দন	d ri sh T i n o nd o n	tatsama
দৃশ্টিপাত	d ri sh T i p a t	tatsama
দৃশ্টিপ্রতিবন্ধি	d ri sh T i pr O t i b O ndh i	tatsama
দৃশ্টিপ্রতিবন্ধিকে	d ri sh T i pr o t i b o ndh i k e	tatsama
দৃশ্টিপ্রতিবন্ধিদের	d ri sh T i pr O t i b O ndh i d e r	tatsama
দৃশ্টিপ্রতিবন্ধির	d ri sh T i pr o t i b o ndh i r	tatsama
দৃশ্টিপ্রতিবন্ধিরা	d ri sh T i pr o t i b o ndh i r a	tatsama
দৃশ্টিপ্রত্যক্ষে	d ri sh T i pr o t t o kkh e	tatsama
দৃশ্টিভংগি	d ri sh T i bh o ng g i	tatsama
দৃশ্টিভংগিই	d ri sh T i bh o ng g i i	tatsama
দৃশ্টিভংগিও	d ri sh T i bh o ng g i O	tatsama
দৃশ্টিভংগিকে	d ri sh T i bh o ng g i k e	tatsama
দৃশ্টিভংগিগত	d ri sh T i bh o ng g i g o t o	tatsama
দৃশ্টিভংগিটা	d ri sh T i bh o ng g i T a	tatsama
দৃশ্টিভংগিতে	d ri sh T i bh o ng g i t e	tatsama
দৃশ্টিভংগির	d ri sh T i bh o ng g i r	tatsama
দৃশ্টিভংগিরই	d ri sh T i bh o ng g i r i	tatsama
দৃশ্টিভংগিরও	d ri sh T i bh o ng g i r O	tatsama
দৃশ্টিভং্গি	d ri sh T i bh O ng g i	tatsama
দৃশ্টির	d ri sh T i r	tatsama
দৃশ্টিশক্তি	d ri sh T i sh O kt i	tatsama
দৃশ্টিশক্তিও	d ri sh T i sh o kt i O	tatsama
দৃশ্টিশক্তির	d ri sh T i sh O kt i r	tatsama
দৃশ্টিসিমা	d ri sh T i sh i m a	tatsama
দৃশ্টিসিমার	d ri sh T i sh i m a r	tatsama
দৃশ্টিসুখকর	d ri sh T i sh u kh o k o r	tatsama
দৃশ্টিহিন	d ri sh T i h i n	tatsama
দৃশ্টে	d ri sh T e	tatsama
দৃশ্যই	d ri sh sh O i	tatsama
দৃশ্যও	d ri sh sh O O	tatsama
দৃশ্যকল্প	d ri sh sh O k o l p O	tatsama
দৃশ্যকল্পের	d ri sh sh o k o l p e r	tatsama
দৃশ্যগুলো	d ri sh sh O g u l O	tatsama
দৃশ্যগুলোও	d ri sh sh o g u l O y	tatsama
দৃশ্যগুলোর	d ri sh sh o g u l O r	tatsama
দৃশ্যচিত্র	d ri sh sh o ch i tr O	tatsama
দৃশ্যটা	d ri sh sh O T a	tatsama
দৃশ্যটাই	d ri sh sh o T a i	tatsama
দৃশ্যটাও	d ri sh sh o T a O	tatsama
দৃশ্যটি	d ri sh sh O T i	tatsama
দৃশ্যটিতে	d ri sh sh O T i t e	tatsama
দৃশ্যত	d ri sh sh O t O	tatsama
দৃশ্যধারন	d ri sh sh O dh a r O n	tatsama
দৃশ্যধারনের	d ri sh sh O dh a r O n e r	tatsama
দৃশ্যনিয়	d ri sh sh o n i y o	tatsama
দৃশ্যপট	d ri sh sh O p o T	tatsama
দৃশ্যপটে	d ri sh sh O p o T e	tatsama
দৃশ্যপটের	d ri sh sh O p o T e r	tatsama
দৃশ্যম	d ri sh sh O m	tatsama
দৃশ্যমাধ্যম	d ri sh sh o m a d dh o m	tatsama
দৃশ্যমাধ্যমের	d ri sh sh o m a d dh o m e r	tatsama
দৃশ্যমানতা	d ri sh sh o m a n o t a	tatsama
দৃশ্যমানভাবে	d ri sh sh O m a n bh a b e	tatsama
দৃশ্যাবলি	d ri sh sh a b O l i	tatsama
দৃশ্যায়ন	d ri sh sh a y o n	tatsama
দৃশ্যায়নে	d ri sh sh a y o n e	tatsama
দৃশ্যে	d ri sh sh e	tatsama
দৃশ্যেই	d ri sh sh e i	tatsama
দৃশ্যেও	d ri sh sh e O	tatsama
দৃড়	d ri r O	tatsama
দৃড়কন্ঠে	d ri r O k o n Th e	tatsama
দৃড়চিত্ত	d ri r O ch i tt o	tatsama
দৃড়চিত্তে	d ri r O ch i tt e	tatsama
দৃড়চেতা	d ri r O ch e t a	tatsama
দৃড়তর	d ri r O t o r o	tatsama
দৃড়তা	d ri r O t a	tatsama
দৃড়তাপুর্ন	d ri r O t a p u r n O	tatsama
দৃড়তার	d ri r O t a r	tatsama
দৃড়তায়	d ri r O t a y	tatsama
দৃড়প্রতিজ্ঞ	d ri r O pr o t i g g o	tatsama
দৃড়প্রতিজ্ঞা	d ri r O pr o t i g g a	tatsama
দৃড়প্রতিজ্ঞার	d ri r O pr o t i g g a r	tatsama
দৃড়প্রত্যয়	d ri r O pr o t t o y	tatsama
দৃড়প্রত্যয়ি	d ri r O pr o t t o y i	tatsama
দৃড়বিশ্বাস	d ri r O b i sh sh a sh	tatsama
দৃড়ভাবে	d ri r O bh a b e	tatsama
দৃড়ভাবেই	d ri r O bh a b e i	tatsama
দৃড়সংকল্প	d ri r O sh o ng k o l p o	tatsama
দৃড়সংকল্পের	d ri r O sh o ng k o l p e r	tatsama
দে	d e	native
দেআসিনি	d e a sh i n i	native
দেই	d e i	native
দেইখা	d e i kh a	native
দেইখ্যা	d e i k kh a	native
দেইনি	d e i n i	native
দেইর	d e i r	native
দেউদে	d e u d e	native
দেউরি	d e u r i	native
দেউল	d e u l	native
দেউলিয়া	d e u l i y a	native
দেউলিয়াপনা	d e u l i y a p o n a	native
দেউলিয়ার	d e u l i y a r	native
দেউলে	d e u l e	native
দেউলের	d e u l e r	native
দেউড়ি	d e u r i	native
দেউড়িতে	d e u r i t e	native
দেউড়ির	d e u r i r	native
দেও	d e O	native
দেওকলস	d e O k o l o sh	native
দেওঘরে	d e O gh o r e	native
দেওতা	d e O t a	native
দেওদাশা	d e O d a sh a	native
দেওনারায়ন	d e O n a r a y o n	native
দেওনের	d e O n e r	native
দেওবন্দ	d e O b o nd	native
দেওবন্দি	d e O b o nd i	native
দেওবন্দের	d e O b o nd e r	native
দেওভোগ	d e O bh O g	native
দেওভোগে	d e O bh O g e	native
দেওর	d e O r	native
দেওল	d e O l	native
দেওহাটা	d e O h a T a	native
দেওড়া	d e O r a	native
দেওয়া	d E O y a	native
দেওয়াই	d E O y a i	native
দেওয়াও	d E O y a O	native
দেওয়াকে	d E O y a k e	native
দেওয়াকেও	d E O y a k e O	native
দেওয়াটা	d E O y a T a	native
দেওয়াটাই	d E O y a T a i	native
দেওয়াটাও	d E O y a T a O	native
দেওয়াটাকে	d E O y a T a k e	native
দেওয়াতে	d E O y a t e	native
দেওয়াতেই	d E O y a t e i	native
দেওয়াতেও	d E O y a t e O	native
দেওয়ান	d E O y a n	native
দেওয়ানকে	d E O y a n k e	native
দেওয়ানপাড়ার	d E O y a n p a r a r	native
দেওয়ানপাড়ায়	d E O y a n p a r a y	native
দেওয়ানবাগ	d E O y a n b a g	native
দেওয়ানবাড়ি	d E O y a n b a r i	native
দেওয়ানসহ	d E O y a n sh o h O	native
দেওয়ানহাট	d E O y a n h a T	native
দেওয়ানহাটে	d E O y a n h a T e	native
দেওয়ানহাটের	d E O y a n h a T e r	native
দেওয়ানি	d E O y a n i	native
দেওয়ানের	d E O y a n e r	native
দেওয়ানো	d E O y a n O	native
দেওয়ানোর	d E O y a n O r	native
দেওয়ামাত্র	d E O y a m a tr O	native
দেওয়ামাত্রই	d E O y a m a tr O i	native
দেওয়ার	d E O y a r	native
দেওয়ারই	d E O y a r i	native
দেওয়ারও	d E O y a r O	native
দেওয়াল	d E O y a l	native
দেওয়ালে	d E O y a l e	native
দেওয়াসংক্রান্ত	d E O y a sh o ng kr a nt O	compound
দেওয়াসহ	d E O y a sh o h O	native
দেওয়ায়	d E O y a y	native
দেওয়া–নেওয়া	d E O y a n E O y a	native
দেকতে	d e k t e	native
দেকে	d e k e	native
দেখছ	d e kh chh O	native
দেখছি	d e kh chh i	native
দেখছিও	d e kh chh i O	native
দেখছিল	d e kh chh i l O	native
দেখছিলাম	d e kh chh i l a m	native
দেখছিলেন	d e kh chh i l e n	native
দেখছিস	d e kh chh i sh	native
দেখতা	d e kh t a	native
দেখতাম	d e kh t a m	native
দেখতি	d e kh t i	native
দেখতেই	d e kh t e i	native
দেখতেও	d e kh t e O	native
দেখতেন	d e kh t e n	native
দেখন	d e kh O n	native
দেখনি	d e kh o n i	native
দেখন–হাসি	d j o kh O n h a sh i	native
দেখবা	d e kh b a	native
দেখবি	d e kh b i	native
দেখবে	d e kh b e	native
দেখবেনই	d e kh b e n i	native
দেখভালে	d e kh bh a l e	native
দেখল	d e kh l O	native
দেখলা	d e kh l a	native
দেখলাম	d e kh l a m	native
দেখলুম	d e kh l u m	native
দেখলেই	d e kh l e i	native
দেখলেও	d e kh l e O	native
দেখলেনই	d e kh l e n i	native
দেখাই	d E kh a i	native
দেখাইতে	d E kh a i t e	native
দেখাইনি	d E kh a i n i	native
দেখাইয়া	d e kh a i y a	native
দেখাও	d E kh a O	native
দেখাক	d E kh a k	native
দেখাকে	d e kh a k e	native
দেখাচ্ছি	d E kh a ch chh i	native
দেখাচ্ছিলেন	d E kh a ch chh i l e n	native
দেখাচ্ছে	d e kh a ch chh e	native
দেখাটা	d E kh a T a	native
দেখাটাই	d e kh a T a i	native
দেখাটাও	d E kh a T a O	native
দেখাত	d E kh a t O	native
দেখাতাম	d e kh a t a m	native
দেখাতে	d E kh a t e	native
দেখাতেই	d E kh a t e i	native
দেখাতেন	d E kh a t e n	native
দেখাতো	d E kh a t O	native
দেখাদেখিও	d e kh a d e kh i O	native
দেখাদেখির	d e kh a d e kh i r	native
দেখান	d E kh a n	native
দেখানো	d E kh a n O	native
দেখানোই	d E kh a n O i	native
দেখানোও	d e kh a n O O	native
দেখানোর	d E kh a n O r	native
দেখানোরও	d e kh a n O r O	native
দেখানোসহ	d e kh a n O sh o h O	native
দেখানোয়	d e kh a n O y	native
দেখাব	d e kh a b O	native
দেখাবার	d E kh a b a r	native
দেখাবে	d e kh a b e	native
দেখাবেন	d E kh a b e n	native
দেখাবো	d E kh a b O	native
দেখামাত্র	d E kh a m a tr O	native
দেখামাত্রই	d E kh a m a tr O i	native
দেখারই	d e kh a r i	native
দেখারও	d E kh a r O	native
দেখাল	d E kh a l O	native
দেখালাম	d E kh a l a m	native
দেখালেই	d E kh a l e i	native
দেখালেও	d E kh a l e O	native
দেখাশোনার	d E kh a sh O n a r	native
দেখাশোনায়	d e kh a sh O n a y	native
দেখায়	d e kh a y	native
দেখায়নি	d e kh a y n i	native
দেখি	d e kh i	native
দেখিআ	d e kh i y a	native
দেখিওনি	d e kh i O n i	native
দেখিতেছি	d e kh i t e chh i	native
দেখিনা	d e kh i n a	native
দেখিনি	d e kh i n i	native
দেখিবার	d e kh i b a r	native
দেখিল	d e kh i l O	native
দেখিলাম	d e kh i l a m	native
দেখিস	d e kh i sh	native
দেখিয়া	d e kh i y a	native
দেখিয়ে	d e kh i y e	native
দেখিয়েই	d e kh i y e i	native
দেখিয়েও	d e kh i y e O	native
দেখিয়েছি	d e kh i y e chh i	native
দেখিয়েছিল	d e kh i y e chh i l o	native
দেখিয়েছিলাম	d e kh i y e chh i l a m	native
দেখিয়েছিলেন	d e kh i y e chh i l e n	native
দেখিয়েছে	d e kh i y e chh e	native
দেখিয়েছেন	d e kh i y e chh e n	native
দেখে	d e kh e	native
দেখেই	d e kh e i	native
দেখেও	d e kh e O	native
দেখেছ	d e kh e chh O	native
দেখেছি	d e kh e chh i	native
দেখেছিল	d e kh e chh i l O	native
দেখেছিলাম	d e kh e chh i l a m	native
দেখেছিলেম	d e kh e chh i l e m	native
দেখেছিস	d e kh e chh i sh	native
দেখেছে	d e kh e chh e	native
দেখেছেন	d e kh e chh e n	native
দেখেন	d E kh e n	native
দেখেননি	d E kh e n n i	native
দেখেনি	d E kh e n i	native
দেখেশুনেই	d e kh e sh u n e i	native
দেগু	d e g u	native
দেগুতে	d e g u t e	native
দেগেছেন	d e g e chh e n	native
দেচ্ছে	d e ch chh e	native
দেছ	d e chh O	native
দেজা	d e j a	native
দেজান	d e j a n	native
দেতে	d e t e	native
দেতো	d e t O	native
দেদপ্যমান	d e d i p p O m a n	native
দেদার	d e d a r	native
দেদারছে	d e d a r sh e	native
দেদারসে	d e d a r o sh e	native
দেদিপ্যমান	d e d i p p o m a n	native
দেদো	d e d O	native
দেধান	d e dh a n	native
দেন	d e n	native
দেনইনি	d e n i n i	native
দেনদরবার	d e n d o r b a r	native
দেনদরবারে	d e n d o r b a r e	native
দেনদরবারের	d e n d o r b a r e r	native
দেননি	d e n n i	native
দেনমোহর	d e n m O h O r	native
দেনমোহরে	d e n m O h o r e	native
দেনা	d e n a	native
দেনাদার	d e n a d a r	native
দেনাপাওনা	d e n a p a O n a	native
দেনায়	d e n a y	native
দেনুয়া	d e n u y a	native
দেনেওয়ালাদের	d e n e O y a l a d e r	native
দেনো	d e n O	native
দেন্ডারা	d e n D a r a	native
দেন্ত	d e nt O	native
দেপোর্তিভো	d e p O r t i bh O	native
দেবই	d e b o i	native
দেবও	d e b i	native
দেবকি	d e b o k i	native
দেবকির	d e b o k i r	native
দেবকে	d e b k e	native
দেবগন	d e b g o n	native
দেবগনকে	d e b g o n k e	native
দেবজানি	d e b O j a n i	native
দেবজানিকে	d e b O j a n i k e	native
দেবজানির	d e b O j a n i r	native
দেবজ্যোতি	d e b j O t i	native
দেবতাদের	d e b O t a d e r	native
দেবতারা	d e b O t a r a	native
দেবতুল্য	d e b t u l l o	native
দেবদারু	d e b d a r u	native
দেবদাস	d e b d a sh	native
দেবদাসের	d e b d a sh e r	native
দেবদুত	d e b d u t	native
দেবদুলাল	d e b d u l a l	native
দেবদেবি	d e b d e b i	native
দেবদেবির	d e b d e b i r	native
দেবধোলাই	d e b dh O l a i	native
দেবন	d e b O n	native
দেবনাথ	d e b n a th	native
দেবনাথের	d e b n a th e r	native
দেবপ্রসাদ	d e b o pr o sh a d	native
দেবপ্রিয়	d e b pr i y o	native
দেববর্মন	d e b b o r m o n	native
দেববর্মনের	d e b b o r m o n e r	native
দেবরাজ	d e b r a j	native
দেবরের	d e b O r e r	native
দেবলিনা	d e b l i n a	native
দেবশিশু	d e b sh i sh u	native
দেবশ্রি	d e b o sh r i	native
দেবহাটা	d e b h a T a	native
দেবা	d e b a	native
দেবাংশু	d e b a ng sh u	native
দেবানন্দ	d e b a n o nd o	native
দেবার	d e b a r	native
দেবারতি	d e b a r o t i	native
দেবারি	d e b a r i	native
দেবালয়	d e b a l o y	native
দেবাশিশ	d e b a sh i sh	native
দেবাশিশকে	d e b a sh i sh k e	native
দেবাশিশের	d e b a sh i sh e r	native
দেবাশিস	d e b a sh i sh	native
দেবাশ্রিত	d e b a sh r i t O	native
দেবায়তন	d e b a y O t O n	native
দেবি	d e b i	native
দেবিকে	d e b i k e	native
দেবিডুবা	d e b i D u b a	native
দেবিদাস	d e b i d a sh	native
দেবিদের	d e b i d e r	native
দেবিদ্বার	d e b i d a r	native
দেবিদ্বারে	d e b i d a r e	native
দেবিপুর	d e b i p u r	native
দেবির	d e b i r	native
দেবিরুপে	d e b i r u p e	native
দেবু	d e b u	native
দেবে	d e b e	native
দেবেই	d e b e i	native
দেবেন	d e b e n	native
দেবেনই	d e b e n i	native
দেবেন্দ্র	d e b e ndr O	native
দেবেন্দ্রনাথ	d e b e ndr O n a th	native
দেবেন্দ্রনাথের	d e b e ndr O n a th e r	compound
দেবেশদা	d e b e sh d a	native
দেবো	d e b O	native
দেবোপম	d e b O p o m	native
দেব্যা	d e b b a	native
দেম	d e m	native
দেমাত্রা	d e m a tr a	native
দের	d e r	native
দেরা	d e r a	native
দেরাজ	d e r a j	native
দেরাদুন	d e r a d u n	native
দেরাদুনে	d e r a d u n e	native
দেরায়	d e r a y	native
দেরি	d e r i	native
দেরিই	d e r i i	native
দেরিতে	d e r i t e	native
দেরিতেই	d e r i t e i	native
দেরির	d e r i r	native
দেরেংগ	d e r e ng g	native
দেল	d e l	native
দেলওয়ার	d e l O y a r	native
দেলকো	d e l k O	native
দেলদুয়ার	d e l d u y a r	native
দেলা	d e l a	native
দেলাওয়ার	d e l a O a r	native
দেলাসা	d e l a sh a	native
দেলু	d e l u	native
দেলুয়া	d e l u y a	native
দেলে	d e l e	native
দেলোয়ার	d e l O y a r	native
দেলোয়ারকে	d e l O y a r k e	native
দেলোয়ারপন্থি	d e l O y a r p o n th i	native
দেলোয়ারসহ	d e l O y a r sh o h O	native
দেলোয়ারা	d e l O y a r a	native
দেলোয়ারের	d e l O y a r e r	native
দেল্লা	d e l l a	native
দেশকালের	d e sh k a l e r	native
দেশকেই	d e sh k e i	native
দেশকেও	d e sh k e O	native
দেশগুলিতে	d e sh g u l i t e	native
দেশগুলোই	d e sh g u l O i	native
দেশগুলোকে	d e sh g u l O k e	native
দেশগুলোকেও	d e sh g u l O k e O	native
দেশগুলোতেই	d e sh g u l O t e i	native
দেশগুলোতেও	d e sh g u l O t e O	native
দেশগুলোর	d e sh g u l O r	native
দেশগুলোরও	d e sh g u l O r O	native
দেশগুলোসহ	d e sh g u l O sh o h O	native
দেশগুলোয়	d e sh g u l O y	native
দেশছাড়া	d e sh chh a r a	native
দেশজুড়ে	d e sh j u r e	native
দেশজুড়েই	d e sh j u r e i	native
দেশটাই	d e sh T a i	native
দেশটাও	d e sh T a O	native
দেশটাকে	d e sh T a k e	native
দেশটাকেই	d e sh T a k e i	native
দেশটাতে	d e sh T a t e	native
দেশটার	d e sh T a r	native
দেশটায়	d e sh T a y	native
দেশটিই	d e sh T i i	native
দেশটিও	d e sh T i O	native
দেশটিভির	d e sh T i bh i r	loanword
দেশত্যাগি	d e sh t A g i	native
দেশত্যাগে	d e sh t A g e	native
দেশত্যাগের	d e sh t A g e r	native
দেশদ্রোহ	d e sh d r O h o	native
দেশদ্রোহি	d e sh d r O h i	native
দেশদ্রোহিতা	d e sh d r O h i t a	native
দেশদ্রোহিতার	d e sh d r O h i t a r	native
দেশদ্রোহের	d e sh d r O h e r	native
দেশনা	d e sh O n a	native
দেশনেত্রি	d e sh n e tr i	native
দেশপ্রেমি	d e sh pr e m i	native
দেশপ্রেমিক	d e sh pr e m i k	native
দেশপ্রেমিককে	d e sh pr e m i k k e	native
দেশপ্রেমিকদের	d e sh pr e m i k d e r	compound
দেশপ্রেমিকের	d e sh pr e m i k e r	native
দেশপ্রেমে	d e sh pr e m e	native
দেশপ্রেমের	d e sh pr e m e r	native
দেশবরেন্য	d e sh b o r e n n O	native
দেশবাংলা	d e sh b a ng l a	native
দেশবাসি	d e sh b a sh i	loanword
দেশবাসিই	d e sh b a sh i i	loanword
দেশবাসিও	d e sh b a sh i O	loanword
দেশবাসিকে	d e sh b a sh i k e	loanword
দেশবাসিকেই	d e sh b a sh i k e i	loanword
দেশবাসিকেও	d e sh b a sh i k e O	loanword
দেশবাসির	d e sh b a sh i r	loanword
দেশবাসিসহ	d e sh b a sh i sh o h O	loanword
দেশবিভাগের	d e sh b i bh a g e r	native
দেশবিরোধি	d e sh b i r O dh i	native
দেশব্যাপি	d e sh b A p i	native
দেশভাগ	d e sh bh a g	native
দেশভিত্তিক	d e sh bh i tt i k	native
দেশম	d e sh o m	native
দেশমুখ	d e sh m u kh	native
দেশময়	d e sh m o y	native
দেশরত্ন	d e sh r o t n O	native
দেশলাইয়ের	d e sh l a i y e r	native
দেশসমুহ	d e sh sh O m u h O	native
দেশসমুহে	d e sh sh o m u h e	native
দেশসমুহের	d e sh sh o m u h e r	native
দেশসেবা	d e sh sh e b a	native
দেশসেবার	d e sh sh e b a r	native
দেশসেবায়	d e sh sh e b a y	native
দেশসেরা	d e sh sh e r a	native
দেশহিন	d e sh h i n	native
দেশা	d e sh a	native
দেশাই	d e sh a i	native
দেশাইয়ের	d e sh a i y e r	native
দেশাচার	d e sh a ch a r	native
দেশাত্মবোধ	d e sh a t t O b O dh	native
দেশাত্মবোধক	d e sh a t t O b O dh O k	native
দেশাত্মবোধে	d e sh a t t o b O dh e	native
দেশানায়েক	d e sh a n a y e k	native
দেশান্তর	d e sh a nt O r	native
দেশান্তরি	d e sh a nt O r i	native
দেশান্তরিত	d e sh a nt o r i t o	native
দেশাল	d e sh a l	native
দেশালের	d e sh a l e r	native
দেশিক	d e sh i k	native
দেশিকোত্তম	d e sh i k O tt o m	native
দেশিত	d e sh i t O	native
দেশিদশ	d e sh i d o sh	native
দেশিদশের	d e sh i d o sh e r	native
দেশিনি	d e n i n i	native
দেশিয়	d e sh i y O	native
দেশিয়ভাবে	d e sh i y o bh a b e	native
দেশেই	d e sh e i	native
দেশেও	d e sh e O	native
দেশেটির	d e sh e T i r	native
দেশেতে	d e sh e t e	native
দেশের	d e sh e r	native
দেশেরই	d e sh e r i	native
দেসহ	d e sh o h O	native
দেহ	d e h O	native
দেহই	d e h O i	native
দেহও	d e h O O	native
দেহকেই	d e h o k e i	native
দেহকোশ	d e h o k O sh	native
দেহকোশে	d e h O k O sh e	native
দেহগুলো	d e h O g u l O	native
দেহটাকে	d e h O T a k e	native
দেহটি	d e h O T i	native
দেহটিকে	d e h o T i k e	native
দেহত্যাগ	d e h O t A g	native
দেহবোমা	d e h o b O m a	native
দেহব্যবসা	d e h O b A b sh a	native
দেহব্যবসার	d e h O b A b sh a r	native
দেহমন	d e h O m o n	native
দেহমনে	d e h O m O n e	native
দেহা	d e h a	native
দেহাইতে	d e h a i t e	native
দেহাত	d e h a t	native
দেহাতিত	d e h a t i t	native
দেহাত্যয়	d e h a t t o y	native
দেহান্তর	d e h a nt o r	native
দেহাবশেশ	d e h a b o sh e sh	native
দেহাবশেশের	d e h a b o sh e sh e r	native
দেহাবসান	d e h a b o sh a n	native
দেহাভ্যন্তরের	d e h a b bh o nt o r e r	compound
দেহারা	d e h a r a	native
দেহালা	d e h a l a	native
দেহায়	d e h a y	native
দেহুন্দা	d e h u nd a	native
দেহে	d e h e	native
দেহেও	d e h e O	native
দেহেন	d e h e n	native
দেড়	d e r	native
দেড়কো	d e r k O	native
দেড়গুন	d e r g u n	native
দেড়টা	d e r T a	native
দেড়টার	d e r T a r	native
দেড়টায়	d e r T a y	native
দেড়টি	d e r T i	native
দেড়শ	d e r sh o	native
দেড়েক	d e r e k	native
দেড়েকের	d e r e k e r	native
দেয়	d E y	native
দেয়ইনি	d E y o i n i	native
দেয়নি	d E y n i	native
দেয়া	d e y a	native
দেয়ান	d e y a n	native
দেয়ার	d e y a r	native
দেয়ারফোর	d e y a r ph O r	native
দেয়াল	d e a l	native
দেয়ালও	d e y a l O	native
দেয়ালকে	d e y a l k e	native
দেয়ালগুলো	d e y a l g u l O	native
দেয়ালঘেরা	d e y a l gh e r a	native
দেয়ালঘেশে	d e y a l gh e sh e	native
দেয়ালঘড়ি	d e y a l gh o r i	native
দেয়ালজুড়ে	d e y a l j u r e	native
দেয়ালটা	d e y a l T a	native
দেয়ালটি	d e y a l T i	native
দেয়ালপত্রিকা	d e y a l p o tr i k a	native
দেয়ালপত্রিকার	d e y a l p o tr i k a r	compound
দেয়াললিখন	d e y a l l i kh o n	native
দেয়াললিখনে	d e y a l l i kh o n e	native
দেয়াললিখনের	d e y a l l i kh o n e r	native
দেয়ালসংলগ্ন	d e y a l sh o ng l o g n O	native
দেয়ালসহ	d e y a l sh o h O	native
দেয়ালি	d e y a l i	native
দেয়ালিকা	d e y a l i k a	native
দেয়ালে	d e y a l e	native
দেয়ালেই	d e y a l e i	native
দেয়ালেও	d e y a l e O	native
দেয়ালের	d e y a l e r	native
দেয়াড়া	d e y a r a	native
দো	d O	native
দোআশ	d O a sh	native
দোই	d O i	native
দোইত্য	d O i t t o	native
দোইত্যাকার	d O i t t a k a r	native
দোইত্যারি	d O i t t a r i	native
দোইত্যের	d O i t t e r	native
দোইন	d O i n O	native
দোইনন্দিন	d O i n o nd i n	native
দোইনিক	d O i n i k	native
দোইনিককে	d O i n i k k e	native
দোইনিকগুলো	d O i n i k g u l O	native
দোইনিকগুলোতে	d O i n i k g u l O t e	native
দোইনিকগুলোর	d O i n i k g u l O r	native
দোইনিকটি	d O i n i k T i	native
দোইনিকে	d O i n i k e	native
দোইনিকের	d O i n i k e r	native
দোইন্য	d O i n n o	native
দোইন্যতা	d O i n n o t a	native
দোইন্যদশা	d O i n n o d o sh a	native
দোইন্যদশার	d O i n n o d o sh a r	native
দোইন্যের	d O i n n e r	native
দোইব	d O i b o	native
দোইবকি	d O i b o k i	native
দোইবক্রমে	d O i b o kr o m e	native
দোইবচয়ন	d O i b o ch o y o n	native
দোইবচয়নের	d O i b o ch o y o n e r	native
দোইবত	d O i b o t	native
দোইবাগত	d O i b a g o t O	native
দোইবাৎ	d O i b a t	native
দোইবি	d O i b i	native
দোইবের	d O i b e r	native
দোইবোপহত	d oi b O p o h o t O	native
দোইর্ঘ্য	d O i r gh o	native
দোইর্ঘ্যসিমা	d O i r gh O sh i m a	native
দোইর্ঘ্যসিমার	d O i r gh o sh i m a r	compound
দোইর্ঘ্যে	d O i r gh e	native
দোইর্ঘ্যের	d O i r gh e r	native
দোইশিক	d O i sh o k	native
দোইসত	d O i sh o t	native
দোইহিক	d oi h i k	native
দোইহিকভাবে	d oi h i k bh a b e	native
দোউড়ান	d O u r a n	native
দোউড়ানো	d O u r a n O	native
দোউড়ে	d O u r e	native
দোউত্য	d ou u t t O	native
দোউবারিক	d O u b a r i k	native
দোউরাত্ম	d O u r a t t O	native
দোউরাত্ম্য	d O u r a t t O	native
দোউরাত্ম্যও	d O u r a t t o O	native
দোউরাত্ম্যে	d O u r a t t e	native
দোউরাত্ম্যের	d O u r a t t e r	native
দোউর্গত্য	d O u r g o t t O	native
দোউর্গন্ধ্য	d O u r g o n dh O	tatsama
দোউর্জন্য	d O u r j O n n O	native
দোউর্বল্য	d ou u r b O l l O	native
দোউর্ভাগ্য	d O u r bh a g g O	native
দোউর্মনস্য	d ou u r m o n O sh sh O	native
দোউলত	d O u l o t	native
দোউলতকান্দি	d O u l o t k a nd i	native
দোউলতখান	d O u l o t kh a n	native
দোউলতখানে	d O u l o t kh a n e	native
দোউলতখানের	d O u l o t kh a n e r	native
দোউলতদিয়া	d O u l o t d i y a	native
দোউলতদিয়ার	d O u l o t d i y a r	native
দোউলতদিয়ায়	d O u l o t d i y a y	native
দোউলতপুর	d O O l O t p u r	native
দোউলতপুরে	d O u l O t p u r e	native
দোউলতপুরের	d O u l O t p u r e r	native
দোউলতানা	d O u l o t a n a	native
দোউলতি	d O u l o t i	native
দোউলতে	d O O l O t e	native
দোউলা	d O u l a	native
দোউলার	d O u l a r	native
দোউহিত্র	d O u h i tr O	native
দোউড়	d O u r	native
দোউড়ঝাপ	d O u r jh a p	native
দোউড়ঝাপে	d O u r jh a p e	native
দোউড়টা	d O u r T a	native
দোউড়বিদ	d O u r b i d	native
দোউড়া	d O u r a	native
দোউড়াইয়া	d O u r a i y a	native
দোউড়াচ্ছি	d O u r a ch chh i	native
দোউড়াচ্ছে	d O u r a ch chh e	native
দোউড়াতে	d O u r a t e	native
দোউড়াদোউড়ি	d O u r a d O u r i	native
দোউড়ান	d O u r a n O	native
দোউড়ানো	d O u r a n O	native
দোউড়ানোর	d O u r a n O r	native
দোউড়াব	d O u r a b O	native
দোউড়াবেন	d O u r a b e n	native
দোউড়ালাম	d O u r a l a m	native
দোউড়ালে	d O u r a l e	native
দোউড়ালেন	d O u r a l e n	native
দোউড়ায়	d O u r a y	native
দোউড়ায়া	d O u r a y a	native
দোউড়ি	d O u r i	native
দোউড়ে	d O u r e	native
দোউড়েও	d O u r e O	native
দোউড়ের	d O u r e r	native
দোকান	d O k a n	native
দোকানই	d O k a n i	native
দোকানও	d O k a n O	native
দোকানকর্মির	d O k a n k o r m i r	native
দোকানকে	d O k a n k e	native
দোকানগুলোও	d O k a n g u l O u	native
দোকানগুলোতে	d O k a n g u l O t e	native
দোকানগুলোতেও	d O k a n g u l O t e O	native
দোকানগুলোর	d O k a n g u l O r	native
দোকানগুলোয়	d O k a n g u l O y	native
দোকানঘর	d O k a n gh o r	native
দোকানঘরে	d O k a n gh o r e	native
দোকানঘরের	d O k a n gh o r e r	native
দোকানটা	d O k a n T a	native
দোকানটি	d O k a n T i	native
দোকানটিকে	d O k a n T i k e	native
দোকানটিতে	d O k a n T i t e	native
দোকানটির	d O k a n T i r	native
দোকানদারকে	d O k a n d a r k e	native
দোকানদারদের	d O k a n d a r d e r	native
দোকানদাররা	d O k a n d a r r a	native
দোকানদারসহ	d O k a n d a r sh o h O	native
দোকানদারি	d O k a n d a r i	native
দোকানদারের	d O k a n d a r e r	native
দোকানদারেরা	d O k a n d a r e r a	native
দোকানপাট	d O k a n p a T	native
দোকানপাটও	d O k a n p a T O	native
দোকানপাটসহ	d O k a n p a T sh o h O	native
দোকানপাটের	d O k a n p a T e r	native
দোকানপ্রতি	d O k a n pr o t i	native
দোকানভাড়া	d O k a n o bh a r a	native
দোকানমালিক	d O k a n m a l i k	native
দোকানমালিককে	d O k a n m a l i k k e	native
দোকানমালিকদের	d O k a n m a l i k d e r	compound
দোকানমালিকের	d O k a n m a l i k e r	native
দোকানমালিকেরা	d O k a n m a l i k e r a	compound
দোকানসহ	d O k a n sh o h O	native
দোকানি	d O k a n i	native
দোকানিকে	d O k a n i k e	native
দোকানিদের	d O k a n i d e r	native
দোকানির	d O k a n i r	native
দোকানিরা	d O k a n i r a	native
দোকানিরাও	d O k a n i r a O	native
দোকানে	d O k a n e	native
দোকানেই	d O k a n e i	native
দোকানেও	d O k a n e O	native
দোকানের	d O k a n e r	native
দোগাছি	d O g a chh i	native
দোগার	d O g a r	native
দোগ্ধা	d O g dh a	native
দোচালা	d O ch a l a	native
দোজখ	d O j o kh	native
দোজখে	d O j O kh e	native
দোজখের	d O j O kh e r	native
দোটানা	d O T a n a	native
দোটানায়	d O T a n a y	native
দোতরা	d O t o r a	native
দোতলা	d O t o l a	native
দোতলার	d O t O l a r	native
দোতলায়	d O t o l a y	native
দোতারা	d O t a r a	native
দোতারাও	d O t a r a O	native
দোতি	d O t i	native
দোদুলের	d O d u l e r	native
দোদুল্যমান	d O d u l l O m a n	native
দোদুল্যমানতা	d O d u l l o m a n o t a	native
দোদুল্যমানতার	d O d u l l o m a n o t a r	compound
দোদুল্যমানতায়	d O d u l l o m a n o t a y	compound
দোন	d O n	native
দোনলা	d O n o l a	native
দোনা	d O n a	native
দোনোমনা	d O n O m o n a	native
দোপট্টি	d O p o T T i	native
দোপেয়াজা	d O p e y a j a	native
দোপেয়াজি	d O p e y a j i	native
দোবজা	d O b j a	native
দোবারা	d O b a r a	native
দোবুটি	d O b u T i	native
দোবেকি	d O b e k i	native
দোভাল	d O bh a l	native
দোভাশ	d O bh a sh	native
দোভাশি	d O bh a sh i	native
দোভাশির	d O bh a sh i r	native
দোভাশের	d O bh a sh e r	native
দোমতি	d O m O t i	native
দোমা	d O m a	native
দোমালা	d O m a l a	native
দোমোদেদোভো	d O m O d e d O bh O	native
দোমড়ানো	d O m r a n O	native
দোর	d O r	native
দোরগোড়ার	d O r g O r a r	native
দোরগোড়ায়	d O r g O r a y	native
দোরমা	d O r m a	native
দোররা	d O r r a	native
দোররার	d O r r a r	native
দোররায়	d O r r a y	native
দোরস্ত	d O r o st o	native
দোরোকা	d O r O k a	native
দোরোন	d O r O n	native
দোর্দন্ড	d O r d o n D O	native
দোল	d O l	native
দোলজাত্রা	d O l j a tr a	native
দোলন	d O l O n	native
দোলনকে	d O l o n k e	native
দোলনচাপা	d O l O n ch a p a	native
দোলনার	d O l n a r	native
দোলনের	d O l O n e r	native
দোলপুর্নিমার	d O l p u r n i m a r	native
দোলমঞ্চ	d O l m o nch o	tatsama
দোলাইরপাড়	d O l a i r p a r o	native
দোলাইরপাড়ে	d O l a i r p a r e	native
দোলাতাবাদি	d O l a t a b a d i	native
দোলার	d O l a r	native
দোলায়	d O l a y	native
দোলায়মান	d O l a y O m a n	native
দোলায়িত	d O l a y i t	native
দোলেশ্বর	d O l e sh sh o r	tatsama
দোলেস্বর	d O l e sh sh o r	tatsama
দোলোয়ার	d O l O y a r	native
দোশ	d O sh	native
দোশই	d O sh i	native
দোশও	d O sh O	native
দোশগুলো	d O sh g u l O	native
দোশটা	d O sh T a	native
দোশত্রুটি	d O sh tr u T i	native
দোশত্রুটির	d O sh tr u T i r	native
দোশনিয়	d O sh o n i y o	native
দোশমুক্ত	d O sh m u kt O	native
দোশা	d O sh a	native
দোশাবহ	d O sh a b o h O	native
দোশারুপ	d O sh a r u p	native
দোশারোপ	d O sh a r O p	native
দোশারোপও	d O sh a r O p O	native
দোশারোপে	d O sh a r O p e	native
দোশারোপের	d O sh a r O p e r	native
দোশালা	d O sh a l a	native
দোশাশ্রিত	d O sh a sh r i t O	native
দোশি	d O sh i	native
দোশিকে	d O sh i k e	native
দোশিদের	d O sh i d e r	native
দোশির	d O sh i r	native
দোশিরা	d O sh i r a	native
দোশে	d O sh e	native
দোশেই	d O sh e i	native
দোশের	d O sh e r	native
দোস	d O sh	native
দোসর	d O sh o r	native
দোসররা	d O sh O r r a	native
দোসরা	d O sh O r a	native
দোসরেরা	d O sh o r e r a	native
দোসা	d O sh a	native
দোসারি	d O sh a r i	native
দোসালা	d O sh a l a	native
দোসিয়ে	d O sh i y e	native
দোসো	d O sh O	native
দোসোতে	d O sh O t e	native
দোস্ত	d O st O	native
দোস্তগ্রামে	d O st o gr a m e	native
দোস্তগ্রামের	d O st o gr a m e	native
দোস্তানা	d O st a n a	native
দোস্তি	d O st i	native
দোস্তের	d O st e r	native
দোহ	d O h O	native
দোহক	d O h O k	native
দোহদ	d O h O d	native
দোহন	d O h O n	native
দোহাই	d O h a i	native
দোহাজারি	d O h a j a r i	native
দোহাজারির	d O h a j a r i r	native
দোহাটেক	d O h a T e k	native
দোহান	d O h a n	native
দোহার	d O h a r	native
দোহারা	d O h a r a	native
দোহারি	d O h a r i	native
দোহারের	d O h a r e r	native
দোহাল	d O h a l	native
দোহায়	d O h a y	native
দোড়গোড়ায়	d O r g O r a y	native
দোয়জ	d O y O j	native
দোয়া	d O y a	native
দোয়াজ–দহম	d O y a j d o h O m	native
দোয়াত	d O y a t	native
দোয়াতের	d O y a t e r	native
দোয়ানি	d O y a n i	native
দোয়ানির	d O y a n i r	native
দোয়ার	d O y a r	native
দোয়ারাবাজার	d O y a r a b a j a r	native
দোয়াড়	d O a r	native
দোয়াড়ি	d O y a r i	native
দোয়ায়	d O y a y	native
দোয়েম	d O y e m	native
দোয়েল	d O y e l	native
দোয়েলের	d O y e l e r	native
দ্বইত	d O i t O	native
দ্বইতে	d O i t e	native
দ্বইরথ	d O i r o th	native
দ্বইরথে	d O i r o th e	native
দ্বইরথের	d O i r o th e r	native
দ্বন্দ্ব	d o n d O	native
দ্বন্দ্বই	d o n d o i	native
দ্বন্দ্বকে	d o n d o k e	native
দ্বন্দ্বটা	d o n d O T a	native
দ্বন্দ্বমুখর	d o n d o m u kh o r	native
দ্বন্দ্বমুলক	d o n d o m u l o k	native
দ্বন্দ্বাত্মক	d o n d a t t o k	compound
দ্বন্দ্বে	d o n d e	native
দ্বন্দ্বেও	d o n d e O	native
দ্বন্দ্বের	d o n d e r	native
দ্বাচত্বারিংশ	d a ch o tt a r i ng sh O	tatsama
দ্বাত্রিংশ	d a tr i ng sh O	native
দ্বান্দ্বিক	d a n d i k	native
দ্বাপর	d a p o r	native
দ্বাবিংশ	d a b i ng sh O	native
দ্বার	d a r	native
দ্বারও	d a r O	native
দ্বারকানাথ	d a r k a n a th	native
দ্বারভাংংগার	d a r bh a ng g a r	native
দ্বাররক্ষির	d a r r o kkh i r	tatsama
দ্বারা	d a r a	native
দ্বারাই	d a r a i	native
দ্বারাও	d a r a O	native
দ্বারি	d a r i	native
দ্বারের	d a r e r	native
দ্বারোদ্ঘাটন	d a r O d gh a T o n	native
দ্বাশশ্টি	d a sh O sh T i	native
দ্বাসপ্ততি	d a sh o p t O t i	loanword
দ্বিকক্ষবিশিশ্ট	d i k o kkh o b i sh i sh T O	tatsama
দ্বিকক্ষিয়	d i k o kkh i y o	tatsama
দ্বিখন্ডিত	d i kh O n D i t O	native
দ্বিগু	d i g u	native
দ্বিগুন	d i g u n	native
দ্বিগুনসংখ্যক	d i g u n sh o ng kh o k	compound
দ্বিগুনের	d i g u n e r	native
দ্বিগুনেরও	d i g u n e r O	native
দ্বিচারিতা	d i ch a r i t a	native
দ্বিজ	d i j	native
দ্বিজাতি	d i j a t i	native
দ্বিজাতিতত্ত্ব	d i j a t i t o t t o	tatsama
দ্বিজেন	d i j e n	native
দ্বিজেন্দ্রলাল	d i j e ndr O l a l	compound
দ্বিতিয়	d i t i y O	native
দ্বিতিয়জন	d i t i y o j o n	native
দ্বিতিয়জনের	d i t i y o j o n e r	native
দ্বিতিয়টা	d i t i y o T a	native
দ্বিতিয়টাই	d i t i y o T a i	native
দ্বিতিয়টি	d i t i y o T i	native
দ্বিতিয়টিও	d i t i y o T i O	native
দ্বিতিয়টিতে	d i t i y o T i t e	native
দ্বিতিয়টির	d i t i y o T i r	native
দ্বিতিয়ত	d i t i y o t o	native
দ্বিতিয়পত্র	d i t i y o p o tr O	native
দ্বিতিয়পত্রের	d i t i y o p o tr e r	compound
দ্বিতিয়বার	d i t i y o b a r	native
দ্বিতিয়বারে	d i t i y o b a r e	native
দ্বিতিয়বারের	d i t i y o b a r e r	native
দ্বিতিয়ার্ধ	d i t i y a r dh O	native
দ্বিতিয়ার্ধটা	d i t i y a r dh o T a	compound
দ্বিতিয়ার্ধে	d i t i y a r dh e	native
দ্বিতিয়ার্ধেই	d i t i y a r dh e i	compound
দ্বিতিয়ার্ধেও	d i t i y a r dh e O	compound
দ্বিতিয়ার্ধের	d i t i y a r dh e r	compound
দ্বিদলিয়	d i d o l i y o	native
দ্বিদি	d i p i	native
দ্বিধাগ্রস্ত	d i dh a gr O st O	native
দ্বিধাদ্বন্দ্ব	d i dh a d o n d O	compound
দ্বিধাদ্বন্দ্বে	d i dh a d o n d e	compound
দ্বিধাদ্বন্দ্বের	d i dh a d o n d e r	compound
দ্বিধান্বিতভাবে	d i dh a n n i t o bh a b e	compound
দ্বিধাবিভক্তি	d i dh a b i bh o kt i	compound
দ্বিধাবিভক্তির	d i dh a b i bh o kt i r	compound
দ্বিধাবোধ	d i dh a b O dh	native
দ্বিধাহিন	d i dh a h i n	native
দ্বিধাহিনভাবে	d i dh a h i n bh a b e	compound
দ্বিধায়	d i dh a y	native
দ্বিন	d i n	native
দ্বিনি	d i n i	native
দ্বিনে	d i n e	native
দ্বিনের	d i n e r	native
দ্বিপ	d i p	native
দ্বিপকে	d i p k e	native
দ্বিপক্ষিয়	d i p o kkh i y o	tatsama
দ্বিপক্ষিয়ভাবে	d i p o kkh i y o bh a b e	tatsama
দ্বিপগুলো	d i p g u l O	native
দ্বিপগুলোকে	d i p g u l O k e	native
দ্বিপগুলোতে	d i p g u l O t e	native
দ্বিপগুলোর	d i p g u l O r	native
দ্বিপচর	d i p ch o r	native
দ্বিপচরগুলোতে	d i p ch o r g u l O t e	compound
দ্বিপটি	d i p T i	native
দ্বিপটিকে	d i p T i k e	native
দ্বিপটিতে	d i p T i t e	native
দ্বিপটির	d i p T i r	native
দ্বিপদ	d i p o d	native
দ্বিপদি	d i p o d i	native
দ্বিপদেশগুলোর	d i p d e sh g u l O r	compound
দ্বিপদেশটির	d i p d e sh T i r	native
দ্বিপপুঞ্জ	d i p p u nj O	tatsama
দ্বিপপুঞ্জে	d i p p u nj e	tatsama
দ্বিপপুঞ্জের	d i p p u nj e r	tatsama
দ্বিপরাশ্ট্র	d i p r a sh T r O	loanword
দ্বিপরাশ্ট্রগুলো	d i p r a sh T r o g u l O	loanword
দ্বিপশিখা	d i p sh i kh a	native
দ্বিপে	d i p e	native
দ্বিপেই	d i p e i	native
দ্বিপের	d i p e r	native
দ্বিপ্রহরের	d i pr O h O r e r	native
দ্বিবার্ষিক	d i b a r sh i k	tatsama
দ্বিবিধ	d i b i dh O	native
দ্বিবেদি	d i b e d i	native
দ্বিভাশিক	d i bh a sh i k	native
দ্বিভুজা	d i bh u j a	native
দ্বিমতের	d i m o t e r	native
দ্বিমিক	d i m i k	native
দ্বিমুখি	d i m u kh i	native
দ্বিরুক্ত	d i r u kt O	native
দ্বিশত	d i sh o t o	native
দ্বিশতকের	d i sh o t o k e r	native
দ্বিশ্ট	d i sh T O	native
দ্বিসপ্ততি	d i sh o p t O t i	native
দ্বেশ	d e sh	native
দ্বোইত	d O i t o	native
দ্বোইততা	d O i t o t a	native
দ্বোইতে	d O i t e	native
দ্বোইতের	d O i t e r	native
দ্বোইধ	d O i dh o	native
দ্বোইপ	d O i p O	native
দ্বোইপায়ন	d O i p a y o n	native
দ্বোইবচয়ন	d O i b o ch o y o n	native
দ্বোইবার্ষিক	d O i b a r sh i k	tatsama
দ্বোইভাশিকি	d O i bh a sh i k i	native
দ্বোইমাতৃক	d O i m a t t ri k	tatsama
দ্বোইরথ	d O i r o th	native
দ্বোইরথটা	d O i r o th T a	native
দ্বোইরথে	d O i r o th e	native
দ্বোইরথের	d O i r o th e r	native
দ্বোইরাজ্য	d O i r a j j O	native
দ্বোউজাম	d O u j a m	native
দ্ব্যংগুল	d O ng g u l	native
দ্ব্যক্ষর	d d e kkh o r	tatsama
দ্ব্যনুক	d O n u k	native
দ্ব্যর্থ	d A r th O	native
দ্ব্যর্থক	d A r th o k	native
দ্ব্যর্থকতা	d A r th o k o t a	native
দ্ব্যর্থতা	d A r th O t a	native
দ্ব্যর্থবোধক	d A r th o b O dh	native
দ্ব্যর্থহিন	d A r th O h i n	native
দ্ব্যর্থহিনভাবে	d A r th o h i n bh a b e	compound
দ্ব্যশিতি	d A sh i t i	native
দ্ব্যহ	d A h O	native
দ্ব্যাত্মবাদি	d A t t O b a d i	compound
দ্ব্যাহিক	d A h i k	native
দ্বয়	d o y	native
দ্য	d a	native
দ্যা	d a	native
দ্যাকপেন	d A k p e n	native
দ্যাকেন	d A k e n	native
দ্যাখতা	d A kh t a	native
দ্যাখতে	d A kh t e	native
দ্যাখলে	d A kh l e	native
দ্যাখা	d A kh a	native
দ্যাখেন	d A kh e n	native
দ্যাখো	d A kh O	native
দ্যাট	d A T	native
দ্যান	d A n	native
দ্যাবাপৃথিবি	d A b a p r i th i b i	tatsama
দ্যাশ	d A sh	native
দ্যাশে	d A sh e	native
দ্যাশের	d A sh e r	native
দ্যাহেন	d A h e n	native
দ্যায়	d A y	native
দ্যু	d u	native
দ্যুতিতে	d u t i t e	native
দ্যুতিময়	d u t i m o y	native
দ্যুমনি	d d u m o n i	native
দ্যুলোক	d d u l O k	native
দ্যো	d O	native
দ্যোতক	d O t o k	native
দ্যোতনা	d O t o n a	native
দ্র	d r O	native
দ্রং	d r o ng	native
দ্রগবা	d r o g b a	native
দ্রগবাও	d r o g b a O	native
দ্রগবাকে	d r o g b a k e	native
দ্রগবাদের	d r o g b a d e r	native
দ্রগবার	d r o g b a r	native
দ্রগবারা	d r o g b a r a	native
দ্রগড়	d r o g o r	native
দ্রব	d r o b O	native
দ্রবন	d r o b o n	native
দ্রবনে	d r O b O n e	native
দ্রবনের	d r O b O n e r	native
দ্রবিকরন	d r O b i k o r O n	native
দ্রবিন	d r O b i n	native
দ্রবিভুত	d r O b i bh u t O	native
দ্রব্য	d r O b b O	native
দ্রব্যই	d r O b b O i	native
দ্রব্যটি	d r O b b O T i	native
দ্রব্যবাহি	d r O b b O b a h i	native
দ্রব্যমিশ্রিত	d r O b b O m i sh r i t O	compound
দ্রব্যমুল্য	d r O b b O m u l l O	native
দ্রব্যমুল্যও	d r O b b O m u l l o O	native
দ্রব্যমুল্যকে	d r O b b O m u l l o k e	compound
দ্রব্যমুল্যসংক্রান্ত	d r O b b O m u l l o sh o ng kr a nt O	compound
দ্রব্যমুল্যসহ	d r O b b O m u l l o sh o h O	compound
দ্রব্যমুল্যে	d r O b b O m u l l e	native
দ্রব্যমুল্যের	d r O b b O m u l l e r	compound
দ্রব্যসহ	d r O b b O sh o h O	native
দ্রব্যসামগ্রি	d r O b b O sh a m O gr i	compound
দ্রব্যসামগ্রির	d r O b b O sh a m O gr i r	compound
দ্রব্যাদির	d r O b b a d i r	native
দ্রব্যে	d r o b b e	native
দ্রশ্টব্য	d r O sh T O b b O	native
দ্রশ্টা	d r O sh T a	native
দ্রাক্ষা	d r a kkh a	tatsama
দ্রাগান	d r a g a n	native
দ্রাঘিমা	d r a gh i m a	native
দ্রাব	d r a b O	native
দ্রাবিড়	d r a b i r	native
দ্রাবিড়ও	d r a b i r O	native
দ্রাবিড়কে	d r a b i r k e	native
দ্রাবিড়দের	d r a b i r d e r	native
দ্রাবিড়রা	d r a b i r r a	native
দ্রাবিড়ের	d r a b i r e r	native
দ্রাব্য	d r a b b o	native
দ্রিম	d r i m d r i m	native
দ্রুতই	d r u t O i	native
দ্রুতগতি	d r u t O g O t i	native
দ্রুতগতিতে	d r u t O g O t i t e	native
দ্রুতগতির	d r u t O g O t i r	native
দ্রুতগতিসম্পন্ন	d r u t O g O t i sh o mp O nn O	compound
দ্রুতগমনপথ	d r u t o g o m o n p o th	native
দ্রুতগামি	d r u t O g a m i	native
দ্রুতজান	d r u t O j a n	native
দ্রুততম	d r u t O t o m O	native
দ্রুততর	d r u t O t o r O	native
দ্রুততায়	d r u t o t a y	native
দ্রুতবেগে	d r u t O b e g e	native
দ্রুতলয়ে	d r u t o l o y e	native
দ্রুতি	d r u t i	native
দ্রুম	d r u m	native
দ্রুহ	d r u h O	native
দ্রোউপদি	d r O u p o d i	native
দ্রোউপদির	d r O u p O d i r	native
দ্রোগবাকে	d r O g b a k e	native
দ্রোন	d r O n	native
দ্রোনাচার্য	d r O n a ch a r j O	native
দ্রোহ	d r O h O	native
দ্রোহি	d r O h i	native
দ্রোহের	d r O h e r	native
দ্রড়িমা	d r O r i m a	native
দ্রড়িশ্ঠ	d r O r i sh Th O	native
দড়	d o r	native
দড়কা	d o r o k a	native
দড়বেলা	d o r o b A l a	native
দড়বড়	d o r b o r	native
দড়মা	d o r m a	native
দড়া	d o r a	native
দড়াটানা	d o r a T a n a	native
দড়ান	d o r a n	native
দড়ানো	d o r a n O	native
দড়াম	d o r a m	native
দড়ি	d o r i	native
দড়িগাও	d o r i g a O	native
দড়িচর	d o r i ch o r	native
দড়িটা	d o r i T a	native
দড়িতে	d o r i t e	native
দড়ির	d o r i r	native
দয়	d o y	native
দয়া	d o y a	native
দয়াকরে	d o y a k O r e	native
দয়াগঞ্জ	d o y a g o nj	tatsama
দয়াগঞ্জের	d o y a g o nj e r	tatsama
দয়ানন্দ	d o y a n o nd o	native
দয়ানিধি	d o y a n i dh i	native
দয়াপরবশ	d o y a p o r b o sh	native
দয়াবান	d o y a b a n	native
দয়ামির	d o y a m i r	native
দয়াময়	d o y a m o y	native
দয়াময়ি	d o y a m o y i	native
দয়ার	d o y a r	native
দয়ারবাজার	d o y a r b a j a r	native
দয়াল	d o y a l	native
দয়ালু	d o y a l u	native
দয়ালের	d o y a l e r	native
দয়াশিল	d o y a sh i l	native
দয়াহাটা	d o y a h a T a	native
দয়ায়	d o y a y	native
দয়িত	d O y i t O	native
দয়েল	d o y e l	native
ধ	dh o	native
ধংস	dh o ng sh o	native
ধংসস্তুপের	dh o ng sh o st u p e r	native
ধংসাত্মক	dh o ng sh a t t o k	native
ধইঞ্চা	dh o i nch a	tatsama
ধইরা	dh O i r a	native
ধইরে	dh o i r e	native
ধইর্য	dh O i r j O	native
ধইর্যচ্যুতি	dh O i r j O ch u t i	native
ধইর্যশিল	dh O i r j O sh i l	native
ধইর্যশিলদের	dh O i r j O sh i l d e r	native
ধইর্যসহকারে	dh O i r j O sh o h O k a r e	native
ধইর্যা	dh o i r j a	native
ধইর্যের	dh O i r j e r	native
ধইর্য্য	dh O i r j O	native
ধইর্য্যের	dh O i r j e r	native
ধউর	dh o u r	native
ধকলও	dh o k o l O	native
ধকলে	dh o k O l e	native
ধঞ্চে	dh o nch e	tatsama
ধঞ্চেগাছ	dh o nch e g a chh	tatsama
ধঞ্চের	dh o nch e r	tatsama
ধট	dh o T	native
ধন	dh o n	native
ধনই	dh o n i	native
ধনকে	dh o n k e	native
ধনঞ্জয়	dh o n o nj o y	tatsama
ধনতন্ত্র	dh o n o t o n t r o	native
ধনতন্ত্রের	dh o n o t o n t r e r	native
ধনতান্ত্রিক	dh o nt a nt ri k	native
ধনধান্য	dh o n O dh a n n O	native
ধনবাদ	dh o n b a d	native
ধনবাদি	dh o n b a d i	native
ধনবানেরা	dh o n o b a n e r a	native
ধনবাড়ি	dh o n b a r i	native
ধনবাড়িতে	dh o n b a r i t e	native
ধনসম্পত্তি	dh o n sh o mp o tt i	native
ধনাঢ্য	dh o n a D Dh O	native
ধনাত্মক	dh o n a t t O k	native
ধনি	dh O n i	native
ধনিক	dh O n i k	native
ধনিকে	dh o n i k e	native
ধনিদের	dh O n i d e r	native
ধনির	dh O n i r	native
ধনিরা	dh O n i r a	native
ধনিরাই	dh O n i r a i	native
ধনিশ্ঠা	dh O n i sh Th a	native
ধনিয়া	dh o n i y a	native
ধনিয়ার	dh o n i y a r	native
ধনু	dh O n u	native
ধনুক	dh O n u k	native
ধনুকের	dh O n u k e r	native
ধনুর	dh O n u r	native
ধনুর্ভংগ	dh o n u r bh o ng g o	native
ধনুর্ভংগপন	dh o n u r bh o ng g o p o n	native
ধনেগুড়া	dh o n e g u r a	native
ধনেপাতা	dh O n e p a t a	native
ধনেপাতাকুচি	dh O n e p a t a k u ch i	native
ধনেপাতার	dh O n e p a t a r	native
ধন্ড	d o n D O	native
ধন্দা	dh o nd a	native
ধন্ধ	dh o n d o	tatsama
ধন্ব	dh o n n o	native
ধন্বন্তরি	dh o n n O nt O r i	native
ধন্য	dh O n n O	native
ধন্যবাদটি	dh o n n o b a d T i	native
ধন্যবাদার্হ	dh o n n o b a d a r j o	native
ধন্যবাদের	dh o n n o b a d e r	native
ধপ	dh o p	native
ধপাস	dh o p a sh	native
ধব	dh o b	native
ধবধবে	dh o b dh o b e	native
ধবলধোলাই	dh o b O l dh O l a i	native
ধবলধোলাইয়ের	dh o b o l dh O l a i y e r	native
ধম	dh o m	native
ধমক	dh o m O k	native
ধমকও	dh o m o k O	native
ধমকাতে	dh o m k a t e	native
ধমকি	dh O m k i	native
ধমকিও	dh o m k i O	native
ধমকিতে	dh o m k i t e	native
ধমকির	dh o m k i r	native
ধমকে	dh o m O k e	native
ধমকের	dh o m O k e r	native
ধমন	dh o m O n	native
ধমনি	dh o m O n i	native
ধমনিতে	dh o m O n i t e	native
ধমনির	dh o m O n i r	native
ধম্বন	dh o mb O n	native
ধম্ম	dh o mm o	native
ধর	dh o r	native
ধরছিল	dh O r chh i l O	native
ধরছিলেন	dh O r chh i l e n	native
ধরছে	dh O r sh e	native
ধরছেন	dh O r chh e n	native
ধরতা	dh o r t a	native
ধরতাম	dh O r t a m	native
ধরতি	dh o r O t i	native
ধরতেই	dh O r t e i	native
ধরতেও	dh O r t e O	native
ধরন	dh o r o n	native
ধরনই	dh o r O n i	native
ধরনকে	dh o r o n k e	native
ধরনগুলো	dh o r o n g u l O	native
ধরনটা	dh o r O n T a	native
ধরনটাই	dh o r O n T a i	native
ধরনটাও	dh o r O n T a O	native
ধরনটাকে	dh o r o n T a k e	native
ধরনভেদে	dh o r O n bh e d e	native
ধরনা	dh o r n a	native
ধরনায়	dh o r n a y	native
ধরনি	dh o r O n i	native
ধরনিতে	dh o r o n i t e	native
ধরনিবাড়ি	dh o r o n i b a r i	native
ধরনির	dh o r O n i r	native
ধরনে	dh o r O n e	native
ধরনেও	dh o r O n e O	native
ধরনেরই	dh o r o n e r i	native
ধরন্তি	dh o r O nt i	native
ধরপাকড়	dh o r p a k O r	native
ধরপাকড়ের	dh o r p a k o r e r	native
ধরবার	dh O r b a r	native
ধরবে	dh O r b e	native
ধরবেন	dh O r b e n	native
ধরম	dh o r O m	native
ধরমপাশা	dh o r O m p a sh a	native
ধরমপাশার	dh o r O m p a sh a r	native
ধরমপুর	dh o r m o p u r	native
ধরমশালায়	dh o r m o sh a l a y	native
ধরলা	dh O r l a	native
ধরলাম	dh O r l a m	native
ধরলার	dh O r l a r	native
ধরলে	dh O r l e	native
ধরলেই	dh O r l e i	native
ধরলেও	dh O r l e O	native
ধরলেন	dh O r l e n	native
ধরাই	dh o r a i	native
ধরাইয়া	dh o r a i y a	native
ধরাও	dh o r a O	native
ধরাকে	dh o r a k e	native
ধরাচ্ছে	dh o r a ch chh e	native
ধরাচ্ছেন	dh o r a ch chh e n	native
ধরাছোয়ার	dh o r a chh O y a r	native
ধরাট	dh o r a T	native
ধরাটা	dh o r a T a	native
ধরাতে	dh o r a t e	native
ধরাধরি	dh o r a dh O r i	native
ধরাধামে	dh o r a dh a m e	native
ধরানো	dh o r a n O	native
ধরানোর	dh o r a n O r	native
ধরাবাধা	dh o r a b a dh a	native
ধরার	dh o r a r	native
ধরারও	dh o r a r O	native
ধরাল	dh o r a l O	native
ধরাশায়ি	dh o r a sh a y i	native
ধরাশয়ি	dh o r a sh o y i	native
ধরাসহ	dh o r a sh o h O	native
ধরায়	dh o r a y	native
ধরি	dh O r i	native
ধরিছিল	dh o r i chh i l o	native
ধরিতে	dh O r i t e	native
ধরিত্রি	dh O r i tr i	native
ধরিত্রির	dh O r i tr i r	native
ধরিনি	dh o r i n i	native
ধরিস	dh o r i sh	native
ধরিয়া	dh o r i y a	native
ধরিয়ে	dh o r i y e	native
ধরিয়েছে	dh o r i y e chh e	native
ধরিয়েছেন	dh o r i y e chh e n	native
ধরুক	dh o r u k	native
ধরুন	dh O r u n	native
ধরেই	dh O r e i	native
ধরেও	dh O r e O	native
ধরেছ	dh O r e chh O	native
ধরেছিল	dh O r e chh i l O	native
ধরেছিলাম	dh O r e chh i l a m	native
ধরেছেন	dh O r e chh e n	native
ধরেন	dh o r e n	native
ধরেননি	dh o r e n n i	native
ধরেনি	dh o r e n i	native
ধরের	dh o r e r	native
ধর্তব্য	dh o r t O b b O	native
ধর্তব্যে	dh o r t o b b e	native
ধর্না	dh o r n a	native
ধর্মই	dh o r m O i	native
ধর্মও	dh o r m O O	native
ধর্মকথা	dh o r m O k o th a	native
ধর্মগঞ্জ	dh o r m O g o nj	tatsama
ধর্মগঞ্জের	dh o r m O g o nj e r	tatsama
ধর্মগুরুদের	dh o r m O g u r u d e r	native
ধর্মগুরুরা	dh o r m O g u r u r a	native
ধর্মগ্রন্থে	dh o r m O gr o n th e	native
ধর্মগ্রন্থের	dh o r m O gr O n th e r	native
ধর্মগড়	dh o r m O g o r	native
ধর্মঘট	dh o r m O gh o T	native
ধর্মঘটও	dh o r m O gh o T O	native
ধর্মঘটকে	dh o r m O gh o T k e	native
ধর্মঘটসহ	dh o r m O gh o T sh o h O	native
ধর্মঘটি	dh o r m O gh o T i	native
ধর্মঘটে	dh o r m O gh o T e	native
ধর্মঘটের	dh o r m O gh o T e r	native
ধর্মঘর	dh o r m O gh o r	native
ধর্মচর্চার	dh o r m O ch o r ch a r	native
ধর্মজাজক	dh o r m O j a j O k	native
ধর্মজাজকদের	dh o r m O j a j o k d e r	native
ধর্মজাজকের	dh o r m O j a j o k e r	native
ধর্মজাজকেরা	dh o r m O j a j o k e r a	native
ধর্মজুদ্ধ	dh o r m O j u d dh o	tatsama
ধর্মজয়ের	dh o r m O j o y e r	native
ধর্মতলা	dh o r m O t o l a	native
ধর্মতলার	dh o r m O t o l a r	native
ধর্মতলায়	dh o r m O t o l a y	native
ধর্মতাত্ত্বিক	dh o r m O t a t t i k	tatsama
ধর্মত্যাগি	dh o r m O t A g i	native
ধর্মদর্শনে	dh o r m O d o r sh o n e	native
ধর্মদহ	dh o r m O d o h o	native
ধর্মদ্রোহি	dh o r m O d r O h i	native
ধর্মনিরপে	dh o r m O n i r O p e	native
ধর্মনিরপেক্ষ	dh o r m O n i r O p e kkh O	tatsama
ধর্মনিরপেক্ষতা	dh o r m O n i r O p e kkh O t a	tatsama
ধর্মনিরপেক্ষতাই	dh o r m O n i r O p e kkh O t a	tatsama
ধর্মনিরপেক্ষতাও	dh o r m O n i r O p e kkh O t a O	tatsama
ধর্মনিরপেক্ষতাকে	dh o r m O n i r O p e kkh O t a k e	tatsama
ধর্মনিরপেক্ষতাবাদের	dh o r m O n i r O p e kkh O t a b a d e r	tatsama
ধর্মনিরপেক্ষতাসহ	dh o r m O n i r O p e kkh O t a sh o h O	tatsama
ধর্মনিরপেক্ষতায়	dh o r m O n i r O p e kkh O t a y	tatsama
ধর্মনির্বিশেশে	dh o r m O n i r b i sh e sh e	compound
ধর্মনির্ভর	dh o r m O n i r bh o r	native
ধর্মপন্থি	dh o r m O p o n th i	native
ধর্মপরায়ন	dh o r m O p o r a y o n	native
ধর্মপরিচয়	dh o r m O p o r i ch o y	native
ধর্মপাল	dh o r m O p a l	native
ধর্মপালনকারি	dh o r m O p a l o n k a r i	native
ধর্মপাশা	dh o r m O p a sh a	native
ধর্মপুত্র	dh o r m O p u tr O	native
ধর্মপুর	dh o r m O p u r	native
ধর্মপ্রচারক	dh o r m O pr o ch a r o k	native
ধর্মপ্রচারকেরা	dh o r m O pr o ch a r o k e r a	compound
ধর্মপ্রান	dh o r m O pr a n	native
ধর্মবর্ন	dh o r m O b o r n o	native
ধর্মবাদি	dh o r m O b a d i	native
ধর্মবানি	dh o r m O b a n i	native
ধর্মবিজ্ঞান	dh o r m O b i g g a n	tatsama
ধর্মবিরোধি	dh o r m O b i r O dh i	native
ধর্মবিশ্বাস	dh o r m O b i sh sh a sh	tatsama
ধর্মবিশ্বাসকে	dh o r m O b i sh sh a sh k e	tatsama
ধর্মবিশ্বাসি	dh o r m O b i sh sh a sh i	tatsama
ধর্মবিশ্বাসে	dh o r m O b i sh sh a sh e	tatsama
ধর্মবিশ্বাসের	dh o r m O b i sh sh a sh e r	tatsama
ধর্মবিশয়ক	dh o r m O b i sh o y o k	native
ধর্মব্যবসায়িদের	dh o r m O b A b sh a y i	compound
ধর্মভিত্তিক	dh o r m O bh i tt i k	native
ধর্মভিরু	dh o r m O bh i r u	native
ধর্মমতে	dh o r m O m o t e	native
ধর্মমন্ত্রি	dh o r m O m O n	native
ধর্মমুক্ত	dh o r m O m u kt O	native
ধর্মরাজিক	dh o r m O r a j i k	native
ধর্মশালা	dh o r m O sh a l a	native
ধর্মশালায়	dh o r m O sh a l a y	native
ধর্মশাস্ত্র	dh o r m O sh a s t r o	native
ধর্মসংক্রান্ত	dh o r m O sh o ng kr a nt O	compound
ধর্মসম্প্রদায়ের	dh o r m O sh o m p r o d a y e r	loanword
ধর্মসহ	dh o r m O sh o h O	native
ধর্মসাধনা	dh o r m O sh a dh o n a	native
ধর্মসেনা	dh o r m O sh e n a	native
ধর্মহিন	dh o r m O h i n	native
ধর্মহিনতা	dh o r m O h i n o t a	native
ধর্মাচরন	dh o r m O ch o r O n	native
ধর্মাচার্য	dh o r m a ch a r j O	native
ধর্মাত্মা	dh o r m a t t a	native
ধর্মাধর্ম	dh o r m a dh o r m O	native
ধর্মাধিকরন	dh o r m a dh i k o r O n	native
ধর্মাধিকরনিক	dh o r m O a dh i k o r O n i k	native
ধর্মাধিকার	dh o r m O a dh i k a r	native
ধর্মাধিকারি	dh o r m a dh i k a r i	native
ধর্মাধ্যক্ষ	dh o r m a d dh O kkh O	tatsama
ধর্মানুভুতিতে	dh o r m a n u bh u t i t e	compound
ধর্মানুরাগি	dh o r m a n u r a g i	native
ধর্মানুশ্ঠান	dh o r m a n u sh Th a n	native
ধর্মান্তর	dh o r m a nt O r	native
ধর্মান্তরকরন	dh o r m a nt o r k o r O n	native
ধর্মান্তরকরনের	dh o r m a nt o r k o r O n e r	compound
ধর্মান্দোলন	dh o r m a nd O l O n	native
ধর্মান্ধতাকে	dh o r m a ndh o t a k e	tatsama
ধর্মান্ধতার	dh o r m a ndh O t a r	tatsama
ধর্মান্ধদের	dh o r m a ndh o d e r	tatsama
ধর্মান্ধের	dh o r m a ndh e r	tatsama
ধর্মাবতার	dh o r m a b O t a r	native
ধর্মাবলম্বি	dh o r m a b o l o mb i	native
ধর্মাবলম্বিদের	dh o r m a b o l o mb i d e r	compound
ধর্মাবলম্বির	dh o r m a b o l o mb i r	native
ধর্মাবলম্বিরা	dh o r m a b o l o mb i r a	compound
ধর্মার্থ	dh o r m a r th O	native
ধর্মাশ্রয়ি	dh o r m a sh r o y i	native
ধর্মাসন	dh o r m a sh O n	native
ধর্মি	dh O r m i	native
ধর্মিয়	dh O r m i y O	native
ধর্মিয়ভাবে	dh o r m i y o bh a b e	native
ধর্মে	dh o r m e	native
ধর্মেই	dh o r m e i	native
ধর্মেও	dh o r m e O	native
ধর্মেন্দ্র	dh o r m e ndr O	native
ধর্মের	dh o r m e r	native
ধর্মেরই	dh o r m e r i	native
ধর্মোদ্দেশে	dh o r m O d d e sh e	native
ধর্মোন্মাদ	dh o r m O n m a d	native
ধর্মোপদেশ	dh o r m O p o d e sh	native
ধর্মোপাসক	dh o r m O p a sh O k	native
ধর্মোপাসনা	dh o r m O p a sh O n a	native
ধর্মোপেত	dh o r m O p e t	native
ধর্ম্ম	dh o r mm O	native
ধর্ম্মের	dh o r mm e r	native
ধর্ম্য	dh o r m O	native
ধর্ষক	dh o r sh O k	tatsama
ধর্ষকদের	dh o r sh o k d e r	tatsama
ধর্ষকরা	dh o r sh O k r a	tatsama
ধর্ষকের	dh o r sh O k e r	tatsama
ধর্ষকেরা	dh o r sh o k e r a	tatsama
ধর্ষন	dh o r sh O n	tatsama
ধর্ষনও	dh o r sh O n O	tatsama
ধর্ষনকারি	dh o r sh o n k a r i	tatsama
ধর্ষনকারিদের	dh o r sh O n k a r i d e r	tatsama
ধর্ষনকারির	dh o r sh o n k a r i r	tatsama
ধর্ষনকারিরা	dh o r sh O n k a r i r a	tatsama
ধর্ষনকে	dh o r sh o n k e	tatsama
ধর্ষনচেশ্টা	dh o r sh o n ch e sh T a	tatsama
ধর্ষনচেশ্টার	dh o r sh o n ch e sh T a r	tatsama
ধর্ষনজনিত	dh o r sh o n j o n i t o	tatsama
ধর্ষনসহ	dh o r sh o n sh o h O	tatsama
ধর্ষনে	dh o r sh O n e	tatsama
ধর্ষিত	dh O r sh i t O	tatsama
ধর্ষিতা	dh O r sh i t a	tatsama
ধর্ষিতাকে	dh O r sh i t a k e	tatsama
ধলই	dh o l o i	native
ধলঘাট	dh o l gh a T	native
ধলঘাটা	dh o l gh a T a	native
ধলঘাটার	dh o l gh a T a r	native
ধলঘাটের	dh o l gh a T e r	native
ধলপুর	dh o l p u r	native
ধলপুরের	dh o l p u r e r	native
ধলাই	dh o l a i	native
ধলাইরপাড়	dh o l a i r p a r	native
ধলার	dh o l a r	native
ধলিগোউরনগর	dh o l i g O u r o n o g O r	native
ধলু	dh O l u	native
ধলেশ্বরি	dh o l e sh sh o r i	tatsama
ধলেশ্বরির	dh o l e sh sh o r i r	tatsama
ধস	dh o sh	native
ধসকা	dh o sh k a	native
ধসকে	dh o sh k e	native
ধসা	dh o sh a	native
ধসিয়ে	dh o sh i y e	native
ধসে	dh O sh e	native
ধসেপড়া	dh o sh e p o r a	native
ধসের	dh o sh e r	native
ধস্তাধস্তি	dh o st a dh O st i	native
ধস্তাধস্তির	dh o st a dh O st i r	native
ধা	dh a	native
ধাং	dh a ng	native
ধাংসা	dh a ng sh a	native
ধাই	dh a i	native
ধাইনগর	dh a i n o g O r	native
ধাউত	dh a u t	native
ধাউড়	dh a u r	native
ধাউড়িয়া	dh a u r i y a	native
ধাওলা	dh a O l a	native
ধাওড়া	dh a O r a	native
ধাওয়া	dh a O y a	native
ধাওয়ান	dh a O a n	native
ধাওয়ানের	dh a O y a n e r	native
ধাওয়ার	dh a O y a r	native
ধাওয়াসহ	dh a O y a sh o h O	native
ধাওয়ায়	dh a O y a y	native
ধাককা	dh a k k a	native
ধাক্কাই	dh a k k a i	native
ধাক্কাও	dh a k k a O	native
ধাক্কাটি	dh a k k a T i	native
ধাক্কাতে	dh a k k a t e	native
ধাক্কাতেই	dh a k k a t e i	native
ধাক্কাধাক্কিতে	dh a k k a dh a k k i t e	compound
ধাক্কামারা	dh a k k a m a r a	native
ধাক্কার	dh a k k a r	native
ধাক্কায়	dh a k k a y	native
ধাগা	dh a g a	native
ধাচ	dh a ch	native
ধাচটা	dh a ch T a	native
ধাচে	dh a ch e	native
ধাচেই	dh a ch e i	native
ধাচের	dh a ch e r	native
ধাটি	dh a T i	native
ধাত	dh a t	native
ধাতকান	dh a t k a n	native
ধাতকি	dh a t O k i	native
ধাতস্থ	dh a t O sth O	native
ধাতা(–তৃ)	dh a t a	tatsama
ধাতানো	dh a t a n O	native
ধাতি	dh a t i	native
ধাতু	dh a t u	native
ধাতুকে	dh a t u k e	native
ধাতুতে	dh a t u t e	native
ধাতুর	dh a t u r	native
ধাত্র	dh a tr O	native
ধাত্রি	dh a tr i	native
ধাত্রিকা	dh a tr i k a	native
ধাত্রিফল	dh a tr i ph o l	native
ধাত্রিবিদ্যা	dh a tr i b i d d a	native
ধাত্রিবিদ্যার	dh a tr i b i d d a r	compound
ধাত্রির	dh a tr i r	native
ধাধা	dh a dh a	native
ধাধানো	dh a dh a n O	native
ধাধার	dh a dh a r	native
ধাধায়	dh a dh a y	native
ধাধিয়ে	dh a dh i y e	native
ধানই	dh a n i	native
ধানও	dh a n O	native
ধানক	dh a n o k	native
ধানকল	dh a n k o l	native
ধানকলের	dh a n k o l e r	native
ধানকাটা	dh a n k a T a	native
ধানকে	dh a n k e	native
ধানক্ষেত	dh a n kh e t	tatsama
ধানক্ষেতে	dh a n kh e t e	tatsama
ধানক্ষেতের	dh a n kh e t e r	tatsama
ধানখালি	dh a n kh a l i	native
ধানখেতে	dh a n kh e t e	native
ধানগড়া	dh a n g O r a	native
ধানগাছ	dh a n g a chh	native
ধানগাছের	dh a n g a chh e r	native
ধানগড়া	dh a n g o r a	native
ধানচাশিদের	dh a n ch a sh i d e r	native
ধানচাশিরা	dh a n ch a sh i r a	native
ধানডোবা	dh a n D O b a	native
ধানবিজ	dh a n b i j	native
ধানম	dh a n O m	native
ধানমন্ডি	dh a n m O n D i	native
ধানমন্ডিতে	dh a n m O n D i t e	native
ধানমন্ডির	dh a n m O n D i r	native
ধানমন্ডিসহ	dh a n m o n D i sh o h O	native
ধানমন্ডিস্থ	dh a n m O n D i sth O	native
ধানসিড়ি	dh a n sh i r i	native
ধানাইপানাই	dh a n a i p a n a i	native
ধানি	dh a n i	native
ধানিকি	dh a n i k i	native
ধানুশ	dh a n u sh	native
ধানুশ্ক	dh a n u sh k O	native
ধানের	dh a n e r	native
ধানেরই	dh a n e r i	native
ধানোরা	dh a n O r a	native
ধান্দ	dh a nd O	native
ধান্দা	dh a nd a	native
ধান্দায়	dh a nd a y	native
ধান্ধাবাজ	dh a ndh a b a j	tatsama
ধান্ধার	dh a ndh a r	tatsama
ধান্ধায়	dh a ndh a y	tatsama
ধান্য	dh a n n O	native
ধান্যখোলা	dh a n n o kh O l a	native
ধান্যেশ্বরি	dh a n n e sh sh O r i	tatsama
ধাপ	dh a p	native
ধাপই	dh a p i	native
ধাপকে	dh a p k e	native
ধাপগুলো	dh a p g u l O	native
ধাপটি	dh a p T i	native
ধাপা	dh a p a	native
ধাপে	dh a p e	native
ধাপেই	dh a p e i	native
ধাপের	dh a p e r	native
ধাপ্পা	dh a p p a	native
ধাপ্পাবাজি	dh a p p a b a j i	native
ধাপ্পাবাজির	dh a p p a b a j i r	native
ধাপড়া	dh a p r a	native
ধাপড়ানো	dh a p r a n O	native
ধাবই	dh a b o i	native
ধাবক	dh a b O k	native
ধাবকা	dh a b k a	native
ধাবকি	dh a b k i	native
ধাবন	dh a b O n	native
ধামইরহাট	dh a m i r h a T	native
ধামকি	dh a m k i	native
ধামগুজারি	dh a m g u j a r i	native
ধামন	dh a m O n	native
ধামনা	dh a m n a	native
ধামনিক	dh a m O n i k	native
ধামরাই	dh a m r a i	native
ধামরাইয়ে	dh a m r a i y e	native
ধামরাইয়ের	dh a m r a i y e r	native
ধামসা	dh a m sh a	native
ধামা	dh a m a	native
ধামাইল	dh a m a i l	native
ধামাকা	dh a m a k a	native
ধামাচাপা	dh a m a ch a p a	native
ধামার	dh a m a r	native
ধামারি	dh a m a r i	native
ধামাল	dh a m a l	native
ধামালকোট	dh a m a l k O T	native
ধামের	dh a m e r	native
ধাম্মিকা	dh a mm i k a	native
ধার	dh a r	native
ধারও	dh a r O	native
ধারক	dh a r O k	native
ধারকর্জ	dh a r k o r j o	native
ধারকে	dh a r k e	native
ধারকের	dh a r k e r	native
ধারগুলো	dh a r g u l O	native
ধারদেনা	dh a r d e n a	native
ধারন	dh a r O n	native
ধারনকাজ	dh a r o n k a j	native
ধারনকারি	dh a r O n k a r i	native
ধারনকৃত	dh a r O n k ri t O	tatsama
ধারনক্ষম	dh a r o n kh o m o	tatsama
ধারনক্ষমতা	dh a r O n kh o m O t a	tatsama
ধারনক্ষমতার	dh a r O n kh o m O t a r	tatsama
ধারনক্ষমতাসম্পন্ন	dh a r o n kh o m o t a sh o mp o nn o	tatsama
ধারনক্ষমতায়	dh a r o n kh o m o t a y	tatsama
ধারনসংক্রান্ত	dh a r o n sh o ng kr a nt O	compound
ধারনসহ	dh a r O n a sh o h O	native
ধারনা	dh a r O n a	native
ধারনাই	dh a r O n a i	native
ধারনাও	dh a r O n a O	native
ধারনাকে	dh a r O n a k e	native
ধারনাকেই	dh a r o n a k e i	native
ধারনাগত	dh a r O n a g o t O	native
ধারনাগুলো	dh a r O n a g u l O	native
ধারনাটা	dh a r O n a T a	native
ধারনাটাই	dh a r o n a T a i	native
ধারনাটি	dh a r O n a T i	native
ধারনাটিই	dh a r o n a T i i	native
ধারনাটিকে	dh a r O n a T i k e	native
ধারনাটির	dh a r o n a T i r	native
ধারনাতিত	dh a r o n a t i t	native
ধারনাপত্র	dh a r O n a p o tr O	native
ধারনাপত্রটি	dh a r o n a p o tr O T i	native
ধারনাপত্রে	dh a r o n a p o tr e	native
ধারনাপত্রের	dh a r o n a p o tr e r	native
ধারনাপ্রসুত	dh a r o n a pr o sh u t O	native
ধারনাবশত	dh a r o n a b o sh o t o	native
ধারনার	dh a r O n a r	native
ধারনারই	dh a r o n a r i	native
ধারনাসুচক	dh a r o n a sh u ch o k	native
ধারনাসুচকে	dh a r o n a sh u ch o k e	native
ধারনায়	dh a r o n a y	native
ধারনে	dh a r O n e	native
ধারবাহিকতা	dh a r a b a h i k o t a	native
ধারবাহিকভাবে	dh a r o b a h i k bh a b e	native
ধারমারা	dh a r m a r a	native
ধারহিন	dh a r h i n	native
ধারা	dh a r a	native
ধারাই	dh a r a i	native
ধারাও	dh a r a O	native
ধারাকে	dh a r a k e	native
ধারাগুলো	dh a r a g u l O	native
ধারাগুলোর	dh a r a g u l O r	native
ধারাটা	dh a r a T a	native
ধারাটি	dh a r a T i	native
ধারাটিকে	dh a r a T i k e	native
ধারাতে	dh a r a t e	native
ধারাতেই	dh a r a t e i	native
ধারাপাত	dh a r a p a t	native
ধারাবর্ননা	dh a r a b o r n o n a	native
ধারাবলে	dh a r a b o l e	native
ধারাবাহিক	dh a r a b a h i k	native
ধারাবাহিকটি	dh a r a b a h i k T i	native
ধারাবাহিকটিতে	dh a r a b a h i k T i t e	compound
ধারাবাহিকটির	dh a r a b a h i k T i r	native
ধারাবাহিকতা	dh a r a b a h i k o t a	native
ধারাবাহিকতাই	dh a r a b a h i k o t a i	native
ধারাবাহিকতাও	dh a r a b a h i k o t a O	native
ধারাবাহিকতাটা	dh a r a b a h i k o t a T a	compound
ধারাবাহিকতাতেই	dh a r a b a h i k o t a t e i	compound
ধারাবাহিকতার	dh a r a b a h i k o t a r	native
ধারাবাহিকতারই	dh a r a b a h i k o t a r i	compound
ধারাবাহিকতায়	dh a r a b a h i k o t a y	native
ধারাবাহিকতায়ই	dh a r a b a h i k o t a y i	compound
ধারাবাহিকভাবে	dh a r a b a h i k bh a b e	compound
ধারাবাহিকভাবেই	dh a r a b a h i k bh a b e i	compound
ধারাবাহিকে	dh a r a b a h i k e	native
ধারাবাহিকেও	dh a r a b a h i k e O	native
ধারাবাহিকের	dh a r a b a h i k e r	native
ধারাবিবরনি	dh a r a b i b o r o n i	native
ধারাবিশিশ্ট	dh a r a b i sh i sh T o	native
ধারাভাশ্য	dh a r a bh a sh sh O	native
ধারাভাশ্যকক্ষেও	dh a r a bh a sh sh o k o kkh e O	tatsama
ধারাভাশ্যকার	dh a r a bh a sh sh o k a r	native
ধারাভাশ্যকারদের	dh a r a bh a sh sh o k a r d e r	compound
ধারাভাশ্যকাররা	dh a r a bh a sh sh O k a r r a	compound
ধারাভাশ্যকারের	dh a r a bh a sh sh o k a r e r	compound
ধারাভাশ্যে	dh a r a bh a sh sh e	native
ধারাভাশ্যের	dh a r a bh a sh sh e r	native
ধারামতে	dh a r a m o t e	native
ধারার	dh a r a r	native
ধারারই	dh a r a r i	native
ধারালো	dh a r a l O	native
ধারাসংবলিত	dh a r a sh o ng b o l i t o	native
ধারাসহ	dh a r a sh o h O	native
ধারাহারা	dh a r a h a r a	native
ধারায়	dh a r a y o	native
ধারায়ও	dh a r a y O	native
ধারি	dh a r i	native
ধারিত	dh a r i t O	native
ধারিদের	dh a r i d e r	native
ধারিনি	dh a r i n i	native
ধারেই	dh a r e i	native
ধারেকাছেও	dh a r e k a chh e O	native
ধারেন	dh a r e n	native
ধারেননি	dh a r e n n i	native
ধারের	dh a r e r	native
ধার্তরাশ্ট্র	dh a r t O r a sh T r O	loanword
ধার্মিক	dh a r m i k	native
ধার্মিকতার	dh a r m i k o t a r	native
ধার্য	dh a r j O	native
ধার্যকৃত	dh a r j O k ri t O	tatsama
ধার্যের	dh a r j e r	native
ধার্য্য	dh a r j O	native
ধার্ষ্ট্য	dh a r shT O	tatsama
ধায়	dh a y	native
ধি	dh i	native
ধিক	dh i k	native
ধিকাধিক	dh i k a dh i k	native
ধিকি	dh i k i	native
ধিকিধিকি	dh i k i dh i k i	native
ধিকৃত	dh i k ri t O	tatsama
ধিক্কার	dh i k k a r	native
ধিক্কারের	dh i k k a r e r	native
ধিক্কৃত	dh i k k ri t o	tatsama
ধিপান	dh i p a n	native
ধিবর	dh i b o r	native
ধিমান	dh i m a n	native
ধিমানকে	dh i m a n k e	native
ধির	dh i r	native
ধিরগতি	dh i r g o t i	native
ধিরগতিতে	dh i r g o t i t e	native
ধিরগতিতেই	dh i r g o t i t e i	native
ধিরগতির	dh i r g o t i r	native
ধিরপায়ে	dh i r p a y e	native
ধিরভাবে	dh i r bh a b e	native
ধিরস্থির	dh i r sth i r	native
ধিরস্থিরভাবে	dh i r sth i r bh a b e	native
ধিরা	dh i r a	native
ধিরাজ	dh i r a j	native
ধিরাধিরা	dh i r a dh i r a	native
ধিরাশ্রম	dh i r a sh r o m	native
ধিরুভাই	dh i r u bh a i	native
ধিরে	dh i r e	native
ধিরেই	dh i r e i	native
ধিরেন	dh i r e n	native
ধিরেন্দ্র	dh i r e ndr O	native
ধিরেন্দ্রনাথ	dh i r e ndr O n a th	native
ধিরেসুস্থে	dh i r e sh u sth e	native
ধিরোদাত্ত	dh i r O d a tt O	native
ধিরোদ্ধত	dh i r O d dh o t O	tatsama
ধিশক্তির	dh i sh o kt i r	native
ধিৎকার	dh i t k a r	native
ধু	dh u	native
ধুই	dh u i	native
ধুইয়ে	dh u i y e	native
ধুকছে	dh u k chh e	native
ধুকতে	dh u k t e	native
ধুকধুক	dh u k dh u k	native
ধুকপুক	dh u k p u k	native
ধুকে	dh u k e	native
ধুকেছেন	dh u k e chh e n	native
ধুকড়ি	dh u k r i	native
ধুচন	dh u ch O n	native
ধুঞি	dh u y i	tatsama
ধুত	dh u t	native
ধুতি	dh u t i	native
ধুতিপাজামা	dh u t i p a j a m a	native
ধুতির	dh u t i r	native
ধুতে	dh u t e	native
ধুদ্ধড়ি	dh u d dh o r i	tatsama
ধুধু	dh u dh u	native
ধুন	dh u n	native
ধুনখারা	dh u n kh a r a	native
ধুনট	dh u n o T	native
ধুনটে	dh u n o T e	native
ধুনটের	dh u n O T e r	native
ধুনন	dh u n o n	native
ধুনা	dh u n a	native
ধুনাইল	dh u n a i l	native
ধুন্ডি	dh u n D i	native
ধুন্দুমার	dh u nd u m a r	native
ধুন্দুল	dh u nd u l	native
ধুন্ধুমার	dh u ndh u m a r	tatsama
ধুপ	dh u p	native
ধুপখোলা	dh u p kh O l a	native
ধুপছায়া	dh u p chh a y a	native
ধুপতি	dh u p t i	native
ধুপি	dh u p i	native
ধুপিয়ান	dh u p i y a n	native
ধুবকা	dh u b k a	native
ধুম	dh u m	native
ধুমকেতু	dh u m k e t u	native
ধুমকেতুতে	dh u m k e t u t e	native
ধুমকেতুর	dh u m k e t u r	native
ধুমঘাট	dh u m gh a T	native
ধুমধাম	dh u m dh a m	native
ধুমধামে	dh u m dh a m e	native
ধুমধামের	dh u m dh a m e r	native
ধুমধাড়াক্কা	dh u m dh a r a k k a	native
ধুমপানকে	dh u m p a n k e	native
ধুমপানজনিত	dh u m p a n j O n i t O	native
ধুমপানবিরোধি	dh u m p a n b i r O dh i	native
ধুমপানমুক্ত	dh u m p a n m u kt O	native
ধুমপানে	dh u m p a n e	native
ধুমপানের	dh u m p a n e r	native
ধুমপায়ি	dh u m p a y i	native
ধুমপায়িদের	dh u m p a y i d e r	native
ধুমপায়ির	dh u m p a y i r	native
ধুমপায়িরা	dh u m p a y i r a	native
ধুমসি	dh u m sh i	native
ধুমসে	dh u m sh e	native
ধুমা	dh u m a	native
ধুমায়িত	dh u m p a y i t o	native
ধুমুল	dh u m u l	native
ধুম্র	dh u m r O	native
ধুম্রজাল	dh u m r O j a l	native
ধুম্রজালের	dh u m r O j a l e r	native
ধুম্রবোমা	dh u m r O b O m a	native
ধুর	dh u r	native
ধুরং	dh u r o ng	native
ধুরুং	dh u r u ng	native
ধুর্জটি	dh u r j O T i	native
ধুর্ত	dh u r t O	native
ধুর্মুশপেটা	dh u r m u sh p e T a	native
ধুল	dh u l	native
ধুলট	dh u l o T	native
ধুলদন্তি	dh u l d O nt i	native
ধুলদি	dh u l d i	native
ধুলদিয়া	dh u l d i y a	native
ধুলাউড়ি	dh u l a u r i	native
ধুলাবালি	dh u l a b a l i	native
ধুলাবালির	dh u l a b a l i r	native
ধুলাবালু	dh u l a b a l u	native
ধুলার	dh u l a r	native
ধুলায়	dh u l a y	native
ধুলি	dh u l i	native
ধুলিকনা	dh u l i k o n a	native
ধুলিকনার	dh u l i k o n a r	native
ধুলিঝড়	dh u l i jh o r	native
ধুলিঝড়ের	dh u l i jh o r e r	native
ধুলিসাত্	dh u l i sh a t	native
ধুলিসাৎ	dh u l i sh a t	native
ধুলে	dh u l e	native
ধুলো	dh u l O	native
ধুলোবালি	dh u l O b a l i	native
ধুলোবালির	dh u l O b a l i r	native
ধুলোবালু	dh u l O b a l u	native
ধুলোবালুর	dh u l O b a l u r	native
ধুলোয়	dh u l O y	native
ধুসর	dh u sh o r	native
ধুসর-সাদা	dh u sh o r sh a d a	native
ধুস্তুর	dh u st u r	native
ধুয়মান	dh u y O m a n	native
ধুয়া	dh u y a	native
ধুয়ে	dh u y e	native
ধুয়েমুছে	dh u y e m u chh e	native
ধু–ধু	dh u dh u	native
ধৃত	dh ri t O	tatsama
ধৃতদের	dh ri t O d e r	tatsama
ধৃতরাশ্ট্র	dh ri t O r a sh T r O	tatsama
ধৃতাত্মা	dh ri t a t t a	tatsama
ধৃতাস্ত্র	dh ri t a s t r O	tatsama
ধৃতি	dh ri t i	tatsama
ধৃশ্ট	dh ri sh T O	tatsama
ধৃশ্টতা	dh ri sh T O t a	tatsama
ধৃশ্টতাপুর্ন	dh ri sh T O t a p u r n O	tatsama
ধৃশ্টতার	dh ri sh T o t a r	tatsama
ধৃশ্টদ্যুম্ন	dh ri sh T O d u m n O	tatsama
ধৃশ্টা	dh ri sh T a	tatsama
ধৃশ্য	dh ri sh sh O	tatsama
ধেআই	dh e y a i	native
ধেআন	dh e y a n	native
ধেই	dh e i dh e i	native
ধেনু	dh e n u	native
ধেনো	dh e n O	native
ধেবড়া	dh e b r a	native
ধেরে	dh e r e	native
ধেৎ	dh e t	native
ধেড়ে	dh e r e	native
ধেয়	dh e y O	native
ধেয়ান	dh e y a n	native
ধেয়ানি	dh e y a n i	native
ধেয়ে	dh e y e	native
ধোইনুক	dh O i n u k	native
ধোইবত	dh O i b o t	native
ধোইর্য	dh O i r j o	native
ধোইর্যচ্যুতি	dh O i r j o ch ch u t o	native
ধোইর্যধারন	dh O i r j o dh a r o n	native
ধোইর্যধারনপুর্বক	dh O i r j o dh a r o n p u r b o k	compound
ধোইর্যশিল	dh O i r j o sh i l	native
ধোইর্যশিলদের	dh O i r j o sh i l d e r	native
ধোইর্যসহকারে	dh O i r j o sh o h o k a r e	native
ধোইর্যহারা	dh O i r j o h a r a	native
ধোইর্যহিনতা	dh O i r j o h i n o t a	native
ধোইর্যের	dh O i r j e r	native
ধোইর্য্য	dh O i r j o	native
ধোউত	dh O u t O	native
ধোউরেয়	dh O u r e y O	native
ধোউড়	dh O u r	native
ধোওয়া	dh O O y a	native
ধোকলা	dh O k l a	native
ধোকা	dh O k a	native
ধোকাবাজ	dh O k a b a j	native
ধোকাবাজি	dh O k a b a j i	native
ধোকাবাজির	dh O k a b a j i r	native
ধোচনা	dh O ch n a	native
ধোনি	dh O n i	native
ধোনিই	dh O n i i	native
ধোনিও	dh O n i O	native
ধোনিকে	dh O n i k e	native
ধোনিকেও	dh O n i k e O	native
ধোনির	dh O n i r	native
ধোনিরা	dh O n i r a	native
ধোপদুরস্ত	dh O p d u r o st o	native
ধোপা	dh O p a	native
ধোপাখালি	dh O p a kh a l i	native
ধোপাদের	dh O p a d e r	native
ধোপার	dh O p a r	native
ধোবাউড়া	dh O b a u r a	native
ধোবি	dh O b i	native
ধোরন	dh O r o n	native
ধোলাই	dh O l a i	native
ধোলাইখাল	dh O l a i kh a l	native
ধোলাইখালে	dh O l a i kh a l e	native
ধোলাইখালের	dh O l a i kh a l e r	native
ধোলাইপাড়	dh O l a i p a r	native
ধোলাইভাতা	dh O l a i bh a t a	native
ধোলাইরপাড়ের	dh O l a i r p a r e r	native
ধোসা	dh O sh a	native
ধোড়া	dh O r a	native
ধোয়া	dh O y a	native
ধোয়াও	dh O y a O	native
ধোয়াট	dh O y a T	native
ধোয়াটে	dh O y a T e	native
ধোয়ানো	dh O y a n	native
ধোয়ানোর	dh O y a n O r	native
ধোয়ামোছা	dh O y a m O chh a	native
ধোয়ামোছার	dh O y a m O chh a r	native
ধোয়ার	dh O y a r	native
ধোয়াশা	dh O y a sh a	native
ধোয়াশার	dh O y a sh a r	native
ধোয়াশায়	dh O y a sh a y	native
ধোয়াহিন	dh O y a h i n	native
ধোয়ায়	dh O y a y	native
ধ্বংসকারি	dh o ng sh O k a r i	tatsama
ধ্বংসকারিদের	dh o ng sh o k a r i d e r	tatsama
ধ্বংসকে	dh o ng sh o k e	tatsama
ধ্বংসজজ্ঞ	dh o ng sh O j O g g O	tatsama
ধ্বংসজজ্ঞে	dh o ng sh O j o g g e	tatsama
ধ্বংসজজ্ঞের	dh o ng sh O j O g g e r	tatsama
ধ্বংসপ্রায়	dh o ng sh o pr a y	tatsama
ধ্বংসলিলা	dh o ng sh O l i l a	tatsama
ধ্বংসলিলার	dh o ng sh O l i l a r	tatsama
ধ্বংসসহ	dh o ng sh o sh o h O	tatsama
ধ্বংসসাধন	dh o ng sh o sh a dh o n	tatsama
ধ্বংসস্তুপ	dh o ng sh O st u p	tatsama
ধ্বংসস্তুপের	dh o ng sh O st u p e r	tatsama
ধ্বংসাত্মক	dh o ng sh a t t O k	tatsama
ধ্বংসাবশেশ	dh o ng sh a b o sh e sh	tatsama
ধ্বংসাবশেশটি	dh o ng sh a b o sh e sh T i	tatsama
ধ্বংসাবশেশে	dh o ng sh a b o sh e sh e	tatsama
ধ্বংসাবশেশের	dh o ng sh a b o sh e sh e r	tatsama
ধ্বংসে	dh o ng sh e	tatsama
ধ্বংসের	dh o ng sh e r	tatsama
ধ্বজ	dh o j	tatsama
ধ্বজা	dh o j a	tatsama
ধ্বনন	dh o n O n	tatsama
ধ্বনিত	dh O n i t O	tatsama
ধ্বনিতত্ত্বের	dh O n i t o tt e r	tatsama
ধ্বনিতে	dh O n i t e	tatsama
ধ্বনিবিজ্ঞানি	dh O n i b i g g a n i	tatsama
ধ্বনির	dh O n i r	tatsama
ধ্বন্যাত্মক	dh o n a t t O k	tatsama
ধ্বস	dh o sh	tatsama
ধ্বসন	dh o sh o n	tatsama
ধ্বসা	dh o sh a	tatsama
ধ্বসে	dh o sh e	tatsama
ধ্বসের	dh o sh e r	tatsama
ধ্বস্ত	dh o st O	tatsama
ধ্বাংক্ষা	dh a ng kh a	tatsama
ধ্বান্ত	dh a nt O	tatsama
ধ্মা	dh a	native
ধ্যাত	dh A t O	native
ধ্যানজ্ঞান	dh A n g A n	tatsama
ধ্যানধারনা	dh A n dh a r O n a	native
ধ্যানধারনার	dh A n dh a r O n a r	native
ধ্যানস্থ	dh A n o sth o	native
ধ্যানের	dh A n e r	native
ধ্যাৎ	dh A t	native
ধ্যেয়	dh e y O	native
ধ্রিয়মান	dh r i y O m a n	native
ধ্রু	dh r u	native
ধ্রুপদ	dh r u p o d	native
ধ্রুপদি	dh r u p o d i	native
ধ্রুব	dh r u b O	native
ধ্রুবতারা	dh r u b O t a r a	native
ধ্রুবতারার	dh r u b O t a r a r	native
ধ্রোউব্য	dh r O u b b O	native
ধড়ফড়	dh o r ph o r	native
ধড়মড়	dh o r m o r	native
ধড়া	dh o r a	native
ধড়াস	dh o r a sh	native
ধড়িবাজ	dh O r i b a j	native
নং	n o ng	native
নইঃশব্দের	n O i sh o b d e r	tatsama
নইঃশব্দ্য	n O i sh o b d O	tatsama
নইকট্য	n O i k o T T O	native
নইতিক	n O i t i k	native
নইতিকতা	n O i t i k o t a	native
নইতিকতার	n O i t i k o t a r	native
নইতিকভাবে	n O i t i k bh a b e	native
নইপুন্য	n O i p u n n O	native
নইপুন্যে	n O i p u n n e	native
নইপুন্যেই	n O i p u n n e i	native
নইপুন্যের	n O i p u n n e r	native
নইব	n O i b O	native
নইবেদ্য	n O i b e d d O	native
নইম	n O i m	native
নইমিত্তিক	n O i m i tt i k	native
নইরাজ্য	n O i r a j j O	native
নইরাজ্যকর	n O i r a j j O k o r	native
নইরাজ্যের	n O i r a j j e r	native
নইরাশ্য	n O i r a sh sh O	native
নইর্ব্যক্তিক	n O i r b A kt i k	native
নইলে	n O i l e	native
নইশ	n O i sh O	native
নইশকালিন	n O i sh O k a l i n	native
নইশকোচ	n O i sh O k O ch	native
নইশপ্রহরি	n O i sh O pr O h O r i	native
নইশপ্রহরির	n O i sh O pr O h O r i r	native
নইশব্দের	n O i sh o b d e r	native
নইশভোজে	n O i sh O bh O j e	native
নইশভোজের	n O i sh O bh O j e r	native
নইসর্গিক	n O i sh O r g i k	native
নউই	n o u i	native
নউতে	n o u t e	native
নউমি	n O u m i	native
নও	n o O	native
নওগা	n o O g a	native
নওগার	n o O g a r	native
নওগায়	n o O g a y	native
নওজোয়ান	n o O j O y a n	native
নওটিকা	n o O T i k a	native
নওদা	n o O d a	native
নওদাপাড়া	n o O d a p a r a	native
নওপাড়া	n o O p a r a	native
নওপোউড়	n o O p O u r o	native
নওফেল	n o O ph e l	native
নওবাহার	n o O b a h a r	native
নওমালা	n o O m a l a	native
নওমি	n O u m i	native
নওমুসলিম	n o O m u sh l i m	native
নওরতন	n o O r o t O n	native
নওরাতি	n o O r a t i	native
নওরিন	n o O r i n	native
নওরিনের	n o O r i n e r	native
নওরোজ	n O u r O j	native
নওল	n o y O l	native
নওলাখি	n o O l a kh i	native
নওলি	n o O l i	native
নওলিন	n o O l i n	native
নওশাদ	n O u sh a d	native
নওশাদের	n o O sh a d e r	native
নওশাবা	n o O sh a b a	native
নওশিন	n o O sh i n	native
নওশিনকে	n o O sh i n k e	native
নওশিনের	n o O sh i n e r	native
নওশের	n o O sh e r	native
নওশেরের	n o O sh e r e r	native
নওহাটা	n o u h a T a	native
নওয়াজ	n o O y a j	native
নওয়াজিমা	n o O y a j i m a	native
নওয়াজিশ	n o O y a j i sh	native
নওয়াজের	n o O y a j e r	native
নওয়াজেশ	n o O y a j e sh	native
নওয়াপাড়া	n o O y a p a r a	native
নওয়াপাড়ার	n o O y a p a r a r	native
নওয়াপাড়ায়	n o O y a p a r a y	native
নওয়াব	n o O y a b	native
নওয়াবশ	n o O y a b o sh	native
নওয়ালি	n o O y a l i	native
নক	n o k	native
নকআউট	n o k a u T	native
নকল	n o k O l	native
নকলটা	n o k o l T a	native
নকলমুক্ত	n o k o l m u kt O	native
নকলসহ	n o k o l sh o h O	native
নকলা	n o k l a	native
নকলায়	n o k o l a y	native
নকলে	n o k O l e	native
নকলের	n o k O l e r	native
নকশ	n o k sh O	native
নকশবন্দিয়া	n o k sh O b O nd i y a	native
নকশাই	n o k sh a i	native
নকশাও	n o k sh a O	native
নকশাকার	n o k sh a k a r	native
নকশাকারি	n o k sh a k a r i	native
নকশাগুলো	n o k sh a g u l O	native
নকশাটি	n o k sh a T i	native
নকশাতে	n o k sh a t e	native
নকশাদার	n o k sh a d a r	native
নকশাবহির্ভুত	n o k sh a b o h i r bh u t o	native
নকশাবহির্ভুতভাবে	n o k sh a b o h i r bh u t o bh a b e	compound
নকশাবিদ	n o k sh a b i d	native
নকশাল	n o k sh a l	native
নকশালপন্থি	n o k sh a l p o n th i	native
নকশালপন্থিদের	n o k sh a l p o n th i d e r	compound
নকশালপন্থিরা	n o k sh a l p o n th i r a	native
নকশালবাদি	n o k sh a l b a d i	native
নকশালবাড়ি	n o k sh a l b a r i	native
নকশালবাড়ির	n o k sh a l b a r i r	native
নকশাসহ	n o k sh a sh o h O	native
নকশায়	n o k sh a y o	native
নকশি	n o k sh i	native
নকশিকাথা	n o k sh i k a th a	native
নকশিকাথাকে	n o k sh i k a th a k e	native
নকশিকাথার	n o k sh i k a th a r	native
নকশির	n o k sh i r	native
নকিপুর	n o k i p u r	native
নকিব	n O k i b	native
নকিশ্নন	n o k i n ch o n	native
নকিয়া	n O k i y a	native
নকিয়াকে	n O k i y a k e	native
নকিয়ার	n O k i y a r	native
নকিয়ায়	n O k i y a y	native
নকুট্য	n o k u T T O	native
নকুল	n O k u l	native
নকুলেশ্বর	n o k u l e sh sh o r o	tatsama
নক্ত	n o kt O	native
নক্র	n o kr O	native
নক্রুমা	n o kr u m a	native
নক্ষত্রকে	n O kkh O tr O k e	tatsama
নক্ষত্রগুলোর	n o kkh O tr O g u l O r	tatsama
নক্ষত্রটি	n o kkh o tr O T i	tatsama
নক্ষত্রটির	n o kkh o tr O T i r	tatsama
নক্ষত্রপুঞ্জ	n o kkh o tr O p u nj o	tatsama
নক্ষত্রে	n o kkh o tr e	tatsama
নক্ষত্রের	n o kkh o tr e r	tatsama
নকড়া	n o k r a	native
নখও	n o kh O	native
নখগুলো	n O kh g u l O	native
নখদন্তহিন	n o kh d o nt O h i n	native
নখদর্পনে	n o kh O d o r p O n e	native
নখর	n o kh O r	native
নখরা	n o kh r a	native
নখি	n O kh i	native
নখে	n o kh e	native
নগ	n o g O	native
নগজদল	n o g o j d o l	native
নগদান	n o g O d a n	native
নগদায়ন	n o g o d a y o n	native
নগদায়নের	n o g o d a y o n e r	native
নগদে	n o g O d e	native
নগদের	n o g O d e r	native
নগন	n o g O n	native
নগন্যসংখ্যক	n o g o n n O sh o ng kh o k	native
নগমা	n o g m a	native
নগর	n o g O r	native
নগরও	n o g O r O	native
নগরকান্দার	n o g O r k a nd a r	native
নগরকান্দায়	n o g O r k a nd a y	native
নগরকে	n o g O r k e	native
নগরকেন্দ্র	n o g O r k e ndr o	native
নগরকেন্দ্রিক	n o g O r k e nd ri k	native
নগরকেন্দ্রে	n o g O r k e ndr e	native
নগরগুলোতে	n o g O r g u l O t e	native
নগরগুলোর	n o g O r g u l O r	native
নগরঘাটা	n o g O r gh a T a	native
নগরজিবন	n o g O r j i b o n	native
নগরজিবনে	n o g O r j i b o n e	native
নগরজিবনের	n o g O r j i b o n e r	native
নগরজুড়ে	n o g O r j u r e	native
নগরটি	n o g O r T i	native
নগরদোলা	n o g O r d O l a	native
নগরদোলার	n a g O r d O l a r	native
নগরপিতা	n o g O r p i t a	native
নগরপিতার	n o g O r p i t a r	native
নগরবাউল	n o g O r b a u l	native
নগরবালক	n o g O r b a l o k	native
নগরবাসি	n o g O r b a sh i	loanword
নগরবাসিকে	n o g O r b a sh i k e	loanword
নগরবাসিদের	n o g O r b a sh i d e r	loanword
নগরবাসির	n o g O r b a sh i r	loanword
নগরবাড়ি	n o g O r b a r i	native
নগরবাড়িতে	n o g O r b a r i t e	native
নগরভবন	n o g O r bh o b O n	native
নগরভবনের	n o g O r bh o b O n e r	native
নগররাশ্ট্র	n o g O r r a sh T r O	loanword
নগরসংলগ্ন	n o g O r sh o ng l o g n O	native
নগরসহ	n o g O r sh o h O	native
নগরায়ন	n o g O r a y o n	native
নগরায়নকে	n o g O r a y o n k e	native
নগরায়নে	n o g O r a y o n e	native
নগরায়নের	n o g O r a y o n e r	native
নগরি	n o g O r i	native
নগরিকে	n o g O r i k e	native
নগরিটি	n o g O r i T i	native
নগরিতে	n o g O r i t e	native
নগরিতেই	n o g O r i t e i	native
নগরির	n o g O r i r	native
নগরেই	n o g O r e i	native
নগরেও	n o g O r e O	native
নগরের	n o g O r e r	native
নগরোন্নয়ন	n o g O r O nn o y o n	native
নগুন	n o g u n	native
নগুরে	n o g u r e	native
নগেন	n o g e n	native
নগেন্দ্র	n o g e ndr o	native
নগেন্দ্রনাথ	n o g e ndr o n a th	native
নগেন্দ্রনাথকে	n o g e ndr o n a th k e	compound
নগোজি	n o g O j i	native
নগ্ন	n o g n O	native
নগ্নতার	n o g n O t a r	native
নগ্নপদ	n o g n o p o d	native
নগ্নপদে	n o g n o p o d e	native
নগ্নভাবে	n o g n O bh a b e	native
নচিকেতা	n O ch i k e t a	native
নচেৎ	n o ch e t	native
নচ্ছার	n o ch chh a r	native
নছরুল	n o chh r u l	native
নছিব	n o sh i b	native
নছিমন	n O chh i m O n	native
নছিমনকে	n o chh i m o n k e	native
নছিমনের	n o chh i m o n e r	native
নজমুল	n O j m u l	native
নজর	n o j O r	native
নজরও	n o j o r O	native
নজরকারা	n o j O r k a r a	native
নজরকাড়া	n o j o r k a r a	native
নজরটা	n o j o r T a	native
নজরদারিকে	n o j o r d a r i k e	native
নজরদারিতে	n o j O r d a r i t e	native
নজরদারির	n o j O r d a r i r	native
নজরবন্দি	n o j o r b o nd i	native
নজরানা	n o j r a n a	native
নজরুল	n O j r u l	native
নজরুলও	n O j r u l O	native
নজরুলকে	n O j r u l k e	native
নজরুলগবেশনা	n O j r u l g o b e sh o n a	native
নজরুলগিতি	n o j r u l g i t i	native
নজরুলগিতির	n O j r u l g i t i r	native
নজরুলচর্চা	n o j r u l ch o r ch a	native
নজরুলজয়ন্তি	n o j r u l j o y o nt i	native
নজরুলসংগিত	n o j r u l sh o ng g i t	native
নজরুলসংগিতশিল্পি	n o j r u l sh o ng g i t sh i l p i	compound
নজরুলসংগিতে	n o j r u l sh o ng g i t e	native
নজরুলসংগিতের	n o j r u l sh o ng g i t e r	native
নজরুলসহ	n O j r u l sh o h O	native
নজরুলের	n O j r u l e r	native
নজরে	n o j O r e	native
নজরেই	n o j o r e i	native
নজরের	n o j O r e r	native
নজাশি	n o j a sh i	native
নজিপুরে	n o j i p u r e	native
নজিব	n o j i b	native
নজিবউল্লাহ	n o j i b u l l a h	native
নজিবর	n o j i b o r	native
নজিবুর	n O j i b u r	native
নজিবুল	n O j i b u l	native
নজিবুল্লাহ	n O j i b u l l a h	native
নজির	n O j i r	native
নজিরও	n O j i r O	native
নজিরবিহিন	n O j i r b i h i n	native
নজিরবিহিনভাবে	n o j i r b i h i n bh a b e	compound
নজিরের	n o j i r e r	native
নজুল	n o j u l	native
নজ্জুম	n O j j u m	native
নঞ্	n O y i	tatsama
নট	n o T	native
নটই	n o T O i	native
নটক	n o T o k o	native
নটকি	n o T k i	native
নটচাদ	n o T ch a d	native
নটতি	n o T O t i	native
নটন	n o T O n	native
নটবর	n o T o b o r	native
নটবরলাল	n o T o b o r l a l	native
নটরডেম	n o T O r D A m	native
নটরাজ	n o T O r a j	native
নটরাজন	n o T o r a j o n	native
নটা	n O T a	native
নটিংহাম	n o T i ng h a m	native
নটিংহামে	n o T i ng h a m e	native
নটিংহামের	n o T i ng h a m e r	native
নটিংহ্যাম	n o T i ng h A m	native
নটিংহ্যামশায়ারের	n o T i ng h A m sh a y a r e r	compound
নটিংহ্যামের	n o T i ng h A m e r	native
নটে	n o T e	native
নটের	n o T e r	native
নটেশ্বর	n o T e sh sh o r	tatsama
নঠ	n o Th O	native
নড়াইল	n o r a i l	native
নড্	n o D	native
নত	n o t O	native
নতমস্তকে	n o t o m o st o k e	native
নতমুখ	n o t o m u kh	native
নতশির	n o t o sh i r	native
নতা	n o t a	native
নতি	n O t i	native
নতিমান	n o t i m a n	native
নতিস্বিকার	n O t i sh i k a r	tatsama
নতুনই	n o t u n i	native
নতুনকে	n O t u n k e	native
নতুনটির	n o t u n T i r	native
নতুনতর	n O t u n t o r O	native
নতুনদের	n O t u n d e r	native
নতুনপাড়া	n o t u n p a r a	native
নতুনরা	n O t u n r a	native
নতুনরুপে	n O t u n r u p e	native
নতুনের	n O t u n e r	native
নতুনেরা	n O t u n e r a	native
নতুয়াডাংা	n o t u y a D a ng g a	native
নতোদর	n o t O d o r	native
নতোন্নত	n o t O nn o t O	native
নত্তা	n o tt a	native
নত্তুন	n o tt u n o	native
নত্ব	n o tt O	tatsama
নথ	n o th	native
নথি	n O th i	native
নথিই	n O th i i	native
নথিও	n O th i O	native
নথিগুলো	n O th i g u l O	native
নথিগুলোর	n o th i g u l O r	native
নথিটি	n o th i T i	native
নথিতেও	n o th i t e O	native
নথিপত্র	n O th i p o tr O	native
নথিপত্রও	n o th i p o tr O O	native
নথিপত্রগুলো	n o th i p o tr O g u l O	native
নথিপত্রসহ	n O th i p o tr O sh o h O	native
নথিপত্রে	n O th i p o tr e	native
নথিপত্রের	n O th i p o tr e r	native
নথিবদ্ধ	n o th i b o d dh o	tatsama
নথিভুক্ত	n o th i bh u kt O	native
নথিভুক্তকারি	n o th i bh u kt O k a r i	native
নথিভুক্তির	n O th i bh u kt i r	native
নথির	n O th i r	native
নথিসহ	n o th i sh o h O	native
নথুল্লাবাদ	n O th u l l a b a d	native
নদ	n o d	native
নদও	n o d O	native
নদটি	n o d T i	native
নদটির	n o d T i r	native
নদনদি	n o d n O d i	native
নদনদিতে	n o d n O d i t e	native
নদনদির	n o d n O d i r	native
নদি	n O d i	native
নদিই	n O d i i	native
নদিও	n O d i O	native
নদিকৃত্য	n o d i k ri t t o	tatsama
নদিকে	n O d i k e	native
নদিকেন্দ্রিক	n o d i k e ndr i k	native
নদিখনন	n o d i kh o n o n	native
নদিখননের	n o d i kh o n o n e r	native
নদিগর্ভ	n o d i g o r bh o	native
নদিগর্ভে	n O d i g o r bh e	native
নদিগুলো	n O d i g u l O	native
নদিগুলোই	n o d i g u l O i	native
নদিগুলোকে	n O d i g u l O k e	native
নদিগুলোতে	n O d i g u l O t e	native
নদিগুলোর	n O d i g u l O r	native
নদিগুলোয়	n o d i g u l O y	native
নদিজন	n O d i j o n	native
নদিটা	n O d i T a	native
নদিটাকে	n o d i T a k e	native
নদিটার	n o d i T a r	native
নদিটি	n O d i T i	native
নদিটিকে	n O d i T i k e	native
নদিটিতে	n o d i T i t e	native
নদিটির	n O d i T i r	native
নদিত	n O d i t O	native
নদিতির	n O d i t i r	native
নদিতিরবর্তি	n o d i t i r o b o r t i	native
নদিতিরে	n O d i t i r e	native
নদিতিরের	n O d i t i r e r	native
নদিতে	n O d i t e	native
নদিতেই	n O d i t e i	native
নদিতেও	n O d i t e O	native
নদিদুশন	n o d i d u sh o n	native
নদিদুশনের	n o d i d u sh o n e r	native
নদিধারা	n o d i dh a r a	native
নদিনালা	n O d i n a l a	native
নদিনালার	n o d i n a l a r	native
নদিপথ	n O d i p o th	native
নদিপথে	n O d i p o th e	native
নদিপথের	n o d i p o th e r	native
নদিপারের	n O d i p a r e r	native
নদিপাড়ের	n o d i p a r e r	native
নদিপ্রনালি	n o d i pr o n a l i	native
নদিপ্রবাহের	n o d i pr o b a h e r	native
নদিবক্ষ	n o d i b o kkh o	tatsama
নদিবক্ষে	n o d i b o kkh e	tatsama
নদিবন্দর	n O d i b o nd O r	native
নদিবন্দরের	n O d i b o nd O r e r	native
নদিবহুল	n o d i b o h u l	native
নদিবান্ধব	n o d i b a ndh o b	tatsama
নদিবাহিত	n o d i b a h i t o	native
নদিবিধোউত	n o d i b i dh O u t o	native
নদিবিশেশজ্ঞ	n o d i b i sh e sh o g g o	tatsama
নদিবিশয়ক	n o d i b i sh o y o k	native
নদিবেশ্টিত	n O d i b e sh T i t O	native
নদিভরাট	n o d i bh o r a T	native
নদিভাংংগা	n O d i bh a ng g a	native
নদিভাংন	n o d i bh a ng g o n	native
নদিভাংনকবলিত	n o d i bh a ng g o n k o b o l i t o	native
নদিভাংনে	n o d i bh a ng g o n e	native
নদিভাংনের	n o d i bh a ng g o n e r	native
নদিভাংা	n o d i bh a ng g a	native
নদিভিত্তিক	n O d i bh i tt i k	native
নদিমাতৃক	n O d i m a t r i k	tatsama
নদিমুখে	n o d i m u kh e	native
নদির	n O d i r	native
নদিরঘাট	n o d i r gh a T	native
নদিশাসন	n O d i sh a sh O n	native
নদিশাসনের	n o d i sh a sh o n e r	native
নদিসংজোগ	n o d i sh o ng j O g	native
নদিসংলগ্ন	n O d i sh o ng l o g n O	native
নদিসমুহ	n o d i sh o m u h o	native
নদিসমুহে	n O d i sh O m u h e	native
নদিসমুহের	n O d i sh o m u h e r	native
নদিসহ	n O d i sh o h O	native
নদিয়া	n o d i y a	native
নদিয়ার	n o d i y a r	native
নদিয়ায়	n o d i y a y	native
নদে	n o d e	native
নদ্ধ	n o d dh O	tatsama
নধর	n o dh O r	native
নন	n o n	native
ননই	n o n o i	native
ননথাবুরি	n o n th a b u r i	native
ননদসহ	n o n o d sh o h O	native
ননদের	n o n O d e r	native
ননস্টিক	n o n s T i k	loanword
ননি	n O n i	native
ননিগোপাল	n o n i g O p a l	native
নন্দ	n o nd O	native
নন্দকে	n o nd o k e	native
নন্দনকানন	n o nd O n k a n O n	native
নন্দনকাননে	n o nd o n k a n o n e	native
নন্দনকাননের	n o nd o n k a n o n e r	native
নন্দনতত্ত্ব	n o nd O n t o t t O	tatsama
নন্দনপুর	n o nd o n p u r	native
নন্দনের	n o nd o n e r	native
নন্দরানি	n o nd o r a n i	native
নন্দলালপুর	n o nd o l a l p u r	native
নন্দা	n o nd a	native
নন্দাই	n o nd a i	native
নন্দারা	n o nd a r a	native
নন্দি	n O nd i	native
নন্দিগ্রাম	n O nd i gr a m	native
নন্দিগ্রামে	n O nd i gr a m e	native
নন্দিগ্রামের	n O nd i gr a m e r	native
নন্দিন	n o nd i n	native
নন্দিনি	n O nd i n i	native
নন্দিপাড়া	n o nd i p a r a	native
নন্দিপাড়ার	n o nd i p a r a r	native
নন্দিপাড়ায়	n o nd i p a r a y	native
নন্দিবর্ধক	n o nd i b o r dh o k	native
নন্দির	n O nd i r	native
নন্দিসহ	n O nd i sh o h O	native
নন্দ্য	n O nd O	native
ননৎকার	n o n O t k a r	native
নপুংসক	n o p u ng sh o k	native
নফর	n o ph O r	native
নফরৎ	n o ph o r o t	native
নফল	n o ph O l	native
নফসকে	n o ph sh k e	native
নফসে	n o ph sh e	native
নফসের	n o ph sh e r	native
নব	n o b O	native
নবকুমার	n o b O k u m a r	native
নবগংগা	n o b o g o ng g a	native
নবগঠিত	n o b O g O Th i t O	native
নবগ্রাম	n o b O gr a m	native
নবগ্রামের	n o b O gr a m e r	native
নবজন্ম	n o b o j o n m o	native
নবজন্মের	n o b o j o n m e r	native
নবজাগরন	n o b o j a g o r o n	native
নবজাগরনের	n o b o j a g o r o n e r	native
নবজাগ্রত	n o b o j a gr o t o	native
নবজাত	n o b O j a t	native
নবজাতক	n o b O j a t O k	native
নবজাতকটি	n o b O j a t O k T i	native
নবজাতকদের	n o b O j a t O k d e r	native
নবজাতকসহ	n o b o j a t o k sh o h O	native
নবজাতকের	n o b O j a t O k e r	native
নবজাতকেরা	n o b o j a t o k e r a	native
নবজাত্রা	n o b o j a tr a	native
নবজাত্রায়	n o b o j a tr a y	native
নবজিবন	n o b O j i b O n	native
নবজিবনের	n o b O j i b O n e r	native
নবজুগ	n o b O j u g	native
নবজুগে	n o b o j u g e	native
নবজুগের	n o b o j u g e r	native
নবজ্যোতি	n o b o j O t i	native
নবত	n o b o t	native
নবতন	n o b O t o n	native
নবতর	n o b O t o r	native
নবদম্পতি	n o b O d o mp O t i	native
নবদম্পতিকে	n o b O d o mp O t i k e	native
নবদম্পতিদের	n o b O d o mp O t i d e r	native
নবদম্পতির	n o b O d o mp O t i r	native
নবদম্পতিরা	n o b o d o mp o t i r a	native
নবদিগন্ত	n o b o d i g o nt o	native
নবদ্বিপ	n o b o d i p	native
নবদ্বিপে	n o b o d i p e	native
নবদ্বিপের	n o b o d i p e r	native
নবধারা	n o b o dh a r a	native
নবনবতি	n o b O n o b O t i	native
নবনাট্য	n o b o n a T T o	native
নবনিজুক্ত	n o b O n i j u kt O	native
নবনিতা	n o b O n i t a	native
নবনিতার	n o b o n i t a r	native
নবনির্মান	n o b o n i r m a n	native
নবনির্মিত	n o b O n i r m i t O	native
নবপ্রজন্মের	n o b o pr o j o n m e r	native
নবপ্রান	n o b o pr a n	native
নববংগ	n o b o b o ng g o	native
নববধু	n o b O b O dh u	native
নববধুকে	n o b O b O dh u k e	native
নববধুর	n o b O b O dh u r	native
নববর্ষের	n o b O b o r sh e r	tatsama
নববি	n o b O b i	native
নববিক্রম	n o b o b i kr o m	native
নববিতে	n o b O b i t e	native
নববিবাহিত	n o b O b i b a h i t O	native
নববিবাহিতা	n o b o b i b a h i t a	native
নববির	n o b O b i r	native
নবমবারের	n o b o m b a r e r	native
নবমির	n o b o m i r	native
নবরংগ	n o b o r o ng g o	native
নবরাত্রি	n o b O r a tr i	native
নবরুপে	n o b o r u p e	native
নবলব্ধ	n o b o l o b dh o	native
নবসৃশ্ট	n o b o sh ri sh T o	tatsama
নবহু	n o b O h u	native
নবাংকুর	n o b a ng k u r	native
নবাংশ	n o b a ng sh O	native
নবাগতদের	n o b a g o t o d e r	native
নবাগতা	n o b a g o t a	native
নবান্নে	n o b a nn e	native
নবান্নের	n o b a nn e r	native
নবাবকাটরার	n o b a b k a T r a y	native
নবাবগঞ্জ	n o b a b g o nj	tatsama
নবাবগঞ্জে	n o b a b g o nj e	tatsama
নবাবচর	n o b a b ch o r	native
নবাবপুর	n o b a b p u r	native
নবাবপুরের	n o b a b p u r e r	native
নবাববাড়ি	n o b a b b a r i	native
নবাববাড়ির	n o b a b b a r i r	native
নবারুন	n o b a r u n	native
নবায়ন	n o b a y o n	native
নবায়নও	n o b a y o n O	native
নবায়নকারি	n o b a y o n k a r i	native
নবায়নজোগ্য	n o b a y o n j O g g O	native
নবায়নপত্রে	n o b a y o n p o tr e	native
নবায়নসহ	n o b a y o n sh o h O	native
নবায়নে	n o b a y o n e	native
নবায়নের	n o b a y o n e r	native
নবায়িত	n o b a y i t o	native
নবি	n O b i	native
নবিউল্লাহ	n o b i u l l a h	native
নবিকরন	n O b i k o r O n	native
নবিকে	n O b i k e	native
নবিগঞ্জ	n O b i g o nj	tatsama
নবিগঞ্জের	n o b i g o nj e r	tatsama
নবিজি	n O b i j i	native
নবিজির	n O b i j i r	native
নবিদের	n O b i d e r	native
নবিন	n O b i n	native
নবিনগর	n o b i n o g O r	native
নবিনগরে	n o b i n o g O r e	native
নবিনগরের	n o b i n o g O r e r	native
নবিনচন্দ্র	n O b i n ch o ndr O	native
নবিনতম	n o b i n t o m o	native
নবিনদের	n O b i n d e r	native
নবিনবরন	n O b i n b o r O n	native
নবিনুর	n o b i n u r	native
নবিনের	n O b i n e r	native
নবিনেরা	n o b i n e r a	native
নবিনেরাও	n o b i n e r a O	native
নবির	n o b i r	native
নবিরুজ্জামান	n o b i r u j j a m a n	native
নবিরের	n o b i r e r	native
নবিশ	n O b i sh	native
নবিয়সি	n O b i y O sh i	native
নবুওয়াত	n o b u O y a t	native
নবুয়ত	n o b u y O t	native
নবে	n o b e	native
নবেতর	n o b e t o r	native
নবেম্বর	n o b e mb o r	native
নবোদক	n o b O d o k	native
নবোদিত	n o b O d i t O	native
নবোদ্গত	n o b O d g o t O	native
নবোদ্ভিন্ন	n o b O d bh i nn O	native
নবোদ্যম	n o b O d d o m	native
নবোদয়	n o b O d o y	native
নবোন্মেশ	n o b O n m e sh	native
নবোড়া	n o b O r a r a	native
নব্বইয়ে	n o b b o i y e	native
নব্বইয়ের	n O b b O i e r	native
নবৎ	n o b o t	native
নভি	n o bh i	native
নভেদ	n o bh e d	native
নভেম্বর	n o bh e mb o r	native
নভেম্বরও	n o bh e mb o r O	native
নভেম্বরে	n o bh e mb o r e	native
নভেম্বরেই	n o bh e mb o r e i	native
নভেম্বরের	n o bh e mb o r e r	native
নভেরা	n o bh e r a	native
নভেলিস্ট	n O bh e l i s T	loanword
নভোচারি	n o bh O ch a r i	native
নভোচারিকে	n o bh O ch a r i k e	native
নভোচারিদের	n o bh O ch a r i d e r	native
নভোচারিরা	n o bh O ch a r i r a	native
নভোজান	n o bh O j a n	native
নভোজানটি	n o bh O j a n T i	native
নভোজানটির	n o bh O j a n T i r	native
নভোজানে	n o bh O j a n e	native
নভোজানের	n o bh O j a n e r	native
নভোথিয়েটার	n o bh O th i y e T a r	native
নভোথিয়েটারে	n o bh O th i y e T a r e	native
নভোথিয়েটারের	n o bh O th i y e T a r e r	native
নভোনিল	n o bh O n i l	native
নভোমনি	n o bh O m O n i	native
নভোমন্ডল	n o bh O m o n D O l	native
নভোরজঃ	n o bh O r o j O h	tatsama
নভোসেলোভ	n o bh O sh e l O bh	native
নমঃশুদ্র;	n o m O sh sh u d r o	tatsama
নমন	n o m O n	native
নমনিয়	n o m o n i y O	native
নমনিয়তা	n o m o n i y o t a	native
নমনিয়তার	n o m o n i y o t a r	native
নমপেন	n o m p e n	native
নমরুদ	n O m r u d	native
নমরুদের	n O m r u d e r	native
নমশুদ্র	n o m o sh u d r o	native
নমস্কর্তা	n o m O s k o r t a	loanword
নমস্কারি	n o m O s k a r i	loanword
নমস্ক্রিয়া	n o m O sh k r i y a	loanword
নমস্য	n o m O sh sh O	native
নমাজ	n o m a j	native
নমাসে–ছমাসে	n o m a sh e chh o m a sh e	native
নমিত	n O m i t O	native
নমিনি	n o m i n i	native
নমিনেশন	n O m i n e sh O n	native
নমু	n O m u	native
নমুচি	n O m u ch i	native
নমুদ	n O m u d	native
নমুদার	n O m u d a r	native
নমুনা	n O m u n a	native
নমুনাও	n O m u n a O	native
নমুনাগুলো	n O m u n a g u l O	native
নমুনার	n O m u n a r	native
নমুনায়	n o m u n a y	native
নমো	n o m O	native
নম্বর	n o mb O r	native
নম্বরঃ	n o mb O r	tatsama
নম্বরই	n o mb O r i	native
নম্বরও	n o mb O r O	native
নম্বরকে	n o mb o r k e	native
নম্বরগুলোতে	n o mb o r g u l O t e	native
নম্বরটা	n o mb O r T a	native
নম্বরটিই	n o mb o r T i i	native
নম্বরটির	n o mb o r T i r	native
নম্বরধারি	n o mb o r dh a r i	native
নম্বরধারিদের	n o mb o r dh a r i d e r	native
নম্বরধারির	n o mb o r dh a r i r	native
নম্বরপত্রে	n o mb o r p o tr e	native
নম্বরপত্রের	n o mb o r p o tr e r	native
নম্বরফলক	n o mb o r ph o l o k	native
নম্বরবিহিন	n o mb o r b i h i n	native
নম্বরসমুহ	n o mb O r sh O m u h O	native
নম্বরি	n o mb O r i	native
নম্বরে	n o mb O r e	native
নম্বরেই	n o mb O r e i	native
নম্বরেও	n o mb O r e O	native
নম্বরের	n o mb O r e r	native
নম্য	n o m m o	native
নম্র	n o m r O	native
নম্রতা	n o m r O t a	native
নম্রতার	n o m r o t a r	native
নর	n o r O	native
নরওয়ে	n o r O y e	native
নরওয়েকে	n o r O y e k e	native
নরওয়েজিয়ান	n o r O y e j i y a n	native
নরওয়েতে	n o r O y e t e	native
নরওয়েবাসির	n o r O y e b a sh i r	loanword
নরওয়ের	n o r O y e r	native
নরওয়েসহ	n o r O y e sh o h O	native
নরক	n o r O k	native
নরকে	n o r O k e	native
নরঘাতক	n o r o gh a t o k	native
নরটন	n o r T o n	native
নরটেলের	n o r T e l e r	native
নরডিস্ক	n o r D i s k	loanword
নরদমা	n o r d o m a	native
নরনইর	n o r n o i r	native
নরনারি	n o r O n a r i	native
নরনারির	n o r n a r i r	native
নরপশু	n o r O p O sh u	native
নরপশুদের	n o r O p O sh u d e r	native
নরপশুর	n o r o p o sh u r	native
নরপশুরা	n o r O p O sh u r a	native
নরপিশাচ	n o r O p i sh a ch	native
নরবলি	n o r O b O l i	native
নরবার্ট	n o r b a r T	native
নরমাল	n o r m a l	native
নরমের	n o r o m e r	native
নরম্যান	n o r m A n	native
নরসিংদি	n o r sh i ng d i	native
নরসিংদিগামি	n o r sh i ng d i g a m i	native
নরসিংদিতে	n o r sh i ng d i t e	native
নরসিংদিবাসি	n o r sh i ng d i b a sh i	loanword
নরসিংদির	n o r sh i ng d i r	native
নরসিংদিসহ	n o r sh i ng d i sh o h O	native
নরসিংহপুর	n o r sh i ng h o p u r	native
নরসিংহপুরে	n o r sh i ng h o p u r e	native
নরসিংহপুরের	n o r sh i ng h o p u r e r	native
নরসিমা	n o r sh i m a	native
নরসুন্দর	n o r o sh u nd o r	native
নরসুন্দা	n o r O sh u nd a	native
নরহত্যার	n o r O h O t t a r	native
নরা	n o r a	native
নরাধম	n o r a dh O m	native
নরাধিপ	n o r a dh i p	native
নরান্তক	n o r a nt O m	native
নরিনকো	n o r i n k O	native
নরিয়া	n o r i y a	native
নরিয়েগা	n o r i y e g a	native
নরিয়েগাকে	n o r i y e g a k e	native
নরুন	n O r u n	native
নরেন্দ্র	n o r e ndr O	native
নরেন্দ্রনাথ	n o r e ndr O n a th	native
নরেন্দ্রপুর	n o r e ndr O p u r	native
নরেন্দ্রপুরের	n o r e ndr O p u r e r	compound
নরেশ	n o r e sh	native
নরেশচন্দ্র	n o r e sh ch o ndr o	native
নরেশের	n o r e sh e r	native
নরোত্তম	n o r O tt o m	native
নর্কু	n O r k u	native
নর্তক	n o r t O k	native
নর্তকি	n o r t O k i	native
নর্তকির	n o r t O k i r	native
নর্তন	n o r t O n	native
নর্থ	n o r th	native
নর্থইস্ট	n o r th i sh T	loanword
নর্থওয়েস্ট	n o r th O y e sh T	loanword
নর্থকোল	n o r th k O l	native
নর্থকোলে	n o r th k O l e	native
নর্থবেংগল	n o r th b e ng g o l	native
নর্থব্রুক	n o r th br u k	native
নর্থসাউথ	n o r th sh a u th	native
নর্থের	n o r th e r	native
নর্দন	n o r d o n	native
নর্দমাটি	n o r d o m a T i	native
নর্দমার	n o r d O m a r	native
নর্দমায়	n o r d o m a y	native
নর্দা	n o r d a	native
নর্দান	n o r d a n	native
নর্দাম্পটন	n o r d a mp T o n	native
নর্দাম্পটনে	n o r d a mp T o n e	native
নর্দাম্পটনের	n o r d a mp T o n e r	native
নর্দার্ন	n o r d a r n	native
নর্দে	n o r d e	native
নর্দ্দা	n o r d a	native
নর্ম	n o r m O	native
নর্মদা	n o r m O d a	native
নর্মাচার	n o r m a ch a r	native
নলক	n o l O k	native
নলকা	n o l k a	native
নলকুপ	n o l k u p	native
নলকুপই	n o l k u p i	native
নলকুপও	n o l k u p O	native
নলকুপগুলো	n o l k u p g u l O	native
নলকুপগুলোতে	n o l k u p g u l O t e	native
নলকুপগুলোর	n o l k u p g u l O r	native
নলকুপে	n o l k u p e	native
নলকুপের	n o l k u p e r	native
নলখড়ি	n o l kh O r i	native
নলচিরা	n o l ch i r a	native
নলচিড়া	n o l ch i r a	native
নলচে	n o l ch e	native
নলছিটি	n o l chh i T i	native
নলছিটিতে	n o l chh i T i t e	native
নলছিটির	n o l chh i T i r	native
নলজানি	n o l j a n i	native
নলটোনা	n o l T O n a	native
নলডাংগা	n o l D a ng g a	native
নলতা	n o l t a	native
নলদি	n o l d i	native
নলপত	n o l O p o t O	native
নলবল	n o l b o l	native
নলবুনিয়া	n o l b u n i y a	native
নলভোগের	n o l bh O g e r	native
নলা	n o l a	native
নলামারা	n o l a m a r a	native
নলি	n o l i	native
নলিকা	n O l i k a	native
নলিন	n O l i n	native
নলিনি	n o l i n i	native
নলিনিকান্ত	n o l i n i k a nt o	native
নলিনির	n o l i n i r	native
নলিয়ান	n o l i y a n	native
নলুয়া	n o l u y a	native
নলে	n o l e	native
নলেন	n o l e n	native
নলের	n o l e r	native
নলো	n o l O	native
নশ্ট	n o sh T O	native
নশ্টনিড়	n o sh T o n i r	native
নশ্টের	n o sh T e r	native
নশ্বর	n o sh sh o r	tatsama
নস	n o sh	native
নসব	n o sh o b	native
নসরতপুর	n o sh r o t p u r	native
নসরুল	n O sh r u l	native
নসিব	n O sh i b	native
নসিমন	n O sh i m o n	native
নসিমনকে	n o sh i m o n k e	native
নসিমনচালক	n o sh i m o n ch a l o k	native
নসিমনটি	n o sh i m o n T i	native
নসিমনে	n o sh i m o n e	native
নসিমনের	n o sh i m o n e r	native
নসিহত	n O sh i h o t	native
নসু	n o sh u	native
নস্কর	n o s k o r	loanword
নস্টালজিক	n o sh T a l j i k	loanword
নস্টালজিয়া	n o sh T a l j i y a	loanword
নস্টালজিয়ার	n o sh T a l j i y a r	loanword
নস্টালজিয়ায়	n o sh T a l j i y a y	loanword
নস্যা	n O sh sh a	native
নস্যাতের	n o sh A t e r	native
নস্যাত্	n o sh A t	native
নস্যাৎ	n o sh sh a t	native
নহর	n o h O r	native
নহলা	n o h o l a	native
নহলি	n o h O l i	native
নহা	n o h a	native
নহাটা	n o h a T a	native
নহি	n O h i	native
নহিলে	n O h i l e	native
নাং	n a ng	native
নাংগল	n a ng g o l	native
নাংগলকোট	n a ng g o l k O T	native
নাংগলকোটে	n a ng g o l k O T e	native
নাংগলকোটের	n a ng g o l k O T e r	native
নাংগা	n a ng g a	native
নাংল	n a ng o l	native
নাংলি	n a ng l i	native
নাঃ	n a h	tatsama
নাই	n a i	native
নাইং	n a i ng	native
নাইওর	n a i O r	native
নাইওরপুল	n a i O r p u l	native
নাইকন	n a i k O n	native
নাইকনের	n a i k o n e r	native
নাইকা	n a i k a	native
নাইকি	n a i k i	native
নাইকির	n a i k i r	native
নাইকো	n a i k O	native
নাইকোকে	n a i k O k e	native
নাইকোর	n a i k O r	native
নাইক্কা	n a i k k a	native
নাইক্ষ্যংছড়ি	n a i kkh o ng chh o r i	tatsama
নাইক্ষ্যংছড়ির	n a i kkh o ng chh o r i r	tatsama
নাইজার	n a i j a r	native
নাইজারে	n a i j a r e	native
নাইজারের	n a i j a r e r	native
নাইজেরিয়	n a i j e r i y o	native
নাইজেরিয়া	n a i j e r i y a	native
নাইজেরিয়াও	n a i j e r i y a O	native
নাইজেরিয়াকে	n a i j e r i y a k e	native
নাইজেরিয়ান	n a i j e r i y a n	native
নাইজেরিয়ার	n a i j e r i a r	native
নাইজেরিয়ায়	n a i j e r i y a y	native
নাইজেল	n a i j e l	native
নাইট	n a i T	native
নাইটওয়াচম্যান	n a i T O y a ch m A n	compound
নাইটকুইন	n a i T k u i n	native
নাইটগার্ড	n a i T g a r D	native
নাইটদের	n a i T d e r	native
নাইটরা	n a i T r a	native
নাইটরাইডার্সের	n a i T r a i D a r sh e r	compound
নাইটস	n a i T s	loanword
নাইটহুড	n a i T h u D	native
নাইটি	n a i T i	native
নাইটিংগেল	n a i T i ng g e l	native
নাইটে	n a i T e	native
নাইটের	n a i T e r	native
নাইট্যংপাড়া	n a i T T o ng p a r a	native
নাইট্রাস	n a i T r a s	loanword
নাইট্রিক	n a i T r i k	loanword
নাইট্রেট	n a i T r e T	loanword
নাইট্রোজেন	n a i T r O j e n	loanword
নাইট্রোজেনের	n a i T r O j e n e r	loanword
নাইডু	n a i D u	native
নাইদার	n a i d a r	native
নাইন	n a i n	native
নাইনটি	n a i n T i	native
নাইনটিন	n a i n T i n	native
নাইনে	n a i n e	native
নাইনের	n a i n e r	native
নাইপল	n a i p o l	native
নাইপলের	n a i p o l e r	native
নাইবা	n a i b a	native
নাইম	n a i m	native
নাইমও	n a i m O	native
নাইমকে	n a i m k e	native
নাইমা	n a i m a	native
নাইমাকে	n a i m a k e	native
নাইমার	n a i m a r	native
নাইমুজ্জামান	n a i m u j j a m a n	native
নাইমুর	n a i m u r	native
নাইমুল	n a i m u l	native
নাইমুলকে	n a i m u l k e	native
নাইমুলের	n a i m u l e r	native
নাইমেক্স	n a i m e k s	loanword
নাইমের	n a i m e r	native
নাইর	n a i r	native
নাইরে	n a i r e	native
নাইরোবি	n a i r O b i	native
নাইরোবিতে	n a i r O b i t e	native
নাইরোবির	n a i r O b i r	native
নাইল	n a i l	native
নাইলন	n a i l o n	native
নাইলনের	n a i l o n e r	native
নাইলে	n a i l e	native
নাইস	n a i s	loanword
নাইসে	n a i sh e	native
নাইহান	n a i h a n	native
নাইয়া	n a i y a	native
নাইয়ার	n a i y a r	native
নাইয়্যা	n a i y a	native
নাউ	n a u	native
নাউমি	n a u m i	native
নাউরুর	n a u r u r	native
নাউড়ে	n a u r e	native
নাও	n a O	native
নাওকি	n a O k i	native
নাওজোর	n a O j O r	native
নাওজোড়	n a O j O r	native
নাওডুবা	n a O D u b a	native
নাওডোবা	n a O D O b a	native
নাওতো	n a O t O	native
নাওন	n a O n	native
নাওমি	n a O m i	native
নাওমির	n a O m i r	native
নাওম্মেদ	n a O mm e d	native
নাওয়া	n a O y a	native
নাওয়াল	n a O y a l	native
নাকচ	n a k O ch	native
নাকচও	n a k o ch O	native
নাকচের	n a k o ch e r	native
নাকটা	n a k T a	native
নাকদা	n a k d a	native
নাকফুলের	n a k ph u l e r	native
নাকবা	n a k b a	native
নাকশি	n a k sh i	native
নাকসাট	n a k sh a T	native
নাকা	n a k a	native
নাকানিচুবানি	n a k a n i ch u b a n i	native
নাকামুরা	n a k a m u r a	native
নাকামুরার	n a k a m u r a r	native
নাকারচি	n a k a r ch i	native
নাকাল	n a k a l	native
নাকালিয়া	n a k a l i y a	native
নাকাড়া	n a k a r a	native
নাকিস	n a k i sh	native
নাকুগা	n a k u g a	native
নাকুগাও	n a k u g a O	native
নাকুগাওয়ে	n a k u g a O y e	native
নাকে	n a k e	native
নাকের	n a k e r	native
নাকো	n a k O	native
নাখারা	n a kh a r a	native
নাখালপাড়া	n a kh a l p a r a	native
নাখালপাড়ার	n a kh a l p a r a r	native
নাখালপাড়ায়	n a kh a l p a r a y	native
নাখিল	n a kh i l	native
নাখুদা	n a kh u d a	native
নাখুশ	n a kh u sh	native
নাখেরাজ	n a kh O r a j	native
নাগপাশ	n a g p a sh	native
নাগপুর	n a g p u r	native
নাগপুরে	n a g p u r e	native
নাগপুরের	n a g p u r e r	native
নাগর	n a g O r	native
নাগরংগ	n a g r o ng g O	native
নাগরকোট	n a g O r k O T	native
নাগরদোলা	n a g O r d O l a	native
নাগরদোলার	n a g o r d O l a r	native
নাগরদোলায়	n a g o r d O l a y	native
নাগরপুর	n a g O r p u r	native
নাগরপুরে	n a g o r p u r e	native
নাগরপুরের	n a g o r p u r e r	native
নাগরা	n a g r a	native
নাগরাকাটা	n a g r a k a T a	native
নাগরাজ	n a g r a j	native
নাগরার	n a g r a r	native
নাগরি	n a g O r i	native
নাগরিকই	n a g O r i k i	native
নাগরিকও	n a g O r i k O	native
নাগরিককে	n a g O r i k k e	native
নাগরিককেই	n a g o r i k k e i	native
নাগরিককেও	n a g o r i k k e O	native
নাগরিকগন	n a g O r i k g o n	native
নাগরিকজিবনের	n a g o r i k j i b o n e r	native
নাগরিকত্বও	n a g o r i k o tt o O	tatsama
নাগরিকত্বকে	n a g o r i k o tt o k e	tatsama
নাগরিকত্বে	n a g o r i k o tt e	tatsama
নাগরিকত্বের	n a g O r i k o tt e r	tatsama
নাগরিকদেরই	n a g o r i k d e r i	native
নাগরিকদেরও	n a g O r i k d e r O	native
নাগরিকমাত্রই	n a g o r i k m a tr O i	native
নাগরিকরা	n a g O r i k r a	native
নাগরিকরাও	n a g O r i k r a O	native
নাগরিকসমাজ	n a g o r i k sh o m a j	native
নাগরিকসহ	n a g O r i k sh o h O	native
নাগরিকসুবিধা	n a g o r i k sh u b i dh a	native
নাগরিকসেবা	n a g o r i k sh e b a	native
নাগরিকসেবার	n a g o r i k sh e b a r	native
নাগরিকে	n a g o r i k e	native
নাগরিকের	n a g O r i k e r	native
নাগরিকেরই	n a g o r i k e r i	native
নাগরিকেরাই	n a g o r i k e r a i	native
নাগরিকেরাও	n a g o r i k e r a O	native
নাগরিয়া	n a g O r i y a	native
নাগা	n a g a	native
নাগাদ	n a g a d	native
নাগাদই	n a g a d o i	native
নাগাধিপা	n a g a dh i p a	native
নাগান্তক	n a g a nt o k	native
নাগারা	n a g a r a	native
নাগার্জুন	n a g a r j u n	native
নাগাল	n a g a l	native
নাগালে	n a g a l e	native
নাগালেই	n a g a l e i	native
নাগালের	n a g a l e r	native
নাগাল্যান্ড	n a g a l A n D	native
নাগাল্যান্ডে	n a g a l A n D e	native
নাগাসাকি	n a g a sh a k i	native
নাগাসাকিতে	n a g a sh a k i t e	native
নাগাসাকির	n a g a sh a k i r	native
নাগিনি	n a g i n i	native
নাগিব	n a g i b	native
নাগিবুল	n a g i b u l	native
নাগে	n a g e	native
নাগেট	n a g e T	native
নাগেন্দ্র	n a g e ndr O	native
নাগের	n a g e r	native
নাগেরপাড়া	n a g e r p a r a	native
নাগেশ	n a g e sh	native
নাগেশ্বর	n a g e sh sh o r	tatsama
নাগেশ্বরি	n a g e sh sh o r i	tatsama
নাগেশ্বরিতে	n a g e sh sh o r i t e	tatsama
নাগো	n a g O	native
নাগোয়া	n a g O y a	native
নাগড়া	n a g r a	native
নাচই	n a ch i	native
নাচও	n a ch O	native
নাচকে	n a ch k e	native
নাচগান	n a ch g a n	native
নাচগানে	n a ch g a n e	native
নাচঘর	n a ch gh o r	native
নাচছে	n a ch chh e	native
নাচটি	n a ch T i	native
নাচত	n a ch o t o	native
নাচতে	n a ch t e	native
নাচন	n a ch O n	native
নাচনা	n a ch n a	native
নাচনাপাড়া	n a ch n a p a r a	native
নাচবে	n a ch b e	native
নাচবেন	n a ch b e n	native
নাচল	n a ch l O	native
নাচলেন	n a ch l e n	native
নাচসহ	n a ch sh o h O	native
নাচা	n a ch a	native
নাচাতে	n a ch a t e	native
নাচানাচি	n a ch a n a ch i	native
নাচার	n a ch a r	native
নাচারি	n a ch a r i	native
নাচিয়ে	n a ch i y e	native
নাচেও	n a ch e O	native
নাচেন	n a ch e n	native
নাচের	n a ch e r	native
নাচো	n a ch O	native
নাচোল	n a ch O l	native
নাচোলে	n a ch O l e	native
নাছরিন	n a chh r i n	native
নাছিমকে	n a chh i m k e	native
নাছিমা	n a sh i m a	native
নাছিমাও	n a chh i m a O	native
নাছিমুল	n a chh i m u l	native
নাছিমের	n a chh i m e r	native
নাছিরউদ্দিন	n a chh i r u d d i n	native
নাছিরউদ্দিনের	n a chh i r u d d i n e r	compound
নাছিরনগর	n a chh i r n o g O r	native
নাছিরসহ	n a chh i r sh o h O	native
নাছিরুল	n a chh i r u l	native
নাছিরের	n a sh i r e r	native
নাছের	n a chh e r	native
নাছোর	n a chh O r	native
নাছোড়	n a chh O r	native
নাছোড়বান্দা	n a chh O r b a nd a	native
নাছোড়বান্দার	n a chh O r b a nd a r	native
নাজ	n a j	native
নাজওয়া	n a j O y a	native
নাজওয়ার	n a j O y a r	native
নাজনিন	n a j n i n	native
নাজনিনকে	n a j n i n k e	native
নাজনিনের	n a j n i n e r	native
নাজনে	n a j o n e	native
নাজমা	n a j m a	native
নাজমাকে	n a j m a k e	native
নাজমার	n a j m a r	native
নাজমি	n a j m i	native
নাজমিন	n a j m i n	native
নাজমুছ	n a j m u chh	native
নাজমুন	n a j m u n	native
নাজমুনের	n a j m u n e r	native
নাজমুন্নাহার	n a j m u nn a h a r	native
নাজমুল	n a j m u l	native
নাজমুলও	n a j m u l O	native
নাজমুলকে	n a j m u l k e	native
নাজমুলের	n a j m u l e r	native
নাজমুস	n a j m u sh	native
নাজরান	n a j r a n	native
নাজরানা	n a j r a n a	native
নাজরিন	n a j r i n	native
নাজরিনকে	n a j r i n k e	native
নাজরিনের	n a j r i n e r	native
নাজাই	n a j o i	native
নাজাকত	n a j a k o t	native
নাজাত	n a j a t	native
নাজাতের	n a j a t e r	native
নাজাম	n a j a m	native
নাজারবায়েভ	n a j a r b a y e bh	native
নাজায়েজ	n a j a y e j	native
নাজি	n a j i	native
নাজিদের	n a j i d e r	native
নাজিফা	n a j i ph a	native
নাজিবুর	n a j i b u r	native
নাজিবুল্লাহ	n a j i b u l l a h	native
নাজিবুল্লাহর	n a j i b u l l a h r	native
নাজিবের	n a j i b e r	native
নাজিম	n a j i m	native
নাজিমউদ্দিন	n a j i m u d d i n	native
নাজিমউদ্দিনকে	n a j i m u d d i n k e	compound
নাজিমউদ্দিনসহ	n a j i m u d d i n sh o h O	compound
নাজিমউদ্দিনের	n a j i m u d d i n e r	compound
নাজিমকে	n a j i m k e	native
নাজিমুদ্দিন	n a j i m u d d i n	native
নাজিমুল	n a j i m u l	native
নাজিমের	n a j i m e r	native
নাজির	n a j i r	native
নাজিরউদ্দিন	n a j i r u d d i n	native
নাজিরগঞ্জ	n a j i r g o nj	tatsama
নাজিরপাড়া	n a j i r p a r a	native
নাজিরপুর	n a j i r p u r	native
নাজিরশাইল	n a j i r sh a i l	native
নাজিরহাট	n a j i r h a T	native
নাজিরা	n a j i r a	native
নাজিরাবাজার	n a j i r a b a j a r	native
নাজিরারটেক	n a j i r a r T e k	native
নাজিরুদ্দিন	n a j i r u d d i n	native
নাজিরুল	n a j i r u l	native
নাজিরের	n a j i r e r	native
নাজিল	n a j i l	native
নাজিলকৃত	n a j i l k ri t o	tatsama
নাজিয়া	n a j i y a	native
নাজিয়াকে	n a j i y a k e	native
নাজিয়ার	n a j i y a r	native
নাজু	n a j u	native
নাজুক	n a j u k	native
নাজুকত	n a j u k o t	native
নাজুকতা	n a j u k o t a	native
নাজুকতার	n a j u k o t a r	native
নাজেম	n a j e m	native
নাজের	n a j e r	native
নাজেল	n a j e l	native
নাজেস	n a j e sh	native
নাজেহাল	n a j e h a l	native
নাজেহালের	n a j e h a l e r	native
নাজ্য	n a j j o	native
নাঞ্ছন	n a n chh o n	tatsama
নাট	n a T	native
নাটকও	n a T O k O	native
নাটককে	n a T O k k e	native
নাটকগুলো	n a T O k g u l O	native
নাটকগুলোতে	n a T o k g u l O t e	native
নাটকগুলোয়	n a T O k g u l O y o	native
নাটকজুড়ে	n a T o k j u r e	native
নাটকটা	n a T O k T a	native
নাটকটি	n a T O k T i	native
নাটকটিও	n a T o k T i O	native
নাটকটিকে	n a T o k T i k e	native
নাটকটিতে	n a T O k T i t e	native
নাটকটির	n a T O k T i r	native
নাটকিয়	n a T o k i y o	native
নাটকিয়তা	n a T o k i y o t a	native
নাটকিয়তার	n a T o k i y o t a r	native
নাটকিয়তায়	n a T o k i y o t a y	native
নাটকিয়ভাবে	n a T o k i y o bh a b e	native
নাটকিয়ভাবেই	n a T o k i y o bh a b e i	native
নাটকেই	n a T O k e i	native
নাটকেও	n a T O k e O	native
নাটকের	n a T O k e r	native
নাটকেরই	n a T o k e r i	native
নাটবল্টু	n a T b O l T u	native
নাটমন্ডলে	n a T m o n D o l	native
নাটা	n a T a	native
নাটাই	n a T a i	native
নাটাল	n a T a l	native
নাটিকা	n a T i k a	native
নাটির	n a T i r	native
নাটুকে	n a T u k e	native
নাটুকেপনা	n a T u k e p o n a	native
নাটুকেপনার	n a T u k e p o n a r	native
নাটে	n a T e	native
নাটোর	n a T O r	native
নাটোরসহ	n a T O r o sh o h O	native
নাটোরে	n a T O r e	native
নাটোরেও	n a T O r e O	native
নাটোরের	n a T O r e r	native
নাট্য	n a T T O	native
নাট্যকর্মি	n a T T O k o r m i	native
নাট্যকর্মিদের	n a T T O k o r m i d e r	compound
নাট্যকর্মির	n a T T O k o r m i r	native
নাট্যকর্মিরা	n a T T O k o r m i r a	native
নাট্যকলা	n a T T O k o l a	native
নাট্যকলার	n a T T O k o l a r	native
নাট্যকলায়	n a T T O k o l a y	native
নাট্যকার	n a T T O k a r	native
নাট্যকারের	n a T T O k a r e r	native
নাট্যকারেরা	n a T T O k a r e r a	native
নাট্যকেন্দ্র	n a T T O k e ndr o	native
নাট্যকেন্দ্রের	n a T T O k e ndr e r	compound
নাট্যগোশ্ঠি	n a T T O g O sh Th i	native
নাট্যগোশ্ঠির	n a T T O g O sh Th i r	native
নাট্যচক্রের	n a T T O ch o kr e r	native
নাট্যচর্চার	n a T T O ch o r ch a r	native
নাট্যজগতে	n a T T O j o g o t e	native
নাট্যজনদের	n a T T O j o n d e r	native
নাট্যজনে	n a T T O j o n e	native
নাট্যজনের	n a T T O j o n e r	native
নাট্যতত্ত্ব	n a T T O t o t t O	tatsama
নাট্যদল	n a T T O d o l	native
নাট্যদলগুলো	n a T T O d o l g u l O	native
নাট্যদলে	n a T T O d o l e	native
নাট্যদলের	n a T T O d o l e r	native
নাট্যদিবস	n a T T O d i b o sh	native
নাট্যধারার	n a T T O dh a r a r	native
নাট্যবিশয়ক	n a T T O b i sh o y o k	native
নাট্যব্যক্তিত্ব	n a T T O b A kt i t t O	tatsama
নাট্যভাবনার	n a T T O bh a b n a r	native
নাট্যমঞ্চ	n a T T O m o nch O	tatsama
নাট্যমঞ্চে	n a T T O m o nch e	tatsama
নাট্যমঞ্চের	n a T T O m o nch e r	tatsama
নাট্যরিতি	n a T T O r i t i	native
নাট্যরুপ	n a T T O r u p	native
নাট্যশালা	n a T T O sh a l a	native
নাট্যশালার	n a T T O sh a l a r	native
নাট্যশালায়	n a T T O sh a l a y	native
নাট্যশিল্পি	n a T T O sh i l p i	native
নাট্যসংগঠন	n a T T O sh o ng g o Th O n	native
নাট্যসংসদের	n a T T O sh o ng sh o d e r	native
নাট্যসম্প্রদায়	n a T T O sh o m p r o d a y	loanword
নাট্যসম্প্রদায়ে	n a T T O sh o m p r o d a y e	loanword
নাট্যসম্প্রদায়ের	n a T T O sh o m p r o d a y e r	loanword
নাট্যাংগন	n a T T a ng g o n	native
নাট্যাংগনের	n a T T a ng g o n e r	native
নাট্যাংশ	n a T T a ng sh O	native
নাট্যোৎসব	n a T T O t sh o b	native
নাট্যোৎসবে	n a T T O t sh o b	native
নাট্যোৎসবের	n a T T O t sh o b e r	native
নাত	n a t	native
নাতক	n a t O k	native
নাতনিকে	n a t n i k e	native
নাতনির	n a t n i r	native
নাতনিরা	n a t n i r a	native
নাতনিসহ	n a t n i sh o h O	native
নাতাউত	n a t a u t	native
নাতাঞ্জ	n a t a nj o	tatsama
নাতালিয়া	n a t a l i y a	native
নাতালে	n a t a l e	native
নাতাশার	n a t a sh a r	native
নাতিও	n a t i O	native
নাতিটা	n a t i T a	native
নাতিটিকে	n a t i T i k e	native
নাতিদির্ঘ	n a t i d i r gh O	native
নাতিদের	n a t i d e r	native
নাতির	n a t i r	native
নাতিরা	n a t i r a	native
নাতিশিতোশ্ন	n a t i sh i t O sh n O	native
নাতিসহ	n a t i sh o h O	native
নাতো	n a t O	native
নাত্তাউত	n a tt a u t o	native
নাথ	n a th	native
নাথকে	n a th k e	native
নাথা	n a th a	native
নাথান	n a th a n	native
নাথিং	n a th i ng	native
নাথু	n a th u	native
নাথুয়ারডাংগা	n a th u y a r D a ng g a	native
নাদ	n a d	native
নাদনি	n a d n i	native
নাদা	n a d a	native
নাদান	n a d a n	native
নাদাল	n a d a l	native
নাদালই	n a d a l i	native
নাদালও	n a d a l O	native
নাদালেরই	n a d a l e r i	native
নাদাস্বরাম	n a d a sh o r a m o	tatsama
নাদি	n a d i	native
নাদিন	n a d i n	native
নাদিফ	n a d i ph	native
নাদিব	n a d i b	native
নাদিমকে	n a d i m k e	native
নাদিমুজ্জামান	n a d i m u j j a m a n	compound
নাদিমের	n a d i m e r	native
নাদিরা	n a d i r a	native
নাদিরুজ্জামানকে	n a d i r u j j a m a n k e	compound
নাদিয়া	n a d i y a	native
নাদিয়াকে	n a d i y a k e	native
নাদিয়ার	n a d i y a r	native
নাদুস	n a d u sh	native
নাদুসনুদুস	n a d u sh n u d u sh	native
নাদের	n a d e r	native
নাদেরা	n a d e r a	native
নাদেলা	n a d e l a	native
নান	n a n	native
নানক	n a n O k	native
নানকর	n a n k o r	native
নানকশাহি	n a n O k sh a h i	native
নানকশাহির	n a n o k sh a h i r	native
নানকসহ	n a n o k sh o h O	native
নানকার	n a n k a r	native
নানকের	n a n O k e r	native
নানখাতাই	n a n kh a t a i	native
নানজিং	n a n j i ng	native
নানবাই	n a n b a i	native
নানরুটি	n a n r u T i	native
নানশ্রি	n a n o sh r i	native
নানাকে	n a n a k e	native
নানাজনে	n a n a j o n e	native
নানাজনের	n a n a j o n e r	native
নানাজান	n a n a j a n	native
নানাজানের	n a n a j a n e r	native
নানাদিক	n a n a d i k	native
নানাধরনের	n a n a dh o r O n e r	native
নানানভাবে	n a n a n bh a b e	native
নানাপ্রকার	n a n a pr O k a r	native
নানাবতি	n a n a b o t i	native
নানাবাড়ি	n a n a b a r i	native
নানাবাড়ি	n a n a b a r i	native
নানাবাড়িতে	n a n a b a r i t e	native
নানাভাই	n a n a bh a i	native
নানাভাইয়ের	n a n a bh a i y e r	native
নানাভাবে	n a n a bh a b e	native
নানাভাবেই	n a n a bh a b e i	native
নানামাত্রিক	n a n a m a tr i k	native
নানামুখি	n a n a m u kh i	native
নানার	n a n a r	native
নানারুপ	n a n a r u p	native
নানারুপে	n a n a r u p e	native
নানাসাহেব	n a n a sh a h e b	native
নানায়	n a n a y	native
নানায়াক্কারা	n a n a y a k k a r a	native
নানি	n a n i	native
নানিকে	n a n i k e	native
নানিয়ারচর	n a n i y a r ch o r	native
নানু	n a n u	native
নানুর	n a n u r	native
নানের	n a n e r	native
নান্টু	n a n T u	native
নান্টুর	n a n T u r	native
নান্দনিক	n a nd O n i k	native
নান্দনিকতা	n a nd O n i k o t a	native
নান্দনিকতার	n a nd O n i k o t a r	native
নান্দাইল	n a nd a i l	native
নান্দাইলদিঘি	n a nd a i l d i gh i	native
নান্দাইলে	n a nd a i l e	native
নান্দাইলের	n a nd a i l e r	native
নান্দি	n a nd i	native
নান্দিনা	n a nd i n a	native
নান্দে	n a nd e	native
নান্না	n a nn a	native
নান্নার	n a nn a r	native
নান্নু	n a nn u	native
নাপাক	n a p a k	native
নাপান	n a p a n	native
নাপানো	n a p a n O	native
নাপালি	n a p a l i	native
নাপিতখালি	n a p i t kh a l i	native
নাপিতের	n a p i t e r	native
নাপোলিকে	n a p O l i k e	native
নাপোলিতে	n a p O l i t e	native
নাপোলির	n a p O l i r	native
নাপ্পি	n a p p i	native
নাফ	n a ph	native
নাফরমান	n a ph o r m a n	native
নাফরমানি	n a ph o r m a n i	native
নাফরা	n a ph r a	native
নাফা	n a ph a	native
নাফাখুম	n a ph a kh u m	native
নাফাখুমের	n a ph a kh u m e r	native
নাফানি	n a ph a n i	native
নাফিজ	n a ph i j	native
নাফিজা	n a ph i j a	native
নাফিজের	n a ph i j e r	native
নাফিস	n a ph i sh	native
নাফিসও	n a ph i sh O	native
নাফিসকে	n a ph i sh k e	native
নাফিসা	n a ph i sh a	native
নাফিসের	n a ph i sh e r	native
নাফিয়া	n a ph i y a	native
নাফুসা	n a ph u sh a	native
নাব	n a b O	native
নাবতাক্ষেনি	n a b o t t a kkh e n i	tatsama
নাবাই	n a b a i	native
নাবাধ্যক্ষ	n a b a d dh O kkh O	tatsama
নাবাল	n a b a l	native
নাবালকের	n a b a l O k e r	native
নাবালিকা	n a b a l i k a	native
নাবালিকাকে	n a b a l i k a k e	native
নাবালিকার	n a b a l i k a r	native
নাবালেগ	n a b a l e g	native
নাবি	n a b i	native
নাবিককে	n a b i k k e	native
নাবিকদের	n a b i k d e r	native
নাবিকরা	n a b i k r a	native
নাবিকসহ	n a b i k sh o h O	native
নাবিকের	n a b i k e r	native
নাবিকেরা	n a b i k e r a	native
নাবিল	n a b i l	native
নাবিলার	n a b i l a r	native
নাবিলের	n a b i l e r	native
নাবিস্কো	n a b i s k O	loanword
নাবুদ	n a b u d	native
নাবুড়ি	n a b u r i	native
নাব্য	n a b b O	native
নাব্যতা	n a b b O t a	native
নাব্যতার	n a b b o t a r	native
নাব্যতাসংকট	n a b b o t a sh o ng k o T	native
নাব্যতাসংকটের	n a b b o t a sh o ng k o T e r	compound
নাবড়	n a b O r	native
নাভা	n a bh a	native
নাভানা	n a bh a n a	native
নাভানার	n a bh a n a r	native
নাভারন	n a bh a r O n	native
নাভারেত	n a bh a r e t	native
নাভারেতের	n a bh a r e t e r	native
নাভাল	n a bh a l	native
নাভালনি	n a bh a l n i	native
নাভাস	n a bh a sh	native
নাভিদ	n a bh i d	native
নাভিদের	n a bh i d e r	native
নাভিন	n a bh i n	native
নাভিলা	n a bh i l a	native
নাভিশ্বাস	n a bh i sh sh a sh	tatsama
নাভেদ	n a bh e d	native
নাভ্রাতিলোভা	n a bh r a t i l O bh a	native
নামই	n a m i	native
নামক	n a m O k	native
নামকরনও	n a m k o r O n O	native
নামকরনে	n a m k o r O n e	native
নামকরনের	n a m k o r O n e r	native
নামকরা	n a m k o r a	native
নামকস্থানে	n a m O k sth a n e	native
নামকাওয়াস্তে	n a m k a O y a st e	native
নামকে	n a m k e	native
নামখানা	n a m kh a n a	native
নামগিয়েল	n a m g i y e l	native
নামগুলো	n a m g u l O	native
নামগুলোই	n a m g u l O i	native
নামগুলোও	n a m g u l O O	native
নামগুলোর	n a m g u l O r	native
নামছিলেন	n a m chh i l e n	native
নামছে	n a m chh e	native
নামজাদা	n a m j a d a	native
নামজারি	n a m j a r i	native
নামজারিতে	n a m j a r i t e	native
নামজারির	n a m j a r i r	native
নামজুক্ত	n a m j u kt O	native
নামঞ্জুর	n a m O nj u r	tatsama
নামটা	n a m T a	native
নামটাই	n a m T a i	native
নামটার	n a m T a r	native
নামটি	n a m T i	native
নামটিই	n a m T i i	native
নামটিকে	n a m T i k e	native
নামটির	n a m T i r	native
নামডাক	n a m D a k	native
নামত	n a m t O	native
নামতা	n a m t a	native
নামতাম	n a m t a m	native
নামতেই	n a m t e i	native
নামতেন	n a m t e n	native
নামদা	n a m d a	native
নামদার	n a m d a r	native
নামধাম	n a m dh a m	native
নামধারি	n a m dh a r i	native
নামধারিদের	n a m dh a r i d e r	native
নামধারিরা	n a m dh a r i r a	native
নামনা	n a m n a	native
নামপত্র	n a m p o tr O	native
নামপত্রে	n a m p o tr e	native
নামফলক	n a m ph o l O k	native
নামফলকটি	n a m ph o l o k T i	native
নামফলকে	n a m ph o l o k e	native
নামফলকের	n a m ph o l o k e r	native
নামব	n a m b O	native
নামবদল	n a m b o d o l	native
নামবদলের	n a m b o d o l e r	native
নামবার	n a m b a r	native
নামবেন	n a m b e n	native
নামবো	n a m b O	native
নামভুমিকায়	n a m bh u m i k a y	native
নামমাত্রই	n a m m a tr o i	native
নামরিন	n a m r i n	native
নামল	n a m l O	native
নামলা	n a m l a	native
নামলাম	n a m l a m	native
নামলে	n a m l e	native
নামলেই	n a m l e i	native
নামলেও	n a m l e O	native
নামলেন	n a m l e n	native
নামলো	n a m l O	native
নামসর্বস্ব	n a m sh o r b o sh sh O	tatsama
নামসহ	n a m sh o h O	native
নামহিন	n a m h i n	native
নামহিনতার	n a m h i n o t a r	native
নামা	n a m a	native
নামাংক	n a m a ng k O	native
নামাংকিত	n a m a ng k i t o	native
নামাই	n a m a i	native
নামাচ্ছে	n a m a ch chh e	native
নামাচ্ছেন	n a m a ch chh e n	native
নামাজও	n a m a j O	native
নামাজকে	n a m a j k e	native
নামাজটা	n a m a j T a	native
নামাজি	n a m a j i	native
নামাজে	n a m a j e	native
নামাজের	n a m a j e r	native
নামাতেই	n a m a t e i	native
নামান	n a m a n	native
নামাননি	n a m a n n i	native
নামানুশ	n a m a n u sh	native
নামানুশাসন	n a m a n u sh a sh O n	native
নামানুসারে	n a m a n u sh a r e	native
নামানুসারেই	n a m a n u sh a r e i	native
নামানোই	n a m a n O i	native
নামানোয়	n a m a n O y	native
নামাপাড়া	n a m a p a r a	native
নামাপাড়ার	n a m a p a r a r	native
নামাবলি	n a m a b o l i	native
নামাবে	n a m a b e	native
নামাবেন	n a m a b e n	native
নামার	n a m a r	native
নামারও	n a m a r O	native
নামাল	n a m a l O	native
নামালে	n a m a l e	native
নামালেন	n a m a l e n	native
নামায়	n a m a y	native
নামায়নি	n a m a y n i	native
নামি	n a m i	native
নামিক	n a m i k	native
নামিদামি	n a m i d a m i	native
নামিনি	n a m i n i	native
নামিবিয়া	n a m i b i y a	native
নামিবিয়ার	n a m i b i y a r	native
নামিয়	n a m i y o	native
নামিয়ে	n a m i y e	native
নামিয়েও	n a m i y e O	native
নামিয়েছিলেন	n a m i y e chh i l e n	native
নামিয়েছে	n a m i y e chh e	native
নামিয়েছেন	n a m i y e chh e n	native
নামুন	n a m u n	native
নামে	n a m e	native
নামেই	n a m e i	native
নামেও	n a m e O	native
নামেন	n a m e n	native
নামেনি	n a m e n i	native
নামেমাত্র	n a m e m a tr O	native
নামের	n a m e r	native
নামো	n a m O	native
নামোচ্চারন	n a m O ch ch a r O n	native
নামোল্লেখ	n a m O l l e kh	native
নামোল্লেখসহ	n a m O l l e kh sh o h O	native
নামোৎসব	n a m O t sh o b	native
নাম্নি	n a m n i	native
নাম্ব	n a mb O	native
নাম্বার	n a mb a r	native
নাম্বারটি	n a mb a r T i	native
নাম্বারস	n a mb a r s	loanword
নাম্বারসের	n a mb a r s e r	loanword
নার	n a r	native
নারকলি	n a r k o l i	native
নারকি	n a r o k i	native
নারকিনি	n a r k i n i	native
নারকিয়	n a r O k i y O	native
নারকেল	n a r k e l	native
নারকেলগাছ	n a r k e l g a chh	native
নারকেলগাছের	n a r k e l g a chh e r	native
নারকেলবাটা	n a r k e l b a T a	native
নারকেলবাড়িয়া	n a r k e l b a r i y a	native
নারকোটিক	n a r k O T i k	native
নারগিস	n a r g i sh	native
নারদ	n a r O d	native
নারসিংহ	n a r O sh i ng h O	native
নারা	n a r a	native
নারাংগি	n a r a ng g i	native
নারাইন	n a r a i n	native
নারাইনকে	n a r a i n k e	native
নারাইনের	n a r a i n e r	native
নারাচ	n a r a ch	native
নারাজ	n a r a j	native
নারাজি	n a r a j i	native
নারাজির	n a r a j i r	native
নারার	n a r a r	native
নারায়ন	n a r a y O n	native
নারায়নকে	n a r a y o n k e	native
নারায়নগঞ্জ	n a r a y o n g o nj	tatsama
নারায়নগঞ্জকে	n a r a y o n g o nj k e	tatsama
নারায়নগঞ্জগামি	n a r a y o n g o nj g a m i	compound
নারায়নগঞ্জবাসি	n a r a y o n g o nj b a sh i	compound
নারায়নগঞ্জবাসিকে	n a r a y o n g o nj b a sh i k e	compound
নারায়নগঞ্জবাসির	n a r a y o n g o nj b a sh i r	compound
নারায়নগঞ্জসহ	n a r a y o n g o nj sh o h O	tatsama
নারায়নগঞ্জে	n a r a y o n g o nj e	tatsama
নারায়নগঞ্জের	n a r a y o n g o nj e r	tatsama
নারায়নচন্দ্র	n a r a y o n ch o ndr o	native
নারায়নন	n a r a y o n o n	native
নারায়ননের	n a r a y o n o n e r	native
নারায়নপুর	n a r a y o n p u r	native
নারায়নপুরসহ	n a r a y o n p u r sh o h O	native
নারায়নের	n a r a y o n e r	native
নারায়ে	n a r a y e	native
নারিই	n a r i i	native
নারিও	n a r i O	native
নারিকন্ঠ	n a r i k o n Th o	native
নারিকন্ঠের	n a r i k o n Th e r	native
নারিকর্মি	n a r i k o r m i	native
নারিকর্মিদের	n a r i k o r m i d e r	native
নারিকর্মির	n a r i k o r m i r	native
নারিকর্মিরা	n a r i k o r m i r a	native
নারিকে	n a r i k e	native
নারিকেই	n a r i k e i	native
নারিকেও	n a r i k e O	native
নারিকেন্দ্রিক	n a r i k e ndr i k	compound
নারিকেলের	n a r i k e l e r	native
নারিগন	n a r i g o n	native
নারিগ্রন্থ	n a r i gr o n th o	native
নারিঘটিত	n a r i gh O T i t O	native
নারিজাতির	n a r i j a t i r	native
নারিটি	n a r i T i	native
নারিটিকে	n a r i T i k e	native
নারিটির	n a r i T i r	native
নারিতা	n a r i t a	native
নারিতে	n a r i t e	native
নারিত্ব	n a r i tt O	tatsama
নারিত্বের	n a r i tt e r	tatsama
নারিদের	n a r i d e r	native
নারিদেরই	n a r i d e r i	native
নারিদেরও	n a r i d e r O	native
নারিদেরকে	n a r i d e r k e	native
নারিদেহের	n a r i d e h e r	native
নারিন	n a r i n	native
নারিনকে	n a r i n k e	native
নারিনিতি	n a r i n i t i	native
নারিনিতিকে	n a r i n i t i k e	native
নারিনিতিটি	n a r i n i t i T i	native
নারিনিতিতে	n a r i n i t i t e	native
নারিনিতির	n a r i n i t i r	native
নারিনেত্রি	n a r i n e tr i	native
নারিনেত্রিদের	n a r i n e tr i d e r	compound
নারিনেত্রির	n a r i n e tr i r	native
নারিনেত্রিরা	n a r i n e tr i r a	native
নারিনের	n a r i n e r	native
নারিন্দার	n a r i nd a r	native
নারিপক্ষের	n a r i p o kkh e r	tatsama
নারিপুরুশ	n a r i p u r u sh	native
নারিপ্রধান	n a r i pr O dh a n	native
নারিপ্রার্থি	n a r i pr a r th i	native
নারিবাদ	n a r i b a d	native
নারিবাদি	n a r i b a d i	native
নারিবাদিদের	n a r i b a d i d e r	native
নারিবাদিরা	n a r i b a d i r a	native
নারিবান্ধব	n a r i b a ndh o b	tatsama
নারিবিদ্বেশি	n a r i b i d d e sh i	native
নারিবিরোধি	n a r i b i r O dh i	native
নারিবিশয়ক	n a r i b i sh o y o k	native
নারিমঞ্চ	n a r i m o nch o	tatsama
নারিমঞ্চে	n a r i m o nch e	tatsama
নারিমঞ্চের	n a r i m o nch e r	tatsama
নারিমুক্তি	n a r i m u kt i	native
নারিমুক্তির	n a r i m u kt i r	native
নারিমুর্তি	n a r i m u r t i	native
নারির	n a r i r	native
নারিরই	n a r i r i	native
নারিরও	n a r i r O	native
নারিরা	n a r i r a	native
নারিরাই	n a r i r a i	native
নারিরাও	n a r i r a O	native
নারিশ	n a r i sh	native
নারিশিক্ষা	n a r i sh i kkh a	tatsama
নারিশিক্ষার	n a r i sh i kkh a r	tatsama
নারিশ্রমিক	n a r i sh r O m i k	native
নারিশ্রমিককে	n a r i sh r o m i k k e	native
নারিশ্রমিকদের	n a r i sh r o m i k d e r	compound
নারিশ্রমিকসহ	n a r i sh r o m i k sh o h O	native
নারিশ্রমিকের	n a r i sh r o m i k e r	native
নারিশ্রমিকেরা	n a r i sh r o m i k e r a	compound
নারিসদস্য	n a r i sh o d o sh sh O	native
নারিসদস্যদের	n a r i sh o d o sh sh O d e r	native
নারিসমাজ	n a r i sh o m a j	native
নারিসমাজও	n a r i sh o m a j O	native
নারিসমাজকে	n a r i sh o m a j k e	native
নারিসমাজের	n a r i sh o m a j e r	native
নারিসহ	n a r i sh o h O	native
নারিস্বাস্থ্য	n a r i sh a s th O	tatsama
নারিস্বাস্থ্যের	n a r i sh a s th e r	tatsama
নারে	n a r e	native
নার্গিসকে	n a r g i sh k e	native
নার্গিসের	n a r g i sh e r	native
নার্ভ	n a r bh	native
নার্ভাসনেস	n a r bh a s n e s	loanword
নার্সকে	n a r s k e	loanword
নার্সদের	n a r s d e r	loanword
নার্সসহ	n a r sh sh o h O	native
নার্সারিগুলোতে	n a r s a r i g u l O t e	compound
নার্সারিতে	n a r s a r i t e	loanword
নার্সারির	n a r s a r i r	loanword
নার্সিং	n a r s i ng	loanword
নার্সিংহোমের	n a r s i ng h O m e r	loanword
নার্সিসাস	n a r s i s a s	proper_noun
নার্সের	n a r s e r	loanword
নার্সেস	n a r s e s	loanword
নালতা	n a l t a	native
নালতে	n a l t e	native
নালন্দার	n a l O nd a r	native
নালবংশ	n a l b o ng sh O	native
নালবান্দিয়ানের	n a l b a nd i y a n e r	compound
নালা	n a l a	native
নালাগুলো	n a l a g u l O	native
নালার	n a l a r	native
নালায়	n a l a y	native
নালিচা	n a l i ch a	native
নালিতাবাড়ি	n a l i t a b a r i	native
নালিতাবাড়ির	n a l i t a b a r i r	native
নালিম	n a l i m o	native
নালির	n a l i r	native
নালিশ	n a l i sh	native
নালিশও	n a l i sh O	native
নালিশি	n a l i sh i	native
নালিশের	n a l i sh e r	native
নাশক	n a sh O k	native
নাশকতাকারি	n a sh O k o t a k a r i	native
নাশকতাকারিদের	n a sh O k o t a k a r i d e r	compound
নাশকতাকারিরা	n a sh O k o t a k a r i r a	native
নাশকতামুলক	n a sh O k o t a m u l O k	native
নাশকতার	n a sh O k o t a r	native
নাশকতায়	n a sh o k o t a y	native
নাশতাটা	n a sh t a T a	native
নাশতায়	n a sh t a y	native
নাশপাতি	n a sh p a t i	native
নাশফিয়া	n a sh ph i y a	native
নাশা	n a sh a	native
নাশিত	n a sh i t	native
নাশিদ	n a sh i d	native
নাশিদকে	n a sh i d k e	native
নাশ্তা	n a sh t a	native
নাশ্য	n a sh sh o	native
নাসপাতি	n a sh p a t i	native
নাসফিয়া	n a sh ph i y a	native
নাসরাল্লাহ	n a sh r a l l a h	native
নাসরি	n a sh r i	native
নাসরিনকে	n a sh r i n k e	native
নাসরিনা	n a sh r i n a	native
নাসরিনে	n a sh r i n e	native
নাসরিনের	n a sh r i n e r	native
নাসরির	n a sh r i r	native
নাসরুল্লাহ	n a sh r u l l a h	native
নাসা	n a sh a	native
নাসাই	n a sh a i	native
নাসাউ	n a sh a u	native
নাসাকা	n a sh a k a	native
নাসাকার	n a sh a k a r	native
নাসারা	n a sh a r a	native
নাসায়	n a sh a y	native
নাসি	n a sh i	native
নাসিং–হোম	n a r sh i ng h O m	native
নাসিক	n a sh i k	native
নাসিকা	n a sh i k a	native
নাসিদের	n a sh i d e r	native
নাসিফ	n a sh i ph	native
নাসিম	n a sh i m	native
নাসিমউদ্দিন	n a sh i m u d d i n	native
নাসিমকে	n a sh i m k e	native
নাসিমন	n a sh i m o n	native
নাসিমা	n a sh i m a	native
নাসিমাকে	n a sh i m a k e	native
নাসিমার	n a sh i m a r	native
নাসিমুন	n a sh i m u n	native
নাসিমুল	n a sh i m u l	native
নাসিমেন্তো	n a sh i m e nt O	native
নাসিমের	n a sh i m e r	native
নাসির	n a sh i r	native
নাসিরউদ্দিন	n a sh i r u d d i n	native
নাসিরউদ্দিনকে	n a sh i r u d d i n k e	compound
নাসিরউদ্দিনের	n a sh i r u d d i n e r	compound
নাসিরও	n a sh i r O	native
নাসিরকে	n a sh i r k e	native
নাসিরদের	n a sh i r d e r	native
নাসিরনগর	n a sh i r n o g O r	native
নাসিরপুর	n a sh i r p u r	native
নাসিররা	n a sh i r r a	native
নাসিরসহ	n a sh i r sh o h O	native
নাসিরাবাদ	n a sh i r a b a d	native
নাসিরাবাদের	n a sh i r a b a d e r	native
নাসিরুজ্জামান	n a sh i r u j j a m a n	compound
নাসিরুদ্দিন	n a sh i r u d d i n	native
নাসিরুল্লাহ	n a sh i r u l l a h	native
নাসিরের	n a sh i r e r	native
নাসের	n a sh e r	native
নাসেরকে	n a sh e r k e	native
নাসেরের	n a sh e r e r	native
নাস্তাখাস্তা	n a st a kh a st a	native
নাস্তানাবুদ	n a st a n a b u d	native
নাস্তার	n a st a r	native
নাস্তি	n a st i	native
নাস্তিক	n a st i k	native
নাস্তিকতা	n a st i k o t a	native
নাস্তিকের	n a st i k e r	native
নাস্তিক্যবাদি	n a st i k k O b a d i	compound
নাহ	n a h	native
নাহই	n a h O i	native
নাহক	n a h o k	native
নাহরিন	n a h r i n	native
নাহল	n a h o l	native
নাহলা	n a h l a	native
নাহা	n a h a	native
নাহাদা	n a h a d a	native
নাহার	n a h a r	native
নাহারও	n a h a r O	native
নাহারকে	n a h a r k e	native
নাহারসহ	n a h a r sh o h O	native
নাহারের	n a h a r e r	native
নাহি	n a h i	native
নাহিদ	n a h i d	native
নাহিদসহ	n a h i d sh o h O	native
নাহিদা	n a h i d a	native
নাহিদুজ্জামান	n a h i d u j j a m a n	compound
নাহিদুর	n a h i d u r	native
নাহিদুল	n a h i d u l	native
নাহিম	n a h i m	native
নাহিয়ান	n a h i y a n	native
নাহিয়ানের	n a h i y a n e r	native
নাহুম	n a h u m	native
নাহ্	n a h	native
নাহয়	n a h o y	native
না্ম	n a m	native
নাৎনি	n a t n i	native
নাৎসি	n a t sh i	native
নাৎসিদের	n a t sh i d e r	native
নাৎসিরা	n a t sh i r a	native
নাড়	n a r a	native
নাড়ছিলেন	n a r chh i l e n	native
নাড়ছে	n a r chh e	native
নাড়ছেন	n a r chh e n	native
নাড়তে	n a r t e	native
নাড়ল	n a r l O	native
নাড়লাম	n a r l a m	native
নাড়লে	n a r l e	native
নাড়লেন	n a r l e n	native
নাড়া	n a r a	native
নাড়াই	n a r a i	native
নাড়াইছড়ি	n a r a i chh o r i	native
নাড়াচাড়া	n a r a ch a r a	native
নাড়াচাড়ার	n a r a ch a r a r	native
নাড়াতে	n a r a t e	native
নাড়ানো	n a r a n O	native
নাড়ানোর	n a r a n O r	native
নাড়াবুনে	n a r a b u n e	native
নাড়ার	n a r a r	native
নাড়ি	n a r i	native
নাড়িছেড়া	n a r i chh e r a	native
নাড়িতে	n a r i t e	native
নাড়িভুড়ি	n a r i bh u r i	native
নাড়ির	n a r i r	native
নাড়িয়াগোদাই	n a r i y a g O d a i	native
নাড়িয়ে	n a r i y e	native
নাড়ু	n a r u	native
নাড়ুন	n a r u n	native
নাড়ে	n a r e	native
নাড়েন	n a r e n	native
নায়	n a y	native
নায়ক	n a y O k	native
নায়কই	n a y o k i	native
নায়কও	n a y o k O	native
নায়ককে	n a y o k k e	native
নায়কদের	n a y o k d e r	native
নায়করাজ	n a y o k r a j	native
নায়কিয়	n a y O k i y O	native
নায়কে	n a y o k e	native
নায়কের	n a y o k e r	native
নায়কেরা	n a y o k e r a	native
নায়কোচিত	n a y k O ch i t o	native
নায়নার্স	n a y n a r sh	native
নায়র	n a y O r	native
নায়রি	n a y r i	native
নায়লা	n a y l a	native
নায়াগ্রা	n a y a gr a	native
নায়ার	n a y a r	native
নায়ারের	n a y a r e r	native
নায়িকা	n a y i k a	native
নায়িকাই	n a y i k a i	native
নায়িকাও	n a y i k a O	native
নায়িকাকে	n a y i k a k e	native
নায়িকাদের	n a y i k a d e r	native
নায়িকার	n a y i k a r	native
নায়িকারা	n a y i k a r a	native
নায়েক	n a y e k	native
নায়েফ	n a y e ph	native
নায়েফকে	n a y e ph k e	native
নায়েফের	n a y e ph e r	native
নায়েব	n a y e b	native
নায়েবে	n a y e b e	native
নায়েবের	n a y e b e r	native
নায়েম	n a y e m	native
নায়েমের	n a y e m e r	native
না–চিজ	n a ch i j	native
না–দুরস্ত	n a d u r O st O t	native
না’আত	n a t	native
নি	n i	native
নিংগড়ান	n i ng g r a n O	native
নিংড়ানো	n i ng r a n O	native
নিংড়ে	n i ng r e	native
নিঃ	n i h	tatsama
নিঃশংকচিত্তে	n i sh sh o ng k o ch i tt e	tatsama
নিঃশব্দ	n i sh sh o b d O	tatsama
নিঃশর্তে	n i sh sh o r t e	tatsama
নিঃশেশ	n i sh sh e sh	tatsama
নিঃশেশিত	n i sh sh e sh i t O	tatsama
নিঃশেশে	n i sh sh e sh e	tatsama
নিঃশ্বাস	n i sh sh a sh	tatsama
নিঃশ্বাসে	n i sh sh a sh e	tatsama
নিঃশ্বাসেই	n i sh sh a sh e i	tatsama
নিঃশ্বাসের	n i sh sh a sh e r	tatsama
নিঃসংকোচ	n i sh sh o ng k O ch	tatsama
নিঃসংকোচে	n i sh sh o ng k O ch e	tatsama
নিঃসংগ	n i sh sh o ng g o	tatsama
নিঃসংগতা	n i sh sh o ng g o t a	tatsama
নিঃসংগতার	n i sh sh o ng g o t a r	tatsama
নিঃসংশয়	n i sh sh o ng sh o y	tatsama
নিঃসন্তান	n i sh sh o nt a n	tatsama
নিঃসন্দেহে	n i sh sh o nd e h e	tatsama
নিঃসন্দেহেই	n i sh sh o nd e h e i	tatsama
নিঃসম্বল	n i sh sh o mb o l	tatsama
নিঃসরন	n i sh sh o r O n	tatsama
নিঃসরনকারি	n i sh sh o r O n k a r i	tatsama
নিঃসরনে	n i sh sh o r O n e	tatsama
নিঃসরনের	n i sh sh o r O n e r	tatsama
নিঃসরিত	n i sh sh O r i t O	tatsama
নিঃসৃত	n i sh r i t O	tatsama
নিঃস্ব	n i sh sh O	tatsama
নিঃস্বপ্রায়	n i sh sh o pr a y	tatsama
নিঃস্বার্থ	n i sh sh a r th O	tatsama
নিঅলি	n i O l i	native
নিঅড়	n i y o r o	native
নিআ	n i y a	native
নিই	n i i	native
নিইনি	n i i n i	native
নিউ	n i u	native
নিউইর্য়ক	n i u i y o r k	native
নিউইয়র্ক	n i u i o r k	native
নিউইয়র্কবাসিকে	n i u i y o r k b a sh i k e	compound
নিউইয়র্কভিত্তিক	n i u i y o r k bh i tt i k	compound
নিউইয়র্কসহ	n i u i y o r k sh o h O	native
নিউইয়র্কার	n i u i y o r k a r	native
নিউইয়র্কে	n i u i y o r k e	native
নিউইয়র্কেই	n i u i y o r k e i	native
নিউইয়র্কেও	n i u i y o r k e O	native
নিউইয়র্কের	n i u i y o r k e r	native
নিউএজ	n i u e j	native
নিউওয়ে	n i u O y e	native
নিউক্যাসল	n i u k A s o l	proper_noun
নিউক্যাসলের	n i u k A s o l e r	proper_noun
নিউক্যাসেল	n i u k A s e l	proper_noun
নিউক্যাসেলের	n i u k A s e l e r	proper_noun
নিউক্লিওলাস	n i u kl i O l a s	loanword
নিউক্লিক	n i u kl i k	native
নিউক্লিয়	n i u kl i O	native
নিউক্লিয়ার	n i u kl i y a r	native
নিউক্লিয়াস	n i u kl i y a s	loanword
নিউক্লিয়াসের	n i u kl i y a s e r	loanword
নিউগিনি	n i u g i n i	native
নিউগিনিতে	n i u g i n i t e	native
নিউগিনির	n i u g i n i r	native
নিউজ	n i u j	native
নিউজউইক	n i u j u i k	native
নিউজকে	n i u j k e	native
নিউজপেপার	n i u j p e p a r	native
নিউজপেপারস	n i u j p e p a r s	loanword
নিউজপোর্টাল	n i u j p O r T a l	native
নিউজপ্রিন্ট	n i u j pr i n T	loanword
নিউজপ্রিন্টের	n i u j pr i n T e r	compound
নিউজলেটার	n i u j l e T a r	native
নিউজসহ	n i u j sh o h O	native
নিউজার্সি	n i u j a r s i	proper_noun
নিউজার্সিতে	n i u j a r s i t e	proper_noun
নিউজার্সির	n i u j a r s i r	proper_noun
নিউজিল্যন্ড	n i u j i l A n D	native
নিউজিল্যান্ড	n i u j i l A n D	native
নিউজিল্যান্ডই	n i u j i l A n D i	compound
নিউজিল্যান্ডও	n i u j i l A n D O	compound
নিউজিল্যান্ডকে	n i u j i l A n D k e	compound
নিউজিল্যান্ডসহ	n i u j i l A n D sh o h O	compound
নিউজিল্যান্ডে	n i u j i l A n D e	compound
নিউজিল্যান্ডের	n i u j i l A n D e r	compound
নিউজে	n i u j e	native
নিউজের	n i u j e r	native
নিউট	n i u T	native
নিউটন	n i u T o n	native
নিউটনের	n i u T o n e r	native
নিউট্রন	n i u T r o n	loanword
নিউট্রাল	n i u T r a l	loanword
নিউট্রালিটি	n i u T r a l i T i	loanword
নিউট্রালিটির	n i u T r a l i T i r	loanword
নিউট্রিনো	n i u T r i n O	loanword
নিউট্রিনোর	n i u T r i n O r	loanword
নিউট্রিশন	n i u T r i sh O n	loanword
নিউট্রিশনাল	n i u T r i sh o n a l	loanword
নিউবেরিতে	n i u b e r i t e	native
নিউমারলজি	n i u m a r l o j i	native
নিউমারোলজি	n i u m a r O l o j i	native
নিউমার্কেট	n i u m a r k e T	loanword
নিউমার্কেটসহ	n i u m a r k e T sh o h O	loanword
নিউমার্কেটে	n i u m a r k e T e	loanword
নিউমার্কেটের	n i u m a r k e T e r	loanword
নিউমিসম্যাটিক	n i u m i s m A T i k	compound
নিউমুরিং	n i u m u r i ng	native
নিউমোনিয়া	n i u m O n i y a	native
নিউমোনিয়ার	n i u m O n i y a r	native
নিউমোনিয়ায়	n i u m O n i y a y	native
নিউম্যান	n i u m A n	native
নিউরন	n i u r o n	native
নিউরনে	n i u r o n e	native
নিউরনের	n i u r o n e r	native
নিউরাল	n i u r a l	native
নিউরো	n i u r O	native
নিউরোডেভেলপমেন্ট	n i u r O D e bh e l o p m e n T	compound
নিউরোলজি	n i u r O l o j i	native
নিউরোসার্জন	n i u r O s a r j o n	loanword
নিউরোসার্জারি	n i u r O s a r j a r i	compound
নিউল্যান্ডস	n i u l A n D o s	proper_noun
নিউল্যান্ডসে	n i u l A n D o s e	proper_noun
নিউয়ার	n i u y a r	native
নিও	n i O	native
নিও–প্লাটোনিজম	n i y O p l a T O n i j o m	loanword
নিক	n i k	native
নিকটজন	n i k o T j o n	native
নিকটজনদের	n i k o T j o n d e r	native
নিকটজনের	n i k o T j o n e r	native
নিকটজনেরা	n i k o T j o n e r a	native
নিকটতম	n i k o T t o m O	native
নিকটবর্তি	n i k o T b o r t i	native
নিকটস্থ	n i k o T o sth O	native
নিকটাত্মিয়	n i k o T a t t i y o	native
নিকটাত্মিয়কে	n i k o T a t t i y o k e	native
নিকটাত্মিয়দের	n i k o T a t t i y o d e r	compound
নিকটাত্মিয়রা	n i k o T a t t i y o r a	native
নিকটাত্মিয়ের	n i k o T a t t i y e r	native
নিকটে	n i k o T e	native
নিকতি	n i k t i	native
নিকন	n i k O n	native
নিকপিক	n i k p i k	native
নিকম্মা	n i k o mm a	native
নিকর	n i k o r	native
নিকরুন	n i k O r u n	native
নিকলাস	n i k o l a s	proper_noun
নিকলি	n i k l i	native
নিকলিতে	n i k l i t e	native
নিকলির	n i k l i r	native
নিকশ	n i k o sh	native
নিকস	n i k o sh	native
নিকসন	n i k o s o n	proper_noun
নিকসানো	n i k o sh a n O	native
নিকানো	n i k a n O	native
নিকার	n i k a r	native
নিকারাগুয়া	n i k a r a g u y a	native
নিকারাগুয়ার	n i k a r a g u y a r	native
নিকারের	n i k a r e r	native
নিকাল	n i k a l	native
নিকাশ	n i k a sh	native
নিকাশি	n i k a sh i	native
নিকাশে	n i k a sh e	native
নিকাশের	n i k a sh e r	native
নিকাস	n i k a sh	native
নিকাহ	n i k a h	native
নিকাহনামার	n i k a h n a m a r	native
নিকায়	n i k a y	native
নিকি	n i k i	native
নিকিতা	n i k i t a	native
নিকিনি	n i k i n i	native
নিকিরি	n i k i r i	native
নিকুঞ্জ	n i k u nj O	tatsama
নিকুটি	n i k u ch i	native
নিকৃত	n i k r i t o	tatsama
নিকৃত্ত	n i k ri tt O	tatsama
নিকৃপে	n i k ri p e	tatsama
নিকৃশ্ট	n i k r i sh T O	tatsama
নিকৃশ্টতম	n i k ri sh T O t o m O	tatsama
নিকে	n i k e	native
নিকেতন	n i k e t O n	native
নিকেতনে	n i k e t o n e	native
নিকেতনের	n i k e t O n e r	native
নিকেল	n i k e l	native
নিকেলের	n i k e l e r	native
নিকেশ	n i k e sh	native
নিকো	n i k O	native
নিকোচন	n i k O ch O n	native
নিকোটিন	n i k O T i n	native
নিকোটিনের	n i k O T i n e r	native
নিকোবর	n i k O b o r	native
নিকোল	n i k O l	native
নিকোলা	n i k O l a	native
নিকোলাই	n i k O l a i	native
নিকোলাস	n i k O l a s	proper_noun
নিকোসিয়া	n i k O s i a	proper_noun
নিক্কি	n i k k i	native
নিক্কেই	n i k k e i	native
নিক্তি	n i kt i	native
নিক্বন	n i k k o n	native
নিক্ষেপক	n i kkh e p o k	tatsama
নিক্ষেপকারি	n i kkh e p k a r i	tatsama
নিক্ষেপকারিকে	n i kkh e p k a r i k e	tatsama
নিক্ষেপকারিদের	n i kkh e p k a r i d e r	tatsama
নিক্ষেপকারির	n i kkh e p k a r i r	tatsama
নিক্ষেপকারিরা	n i kkh e p k a r i r a	tatsama
নিক্ষেপনজোগ্য	n i kkh e p O n j O g g O	tatsama
নিক্ষেপিত	n i kkh e p i t o	tatsama
নিক্ষেপের	n i kkh e p e r	tatsama
নিক্সনের	n i k s O n e r	loanword
নিখরচায়	n i kh o r ch a y	native
নিখর্ব	n i kh o r b O	native
নিখাত	n i kh a t	native
নিখাদ	n i kh a d	native
নিখিল	n i kh i l	native
নিখিলের	n i kh i l e r	native
নিখিলেশ	n i kh i l e sh	native
নিখুত	n i kh u t	native
নিখুতভাবে	n i kh u t bh a b e	native
নিখোজ	n i kh O j	native
নিখোজদের	n i kh O j d e r	native
নিখোজের	n i kh O j e r	native
নিগদ	n i g o d	native
নিগন্থ	n i g o n th o	native
নিগম	n i g o m	native
নিগমন	n i g o m O n	native
নিগমানন্দ	n i g o m a n o nd o	native
নিগমিত	n i g O m i t O	native
নিগমের	n i g o m e r	native
নিগরন	n i g o r O n	native
নিগার	n i g a r	native
নিগির্ন	n i g i r n O	native
নিগুড়	n i g u r O r O	native
নিগৃহিত	n i g r i h i t O	tatsama
নিগ্রহ	n i g gr O h O	native
নিগ্রহের	n i gr o h e r	native
নিগ্রো	n i gr O	native
নিগড়	n i g o r	native
নিগড়ে	n i g o r e	native
নিঘন্টু	n i gh O n T u	native
নিঘা	n i gh a	native
নিঘি	n i gh i	native
নিঘ্ন	n i gh n O	native
নিচ	n i ch	native
নিচটা	n i ch T a	native
নিচতলা	n i ch t o l a	native
নিচতলাটি	n i ch t o l a T i	native
নিচতলার	n i ch t o l a r	native
নিচতলাসহ	n i ch t o l a sh o h O	native
নিচতলায়	n i ch t o l a y	native
নিচু	n i ch u	native
নিচুতলার	n i ch u t o l a r	native
নিচুতে	n i ch u t e	native
নিচুভুমিতে	n i ch u bh u m i t e	native
নিচুল	n i ch u l	native
নিচেই	n i ch e i	native
নিচেও	n i ch e O	native
নিচেতন	n i ch e t O n	native
নিচের	n i ch e r	native
নিচেরভাগ	n i ch e r bh a g	native
নিচোর	n i ch O r	native
নিচোল	n i ch O l	native
নিচোড়া	n i ch O r a	native
নিচ্ছ	n i ch chh O	native
নিচ্ছিদ্র	n i ch chh i d r O	native
নিচ্ছিন্দ	n i ch chh i nd o	native
নিচ্ছিল	n i ch chh i l O	native
নিচ্ছিলেন	n i ch chh i l e n	native
নিচ্ছে	n i ch chh e	native
নিচ্ছেন	n i ch chh e n	native
নিচয়	n i ch o y	native
নিছক	n i chh o k	native
নিছকই	n i chh o k i	native
নিছি	n i chh i	native
নিজ	n i j	native
নিজকাটা	n i j k a T a	native
নিজগৃহে	n i j g ri h e	tatsama
নিজদলিয়	n i j d o l i y o	native
নিজদের	n i j d e r	native
নিজপাট	n i j p a T	native
নিজভুমে	n i j bh u m e	native
নিজর	n i j o n	native
নিজলাঠিমারা	n i j l a Th i m a r a	native
নিজস্ব	n i j O sh sh O	tatsama
নিজস্বতা	n i j O sh sh O t a	tatsama
নিজস্বভাবে	n i j O sh sh O bh a b e	tatsama
নিজহাতে	n i j h a t e	native
নিজান	n i j a n	proper_noun
নিজানের	n i j a n e r	proper_noun
নিজাম	n i j a m	proper_noun
নিজামউদ্দিন	n i j a m u d d i n	proper_noun
নিজামউদ্দিনের	n i j a m u d d i n e r	proper_noun
নিজামকে	n i j a m k e	proper_noun
নিজামপুর	n i j a m p u r	proper_noun
নিজামি	n i j a m i	proper_noun
নিজামিকে	n i j a m i k e	proper_noun
নিজামিদের	n i j a m i d e r	proper_noun
নিজামির	n i j a m i r	proper_noun
নিজামিরা	n i j a m i r a	proper_noun
নিজামিসহ	n i j a m i sh o h O	proper_noun
নিজামুদ্দিন	n i j a m u d d i n	proper_noun
নিজামুদ্দিনের	n i j a m u d d i n e r	proper_noun
নিজামুল	n i j a m u l	proper_noun
নিজামের	n i j a m e r	proper_noun
নিজু	n i j u	native
নিজুক্ত	n i j u kt O	native
নিজুক্তি	n i j u kt i	native
নিজুক্তির	n i j u kt i r	native
নিজুত	n i j u t	native
নিজুর	n i j u r	native
নিজে	n i j e	native
নিজেই	n i j e i	native
নিজেও	n i j e O	native
নিজেকে	n i j e k e	native
নিজেকেই	n i j e k e i	native
নিজেকেও	n i j e k e O	native
নিজেকেসহ	n i j e k e sh o h O	native
নিজেদের	n i j e d e r	native
নিজেদেরই	n i j e d e r i	native
নিজেদেরও	n i j e d e r O	native
নিজেদেরকে	n i j e d e r k e	native
নিজেদেরকেই	n i j e d e r k e i	native
নিজেদেরতো	n i j e d e r t O	native
নিজের	n i j e r	native
নিজেরই	n i j e r i	native
নিজেরও	n i j e r O	native
নিজেরটা	n i j e r T a	native
নিজেরা	n i j e r a	native
নিজেরাই	n i j e r a i	native
নিজেরাও	n i j e r a O	native
নিজেরে	n i j e r e	native
নিজেসহ	n i j e sh o h O	native
নিজোক্তা	n i j O kt a	native
নিজোজ্য	n i j O j j o	native
নিজ্ঝুম	n i j jh u m	native
নিঝর	n i jh o r	native
নিঝুম	n i jh u m	native
নিঝুমদ্বিপ	n i jh u m d i p	native
নিঝুরি	n i jh u r i	native
নিট	n i T	native
নিটওয়্যার	n i T O y A r	native
নিটওয়্যারের	n i T O y A r e r	native
নিটিং	n i T i ng	native
নিটিংয়ে	n i T i ng y e	native
নিটিংয়ের	n i T i ng y e r	native
নিঠুর	n i Th u r	native
নিড	n i D	native
নিডস	n i D s	loanword
নিডসে	n i D s e	loanword
নিত	n i t O	native
নিতকনে	n i t k O n e	native
নিতবর	n i t b o r	native
নিতল	n i t o l o	native
নিতা	n i t a	native
নিতাই	n i t a i	native
নিতাইগঞ্জ	n i t a i g o nj	tatsama
নিতাইগঞ্জে	n i t a i g o nj e	tatsama
নিতান্তই	n i t a nt O i	native
নিতাম	n i t a m	native
নিতিই	n i t i i	native
নিতিও	n i t i O	native
নিতিকথা	n i t i k o th a	native
নিতিকাঠামো	n i t i k a Th a m O	native
নিতিকাঠামোর	n i t i k a Th a m O	native
নিতিকে	n i t i k e	native
নিতিকেই	n i t i k e i	native
নিতিগত	n i t i g o t O	native
নিতিগতভাবে	n i t i g o t O bh a b e	native
নিতিগুলো	n i t i g u l O	native
নিতিগুলোকে	n i t i g u l O k e	native
নিতিগুলোর	n i t i g u l O r	native
নিতিটা	n i t i T a	native
নিতিটাই	n i t i T a i	native
নিতিটি	n i t i T i	native
নিতিটির	n i t i T i r	native
নিতিতে	n i t i t e	native
নিতিতেই	n i t i t e i	native
নিতিতেও	n i t i t e O	native
নিতিন	n i t i n	native
নিতিনির্দেশনা	n i t i n i r d e sh o n a	compound
নিতিনির্ধারক	n i t i n i r dh a r o k	native
নিতিনির্ধারককে	n i t i n i r dh a r o k k e	compound
নিতিনির্ধারকদের	n i t i n i r dh a r O k d e r	compound
নিতিনির্ধারকদেরও	n i t i n i r dh a r o k d e r O	compound
নিতিনির্ধারকরা	n i t i n i r dh a r O k r a	compound
নিতিনির্ধারকসহ	n i t i n i r dh a r o k sh o h O	compound
নিতিনির্ধারকের	n i t i n i r dh a r o k e r	compound
নিতিনির্ধারকেরা	n i t i n i r dh a r O k e r a	compound
নিতিনির্ধারকেরাও	n i t i n i r dh a r o k e r a O	compound
নিতিনির্ধারন	n i t i n i r dh a r o n	native
নিতিনির্ধারনি	n i t i n i r dh a r O n i	compound
নিতিনির্ধারনে	n i t i n i r dh a r O n e	compound
নিতিনির্ধারনের	n i t i n i r dh a r O n e r	compound
নিতিনিশ্ঠ	n i t i n i sh Th o	native
নিতিনোইতিকতা	n i t i n O i t i k o t a	native
নিতিনোইতিকতার	n i t i n O i t i k o t a r	compound
নিতিবহির্ভুত	n i t i b o h i r bh u t o	native
নিতিবাক্য	n i t i b a k k o	native
নিতিবান	n i t i b a n	native
নিতিবিদ্যা	n i t i b i d d a	native
নিতিবিবর্জিত	n i t i b i b o r j i t o	native
নিতিবিরুদ্ধ	n i t i b i r u d dh o	tatsama
নিতিবিরোধি	n i t i b i r O dh i	native
নিতিবিশয়ক	n i t i b i sh o y o k	native
নিতিবোধ	n i t i b O dh	native
নিতিভ্রশ্ট	n i t i bh r o sh T o	native
নিতিমান	n i t i m a n	native
নিতিমালা	n i t i m a l a	native
নিতিমালাই	n i t i m a l a i	native
নিতিমালাও	n i t i m a l a O	native
নিতিমালাকে	n i t i m a l a k e	native
নিতিমালাগুলো	n i t i m a l a g u l O	native
নিতিমালাটি	n i t i m a l a T i	native
নিতিমালাটিকে	n i t i m a l a T i k e	native
নিতিমালার	n i t i m a l a r	native
নিতিমালারও	n i t i m a l a r O	native
নিতিমালাসহ	n i t i m a l a sh o h O	native
নিতিমালায়	n i t i m a l a y	native
নিতির	n i t i r	native
নিতিরই	n i t i r i	native
নিতিশ	n i t i sh	native
নিতিসংক্রান্ত	n i t i sh o ng kr a nt O	compound
নিতিসমুহ	n i t i sh o m u h o	native
নিতিসহ	n i t i sh o h O	native
নিতিসহায়তা	n i t i sh o h a y o t a	native
নিতিহিন	n i t i h i n	native
নিতিহিনতা	n i t i h i n o t a	native
নিতুন	n i t u n	native
নিতুর	n i t u r	native
নিতে	n i t e	native
নিতেই	n i t e i	native
নিতেও	n i t e O	native
নিত্ত	n i tt O	native
নিত্য	n i t t O	native
নিত্যকার	n i t t O k a r	native
নিত্যতা	n i t t o t a	native
নিত্যনইমিত্তিক	n i t t O n O i m i tt i k	compound
নিত্যনতুন	n i t t O n O t u n	native
নিত্যনোইমিত্তিক	n i t t o n O i m i tt i k	compound
নিত্যপন্য	n i t t O p O n n O	native
নিত্যপন্যের	n i t t O p O n n e r	native
নিত্যপ্রয়োজনিয়	n i t t o pr o y O j o n i y o	compound
নিত্যব্যবহারের	n i t t o b A b o h a r e r	compound
নিত্যব্যবহার্য	n i t t O b A b O h a r j O	compound
নিত্যসংগি	n i t t o sh o ng g i	native
নিত্যানন্দ	n i t t a n o nd O	native
নিত্যানন্দপুর	n i t t a n o nd o p u r	compound
নিথর	n i th o r	native
নিদ	n i d	native
নিদম	n i d o m	native
নিদর্শনও	n i d o r sh o n	native
নিদর্শনকে	n i d o r sh o n k e	native
নিদর্শনটি	n i d o r sh O n T i	native
নিদর্শনস্বরুপ	n i d o r sh o n sh o r u p	tatsama
নিদর্শনা	n i d o r sh O n a	native
নিদর্শনাবলি	n i d o r sh o n a b o l i	native
নিদর্শনাবলির	n i d o r sh o n a b o l i r	native
নিদর্শনি	n i d o r sh O n i	native
নিদর্শনে	n i d O r sh O n e	native
নিদর্শনের	n i d o r sh O n e r	native
নিদাঘ	n i d a gh	native
নিদাটি	n i d a T i	native
নিদানও	n i d a n O	native
নিদারুন	n i d a r u n	native
নিদারুনভাবে	n i d a r u n bh a b e	native
নিদাল	n i d a l	native
নিদায়	n i d a y	native
নিদুখ	n i d u kh	native
নিদেন	n i d e n	native
নিদের্শনা	n i r d e sh o n a	native
নিদেশ	n i d e sh	native
নিদ্রা	n i d r a	native
নিদ্রার	n i d r a r	native
নিদ্রাহিন	n i d r a h i n	native
নিদ্রাহিনতা	n i d r a h i n O t a	native
নিদ্রায়	n i d r a y	native
নিদ্রিত	n i d r i t o	native
নিদয়	n i d o y	native
নিধন	n i dh o n	native
নিধনকল্পে	n i dh o n k o l p e	native
নিধনজজ্ঞ	n i dh o n j O g g O	tatsama
নিধনিয়া	n i dh o n i y a	native
নিধনের	n i dh o n e r	native
নিধান	n i dh a n	native
নিধানি	n i dh a n i	native
নিধার	n i dh a r	native
নিধার্য	n i dh a r j O	native
নিধিকে	n i dh i k e	native
নিধিরাম	n i dh i r a m	native
নিধিরামের	n i dh i r a m e r	native
নিধুবন	n i d u b O n	native
নিধেয়	n i dh e y O	native
নিন	n i n	native
নিনজা	n i n j a	native
নিনা	n i n a	native
নিনাদ	n i n a d	native
নিনিত	n i n i t	native
নিনিস	n i n i sh	native
নিনিয়ান	n i n i y a n	native
নিনিয়ানের	n i n i y a n e r	native
নিনু	n i n u	native
নিনো	n i n O	native
নিন্দ	n i nd o	native
নিন্দন	n i nd o n	native
নিন্দনিয়	n i nd o n i y o	native
নিন্দনিয়ও	n i nd o n i y o O	native
নিন্দা	n i nd a	native
নিন্দাও	n i nd a O	native
নিন্দাবাদ	n i nd a b a d	native
নিন্দার	n i nd a r	native
নিন্দাসুচক	n i nd a sh u ch o k	native
নিন্দায়	n i nd a y	native
নিন্দিত	n i nd i t O	native
নিন্দুক	n i nd u k	native
নিন্দুকও	n i nd u k O	native
নিন্দুকদের	n i nd u k d e r	native
নিন্দুকরা	n i nd u k r a	native
নিন্দুকের	n i nd u k e r	native
নিন্দুকেরা	n i nd u k e r a	native
নিন্দুকেরাও	n i nd u k e r a O	native
নিন্দে	n i nd e	native
নিন্দ্য	n i nd O	native
নিপ	n i p O	native
নিপট	n i p o T	native
নিপতন	n i p o t O n	native
নিপতিত	n i p O t i t O	native
নিপসম	n i p sh o m	native
নিপা	n i p a	native
নিপাট	n i p a T	native
নিপাত	n i p a t	native
নিপাতন	n i p a t O n	native
নিপান	n i p a n	native
নিপার	n i p a r	native
নিপাহ	n i p a h	native
নিপিত	n i p i t O	native
নিপিড়ক	n i p i r o k	native
নিপিড়কদের	n i p i r o k d e r	native
নিপিড়কের	n i p i r o k e r	native
নিপিড়ন	n i p i r o n	native
নিপিড়নকারি	n i p i r o n k a r i	native
নিপিড়নকে	n i p i r o n k e	native
নিপিড়নবিরোধি	n i p i r o n b i r O dh i	native
নিপিড়নমুলক	n i p i r o n m u l o k	native
নিপিড়নসহ	n i p i r o n sh o h O	native
নিপিড়নে	n i p i r o n e	native
নিপিড়নের	n i p i r o n e r	native
নিপিড়িত	n i p i r i t o	native
নিপিড়িতের	n i p i r i t e r	native
নিপু	n i p u	native
নিপুন	n i p u n	native
নিপুনতা	n i p u n o t a	native
নিপুনভাবে	n i p u n bh a b e	native
নিপুনের	n i p u n e r	native
নিপে	n i p e	native
নিপোর্ট	n i p O r T	native
নিপ্পন	n i p p o n	native
নিব	n i b O	native
নিবদ্ধ	n i b o d dh O	tatsama
নিবন্ধ	n i b o ndh O	tatsama
নিবন্ধই	n i b o ndh O i	tatsama
নিবন্ধক	n i b o ndh O k	tatsama
নিবন্ধককে	n i b o ndh o k k e	tatsama
নিবন্ধকার	n i b o ndh o k a r	tatsama
নিবন্ধকারের	n i b o ndh o k a r e r	tatsama
নিবন্ধকৃত	n i b o ndh O k ri t O	tatsama
নিবন্ধকে	n i b o ndh o k e	tatsama
নিবন্ধকের	n i b o ndh O k e r	tatsama
নিবন্ধগুলো	n i b o ndh o g u l O	tatsama
নিবন্ধগুলোর	n i b o ndh o g u l O r	tatsama
নিবন্ধটি	n i b o ndh o T i	tatsama
নিবন্ধটিতে	n i b o ndh o T i t e	tatsama
নিবন্ধটির	n i b o ndh o T i r	tatsama
নিবন্ধনও	n i b o ndh O n O	tatsama
নিবন্ধনকাজ	n i b o ndh o n k a j	tatsama
নিবন্ধনকারি	n i b o ndh o n k a r i	tatsama
নিবন্ধনপত্র	n i b o ndh o n p o tr O	tatsama
নিবন্ধনপ্রক্রিয়া	n i b o ndh o n pr o kr i y a	compound
নিবন্ধনবিহিন	n i b o ndh o n b i h i n	tatsama
নিবন্ধনভুক্ত	n i b o ndh o n bh u kt O	tatsama
নিবন্ধনসংক্রান্ত	n i b o ndh o n sh o ng kr a nt O	compound
নিবন্ধনসহ	n i b o ndh o n sh o h O	tatsama
নিবন্ধনহিন	n i b o ndh O n h i n	tatsama
নিবন্ধনে	n i b o ndh o n e	tatsama
নিবন্ধিকরন	n i b o ndh i k o r o n	tatsama
নিবন্ধিকরনের	n i b o ndh i k o r o n e r	tatsama
নিবন্ধিকৃত	n i b o ndh i k r i t o	tatsama
নিবন্ধিত	n i b O ndh i t O	tatsama
নিবন্ধিতদের	n i b O ndh i t O d e r	tatsama
নিবন্ধের	n i b o ndh e r	tatsama
নিবর্ত	n i b o r t O	native
নিবর্তনমুলক	n i b o r t o n m u l o k	native
নিবর্হন	n i b o r h o n	native
নিবসই	n i b o sh O i	native
নিবহ	n i b o h O	native
নিবাত	n i b a t	native
নিবাপ	n i b a p	native
নিবার	n i b a r	native
নিবারক	n i b a r o k o	native
নিবারন	n i b a r O n	native
নিবারনমুলক	n i b a r o n m u l o k	native
নিবারনে	n i b a r O n e	native
নিবারনের	n i b a r o n e r	native
নিবাস	n i b a sh	loanword
নিবাসন	n i b a sh O n	loanword
নিবাসি	n i b a sh i	loanword
নিবাসিদের	n i b a sh i d e r	loanword
নিবাসির	n i b a sh i r	loanword
নিবাসিরা	n i b a sh i r a	loanword
নিবাসে	n i b a sh e	loanword
নিবাসের	n i b a sh e r	loanword
নিবি	n i b i	native
নিবিত	n i b i t O	native
নিবিশ্ট	n i b i sh T O	native
নিবিশ্টমনে	n i b i sh T o m o n e	native
নিবিড়	n i b i r o	native
নিবিড়তর	n i b i r t o r o	native
নিবিড়ভাবে	n i b i r bh a b e	native
নিবু	n i b u	native
নিবৃত	n i b ri t O	tatsama
নিবৃত্ত	n i b b ri tt O	tatsama
নিবৃত্তিমুলক	n i b r i tt i m u l o k	tatsama
নিবৃত্তির	n i b r i tt i r	tatsama
নিবে	n i b e	native
নিবেদক	n i b e d o k	native
নিবেদনও	n i b e d o n O	native
নিবেদনে	n i b e d o n e	native
নিবেদনের	n i b e d O n e r	native
নিবেদিত	n i b e d i t O	native
নিবেদিতপ্রান	n i b e d i t O pr a n	native
নিবেদিতা	n i b e d i t a	native
নিবেন	n i b e n	native
নিবেশ	n i b e sh	native
নিবেশক	n i b e sh o k	native
নিবেশন	n i b e sh o n o	native
নিবেশিত	n i b e sh i t O	native
নিবো	n i b O	native
নিব্বানং	n i b b a n o ng	native
নিভছে	n i bh chh e	native
নিভতে	n i bh t e	native
নিভিয়া	n i bh i y a	native
নিভিয়ে	n i bh i y e	native
নিভু	n i bh u	native
নিভৃত	n i bh ri t O	tatsama
নিভৃতচারি	n i bh r i t O ch a r i	tatsama
নিভৃতেই	n i bh ri t e i	tatsama
নিমকরলি	n i m k o r o l i	native
নিমকি	n i m k i	native
নিমকো	n i m k O	native
নিমখুন	n i m kh u n	native
নিমগন	n i m g o n	native
নিমগাছের	n i m g a chh e r	native
নিমগ্ন	n i m o g n O	native
নিমচন্দ্র	n i m ch o ndr o	native
নিমচা	n i m ch a	native
নিমজ্জন	n i m o j j O n	native
নিমজ্জিত	n i m O j j i t O	native
নিমতলা	n i m t o l a	native
নিমতলি	n i m t o l i	native
নিমতলিতে	n i m t o l i t e	native
নিমতলির	n i m t o l i r	native
নিমন্ত্রন	n i m o n t r O n	native
নিমন্ত্রনপত্র	n i m O n t r O n p o tr O	compound
নিমন্ত্রনে	n i m o n t r o n e	native
নিমন্ত্রনের	n i m o n t r o n e r	native
নিমন্ত্রিত	n i m o nt ri t O	native
নিমবাজ	n i m b a j	native
নিমরাজি	n i m r a j i	native
নিমসার	n i m sh a r	native
নিমা	n i m a	native
নিমাই	n i m a i	native
নিমাঞা	n i m a y a	tatsama
নিমার্নকারি	n i r m a n k a r i	native
নিমালন	n i m a l o n	native
নিমালি	n i m a l i	native
নিমিখ	n i m i kh	native
নিমিঝিমি	n i m i jh i m i	native
নিমিত	n i m i t O	native
নিমিল	n i m i l	native
নিমিশ	n i m i sh	native
নিমিশে	n i m i sh e	native
নিমিশেই	n i m i sh e i	native
নিমিশ্ল	n i m i sh l O	native
নিমু	n i m u	native
নিমের	n i m e r	native
নিমেরি	n i m e r i	native
নিমেশে	n i m e sh e	native
নিমেশেই	n i m e sh e i	native
নিম্নআয়ের	n i m n o a y e r	native
নিম্নকক্ষ	n i m n O k O kkh O	tatsama
নিম্নকক্ষে	n i m n o k o kkh e	tatsama
নিম্নকক্ষের	n i m n o k o kkh e r	tatsama
নিম্নকন্ঠ	n i m n o k o n Th o	native
নিম্নগতি	n i m n o g o t i	native
নিম্নগতির	n i m n o g o t i r	native
নিম্নগামি	n i m n O g a m i	native
নিম্নচাপ	n i m n O ch a p	native
নিম্নচাপটি	n i m n O ch a p T i	native
নিম্নচাপে	n i m n O ch a p e	native
নিম্নচাপের	n i m n O ch a p e r	native
নিম্নতম	n i m n O t o m O	native
নিম্নতর	n i m n O t o r O	native
নিম্নপদস্থ	n i m n o p o d o sth o	native
নিম্নপর্যায়ে	n i m n o p o r j a y e	native
নিম্নপর্যায়ের	n i m n o p o r j a y e r	compound
নিম্নবর্গ	n i m n o b o r g o	native
নিম্নবর্গিয়	n i m n o b o r g i y o	native
নিম্নবর্গের	n i m n O b o r g e r	native
নিম্নবর্নিত	n i m n O b O r n i t O	native
নিম্নবর্নের	n i m n O b o r n e r	native
নিম্নবিত্ত	n i m n O b i tt O	native
নিম্নবিত্তদের	n i m n o b i tt o d e r	compound
নিম্নবিত্তরা	n i m n o b i tt o r a	native
নিম্নবিত্তের	n i m n O b i tt e r	native
নিম্নভাগে	n i m n O bh a g e	native
নিম্নমধ্য	n i m n O m O d dh O	native
নিম্নমধ্যবিত্তরা	n i m n o m o d dh o b i tt o r a	compound
নিম্নমধ্যবিত্তের	n i m n o m o d dh o b i tt e r	compound
নিম্নমধ্যম	n i m n O m O d dh O m	native
নিম্নমাত্রার	n i m n o m a tr a r	native
নিম্নমান	n i m n O m a n	native
নিম্নমানের	n i m n O m a n e r	native
নিম্নমুখি	n i m n O m u kh i	native
নিম্নমুখিতা	n i m n o m u kh i t a	native
নিম্নরুচির	n i m n o r u ch i r	native
নিম্নরুপ	n i m n O r u p	native
নিম্নলিখিত	n i m n O l i kh i t O	native
নিম্নশ্রেনির	n i m n O sh r e n i r	native
নিম্নস্তরে	n i m n o st o r e	native
নিম্নস্তরের	n i m n O st o r e r	native
নিম্নস্বরে	n i m n o sh o r e	tatsama
নিম্নহারে	n i m n o h a r e	native
নিম্নাংশ	n i m n a ng sh O	native
নিম্নাঞ্চল	n i m n a nch o l	tatsama
নিম্নাঞ্চলে	n i m n a nch o l e	tatsama
নিম্নাঞ্চলের	n i m n a nch o l e r	tatsama
নিম্নে	n i m n e	native
নিম্নের	n i m n e r	native
নিম্নোক্ত	n i m n O kt O	native
নিম্নোক্তভাবে	n i m n O kt o bh a b e	compound
নিম্বাইত	n i mb a i t o	native
নিম্বাসের	n i mb a s e r	loanword
নির	n i r	native
নিরংকুশ	n i r O ng k u sh	native
নিরংকুশভাবে	n i r o ng k u sh bh a b e	native
নিরংশ	n i r o ng sh O	native
নিরংশু	n i r o ng sh u	native
নিরক্ত	n i r o kt O	native
নিরক্ষ	n i r O kkh O	tatsama
নিরক্ষতার	n i r o kkh o t a r	tatsama
নিরক্ষর	n i r o kkh o r	tatsama
নিরক্ষরতা	n i r o kkh o r O t a	tatsama
নিরক্ষরতামুক্ত	n i r o kkh o r o t a m u kt O	tatsama
নিরক্ষরতার	n i r o kkh o r o t a r	tatsama
নিরক্ষরদের	n i r o kkh o r d e r	tatsama
নিরক্ষরমুক্ত	n i r o kkh o r m u kt O	tatsama
নিরখা	n i r O kh a	native
নিরজ	n i r O j	native
নিরজন	n i r O j o n	native
নিরজা	n i r j a	native
নিরঞ্জন	n i r o nj o n	tatsama
নিরত	n i r o t O	native
নিরতিশয়	n i r O t i sh o y	native
নিরত্যয়	n i r o t t o y	native
নিরদ	n i r O d	native
নিরন্তর	n i r o nt o r	native
নিরন্ধ্র	n i r o n dh r O	tatsama
নিরন্ন	n i r o nn O	native
নিরপরাধ	n i r o p O r a dh	native
নিরপরাধি	n i r o p o r a dh i	native
নিরপরাধের	n i r o p o r a dh e r	native
নিরপে	n i r O p e	native
নিরপেক্ষ	n i r O p e kkh O	tatsama
নিরপেক্ষও	n i r O p e kkh O O	tatsama
নিরপেক্ষতা	n i r O p e kkh O t a	tatsama
নিরপেক্ষভাবে	n i r O p e kkh O bh a b e	tatsama
নিরপেক্ষভাবেই	n i r O p e kkh O bh a b e i	tatsama
নিরব	n i r o b	native
নিরবই	n i r o b i	native
নিরবকাশ	n i r o b O k a sh	native
নিরবচ্ছিন্ন	n i r o b O ch chh i nn O	native
নিরবতা	n i r o b o t a	native
নিরবতাও	n i r o b o t a O	native
নিরবতাকে	n i r o b o t a k e	native
নিরবতাকেই	n i r o b o t a k e i	native
নিরবতার	n i r O b o t a r	native
নিরবতায়	n i r o b o t a y	native
নিরবদ্য	n o r O b O d d O	native
নিরবধি	n i r O b O dh i	native
নিরবশেশ	n i r o b o sh e sh	native
নিরবে	n i r o b e	native
নিরবেই	n i r o b e i	native
নিরবের	n i r o b e r	native
নিরবয়ব	n i r o b o y o b	native
নিরভিমান	n i r O bh i m a n	native
নিরভিমানি	n i r O bh i m a n i	native
নিরভ্র	n i r o b bh r O	native
নিরমল	n i r m o l	native
নিরম্বু	n i r o mb u	native
নিরর্গল	n i r g O l	native
নিরর্থ	n i r o r th O	native
নিরর্থক	n i r o r th O k	native
নিরল	n i r o l	native
নিরলংকার	n i r o l O ng k a r	native
নিরলস	n i r o l o sh	native
নিরলসভাবে	n i r o l o sh bh a b e	native
নিরস	n i r o sh	native
নিরসন	n i r o sh O n	native
নিরসনকল্পে	n i r o sh o n k o l p e	native
নিরসনকে	n i r o sh o n k e	native
নিরসননিতির	n i r o sh o n n i t i r	native
নিরসনবিশয়ক	n i r o sh o n b i sh o y o k	native
নিরসনসহ	n i r o sh o n sh o h O	native
নিরসনে	n i r O sh o n e	native
নিরসনেও	n i r O sh o n e O	native
নিরসনের	n i r o sh o n e r	native
নিরসনেরও	n i r o sh o n e r O	native
নিরস্ত	n i r o st O	native
নিরস্ত্র	n i r o s t r O	native
নিরস্ত্রিকরন	n i r o s t r i k o r o n	native
নিরস্ত্রিকরনবিশয়ক	n i r o s t r i k o r o n b i sh o y o k	compound
নিরস্ত্রিকরনের	n i r o s t r i k o r o n e r	compound
নিরহংকার	n i r o h O ng k a r	native
নিরহংকারি	n i r o h O ng k a r i	native
নিরা	n i r a	native
নিরাকরন	n i r a k o r O n	native
নিরাকাংক্ষা	n i r a k a ng kh a	tatsama
নিরাকার	n i r a k a r	native
নিরাকুল	n i r a k u l	native
নিরাকৃতি	n i r a k k ri t i	tatsama
নিরাগ্রহ	n i r a g gr o h O	native
নিরাজ	n i r a j	native
নিরাতংক	n i r a t O ng k O	native
নিরাতপ	n i r a t o p	native
নিরাধার	n i r a dh a r	native
নিরানন্দ	n i r a n o nd O	native
নিরানন্দে	n i r a n o nd e	native
নিরানন্দের	n i r a n o nd e r	native
নিরানব্বই	n i r a n o b b O i	native
নিরানব্বইয়ের	n i r a n o b b o i y e r	native
নিরাপত্তা	n i r a p o tt a	native
নিরাপত্তাই	n i r a p o tt a i	native
নিরাপত্তাও	n i r a p o tt a O	native
নিরাপত্তাকর্মি	n i r a p o tt a k o r m i	compound
নিরাপত্তাকর্মিও	n i r a p o tt a k o r m i O	compound
নিরাপত্তাকর্মিকে	n i r a p o tt a k o r m i k e	compound
নিরাপত্তাকর্মিদের	n i r a p o tt a k o r m i d e r	compound
নিরাপত্তাকর্মির	n i r a p o tt a k o r m i r	compound
নিরাপত্তাকর্মিরা	n i r a p o tt a k o r m i r a	compound
নিরাপত্তাকর্মিরাও	n i r a p o tt a k o r m i r a O	compound
নিরাপত্তাকর্মিসহ	n i r a p o tt a k o r m i sh o h O	compound
নিরাপত্তাকে	n i r a p o tt a k e	native
নিরাপত্তাকেন্দ্র	n i r a p o tt a k e ndr o	compound
নিরাপত্তাগত	n i r a p o tt a g o t o	native
নিরাপত্তাজনিত	n i r a p o tt a j O n i t O	compound
নিরাপত্তাপ্রধান	n i r a p o tt a pr o dh a n	compound
নিরাপত্তাপ্রহরি	n i r a p o tt a pr o h o r i	compound
নিরাপত্তাবলয়	n i r a p o tt a b o l o y	native
নিরাপত্তাবাহিনি	n i r a p o tt a b a h i n i	compound
নিরাপত্তাবাহিনির	n i r a p o tt a b a h i n i r	compound
নিরাপত্তাবিশয়ক	n i r a p o tt a b i sh o y o k	compound
নিরাপত্তাবেশ্টনি	n i r a p o tt a b e sh T o n i	compound
নিরাপত্তাবেশ্টনিতে	n i r a p o tt a b e sh T o n i t e	compound
নিরাপত্তাবেশ্টনির	n i r a p o tt a b e sh T o n i r	compound
নিরাপত্তাবেশ্টিত	n i r a p o tt a b e sh T i t o	compound
নিরাপত্তাবোধ	n i r a p o tt a b O dh	native
নিরাপত্তাব্যবস্থাও	n i r a p o tt a b A b o sth a O	compound
নিরাপত্তাব্যবস্থাকে	n i r a p o tt a b A b o sth a k e	compound
নিরাপত্তাব্যবস্থার	n i r a p o tt a b A b O sth a r	compound
নিরাপত্তাব্যবস্থাসহ	n i r a p o tt a b A b o sth a sh o h O	compound
নিরাপত্তাব্যবস্থায়	n i r a p o tt a b A b o sth a y	compound
নিরাপত্তাব্যুহ	n i r a p o tt a b u h o	compound
নিরাপত্তামুলক	n i r a p o tt a m u l O k	compound
নিরাপত্তামুলকব্যবস্থা	n i r a p o tt a m u l o k b A b o sth a	compound
নিরাপত্তার	n i r a p o tt a r	native
নিরাপত্তারক্ষি	n i r a p o tt a r o kkh i	tatsama
নিরাপত্তারক্ষিকে	n i r a p o tt a r o kkh i k e	tatsama
নিরাপত্তারক্ষিদের	n i r a p o tt a r o kkh i d e r	tatsama
নিরাপত্তারক্ষির	n i r a p o tt a r o kkh i r	tatsama
নিরাপত্তারক্ষিরা	n i r a p o tt a r o kkh i r a	tatsama
নিরাপত্তাসংক্রান্ত	n i r a p o tt a sh o ng kr a nt O	compound
নিরাপত্তাসংশ্লিশ্ট	n i r a p o tt a sh o ng sh l i sh T o	compound
নিরাপত্তাহিন	n i r a p o tt a h i n	native
নিরাপত্তাহিনতা	n i r a p o tt a h i n O t a	compound
নিরাপত্তাহিনতাকে	n i r a p o tt a h i n o t a k e	compound
নিরাপত্তাহিনতার	n i r a p o tt a h i n O t a r	compound
নিরাপত্তাহিনতায়	n i r a p o tt a h i n o t a y	compound
নিরাপত্তায়	n i r a p o tt a y	native
নিরাপদ	n i r a p o d	native
নিরাপদই	n i r a p o d i	native
নিরাপদও	n i r a p o d O	native
নিরাপদবোধ	n i r a p o d b O dh	native
নিরাপদভাবে	n i r a p o d bh a b e	native
নিরাপদে	n i r a p o d e	native
নিরাপদেই	n i r a p o d e i	native
নিরাপরাধ	n i r a p o r a dh	native
নিরাপস	n i r a p o sh	native
নিরাবরন	n i r a b o r O n	native
নিরাবেগ	n i r a b e g	native
নিরাভরন	n i r a bh o r O n	native
নিরামিশ	n i r a m i sh	native
নিরামিশভোজি	n i r a m i sh bh O j i	native
নিরামিশভোজিদের	n i r a m i sh bh O j i d e r	compound
নিরামিশভোজিরা	n i r a m i sh bh O j i r a	compound
নিরামিশাশি	n i r a m i sh a sh i	native
নিরামিশাশিদের	n i r a m i sh a sh i d e r	compound
নিরাময়	n i r a m o y	native
নিরাময়কেন্দ্র	n i r a m o y k e ndr o	compound
নিরাময়কেন্দ্রে	n i r a m o y k e ndr e	compound
নিরাময়কেন্দ্রের	n i r a m o y k e ndr e r	compound
নিরাময়জোগ্য	n i r a m o y j O g g o	native
নিরাময়ে	n i r a m o y e	native
নিরাময়ের	n i r a m o y e r	native
নিরার	n i r a r	native
নিরালম্ব	n i r a l o mb O	native
নিরালস্য	n i r a l O sh sh O	native
নিরালা	n i r a l a	native
নিরাশ	n i r a sh	native
নিরাশার	n i r a sh a r	native
নিরাশায়	n i r a sh a y	native
নিরাশ্বাস	n i r a sh sh a sh	tatsama
নিরাশ্রয়	n i r a sh r o y	native
নিরাশ্রয়ি	n i r a sh r o y i	native
নিরাস	n i r a sh	native
নিরাসক্ত	n i r a sh O kt O	native
নিরাহার	n i r a h a r	native
নিরিক্ষক	n i r i kkh o k	tatsama
নিরিক্ষকদের	n i r i kkh o k d e r	tatsama
নিরিক্ষকের	n i r i kkh o k e r	tatsama
নিরিক্ষন	n i r i kkh o n	tatsama
নিরিক্ষনের	n i r i kkh o n e r	tatsama
নিরিক্ষা	n i r i kkh a	tatsama
নিরিক্ষাই	n i r i kkh a i	tatsama
নিরিক্ষাও	n i r i kkh a O	tatsama
নিরিক্ষাকেন্দ্র	n i r i kkh a k e ndr o	tatsama
নিরিক্ষাধর্মি	n i r i kkh a dh o r m i	tatsama
নিরিক্ষাপ্রতিশ্ঠান	n i r i kkh a pr o t i sh Th a n	tatsama
নিরিক্ষাপ্রবন	n i r i kkh a pr o b o n	tatsama
নিরিক্ষাব্যবস্থা	n i r i kkh a b A b o sth a	tatsama
নিরিক্ষার	n i r i kkh a r	tatsama
নিরিক্ষায়	n i r i kkh a y	tatsama
নিরিক্ষিত	n i r i kkh i t o	tatsama
নিরিখ	n i r i kh	native
নিরিখেই	n i r i kh e i	native
নিরিখেও	n i r i kh e O	native
নিরিন্দ্রিয়	n i r i ndr i y O	native
নিরিবিলি	n i r i b i l i	native
নিরিবিলিতে	n i r i b i l i t e	native
নিরিম	n i r i m	native
নিরিশ্বর	n i r i sh sh o r	tatsama
নিরিহ	n i r i h O	native
নিরু	n i r u	native
নিরুকুমার	n i r u k u m a r	native
নিরুক্ত	n i r u kt O	native
নিরুত্তর	n i r u tt o r	native
নিরুত্সাহিত	n i r u t sh a h i t O	native
নিরুদ	n i r u d	native
নিরুদ্দিশ্ট	n i r u d d i sh T O	native
নিরুদ্দেশ	n i r u d d e sh	native
নিরুদ্দেশে	n i r u d d e sh e	native
নিরুদ্ধ	n i r u d dh O	tatsama
নিরুদ্বেগ	n i r u d b e g	native
নিরুদ্যম	n i r u d d o m	native
নিরুদ্যোগ	n i r u d d O g	native
নিরুপক	n i r u p o k	native
নিরুপদ্র	n i r u p O d r O b	native
নিরুপদ্রব	n i r u p d r o b	native
নিরুপন	n i r u p o n	native
নিরুপনকারি	n i r u p o n k a r i	native
নিরুপনে	n i r u p O n e	native
নিরুপনের	n i r u p O n e r	native
নিরুপম	n i r u p o m	native
নিরুপমা	n i r u p o m a	native
নিরুপমার	n i r u p o m a r	native
নিরুপা	n i r u p a	native
নিরুপায়	n i r u p a y	native
নিরুপিত	n i r u p i t O	native
নিরুৎসাহ	n i r u t sh a h O	native
নিরুৎসাহি	n i r u t sh a h i	native
নিরুৎসাহিত	n i r u t sh a h i t O	native
নিরুৎসুক	n i r u t sh u k	native
নিরেট	n i r e T	native
নিরেন্দ্রনাথ	n i r e ndr O n a th	native
নিরো	n i r O	native
নিরোগ	n i r O g	native
নিরোধ	n i r O dh	native
নিরোধক	n i r O dh O k	native
নিরোধকল্পে	n i r O dh k o l p e	native
নিরোধকের	n i r O dh o k e r	native
নিরোধে	n i r O dh e	native
নিরোধের	n i r O dh e r	native
নিরোর	n i r O r	native
নির্গত	n i r g o t O	native
নির্গন্ধ	n i r g o ndh O	tatsama
নির্গমন	n i r g o m O n	native
নির্গমনকারি	n i r g o m o n k a r i	native
নির্গমনব্যবস্থা	n i r g o m o n b A b o sth a	compound
নির্গমনে	n i r g o m o n e	native
নির্গমনের	n i r g o m O n e r	native
নির্গলন	n i r g o l O n	native
নির্গুন	n i r g u n	native
নির্গুড়	n i r g u r O	native
নির্গৃহ	n i r g ri h O	tatsama
নির্গ্রন্থ	n i r g r O n th O	native
নির্ঘন্ট	n i r gh o n T O	native
নির্ঘাত	n i r gh a t	native
নির্ঘাৎ	n i r gh a t	native
নির্ঘোশ	n i r gh O sh	native
নির্জন	n i r j o n	native
নির্জনতা	n i r j o n O t a	native
নির্জনতার	n i r j o n O t a r	native
নির্জনতায়	n i r j o n o t a y	native
নির্জর	n i r j o r	native
নির্জল	n i r j o l	native
নির্জলা	n i r j o l a	native
নির্জাস	n i r j a sh	native
নির্জিত	n i r j i t O	native
নির্জিব	n i r j i b	native
নির্ঝঞ্ঝাট	n i r jh o n jh a T	tatsama
নির্ঝরিনি	n i r jh O r i n i	native
নির্ঝরের	n i r jh o r e r	native
নির্দল	n i r d o l	native
নির্দলিয়	n i r d o l i y o	native
নির্দলিয়ভাবে	n i r d o l i y o bh a b e	native
নির্দশন	n i d o r sh o n	native
নির্দশ্টি	n i r d o sh T i	native
নির্দিশ্ট	n i r d i sh T O	native
নির্দিশ্টকরন	n i r d i sh T O k o r O n	native
নির্দিশ্টকরনের	n i r d i sh T o k o r o n e r	compound
নির্দিশ্টকৃত	n i r d i sh T o k r i t o	tatsama
নির্দিশ্টভাবে	n i r d i sh T O bh a b e	compound
নির্দিশ্টসংখ্যক	n i r d i sh T O sh o ng kh O k	compound
নির্দেশ	n i r d e sh	native
নির্দেশই	n i r d e sh i	native
নির্দেশও	n i r d e sh O	native
নির্দেশক	n i r d e sh o k	native
নির্দেশকগুলোর	n i r d e sh o k g u l O r	compound
নির্দেশকদের	n i r d e sh o k d e r	native
নির্দেশকমুল্য	n i r d e sh o k m u l l O	compound
নির্দেশকে	n i r d e sh k e	native
নির্দেশকের	n i r d e sh O k e r	native
নির্দেশক্রমে	n i r d e sh kr o m e	native
নির্দেশনাই	n i r d e sh o n a i	native
নির্দেশনাও	n i r d e sh O n a O	native
নির্দেশনাকে	n i r d e sh o n a k e	native
নির্দেশনাগুলো	n i r d e sh O n a g u l O	compound
নির্দেশনাপত্রে	n i r d e sh o n a p o tr e	compound
নির্দেশনামতো	n i r d e sh o n a m o t O	native
নির্দেশনামা	n i r d e sh n a m a	native
নির্দেশনামুলক	n i r d e sh O n a m u l O k	compound
নির্দেশনার	n i r d e sh O n a r	native
নির্দেশনাসহ	n i r d e sh o n a sh o h O	native
নির্দেশনায়	n i r d e sh o n a y	native
নির্দেশমতো	n i r d e sh m o t O	native
নির্দেশসহ	n i r d e sh sh o h O	native
নির্দেশানুজায়ি	n i r d e sh a n u j a y i	compound
নির্দেশাবলি	n i r d e sh a b O l i	native
নির্দেশিকা	n i r d e sh i k a	native
নির্দেশিকাগুলো	n i r d e sh i k a g u l O	compound
নির্দেশিকার	n i r d e sh i k a r	native
নির্দেশিকায়	n i r d e sh i k a y	native
নির্দেশিত	n i r d e sh i t O	native
নির্দেশেই	n i r d e sh e i	native
নির্দেশের	n i r d e sh e r	native
নির্দোশ	n i r d O sh	native
নির্দ্বন্দ্ব	n i r d o nd O	native
নির্দ্বিধায়	n i r d i dh a y	native
নির্দয়	n i r d o y	native
নির্দয়ভাবে	n i r d o y bh a b e	native
নির্ধন	n i r dh o n	native
নির্ধারকরা	n i r dh a r O k r a	native
নির্ধারকের	n i r dh a r o k e r	native
নির্ধারকেরা	n i r dh a r o k e r a	native
নির্ধারন	n i r dh a r o n	native
নির্ধারনই	n i r dh a r o n i	native
নির্ধারনও	n i r dh a r o n O	native
নির্ধারনকারি	n i r dh a r o n k a r i	native
নির্ধারনবিশয়ক	n i r dh a r o n b i sh o y o k	compound
নির্ধারনসংক্রান্ত	n i r dh a r o n sh o ng kr a nt O	compound
নির্ধারনসহ	n i r dh a r O n sh o h O	native
নির্ধারনি	n i r dh a r O n i	native
নির্ধারনে	n i r dh a r o n e	native
নির্ধারনেও	n i r dh a r o n e O	native
নির্ধারনের	n i r dh a r O n e r	native
নির্ধারনেরও	n i r dh a r o n e r O	native
নির্ধারিত	n i r dh a r i t O	native
নির্ধার্য	n i r dh a r j O	native
নির্ধুম	n i r dh u m	native
নির্নায়ক	n i r n a y o k	native
নির্নিত	n i r n i t O	native
নির্নিমিখ	n i n i m i kh	native
নির্নিমিত্ত	n i r n i m i tt O	native
নির্নিমেশ	n i r n i m e sh	native
নির্নয়	n i r n o y	native
নির্নয়ক	n i r n o y o k	native
নির্নয়কারি	n i r n o y k a r i	native
নির্নয়ে	n i r n o y e	native
নির্নয়ের	n i r n o y e r	native
নির্বংশ	n i r b o ng sh O	native
নির্বচন	n i r b o ch O n	native
নির্বন্ধ	n i r b o ndh O	tatsama
নির্বন্ধিত	n i r b O ndh i t O	tatsama
নির্বর্তক	n i r b o r t o k	native
নির্বর্ষ	n i r b o r sh O	tatsama
নির্বল	n i r b o l	native
নির্বস্তুক	n i r b o st u k	native
নির্বাক	n i r b a k	native
নির্বাচক	n i r b a ch O k	native
নির্বাচকও	n i r b a ch o k O	native
নির্বাচককে	n i r b a ch o k k e	native
নির্বাচকদের	n i r b a ch o k d e r	native
নির্বাচকদেরও	n i r b a ch o k d e r O	native
নির্বাচকমন্ডলি	n i r b a ch o k m o n D o l i	compound
নির্বাচকমন্ডলির	n i r b a ch o k m o n D o l i r	compound
নির্বাচকরা	n i r b a ch O k r a	native
নির্বাচকের	n i r b a ch O k e r	native
নির্বাচকেরা	n i r b a ch O k e r a	native
নির্বাচকেরাও	n i r b a ch o k e r a O	native
নির্বাচনই	n i r b a ch O n i	native
নির্বাচনকালিন	n i r b a ch O n k a l i n	compound
নির্বাচনকালে	n i r b a ch O n k a l e	native
নির্বাচনকেই	n i r b a ch o n k e i	native
নির্বাচনকেও	n i r b a ch o n k e O	native
নির্বাচনগুলো	n i r b a ch O n g u l O	native
নির্বাচনগুলোর	n i r b a ch o n g u l O r	compound
নির্বাচনজোগ্য	n i r b a ch o n j O g g o	compound
নির্বাচনটা	n i r b a ch O n T a	native
নির্বাচনটাকে	n i r b a ch o n T a k e	native
নির্বাচনপদ্ধতি	n i r b a ch o n p o d dh o t i	tatsama
নির্বাচনপুর্ব	n i r b a ch o n p u r b o	compound
নির্বাচনপ্রক্রিয়া	n i r b a ch o n pr o kr i y a	compound
নির্বাচনব্যবস্থা	n i r b a ch o n b A b o sth a	compound
নির্বাচনভিত্তিক	n i r b a ch o n bh i tt i k	compound
নির্বাচনমুখি	n i r b a ch o n m u kh i	native
নির্বাচনসংক্রান্ত	n i r b a ch o n sh o ng kr a nt O	compound
নির্বাচনসংশ্লিশ্ট	n i r b a ch o n sh o ng sh l i sh T o	compound
নির্বাচনসর্বস্ব	n i r b a ch o n sh o r b o sh sh o	tatsama
নির্বাচনসহ	n i r b a ch o n sh o h O	native
নির্বাচনি	n i r b a ch O n i	native
নির্বাচনে	n i r b a ch o n e	native
নির্বাচনেই	n i r b a ch o n e i	native
নির্বাচনেরও	n i r b a ch o n e r O	native
নির্বাচনোত্তর	n i r b a ch o n O tt o r	compound
নির্বাচিত	n i r b a ch i t O	native
নির্বাচিতরা	n i r b a ch i t O r a	native
নির্বাচ্য	n i r b a ch ch O	native
নির্বাত	n i r b a t	native
নির্বাধ	n i r b a dh	native
নির্বান	n i r b a n	native
নির্বানোন্মুখ	n i r b a n O n m u kh	compound
নির্বাপক	n i r b a p O k	native
নির্বাপন	n i r b a p O n	native
নির্বাপিত	n i r b a p i t O	native
নির্বাসন	n i r b a sh O n	loanword
নির্বাসনে	n i r b a sh O n e	loanword
নির্বাসনের	n i r b a sh O n e r	loanword
নির্বাসিত	n i r b a sh i t O	loanword
নির্বাহ	n i r b a h O	native
নির্বাহিকে	n i r b a h i k e	native
নির্বাহিদের	n i r b a h i d e r	native
নির্বাহির	n i r b a h i r	native
নির্বাহিরা	n i r b a h i r a	native
নির্বাহে	n i r b a h e	native
নির্বাহের	n i r b a h e r	native
নির্বিকল্প	n i r o i b o k o l p O	native
নির্বিকার	n i r b i k a r	native
নির্বিকারচিত্তে	n i r b i k a r ch i tt e	compound
নির্বিকারভাবে	n i r b i k a r bh a b e	compound
নির্বিকারে	n i r b i k a r e	native
নির্বিঘে	n i r b i gh e	native
নির্বিঘ্ন	n i r b i gh n O	native
নির্বিঘ্নে	n i r b i gh n e	native
নির্বিঘ্নেই	n i r b i gh n e i	native
নির্বিচার	n i r b i ch a r	native
নির্বিচারে	n i r b i ch a r e	native
নির্বিজ	n i r b i j	native
নির্বিন্ন	n i r b i nn O	native
নির্বিবাদ	n i r b i b a d	native
নির্বিবাদি	n i r b i b a d i	native
নির্বিবাদে	n i r b i b a d e	native
নির্বির	n i r b i r	native
নির্বিরোধ	n i r b i r O dh	native
নির্বিরোধি	n i r b i r O dh i	native
নির্বিশ	n i r b i sh	native
নির্বিশংক	n i r b i sh o ng k O	native
নির্বিশেশ	n i r b i sh e sh	native
নির্বিশেশে	n i r b i sh e sh e	native
নির্বিশয়	n i r b i sh o y	native
নির্বুদ্ধি	n i r b u d dh i	tatsama
নির্বুদ্ধিতার	n i r b u d dh i t a r	tatsama
নির্বুড়	n i r b u r O	native
নির্বৃতি	n i r b ri t i	tatsama
নির্বেদ	n i r b e d	native
নির্বোধ	n i r b O dh	native
নির্ব্যাজ	n i r b A j	native
নির্ভর	n i r bh o r	native
নির্ভরজোগ্য	n i r bh o r j O g g O	native
নির্ভরজোগ্যতা	n i r bh o r j O g g o t a	compound
নির্ভরতা	n i r bh o r O t a	native
নির্ভরতার	n i r bh o r O t a r	native
নির্ভরতায়	n i r bh o r o t a y	native
নির্ভরশিল	n i r bh o r sh i l	native
নির্ভরশিলতা	n i r bh o r sh i l o t a	native
নির্ভরশিলতার	n i r bh o r sh i l o t a r	native
নির্ভরশিলদের	n i r bh o r sh i l d e r	native
নির্ভাবনা	n i r bh a b O n a	native
নির্ভাবনায়	n i r bh a b n a y	native
নির্ভার	n i r bh a r	native
নির্ভিক	n i r bh i k	native
নির্ভুলতা	n i r bh u l o t a	native
নির্ভুলতার	n i r bh u l o t a r	native
নির্ভেজাল	n i r bh e j a l	native
নির্ভয়	n i r bh o y	native
নির্ভয়ে	n i r bh o y e	native
নির্মক্ষিক	n i r m O kkh i k	tatsama
নির্মঞ্ছন	n i r m o n chh o n	tatsama
নির্মম	n i r m o m	native
নির্মমতা	n i r m o m O t a	native
নির্মমতার	n i r m o m O t a r	native
নির্মমতায়	n i r m o m o t a y	native
নির্মমভাবে	n i r m o m bh a b e	native
নির্মমভাবেই	n i r m o m bh a b e i	native
নির্মল	n i r m o l	native
নির্মলকে	n i r m o l k e	native
নির্মলা	n i r m o l a	native
নির্মলেন্দু	n i r m o l e nd u	native
নির্মলের	n i r m o l e r	native
নির্মাতা	n i r m a t a	native
নির্মাতাই	n i r m a t a i	native
নির্মাতাও	n i r m a t a O	native
নির্মাতাকে	n i r m a t a k e	native
নির্মাতাদের	n i r m a t a d e r	native
নির্মাতাপ্রতিশ্ঠান	n i r m a t a pr O t i sh Th a n	compound
নির্মাতাপ্রতিশ্ঠানকে	n i r m a t a pr o t i sh Th a n k e	compound
নির্মাতাপ্রতিশ্ঠানের	n i r m a t a pr o t i sh Th a n e r	compound
নির্মাতার	n i r m a t a r	native
নির্মাতারা	n i r m a t a r a	native
নির্মাতারাও	n i r m a t a r a O	native
নির্মান	n i r m a n	native
নির্মানই	n i r m a n i	native
নির্মানও	n i r m a n O	native
নির্মানকর্মি	n i r m a n k o r m i	native
নির্মানকর্মিদের	n i r m a n k o r m i d e r	compound
নির্মানকাজ	n i r m a n k a j	native
নির্মানকাজও	n i r m a n k a j O	native
নির্মানকাজটি	n i r m a n k a j T i	native
নির্মানকাজে	n i r m a n k a j e	native
নির্মানকাজের	n i r m a n k a j e r	native
নির্মানকারি	n i r m a n k a r i	native
নির্মানকারিদের	n i r m a n k a r i d e r	compound
নির্মানকারিরা	n i r m a n k a r i r a	compound
নির্মানকাল	n i r m a n k a l	native
নির্মানকালিন	n i r m a n k a l i n	native
নির্মানকালে	n i r m a n k a l e	native
নির্মানকে	n i r m a n k e	native
নির্মানকোউশল	n i r m a n k O u sh o l	native
নির্মানত্রুটি	n i r m a n tr u T i	compound
নির্মানপ্রজুক্তি	n i r m a n pr o j u kt i	compound
নির্মানপ্রতিশ্ঠান	n i r m a n pr o t i sh Th a n	compound
নির্মানপ্রতিশ্ঠানে	n i r m a n pr o t i sh Th a n e	compound
নির্মানবিধি	n i r m a n b i dh i	native
নির্মানবিশয়ক	n i r m a n b i sh o y o k	native
নির্মানব্যয়	n i r m a n b A y	native
নির্মানব্যয়ের	n i r m a n b A y e r	compound
নির্মানশইলি	n i r m a n sh O i l i	native
নির্মানশইলির	n i r m a n sh O i l i r	native
নির্মানশিল্প	n i r m a n sh i l p o	native
নির্মানশিল্পে	n i r m a n sh i l p e	compound
নির্মানশিল্পের	n i r m a n sh i l p e r	compound
নির্মানশোইলি	n i r m a n sh O i l i	native
নির্মানশোইলির	n i r m a n sh O i l i r	compound
নির্মানশ্রমিক	n i r m a n sh r O m i k	compound
নির্মানশ্রমিকদের	n i r m a n sh r o m i k d e r	compound
নির্মানশ্রমিকের	n i r m a n sh r o m i k e r	compound
নির্মানশ্রমিকেরা	n i r m a n sh r o m i k e r a	compound
নির্মানসংক্রান্ত	n i r m a n sh o ng kr a nt O	compound
নির্মানসহ	n i r m a n sh o h O	native
নির্মানসামগ্রি	n i r m a n sh a m O gr i	compound
নির্মানসামগ্রির	n i r m a n sh a m O gr i r	compound
নির্মানস্থলে	n i r m a n sth o l e	native
নির্মানাধিন	n i r m a n a dh i n	native
নির্মানে	n i r m a n e	native
নির্মানেও	n i r m a n e O	native
নির্মানের	n i r m a n e r	native
নির্মানেরও	n i r m a n e r O	native
নির্মাল্য	n i r m a l l O	native
নির্মিত	n i r m i t O	native
নির্মিতব্য	n i r m i t o b b O	native
নির্মিয়মান	n i r m i y o m a n	native
নির্মুক্ত	n i r m u kt O	native
নির্মুল	n i r m u l	native
নির্মুলন	n i r m u l o n	native
নির্মুলে	n i r m u l e	native
নির্মুলের	n i r m u l e r	native
নির্মোক	n i r m O k	native
নির্মোঘ	n i r m O gh	native
নির্মোচন	n i r m O ch O n	native
নির্মোচ্য	n i r m O ch ch O	native
নির্মোহ	n i r m O h O	native
নির্মোহভাবে	n i r m O h o bh a b e	native
নির্মোহি	n i r m O h i	native
নির্ম্মান	n i r m a n	native
নির্মৎসর	n i r m o t sh o r	native
নির্যশ	n i r j o sh	native
নির্যাতক	n i r j a t O k	native
নির্যাতকদের	n i r j a t o k d e r	native
নির্যাতকের	n i r j a t o k e r	native
নির্যাতকেরা	n i r j a t o k e r a	native
নির্যাতন	n i r j a t O n	native
নির্যাতনই	n i r j a t o n i	native
নির্যাতনও	n i r j a t O n O	native
নির্যাতনকারি	n i r j a t o n k a r i	native
নির্যাতনকারিকে	n i r j a t o n k a r i k e	compound
নির্যাতনকারিদের	n i r j a t o n k a r i d e r	compound
নির্যাতনকারির	n i r j a t o n k a r i r	compound
নির্যাতনকারিরা	n i r j a t o n k a r i r a	compound
নির্যাতনকারিরাই	n i r j a t O n k a r i r a i	compound
নির্যাতনকে	n i r j a t O n k e	native
নির্যাতনকেন্দ্রে	n i r j a t o n k e ndr e	compound
নির্যাতনবিরোধি	n i r j a t o n b i r O dh i	compound
নির্যাতনবিশয়ক	n i r j a t o n b i sh o y o k	compound
নির্যাতনমুক্ত	n i r j a t o n m u kt O	compound
নির্যাতনমুলক	n i r j a t O n m u l O k	native
নির্যাতনসহ	n i r j a t O n sh o h O	native
নির্যাতনে	n i r j a t o n e	native
নির্যাতনের	n i r j a t O n e r	native
নির্যাতিত	n i r j a t i t O	native
নির্যাতিতদের	n i r j a t i t O d e r	native
নির্যাতিতরা	n i r j a t i t O r a	native
নির্যাতিতার	n i r j a t i t a r	native
নির্যাতিতের	n i r j a t i t e r	native
নির্যাস	n i r j a sh	native
নির্লজ্জ	n i r l o j j O	native
নির্লজ্জভাবে	n i r l o j j O bh a b e	native
নির্লিপ্ত	n i r l i p t O	native
নির্লিপ্ততা	n i r l i p t O t a	native
নির্লিপ্ততার	n i r l i p t o t a r	native
নির্লেপ	n i r l e p	native
নির্লোভ	n i r l O bh	native
নির্লোম	n i r l O m	native
নিরয়	n i r o y	native
নিল	n i l	native
নিলকন্ঠ	n i l k o n Th O	native
নিলকমল	n i l k o m o l	native
নিলকর	n i l k o r	native
নিলকান্ত	n i l k a nt o	native
নিলকান্তমনি	n i l k a nt o m o n i	native
নিলকান্তমনির	n i l k a nt o m o n i r	native
নিলকুঠি	n i l k u Th i	native
নিলকুঠিটি	n i l k u Th i T i	native
নিলকুঠিতে	n i l k u Th i t e	native
নিলকুঠির	n i l k u Th i r	native
নিলক্ষেত	n i l kh e t	tatsama
নিলক্ষেতে	n i l kh e t e	tatsama
নিলক্ষেতের	n i l kh e t e r	tatsama
নিলখি	n i l kh i	native
নিলগঞ্জ	n i l g o nj	tatsama
নিলগাই	n i l g a i	native
নিলগিরি	n i l g i r i	native
নিলগিরিতে	n i l g i r i t e	native
নিলগিরির	n i l g i r i r	native
নিলচে	n i l ch e	native
নিলটুলি	n i l T u l i	native
নিলডুমুর	n i l D u m u r	native
নিলদর্পন	n i l d o r p o n	native
নিলনকশা	n i l n o k sh a	native
নিলনকশাকে	n i l n o k sh a k e	native
নিলনকশার	n i l n o k sh a r	native
নিলফামারি	n i l ph a m a r i	native
নিলফামারিতে	n i l ph a m a r i t e	native
নিলফামারির	n i l ph a m a r i r	native
নিলমনি	n i l m O n i	native
নিলমার	n i l m a r	native
নিলম্বন	n i l o mb O n	native
নিলরা	n i l r a	native
নিলরাজার	n i l r a j a r	native
নিলস	n i l s	proper_noun
নিলসন	n i l s o n	proper_noun
নিলসাগর	n i l sh a g O r	native
নিলসেন	n i l s e n	proper_noun
নিলা	n i l a	native
নিলাকাশ	n i l a k a sh	native
নিলাকাশে	n i l a k a sh e	native
নিলাকে	n i l a k e	native
নিলাচল	n i l a ch o l	native
নিলাচলে	n i l a ch o l e	native
নিলাজ	n i l a j	native
নিলাঞ্জন	n i l a nj O n	tatsama
নিলাঞ্জনা	n i l a nj o n a	tatsama
নিলাভ	n i l a bh	native
নিলাভ্র	n i l a b bh r O	native
নিলাম	n i l a m	native
নিলামও	n i l a m O	native
নিলামকারি	n i l a m k a r i	native
নিলামঘরে	n i l a m gh o r e	native
নিলামজোগ্য	n i l a m j O g g o	native
নিলামে	n i l a m e	native
নিলামেও	n i l a m e O	native
নিলামের	n i l a m e r	native
নিলাম্বর	n i l a mb o r	native
নিলাম্বরি	n i l a mb O r i	native
নিলার	n i l a r	native
নিলি	n i l i	native
নিলিকা	n i l i k a	native
নিলিন	n i l i n	native
নিলিম	n i l i m	native
নিলিমা	n i l i m a	native
নিলিমার	n i l i m a r	native
নিলু	n i l u	native
নিলুফা	n i l u ph a	native
নিলুফার	n i l u ph a r	native
নিলুর	n i l u r	native
নিলে	n i l e	native
নিলেই	n i l e i	native
নিলেও	n i l e O	native
নিলেনই	n i l e n i	native
নিলের	n i l e r	native
নিলেরা	n i l e r a	native
নিলো	n i l O	native
নিলোফার	n i l O ph a r	native
নিলোৎপল	n i l O t p o l	native
নিলয়	n i l o y	native
নিলয়ের	n i l o y e r	native
নিশংক	n i sh o n k o	native
নিশংগ	n i sh o ng g O	native
নিশন্ন	n i sh o nn O	native
নিশপিশ	n i sh p i sh	native
নিশরাত	n i sh r a t	native
নিশরাতের	n i sh r a t e r	native
নিশা	n i sh a	native
নিশাকরের	n i sh a k o r e r	native
নিশাচর	n i sh a ch o r	native
নিশাত	n i sh a t	native
নিশাতকে	n i sh a t k e	native
নিশাতের	n i sh a t e r	native
নিশাদ	n i sh a d	native
নিশাদকে	n i sh a d k e	native
নিশাদি	n i sh a d i	native
নিশাদুল	n i sh a d u l	native
নিশাদের	n i sh a d e r	native
নিশান	n i sh a n	native
নিশানবাড়িয়া	n i sh a n b a r i y a	native
নিশানা	n i sh a n a	native
নিশানায়	n i sh a n a y	native
নিশানের	n i sh a n e r	native
নিশামের	n i sh a m e r	native
নিশার	n i sh a l	native
নিশারুল	n i sh a r u l	native
নিশাস	n i sh a sh	native
নিশাসেকে	n i sh a sh e k e	native
নিশি	n i sh i	native
নিশিইয়ামা	n i sh i i y a m a	native
নিশিকান্তের	n i sh i k a nt e r	native
নিশিক্ত	n i sh i kt O	native
নিশিত	n i sh i t O	native
নিশিতা	n i sh i t a	native
নিশিতার	n i sh i t a r	native
নিশিথ	n i sh i th O	native
নিশিথরাতের	n i sh i th r a t e r	native
নিশিথা	n i sh i th a	native
নিশিথিনি	n i sh i th i n i	native
নিশিদ্ধ	n i sh i d dh O	tatsama
নিশিদ্ধই	n i sh i d dh o i	tatsama
নিশিদ্ধও	n i sh i d dh o O	tatsama
নিশিদ্ধকরন	n i sh i d dh O k o r O n	tatsama
নিশিদ্ধকরনের	n i sh i d dh o k o r o n e r	tatsama
নিশিদ্ধঘোশিত	n i sh i d dh O gh O sh i t O	tatsama
নিশিদ্ধের	n i sh i d dh e r	tatsama
নিশিন	n i sh i n	native
নিশিন্দা	n i sh i nd a	native
নিশিন্দারা	n i sh i nd a r a	native
নিশিবো	n i sh i b O	native
নিশুতি	n i sh u t i	native
নিশুপ্ত	n i sh u p t O	native
নিশেক	n i sh e k	native
নিশেকের	n i sh e k e r	native
নিশেধ	n i sh e dh	native
নিশেধাজ্ঞা	n i sh e dh a g g a	tatsama
নিশেধাজ্ঞাই	n i sh e dh a g g a i	tatsama
নিশেধাজ্ঞাও	n i sh e dh a g g a O	tatsama
নিশেধাজ্ঞাকে	n i sh e dh a g g a k e	tatsama
নিশেধাজ্ঞাটা	n i sh e dh a g g a T a	tatsama
নিশেধাজ্ঞাটি	n i sh e dh a g g a T i	tatsama
নিশেধাজ্ঞার	n i sh e dh a g g a r	tatsama
নিশেধাজ্ঞাসহ	n i sh e dh a g g a sh o h O	tatsama
নিশেধাজ্ঞায়	n i sh e dh a g g a y	tatsama
নিশেধের	n i sh e dh e r	native
নিশেবক	n i sh e b o k	native
নিশেবন	n i sh e b o n	native
নিশো	n i sh O	native
নিশোর	n i sh O r	native
নিশোয়াস	n i sh O y a sh	native
নিশ্ক	n i sh k O	native
নিশ্কন্টক	n i sh k o n T O k	native
নিশ্কপট	n i sh k o p O T	native
নিশ্কম্প	n i sh k o mp O	native
নিশ্কর	n i sh k o r	native
নিশ্করুন	n i sh k o r u n	native
নিশ্কর্মা	n i sh k o r m a	native
নিশ্কর্ষ	n i sh k o r sh O	tatsama
নিশ্কর্ষন	n i sh k o r sh O n	tatsama
নিশ্কল	n i sh k o l	native
নিশ্কলংক	n i sh k o l O ng k O	native
নিশ্কলুশ	n i sh k O l u sh	native
নিশ্কাম	n i sh k a m	native
নিশ্কাশ	n i sh k a sh	native
নিশ্কাশন	n i sh k a sh o n	native
নিশ্কাশনব্যবস্থা	n i sh k a sh o n b A b o sth a	compound
নিশ্কাশনব্যবস্থার	n i sh k a sh o n b A b o sth a r	compound
নিশ্কাশনে	n i sh k a sh o n e	native
নিশ্কাশনের	n i sh k a sh o n e r	native
নিশ্কাশিত	n i sh k a sh i t O	native
নিশ্কুল	n i sh k u l	native
নিশ্কৃতি	n i sh k ri t i	tatsama
নিশ্কৃতির	n i sh k ri t i r	tatsama
নিশ্ক্রান্ত	n i sh k r a nt O	native
নিশ্ক্রিয়	n i sh k r i y O	native
নিশ্ক্রিয়করন	n i sh k r i y o k o r o n	native
নিশ্ক্রিয়কারি	n i sh k r i y o k a r i	compound
নিশ্ক্রিয়তা	n i sh k r i y o t a	native
নিশ্ক্রিয়তাকে	n i sh k r i y o t a k e	compound
নিশ্ক্রিয়তার	n i sh k r i y o t a r	native
নিশ্ক্রিয়তায়	n i sh k r i y o t a y	native
নিশ্ক্রয়	n i sh k r o y	native
নিশ্চত	n i sh ch o t	native
নিশ্চল	n i sh ch o l	native
নিশ্চিত	n i sh ch i t	native
নিশ্চিতই	n i sh ch i t O i	native
নিশ্চিতও	n i sh ch i t O	native
নিশ্চিতকরন	n i sh ch i t O k o r O n	native
নিশ্চিতকরনে	n i sh ch i t k O r O n e	native
নিশ্চিতকরনের	n i sh ch i t k O r O n e r	native
নিশ্চিতকল্পে	n i sh ch i t o k o l p e	native
নিশ্চিতকারি	n i sh ch i t o k a r i	native
নিশ্চিতভাবে	n i sh ch i t O bh a b e	native
নিশ্চিতভাবেই	n i sh ch i t O bh a b e i	native
নিশ্চিতে	n i sh ch i t e	native
নিশ্চিতের	n i sh ch i t e r	native
নিশ্চিন্তে	n i sh ch i nt e	native
নিশ্চিন্তেই	n i sh ch i nt e i	native
নিশ্চিহ্ন	n i sh ch i n h O	native
নিশ্চেতন	n i sh ch e t o n o	native
নিশ্চেশ্ট	n i sh ch e sh T O	native
নিশ্চয়	n i sh ch o y	native
নিশ্চয়ই	n i sh ch o i	native
নিশ্চয়তা	n i sh ch o y o t a	native
নিশ্চয়তাই	n i sh ch o y o t a i	native
নিশ্চয়তাও	n i sh ch o y o t a O	native
নিশ্চয়তাপত্র	n i sh ch o y o t a p o tr O	native
নিশ্চয়তার	n i sh ch o y o t a r	native
নিশ্চয়তাসহ	n i sh ch o y o t a sh o h O	native
নিশ্চয়তায়	n i sh ch o y o t a y	native
নিশ্ছিদ্র	n i sh chh i d r O	native
নিশ্ঠ	n i sh Th O	native
নিশ্ঠা	n i sh Th a	native
নিশ্ঠাবান	n i sh Th a b a n	native
নিশ্ঠার	n i sh Th a r	native
নিশ্ঠায়	n i sh Th a y	native
নিশ্ঠুর	n i sh Th u r	native
নিশ্ঠুরতম	n i sh Th u r t o m o	native
নিশ্ঠুরতা	n i sh Th u r o t a	native
নিশ্ঠুরতাকে	n i sh Th u r o t a k e	native
নিশ্ঠুরতার	n i sh Th u r o t a r	native
নিশ্ঠুরতায়	n i sh Th u r o t a y	native
নিশ্ঠুরভাবে	n i sh Th u r bh a b e	native
নিশ্ঠ্যুত	n i sh Th u t O	native
নিশ্পতির	n i sh p o t t i r	native
নিশ্পত্তি	n i sh p o tt i	native
নিশ্পত্তিও	n i sh p o tt i O	native
নিশ্পত্তিকৃত	n i sh p o tt i k r i t o	tatsama
নিশ্পত্তিজোগ্য	n i sh p o tt i j O g g o	compound
নিশ্পত্তিতে	n i sh p o tt i t e	native
নিশ্পত্তির	n i sh p o tt i r	native
নিশ্পত্র	n i sh p o tr O	native
নিশ্পন্ন	n i sh p O nn O	native
নিশ্পন্নাধিন	n i sh p o nn a dh i n	native
নিশ্পলক	n i sh p o l o k	native
নিশ্পাদক	n i sh p a d O k	native
নিশ্পাদন	n i sh p a d O n	native
নিশ্পাপ	n i sh p a p	native
নিশ্পিশ্ট	n i sh p i sh T O	native
নিশ্পেশন	n i sh p e sh o n	native
নিশ্পেশনের	n i sh p e sh o n e r	native
নিশ্পেশিত	n i sh p e sh i t O	native
নিশ্প্রদিপ	n i sh p r O d i p	native
নিশ্প্রভ	n i sh p r o bh O	native
নিশ্প্রভতা	n i sh p r o bh o t a	native
নিশ্প্রান	n i sh p r a n	native
নিশ্প্রয়োজন	n i sh p r O y O j O n	native
নিশ্প্রয়োজনে	n i sh p r o y O j o n e	native
নিশ্ফল	n i sh ph o l	native
নিশ্ফলা	n i sh ph o l a	native
নিশ্বাস	n i sh sh a sh	tatsama
নিশ্যন্দ	n i sh sh o nd o	native
নিসকেন্স	n i sh k e n s	loanword
নিসন	n i sh o n	native
নিসর্গ	n i sh o r g O	native
নিসর্গবিদ	n i sh o r g o b i d	native
নিসর্গি	n i sh o r g i	native
নিসর্গে	n i sh o r g e	native
নিসর্গের	n i sh o r g e r	native
নিসা	n i sh a	native
নিসাদল	n i sh a d o l	native
নিসান	n i sh a n	native
নিসাব	n i sh a b	native
নিসার	n i sh a r	native
নিসারুল	n i sh a r u l	native
নিসাস	n i sh a sh	native
নিসাড়া	n i sh a r a	native
নিসুত	n i sh u t	native
নিসুদক	n i sh u d o k	native
নিসুদন	n i sh u d o n	native
নিসৃশ্ট	n i sh sh ri sh T O	tatsama
নিস্ক্রিয়	n i sh k r i y o	loanword
নিস্টলরয়ের	n i s T o l r o y e r	proper_noun
নিস্তনাবুদ	n i st o n a b u d	native
নিস্তনি	n i st O n i	native
নিস্তব্ধ	n i st o b dh O	native
নিস্তব্ধতা	n i st o b dh O t a	native
নিস্তব্ধতার	n i st o b dh O t a r	native
নিস্তরংগ	n i st o r O ng g O	native
নিস্তরন	n i st o r O n	native
নিস্তল	n i st o l	native
নিস্তার	n i st a r	native
নিস্তারিনি	n i st a r i n i	native
নিস্তুশ	n i st u sh	native
নিস্তেজ	n i st e j	native
নিস্তেজাঃ	n i st e j a h	tatsama
নিস্পৃহ	n i s p ri h O	tatsama
নিস্পৃহতা	n i s p ri h o t a	tatsama
নিহত	n i h o t O	native
নিহতও	n i h o t o O	native
নিহতদের	n i h O t O d e r	native
নিহতরা	n i h o t O r a	native
নিহতের	n i h o t e r	native
নিহতেরা	n i h o t e r a	native
নিহা	n i h a	native
নিহাদ	n i h a d	native
নিহার	n i h a r	native
নিহাররঞ্জন	n i h a r r o nj O n	tatsama
নিহারিকা	n i h a r i k a	native
নিহালি	n i h a l i	native
নিহাস	n i h a sh	native
নিহিত	n i h i t O	native
নিহিলিস্ট	n i h i l i s T o	loanword
নিহুরি	n i h u r i	native
নিহুড়িআ	n i h u r i y a	native
নিৎশের	n i t sh e r	native
নিৎেকে	n i t e k e	native
নিৎের	n i t e r	native
নিড়	n i r	native
নিড়ন	n i r o n	native
নিড়বিড়ি	n i r b i r	native
নিড়ানি	n i r a n i	native
নিড়ে	n i r e	native
নিয়ত	n i y o t O	native
নিয়তি	n i y o t i	native
নিয়তিই	n i y o t i i	native
নিয়তিকে	n i y o t i k e	native
নিয়তির	n i y o t i r	native
নিয়তে	n i y o t e	native
নিয়তের	n i y o t e r	native
নিয়ন	n i y o n	native
নিয়ন্তা	n i y O nt a	native
নিয়ন্ত্রক	n i y o n t r o k	native
নিয়ন্ত্রককে	n i y o n t r o k k e	native
নিয়ন্ত্রকদের	n i y o n t r o k d e r	native
নিয়ন্ত্রকসহ	n i y o n t r o k sh o h O	native
নিয়ন্ত্রকের	n i y o n t r o k e r	native
নিয়ন্ত্রকেরা	n i y o n t r o k e r a	native
নিয়ন্ত্রন	n i y O n t r O n	native
নিয়ন্ত্রনই	n i y o n t r o n i	native
নিয়ন্ত্রনও	n i y o n t r o n O	native
নিয়ন্ত্রনকক্ষ	n i y o n t r o n k o kkh o	tatsama
নিয়ন্ত্রনকক্ষকে	n i y o n t r o n k o kkh o k e	tatsama
নিয়ন্ত্রনকক্ষে	n i y o n t r o n k o kkh e	tatsama
নিয়ন্ত্রনকক্ষের	n i y o n t r o n k o kkh e r	tatsama
নিয়ন্ত্রনকাঠামো	n i y o n t r o n k a Th a m O	compound
নিয়ন্ত্রনকারি	n i y O n t r O n k a r i	compound
নিয়ন্ত্রনকারিদের	n i y o n t r o n k a r i d e r	compound
নিয়ন্ত্রনকে	n i y o n t r o n k e	native
নিয়ন্ত্রনকেন্দ্র	n i y o n t r o n k e ndr o	compound
নিয়ন্ত্রনজন্ত্র	n i y o n t r o n j o n t r o	compound
নিয়ন্ত্রনজন্ত্রের	n i y o n t r o n j o n t r e r	compound
নিয়ন্ত্রনজোগ্য	n i y o n t r o n j O g g o	compound
নিয়ন্ত্রনবিধি	n i y o n t r o n b i dh i	compound
নিয়ন্ত্রনবিশয়ক	n i y o n t r o n b i sh o y o k	compound
নিয়ন্ত্রনব্যবস্থা	n i y o nt r o n b A b o sth a	compound
নিয়ন্ত্রনব্যবস্থার	n i y o nt r o n b A b o sth a r	compound
নিয়ন্ত্রনভার	n i y o n t r o n bh a r	native
নিয়ন্ত্রনমুক্ত	n i y o n t r o n m u kt O	compound
নিয়ন্ত্রনমুলক	n i y o n t r o n m u l o k	compound
নিয়ন্ত্রনসংক্রান্ত	n i y o n t r o n sh o ng kr a nt O	compound
নিয়ন্ত্রনসহ	n i y o n t r o n sh o h O	native
নিয়ন্ত্রনহিন	n i y o n t r o n h i n	native
নিয়ন্ত্রনহিনতার	n i y o n t r o n h i n o t a r	compound
নিয়ন্ত্রনহিনভাবে	n i y o n t r o n h i n bh a b e	compound
নিয়ন্ত্রনাধিন	n i y o n t r o n a dh i n	compound
নিয়ন্ত্রনি	n i y o n t r o n i	native
নিয়ন্ত্রনে	n i y o n t r o n e	native
নিয়ন্ত্রনেই	n i y o n t r o n e i	native
নিয়ন্ত্রনেও	n i y o n t r o n e O	native
নিয়ন্ত্রনের	n i y O n t r O n e r	native
নিয়ন্ত্রি	n i y O n t r i	native
নিয়ন্ত্রিত	n i O nt ri t O	native
নিয়ন্ত্রিতভাবে	n i y o n t r i t o bh a b e	compound
নিয়ম	n i y O m	native
নিয়মই	n i y o m i	native
নিয়মও	n i y o m O	native
নিয়মকানুন	n i y o m k a n u n	native
নিয়মকানুনে	n i y o m k a n u n e	native
নিয়মকানুনের	n i y o m k a n u n e r	native
নিয়মকে	n i y o m k e	native
নিয়মগুলো	n i y o m g u l O	native
নিয়মগুলোর	n i y o m g u l O r	native
নিয়মটা	n i y o m T a	native
নিয়মটি	n i y o m T i	native
নিয়মতান্ত্রিক	n i y o m t a n t r i k	compound
নিয়মতান্ত্রিকতা	n i y o m t a n t r i k o t a	compound
নিয়মতান্ত্রিকভাবে	n i y o m t a n t r i k bh a b e	compound
নিয়মনিতি	n i y o m n i t i	native
নিয়মনিতিকে	n i y o m n i t i k e	native
নিয়মনিতিতে	n i y o m n i t i t e	native
নিয়মনিতির	n i y o m n i t i r	native
নিয়মবদ্ধ	n i y o m b o d dh o	tatsama
নিয়মবহির্ভুত	n i y o m b o h i r bh u t O	native
নিয়মবহির্ভুতভাবে	n i y o m b o h i r bh u t O bh a b e	compound
নিয়মবিধি	n i y o m b i dh i	native
নিয়মভংগের	n i y o m bh o ng g e r	native
নিয়মমতো	n i y o m m o t O	native
নিয়মমাফিক	n i y o m m a ph i k	native
নিয়মরক্ষার	n i y o m r o kkh a r	tatsama
নিয়মশৃংখলা	n i y o m sh ri ng kh o l a	tatsama
নিয়মসিদ্ধ	n i y o m sh i d dh o	tatsama
নিয়মাচার	n i y o m a ch a r	native
নিয়মান	n i y O m a n	native
নিয়মানুগভাবে	n i y o m a n u g bh a b e	native
নিয়মানুজায়ি	n i y o m a n u j a y i	native
নিয়মানুবর্তি	n i y o m a n u b o r t i	native
নিয়মানুবর্তিতা	n i y o m a n u b o r t i t a	compound
নিয়মানুবর্তিতার	n i y o m a n u b o r t i t a r	compound
নিয়মানুসারে	n i y o m a n u sh a r e	native
নিয়মাবলি	n i y o m a b o l i	native
নিয়মিত	n i y O m i t O	native
নিয়মিতই	n i y o m i t o i	native
নিয়মিতকরন	n i y o m i t o k o r o n	native
নিয়মিতকরনের	n i y o m i t o k o r o n e r	native
নিয়মিতভাবে	n i y o m i t o bh a b e	native
নিয়মিতভাবেই	n i y o m i t o bh a b e i	native
নিয়মে	n i y o m e	native
নিয়মেই	n i y o m e i	native
নিয়মের	n i y o m e r	native
নিয়া	n i y a	native
নিয়াই	n i y a i	native
নিয়াজ	n i y a j	native
নিয়াজউদ্দিন	n i y a j u d d i n	native
নিয়াজি	n i y a j i	native
নিয়াজিকে	n i y a j i k e	native
নিয়াজির	n i y a j i r	native
নিয়াজুল	n i y a j u l	native
নিয়াজুলকে	n i y a j u l k e	native
নিয়াজুলের	n i y a j u l e r	native
নিয়াজের	n i y a j e r	native
নিয়ান	n i y a n	native
নিয়ানজা	n i y a n j a	native
নিয়ামক	n i y a m O k	native
নিয়ামকের	n i y a m o k e r	native
নিয়ামত	n i y a m o t	native
নিয়ামতপুর	n i y a m o t p u r	native
নিয়ামতি	n i y a m o t i	native
নিয়ামতের	n i y a m o t e r	native
নিয়ামুর	n i y a m u r	native
নিয়ামুল	n i y a m u l	native
নিয়ামুলের	n i y a m u l e r	native
নিয়ামে	n i y a m e	native
নিয়ামের	n i y a m e r	native
নিয়ার	n i y a r	native
নিয়াল	n i y a l	native
নিয়ে	n i y e	native
নিয়েই	n i y e i	native
নিয়েইন	n i y e i n	native
নিয়েও	n i y e O	native
নিয়েছ	n i y e chh o	native
নিয়েছি	n i y e chh i	native
নিয়েছিল	n i y e chh i l o	native
নিয়েছিলাম	n i y e chh i l a m	native
নিয়েছিলেন	n i y e chh i l e n	native
নিয়েছে	n i y e chh e	native
নিয়েছেন	n i y e chh e n	native
নিয়েন	n i y e n	native
নিয়েলসন	n i y e l sh o n	native
নিয়েলসনের	n i y e l sh o n e r	native
নিয়েলসেন	n i y e l sh e n	native
নিয়ো	n i y O	native
নিয়োগ	n i y O g	native
নিয়োগই	n i y O g i	native
নিয়োগও	n i y O g O	native
নিয়োগকর্তা	n i y O g k o r t a	native
নিয়োগকারি	n i y O g k a r i	native
নিয়োগকারিদের	n i y O g k a r i d e r	native
নিয়োগকারির	n i y O g k a r i r	native
নিয়োগকারিরা	n i y O g k a r i r a	native
নিয়োগকৃত	n i y O g k ri t o	tatsama
নিয়োগকে	n i y O g k e	native
নিয়োগক্ষমতা	n i y O g kh o m o t a	tatsama
নিয়োগগুলো	n i y O g g u l O	native
নিয়োগটি	n i y O g T i	native
নিয়োগদাতা	n i y O g d a t a	native
নিয়োগদাতার	n i y O g d a t a r	native
নিয়োগদান	n i y O g d a n	native
নিয়োগদানের	n i y O g d a n e r	native
নিয়োগপত্র	n i y O g p o tr O	native
নিয়োগপত্রে	n i y O g p o tr e	native
নিয়োগপদ্ধতি	n i y O g p o d dh o t i	tatsama
নিয়োগপ্রক্রিয়া	n i y O g pr o kr i y a	compound
নিয়োগপ্রক্রিয়ার	n i y O g pr o kr i y a r	compound
নিয়োগপ্রক্রিয়ায়	n i y O g pr o kr i y a y	compound
নিয়োগপ্রাপ্ত	n i y O g pr a p t o	native
নিয়োগপ্রাপ্তদের	n i y O g pr a p t o d e r	compound
নিয়োগপ্রার্থি	n i y O g pr a r th i	compound
নিয়োগবাজি	n i y O g b a j i	native
নিয়োগবিধি	n i y O g b i dh i	native
নিয়োগসংক্রান্ত	n i y O g sh o ng kr a nt O	compound
নিয়োগসহ	n i y O g sh o h O	native
নিয়োগি	n i y O g i	native
নিয়োগে	n i y O g e	native
নিয়োগেই	n i y O g e i	native
নিয়োগেও	n i y O g e O	native
নিয়োগের	n i y O g e r	native
নিয়োগেরও	n i y O g e r O	native
নিয়োজক	n i y O j o k	native
নিয়োজিত	n i y O j i t o	native
নিয়োজিতদের	n i y O j i t o d e r	native
নিয়্যা	n i y a	native
নিয়ৎ	n i y O t	native
নিয়ড়	n i y o r	native
নি–মোরাদ	n i m O r a d	native
নি’মত	n i m o t	native
নুইয়ে	n u i y e	native
নুওয়াকশুত	n u O a k sh u t	native
নুক	n u k	native
নুকি	n u k i	native
নুকুয়ালোফা	n u k u a l O ph a	native
নুকের	n u k e r	native
নুজহাত	n u j h a t	native
নুজুত	n u j u t	native
নুট	n u T	native
নুটি	n u T i	native
নুড	n u D	native
নুডলস	n u D O l s	native
নুডলসসহ	n u D o l sh sh o h O	native
নুডলসের	n u D o l s e r	native
নুডল্স	n u D o l s	native
নুডুলস	n u D u l s	native
নুডুলসের	n u D u l s e r	native
নুতনচন্দ্র	n u t o n ch o ndr o	native
নুদি	n u d i	native
নুদুস	n u d u sh	native
নুন	n u n	native
নুনখাওয়া	n u n kh a O y a	native
নুনগোলা	n u n g O l a	native
নুনা	n u n a	native
নুনিয়া	n u n i y a	native
নুনিয়াছটা	n u n i y a chh o T a	native
নুনিয়াছটার	n u n i y a chh o T a r	native
নুনু	n u n u	native
নুনের	n u n e r	native
নুন্নুড়ি	n u nn u r i	native
নুন্যতম	n u n n O t o m O	native
নুপুর	n u p u r	native
নুপুরের	n u p u r e r	native
নুমান	n u m a n	native
নুর	n u r	native
নুরউদ্দিন	n u r u d d i n	native
নুরউদ্দিনকে	n u r u d d i n k e	native
নুরউদ্দিনের	n u r u d d i n e r	native
নুরউল	n u r u l	native
নুরকে	n u r k e	native
নুরজাহান	n u r j a h a n	native
নুরজাহানকে	n u r j a h a n k e	native
নুরজাহানের	n u r j a h a n e r	native
নুরনগর	n u r n o g O r	native
নুরনবি	n u r n O b i	native
নুরন্নবি	n u r o nn o b i	native
নুরপুর	n u r p u r	native
নুরবানু	n u r b a n u	native
নুরমহল	n u r m o h O l	native
নুরমহলের	n u r m o h O l e r	native
নুরলদিন	n u r o l d i n	native
নুরলদিনের	n u r o l d i n e r	native
নুরসহ	n u r sh o h O	native
নুরানি	n u r a n i	native
নুরি	n u r i	native
নুরিনা	n u r i n a	native
নুরিনার	n u r i n a r	native
নুরিস্তান	n u r i st a n	native
নুরিয়াগাছা	n u r i y a g a chh a	native
নুরু	n u r u	native
নুরুউদ্দিন	n u r u u d d i n	native
নুরুকে	n u r u k e	native
নুরুজ্জামান	n u r u j j a m a n	native
নুরুজ্জামানকে	n u r u j j a m a n k e	compound
নুরুজ্জামানের	n u r u j j a m a n e r	compound
নুরুদ্দিন	n u r u d d i n	native
নুরুদ্দিনপুর	n u r u d d i n p u r	native
নুরুন	n u r u n	native
নুরুননবি	n u r u n n o b i	native
নুরুননাহার	n u r u n n a h a r	native
নুরুন্নবি	n u r u nn O b i	native
নুরুন্নবিকে	n u r u nn o b i k e	native
নুরুন্নবির	n u r u nn o b i r	native
নুরুন্নবিসহ	n u r u nn o b i sh o h O	native
নুরুন্নাহার	n u r u nn a h a r	native
নুরুর	n u r u r	native
নুরুল	n u r u l	native
নুরুলকে	n u r u l k e	native
নুরুলের	n u r u l e r	native
নুরুল্লাহ	n u r u l l a h	native
নুরেমবার্গ	n u r e m b a r g	native
নুরেরচালা	n u r e r ch a l a	native
নুলো	n u l O	native
নুল্যান্ড	n u l A n D	native
নুশরাত	n u sh r a t	native
নুসরাতকে	n u sh r a t k e	native
নুসরাতের	n u sh r a t e r	native
নুসরাৎ	n u sh r a t	native
নুহ	n u h	native
নুহা	n u h a	native
নুহার	n u h a r	native
নুহাশ	n u h a sh	native
নুহাশপল্লিতে	n u h a sh p O l l i t e	native
নুহাশপল্লির	n u h a sh p O l l i r	native
নুহের	n u h e r	native
নুড়ি	n u r i	native
নুয়া	n u y a	native
নুয়ান	n u y a n	native
নুয়ে	n u y e	native
নুয়ের	n u y e r	native
নৃগোশ্ঠি	n ri g O sh Th i	tatsama
নৃগোশ্ঠির	n ri g O sh Th i r	tatsama
নৃতত্ত্ব	n ri t o t t O	tatsama
নৃতত্ত্ববিদ	n ri t o t t o b i d	tatsama
নৃতাত্ত্বিকভাবে	n ri t a t t i k bh a b e	tatsama
নৃত্ত	n ri tt o	tatsama
নৃত্যকলা	n ri t t O k o l a	tatsama
নৃত্যকলার	n ri t t o k o l a r	tatsama
নৃত্যগিত	n ri t t o g i t	tatsama
নৃত্যগিতের	n ri t t o g i t e r	tatsama
নৃত্যগুরু	n ri t t o g u r u	tatsama
নৃত্যপরিচালক	n ri t t o p o r i ch a l o k	tatsama
নৃত্যবিশয়ক	n ri t t o b i sh o y o k	tatsama
নৃত্যশিল্প	n ri t t o sh i l p o	tatsama
নৃত্যশিল্পকে	n ri t t o sh i l p o k e	tatsama
নৃত্যশিল্পি	n ri t t O sh i l p i	tatsama
নৃত্যশিল্পিকে	n ri t t o sh i l p i k e	tatsama
নৃত্যশিল্পিদের	n ri t t O sh i l p i d e r	tatsama
নৃত্যশিল্পির	n ri t t o sh i l p i r	tatsama
নৃত্যশিল্পিরা	n ri t t O sh i l p i r a	tatsama
নৃত্যশিল্পের	n ri t t o sh i l p e r	tatsama
নৃত্যশোইলি	n ri t t o sh O i l i	tatsama
নৃত্যাঞ্চলের	n ri t t a nch o l e r	tatsama
নৃত্যানুশ্ঠান	n ri t t a n u sh Th a n	tatsama
নৃত্যোৎসব	n ri t t O t sh o b	tatsama
নৃপতি	n ri p o t i	tatsama
নৃপতির	n ri p o t i r	tatsama
নৃপেন	n ri p e n	tatsama
নৃপেন্দ্রনাথ	n ri p e ndr o n a th	tatsama
নৃবিজ্ঞান	n ri b i g g a n	tatsama
নৃবিজ্ঞানি	n ri b i g g a n i	tatsama
নৃবিজ্ঞানের	n ri b i g g a n e r	tatsama
নৃশংস	n ri sh o ng sh O	tatsama
নৃশংসতা	n ri sh o ng sh o t a	tatsama
নৃশংসতাকে	n ri sh o ng sh o t a k e	tatsama
নৃশংসতার	n ri sh o ng sh O t a r	tatsama
নৃশংসতায়	n ri sh o ng sh o t a y	tatsama
নৃশংসভাবে	n ri sh o ng sh O bh a b e	tatsama
নৃসিংহ	n r i sh i ng h O	tatsama
নে	n e	native
নেংটি	n e ng T i	native
নেংরা	n e ng r a	native
নেআঅ	n e a o	native
নেআলি	n e y a l i	native
নেই	n e i	native
নেইও	n e i O	native
নেইনি	n e i n i	native
নেইমারই	n e i m a r i	native
নেইমারও	n e i m a r O	native
নেইমাররা	n e i m a r r a	native
নেইল	n e i l	native
নেউগি	n e u g i	native
নেউছয়	n e u chh o y	native
নেউটা	n e u T a	native
নেউল	n e u l	native
নেউলে	n e u l e	native
নেউলের	n e u l e r	native
নেও	n A O	native
নেওতা	n e O t a	native
নেওয়া	n E O y a	native
নেওয়াই	n E O y a i	native
নেওয়াও	n E O y a O	native
নেওয়াকে	n E O y a k e	native
নেওয়াজ	n E O y a j	native
নেওয়াজকে	n E O y a j k e	native
নেওয়াজের	n E O y a j e r	native
নেওয়াটা	n E O y a T a	native
নেওয়াটাই	n E O y a T a i	native
নেওয়াটাও	n E O y a T a O	native
নেওয়াটাকে	n E O y a T a k e	native
নেওয়াটাকেই	n E O y a T a k e i	native
নেওয়াতেই	n E O y a t e i	native
নেওয়াদের	n E O y a d e r	native
নেওয়ার	n E O y a r	native
নেওয়ারই	n E O y a r i	native
নেওয়ারও	n E O y a r O	native
নেওয়াসংক্রান্ত	n E O y a sh o ng kr a nt O	compound
নেওয়াসহ	n E O y a sh o h O	native
নেওয়ায়	n E O y a y	native
নেক	n e k	native
নেকআমল	n e k a m O l	native
নেকড়া	n e k r a	native
নেকনজরে	n e k n o j o r e	native
নেকনাম	n e k n a m	native
নেকমরদ	n e k m o r o d	native
নেকরা	n e k r a	native
নেকলেসটা	n e k l e s T a	native
নেকা	n e k a	native
নেকাব্বরের	n e k a b b O r e r	native
নেকড়ে	n e k o r e	native
নেকড়েটা	n e k r e T a	native
নেকড়ের	n e k r e r	native
নেগার	n e g a r	native
নেগে	n e g e	native
নেগেটিভ	n e g e T i bh	native
নেগোসিয়েশন	n e g O sh i y e sh o n	native
নেগ্রিমস	n e gr i m sh	native
নেগ্রিমসে	n e gr i m sh e	native
নেচেগেয়ে	n e ch e g e y e	native
নেচেছিলেন	n e ch e chh i l e n	native
নেচেছে	n e ch e chh e	native
নেচেছেন	n e ch e chh e n	native
নেছা	n e chh a	native
নেছারউদ্দিন	n e chh a r u d d i n	native
নেছারাবাদ	n e chh a r a b a d	native
নেছারিয়া	n e chh a r i y a	native
নেজ	n A j	native
নেজারত	n e j a r o t o	native
নেজুড়ে	n e j u r e	native
নেটং	n e T o ng	native
নেটওয়ার্ক	n e T O a r k	native
নেটওয়ার্কও	n e T o O y a r k O	native
নেটওয়ার্ককে	n e T o O y a r k k e	native
নেটওয়ার্কগুলো	n e T o O y a r k g u l O	compound
নেটওয়ার্কগুলোর	n e T o O y a r k g u l O r	compound
নেটওয়ার্কটি	n e T o O y a r k T i	native
নেটওয়ার্কভুক্ত	n e T o O y a r k bh u kt O	compound
নেটওয়ার্কস	n e T o O y a r k s	native
নেটওয়ার্কসহ	n e T o O y a r k sh o h O	native
নেটওয়ার্কসের	n e T o O y a r k s e r	native
নেটওয়ার্কিং	n e T o O y a r k i ng	native
নেটওয়ার্কিংসহ	n e T o O y a r k i ng sh o h O	compound
নেটওয়ার্কে	n e T o O y a r k e	native
নেটওয়ার্কেও	n e T o O y a r k e O	native
নেটওয়ার্কের	n e T o O y a r k e r	native
নেটবই	n e T b o i	native
নেটবুক	n e T b u k	native
নেটবুকে	n e T b u k e	native
নেটা	n e T a	native
নেটিংসুবিধা	n e T i ng sh u b i dh a	native
নেটিংসুবিধার	n e T i ng sh u b i dh a r	native
নেটিভ	n e T i bh	native
নেটো	n e T O	native
নেটোর	n A T O r	native
নেঠা	n A Th a	native
নেড	n e D	native
নেত	n e t O n e t	native
নেতবিাচক	n e t i b a ch O k	native
নেতব্য	n e t O b b O	native
নেতা	n e t a	native
নেতাই	n e t a i	native
নেতাও	n e t a O	native
নেতাকর্মি	n e t a k o r m i	native
নেতাকর্মিই	n e t a k O r m i i	native
নেতাকর্মিও	n e t a k O r m i O	native
নেতাকর্মিকে	n e t a k o r m i k e	native
নেতাকর্মিদের	n e t a k o r m i d e r	native
নেতাকর্মিদেরকে	n e t a k O r m i d e r k e	compound
নেতাকর্মির	n e t a k O r m i r	native
নেতাকর্মিরা	n e t a k o r m i r a	native
নেতাকর্মিরাও	n e t a k O r m i r a O	native
নেতাকর্মিসহ	n e t a k O r m i sh o h O	native
নেতাকে	n e t a k e	native
নেতাকেই	n e t a k e i	native
নেতাকেও	n e t a k e O	native
নেতাজি	n e t a j i	native
নেতানিয়াহু	n e t a n i y a h u	native
নেতানিয়াহুকে	n e t a n i y a h u k e	native
নেতানিয়াহুর	n e t a n i y a h u r	native
নেতানেত্রি	n e t a n e tr i	native
নেতানেত্রিদের	n e t a n e tr i d e r	compound
নেতানেত্রির	n e t a n e tr i r	native
নেতানেত্রিরা	n e t a n e tr i r a	native
নেতানো	n A t a n O	native
নেতার	n e t a r	native
নেতারও	n e t a r O	native
নেতারাই	n e t a r a i	native
নেতারাও	n e t a r a O	native
নেতারাসহ	n e t a r a sh o h O	native
নেতাসহ	n e t a sh o h O	native
নেতায়	n e t a y	native
নেতিবাচকতা	n e t i b a ch o k o t a	native
নেতিবাচকতার	n e t i b a ch o k o t a r	native
নেতিবাচকভাবে	n e t i b a ch O k bh a b e	native
নেতির	n e t i r	native
নেতিয়ে	n e t i y e	native
নেত্র	n e tr O	native
নেত্রকোনা	n e tr O k O n a	native
নেত্রকোনাগামি	n e tr o k O n a g a m i	compound
নেত্রকোনার	n e tr O k O n a r	native
নেত্রকোনাসহ	n e tr o k O n a sh o h O	native
নেত্রকোনায়	n e tr o k O n a y	native
নেত্রালয়	n e tr a l o y	native
নেত্রালয়ে	n e tr a l o y e	native
নেত্রি	n e tr i	native
নেত্রিই	n e tr i i	native
নেত্রিও	n e tr i O	native
নেত্রিকে	n e tr i k e	native
নেত্রিদের	n e tr i d e r	native
নেত্রিদেরও	n e tr i d e r O	native
নেত্রির	n e tr i r	native
নেত্রিরা	n e tr i r a	native
নেত্রিরাও	n e tr i r a O	native
নেত্রিসহ	n e tr i sh o h O	native
নেত্রে	n e tr e	native
নেথা	n e th a	native
নেথার	n e th a r	native
নেদারল্যান্ড	n e d a r l A n D	native
নেদারল্যান্ডভিত্তিক	n e d a r l A n D bh i tt i k	compound
নেদারল্যান্ডস	n e d a r l A n D s	compound
নেদারল্যান্ডসকে	n e d a r l A n D s k e	compound
নেদারল্যান্ডসহ	n e d a r l A n D sh o h O	compound
নেদারল্যান্ডসে	n e d a r l A n D s e	compound
নেদারল্যান্ডসের	n e d a r l A n D s e r	compound
নেন	n A n	native
নেননি	n e n n i	native
নেনি	n e n i	native
নেপ	n e p	native
নেপচুন	n e p ch u n	native
নেপচুনের	n e p ch u n e r	native
নেপথ্যে	n e p o t th e	native
নেপথ্যেও	n e p o t th e O	native
নেপথ্যের	n e p O t th e r	native
নেপলস	n e p o l s	proper_noun
নেপলসে	n e p o l s e	proper_noun
নেপালও	n e p a l O	native
নেপালকে	n e p a l O k e	native
নেপালসহ	n e p a l sh o h O	native
নেপালে	n e p a l e	native
নেপালেই	n e p a l e i	native
নেপালেও	n e p a l e O	native
নেপিডোতে	n e p i D O t e	native
নেপিডোয়	n e p i D O y	native
নেপের	n e p e r	native
নেপোলিটেনো	n e p O l i T e n O	native
নেপোলিতানো	n e p O l i t a n O	native
নেপোলিয়ন	n e p O l i y o n	native
নেপোলিয়নকে	n e p O l i y o n k e	native
নেপোলিয়নের	n e p O l i y o n e r	native
নেপোলিয়ান	n e p O l i y a n	native
নেফাক	n e ph a k	native
নেবা	n e b a	native
নেবার	n e b a r	native
নেবু	n e b u	native
নেবুলাইজার	n e b u l a i j a r	native
নেবে	n e b e	native
নেবেই	n e b e i	native
নেবেন	n e b e n	native
নেবো	n e b O	native
নেভাডা	n e bh a D a	native
নেভাডার	n e bh a D a r	native
নেভাতে	n e bh a t e	native
নেভাদা	n e bh a d a	native
নেভাদায়	n e bh a d a y	native
নেভানোর	n e bh a n O r	native
নেভার	n e bh a r	native
নেভারল্যান্ড	n e bh a r l A n D	native
নেভাল	n e bh a l	native
নেভায়	n e bh a y	native
নেভিগেশন	n e bh i g e sh O n	native
নেভিগেশনের	n e bh i g e sh o n e r	native
নেভির	n e bh i r	native
নেভিল	n e bh i l	native
নেভিসের	n e bh i s e r	proper_noun
নেভে	n e bh e	native
নেমক	n e m o k	native
নেমকার্ড	n e m k a r D o	loanword
নেমস	n e m sh	native
নেমানজা	n e m a n j a	native
নেমানিয়া	n e m a n i y a	native
নেমে	n e m e	native
নেমেই	n e m e i	native
নেমেছি	n e m e chh i	native
নেমেছিলাম	n e m e chh i l a m	native
নেমেছে	n e m e chh e	native
নেমেছেন	n e m e chh e n	native
নেমের	n e m e r	native
নেমেসিস	n e m e s i s	native
নেমৎসভ	n e m O t s o bh	proper_noun
নেরপা	n e r p a	native
নেরুদাকে	n e r u d a k e	native
নেরুদার	n e r u d a r	native
নেল	n e l	native
নেলসন	n e l s o n	proper_noun
নেলসনে	n e l s o n e	proper_noun
নেলসনের	n e l s o n e r	proper_noun
নেলসেন	n e l s e n	proper_noun
নেলা	n e l a	native
নেলি	n e l i	native
নেশনস	n e sh o n s	native
নেশনসের	n e sh o n s e r	native
নেশনের	n e sh o n e r	native
নেশা	n e sh a	native
নেশাই	n e sh a i	native
নেশাও	n e sh a O	native
নেশাখোর	n e sh a kh O r	native
নেশাগ্রস্ত	n e sh a gr O st O	native
নেশাজাতিয়	n e sh a j a t i y o	native
নেশাটা	n e sh a T a	native
নেশাদ্রব্য	n e sh a d r O b b O	native
নেশাদ্রব্যমিশ্রিত	n e sh a d r O b b O m i sh r i t O	compound
নেশার	n e sh a r	native
নেশাসক্ত	n e sh a sh o kt o	native
নেশায়	n e sh a y	native
নেস	n e s	proper_noun
নেসলে	n e s l e	proper_noun
নেসলের	n e s l e r	proper_noun
নেসা	n e sh a	native
নেসার	n e sh a r	native
নেসারাবাদ	n e sh a r a b a d	native
নেসিরকি	n e sh i r k i	native
নেসেল	n e sh e l	native
নেসেসিটি	n e s e s i T i	native
নেস্তা	n e st a	native
নেস্ত–নাবুদ	n e st o n a b u d	native
নেহরা	n e h r a	native
নেহরাও	n e h r a O	native
নেহরাকে	n e h r a k e	native
নেহরার	n e h r a r	native
নেহরু	n e h r u	native
নেহরুকে	n e h r u k e	native
নেহরুর	n e h r u r	native
নেহা	n e h a	native
নেহাই	n e h a i	native
নেহাত	n e h a t	native
নেহার	n e h a r	native
নেহারই	n e h a r o i	native
নেহালে	n e h a l e	native
নেহায়েত	n e h a y e t	native
নেহেরু	n e h e r u	native
নেহেরুর	n e h e r u r	native
নেড়রি	n e r r i	native
নেড়ি	n e r i	native
নেড়িকুত্তা	n e r i k u tt a	native
নেড়ে	n e r e	native
নেড়েছে	n e r e chh e	native
নেড়েছেন	n e r e chh e n o	native
নেয়	n A y	native
নেয়নি	n e y n i	native
নেয়া	n e y a	native
নেয়াই	n e y a i	native
নেয়াপাতি	n e y a p a t i	native
নেয়ামত	n e y a m o t	native
নেয়ামাল	n e y a m a l	native
নেয়ামুল	n e y a m u l	native
নেয়ামুলকে	n e y a m u l k e	native
নেয়ামৎ	n e y a m o t	native
নেয়ার	n e y a r	native
নেয়াল	n e y a l	native
নেয়ালি	n e y a l i	native
নেয়াড়	n e y a r	native
নেয়ে	n e y e	native
নোংর	n O ng g o r	native
নোংরামি	n O ng r a m i	native
নোংরের	n O ng g o r e r	native
নোই	n O i	native
নোইঃশব্দ	n O i sh sh o b d o	tatsama
নোইকট্য	n O i k o T T o	native
নোইকট্যের	n O i k o T T e r	native
নোইকশেয়	n O i k o sh e y O	native
নোইকশ্য	n O i k O sh sh O	native
নোইকাঠি	n O i k a Th i	native
নোইজুজ্য	n O i j u j j O	native
নোইতিক	n O i t i k	native
নোইতিকতা	n O i t i k o t a	native
নোইতিকতাও	n O i t i k o t a O	native
নোইতিকতাকে	n O i t i k o t a k e	native
নোইতিকতাপুর্ন	n O i t i k o t a p u r n o	compound
নোইতিকতাবর্জিত	n O i t i k o t a b o r j i t o	compound
নোইতিকতাবিবর্জিত	n O i t i k o t a b i b o r j i t o	compound
নোইতিকতাবিরোধি	n O i t i k o t a b i r O dh i	compound
নোইতিকতাবোধ	n O i t i k o t a b O dh	native
নোইতিকতার	n O i t i k o t a r	native
নোইতিকতাসম্পন্ন	n O i t i k o t a sh o mp o nn o	compound
নোইতিকতায়	n O i t i k o t a y	native
নোইতিকভাবে	n O i t i k bh a b e	native
নোইদাঘ	n O i d a gh	native
নোইপুন্য	n O i p u n n O	native
নোইপুন্যে	n O i p u n n e	native
নোইপুন্যেই	n O i p u n n e i	native
নোইপুন্যের	n O i p u n n e r	native
নোইবচ	n O i b o ch o	native
নোইবিদ্দ	n O i b i d d O	native
নোইবেদ্য	n O i b e d d o	native
নোইমিত্তিক	n O i m i tt i k	native
নোইমিশ	n O i m i sh	native
নোইমিশারন্য	n O i m i sh a r O n n O	native
নোইরাকার	n O i r a k a r	native
নোইরাজ্য	n O i r a j j o	native
নোইরাজ্যকর	n O i r a j j o k o r	native
নোইরাজ্যবাদি	n O i r a j j o b a d i	native
নোইরাজ্যিক	n O i r a j j i k	native
নোইরাজ্যে	n O i r a j j e	native
নোইরাজ্যের	n O i r a j j e r	native
নোইরাশ্য	n O i r a sh sh o	native
নোইরাশ্যজনক	n O i r a sh sh o j o n o k	native
নোইরাশ্যবাদি	n O i r a sh sh o b a d i	native
নোইরাশ্যের	n O i r a sh sh e r	native
নোইর্গুন্য	n O i r g u n n O	native
নোইর্ব্যক্তিক	n O i r b o t t i k	compound
নোইর্রিত	n O i r r i t	native
নোইল	n O i l O	native
নোইলে	n O i l e	native
নোইলো	n O i l O	native
নোইশ	n O i sh o	native
নোইশকালিন	n O i sh o k a l i n	native
নোইশকোচ	n O i sh o k O ch	native
নোইশকোচের	n O i sh o k O ch e r	native
নোইশধ	n O i sh o dh	native
নোইশপ্রহরি	n O i sh o pr o h o r i	native
নোইশপ্রহরির	n O i sh o pr o h o r i r	native
নোইশব্দ	n O i sh o b d e	native
নোইশভোজ	n O i sh o bh O j	native
নোইশভোজে	n O i sh o bh O j e	native
নোইশভোজের	n O i sh o bh O j e r	native
নোইশাদ	n O i sh a d	native
নোইশ্ঠিক	n O i sh Th i k	native
নোইসর্গিক	n O i sh o r g i k	native
নোইহর	n O i h o r	native
নোইয়মিক	n O i y O m i k	native
নোইয়ায়িক	n O i y a y i k	native
নোউ	n O u	native
নোউকতা	n O u k t a	native
নোউকা	n O u k a	native
নোউকাই	n O u k a i	native
নোউকাও	n O u k a O	native
নোউকাকে	n O u k a k e	native
নোউকাগুলো	n O u k a g u l O	native
নোউকাগুলোকে	n O u k a g u l O k e	native
নোউকাগুলোর	n O u k a g u l O r	native
নোউকাঘাট	n O u k a gh a T	native
নোউকাঘাটে	n O u k a gh a T e	native
নোউকাচালক	n O u k a ch a l o k	native
নোউকাজোগে	n O u k a j O g e	native
নোউকাটা	n O u k a T a	native
নোউকাটি	n O u k a T i	native
নোউকাটিকে	n O u k a T i k e	native
নোউকাটিতে	n O u k a T i t e	native
নোউকাটির	n O u k a T i r	native
নোউকাডুবি	n O u k a D u b i	native
নোউকাডুবিতে	n O u k a D u b i t e	native
নোউকাডুবির	n O u k a D u b i r	native
নোউকাত	n O u k a t	native
নোউকাতে	n O u k a t e	native
নোউকাবাইচ	n O u k a b a i ch	native
নোউকাবাইচে	n O u k a b a i ch e	native
নোউকাবাইচের	n O u k a b a i ch e r	native
নোউকার	n O u k a r	native
নোউকাসহ	n O u k a sh o h O	native
নোউকায়	n O u k a y	native
নোউকো	n O u k O	native
নোউকোর	n O u k O r	native
নোউঘাটি	n O u gh a T i	native
নোউঘাটিতে	n O u gh a T i t e	native
নোউঘাটের	n O u gh a T e r	native
নোউচলাচল	n O u ch o l a ch o l	native
নোউজাত্রিদের	n O u j a tr i d e r	native
নোউজান	n O u j a n	native
নোউজানকে	n O u j a n k e	native
নোউজানগুলো	n O u j a n g u l O	native
নোউজানগুলোকে	n O u j a n g u l O k e	native
নোউজানগুলোর	n O u j a n g u l O r	native
নোউজানটি	n O u j a n T i	native
নোউজানটিতে	n O O j a n T i t e	native
নোউজানটির	n O u j a n T i r	native
নোউজানসহ	n O u j a n sh o h O	native
নোউজানে	n O u j a n e	native
নোউজানের	n O u j a n e r	native
নোউজোগাজোগ	n O u j O g a j O g	native
নোউজোয়ান	n ou j O y a n	native
নোউতন	n O u t o n	native
নোউদুর্ঘটনা	n O u d u r gh o T o n a	native
নোউপথ	n O u p o th	native
নোউপথও	n O u p o th O	native
নোউপথকে	n O u p o th k e	native
নোউপথগুলো	n O u p o th g u l O	native
নোউপথটি	n O u p o th T i	native
নোউপথনির্ভর	n O u p o th n i r bh o r	native
নোউপথে	n O u p o th e	native
নোউপথেও	n O u p o th e O	native
নোউপথের	n O u p o th e r	native
নোউপরিবহন	n O u p O r i b o h O n	native
নোউপরিবহনব্যবস্থা	n O u p o r i b o h o n b A b o sth a	compound
নোউপরিবহনমন্ত্রি	n O u p o r i b o h o n m o n t r i	compound
নোউপরিবহনমন্ত্রিকে	n O u p o r i b o h o n m o nt ri k e	compound
নোউপরিবহনমন্ত্রির	n O u p o r i b o h o n m o nt ri r	compound
নোউপরিবহনসচিব	n O u p o r i b o h o n sh o ch i b	compound
নোউপরিবহনে	n O u p o r i b o h o n e	native
নোউপুলিশ	n O u p u l i sh	loanword
নোউপ্রধান	n O u pr o dh a n	native
নোউবন্দর	n O u b o nd o r	native
নোউবন্দরসহ	n O u b o nd o r sh o h O	native
নোউবন্দরে	n O O b o nd O r e	native
নোউবন্দরের	n O u b o nd o r e r	native
নোউবহর	n O u b o h o r	native
নোউবহরে	n O u b o h o r e	native
নোউবহরের	n O u b o h o r e r	native
নোউবানিজ্য	n O u b a n i j j o	native
নোউবাহিনি	n O u b a h i n i	native
নোউবাহিনিকে	n O u b a h i n i k e	native
নোউবাহিনিতে	n O u b a h i n i t e	native
নোউবাহিনির	n O u b a h i n i r	native
নোউবিহারের	n O u b i h a r e r	native
নোউভ্রমনে	n O u bh r o m o n e	native
নোউভ্রমনের	n O u bh r o m o n e r	native
নোউমন্ত্রনালয়	n O u m o n t r o n a l o y	compound
নোউমন্ত্রি	n O u m o n t r i	native
নোউমন্ত্রিকে	n O u m o nt ri k e	native
নোউমন্ত্রির	n O u m o nt ri r	native
নোউমাইল	n O u m a i l	native
নোউমিতা	n O u m i t a	native
নোউরুট	n O u r u T	native
নোউরুটে	n O u r u T e	native
নোউরুটের	n O u r u T e r	native
নোউশক্তি	n O u sh o kt i	native
নোউশক্তির	n O u sh o kt i r	native
নোউশ্রমিক	n O u sh r o m i k	native
নোউশ্রমিকদের	n O u sh r o m i k d e r	native
নোউসচিব	n O u sh o ch i b	native
নোউসিমা	n O u sh i m a	native
নোউসেনা	n O u sh e n a	native
নোউসেনাদের	n O u sh e n a d e r	native
নোউসেনার	n O u sh e n a r	native
নোউসেনারা	n O u sh e n a r a	native
নোকতা	n O k t a	native
নোকিয়া	n O k i y a	native
নোটও	n O T O	loanword
নোটগুলো	n O T g u l O	loanword
নোটটি	n O T T i	loanword
নোটন	n O T O n	loanword
নোটপ্যাড	n O T p A D	loanword
নোটবই	n O T b o i	loanword
নোটবইয়ের	n O T b o i y e r	loanword
নোটবুক	n O T b u k	loanword
নোটবুকটি	n O T b u k T i	loanword
নোটবুকটিতে	n O T b u k T i t e	loanword
নোটবুকটির	n O T b u k T i r	loanword
নোটবুকে	n O T b u k e	loanword
নোটবুকের	n O T b u k e r	loanword
নোটস	n O T s	loanword
নোটারি	n O T a r i	loanword
নোটিফিকেশন	n O T i ph i k e sh o n	loanword
নোটিফিকেশনের	n O T i ph i k e sh o n e r	loanword
নোটিশই	n O T i sh i	loanword
নোটিশও	n O T i sh O	loanword
নোটিশকে	n O T i sh k e	loanword
নোটিশগুলো	n O T i sh g u l O	loanword
নোটিশটি	n O T i sh T i	loanword
নোটিশদাতা	n O T i sh d a t a	loanword
নোটিশে	n O T i sh e	loanword
নোটিশের	n O T i sh e r	loanword
নোটিস	n O T i s	loanword
নোটিসে	n O T i s e	loanword
নোটিসের	n O T i s e r	loanword
নোটে	n O T e	loanword
নোডাল	n O D a l	native
নোতুন	n O t u n o	native
নোদন	n O d O n	native
নোদা	n O d a	native
নোদার	n O d a r	native
নোনতা	n O n t a	native
নোনাপানিতে	n O n a p a n i t e	native
নোফেল	n O ph e l	native
নোবডি	n O b o D i	native
নোবিতা	n O b i t a	native
নোবিপ্রবি	n O b i pr o b i	native
নোবেলখ্যাত	n O b e l kh A t o	native
নোবেলজয়ি	n O b e l j o y i	native
নোবেলজয়িদের	n O b e l j o y i d e r	native
নোবেলজয়ির	n O b e l j o y i r	native
নোবেলবিজয়ি	n O b e l b i j o y i	native
নোভা	n O bh a	native
নোভাক	n O bh a k	native
নোভার	n O bh a r	native
নোভার্টিস	n O bh a r T i s	proper_noun
নোমান	n O m a n	native
নোমানকে	n O m a n k e	native
নোমানসহ	n O m a n sh o h O	native
নোমানি	n O m a n i	native
নোমানির	n O m a n i r	native
নোমানের	n O m a n e r	native
নোমিরা	n O m i r a	native
নোমোফোবিয়া	n O m O ph O b i y a	native
নোম্যান্স	n O m A n s	loanword
নোরগের	n O r g e r	native
নোরা	n O r a	native
নোরাড	n O r a D	native
নোরাডের	n O r a D e r	native
নোরিও	n O r i O	native
নোরিস	n O r i s	proper_noun
নোল	n O l	native
নোলা	n O l a	native
নোড়	n O r	native
নোয়া	n O y a	native
নোয়াখালি	n O y a kh a l i	native
নোয়াখালিগামি	n O y a kh a l i g a m i	native
নোয়াখালিতে	n O y a kh a l i t e	native
নোয়াখালির	n O y a kh a l i r	native
নোয়াখালিসহ	n O y a kh a l i sh o h O	native
নোয়াগাও	n O y a g a O	native
নোয়াগ্রাম	n O y a gr a m	native
নোয়াতে	n O y a t e	native
নোয়াপাড়া	n O y a p a r a	native
নোয়াপাড়ায়	n O y a p a r a y	native
নোয়াব	n O y a b	native
নোয়াবের	n O y a b e r	native
নোয়াম	n O y a m	native
নোয়ামি	n O y a m i	native
নোয়ামিতে	n O y a m i t e	native
নোয়াহ	n O y a h	native
নোয়ায়	n O y a y	native
নোয়েলিন	n O y e l i n	native
ন্যক্কারজনকভাবে	n A k k a r j o n o k bh a b e	compound
ন্যগ্রোধ	n o g gr O dh O	native
ন্যস্ত	n A st O	native
ন্যা	n A	native
ন্যাংটো	n A ng T O	native
ন্যাওটা	n A O T a	native
ন্যাকা	n A k a	native
ন্যাকার	n A k a r	native
ন্যাক্কারজনক	n A k k a r j o n O k	native
ন্যাকড়া	n A k r a	native
ন্যাচার	n A ch a r	native
ন্যাচারাল	n A ch a r a l	native
ন্যাজা	n A j a	native
ন্যাজ্য	n A j j O	native
ন্যাজ্যটা	n A j j o T a	native
ন্যাজ্যতা	n A j j o t a	native
ন্যাজ্যতাভিত্তিক	n A j j o t a bh i tt i k	compound
ন্যাজ্যতার	n A j j o t a r	native
ন্যাজ্যপ্রাপ্য	n A j j o pr a p p o	compound
ন্যাজ্যভাবে	n A j j o bh a b e	native
ন্যাজ্যভিত্তিক	n A j j o bh i tt i k	compound
ন্যাজ্যমুল্য	n A j j O m u l l O	native
ন্যাজ্যমুল্যে	n A j j o m u l l e	compound
ন্যাজ্যমুল্যের	n A j j o m u l l e r	compound
ন্যাট	n A T	native
ন্যাটওয়েস্ট	n A T O y e s T	proper_noun
ন্যাটস	n A T s	native
ন্যাটা	n A T a	native
ন্যাটো	n A T O	native
ন্যাটোকে	n A T O k e	native
ন্যাটোবাহিনির	n A T O b a h i n i r	compound
ন্যাটোভুক্ত	n A T O bh u kt O	native
ন্যাটোয়	n A T O y	native
ন্যাডপো	n A D p O	native
ন্যাডপোর	n A D p O r	native
ন্যাতনেতে	n A t n e t e	native
ন্যাতা	n A t a	native
ন্যান	n A n	native
ন্যানদো	n A n d O	native
ন্যানদোসে	n A n d O s e	proper_noun
ন্যানদোসের	n A n d O s e r	proper_noun
ন্যানসন	n A n s o n	proper_noun
ন্যানসি	n A n s i	proper_noun
ন্যানেস	n A n e sh	native
ন্যানেসের	n A n e sh e r	native
ন্যানো	n A n O	native
ন্যানোপ্রজুক্তি	n A n O pr o j u kt i	compound
ন্যানোপ্রজুক্তির	n A n O pr o j u kt i r	compound
ন্যানোমিটার	n A n O m i T a r	loanword
ন্যানোমিটারের	n A n O m i T a r e r	compound
ন্যানোর	n A n O r	native
ন্যান্	n A n	native
ন্যান্সি	n A n s i	loanword
ন্যান্সিকে	n A n s i k e	loanword
ন্যাপ	n A p	native
ন্যাপকিন	n A p k i n	native
ন্যাপকিনের	n A p k i n e r	native
ন্যাপলা	n A p l a	native
ন্যাপের	n A p e r	native
ন্যাব	n A b	native
ন্যাবের	n A b e r	native
ন্যাভিগ্যাট	n A bh i g A T	native
ন্যাম	n A m	native
ন্যারেটিভ	n A r e T i bh	native
ন্যারেটিভের	n A r e T i bh e r	native
ন্যারো	n A r O	native
ন্যালনেলে	n A l n e l e	native
ন্যাশ	n A sh	native
ন্যাশন	n A sh o n	native
ন্যাশনস	n A sh o n s	native
ন্যাশনাল	n A sh o n a l	native
ন্যাশনালিটি	n A sh o n a l i T i	native
ন্যাশনালে	n A sh o n a l e	native
ন্যাশানাল	n A sh a n a l	native
ন্যাস	n A sh	native
ন্যাসি	n A sh i	native
ন্যাসিওনাল	n A s i O n a l	proper_noun
ন্যাড়	n A r o	native
ন্যাড়া	n A r a	native
ন্যায়	n A y	native
ন্যায়কে	n A y k e	native
ন্যায়নিতি	n A y n i t i	native
ন্যায়নিতির	n A y n i t i r	native
ন্যায়নিশ্ঠ	n A y n i sh Th o	native
ন্যায়নিশ্ঠা	n A y n i sh Th a	native
ন্যায়নিশ্ঠার	n A y n i sh Th a r	native
ন্যায়পর	n A y p o r	native
ন্যায়পরতা	n A y p o r o t a	native
ন্যায়পরায়ন	n A y p o r a y o n	native
ন্যায়পরায়নতা	n A y p o r a y o n o t a	native
ন্যায়পরায়নতার	n A y p o r a y o n o t a r	compound
ন্যায়পাল	n A y p a l	native
ন্যায়পালের	n A y p a l e r	native
ন্যায়বাগিশ	n A y b a g i sh	native
ন্যায়বাদি	n A y b a d i	native
ন্যায়বিচার	n A y b i ch a r	native
ন্যায়বিচারই	n A y b i ch a r i	native
ন্যায়বিচারভিত্তিক	n A y b i ch a r bh i tt i k	compound
ন্যায়বিচারে	n A y b i ch a r e	native
ন্যায়বিচারের	n A y b i ch a r e r	native
ন্যায়বোধ	n A y b O dh	native
ন্যায়ভিত্তিক	n A y bh i tt i k	native
ন্যায়রত্ন	n A y r o t n o	native
ন্যায়সংগত	n A y sh o ng g o t o	native
ন্যায়সংগতভাবে	n A y sh o ng g o t o bh a b e	compound
ন্যায়সংগতভাবেই	n A y sh o ng g o t o bh a b e i	compound
ন্যায়সম্মত	n A y sh o mm o t o	native
ন্যায়াধিশ	n A y a dh i sh	native
ন্যায়ানুগ	n A y a n u g	native
ন্যায়িক	n A y i k	native
ন্যায়ের	n A y e r	native
ন্যু	n u	native
ন্যুড	n u D	native
ন্যুতে	n u t e	native
ন্যুন	n u n O	native
ন্যুনতম	n u n t o m o	native
ন্যুনপক্ষে	n u n p o kkh e	tatsama
ন্যুব্জ	n u b j O	native
ন্যুরেমবার্গ	n u r e m b a r g	native
ন্যুয়ার্কে	n u y a r k e	native
ন্যুয়ের	n u y e r	native
ন্যুয়েরের	n u y e r e r	native
নৎ	n o t	native
নড়	n o r	native
নড়চনড়	n o r ch o r	native
নড়চড়	n o r ch o r	native
নড়ছিল	n o r chh i l o	native
নড়ছে	n o r chh e	native
নড়তে	n o r t e	native
নড়তেও	n o r t e O	native
নড়ন	n o r O n	native
নড়বে	n o r b e	native
নড়বেন	n o r b e n	native
নড়বড়ে	n o r b o r e	native
নড়ল	n o r l o	native
নড়লেন	n o r l e n	native
নড়া	n o r a	native
নড়াইল	n o r a i l	native
নড়াইলে	n o r a i l e	native
নড়াইলের	n o r a i l e r	native
নড়াগাতি	n o r a g a t i	native
নড়াচড়া	n o r a ch o r a	native
নড়াচড়াও	n o r a ch o r a O	native
নড়াচড়ার	n o r a ch o r a r	native
নড়াচড়ায়	n o r a ch o r a y	native
নড়াজ	n o r a j	native
নড়াতে	n o r a t e	native
নড়ানো	n o r a n O	native
নড়ানোর	n o r a n O r	native
নড়ানড়ি	n o r a n O r i	native
নড়ার	n o r a r	native
নড়ি	n O r i	native
নড়িয়া	n o r i y a	native
নড়িয়ার	n o r i y a r	native
নড়িয়ায়	n o r i y a y	native
নড়িয়ে	n o r i y e	native
নড়ে	n O r e bh O l a	native
নড়েচড়ে	n o r e ch o r e	native
নড়েছে	n o r e chh e	native
নড়েনি	n o r e n i	native
নয়	n o y	native
নয়ই	n o y i	native
নয়ও	n o y O	native
নয়ছয়	n o y chh o y	native
নয়জন	n o y j o n	native
নয়জনই	n o y j o n i	native
নয়জনকে	n o y j o n k e	native
নয়জনসহ	n o y j o n sh o h O	native
নয়জনে	n o y j o n e	native
নয়জনের	n o y j o n e r	native
নয়টা	n o y T a	native
নয়টার	n o y T a r	native
নয়টায়	n o y T a y	native
নয়টি	n o y T i	native
নয়টিই	n o y T i i	native
নয়টিতে	n o y T i t e	native
নয়টির	n o y T i r	native
নয়ডার	n o y D a r	native
নয়তলা	n o y t o l a	native
নয়তো	n o y t O	native
নয়দা	n o y d a	native
নয়দুয়ারি	n o y o d u y a r i	native
নয়ন	n o y O n	native
নয়নকে	n o y o n k e	native
নয়নজুলি	n o y o n j u l i	native
নয়নতারা	n o y o n t a r a	native
নয়নপুর	n o y o n p u r	native
নয়নপুরে	n o y o n p u r e	native
নয়নমনি	n o y o n m o n i	native
নয়নশ্রি	n o y o n sh r i	native
নয়নসহ	n o y o n sh o h O	native
নয়না	n o y O n a	native
নয়নানন্দ	n o y O n a n O nd O	native
নয়নাভিরাম	n o y O n a bh i r a m	native
নয়নাসার	n o y O n a sh a r	native
নয়নি	n o y O n i	native
নয়নে	n o y o n e	native
নয়নের	n o y o n e r	native
নয়নোপান্ত	n o y o n O p a nt O	native
নয়নোৎসব	n o y O n O n o t sh o b	native
নয়নয়	n o y n o y	native
নয়বার	n o y b a r	native
নয়বারের	n o y b a r e r	native
নয়মাইল	n o y m a i l	native
নয়শো	n O y sh O	native
নয়া	n o y a	native
নয়াকান্দি	n o y a k a nd i	native
নয়াচোইতা	n o y a ch O i t a	native
নয়াটোলা	n o y a T O l a	native
নয়াটোলার	n o y a T O l a r	native
নয়াডিংগি	n o y a D i ng g i	native
নয়াডিং্গি	n o a D i ng g i	native
নয়াদিগন্ত	n o y a d i g o nt o	native
নয়াদিঘি	n o y a d i gh i	native
নয়াদিল্লি	n o y a d i l l i	native
নয়াদিল্লিকে	n o y a d i l l i k e	native
নয়াদিল্লিতে	n o y a d i l l i t e	native
নয়াদিল্লিভিত্তিক	n o y a d i l l i bh i tt i k	compound
নয়াদিল্লির	n o y a d i l l i r	native
নয়ান	n o y a n	native
নয়ানগর	n o y a n o g O r	native
নয়ানগরে	n o y a n o g O r e	native
নয়ানগরের	n o y a n o g O r e r	native
নয়ানি	n o y a n i	native
নয়াপল্টন	n o y a p o l T o n	native
নয়াপল্টনে	n o y a p o l T o n e	native
নয়াপল্টনের	n o y a p o l T o n e r	native
নয়াপাড়া	n o y a p a r a	native
নয়াপাড়ার	n o y a p a r a r	native
নয়াবাজার	n o y a b a j a r	native
নয়াবাজারে	n o y a b a j a r e	native
নয়াবাজারের	n o y a b a j a r e r	native
নয়ামাটি	n o y a m a T i	native
নয়ারহাট	n o y a r h a T	native
নয়ালি	n o y a l i	native
নয়িম	n O i m	native
নয়ে	n o y e	native
প	p o	native
পংক	p o ng k O	native
পংকা	p o ng k a	native
পংকিল	p O ng k i l	native
পংকিলতা	p o ng k i l o t a	native
পংকিলতামুক্ত	p o ng k i l o t a m u kt O	native
পংকোদ্ধার	p o ng k O d dh a r	tatsama
পংগপাল	p o ng g O p a l	native
পংগু	p O ng g u	native
পংগুত্ব	p o ng g u tt o	tatsama
পংগুত্ববরন	p o ng g u tt o b o r o n	tatsama
পংগুত্বের	p o ng g u tt e r	tatsama
পংতাম	p o ng t a m	native
পংতামের	p o ng t a m e r	native
পংার	p o ng a r	native
পঅ	p o o	native
পই	p O i	native
পইচ্চা	p o i ch ch a	native
পইছা	p o i chh a	native
পইত্রিক	p O i tr i k	native
পইত্রিশ	p o i tr i sh	native
পইথান	p O i th a n	native
পইপই	p O i p O i	native
পইরা	p O i r a	native
পইশাচিক	p O i sh a ch i k	native
পইশাচিকতা	p O i sh a ch i k o t a	native
পইস	p O i sh	native
পইসই	p O i sh O i	native
পইড়া	p o i r a	native
পউখ	p O u kh	native
পউছি	p o u chh i	native
পউশ	p o u sh	native
পএ	p o y e	native
পওল	p o y O l	native
পওয়া	p o O y a	native
পকিস্তানের	p o k i st a n e r	native
পকেট	p o k e T	native
পকেটমারকে	p o k e T m a r k e	native
পকেটমারদের	p o k e T m a r d e r	native
পকেটমারের	p o k e T m a r e r	native
পকেটস্থ	p o k e T o sth O	native
পকেটে	p o k e T e	native
পকেটেই	p o k e T e i	native
পকেটেও	p o k e T e O	native
পকেটের	p o k e T e r	native
পক্ব	p o k k O	native
পক্ষই	p o kkh O i	tatsama
পক্ষও	p o kkh O O	tatsama
পক্ষকাল	p O kkh O k a l	tatsama
পক্ষকালব্যাপি	p o kkh o k a l b A p i	tatsama
পক্ষকালের	p o kkh o k a l e r	tatsama
পক্ষকেই	p o kkh O k e i	tatsama
পক্ষকেও	p o kkh o k e O	tatsama
পক্ষগনের	p o kkh o g o n e r	tatsama
পক্ষগুলোকে	p o kkh O g u l O k e	tatsama
পক্ষটি	p o kkh o T i	tatsama
পক্ষত্যাগ	p o kkh o t A g	tatsama
পক্ষত্যাগি	p o kkh o t A g i	tatsama
পক্ষথেকে	p O kkh O th e k e	tatsama
পক্ষদের	p o kkh o d e r	tatsama
পক্ষপাত	p o kkh O p a t	tatsama
পক্ষপাতদুশ্ট	p o kkh o p a t d u sh o T o	tatsama
পক্ষপাতপুর্ন	p o kkh o p a t p u r n o	tatsama
পক্ষপাতমুক্ত	p o kkh o p a t m u kt O	tatsama
পক্ষপাতমুলক	p o kkh O p a t m u l O k	tatsama
পক্ষপাতহিন	p o kkh O p a t h i n	tatsama
পক্ষপাতি	p o kkh O p a t i	tatsama
পক্ষপাতিত্ব	p o kkh O p a t i tt O	tatsama
পক্ষপাতিত্বের	p o kkh O p a t i tt e r	tatsama
পক্ষপাতের	p o kkh o p a t e r	tatsama
পক্ষপুটে	p o kkh o p u T e	tatsama
পক্ষভুক্ত	p o kkh o bh u kt O	tatsama
পক্ষাঘাত	p o kkh a gh a t	tatsama
পক্ষাঘাতগ্রস্ত	p o kkh a gh a t gr O st O	tatsama
পক্ষাঘাতগ্রস্তদের	p o kkh a gh a t gr o st o	tatsama
পক্ষাঘাতে	p o kkh a gh a t e	tatsama
পক্ষান্ত	p O kkh a nt O	tatsama
পক্ষান্তর	p O kkh a nt o r o	tatsama
পক্ষাপক্ষ	p O kkh a p O kkh O	tatsama
পক্ষি	p O kkh i	tatsama
পক্ষিয়	p O kkh i y O	tatsama
পক্ষিয়া	p o kkh i y a	tatsama
পক্ষিয়ার	p o kkh i y a r	tatsama
পক্ষে	p o kkh e	tatsama
পক্ষেই	p O kkh e i	tatsama
পক্ষেরই	p O kkh e r i	tatsama
পক্ষ্ম	p O kkh O	tatsama
পখান	p o kh a n	native
পগবাকে	p o g b a k e	native
পগবার	p o g b a r	native
পগার	p o g a r	native
পগ্গর	p o g g o r	native
পচ	p o ch	native
পচছে	p o ch chh e	native
পচতে	p o ch t e	native
পচনশিল	p o ch O n sh i l	native
পচপচ	p o ch p o ch	native
পচবে	p o ch b e	native
পচা	p o ch a	native
পচাই	p o ch a i	native
পচাকোরালিয়া	p o ch a k O r a l i y a	native
পচাকোড়ালিয়া	p o ch a k O r a l i y a	native
পচাত্তর	p o ch a tt o r	native
পচাত্তরে	p o ch a tt O r e	native
পচাত্তরের	p O ch a tt O r e r	native
পচানব্বই	p o ch a n o b b o i	native
পচানি	p o ch a n i	native
পচানো	p o ch a n O	native
পচানোর	p o ch a n O r	native
পচাব্দি	p o ch a b d i	native
পচামানিয়া	p o ch a m a n i y a	native
পচাল	p o ch a l	native
পচি	p o ch i	native
পচিশ	p O ch i sh	native
পচিশে	p O ch i sh e	native
পচিশেক	p o ch i sh e k	native
পচিশের	p O ch i sh e r	native
পচিয়ে	p o ch i y e	native
পচে	p O ch e	native
পচ্চিম	p O ch ch i m	native
পচ্য	p O ch ch O	native
পছন্দ	p o chh O nd O	native
পছন্দই	p o chh O nd O i	native
পছন্দও	p o chh O nd O O	native
পছন্দকে	p o chh O nd O k e	native
পছন্দক্রমে	p o chh O nd O kr o m e	native
পছন্দক্রমের	p o chh o nd o kr o m e r	native
পছন্দনিয়	p o chh o nd o n i y o	native
পছন্দসই	p o chh O nd O sh O i	native
পছন্দেই	p o chh O nd e i	native
পছন্দের	p o chh O nd e r	native
পছন্দেরটি	p o chh O nd e r T i	native
পছর	p o chh o r	native
পজংক	p O r j O ng k O	native
পজিটিভ	p o j i T i bh	native
পজিশন	p O j i sh o n	native
পজিশনিং	p O j i sh O n i ng	native
পজিশনে	p O j i sh O n e	native
পজিশনেই	p O j i sh o n e i	native
পজিশনের	p o j i sh o n e r	native
পজেশন	p o j e sh o n	native
পজ্ঝটিকা	p o j jh O T i k a	native
পঞ্চ	p o nch O	tatsama
পঞ্চকবির	p o nch O k O b i r	tatsama
পঞ্চকের	p o nch o k e r	tatsama
পঞ্চগড়	p o nch O g o r	tatsama
পঞ্চগড়	p o nch o g o r	tatsama
পঞ্চগড়সহ	p o nch o g o r sh o h O	tatsama
পঞ্চগড়ে	p o nch o g o r e	tatsama
পঞ্চগড়ের	p o nch o g o r e r	tatsama
পঞ্চদশ	p o nch O d o sh	tatsama
পঞ্চনিতিতে	p o nch o n i t i t e	tatsama
পঞ্চপল্লি	p o nch o p o l l i	tatsama
পঞ্চবটি	p o nch o b o T i	tatsama
পঞ্চবটিতে	p o nch o b o T i t e	tatsama
পঞ্চবর্গিয়	p o nch o b o r g i y o	tatsama
পঞ্চবার্ষিক	p o nch O b a r sh i k	tatsama
পঞ্চবার্ষিকি	p o nch O b a r sh i k i	tatsama
পঞ্চমত	p o nch O m o t O	tatsama
পঞ্চমতলায়	p o nch o m t o l a y	tatsama
পঞ্চমবার	p o nch o m b a r	tatsama
পঞ্চমবারের	p o nch o m b a r e r	tatsama
পঞ্চমাংশ	p o nch O m a ng sh O	tatsama
পঞ্চমাংশই	p o nch o m a ng sh o i	tatsama
পঞ্চমাংশের	p o nch o m a ng sh e r	tatsama
পঞ্চমি	p o nch O m i	tatsama
পঞ্চমুখ	p o nch O m u kh	tatsama
পঞ্চরত্ন	p o nch o r o t n o	tatsama
পঞ্চরাগ	p o nch o r a g	tatsama
পঞ্চশিল	p o nch O sh i l	tatsama
পঞ্চশিলে	p o nch o sh i l e	tatsama
পঞ্চস্তম্ভ	p o nch o st o m bh o	tatsama
পঞ্চস্তম্ভের	p o nch o st o m bh e r	tatsama
পঞ্চাংক	p o nch a ng k O	tatsama
পঞ্চাংগ	p o nch a ng g O	tatsama
পঞ্চাগ্নি	p o nch a g n i	tatsama
পঞ্চাতপা	p o nch a t o p a	tatsama
পঞ্চানন	p o nch a n O n	tatsama
পঞ্চানন্দ	p o nch a n o nd O	tatsama
পঞ্চান্ন	p o nch a nn O	tatsama
পঞ্চামরা	p o nch a m o r a	tatsama
পঞ্চামৃত	p o n ch a m m ri t O	tatsama
পঞ্চাম্র	p o nch a m r O	tatsama
পঞ্চাম্ল	p o nch a m l O	tatsama
পঞ্চাল	p o nch a l	tatsama
পঞ্চালিক	p o nch a l i k	tatsama
পঞ্চাশটি	p o nch a sh T i	tatsama
পঞ্চাশিকা	p o nch a sh i k a	tatsama
পঞ্চাশিতি	p o n sh a sh i t i	tatsama
পঞ্চাশোর্ধ্ব	p o n ch a sh O r dh O	tatsama
পঞ্চাশৎ	p o nch a sh o t	tatsama
পঞ্চাস্য	p o nch a sh sh O	tatsama
পঞ্চায়ুধ	p o nch a y u dh	tatsama
পঞ্চায়েত	p o nch a y e t	tatsama
পঞ্চায়েতব্যবস্থা	p o n ch a y e t b A b o sth a	compound
পঞ্চায়েতমন্ত্রি	p o n ch a y e t m o nt ri	compound
পঞ্চায়েতে	p o nch a y e t e	tatsama
পঞ্চায়েতের	p o nch a y e t e r	tatsama
পঞ্চেন্দ্রিয়	p o nch e ndr i y O	tatsama
পঞ্চো	p o nch O	tatsama
পঞ্চোপচার	p o nch O p O ch o r o	tatsama
পঞ্চোপাসক	p o nch O p a sh O k	tatsama
পঞ্জর	p o nj o r	tatsama
পঞ্জা	p o nj a	tatsama
পঞ্জাব	p a nj a b	tatsama
পঞ্জিকার	p O nj i k a r	tatsama
পঞ্জুড়ি	p o n ch o j u r i	tatsama
পঞ্জেরি	p a nj e r i	tatsama
পট	p o T	native
পটকা	p o T k a	native
পটকানো	p o T k a n O	native
পটকাবাজি	p o T k a b a j i	native
পটকার	p o T k a r	native
পটগান	p o T g a n	native
পটপট	p o T p o T	native
পটপটানো	p o T p o T a n O	native
পটপরিবর্তন	p o T p O r i b o r t O n	native
পটপরিবর্তনে	p o T p o r i b o r t o n e	native
পটপরিবর্তনের	p o T p O r i b o r t O n e r	native
পটভুমি	p o T O bh u m i	native
পটভুমিকায়	p o T o bh u m i k a y	native
পটভুমিতে	p o T O bh u m i t e	native
পটভুমির	p o T O bh u m i r	native
পটলের	p o T O l e r	native
পটস্থ	p o T O sth O	native
পটহ	p o T O h O	native
পটা	p o T a	native
পটাপট	p o T a p o T	native
পটাবাস	p o T a b a sh	loanword
পটাম্বর	p o T a mb o r	native
পটার	p o T a r	native
পটারকে	p o T a r k e	native
পটারভক্তদের	p o T a r bh o kt o d e r	native
পটারি	p o T a r i	native
পটারের	p o T a r e r	native
পটাশ	p o T a sh	native
পটাশিয়াম	p o T a sh i y a m	native
পটিমা	p O T i m a	native
পটিয়া	p o T i y a	native
পটিয়ার	p o T i y a r	native
পটিয়ায়	p o T i y a y	native
পটুকা	p O T u k a	native
পটুয়া	p o T u y a	native
পটুয়াখালি	p O T u a kh a l i	native
পটুয়াখালিগামি	p o T u y a kh a l i g a m i	compound
পটুয়াখালিতে	p o T u y a kh a l i t e	native
পটুয়াখালির	p o T u y a kh a l i r	native
পটুয়াখালিসহ	p o T u y a kh a l i sh o h O	native
পটে	p o T e	native
পটেটো	p O T e T O	native
পটেল	p o T e l	native
পটো	p e T O	native
পটোল	p o T O l	native
পট্ট	p o T T O	native
পট্টন	p o T T O n	native
পট্টনায়েক	p o T T o n a y e k	native
পট্টাবাস	p o T r a b a sh	loanword
পট্টিতে	p o T T i t e	native
পট্টির	p o T T i r	native
পঠদ্দশা	p o Th a d d o sh a	native
পঠন	p o Th O n	native
পঠনের	p o Th o n e r	native
পঠিত	p O Th i t O	native
পড়শি	p O r sh i	native
পড়ার	p o r a r	native
পড়ালেখা	p o r a l e kh a	native
পড়ে	p O r e	native
পড়েছিল	p O r e chh i l O	native
পড়েন	p o r e n	native
পত	p o t	native
পতংগ	p o t o ng g o	native
পতংগবিদ	p o t o ng g o b i d	native
পতংগের	p o t o ng g e r	native
পতঞ্জলি	p o t O nj O l i	tatsama
পতত্র	p o t O tr o	native
পতন	p o t O n	native
পতনই	p o t o n i	native
পতনউশার	p o t o n u sh a r	native
পতনও	p o t o n O	native
পতনকে	p o t o n k e	native
পতনমুখি	p o t o n m u kh i	native
পতনময়	p o t o n m o y	native
পতনশিল	p o t o n sh i l	native
পতনে	p o t O n e	native
পতনোন্মুখ	p o t o n O n m u kh	native
পতপত	p o t p o t	native
পতর	p o t O r	native
পতাকা	p o t a k a	native
পতাকাই	p o t a k a i	native
পতাকাও	p o t a k a O	native
পতাকাকে	p o t a k a k e	native
পতাকাটি	p o t a k a T i	native
পতাকাবাহি	p o t a k a b a h i	native
পতাকার	p o t a k a r	native
পতাকাসংবলিত	p o t a k a sh o ng b o l i t o	native
পতাকাসহ	p o t a k a sh o h O	native
পতাকায়	p o t a k a y	native
পতি	p O t i	native
পতিতকে	p o t i t o k e	native
পতিতাদের	p O t i t a d e r	native
পতিতাপ্রথা	p O t i t a pr O th a	native
পতিতাপ্রথার	p O t i t a pr O th a r	native
পতিতাবৃত্তি	p O t i t a b ri tt i	tatsama
পতিতাবৃত্তিতে	p O t i t a b ri tt i t e	tatsama
পতিতাবৃত্তির	p O t i t a b ri tt i r	tatsama
পতিতালয়	p o t i t a l o y	native
পতিতালয়ে	p o t i t a l o y e	native
পতিতালয়ের	p o t i t a l o y e r	native
পতিত্ব	p o t i tt o	tatsama
পতিসর	p O t i sh o r	native
পতিসরে	p O t i sh o r e	native
পতিসরের	p O t i sh o r e r	native
পতিসেবা	p o t i sh e b a	native
পতিয়াই	p O t i y a i	native
পতেংগা	p o t e ng g a	native
পতেংগার	p o t e ng g a r	native
পতেংগায়	p o t e ng g a y	native
পতেং্গা	p o t e ng g a	native
পতোউদি	p o t O u d i	native
পতোউদিকে	p o t O u d i k e	native
পতোউদির	p o t O u d i r	native
পত্তনের	p o tt o n e r	native
পত্তর	p o tt o r	native
পত্তি	p O tt i	native
পত্নি	p O t n i	native
পত্নিতলা	p O t n i t o l a	native
পত্নিদের	p o t n i d e r	native
পত্নির	p O t n i r	native
পত্র	p o tr O	native
পত্রও	p o tr O O	native
পত্রকোশ	p o tr O k O sh	native
পত্রকোশের	p o tr O k O sh e r	native
পত্রজোগে	p o tr O j O g e	native
পত্রটি	p o tr O T i	native
পত্রটির	p o tr O T i r	native
পত্রপত্রিকা	p o tr O p O tr i k a	native
পত্রপত্রিকাও	p o tr O p o tr i k a O	native
পত্রপত্রিকাগুলো	p o tr O p o tr i k a g u l O	compound
পত্রপত্রিকাগুলোর	p o tr O p o tr i k a g u l O r	compound
পত্রপত্রিকাতেও	p o tr O p o tr i k a t e O	compound
পত্রপত্রিকার	p o tr O p O tr i k a r	native
পত্রপত্রিকায়	p o tr O p o tr i k a y	native
পত্রপত্রিকায়ও	p o tr O p o tr i k a y O	compound
পত্রপাঠ	p o tr O p a Th	native
পত্রবাহকের	p o tr O b a h o k e r	native
পত্রলেখক	p o tr O l e kh o k	native
পত্রাংক	p o tr a ng k O	native
পত্রি	p O tr i	native
পত্রিকা	p O tr i k a	native
পত্রিকাই	p O tr i k a i	native
পত্রিকাও	p O tr i k a O	native
পত্রিকাগুলোই	p o tr i k a g u l O i	native
পত্রিকাগুলোকে	p o tr i k a g u l O k e	compound
পত্রিকাগুলোতেও	p o tr i k a g u l O t e O	compound
পত্রিকাগুলোর	p O tr i k a g u l O r	native
পত্রিকাগুলোয়	p o tr i k a g u l O y	native
পত্রিকাটা	p o tr i k a T a	native
পত্রিকাটি	p O tr i k a T i	native
পত্রিকাটিও	p o tr i k a T i O	native
পত্রিকাটিকে	p o tr i k a T i k e	native
পত্রিকাটির	p O tr i k a T i r	native
পত্রিকাতে	p O tr i k a t e	native
পত্রিকাতেই	p O tr i k a t e i	native
পত্রিকাতেও	p O tr i k a t e O	native
পত্রিকাদ্বয়ের	p O tr i k a d o y e r	compound
পত্রিকার	p O tr i k a r	native
পত্রিকারই	p o tr i k a r i	native
পত্রিকারও	p o tr i k a r O	native
পত্রিকাসহ	p o tr i k a sh o h O	native
পত্রিকায়	p O tr i k a y o	native
পত্রিকায়ই	p o tr i k a y i	native
পত্রিকায়ও	p o tr i k a y O	native
পত্রে	p o tr e	native
পত্রোদ্গম	p o tr O d g o m	native
পতৎ	p o t o t	native
পথই	p o th i	native
পথও	p o th O	native
পথকলি	p o th k o l i	native
পথকে	p o th k e	native
পথকেই	p o th k e i	native
পথগুলোর	p o th g u l O r	native
পথঘাট	p o th gh a T	native
পথঘাটে	p o th gh a T e	native
পথচলতি	p o th ch O l t i	native
পথচলাকে	p o th ch o l a k e	native
পথচলার	p o th ch o l a r	native
পথচলায়	p o th ch o l a y	native
পথচারি	p o th O ch a r i	native
পথচারিও	p o th o ch a r i O	native
পথচারিকে	p o th O ch a r i k e	native
পথচারিকেও	p o th o ch a r i k e O	native
পথচারিদের	p o th O ch a r i d e r	native
পথচারিদেরও	p o th o ch a r i d e r O	native
পথচারির	p o th O ch a r i r	native
পথচারিরা	p o th O ch a r i r a	native
পথচারিসহ	p o th O ch a r i sh o h O	native
পথজাত্রা	p o th o j a tr a	native
পথজাত্রার	p o th o j a tr a r	native
পথজাত্রায়	p o th o j a tr a y	native
পথজাত্রি	p o th O j a tr i	native
পথজুড়ে	p o th j u r e	native
পথটা	p o th T a	native
পথটাই	p o th T a i	native
পথটাও	p o th T a O	native
পথটাকে	p o th T a k e	native
পথটি	p o th T i	native
পথটিই	p o th T i i	native
পথটির	p o th T i r	native
পথনকশা	p o th o n o k sh a	native
পথনাটকের	p o th o n a T o k e r	native
পথনাট্যোৎসব	p o th o n a T T O t sh o b	native
পথনির্দেশ	p o th O n i r d e sh	native
পথনির্দেশক	p o th o n i r d e sh o k	native
পথনির্দেশনা	p o th o n i r d e sh o n a	native
পথনির্দেশিকা	p o th o n i r d e sh i k a	native
পথপরিক্রমা	p o th p o r i kr o m a	native
পথপরিক্রমার	p o th p o r i kr o m a r	native
পথপরিক্রমায়	p o th p o r i kr o m a y	native
পথপাশে	p o th p a sh e	native
পথপ্রদর্শন	p o th pr o d o r sh o n	native
পথভ্রশ্ট	p o th O bh r o sh T O	native
পথভ্রান্তকে	p o th o bh r a nt o k e	native
পথরেখা	p o th o r e kh a	native
পথরোধ	p o th r O dh	native
পথশিশু	p o th O sh i sh u	native
পথশিশুকে	p o th o sh i sh u k e	native
পথসভা	p o th O sh o bh a	native
পথসভার	p o th o sh o bh a r	native
পথসভায়	p o th o sh o bh a y	native
পথসমাবেশ	p o th o sh o m a b e sh	native
পথসহ	p o th sh o h O	native
পথহারা	p o th O h a r a	native
পথান	p o th a n	native
পথিককে	p O th i k k e	native
পথিককেই	p o th i k k e i	native
পথিকৃতের	p o th i k r i t e r	tatsama
পথিকৃত্	p o th i k r i t	tatsama
পথিকৃৎ	p O th i k r i t	tatsama
পথিকের	p O th i k e r	native
পথিকেরা	p o th i k e r a	native
পথিমধ্যে	p O th i m O d dh e	native
পথে	p o th e	native
পথেই	p o th e i	native
পথেও	p o th e O	native
পথেঘাটে	p o th e gh a T e	native
পথের	p o th e r	native
পথেরই	p o th e r i	native
পথ্যে	p o t th e	native
পথ্যের	p o t th e r	native
পদই	p o d i	native
পদকই	p o d o k i	native
পদকও	p o d O k O	native
পদকজয়ি	p o d o k j o y i	native
পদকটা	p o d o k T a	native
পদকটি	p o d O k T i	native
পদকপ্রাপ্ত	p o d O k pr a p t O	native
পদকপ্রাপ্তদের	p o d o k pr a p t o d e r	compound
পদকপ্রাপ্তি	p o d o k pr a p t i	native
পদকে	p o d k e	native
পদকের	p o d O k e r	native
পদক্রম	p o d o kr o m	native
পদক্রমে	p o d o kr o m e	native
পদক্ষেপও	p o d O kkh e p O	tatsama
পদক্ষেপকেই	p o d o kkh e p k e i	tatsama
পদক্ষেপগুলো	p o d O kkh e p g u l O	tatsama
পদক্ষেপগুলোও	p o d o kkh e p g u l O	tatsama
পদক্ষেপগুলোকে	p o d o kkh e p g u l O k e	tatsama
পদক্ষেপগুলোর	p o d o kkh e p g u l O r	tatsama
পদক্ষেপটা	p o d o kkh e p T a	tatsama
পদক্ষেপটি	p o d O kkh e p T i	tatsama
পদক্ষেপসমুহ	p o d o kkh e p sh o m u h o	tatsama
পদক্ষেপসহ	p o d o kkh e p sh o h O	tatsama
পদক্ষেপে	p o d O kkh e p e	tatsama
পদক্ষেপেই	p o d O kkh e p e i	tatsama
পদখিন	p o d o kh i n	native
পদগাওকর	p o d g a O k o r	native
পদগুলোও	p o d g u l O O	native
পদগুলোতে	p o d g u l O t e	native
পদগুলোর	p o d g u l O r	native
পদচারন	p o d O ch a r O n	native
পদচারনা	p o d O ch a r O n a	native
পদচারনার	p o d O ch a r O n a r	native
পদচারনায়	p o d o ch a r o n a y	native
পদচারনে	p o d O ch a r O n e	native
পদচারি	p o d O ch a r i	native
পদচ্যুত	p o d O ch u t O	native
পদচ্যুতি	p o d o ch ch u t i	native
পদজাত্রা	p o d O j a tr a	native
পদজাত্রাটি	p o d o j a tr a T i	native
পদজাত্রার	p o d o j a tr a r	native
পদজাত্রায়	p o d o j a tr a y	native
পদজুগলের	p o d o j u g o l e r	native
পদটা	p o d T a	native
পদটি	p o d T i	native
পদটিকে	p o d T i k e	native
পদটিতে	p o d T i t e	native
পদত্যাগই	p o d o t A g i	native
পদত্যাগও	p o d O t A g O	native
পদত্যাগকারি	p o d o t A g k a r i	native
পদত্যাগকে	p o d o t A g k e	native
পদত্যাগপত্রটি	p o d o t A g p o tr O T i	compound
পদত্যাগপত্রে	p o d o t A g p o tr e	native
পদত্যাগপত্রের	p o d o t A g p o tr e r	compound
পদত্যাগসহ	p o d o t A g sh o h O	native
পদত্যাগি	p o d o t A g i	native
পদত্যাগে	p o d O t A g e	native
পদত্যাগের	p o d O t A g e r	native
পদত্যাগেরও	p o d o t A g e r O	native
পদধারি	p o d dh a r i	native
পদধুলি	p o d o dh u l i	native
পদপিশ্ট	p o d O p i sh T O	native
পদপে	p o d O p e	native
পদপ্রত্যাশি	p o d O pr O t t a sh i	native
পদপ্রত্যাশিদের	p o d O pr O t t a sh i d e r	compound
পদপ্রার্থি	p o d O pr a r th i	native
পদপ্রার্থিও	p o d o pr a r th i O	native
পদপ্রার্থিকে	p o d o pr a r th i k e	native
পদপ্রার্থিদের	p o d O pr a r th i d e r	compound
পদপ্রার্থির	p o d O pr a r th i r	native
পদপ্রার্থিরা	p o d O pr a r th i r a	native
পদপ্রার্থিসহ	p o d o pr a r th i sh o h O	native
পদবঞ্চিতরা	p o d b O nch i t O r a	tatsama
পদভারে	p o d O bh a r e	native
পদমর্যাদা	p o d O m o r j a d a	native
পদমর্যাদাক্রম	p o d o m o r j a d a kr o m	compound
পদমর্যাদাক্রমের	p o d o m o r j a d a kr o m e r	compound
পদমর্যাদার	p o d O m o r j a d a r	native
পদমর্যাদাসম্পন্ন	p o d o m o r j a d a sh o mp o nn o	compound
পদমর্যাদায়	p o d o m o r j a d a y	native
পদলেহি	p o d o l e h i	native
পদসংখ্যা	p o d O sh o ng kh a	native
পদসংখ্যার	p o d sh o ng kh a r	native
পদসমুহ	p o d sh o m u h o	native
পদসহ	p o d O sh o h O	native
পদসেবা	p o d o sh e b a	native
পদস্খলন	p o d o sh kh o l o n	native
পদাংক	p o d a ng k O	native
পদাংশ	p o d a ng sh O	native
পদাঘাত	p o d a gh a t	native
পদাতিক	p o d a t i k	native
পদাতিকের	p o d a t i k e r	native
পদাধিকারবলে	p o d a dh i k a r b o l e	native
পদাধিকারি	p o d a dh i k a r i	native
পদাধিকারিদের	p o d a dh i k a r i d e r	native
পদাধিকারির	p o d a dh i k a r i r	native
পদানত	p o d a n o t o	native
পদানুবর্তি	p o d a n u b O r t i	native
পদানুসারে	p o d a n u sh a r e	native
পদান্বয়	p o d a n n o y	native
পদাবনত	p o d a b o n o t o	native
পদাবনতি	p o d a b o n o t i	native
পদাবলি	p o d a b O l i	native
পদাবলির	p o d a b o l i r	native
পদার্থ	p O d a r th O	native
পদার্থই	p o d a r th o i	native
পদার্থগুলো	p o d a r th O g u l O	native
পদার্থজুক্ত	p o d a r th o j u kt O	native
পদার্থটি	p o d a r th O T i	native
পদার্থবাহি	p o d a r th o b a h i	native
পদার্থবিজ্ঞান	p o d a r th O b i g g a n	tatsama
পদার্থবিজ্ঞানি	p o d a r th O b i g g a n i	tatsama
পদার্থবিজ্ঞানিদের	p o d a r th o b i g g a n i d e r	tatsama
পদার্থবিজ্ঞানিরা	p o d a r th o b i g g a n i r a	tatsama
পদার্থবিজ্ঞানের	p O d a r th O b i g g a n e r	tatsama
পদার্থবিদ	p o d a r th o b i d	native
পদার্থবিদ্যা	p o d a r th O b i d d a	native
পদার্থবিদ্যার	p o d a r th O b i d d a r	compound
পদার্থবিদ্যায়	p o d a r th o b i d d a y	compound
পদার্থবিশয়ক	p o d a r th o b i sh o y o k	native
পদার্থসহ	p o d a r th o sh o h O	native
পদার্থের	p o d a r th e r	native
পদার্পনের	p o d a r p o n e r	native
পদাশ্রিত	p o d a sh r i t O	native
পদাশ্রয়	p o d a sh r o y	native
পদাসন	p o d a sh O n	native
পদাহত	p o d a h o t O	native
পদায়ন	p o d a y o n	native
পদায়নের	p o d a y o n e r	native
পদিনা	p o d i n a	native
পদুচেরির	p o d u ch e r i r	native
পদুমা	p o d u m a	native
পদুমিনি	p O d u m i n i	native
পদুয়া	p o d u y a	native
পদুয়ার	p o d u y a r	native
পদে	p o d e	native
পদেই	p o d e i	native
পদেও	p o d e O	native
পদেক্ষপ	p o d e kkh o p	tatsama
পদোন্নতিও	p o d O nn O t i O	native
পদোন্নতিতে	p o d O nn O t i t e	native
পদোন্নতিপ্রাপ্ত	p o d O nn o t i pr a p t o	compound
পদোন্নতির	p o d O nn o t i r	native
পদোন্নতিসংক্রান্ত	p o d O nn o t i sh o ng kr a nt O	compound
পদোন্নতিসহ	p o d O nn o t i sh o h O	native
পদ্ধতি	p o d dh O t i	tatsama
পদ্ধতিই	p o d dh O t i i	tatsama
পদ্ধতিও	p o d dh O t i O	tatsama
পদ্ধতিকেই	p o d dh o t i k e i	tatsama
পদ্ধতিগত	p o d dh O t i g o t O	tatsama
পদ্ধতিগতভাবে	p o d dh O t i g o t O bh a b e	tatsama
পদ্ধতিগুলো	p O d dh O t i g u l O	tatsama
পদ্ধতিগুলোর	p o d dh o t i g u l O r	tatsama
পদ্ধতিটা	p o d dh O t i T a	tatsama
পদ্ধতিটি	p o d dh O t i T i	tatsama
পদ্ধতিটিই	p o d dh o t i T i i	tatsama
পদ্ধতিটিও	p o d dh o t i T i O	tatsama
পদ্ধতিটির	p o d dh O t i T i r	tatsama
পদ্ধতিতেই	p o d dh O t i t e i	tatsama
পদ্ধতিতেও	p o d dh O t i t e O	tatsama
পদ্ধতির	p o d dh O t i r	tatsama
পদ্ধতিরই	p o d dh o t i r i	tatsama
পদ্ধতিরও	p o d dh o t i r O	tatsama
পদ্ধতিসংক্রান্ত	p o d dh o t i sh o ng kr a nt O	tatsama
পদ্ধতিসহ	p o d dh o t i sh o h O	tatsama
পদ্বোদ্ভব	p o d u dh bh o b	native
পদ্মকে	p o d d o k e	tatsama
পদ্মদের	p o d d o d e r	tatsama
পদ্মপুকুর	p o d d o p u k u r	tatsama
পদ্মভুশন	p o d d o bh u sh o n	tatsama
পদ্মর	p o d d o r	tatsama
পদ্মরাগ	p o d d o r a g	tatsama
পদ্মলোচন	p o d d o l O ch o n	tatsama
পদ্মশ্রি	p o d d o sh r i	tatsama
পদ্মা	p o d d a	tatsama
পদ্মাকর	p o d d a k o r	tatsama
পদ্মাক্ষ	p o d d a kkh O	tatsama
পদ্মাগর্ভে	p o d d a g o r bh e	tatsama
পদ্মাতিরের	p o d d a t i r e r	tatsama
পদ্মানদির	p o d d a n o d i r	tatsama
পদ্মাপাড়ের	p o d d a p a r e r	tatsama
পদ্মাবতি	p o d d a b O t i	tatsama
পদ্মার	p o d d a r	tatsama
পদ্মালয়া	p o d d a l o y a	tatsama
পদ্মাসন	p o d d a sh O n	tatsama
পদ্মাসনা	p o d d a sh O n a	tatsama
পদ্মায়	p o d d a y	tatsama
পদ্মিনি	p o d d i n i	tatsama
পদ্য	p O d d O	native
পদ্যটা	p O d d o T a	native
পন	p o n	native
পনব	p o n O b	native
পনবন্দি	p o n b O nd i	native
পনস	p o n O sh	native
পনাম	p o n a m	native
পনি	p O n i	native
পনিটেইল	p O n i T e i l	native
পনিটেল	p a n i T e l	native
পনিরকে	p o n i r k e	native
পনিরের	p O n i r e r	native
পনু	p o n u	native
পনের	p O n e r O	native
পনেরই	p O n e r O i	native
পনেরোই	p o n e r O i	native
পনেরোটি	p O n e r O T i	native
পনেরোর	p o n e r O r	native
পন্ট	p o n T	native
পন্টিং	p o n T i ng	native
পন্টিংই	p o n T i ng i	native
পন্টিংও	p o n T i ng O	native
পন্টিংকে	p o n T i ng k e	native
পন্টিংদের	p o n T i ng d e r	native
পন্টিংরা	p o n T i ng r a	native
পন্টিংয়ের	p o n T i ng y e r	native
পন্টুন	p o n T u n	native
পন্টুনগুলো	p o n T u n g u l O	native
পন্টুনটি	p o n T u n T i	native
পন্টুনে	p o n T u n e	native
পন্টুনের	p o n T u n e r	native
পন্ড	p o n D O	native
পন্ডশ্রম	p o n D o sh r o m	native
পন্ডস	p o n D sh	native
পন্ডার্স	p o n D a r sh	native
পন্ডিত	p O n D i t	native
পন্ডিতদের	p O n D i t d e r	native
পন্ডিতমশাই	p O n D i t m o sh a i	native
পন্ডিতমশাইয়ের	p o n D i t m o sh a i y e r	compound
পন্ডিতরা	p O n D i t r a	native
পন্ডিতসার	p o n D i t sh a r	native
পন্ডিতি	p o n D i t i	native
পন্ডিতের	p O n D i t e r	native
পন্ডিতেরা	p O n D i t e r a	native
পন্ত	p o nt o	native
পন্থ	p o n th O	native
পন্থাও	p o n th a O	native
পন্থাকে	p o n th a k e	native
পন্থাগুলো	p o n th a g u l O	native
পন্থাটি	p o n th a T i	native
পন্থায়	p o n th a y	native
পন্থি	p O n th i	native
পন্নগ	p o nn o g	native
পন্নি	p O nn i	native
পন্যই	p O n n O i	native
পন্যও	p o n n o O	native
পন্যকে	p O n n O k e	native
পন্যকেই	p o n n o k e i	native
পন্যগুলো	p O n n O g u l O	native
পন্যগুলোকে	p o n n o g u l O k e	native
পন্যগুলোতে	p o n n o g u l O t e	native
পন্যগুলোর	p O n n O g u l O r	native
পন্যটি	p O n n O T i	native
পন্যটির	p O n n O T i r	native
পন্যদুত	p O n n O d u t	native
পন্যদ্রব্য	p o n n o d r O b b O	native
পন্যদ্রব্যের	p o n n o d r o b b e r	native
পন্যনির্মাতা	p o n n o n i r m a t a	native
পন্যপরিবহন	p o n n o p o r i b o h o n	native
পন্যপরিবহনের	p o n n o p o r i b o h o n e r	native
পন্যবাজারে	p o n n o b a j a r e	native
পন্যবাজারের	p o n n o b a j a r e r	native
পন্যবানিজ্যে	p o n n o b a n i j j e	native
পন্যবাহি	p O n n O b a h i	native
পন্যবোঝাই	p O n n O b O jh a i	native
পন্যভর্তি	p o n n o bh o r t i	native
পন্যভেদে	p o n n o bh e d e	native
পন্যমান	p o n n o m a n	native
পন্যমুল্য	p O n n O m u l l O	native
পন্যমুল্যে	p o n n o m u l l e	native
পন্যমুল্যের	p o n n o m u l l e r	native
পন্যসম্ভারে	p o n n o sh o m bh a r e	native
পন্যসহ	p O n n O sh o h O	native
পন্যসামগ্রি	p o n n o sh a m O gr i	native
পন্যসামগ্রিতে	p o n n o sh a m O gr i t e	compound
পন্যসামগ্রির	p O n n O sh a m O gr i r	native
পন্যসেবা	p o n n o sh e b a	native
পন্যসেবার	p o n n o sh e b a r	native
পন্যাগার	p o n n a g a r	native
পন্যে	p O n n e	native
পন্যেই	p o n n e i	native
পন্যেও	p O n n e O	native
পন্যের	p O n n e r	native
পন্যেরই	p o n n e r i	native
পপ	p o p	native
পপকর্ন	p o p k o r n	native
পপগানে	p o p g a n e	native
পপগানের	p o p g a n e r	native
পপগায়ক	p o p g a y o k	native
পপগায়িকা	p o p g a y i k a	native
পপগুরু	p o p g u r u	native
পপগুরুর	p o p g u r u r	native
পপতারকা	p o p t a r O k a	native
পপলিন	p o p l i n	native
পপশিল্পি	p o p sh i l p i	native
পপসংগিত	p o p sh o ng g i t	native
পপসংগিতের	p o p sh o ng g i t e r	native
পপসং্গিতের	p o p sh O ng g i t e r	native
পপসম্রাট	p o p sh o m r a T	native
পপসম্রাটকে	p o p sh o m r a T k e	native
পপসম্রাটের	p o p sh o m r a T e r	native
পপস্টার	p o p sh T a r	loanword
পপিকে	p o p i k e	native
পপিনস	p o p i n sh	native
পপির	p o p i r	native
পপিহা	p O p i h a	native
পপুলার	p o p u l a r	native
পপুলেশন	p o p u l e sh O n	native
পবন	p o b O n	native
পবনকে	p o b o n k e	native
পবনসহ	p o b o n sh o h O	native
পবনা	p o b n a	native
পবনের	p o b o n e r	native
পবমান	p o b O m a n	native
পবলা	p o b o l a	native
পবহাটি	p o b o h a T i	native
পবহাটির	p o b o h a T i r	native
পবা	p o b a	native
পবার	p o b a r	native
পবিত্রতা	p O b i tr O t a	native
পবিত্রতাকে	p o b i tr o t a k e	native
পবিত্রি	p o b i tr i	native
পবিপ্রবি	p o b i pr o b i	native
পবিপ্রবির	p o b i pr o b i r	native
পবিস	p O b i sh	native
পবিসের	p O b i sh e r	native
পবেস	p o b e sh	native
পভার্টি	p O bh a r T i	native
পমেটম	p o m e T o m	native
পম্প	p o mp o	native
পম্পেই	p a mp e i	native
পরই	p O r i	native
পরওয়া	p o r O y a	native
পরওয়ানা	p o r O y a n a	native
পরওয়ার	p o r O y a r	native
পরক	p o r O k	native
পরকলা	p o r k o l a	native
পরকার	p o r o k a r	native
পরকালিন	p o r O k a l i n	native
পরকালে	p o r O k a l e	native
পরকালের	p o r O k a l e r	native
পরকাশ	p o r o k a sh	native
পরকিকরন	p o r O k i k o r O n	native
পরকিত	p o r o k i t o	native
পরকিয়	p o r O k i y O	native
পরকিয়া	p o r o k i y a	native
পরকিয়ার	p o r o k i y a r	native
পরকিয়ায়	p o r o k i y a y	native
পরকে	p o r k e	native
পরকোলা	p o r k O l a	native
পরক্ষনে	p o r o kkh o n e	tatsama
পরক্ষনেই	p o r o kkh o n e i	tatsama
পরগনায়	p o r g o n a y	native
পরগাছার	p o r g a chh a r	native
পরঘরি	p o r gh O r i	native
পরচা	p o r ch a	native
পরচার	p o r ch a r	native
পরচারি	p o r ch a r i	native
পরচাল	p o r o ch a l	native
পরচুলা	p o r ch u l a	native
পরচ্ছন্দ	p o r O ch chh o nd O	native
পরচ্ছিদ্র	p o r O ch chh i d r O	native
পরছি	p O r chh i	native
পরছেন	p o r chh e n	native
পরজ	p o r O j	native
পরজান	p O r i j a n	native
পরজিবি	p o r O j i b i	native
পরজিবির	p o r O j i b i r	native
পরঞ্জয়	p o r O nj o y	tatsama
পরতঃ	p o r o t o h	tatsama
পরতন্ত্র	p o r O t o n t r O	native
পরতল	p o r t o l	native
পরতা	p o r o t a	native
পরতাপ	p o r t a p	native
পরতাম	p O r t a m	native
পরতার	p o r o t a r	native
পরতায়	p o r o t a y	native
পরতে	p O r t e	native
পরতেই	p O r t e i	native
পরতেও	p O r t e O	native
পরতেন	p O r t e n	native
পরতো	p O r t O	native
পরত্র	p o r O tr O	native
পরথেকে	p o r th e k e	native
পরদা	p o r d a	native
পরদাজ	p o r o d a j	native
পরদার	p o r O d a r r	native
পরদিন	p o r d i n	native
পরদিনই	p o r d i n i	native
পরদিনের	p o r d i n e r	native
পরদেশ	p o r d e sh	native
পরদেশি	p o r d e sh i	native
পরদ্বেশ	p o r O d d e sh	native
পরধন	p o r O dh o n	native
পরধর্ম	p o r O dh o r m O	native
পরন	p o r O n	native
পরনাম	p o r n a m	native
পরনারি	p o r O n a r i	native
পরনিন্দা	p o r O n i nd a	native
পরনিন্দার	p o r o n i nd a	native
পরনির্ভর	p o r O n i r bh o r	native
পরনির্ভরতা	p o r o n i r bh o r o t a	native
পরনির্ভরতার	p o r o n i r bh o r o t a r	native
পরনির্ভরশিল	p o r O n i r bh o r sh i l	native
পরনির্ভরশিলতা	p o r o n i r bh o r o sh i l o t a	compound
পরনে	p o r O n e	native
পরনেই	p o r o n e i	native
পরন্তপ	p o r O nt o p	native
পরন্তু	p o r O nt u	native
পরপতি	p o r O p o t i p o r	native
পরপত্নি	p o r O p O t n i	native
পরপদ	p o r O p o d	native
পরপরই	p o r p o r i	native
পরপারে	p o r O p a r e	native
পরপিড়ক	p o r p i r O k	native
পরপিড়ন	p o r p i r O n	native
পরপুরুশ	p o r p u r u sh	native
পরপুর্বা	p o r O p u r b a	native
পরপুশ্ট	p o r O p u sh T O	native
পরব	p o r o b	native
পরবত	p o r b o t	native
পরবন্ধ	p o r b O ndh O	tatsama
পরবর্তি	p o r o b o r t i	native
পরবর্তিকালে	p o r o b o r t i k a l e	native
পরবর্তিকালেও	p o r o b o r t i k a l e O	native
পরবর্তিকালের	p o r o b o r t i k a l e r	native
পরবর্তিতে	p o r o b o r t i t e	native
পরবশ	p o r O b o sh	native
পরবাদ	p o r O b a d	native
পরবার	p o r b a r	native
পরবাসি	p o r O b a sh i	loanword
পরবাসে	p o r O b a sh e	loanword
পরবুধ	p o r o b u dh	native
পরবেশ	p o r o b e sh	native
পরবোধ	p o r o b O dh	native
পরব্যোম	p o r O b b O m	native
পরব্রত	p o r o br o t	native
পরব্রহ্ম	p o r O br O m h O	tatsama
পরভাগ্যোপজিবি	p o r O bh a g g O p O j i b i	compound
পরভাত	p o r o bh a t	native
পরভাতা	p o r bh a t a	native
পরভুত	p O r i bh u t O	native
পরভৃত	p o r O bh ri t O	tatsama
পরভৃৎ	p o r O b bh ri t	tatsama
পরমং	p o r o m o ng	native
পরমত	p o r O m o t	native
পরমতসহিশ্নু	p o r o m o t sh o h i sh n u	native
পরমতসহিশ্নুতা	p o r o m o t sh o h i sh n u t a	compound
পরমতসহিশ্নুতার	p o r o m o t sh o h i sh n u t a r	compound
পরমতের	p o r o m o t e r	native
পরমব্রত	p o r O m br O t O	native
পরমব্রতর	p o r O m br O t O r	native
পরমহংস	p o r O m h o ng sh O	native
পরমাই	p o r o m a i	native
পরমাত্মা	p o r O m a t t a	native
পরমাত্মার	p o r O m a t t a r	native
পরমাত্মিয়	p o r O m a t t i y O	native
পরমাদ	p o r o m a d	native
পরমাদর	p o r O m a d o r	native
পরমান	p o r o m a n	native
পরমানন্দ	p o r O m a n o nd O	native
পরমানন্দে	p o r o m a n o nd e	native
পরমানবিক	p o r o m a n o b i k	native
পরমানু	p o r O m a n u	native
পরমানুকে	p o r o m a n u k e	native
পরমানুকেন্দ্র	p o r o m a n u k e ndr o	compound
পরমানুকেন্দ্রে	p o r o m a n u k e ndr e	compound
পরমানুকেন্দ্রের	p o r o m a n u k e ndr e r	compound
পরমানুতে	p o r O m a n u t e	native
পরমানুবিজ্ঞানি	p o r o m a n u b i g g a n i	tatsama
পরমানুবিশয়ক	p o r o m a n u b i sh o y o k	native
পরমানুমুক্ত	p o r o m a n u m u kt O	native
পরমানুর	p o r O m a n u r	native
পরমানুশক্তি	p o r o m a n u sh o kt i	native
পরমানুশক্তির	p o r o m a n u sh o kt i r	native
পরমান্ন	p o r O m a nn O	native
পরমার্থ	p o r O m a r th O	native
পরমুখাপেক্ষা	p o r m u kh a p e kkh a	tatsama
পরমুখাপেক্ষি	p o r o m u kh a p e kkh i	tatsama
পরমুহুর্তেই	p o r m u h u r t e i	native
পরমোৎসব	p o r O m O t sh o b	native
পরম্পর	p o r O mp o r	native
পরম্পরা	p o r O mp o r a	native
পরম্পরার	p o r o mp o r a r	native
পরম্পরায়	p o r o mp o r a y	native
পররাশ্ট্র	p o r O r a sh T r O	loanword
পররাশ্ট্রনিতি	p o r a r a sh T r O n i t i	loanword
পররাশ্ট্রনিতিকে	p o r o r a sh T r o n i t i k e	loanword
পররাশ্ট্রনিতিতে	p o r O r a sh T r O n i t i t e	loanword
পররাশ্ট্রনিতিবিশয়ক	p o r o r a sh T r o n i t i b i sh o y o k	loanword
পররাশ্ট্রনিতির	p o r O r a sh T r O n i t i r	loanword
পররাশ্ট্রবিশয়ক	p o r o r a sh T r o b i sh o y o k	loanword
পররাশ্ট্রমন্ত্রি	p o r O r a sh T r o m o n t r i	loanword
পররাশ্ট্রমন্ত্রিও	p o r o r a sh T r o m o nt ri O	loanword
পররাশ্ট্রমন্ত্রিকে	p o r O r a sh T r O m O nt ri k e	loanword
পররাশ্ট্রমন্ত্রিদের	p o r O r a sh T r O m O nt ri d e r	loanword
পররাশ্ট্রমন্ত্রির	p o r O r a sh T r O m O nt ri r	loanword
পররাশ্ট্রমন্ত্রিরা	p o r O r a sh T r O m O nt ri r a	loanword
পররাশ্ট্রমন্ত্রিসহ	p o r o r a sh T r o m o nt ri sh o h O	loanword
পররাশ্ট্রসচিব	p o r O r a sh T r O sh O ch i b	loanword
পররাশ্ট্রসচিবকে	p o r o r a sh T r o sh o ch i b k e	loanword
পররাশ্ট্রসচিবদের	p o r o r a sh T r o sh o ch i b d e r	loanword
পররাশ্ট্রসচিবের	p o r O r a sh T r O sh O ch i b e r	loanword
পরল	p O r l O	native
পরলেই	p O r l e i	native
পরলেও	p O r l e O	native
পরলেন	p O r l e n	native
পরলোকগত	p o r O l O k g o t O	native
পরলোকে	p o r O l O k e	native
পরশ	p o r O sh	native
পরশই	p o r o sh o i	native
পরশমনি	p o r O sh m O n i	native
পরশুই	p O r sh u i	native
পরশুও	p o r sh u	native
পরশুর	p O r sh u r	native
পরশুরাম	p O r sh u r a m	native
পরশুরামে	p o r sh u r a m e	native
পরশুরামের	p o r sh u r a m e	native
পরশের	p o r O sh e r	native
পরশ্পরের	p o r O sh p o r e r	native
পরশ্ব	p o r O sh sh O	tatsama
পরশ্রিকাতর	p o r O sh r i k a t O r	native
পরশ্রিকাতরতা	p o r o sh r i k a t o r o t a	native
পরসংগ	p o r sh o ng g O	native
পরসাদ	p o r o sh a d	native
পরস্ত্রি	p o r O s t r i	native
পরস্পর	p o r O s p o r	loanword
পরস্পরকে	p o r O s p o r k e	loanword
পরস্পরবিরোধি	p o r O s p O r b i r O dh i	loanword
পরস্পরের	p o r O s p o r e r	loanword
পরস্ফুিট	p o r o sh ph u T i	native
পরস্ব	p o r O sh sh O	tatsama
পরস্মোইপদ	p o m O sh m O i p o d	native
পরহার	p o r o h a r	native
পরহিংসা	p o r O h i ng sh a	native
পরহিত	p o r O h i t	native
পরহেজ	p o r h e j	native
পরহেজগারি	p o r h e j g a r i	native
পরা	p o r a	native
পরাংমুখ	p o r a ng m u kh	native
পরাই	p o r a i	native
পরাইয়া	p o r a i y a	native
পরাওল	p o r a y O l	native
পরাক	p o r a k O	native
পরাকরন	p o r a k o r O n	native
পরাকাশ্ঠা	p o r a k a sh Th a	native
পরাক্রম	p o r a kr O m	native
পরাক্রমশালি	p o r a kr O m sh a l i	native
পরাক্রান্ত	p o r a kr a nt O	native
পরাগত	p o r a g o t O	native
পরাগরেনু	p o r a g r e n u	native
পরাগায়নের	p o r a g a y o n e r	native
পরাঘাত	p o r a gh a t	native
পরাজিত	p o r a j i t O	native
পরাজিতই	p o r a j i t o i	native
পরাজিতও	p o r a j i t o O	native
পরাজিতদের	p o r a j i t o d e r	native
পরাজিতরা	p o r a j i t o r a	native
পরাজিতের	p o r a j i t e r	native
পরাজয়	p o r a j o y	native
পরাজয়ই	p o r a j o y i	native
পরাজয়ও	p o r a j o y O	native
পরাজয়কে	p o r a j o y k e	native
পরাজয়টা	p o r a j o y T a	native
পরাজয়টি	p o r a j o y T i	native
পরাজয়ে	p o r a j o y e	native
পরাজয়েই	p o r a j o y e i	native
পরাজয়ের	p o r a j o y e r	native
পরাটা	p o r a T a	native
পরাটাই	p o r a T a i	native
পরাত	p o r a t	native
পরাতে	p o r a t e	native
পরাধিন	p o r a dh i n	native
পরাধিনতা	p o r a dh i n o t a	native
পরাধিনতার	p o r a dh i n o t a r	native
পরানগঞ্জ	p o r a n g o nj	tatsama
পরানের	p o r a n e r	native
পরানো	p o r a n O	native
পরানোর	p o r a n O r	native
পরান্ন	p o r a nn O	native
পরাবর্ত	p o r a b o r t O	native
পরাবর্তন	p o r a b o r t O n	native
পরাবর্তিত	p o r a b O r t i t O	native
পরাবাস্তবের	p o r a b a st o b e r	loanword
পরাবৃত্ত	p o r a b ri tt O	tatsama
পরাবে	p o r a b e	native
পরাভব	p o r a bh o b	native
পরাভুত	p o r a bh u t O	native
পরামর্শই	p o r a m o r sh O i	native
পরামর্শও	p o r a m o r sh O O	native
পরামর্শক	p o r a m o r sh O k	native
পরামর্শকদের	p o r a m o r sh o k d e r	native
পরামর্শকে	p o r a m o r sh o k e	native
পরামর্শকেন্দ্র	p o r a m o r sh o k e ndr o	compound
পরামর্শকেরা	p o r a m o r sh o k e r a	native
পরামর্শগুলো	p o r a m o r sh O g u l O	native
পরামর্শটা	p o r a m o r sh o T a	native
পরামর্শটি	p o r a m o r sh o T i	native
পরামর্শদাতাদের	p o r a m o r sh o d a t a d e r	compound
পরামর্শদান	p o r a m o r sh o d a n	native
পরামর্শদানের	p o r a m o r sh o d a n e r	native
পরামর্শমতো	p o r a m o r sh O m O t O	native
পরামর্শমুলক	p o r a m o r sh O m u l O k	native
পরামর্শসহ	p o r a m o r sh o sh o h O	native
পরামর্শসেবা	p o r a m o r sh o sh e b a	native
পরামর্শে	p o r a m o r sh e	native
পরামর্শেই	p o r a m o r sh e i	native
পরামর্শের	p o r a m o r sh e r	native
পরামর্ষ	p o r a m o r sh O	tatsama
পরামানিক	p o r a m a n i k	native
পরার	p o r a r	native
পরার্থ	p o r a r th O	native
পরার্থপর	p o r a r th o p o r	native
পরার্থপরতার	p o r a r th o p o r o t a r	native
পরার্ধ	p o r a r dh O	native
পরালে	p o r a l e	native
পরাশক্তি	p o r a sh O kt i	native
পরাশক্তিগুলো	p o r a sh O kt i g u l O	native
পরাশক্তিগুলোর	p o r a sh o kt i g u l O r	compound
পরাশক্তিদের	p o r a sh O kt i d e r	native
পরাশক্তির	p o r a sh O kt i r	native
পরাশক্তিরা	p o r a sh O kt i r a	native
পরাশ্রয়	p o r a sh r o y	native
পরাস্ত	p o r a st O	native
পরাহ	p o r a h O	native
পরাহত	p o r a h o t O	native
পরাহ্ন	p o r a n h O	native
পরাৎপর	p o r a t p o r	native
পরায়	p o r a y	native
পরায়ত্ত	p o r a y O tt O	native
পরায়ন	p o r a y O n	native
পরি	p O r i	native
পরিকর	p O r i k o r	native
পরিকর্ম	p O r i k o r m O	native
পরিকর্মা	p O r i k o r m a	native
পরিকল্পক	p o r i k o l p o k	native
পরিকল্পনাই	p O r i k o l p O n a i	native
পরিকল্পনাও	p O r i k o l p O n a O	native
পরিকল্পনাকারি	p O r i k o l p O n a k a r i	compound
পরিকল্পনাকারিদের	p O r i k o l p O n a k a r i d e r	compound
পরিকল্পনাকারিরা	p o r i k o l p o n a k a r i r a	compound
পরিকল্পনাগত	p o r i k o l p o n a g o t o	native
পরিকল্পনাগুলো	p O r i k o l p O n a g u l O	compound
পরিকল্পনাটা	p O r i k o l p O n a T a	native
পরিকল্পনাটি	p O r i k o l p O n a T i	native
পরিকল্পনাতেই	p O r i k o l p O n a t e i	native
পরিকল্পনাধিন	p o r i k o l p o n a dh i n	native
পরিকল্পনাপত্র	p o r i k o l p o n a p o tr O	compound
পরিকল্পনাবিদ	p O r i k o l p O n a b i d	native
পরিকল্পনাবিদদের	p o r i k o l p o n a b i d d e r	compound
পরিকল্পনাবিদেরা	p o r i k o l p o n a b i d e r a	compound
পরিকল্পনাবিশয়ক	p o r i k o l p o n a b i sh o y o k	compound
পরিকল্পনামতো	p O r i k o l p O n a m o t O	native
পরিকল্পনামতোই	p o r i k o l p o n a m o t O i	compound
পরিকল্পনামন্ত্রি	p O r i k o l p O n a m O n	compound
পরিকল্পনামন্ত্রির	p O r i k o l p O n a m O nt ri r	compound
পরিকল্পনামন্ত্রিসহ	p o r i k o l p o n a m o nt ri sh o h O	compound
পরিকল্পনামাফিক	p O r i k o l p O n a m a ph i k	compound
পরিকল্পনারই	p o r i k o l p o n a r i	native
পরিকল্পনারও	p o r i k o l p o n a r O	native
পরিকল্পনাসংক্রান্ত	p o r i k o l p o n a sh o ng kr a nt O	compound
পরিকল্পনাসচিব	p o r i k o l p o n a sh o ch i b	compound
পরিকল্পনাসহ	p o r i k o l p o n a sh o h O	native
পরিকল্পনাহিন	p o r i k o l p o n a h i n	native
পরিকল্পনাহিনতার	p o r i k o l p o n a h i n o t a r	compound
পরিকল্পনায়	p o r i k o l p o n a y	native
পরিকল্পনায়ও	p o r i k o l p o n a y O	native
পরিকল্পিতভাবে	p O r i k O l p i t O bh a b e	compound
পরিকল্পিতভাবেই	p O r i k O l p i t O bh a b e i	compound
পরিকাঠামো	p O r i k a Th a m O	native
পরিকাঠামোর	p o r i k a Th a m O r	native
পরিকির্তন	p O r i k i r t O n	native
পরিকির্ন	p O r i k i r n O	native
পরিকে	p O r i k e	native
পরিকেন্দ্র	p O r i k e ndr O	native
পরিক্রমা	p O r i kr o m a	native
পরিক্রমার	p o r i kr o m a r	native
পরিক্রমায়	p o r i kr o m a y	native
পরিক্লিশ্ট	p O r i kl i sh T O	native
পরিক্ষক	p O r i kkh o k	tatsama
পরিক্ষকদের	p O r i kkh o k d e r	tatsama
পরিক্ষকের	p O r i kkh o k e r	tatsama
পরিক্ষন	p O r i kkh o n	tatsama
পরিক্ষা	p O r i kkh a	tatsama
পরিক্ষাই	p O r i kkh a i	tatsama
পরিক্ষাও	p O r i kkh a O	tatsama
পরিক্ষাকক্ষ	p O r i kkh a k o kkh O	tatsama
পরিক্ষাকে	p O r i kkh a k e	tatsama
পরিক্ষাকেন্দ্র	p O r i kkh a k e ndr O	tatsama
পরিক্ষাকেন্দ্রে	p O r i kkh a k e ndr e	tatsama
পরিক্ষাকেন্দ্রের	p O r i kkh a k e ndr e r	tatsama
পরিক্ষাগার	p O r i kkh a g a r	tatsama
পরিক্ষাগারে	p O r i kkh a g a r e	tatsama
পরিক্ষাগারের	p O r i kkh a g a r e r	tatsama
পরিক্ষাগুলো	p O r i kkh a g u l O	tatsama
পরিক্ষাগুলোতে	p O r i kkh a g u l O t e	tatsama
পরিক্ষাগুলোর	p O r i kkh a g u l O r	tatsama
পরিক্ষাটা	p O r i kkh a T a	tatsama
পরিক্ষাটি	p O r i kkh a T i	tatsama
পরিক্ষাতেই	p O r i kkh a t e i	tatsama
পরিক্ষাতেও	p O r i kkh a t e O	tatsama
পরিক্ষাপদ্ধতি	p O r i kkh a p o d dh O t i	tatsama
পরিক্ষাপদ্ধতির	p O r i kkh a p o d dh O t i r	tatsama
পরিক্ষামুলক	p O r i kkh a m u l O k	tatsama
পরিক্ষার	p O r i kkh a r	tatsama
পরিক্ষার্থি	p O r i kkh a r th i	tatsama
পরিক্ষার্থিকে	p O r i kkh a r th i k e	tatsama
পরিক্ষার্থিদের	p O r i kkh a r th i d e r	tatsama
পরিক্ষার্থির	p O r i kkh a r th i r	tatsama
পরিক্ষার্থিরা	p O r i kkh a r th i r a	tatsama
পরিক্ষার্থিরাও	p O r i kkh a r th i r a O	tatsama
পরিক্ষাসংক্রান্ত	p O r i kkh a sh o ng kr a nt O	tatsama
পাচটি	p a ch T i	native
পয়তারা	p o y t a r a	native
পয়তাল্লিশ	p o y o t a l l i sh	native
পয়ত্রিশ	p o y tr i sh	native
পয়শট্টি	p o y sh O T T i	native
পরিক্ষককে	p o r i kkh o k k e	tatsama
পরিক্ষকেরা	p o r i kkh o k e r a	tatsama
পরিক্ষনিয়	p O r i kkh O n i y O	tatsama
পরিক্ষনের	p o r i kkh o n e r	tatsama
পরিক্ষাগারগুলো	p o r i kkh a g a r g u l O	tatsama
পরিক্ষাগুলোও	p o r i kkh a g u l O O	tatsama
পরিক্ষাগুলোয়	p o r i kkh a g u l O y	tatsama
পরিক্ষাজট	p o r i kkh a j o T	tatsama
পরিক্ষাটির	p o r i kkh a T i r	tatsama
পরিক্ষাধিন	p o r i kkh a dh i n	tatsama
পরিক্ষাবিহিন	p o r i kkh a b i h i n	tatsama
পরিক্ষাব্যবস্থা	p o r i kkh a b A b o sth a	tatsama
পরিক্ষাভিতি	p o r i kkh a bh i t i	tatsama
পরিক্ষাভিত্তিক	p o r i kkh a bh i tt i k	tatsama
পরিক্ষামুলকভাবে	p o r i kkh a m u l o k bh a b e	tatsama
পরিক্ষারই	p o r i kkh a r i	tatsama
পরিক্ষার্থিই	p o r i kkh a r th i i	tatsama
পরিক্ষার্থিও	p o r i kkh a r th i O	tatsama
পরিক্ষার্থিদেরও	p o r i kkh a r th i d e r O	tatsama
পরিক্ষার্থিসহ	p o r i kkh a r th i sh o h O	tatsama
পরিক্ষাসহ	p o r i kkh a sh o h O	tatsama
পরিক্ষায়	p o r i kkh a y	tatsama
পরিক্ষায়ই	p o r i kkh a y i	tatsama
পরিক্ষায়ও	p o r i kkh a y O	tatsama
পরিক্ষিত	p o r i kkh i t o	tatsama
পরিক্ষিন	p O r i kkh i n	tatsama
পরিক্ষিপ্ত	p O r i kkh i p t O	tatsama
পরিক্ষিয়মান	p O r i kkh i y O m a n	tatsama
পরিক্ষেপ	p o r i kkh e p	tatsama
পরিখই	p o r i kh o i	native
পরিখার	p o r i kh a r	native
পরিখায়	p o r i kh a y	native
পরিখ্যাত	p O r i k kh A t O	native
পরিগনিত	p o r i g o n i t o	native
পরিগম	p O r i g o m	native
পরিগৃহিত	p O r i g g ri h i t O	tatsama
পরিগ্রহ	p o r i gr O h O	native
পরিগ্রহন	p o r i gr o h o n	native
পরিঘ	p O r i gh O	native
পরিঘোশ	p o r i gh O sh	native
পরিচর	p O r i ch o r	native
পরিচর্চা	p O r i ch o r ch a	native
পরিচর্যা	p O r i ch o r j a	native
পরিচর্যাও	p o r i ch o r j a O	native
পরিচর্যাকারি	p o r i ch o r j a k a r i	native
পরিচর্যাকারিদের	p o r i ch o r j a k a r i d e r	compound
পরিচর্যাকারির	p o r i ch o r j a k a r i r	compound
পরিচর্যাকেন্দ্র	p o r i ch o r j a k e ndr o	compound
পরিচর্যাকেন্দ্রে	p O r i ch o r j a k e ndr e	compound
পরিচর্যার	p O r i ch o r j a r	native
পরিচর্যায়	p o r i ch o r j a y	native
পরিচলন	p O r i ch o l O n	native
পরিচারক	p O r i ch a r O k	native
পরিচারন	p O r i ch a r O n	native
পরিচারিকা	p O r i ch a r i k a	native
পরিচারিকার	p O r i ch a r i k a r	native
পরিচালকই	p O r i ch a l O k i	native
পরিচালককেও	p o r i ch a l o k k e O	native
পরিচালকগন	p o r i ch a l o k g o n	native
পরিচালকদ্বয়	p o r i ch a l o k d o y	native
পরিচালকমন্ডলি	p o r i ch a l o k m o n D o l i	compound
পরিচালকমন্ডলির	p o r i ch a l o k m o n D o l i r	compound
পরিচালকরা	p O r i ch a l O k r a	native
পরিচালকরাও	p O r i ch a l O k r a O	native
পরিচালকসহ	p O r i ch a l O k sh o h O	native
পরিচালকের	p O r i ch a l O k e r	native
পরিচালকেরও	p o r i ch a l o k e r O	native
পরিচালকেরাও	p o r i ch a l o k e r a O	native
পরিচালনক্ষমতা	p o r i ch a l o n kh o m o t a	tatsama
পরিচালনগত	p o r i ch a l o n g o t o	native
পরিচালনব্যয়	p o r i ch a l o n b A y	native
পরিচালনাই	p o r i ch a l o n a i	native
পরিচালনাও	p O r i ch a l O n a O	native
পরিচালনাকারি	p O r i ch a l O n a k a r i	native
পরিচালনাকারিদের	p O r i ch a l O n a k a r i d e r	compound
পরিচালনাকে	p o r i ch a l o n a k e	native
পরিচালনাগত	p o r i ch a l o n a g o t o	native
পরিচালনাধিন	p o r i ch a l o n a dh i n	native
পরিচালনারও	p o r i ch a l o n a r O	native
পরিচালনাসংক্রান্ত	p o r i ch a l o n a sh o ng kr a nt O	compound
পরিচালনাসহ	p o r i ch a l o n a sh o h O	native
পরিচালনায়	p O r i ch a l O n a y o	native
পরিচালনায়ও	p o r i ch a l o n a y O	native
পরিচায়ক	p O r i ch a y O k	native
পরিচিত	p O r i ch i t O	native
পরিচিতজনদের	p O r i ch i t O j o n d e r	native
পরিচিতজনের	p o r i ch i t o j o n e r	native
পরিচিতদের	p O r i ch i t O d e r	native
পরিচিতরা	p O r i ch i t O r a	native
পরিচিতিও	p O r i ch i t i O	native
পরিচিতিতে	p O r i ch i t i t e	native
পরিচিতিমুলক	p O r i ch i t i m u l O k	native
পরিচিতির	p O r i ch i t i r	native
পরিচিন্তন	p O r i ch i nt O n	native
পরিচেয়	p O r i ch e y O	native
পরিচ্ছদে	p O r i ch chh o d e	native
পরিচ্ছন্নকরন	p o r i ch chh o nn o k o r o n	native
পরিচ্ছন্নকর্মি	p o r i ch chh o nn o k o r m i	compound
পরিচ্ছন্নতা	p o r i ch chh o nn o t a	native
পরিচ্ছন্নতাকর্মি	p O r i ch chh o nn O t a k O r m i	compound
পরিচ্ছন্নতাকর্মিদের	p O r i ch chh o nn O t a k O r m i d e r	compound
পরিচ্ছন্নতাকর্মির	p o r i ch chh o nn o t a k o r m i r	compound
পরিচ্ছন্নতাকর্মিরা	p o r i ch chh o nn o t a k o r m i r a	compound
পরিচ্ছন্নতার	p O r i ch chh o nn O t a r	native
পরিচ্ছন্নতায়	p o r i ch chh o nn o t a y	native
পরিচ্ছেদ	p O r i ch chh e d	native
পরিচ্ছেদের	p o r i ch chh e d e r	native
পরিচ্যুত	p O r i ch ch u t O	native
পরিচয়	p O r i ch o y	native
পরিচয়ই	p o r i ch o y i	native
পরিচয়ও	p o r i ch o y O	native
পরিচয়কে	p o r i ch o y k e	native
পরিচয়টা	p o r i ch o y T a	native
পরিচয়টাই	p o r i ch o y T a i	native
পরিচয়টি	p o r i ch o y T i	native
পরিচয়টিই	p o r i ch o y T i i	native
পরিচয়দানকারি	p o r i ch o y d a n k a r i	native
পরিচয়ধারি	p o r i ch o y dh a r i	native
পরিচয়পত্র	p o r i ch o y p o tr O	native
পরিচয়পত্রটি	p o r i ch o y p o tr O T i	native
পরিচয়পত্রসহ	p o r i ch o y p o tr O sh o h O	native
পরিচয়পত্রে	p o r i ch o y p o tr e	native
পরিচয়পত্রের	p o r i ch o y p o tr e r	native
পরিচয়পর্ব	p o r i ch o y p o r b o	native
পরিচয়বিহিন	p o r i ch o y b i h i n	native
পরিচয়হিন	p o r i ch o y h i n	native
পরিচয়ে	p o r i ch o y e	native
পরিচয়েই	p o r i ch o y e i	native
পরিচয়ের	p o r i ch o y e r	native
পরিজনকেও	p o r i j o n k e O	native
পরিজনসহ	p o r i j o n sh o h O	native
পরিজনের	p o r i j o n e r	native
পরিজায়ি	p o r i j a y i	native
পরিজ্ঞাত	p O r i g g A t O	tatsama
পরিজ্ঞান	p O r i g g A n	tatsama
পরিত	p O r i t O	native
পরিতপ্ত	p O r i t o p t O	native
পরিতাপ	p O r i t a p	native
পরিতুশ্ট	p O r i t u sh T O	native
পরিতৃপ্ত	p O r i t ri p t O	tatsama
পরিতৃপ্তি	p O r i t r i p t i	tatsama
পরিতৃপ্তির	p O r i t ri p t i r	tatsama
পরিতোশ	p o r i t O sh	native
পরিতোশের	p o r i t O sh e r	native
পরিত্তান	p O r i tt a n	native
পরিত্যক্ত	p O r i t A kt O	native
পরিত্যক্তা	p o r i t A kt a	native
পরিত্যাক্ত	p O r i t A kt O	native
পরিত্যাগ	p O r i t A g	native
পরিত্যাগের	p o r i t A g e r	native
পরিত্যাজ্য	p O r i t A j j O	native
পরিত্রাতা	p O r i tr a t a	native
পরিত্রান	p O r i tr a n	native
পরিত্রানের	p o r i tr a n e r	native
পরিত্রাহি	p O r i tr a h i	native
পরিদপ্তর	p O r i d o p t O r	native
পরিদপ্তরকে	p o r i d o p t o r k e	native
পরিদপ্তরে	p o r i d o p t o r e	native
পরিদপ্তরের	p O r i d o p t O r e r	native
পরিদর্শক	p O r i d o r sh O k	native
পরিদর্শককে	p O r i d o r sh O k k e	native
পরিদর্শকদের	p O r i d o r sh O k d e r	native
পরিদর্শকসহ	p o r i d o r sh o k sh o h O	native
পরিদর্শকের	p O r i d o r sh O k e r	native
পরিদর্শকেরা	p o r i d o r sh o k e r a	native
পরিদর্শনও	p o r i d o r sh o n O	native
পরিদর্শনকারি	p o r i d o r sh o n k a r i	native
পরিদর্শনসহ	p o r i d o r sh o n sh o h O	native
পরিদর্শনে	p O r i d o r sh O n e	native
পরিদর্শনেও	p o r i d o r sh o n e O	native
পরিদর্শনের	p O r i d o r sh O n e r	native
পরিদর্শি	p O r i d O r sh i	native
পরিদৃশ্ট	p O r i d ri sh T O	tatsama
পরিদৃশ্যমান	p O r i d ri sh sh O m a n	tatsama
পরিদের	p O r i d e r	native
পরিধান	p O r i dh a n	native
পরিধানজোগ্য	p O r i dh a n j O g g O	native
পরিধানে	p O r i dh a n e	native
পরিধানের	p O r i dh a n e r	native
পরিধারন	p o r i dh a r o n	native
পরিধায়ি	p O r i dh a y i	native
পরিধি	p O r i dh i	native
পরিধিও	p O r i dh i O	native
পরিধিতে	p o r i dh i t e	native
পরিধির	p O r i dh i r	native
পরিধেয়	p O r i dh e y O	native
পরিনত	p o r i n o t o	native
পরিনতি	p o r i n o t i	native
পরিনতিই	p o r i n o t i i	native
পরিনতিও	p o r i n o t i O	native
পরিনতিতে	p o r i n o t i t e	native
পরিনতির	p o r i n o t i r	native
পরিনদ্ধ	p O r i n o d dh O	tatsama
পরিনাম	p O r i n a m	native
পরিনামও	p o r i n a m O	native
পরিনামে	p O r i n a m e	native
পরিনামের	p o r i n a m e r	native
পরিনাহ	p o r i n a h	native
পরিনি	p O r i n i	native
পরিনিত	p O r i n i t O	native
পরিনিতা	p o r i n i t a	native
পরিনিতি	p O r i n i t i	native
পরিনিতির	p O r i n i t i r	native
পরিনির্বান	p O r i n i r b a n	native
পরিনেতা	p O r i n e t a	native
পরিনেয়	p O r i n e y O	native
পরিনয়	p o r i n o y	native
পরিনয়ে	p o r i n o y e	native
পরিনয়ের	p o r i n o y e r	native
পরিপক্ক	p O r i p o k k O	native
পরিপক্কতা	p O r i p o k k O t a	native
পরিপক্ব	p O r i p o k k O	native
পরিপক্বতা	p o r i p o k k o t a	native
পরিপক্বতার	p o r i p o k k o t a r	native
পরিপত্র	p O r i p o tr O	native
পরিপত্রটি	p o r i p o tr O T i	native
পরিপত্রের	p o r i p o tr e r	native
পরিপাকজন্ত্র	p o r i p a k j o n t r o	native
পরিপাকতন্ত্রে	p O r i p a k t o n t r e	compound
পরিপাকে	p O r i p a k e	native
পরিপাকের	p O r i p a k e r	native
পরিপার্শ্ব	p o r i p a r sh o	tatsama
পরিপার্শ্বের	p o r i p a r sh e r	tatsama
পরিপালক	p O r i p a l O k	native
পরিপালন	p O r i p a l O n	native
পরিপালনে	p o r i p a l o n e	native
পরিপালনের	p o r i p a l o n e r	native
পরিপালিত	p O r i p a l i t O	native
পরিপুরক	p o r i p u r o k	native
পরিপুরন	p o r i p u r o n	native
পরিপুর্ন	p o r i p u r n o	native
পরিপুর্নতা	p o r i p u r n o t a	native
পরিপুর্নতার	p o r i p u r n o t a r	native
পরিপুর্নভাবে	p o r i p u r n o bh a b e	native
পরিপুরয়ে	p O r i p u r o y e	native
পরিপুশ্ট	p o r i p u sh T o	native
পরিপুশ্টি	p o r i p u sh T i	native
পরিপৃক্ত	p O r i p ri kt O	tatsama
পরিপেক্ষিতে	p o r i p e kkh i t e	tatsama
পরিপোশন	p O r i p O sh O n	native
পরিপ্রক্ষিতে	p o r i pr o kkh i t e	tatsama
পরিপ্রেক্ষিত	p O r i pr e kkh i t	tatsama
পরিপ্রেক্ষিতেই	p O r i pr e kkh i t e i	tatsama
পরিপ্রেক্ষিতেও	p o r i pr e kkh i t e O	tatsama
পরিপ্রেক্ষিতের	p o r i pr e kkh i t e r	tatsama
পরিপ্লুত	p O r i p l u t O	loanword
পরিবন্ধ	p O r i b o ndh O	tatsama
পরিবর্জন	p O r i b o r j O n	native
পরিবর্ত	p O r i b o r t O	native
পরিবর্তক	p O r i b o r t O k	native
পরিবর্তন	p O r i b o r t O n	native
পরিবর্তনই	p O r i b o r t O n i	native
পরিবর্তনকামি	p o r i b o r t o n k a m i	native
পরিবর্তনকারি	p o r i b o r t o n k a r i	native
পরিবর্তনকেও	p o r i b o r t o n k e O	native
পরিবর্তনগুলোকে	p o r i b o r t o n g u l O k e	compound
পরিবর্তনগুলোর	p o r i b o r t o n g u l O r	compound
পরিবর্তনজোগ্য	p o r i b o r t o n j O g g o	compound
পরিবর্তনতাড়িত	p o r i b o r t o n t a r i t o	compound
পরিবর্তনবিশয়ক	p o r i b o r t o n b i sh o y o k	compound
পরিবর্তনশিল	p o r i b o r t o n sh i l	native
পরিবর্তনসংক্রান্ত	p o r i b o r t o n sh o ng kr a nt O	compound
পরিবর্তনেও	p o r i b o r t o n e O	native
পরিবর্তনেরও	p o r i b o r t o n e r O	native
পরিবর্তমান	p o r i b o r t o m a n	native
পরিবর্তি(–তিন্)	p O r i b O r t i	compound
পরিবর্তিত	p O r i b O r t i t O	native
পরিবর্তে	p O r i b o r t e	native
পরিবর্ধক	p O r i b o r dh O k	native
পরিবর্ধন	p O r i b o r dh O n	native
পরিবর্ধনের	p o r i b o r dh o n e r	native
পরিবহনকর্মি	p o r i b o h o n k o r m i	native
পরিবহনকর্মিদের	p o r i b o h o n k o r m i d e r	compound
পরিবহনকর্মির	p o r i b o h o n k o r m i r	native
পরিবহনকর্মিরা	p o r i b o h o n k o r m i r a	compound
পরিবহনকারি	p O r i b o h O n k a r i	native
পরিবহনকে	p o r i b o h o n k e	native
পরিবহনক্ষমতা	p o r i b o h o n kh o m o t a	tatsama
পরিবহনবিশয়ক	p o r i b o h o n b i sh o y o k	native
পরিবহনব্যবস্থা	p O r i b o h O n b A b O sth a	compound
পরিবহনব্যবস্থার	p o r i b o h o n b A b o sth a r	compound
পরিবহনব্যবস্থায়	p o r i b o h o n b A b o sth a y	compound
পরিবহনব্যয়	p o r i b o h o n b A y	native
পরিবহনভাড়া	p o r i b o h o n bh a r a	native
পরিবহনমন্ত্রি	p O r i b o h O n m O n	compound
পরিবহনমন্ত্রিরা	p o r i b o h o n m o nt ri r a	compound
পরিবহনমালিকদের	p o r i b o h o n m a l i k d e r	compound
পরিবহনমালিকেরা	p o r i b o h o n m a l i k e r a	compound
পরিবহনশ্রমিক	p o r i b o h o n sh r o m i k	native
পরিবহনশ্রমিকদের	p o r i b o h o n sh r o m i k d e r	compound
পরিবহনশ্রমিকেরা	p o r i b o h o n sh r o m i k e r a	compound
পরিবহনসংশ্লিশ্ট	p o r i b o h o n sh o ng sh l i sh T o	compound
পরিবহনসহ	p O r i b o h O n sh o h O	native
পরিবহনসুবিধা	p o r i b o h o n sh u b i dh a	native
পরিবহনেই	p o r i b o h o n e i	native
পরিবহনেও	p O r i b o h O n e O	native
পরিবহনের	p O r i b o h O n e r	native
পরিবাগ	p o r i b a g	native
পরিবাগে	p o r i b a g e	native
পরিবাগের	p o r i b a g e r	native
পরিবার	p O r i b a r	native
পরিবারই	p O r i b a r i	native
পরিবারও	p O r i b a r O	native
পরিবারকল্যান	p o r i b a r k o l l a n	native
পরিবারকল্যানমন্ত্রি	p o r i b a r k o l l a n m o nt ri	compound
পরিবারকে	p O r i b a r k e	native
পরিবারকেই	p O r i b a r k e i	native
পরিবারকেও	p O r i b a r k e O	native
পরিবারকেন্দ্রিক	p o r i b a r k e ndr i k	compound
পরিবারগুলোও	p o r i b a r g u l O O	native
পরিবারগুলোকে	p O r i b a r g u l O k e	native
পরিবারগুলোতে	p O r i b a r g u l O t e	native
পরিবারগুলোর	p O r i b a r g u l O r	native
পরিবারটাই	p o r i b a r T a i	native
পরিবারটিকে	p O r i b a r T i k e	native
পরিবারটিতে	p o r i b a r T i t e	native
পরিবারতন্ত্র	p o r i b a r t o n t r o	native
পরিবারতন্ত্রের	p o r i b a r t o n t r e r	compound
পরিবারতান্ত্রিক	p o r i b a r t a n t r i k	compound
পরিবারদের	p o r i b a r d e r	native
পরিবারপ্রতি	p o r i b a r pr o t i	native
পরিবারপ্রধানের	p o r i b a r pr o dh a n e r	compound
পরিবারবর্গ	p O r i b a r b o r g O	native
পরিবারবর্গের	p O r i b a r b o r g e r	native
পরিবারভিত্তিক	p o r i b a r bh i tt i k	compound
পরিবারিক	p o r i b a r i k	native
পরিবারে	p O r i b a r e	native
পরিবারেই	p O r i b a r e i	native
পরিবারেও	p O r i b a r e O	native
পরিবারেরই	p o r i b a r e r i	native
পরিবাহন	p O r i b a h O n	native
পরিবাহি	p o r i b a h i	native
পরিবাহিত	p O r i b a h i t O	native
পরিবিক্ষন	p o r i b i kkh o n	tatsama
পরিবিক্ষনের	p o r i b i kkh o n e r	tatsama
পরিবৃত	p O r i b b ri t O	tatsama
পরিবৃত্ত	p O r i b ri tt O	tatsama
পরিবৃত্তি	p O r i b ri tt i	tatsama
পরিবেত্তা	p O r i b e tt a	native
পরিবেদন	p O r i b e d O n	native
পরিবেদনা	p O r i b e d O n a	native
পরিবেশই	p O r i b e sh i	native
পরিবেশও	p O r i b e sh O	native
পরিবেশককে	p o r i b e sh o k k e	native
পরিবেশকরা	p O r i b e sh O k r a	native
পরিবেশকর্মি	p o r i b e sh k o r m i	native
পরিবেশকে	p O r i b e sh k e	native
পরিবেশকেও	p o r i b e sh k e O	native
পরিবেশকের	p o r i b e sh o k e r	native
পরিবেশকেরা	p o r i b e sh o k e r a	native
পরিবেশগত	p O r i b e sh g o t O	native
পরিবেশগতভাবে	p o r i b e sh g o t o bh a b e	native
পরিবেশটা	p O r i b e sh T a	native
পরিবেশটাই	p O r i b e sh T a i	native
পরিবেশটাও	p o r i b e sh T a O	native
পরিবেশটাকে	p o r i b e sh T a k e	native
পরিবেশটি	p O r i b e sh T i	native
পরিবেশদুশন	p O r i b e sh d u sh o n	native
পরিবেশদুশনকারি	p o r i b e sh d u sh o n k a r i	compound
পরিবেশদুশনে	p o r i b e sh d u sh o n e	native
পরিবেশদুশনের	p o r i b e sh d u sh o n e r	native
পরিবেশনকরুন	p O r i b e sh O n k O r u n	native
পরিবেশনা	p O r i b e sh O n a	native
পরিবেশনাও	p O r i b e sh O n a O	native
পরিবেশনায়	p o r i b e sh o n a y	native
পরিবেশনিতি	p o r i b e sh n i t i	native
পরিবেশনিতির	p o r i b e sh n i t i r	native
পরিবেশনেও	p o r i b e sh o n e O	native
পরিবেশবাদি	p O r i b e sh b a d i	native
পরিবেশবাদিদের	p O r i b e sh b a d i d e r	compound
পরিবেশবাদির	p o r i b e sh b a d i r	native
পরিবেশবাদিরা	p O r i b e sh b a d i r a	native
পরিবেশবান্ধব	p O r i b e sh b a ndh O b	tatsama
পরিবেশবান্ধবও	p o r i b e sh b a ndh o b O	compound
পরিবেশবিজ্ঞান	p o r i b e sh b i g g a n	tatsama
পরিবেশবিজ্ঞানিরা	p o r i b e sh b i g g a n i r a	tatsama
পরিবেশবিদ	p O r i b e sh b i d	native
পরিবেশবিদরা	p O r i b e sh b i d r a	native
পরিবেশবিদেরা	p o r i b e sh b i d e r a	native
পরিবেশবিদ্যা	p o r i b e sh b i d d a	native
পরিবেশবিধ্বংসি	p o r i b e sh b i d dh o ng sh i	tatsama
পরিবেশবিনাশি	p o r i b e sh b i n a sh i	native
পরিবেশবিরোধি	p o r i b e sh b i r O dh i	native
পরিবেশবিশয়ক	p o r i b e sh b i sh o y o k	native
পরিবেশমন্ত্রি	p O r i b e sh m O n	compound
পরিবেশসংক্রান্ত	p o r i b e sh sh o ng kr a nt O	compound
পরিবেশসচিব	p o r i b e sh sh o ch i b	native
পরিবেশসম্মত	p O r i b e sh sh o mm O t O	native
পরিবেশসম্মতভাবে	p o r i b e sh sh o mm o t o bh a b e	compound
পরিবেশসহ	p o r i b e sh sh o h O	native
পরিবেশিত	p O r i b e sh i t O	native
পরিবেশেই	p O r i b e sh e i	native
পরিবেশেও	p O r i b e sh e O	native
পরিবেশেরও	p O r i b e sh e r O	native
পরিবেশ্টন	p O r i b e sh T o n	native
পরিবেশ্টনি	p O r i b e sh T o n i	native
পরিবেশ্টিত	p O r i b e sh T i t O	native
পরিব্রজন	p O r i br O j O n	native
পরিব্রজ্যা	p O r i br O j j O	native
পরিব্রাজক	p O r i br a j O k	native
পরিব্রাজন	p O r i br a j O n	native
পরিভংগ	p O r i bh o ng g O	native
পরিভব	p O r i bh o b	native
পরিভাবা	p O r i bh a b a	native
পরিভাশা	p o r i bh a sh a	native
পরিভাশাগত	p o r i bh a sh a g o t o	native
পরিভাশার	p o r i bh a sh a r	native
পরিভাশায়	p o r i bh a sh a y	native
পরিভুক্ত	p O r i bh u kt O	native
পরিভৃতি	p O r i bh ri t i	tatsama
পরিভোগ	p O r i bh O g	native
পরিভ্রমন	p o r i bh r o m o n	native
পরিভ্রমনের	p o r i bh r o m o n e r	native
পরিম	p O r i m	native
পরিমনি	p O r i m O n i	native
পরিমনিকে	p O r i m O n i k e	native
পরিমনির	p O r i m O n i r	native
পরিমন্ডল	p o r i m o n D o l	native
পরিমন্ডলেও	p o r i m o n D o l e O	native
পরিমন্ডলের	p O r i m o n D O l e r	native
পরিমন্ডিত	p O r i m o n D i t O	native
পরিমল	p O r i m o l	native
পরিমলকে	p o r i m o l k e	native
পরিমলের	p O r i m o l e r	native
পরিমান	p o r i m a n	native
পরিমানই	p o r i m a n i	native
পরিমানও	p o r i m a n O	native
পরিমানকে	p o r i m a n k e	native
পরিমানগত	p o r i m a n g o t o	native
পরিমানটা	p o r i m a n T a	native
পরিমানটাই	p o r i m a n T a i	native
পরিমানটাও	p o r i m a n T a O	native
পরিমানমত	p O r i m a n m O t O	native
পরিমানমতো	p o r i m a n m o t O	native
পরিমানসহ	p o r i m a n sh o h O	native
পরিমানে	p o r i m a n e	native
পরিমানের	p o r i m a n e r	native
পরিমাপক	p O r i m a p O k	native
পরিমাপজোগ্য	p o r i m a p j O g g o	native
পরিমাপে	p O r i m a p e	native
পরিমার্জন	p O r i m a r j o n	native
পরিমার্জনা	p o r i m a r j o n a	native
পরিমার্জনের	p o r i m a r j o n e r	native
পরিমার্জিত	p O r i m a r j i t O	native
পরিমিতি	p O r i m i t i	native
পরিমেল	p O r i m e l	native
পরিমেয়	p O r i m e y O	native
পরিমোক্ষ	p O r i m O kkh O	tatsama
পরিম্লান	p O r i m l a n	native
পরির	p o r i r	native
পরিরক্ষন	p O r i r O kkh O n	tatsama
পরিরা	p O r i r a	native
পরির্দশন	p o r i d o r sh o n	native
পরির্বতন	p o r i b o r t o n	native
পরিলিখিত	p O r i l i kh i t O	native
পরিলেখ	p O r i l e kh	native
পরিশত্	p o r i sh o t	native
পরিশদ	p o r i sh o d	native
পরিশদই	p o r i sh o d i	native
পরিশদও	p o r i sh o d O	native
পরিশদকে	p o r i sh o d k e	native
পরিশদগুলো	p o r i sh o d g u l O	native
পরিশদগুলোকে	p o r i sh o d g u l O k e	native
পরিশদগুলোতে	p o r i sh o d g u l O t e	native
পরিশদগুলোর	p o r i sh o d g u l O r	native
পরিশদটি	p o r i sh o d T i	native
পরিশদভুক্ত	p o r i sh o d bh u kt O	native
পরিশদসংক্রান্ত	p o r i sh o d sh o ng kr a nt O	compound
পরিশদসংলগ্ন	p o r i sh o d sh o ng l o g n o	native
পরিশদসমুহ	p o r i sh o d sh o m u h o	native
পরিশদসহ	p o r i sh o d sh o h O	native
পরিশদিয়	p o r i sh o d i y o	native
পরিশদে	p o r i sh o d e	native
পরিশদের	p o r i sh o d e r	native
পরিশব্দ	p o r i sh o b d o	native
পরিশাসিত	p o r i sh a sh i t o	native
পরিশিলিত	p o r i sh i l i t o	native
পরিশিশ্ট	p O r i sh i sh T O	native
পরিশুদ্ধ	p O r i sh u d dh O	tatsama
পরিশুদ্ধতার	p o r i sh u d dh o t a r	tatsama
পরিশুদ্ধি	p O r i sh u d dh i	tatsama
পরিশুদ্ধির	p o r i sh u d dh i r	tatsama
পরিশুশ্ক	p O r i sh u sh k O	native
পরিশেক	p O r i sh e k	native
পরিশেবক	p o r i sh e b o k	native
পরিশেবা	p o r i sh e b a	native
পরিশেবার	p o r i sh e b a r	native
পরিশেবায়	p o r i sh e b a y	native
পরিশেশ	p O r i sh e sh	native
পরিশেশে	p o r i sh e sh e	native
পরিশোধ	p O r i sh O dh	native
পরিশোধও	p o r i sh O dh O	native
পরিশোধজোগ্য	p o r i sh O dh j O g g o	native
পরিশোধন	p O r i sh O dh O n	native
পরিশোধনকারি	p o r i sh O dh o n k a r i	native
পরিশোধনজন্ত্র	p o r i sh O dh o n j o n t r o	compound
পরিশোধনাগার	p o r i sh O dh o n a g a r	native
পরিশোধনাগারের	p o r i sh O dh o n a g a r e r	compound
পরিশোধনে	p o r i sh O dh o n e	native
পরিশোধনের	p O r i sh O dh O n e r	native
পরিশোধসহ	p o r i sh O dh sh o h O	native
পরিশোধের	p O r i sh O dh e r	native
পরিশোধেরও	p o r i sh O dh e r O	native
পরিশ্করন	p O r i sh k o r O n	native
পরিশ্কার	p o r i sh k a r	native
পরিশ্কারই	p o r i sh k a r i	native
পরিশ্কারও	p o r i sh k a r O	native
পরিশ্কারক	p o r i sh k a r o k	native
পরিশ্কারভাবে	p o r i sh k a r bh a b e	native
পরিশ্কারভাবেই	p o r i sh k a r bh a b e i	compound
পরিশ্কারে	p o r i sh k a r e	native
পরিশ্কারের	p o r i sh k a r e r	native
পরিশ্কারোক	p O r i sh k a r O k	native
পরিশ্রম	p O r o sh r O m	native
পরিশ্রমই	p o r i sh r o m i	native
পরিশ্রমও	p o r i sh r o m O	native
পরিশ্রমলব্ধ	p o r i sh r o m l o b dh o	native
পরিশ্রমসাধ্য	p o r i sh r o m sh a d dh o	native
পরিশ্রমি	p o r i sh r o m i	native
পরিশ্রমে	p o r i sh r o m e	native
পরিশ্রমের	p o r i sh r o m e r	native
পরিশ্রান্ত	p O r i sh r a nt O	native
পরিশ্রান্তি	p O r i sh r a nt i	native
পরিশ্রুতি	p O r i sh r O t i	native
পরিশ্লেশ	p O r o sh l o sh	native
পরিশৎ	p o r i sh o t	native
পরিসংখ্য	p O r i sh O ng kh a	native
পরিসংখ্যানও	p O r i sh o ng kh a n O	native
পরিসংখ্যানকে	p O r i sh o ng kh a n k e	native
পরিসংখ্যানগত	p o r i sh o ng kh a n g o t o	native
পরিসংখ্যানগুলো	p o r i sh o ng kh a n g u l O	compound
পরিসংখ্যানটা	p O r i sh o ng kh a n T a	native
পরিসংখ্যানটি	p o r i sh o ng kh a n T i	native
পরিসংখ্যানবিদ	p O r i sh o ng kh a n b i d	compound
পরিসংখ্যানবিদেরা	p o r i sh o ng kh a n b i d e r a	compound
পরিসংখ্যানবিশয়ক	p o r i sh o ng kh a n b i sh o y o k	compound
পরিসংখ্যানমতে	p o r i sh o ng kh a n m o t e	compound
পরিসংখ্যানে	p O r i sh o ng kh a n e	native
পরিসংখ্যানেই	p o r i sh o ng kh a n e i	native
পরিসংখ্যানেও	p o r i sh o ng kh a n e O	native
পরিসংখ্যানের	p O r i sh o ng kh a n e r	native
পরিসভ্য	p O r i sh O bh bh O	native
পরিসমাপ্তি	p O r i sh o m a p t i	native
পরিসম্পদ	p o r i sh o mp o d	native
পরিসরকে	p o r i sh o r k e	native
পরিসরম	p o r i sh o r o m	native
পরিসরেই	p o r i sh o r e i	native
পরিসরের	p O r i sh o r e r	native
পরিসাজ	p O r i sh a j	native
পরিসিমা	p o r i sh i m a	native
পরিসিমার	p o r i sh i m a r	native
পরিসিমায়	p o r i sh i m a y	native
পরিসুস্থ	p O r i sh u sth O	native
পরিসেবা	p O r i sh e b a	native
পরিসেবার	p O r i sh e b a r	native
পরিস্থিতিই	p O r i sth i t i i	native
পরিস্থিতিও	p O r i sth i t i O	native
পরিস্থিতিকেই	p o r i sth i t i k e i	native
পরিস্থিতিকেও	p o r i sth i t i k e O	native
পরিস্থিতিটাই	p o r i sth i t i T a i	native
পরিস্থিতিটি	p o r i sth i t i T i	native
পরিস্থিতিতে	p O r i sth i t i t e	native
পরিস্থিতিতেই	p O r i sth i t i t e i	native
পরিস্থিতিতেও	p O r i sth i t i t e O	native
পরিস্থিতিবিশয়ক	p o r i sth i t i b i sh o y o k	compound
পরিস্থিতির	p O r i sth i t i r	native
পরিস্থিতিরই	p o r i sth i t i r i	native
পরিস্থিতিরও	p o r i sth i t i r O	native
পরিস্থিতিসহ	p o r i sth i t i sh o h O	native
পরিস্ফুট	p O r i sh ph u T O	native
পরিহরন	p O r i h o r O n	native
পরিহরা	p O r i h o r a	native
পরিহসনিয়	p O r i h o sh O n i y O	native
পরিহসি	p O r i h O sh i	native
পরিহার	p O r i h a r	native
পরিহারজোগ্য	p o r i h a r j O g g o	native
পরিহারের	p O r i h a r e r	native
পরিহার্য	p O r i h a r j O	native
পরিহাস	p O r i h a sh	native
পরিহাসে	p O r i h a sh e	native
পরিহাসের	p O r i h a sh e r	native
পরিহিত	p O r i h i t O	native
পরিহৃত	p O r i h ri t O	tatsama
পরিয়ন্ত	p O r i y O nt O	native
পরিয়ে	p o r i y e	native
পরিয়েছে	p o r i y e chh e	native
পরিয়েছেন	p o r i y e chh e n	native
পরুন	p O r u n	native
পরুশ	p O r u sh	native
পরেই	p o r e i	native
পরেও	p o r e O	native
পরেছিল	p O r e chh i l O	native
পরেছিলাম	p O r e chh i l a m	native
পরেছে	p O r e chh e	native
পরেছেন	p O r e chh e n	native
পরেটা	p o r e T a	native
পরেন	p o r e n	native
পরেননি	p o r e n n i	native
পরেরটি	p o r e r T i	native
পরেরটিতে	p o r e r T i t e	native
পরেরদিন	p o r e r d i n	native
পরেরবার	p o r e r b a r	native
পরেশ	p o r e sh	native
পরোক্ষ	p o r O kkh O	tatsama
পরোক্ষে	p o r O kkh e	tatsama
পরোখ	p o r O kh	native
পরোটা	p o r O T a	native
পরোপকার	p o r O p O k a r	native
পরোপকারি	p o r O p O k a r i	native
পরোপকারিতা	p o r O p o k a r i t a	native
পরোপকারিতার	p o r O p o k a r i t a r	native
পরোপকারের	p o r O p O k a r e r	native
পরোপকৃত	p o r O p O k k ri t O	tatsama
পরোপচিকির্ষা	p o r O p O ch i k i r sh a	tatsama
পরোপজিবি	p o r O p O j i b i	native
পরোপজিব্য	p o r O p O j i b b O	native
পরোশা	p o r o sh a	native
পরোড়া	p o r O r a r a	native
পরোয়া	p o r O y a	native
পরোয়ানা	p o r O y a n a	native
পরোয়ানাও	p o r O y a n a O	native
পরোয়ানাভুক্ত	p o r O y a n a bh u kt O	native
পরোয়ানার	p o r O y a n a r a	native
পরোয়ানায়	p o r O y a n a y	native
পরোয়ার	p o r O y a r	native
পর্চা	p o r ch a	native
পর্তুগালও	p o r t u g a l O	native
পর্তুগালে	p O r t u g a l e	native
পর্তুগালের	p O r t u g a l e r	native
পর্তুগিজ	p O r t u g i j	native
পর্তুগিজদের	p o r t u g i j d e r	native
পর্তুগিজরা	p O r t u g i j r a	native
পর্দাও	p o r d a O	native
পর্দাগুলো	p o r d a g u l O	native
পর্দাটি	p o r d a T i	native
পর্দাতেও	p o r d a t e O	native
পর্দানশিন	p o r d a n sh i n	native
পর্দাপ্রথার	p o r d a pr o th a r	native
পর্দার	p o r d a r	native
পর্দায়	p O r d a y o	native
পর্দায়ও	p o r d a y O	native
পর্ন	p o r n	native
পর্নহাব	p o r n h a b	native
পর্নি	p o r n i	native
পর্নিক	p O r n i k	native
পর্নো	p o r n O	native
পর্নোগ্রাফি	p o r n O gr a ph i	loanword
পর্নোগ্রাফিতে	p O r n O gr a ph i t e	compound
পর্নোগ্রাফির	p o r n O gr a ph i r	loanword
পর্নোচিত্র	p o r n O ch i tr O	native
পর্পট	p o r p o T	native
পর্ব	p o r b O	native
পর্বই	p o r b O i	native
পর্বও	p o r b O O	native
পর্বকে	p o r b o k e	native
পর্বগুলো	p o r b O g u l O	native
পর্বগুলোতে	p o r b o g u l O t e	native
পর্বগুলোর	p o r b o g u l O r	native
পর্বটা	p o r b o T a	native
পর্বত	p o r b O t	native
পর্বতকে	p o r b o t k e	native
পর্বতচুড়া	p o r b o t ch u r a	native
পর্বতচুড়ায়	p o r b o t ch u r a y	native
পর্বতপ্রমান	p o r b o t pr o m a n	native
পর্বতমালায়	p o r b o t m a l a y	native
পর্বতশৃংগ	p o r b o t sh ri ng g o	tatsama
পর্বতশৃংগে	p o r b o t sh ri ng g e	tatsama
পর্বতশৃংগের	p o r b o t sh ri ng g e r	tatsama
পর্বতা	p o r b o t a	native
পর্বতাভিজান	p o r b o t a bh i j a n	native
পর্বতাভিজানে	p o r b o t a bh i j a n e	native
পর্বতাভিজানের	p o r b o t a bh i j a n e r	compound
পর্বতারোহন	p o r b O t a r O h O n	native
পর্বতারোহনে	p o r b o t a r O h o n e	native
পর্বতারোহনের	p o r b o t a r O h o n e r	native
পর্বতারোহি	p o r b O t a r O h i	native
পর্বতারোহিদের	p o r b O t a r O h i d e r	compound
পর্বতারোহির	p o r b O t a r O h i r	native
পর্বতারোহিরা	p o r b O t a r O h i r a	native
পর্বতায়	p o r b o t a y	native
পর্বতে	p o r b O t e	native
পর্বতের	p o r b O t e r	native
পর্বতেরই	p o r b o t e r i	native
পর্বাস্ফোট	p o r b a sh ph O T	loanword
পর্বাহ	p o r b a h O	native
পর্বিন	p O r o b i n	native
পর্বে	p o r b e	native
পর্বেই	p o r b e i	native
পর্বেও	p o r b e O	native
পর্বের	p o r b e r	native
পর্ব্বত	p o r b O t	native
পর্য	p o r j o	native
পর্যটকই	p o r j O T o k i	native
পর্যটকও	p o r j O T o k O	native
পর্যটককে	p o r j O T o k k e	native
পর্যটকদের	p o r j O T O k d e r	native
পর্যটকবাহি	p o r j o T o k b a h i	native
পর্যটকরা	p o r j O T o k r a	native
পর্যটকরাও	p o r j O T o k r a O	native
পর্যটকশুন্য	p o r j O T o k sh u n n O	native
পর্যটকসহ	p o r j O T o k sh o h O	native
পর্যটকে	p o r j O T o k e	native
পর্যটকের	p o r j o T o k e r	native
পর্যটকেরা	p o r j O T o k e r a	native
পর্যটকেরাও	p o r j o T o k e r a O	native
পর্যটন	p o r j O T O n	native
পর্যটনকে	p o r j O T O n k e	native
পর্যটনকেন্দ্র	p o r j O T o n k e ndr O	compound
পর্যটনকেন্দ্রে	p o r j O T o n k e ndr e	compound
পর্যটননগর	p o r j o T o n n o g O r	native
পর্যটনবর্ষ	p o r j o T o n b o r sh o	tatsama
পর্যটনবিশয়ক	p o r j o T o n b i sh o y o k	native
পর্যটনমন্ত্রি	p o r j O T o n m o n t r i	compound
পর্যটনশিল্প	p o r j O T o n sh i l p O	native
পর্যটনশিল্পকে	p o r j o T o n sh i l p o k e	compound
পর্যটনশিল্পে	p o r j o T o n sh i l p e	native
পর্যটনশিল্পের	p o r j O T o n sh i l p e r	compound
পর্যটনসংক্রান্ত	p o r j o T o n sh o ng kr a nt O	compound
পর্যটনসচিব	p o r j o T o n sh o ch i b	native
পর্যটনসহ	p o r j o T o n sh o h O	native
পর্যটনে	p o r j O T o n e	native
পর্যটনের	p o r j O T o n e r	native
পর্যদের	p o r j O d e r	native
পর্যন্ত	p O r j O nt O	native
পর্যন্তই	p O r j O nt O i	native
পর্যন্তও	p O r j O nt O O	native
পর্যপুর্ন	p o r j o p u r n o	native
পর্যবসান	p O r j O b o sh a n	native
পর্যবসিত	p o r j O b O sh i t O	native
পর্যবেক্ষক	p o r j O b e kkh o k	tatsama
পর্যবেক্ষককে	p o r j o b e kkh o k k e	tatsama
পর্যবেক্ষকদের	p o r j O b e kkh o k d e r	tatsama
পর্যবেক্ষকরা	p o r j O b e kkh o k r a	tatsama
পর্যবেক্ষকের	p o r j O b e kkh O k e r	tatsama
পর্যবেক্ষকেরা	p o r j O b e kkh o k e r a	tatsama
পর্যবেক্ষন	p o r j o b e kkh o n	tatsama
পর্যবেক্ষনই	p o r j o b e kkh o n i	tatsama
পর্যবেক্ষনও	p o r j o b e kkh o n O	tatsama
পর্যবেক্ষনকারি	p o r j o b e kkh o n k a r i	tatsama
পর্যবেক্ষনকৃত	p o r j O b e kkh o n k ri t O	tatsama
পর্যবেক্ষনকে	p o r j o b e kkh o n k e	tatsama
পর্যবেক্ষনগুলো	p o r j o b e kkh o n g u l O	tatsama
পর্যবেক্ষনটা	p o r j o b e kkh o n T a	tatsama
পর্যবেক্ষনমুলক	p o r j o b e kkh o n m u l o k	tatsama
পর্যবেক্ষনসহ	p o r j o b e kkh o n sh o h O	tatsama
পর্যবেক্ষনে	p o r j o b e kkh o n e	tatsama
পর্যবেক্ষনেও	p o r j o b e kkh o n e O	tatsama
পর্যবেক্ষনের	p o r j o b e kkh o n e r	tatsama
পর্যমন্ডিত	p o r j o m o n D i t o	native
পর্যসন	p O r o j O sh o n	native
পর্যস্ত	p O r j O st O	native
পর্যাকুল	p O r j a k u l	native
পর্যাটক	p o r j a T o k	native
পর্যান	p O r j a n	native
পর্যাপ্ত	p o r j a p t O	native
পর্যাপ্ততা	p o r j a p t o t a	native
পর্যাপ্ততার	p o r j a p t o t a r	native
পর্যাপ্তভাবে	p o r j a p t o bh a b e	native
পর্যাপ্তসংখ্যক	p o r j a p t O sh o ng kh O k	compound
পর্যাবৃত্ত	p O r j a b ri tt O	tatsama
পর্যালোচনা	p O r j a l O ch O n a	native
পর্যালোচনাও	p o r j a l O ch o n a O	native
পর্যালোচনাক্রমে	p o r j a l O ch o n a kr o m e	compound
পর্যালোচনাটি	p o r j a l O ch o n a T i	native
পর্যালোচনামুলক	p o r j a l O ch o n a m u l o k	compound
পর্যালোচনার	p o r j a l O ch o n a r	native
পর্যালোচনাসংক্রান্ত	p o r j a l O ch o n a sh o ng kr a nt O	compound
পর্যালোচনায়	p o r j a l O ch o n a y	native
পর্যালোচিত	p o r j a l O ch i t o	native
পর্যাস	p O r j a sh	native
পর্যায়	p o r j a y o	native
পর্যায়কে	p o r j a y k e	native
পর্যায়ক্রমিক	p o r j a y kr o m i k	native
পর্যায়ক্রমিকভাবে	p o r j a y kr o m i k bh a b e	compound
পর্যায়ক্রমে	p o r j a y kr o m e	native
পর্যায়গুলো	p o r j a y g u l O	native
পর্যায়টা	p o r j a y T a	native
পর্যায়টি	p o r j a y T i	native
পর্যায়ভুক্ত	p o r j a y bh u kt O	native
পর্যায়ে	p o r j a y e	native
পর্যায়েই	p o r j a y e i	native
পর্যায়েও	p o r j a y e O	native
পর্যায়ের	p o r j a y e r	native
পর্যায়েরই	p o r j a y e r i	native
পর্যায়েরও	p o r j a y e r O	native
পর্যুদস্ত	p O r j u d O st O	native
পর্যুশিত	p O r j u sh i t O	native
পর্যুৎসুক	p O r j u t sh u k	native
পর্য্যন্ত	p O r j O nt O	native
পর্ষদই	p o r sh o d i	tatsama
পর্ষদও	p o r sh o d O	tatsama
পর্ষদকে	p o r sh o d k e	tatsama
পর্ষদে	p o r sh O d e	tatsama
পর্ষদেও	p o r sh o d e O	tatsama
পর্ষদের	p o r sh O d e r	tatsama
পর্ষৎ	p o r sh o t	tatsama
পলওয়েল	p o l O y e l	native
পলকহিন	p o l o k h i n	native
পলকা	p o l k a	native
পলকেই	p o l O k e i	native
পলকের	p o l O k e r	native
পলটন	p o l T o n	native
পলটি	p O l T i	native
পলতা	p o l t a p O l o	native
পলতে	p o l t e	native
পলমল	p o l m o l	native
পলল	p o l o l l O	native
পলা	p o l a	native
পলাংগ	p o l a ng g O	native
পলাইয়া	p o l a i y a	native
পলাগ্নি	p o l a g n i	native
পলাতকদের	p o l a t O k d e r	native
পলাতকের	p o l a t o k e r	native
পলান্ডু	p o l a n D u	native
পলান্ন	p o l a nn O	native
পলাশ	p o l a sh	native
পলাশকে	p o l a sh k e	native
পলাশপুর	p o l a sh p u r	native
পলাশপুরে	p o l a sh p u r e	native
পলাশপোল	p o l a sh p O l	native
পলাশবাড়ি	p o l a sh b a r i	native
পলাশসহ	p o l a sh sh o h O	native
পলাশি	p o l a sh i	native
পলাশিতে	p o l a sh i t e	native
পলাশের	p o l a sh e r	native
পলায়ন	p o l a y O n	native
পলায়নপর	p o l a y o n p o r	native
পলায়নরত	p o l a y o n r o t o	native
পলায়নের	p o l a y o n e r	native
পলি	p o l i	native
পলিইউরেথেন	p o l i i u r e th e n	native
পলিউশন	p o l i u sh o n	native
পলিকে	p o l i k e	native
পলিগ্রাফ	p o l i gr a ph	loanword
পলিট	p o l i T	native
পলিটব্যুরো	p o l i T b u r O	native
পলিটব্যুরোর	p o l i T b u r O r	native
পলিটিকস	p o l i T i k s	native
পলিটিকাল	p o l i T i k a l	native
পলিটিক্যান	p o l i T i k A n	native
পলিটিক্যালি	p o l i T i k A l i	native
পলিটেকনিকে	p o l i T e k n i k e	native
পলিটেকনিকের	p o l i T e k n i k e r	native
পলিটেকনিক্যাল	p o l i T e k n i k A l	compound
পলিত	p O t i	native
পলিতে	p o l i t e	native
পলিথিন	p o l i th i n	native
পলিথিনবিরোধি	p o l i th i n b i r O dh i	native
পলিথিনসহ	p o l i th i n sh o h O	native
পলিথিনে	p o l i th i n e	native
পলিন	p o l i n	native
পলিফেমাস	p O l i ph e m a s	proper_noun
পলিব্যাগে	p o l i b A g e	loanword
পলিমাটির	p O l i m a T i r	native
পলিমার	p O l i m a r	native
পলিমারস	p o l i m a r s	native
পলির	p o l i r	native
পলিশ	p o l i sh	native
পলিশের	p o l i sh e r	native
পলিসিটা	p o l i s i T a	native
পলিসিতে	p o l i s i t e	native
পলিসির	p o l i s i r	native
পলিয়েস্টার	p o l i y e s T a r	loanword
পলে	p o l e	native
পলের	p o l e r	native
পলো	p O l O	native
পলোগ্রাউন্ড	p o l O gr a u n D o	native
পলোগ্রাউন্ডের	p o l O gr a u n D e r	compound
পল্টন	p o l T O n	native
পল্টনে	p o l T O n e	native
পল্টনের	p o l T O n e r	native
পল্টি	p o l T i	native
পল্টু	p O l T u	native
পল্বল	p o l l o l	native
পল্যংক	p O l l O ng k O	native
পল্লব	p o l l O b	native
পল্লবি	p o l l O b i	native
পল্লবিত	p o l l o b i t o	native
পল্লবিতে	p o l l O b i t e	native
পল্লবির	p o l l O b i r	native
পল্লবের	p o l l O b e r	native
পল্লি	p o l l i	native
পল্লিকবি	p O l l i k O b i	native
পল্লিগান	p O l l i g a n	native
পল্লিগিতি	p o l l i g i t i	native
পল্লিগিতিতে	p O l l i g i t i t e	native
পল্লিগিতির	p O l l i g i t i r	native
পল্লিচিকিৎসক	p o l l i ch i k i t sh o k	native
পল্লিতে	p o l l i t e	native
পল্লিতেও	p o l l i t e O	native
পল্লিবিদ্যুৎ	p O l l i b i d d u t	native
পল্লিমংগল	p o l l i m o ng	native
পল্লিমা	p o l l i m a	native
পল্লির	p O l l i r	native
পশতুন	p O sh t u n	native
পশতুনদের	p o sh t u n d e r	native
পশতুনরা	p o sh t u n r a	native
পশমি	p O sh m i	native
পশমিনা	p o sh m i n a	native
পশমে	p o sh o m e	native
পশমের	p o sh O m e r	native
পশরা	p o sh r a	native
পশা	p o sh a	native
পশার	p o sh a r	native
পশারি	p o sh a r i	native
পশারির	p o sh a r i r	native
পশিল	p O sh i l	native
পশু	p O sh u	native
পশুকে	p O sh u k e	native
পশুখাদ্যে	p o sh u kh a d d e	native
পশুখাদ্যের	p o sh u kh a d d e r	native
পশুগুলো	p o sh u g u l O	native
পশুগুলোর	p o sh u g u l O r	native
পশুচিকিত্সক	p o sh u ch i k i t sh o k	native
পশুচিকিৎসক	p o sh u ch i k i t sh o k	native
পশুত্ব	p o sh u tt o	tatsama
পশুদের	p O sh u d e r	native
পশুপাখি	p O sh u p a kh i	native
পশুপাখিও	p o sh u p a kh i O	native
পশুপাখির	p O sh u p a kh i r	native
পশুপাখিরা	p O sh u p a kh i r a	native
পশুপালনের	p o sh u p a l o n e r	native
পশুরা	p O sh u r a	native
পশুরোগ	p o sh u r O g	native
পশুসম্পদ	p O sh u sh o mp o d	native
পশুসম্পদমন্ত্রি	p o sh u sh o mp o d m o nt ri	compound
পশুহাট	p o sh u h a T	native
পশ্চদ্ভুমি	p o sh ch a d bh u m i	native
পশ্চা	p o sh ch a	native
পশ্চাতে	p o sh ch a t e	native
পশ্চাত্তাপ	p o sh ch a tt a p	native
পশ্চাত্পদ	p o sh ch a t p o d	native
পশ্চাত্পদতা	p o sh ch a t p o d o t a	native
পশ্চাত্মুখি	p o sh ch a t m u kh i	native
পশ্চাদপসরন	p o sh ch a d p o sh o r o n	native
পশ্চাদমুখি	p o sh ch a d m u kh i	native
পশ্চাদ্গামি	p o sh ch a d g a m i	native
পশ্চাদ্দেশে	p o sh ch a d d e sh e	native
পশ্চার্ধ	p o sh ch a r dh O	native
পশ্চাৎপট	p o sh ch a t p o T	native
পশ্চাৎপদতা	p o sh ch a t p o d o t a	native
পশ্চাৎপদতার	p o sh ch a t p o d o t a r	native
পশ্চাৎমুখি	p o sh ch a t m u kh i	native
পশ্চাৎসংজোগ	p o sh ch a t sh o ng j O g	native
পশ্চিবংগের	p o sh ch i b o ng g e r	native
পশ্চিমকে	p o sh ch i m k e	native
পশ্চিমপাড়া	p o sh ch i m p a r a	native
পশ্চিমপাড়ার	p o sh ch i m p a r a r	native
পশ্চিমপাড়ায়	p o sh ch i m p a r a y	native
পশ্চিমবংগ	p o sh ch i m b o ng g o	native
পশ্চিমবংগকে	p o sh ch i m b o ng g o k e	native
পশ্চিমবংগসহ	p o sh ch i m b o ng g o sh o h O	native
পশ্চিমবংগে	p o sh ch i m b o ng g e	native
পশ্চিমবংগেই	p o sh ch i m b o ng g e i	native
পশ্চিমবংগেও	p o sh ch i m b o ng g e O	native
পশ্চিমবংগের	p o sh ch i m b o ng g e r	native
পশ্চিমবং্গ	p O sh ch i m b o ng g O	native
পশ্চিমবং্গে	p O sh ch i m b O ng g e	native
পশ্চিমবং্গের	p O sh ch i m b O ng g e r	native
পশ্চিমমুখি	p O sh ch i m m u kh i	native
পশ্চিমা	p O sh ch i m a	native
পশ্চিমাংশে	p O sh ch i m a ng sh e	native
পশ্চিমাঞ্চলকে	p o sh ch i m a nch o l k e	compound
পশ্চিমাঞ্চলিয়	p o sh ch i m a nch o l i y o	compound
পশ্চিমাঞ্চলে	p O sh ch i m a nch o l e	tatsama
পশ্চিমাদের	p O sh ch i m a d e r	native
পশ্চিমাপন্থি	p o sh ch i m a p o n th i	native
পশ্চিমাবিরোধি	p o sh ch i m a b i r O dh i	compound
পশ্চিমারাও	p o sh ch i m a r a O	native
পশ্ট	p o sh T O	native
পশ্বধম	p O sh sh O dh o m	tatsama
পশ্বাচার	p O sh sh a ch a r	tatsama
পসকো	p o sh k O	native
পসন্দ	p o sh o nd o	native
পসন্ন	p o sh o nn o	native
পসরা	p o sh r a	native
পসরার	p o sh r a r	native
পসরায়	p o sh r a y	native
পসার	p o sh a r	native
পসারল	p o sh a r o l o	native
পসারা	p o sh a r a	native
পসারি	p o sh a r i	native
পসালা	p o sh a l a	native
পসাহন	p o sh a h o n O	native
পসিবল	p o s i b o l	native
পস্তাতে	p o st a t e	native
পস্তানো	p o st a n O	native
পস্তু	p o st o	native
পহর	p o h o r	native
পহলব	p o h O l o b	native
পহলবি	p o h l o b i	native
পহিরন	p O h i r o n	native
পহিল	p O h i l o	native
পহিলা	p o h i l a	native
পহেলি	p o h e l i	native
পাং	p a ng	native
পাংক্তেয়	p a ng kt e y O	native
পাংখা	p a ng kh a	native
পাংগাশ	p a ng g a sh	native
পাংগাসিয়া	p a ng g a sh i y a	native
পাংচার	p a ng ch a r	native
পাংশন;	p a ng sh O n	native
পাংশার	p a ng sh a r	native
পাংশায়	p a ng sh a y	native
পাংসন	p a ng sh o n	native
পাংসু	p a ng sh u	native
পাংাশ	p a ng g a sh	native
পাঅ	p a y o	native
পাই	p a i	native
পাইওনিয়ার	p a i O n i a r	native
পাইক	p a i k	native
পাইককান্দি	p a i k k a nd i	native
পাইকগাছা	p a i k g a chh a	native
পাইকগাছার	p a i k g a chh a r	native
পাইকগাছায়	p a i k g a chh a y	native
পাইকপাড়া	p a i k p a r a	native
পাইকপাড়ার	p a i k p a r a r	native
পাইকপাড়ায়	p a i k p a r a y	native
পাইকরহাটি	p a i k o r h a T i	native
পাইকা	p a i k a	native
পাইকার	p a i k a r	native
পাইকারদের	p a i k a r d e r	native
পাইকাররা	p a i k a r r a	native
পাইকারি	p a i k a r i	native
পাইকারিও	p a i k a r i O	native
পাইকারিতে	p a i k a r i t e	native
পাইকারিভাবে	p a i k a r i bh a b e	native
পাইকারের	p a i k a r e r	native
পাইকারেরা	p a i k a r e r a	native
পাইকের	p a i k e r	native
পাইক্রফট	p a i kr o ph T	native
পাইক্রফটের	p a i kr o ph T e r	native
পাইচো	p a i ch O	native
পাইছ	p a i chh O	native
পাইছি	p a i chh i	native
পাইছিলাম	p a i chh i l a m	native
পাইছে	p a i chh e	native
পাইজ	p a i j	native
পাইজাম	p a i j a m	native
পাইট	p a i T	native
পাইড	p a i D	native
পাইতাম	p a i t a m	native
পাইতারা	p a i t a r a	native
পাইতু	p a i t u	native
পাইতে	p a i t e	native
পাইতেছি	p a i t e chh i	native
পাইতেছে	p a i t e chh e	native
পাইথন	p a i th o n	native
পাইথনের	p a i th o n e r	native
পাইদি	p a i d i	native
পাইন	p a i n	native
পাইনা	p a i n a	native
পাইনি	p a i n i	native
পাইনের	p a i n e r	native
পাইপ	p a i p	native
পাইপগান	p a i p g a n	native
পাইপগুলো	p a i p g u l O	native
পাইপটি	p a i p T i	native
পাইপটির	p a i p T i r	native
পাইপলাইন	p a i p l a i n	native
পাইপলাইনগুলো	p a i p l a i n g u l O	native
পাইপলাইনে	p a i p l a i n e	native
পাইপলাইনের	p a i p l a i n e r	native
পাইপস	p a i p s	native
পাইপারজিনস	p a i p a r j i n sh	native
পাইপিং	p a i p i ng	native
পাইপিন	p a i p i n	native
পাইপে	p a i p e	native
পাইপের	p a i p e r	native
পাইব	p a i b O	native
পাইবা	p a i b a	native
পাইবার	p a i b a r	native
পাইবাস	p a i b a sh	loanword
পাইবাসের	p a i b a sh e r	loanword
পাইবে	p a i b e	native
পাইবেন	p a i b e n	native
পাইরেট	p a i r e T	native
পাইরেটস	p a i r e T s	native
পাইরেটসের	p a i r e T s e r	native
পাইরেটেড	p a i r e T e D	native
পাইরেসি	p a i r e s i	native
পাইরেসির	p a i r e s i r	native
পাইল	p a i l	native
পাইলট	p a i l o T	native
পাইলটকে	p a i l O T k e	native
পাইলটদের	p a i l o T d e r	native
পাইলটবিহিন	p a i l o T b i h i n	native
পাইলটরা	p a i l o T r a	native
পাইলটসহ	p a i l O T sh o h O	native
পাইলটের	p a i l o T e r	native
পাইলস	p a i l s	native
পাইলসের	p a i l s e r	native
পাইলাম	p a i l a m	native
পাইলিং	p a i l i ng	native
পাইলিংয়ে	p a i l i ng y e	native
পাইলিংয়ের	p a i l i ng y e r	native
পাইলে	p a i l e	native
পাইলেও	p a i l e O	native
পাইলেন	p a i l e n	native
পাইলের	p a i l e r	native
পাইস	p a i sh	native
পাইয়া	p a i y a	native
পাইয়ে	p a i y e	native
পাইয়ের	p a i y e r	native
পাউচে	p a u ch e	native
পাউডার	p a u D a r	native
পাউডারও	p a u D a r O	native
পাউডারজাতিয়	p a u D a r j a t i y o	native
পাউডারের	p a u D a r e r	native
পাউন্ডে	p a u n D e	native
পাউন্ডের	p a u n D e r	native
পাউন্ডেরও	p a u n D e r	native
পাউবো	p a u b O	native
পাউবোকে	p a u b O k e	native
পাউবোর	p a u b O r	native
পাউরুটি	p a u r u T i	native
পাউরুটির	p a u r u T i r	native
পাউলি	p a u l i	native
পাও	p a O	native
পাওন	p a O n	native
পাওনা	p a O n a	native
পাওনাও	p a O n a O	native
পাওনাদার	p a O n a d a r	native
পাওনাদারদের	p a O n a d a r d e r	native
পাওনাদারের	p a O n a d a r e r	native
পাওনাদারেরা	p a O n a d a r e r a	native
পাওনার	p a O n a r	native
পাওনি	p a O n i	native
পাওলা	p a O l a	native
পাওলি	p a O l i	native
পাওলির	p a O l i r	native
পাওলো	p a O l O	native
পাওলোতে	p a O l O t e	native
পাওলোনিয়া	p a O l O n i y a	native
পাওলোর	p a O l O r	native
পাওয়া	p a O y a	native
পাওয়াই	p a O y a i	native
পাওয়াও	p a O y a O	native
পাওয়াকে	p a O y a k e	native
পাওয়াটা	p a O y a T a	native
পাওয়াটাই	p a O y a T a i	native
পাওয়াটাও	p a O y a T a O	native
পাওয়াটাকে	p a O y a T a k e	native
পাওয়াতে	p a O y a t e	native
পাওয়াতেই	p a O y a t e i	native
পাওয়াদের	p a O y a d e r	native
পাওয়ান	p a O y a n	native
পাওয়ামাত্র	p a O y a m a tr O	native
পাওয়ামাত্রই	p a O y a m a tr O i	native
পাওয়ার	p a O y a r	native
পাওয়ারই	p a O y a r i	native
পাওয়ারও	p a O y a r O	native
পাওয়ারকে	p a O y a r k e	native
পাওয়ারগ্রিড	p a O y a r gr i D	native
পাওয়ারটিলার	p a O y a r T i l a r	native
পাওয়ারটেক	p a O y a r T e k	native
পাওয়ারটেকের	p a O y a r T e k e r	native
পাওয়ারপ্লের	p a O y a r p l e r	loanword
পাওয়ারফুল	p a O y a r ph u l	native
পাওয়ারলুম	p a O y a r l u m	native
পাওয়ারা	p a O y a r a	native
পাওয়ারের	p a O y a r e r	native
পাওয়ার্ড	p a O y a r D	native
পাওয়ালা	p a O y a l a	native
পাওয়াসহ	p a O y a sh o h O	native
পাওয়ায়	p a O y a y	native
পাওয়েল	p a O y e l	native
পাওয়েলকে	p a O y e l k e	native
পাওয়েলের	p a O y e l e r	native
পাক	p a k	native
পাকচক্রে	p a k ch o kr e	native
পাকতিয়া	p a k o t i y a	native
পাকতিয়ার	p a k o t i y a r	native
পাকতিয়ায়	p a k o t i y a y	native
পাকতে	p a k t e	native
পাকন	p a k O n	native
পাকনাড়া	p a k n a r a	native
পাকপাঞ্জত	p a k p a nj o t	tatsama
পাকবন্ধু	p a k b O ndh u	tatsama
পাকবাহিনি	p a k b a h i n i	native
পাকবাহিনির	p a k b a h i n i r	native
পাকল	p a k O l	native
পাকলানো	p a k l a n O	native
পাকলে	p a k l e	native
পাকশাসন	p a k sh a sh O n	native
পাকশি	p a k sh i	native
পাকশিতে	p a k sh i t e	native
পাকশিমুল	p a k sh i m u l	native
পাকশির	p a k sh i r	native
পাকসাট	p a k sh a T	native
পাকসাফ	p a k sh a ph	native
পাকসেনা	p a k sh e n a	native
পাকসেনাদের	p a k sh e n a d e r	native
পাকসেনার	p a k sh e n a r	native
পাকস্থলি	p a k O sth O l i	native
পাকস্থলির	p a k o sth o l i r	native
পাকা	p a k a	native
পাকাআম	p a k a a m	native
পাকাই	p a k a i	native
পাকাকরনের	p a k a k o r o n e r	native
পাকাচ্ছে	p a k a ch chh e	native
পাকাটি	p a k a T i	native
পাকাতে	p a k a t e	native
পাকান	p a k a n o	native
পাকানোর	p a k a n O r	native
পাকাপাকি	p a k a p a k i	native
পাকাপাকিভাবে	p a k a p a k i bh a b e	native
পাকাপোক্তভাবে	p a k a p O kt o bh a b e	compound
পাকাবাড়ি	p a k a b a r i	native
পাকার	p a k a r	native
পাকালে	p a k a l e	native
পাকাশয়	p a k a sh o y	native
পাকায়া	p a k a y a	native
পাকি	p a k i	native
পাকিজা	p a k i j a	native
পাকিদের	p a k i d e r	native
পাকিমালা	p a k i m a l a	native
পাকির	p a k i r	native
পাকিল	p a k i l l o	native
পাকিস্তানই	p a k i st a n i	native
পাকিস্তানও	p a k i st a n O	native
পাকিস্তানকে	p a k i st a n k e	native
পাকিস্তানকেই	p a k i st a n k e i	native
পাকিস্তানকেও	p a k i st a n k e O	native
পাকিস্তানকেন্দ্রিক	p a k i st a n k e ndr i k	compound
পাকিস্তানঘেশা	p a k i st a n gh e sh a	compound
পাকিস্তানজুড়ে	p a k i st a n j u r e	compound
পাকিস্তাননিয়ন্ত্রিত	p a k i st a n n i y o n t r i t o	compound
পাকিস্তানপন্থি	p a k i st a n p O n th i	compound
পাকিস্তানপন্থিদের	p a k i st a n p o n th i d e r	compound
পাকিস্তানবাদি	p a k i st a n b a d i	compound
পাকিস্তানবিরোধি	p a k i st a n b i r O dh i	compound
পাকিস্তানবিশয়ক	p a k i st a n b i sh o y o k	compound
পাকিস্তানভিত্তিক	p a k i st a n bh i tt i k	compound
পাকিস্তানসহ	p a k i st a n sh o h O	native
পাকিস্তানি	p a k i st a n i	native
পাকিস্তানিকে	p a k i st a n i k e	native
পাকিস্তানিদের	p a k i st a n i d e r	compound
পাকিস্তানির	p a k i st a n i r	native
পাকিস্তানিরা	p a k i st a n i r a	native
পাকিস্তানিরাই	p a k i st a n i r a i	compound
পাকিস্তানিরাও	p a k i st a n i r a O	compound
পাকিস্তানিসহ	p a k i st a n i sh o h O	native
পাকিস্তানে	p a k i st a n e	native
পাকিস্তানেই	p a k i st a n e i	native
পাকিস্তানেও	p a k i st a n e O	native
পাকিস্তানের	p a k i st a n e r	native
পাকিস্তানেরই	p a k i st a n e r i	native
পাকিস্তানেরও	p a k i st a n e r O	native
পাকিয়ে	p a k i y e	native
পাকিয়েছেন	p a k i y e chh e n	native
পাকুন্দিয়া	p a k u nd i a	native
পাকুন্দিয়ার	p a k u nd i y a	native
পাকুর	p a k u r	native
পাকুড়	p a k u r	native
পাকুড়তলা	p a k u r t o l a	native
পাকে	p a k e	native
পাকেচক্রে	p a k e ch o kr e	native
পাকেনি	p a k e n i	native
পাকের	p a k e r	native
পাকোড়া	p a k O r a	native
পাকোয়ান	p a k O y a n	native
পাক্কা	p a k k a	native
পাকড়	p a k o r	native
পাকড়াও	p a k r a O	native
পাকড়ি	p a k r i	native
পাখতুন	p a kh t u n	native
পাখতুনখাওয়া	p a kh t u n kh a O y a	native
পাখনার	p a kh n a r	native
পাখপাখালি	p a kh p a kh a l i	native
পাখপাখালির	p a kh p a kh a l i r	native
পাখম	p a kh o m	native
পাখমার	p a kh m a r	native
পাখরিয়া	p a kh O r i y a	native
পাখা	p a kh a	native
পাখাওয়ালা	p a kh a O y a l a	native
পাখালা	p a kh a l a	native
পাখায়	p a kh a y	native
পাখিই	p a kh i i	native
পাখিকে	p a kh i k e	native
পাখিগুলো	p a kh i g u l O	native
পাখিগুলোকে	p a kh i g u l O k e	native
পাখিগুলোর	p a kh i g u l O r	native
পাখিটা	p a kh i T a	native
পাখিটাকে	p a kh i T a k e	native
পাখিটার	p a kh i T a r	native
পাখিটি	p a kh i T i	native
পাখিটিও	p a kh i T i O	native
পাখিটিকে	p a kh i T i k e	native
পাখিটির	p a kh i T i r	native
পাখিতে	p a kh i t e	native
পাখিদের	p a kh i d e r	native
পাখিদেরও	p a kh i d e r O	native
পাখিপ্রেমি	p a kh i pr e m i	native
পাখিমারা	p a kh i m a r a	native
পাখির	p a kh i r	native
পাখিরা	p a kh i r a	native
পাখিরাও	p a kh i r a O	native
পাখিশিকারিদের	p a kh i sh i k a r i d e r	compound
পাখিশুমারি	p a kh i sh u m a r i	native
পাখোয়াজ	p a kh O y a j	native
পাখড়	p a kh O r	native
পাগ	p a g	native
পাগর	p a g o r	native
পাগল	p a g O l	native
পাগলও	p a g o l O	native
পাগলকে	p a g O l k e	native
পাগলদের	p a g O l d e r	native
পাগলপারা	p a g o l p a r a	native
পাগলপ্রায়	p a g o l pr a y	native
পাগলা	p a g l a	native
পাগলাই	p a g l a i	native
পাগলাঘন্টা	p a g l a gh o n T a	native
পাগলাঘন্টি	p a g l a gh o n T i	native
পাগলাটে	p a g l a T e	native
পাগলাবাজার	p a g l a b a j a r	native
পাগলামি	p a g l a m i	native
পাগলামির	p a g l a m i r	native
পাগলামো	p a g l a m O	native
পাগলার	p a g l a r	native
পাগলায়	p a g o l a y	native
পাগলু	p a g l u	native
পাগলে	p a g o l e	native
পাগলেও	p a g o l e O	native
পাগলের	p a g O l e r	native
পাগাল	p a g a l	native
পাগুলে	p a g u l e	native
পাগড়ি	p a g r i	native
পাগড়ির	p a g r i r	native
পাচআনি	p a ch a n i	native
পাচউবো	p a ch u b O	native
পাচক	p a ch O k	native
পাচগাও	p a ch g a O	native
পাচগুন	p a ch g u n	native
পাচজন	p a ch j o n	native
পাচজনই	p a ch j o n i	native
পাচজনকে	p a ch j o n k e	native
পাচজনকেই	p a ch j o n k e i	native
পাচজনসহ	p a ch j o n sh o h O	native
পাচজনে	p a ch j o n e	native
পাচজনের	p a ch j o n e r	native
পাচটা	p a ch T a	native
পাচটার	p a ch T a r	native
পাচটায়	p a ch T a y	native
পাচটিই	p a ch T i i	native
পাচটিতে	p a ch T i t e	native
পাচটিতেই	p a ch T i t e i	native
পাচটির	p a ch T i r	native
পাচটিসহ	p a ch T i sh o h O	native
পাচতলা	p a ch t o l a	native
পাচতলার	p a ch t o l a r	native
পাচতলায়	p a ch t o l a y	native
পাচতারকা	p a ch t a r O k a	native
পাচতারা	p a ch t a r a	native
পাচদলিয়	p a ch d o l i y o	native
পাচদিন	p a ch d i n	native
পাচদিনের	p a ch d i n e r	native
পাচদোনা	p a ch d O n a	native
পাচন	p a ch O n	native
পাচপির	p a ch p i r	native
পাচপোতা	p a ch p O t a	native
পাচফোড়ন	p a ch ph O r o n	native
পাচবছর	p a ch b o chh O r	native
পাচবার	p a ch b a r	native
পাচবারের	p a ch b a r e r	native
পাচবাড়ি	p a ch b a r i	native
পাচবিবি	p a ch b i b i	native
পাচবিবির	p a ch b i b i r	native
পাচমিশালি	p a ch m i sh a l i	native
পাচরুখি	p a ch r u kh i	native
পাচলা	p a ch l a	native
পাচলাইশ	p a ch l a i sh	native
পাচলাইশে	p a ch l a i sh e	native
পাচলাইশের	p a ch l a i sh e r	native
পাচশ	p a ch sh O	native
পাচশত	p a ch sh o t O	native
পাচশো	p a ch sh O	native
পাচসালা	p a ch sh a l a	native
পাচারকাজে	p a ch a r k a j e	native
পাচারকারি	p a ch a r k a r i	native
পাচারকারিকে	p a ch a r k a r i k e	native
পাচারকারিদের	p a ch a r k a r i d e r	native
পাচারকারির	p a ch a r k a r i r	native
পাচারকারিরা	p a ch a r k a r i r a	native
পাচারকালে	p a ch a r k a l e	native
পাচারকৃত	p a ch a r k ri t O	tatsama
পাচারকে	p a ch a r k e	native
পাচারচক্রের	p a ch a r ch o kr e r	native
পাচারবিরোধি	p a ch a r b i r O dh i	native
পাচারবিশয়ক	p a ch a r b i sh o y o k	native
পাচারসংক্রান্ত	p a ch a r sh o ng kr a nt O	compound
পাচারসহ	p a ch a r sh o h O	native
পাচারের	p a ch a r e r	native
পাচালি	p a ch a l i	native
পাচি	p a ch i	native
পাচিকা	p a ch i k a	native
পাচিত	p a ch i t O	native
পাচিল	p a ch i l	native
পাচিলের	p a ch i l e r	native
পাচুরি	p a ch u r i	native
পাচুরিয়া	p a ch u r i y a	native
পাচুরিয়ায়	p a ch u r i y a y	native
পাচুয়া	p a ch u y a	native
পাচে	p a ch e	native
পাচেও	p a ch e O	native
পাচেক	p a ch e k	loanword
পাচেকের	p a ch e k e r	loanword
পাচের	p a ch e r	native
পাচ্চর	p a ch ch o r	native
পাচ্ছ	p a ch chh O	native
পাচ্ছি	p a ch chh i	native
পাচ্ছিল	p a ch chh i l O	native
পাচ্ছিলাম	p a ch chh i l a m	native
পাচ্ছে	p a ch chh e	native
পাচ্ছেই	p a ch chh e i	native
পাচ্ছেন	p a ch chh e n	native
পাচ্ছেনা	p a ch chh e n a	native
পাচ্য	p a ch ch O	native
পাচড়া	p a ch r a	native
পাছ	p a chh	native
পাছা	p a chh a	native
পাছানো	p a chh a n O	native
পাছাড়	p a chh a r	native
পাছাড়ি	p a chh a r i	native
পাছুড়ি	p a chh u r i	native
পাছড়ানো	p a chh r a n O	native
পাজ	p a j	native
পাজওক	p a j o O k	native
পাজর	p a j O r	native
পাজরে	p a j o r e	native
পাজরের	p a j o r e r	native
পাজা	p a j a	native
পাজাকোলা	p a j a k O l a	native
পাজাখোলা	p a j a kh O l a	native
পাজামা	p a j a m a	native
পাজামার	p a j a m a r	native
পাজিয়ার	p a j i y a r	native
পাজের	p a j e r	native
পাজেরো	p a j e r O	native
পাজেরোর	p a j e r O r	native
পাজো	p a j O	native
পাঞ্চ	p a nch	tatsama
পাঞ্চজন্য	p a nch O j o n n O	tatsama
পাঞ্চবার্ষিক	p a nch O b a r sh i k	tatsama
পাঞ্চভোউতিক	p a nch O bh O u t i k	tatsama
পাঞ্চল	p a nch o l	tatsama
পাঞ্চাল	p a nch a l	tatsama
পাঞ্চিং	p a nch i ng	tatsama
পাঞ্চোলির	p a nch O l i r	tatsama
পাঞ্জা	p a nj a	tatsama
পাঞ্জাব	p a nj a b	tatsama
পাঞ্জাবকে	p a nj a b k e	tatsama
পাঞ্জাবিই	p a nj a b i i	tatsama
পাঞ্জাবিও	p a nj a b i O	tatsama
পাঞ্জাবিগুলো	p a nj a b i g u l O	tatsama
পাঞ্জাবিটা	p a nj a b i T a	tatsama
পাঞ্জাবিতে	p a nj a b i t e	tatsama
পাঞ্জাবিতেও	p a nj a b i t e O	tatsama
পাঞ্জাবিদের	p a nj a b i d e r	tatsama
পাঞ্জাবির	p a nj a b i r	tatsama
পাঞ্জাবিরা	p a nj a b i r a	tatsama
পাঞ্জাবিসহ	p a nj a b i sh o h O	tatsama
পাঞ্জাবে	p a nj a b e	tatsama
পাঞ্জাবেই	p a nj a b e i	tatsama
পাঞ্জাবের	p a nj a b e r	tatsama
পাঞ্জেগানা	p a nj e g a n a	tatsama
পাঞ্জেরি	p a nj e r i	tatsama
পাট	p a T	native
পাটই	p a T i	native
পাটও	p a T O	native
পাটওয়ারি	p a T O y a r i	native
পাটওয়ারির	p a T O y a r i r	native
পাটক	p a T O k	native
পাটকল	p a T k o l	native
পাটকলগুলো	p a T k o l g u l O	native
পাটকলগুলোকে	p a T k o l g u l O k e	native
পাটকলগুলোতে	p a T k o l g u l O t e	native
পাটকলগুলোর	p a T k o l g u l O r	native
পাটকলটি	p a T k o l T i	native
পাটকলে	p a T k o l e	native
পাটকাঠি	p a T k a Th i	native
পাটকাঠির	p a T k a Th i r	native
পাটকার	p a T k a r	native
পাটকিলে	p a T k i l e	native
পাটকেন্দ্রিক	p a T k e ndr i k	native
পাটকেল	p a T k e l	native
পাটকেলঘাটা	p a T k e l gh a T a	native
পাটকেলটি	p a T k e l T i	native
পাটখেত	p a T kh e t	native
পাটখেতে	p a T kh e t e	native
পাটখেতের	p a T kh e t e r	native
পাটখড়ি	p a T kh O r i	native
পাটগাতি	p a T g a t i	native
পাটগাতিতে	p a T g a t i t e	native
পাটগ্রাম	p a T gr a m	native
পাটগ্রামে	p a T gr a m e	native
পাটগ্রামের	p a T gr a m e r	native
পাটচাশি	p a T ch a sh i	native
পাটচাশিদের	p a T ch a sh i d e r	native
পাটচাশির	p a T ch a sh i r	native
পাটচাশিরা	p a T ch a sh i r a	native
পাটজাতদ্রব্য	p a T j a t d r O b b O	native
পাটজাতপন্য	p a T j a t p o n n o	native
পাটনার	p a T n a r	native
পাটনায়	p a T n a y	native
পাটনিতি	p a T n i t i	native
পাটনেত	p a T n e t	native
পাটপন্য	p a T p o n n O	native
পাটপন্যের	p a T p o n n e r	native
পাটব	p a T o b	native
পাটবিজ	p a T b i j	native
পাটবিজের	p a T b i j e r	native
পাটবিশয়ক	p a T b i sh o y o k	native
পাটমন্ত্রি	p a T m o n t r i	native
পাটমন্ত্রিকে	p a T m o nt ri k e	native
পাটমন্ত্রির	p a T m o nt ri r	native
পাটল	p a T O l	native
পাটলিপুত্র	p a T O l i p u tr O	native
পাটশাক	p a T sh a k	native
পাটশিল্প	p a T sh i l p o	native
পাটশিল্পকে	p a T sh i l p o k e	native
পাটশিল্পে	p a T sh i l p e	native
পাটশিল্পের	p a T sh i l p e r	native
পাটশোলার	p a T sh O l a r	native
পাটসুতা	p a T sh u t a	native
পাটাতন	p a T a t o n	native
পাটাতনের	p a T a t o n e r	native
পাটার	p a T a r	native
পাটারি	p a T a r i	native
পাটালি	p a T a l i	native
পাটায়	p a T a y	native
পাটি	p a T i	native
পাটিগনিত	p a T i g o n i t	native
পাটিগনিতের	p a T i g o n i t e r	native
পাটিবান	p a T i b a n	native
পাটির	p a T i r	native
পাটিসাপটা	p a T i sh a p T a	native
পাটুনি	p a T u n i	native
পাটুরিয়া	p a T u r i y a	native
পাটুরিয়ার	p a T u r i y a r	native
পাটুরিয়ায়	p a T u r i y a y	native
পাটুলি	p a T u l i	native
পাটুয়া	p a T u y a	native
পাটুয়াটুলি	p a T u y a T u l i	native
পাটুয়াটুলিতে	p a T u y a T u l i t e	native
পাটুয়াটুলির	p a T u y a T u l i r	native
পাটেল	p a T e l	native
পাটেশ্বরি	p a T e sh sh O r i	tatsama
পাটোল	p a T O l	native
পাটোয়ার	p a T O y a r	native
পাটোয়ারি	p a T O y a r i	native
পাটোয়ারিকে	p a T O y a r i k e	native
পাটোয়ারির	p a T O y a r i r	native
পাটোয়ারিসহ	p a T O y a r i sh o h O	native
পাট্টা	p a T T a	native
পাঠই	p a Th i	native
পাঠকই	p a Th O k i	native
পাঠকও	p a Th O k O	native
পাঠককুল	p a Th o k k u l	native
পাঠককে	p a Th o k k e	native
পাঠকক্ষ	p a Th k o kkh o	tatsama
পাঠকক্ষে	p a Th k o kkh e	tatsama
পাঠকক্ষের	p a Th k o kkh e r	tatsama
পাঠকদের	p a Th O k d e r	native
পাঠকপ্রিয়	p a Th o k pr i y o	native
পাঠকপ্রিয়তা	p a Th o k pr i y o t a	native
পাঠকবান্ধব	p a Th o k b a ndh o b	tatsama
পাঠকমহলে	p a Th o k m o h O l e	native
পাঠকমাত্রই	p a Th o k m a tr o i	native
পাঠকরা	p a Th O k r a	native
পাঠকসংখ্যা	p a Th o k sh o ng kh a	native
পাঠকসমাজে	p a Th o k sh o m a j e	native
পাঠকসহ	p a Th o k sh o h O	native
পাঠকারি	p a Th k a r i	native
পাঠকেরই	p a Th o k e r i	native
পাঠকেরও	p a Th o k e r O	native
পাঠকেরা	p a Th O k e r a	native
পাঠকেরাই	p a Th o k e r a i	native
পাঠকেরাও	p a Th o k e r a O	native
পাঠক্রম	p a Th kr o m	native
পাঠক্রমও	p a Th kr o m O	native
পাঠক্রমে	p a Th kr o m e	native
পাঠক্রমের	p a Th kr o m e r	native
পাঠচক্রের	p a Th ch o kr e r	native
পাঠজোগ্য	p a Th j O g g o	native
পাঠটি	p a Th T i	native
পাঠদান	p a Th d a n	native
পাঠদানকারি	p a Th d a n k a r i	native
পাঠদানসহ	p a Th d a n sh o h O	native
পাঠন	p a Th O n	native
পাঠনের	p a Th o n e r	native
পাঠনো	p a Th a n O	native
পাঠরত	p a Th r o t o	native
পাঠশালা	p a Th sh a l a	native
পাঠশালাটি	p a Th sh a l a T i	native
পাঠশালার	p a Th sh a l a r	native
পাঠশালায়	p a Th sh a l a y	native
পাঠা	p a Th a	native
পাঠাই	p a Th a i	native
পাঠাইছে	p a Th a i sh e	native
পাঠাইনি	p a Th a i n i	native
পাঠাইয়া	p a Th a i y a	native
পাঠাও	p a Th a O	native
পাঠাক	p a Th a k	native
পাঠাগার	p a Th a g a r	native
পাঠাগারও	p a Th a g a r O	native
পাঠাগারকে	p a Th a g a r k e	native
পাঠাগারটি	p a Th a g a r T i	native
পাঠাগারে	p a Th a g a r e	native
পাঠাগারের	p a Th a g a r e r	native
পাঠাচ্ছিল	p a Th a ch chh i l o	native
পাঠাচ্ছিলেন	p a Th a ch chh i l e n	native
পাঠাচ্ছে	p a Th a ch chh e	native
পাঠাচ্ছেন	p a Th a ch chh e n	native
পাঠাত	p a Th a t O	native
পাঠাতাম	p a Th a t a m	native
পাঠাতেই	p a Th a t e i	native
পাঠাতেও	p a Th a t e O	native
পাঠান	p a Th a n	native
পাঠানও	p a Th a n O	native
পাঠানকে	p a Th a n k e	native
পাঠানটুলার	p a Th a n T u l a r	native
পাঠানটুলি	p a Th a n T u l i	native
পাঠানদের	p a Th a n d e r	native
পাঠানপাড়া	p a Th a n p a r a	native
পাঠানের	p a Th a n e r	native
পাঠানোই	p a Th a n O i	native
পাঠানোও	p a Th a n O O	native
পাঠানোকে	p a Th a n O k e	native
পাঠানোর	p a Th a n O r	native
পাঠানোসহ	p a Th a n O sh o h O	native
পাঠানোয়	p a Th a n O y o	native
পাঠান্তর	p a Th a nt o r	native
পাঠাবে	p a Th a b e	native
পাঠাবেন	p a Th a b e n	native
পাঠাভ্যাস	p a Th a b bh a sh	native
পাঠার	p a Th a r	native
পাঠার্থি	p a Th a r th i	native
পাঠাল	p a Th a l O	native
পাঠালাম	p a Th a l a m	native
পাঠালেই	p a Th a l e i	native
পাঠালেও	p a Th a l e O	native
পাঠালেন	p a Th a l e n	native
পাঠালো	p a Th a l O	native
পাঠায়	p a Th a y	native
পাঠায়নি	p a Th a y n i	native
পাঠিয়ে	p a Th i y e	native
পাঠিয়েই	p a Th i y e i	native
পাঠিয়েও	p a Th i y e O	native
পাঠিয়েছি	p a Th i y e chh i	native
পাঠিয়েছিল	p a Th i y e chh i l o	native
পাঠিয়েছিলাম	p a Th i y e chh i l a m	native
পাঠিয়েছিলেন	p a Th i y e chh i l e n	native
পাঠিয়েছে	p a Th i y e chh e	native
পাঠিয়েছেন	p a Th i y e chh e n	native
পাঠে	p a Th e	native
পাঠেও	p a Th e O	native
পাঠের	p a Th e r	native
পাঠোদ্ধার	p a Th O d dh a r	tatsama
পাঠ্য	p a T Th O	native
পাঠ্যক্রম	p a T Th o kr o m	native
পাঠ্যক্রমে	p a T Th O kr o m e	native
পাঠ্যক্রমের	p a T Th O kr o m e r	native
পাঠ্যপুস্তক	p a T Th o p u st o k	native
পাঠ্যপুস্তকগুলো	p a T Th o p u st o k g u l O	compound
পাঠ্যপুস্তকটি	p a T Th O p u st o k T i	compound
পাঠ্যপুস্তকটির	p a T Th O p u st O k T i r	compound
পাঠ্যপুস্তকে	p a T Th O p u st O k e	native
পাঠ্যপুস্তকের	p a T Th o p u st o k e r	compound
পাঠ্যবই	p a T Th O b O i	native
পাঠ্যবইগুলো	p a T Th o b o i g u l O	native
পাঠ্যবইটি	p a T Th O b O i T i	native
পাঠ্যবইতে	p a T Th o b o i t e	native
পাঠ্যবইয়ে	p a T Th o b o i y e	native
পাঠ্যবইয়ের	p a T Th o b o i y e r	native
পাঠ্যবিশয়	p a T Th o b i sh o y	native
পাঠ্যসুচি	p a T Th O sh u ch i	native
পাঠ্যসুচিতে	p a T Th O sh u ch i t e	native
পাঠ্যসুচির	p a T Th O sh u ch i r	native
পাঠ্যাবস্থা	p a T Th a b O sth a	native
পাড়া	p a r a	native
পাডুকোন	p a D u k O n	native
পাত	p a t	native
পাতক	p a t O k	native
পাতখোল	p a t kh O l	native
পাতগুলো	p a t g u l O	native
পাতছে	p a t chh e	native
পাতছেন	p a t chh e n	native
পাতঞ্জল	p a t O nj o l	tatsama
পাততাড়ি	p a t t a r i	native
পাতন	p a t O n	native
পাতব	p a t b o	native
পাতল	p a t o l	native
পাতলি	p a t o l i	native
পাতলে	p a t l e	native
পাতলেই	p a t l e i	native
পাতাই	p a t a i	native
পাতাকপি	p a t a k O p i	native
পাতাকাটা	p a t a k a T a	native
পাতাকে	p a t a k e	native
পাতাখালি	p a t a kh a l i	native
পাতাগুলো	p a t a g u l O	native
পাতাগুলোর	p a t a g u l O r	native
পাতাগুলোয়	p a t a g u l O y	native
পাতাজুড়ে	p a t a j u r e	native
পাতাটা	p a t a T a	native
পাতাটি	p a t a T i	native
পাতাতেই	p a t a t e i	native
পাতানো	p a t a n O	native
পাতানোয়	p a t a n O y	native
পাতাবাহার	p a t a b a h a r	native
পাতাম	p a t a m	native
পাতামের	p a t a m e r	native
পাতারা	p a t a r a	native
পাতাল	p a t a l	native
পাতালপুরির	p a t a l p u r i	native
পাতালরেল	p a t a l r e l	native
পাতালরেলে	p a t a l r e l e	native
পাতালরেলের	p a t a l r e l e r	native
পাতালের	p a t a l e r	native
পাতাহিন	p a t a h i n	native
পাতায়	p a t a y o	native
পাতায়ও	p a t a y O	native
পাতিত	p a t i t O	native
পাতিত্য	p a t i t t O	native
পাতিনেতা	p a t i n e t a	native
পাতিনেতারা	p a t i n e t a r a	native
পাতিনেবু	p a t i n e b u	native
পাতিবুর্জোয়ারা	p a t i b u r j O y a r a	compound
পাতিব্রত্য	p a t i br O t t O	native
পাতিলসহ	p a t i l sh o h O	native
পাতিলা	p a t i l a	native
পাতিলেবুর	p a t i l e b u r	native
পাতিয়ালা	p a t i y a l a	native
পাতিয়ে	p a t i y e	native
পাতুন	p a t u n	native
পাতুরি	p a t u r i	native
পাতে	p a t e	native
পাতেন	p a t e n	native
পাতের	p a t e r	native
পাতো	p a t O	native
পাতোকে	p a t O k e	native
পাতোর	p a t O r	native
পাত্তা	p a tt a	native
পাত্তাই	p a tt a i	native
পাত্তাড়ি	p a tt a r i	native
পাত্তি	p a tt i	native
পাত্যমান	p a t t O m a n	native
পাত্যায়া	p a t t a y a	native
পাত্রও	p a tr O O	native
পাত্রকে	p a tr O k e	native
পাত্রটি	p a tr O T i	native
পাত্রপক্ষ	p a tr O p O kkh O	tatsama
পাত্রপাত্রি	p a tr O p a tr i	native
পাত্রপাত্রির	p a tr O p a tr i r	native
পাত্রস্থ	p a tr O sth o	native
পাত্রি	p a tr i	native
পাত্রিকে	p a tr i k e	native
পাত্রিদের	p a tr i d e r	native
পাত্রিপক্ষ	p a tr i p O kkh O	tatsama
পাত্রির	p a tr i r	native
পাত্রে	p a tr e	native
পাত্রের	p a tr e r	native
পাতড়া	p a t r a	native
পাথ	p a th	native
পাথওয়েজ	p a th O y e j	native
পাথমানাথন	p a th m a n a th o n	native
পাথমারাজাহ	p a th o m a r a j a h	native
পাথরই	p a th o r i	native
পাথরও	p a th O r O	native
পাথরকুচির	p a th o r k u ch i r	native
পাথরকে	p a th O r k e	native
পাথরখন্ড	p a th o r kh o n D o	native
পাথরখালি	p a th o r kh a l i	native
পাথরঘাটার	p a th O r gh a T a r	native
পাথরঘাটায়	p a th o r gh a T a y	native
পাথরটিকে	p a th o r T i k e	native
পাথরটির	p a th o r T i r	native
পাথরবাটি	p a th o r b a T i	native
পাথরবোঝাই	p a th o r b O jh a i	native
পাথরভাংা	p a th o r bh a ng g a	native
পাথরসহ	p a th o r sh o h O	native
পাথরা	p a th o r a	native
পাথরাইল	p a th r a i l	native
পাথরিয়া	p a th o r i y a	native
পাথরের	p a th O r e r	native
পাথার	p a th a r	native
পাথারে	p a th a r e	native
পাথাল	p a th a l	native
পাথালি	p a th a l i	native
পাথুরি	p a th u r i	native
পাথুরিয়া	p a th u r i y a	native
পাথুরে	p a th u r e	native
পাথেয়	p a th e y O	native
পাদ	p a d	native
পাদক	p a d o k	native
পাদটিকা	p a d O T i k a	native
পাদটিকায়	p a d o T i k a y	native
পাদদেশ	p a d O d e sh	native
পাদদেশে	p a d o d e sh e	native
পাদন	p a d O n	native
পাদনকারি	p a d o n k a r i	native
পাদনক্ষমতা	p a d o n kh o m o t a	tatsama
পাদনে	p a d o n e	native
পাদনের	p a d o n e r	native
পাদপ	p a d O p	native
পাদপিঠ	p a d o p i Th	native
পাদপ্রদিপে	p a d o pr o d i p e	native
পাদপ্রদিপের	p a d pr O d i p e r	native
পাদবিক	p a d O b i k	native
পাদরি	p a d r i	native
পাদা	p a d a	native
পাদাং	p a d a ng	native
পাদানিতে	p a d a n i t e	native
পাদানির	p a d a n i r	native
পাদাড়	p a d a r	native
পাদিত	p a d i t o	native
পাদুকাশিল্প	p a d u k a sh i l p o	native
পাদুকাশিল্পের	p a d u k a sh i l p e r	compound
পাদুয়া	p a d u y a	native
পাদে	p a d e	native
পাদোন	p a d O n	native
পাদ্য	p a d d O	native
পাদ্রি	p a d r i	native
পাদ্রিরা	p a d r i r a	native
পানই	p a n i	native
পানক	p a n o k	native
পানকারি	p a n k a r i	native
পানকোউড়ি	p a n k O u r i	native
পানকোউড়ির	p a n k O u r i r	native
পানগাও	p a n g a O	native
পানগাছের	p a n g a chh e r	native
পানচাশি	p a n ch a sh i	native
পানচাশিদের	p a n ch a sh i d e r	native
পানচিনি	p a n ch i n i	native
পানচিনির	p a n ch i n i r	native
পানচেন	p a n ch e n	native
পানছড়ি	p a n chh o r i	native
পানছড়িপাড়া	p a n chh o r i p a r a	native
পানজা	p a n j a	native
পানজোগ্য	p a n j O g g O	native
পানতি	p a n t i	native
পানতুয়া	p a n t u y a	native
পানপট্টি	p a n p o T T i	native
পানপাতা	p a n p a t a	native
পানপুঞ্জি	p a n p u nj i	tatsama
পানপুঞ্জিতে	p a n p u nj i t e	tatsama
পানপুঞ্জির	p a n p u nj i r	tatsama
পানশালার	p a n sh a l a r	native
পানশালায়	p a n sh a l a y	native
পানশির	p a n sh i r	native
পানশিরের	p a n sh i r e r	native
পানস	p a n O sh	native
পানসে	p a n sh e	native
পানা	p a n a	native
পানাই	p a n a i	native
পানাউল্লাহরচর	p a n a u l l a h r ch o r	compound
পানানো	p a n a n O	native
পানাম	p a n a m	native
পানামা	p a n a m a	native
পানামার	p a n a m a r	native
পানাসক্ত	p a n a sh o kt O	native
পানাহ	p a n a h	native
পানাহার	p a n a h a r	native
পানাহারে	p a n a h a r e	native
পানাহারের	p a n a h a r e r	native
পানাহি	p a n a h i	native
পানিই	p a n i i	native
পানিও	p a n i O	native
পানিকে	p a n i k e	native
পানিচক্র	p a n i ch o kr o	native
পানিচুক্তি	p a n i ch u kt i	native
পানিজাতিয়	p a n i j a t i y o	native
পানিটা	p a n i T a	native
পানিটুকু	p a n i T u k u	native
পানিত	p a n i t o	native
পানিতান	p a n i t a n	native
পানিতে	p a n i t e	native
পানিতেই	p a n i t e i	native
পানিতেও	p a n i t e O	native
পানিদুশন	p a n i d u sh o n	native
পানিদুশনের	p a n i d u sh o n e r	native
পানিনি	p a n i n i	native
পানিনিতি	p a n i n i t i	native
পানিনিতিতে	p a n i n i t i t e	native
পানিনিশ্কাশন	p a n i n i sh k a sh o n	native
পানিনিশ্কাশনব্যবস্থা	p a n i n i sh k a sh o n b A b o sth a	compound
পানিনিশ্কাশনের	p a n i n i sh k a sh o n e r	compound
পানিপ্রবাহে	p a n i pr o b a h e	native
পানিপ্রবাহের	p a n i pr O b a h e r	native
পানিপ্রাপ্তি	p a n i pr a p t i	native
পানিপ্রার্থি	p a n i pr a r th i	native
পানিপড়া	p a n i p o r a	native
পানিবঞ্চিত	p a n i b o nch i t o	tatsama
পানিবন্টন	p a n i b o n T o n	native
পানিবন্টনসহ	p a n i b o n T o n sh o h O	native
পানিবন্টনে	p a n i b o n T o n e	native
পানিবন্টনের	p a n i b o n T o n e r	native
পানিবর্ষন	p a n i b o r sh o n	tatsama
পানিবাহি	p a n i b a h i	native
পানিবাহিত	p a n i b a h i t O	native
পানিবিজ্ঞানি	p a n i b i g g a n i	tatsama
পানিবিদ্যুৎ	p a n i b i d d u t	native
পানিবিশেশজ্ঞ	p a n i b i sh e sh o g g o	tatsama
পানিবিশয়ক	p a n i b i sh o y o k	native
পানিব্যবস্থা	p a n i b A b o sth a	native
পানিভরা	p a n i bh o r a	native
পানিভর্তি	p a n i bh O r t i	native
পানির	p a n i r	native
পানিরও	p a n i r O	native
পানিরোধি	p a n i r O dh i	native
পানিশমেন্ট	p a n i sh m e n T	native
পানিশুন্য	p a n i sh u n n O	native
পানিশুন্যতা	p a n i sh u n n O t a	native
পানিশুন্যতার	p a n i sh u n n O t a r	native
পানিশুন্যতায়	p a n i sh u n n O t a y	native
পানিসংকট	p a n i sh o ng k o T	native
পানিসংকটের	p a n i sh o ng k o T e r	native
পানিসংক্রান্ত	p a n i sh o ng kr a nt O	compound
পানিসমস্যা	p a n i sh o m o sh sh a	native
পানিসমস্যার	p a n i sh o m o sh sh a r	native
পানিসম্পদ	p a n i sh o mp o d	native
পানিসম্পদমন্ত্রি	p a n i sh o mp o d m o n t r i	compound
পানিসম্পদমন্ত্রিদের	p a n i sh o mp o d m o nt ri d e r	compound
পানিসম্পদসচিব	p a n i sh o mp o d sh o ch i b	compound
পানিসম্পদের	p a n i sh o mp o d e r	native
পানিসারা	p a n i sh a r a	native
পানিসেচের	p a n i sh e ch e r	native
পানিয়	p a n i y O	native
পানিয়কে	p a n i O k e	native
পানিয়জলের	p a n i y o j o l e r	native
পানিয়তে	p a n i y o t e	native
পানিয়র	p a n i y o r	native
পানিয়া	p a n i y a	native
পানিয়ের	p a n i y e r	native
পানু	p a n u	native
পানেই	p a n e i	native
পানেত্তা	p a n e tt a	native
পানের	p a n e r	native
পানেসর	p a n e sh o r	native
পানেসার	p a n e sh a r	native
পানেসারের	p a n e sh a r e r	native
পান্টি	p a n T i	native
পান্টের	p a n T e r	native
পান্ডব	p a n D o b	native
পান্ডবদিগের	p a n D o b d i g e r	native
পান্ডা	p a n D a	native
পান্ডাদের	p a n D a d e r	native
পান্ডারা	p a n D a r a	native
পান্ডিত্য	p a n D i t t O	native
পান্ডিত্যের	p a n D i t t e r	native
পান্ডু	p a n D u	native
পান্ডুলিপি	p a n D u l i p i	native
পান্ডুলিপিটা	p a n D u l i p i T a	native
পান্ডুলিপিটি	p a n D u l i p i T i	native
পান্ডুলিপির	p a n D u l i p i r	native
পান্ডে	p a n D e	native
পান্ডের	p a n D e r	native
পান্ড্য	p a n D O	native
পান্তাভাত	p a nt a bh a t	native
পান্তার	p a nt a r	native
পান্তি	p a nt i	native
পান্তুমাই	p a nt u m a i	native
পান্থ	p a n th O	native
পান্থকুঞ্জ	p a n th O k u nj O	tatsama
পান্থপথে	p a n th O p o th e	native
পান্থপথের	p a n th O p o th e r	native
পান্থশালার	p a n th o sh a l a r	native
পান্থশালায়	p a n th o sh a l a y	native
পান্নাকে	p a nn a k e	native
পান্নার	p a nn a r	native
পান্নি	p a nn i	native
পান্নু	p a nn u	native
পান্সি	p a n s i	loanword
পাপকাজ	p a p k a j	native
পাপকে	p a p k e	native
পাপগুলো	p a p g u l O	native
পাপন	p a p O n	native
পাপনের	p a p O n e r	native
পাপবিদ্ধ	p a p b i d dh o	tatsama
পাপমুক্ত	p a p m u kt O	native
পাপমুক্তি	p a p m u kt i	native
পাপমুক্তির	p a p m u kt i r	native
পাপর	p a p o r	native
পাপরাশি	p a p r a sh i	native
পাপরের	p a p o r e r	native
পাপলুকে	p a p l u k e	native
পাপা	p a p a	native
পাপাই	p a p a i	native
পাপাইর	p a p a i r	native
পাপাচারে	p a p a ch a r e	native
পাপাচারের	p a p a ch a r e r	native
পাপানদ্রু	p a p a n o d r u	native
পাপানেক	p a p a n e k	native
পাপি	p a p i	native
পাপিদের	p a p i d e r	native
পাপিয়া	p a p i y a	native
পাপিয়াকে	p a p i y a k e	native
পাপিয়ার	p a p i y a r o	native
পাপিয়াসহ	p a p i y a sh o h O	native
পাপুল	p a p u l	native
পাপুয়া	p a p u a	native
পাপে	p a p e	native
পাপের	p a p e r	native
পাপোউলিয়াস	p a p O u l i y a s	proper_noun
পাপ্পু	p a p p u	native
পাপ্পুকে	p a p p u k e	native
পাপ্পুর	p a p p u r	native
পাপড়	p a p o r	native
পাপড়ি	p a p r i	native
পাপড়িগুলো	p a p r i g u l O	native
পাপড়িতে	p a p r i t e	native
পাপড়ির	p a p r i r	native
পাব	p a b O	native
পাবই	p a b O i	native
পাবক	p a b O k	native
পাবন	p a b O n	native
পাবনা	p a b n a	native
পাবনাগামি	p a b n a g a m i	native
পাবনাসহ	p a b n a sh o h O	native
পাবনায়	p a b n a y o	native
পাবনের	p a b o n e r	native
পাবন্দ	p a b o nd O	native
পাবর্ত্য	p a r b o t t o	native
পাবলিক	p a b l i k	native
পাবলিকলি	p a b l i k l i	native
পাবলিকে	p a b l i k e	native
পাবলিকের	p a b l i k e r	native
পাবলিকেশনস	p a b l i k e sh o n s	native
পাবলিকেশনসের	p a b l i k e sh o n s e r	native
পাবলিকেশনের	p a b l i k e sh O n e r	native
পাবলিশার্স	p a b l i sh a r s	native
পাবলিশার্সের	p a b l i sh a r s	native
পাবলিসিটি	p a b l i s i T i	native
পাবার	p a b a r	native
পাবি	p a b i	native
পাবেই	p a b e i	native
পাবেন	p a b e n	native
পাবেনই	p a b e n i	native
পাবেল	p a b e l	native
পাবো	p a b O	native
পাভলভ	p a bh l o bh	native
পাভলোস	p a bh l O s	proper_noun
পাভিন	p a bh i n	native
পাভেল	p a bh e l	native
পাভেলুর	p a bh e l u r	native
পাভেলের	p a bh e l e r	native
পাম	p a m	native
পামওয়েল	p a m o y e l	native
পামগাছ	p a m g a chh	native
পামগাছের	p a m g a chh e r	native
পামতেল	p a m t e l	native
পামতেলের	p a m t e l e r	native
পামপট্টি	p a m p o T T i	native
পামর	p a m o r m O r	native
পামরি	p a m r i	native
পামসু	p a m sh u	native
পামার	p a m a r	native
পামিং	p a m i ng	native
পামু	p a m u	native
পামের	p a m e r	native
পামেল	p a m e l	native
পামেলা	p a m e l a	native
পাম্প	p a mp	native
পাম্পও	p a mp O	native
পাম্পগুলো	p a mp g u l O	native
পাম্পগুলোতে	p a mp g u l O t e	native
পাম্পগুলোর	p a mp g u l O r	native
পাম্পটি	p a mp T i	native
পাম্পসংলগ্ন	p a mp sh o ng l o g n o	native
পাম্পস্টেশনের	p a mp s T e sh o n e r	loanword
পার	p a r	native
পারংগম	p a r o ng g o m	native
পারংগমতা	p a r o ng g o m o t a	native
পারও	p a r O	native
পারকাশন	p a r k a sh o n	native
পারকি	p a r k i	native
পারকিনসন	p a r k i n s o n	proper_noun
পারকিনসন্স	p a r k i n s o n s	loanword
পারক্য	p a r O k k O	native
পারগ	p a r o g	native
পারগানা	p a r g a n a	native
পারচেজ	p a r ch e j	native
পারচেজিং	p a r ch e j i ng	native
পারচেস	p a r ch e s	native
পারছ	p a r chh O	native
পারছি	p a r chh i	native
পারছিনা	p a r chh i n a	native
পারছিলাম	p a r chh i l a m	native
পারছিস	p a r chh i sh	native
পারছে	p a r chh e	native
পারছেন	p a r chh e n	native
পারছেনা	p a r chh e n a	native
পারছো	p a r chh O	native
পারত	p a r t O	native
পারতন্ত্র্য	p a r O t o nt r O	native
পারতপক্ষে	p a r O t O p O kkh e	tatsama
পারতা	p a r t a	native
পারতাছি	p a r t a chh i	native
পারতাছিলাম	p a r t a chh i l a m	native
পারতাম	p a r t a m	native
পারতেই	p a r t e i	native
পারতেছি	p a r t e chh i	native
পারতেছে	p a r t e chh e	native
পারতেন	p a r t e n	native
পারতো	p a r t O	native
পারত্রিক	p a r O t k r i k	native
পারদ	p a r O d	native
পারদও	p a r o d O	native
পারদকে	p a r o d k e	native
পারদর্শি	p a r O d O r sh i	native
পারদর্শিতা	p a r O d O r sh i t a	native
পারদর্শিতায়	p a r o d o r sh i t a y	native
পারদারিক	p a r O d a r i k	native
পারদের	p a r o d e r	native
পারদেশ্য	p a r O d e sh sh O	native
পারনান্দুয়ালি	p a r o n a nd u y a l i	compound
পারনি	p a r o n i	native
পারপাস	p a r p a sh	native
পারফরমিং	p a r ph o r m i ng	native
পারফরমেন্স	p a r ph o r m e n s	loanword
পারফরমেন্সই	p a r ph o r m e n s i	loanword
পারফরমেন্সটা	p a r ph o r m e n s T a	loanword
পারফরমেন্সটাই	p a r ph o r m e n s T a i	loanword
পারফরমেন্সেও	p a r ph o r m e n s e O	loanword
পারফরম্যান্স	p a r ph o r m A n s	loanword
পারফরম্যান্সই	p a r ph o r m A n s i	loanword
পারফরম্যান্সও	p a r ph o r m A n s O	loanword
পারফরম্যান্সকে	p a r ph o r m A n s k e	loanword
পারফরম্যান্সটা	p a r ph o r m A n s T a	loanword
পারফরম্যান্সটাও	p a r ph o r m A n s T a O	loanword
পারফরম্যান্সে	p a r ph o r m A n s e	loanword
পারফরম্যান্সেই	p a r ph o r m A n s e i	loanword
পারফরম্যান্সেও	p a r ph o r m A n s e O	loanword
পারফরম্যান্সের	p a r ph o r m A n s e r	loanword
পারফর্ম	p a r ph o r m	native
পারফর্মার	p a r ph o r m a r	native
পারফর্মেন্স	p a r ph o r m e n s	loanword
পারফর্মেন্সে	p a r ph o r m e n s e	loanword
পারফর্মেন্সের	p a r ph o r m e n s e r	loanword
পারফিউম	p a r ph i u m	native
পারফিউমের	p a r ph i u m e r	native
পারফেকশন	p a r ph e k sh o n	native
পারফেকশনিস্ট	p a r ph e k sh o n i s T	loanword
পারফেক্ট	p a r ph A k T	native
পারবই	p a r b o i	native
পারবশ্য	p a r O b O sh sh O	native
পারবি	p a r b i	native
পারবে	p a r b e	native
পারবেও	p a r b e O	native
পারবেন	p a r b e n	native
পারবেনা	p a r b e n a	native
পারবো	p a r b O	native
পারভিনকে	p a r bh i n k e	native
পারভেজ	p a r bh e j	native
পারভেজকে	p a r bh e j k e	native
পারভেজসহ	p a r bh e j sh o h O	native
পারভেজের	p a r bh e j e r	native
পারমানবিক	p a r O m a n O b i k	native
পারমানু	p a r o m a n u	native
পারমাফ্রস্ট	p a r o m a ph r o s T	loanword
পারমার	p a r o m a r	native
পারমার্থিক	p a r O m a r th i k	native
পারমি	p a r O m i	native
পারমিট	p a r m i T	native
পারমিটসহ	p a r m i T sh o h O	native
পারমিটের	p a r m i T e r	native
পারমিতা	p a r O m i t a	native
পারমিশন	p a r m i sh O n	native
পারমু	p a r m u	native
পারম্পর্য	p a r O mp O r j O	native
পারলাম	p a r l a m	native
পারলার	p a r l a r	native
পারলারকে	p a r l a r k e	native
পারলারটি	p a r l a r T i	native
পারলারে	p a r l a r e	native
পারলারের	p a r l a r e r	native
পারলি	p a r l i	native
পারলে	p a r l e	native
পারলেই	p a r l e i	native
পারলেও	p a r l e O	native
পারলো	p a r l O	native
পারলোউকিক	p a r o l O u k i k	native
পারশি	p a r sh i	native
পারশিক	p a r sh i k	native
পারশে	p a r sh e	native
পারশেমারি	p a r sh e m a r i	native
পারশ্পরিক	p a r O sh p O r i k	native
পারশ্য	p a r o sh sh o	native
পারসন	p a r s O n	loanword
পারসনস	p a r s o n s	loanword
পারসি	p a r s i	proper_noun
পারসিক	p a r s i k	proper_noun
পারসিয়ে	p a r s i y e	proper_noun
পারসেক	p a r s e k	native
পারসেন্ট	p a r s e n T	native
পারসেপশন	p a r s e p sh o n	native
পারসোনা	p a r s O n a	native
পারসোনার	p a r s O n a r	native
পারসোনাল	p a r s O n a l	native
পারসোনালিটি	p a r s O n a l i T i	native
পারসোনায়	p a r s O n a y	native
পারস্পরিক	p a r O s p O r i k	loanword
পারস্পরিকভাবে	p a r o s p o r i k bh a b e	loanword
পারস্পারিক	p a r O s p a r i k	loanword
পারস্য	p a r O sh sh O	native
পারস্যে	p a r O sh sh e	native
পারস্যের	p a r O sh sh e r	native
পারা	p a r a	native
পারাই	p a r a i	native
পারাও	p a r a O	native
পারাকে	p a r a k e	native
পারাটা	p a r a T a	native
পারাটাই	p a r a T a i	native
পারাটাও	p a r a T a O	native
পারাটাকে	p a r a T a k e	native
পারাতেই	p a r a t e i	native
পারানা	p a r a n a	native
পারানাভিতানা	p a r a n a bh i t a n a	native
পারানো	p a r a n O	native
পারাপার	p a r a p a r	native
পারাপারে	p a r a p a r e	native
পারাবত	p a r a b o t	native
পারাবতের	p a r a b o t e r	native
পারাবার	p a r a b a r	native
পারামারিবো	p a r a m a r i b O	native
পারার	p a r a r	native
পারাশর	p a r a sh o r	native
পারাসহ	p a r a sh o h O	native
পারায়	p a r a y	native
পারায়ন	p a r a y O n	native
পারি	p a r i	native
পারিজা	p a r i j a	native
পারিজাত	p a r i j a t	native
পারিতেন	p a r i t e n	native
পারিতোশিক	p a r i t O sh i k	native
পারিন	p a r i n	native
পারিনা	p a r i n a	native
পারিনি	p a r i n i	native
পারিনিতি	p a r i n i t i	native
পারিন্দে	p a r i nd e	native
পারিন্দ্র	p a r i ndr o	native
পারিপাট্য	p a r i p a T T O	native
পারিপার্শ্বিক	p a r i p a r sh i k	tatsama
পারিপার্শ্বিকতা	p a r i p a r sh i k o t a	tatsama
পারিপার্শ্বিকতার	p a r i p a r sh i k o t a r	tatsama
পারিবারিক	p a r i b a r i k	native
পারিবারিকভাবেই	p a r i b a r i k bh a b e i	compound
পারিবে	p a r i b e	native
পারিবেন	p a r i b e n	native
পারিব্রজ্য	p a r i br O j j O	native
পারিভাশিক	p a r i bh a sh i k	native
পারির	p a r i r	native
পারিল	p a r i l O	native
পারিলাম	p a r i l a m	native
পারিলে	p a r i l e	native
পারিলেন	p a r i l e n	native
পারিশদ	p a r i sh o d	native
পারিশ্রমিক	p a r i sh r O m i k	native
পারিশ্রমিকে	p a r i sh r o m i k e	native
পারিশ্রমিকের	p a r i sh r o m i k e r	native
পারিস	p a r i s	proper_noun
পারিসা	p a r i s a	proper_noun
পারিয়াত	p a r i y a t	native
পারুন	p a r u n	native
পারুল	p a r u l	native
পারুলিয়া	p a r u l i y a	native
পারুলের	p a r u l e r	native
পারুশ্য	p a r u sh sh O	native
পারুয়া	p a r u y a	native
পারে	p a r e	native
পারেই	p a r e i	native
পারেইনি	p a r e i n i	native
পারেখ	p a r e kh	native
পারেজা	p a r e j a	native
পারেদ	p a r e d o	native
পারেন	p a r e n	native
পারেননি	p a r e n n i	native
পারেরহাট	p a r e r h a T	native
পার্ক	p a r k	native
পার্ক-এ	p a r k e	native
পার্কও	p a r k O	native
পার্কওয়ের	p a r k o O y e r	native
পার্কগুলো	p a r k g u l O	native
পার্কগুলোতে	p a r k g u l O t e	native
পার্কগুলোর	p a r k g u l O r	native
পার্কগুলোয়	p a r k g u l O y	native
পার্কটিকে	p a r k T i k e	native
পার্কটিতে	p a r k T i t e	native
পার্কটির	p a r k T i r	native
পার্কফিফটিওয়ান	p a r k ph i ph T i O y a n	compound
পার্কস	p a r k s	proper_noun
পার্কসংলগ্ন	p a r k sh o ng l o g n o	native
পার্কসহ	p a r k sh o h O	native
পার্কার	p a r k a r	native
পার্কিং	p a r k i ng	native
পার্কিংয়ে	p a r k i ng y e	native
পার্কিংয়ের	p a r k i ng y e r	native
পার্কে	p a r k e	native
পার্কেই	p a r k e i	native
পার্কেও	p a r k e O	native
পার্কের	p a r k e r	native
পার্গু	p a r g u	native
পার্চ্ছাভোগ	p a r chh a bh O g	native
পার্টটাইম	p a r T T a i m	native
পার্টনার	p a r T n a r	native
পার্টনারশিপ	p a r T n a r sh i p	native
পার্টনারশিপও	p a r T n a r sh i p O	native
পার্টনারশিপটা	p a r T n a r sh i p T a	compound
পার্টনারশিপে	p a r T n a r sh i p e	native
পার্টনারশিপের	p a r T n a r sh i p e r	compound
পার্টনার্স	p a r T n a r s	native
পার্টস	p a r T s	native
পার্টসের	p a r T s e r	native
পার্টি	p a r T i	native
পার্টিং	p a r T i ng	native
পার্টিই	p a r T i i	native
পার্টিও	p a r T i O	native
পার্টিকেই	p a r T i k e	native
পার্টিকেও	p a r T i k e O	native
পার্টিক্যাল	p a r T i k A l	native
পার্টিজান	p a r T i j a n	native
পার্টিতে	p a r T i t e	native
পার্টিতেও	p a r T i t e O	native
পার্টির	p a r T i r	native
পার্টিরও	p a r T i r O	native
পার্টিসহ	p a r T i sh o h O	native
পার্টিসিপেশন	p a r T i s i p e sh o n	native
পার্টের	p a r T e r	native
পার্থকে	p a r th O k e	native
পার্থক্য	p a r th O k k O	native
পার্থক্যই	p a r th O k k O i	native
পার্থক্যও	p a r th O k k O O	native
পার্থক্যকারিরুপে	p a r th o k k o k a r i	compound
পার্থক্যগুলো	p a r th o k k o g u l O	native
পার্থক্যটা	p a r th O k k O T a	native
পার্থক্যটি	p a r th o k k o T i	native
পার্থক্যে	p a r th O k k e	native
পার্থপ্রতিম	p a r th o pr o t i m	native
পার্থবাবু	p a r th O b a b u	native
পার্থর	p a r th O r	native
পার্থসারথি	p a r th O sh a r O th i	native
পার্থে	p a r th e	native
পার্থের	p a r th e r	native
পার্নেল	p a r n e l	native
পার্নেস	p a r n e s	proper_noun
পার্পল	p a r p O l	native
পার্পেল	p a r p e l	native
পার্বতি	p a r b O t i	native
পার্বতিপুর	p a r b O t i p u r	native
পার্বতিপুরগামি	p a r b o t i p u r g a m i	compound
পার্বতিপুরে	p a r b O t i p u r e	native
পার্বতিপুরের	p a r b O t i p u r e r	native
পার্বতির	p a r b O t i r	native
পার্বত্য	p a r b O t t O	native
পার্বত্যচুক্তি	p a r b o t t o ch u kt i	compound
পার্বত্যচুক্তির	p a r b o t t o ch u kt i r	compound
পার্বত্যবাসি	p a r b o t t o b a sh i	loanword
পার্বত্যবাসির	p a r b o t t o b a sh i r	compound
পার্বত্যাঞ্চলে	p a r b O t t a nch O l e	compound
পার্বত্যাঞ্চলের	p a r b O t t a nch o l e r	compound
পার্বন	p a r b o n	native
পার্বনে	p a r b O n e	native
পার্বনের	p a r b O n e r	native
পার্মানেন্ট	p a r m a n e n T	native
পার্যমানে	p a r j O m a n e	native
পার্ল	p a r l	native
পার্লমুটার	p a r l m u T a r	native
পার্লামেন্ট	p a r l a m e n T	native
পার্লামেন্টই	p a r l a m e n T i	native
পার্লামেন্টকে	p a r l a m e n T k e	compound
পার্লামেন্টারি	p a r l a m e n T a r i	compound
পার্লামেন্টারিয়ান	p a r l a m e n T a r i y a n	compound
পার্লামেন্টে	p a r l a m e n T e	native
পার্লামেন্টেও	p a r l a m e n T e O	compound
পার্লামেন্টের	p a r l a m e n T e r	compound
পার্লার	p a r l a r	native
পার্লারটি	p a r l a r T i	native
পার্লারে	p a r l a r e	native
পার্লারের	p a r l a r e r	native
পার্লের	p a r l e r	native
পার্শ	p a r sh O p O r i b o r t O n	native
পার্শ্ব	p a r sh O	tatsama
পার্শ্বচরিত্র	p a r sh o ch o r i tr o	tatsama
পার্শ্বচরিত্রে	p a r sh O ch O r i tr e	tatsama
পার্শ্বনাথ	p a r sh O n a th	tatsama
পার্শ্বনায়ক	p a r sh o n a y o k	tatsama
পার্শ্বপ্রতিক্রিয়া	p a r sh o pr o t i kr i y a	tatsama
পার্শ্বপ্রতিক্রিয়ার	p a r sh o pr o t i kr i y a r	tatsama
পার্শ্বপ্রতিক্রিয়ায়	p a r sh o pr o t i kr i y a y	tatsama
পার্শ্বব	p a r sh o b O	tatsama
পার্শ্ববর্তি	p a r sh o b o r t i	tatsama
পার্শ্বে	p a r sh e	tatsama
পার্শ্বের	p a r sh e r	tatsama
পার্ষদ	p a r sh o d	tatsama
পার্ষ্নি	p a r sh n i	tatsama
পার্সন	p a r s O n	loanword
পার্সিউস	p a r s i u s	proper_noun
পার্সিকে	p a r s i k e	proper_noun
পার্সির	p a r s i r	proper_noun
পার্সিয়ান	p a r s i y a n	proper_noun
পার্সেন্টেজ	p a r s e n T e j	native
পার্সেলের	p a r s e l e r	native
পার্সোনালিটি	p a r s O n a l i T i	native
পার্সোনেল	p a r s O n e l	native
পালংকে	p a l o ng k e	native
পালংখালি	p a l o ng kh a l i	native
পালংশাক	p a l O ng sh a k	native
পালই	p a l o i	native
পালও	p a l O	native
পালওয়ান	p a l O y a n	native
পালকগুলো	p a l o k g u l O	native
পালকি	p a l k i	native
পালকিও	p a l k i O	native
পালকির	p a l k i r	native
পালকে	p a l k e	native
পালকের	p a l O k e r	native
পালটাতে	p a l T a t e	native
পালতে	p a l t e	native
পালতোলা	p a l t O l a	native
পালন	p a l O n	native
পালনকর্তা	p a l O n k o r t a	native
পালনকারি	p a l O n k a r i	native
পালনকারিদের	p a l O n k a r i d e r	native
পালনকারির	p a l O n k a r i r	native
পালনকারিরা	p a l o n k a r i r a	native
পালনকালে	p a l O n k a l e	native
পালনকে	p a l O n k e	native
পালনরত	p a l O n r o t O	native
পালনসংক্রান্ত	p a l o n sh o ng kr a nt O	compound
পালনসহ	p a l o n sh o h O	native
পালনিয়	p a l o n i y O	native
পালনেও	p a l O n e O	native
পালনের	p a l O n e r	native
পালনেরও	p a l o n e r O	native
পালপ	p a l p	native
পালপাড়া	p a l p a r a	native
পালপাড়ার	p a l p a r a r	native
পালম	p a l o m	native
পালমা	p a l m a	native
পালমার	p a l m a r	native
পালমার্স	p a l m a r s	proper_noun
পালমেইরাস	p a l m e i r a s	proper_noun
পালমেইরাসের	p a l m e i r a s e r	proper_noun
পালমোনারি	p a l m O n a r i	native
পালরদি	p a l r o d i	native
পালশা	p a l sh a	native
পালস	p a l s	native
পালসহ	p a l sh o h O	native
পালসার	p a l s a r	native
পালসারের	p a l s a r e r	native
পালসিজনিত	p a l s i j o n i t o	native
পালাই	p a l a i	native
পালাইছে	p a l a i chh e	native
পালাউ	p a l a u	native
পালাউর	p a l a u r	native
পালাও	p a l a O	native
পালাকার	p a l a k a r	native
পালাক্রমে	p a l a kr O m e	native
পালাগান	p a l a g a n	native
পালাগানের	p a l a g a n e r	native
পালাচ্ছিল	p a l a ch chh i l o	native
পালাচ্ছিলেন	p a l a ch chh i l e n	native
পালাচ্ছে	p a l a ch chh e	native
পালাচ্ছেন	p a l a ch chh e n	native
পালাজোর	p a l a j O r	native
পালাজ্জো	p a l a j j O	native
পালাজ্জোর	p a l a j j O r	native
পালাটানা	p a l a T a n a	native
পালাটানার	p a l a T a n a r	native
পালাটানায়	p a l a T a n a y	native
পালাটির	p a l a T i r	native
পালাত	p a l a t o	native
পালাতেও	p a l a t e O	native
পালাদিনো	p a l a d i n O	native
পালান	p a l a n O	native
পালানোর	p a l a n O r	native
পালাব	p a l a b o	native
পালাবদলে	p a l a b o d O l e	native
পালাবার	p a l a b a r	native
পালাবেন	p a l a b e n	native
পালামোউ	p a l a m O u	native
পালার	p a l a r	native
পালাল	p a l a l O	native
পালালে	p a l a l e	native
পালায়	p a l a y	native
পালিকা	p a l i k a	native
পালিকির	p a l i k i r	native
পালিতও	p a l i t o O	native
পালিত্য	p a l i t t O	native
পালিনি	p a l i n i	native
পালিয়ে	p a l i y e	native
পালিয়েও	p a l i y e O	native
পালিয়েছিলেন	p a l i y e chh i l e n	native
পালিয়েছে	p a l i y e chh e	native
পালিয়েছেন	p a l i y e chh e n	native
পালুই	p a l u i	native
পালে	p a l e	native
পালেরমো	p a l e r m O	native
পালের্মো	p a l e r m O	native
পালের্মোর	p a l e r m O r	native
পালো	p a l O	native
পালোমা	p a l O m a	native
পালোয়ান	p a l O y a n	native
পাল্টাই	p a l T a i	native
পাল্টাও	p a l T a O	native
পাল্টাচ্ছে	p a l T a ch chh e	native
পাল্টাতে	p a l T a t e	native
পাল্টাধাওয়া	p a l T a dh a O y a	native
পাল্টাধাওয়ার	p a l T a dh a O y a r	native
পাল্টাধাওয়ায়	p a l T a dh a O y a y	native
পাল্টান	p a l T a n	native
পাল্টানো	p a l T a n O	native
পাল্টানোর	p a l T a n O r	native
পাল্টাপাল্টি	p a l T a p a l T i	native
পাল্টাবেন	p a l T a b e n	native
পাল্টাল	p a l T a l o	native
পাল্টালাম	p a l T a l a m	native
পাল্টালে	p a l T a l e	native
পাল্টালেন	p a l T a l e n	native
পাল্টায়	p a l T a y	native
পাল্টায়নি	p a l T a y n i	native
পাল্টিয়ে	p a l T i y e	native
পাল্টে	p a l T e	native
পাল্টেছি	p a l T e chh i	native
পাল্টেছে	p a l T e chh e	native
পাল্টো	p a l T O	native
পাল্প	p a l p	native
পাল্য	p a l l O	native
পাল্লা	p a l l a	native
পাল্লাই	p a l l a i	native
পাল্লাও	p a l l a O	native
পাল্লাটা	p a l l a T a	native
পাল্লাম	p a l l a m	native
পাল্লার	p a l l a r	native
পাল্লায়	p a l l a y	native
পাল্লেকেলে	p a l l e k e l e	native
পাল্লেকেলেতে	p a l l e k e l e t e	native
পালয়িতা	p a l O y i t a	native
পাশও	p a sh O	native
পাশক	p a sh o k o	native
পাশজুড়ে	p a sh j u r e	native
পাশন্ড	p a sh o n D o	native
পাশন্ডরা	p a sh O n D O r a	native
পাশন্ডের	p a sh o n D e r	native
পাশর	p a sh O r	native
পাশরা	p a sh o r a	native
পাশা	p a sh a	native
পাশাকে	p a sh a k e	native
পাশান	p a sh a n	native
পাশানভার	p a sh a n bh a r	native
পাশাপশি	p a sh a p a sh i	native
পাশাপাশি	p a sh a p a sh i	native
পাশাপাশিই	p a sh a p a sh i i	native
পাশার	p a sh a r	native
পাশারিপাড়া	p a sh a r i p a r a	native
পাশাল	p a sh a l	native
পাশালি	p a sh a l i	native
পাশি	p a sh i	native
পাশি(–শিন্)	p a sh i	native
পাশুটে	p a sh u T e	native
পাশুনি	p a sh u n i	native
পাশুপত	p a sh u p o t	native
পাশেই	p a sh e i	native
পাশেও	p a sh e O	native
পাশের	p a sh e r	native
পাশ্চাত্যকে	p a sh ch a t t o k e	native
পাশ্চাত্যবিরোধি	p a sh ch a t t o b i r O dh i	compound
পাশ্চাত্যে	p a sh ch a t t e	native
পাশ্ববর্তি	p a r sh o b o r t i	tatsama
পাসও	p a s O	native
পাসওভার	p a s O bh a r	native
পাসওয়ার্ড	p a s O y a r D	native
পাসওয়ার্ডটি	p a s O y a r D T i	native
পাসওয়ার্ডের	p a s O y a r D e r	native
পাসকৃত	p a s k ri t O	tatsama
পাসকেল	p a s k e l	native
পাসকো	p a s k O	proper_noun
পাসকোড	p a s k O D	native
পাসটা	p a s T a	native
পাসপোর্টই	p a s p O r T i	loanword
পাসপোর্টও	p a s p O r T O	loanword
পাসপোর্টগুলো	p a s p O r T g u l O	loanword
পাসপোর্টধারি	p a s p O r T dh a r i	loanword
পাসপোর্টধারিদের	p a s p O r T dh a r i d e r	compound
পাসপোর্টসহ	p a sh p O r T sh o h O	loanword
পাসপোর্টে	p a s p O r T e	loanword
পাসপোর্টের	p a s p O r T e r	loanword
পাসসহ	p a sh sh o h O	native
পাসানো	p a s a n O	native
পাসাবান	p a s a b a n	native
পাসারেলার	p a s a r e l a r	native
পাসি	p a s i	native
পাসিং	p a s i ng	native
পাসির	p a s i r	native
পাসে	p a s e	native
পাসের	p a s e r	native
পাসোক	p a s O k	proper_noun
পাস্কা	p a s k a	loanword
পাস্ট	p a s T	loanword
পাস্তা	p a st a	native
পাস্তার	p a st a r	native
পাস্তুর	p a st u r	native
পাস্তেরনাক	p a st e r n a k	native
পাস্তেরো	p a st e r O	native
পাস্তোরের	p a st O r e r	native
পাহন	p a h O n	native
পাহলবি	p a h l o b i	native
পাহান	p a h a n	native
পাহার	p a h a r	native
পাহারা	p a h a r a	native
পাহারাও	p a h a r a O	native
পাহারাদার	p a h a r a d a r	native
পাহারাদারকে	p a h a r a d a r k e	native
পাহারাদারি	p a h a r a d a r i	native
পাহারাদারের	p a h a r a d a r e r	native
পাহারার	p a h a r a r	native
পাহারারত	p a h a r a r o t o	native
পাহারায়	p a h a r a y	native
পাহাড়	p a h a r	native
পাহাড়ও	p a h a r O	native
পাহাড়কে	p a h a r k e	native
পাহাড়গুলো	p a h a r g u l O	native
পাহাড়ঘেরা	p a h a r gh e r a	native
পাহাড়চুড়ায়	p a h a r ch u r a y	native
পাহাড়চুড়োর	p a h a r ch u r O r	native
পাহাড়জুড়ে	p a h a r j u r e	native
পাহাড়টা	p a h a r T a	native
পাহাড়টি	p a h a r T i	native
পাহাড়টির	p a h a r T i r	native
পাহাড়তলি	p a h a r t o l i	native
পাহাড়তলিতে	p a h a r t o l i t e	native
পাহাড়তলির	p a h a r t o l i r	native
পাহাড়ধস	p a h a r dh o sh	native
পাহাড়ধসে	p a h a r dh o sh e	native
পাহাড়ধসের	p a h a r dh o sh e r	native
পাহাড়পুর	p a h a r p u r	native
পাহাড়পুরে	p a h a r p u r e	native
পাহাড়প্রমান	p a h a r pr o m a n	native
পাহাড়বেশ্টিত	p a h a r b e sh T i t o	native
পাহাড়সম	p a h a r sh o m o	native
পাহাড়সমান	p a h a r sh o m a n	native
পাহাড়ি	p a h a r i	native
পাহাড়িকা	p a h a r i k a	native
পাহাড়িকে	p a h a r i k e	native
পাহাড়িদের	p a h a r i d e r	native
পাহাড়ির	p a h a r i r	native
পাহাড়িরা	p a h a r i r a	native
পাহাড়িয়া	p a h a r i y a	native
পাহাড়ে	p a h a r e	native
পাহাড়েই	p a h a r e i	native
পাহাড়ের	p a h a r e r	native
পাহুন	p a h u n	native
পাহেইরা	p a h e i r a	native
পাহেইরার	p a h e i r a r	native
পাাসিং	p a s i ng	native
পাড়	p a r	native
পাড়ও	p a r O	native
পাড়ওয়াল	p a r O y a l	native
পাড়ওয়ালা	p a r O y a l a	native
পাড়ওয়ালের	p a r O y a l e r	native
পাড়গুলো	p a r g u l O	native
পাড়ঘেশে	p a r gh e sh e	native
পাড়টা	p a r T a	native
পাড়তে	p a r t e	native
পাড়সহ	p a r sh o h O	native
পাড়া	p a r a	native
পাড়াকে	p a r a k e	native
পাড়াগায়ে	p a r a g a y e	native
পাড়াগ্রাম	p a r a gr a m	native
পাড়াটির	p a r a T i r	native
পাড়াতে	p a r a t e	native
পাড়াতো	p a r a t O	native
পাড়ানো	p a r a n O	native
পাড়ানোর	p a r a n O r	native
পাড়াপ্রধান	p a r a pr o dh a n	native
পাড়াপড়শি	p a r a p o r sh i	native
পাড়াপড়শির	p a r a p o r sh i	native
পাড়াপড়শিরা	p a r a p o r sh i r a	native
পাড়ার	p a r a r	native
পাড়ায়	p a r a y	native
পাড়ি	p a r i	native
পাড়িশো	p a r i sh O	native
পাড়িয়ে	p a r i y e	native
পাড়ুকোন	p a r u k O n	native
পাড়ুকোনকে	p a r u k O n k e	native
পাড়ুকোনের	p a r u k O n e r	native
পাড়ুয়া	p a r u y a	native
পাড়ে	p a r e	native
পাড়েই	p a r e i	native
পাড়েও	p a r e O	native
পাড়েন	p a r e n	native
পাড়ের	p a r e r	native
পাড়েরহাট	p a r e r h a T	native
পায়	p a y o	native
পায়ই	p a y O i	native
পায়খানা	p a y kh a n a	native
পায়খানার	p a y kh a n a r	native
পায়খানায়	p a y kh a n a y	native
পায়গা	p a y g a	native
পায়চারি	p a y ch a r i	native
পায়জামা	p a y j a m a	native
পায়জামার	p a y j a m a r	native
পায়জোর	p a y o j O r	native
পায়তারা	p a y t a r a	native
পায়নি	p a y n i	native
পায়মান	p a y m a n	native
পায়রা	p a y r a	native
পায়রাবন্দ	p a y r a b o nd O	native
পায়রার	p a y r a r	native
পায়া	p a y a	native
পায়াট	p a y a T	native
পায়াম	p a y a m	native
পায়ার	p a y a r	native
পায়ু	p a y u	native
পায়ে	p a y e	native
পায়েই	p a y e i	native
পায়েও	p a y e O	native
পায়ের	p a y e r	native
পায়েল	p a y e l	native
পায়েলের	p a y e l e r	native
পায়েস	p a y e sh	native
পি	p i	native
পিংক	p i ng k	native
পিংকি	p i ng k i	native
পিংকিকে	p i ng k i k e	native
পিংকিদের	p i ng k i d e r	native
পিংকির	p i ng k i r	native
পিংকু	p i ng k u	native
পিংগ	p i ng g o	native
পিংগল	p i ng g o l	native
পিংগলাকাঠি	p i ng g o l a k a Th i	native
পিংগলাভ	p i ng g O l a bh O	native
পিংগাশ	p i ng g a sh	native
পিংনা	p i ng n a	native
পিংপং	p i ng p o ng	native
পিংয়ের	p i ng y e r	native
পিআইইআর	p i a i i a r	native
পিআইএ	p i a i e	native
পিআইএর	p i a i e r	native
পিআইও	p i a i O	native
পিআইওকে	p i a i O k e	native
পিআইওর	p i a i O r	native
পিআইডি	p i a i D i	native
পিআইডিই	p i a i D i i	native
পিআইপি	p i a i p i	native
পিআইপির	p i a i p i r	native
পিআইবি	p i a i b i	native
পিআইবির	p i a i b i r	native
পিআইসি	p i a i s i	loanword
পিআইয়ের	p i a i y e r	native
পিআর	p i a r	native
পিআরআই	p i a r a i	native
পিআরআইয়ের	p i a r a i y e r	native
পিআরএস	p i a r e s	native
পিআরএসপি	p i a r e s p i	native
পিআরএসপিতে	p i a r e s p i t e	native
পিআরএসপির	p i a r e s p i r	native
পিআরও	p i a r O	native
পিআরপি	p i a r p i	native
পিআরের	p i a r e r	native
পিআল	p i y a l	native
পিই	p i i	native
পিইএমইএক্স	p i i e m i e k s	loanword
পিইটি	p i i T i	native
পিইটিএন	p i i T i e n	native
পিইডিপি	p i i D i p i	native
পিইসি	p i i s i	native
পিইসির	p i i s i r	native
পিউ	p i u	native
পিউর	p i u r	native
পিউরভিউ	p i u r bh i u	native
পিউরি	p i u r i	native
পিউরিটান	p i u r i T a n	native
পিউরিন	p i u r i n	native
পিউস	p i u s	proper_noun
পিউড়ি	p i u r i	native
পিএ	p i e	native
পিএইচ	p i e i ch	native
পিএইচটি	p i e i ch T i	native
পিএইচটিসি	p i e i ch T i s i	native
পিএইচডি	p i e i ch D i	native
পিএইচডিতে	p i e i ch D i t e	native
পিএইচডিধারি	p i e i ch D i dh a r i	native
পিএইচডির	p i e i ch D i r	native
পিএইচডিরত	p i e i ch D i r o t o	native
পিএইচপি	p i e i ch p i	native
পিএইচপির	p i e i ch p i r	native
পিএটিসির	p i e T i s i r	native
পিএডি	p i e D i	native
পিএডির	p i e D i r	native
পিএনএস	p i e n e s	native
পিএনজি	p i e n j i	native
পিএপি	p i e p i	native
পিএফআই	p i e ph a i	native
পিএবি	p i e b i	native
পিএবিএক্স	p i e b i e k s	loanword
পিএমআই	p i e m a i	native
পিএমএল	p i e m e l	native
পিএল	p i e l	native
পিএলএ	p i e l e	native
পিএলএফএসএল	p i e l e ph e s e l	native
পিএলএর	p i e l e r	native
পিএলএস	p i e l e s	native
পিএলওএস	p i e l O e s	native
পিএলওর	p i e l O r	native
পিএলসি	p i e l s i	native
পিএস	p i e s	native
পিএসআই	p i e s a i	native
পিএসআইয়ের	p i e s a i y e r	native
পিএসইউ	p i e s i u	native
পিএসএ	p i e s e	native
পিএসএফ	p i e s e ph	native
পিএসও	p i e s O	native
পিএসকে	p i e s k e	native
পিএসজি	p i e s j i	native
পিএসজির	p i e s j i r	native
পিএসটিসি	p i e s T i s i	native
পিএসপির	p i e s p i r	native
পিএসভি	p i e s bh i	native
পিএসরা	p i e s r a	native
পিএসসি	p i e s s i	native
পিএসসিকে	p i e s s i k e	native
পিএসসিতে	p i e s s i t e	native
পিএসসির	p i e s s i r	native
পিএসি	p i e s i	native
পিএসের	p i e s e r	native
পিও	p i O	native
পিওএস	p i O e s	native
পিওতর	p i O t o r o	native
পিওন	p i O n	native
পিওনো	p i O n O	native
পিকআপ	p i k a p	native
পিকআপটি	p i k a p T i	native
পিকআপভ্যান	p i k a p bh A n	native
পিকআপভ্যানের	p i k a p bh A n e r	native
পিকআপসহ	p i k a p sh o h O	native
পিকআপে	p i k a p e	native
পিকআপের	p i k a p e r	native
পিকচার	p i k ch a r	native
পিকট	p i k o T	native
পিকনিক	p i k n i k	native
পিকনিকে	p i k n i k e	native
পিকনিকের	p i k n i k e r	native
পিকারিং	p i k a r i ng	native
পিকার্ড	p i k a r D	loanword
পিকাসা	p i k a s a	proper_noun
পিকাসো	p i k a s O	proper_noun
পিকাসোর	p i k a s O r	proper_noun
পিকিং	p i k i ng	native
পিকিংপন্থি	p i k i ng p o n th i	native
পিকিউ	p i k i u	native
পিকু	p i k u	native
পিকুল	p i k u l	native
পিকে	p i k e	native
পিকেআই	p i k e a i	native
পিকেএসএফ	p i k e e s e ph	native
পিকেএসএফের	p i k e e s e ph e r	native
পিকেকের	p i k e k e r	native
পিকেট	p i k e T	native
পিকেটার	p i k e T a r	native
পিকেটারকে	p i k e T a r k e	native
পিকেটারদের	p i k e T a r d e r	native
পিকেটারের	p i k e T a r e r	native
পিকেটিংয়ে	p i k e T i ng y e	native
পিকেটিংয়ের	p i k e T i ng y e r	native
পিকেদের	p i k e d e r	native
পিকের	p i k e r	native
পিক্সমা	p i k s o m a	loanword
পিক্সারের	p i k s a r e r	loanword
পিক্সি	p i k s i	loanword
পিক্সেল	p i k s e l	loanword
পিক্সেলের	p i k s e l e r	loanword
পিগমি	p i g m i	native
পিগমেন্ট	p i g m e n T	native
পিগমেন্টেশন	p i g m e n T e sh O n	native
পিগি	p i g i	native
পিচঢালাই	p i ch Dh a l a i	native
পিচন্ড–চিন্ড	p i ch o n D O ch i n D O	native
পিচপা	p i ch p a	native
পিচাশ	p i ch a sh	native
পিচিচি	p i ch i ch i	native
পিচিট	p i ch i T	native
পিচু	p i ch u	native
পিচুটি	p i ch u T i	native
পিচুল	p i ch u l	native
পিচে	p i ch e	native
পিচের	p i ch e r	native
পিচ্চি	p i ch ch i	native
পিচ্ছ	p i ch chh O	native
পিচ্ছল	p i ch chh o l	native
পিচ্ছা	p i ch chh a	native
পিচ্ছিকা	p i ch chh i k a	native
পিচ্ছিলা	p i ch chh i l a	native
পিছ	p i chh	native
পিছন	p i chh O n	native
পিছনেই	p i chh O n e i	native
পিছনেও	p i chh O n e O	native
পিছনের	p i chh O n e r	native
পিছপা	p i chh p a	native
পিছল	p i chh o l	native
পিছলে	p i chh l e	native
পিছিলা	p i chh i l a	native
পিছিয়ে	p i chh i y e	native
পিছিয়েই	p i chh i y e i	native
পিছিয়েও	p i chh i y e O	native
পিছিয়েছে	p i chh i y e chh e	native
পিছিয়েছেন	p i chh i y e chh e n	native
পিছু	p i chh u	native
পিছুটান	p i chh u T a n	native
পিছে	p i chh e	native
পিজরাপোল	p i j r a p O l	native
পিজারো	p i j a r O	native
পিজি	p i j i	native
পিজিআরের	p i j i a r e r	native
পিজিএ	p i j i e	native
পিজিএস	p i j i e s	native
পিজিটি	p i j i T i	native
পিজিসিবি	p i j i s i b i	native
পিজুশ	p i j u sh	native
পিজে	p i j e	native
পিঞ্জন	p i nj o n	tatsama
পিঞ্জর	p i nj o r	tatsama
পিঞ্জল	p i nj o l	tatsama
পিটক	p i T o k	native
পিটকে	p i T k e	native
পিটকয়লা	p i T k o y l a	native
পিটপিট	p i T p i T	native
পিটবুল	p i T b u l	native
পিটস	p i T s	proper_noun
পিটা	p i T a	native
পিটাইয়া	p i T a i y a	native
পিটার	p i T a r	native
পিটারকে	p i T a r k e	native
পিটারসন	p i T a r s o n	proper_noun
পিটারসনকে	p i T a r s o n k e	proper_noun
পিটারসনের	p i T a r s o n e r	proper_noun
পিটারসেন	p i T a r s e n	proper_noun
পিটারসেনও	p i T a r s e n O	proper_noun
পিটারসেনকে	p i T a r s e n k e	proper_noun
পিটারসেনকেও	p i T a r s e n k e O	proper_noun
পিটারসেনদের	p i T a r s e n d e r	proper_noun
পিটারসেনের	p i T a r s e n e r	proper_noun
পিটারের	p i T a r e r	native
পিটার্স	p i T a r s	proper_noun
পিটার্সবার্গে	p i T a r s b a r g e	proper_noun
পিটিঅ্যান্ডটি	p i T i o j a n D T i	compound
পিটিআই	p i T i a i	native
পিটিআইকে	p i T i a i k e	native
পিটিআইর	p i T i a i r	native
পিটিআইয়ে	p i T i a i y e	native
পিটিআইয়ের	p i T i a i y e r	native
পিটিএ	p i T i e	native
পিটির	p i T i r	native
পিটিশনও	p i T i sh o n O	native
পিটিশনটি	p i T i sh o n T i	native
পিটিশনে	p i T i sh o n e	native
পিটিশনের	p i T i sh o n e r	native
পিটিশন্	p i T i sh o n	native
পিটিয়ে	p i T i y e	native
পিটিয়েই	p i T i y e i	native
পিটিয়েছি	p i T i y e chh i	native
পিটিয়েছিল	p i T i y e chh i l o	native
পিটিয়েছিলেন	p i T i y e chh i l e n	native
পিটিয়েছে	p i T i y e chh e	native
পিটিয়েছেন	p i T i y e chh e n	native
পিটুনি	p i T u n i	native
পিটুনিতে	p i T u n i t e	native
পিটুনির	p i T u n i r	native
পিটুলি	p i T u l i	native
পিটের	p i T e r	native
পিঠ	p i Th	native
পিঠই	p i Th i	native
পিঠটাও	p i Th T a O	native
পিঠমোড়া	p i Th m O r a	native
পিঠর	p i Th o r	native
পিঠস্থান	p i Th sth a n	native
পিঠস্থানে	p i Th o sth a n e	native
পিঠাগুলো	p i Th a g u l O	native
পিঠাঘর	p i Th a gh o r	native
পিঠাপিঠি	p i Th a p i Th i	native
পিঠাপুলি	p i Th a p u l i	native
পিঠার	p i Th a r	native
পিঠারি	p i Th a r i	native
পিঠিকা	p i Th i k a	native
পিঠে	p i Th e	native
পিঠেই	p i Th e i	native
পিঠেও	p i Th e O	native
পিঠের	p i Th e r	native
পিড	p i D	native
পিডি	p i D i	native
পিডিএ	p i D i e	native
পিডিএফ	p i D i e ph	native
পিডিপি	p i D i p i	native
পিডিপির	p i D i p i r	native
পিডিবি	p i D i b i	native
পিডিবিকে	p i D i b i k e	native
পিডিবির	p i D i b i r	native
পিডিভিএসএ	p i D i bh i e s e	native
পিড্য	p i D D O m a n	native
পিত	p i t	native
পিতঃ	p i t o h	tatsama
পিতল	p i t o l	native
পিতলের	p i t o l e r	native
পিতসাগরে	p i t sh a g o r e	native
পিতসাগরের	p i t sh a g o r e r	native
পিতাও	p i t a O	native
পিতাদের	p i t a d e r	native
পিতামহের	p i t a m o h e r	native
পিতামাতা	p i t a m a t a	native
পিতার	p i t a r	native
পিতিঠা	p i t i Th a	native
পিতৃতান্ত্রিক	p i tr i t a nt r i k	tatsama
পিতৃতুল্য	p i t r i t u l l o	tatsama
পিতৃত্ব	p i t ri tt O	tatsama
পিতৃত্বকালিন	p i t r i t t o k a l i n	tatsama
পিতৃত্বের	p i t r i t t e r	tatsama
পিতৃপরিচয়	p i t r i p o r i ch o y	tatsama
পিতৃপরিচয়হিন	p i t r i p o r i ch o y h i n	tatsama
পিতৃপুরুশের	p i t r i p u r u sh e r	tatsama
পিতৃপ্রদত্ত	p i t r i pr o d o tt o	tatsama
পিতৃবন্ধু	p i t r i b o ndh u	tatsama
পিতৃভুমি	p i t r i bh u m i	tatsama
পিতৃহত্যার	p i t r i h O t t a r	tatsama
পিতৃহারা	p i t r i h a r a	tatsama
পিতৃহিন	p i t r i h i n	tatsama
পিত্জা	p i t j a	native
পিত্তরস	p i tt O r o sh	native
পিত্তাবধি	p i tt a b O dh i	native
পিত্তারি	p i tt a r i	native
পিত্তাশয়	p i tt a sh o y	native
পিত্তে	p i tt e	native
পিত্তের	p i tt e r	native
পিত্রালয়	p i tr a l o y	native
পিত্রোদা	p i tr O d a	native
পিত্র্য	p i t r O	native
পিথাগোরাস	p i th a g O r a s	proper_noun
পিথাগোরাসের	p i th a g O r a s e r	proper_noun
পিথিবি	p i th i b i	native
পিদিম	p i d i m	native
পিধন	p i dh o n	native
পিধা	p i dh a	native
পিধান	p i dh a n o	native
পিন	p i n	native
পিনদ্ধ	p i n o d dh O	tatsama
পিনন	p i n o n	native
পিনলকোড	p i n o l k u D	native
পিনস	p i n o s	native
পিনহ	p i n o h	native
পিনাক	p i n a k	native
পিনাকি	p i n a k i	native
পিনাকিনি	p i n a k i n i	native
পিনাকের	p i n a k e r	native
পিনাট	p i n a T	native
পিনার	p i n a r	native
পিনাস	p i n a sh	native
পিনু	p i n u	native
পিনের	p i n e r	native
পিনেরা	p i n e r a	native
পিনেরার	p i n e r a r	native
পিনোচেটের	p i n O ch e T e r	native
পিনোন্নত	p i n O nn o t O	native
পিনোশের	p i n O sh e r	native
পিন্টুর	p i n T u r	native
পিন্টুসহ	p i n T u sh o h O	native
পিন্টো	p i n T O	native
পিন্টোর	p i n T O r	native
পিন্ড	p i n D O	native
পিন্ডদান	p i n D o d a n	native
পিন্ডি	p i n D i	native
পিন্ডিত	p i n D i t o	native
পিন্ধন	p i ndh o n	tatsama
পিন্ধা	p i ndh a	tatsama
পিপলস	p i p O l s	native
পিপলসটেল	p i p o l s T e l	proper_noun
পিপলসটেলে	p i p o l s T e l e	proper_noun
পিপলসটেলের	p i p o l s T e l e r	proper_noun
পিপলসের	p i p o l s e r	native
পিপলি	p i p l i	native
পিপলে	p i p o l e	native
পিপলের	p i p o l e r	native
পিপল্স	p i p o l s	native
পিপা	p i p a	native
পিপার	p i p a r	native
পিপাসা	p i p a sh a	native
পিপাসার্ত	p i p a sh a r t O	native
পিপাসায়	p i p a sh a y	native
পিপাসু	p i p a sh u	native
পিপিআই	p i p i a i	native
পিপিআরসি	p i p i a r s i	native
পিপিআরসির	p i p i a r s i r	native
পিপিআরের	p i p i a r e r	native
পিপিএ	p i p i e	native
পিপিএল	p i p i e l	native
পিপিএলের	p i p i e l e r	native
পিপিকে	p i p i k e	native
পিপিটি	p i p i T i	native
পিপিদের	p i p i d e r	native
পিপিপিকে	p i p i p i k e	native
পিপিপিতে	p i p i p i t e	native
পিপিপির	p i p i p i r	native
পিপির	p i p i r	native
পিপিলিকা	p i p i l i k a	native
পিপুফিশু	p i p u ph i sh u	native
পিপুল	p i p u l	native
পিপুলবাড়ি	p i p u l b a r i	native
পিপে	p i p e	native
পিপ্পল	p i p p o l	native
পিপ্পা	p i p p a	native
পিপড়া	p i p r a	native
পিপড়াকে	p i p r a k e	native
পিপড়ার	p i p r a r	native
পিপড়ায়	p i p r a y	native
পিপড়ে	p i p r e	native
পিফাইজার	p i ph a i j a r	native
পিবইতে	p i b o i t e	native
পিবর	p i b o r	native
পিবি	p i b i	native
পিবিআই	p i b i a i	native
পিবিএস	p i b i e s	native
পিবিএসের	p i b i e s e r	native
পিব্যাসি	p i b b a sh i	native
পিভিএ	p i bh i e	native
পিভিভি	p i bh i bh i	native
পিভিসি	p i bh i s i	native
পিম	p i m	native
পিমা	p i m a	native
পিমেন্তেল	p i m e nt e l	native
পির	p i r	native
পিরকে	p i r k e	native
পিরগঞ্জ	p i r g o nj	tatsama
পিরগঞ্জে	p i r g o nj e	tatsama
পিরগঞ্জের	p i r g o nj e r	tatsama
পিরগাছা	p i r g a chh a	native
পিরগাছায়	p i r g a chh a y	native
পিরজাদা	p i r j a d a	native
পিরতলা	p i r t o l a	native
পিরদের	p i r d e r	native
পিরপুর	p i r p u r	native
পিরলো	p i r l O	native
পিরলোর	p i r l O r	native
পিরসহ	p i r sh o h O	native
পিরহান	p i r h a n	native
পিরাওয়ালি	p i r a O y a l i	native
পিরান	p i r a n	native
পিরানহা	p i r a n h a	native
পিরানি	p i r a n i	native
পিরানির	p i r a n i r	native
পিরানের	p i r a n e r	native
পিরামিড	p i r a m i D	native
পিরামিডের	p i r a m i D e r	native
পিরালি	p i r a l i	native
পিরিচে	p i r i ch e	native
পিরিচের	p i r i ch e r	native
পিরিজপুর	p i r i j p u r	native
পিরিত	p i r i t	native
পিরিতি	p i r i t i	native
পিরিতির	p i r i t i r	native
পিরিতের	p i r i t e r	native
পিরিস্ত্রোইকা	p i r i s t r O i k a	compound
পিরিস্ত্রোইকার	p i r i s t r O i k a r	compound
পিরিয়ড	p i r i y o D	native
পিরিয়ডটা	p i r i y o D T a	native
পিরিয়ডসহ	p i r i y o D sh o h O	native
পিরিয়ডে	p i r i y o D e	native
পিরিয়ডের	p i r i y o D e r	native
পিরের	p i r e r	native
পিরেরবাগ	p i r e r b a g	native
পিরেরবাগে	p i r e r b a g e	native
পিরেরবাগের	p i r e r b a g e r	native
পিরেরা	p i r e r a	native
পিরেস	p i r e s	proper_noun
পিরোজপুর	p i r O j p u r	native
পিরোজপুরের	p i r O j p u r e r	native
পিল	p i l	native
পিলখানা	p i l kh a n a	native
পিলখানার	p i l kh a n a r	native
পিলখানায়	p i l kh a n a y	native
পিলজার	p i l j a r	native
পিলপিল	p i l p i l	native
পিলপে	p i l p e	native
পিলসুজ	p i l sh u j	native
পিলাক	p i l a k	native
পিলাকের	p i l a k e r	native
পিলার	p i l a r	native
পিলারগুলো	p i l a r g u l O	native
পিলারটি	p i l a r T i	native
পিলারের	p i l a r e r	native
পিলিং	p i l i ng	native
পিলু	p i l u	native
পিলুপর্নি	p i l u p O r n i	native
পিলে	p i l e	native
পিলেট	p i l e T	native
পিলের	p i l e r	native
পিলেহা	p i l e h a	native
পিল্লাই	p i l l a i	native
পিশংগ	p i sh o ng g O	native
পিশতে	p i sh t e	native
পিশাই	p i sh a i	native
পিশাচ	p i sh a ch	native
পিশিত	p i sh i t	native
পিশুন	p i sh u n	native
পিশে	p i sh e	native
পিশ্ট	p i sh T O	native
পিশ্টক	p i sh T o k	native
পিস	p i s	native
পিসপ্রতি	p i s pr o t i	native
পিসবোর্ড	p i s o b O r D o	native
পিসানি	p i s a n i	proper_noun
পিসার	p i s a r	native
পিসি	p i s i	native
পিসিআই	p i s i a i	native
পিসিএল	p i s i e l	native
পিসিএলে	p i s i e l e	native
পিসিএলের	p i s i e l e r	native
পিসিও	p i s i O	native
পিসিকালচার	p i s i k a l ch a r	native
পিসিকে	p i s i k e	native
পিসিটি	p i s i T i	native
পিসিতে	p i s i t e	native
পিসিপুল	p i s i p u l	native
পিসিবি	p i s i b i	native
পিসিবিকে	p i s i b i k e	native
পিসিবির	p i s i b i r	native
পিসিম্যাগ	p i s i m A g	native
পিসির	p i s i r	native
পিসিসি	p i s i s i	native
পিসিসির	p i s i s i r	native
পিসের	p i s e r	native
পিস্টন	p i s T o n	loanword
পিস্টোরিয়াস	p i s T O r i y a s	proper_noun
পিস্তল	p i st o l	native
পিস্তলটা	p i st o l T a	native
পিস্তলটি	p i st o l T i	native
পিস্তলসহ	p i st o l sh o h O	native
পিস্তলে	p i st o l e	native
পিস্তলের	p i st o l e r	native
পিহিত	p i h i t O	native
পিৎজার	p i t j a r	native
পিড়ক	p i r o k	native
পিড়ন	p i r o n	native
পিড়নই	p i r o n i	native
পিড়নে	p i r o n e	native
পিড়নের	p i r o n e r	native
পিড়া	p i r a	native
পিড়াদায়ক	p i r a d a y o k	native
পিড়াপিড়ি	p i r a p i r i	native
পিড়াপিড়িতে	p i r a p i r i t e	native
পিড়ার	p i r a r	native
পিড়ালি	p i r a l i	native
পিড়াসহ	p i r a sh o h O	native
পিড়ায়	p i r a y	native
পিড়ি	p i r i	native
পিড়িত	p i r i t O	native
পিড়িতে	p i r i t e	native
পিড়িয়া	p i r i y a	native
পিড়ে	p i r e	native
পিয়ং	p i O ng	native
পিয়ংইয়ং	p i y o ng i y o ng	native
পিয়ংইয়ংকে	p i y o ng i y o ng k e	native
পিয়ংইয়ংয়ে	p i y o ng i y o ng y e	native
পিয়ংইয়ংয়ের	p i y o ng i y o ng y e r	native
পিয়ন	p i y o n	native
পিয়নকে	p i y o n k e	native
পিয়নসহ	p i y o n sh o h O	native
পিয়নের	p i y o n e r	native
পিয়ল	p i y o l	native
পিয়লি	p i y O l i	native
পিয়া	p i y a	native
পিয়াইন	p i y a i n	native
পিয়াজ	p i y a j	native
পিয়াজু	p i y a j u	native
পিয়ানো	p i y a n O	native
পিয়ানোটা	p i a n O T a	loanword
পিয়ানোর	p i y a n O r	native
পিয়ার	p i y a r	native
পিয়ারপুর	p i y a r p u r	native
পিয়ারসন	p i y a r s o n	proper_noun
পিয়ারহেড	p i y a r h e D	native
পিয়ারা	p i y a r a	native
পিয়ারুল	p i y a r u l o	native
পিয়ার্স	p i y a r s	proper_noun
পিয়াল	p i y a l	native
পিয়াস	p i y a sh	native
পিয়াসি	p i y a sh i	native
পিয়েনার	p i y e n a r	native
পিয়েবালগস	p i y e b a l g sh	native
পিয়ের	p i y e r	native
পিয়েরে	p i y e r e	native
পিয়েরের	p i y e r e r	native
পিয়েরো	p i y e r O	native
পু	p u	native
পুং	p u ng	native
পুংখ	p u ng kh O	native
পুংখানুপুংখ	p u ng kh a n u p u ng kh o	native
পুংখানুপুংখভাবে	p u ng kh a n u p u ng kh o bh a b e	compound
পুংখানুপুংখরুপে	p u ng kh a n u p u ng kh o r u p e	compound
পুংগ	p u ng g o	native
পুংগব	p u ng g o b O	native
পুংগি	p u ng g i	native
পুই	p u i	native
পুইশাক	p u i sh a k	native
পুইশাকের	p u i sh a k e r	native
পুইড়া	p u i r a	native
পুওর	p u O r	native
পুওরস	p u O r o s	loanword
পুওরের	p u O r e r	native
পুকুরই	p u k u r i	native
পুকুরও	p u k u r O	native
পুকুরকে	p u k u r k e	native
পুকুরগুলো	p u k u r g u l O	native
পুকুরগুলোকে	p u k u r g u l O k e	native
পুকুরগুলোর	p u k u r g u l O r	native
পুকুরঘাট	p u k u r gh a T	native
পুকুরঘাটে	p u k u r gh a T e	native
পুকুরচুরি	p u k u r ch u r i	native
পুকুরটা	p u k u r T a	native
পুকুরটি	p u k u r T i	native
পুকুরটিতে	p u k u r T i t e	native
পুকুরটির	p u k u r T i r	native
পুকুরপাড়	p u k u r p a r	native
পুকুরপাড়ে	p u k u r p a r e	native
পুকুরপাড়ের	p u k u r p a r e r	native
পুকুরভরা	p u k u r bh o r a	native
পুকুরসদৃশ	p u k u r sh o d r i sh	tatsama
পুকুরির	p u k u r i r	native
পুকুরিয়া	p u k u r i y a	native
পুকুরে	p u k u r e	native
পুকুরেই	p u k u r e i	native
পুকুরেও	p u k u r e O	native
পুকুরের	p u k u r e r	native
পুক্	p u k	native
পুখরি	p u kh O r i	native
পুখুরিয়া	p u kh u r i y a	native
পুচকে	p u ch k e	native
পুচ্ছ	p u ch chh O	native
পুচ্ছিঅ	p u ch chh i y o	native
পুছনো	p u chh o n O	native
পুছসি	p u chh o sh i	native
পুজ	p u j	native
পুজক	p u j o k	native
পুজন	p u j o n	native
পুজনিয়	p u j o n i y o	native
পুজা	p u j a	native
পুজাকে	p u j a k e	native
পুজামন্ডপ	p u j a m o n D o p	native
পুজামন্ডপগুলোতে	p u j a m o n D o p g u l O t e	compound
পুজামন্ডপে	p u j a m o n D O p e	native
পুজামন্ডপের	p u j a m o n D O p e r	native
পুজার	p u j a r	native
পুজারা	p u j a r a	native
পুজারি	p u j a r i	native
পুজারিদের	p u j a r i d e r	native
পুজারিরা	p u j a r i r a	native
পুজায়	p u j a y	native
পুজি	p u j i	native
পুজিই	p u j i i	native
পুজিও	p u j i O	native
পুজিকে	p u j i k e	native
পুজিটা	p u j i T a	native
পুজিত	p u j i t O	native
পুজিতান্ত্রিক	p u j i t a n t r i k	compound
পুজিতে	p u j i t e	native
পুজিপতি	p u j i p o t i	native
পুজিপতিদের	p u j i p o t i d e r	native
পুজিপতিরা	p u j i p o t i r a	native
পুজিবাজার	p u j i b a j a r	native
পুজিবাজারকে	p u j i b a j a r k e	native
পুজিবাজারগুলোতে	p u j i b a j a r g u l O t e	compound
পুজিবাজারবান্ধব	p u j i b a j a r b a ndh o b	compound
পুজিবাজারসংক্রান্ত	p u j i b a j a r sh o ng kr a nt O	compound
পুজিবাজারসংশ্লিশ্ট	p u j i b a j a r sh o ng sh l i sh T o	compound
পুজিবাজারসহ	p u j i b a j a r sh o h O	native
পুজিবাজারে	p u j i b a j a r e	native
পুজিবাজারেও	p u j i b a j a r e O	native
পুজিবাজারের	p u j i b a j a r e r	native
পুজিবাদ	p u j i b a d	native
পুজিবাদকে	p u j i b a d k e	native
পুজিবাদবিরোধি	p u j i b a d b i r O dh i	compound
পুজিবাদি	p u j i b a d i	native
পুজিবাদের	p u j i b a d e r	native
পুজির	p u j i r	native
পুজের	p u j e r	native
পুজো	p u j O	native
পুজোর	p u j O r	native
পুজ্য	p u j j O	native
পুজ্যমান	p u j j O m a n	native
পুঝাল	p u jh a l	native
পুঞ্জ	p u nj O	tatsama
পুঞ্জি	p u nj i	tatsama
পুঞ্জিত	p u nj i t o	tatsama
পুঞ্জিতে	p u nj i t e	tatsama
পুঞ্জিভুত	p u nj i bh u t O	tatsama
পুঞ্জির	p u nj i r	tatsama
পুট	p u T	native
পুটকি	p u T k i	native
পুটকিত	p u T O k i t O	native
পুটকিনি	p u T O k i n i	native
পুটখালি	p u T kh a l i	native
পুটলি	p u T l i	native
পুটি	p u T i	native
পুটিং	p u T i ng	native
পুটিকা	p u T i k a	native
পুটিত	p u T i t O	native
পুটিবিলা	p u T i b i l a	native
পুটিমারি	p u T i m a r i	native
পুটির	p u T i r	native
পুটিয়া	p u T i y a	native
পুটুলি	p u T u l i	native
পুটে	p u T e	native
পুঠি	p u Th i	native
পুঠিয়া	p u Th i y a	native
পুঠিয়ার	p u Th i y a r	native
পুঠিয়ায়	p u Th i y a y	native
পুডিং	p u D i ng	native
পুডুচেরি	p u D u ch e r i	native
পুত	p u t O	native
পুতনা	p u t n a	native
পুতপবিত্র	p u t o p o b i tr O	native
পুতা	p u t a	native
পুতাটা	p u t a T a	native
পুতাত্মা	p u t a t t a	native
পুতি	p u t i	native
পুতিকা	p u t i k a	native
পুতিগন্ধময়	p u t i g o ndh o m o y	tatsama
পুতিন	p u t i n	native
পুতিনই	p u t i n i	native
পুতিনকে	p u t i n k e	native
পুতিনবিরোধি	p u t i n b i r O dh i	native
পুতিনবিরোধিরা	p u t i n b i r O dh i r a	compound
পুতিনের	p u t i n e r	native
পুতির	p u t i r	native
পুতুপুতু	p u t u p u t u	native
পুতুলখেলা	p u t u l kh e l a	native
পুতুলগুলো	p u t u l g u l O	native
পুতুলটি	p u t u l T i	native
পুতুলনাচ	p u t u l n a ch	native
পুতুলি	p u t u l i	native
পুতুলের	p u t u l e r	native
পুতে	p u t e	native
পুতেই	p u t e i	native
পুত্র	p u tr O	native
পুত্রও	p u tr O O	native
পুত্রকে	p u tr O k e	native
পুত্রবধু	p u tr O b O dh u	native
পুত্রবধুকে	p u tr O b O dh u k e	native
পুত্রবধুর	p u tr O b O dh u r	native
পুত্রশোক	p u tr O sh O k	native
পুত্রশোকে	p u tr O sh O k e	native
পুত্রসন্তান	p u tr O sh o nt a n	native
পুত্রসহ	p u tr O sh o h O	native
পুত্রা	p u tr a	native
পুথি	p u th i	native
পুথিগত	p u th i g o t O	native
পুথিপাঠ	p u th i p a Th	native
পুথির	p u th i r	native
পুদিনা	p u d i n a	native
পুদিনাপাতার	p u d i n a p a t a r	native
পুদিনার	p u d i n a r	native
পুদুচেরি	p u d u ch e r i	native
পুদুচেরিতে	p u d u ch e r i t e	native
পুন	p u n O	native
পুনঃ	p u n o	tatsama
পুনঃঅনাপত্তিপত্রটি	p u n o o n a p o tt i p o tr O T i	tatsama
পুনঃক্রয়	p u n o kr o y	tatsama
পুনঃক্রয়ব্যবস্থা	p u n o kr o y b A b o sth a	tatsama
পুনঃক্রয়ব্যবস্থার	p u n o kr o y b A b o sth a r	tatsama
পুনঃক্রয়ের	p u n o kr o y e r	tatsama
পুনঃখনন	p u n O kh o n O n	tatsama
পুনঃখননে	p u n o kh o n o n e	tatsama
পুনঃখননের	p u n o kh o n o n e r	tatsama
পুনঃতদন্ত	p u n o t o d o nt o	tatsama
পুনঃতফসিল	p u n O t o ph sh i l	tatsama
পুনঃদরপত্র	p u n o d o r p o tr O	tatsama
পুনঃনবায়নজোগ্য	p u n o n o b a y o n j O g g o	tatsama
পুনঃনিরিক্ষনে	p u n O n i r i kkh o n e	tatsama
পুনঃনিরিক্ষনের	p u n O n i r i kkh o n e r	tatsama
পুনঃনির্ধারিত	p u n O n i r dh a r i t O	tatsama
পুনঃপরিক্ষা	p u n o p o r i kkh a	tatsama
পুনঃপরিক্ষার	p u n O p O r i kkh a r	tatsama
পুনঃপুন	p u n o p u n o	tatsama
পুনঃপ্রক্রিয়াজাতকরনের	p u n o pr o kr i y a j a t k o r o n e r	tatsama
পুনঃপ্রচলন	p u n o pr o ch o l o n	tatsama
পুনঃপ্রচার	p u n o pr o ch a r	tatsama
পুনঃপ্রতিশ্ঠা	p u n O pr O t i sh Th a	tatsama
পুনঃপ্রতিশ্ঠার	p u n O pr O t i sh Th a r	tatsama
পুনঃপ্রতিশ্ঠায়	p u n o pr o t i sh Th a y	tatsama
পুনঃপ্রতিশ্ঠিত	p u n O pr O t i sh Th i t O	tatsama
পুনঃপ্রবর্তন	p u n o pr o b o r t o n	tatsama
পুনঃপ্রবর্তনের	p u n o pr o b o r t o n e r	tatsama
পুনঃবিনিয়োগ	p u n o b i n i y O g	tatsama
পুনঃভোট	p u n O bh O T	tatsama
পুনঃশুনানির	p u n O sh u n a n i r	tatsama
পুনঃসংস্কার	p u n o sh o ng s k a r	tatsama
পুনঃসংস্কারের	p u n o sh o ng s k a r e r	tatsama
পুনঃসমাহিত	p u n o sh o m a h i t o	tatsama
পুনঃস্থাপন	p u n O sth a p o n	tatsama
পুনঃস্থাপনে	p u n o sth a p o n e	tatsama
পুনঃস্থাপনের	p u n o sth a p o n e r	tatsama
পুনঃস্থাপিত	p u n o sth a p i t o	tatsama
পুনট	p u n o T	native
পুনতাইড়	p u n t a i r	native
পুনম	p u n o m	native
পুনমকে	p u n o m k e	native
পুনমের	p u n O m e r	native
পুনরর্থায়ন	p u n o r o r th a y o n	native
পুনরাদেশ	p u n o r a d e sh	native
পুনরাবির্ভাব	p u n o r a b i r bh a b	native
পুনরাবিশ্কার	p u n o r a b i sh k a r	native
পুনরাবৃত্তি	p u n O r a b ri tt i	tatsama
পুনরাবৃত্তিই	p u n o r a b r i tt i i	tatsama
পুনরাবৃত্তিময়	p u n o r a b r i tt i m o y	tatsama
পুনরাবৃত্তির	p u n o r a b r i tt i r	tatsama
পুনরায়	p u n O r a y	native
পুনরুক্তি	p u n o r u kt i	native
পুনরুজ্জিবন	p u n O r u j j i b O n	native
পুনরুজ্জিবনে	p u n o r u j j i b o n e	native
পুনরুজ্জিবনের	p u n O r u j j i b O n e r	compound
পুনরুজ্জিবিত	p u n o r u j j i b i t o	native
পুনরুত্থান	p u n O r u t th a n	native
পুনরুত্থানে	p u n o r u t th a n e	native
পুনরুত্থানের	p u n O r u t th a n e r	native
পুনরুত্থিত	p u n o r u t th i t o	native
পুনরুত্পাদন	p u n o r u t p a d o n	native
পুনরুল্লেখ	p u n o r u l l e kh	native
পুনরুৎপাদন	p u n o r u t p a d o n	native
পুনরুৎপাদনের	p u n o r u t p a d o n e r	native
পুনরুৎপাদিত	p u n o r u t p a d i t o	native
পুনরেকত্রিকরন	p u n o r e k o tr i k o r o n	compound
পুনরেকত্রিকরনের	p u n o r e k o tr i k o r o n e r	compound
পুনর্খনন	p u n o r kh o n o n	native
পুনর্খননের	p u n o r kh o n o n e r	native
পুনর্গঠন	p u n O r g o Th O n	native
পুনর্গঠনসহ	p u n o r g o Th o n sh o h O	native
পুনর্গঠনে	p u n O r g o Th O n e	native
পুনর্গঠনের	p u n o r g o Th o n e r	native
পুনর্গঠিত	p u n o r g O Th i t O	native
পুনর্গননা	p u n o r g o n o n a	native
পুনর্গননার	p u n o r g o n o n a r	native
পুনর্জন্ম	p u n O r j o n m O	native
পুনর্জন্মের	p u n o r j o n m e r	native
পুনর্জাগরন	p u n o r j a g o r o n	native
পুনর্জাগরনের	p u n o r j a g o r o n e r	native
পুনর্জিবন	p u n o r j i b o n	native
পুনর্জিবিত	p u n o r j i b i t o	native
পুনর্দখল	p u n O r d o kh O l	native
পুনর্দাখিলের	p u n o r d a kh i l e r	native
পুনর্নবায়ন	p u n o r b a y o n	native
পুনর্নিমান	p u n o r n i r m a n	native
পুনর্নিমানের	p u n o r n i r m a n e r	native
পুনর্নিরিক্ষনের	p u n O r n i r i kkh o n e r	tatsama
পুনর্নির্ধারন	p u n O r n i r dh a r o n	compound
পুনর্নির্ধারনে	p u n o r n i r dh a r o n e	compound
পুনর্নির্ধারনের	p u n o r n i r dh a r o n e r	compound
পুনর্নির্ধারিত	p u n o r n i r dh a r i t o	compound
পুনর্নির্বাচন	p u n o r n i r b a ch o n	compound
পুনর্নির্বাচনে	p u n o r n i r b a ch o n e	compound
পুনর্নির্বাচনের	p u n o r n i r b a ch o n e r	compound
পুনর্নির্মান	p u n O r n i r m a n	native
পুনর্নির্মানকাজ	p u n o r n i r m a n k a j	compound
পুনর্নির্মানে	p u n o r n i r m a n e	compound
পুনর্নির্মানের	p u n O r n i r m a n e r	compound
পুনর্নির্মিত	p u n o r n i r m i t o	native
পুনর্নিয়োগ	p u n o r n i y O g	native
পুনর্নিয়োগের	p u n o r n i y O g e r	native
পুনর্পাঠ	p u n o r p a Th	native
পুনর্বন্টন	p u n o r b o n T o n	native
পুনর্বন্টনের	p u n o r b o n T o n e r	native
পুনর্বহাল	p u n O r b o h a l	native
পুনর্বহালে	p u n o r b o h a l e	native
পুনর্বহালের	p u n O r b o h a l e r	native
পুনর্বার	p u n O r b a r	native
পুনর্বাসন	p u n O r b a sh O n	loanword
পুনর্বাসনকাজ	p u n o r b a sh o n k a j	loanword
পুনর্বাসনকাজে	p u n o r b a sh o n k a j e	compound
পুনর্বাসনকেন্দ্র	p u n o r b a sh o n k e ndr o	compound
পুনর্বাসনকেন্দ্রে	p u n o r b a sh o n k e ndr e	compound
পুনর্বাসনকেন্দ্রের	p u n o r b a sh o n k e ndr e r	compound
পুনর্বাসনবিশয়ক	p u n o r b a sh o n b i sh o y o k	compound
পুনর্বাসনসংক্রান্ত	p u n o r b a sh o n sh o ng kr a nt O	compound
পুনর্বাসনসহ	p u n o r b a sh o n sh o h O	loanword
পুনর্বাসনে	p u n O r b a sh O n e	loanword
পুনর্বাসনের	p u n o r b a sh o n e r	loanword
পুনর্বাসিত	p u n O r b a sh i t O	loanword
পুনর্বিচার	p u n O r b i ch a r	native
পুনর্বিচারের	p u n O r b i ch a r e r	native
পুনর্বিনিয়োগ	p u n o r b i n i y O g	native
পুনর্বিনিয়োগে	p u n o r b i n i y O g e	compound
পুনর্বিনিয়োগের	p u n o r b i n i y O g e r	compound
পুনর্বিন্যস্ত	p u n o r b i n n o st o	compound
পুনর্বিন্যাস	p u n o r b i n n a sh	native
পুনর্বিন্যাসের	p u n O r b i n n a sh e r	compound
পুনর্বিবাহ	p u n o r b i b a h o	native
পুনর্বিবেচনা	p u n O r b i b e ch O n a	native
পুনর্বিবেচনার	p u n o r b i b e ch o n a r	compound
পুনর্বিবেচনারও	p u n o r b i b e ch o n a r O	compound
পুনর্বিবেচনায়	p u n o r b i b e ch o n a y	compound
পুনর্বিমা	p u n o r b i m a	native
পুনর্ব্যক্ত	p u n O r b A kt O	native
পুনর্ব্যবহারের	p u n o r b A b o h a r e r	compound
পুনর্ভরন	p u n o r bh o r o n	native
পুনর্মঞ্চায়ন	p u n o r m o nch a y o n	tatsama
পুনর্মিলন	p u n O r m i l O n	native
পুনর্মিলনি	p u n O r m i l O n i	native
পুনর্মিলনিতে	p u n o r m i l O n i t e	native
পুনর্মিলনির	p u n O r m i l O n i r	native
পুনর্মিলনের	p u n O r m i l O n e r	native
পুনর্মুদ্রন	p u n O r m u d r O n	native
পুনর্মুদ্রনে	p u n o r m u d r o n e	native
পুনর্মুদ্রনের	p u n o r m u d r o n e r	compound
পুনর্মুদ্রিত	p u n o r m u d r i t o	native
পুনর্মুল্যায়ন	p u n o r m u l l a y o n	compound
পুনর্মুল্যায়নকারি	p u n o r m u l l a y o n k a r i	compound
পুনর্মুল্যায়নে	p u n o r m u l l a y o n e	compound
পুনর্মুল্যায়নের	p u n o r m u l l a y o n e r	compound
পুনর্মুল্যায়িত	p u n o r m u l l a y i t o	compound
পুনশ্চ	p u n O sh ch O	native
পুনস্থাপন	p u n o sth a p o n	native
পুনায়	p u n a y	native
পুনিত	p u n i t o	native
পুনে	p u n e	native
পুনেকে	p u n e k e	native
পুনেতে	p u n e t e	native
পুনের	p u n e r	native
পুন্টল্যান্ডের	p u n T l A n D e r	compound
পুন্ডরিক	p u n D O r i k	native
পুন্নাগ	p u nn a g O	native
পুন্নাম	p u nn a m n o r O k	native
পুন্য	p u n n O	native
পুন্যকর্ম	p u n n O k o r m o	native
পুন্যবান	p u n n O b a n	native
পুন্যব্রত	p u n n O br o t o	native
পুন্যভুমি	p u n n O bh u m i	native
পুন্যময়	p u n n O m o y	native
পুন্যস্নান	p u n n O sn a n	native
পুন্যস্নানের	p u n n O sn a n e r	native
পুন্যাত্মা	p u n n a t t a	native
পুন্যার্থি	p u n n a r th i	native
পুন্যার্থিদের	p u n n a r th i d e r	compound
পুন্যার্থির	p u n n a r th i r	native
পুন্যার্থিরা	p u n n a r th i r a	native
পুন্যাহ	p u n n a h O	native
পুন্যি	p u n n i	native
পুন্যে	p u n n e	native
পুন্যের	p u n n e r	native
পুপ	p u p O	native
পুবর	p u r o b o	native
পুবাইল	p u b a i l	native
পুবাইলে	p u b a i l e	native
পুবাইলের	p u b a i l e r	native
পুবালি	p u b a l i	native
পুবে	p u b e	native
পুমা	p u m a	native
পুমান	p u m a n	native
পুমার	p u m a r	native
পুর	p u r	native
পুরঃসর	p u r O sh sh o r O	tatsama
পুরক	p u r o k	native
পুরকায়স্থ	p u r O k a y O sth O	native
পুরকোউশল	p u r o k O u sh o l	native
পুরকোউশলি	p u r o k O u sh o l i	native
পুরকোউশলে	p u r o k O u sh o l e	native
পুরকোউশলের	p u r o k O u sh o l e r	native
পুরজি	p u r j i	native
পুরতঃ	p u r o t o h	tatsama
পুরতে	p u r t e	native
পুরন	p u r O n	native
পুরনই	p u r o n i	native
পুরনও	p u r o n O	native
পুরনকল্পে	p u r o n k o l p e	native
পুরনকৃত	p u r O n k ri t O	tatsama
পুরনসহ	p u r o n sh o h O	native
পুরনারি	p u r O n a r i	native
পুরনে	p u r O n e	native
পুরনেও	p u r o n e O	native
পুরনের	p u r O n e r	native
পুরনোদের	p u r O n O d e r	native
পুরন্ত	p u r o nt O	native
পুরন্দর	p u r o nd o r	native
পুরব	p u r o b	native
পুরবি	p u r O b i	native
পুরবে	p u r b e	native
পুররক্ষি	p u r O r O kkh i	tatsama
পুরশ্কার	p u r o sh k a r	native
পুরশ্কৃত	p u r O sh k ri t O	tatsama
পুরশ্চরন	p u r O sh ch o r O n	native
পুরসভার	p u r O sh o bh a r	native
পুরস্কারই	p u r O s k a r i	loanword
পুরস্কারও	p u r o s k a r O	loanword
পুরস্কারকে	p u r o s k a r k e	loanword
পুরস্কারগুলো	p u r o s k a r g u l O	loanword
পুরস্কারজয়ি	p u r o s k a r j o y i	loanword
পুরস্কারটা	p u r O s k a r T a	loanword
পুরস্কারটাও	p u r o s k a r T a O	loanword
পুরস্কারটি	p u r O s k a r T i	loanword
পুরস্কারটিও	p u r o s k a r T i O	loanword
পুরস্কারপ্রাপ্তদের	p u r o s k a r pr a p t O d e r	loanword
পুরস্কারপ্রাপ্তির	p u r o s k a r pr a p t i r	loanword
পুরস্কারসহ	p u r O s k a r sh o h O	loanword
পুরস্কারস্বরুপ	p u r o s k a r sh o r u p	tatsama
পুরস্কারে	p u r O s k a r e	loanword
পুরস্কারের	p u r O s k a r e r	loanword
পুরস্কারেরও	p u r o s k a r e r O	loanword
পুরস্কৃত	p u r O s k ri t O	tatsama
পুরস্কৃতই	p u r o s k ri t o i	tatsama
পুরস্কৃতও	p u r o s k ri t o O	tatsama
পুরহর	p u r O h o r	native
পুরা	p u r a	native
পুরাংগনা	p u r a ng g o n a	native
পুরাই	p u r a i	native
পুরাকাটা	p u r a k a T a	native
পুরাকির্তি	p u r a k i r t i	native
পুরাকির্তির	p u r a k i r t i r	native
পুরাঘটিত	p u r a gh O T i t O	native
পুরাতত্ত্ব	p u r a t o t t O	tatsama
পুরাতন	p u r a t O n	native
পুরাতনের	p u r a t o n e r	native
পুরাতাত্ত্বিক	p u r a t a t t i k	tatsama
পুরাদস্তুর	p u r a d o st o r	native
পুরাধ্যক্ষ	p u r a d dh O kkh O	tatsama
পুরান	p u r a n	native
পুরানবাজার	p u r a n b a j a r	native
পুরানা	p u r a n a	native
পুরানে	p u r a n e	native
পুরানের	p u r a n e r	native
পুরানো	p u r a n O	native
পুরাপুরি	p u r a p u r i	native
পুরাব	p u r a b O	native
পুরারি	p u r a r i	native
পুরি	p u r i	native
পুরিকা	p u r i k a	native
পুরিত	p u r i t O	native
পুরির	p u r i r	native
পুরিশ	p u r i sh	native
পুরিয়া	p u r i y a	native
পুরিয়ে	p u r i y e	native
পুরু	p u r u	native
পুরুখ	p u r u kh O	native
পুরুলি	p u r u l i	native
পুরুলিয়া	p u r u l i a	native
পুরুলিয়ার	p u r u l i y a r	native
পুরুলিয়ায়	p u r u l i y a y	native
পুরুশ	p u r u sh	native
পুরুশই	p u r u sh i	native
পুরুশও	p u r u sh O	native
পুরুশকে	p u r u sh k e	native
পুরুশকেই	p u r u sh k e i	native
পুরুশটি	p u r u sh T i	native
পুরুশটিকে	p u r u sh T i k e	native
পুরুশটির	p u r u sh T i r	native
পুরুশতন্ত্র	p u r u sh t o n t r o	native
পুরুশতন্ত্রের	p u r u sh t o n t r e r	compound
পুরুশতান্ত্রিক	p u r u sh t a n t r i k	compound
পুরুশতান্ত্রিকতা	p u r u sh t a n t r i k o t a	compound
পুরুশতান্ত্রিকতার	p u r u sh t a n t r i k o t a r	compound
পুরুশদের	p u r u sh d e r	native
পুরুশদেরই	p u r u sh d e r i	native
পুরুশদেরও	p u r u sh d e r O	native
পুরুশদেরকে	p u r u sh d e r k e	native
পুরুশনির্বিশেশে	p u r u sh n i r b i sh e sh e	compound
পুরুশবাচক	p u r u sh b a ch o k	native
পুরুশভেদে	p u r u sh bh e d e	native
পুরুশরা	p u r u sh r a	native
পুরুশরাই	p u r u sh r a i	native
পুরুশরাও	p u r u sh r a O	native
পুরুশশাসিত	p u r u sh sh a sh i t O	native
পুরুশশুন্য	p u r u sh sh u n n o	native
পুরুশসমাজের	p u r u sh sh o m a j e r	native
পুরুশসহ	p u r u sh sh o h O	native
পুরুশাংগ	p u r u sh a ng g o	native
পুরুশালি	p u r u sh a l i	native
পুরুশে	p u r u sh e	native
পুরুশের	p u r u sh e r	native
পুরুশেরই	p u r u sh e r i	native
পুরুশেরা	p u r u sh e r a	native
পুরুশেরাই	p u r u sh e r a i	native
পুরুশেরাও	p u r u sh e r a O	native
পুরুশোত্তম	p u r u sh O tt o m	native
পুরুশ্টু	p u r u sh T u	native
পুরে	p u r e	native
পুরেছে	p u r e chh e	native
পুরেছেন	p u r e chh e n	native
পুরের	p u r e r	native
পুরো	p u r O	native
পুরোই	p u r O i	native
পুরোজায়ি	p u r O j a y i	native
পুরোটা	p u r O T a	native
পুরোটাই	p u r O T a i	native
পুরোটাতেই	p u r O T a t e i	native
পুরোটায়	p u r O T a y	native
পুরোটুকু	p u r O T u k u	native
পুরোডাশ	p u r O D a sh	native
পুরোদমে	p u r O d O m e	native
পুরোদস্তুর	p u r O d O st u r	native
পুরোধা	p u r O dh a	native
পুরোনা	p u r O n a	native
পুরোনো	p u r O n O	native
পুরোনোকে	p u r O n O k e	native
পুরোনোগুলো	p u r O n O g u l O	native
পুরোনোগুলোর	p u r O n O g u l O r	native
পুরোনোদের	p u r O n O d e r	native
পুরোনোর	p u r O n O r	native
পুরোনোরাও	p u r O n O r a O	native
পুরোপরি	p u r O p o r i	native
পুরোপুরি	p u r O p u r i	native
পুরোপুরিই	p u r O p u r i i	native
পুরোপুরিভাবে	p u r O p u r i bh a b e	native
পুরোবর্তি	p u r O b O r t i	native
পুরোভাগে	p u r O bh a g e	native
পুরোভুমি	p u r O bh u m i	native
পুরোমাত্রায়	p u r O m a tr a y	native
পুরোহিতের	p u r O h i t e r	native
পুরোহিতেরা	p u r O h i t e r a	native
পুরোয়িতা	p u r O y i t a	native
পুর্জি	p u r j i	native
পুর্ত	p u r t O	native
পুর্তমন্ত্রি	p u r t o n o nt ri	native
পুর্তমন্ত্রির	p u r t o n o nt ri r	compound
পুর্তসচিব	p u r t o sh o ch i b	native
পুর্তি	p u r t i	native
পুর্তিতে	p u r t i t e	native
পুর্তির	p u r t i r	native
পুর্ন	p u r n O	native
পুর্নকালিন	p u r n O k a l i n	native
পুর্নগ্রাস	p u r n O gr a sh	native
পুর্নচন্দ্র	p u r n o ch o ndr o	native
পুর্নতা	p u r n O t a	native
পুর্নতার	p u r n O t a r	native
পুর্নতাসহ	p u r n o t a sh o h O	native
পুর্নদইর্ঘ্য	p u r n O d O i r gh O	native
পুর্নদিবস	p u r n O d i b o sh	native
পুর্নদোইর্ঘ্য	p u r n o d O i r gh o	compound
পুর্নবয়স্ক	p u r n o b o y o s k o	loanword
পুর্নভাবে	p u r n O bh a b e	native
পুর্নমন্ত্রি	p u r n O m o n t r i	native
পুর্নমাত্রায়	p u r n o m a tr a y	native
পুর্নমান	p u r n O m a n	native
পুর্নরুপ	p u r n O r u p	native
পুর্নরুপে	p u r n O r u p e	native
পুর্নশক্তির	p u r n O sh O kt i r	native
পুর্নাংগ	p u r n a ng g o	native
পুর্নাংগতা	p u r n a ng g o t a	native
পুর্নাংগতাকে	p u r n a ng g o t a k e	native
পুর্নাংগভাবে	p u r n a ng g o bh a b e	native
পুর্নাংগরুপে	p u r n a ng g o r u p e	native
পুর্নাং্গ	p u r n a ng g O	native
পুর্নানন্দ	p u r n a n o nd O	native
পুর্নাবয়ব	p u r n a b o y o b	native
পুর্নিমা	p u r n i m a	native
পুর্নিমাকে	p u r n i m a k e	native
পুর্নিমার	p u r n i m a r	native
পুর্নিমারাতের	p u r n i m a r a t e r	compound
পুর্নিমায়	p u r n i m a y	native
পুর্নেন্দু	p u r n e nd u	native
পুর্নোদ্যমে	p u r n O d d o m e	native
পুর্ব	p u r b O	native
পুর্ব-নির্ধারিত	p u r b O n i r dh a r i t O	compound
পুর্বক	p u r b O k	native
পুর্বকাল	p u r b o k a l	native
পুর্বকালে	p u r b o k a l e	native
পুর্বকোন	p u r b o k O n	native
পুর্বক্ষনে	p u r b o kkh o n e	tatsama
পুর্বঘোশনা	p u r b o gh O sh o n a	native
পুর্বঘোশিত	p u r b O gh O sh i t O	native
পুর্বতন	p u r b O t o n O	native
পুর্বদিকে	p u r b o d i k e	native
পুর্বদিকের	p u r b o d i k e r	native
পুর্বদেশ	p u r b o d e sh	native
পুর্বধলা	p u r b O dh o l a	native
পুর্বধলার	p u r b o dh o l a r	native
পুর্বধারনা	p u r b o dh a r o n a	native
পুর্বনির্ধারিত	p u r b O n i r dh a r i t O	compound
পুর্বপরিকল্পনা	p u r b O p O r i k o l p O n a	compound
পুর্বপরিকল্পনার	p u r b o p o r i k o l p o n a r	compound
পুর্বপরিকল্পিত	p u r b O p O r i k O l p i t O	compound
পুর্বপরিকল্পিতভাবে	p u r b o p o r i k o l p i t o bh a b e	compound
পুর্বপরিচিত	p u r b O p O r i ch i t O	native
পুর্বপরিচয়ের	p u r b o p o r i ch o y e r	native
পুর্বপারে	p u r b o p a r e	native
পুর্বপাশে	p u r b O p a sh e	native
পুর্বপাড়	p u r b o p a r	native
পুর্বপাড়া	p u r b o p a r a	native
পুর্বপাড়ার	p u r b o p a r a r	native
পুর্বপাড়ায়	p u r b o p a r a y	native
পুর্বপাড়ে	p u r b o p a r e	native
পুর্বপুরুশ	p u r b O p u r u sh	native
পুর্বপুরুশদের	p u r b O p u r u sh d e r	compound
পুর্বপুরুশরা	p u r b O p u r u sh r a	native
পুর্বপুরুশের	p u r b O p u r u sh e r	native
পুর্বপুরুশেরা	p u r b O p u r u sh e r a	compound
পুর্বপ্রস্তুতি	p u r b O pr O st u t i	compound
পুর্ববর্তি	p u r b O b O r t i	native
পুর্ববাংলা	p u r b O b a ng l a	native
পুর্ববাংলার	p u r b O b a ng l a r	native
পুর্বমুখি	p u r b O m u kh i	native
পুর্বমুহুর্তে	p u r b O m u h u r t e	compound
পুর্বশত্রুতার	p u r b O sh O tr u t a r	compound
পুর্বশর্ত	p u r b O sh O r t O	native
পুর্বসুরি	p u r b O sh u r i	native
পুর্বসুরিদের	p u r b O sh u r i d e r	native
পুর্বসুরির	p u r b O sh u r i r	native
পুর্বাংশে	p u r b a ng sh e	native
পুর্বাচল	p u r b a ch o l	native
পুর্বাচলে	p u r b a ch o l e	native
পুর্বাচলের	p u r b a ch o l e r	native
পুর্বাঞ্চল	p u r b a nch o l	tatsama
পুর্বাঞ্চলে	p u r b a nch o l e	tatsama
পুর্বাঞ্চলের	p u r b a nch o l e r	tatsama
পুর্বানি	p u r b a n i	native
পুর্বানিতে	p u r b a n i t e	native
পুর্বানুমতি	p u r b a n u m O t i	native
পুর্বানুমান	p u r b a n u m a n	native
পুর্বাপর	p u r b a p o r	native
পুর্বাপেক্ষা	p u r b a p e kkh a	tatsama
পুর্বাব্দে	p u r b a b d e	native
পুর্বাভাস	p u r b a bh a sh	native
পুর্বাভাসও	p u r b a bh a sh O	native
পুর্বাভাসে	p u r b a bh a sh e	native
পুর্বাভাসের	p u r b a bh a sh e r	native
পুর্বে	p u r b e	native
পুর্বেই	p u r b e i	native
পুর্বেও	p u r b e O	native
পুর্বেকার	p u r b e k a r	native
পুর্বের	p u r b e r	native
পুর্বোক্ত	p u r b O kt O	native
পুল	p u l	native
পুলওয়ামা	p u l O y a m a	native
পুলক	p u l O k	native
পুলকিত	p u l O k i t O	native
পুলকের	p u l o k e r	native
পুলটি	p u l T i	native
পুলটিস	p u l T i sh	native
পুলপাড়	p u l p a r	native
পুলভুক্ত	p u l bh u kt O	native
পুলা	p u l a	native
পুলাডা	p u l a D a	native
পুলাডারে	p u l a D a r e	native
পুলাপান	p u l a p a n	native
পুলারে	p u l a r e	native
পুলি	p u l i	native
পুলিত্জার	p u l i t j a r	native
পুলিন	p u l i n	native
পুলিন্দ	p u l i nd O	native
পুলিন্দা	p u l i nd a	native
পুলিশই	p u l i sh i	loanword
পুলিশও	p u l i sh O	loanword
পুলিশকর্মি	p u l i sh k O r m i	loanword
পুলিশকর্মিরা	p u l i sh k O r m i r a	loanword
পুলিশকে	p u l i sh k e	loanword
পুলিশকেই	p u l i sh k e i	loanword
পুলিশকেও	p u l i sh k e O	loanword
পুলিশগিরি	p u l i sh g i r i	loanword
পুলিশদের	p u l i sh d e r	loanword
পুলিশপ্রধানের	p u l i sh pr o dh a n e r	compound
পুলিশফাড়িতে	p u l i sh ph a r i t e	loanword
পুলিশবাহিনি	p u l i sh b a h i n i	loanword
পুলিশবাহিনির	p u l i sh b a h i n i r	loanword
পুলিশবিরোধি	p u l i sh b i r O dh i	loanword
পুলিশবেশ্টিত	p u l i sh b e sh T i t o	loanword
পুলিশরা	p u l i sh r a	loanword
পুলিশরাও	p u l i sh r a O	loanword
পুলিশলাইনে	p u l i sh l a i n e	loanword
পুলিশসদস্য	p u l i sh sh o d o sh sh o	loanword
পুলিশসদস্যকে	p u l i sh sh o d o sh sh o k e	loanword
পুলিশসহ	p u l i sh sh o h O	loanword
পুলিশি	p u l i sh i	loanword
পুলিশিং	p u l i sh i ng	loanword
পুলিশিংয়ের	p u l i sh i ng y e r	loanword
পুলিশে	p u l i sh e	loanword
পুলিশের	p u l i sh e r	loanword
পুলিশেরই	p u l i sh e r i	loanword
পুলিশেরও	p u l i sh e r O	loanword
পুলিশেরা	p u l i sh e r a	loanword
পুলিস	p u l i s	loanword
পুলিসের	p u l i s e r	loanword
পুলিৎজার	p u l i t j a r	native
পুলু	p u l u	native
পুলুম	p u l u m	native
পুলের	p u l e r	native
পুশ	p u sh	native
পুশছে	p u sh chh e	native
পুশতে	p u sh t e	native
পুশব	p u sh b o	native
পুশব্যাক	p u sh b A k	native
পুশলে	p u sh l e	native
পুশি	p u sh i	native
পুশিক্যাট	p u sh i k A T	native
পুশিয়ে	p u sh i y e	native
পুশে	p u sh e	native
পুশ্কর	p u sh k o r	native
পুশ্করিনি	p u sh k O r i n i	native
পুশ্ট	p u sh T O	native
পুশ্টি	p u sh T i	native
পুশ্টিও	p u sh T i O	native
পুশ্টিকর	p u sh T i k o r	native
পুশ্টিগুন	p u sh T i g u n	native
পুশ্টিগুনও	p u sh T i g u n O	native
পুশ্টিগুনসম্পন্ন	p u sh T i g u n sh o mp o nn o	compound
পুশ্টিগুনে	p u sh T i g u n e	native
পুশ্টিগুনের	p u sh T i g u n e r	native
পুশ্টিজুক্ত	p u sh T i j u kt O	native
পুশ্টিতে	p u sh T i t e	native
পুশ্টিবর্ধক	p u sh T i b o r dh o k	native
পুশ্টিবিজ্ঞান	p u sh T i b i g g a n	tatsama
পুশ্টিবিদ	p u sh T i b i d	native
পুশ্টিবিদরা	p u sh T i b i d r a	native
পুশ্টিবিদের	p u sh T i b i d e r	native
পুশ্টিবিদেরা	p u sh T i b i d e r a	native
পুশ্টিবিশয়ক	p u sh T i b i sh o y o k	native
পুশ্টিমান	p u sh T i m a n	native
পুশ্টিমানসমৃদ্ধ	p u sh T i m a n sh o m r i d dh o	tatsama
পুশ্টিমানসম্পন্ন	p u sh T i m a n sh o mp o nn o	compound
পুশ্টিমানের	p u sh T i m a n e r	native
পুশ্টির	p u sh T i r	native
পুশ্টিসমৃদ্ধ	p u sh T i sh o m ri d dh O	tatsama
পুশ্টিসেবা	p u sh T i sh e b a	native
পুশ্টিহিন	p u sh T i h i n	native
পুশ্টিহিনতা	p u sh T i h i n O t a	native
পুশ্টিহিনতার	p u sh T i h i n o t a r	native
পুশ্টিহিনতায়	p u sh T i h i n o t a y	native
পুশ্প	p u sh p O	native
পুশ্পকমল	p u sh p o k o m o l	native
পুশ্পকুমারা	p u sh p o k u m a r a	native
পুশ্পগুচ্ছ	p u sh p O g u ch chh O	native
পুশ্পবৃশ্টি	p u sh p o b r i sh T i	tatsama
পুশ্পভরা	p u sh p o bh o r a	native
পুশ্পমাল্য	p u sh p o m a l l o	native
পুশ্পরানি	p u sh p o r a n i	native
পুশ্পস্তবক	p u sh p O st o b O k	native
পুশ্পাঞ্জলি	p u sh p a nj o l i	tatsama
পুশ্পাভরন	p u sh p a bh o r O n	native
পুশ্পার্ঘ্য	p u sh p a r gh O	native
পুশ্পাসব	p u sh p a sh o b	native
পুশ্পিকা	p u sh p i k a	native
পুশ্পিত	p u sh p i t O	native
পুশ্পিতা	p u sh p i t a	native
পুশ্পে	p u sh p e	native
পুশ্পের	p u sh p e r	native
পুশ্পোদ্যান	p u sh p O d d a n	native
পুশ্যা	p u sh sh a	native
পুশ্যি	p u sh sh i	native
পুসিদা	p u sh i d a	native
পুস্ত	p u st O	native
পুস্তক	p u st O k	native
পুস্তকাকারে	p u st o k a k a r e	native
পুস্তকে	p u st o k e	native
পুস্তকের	p u st o k e r	native
পুস্তিকা	p u st i k a	native
পুস্তিকাও	p u st i k a O	native
পুস্তিকাটি	p u st i k a T i	native
পুস্তিকার	p u st i k a r	native
পুস্তিকায়	p u st i k a y	native
পুহপ	p u h o p	native
পুুকুরের	p u k u r e r	native
পুুজি	p u j i	native
পুুজিবাজার	p u j i b a j a r	native
পুুজিবাজারের	p u j i b a j a r e r	native
পুুরোপুরি	p u r O p u r i	native
পুুলিশ	p u l i sh	native
পুুলিশের	p u l i sh e r	native
পু্নর্বাসন	p u n O r b a sh O n	loanword
পুড়ছিল	p u r chh i l o	native
পুড়ছে	p u r chh e	native
পুড়ছেন	p u r chh e n	native
পুড়তে	p u r t e	native
পুড়ন	p u r o n	native
পুড়নি	p u r o n i	native
পুড়বে	p u r b e	native
পুড়ল	p u r l o	native
পুড়লে	p u r l e	native
পুড়লেন	p u r l e n	native
পুড়া	p u r a	native
পুড়ি	p u r i	native
পুড়িয়া	p u r i y a	native
পুড়িয়ে	p u r i y e	native
পুড়িয়েই	p u r i y e i	native
পুড়িয়েছিল	p u r i y e chh i l o	native
পুড়িয়েছে	p u r i y e chh e	native
পুড়িয়েছেন	p u r i y e chh e n	native
পুড়ে	p u r e	native
পুড়েছিল	p u r e chh i l o	native
পুড়েছে	p u r e chh e	native
পুড়েছেন	p u r e chh e n	native
পুয়ে	p u y e	native
পুয়ের্তো	p u y e r t O	native
পুয়েহুয়ে	p u y e h u y e	native
পুয়োল	p u y O l	native
পুয়োলকে	p u y O l k e	native
পুয়োলের	p u y O l e r	native
পুর্বপ্রস্তুতির	p u r b o pr o st u t i r	compound
পুর্বপ্রান্তে	p u r b o pr a nt e	compound
পুর্ববংগ	p u r b o b o ng g o	native
পুর্ববংগে	p u r b o b o ng g e	native
পুর্ববংগের	p u r b o b o ng g e r	native
পুর্ববতি	p u r b o b o t i	native
পুর্ববর্তিদের	p u r b o b o r t i d e r	compound
পুর্ববাংলায়	p u r b o b a ng l a y	native
পুর্ববিরোধের	p u r b o b i r O dh e r	native
পুর্ববৃত্তান্ত	p u r b o b r i tt a nt o	tatsama
পুর্বশত্রুতা	p u r b o sh o tr u t a	native
পুর্বশর্তই	p u r b o sh o r t o i	native
পুর্বশর্তগুলো	p u r b o sh o r t o g u l O	compound
পুর্বসুরিরা	p u r b o sh u r i r a	native
পুর্বা	p u r b a	native
পুর্বাংশ	p u r b a ng sh o	native
পুর্বাংশকে	p u r b a ng sh o k e	native
পুর্বাংশের	p u r b a ng sh e r	native
পুর্বাকাশে	p u r b a k a sh e	native
পুর্বাঞ্চলকে	p u r b a nch o l k e	tatsama
পুর্বাঞ্চলিয়	p u r b a nch o l i y o	tatsama
পুর্বাঞ্চলেই	p u r b a nch o l e i	tatsama
পুর্বাধিকার	p u r b a dh i k a r	native
পুর্বানুমতির	p u r b a n u m o t i r	native
পুর্বানুমানই	p u r b a n u m a n i	native
পুর্বানুমোদন	p u r b a n u m O d o n	native
পুর্বানুমোদনের	p u r b a n u m O d o n e r	compound
পুর্বাবধি	p u r b a b O dh i	native
পুর্বাবস্থা	p u r b a b o sth a	native
পুর্বাবস্থায়	p u r b a b o sth a y	native
পুর্বাভাশ	p u r b a bh a sh	native
পুর্বাভাসই	p u r b a bh a sh i	native
পুর্বাভিজ্ঞতা	p u r b a bh i g g o t a	tatsama
পুর্বাশাড়া	p u r b a sh a r a	native
পুর্বাহ্ন	p u r b a n h O	native
পুর্বিতা	p u r b i t a	native
পুর্বোদ্ধৃত	p u r b O d dh ri t O	tatsama
পুশন	p u sh o n	native
পুশা	p u sh a	native
পৃক্কা	p ri k k a	tatsama
পৃক্ত	p ri kt O	tatsama
পৃচ্ছা	p ri ch chh a	tatsama
পৃথককরন	p ri th o k k o r o n	tatsama
পৃথকভাবে	p ri th o k bh a b e	tatsama
পৃথকিকরন	p ri th o k i k o r o n	tatsama
পৃথক্করন	p ri th o k k o r O n	tatsama
পৃথক্করনে	p ri th o k k o r o n e	tatsama
পৃথক্করনের	p ri th o k k o r o n e r	tatsama
পৃথগন্ন	p ri th o g o nn O	tatsama
পৃথা	p ri th a	tatsama
পৃথিবি	p ri th i b i	tatsama
পৃথিবিই	p ri th i b i i	tatsama
পৃথিবিও	p ri th i b i O	tatsama
পৃথিবিকে	p ri th i b i k e	tatsama
পৃথিবিজুড়ে	p ri th i b i j u r e	tatsama
পৃথিবিজুড়েই	p ri th i b i j u r e i	tatsama
পৃথিবিটা	p ri th i b i T a	tatsama
পৃথিবিটাই	p ri th i b i T a i	tatsama
পৃথিবিটাকে	p ri th i b i T a k e	tatsama
পৃথিবিতে	p ri th i b i t e	tatsama
পৃথিবিতেই	p ri th i b i t e i	tatsama
পৃথিবিপৃশ্ঠ	p ri th i b i p r i sh Th o	tatsama
পৃথিবিবাসি	p ri th i b i b a sh i	tatsama
পৃথিবিবাসির	p ri th i b i b a sh i r	tatsama
পৃথিবিব্যাপি	p ri th i b i b A p i	tatsama
পৃথিবিময়	p ri th i b i m o y	tatsama
পৃথিবির	p ri th i b i r	tatsama
পৃথিবিরই	p ri th i b i r i	tatsama
পৃথু	p ri th u	tatsama
পৃথ্বি	p r i th i	tatsama
পৃথ্বিরাজ	p ri t th i r a j	tatsama
পৃথ্বিরাজের	p ri t th i r a j e r	tatsama
পৃশোদর	p ri sh O d o r	tatsama
পৃশ্ট	p ri sh T O	tatsama
পৃশ্ঠ	p ri sh Th O	tatsama
পৃশ্ঠপোশক	p ri sh Th o p O sh o k	tatsama
পৃশ্ঠপোশকতা	p ri sh Th o p O sh o k o t a	tatsama
পৃশ্ঠপোশকতার	p ri sh Th o p O sh o k o t a r	tatsama
পৃশ্ঠপোশকতায়	p ri sh Th o p O sh o k o t a y	tatsama
পৃশ্ঠপোশকদের	p ri sh Th O p O sh o k d e r	tatsama
পৃশ্ঠপোশকের	p ri sh Th o p O sh o k e r	tatsama
পৃশ্ঠপোশকেরা	p ri sh Th o p O sh o k e r a	tatsama
পৃশ্ঠপোশনা	p ri sh Th o p O sh o n a	tatsama
পৃশ্ঠা	p ri sh Th a	tatsama
পৃশ্ঠাই	p ri sh Th a i	tatsama
পৃশ্ঠাগুলো	p ri sh Th a g u l O	tatsama
পৃশ্ঠাগুলোতে	p ri sh Th a g u l O t e	tatsama
পৃশ্ঠাজুড়ে	p ri sh Th a j u r e	tatsama
পৃশ্ঠাটি	p ri sh Th a T i	tatsama
পৃশ্ঠাপোশকতার	p ri sh Th a p O sh o k o t a r	tatsama
পৃশ্ঠাব্যাপি	p ri sh Th a b A p i	tatsama
পৃশ্ঠার	p ri sh Th a r	tatsama
পৃশ্ঠাসংখ্যা	p ri sh Th a sh o ng kh a	tatsama
পৃশ্ঠায়	p ri sh Th a y	tatsama
পৃশ্ঠে	p ri sh Th e	tatsama
পৃশ্ঠের	p ri sh Th e r	tatsama
পৃশ্ঠোপরি	p ri sh Th O p O r i	tatsama
পৃশ্নি	p ri sh n i	tatsama
পৃয়	p r i y O	tatsama
পে	p e	native
পেইজ	p e i j	native
পেইজটি	p e i j T i	native
পেইজে	p e i j e	native
পেইজের	p e i j e r	native
পেইড	p e i D	native
পেইন্ট	p e i n T	native
পেইন্টস	p e i n T s	native
পেইন্টার	p e i n T a r	loanword
পেক	p e k	native
পেকাটি	p e k a T i	native
পেকানবারুর	p e k a n b a r u r	native
পেকাম্বর	p e k a mb o r	native
পেকুয়া	p e k u y a	native
পেকে	p e k e	native
পেকেছে	p e k e chh e	native
পেকো	p e k O	native
পেখন	p e kh o n o	native
পেখম	p e kh o m	native
পেখা	p e kh a	native
পেগম্বর	p e g o mb o r	native
পেগাসাস	p e g a s a s	proper_noun
পেগাসাসের	p e g a s a s e r	proper_noun
পেগি	p e g i	native
পেচ	p e ch	native
পেচক	p e ch o k	native
পেচা	p A ch a	native
পেচাকোলা	p e ch a k O l a	native
পেচাটিকে	p e ch a T i k e	native
পেচানো	p e ch a n O	native
পেচার	p e ch a r	native
পেচিয়ে	p e ch i y e	native
পেচো	p e ch O	native
পেচোয়া	p e ch O y a	native
পেচ্ছাব	p e ch chh a b	native
পেছন	p e chh o n	native
পেছনটা	p e chh O n T a	native
পেছনে	p e chh O n e	native
পেছনেই	p e chh O n e i	native
পেছনেও	p e chh o n e O	native
পেছাচ্ছি	p e chh a ch chh i	native
পেছানো	p e chh a n O	native
পেছানোর	p e chh a n O r	native
পেছানোয়	p e chh a n O y	native
পেছাব	p e chh a b o	native
পেছাল	p e chh a l o	native
পেছু	p e chh u	native
পেছ–পা	p e chh o p a	native
পেজসহ	p e j sh o h O	native
পেজা	p e j a	native
পেজে	p e j e	native
পেজেও	p e j e O	native
পেটও	p e T O	native
পেটকে	p e T k e	native
পেটকো	p e T k O	native
পেটটা	p e T T a	native
পেটপুরে	p e T p u r e	native
পেটব্যথার	p e T b A th a r	native
পেটভরে	p e T bh o r e	native
পেটভাতা	p e T bh a t a	native
পেটা	p e T a	native
পেটাও	p e T a O	native
পেটাচ্ছিলেন	p e T a ch chh i l e n	native
পেটাচ্ছেন	p e T a ch chh e n	native
পেটাত	p e T a t o	native
পেটাতেন	p e T a t e n	native
পেটানোর	p e T a n O r	native
পেটার	p e T a r	native
পেটাল	p e T a l o	native
পেটালে	p e T a l e	native
পেটায়	p e T a y	native
পেটি	p e T i	native
পেটিট	p e T i T	native
পেটুক	p e T u k	native
পেটেই	p e T e i	native
পেটেও	p e T e O	native
পেটের	p e T e r	native
পেটেল	p e T e l	native
পেটো	p e T O	native
পেটোয়া	p e T O y a	native
পেট্রন	p e T r o n	loanword
পেট্রলবোমা	p e T r o l b O m a	loanword
পেট্রলবোমার	p e T r O l b O m a r	loanword
পেট্রলবোমাসহ	p e T r O l b O m a sh o h O	loanword
পেট্রলে	p e T r o l e	loanword
পেট্রস	p e T r o s	proper_noun
পেট্রা	p e T r a	loanword
পেট্রাউস	p e T r a u s	proper_noun
পেট্রাউসকে	p e T r a u s k e	proper_noun
পেট্রাউসের	p e T r a u s e r	proper_noun
পেট্রাপোল	p e T r a p O l	loanword
পেট্রিয়াস	p e T r i y a s	proper_noun
পেট্রেল	p e T r e l	loanword
পেট্রোকেমিক্যাল	p e T r O k e m i k A l	loanword
পেট্রোচায়না	p e T r O ch a y n a	loanword
পেট্রোপন্যসহ	p e T r O p o n n o sh o h O	loanword
পেট্রোবাংলা	p e T r O b a ng l a	loanword
পেট্রোবাংলাকে	p e T r O b a ng l a k e	loanword
পেট্রোবাংলার	p e T r O b a ng l a r	loanword
পেট্রোলবোমার	p e T r O l b O m a r	loanword
পেডিকিউর	p e D i k i u r	native
পেডিকিওর	p e D i k i O r	native
পেড্রেলস	p e D r e l o s	proper_noun
পেড্রো	p e D r O	loanword
পেতল	p e t o l	native
পেতা	p e t a	native
পেতাম	p e t a m	native
পেতে	p e t e	native
পেতেই	p e t e i	native
পেতেও	p e t e O	native
পেতেছিল	p e t e chh i l O	native
পেতেছেন	p e t e chh e n	native
পেতো	p e t O	native
পেত্নি	p e t n i	native
পেত্রো	p e tr O	native
পেদা	p e d a	native
পেদাং	p e d a ng	native
পেদ্রোর	p e d r O r	native
পেন	p e n	native
পেনডেন্ট	p e n D e n T	native
পেনড্রাইভ	p e n D r a i bh	loanword
পেনদের	p e n d e r	native
পেনপেন	p A n	native
পেনশনভোগি	p e n sh o n bh O g i	native
পেনশনভোগিদের	p e n sh o n bh O g i d e r	native
পেনশনভোগিরা	p e n sh o n bh O g i r a	native
পেনশনার	p e n sh O n a r	native
পেনশনারস	p e n sh o n a r s	native
পেনশনে	p e n sh O n e	native
পেনসিলভানিয়া	p e n s i l bh a n i y a	proper_noun
পেনসিলভানিয়ায়	p e n s i l bh a n i y a y	proper_noun
পেনা	p e n a	native
পেনাল	p e n a l	native
পেনি	p e n i	native
পেনিনসুলা	p e n i n s u l a	native
পেনিনসুলার	p e n i n s u l a r	native
পেনিস	p e n i s	native
পেনে	p e n e	native
পেনেট	p e n e T	native
পেনেটা	p e n e T a	native
পেনেট্টা	p e n e T T a	native
পেনেলোপ	p e n e l O p	native
পেন্টাগন	p e n T a g o n	native
পেন্টাগনও	p e n T a g o n O	native
পেন্টাগনকে	p e n T a g o n k e	native
পেন্টাগনে	p e n T a g o n e	native
পেন্ঠি	p e n Th i	native
পেন্ডাল	p e n D a l	native
পেন্ডিমোনিও	p e n D i m O n i O	native
পেন্নাই	p e nn a i	native
পেপ	p e p	native
পেপল	p e p o l	native
পেপসি	p e p s i	loanword
পেপসির	p e p s i r	loanword
পেপারওয়েট	p e p a r O y e T	native
পেপারবুক	p e p a r b u k	native
পেপে	p e p e	native
পেপেকে	p e p e k e	native
পেপেগাছ	p e p e g a chh	native
পেপেতে	p e p e t e	native
পেপের	p e p e r	native
পেপ্যাল	p e p a l	native
পেবল	p e b o l	native
পেভমেন্ট	p e bh m e n T	native
পেভারস	p e bh a r s	native
পেভারসের	p e bh a r s e r	native
পেম	p e m	native
পেমবা	p e m b a	native
পেমিল	p e m i l O	native
পেমেন্ট	p e m e n T	native
পের	p e r	native
পেরতেক	p e r t e k	native
পেরি	p e r i	native
পেরিফেরাল	p e r i ph e r a l	native
পেরিস	p e r i s	proper_noun
পেরিয়ে	p e r i y e	native
পেরিয়েই	p e r i y e i	native
পেরিয়েও	p e r i y e O	native
পেরিয়েছিল	p e r i y e chh i l o	native
পেরিয়েছে	p e r i y e chh e	native
পেরিয়েছেন	p e r i y e chh e n	native
পেরু	p e r u	native
পেরুতে	p e r u t e	native
পেরুতেই	p e r u t e i	native
পেরুনো	p e r u n O	native
পেরুভিয়	p e r u bh i y O	native
পেরুভিয়ান	p e r u bh i y a n	native
পেরুর	p e r u r	native
পেরুলেই	p e r u l e i	native
পেরে	p e r e	native
পেরেই	p e r e i	native
পেরেও	p e r e O	native
পেরেকটা	p e r e k T a	native
পেরেকটি	p e r e k T i	native
পেরেছ	p e r e chh O	native
পেরেছি	p e r e chh i	native
পেরেছিল	p e r e chh i l O	native
পেরেছিলাম	p e r e chh i l a m	native
পেরেছিলেন	p e r e chh i l e n	native
পেরেছে	p e r e chh e	native
পেরেছেন	p e r e chh e n	native
পেরেশান	p e r e sh a n	native
পেরেশানি	p e r e sh a n i	native
পেরেশানিতে	p e r e sh a n i t e	native
পেরোতেই	p e r O t e i	native
পেরোনোই	p e r O n O i	native
পেরোবার	p e r O b a r	native
পেরোবে	p e r O b e	native
পেরোল	p e r O l	native
পেরোলে	p e r O l e	native
পেরোলেই	p e r O l e i	native
পেরোলেও	p e r O l e O	native
পেরোলেন	p e r O l e n	native
পেরোয়	p e r O y	native
পেরোয়নি	p e r O y n i	native
পেল	p e l O	native
পেলব	p e l o b	native
পেলসি	p e l s i	proper_noun
পেলা	p e l a	native
পেলানো	p e l a n O	native
পেলাম	p e l a m	native
পেলিকান	p e l i k a n	native
পেলিক্যান	p e l i k A n	native
পেলিয়েটিভ	p e l i y e T i bh	native
পেলুম	p e l u m	native
পেলেই	p e l e i	native
পেলেও	p e l e O	native
পেলেকেও	p e l e k e O	native
পেলেগ	p e l e g	native
পেলেন	p e l e n	native
পেলেনেলে	p e l e n e l e	native
পেলো	p e l O	native
পেলোসি	p e l O s i	proper_noun
পেশওয়া	p e sh O y a	native
পেশওয়াজ	p e sh o O y a j	native
পেশক	p e sh o k	native
পেশকশ	p e sh k o sh	native
পেশকার	p e sh k a r	native
পেশকারকে	p e sh k a r k e	native
পেশকারদের	p e sh k a r d e r	native
পেশকাররা	p e sh k a r r a	native
পেশকারি	p e sh k a r i	native
পেশকারের	p e sh k a r e r	native
পেশকালে	p e sh k a l e	native
পেশন	p e sh o n	native
পেশবা	p e sh b a	native
পেশল	p e sh o l	native
পেশা	p e sh a	native
পেশাই	p e sh a i	native
পেশাও	p e sh a O	native
পেশাকে	p e sh a k e	native
পেশাজিবন	p e sh a j i b o n	native
পেশাজিবনে	p e sh a j i b O n e	native
পেশাজিবনের	p e sh a j i b o n e r	native
পেশাজিবি	p e sh a j i b i	native
পেশাজিবির	p e sh a j i b i r	native
পেশাজিবিরা	p e sh a j i b i r a	native
পেশাজিবিরাও	p e sh a j i b i r a O	native
পেশাজিবিসহ	p e sh a j i b i sh o h O	native
পেশাটাকে	p e sh a T a k e	native
পেশাটি	p e sh a T i	native
পেশাটির	p e sh a T i r	native
পেশাতেই	p e sh a t e i	native
পেশাদার	p e sh a d a r	native
পেশাদারদের	p e sh a d a r d e r	native
পেশাদারি	p e sh a d a r i	native
পেশাদারির	p e sh a d a r i r	native
পেশাদারের	p e sh a d a r e r	native
পেশাব	p e sh a b	native
পেশাবিশয়ক	p e sh a b i sh o y o k	native
পেশাভিত্তিক	p e sh a bh i tt i k	native
পেশার	p e sh a r	native
পেশায়	p e sh a y o	native
পেশি	p e sh i	native
পেশিকে	p e sh i k e	native
পেশিবহুল	p e sh i b O h u l	native
পেশির	p e sh i r	native
পেশিশক্তির	p e sh i sh O kt i r	native
পেশেন্ট	p e sh e n T	native
পেশের	p e sh e r	native
পেশোয়ার	p e sh O y a r	native
পেশোয়ারে	p e sh O y a r e	native
পেশোয়ারের	p e sh O y a r e r	native
পেস	p e s	native
পেসকোশ	p e sh k O sh	native
পেসার	p e s a r	native
পেসারই	p e s a r i	native
পেসারও	p e s a r O	native
পেসারকে	p e s a r k e	native
পেসারদের	p e s a r d e r	native
পেসাররা	p e s a r r a	native
পেসাররাই	p e s a r r a i	native
পেসাররাও	p e s a r r a O	native
পেসারের	p e s a r e r	native
পেসে	p e s e	native
পেসের	p e s e r	native
পেসো	p e s O	native
পেস্তা	p e st a	native
পেস্তাবাদাম	p e st a b a d a m	native
পেস্তাবাদামকুচি	p e st a b a d a m k u ch i	compound
পেহেলি	p A h e l i	native
পেোউনে	p O u n e	native
পেোউরসভার	p O u r o sh o bh a r	native
পেড়লি	p e r l i	native
পেড়া	p e r a	native
পেড়ে	p e r e	native
পেড়েছে	p e r e chh e	native
পেয়	p e y O	native
পেয়াজ	p e y a j	native
পেয়াজকুচি	p e y a j k u ch i	native
পেয়াজবাটা	p e y a j b a T a	native
পেয়াজসহ	p e y a j sh o h O	native
পেয়াজু	p e y a j u	native
পেয়াজের	p e y a j e r	native
পেয়াদা	p e y a d a	native
পেয়ার	p e y a r	native
পেয়ারপুর	p e y a r p u r	native
পেয়ারা	p e y a r a	native
পেয়ারাগাছ	p e y a r a g a chh	native
পেয়ারাদা	p e y a r a d a	native
পেয়ারাদাকে	p e y a r a d a k e	native
পেয়ারার	p e y a r a r	native
পেয়ারিমোহন	p e y a r i m O h o n	native
পেয়ারে	p e y a r e	native
পেয়ালা	p e y a l a	native
পেয়িং	p e y i ng	native
পেয়ে	p e y e	native
পেয়েই	p e y e i	native
পেয়েও	p e y e O	native
পেয়েছ	p e y e chh o	native
পেয়েছি	p e y e chh i	native
পেয়েছিল	p e y e chh i l o	native
পেয়েছিলাম	p e y e chh i l a m	native
পেয়েছিলেন	p e y e chh i l e n	native
পেয়েছে	p e y e chh e	native
পেয়েছেন	p e y o e chh e n	native
পেয়েছেনই	p e y e chh e n i	native
পেয়েছেনও	p e y e chh e n O	native
পেয়ো	p e y O	native
পো	p O	native
পোংগা	p O ng g a	native
পোই	p O i	native
পোইঘর	p O i gh o r	native
পোইঠল	p O i Th o l o	native
পোইঠা	p O i Th a	native
পোইতান	p O i t a n	native
পোইতামহ	p O i t a m o h O	native
পোইতৃক	p O i t r i k	tatsama
পোইত্তাল	p O i tt a l	native
পোইথান	p O i th a n	native
পোইধর	p O i dh o r	native
পোইর	p O i r a	native
পোইলব	p O i l o b	native
পোইশাচ	p O i sh a ch	native
পোইশাচি	p O i sh a ch i	native
পোইশাচিক	p O i sh a ch i k	native
পোইশাচিকতা	p O i sh a ch i k o t a	native
পোইশাচিকতার	p O i sh a ch i k o t a r	native
পোইসা	p O i sh a	native
পোউগন্ড	p ou g o n D o	native
পোউচ	p ou ch o	native
পোউছতে	p O u chh t e	native
পোউছতেই	p O O chh O t e i	native
পোউছনোর	p O u chh O n O r	native
পোউছবে	p O u chh b e	native
পোউছবেন	p O u chh b e n	native
পোউছল	p O O chh l O	native
পোউছলাম	p O u chh l a m	native
পোউছলে	p O u chh l e	native
পোউছলেই	p O O chh l e i	native
পোউছলেও	p O u chh o l e O	native
পোউছলেন	p O u chh l e n	native
পোউছা	p O u chh a	native
পোউছাই	p O u chh a i	native
পোউছাইতে	p O u chh a i t e	native
পোউছাইনি	p O u chh a i n i	native
পোউছাচ্ছে	p O u chh a ch chh e	native
পোউছাত	p O u chh a t O	native
পোউছাতে	p O u chh a t e	native
পোউছাতেই	p O u chh a t e i	native
পোউছাতেও	p O u chh a t e O	native
পোউছাতেন	p O u chh a t e n	native
পোউছান	p O u chh a n	native
পোউছাননি	p O u chh a n n i	native
পোউছানর	p O O chh a n O r	native
পোউছানো	p O u chh a n O	native
পোউছানোই	p O u chh a n O i	native
পোউছানোটা	p O u chh a n O T a	loanword
পোউছানোর	p O u chh a n O r	native
পোউছানোয়	p O u chh a n O y	native
পোউছাব	p O u chh a b O	native
পোউছাবে	p O u chh a b e	native
পোউছাবেন	p O u chh a b e n	native
পোউছামাত্র	p O u chh a m a tr O	native
পোউছার	p O u chh a r	native
পোউছাল	p O u chh a l O	native
পোউছালাম	p O u chh a l a m	native
পোউছালে	p O u chh a l e	native
পোউছালেই	p O u chh a l e i	native
পোউছালেও	p O u chh a l e O	native
পোউছালেন	p O u chh a l e n	native
পোউছায়	p O u chh a y	native
পোউছায়নি	p O u chh a y n i	native
পোউছি	p O u chh i	native
পোউছুতে	p O u chh u t e	native
পোউছে	p O u chh e	native
পোউছেই	p O u chh e i	native
পোউছেও	p O u chh e O	native
পোউছেছি	p O u chh e chh i	native
পোউছেছিল	p O u chh e chh i l O	native
পোউছেছিলাম	p O u chh e chh i l a m	native
পোউছেছিলেন	p O u chh e chh i l e n	native
পোউছেছে	p O u chh e chh e	native
পোউছেছেন	p O u chh e chh e n	native
পোউছেন	p O u chh e n	native
পোউছেনি	p O u chh e n i	native
পোউটেক	p O u T e k o	native
পোউত্তলিক	p O u tt O l i k	native
পোউত্র	p O u tr O	native
পোউনঃপুনিক	p O u n O p p u n i k	tatsama
পোউনঃপুনিকতা	p O u n O p u n i k o t a	tatsama
পোউনঃপুনিকভাবে	p O u n O p u n i k bh a b e	tatsama
পোউনর্ভব	p O u n o r bh o b O	native
পোউনে	p O u n e	native
পোউন্ড্র	p ou n D r o	loanword
পোউর	p O u r O	native
পোউরকর	p O u r o k o r	native
পোউরনিতি	p O O r O n i t i	native
পোউরব	p O u r o b	native
পোউরবাসি	p O u r b a sh i	loanword
পোউরবাসিকে	p O u r o b a sh i k e	loanword
পোউরবাসির	p O u r o b a sh i r	loanword
পোউরশহরের	p O u r O sh o h O r e r	native
পোউরসভা	p O u r O sh o bh a	native
পোউরসভাকে	p O u r O sh o bh a k e	native
পোউরসভাগুলো	p O u r O sh o bh a g u l O	native
পোউরসভাগুলোর	p O u r o sh o bh a g u l O r	native
পোউরসভাটি	p O u r o sh o bh a T i	native
পোউরসভাটির	p O u r o sh o bh a T i r	native
পোউরসভাতেও	p O u r o sh o bh a t e O	native
পোউরসভার	p O u r o sh o bh a r	native
পোউরসভাসহ	p O u r o sh o bh a sh o h O	native
পোউরসভায়	p O u r o sh o bh a y	native
পোউরসভায়ও	p O u r o sh o bh a y o O	native
পোউরাংগনা	p O u r a ng g o n a	native
পোউরানিক	p O u r a n i k	native
পোউরানিকি	p O u r a n i k i	native
পোউরুশ	p O O r u sh	native
পোউরুশেয়	p O u r u sh e y O	native
পোউরোহিত্য	p O u r O h i t t O	native
পোউর্নমাসি	p O u r n O m a sh i	native
পোউর্ব	p O u r b O	native
পোউর্বপর্য	p O u r b a p o r j O	native
পোউর্বাহ্নিক	p O u r b a n h i k	native
পোউলি	p O u l i	native
পোউশ	p O u sh	native
পোউশসংক্রান্তির	p O u sh sh o ng kr a nt i r	compound
পোউশের	p O u sh e r	native
পোউশ্টিক	p O u sh T i k	native
পোওতা	p O O t a	native
পোক	p O k	native
পোকাগুলো	p O k a g u l O	native
পোকাটি	p O k a T i	native
পোকাদের	p O k a d e r	native
পোকামাকড়	p O k a m a k o r	native
পোকামাকড়ের	p O k a m a k o r e r	native
পোকার	p O k a r	native
পোকায়	p O k a y	native
পোক্ত	p O kt O	native
পোখরা	p O kh r a	native
পোখরার	p O kh r a r	native
পোখরি	p O kh o r i	native
পোখারা	p O kh a r a	native
পোখারার	p O kh a r a r	native
পোগলদিঘা	p O g o l d i gh a	native
পোগোজ	p O g O j	native
পোচা	p O ch a	native
পোচোর	p O ch O r	native
পোছ	p O chh	native
পোছল	p O chh o l	native
পোছা	p O chh a	native
পোছাবে	p O chh a b e	native
পোজ	p O j	native
পোজও	p O j O	native
পোজো	p O j O	native
পোজ্জো	p O j j O	native
পোটল	p O T O l	native
পোটা	p O T a	native
পোডগোরিকা	p O D g O r i k a	native
পোডলস্কি	p O D o l o s k i	loanword
পোডলস্কিকে	p O D o l o s k i k e	loanword
পোডলস্কির	p O D o l o s k i r	loanword
পোত	p O t	native
পোতক	p O t o k	native
পোতকি	p O t k i	native
পোতদার	p O t d a r	native
পোতন	p O t o n	native
পোতলা	p O t l a	native
পোতা	p O t a	native
পোতাধ্যক্ষ	p O t a d dh O kkh O	tatsama
পোতার	p O t a r	native
পোতারোহি	p O t a r O h o	native
পোতালাই	p O t a l a i	native
পোতাশ্রয়	p O t a sh r o y	native
পোতাশ্রয়ে	p O t a sh r o y e	native
পোতাশ্রয়ের	p O t a sh r o y e r	native
পোত্রি	p O tr i	native
পোথা	p O th a	native
পোদ	p O d	native
পোদ্দারি	p O d d a r i	native
পোদ্দারের	p O d d a r e r	native
পোনা	p O n a	native
পোনাও	p O n a O	native
পোনাকে	p O n a k e	native
পোনাগুলো	p O n a g u l O	native
পোনার	p O n a r	native
পোনাসহ	p O n a sh o h O	native
পোনোঠ	p O n O Th	native
পোপ	p O p	native
পোপকে	p O p k e	native
পোপা	p O p a	native
পোপান	p O p a n	native
পোপের	p O p e r	native
পোফু	p O ph u	native
পোফুর	p O ph u r	native
পোভার্টি	p O bh a r T i	native
পোমরা	p O m r a	native
পোমেটম	p O m e T o m	native
পোর	p O r	native
পোরগোলা	p O r g O l a	native
পোরমুসলিমি	p O r m u sh l i m i	native
পোরমুসলিমির	p O r m u sh l i m i r	native
পোরশা	p O r sh a	native
পোরশার	p O r sh a r	native
পোরশে	p O r sh e	native
পোরশের	p O r sh e r	native
পোরা	p O r a	native
পোরার	p O r a r	native
পোরাস	p O r a s	native
পোর্ট	p O r T	native
পোর্ট-অ-প্রিন্স	p O r T O p ri n s	loanword
পোর্টফলিও	p O r T ph o l i O	native
পোর্টফোলিও	p O r T ph O l i O	native
পোর্টফোলিওতে	p O r T ph o l i O t e	native
পোর্টফোলিওর	p O r T ph o l i O r	native
পোর্টম্যান্টো	p O r T m A n T O	compound
পোর্টস	p O r T s	proper_noun
পোর্টসমাউথ	p O r T s m a u th	proper_noun
পোর্টসমাউথের	p O r T s m a u th e r	proper_noun
পোর্টারফিল্ড	p O r T a r ph i l D	native
পোর্টারফিল্ডকে	p O r T a r ph i l D k e	compound
পোর্টারফিল্ডের	p O r T a r ph i l D e r	compound
পোর্টালটিতে	p O r T a l T i t e	native
পোর্টালটির	p O r T a l T i r	native
পোর্টালে	p O r T a l e	native
পোর্টিজি	p O r T i j i	native
পোর্টেবল	p O r T e b O l	native
পোর্টেবলিটি	p O r T e b o l i T i	native
পোর্টেবিলিটি	p O r T e b i l i T i	loanword
পোর্ট্রেট	p O r T r e T	loanword
পোর্ট্রেটটি	p O r T r e T T i	loanword
পোর্তিওর	p O r t i O r	native
পোর্তোকে	p O r t O k e	native
পোর্তোতে	p O r t O t e	native
পোর্তোর	p O r t O r	native
পোল	p O l	native
পোলট্রি	p O l T r i	loanword
পোলট্রির	p O l T r i r	loanword
পোলট্রিশিল্প	p O l T r i sh i l p O	loanword
পোলট্রিশিল্পে	p O l T r i sh i l p e	loanword
পোলট্রিশিল্পের	p O l T r i sh i l p e r	loanword
পোলন্দার	p O l o nd a r	native
পোলা	p O l a	native
পোলাও	p O l a u	native
পোলাওয়ের	p O l a O y e r	native
পোলাডা	p O l a D a	native
পোলাডার	p O l a D a r	native
পোলাডারে	p O l a D a r e	native
পোলানস্কি	p O l a n o s k i	loanword
পোলানস্কিকে	p O l a n o s k i k e	loanword
পোলানস্কির	p O l a n o s k i r	loanword
পোলাপান	p O l a p a n	native
পোলাপানগো	p O l a p a n g O	native
পোলাপানরা	p O l a p a n r a	native
পোলার	p O l a r	native
পোলারে	p O l a r e	native
পোলার্ড	p O l a r D	native
পোলার্ডকে	p O l a r D k e	native
পোলার্ডরা	p O l a r D r a	native
পোলার্ডের	p O l a r D e r	native
পোলায়	p O l a y	native
পোলিং	p O l i ng	native
পোলিও	p O l i O	native
পোলিওতে	p O l i O t e	native
পোলিওমুক্ত	p O l i O m u kt O	native
পোলু	p O l u	native
পোলের	p O l e r	native
পোলো	p O l O	native
পোল্ট্রি	p O l T r i	loanword
পোল্ডার	p O l D a r	native
পোল্ডারে	p O l D a r e	native
পোল্ডারের	p O l D a r e r	native
পোল্যান্ড	p O l A n D	native
পোল্যান্ডকে	p O l A n D k e	native
পোল্যান্ডসহ	p O l A n D sh o h O	native
পোল্যান্ডে	p O l A n D e	native
পোল্যান্ডের	p O l A n D e r	native
পোশ	p O sh	native
পোশক	p O sh o k	native
পোশন	p O sh o n	native
পোশনকারি	p O sh o n k a r i	native
পোশনকারিদের	p O sh o n k a r i d e r	native
পোশনের	p O sh o n e r	native
পোশা	p O sh a	native
পোশাকই	p O sh a k i	native
পোশাকও	p O sh a k O	native
পোশাককর্মি	p O sh a k k o r m i	native
পোশাককর্মিদের	p O sh a k k o r m i d e r	compound
পোশাককারখানা	p O sh a k k a r kh a n a	native
পোশাককারখানার	p O sh a k k a r kh a n a r	compound
পোশাককারখানায়	p O sh a k k a r kh a n a y	compound
পোশাককে	p O sh a k k e	native
পোশাকগুলো	p O sh a k g u l O	native
পোশাকগুলোতে	p O sh a k g u l O t e	native
পোশাকগুলোর	p O sh a k g u l O r	native
পোশাকটা	p O sh a k T a	native
পোশাকটি	p O sh a k T i	native
পোশাকটিও	p O sh a k T i O	native
পোশাকটির	p O sh a k T i r	native
পোশাকধারি	p O sh a k dh a r i	native
পোশাকপন্য	p O sh a k p o n n o	native
পোশাকপরা	p O sh a k p o r a	native
পোশাকপ্রতিশ্ঠানে	p O sh a k pr o t i sh Th a n e	compound
পোশাকমালিকদের	p O sh a k m a l i k d e r	compound
পোশাকশিল্প	p O sh a k sh i l p O	native
পোশাকশিল্পকে	p O sh a k sh i l p o k e	native
পোশাকশিল্পগুলো	p O sh a k sh i l p o g u l O	compound
পোশাকশিল্পসহ	p O sh a k sh i l p o sh o h O	native
পোশাকশিল্পে	p O sh a k sh i l p e	native
পোশাকশিল্পেও	p O sh a k sh i l p e O	native
পোশাকশিল্পের	p O sh a k sh i l p e r	native
পোশাকশ্রমিক	p O sh a k sh r O m i k	native
পোশাকশ্রমিককে	p O sh a k sh r o m i k k e	compound
পোশাকশ্রমিকদের	p O sh a k sh r O m i k d e r	compound
পোশাকশ্রমিকসহ	p O sh a k sh r o m i k sh o h O	compound
পোশাকশ্রমিকের	p O sh a k sh r O m i k e r	compound
পোশাকশ্রমিকেরা	p O sh a k sh r O m i k e r a	compound
পোশাকশ্রমিকেরাও	p O sh a k sh r o m i k e r a O	compound
পোশাকসহ	p O sh a k sh o h O	native
পোশাকসামগ্রি	p O sh a k sh a m O gr i	native
পোশাকস্বরুপ	p O sh a k sh o r u p	tatsama
পোশাকি	p O sh a k i	native
পোশাকে	p O sh a k e	native
পোশাকেই	p O sh a k e i	native
পোশাকেও	p O sh a k e O	native
পোশাকের	p O sh a k e r	native
পোশাতে	p O sh a t e	native
পোশানি	p O sh a n i	native
পোশানো	p O sh a n O	native
পোশানোর	p O sh a n O r	native
পোশাবে	p O sh a b e	native
পোশার	p O sh a r	native
পোশালে	p O sh a l e	native
পোশায়	p O sh a y	native
পোশিত	p O sh i t O	native
পোশিনি	p O sh i n i	native
পোশে	p O sh e	native
পোশেন	p O sh e n	native
পোশ্ট	p O sh T	native
পোশ্টা	p O sh T a	native
পোশ্টাই	p O sh T a i	native
পোশ্টার	p O sh T a r	native
পোশ্য	p O sh sh O	native
পোশ্যদের	p O sh sh o d e r	native
পোশ্যরা	p O sh sh o r a	native
পোশড়া	p O sh r a	native
পোস্কো	p O s k O	loanword
পোস্টকামুরি	p O s T k a m u r i	loanword
পোস্টকার্ড	p O s T k a r D	loanword
পোস্টকার্ডে	p O s T k a r D e	loanword
পোস্টকে	p O s T k e	loanword
পোস্টগুলো	p O s T g u l O	loanword
পোস্টগ্র্যাজুয়েশন	p O s T gr A j u y e sh o n	loanword
পোস্টটা	p O s T T a	loanword
পোস্টমর্টাম	p O s T m o r T a m	loanword
পোস্টমর্টেম	p O s T m o r T e m	loanword
পোস্টমাস্টার	p O s T m a s T a r	loanword
পোস্টমাস্টারের	p O s T m a s T a r e r	loanword
পোস্টম্যান	p O s T m A n	loanword
পোস্টসহ	p O sh T sh o h O	loanword
পোস্টার	p O s T a r	loanword
পোস্টারটি	p O s T a r T i	loanword
পোস্টারসহ	p O sh T a r sh o h O	loanword
পোস্টারিং	p O s T a r i ng	loanword
পোস্টাল	p O s T a l	loanword
পোস্টিং	p O s T i ng	loanword
পোস্টে	p O s T e	loanword
পোস্টেজ	p O s T e j	loanword
পোস্ত	p O st O	native
পোস্তগোলা	p O st O g O l a	native
পোস্তগোলার	p O st o g O l a r	native
পোস্তগোলায়	p O st o g O l a y	native
পোস্তা	p O st a	native
পোস্তাদানা	p O st a d a n a	native
পোস্তার	p O st a r	native
পোস্তায়	p O st a y	native
পোস্তোদানা	p O st O d a n a	native
পোহাচ্ছে	p O h a ch chh e	native
পোহাতে	p O h a t e	native
পোহাতেই	p O h a t e i	native
পোহান	p O h a n	native
পোহানোর	p O h a n O r	native
পোহাবে	p O h a b e	native
পোহালেই	p O h a l e i	native
পোহায়	p O h a y	native
পোড়	p O r	native
পোড়খাওয়া	p O r kh a O y a	native
পোড়া	p O r a	native
পোড়াও	p O r a O	native
পোড়াওয়ের	p O r a O y e r	native
পোড়াচ্ছে	p O r a ch chh e	native
পোড়াতে	p O r a t e	native
পোড়াদহ	p O r a d o h o	native
পোড়ান	p O r a n	native
পোড়াননি	p O r a n n i	native
পোড়ানো	p O r a n O	native
পোড়ানোকে	p O r a n O k e	native
পোড়ানোর	p O r a n O r	native
পোড়ানোসহ	p O r a n O sh o h O	native
পোড়ানোয়	p O r a n O y	native
পোড়াবে	p O r a b e	native
পোড়ামাটি	p O r a m a T i	native
পোড়ামাটির	p O r a m a T i r	native
পোড়ার	p O r a r	native
পোড়ালে	p O r a l e	native
পোড়ায়	p O r a y	native
পোড়ে	p O r e	native
পোড়েন	p O r e n	native
পোড়ো	p O r O	native
পোয়া	p O y a	native
পোয়াতি	p O y a t i	native
পোয়ানো	p O y a n O	native
পোয়াবারো	p O y a b a r O	native
পোয়াল	p O y a l	native
পোয়ে	p O y e	native
পোয়েট্রি	p O y e T r i	loanword
পোয়েমস	p O y e m s	native
পোয়ের	p O y e r	native
প্ত	p t o	native
প্যন্ট	p A n T	native
প্যা	p A	native
প্যাক	p A k	native
প্যাকটি	p A k T i	native
প্যাকবন্দি	p A k b O nd i	native
প্যাকাটি	p A k a T i	native
প্যাকার্ড	p A k a r D	loanword
প্যাকার্ডের	p A k a r D e r	loanword
প্যাকিং	p A k i ng	native
প্যাকেজই	p A k e j i	native
প্যাকেজও	p A k e j O	native
প্যাকেজগুলো	p A k e j g u l O	native
প্যাকেজটি	p A k e j T i	native
প্যাকেজসহ	p A k e j sh o h O	native
প্যাকেজিংকে	p A k e j i ng k e	native
প্যাকেজিংয়ে	p A k e j i ng y e	native
প্যাকেজিংয়ের	p A k e j i ng y e r	native
প্যাকেজে	p A k e j e	native
প্যাকেজের	p A k e j e r	native
প্যাকেজেস	p A k e j e s	native
প্যাকেটগুলো	p A k e T g u l O	native
প্যাকেটটা	p A k e T T a	native
প্যাকেটে	p A k e T e	native
প্যাক্ট	p A k T	native
প্যাখম	p A kh o m	native
প্যাগোডা	p A g O D a	native
প্যাগোডায়	p A g O D a y	native
প্যাচ	p A ch	native
প্যাচওয়ার্ক	p A ch O y a r k	native
প্যাচা	p A ch a	native
প্যাচানো	p A ch a n O	native
প্যাচার	p A ch a r	native
প্যাচারদ্বিপ	p A ch a r d i p	native
প্যাচাল	p A ch a l	native
প্যাচে	p A ch e	native
প্যাচের	p A ch e r	native
প্যাট	p A T	native
প্যাটন	p A T o n	native
প্যাটরা	p A T r a	native
প্যাটারসন	p A T a r s o n	proper_noun
প্যাটারসনের	p A T a r s o n e r	proper_noun
প্যাটার্ন	p A T a r n	native
প্যাটার্নে	p A T a r n e	native
প্যাটার্নের	p A T a r n e r	native
প্যাটার্সন	p A T a r s o n	proper_noun
প্যাটি	p A T i	native
প্যাটিনসন	p A T i n s o n	proper_noun
প্যাটিনসনের	p A T i n s o n e r	proper_noun
প্যাটিসন	p A T i n s o n	proper_noun
প্যাটে	p A T e	native
প্যাটেন	p A T e n	native
প্যাটেন্ট	p A T e n T	native
প্যাটেন্টের	p A T e n T e r	native
প্যাটের	p A T e r	native
প্যাটেলকে	p A T e l k e	native
প্যাটেলদের	p A T e l d e r	native
প্যাটেলের	p A T e l e r	native
প্যাট্রিক	p A T r i k	loanword
প্যাট্রিকের	p A T r i k e r	loanword
প্যাট্রিস	p A T r i s	proper_noun
প্যাট্রিসিয়া	p A T r i s i y a	proper_noun
প্যাট্রিসিয়ার	p A T r i s i y a r	proper_noun
প্যাট্রিয়ট	p A T r i y o T	loanword
প্যাট্রিয়টিক	p A T r i y o T i k	loanword
প্যাট্রোল	p A T r O l	loanword
প্যাডল	p A D o l	native
প্যাডি	p A D i	native
প্যাডের	p A D e r	native
প্যাডেলের	p A D e l e r	native
প্যাথলজিক্যাল	p A th O l o j i k A l	compound
প্যাথলজির	p A th O l o j i r	native
প্যাথোলজি	p A th O l o j i	native
প্যাদানো	p A d a n O	native
প্যানইসলামবাদ	p A n i sh l a m b a d	compound
প্যানপ্যান	p A n p A n	native
প্যানাথিনাইকসকে	p A n a th i n a i k s k e	proper_noun
প্যানাথিনাইকোসের	p A n a th i n a i k O s e r	proper_noun
প্যানাসনিক	p A n a s o n i k	proper_noun
প্যানাসনিকের	p A n a s o n i k e r	proper_noun
প্যানিক	p A n i k	native
প্যানে	p A n e	native
প্যানেট্টা	p A n e T T a	native
প্যানেট্টার	p A n e T T a r	native
প্যানের	p A n e r	native
প্যানেল	p A n e l	native
প্যানেলও	p A n e l O	native
প্যানেলকে	p A n e l k e	native
প্যানেলটি	p A n e l T i	native
প্যানেলে	p A n e l e	native
প্যানেলের	p A n e l e r	native
প্যান্টগুলো	p A n T g u l O	native
প্যান্টটা	p A n T T a	native
প্যান্টটি	p A n T T i	native
প্যান্টসহ	p A n T sh o h O	native
প্যান্টে	p A n T e	native
প্যান্টের	p A n T e r	native
প্যান্টোমাইম	p A n T O m a i m	native
প্যান্ডেকার	p A n D e k a r	native
প্যান্ডেল	p A n D e l	native
প্যান্ডেলে	p A n D e l e	native
প্যান্ডেলের	p A n D e l e r	native
প্যান্ডোরার	p A n D O r a r	native
প্যাভিলিয়ন	p A bh i l i y o n	native
প্যাভিলিয়নমুখি	p A bh i l i y o n m u kh i	compound
প্যাভিলিয়নে	p A bh i l i y o n e	native
প্যাভিলিয়নের	p A bh i l i y o n e r	native
প্যাভেলিয়ন	p A bh e l i y o n	native
প্যাভেলিয়নে	p A bh e l i y o n e	native
প্যারট	p A r o T	native
প্যারা	p A r a	native
প্যারাগন	p A r a g o n	native
প্যারাগুইয়ান	p A r a g u i y a n	native
প্যারাগুয়ে	p A r a g u y e	native
প্যারাগুয়েও	p A r a g u y e O	native
প্যারাগুয়েকে	p A r a g u y e k e	native
প্যারাগুয়ের	p A r a g u y e r	native
প্যারাগ্রাফের	p A r a gr a ph e r	compound
প্যারাডক্স	p A r a D o k s	loanword
প্যারাডাইজ	p A r a D a i j	native
প্যারাডাইস	p A r a D a i s	native
প্যারানইয়া	p A r a n i y a	native
প্যারানয়েড	p A r a n y e D o	native
প্যারাফিন	p A r a ph i n	native
প্যারাবন	p A r a b o n	native
প্যারাবনে	p A r a b o n	native
প্যারাবনের	p A r a b o n e r	native
প্যারামাউন্ট	p A r a m a u n T	native
প্যারামেডিক	p A r a m e D i k	native
প্যারামেডিকেল	p A r a m e D i k e l	compound
প্যারার	p A r a r	native
প্যারালাইজড	p A r a l a i j D	native
প্যারালাইসিস	p A r a l a i s i s	native
প্যারালাইসিসে	p A r a l a i s i s e	compound
প্যারালাল	p A r a l a l	native
প্যারাসিটামল	p A r a s i T a m O l	native
প্যারাসুট	p A r a s u T	native
প্যারাসুটের	p A r a s u T e r	native
প্যারায়	p A r a y	native
প্যারি	p A r i	native
প্যারিচাদ	p A r i ch a d	native
প্যারিদাস	p A r i d a sh	native
প্যারির	p A r i r	native
প্যারিস	p A r i s	proper_noun
প্যারিসগামি	p A r i s g a m i	proper_noun
প্যারিসভিত্তিক	p A r i s bh i tt i k	proper_noun
প্যারিসে	p A r i s e	proper_noun
প্যারিসের	p A r i s e r	proper_noun
প্যারেইড	p A r e i D	native
প্যারেড	p A r e D	native
প্যারেনকাইমা	p A r e n k a i m a	native
প্যারেন্ট	p A r e n T	native
প্যারেন্টস	p A r e n T s	native
প্যারেন্টাল	p A r e n T a l	native
প্যারোরে	p A r O r e	native
প্যারোল	p A r O l	native
প্যারোলে	p A r O l e	native
প্যারোলের	p A r O l e r	native
প্যালট্রোর	p A l o T r O r	loanword
প্যালপোসাসের	p A l p O sh a sh e r	native
প্যালা	p A l a	native
প্যালাসিওস	p A l a s i O s	proper_noun
প্যালিয়েটিভ	p A l i y e T i bh	native
প্যালেট	p A l e T	native
প্যালেসে	p A l e s e	native
প্যালেসের	p A l e s e r	native
প্যালেস্টাইন	p A l e s T a i n	loanword
প্যালেস্টাইনে	p A l e s T a i n e	loanword
প্যালেস্টাইনের	p A l e s T a i n e r	loanword
প্যালেস্টিনিয়ান	p A l e s T i n i y a n	loanword
প্যাশন	p A sh o n	native
প্যাসকেল	p A sh k e l	native
প্যাসন	p A sh O n	native
প্যাসিফিক	p A s i ph i k	native
প্যাসিফিকে	p A s i ph i k e	native
প্যাসিফিকের	p A s i ph i k e r	native
প্যাসিভ	p A s i bh	native
প্যাসেজ	p A s e j	native
প্যাসেজের	p A s e j e r	native
প্যাসেঞ্জার	p A s e nj a r	tatsama
প্যাস্কেল	p A s k e l	loanword
প্যাস্টন	p A s T o n	proper_noun
প্যাস্টেল	p A s T e l	loanword
প্যাড়া	p A r a	native
প্র	pr O	native
প্রকটতর	pr O k o T t o r o	native
প্রকটতা	pr O k o T t a	native
প্রকটভাবে	pr O k O T bh a b e	native
প্রকর	pr O k o r	native
প্রকরন	pr O k o r o n	native
প্রকর্ষ	pr O k o r sh O	tatsama
প্রকর্ষন	pr O k o r sh O n	tatsama
প্রকল্পই	pr O k O l p O i	native
প্রকল্পও	pr O k o l p O O	native
প্রকল্পকে	pr O k o l p O k e	native
প্রকল্পকেই	pr O k o l p o k e i	native
প্রকল্পগুলো	pr O k O l p O g u l O	native
প্রকল্পগুলোকে	pr O k o l p o g u l O k e	compound
প্রকল্পগুলোতে	pr O k O l p O g u l O t e	compound
প্রকল্পগুলোর	pr O k o l p O g u l O r	native
প্রকল্পটা	pr O k o l p o T a	native
প্রকল্পটিও	pr O k o l p o T i O	native
প্রকল্পটিকে	pr O k o l p o T i k e	native
প্রকল্পটিতে	pr O k O l p O T i t e	native
প্রকল্পটির	pr O k o l p O T i r	native
প্রকল্পবিরোধি	pr O k o l p o b i r O dh i	compound
প্রকল্পভিত্তিক	pr O k o l p o bh i tt i k	compound
প্রকল্পভুক্ত	pr O k o l p o bh u kt o	native
প্রকল্পসংক্রান্ত	pr O k o l p o sh o ng kr a nt O	compound
প্রকল্পসংখ্যা	pr O k o l p o sh o ng kh a	compound
প্রকল্পসংলগ্ন	pr O k o l p o sh o ng l o g n o	compound
প্রকল্পসংশ্লিশ্ট	pr O k o l p o sh o ng sh l i sh T o	compound
প্রকল্পসমুহ	pr O k o l p o sh o m u h o	native
প্রকল্পে	pr O k o l p e	native
প্রকল্পেই	pr O k O l p e i	native
প্রকল্পেও	pr O k o l p e O	native
প্রকল্পেরই	pr O k o l p e r i	native
প্রকল্পেরও	pr O k a l p e r O	native
প্রকান্ড	pr O k a n D O	native
প্রকারন্তরে	pr O k a r o nt o r e	native
প্রকারভেদে	pr O k a r bh e d e	native
প্রকারের	pr O k a r e r	native
প্রকাশ	pr O k a sh	native
প্রকাশই	pr O k a sh i	native
প্রকাশও	pr O k a sh O	native
প্রকাশকদের	pr O k a sh o k d e r	native
প্রকাশকসহ	pr O k a sh o k sh o h O	native
প্রকাশকারিদের	pr O k a sh k a r i d e r	compound
প্রকাশকাল	pr O k a sh k a l	native
প্রকাশকালে	pr O k a sh k a l e	native
প্রকাশকে	pr O k a sh k e	native
প্রকাশকেরা	pr O k a sh o k e r a	native
প্রকাশকেরাও	pr O k a sh o k e r a O	native
প্রকাশজোগ্য	pr O k a sh o j O g g O	native
প্রকাশন	pr O k a sh o n	native
প্রকাশনাও	pr O k a sh o n a O	native
প্রকাশনাকে	pr O k a sh o n a k e	native
প্রকাশনাটি	pr O k a sh o n a	native
প্রকাশনাশিল্প	pr O k a sh o n a sh i l p o	compound
প্রকাশনাশিল্পের	pr O k a sh o n a sh i l p e r	compound
প্রকাশনায়	pr O k a sh o n a y	native
প্রকাশনি	pr O k a sh o n i	native
প্রকাশনির	pr O k a sh o n i r	native
প্রকাশভংগি	pr O k a sh o bh o ng g i	native
প্রকাশভং্গিকে	pr O k a sh bh O ng g i k e	compound
প্রকাশসহ	pr O k a sh sh o h O	native
প্রকাশিত	pr O k a sh i t O	native
প্রকাশিতও	pr O k a sh i t O O	native
প্রকাশে	pr O k a sh e	native
প্রকাশেও	pr O k a sh e O	native
প্রকাশের	pr O k a sh e r	native
প্রকাশেরও	pr O k a sh e r O	native
প্রকাশ্য	pr O k a sh sh O	native
প্রকাশ্যভাবে	pr O k a sh bh a b e	native
প্রকাশ্যে	pr O k a sh sh e	native
প্রকাশ্যেই	pr O k a sh sh e i	native
প্রকির্তি	pr O k i r t i	native
প্রকির্ন	pr O k i r n O	native
প্রকুতি	pr O k u t i	native
প্রকুপিত	pr O k u p i t O	native
প্রকৃত	pr O k ri t O	tatsama
প্রকৃতই	pr O k ri t O i	tatsama
প্রকৃতপক্ষে	pr O k ri t O p o kkh e	tatsama
প্রকৃতপক্ষেই	pr O k ri t O p o kkh e i	tatsama
প্রকৃতভাবে	pr O k r i t bh a b e	tatsama
প্রকৃতি	pr O k r i t i	tatsama
প্রকৃতিই	pr O k ri t i i	tatsama
প্রকৃতিও	pr O k ri t i O	tatsama
প্রকৃতিক	pr O k ri t i k	tatsama
প্রকৃতিকে	pr O k r i t i k e	tatsama
প্রকৃতিগতভাবে	pr O k ri t i g o t O bh a b e	tatsama
প্রকৃতিগতভাবেই	pr O k r i t i g o t o bh a b e	tatsama
প্রকৃতিতে	pr O k ri t i t e	tatsama
প্রকৃতিনির্ভর	pr O k r i t i n i r bh o r	tatsama
প্রকৃতিপ্রদত্ত	pr O k r i t i pr o d o tt o	tatsama
প্রকৃতিপ্রেমি	pr O k ri t i pr e m i	tatsama
প্রকৃতিপ্রেমিক	pr O k r i t i pr e m i k	tatsama
প্রকৃতিপ্রেমিদের	pr O k ri t i pr e m i d e r	tatsama
প্রকৃতিবান্ধব	pr O k r i t i b a ndh o b	tatsama
প্রকৃতিবিদ	pr O k r i t i b i d	tatsama
প্রকৃতিবিরুদ্ধ	pr O k r i t i b i r u d dh o	tatsama
প্রকৃতির	pr O k ri t i r	tatsama
প্রকৃতিরই	pr O k r i t i r i	tatsama
প্রকৃতিসম্মত	pr O k r i t i sh o mm o t o	tatsama
প্রকৃশ্ট	pr O k r i sh T O	tatsama
প্রকোউশল	pr O k O u sh o l	native
প্রকোউশলগত	pr O k O u sh o l g o t o	native
প্রকোউশলবিদ্যা	pr O k O u sh o l b i d d a	compound
প্রকোউশলবিদ্যার	pr O k O u sh o l b i d d a r	compound
প্রকোউশলি	pr O k O u sh o l i	native
প্রকোউশলিও	pr O k O u sh o l i O	native
প্রকোউশলিকে	pr O k O u sh o l i k e	native
প্রকোউশলিকেও	pr O k O u sh o l i k e O	native
প্রকোউশলিদের	pr O k O u sh o l i d e r	native
প্রকোউশলিদেরও	pr O k O u sh o l i d e r O	compound
প্রকোউশলির	pr O k O u sh o l i r	native
প্রকোউশলিরা	pr O k O u sh o l i r a	native
প্রকোউশলিরাই	pr O k O u sh o l i r a i	native
প্রকোউশলিরাও	pr O k O u sh o l i r a O	native
প্রকোউশলিসহ	pr O k O u sh o l i sh o h O	native
প্রকোউশলে	pr O k O u sh o l e	native
প্রকোউশলের	pr O k O u sh o l e r	native
প্রকোপ	pr O k O p	native
প্রকোশ্ঠ	pr O k O sh Th O	native
প্রকোশ্ঠে	pr O k O sh Th e	native
প্রক্টর	pr O k T o r	native
প্রক্টরও	pr O k T o r O	native
প্রক্টরকে	pr O k T o r k e	native
প্রক্টররা	pr O k T o r r a	native
প্রক্টরসহ	pr O k T o r sh o h O	native
প্রক্টরিয়াল	pr O k T o r i y a l	native
প্রক্টরের	pr O k T O r e r	native
প্রক্টোরিয়াল	pr O k T O r i y a l	native
প্রক্রিয়া	pr O kr i y a	native
প্রক্রিয়াই	pr O kr i y a i	native
প্রক্রিয়াও	pr O kr i y a O	native
প্রক্রিয়াকরন	pr O kr i y a k o r O n	native
প্রক্রিয়াকরনের	pr O kr i y a k o r o n e r	compound
প্রক্রিয়াকে	pr O kr i y a k e	native
প্রক্রিয়াকেই	pr O kr i y a k e i	native
প্রক্রিয়াগত	pr O kr i y a g o t o	native
প্রক্রিয়াগুলো	pr O kr i y a g u l O	compound
প্রক্রিয়াজাত	pr O k ri a j a t	native
প্রক্রিয়াজাতকরন	pr O kr i y a j a t o k o r o n	compound
প্রক্রিয়াজাতকরনে	pr O kr i y a j a t o k o r o n e	compound
প্রক্রিয়াজাতকরনের	pr O kr i y a j a t o k o r o n e r	compound
প্রক্রিয়াজাতের	pr O kr i y a j a t e r	compound
প্রক্রিয়াটা	pr O kr i y a T a	native
প্রক্রিয়াটাই	pr O kr i y a T a i	native
প্রক্রিয়াটাকে	pr O kr i y a T i k e	compound
প্রক্রিয়াটি	pr O kr i y a T i	native
প্রক্রিয়াটিই	pr O kr i y a T i i	native
প্রক্রিয়াটিকে	pr O kr i y a T i k e	compound
প্রক্রিয়াটির	pr O kr i y a T i r	native
প্রক্রিয়াতে	pr O kr i y a t e	native
প্রক্রিয়াতেই	pr O kr i y a t e i	native
প্রক্রিয়াধিন	pr O kr i y a dh i n	native
প্রক্রিয়ার	pr O kr i y a r	native
প্রক্রিয়ারই	pr O kr i y a r i	native
প্রক্রিয়ারও	pr O kr i y a r O	native
প্রক্রিয়াসহ	pr O kr i y a sh o h O	native
প্রক্রিয়ায়	pr O kr i y a y	native
প্রক্রিয়ায়ই	pr O kr i y a y i	native
প্রক্রিয়ায়ও	pr O kr i y a y	native
প্রক্ষাল	pr O kkh a l O	tatsama
প্রক্ষালক	pr O kkh a l o k	tatsama
প্রক্ষালন	pr O kkh a l O n	tatsama
প্রক্ষিপ্ত	pr O kkh i p t O	tatsama
প্রক্ষেপ	pr O kkh e p	tatsama
প্রক্ষেপন	pr O kkh e p o n	tatsama
প্রক্ষেপনে	pr O kkh e p o n e	tatsama
প্রক্ষেপনের	pr O kkh e p o n e r	tatsama
প্রক্ষেপিত	pr O kkh e p i t o	tatsama
প্রক্ষোভ	pr O kkh O bh	tatsama
প্রক্ষ্বেড়ন	pr O kkh e r o n	tatsama
প্রখর	pr O kh o r	native
প্রখ্যাত	pr O k kh A t O	native
প্রখ্যাপন	pr O k kh a p o n	native
প্রগত	pr O g o t O	native
প্রগতি	pr O g O t i	native
প্রগতিবাদি	pr O g o t i b a d i	native
প্রগতিবিরোধি	pr O g o t i b i r O dh i	native
প্রগতির	pr O g O t i r	native
প্রগতিশিল	pr O g o t i sh i l	native
প্রগতিশিলতা	pr O g o t i sh i l o t a	native
প্রগতিশিলতার	pr O g o t i sh i l o t a r	native
প্রগতিশিলদের	pr O g O t i sh i l d e r	native
প্রগন্ড	pr O g o n D O	native
প্রগমন	pr O g o m O n	native
প্রগলভ	pr O g o l o bh	native
প্রগল্ভ	pr O g o l bh O	native
প্রগাড়	pr O g a r O	native
প্রগ্রেস	pr O gr e s	native
প্রগ্রেসিভ	pr O gr e s i bh	native
প্রঘাত	pr O gh a t	native
প্রচন্ড	pr O ch o n D O	native
প্রচন্ডতা	pr O ch o n D o t a	native
প্রচন্ডতার	pr O ch o n D o t a r	native
প্রচন্ডতায়	pr O ch o n D o t a y	native
প্রচন্ডভাবে	pr O ch o n D O bh a b e	native
প্রচন্ডের	pr O ch o n D e r	native
প্রচল	pr O ch o l	native
প্রচলন	pr O ch O l O n	native
প্রচলনে	pr O ch o l o n e	native
প্রচলবিরোধি	pr O ch o l b i r O dh i	native
প্রচলিত	pr O ch O l i t O	native
প্রচার	pr O ch a r	native
প্রচারই	pr O ch a r i	native
প্রচারও	pr O ch a r O	native
প্রচারক	pr O ch a r O k	native
প্রচারকদের	pr O ch a r o k d e r	native
প্রচারকাজ	pr O ch a r k a j	native
প্রচারকাজে	pr O ch a r k a j e	native
প্রচারকাজের	pr O ch a r k a j e r	native
প্রচারকারি	pr O ch a r k a r i	native
প্রচারকালে	pr O ch a r k a l e	native
প্রচারকে	pr O ch a r o k e	native
প্রচারকেন্দ্র	pr O ch a r k e ndr o	compound
প্রচারজন্ত্র	pr O ch a r j o n t r o	native
প্রচারনা	pr O ch a r O n a	native
প্রচারনাও	pr O ch a r O n a O	native
প্রচারনাকারি	pr O ch a r o n a k a r i	native
প্রচারনাকালে	pr O ch a r O n a k a l e	native
প্রচারনাকে	pr O ch a r O n a k e	native
প্রচারনাবিশয়ক	pr O ch a r o n a b i sh o y o k	compound
প্রচারনামুলক	pr O ch a r O n a m u l O k	native
প্রচারনার	pr O ch a r O n a r	native
প্রচারনাসংক্রান্ত	pr O ch a r o n a sh o ng kr a nt O	compound
প্রচারনাসহ	pr O ch a r o n a sh o h O	native
প্রচারনায়	pr O ch a r o n a y	native
প্রচারনায়ও	pr O ch a r o n a y O	native
প্রচারনের	pr O ch a r o n e r	native
প্রচারপত্র	pr O ch a r p o tr O	native
প্রচারপত্রও	pr O ch a r p o tr O O	native
প্রচারপত্রসহ	pr O ch a r p o tr O sh o h O	native
প্রচারপত্রে	pr O ch a r p o tr e	native
প্রচারপত্রের	pr O ch a r p o tr e r	native
প্রচারবিমুখ	pr O ch a r b i m u kh	native
প্রচারমাধ্যম	pr O ch a r m a d dh O m	native
প্রচারমাধ্যমকে	pr O ch a r m a d dh O m k e	compound
প্রচারমাধ্যমগুলো	pr O ch a r m a d dh O m g u l O	compound
প্রচারমাধ্যমগুলোকে	pr O ch a r m a d dh O m g u l O k e	compound
প্রচারমাধ্যমগুলোতে	pr O ch a r m a d dh O m g u l O t e	compound
প্রচারমাধ্যমগুলোর	pr O ch a r m a d dh O m g u l O r	compound
প্রচারমাধ্যমে	pr O ch a r m a d dh O m e	compound
প্রচারমাধ্যমের	pr O ch a r m a d dh O m e r	compound
প্রচারসংখ্যা	pr O ch a r sh o ng kh a	native
প্রচারসংখ্যার	pr O ch a r sh o ng kh a r	compound
প্রচারসংখ্যায়	pr O ch a r sh o ng kh a y	compound
প্রচারাভিজান	pr O ch a r a bh i j a n	native
প্রচারাভিজানকে	pr O ch a r a bh i j a n k e	compound
প্রচারাভিজানে	pr O ch a r a bh i j a n e	compound
প্রচারাভিজানের	pr O ch a r a bh i j a n e r	compound
প্রচারিত	pr O ch a r i t O	native
প্রচারিতও	pr O ch a r i t o O	native
প্রচারিতব্য	pr O ch a r i t o b b O	native
প্রচারে	pr O ch a r e	native
প্রচারেই	pr O ch a r e i	native
প্রচারেও	pr O ch a r e O	native
প্রচারের	pr O ch a r e r	native
প্রচার্য	pr O ch a r j O	native
প্রচায়	pr O ch a y	native
প্রচিত	pr O ch i t O	native
প্রচিয়মান	pr O ch i y O m a n	native
প্রচুরসংখ্যক	pr O ch u r sh o ng kh O k	native
প্রচেশ্টা	pr O ch e sh T a	native
প্রচেশ্টাই	pr O ch e sh T a i	native
প্রচেশ্টাও	pr O ch e sh T a O	native
প্রচেশ্টাকে	pr O ch e sh T a k e	native
প্রচেশ্টাকেই	pr O ch e sh T a k e i	native
প্রচেশ্টাগুলো	pr O ch e sh T a g u l O	compound
প্রচেশ্টাতেই	pr O ch e sh T a t e i	native
প্রচেশ্টার	pr O ch e sh T a r	native
প্রচেশ্টারই	pr O ch e sh T a r i	native
প্রচেশ্টাসহ	pr O ch e sh T a sh o h O	native
প্রচেশ্টায়	pr O ch e sh T a y	native
প্রচ্ছদকাহিনি	pr O ch chh o d k a h i n i	compound
প্রচ্ছদটি	pr O ch chh o d T i	native
প্রচ্ছদসহ	pr O ch chh o d sh o h O	native
প্রচ্ছদে	pr O ch chh o d e	native
প্রচ্ছায়	pr O ch chh a y	native
প্রজ	pr O j	native
প্রজত	pr O j o t O	native
প্রজত্ন	pr O j o t n O	native
প্রজন	pr O j o n	native
প্রজননকাল	pr O j o n o n k a l	native
প্রজননকেন্দ্র	pr O j o n o n k e ndr o	compound
প্রজননকেন্দ্রের	pr O j o n o n k e ndr e r	compound
প্রজননক্ষম	pr O j O n o n o kkh o m	tatsama
প্রজননক্ষেত্র	pr O j o n o n o kh e tr O	tatsama
প্রজননক্ষেত্রে	pr O j o n o n o kh e tr e	tatsama
প্রজননস্বাস্থ্য	pr O j o n O n sh a s th O	tatsama
প্রজননস্বাস্থ্যের	pr O j O n O n sh a s th e r	tatsama
প্রজননে	pr O j O n o n e	native
প্রজননের	pr O j O n o n e r	native
প্রজন্মই	pr O j o n m O i	native
প্রজন্মও	pr O j o n m O O	native
প্রজন্মকে	pr O j O n m O k e	native
প্রজন্মসহ	pr O j o n m o sh o h O	native
প্রজন্মান্তরে	pr O j o n m a nt O r e	compound
প্রজন্মে	pr O j o n m e	native
প্রজন্মের	pr O j o n m e r	native
প্রজন্মেরও	pr O j o n m e r O	native
প্রজম্মের	pr O j o n m e r	native
প্রজা	pr O j a	native
প্রজাত	pr O j a t O	native
প্রজাতন্ত্র	pr O j a t o n t r O	native
প্রজাতন্ত্রগুলোকে	pr O j a t o n t r o g u l O k e	compound
প্রজাতন্ত্রটির	pr O j a t o n t r o T i r	compound
প্রজাতন্ত্রি	pr O j a t o n t r i	native
প্রজাতন্ত্রে	pr O j a t o n t r e	native
প্রজাতন্ত্রের	pr O j a t o n t r e r	compound
প্রজাতি	pr O j a t i	native
প্রজাতিগুলো	pr O j a t i g u l O	native
প্রজাতির	pr O j a t i r	native
প্রজার	pr O j a r	native
প্রজাসাধারনের	pr O j a sh a dh a r o n e r	compound
প্রজাস্বত্ব	pr O j a sh o tt O	tatsama
প্রজায়িনি	pr O j a y i n i	native
প্রজুক্ত	pr O j u kt O	native
প্রজুক্তা	pr O j u kt a	native
প্রজুক্তি	pr O j u kt i	native
প্রজুক্তিই	pr O j u kt i i	native
প্রজুক্তিও	pr O j u kt i O	native
প্রজুক্তিকে	pr O j u kt i k e	native
প্রজুক্তিকেই	pr O j u kt i k e i	native
প্রজুক্তিগত	pr O j u kt i g o t O	native
প্রজুক্তিগতভাবে	pr O j u kt i g o t o bh a b e	compound
প্রজুক্তিগুলোর	pr O j u kt i g u l O r	compound
প্রজুক্তিজ্ঞানসম্পন্ন	pr O j u kt i j ny a n sh o mp o nn O	tatsama
প্রজুক্তিটি	pr O j u kt i T i	native
প্রজুক্তিটিকে	pr O j u kt i T i k e	compound
প্রজুক্তিটির	pr O j u kt i T i r	native
প্রজুক্তিতে	pr O j u kt i t e	native
প্রজুক্তিনির্ভর	pr O j u kt i n i r bh o r	compound
প্রজুক্তিপন্য	pr O j u kt i p o n n O	compound
প্রজুক্তিপন্যে	pr O j u kt i p o n n e	compound
প্রজুক্তিপন্যের	pr O j u kt i p O n n e r	compound
প্রজুক্তিপ্রতিশ্ঠান	pr O j u kt i pr o t i sh Th a n	compound
প্রজুক্তিপ্রেমি	pr O j u kt i pr e m i	compound
প্রজুক্তিপ্রেমিদের	pr O j u kt i pr e m i d e r	compound
প্রজুক্তিবাজারে	pr O j u kt i b a j a r e	compound
প্রজুক্তিবান্ধব	pr O j u kt i b a ndh O b	compound
প্রজুক্তিবিদ	pr O j u kt i b i d	native
প্রজুক্তিবিদদের	pr O j u kt i b i d d e r	compound
প্রজুক্তিবিদরা	pr O j u kt i b i d r a	compound
প্রজুক্তিবিদের	pr O j u kt i b i d e r	compound
প্রজুক্তিবিদেরা	pr O j u kt i b i d e r a	compound
প্রজুক্তিবিশ্বে	pr O j u kt i b i sh sh e	tatsama
প্রজুক্তিবিশয়ক	pr O j u kt i b i sh o y o k	compound
প্রজুক্তিভিত্তিক	pr O j u kt i bh i tt i k	compound
প্রজুক্তিমন্ত্রি	pr O j u kt i m o n t r i	compound
প্রজুক্তিমুখি	pr O j u kt i m u kh i	compound
প্রজুক্তির	pr O j u kt i r	native
প্রজুক্তিসংক্রান্ত	pr O j u kt i sh o ng kr a n o t o	compound
প্রজুক্তিসংবলিত	pr O j u kt i sh o ng b o l i t o	compound
প্রজুক্তিসংশ্লিশ্ট	pr O j u kt i sh o ng sh l i sh Th o	compound
প্রজুক্তিসমৃদ্ধ	pr O j u kt i sh o m ri d dh O	tatsama
প্রজুক্তিসম্পন্ন	pr O j u kt i sh o mp o nn O	compound
প্রজুক্তিসহ	pr O j u kt i sh o h O	native
প্রজুক্তিসুবিধা	pr O j u kt i sh u b i dh a	compound
প্রজুক্তিসেবা	pr O j u kt i sh e b a	compound
প্রজুজ্যমান	pr O j u j j O m a n	native
প্রজেকশন	pr O j e k sh O n	native
প্রজেকশনে	pr O j e k sh o n e	native
প্রজেকশনের	pr O j e k sh o n e r	native
প্রজেক্ট	pr O j e k T	loanword
প্রজেক্টটি	pr O j e k T T i	loanword
প্রজেক্টর	pr O j e k T o r	loanword
প্রজেক্টরে	pr O j e k T O r e	loanword
প্রজেক্টস	pr O j e k T s	loanword
প্রজেক্টে	pr O j e k T e	loanword
প্রজেক্টের	pr O j e k T e r	loanword
প্রজেরিয়া	pr O j e r i y a	native
প্রজেরিয়ার	pr O j e r i y a r	native
প্রজোক্তা	pr O j O kt a	native
প্রজোজক	pr O j O j o k	native
প্রজোজকও	pr O j O j o k O	native
প্রজোজককে	pr O j O j o k k e	native
প্রজোজকদের	pr O j O j o k d e r	native
প্রজোজকরা	pr O j O j O k r a	native
প্রজোজকের	pr O j O j o k e r	native
প্রজোজকেরা	pr O j O j o k e r a	native
প্রজোজন	pr O j O j o n	native
প্রজোজনা	pr O j O j o n a	native
প্রজোজনাও	pr O j O j o n a O	native
প্রজোজনাকে	pr O j O j o n a k e	native
প্রজোজনাটি	pr O j O j o n a T i	native
প্রজোজনাটির	pr O j O j o n a T i r	native
প্রজোজনার	pr O j O j o n a r	native
প্রজোজনায়	pr O j O j o n a y	native
প্রজোজনিয়	pr O j O j o n i y	native
প্রজোজিত	pr O j O j i t O	native
প্রজোজ্য	pr O j O j j O	native
প্রজ্জ্বলন	pr O j j O l o n	tatsama
প্রজ্জ্বলনশিল	pr O j j O l O n sh i l	tatsama
প্রজ্ঞা	pr O g g a	tatsama
প্রজ্ঞাও	pr O g g a O	tatsama
প্রজ্ঞাকে	pr O g g a k e	tatsama
প্রজ্ঞান	pr O g g a n	tatsama
প্রজ্ঞানানন্দ	pr O g g a n a n o nd O	tatsama
প্রজ্ঞাপনও	pr O g g a p o n O	tatsama
প্রজ্ঞাপনকে	pr O g g a p o n k e	tatsama
প্রজ্ঞাপনটি	pr O g g a p o n T i	tatsama
প্রজ্ঞাপনের	pr O g g a p o n e r	tatsama
প্রজ্ঞাময়	pr O g g a m o y	tatsama
প্রজ্ঞার	pr O g g a r	tatsama
প্রজ্ঞায়	pr O g g a y	tatsama
প্রজ্বলন	pr O j j o l O n	tatsama
প্রজ্বলিত	pr O j j O l i t o	tatsama
প্রজ্বালন	pr O j j O l o n	tatsama
প্রজ্বালনের	pr O j j O l o n e r	tatsama
প্রটেকটেড	pr O T e k o T e D	native
প্রটেকশন	pr O T e k sh O n	native
প্রটেকশনের	pr O T e k o sh o n e r	native
প্রটেক্ট	pr O T e k T	native
প্রটেক্টর	pr O T e k T o r	native
প্রটেস্টান্ট;	pr O T e s T A n T	loanword
প্রটোকল	pr O T O k o l	native
প্রটোকলকে	pr O T O k o l o k e	native
প্রটোকলটিকে	pr O T O k o l o T i k e	native
প্রটোকলের	pr O T O k o l e r	native
প্রটোটাইপ	pr O T O T a i p	native
প্রডাকটিভিটি	pr O D a k T i bh i T i	loanword
প্রডাকশন	pr O D a k sh O n	native
প্রডাকশনের	pr O D a k sh o n e r	native
প্রডাক্ট	pr O D a k T	native
প্রডাক্টকে	pr O D a k T k e	native
প্রডাক্টস	pr O D a k T s	loanword
প্রডিউসার	pr O D i u s a r	loanword
প্রডিজি	pr O D i j i	native
প্রতনু	pr O t O n u	native
প্রতপ্ত	pr O t o p t O	native
প্রতর্ক	pr O t o r k o	native
প্রতাকায়	pr O t i k a y o	native
প্রতান	pr O t a n	native
প্রতাপ	pr O t a p	native
প্রতাপকে	pr O t a p k e	native
প্রতাপগড়	pr O t a p g o r	native
প্রতাপনগর	pr O t a p n o g O r	native
প্রতাপপুর	pr a t a p p u r	native
প্রতাপশালি	pr O t a p sh a l i	native
প্রতাপাদিত্য	pr O t a p a d i t t O	native
প্রতাপে	pr O t a p e	native
প্রতাপের	pr O t a p e r	native
প্রতারক	pr O t a r O k	native
প্রতারককে	pr O t a r o k k e	native
প্রতারকচক্র	pr O t a r o k ch o kr O	native
প্রতারকচক্রের	pr O t a r o k ch o kr e r	compound
প্রতারকদের	pr O t a r o k d e r	native
প্রতারকরা	pr O t a r O k r a	native
প্রতারকের	pr O t a r o k e r	native
প্রতারকেরা	pr O t a r o k e r a	native
প্রতারনা	pr O t a r O n a	native
প্রতারনাই	pr O t a r o n a i	native
প্রতারনাও	pr O t a r o n a O	native
প্রতারনাকারি	pr O t a r o n a k a r i	native
প্রতারনাকে	pr O t a r o n a k e	native
প্রতারনাপুর্ন	pr O t a r o n a p u r n O	compound
প্রতারনামুলক	pr O t a r O n a m u l O k	native
প্রতারনামুলকভাবে	pr O t a r o n a m u l o k bh a b e	compound
প্রতারনার	pr O t a r o n a r	native
প্রতারনাসহ	pr O t a r o n a sh o h O	native
প্রতারনায়	pr O t a r o n a y	native
প্রতারিত	pr O t a r i t O	native
প্রতারিতও	pr O t a r i t O	native
প্রতিই	pr O t i i	native
প্রতিউত্তর	pr O t i u tt O r	native
প্রতিও	pr O t i O	native
প্রতিক	pr O t i k	native
প্রতিকও	pr O t i k O	native
প্রতিককে	pr O t i k k e	native
প্রতিকগুলো	pr O t i k g u l O	native
প্রতিকনা	pr O t i k o n a	native
প্রতিকর্তা	pr O t i k o r t a	native
প্রতিকর্ম	pr O t i k o r m O	native
প্রতিকর্ষ	pr O t i k o r sh O	tatsama
প্রতিকসহ	pr O t i k sh o h O	native
প্রতিকস্বরুপ	pr O t i k sh o r u p	tatsama
প্রতিকা	pr O t i k a	native
প্রতিকারই	pr O t i k a r i	native
প্রতিকারও	pr O t i k a r O	native
প্রতিকারপ্রার্থি	pr O t i k a r o pr a r th i	compound
প্রতিকারমুলক	pr O t i k a r o m u l o k	native
প্রতিকারহিন	pr O t i k a r o h i n	native
প্রতিকারে	pr O t i k a r e	native
প্রতিকি	pr O t i k i	native
প্রতিকিভাবে	pr O t i k i bh a b e	native
প্রতিকুল	pr O t i k u l	native
প্রতিকুলতা	pr O t i k u l O t a	native
প্রতিকুলতাকে	pr O t i k u l O t a k e	native
প্রতিকুলতার	pr O t i k u l O t a r	native
প্রতিকুলতায়	pr O t i k u l o t a y	native
প্রতিকুলে	pr O t i k u l e	native
প্রতিকৃত	pr O t i k ri t O	tatsama
প্রতিকৃতিটি	pr O t i k ri t i T i	tatsama
প্রতিকৃতিতে	pr O t i k ri t i t e	tatsama
প্রতিকৃতির	pr O t i k ri t i r	tatsama
প্রতিকৃতিসংবলিত	pr O t i k ri t i sh o ng b o l i t	tatsama
প্রতিকৃতিসহ	pr O t i k ri t i sh o h O	tatsama
প্রতিকে	pr O t i k e	native
প্রতিকেজি	pr O t i k e j i	native
প্রতিকের	pr O t i k e r	native
প্রতিক্রম	pr O t i kr o m	native
প্রতিক্রিয়া	pr O t i kr i y a	native
প্রতিক্রিয়াই	pr O t i kr i y a i	native
প্রতিক্রিয়াও	pr O t i kr i y a O	native
প্রতিক্রিয়াকে	pr O t i kr i y a k e	compound
প্রতিক্রিয়াগুলো	pr O t i kr i y a g u l O	compound
প্রতিক্রিয়াটা	pr O t i kr i y a T a	compound
প্রতিক্রিয়াটাও	pr O t i kr i y a T a O	compound
প্রতিক্রিয়াতেই	pr O t i kr i y a t e i	compound
প্রতিক্রিয়াতেও	pr O t i kr i y a t e O	compound
প্রতিক্রিয়ার	pr O t i kr i y a r	native
প্রতিক্রিয়াশিল	pr O t i kr i y a sh i l	compound
প্রতিক্রিয়াশিলতা	pr O t i kr i y a sh i l o t a	compound
প্রতিক্রিয়াশিলতার	pr O t i kr i y a sh i l o t a r	compound
প্রতিক্রিয়াশিলদের	pr O t i kr i y a sh i l o d e r	compound
প্রতিক্রিয়াহিন	pr O t i kr i y a h i n	compound
প্রতিক্রিয়ায়	pr O t i kr i y a y	native
প্রতিক্ষন	pr O t i kkh o n	tatsama
প্রতিক্ষা	pr O t i kkh a	tatsama
প্রতিক্ষার	pr O t i kkh a r	tatsama
প্রতিক্ষায়	pr O t i kkh a y	tatsama
প্রতিক্ষিত	pr O t i kkh i t O	tatsama
প্রতিগমন	pr O t i g o m O n	native
প্রতিগ্রহ	pr O t i g gr O h O	native
প্রতিগ্রাহ	pr O t i k gr a h O	native
প্রতিঘ	pr O t i gh O	native
প্রতিঘাতে	pr O t i gh a t e	native
প্রতিঘাতের	pr O t i gh a t e r	native
প্রতিচক্ষু	pr O t i ch O kkh u	tatsama
প্রতিচি	pr O t i ch i	native
প্রতিচিত্র	pr O t i ch i tr O	native
প্রতিচ্ছবিও	pr O t i ch chh o b i O	native
প্রতিচ্ছায়া	pr O t i ch chh a y a	native
প্রতিজন	pr O t i j o n	native
প্রতিজনে	pr O t i j o n e	native
প্রতিজিহ্বা	pr O t i j i O bh a	native
প্রতিজোগ	pr O t i j O g	native
প্রতিজোগসহ	pr O t i j O g o sh o h O	native
প্রতিজোগি	pr O t i j O g i	native
প্রতিজোগিকে	pr O t i j O g i k e	native
প্রতিজোগিতা	pr O t i j O g i t a	native
প্রতিজোগিতাই	pr O t i j O g i t o i	native
প্রতিজোগিতাও	pr O t i j O g i t a O	native
প্রতিজোগিতাকে	pr O t i j O g i t a k e	compound
প্রতিজোগিতাগুলো	pr O t i j O g i t a g u l O	compound
প্রতিজোগিতাগুলোতে	pr O t i j O g i t a g u l O t e	compound
প্রতিজোগিতাটা	pr O t i j O g i t a T a	compound
প্রতিজোগিতাটি	pr O t i j O g i t a T i	compound
প্রতিজোগিতাটির	pr O t i j O g i t a T i r	compound
প্রতিজোগিতাতে	pr O t i j O g i t a t e	compound
প্রতিজোগিতাতেই	pr O t i j O g i t a t e i	compound
প্রতিজোগিতাতেও	pr O t i j O g i t a t e O	compound
প্রতিজোগিতাপুর্ন	pr O t i j O g i t a p u r n O	compound
প্রতিজোগিতাবিরুদ্ধ	pr O t i j O g i t a b i r u d dh O	tatsama
প্রতিজোগিতামুলক	pr O t i j O g i t a m u l O k	compound
প্রতিজোগিতামুলকভাবে	pr O t i j O g i t a m u l o k bh a b e	compound
প্রতিজোগিতার	pr O t i j O g i t a r	native
প্রতিজোগিতারও	pr O t i j O g i t a r O	compound
প্রতিজোগিতাশিলতা	pr O t i j O g i t a sh i l o t a	compound
প্রতিজোগিতাসহ	pr O t i j O g i t a sh o h O	compound
প্রতিজোগিতাহিন	pr O t i j O g i t a h i n	compound
প্রতিজোগিতায়	pr O t i j O g i t a y	native
প্রতিজোগিতায়ই	pr O t i j O g i t a y i	compound
প্রতিজোগিতায়ও	pr O t i j O g i t a y O	compound
প্রতিজোগিদের	pr O t i j O g i d e r	native
প্রতিজোগির	pr O t i j O g i r	native
প্রতিজোগিরা	pr O t i j O g i r a	native
প্রতিজোগে	pr O t i j O g e	native
প্রতিজোগের	pr O t i j O g e r	native
প্রতিজ্ঞ	pr O t i g g O	tatsama
প্রতিজ্ঞা	pr O t i g g a	tatsama
প্রতিজ্ঞাই	pr O t i g g a i	tatsama
প্রতিজ্ঞাটা	pr O t i g g a T a	tatsama
প্রতিজ্ঞাবদ্ধ	pr O t i g g a b o d dh O	tatsama
প্রতিজ্ঞার	pr O t i g g a r	tatsama
প্রতিজ্ঞায়	pr O t i g g a y o	tatsama
প্রতিটন	pr O t i T o n	native
প্রতিটি	pr O t i T i	native
প্রতিটিই	pr O t i T i i	native
প্রতিটিতে	pr O t i T i t e	native
প্রতিটিতেই	pr O t i T i t e i	native
প্রতিটির	pr O t i T i r	native
প্রতিটিরই	pr O t i T i r i	native
প্রতিতি	pr O t i t i	native
প্রতিত্যসমুৎপাদ	pr O t i t t O sh o m u t p a d O	compound
প্রতিদত্ত	pr O t i d o tt O	native
প্রতিদান	pr O t i d a n	native
প্রতিদানও	pr O t i d a n O	native
প্রতিদানস্বরুপ	pr O t i d a n o sh o r u p	tatsama
প্রতিদানে	pr O t i d a n e	native
প্রতিদানের	pr O t i d a n e r	native
প্রতিদিন	pr O t i d i n	native
প্রতিদিনই	pr O t i d i n i	native
প্রতিদিনকার	pr O t i d i n k a r	native
প্রতিদিনকে	pr O t i d i n k e	native
প্রতিদিনের	pr O t i d i n e r	native
প্রতিদিশ্ট	pr O t i d i sh T O	native
প্রতিদেয়	pr O t i d e y O	native
প্রতিদ্বন্দ্বি	pr O t i d d O nd i	compound
প্রতিদ্বন্দ্বিই	pr O t i d o n d i i	compound
প্রতিদ্বন্দ্বিকে	pr O t i d d O nd i k e	compound
প্রতিদ্বন্দ্বিতা	pr O t i d d O nd i t a	compound
প্রতিদ্বন্দ্বিতাই	pr O t i d o n d i t a i	compound
প্রতিদ্বন্দ্বিতাও	pr O t i d o n d i t a O	compound
প্রতিদ্বন্দ্বিতাকারি	pr O t i d O n d i t a k a r i	compound
প্রতিদ্বন্দ্বিতাকারিদের	pr O t i d o n d i t a k a r i d e r	compound
প্রতিদ্বন্দ্বিতাপুর্ন	pr O t i d d O nd i t a p u r n O	compound
প্রতিদ্বন্দ্বিতামুলক	pr O t i d d O nd i t a m u l O k	compound
প্রতিদ্বন্দ্বিতার	pr O t i d O n d i t a r	compound
প্রতিদ্বন্দ্বিতায়	pr O t i d o n d i t a y o	compound
প্রতিদ্বন্দ্বিদের	pr O t i d d O nd i d e r	compound
প্রতিদ্বন্দ্বির	pr O t i d O n d i r	compound
প্রতিদ্বন্দ্বিরা	pr O t i d d O nd i r a	compound
প্রতিধ্বনি	pr O t i dh O n i	tatsama
প্রতিনিধি	pr O t i n i dh i	native
প্রতিনিধিই	pr O t i n i dh i i	native
প্রতিনিধিও	pr O t i n i dh i O	native
প্রতিনিধিকে	pr O t i n i dh i k e	native
প্রতিনিধিকেও	pr O t i n i dh i k e O	native
প্রতিনিধিত্বও	pr O t i n i dh i tt O O	tatsama
প্রতিনিধিত্বকারি	pr O t i n i dh i tt O k a r i	tatsama
প্রতিনিধিত্বমুলক	pr O t i n i dh i tt O m u l o k	tatsama
প্রতিনিধিত্বশিল	pr O t i n i dh i tt O sh i l	tatsama
প্রতিনিধিদল	pr O t i n i dh i d o l	native
প্রতিনিধিদলও	pr O t i n i dh i d o l O	native
প্রতিনিধিদলকে	pr O t i n i dh i d o l k e	compound
প্রতিনিধিদলটি	pr O t i n i dh i d o l T i	compound
প্রতিনিধিদলটির	pr O t i n i dh i d o l T i r	compound
প্রতিনিধিদলে	pr O t i n i dh i d o l e	native
প্রতিনিধিদলের	pr O t i n i dh i d o l e r	compound
প্রতিনিধিদেরও	pr O t i n i dh i d e r O	compound
প্রতিনিধির	pr O t i n i dh i r	native
প্রতিনিধিরা	pr O t i n i dh i r a	native
প্রতিনিধিরাই	pr O t i n i dh i r a i	native
প্রতিনিধিরাও	pr O t i n i dh i r a O	native
প্রতিনিধিসহ	pr O t i n i dh i sh o h O	native
প্রতিনিবর্তন	pr O t i n i b o r t o n	native
প্রতিনিবৃত্ত	pr O t i n i b ri tt O	tatsama
প্রতিনিয়ত	pr O t i n i y O t O	native
প্রতিনিয়তই	pr O t i n i y o t o i	native
প্রতিনিয়িত	pr O t i n i y i t o	native
প্রতিপক্ষ	pr O t i p o kkh O	tatsama
প্রতিপক্ষই	pr O t i p o kkh O i	tatsama
প্রতিপক্ষও	pr O t i p o kkh O O	tatsama
প্রতিপক্ষকে	pr O t i p o kkh O k e	tatsama
প্রতিপক্ষকেও	pr O t i p o kkh O k e O	tatsama
প্রতিপক্ষগন	pr O t i p o kkh O g o n	tatsama
প্রতিপক্ষদের	pr O t i p o kkh O d e r	tatsama
প্রতিপক্ষহিন	pr O t i p o kkh O h i n	tatsama
প্রতিপক্ষে	pr O t i p o kkh e	tatsama
প্রতিপক্ষের	pr O t i p o kkh e r	tatsama
প্রতিপত্তিশালি	pr O t i p o tt i sh a l i	compound
প্রতিপদ	pr O t i p o d	native
প্রতিপদে	pr O t i p o d e	native
প্রতিপন্ন	pr O t i p o nn O	native
প্রতিপাদক	pr O t i p a d o k	native
প্রতিপাদন	pr O t i p a d O n	native
প্রতিপাদনের	pr O t i p a d o n e r	native
প্রতিপাদ্য	pr O t i p a d d O	native
প্রতিপাদ্যকে	pr O t i p a d d O k e	native
প্রতিপাদ্যে	pr O t i p a d d e	native
প্রতিপাদ্যের	pr O t i p a d d e r	native
প্রতিপালক	pr O t i p a l O k	native
প্রতিপালকের	pr O t i p a l O k e r	native
প্রতিপালন	pr O t i p a l O n	native
প্রতিপালিত	pr O t i p a l i t O	native
প্রতিফল	pr O t i ph o l	native
প্রতিফলন	pr O t i ph o l O n	native
প্রতিফলনই	pr O t i ph o l o n i	native
প্রতিফলনও	pr O t i ph o l o n O	native
প্রতিফলনে	pr O t i ph o l O n e	native
প্রতিফলনের	pr O t i ph o l O n e r	native
প্রতিফলিত	pr O t i ph O l i t O	native
প্রতিবছর	pr O t i b o chh O r	native
প্রতিবছরে	pr O t i b o chh o r e	native
প্রতিবছরের	pr O t i b o chh O r e r	native
প্রতিবদেন	pr O t i b o d e n	native
প্রতিবন্ধক	pr O t i b o ndh O k	tatsama
প্রতিবন্ধকতা	pr O t i b o ndh O k o t a	tatsama
প্রতিবন্ধকতাই	pr O t i b o ndh O k o t a i	compound
প্রতিবন্ধকতাকে	pr O t i b o ndh O k o t a k e	compound
প্রতিবন্ধকতাগুলো	pr O t i b o ndh O k o t a g u l O	compound
প্রতিবন্ধি	pr O t i b O ndh i	tatsama
প্রতিবন্ধিকে	pr O t i b O ndh i k e	tatsama
প্রতিবন্ধিতা	pr O t i b O ndh i t a	tatsama
প্রতিবন্ধিতার	pr O t i b O ndh i t a r	compound
প্রতিবন্ধিত্ব	pr O t i b o ndh i tt O	tatsama
প্রতিবন্ধিদের	pr O t i b O ndh i d e r	compound
প্রতিবন্ধিবিশয়ক	pr O t i b o ndh i b i sh o y o k	compound
প্রতিবন্ধির	pr O t i b O ndh i r	tatsama
প্রতিবন্ধিরা	pr O t i b O ndh i r a	tatsama
প্রতিবন্ধিরাও	pr O t i b o ndh i r a O	compound
প্রতিবন্ধিসহ	pr O t i b O ndh i sh o h O	tatsama
প্রতিবর্নিকরন	pr O t i b O r n i k o r O n	compound
প্রতিবর্নিকরনের	pr O t i b O r n i k o r O n e r	compound
প্রতিবাত	pr O t i b a t	native
প্রতিবাদ	pr O t i b a d	native
প্রতিবাদই	pr O t i b a d i	native
প্রতিবাদও	pr O t i b a d O	native
প্রতিবাদকারি	pr O t i b a d k a r i	native
প্রতিবাদকারিদের	pr O t i b a d k a r i d e r	compound
প্রতিবাদকারিরা	pr O t i b a d k a r i r a	compound
প্রতিবাদকে	pr O t i b a d k e	native
প্রতিবাদটা	pr O t i b a d T a	native
প্রতিবাদটি	pr O t i b a d T i	native
প্রতিবাদপত্র	pr O t i b a d p o tr O	native
প্রতিবাদপত্রে	pr O t i b a d p o tr e	compound
প্রতিবাদপত্রের	pr O t i b a d p o tr e r	compound
প্রতিবাদমুখর	pr O t i b a d m u kh O r	native
প্রতিবাদলিপি	pr O t i b a d l i p i	native
প্রতিবাদলিপিতে	pr O t i b a d l i p i t e	compound
প্রতিবাদসভার	pr O t i b a d sh o bh a r	native
প্রতিবাদসহ	pr O t i b a d sh o h O	native
প্রতিবাদস্বরুপ	pr O t i b a d sh r u p	tatsama
প্রতিবাদহিন	pr O t i b a d h i n	native
প্রতিবাদি	pr O t i b a d i	native
প্রতিবাদিদের	pr O t i b a d i d e r	native
প্রতিবাদেই	pr O t i b a d e i	native
প্রতিবাদেও	pr O t i b a d e O	native
প্রতিবাদের	pr O t i b a d e r	native
প্রতিবার	pr O t i b a r	native
প্রতিবারই	pr O t i b a r i	native
প্রতিবারে	pr O t i b a r e	native
প্রতিবারের	pr O t i b a r e r	native
প্রতিবাসি	pr O t i b a sh i	loanword
প্রতিবিধান	pr O t i b i dh a n	native
প্রতিবিধানের	pr O t i b i dh a n e r	native
প্রতিবিধিৎসা	pr O t i b i dh i t sh a	native
প্রতিবিপ্লব	pr O t i b i p l o b	loanword
প্রতিবিপ্লবি	pr O t i b i p l o b i	loanword
প্রতিবিপ্লবের	pr O t i b i p l o b e r	loanword
প্রতিবিম্ব	pr O t i b i mb O	native
প্রতিবিহিত	pr O t i b i h i t O	native
প্রতিবেদক	pr O t i b e d O k	native
প্রতিবেদকও	pr O t i b e d O k O	native
প্রতিবেদককে	pr O t i b e d O k k e	native
প্রতিবেদকদের	pr O t i b e d o k d e r	native
প্রতিবেদকসহ	pr O t i b e d O k sh o h O	native
প্রতিবেদকের	pr O t i b e d o k e r	native
প্রতিবেদকেরা	pr O t i b e d o k e r a	native
প্রতিবেদনই	pr O t i b e d o n i	native
প্রতিবেদনকে	pr O t i b e d O n k e	native
প্রতিবেদনগুলো	pr O t i b e d O n g u l O	compound
প্রতিবেদনগুলোর	pr O t i b e d o n g u l O r	compound
প্রতিবেদনটি	pr O t i b e d O n T i	native
প্রতিবেদনটিই	pr O t i b e d o n T i i	native
প্রতিবেদনটিও	pr O t i b e d o n T i O	native
প্রতিবেদনটিকে	pr O t i b e d o n T i k e	compound
প্রতিবেদনপ্রাপ্তির	pr O t i b e d o n pr a p t i r	compound
প্রতিবেদনমতে	pr O t i b e d o n m o t e	native
প্রতিবেদনসংক্রান্ত	pr O t i b e d o n sh o ng kr a nt O	compound
প্রতিবেদনসমুহ	pr O t i b e d o n sh o m u h o	compound
প্রতিবেদনসহ	pr O t i b e d o n sh o h O	native
প্রতিবেদনে	pr O t i b e d O n e	native
প্রতিবেদনেই	pr O t i b e d O n e i	native
প্রতিবেদনেও	pr O t i b e d o n e O	native
প্রতিবেদনের	pr O t i b e d O n e r	native
প্রতিবেশ	pr O t i b e sh	native
প্রতিবেশগত	pr O t i b e sh g o t O	native
প্রতিবেশবান্ধব	pr O t i b e sh o b a ndh o b	compound
প্রতিবেশবিশয়ক	pr O t i b e sh o b i sh o y o k	compound
প্রতিবেশব্যবস্থা	pr O t i b e sh o b A b O sth a	compound
প্রতিবেশব্যবস্থার	pr O t i b e sh o b A b O sth a r	compound
প্রতিবেশিকে	pr O t i b e sh i k e	native
প্রতিবেশির	pr O t i b e sh i r	native
প্রতিবেশিরা	pr O t i b e sh i r a	native
প্রতিবেশিরাও	pr O t i b e sh i r a O	native
প্রতিবেশিসহ	pr O t i b e sh i sh o h O	native
প্রতিবেশিয়	pr O t i b e sh i y o	native
প্রতিবেশে	pr O t i b e sh e	native
প্রতিবোধ;	pr O t i b O dh	native
প্রতিভরি	pr O t i bh O r i	native
প্রতিভাকে	pr O t i bh a k e	native
প্রতিভাত	pr O t i bh a t O	native
প্রতিভাবলে	pr O t i bh a b o l e	native
প্রতিভাবান	pr O t i bh a b a n	native
প্রতিভাবানদের	pr O t i bh a b a n d e r	compound
প্রতিভাময়ি	pr O t i bh a m o y i	native
প্রতিভাস	pr O t i bh a sh	native
প্রতিভায়	pr O t i bh a y	native
প্রতিভু	pr O t i bh u	native
প্রতিম	pr O t i m	native
প্রতিমন	pr O t i m o n	native
প্রতিমন্ত্রি	pr O t i m O n	native
প্রতিমন্ত্রিও	pr O t i m O nt ri O	compound
প্রতিমন্ত্রিকে	pr O t i m O nt ri k e	compound
প্রতিমন্ত্রিদের	pr O t i m O nt ri d e r	compound
প্রতিমন্ত্রির	pr O t i m O nt ri r	compound
প্রতিমন্ত্রিরা	pr O t i m O nt ri r a	compound
প্রতিমন্ত্রিসহ	pr O t i m O nt ri sh o h O	compound
প্রতিমা	pr O t i m a	native
প্রতিমাগুলো	pr O t i m a g u l O	native
প্রতিমান	pr O t i m a n	native
প্রতিমার	pr O t i m a r	native
প্রতিমাসে	pr O t i m a sh e	native
প্রতিমাসেই	pr O t i m a sh e i	native
প্রতিমায়	pr O t i m a y	native
প্রতিমুখ	pr O t i m u kh	native
প্রতিমুর্তি	pr O t i m u r t i	native
প্রতিমুহুর্ত	pr O t i m u h u r t O	native
প্রতিমুহুর্তে	pr O t i m u h u r t e	compound
প্রতির	pr O t i r	native
প্রতিরক্ষন	pr O t i r o kkh O n	tatsama
প্রতিরক্ষানিতি	pr O t i r O kkh a n i t i	tatsama
প্রতিরক্ষাবিশয়ক	pr O t i r o kkh a b i sh o y o k	tatsama
প্রতিরক্ষাব্যবস্থা	pr O t i r O kkh a b A b O sth a	tatsama
প্রতিরক্ষাব্যবস্থাকে	pr O t i r o kkh a b A b O sth a k e	tatsama
প্রতিরক্ষাব্যবস্থার	pr O t i r o kkh a b A b O sth a r	tatsama
প্রতিরক্ষাব্যবস্থায়	pr O t i r o kkh a b A b O sth a y	tatsama
প্রতিরক্ষাব্যুহ	pr O t i r o kkh a b u h O	tatsama
প্রতিরক্ষামন্ত্রি	pr O t i r o kkh a m O n	tatsama
প্রতিরক্ষামন্ত্রিকে	pr O t i r o kkh a m o n t r i k e	tatsama
প্রতিরক্ষামন্ত্রিদের	pr O t i r o kkh a m o n t r i d e r	tatsama
প্রতিরক্ষামন্ত্রির	pr O t i r o kkh a m O nt ri r	tatsama
প্রতিরক্ষামুলক	pr O t i r o kkh a m u l O k	tatsama
প্রতিরক্ষার	pr O t i r o kkh a r	tatsama
প্রতিরক্ষাসংশ্লিশ্ট	pr O t i r o kkh a sh o ng sh l i sh T o	tatsama
প্রতিরক্ষাসচিব	pr O t i r o kkh a sh o ch i b	tatsama
প্রতিরক্ষায়	pr O t i r o kkh a y	tatsama
প্রতিরা	pr O t i r a	native
প্রতিরাতেই	pr O t i r a t e i	native
প্রতিরুপ	pr O t i r u p	native
প্রতিরোধ	pr O t i r O dh	native
প্রতিরোধই	pr O t i r O dh i	native
প্রতিরোধও	pr O t i r O dh O	native
প্রতিরোধকল্পে	pr O t i r O dh k o l p e	compound
প্রতিরোধকারি	pr O t i r O dh k a r i	native
প্রতিরোধকে	pr O t i r O dh o k e	native
প্রতিরোধজুদ্ধ	pr O t i r O dh j u d dh O	tatsama
প্রতিরোধজুদ্ধে	pr O t i r O dh j u d dh e	tatsama
প্রতিরোধজুদ্ধের	pr O t i r O dh j u d dh e r	tatsama
প্রতিরোধজোগ্য	pr O t i r O dh j O g g O	compound
প্রতিরোধবিশয়ক	pr O t i r O dh b i sh o y o k	compound
প্রতিরোধব্যবস্থা	pr O t i r O dh b A b O sth a	compound
প্রতিরোধব্যুহ	pr O t i r O dh b u h O	compound
প্রতিরোধমুলক	pr O t i r O dh m u l O k	native
প্রতিরোধসংক্রান্ত	pr O t i r O dh sh o ng kr a nt O	compound
প্রতিরোধসহ	pr O t i r O dh sh o h O	native
প্রতিরোধহিন	pr O t i r O dh h i n	native
প্রতিরোধি	pr O t i r O dh i	native
প্রতিরোধে	pr O t i r O dh e	native
প্রতিরোধেও	pr O t i r O dh e O	native
প্রতিলিপি	pr O t i l i p i	native
প্রতিলোম	pr O t i l O m	native
প্রতিশব্দ	pr O t i sh o b d O	native
প্রতিশব্দই	pr O t i sh o b d O i	native
প্রতিশিদ্ধ	pr O t i sh i d dh o	tatsama
প্রতিশেধ	pr O t i sh e d	native
প্রতিশেধক	pr O t i sh e dh O k	native
প্রতিশোধ	pr O t i sh O dh	native
প্রতিশোধই	pr O t i sh O dh i	native
প্রতিশোধও	pr O t i sh O dh O	native
প্রতিশোধটা	pr O t i sh O dh T a	native
প্রতিশোধপরায়ন	pr O t i sh O dh p o r a y o n	compound
প্রতিশোধমুলক	pr O t i sh O dh m u l O k	native
প্রতিশোধস্পৃহা	pr O t i sh O dh s p ri h a	tatsama
প্রতিশোধস্পৃহাও	pr O t i sh O dh s p ri h a O	tatsama
প্রতিশোধস্পৃহায়	pr O t i sh O dh s p ri h a y	tatsama
প্রতিশোধে	pr O t i sh O dh e	native
প্রতিশোধের	pr O t i sh O dh e r	native
প্রতিশ্টম্ভ	pr O t i sh T o m bh O	native
প্রতিশ্ঠা	pr O t i sh Th a	native
প্রতিশ্ঠাই	pr O t i sh Th a i	native
প্রতিশ্ঠাও	pr O t i sh Th a O	native
প্রতিশ্ঠাকারি	pr O t i sh Th a k a r i	compound
প্রতিশ্ঠাকাল	pr O t i sh Th a k a l	native
প্রতিশ্ঠাকালিন	pr O t i sh Th a k a l i n	compound
প্রতিশ্ঠাকালে	pr O t i sh Th a k a l e	compound
প্রতিশ্ঠাকে	pr O t i sh Th a k e	native
প্রতিশ্ঠাতা	pr O t i sh Th a t a	native
প্রতিশ্ঠাতাকে	pr O t i sh Th a t a k e	compound
প্রতিশ্ঠাতাদের	pr O t i sh Th a t a d e r	compound
প্রতিশ্ঠাতার	pr O t i sh Th a t a r	native
প্রতিশ্ঠাতারা	pr O t i sh Th a t a r a	compound
প্রতিশ্ঠান	pr O t i sh Th a n	native
প্রতিশ্ঠানই	pr O t i sh Th a n i	native
প্রতিশ্ঠানও	pr O t i sh Th a n O	native
প্রতিশ্ঠানকে	pr O t i sh Th a n k e	native
প্রতিশ্ঠানকেই	pr O t i sh Th a n k e i	compound
প্রতিশ্ঠানকেও	pr O t i sh Th a n k e O	compound
প্রতিশ্ঠানকেন্দ্রিক	pr O t i sh Th a n k e ndr i k	compound
প্রতিশ্ঠানগুলিতে	pr O t i sh Th a n g u l i t e	compound
প্রতিশ্ঠানগুলির	pr O t i sh Th a n g u l i r	compound
প্রতিশ্ঠানগুলো	pr O t i sh Th a n g u l O	compound
প্রতিশ্ঠানগুলোই	pr O t i sh Th a n g u l O i	compound
প্রতিশ্ঠানগুলোও	pr O t i sh Th a n g u l O O	compound
প্রতিশ্ঠানগুলোকে	pr O t i sh Th a n g u l O k e	compound
প্রতিশ্ঠানগুলোকেই	pr O t i sh Th a n g u l O k e i	compound
প্রতিশ্ঠানগুলোকেও	pr O t i sh Th a n g u l O k e O	compound
প্রতিশ্ঠানগুলোতে	pr O t i sh Th a n g u l O t e	compound
প্রতিশ্ঠানগুলোতেও	pr O t i sh Th a n g u l O t e O	compound
প্রতিশ্ঠানগুলোর	pr O t i sh Th a n g u l O r	compound
প্রতিশ্ঠানগুলোয়	pr O t i sh Th a n g u l O y	compound
প্রতিশ্ঠানটি	pr O t i sh Th a n T i	native
প্রতিশ্ঠানটিও	pr O t i sh Th a n T i O	compound
প্রতিশ্ঠানটিকে	pr O t i sh Th a n T i k e	compound
প্রতিশ্ঠানটিতে	pr O t i sh Th a n T i t e	compound
প্রতিশ্ঠানটির	pr O t i sh Th a n T i r	compound
প্রতিশ্ঠানপ্রধানদের	pr O t i sh Th a n pr o dh a n d e r	compound
প্রতিশ্ঠানবিরোধি	pr O t i sh Th a n b i r O dh i	compound
প্রতিশ্ঠানভিত্তিক	pr O t i sh Th a n bh i tt i k	compound
প্রতিশ্ঠানভেদে	pr O t i sh Th a n bh e d e	compound
প্রতিশ্ঠানসমুহ	pr O t i sh Th a n sh O m u h O	compound
প্রতিশ্ঠানসমুহকে	pr O t i sh Th a n sh o m u h o k e	compound
প্রতিশ্ঠানসমুহের	pr O t i sh Th a n sh O m u h e r	compound
প্রতিশ্ঠানসহ	pr O t i sh Th a n sh o h O	native
প্রতিশ্ঠানিক	pr O t i sh Th a n i k	native
প্রতিশ্ঠানে	pr O t i sh Th a n e	native
প্রতিশ্ঠানেই	pr O t i sh Th a n e i	native
প্রতিশ্ঠানেও	pr O t i sh Th a n e O	native
প্রতিশ্ঠানের	pr O t i sh Th a n e r	native
প্রতিশ্ঠানেরই	pr O t i sh Th a n e r i	compound
প্রতিশ্ঠানেরও	pr O t i sh Th a n e r O	compound
প্রতিশ্ঠাপন	pr O t i sh Th a p O n	native
প্রতিশ্ঠাবার্ষিকি	pr O t i sh Th a b a r sh i k i	compound
প্রতিশ্ঠাবার্ষিকিতে	pr O t i sh Th a b a r sh i k i t e	compound
প্রতিশ্ঠাবার্ষিকির	pr O t i sh Th a b a r sh i k i r	compound
প্রতিশ্ঠার	pr O t i sh Th a r	native
প্রতিশ্ঠারও	pr O t i sh Th a O	native
প্রতিশ্ঠালগ্ন	pr O t i sh Th a l o g n O	compound
প্রতিশ্ঠালগ্নে	pr O t i sh Th a l o g n e	compound
প্রতিশ্ঠাসহ	pr O t i sh Th a sh o h O	native
প্রতিশ্ঠায়	pr O t i sh Th a y	native
প্রতিশ্ঠিত	pr O t i sh Th i t o	native
প্রতিশ্ঠিতই	pr O t i sh Th i t o i	native
প্রতিশ্রুতি	pr O t i sh r u t i	native
প্রতিশ্রুতিই	pr O t i sh r u t i i	native
প্রতিশ্রুতিও	pr O t i sh r u t i O	native
প্রতিশ্রুতিকে	pr O t i sh r u t i k e	compound
প্রতিশ্রুতিগুলো	pr O t i sh r u t i g u l O	compound
প্রতিশ্রুতিগুলোর	pr O t i sh r u t i g u l O r	compound
প্রতিশ্রুতিতে	pr O t i sh r u t i t e	compound
প্রতিশ্রুতিতেই	pr O t i sh r u t i t e i	compound
প্রতিশ্রুতিবদ্ধ	pr O t i sh r u t i b o d dh O	tatsama
প্রতিশ্রুতিমতো	pr O t i sh r u t i m o t O	compound
প্রতিশ্রুতির	pr O t i sh r u t i r	native
প্রতিশ্রুতিশিল	pr O t i sh r u t i sh i l	compound
প্রতিসংহার	pr O t i sh o ng h a r	native
প্রতিসর	pr O t i sh o r	native
প্রতিসরন	pr O t i sh o r O n	native
প্রতিসরিত	pr O t i sh o r i t o	native
প্রতিসর্গ	pr O t i sh o r g O	native
প্রতিসারন	pr O t i sh a r O n	native
প্রতিসারি	pr O t o sh a r i	native
প্রতিসৃত	pr O t i sh r i t o	tatsama
প্রতিস্থাপন	pr O t i sth a p O n	native
প্রতিস্থাপনও	pr O t i sth a p o n O	native
প্রতিস্থাপনজোগ্য	pr O t i sth a p o n j O g g O	compound
প্রতিস্থাপনে	pr O t i sth a p O n e	native
প্রতিস্থাপনের	pr O t i sth a p O n e r	compound
প্রতিস্থাপিত	pr O t i sth a p i t o	native
প্রতিস্বাক্ষর	pr O t i sh a kkh O r	tatsama
প্রতিহত	pr O t i h o t O	native
প্রতিহতের	pr O t i h o t e r	native
প্রতিহনন	pr O t i h o n O n	native
প্রতিহন্তা	pr O t i h o nt a	native
প্রতিহার	pr O t i h a r	native
প্রতিহার্য	pr O t i h a r j O	native
প্রতিহিংসা	pr O t i h i ng sh a	native
প্রতিহিংসাপরায়ন	pr O t i h i ng sh a p o r a y o n	compound
প্রতিহিংসাপরায়নতার	pr O t i h i ng sh a p o r a y o n o t a r	compound
প্রতিহিংসাবশত	pr O t i h i ng sh a b o sh o t o	compound
প্রতিহিংসামুলক	pr O t i h i ng sh a m u l O k	compound
প্রতিহিংসার	pr O t i h i ng sh a r	native
প্রতিহিংসায়	pr O t i h i ng sh a y	native
প্রতিয়মান	pr O t i y O m a n	native
প্রতুল	pr O t u l	native
প্রতুলের	pr O t u l e r	native
প্রত্ন	pr O t n O	native
প্রত্নতত্ত্ববিদদের	pr O t n t o t t O b i d o d e r	tatsama
প্রত্নতত্ত্ববিদেরা	pr O t n t o t t O b i d e r a	tatsama
প্রত্নতত্ত্বের	pr O t n t o t t e r	tatsama
প্রত্নতাত্ত্বিক	pr O t n O t a t t i k	tatsama
প্রত্নতাত্ত্বিকদের	pr O t n O t a t t i k d e r	tatsama
প্রত্নতাত্ত্বিকেরা	pr O t n t a t t i k e r a	tatsama
প্রত্নপিঠ	pr O t n p i Th	native
প্রত্নপিঠের	pr O t n p i Th e r	native
প্রত্নবস্তু	pr O t n b o st u	native
প্রত্নসম্পদ	pr O t n O sh o mp o d	native
প্রত্নসম্পদের	pr O t n sh o mp o d e r	compound
প্রত্নসামগ্রি	pr O t n sh a m O gr i	compound
প্রত্নস্থান	pr O t n sth a n o	native
প্রত্য	pr O t t O	native
প্রত্যংগ	pr O t t o ng g O	native
প্রত্যংগই	pr O t t O ng g i	native
প্রত্যংগকে	pr O t t O ng g o k e	native
প্রত্যংগগুলো	pr O t t O ng g g u l O	native
প্রত্যংগের	pr O t t O ng g e r	native
প্রত্যক্ষ	pr O t t O kkh O	tatsama
প্রত্যক্ষকরন	pr O t t O kkh O k o r o n	tatsama
প্রত্যক্ষদরশি	pr O t t O kkh O d o r sh i	tatsama
প্রত্যক্ষদর্শি	pr O t t O kkh O d O r sh i	tatsama
প্রত্যক্ষদর্শিকে	pr O t t O kkh O d o r sh i k e	tatsama
প্রত্যক্ষদর্শিদের	pr O t t O kkh O d o r sh i d e r	tatsama
প্রত্যক্ষদর্শির	pr O t t O kkh O d o r sh i r	tatsama
প্রত্যক্ষদর্শিরা	pr O t t O kkh O d o r sh i r a	tatsama
প্রত্যক্ষন	pr O t t O kkh O n	tatsama
প্রত্যক্ষভাবে	pr O t t O kkh O bh a b e	tatsama
প্রত্যন্ত	pr O t t o nt O	native
প্রত্যবায়	pr O t t O b a y	native
প্রত্যবয়ব	pr O t t O b o y o b	native
প্রত্যভিজোগ	pr O t t O bh i j O g	native
প্রত্যভিবাদ	pr O t t o bh i b a d	native
প্রত্যর্থি	pr O t t O r th i	native
প্রত্যর্পন	pr O t t o r p o n	native
প্রত্যর্পনজোগ্য	pr O t t O r p o n j O g g O	compound
প্রত্যর্পনের	pr O t t O r p o n e r	native
প্রত্যহ	pr O t t O h O	native
প্রত্যাখান	pr O t t a kh a n	native
প্রত্যাখ্যাতদের	pr O t t a kh A t O d e r	compound
প্রত্যাখ্যান	pr O t t a k kh a n	native
প্রত্যাখ্যানও	pr O t t a k kh a n O	compound
প্রত্যাগত	pr O t t a g o t O	native
প্রত্যাগমনের	pr O t t a g o m o n e r	native
প্রত্যাঘাত	pr O t t a gh a t	native
প্রত্যাদেশ	pr O t t a d e sh	native
প্রত্যানয়ন	pr O t t a n o y O n	native
প্রত্যাবর্তন	pr O t t a b o r t O n	native
প্রত্যাবর্তনই	pr O t t a b o r t o n i	compound
প্রত্যাবর্তনও	pr O t t a b o r t o n O	compound
প্রত্যাবর্তনকারি	pr O t t a b o r t o n k a r i	compound
প্রত্যাবর্তনটা	pr O t t a b o r t o n T a	compound
প্রত্যাবাসিত	pr O t t a b a sh i t o	loanword
প্রত্যালিড়	pr O t t a l i r o	native
প্রত্যাশা	pr O t t a sh a	native
প্রত্যাশাই	pr O t t a sh a i	native
প্রত্যাশাও	pr O t t a sh a O	native
প্রত্যাশাকে	pr O t t a sh a k e	native
প্রত্যাশাকেও	pr O t t a sh a k e O	native
প্রত্যাশাগুলো	pr O t t a sh a g u l O	compound
প্রত্যাশাটি	pr O t t a sh a T i	native
প্রত্যাশাভংগের	pr O t t a sh a bh o ng g e r	compound
প্রত্যাশামতোই	pr O t t a sh a m o t O i	compound
প্রত্যাশামাফিক	pr O t t a sh a m a ph i k	compound
প্রত্যাশায়	pr O t t a sh a y	native
প্রত্যাশি	pr O t t a sh i	native
প্রত্যাশিকে	pr O t t a sh i k e	native
প্রত্যাশিত	pr O t t a sh i t O	native
প্রত্যাশিতই	pr O t t a sh i t O i	native
প্রত্যাশিতভাবেই	pr O t t a sh i t o bh a b e i	compound
প্রত্যাশিদের	pr O t t a sh i d e r	native
প্রত্যাশির	pr O t t a sh i r	native
প্রত্যাশিরা	pr O t t a sh i r a	native
প্রত্যাসত্তি	pr O t t a sh o tt i	native
প্রত্যাসন্ন	pr O t t a sh o nn O	native
প্রত্যাহত	pr O t t a h o t O	native
প্রত্যাহরের	pr O t t a h o r e r	native
প্রত্যাহারও	pr O t t a h a r O	native
প্রত্যাহারকে	pr O t t a h a r k e	native
প্রত্যাহারজোগ্য	pr O t t a h a r j O g g O	compound
প্রত্যাহারমুলক	pr O t t a h a r m u l o k	compound
প্রত্যাহারসংক্রান্ত	pr O t t a h a r sh o ng kr a nt O	compound
প্রত্যাহারসহ	pr O t t a h a r sh o h O	native
প্রত্যাহারে	pr O t t a h a r e	native
প্রত্যাহারের	pr O t t a h a r e r	native
প্রত্যাহারেরও	pr O t t a h a r e r O	compound
প্রত্যাহুত	pr O t t a h u t O	native
প্রত্যায়ক	pr O t t a y o k	native
প্রত্যায়িত	pr O t t a y i t o	native
প্রত্যুক্তি	pr O t t u kt i	native
প্রত্যুত	pr O t t u t O	native
প্রত্যুত্তর	pr O t t u tt o r	native
প্রত্যুত্থান	pr O t t u t th a n	native
প্রত্যুদাহরন	pr O t t u d a h o r O n	native
প্রত্যুপকার	pr O t t u p o k a r	native
প্রত্যুশ	pr O t t u sh	native
প্রত্যুশে	pr O t t u sh e	native
প্রত্যুৎপন্ন	pr O t t u t p o nn O	native
প্রত্যেক	pr O t t e k	native
প্রত্যেককে	pr O t t e k k e	native
প্রত্যেককেই	pr O t t e k k e i	native
প্রত্যেকটা	pr O t t e k T a	native
প্রত্যেকটিই	pr O t t e k T i i	native
প্রত্যেকটিতে	pr O t t e k T i t e	native
প্রত্যেকটির	pr O t t e k T i r	native
প্রত্যেকবার	pr O t t e k b a r	native
প্রত্যেকে	pr O t t e k e	native
প্রত্যেকের	pr O t t e k e r	native
প্রত্যেকেরই	pr O t t e k e r i	native
প্রত্যয়	pr O t t o y	native
প্রত্যয়ই	pr O t t O y i	native
প্রত্যয়ও	pr O t t O y O	native
প্রত্যয়কে	pr O t t O y k e	native
প্রত্যয়টি	pr O t t O y T i	native
প্রত্যয়টির	pr O t t O y T i r	native
প্রত্যয়দিপ্ত	pr O t t O y d i p t O	native
প্রত্যয়ন	pr O t t O y n	native
প্রত্যয়নপত্র	pr O t t O y n p o tr O	native
প্রত্যয়নপত্রে	pr O t t O y n p o tr e	compound
প্রত্যয়নের	pr O t t O y n e r	native
প্রত্যয়ি	pr O t t O y i	native
প্রত্যয়ে	pr O t t O y e	native
প্রত্যয়ের	pr O t t O y e r	native
প্রথবারের	pr O th o b a r e r	native
প্রথমআলো	pr O th o m a l O	native
প্রথমইনিংস	pr O th O m i n i ng sh	native
প্রথমও	pr O th o m O	native
প্রথমজন	pr O th O m j O n	native
প্রথমটা	pr O th O m T a	native
প্রথমটাই	pr O th O m T a i	native
প্রথমটায়	pr O th o m T a y	native
প্রথমটি	pr O th O m T i	native
প্রথমটিই	pr O th o m T i i	native
প্রথমটিতে	pr O th o m T i t e	native
প্রথমটির	pr O th O m T i r	native
প্রথমত	pr O th O m o t O	native
প্রথমতঃ	pr O th O m o t O	tatsama
প্রথমদিকে	pr O th O m d i k e	native
প্রথমদিকেই	pr O th o m d i k e i	native
প্রথমদিন	pr O th O m d i n	native
প্রথমদিনে	pr O th O m d i n e	native
প্রথমদিনেই	pr O th O m d i n e i	native
প্রথমদিনের	pr O th O m d i n e r	native
প্রথমপত্রের	pr O th o m p o tr e r	native
প্রথমবর্ষের	pr O th o m b o r sh e r	tatsama
প্রথমবার	pr O th O m b a r	native
প্রথমবারই	pr O th O m b a r i	native
প্রথমবারেই	pr O th O m b a r e i	native
প্রথমবারের	pr O th O m b a r e r	native
প্রথমবারেরমত	pr O th O m b a r e r m o t O	native
প্রথমবারেরমতো	pr O th O m b a r e r m o t O	compound
প্রথমসারির	pr O th O m sh a r i r	native
প্রথমাংশ	pr O th o m a ng sh o	native
প্রথমাংশে	pr O th O m a ng sh e	native
প্রথমার	pr O th O m a r	native
প্রথমার্ধ	pr O th O m a r dh O	native
প্রথমার্ধটা	pr O th o m a r dh O T a	native
প্রথমার্ধে	pr O th O m a r dh e	native
প্রথমার্ধেই	pr O th O m a r dh e i	native
প্রথমার্ধের	pr O th O m a r dh e r	native
প্রথমে	pr O th O m e	native
প্রথমেই	pr O th O m e i	native
প্রথমের	pr O th O m e r	native
প্রথমোক্ত	pr O th O m O kt O	native
প্রথা	pr O th a	native
প্রথাও	pr O th a O	native
প্রথাকে	pr O th a k e	native
প্রথাটা	pr O th a T a	native
প্রথাটি	pr O th a T i	native
প্রথাবদ্ধ	pr O th a b o d dh O	tatsama
প্রথাবিরোধি	pr O th a b i r O dh i	native
প্রথামতো	pr O th a m o t O	native
প্রথামাফিক	pr O th a m a ph i k	native
প্রথারই	pr O th a r i	native
প্রথাসিদ্ধ	pr O th a sh i d dh O	tatsama
প্রথায়	pr O th a y	native
প্রথিত	pr O th i t O	native
প্রথিতজশা	pr O th i t O j o sh a	native
প্রদক্ষিন	pr O d O kkh i n	tatsama
প্রদক্ষিনকালে	pr O d o kkh i n k a l e	tatsama
প্রদক্ষিনের	pr O d O kkh i n e r	tatsama
প্রদক্ষেপ	pr O d o kkh e p	tatsama
প্রদনি	pr O d O n i	native
প্রদমিত	pr O d O m i t O	native
প্রদর	pr O d o r	native
প্রদর্শক	pr O d O r sh O k	native
প্রদর্শকেরা	pr O d o r sh O k e r a	native
প্রদর্শনকারিদের	pr O d o r sh O n k a r i d e r	compound
প্রদর্শনকালে	pr O d o r sh O n k a l e	native
প্রদর্শনকে	pr O d o r sh O n k e	native
প্রদর্শনশালা	pr O d o r sh o n sh a l a	native
প্রদর্শনসহ	pr O d o r sh O n sh o h O	native
প্রদর্শনি	pr O d o r sh O n i	native
প্রদর্শনিই	pr O d o r sh O n i i	native
প্রদর্শনিও	pr O d o r sh O n i O	native
প্রদর্শনিকে	pr O d o r sh O n i k e	native
প্রদর্শনিগুলোতে	pr O d o r sh O n i g u l O t e	compound
প্রদর্শনিটা	pr O d o r sh O n i T a	native
প্রদর্শনিটি	pr O d o r sh O n i T i	native
প্রদর্শনিটির	pr O d O r sh O n i T i r	native
প্রদর্শনিতে	pr O d o r sh O n i t e	native
প্রদর্শনির	pr O d o r sh O n i r	native
প্রদর্শনিরও	pr O d o r sh O n i r O	native
প্রদর্শনিসহ	pr O d o r sh O n i	native
প্রদর্শনে	pr O d o r sh O n e	native
প্রদর্শনের	pr O d O r sh O n e r	native
প্রদর্শনেরও	pr O d o r sh O n e r O	native
প্রদর্শিত	pr O d O r sh i t O	native
প্রদান	pr O d a n	native
প্রদানই	pr O d a n i	native
প্রদানকারিকে	pr O d a n k a r i k e	native
প্রদানকারিদের	pr O d a n k a r i d e r	compound
প্রদানকারির	pr O d a n k a r i r	native
প্রদানকারিরা	pr O d a n k a r i r a	native
প্রদানকালে	pr O d a n k a l e	native
প্রদানকৃত	pr O d a n k ri t O	tatsama
প্রদানকে	pr O d a n k e	native
প্রদানকেন্দ্র	pr O d a n k e ndr O	compound
প্রদানসংক্রান্ত	pr O d a n o sh o ng kr a nt O	compound
প্রদানে	pr O d a n e	native
প্রদানেও	pr O d a n e O	native
প্রদানের	pr O d a n e r	native
প্রদানেরও	pr O d a n e r O	native
প্রদাহ	pr O d a h O	native
প্রদাহজনিত	pr O d a h O j O n i t O	native
প্রদাহে	pr O d a h e	native
প্রদাহের	pr O d a h e r	native
প্রদায়ক	pr O d a y o k	native
প্রদায়ককে	pr O d a y o k k e	native
প্রদিপ	pr O d i p	native
প্রদিপও	pr O d i p O	native
প্রদিপকে	pr O d i p k e	native
প্রদিপে	pr O d i p e	native
প্রদিপের	pr O d i p e r	native
প্রদিপ্ত	pr O d i p t O	native
প্রদিশ্ট	pr O d i sh T O	native
প্রদুশ্ট	pr O d u sh T	native
প্রদৃপ্ত	pr O d ri p t O	tatsama
প্রদেশ	pr O d e sh	native
প্রদেশকে	pr O d e sh k e	native
প্রদেশগুলো	pr O d e sh o g u l O	native
প্রদেশটি	pr O d e sh T i	native
প্রদেশটির	pr O d e sh T i r	native
প্রদেশবিশয়ক	pr O d e sh o b i sh o y o k	native
প্রদেশব্যাপি	pr O d e sh o b A p i	native
প্রদেশসহ	pr O d e sh o sh o h O	native
প্রদেশে	pr O d e sh e	native
প্রদেশেই	pr O d e sh e i	native
প্রদেশেও	pr O d e sh e O	native
প্রদেশের	pr O d e sh e r	native
প্রদেশেরই	pr O d e sh e r i	native
প্রদেহ	pr O d e h O	native
প্রদেয়	pr O d e y O	native
প্রদোশ	pr O d O sh	native
প্রদোশে	pr O d O sh e	native
প্রদ্যুম্ন	pr O d u m n O	native
প্রদ্যোত	pr O d d O t	native
প্রধান	pr O dh a n	native
প্রধানই	pr O dh a n i	native
প্রধানও	pr O dh a n O	native
প্রধানকে	pr O dh a n k e	native
প্রধানত	pr O dh a n o t O	native
প্রধানতম	pr O dh a n t o m O	native
প্রধানদের	pr O dh a n d e r	native
প্রধানপাড়া	pr O dh a n p a r a	native
প্রধানমন্ত্রি	pr O dh a n m o n t r i	compound
প্রধানমন্ত্রিই	pr O dh a n m o n t r i i	compound
প্রধানমন্ত্রিও	pr O dh a n m o n t r i O	compound
প্রধানমন্ত্রিকে	pr O dh a n m o n t r i k e	compound
প্রধানমন্ত্রিকেই	pr O dh a n o m o n t r i k e i	compound
প্রধানমন্ত্রিকেও	pr O dh a n m o n t r i k e O	compound
প্রধানমন্ত্রিত্ব	pr O dh a n m O nt ri t t O	tatsama
প্রধানমন্ত্রিত্বের	pr O dh a n m O nt ri t t e r	tatsama
প্রধানমন্ত্রিদের	pr O dh a n m o n t r i d e r	compound
প্রধানমন্ত্রির	pr O dh a n o m o n t r i r	compound
প্রধানমন্ত্রিরই	pr O dh a n o m o n t r i r i	compound
প্রধানমন্ত্রিরও	pr O dh a n o m o n t r i r O	compound
প্রধানমন্ত্রিরা	pr O dh a n m o n t r i r a	compound
প্রধানমন্ত্রিশাসিত	pr O dh a n o m o n t r i sh a sh i t o	compound
প্রধানমন্ত্রিশেখ	pr O dh a n m O nt ri sh e kh	compound
প্রধানমন্ত্রিসহ	pr O dh a n m o n t r i sh o h O	compound
প্রধানরা	pr O dh a n r a	native
প্রধানরাও	pr O dh a n r a O	native
প্রধানসহ	pr O dh a n sh o h O	native
প্রধানের	pr O dh a n e r	native
প্রধানেরও	pr O dh a n e r O	native
প্রধানেরাও	pr O dh a n e r a O	native
প্রধান্য	pr a dh a n n O	native
প্রধামন্ত্রির	pr O dh a m o n t r i r	compound
প্রধুমিত	pr O dh u m i t O	native
প্রন	pr O n	native
প্রনত	pr O n o t O	native
প্রনতি	pr O n o t i	native
প্রনব	pr O n o b	native
প্রনববাবুর	pr O n o b b a b u r	native
প্রনবের	pr O n o b e r	native
প্রনবেশ	pr O n o b e sh	native
প্রনশ্ট	pr O n o sh T O	native
প্রনাম	pr O n a m	native
প্রনামি	pr O n a m i	native
প্রনালি	pr O n a l i	native
প্রনালিটি	pr O n a l i T i	native
প্রনালিতে	pr O n a l i t e	native
প্রনালির	pr O n a l i r	native
প্রনাশ	pr O n a sh	native
প্রনিত	pr O n i t O	native
প্রনিধান	pr O n i dh a n o	native
প্রনিধানজোগ্য	pr O n i dh a n j O g g O	compound
প্রনিধি	pr O n i dh i	native
প্রনিপাত	pr O n i p a t	native
প্রনিহিত	pr O n i h i t O	native
প্রনেতা	pr O n e t a	native
প্রনেতাদের	pr O n e t a d e r	native
প্রনেতারা	pr O n e t a r a	native
প্রনেতারাও	pr O n e t a r a O	native
প্রনোদন	pr O n O d o n	native
প্রনোদনা	pr O n O d o n a	native
প্রনোদনাও	pr O n O d o n a O	native
প্রনোদনামুলক	pr O n O d o n a m u l o k	native
প্রনোদনার	pr O n O d o n a r	native
প্রনোদনায়	pr O n O d o n a y	native
প্রনোদিত	pr O n O d i t O	native
প্রনয়	pr O n o y	native
প্রনয়ন	pr O n o y o n	native
প্রনয়নই	pr O n o y o n i	native
প্রনয়নও	pr O n o y o n O	native
প্রনয়নকারি	pr O n o y o n k a r i	native
প্রনয়নকালে	pr O n o y o n k a l e	native
প্রনয়নকে	pr O n o y o n k e	native
প্রনয়নবিশয়ক	pr O n o y o n b i sh o y o k	native
প্রনয়নসংক্রান্ত	pr O n o y o n sh o ng kr a nt O	compound
প্রনয়নসহ	pr O n o y o n sh o h O	native
প্রনয়নে	pr O n o y n e	native
প্রনয়নেও	pr O n o y n e O	native
প্রনয়নের	pr O n o y o n e r	native
প্রনয়নেরও	pr O n o y o n e r O	native
প্রনয়ি(–য়িন্)	pr O n O y i	compound
প্রনয়ে	pr O n o y e	native
প্রনয়ের	pr O n o y e r	native
প্রপঞ্চ	pr O p o nch O	tatsama
প্রপতন	pr O p o t O n	native
প্রপন্ন	pr O p o nn O	native
প্রপাগান্ডার	pr O p a g a n D a r	native
প্রপান	pr O p a n	native
প্রপার	pr O p a r	native
প্রপার্টি	pr O p a r T i	native
প্রপার্টিজ	pr O p a r T i j	native
প্রপার্টিজের	pr O p a r T i j e r	native
প্রপিতামহ	pr O p i t a m o h O	native
প্রপেলার	pr O p e l a r	native
প্রপোউত্র	pr O p O u tr O	native
প্রফিট	pr O ph i T	native
প্রফুল	pr O ph u l	native
প্রফুল্ল	pr O ph u l l O	native
প্রফুল্লচন্দ্র	pr O ph u l l O ch o ndr O	compound
প্রফেশনাল	pr O ph e sh O n a l	native
প্রফেশনালস	pr O ph e sh o n a l s	native
প্রফেসর	pr O ph e s o r	loanword
প্রফেসরস	pr O ph e s o r s	loanword
প্রফেসরের	pr O ph e s o r e r	loanword
প্রবংশ	pr O b o ng sh O	native
প্রবক্তা	pr O b O kt a	native
প্রবক্তারা	pr O b o kt a r a	native
প্রবচন	pr O b O ch o n	native
প্রবচনটি	pr O b o ch o n T i	native
প্রবচনের	pr O b o ch o n e r	native
প্রবজ্যা	pr O b r O j j a	native
প্রবঞ্চক	pr O b o nch o k	tatsama
প্রবঞ্চনা	pr O b o nch O n a	tatsama
প্রবঞ্চনার	pr O b o nch o n a r	tatsama
প্রবঞ্চিত	pr O b o nch i t O	tatsama
প্রবন	pr O b O n	native
প্রবনতাই	pr O b O n o t a i	native
প্রবনতাও	pr O b O n o t a O	native
প্রবনতাকে	pr O b O n o t a k e	native
প্রবনতাগুলো	pr O b o n o t a g u l O	native
প্রবনতাটা	pr O b O n o t a T a	native
প্রবনতাটি	pr O b o n o t a T i	native
প্রবনতার	pr O b o n o t a r	native
প্রবনতারই	pr O b o n o t a r i	native
প্রবনতায়	pr O b o n o t a y	native
প্রবন্ধকার	pr O b O ndh O k a r	tatsama
প্রবন্ধগুলো	pr O b o ndh O g u l O	tatsama
প্রবন্ধগুলোর	pr O b o ndh O g u l O r	tatsama
প্রবন্ধগ্রন্থ	pr O b o ndh O gr o n th O	compound
প্রবন্ধটি	pr O b O ndh O T i	tatsama
প্রবন্ধটিতে	pr O b o ndh O T i t e	tatsama
প্রবন্ধটির	pr O b o ndh O T i r	tatsama
প্রবন্ধে	pr O b O ndh e	tatsama
প্রবন্ধের	pr O b o ndh e r	tatsama
প্রবর	pr O b o r	native
প্রবর্ত	pr O b o r t O	native
প্রবর্তক	pr O b o r t O k	native
প্রবর্তকের	pr O b o r t O k e r	native
প্রবর্তন	pr O b O r t O n	native
প্রবর্তনা	pr O b o r t O n a	native
প্রবর্তনার	pr O b o r t O n a r	native
প্রবর্তনায়	pr O b o r t O n a y	native
প্রবর্তনে	pr O b o r t O n e	native
প্রবর্তনের	pr O b O r t O n e r	native
প্রবর্তমান	pr O b o r t O m a n	native
প্রবর্ধমান	pr O b o r dh O m a n	native
প্রবল	pr O b o l	native
প্রবলতর	pr O b o l o t o r	native
প্রবলভাবে	pr O b O l bh a b e	native
প্রবলভাবেই	pr O b o l o bh a b e i	native
প্রবলেম	pr O b l e m	native
প্রবলেমটা	pr O b l e m T a	native
প্রবলের	pr O b o l e r	native
প্রবসন	pr O b o sh O n	native
প্রবসিত	pr O b O sh i t O	native
প্রবহ	pr O b o h O	native
প্রবহমান	pr O b O h O m a n	native
প্রবাদ	pr O b a d	native
প্রবাদটা	pr O b a d T a	native
প্রবাদটার	pr O b a d T a r	native
প্রবাদটি	pr O b a d T i	native
প্রবাদপুরুশ	pr O b a d p u r u sh o	native
প্রবাদপ্রতিম	pr O b a d pr O t i m	native
প্রবাদে	pr O b a d e	native
প্রবাদের	pr O b a d e r	native
প্রবারনা	pr O b a r O n a	native
প্রবালদ্বিপ	pr O b a l d i p	native
প্রবালের	pr O b a l e r	native
প্রবাস	pr O b a sh	loanword
প্রবাসজিবন	pr O b a sh o j i b o n	loanword
প্রবাসজিবনে	pr O b a sh o j i b o n e	loanword
প্রবাসজিবনের	pr O b a sh j i b O n e r	loanword
প্রবাসি	pr O b a sh i	loanword
প্রবাসিকল্যান	pr O b a sh i k o l l a n	compound
প্রবাসিকল্যানমন্ত্রি	pr O b a sh i k O l l a n m o n t r i	compound
প্রবাসিকল্যানমন্ত্রির	pr O b a sh i k O l l a n m o n t r i r	compound
প্রবাসিকল্যানসচিব	pr O b a sh i k O l l a n sh o ch i b	compound
প্রবাসিকে	pr O b a sh i k e	loanword
প্রবাসিদের	pr O b a sh i d e r	loanword
প্রবাসির	pr O b a sh i r	loanword
প্রবাসিরা	pr O b a sh i r a	loanword
প্রবাসিরাই	pr O b a sh i r a i	loanword
প্রবাসিরাও	pr O b a sh i r a O	loanword
প্রবাসিসহ	pr O b a sh i sh o h O	loanword
প্রবাসে	pr O b a sh e	loanword
প্রবাসের	pr O b a sh e r	loanword
প্রবাহ	pr O b a h O	native
প্রবাহই	pr O b a h O i	native
প্রবাহও	pr O b a h O O	native
প্রবাহপথের	pr O b a h O p o th e r	native
প্রবাহমান	pr O b a h O m a n	native
প্রবাহসহ	pr O b a h O sh o h O	native
প্রবাহিত	pr O b a h i t O	native
প্রবাহের	pr O b a h e r	native
প্রবিধান	pr O b i dh a n	native
প্রবিধানমালা	pr O b i dh a n m a l a	native
প্রবিধানে	pr O b i dh a n e	native
প্রবিধি	pr O b i dh i	native
প্রবিন	pr O b i n	native
প্রবিনতম	pr O b i n t o m O	native
প্রবিনদের	pr O b i n d e r	native
প্রবিনরা	pr O b i n r a	native
প্রবিনা	pr O b i n a	native
প্রবিনের	pr O b i n e r	native
প্রবিনেরা	pr O b i n e r a	native
প্রবির	pr O b i r	native
প্রবিশ্ট	pr O b i sh T O	native
প্রবুদ্ধ	pr O b u d dh O	tatsama
প্রবৃত্ত	pr O b ri tt O	tatsama
প্রবৃত্তিকে	pr O b ri tt i k e	tatsama
প্রবৃত্তির	pr O b r i tt i r	tatsama
প্রবৃদ্ধ	pr O b ri d dh O	tatsama
প্রবৃদ্ধি	pr O b ri d dh i	tatsama
প্রবৃদ্ধিই	pr O b ri d dh i i	tatsama
প্রবৃদ্ধিকে	pr O b ri d dh i k e	tatsama
প্রবৃদ্ধিতে	pr O b ri d dh i t e	tatsama
প্রবৃদ্ধিতেও	pr O b ri d dh i t e O	tatsama
প্রবৃদ্ধির	pr O b ri d dh i r	tatsama
প্রবৃদ্ধিসহ	pr O b ri d dh i sh o h O	tatsama
প্রবেট	pr O b e T	native
প্রবেশও	pr O b e sh o O	native
প্রবেশকারি	pr O b e sh o k a r i	native
প্রবেশকালে	pr O b e sh k a l e	native
প্রবেশগম্যতা	pr O b e sh o g o m m O t a	native
প্রবেশদ্বারটি	pr O b e sh o d a r T i	compound
প্রবেশদ্বারের	pr O b e sh d a r e r	compound
প্রবেশন	pr O b e sh O n	native
প্রবেশপত্র	pr O b e sh p o tr O	native
প্রবেশপত্রে	pr O b e sh o p o tr e	native
প্রবেশপত্রের	pr O b e sh o p o tr e r	native
প্রবেশপথ	pr O b e sh p o th	native
প্রবেশপথগুলোতে	pr O b e sh o p o th g u l O t e	compound
প্রবেশপথে	pr O b e sh p o th e	native
প্রবেশপথেই	pr O b e sh p o th e i	native
প্রবেশপথের	pr O b e sh p o th e r	native
প্রবেশমুখ	pr O b e sh m u kh	native
প্রবেশমুখেই	pr O b e sh o m u kh e i	native
প্রবেশমুখের	pr O b e sh o m u kh e r	native
প্রবেশমুল্য	pr O b e sh m u l l O	native
প্রবেশমুল্যের	pr O b e sh o m u l l e r	compound
প্রবেশাধিকার	pr O b e sh a dh i k a r	native
প্রবেশাধিকারসহ	pr O b e sh a dh i k a r sh o h O	compound
প্রবেশাধিকারসুবিধা	pr O b e sh a dh i k a r sh u b i dh a	compound
প্রবেশাধিকারে	pr O b e sh a dh i k a r e	compound
প্রবেশিকা	pr O b e sh i k a	native
প্রবেশে	pr O b e sh e	native
প্রবেশের	pr O b e sh e r	native
প্রবোধ	pr O b O dh	native
প্রব্রজিত	pr O br O j i t O	native
প্রব্রজ্যা	pr O br O j j a	native
প্রব্রাজন	pr O br a j O n	native
প্রভঞ্জন	pr O bh o nj O n	tatsama
প্রভব	pr O bh o b	native
প্রভা	pr O bh a	native
প্রভাইডার	pr O bh a i D a r	native
প্রভাইডারদের	pr O bh a i D a r d e r	native
প্রভাকর	pr O bh a k o r	native
প্রভাকরনের	pr O bh a k o r o n e r	native
প্রভাকে	pr O bh a k e	native
প্রভাত	pr O bh a t	native
প্রভাতফেরি	pr O bh a t ph e r i	native
প্রভাতফেরিতে	pr O bh a t o ph e r i t e	native
প্রভাতি	pr O bh a t i	native
প্রভাতিবাগে	pr O bh a t i b a g e	native
প্রভাবও	pr O bh a b O	native
প্রভাবক	pr O bh a b O k	native
প্রভাবকে	pr O bh a b k e	native
প্রভাবকের	pr O bh a b o k e r	native
প্রভাবগুলো	pr O bh a b g u l O	native
প্রভাবটা	pr O bh a b T a	native
প্রভাবটি	pr O bh a b T i	native
প্রভাবতি	pr O bh a b o t i	native
প্রভাববলয়	pr O bh a b b o l o y o	native
প্রভাবমুক্ত	pr O bh a b m u kt O	native
প্রভাবমুক্তভাবে	pr O bh a b o m u kt O bh a b e	compound
প্রভাবশালি	pr O bh a b sh a l i	native
প্রভাবশালিই	pr O bh a b sh a l i i	native
প্রভাবশালিদের	pr O bh a b sh a l i d e r	compound
প্রভাবশালির	pr O bh a b sh a l i r	native
প্রভাবশালিরা	pr O bh a b sh a l i r a	native
প্রভাবসংবলিত	pr O bh a b sh o ng b o l i t o	native
প্রভাবসহ	pr O bh a b sh o h O	native
প্রভাবাধিন	pr O bh a b a dh i n	native
প্রভাবান্বিত	pr O bh a b a n n i t O	native
প্রভাবিত	pr O bh a b i t O	native
প্রভাবে	pr O bh a b e	native
প্রভাবেই	pr O bh a b e i	native
প্রভাবেও	pr O bh a b e O	native
প্রভার	pr O bh a r	native
প্রভাশ	pr O bh a sh	native
প্রভাশক	pr O bh a sh o k	native
প্রভাশককে	pr O bh a sh o k k e	native
প্রভাশকদের	pr O bh a sh o k d e r	native
প্রভাশকের	pr O bh a sh o k e r	native
প্রভাশকেরা	pr O bh a sh o k e r a	native
প্রভাস	pr O bh a sh	native
প্রভাসের	pr O bh a sh e r	native
প্রভায়	pr O bh a y o	native
প্রভিডেন্ট	pr O bh i D e n T	native
প্রভিডেন্স	pr O bh i D e n s	loanword
প্রভিন্ন	pr O bh i nn O	native
প্রভিন্স	pr O bh i n s	loanword
প্রভিন্সিয়াল	pr O bh i n s i y a l	loanword
প্রভিশনিং	pr O bh i sh o n i ng	native
প্রভু	pr O bh u	native
প্রভুকে	pr O bh u k e	native
প্রভুত	pr O bh u t O	native
প্রভুত্ব	pr O bh u tt O	tatsama
প্রভুর	pr O bh u r	native
প্রভুরা	pr O bh u r a	native
প্রভৃতি	pr O bh ri t i	tatsama
প্রভৃতিও	pr O bh r i t i O	tatsama
প্রভৃতিকে	pr O bh r i t i k e	tatsama
প্রভৃতিতে	pr O bh r i t i t e	tatsama
প্রভৃতির	pr O bh r i t i r	tatsama
প্রভৃতিসহ	pr O bh r i t i sh o h O	tatsama
প্রভেদ	pr O bh e d	native
প্রভোস্ট	pr O bh O s T	loanword
প্রভোস্টদের	pr O bh O s T d e r	loanword
প্রভোস্টরা	pr O bh O s T r a	loanword
প্রভোস্টের	pr O bh O s T e r	loanword
প্রমত্ত	pr O m O tt O	native
প্রমত্তা	pr O m o tt a	native
প্রমথন	pr O m o th O n	native
প্রমথনাথ	pr O m o th n a th	native
প্রমথেশ	pr O m O th e sh	native
প্রমদা	pr O m O d a	native
প্রমদানাথ	pr O m o d a n a th	native
প্রমপান	pr O m o p a n	native
প্রমাই	pr O m a i	native
প্রমাতা	pr O m a t a	native
প্রমাতামহ	pr O m a t a m o h O	native
প্রমাথ	pr O m a th O	native
প্রমাথি	pr O m a th i	native
প্রমানই	pr O m a n i	native
প্রমানও	pr O m a n O	native
প্রমানগুলো	pr O m a n g u l O	native
প্রমানজোগ্য	pr O m a n j O g g O	native
প্রমানটা	pr O m a n T a	native
প্রমানপত্র	pr O m a n p o tr O	native
প্রমানপত্রসহ	pr O m a n p o tr O sh o h O	native
প্রমানপত্রের	pr O m a n p o tr e r	native
প্রমানসহ	pr O m a n sh o h O	native
প্রমানসাপেক্ষ	pr O m a n sh a p e kkh O	tatsama
প্রমানসাপেক্ষে	pr O m a n sh a p e kkh e	tatsama
প্রমানহিন	pr O m a n h i n	native
প্রমানাদি	pr O m a n a d i	native
প্রমানাদির	pr O m a n a d i r	native
প্রমানাদিসহ	pr O m a n a d i sh o h O	native
প্রমানিত	pr O m a n i t O	native
প্রমানিতই	pr O m a n i t o i	native
প্রমানিতও	pr O m a n i t o O	native
প্রমানে	pr O m a n e	native
প্রমানের	pr O m a n e r	native
প্রমানেরও	pr O m a n e r O	native
প্রমান্য	pr O m a n n O	native
প্রমি	pr O m i	native
প্রমিত	pr O m i t O	native
প্রমিতকরন	pr O m i t o k o r o n	native
প্রমিতা	pr O m i t a	native
প্রমিতিকরন	pr O m i t i k o r o n	native
প্রমিতিকরনের	pr O m i t i k o r o n e r	native
প্রমিথিউস	pr O m i th i u s	proper_noun
প্রমিন	pr O m i n	native
প্রমিলার	pr O m i l a r	native
প্রমুখও	pr O m u kh O	native
প্রমুখকে	pr O m u kh k e	native
প্রমুখাৎ	pr O m u kh a t	native
প্রমুদিত	pr O m O d i t O	native
প্রমুর্ত	pr O m u r t O	native
প্রমেহ	pr O m e h O	native
প্রমেয়	pr O m e y O	native
প্রমো	pr O m O	native
প্রমোচন	pr O m O ch O n	native
প্রমোট	pr O m O T	native
প্রমোটিং	pr O m O T i ng	native
প্রমোদতরি	pr O m O d t o r i	native
প্রমোদতরিটি	pr O m O d t o r i T i	native
প্রমোদতরির	pr O m O d t o r i r	native
প্রমোশন	pr O m O sh o n	native
প্রমোশনাল	pr O m O sh O n a l	native
প্রমোশনের	pr O m O sh o n e r	native
প্রম্পান	pr O mp a n	native
প্ররোচক	pr O r O ch o k	native
প্ররোচনা	pr O r O ch o n a	native
প্ররোচনাকারি	pr O r O ch o n a k a r i	native
প্ররোচনাকারিদের	pr O r O ch o n a k a r i d e r	compound
প্ররোচনার	pr O r O ch o n a r	native
প্ররোচনায়	pr O r O ch o n a y	native
প্ররোচিত	pr O r O ch i t O	native
প্ররোহ	pr O r O h O	native
প্রলপন	pr O l O p o n	native
প্রলম্ব	pr O l O mb O	native
প্রলাপ	pr O l a p	native
প্রলুব্ধতা	pr O l u b dh o t a	native
প্রলেতারিয়া	pr O l e t a r i y a	native
প্রলেপের	pr O l e p e r	native
প্রলোভন	pr O l O bh O n	native
প্রলোভনও	pr O l O bh o n O	native
প্রলোভিত	pr O l O bh i t o	native
প্রলয়	pr O l o y	native
প্রলয়ংকরি	pr O l o y o ng k o r i	native
প্রলয়ের	pr O l o y e r	native
প্রশংসন	pr O sh o ng sh o n	native
প্রশংসনিয়	pr O sh O ng sh o n i y O	native
প্রশংসনিয়ভাবে	pr O sh o ng sh o n i y o bh a b e	compound
প্রশংসা	pr O sh O ng sh a	native
প্রশংসাই	pr O sh O ng sh a i	native
প্রশংসাও	pr O sh O ng sh a O	native
প্রশংসাজোগ্য	pr O sh o ng sh a j O g g O	native
প্রশংসাটা	pr O sh o ng sh a T a	native
প্রশংসাধন্য	pr O sh o ng sh a dh O n n O	native
প্রশংসাপত্র	pr O sh o ng sh a p o tr O	native
প্রশংসাবাক্য	pr O sh o ng sh a b a k k O	native
প্রশংসাবানি	pr O sh o ng sh a b a n i	native
প্রশংসার	pr O sh O ng sh a r	native
প্রশংসাসুচক	pr O sh o ng sh a sh u ch o k	native
প্রশংসায়	pr O sh o ng sh a y o	native
প্রশংসিত	pr O sh O ng sh i t O	native
প্রশংসিতও	pr O sh O ng sh i t O	native
প্রশমনসেবা	pr O sh o m o n sh e b a	native
প্রশমনসেবার	pr O sh o m o n sh e b a r	native
প্রশমনে	pr O sh O m o n e	native
প্রশমনেও	pr O sh o m o n e O	native
প্রশমনের	pr O sh O m o n e r	native
প্রশমিত	pr O sh O m i t O	native
প্রশস্ত	pr O sh o st O	native
প্রশস্তকরন	pr O sh o st O k o r o n	native
প্রশস্তকরনসহ	pr O sh o st O k o r o n sh o h O	native
প্রশস্তকরনের	pr O sh o st O k o r o n e r	native
প্রশস্ততর	pr O sh o st O t o r O	native
প্রশস্ততা	pr O sh o st O t a	native
প্রশস্য	pr O sh O sh sh O	native
প্রশাখা	pr O sh a kh a	native
প্রশাখার	pr O sh a kh a r	native
প্রশাখায়	pr O sh a kh a y o	native
প্রশান্তকে	pr O sh a nt O k e	native
প্রশান্তিতে	pr O sh a nt i t e	native
প্রশান্তের	pr O sh a nt e r	native
প্রশাসক	pr O sh a sh o k	native
প্রশাসকও	pr O sh a sh o k O	native
প্রশাসককে	pr O sh a sh o k k e	native
প্রশাসকদের	pr O sh a sh O k d e r	native
প্রশাসকরা	pr O sh a sh O k r a	native
প্রশাসকসহ	pr O sh a sh o k sh o h O	native
প্রশাসনই	pr O sh a sh o n i	native
প্রশাসনকে	pr O sh a sh o n k e	native
প্রশাসনকেই	pr O sh a sh o n k e i	native
প্রশাসনকেও	pr O sh a sh o n k e O	native
প্রশাসনগুলো	pr O sh a sh o n g u l O	native
প্রশাসনজন্ত্র	pr O sh a sh o n j o n t r o	compound
প্রশাসনজন্ত্রকে	pr O sh a sh o n j o n t r o k e	compound
প্রশাসনজন্ত্রের	pr O sh a sh o n j o n t r e r	compound
প্রশাসনবিশয়ক	pr O sh a sh o n b i sh o y o k	native
প্রশাসনব্যবস্থা	pr O sh a sh o n b A b O sth a	compound
প্রশাসনসংক্রান্ত	pr O sh a sh o n sh o ng kr a nt O	compound
প্রশাসনসহ	pr O sh a sh O n sh o h O	native
প্রশাসনিক	pr O sh a sh O n i k	native
প্রশাসনিকভাবে	pr O sh a sh o n i k bh a b e	compound
প্রশাসনে	pr O sh a sh O n e	native
প্রশাসনেও	pr O sh a sh o n e O	native
প্রশাসনের	pr O sh a sh O n e r	native
প্রশাসনেরই	pr O sh a sh o n e r i	native
প্রশিকা	pr O sh i k a	native
প্রশিকার	pr O sh i k a r	native
প্রশিকায়	pr O sh i k a y	native
প্রশিক্ষককে	pr O sh i kkh O k k e	tatsama
প্রশিক্ষকদের	pr O sh i kkh O k d e r	tatsama
প্রশিক্ষকেরা	pr O sh i kkh O k k e r a	tatsama
প্রশিক্ষন	pr O sh i kkh o n	tatsama
প্রশিক্ষনই	pr O sh i kkh O n i	tatsama
প্রশিক্ষনও	pr O sh i kkh o n O	tatsama
প্রশিক্ষনকালে	pr O sh i kkh o n k a l e	tatsama
প্রশিক্ষনকে	pr O sh i kkh O n k e	tatsama
প্রশিক্ষনকেন্দ্র	pr O sh i kkh o n k e ndr O	tatsama
প্রশিক্ষনকেন্দ্রে	pr O sh i kkh o n k e ndr e	tatsama
প্রশিক্ষনকেন্দ্রের	pr O sh i kkh O n k e ndr e r	tatsama
প্রশিক্ষনগুলো	pr O sh i kkh O n g u l O	tatsama
প্রশিক্ষনটা	pr O sh i kkh O n T a	tatsama
প্রশিক্ষনটি	pr O sh i kkh o n T i	tatsama
প্রশিক্ষনপ্রাপ্ত	pr O sh i kkh o n pr a p t O	tatsama
প্রশিক্ষনপ্রাপ্তদের	pr O sh i kkh O n pr a p t O d e r	tatsama
প্রশিক্ষনবিহিন	pr O sh i kkh O n b i h i n	tatsama
প্রশিক্ষনব্যবস্থা	pr O sh i kkh O n b A b O sth a	tatsama
প্রশিক্ষনমুলক	pr O sh i kkh O n m u l o k	tatsama
প্রশিক্ষনরত	pr O sh i kkh O n r o t O	tatsama
প্রশিক্ষনলব্ধ	pr O sh i kkh O n l o b dh O	tatsama
প্রশিক্ষনসংক্রান্ত	pr O sh i kkh O n sh o ng kr a nt O	tatsama
প্রশিক্ষনসহ	pr O sh i kkh O n sh o h O	tatsama
প্রশিক্ষনহিন	pr O sh i kkh O n h i n	tatsama
প্রশিক্ষনার্থি	pr O sh i kkh O n a r th i	tatsama
প্রশিক্ষনার্থিকে	pr O sh i kkh O n a r th i k e	tatsama
প্রশিক্ষনার্থিদের	pr O sh i kkh O n a r th i d e r	tatsama
প্রশিক্ষনার্থির	pr O sh i kkh o n a r th i r	tatsama
প্রশিক্ষনার্থিরা	pr O sh i kkh O n a r th i r a	tatsama
প্রশিক্ষনে	pr O sh i kkh O n e	tatsama
প্রশিক্ষনেও	pr O sh i kkh O n e O	tatsama
প্রশিক্ষনের	pr O sh i kkh o n e r	tatsama
প্রশিক্ষনেরও	pr O sh i kkh O n e r O	tatsama
প্রশিক্ষিত	pr O sh i kkh i t O	tatsama
প্রশিন	pr O sh i n	native
প্রশিনের	pr O sh i n e r	native
প্রশিশ্য	pr O sh i sh sh O	native
প্রশ্টব্য	pr O sh T O b b O	native
প্রশ্টা	pr O sh T a	native
প্রশ্ন	pr O sh n O	native
প্রশ্নই	pr O sh n O i	native
প্রশ্নও	pr O sh n O O	native
প্রশ্নকর্তাকে	pr O sh n O k o r t a k e	compound
প্রশ্নকর্তার	pr O sh n O k o r t a r	native
প্রশ্নগুলোই	pr O sh n O g u l O i	native
প্রশ্নগুলোও	pr O sh n O g u l O O	native
প্রশ্নগুলোকে	pr O sh n O g u l O k e	native
প্রশ্নগুলোর	pr O sh n O g u l O r	native
প্রশ্নচিহ্ন	pr O sh n O ch i n h O	native
প্রশ্নটাই	pr O sh n O T a i	native
প্রশ্নটাও	pr O sh n O T a O	native
প্রশ্নটাকে	pr O sh n O T a k e	native
প্রশ্নটাকেই	pr O sh n O T a k e i	native
প্রশ্নটার	pr O sh n O T a r	native
প্রশ্নটায়	pr O sh n O T a y	native
প্রশ্নটি	pr O sh n O T i	native
প্রশ্নটিই	pr O sh n O T i i	native
প্রশ্নটিকে	pr O sh n O T i k e	native
প্রশ্নটিতে	pr O sh n O T i t e	native
প্রশ্নটির	pr O sh n O T i r	native
প্রশ্নপত্র	pr O sh n O p o tr O	native
প্রশ্নপত্রও	pr O sh n O p o tr O	native
প্রশ্নপত্রটি	pr O sh n O p o tr O T i	native
প্রশ্নপত্রসহ	pr O sh n O p o tr O sh o h O	native
প্রশ্নপত্রে	pr O sh n O p o tr e	native
প্রশ্নপদ্ধতি	pr O sh n O p o d dh O t i	tatsama
প্রশ্নফাস	pr O sh n O ph a sh	native
প্রশ্নফাসের	pr O sh n O ph a sh e r	native
প্রশ্নবানে	pr O sh n O b a n e	native
প্রশ্নবিদ্ধ	pr O sh n O b i d dh O	tatsama
প্রশ্নবোধক	pr O sh n O b O dh O k	native
প্রশ্নমালা	pr O sh n O m a l a	native
প্রশ্নমালার	pr O sh n O m a l a r	native
প্রশ্নমালায়	pr O sh n O m a l a y	native
প্রশ্নসংবলিত	pr O sh n O sh o ng b o l i t o	native
প্রশ্নসহ	pr O sh n O sh o h O	native
প্রশ্নহিন	pr O sh n O h i n	native
প্রশ্নহিনভাবে	pr O sh n O h i n bh a b e	compound
প্রশ্নাতিত	pr O sh n a t i t	native
প্রশ্নাতিতভাবে	pr O sh n a t i t bh a b e	compound
প্রশ্নে	pr O sh n e	native
প্রশ্নেই	pr O sh n e i	native
প্রশ্নের	pr O sh n e r	native
প্রশ্নেরই	pr O sh n e r i	native
প্রশ্নেরও	pr O sh n e r O	native
প্রশ্নোত্তর	pr O sh n O tt O r	native
প্রশ্নোত্তরকালে	pr O sh n O tt O r k a l e	compound
প্রশ্নোত্তরপর্ব	pr O sh n O tt O r p r o b O	compound
প্রশ্নোত্তরপর্বে	pr O sh n O tt O r p r o b e	compound
প্রশ্নোত্তরপর্বের	pr O sh n O tt O r p r o b e r	compound
প্রশ্নোত্তরে	pr O sh n O tt O r e	native
প্রশ্বাসে	pr O sh sh a sh e	tatsama
প্রশ্বাসের	pr O sh sh a sh e r	tatsama
প্রশ্রয়	pr O sh r o y	native
প্রশ্রয়ও	pr O sh r o y O	native
প্রশ্রয়দাতা	pr O sh r o y d a t a	native
প্রশ্রয়ে	pr O sh r o y e	native
প্রশ্রয়েই	pr O sh r o y e i	native
প্রশ্রয়ের	pr O sh r o y e r	native
প্রসংগ	pr O sh o ng g O	native
প্রসংগই	pr O sh o ng g i	native
প্রসংগও	pr O sh o ng g O	native
প্রসংগক্রমে	pr O sh o ng g kr o m e	native
প্রসংগগুলো	pr O sh o ng g g u l O	native
প্রসংগটা	pr O sh o ng g T a	native
প্রসংগটি	pr O sh o ng g T i	native
প্রসংগটিও	pr O sh o ng g T i O	native
প্রসংগটিকে	pr O sh o ng g T i k e	native
প্রসংগটির	pr O sh o ng g T i r	native
প্রসংগত	pr O sh o ng g t O	native
প্রসংগান্তরে	pr O sh o ng g a nt o r e	native
প্রসংগে	pr O sh o ng g e	native
প্রসংগেই	pr O sh o ng g e i	native
প্রসংগেও	pr O sh o ng g e O	native
প্রসংগের	pr O sh o ng g e r	native
প্রসংশা	pr O sh O ng sh a	native
প্রসংশিত	pr O sh o ng sh i t O	native
প্রসক্ত	pr O sh o kt O	native
প্রসঞ্জন	pr O sh o nj o n	tatsama
প্রসন্ন	pr O sh o nn O	native
প্রসন্নর	pr O sh o nn O r	native
প্রসপার	pr O s p a r	native
প্রসপেকটিভ	pr O s p e k T i bh	native
প্রসপেকটিভলি	pr O s p e k T i bh l i	native
প্রসপেক্টাস	pr O s p e k T a s	native
প্রসপেক্টাসে	pr O s p e k T a s e	native
প্রসপেক্টাসের	pr O s p e k T a s e r	compound
প্রসপেক্টিভ	pr O s p e k T i bh o	native
প্রসব	pr O sh O b	native
প্রসবকালিন	pr O sh o b k a l i n	native
প্রসবজনিত	pr O sh o b j O n i t O	native
প্রসবপুর্ব	pr O sh o b p u r b O	native
প্রসববেদনা	pr O sh o b b e d O n a	native
প্রসবে	pr O sh O b e	native
প্রসবের	pr O sh O b e r	native
প্রসবোত্তর	pr O sh o b O tt O r	native
প্রসর	pr O sh o r	native
প্রসর্পন	pr O sh o r p O n	native
প্রসাদ	pr O sh a d	native
প্রসাদকে	pr O sh a d k e	native
প্রসাদাৎ	pr O sh a d a t	native
প্রসাদে	pr O sh a d e	native
প্রসাদের	pr O sh a d e r	native
প্রসাধক	pr O sh a dh O k	native
প্রসাধন	pr O sh a dh O n	native
প্রসাধনসামগ্রি	pr O sh a dh o n sh a m O gr i	compound
প্রসাধনি	pr O sh a dh O n i	native
প্রসাধনিতে	pr O sh a dh O n i t e	native
প্রসাধনির	pr O sh a dh O n i r	native
প্রসাধনের	pr O sh a dh o n e r	native
প্রসারও	pr O sh a r O	native
প্রসারতা	pr O sh a r o t a	native
প্রসারন	pr O sh a r O n	native
প্রসারনের	pr O sh a r o n e r	native
প্রসারমান	pr O sh a r O m a n	native
প্রসারি	pr O sh a r i	native
প্রসারিত	pr O sh a r i t O	native
প্রসারিতকরন	pr O sh a r i t o k o r o n	native
প্রসারে	pr O sh a r e	native
প্রসারের	pr O sh a r e r	native
প্রসাশন	pr O sh a sh o n	native
প্রসাশনিক	pr O sh a sh o n i k	native
প্রসাশনের	pr O sh a sh O n e r	native
প্রসিকিউটর	pr O s i k i u T o r	loanword
প্রসিকিউটরকে	pr O s i k i u T o r k e	loanword
প্রসিকিউটরদের	pr O s i k i u T o r d e r	compound
প্রসিকিউটররা	pr O s i k i u T o r r a	loanword
প্রসিকিউটরের	pr O s i k i u T o r e r	loanword
প্রসিকিউশন	pr O s i k i u sh o n	loanword
প্রসিকিউশনকে	pr O s i k i u sh o n k e	loanword
প্রসিকিউশনের	pr O s i k i u sh o n e r	loanword
প্রসিক্ত	pr O sh i kt O	native
প্রসিডিংস	pr O s i D i ng s	loanword
প্রসিডিউর	pr O s i D i u r	loanword
প্রসিদ	pr O sh i d O	native
প্রসিদ্ধ	pr O sh i d dh O	tatsama
প্রসিদ্ধি	pr O sh i d dh i	tatsama
প্রসু	pr O sh u	native
প্রসুত	pr O sh u t O	native
প্রসুতি	pr O sh u t i	native
প্রসুতিকালিন	pr O sh u t i k a l i n	native
প্রসুতিকে	pr O sh u t i k e	native
প্রসুতিদের	pr O sh u t i d e r	native
প্রসুতিবিদ্যা	pr O sh u t i b i d d a	compound
প্রসুতির	pr O sh u t i r	native
প্রসুতিরা	pr O sh u t i r a	native
প্রসুতিরোগ	pr O sh u t i r O g	native
প্রসুতিসেবা	pr O sh u t i sh e b a	native
প্রসুতিসেবার	pr O sh u t i sh e b a r	native
প্রসুতিসেবায়	pr O sh u t i sh e b a y	native
প্রসুন	pr O sh u n	native
প্রসুনের	pr O sh u n e r	native
প্রসুপ্ত	pr O sh u p t O	native
প্রসুল	pr O sh u l	native
প্রসৃত	pr O sh sh ri t O	tatsama
প্রসেক	pr O sh e k	native
প্রসেনজিতের	pr O sh e n j i t e r	native
প্রসেনজিত্	pr O sh e n j i t	native
প্রসেনজিৎ	pr O sh e n j i t	native
প্রসেনজিৎকে	pr O sh e n j i t k e	native
প্রসেশন	pr O sh e sh o n	native
প্রসেস	pr O sh e sh	native
প্রসেসরগুলো	pr O sh e sh o r g u l O	native
প্রসেসরজুক্ত	pr O sh e sh o r j u kt O	native
প্রসেসরটি	pr O sh e sh o r T i	native
প্রসেসরটিতে	pr O sh e sh o r T i t e	native
প্রসেসরস	pr O sh e sh o r sh	native
প্রসেসরসহ	pr O sh e sh o r sh o h O	native
প্রসেসরে	pr O sh e sh o r e	native
প্রসেসরের	pr O sh e sh o r e r	native
প্রসেসিং	pr O sh e sh i ng	native
প্রসেসিংয়ের	pr O sh e sh i ng y e r	native
প্রসেসের	pr O sh e sh e r	native
প্রস্টেট	pr O s T e T	loanword
প্রস্ত	pr O st O	native
প্রস্তত	pr O st u t	native
প্রস্ততি	pr O st u t i	native
প্রস্তর	pr O st o r	native
প্রস্তরজুগের	pr O st O r j u g e r	native
প্রস্তাব	pr O st a b	native
প্রস্তাবই	pr O st a b i	native
প্রস্তাবক	pr O st a b O k	native
প্রস্তাবকারি	pr O st a b k a r i	native
প্রস্তাবকে	pr O st a b k e	native
প্রস্তাবকেও	pr O st a b k e O	native
প্রস্তাবক্রমে	pr O st a b kr o m e	compound
প্রস্তাবগুলোও	pr O st a b g u l O	compound
প্রস্তাবগুলোর	pr O st a b g u l O r	compound
প্রস্তাবটা	pr O st a b T a	native
প্রস্তাবটি	pr O st a b T i	native
প্রস্তাবটিও	pr O st a b T i O	native
প্রস্তাবটিকে	pr O st a b T i k e	native
প্রস্তাবটিতে	pr O st a b T i t e	native
প্রস্তাবনা	pr O st a b O n a	native
প্রস্তাবনাও	pr O st a b o n a O	native
প্রস্তাবনাগুলো	pr O st a b o n a g u l O	compound
প্রস্তাবনাটি	pr O st a b o n a T i	native
প্রস্তাবনার	pr O st a b O n a r	native
প্রস্তাবনাসহ	pr O st a b o n a sh o h O	native
প্রস্তাবনায়	pr O st a b o n a y	native
প্রস্তাবমতে	pr O st a b m o t e	native
প্রস্তাবমতো	pr O st a b m o t O	native
প্রস্তাবসংবলিত	pr O st a b sh o ng b o l i t o	compound
প্রস্তাবসম্পর্কিত	pr O st a b sh o mp o r k i t o	compound
প্রস্তাবসহ	pr O st a b sh o h O	native
প্রস্তাবে	pr O st a b e	native
প্রস্তাবেই	pr O st a b e i	native
প্রস্তাবেও	pr O st a b e O	native
প্রস্তাবের	pr O st a b e r	native
প্রস্তুত	pr O st u t	native
প্রস্তুতই	pr O st u t i	native
প্রস্তুতও	pr O st u t O	native
প্রস্তুতকরন	pr O st u t k o r O n	native
প্রস্তুতকারকদের	pr O st u t k a r o k d e r	compound
প্রস্তুতকারকেরা	pr O st u t k a r o k e r a	compound
প্রস্তুতকারি	pr O st u t k a r i	native
প্রস্তুতকারিরা	pr O st u t k a r i r a	compound
প্রস্তুতকৃত	pr O st u t k ri t O	tatsama
প্রস্তুতপ্রনালি	pr O st u t pr o n a l i	compound
প্রস্তুতিই	pr O st u t i i	native
প্রস্তুতিও	pr O st u t i O	native
প্রস্তুতিকল্পে	pr O st u t i k o l p e	compound
প্রস্তুতিকালিন	pr O st u t i k a l i n	compound
প্রস্তুতিকালে	pr O st u t i k a l e	compound
প্রস্তুতিকে	pr O st u t i k e	native
প্রস্তুতিটা	pr O st u t i T a	native
প্রস্তুতিটাও	pr O st u t i T a O	native
প্রস্তুতিতে	pr O st u t i t e	native
প্রস্তুতিতেই	pr O st u t i t e i	native
প্রস্তুতিপর্ব	pr O st u t i p o r b O	compound
প্রস্তুতিপর্বে	pr O st u t i p o r b e	compound
প্রস্তুতিমুলক	pr O st u t i m u l o k	compound
প্রস্তুতির	pr O st u t i r	native
প্রস্তুতিহিন	pr O st u t i h i n o	native
প্রস্তুতে	pr O st u t e	native
প্রস্তুতের	pr O st u t e r	native
প্রস্থ	pr O sth O	native
প্রস্থান	pr O sth a n	native
প্রস্থানে	pr O sth a n e	native
প্রস্থানের	pr O sth a n e r	native
প্রস্থাপিত	pr O sth a p i t O	native
প্রস্থের	pr O sth e r	native
প্রস্ফুটন	pr O sh ph u T o n	native
প্রস্ফুটিত	pr O sh ph u T i t O	native
প্রস্ফুরন	pr O sh ph u r o n	native
প্রস্বান	pr O sh sh a n	tatsama
প্রস্বাপন	pr O sh sh a p O n	tatsama
প্রস্রবন	pr O sh r o b o n	native
প্রস্রাব	pr O sh r a b	native
প্রস্রুত	pr O sh r u t O	native
প্রহত	pr O h o t O	native
প্রহর	pr O h o r	native
প্রহরন	pr O h o r o n	native
প্রহরা	pr O h O r a	native
প্রহরার	pr O h o r a r	native
প্রহরারত	pr O h o r a r o t O	native
প্রহরায়	pr O h o r a y	native
প্রহরি	pr O h o r i	native
প্রহরি(–রিন্)	pr O h O r i	compound
প্রহরিকে	pr O h o r i k e	native
প্রহরিদের	pr O h o r i d e r	native
প্রহরির	pr O h o r i r	native
প্রহরিরা	pr O h o r i r a	native
প্রহরেই	pr O h o r e i	native
প্রহরের	pr O h O r e r	native
প্রহর্তা	pr O h o r t a	native
প্রহসন	pr O h O sh o n	native
প্রহসনমুলক	pr O h o sh o n m u l o k	native
প্রহসনের	pr O h O sh o n e r	native
প্রহার	pr O h a r	native
প্রহারের	pr O h a r e r	native
প্রহুত	pr O h u t O	native
প্রহৃত	pr O r i t O	tatsama
প্রহৃশ্ট	pr O h ri sh T O	tatsama
প্রহেলিকা	pr O h e l i k a	native
প্রহ্লাদ	pr O l h a d	native
প্রহ্লাদকে	pr O h l a d k e	native
প্রাংংগন	p a ng g o n g O n	native
প্রাংগন	pr a ng g o n	native
প্রাংগনকে	pr a ng g o n k e	native
প্রাংগনে	pr a ng g o n e	native
প্রাংগনেই	pr a ng g o n e i	native
প্রাংগনেমোর	pr a ng g o n e m O r	native
প্রাংগনের	pr a ng g o n e r	native
প্রাংমুখ	pr a ng m u kh	native
প্রাংশু	pr a ng sh u	native
প্রাইউস	pr a i u s	proper_noun
প্রাইওরের	pr a i O r e r	native
প্রাইজ	pr a i j	native
প্রাইজবন্ড	pr a i j b o n D	native
প্রাইজবন্ডের	pr a i j b o n D e r	native
প্রাইজমানি	pr a i j m a n i	native
প্রাইজমানির	pr a i j m a n i r	native
প্রাইড	pr a i D	native
প্রাইভেট	pr a i bh e T	native
প্রাইভেটকার	pr a i bh e T k a r	native
প্রাইভেটকারচালক	pr a i bh e T k a r ch a l O k	compound
প্রাইভেটকারটি	pr a i bh e T k a r T i	compound
প্রাইভেটকারটির	pr a i bh e T k a r T i r	compound
প্রাইভেটকারে	pr a i bh e T k a r e	native
প্রাইভেটকারের	pr a i bh e T k a r e r	compound
প্রাইভেটাইজেশন	pr a i bh e T a i j e sh o n	compound
প্রাইভেটে	pr a i bh e T e	native
প্রাইভেসি	pr a i bh e s i	loanword
প্রাইভেসির	pr a i bh e s i r	loanword
প্রাইম	pr a i m	native
প্রাইমরডিয়াল	pr a i m o r D i y a l	native
প্রাইমার	pr a i m a r	native
প্রাইমারি	pr a i m a r i	native
প্রাইমারিতে	pr a i m a r i t e	native
প্রাইমারির	pr a i m a r i r	native
প্রাইমার্ক	pr a i m a r k	native
প্রাইসকে	pr a i s k e	loanword
প্রাইসটি	pr a i s T i	loanword
প্রাইসিং	pr a i s i ng	loanword
প্রাইসে	pr a i s e	loanword
প্রাইসের	pr a i s e r	loanword
প্রাক	pr a k	native
প্রাকজোগ্যতা	pr a k o j O g g O t a	native
প্রাকটিক্যাল	pr a k T i k A l	native
প্রাকটিস	pr a k T i s	loanword
প্রাকবাজেট	pr a k b a j e T	loanword
প্রাকাম্য	pr a k a m m O	native
প্রাকার	pr a k a r	native
প্রাকৃত	pr a k ri t O	tatsama
প্রাকৃতজন	pr a k ri t O j o n	tatsama
প্রাকৃতিকও	pr a k ri t i k O	tatsama
প্রাকৃতিকভাবে	pr a k ri t i k bh a b e	tatsama
প্রাকৃতিকভাবেই	pr a k ri t i k bh a b e i	tatsama
প্রাক্	pr a k	native
প্রাক্কলন	pr a k k o l O n	native
প্রাক্কলনকে	pr a k k O l o n k e	native
প্রাক্কলনে	pr a k k O l o n e	native
প্রাক্কলনের	pr a k k O l o n e r	native
প্রাক্কলিত	pr a k k O l i t O	native
প্রাক্কাল	pr a k k a l	native
প্রাক্তন	pr a kt O n	native
প্রাখর্য	pr a kh o r j O	native
প্রাগ	pr a g	native
প্রাগইতিহাসিক	pr a g O i t i h a sh i k	compound
প্রাগজ্যোতিশপুর	pr a g j O t i sh p u r	compound
প্রাগপুর	pr a g p u r	native
প্রাগল্ভ্য	pr a g o l bh O	native
প্রাগার্য	pr a g a r j O	native
প্রাগুক্ত	pr a g u kt O	native
প্রাগে	pr a g e	native
প্রাগের	pr a g e r	native
প্রাগোইতিহাসিক	pr a g O i t i h a sh i k	compound
প্রাগ্দেশ	pr a g d e sh	native
প্রাগ্ভাব	pr a g bh a b	native
প্রাগ্রসর	pr a gr O sh o r	native
প্রাচি	pr a ch i	native
প্রাচিন	pr a ch i n	native
প্রাচিনকাল	pr a ch i n k a l	native
প্রাচিনকালে	pr a ch i n k a l e	native
প্রাচিনকালের	pr a ch i n k a l e r	native
প্রাচিনতম	pr a ch i n t o m O	native
প্রাচিনপন্থি	pr a ch i n p o n th i	native
প্রাচির	pr a ch i r	native
প্রাচিরঘেরা	pr a ch i r gh e r a	native
প্রাচিরে	pr a ch i r e	native
প্রাচিরের	pr a ch i r e r	native
প্রাচুর্য	pr a ch u r j O	native
প্রাচুর্যময়	pr a ch u r j O m o y	native
প্রাচুর্যে	pr a ch u r j e	native
প্রাচ্যকলা	pr a ch ch O k o l a	native
প্রাচ্যদেশিয়	pr a ch ch O d e sh i y o	native
প্রাচ্যনাট	pr a ch ch O n a T	native
প্রাচ্যনাটের	pr a ch ch O n a T e r	native
প্রাচ্যরিতির	pr a ch ch O r i t i r	native
প্রাচ্যের	pr a ch ch e r	native
প্রাজন	pr a j O n	native
প্রাজাপত্য	pr a j a p O t t O	native
প্রাজুক্তিক	pr a j u kt i k	native
প্রাজ্ঞতা	pr a g g O t a	tatsama
প্রাঞ্জল	pr a nj o l	tatsama
প্রাঞ্জলতা	pr a nj o l O t a	tatsama
প্রাডো	pr a D O	native
প্রাত	pr a t O	native
প্রাতঃ	pr a t O h	tatsama
প্রাতঃরাশ	pr a t O r a sh	tatsama
প্রাতঃস্মরনিয়	pr a t sh o r o n i y o	tatsama
প্রাতভ্রমন	pr a t bh r O m O n	native
প্রাতভ্রমনে	pr a t bh r O m O n e	native
প্রাতরাশ	pr a t O r a sh	native
প্রাতরাশের	pr a t r a sh e r	native
প্রাতিকুল্য	pr a t i k u l l O	native
প্রাতিপদিক	pr a t i p O d i k	native
প্রাতিভাসিক	pr a t i bh a sh i k	native
প্রাতিশ্ঠান	pr a t i sh Th a n	native
প্রাতিশ্ঠানিক	pr a t i sh Th a n i k	compound
প্রাতিশ্ঠানিকতা	pr a t i sh Th a n i k o t a	compound
প্রাতিশ্ঠানিকভাবে	pr a t i sh Th a n i k bh a b e	compound
প্রাতিশ্ঠানিকভাবেও	pr a t i sh Th a n i k bh a b e O	compound
প্রাতিশ্ঠানিকিকরন	pr a t i sh Th a n i k i k o r o n	compound
প্রাতিশ্ঠানিকিকরনের	pr a t i sh Th a n i k i k o r o n e r	compound
প্রাতিস্বিক	pr a t i sh sh i k	tatsama
প্রাতে	pr a t e	native
প্রাথমিকে	pr a th O m i k e	native
প্রাথমিকের	pr a th O m i k e r	native
প্রাদি	pr a d i	native
প্রাদুর্ভাব	pr a d u r bh a b	native
প্রাদুর্ভাবের	pr a d u r bh a b e r	compound
প্রাদেশিক	pr a d e sh i k	native
প্রাধান্যে	pr a dh a n n e	native
প্রাধান্যের	pr a dh a n n e r	native
প্রাধিকার	pr a dh i k a r	native
প্রাধ্যক্ষ	pr a d dh O kkh O	tatsama
প্রাধ্যক্ষকে	pr a dh dh O kkh O k e	tatsama
প্রাধ্যক্ষরা	pr a dh dh O kkh O r a	tatsama
প্রাধ্যক্ষসহ	pr a dh dh O kkh O sh o h O	tatsama
প্রাধ্যক্ষের	pr a dh dh O kkh e r	tatsama
প্রান	pr a n	native
প্রানও	pr a n O	native
প্রানকে	pr a n k e	native
প্রানকেন্দ্র	pr a n k e ndr O	native
প্রানকেন্দ্রে	pr a n k e ndr e	compound
প্রানখুলে	pr a n kh u l e	native
প্রানখোলা	pr a n kh O l a	native
প্রানগোপাল	pr a n g O p a l	native
প্রানঘাতি	pr a n gh a t i	native
প্রানচঞ্চল	pr a n ch o nch o l	tatsama
প্রানচাঞ্চল্য	pr a n ch a nch o l l O	compound
প্রানচাঞ্চল্যে	pr a n ch a nch o l l e	compound
প্রানটা	pr a n T a	native
প্রানটি	pr a n T i	native
প্রানঢালা	pr a n Dh a l a	native
প্রানতোশ	pr a n t O sh o	native
প্রানতোশের	pr a n t O sh e r	native
প্রানদন্ড	pr a n d o n D O	native
প্রানদন্ডের	pr a n d o n D e r	native
প্রানদেল্লি	pr a n d e l l i	native
প্রানদেল্লির	pr a n d e l l i r	native
প্রানন	pr a n O n	native
প্রাননাথ	pr a n n a th	native
প্রাননাশ	pr a n n a sh o	native
প্রাননাশের	pr a n n a sh e r	native
প্রাননাশেরও	pr a n n a sh e r O	native
প্রানপন	pr a n p o n	native
প্রানপনে	pr a n p o n e	native
প্রানপাখি	pr a n p a kh i	native
প্রানপাত	pr a n p a t	native
প্রানপুরুশ	pr a n p u r u sh	native
প্রানপ্রবাহ	pr a n pr o b a h o	native
প্রানপ্রাচুর্যে	pr a n pr a ch u r j e	compound
প্রানপ্রিয়	pr a n pr i y o	native
প্রানবইচিত্র্য	pr a n b O i ch i t r O	compound
প্রানবন্ত	pr a n O b o nt O	native
প্রানবন্ততা	pr a n O b o nt O t a	native
প্রানবান	pr a n b a n	native
প্রানবোইচিত্র্য	pr a n b O i ch i t r O	compound
প্রানবোইচিত্র্যের	pr a n b O i ch i t r e r	compound
প্রানভরে	pr a n bh o r e	native
প্রানভিক্ষা	pr a n bh i kkh a	tatsama
প্রানভিক্ষার	pr a n bh i kkh a r	tatsama
প্রানভোমরা	pr a n bh O m r a	native
প্রানভয়ে	pr a n bh o y e	native
প্রানময়	pr a n O m o y	native
প্রানরসায়ন	pr a n r o sh a y o n	native
প্রানরসায়নের	pr a n r o sh a y o n e r	native
প্রানশক্তি	pr a n sh O kt i	native
প্রানশক্তিকে	pr a n sh o kt i k e	native
প্রানশক্তিতে	pr a n sh O kt i t e	native
প্রানশক্তির	pr a n sh O kt i r	native
প্রানসংহারি	pr a n sh o ng h a r i	native
প্রানসঞ্চার	pr a n sh o nch a r	tatsama
প্রানসঞ্চারিনি	pr a n sh o nch a r i n i	compound
প্রানসম্পদ	pr a n sh o mp o d	native
প্রানহরনের	pr a n h o r o n e r	native
প্রানহানি	pr a n h a n i	native
প্রানহানিও	pr a n h a n i O	native
প্রানহানিতে	pr a n h a n i t e	native
প্রানহানির	pr a n h a n i r	native
প্রানহিন	pr a n h i n	native
প্রানাত্যয়	pr a n a t t o y	native
প্রানাধিক	pr a n a dh i k	native
প্রানান্ত	pr a n a nt O	native
প্রানান্তকর	pr a n a nt O k o r	native
প্রানামায়	pr a n a y a m	native
প্রানি	pr a n i	native
প্রানিই	pr a n i i	native
প্রানিও	pr a n i O	native
প্রানিকুল	pr a n i k u l	native
প্রানিকুলের	pr a n i k u l e r	native
প্রানিকে	pr a n i k e	native
প্রানিগুলো	pr a n i g u l O	native
প্রানিগুলোকে	pr a n i g u l O k e	native
প্রানিগুলোর	pr a n i g u l O r	native
প্রানিজ	pr a n i j	native
প্রানিজগতের	pr a n i j o g o t e r	native
প্রানিটি	pr a n i T i	native
প্রানিটিকে	pr a n i T i k e	native
প্রানিটির	pr a n i T i r	native
প্রানিত	pr a n i t	native
প্রানিতে	pr a n i t e	native
প্রানিদের	pr a n i d e r	native
প্রানিদেহের	pr a n i d e h e r	native
প্রানিবধ	pr a n i b o dh o	native
প্রানিবিজ্ঞান	pr a n i b i g g a n	tatsama
প্রানিবিজ্ঞানের	pr a n i b i g g a n e r	tatsama
প্রানিবিদেরা	pr a n i b i d e r a	native
প্রানিবিদ্যা	pr a n i b i d d a	native
প্রানিবিদ্যার	pr a n i b i d d a r	compound
প্রানিবিদ্যায়	pr a n i b i d d a y	compound
প্রানিবিশয়ক	pr a n i b i sh o y o k	native
প্রানির	pr a n i r	native
প্রানিরা	pr a n i r a	native
প্রানিসম্পদ	pr a n i sh o mp o d	native
প্রানিসম্পদমন্ত্রি	pr a n i sh o mp o d m o n t r i	compound
প্রানিসহ	pr a n i sh o h O	native
প্রানে	pr a n e	native
প্রানেই	pr a n e i	native
প্রানেশ	pr a n e sh	native
প্রানোচ্ছল	pr a n O ch chh o l	native
প্রানোত্সর্গ	pr a n O t sh o r g O	native
প্রানোৎসর্গ	pr a n O t sh o r g O	native
প্রান্ত	pr a nt O	native
প্রান্তজনের	pr a nt O j o n e r	native
প্রান্তবর্তি	pr a nt O b o r t i	native
প্রান্তর	pr a nt O r	native
প্রান্তরে	pr a nt O r e	native
প্রান্তসিমায়	pr a nt O sh i m a y	native
প্রান্তিকে	pr a nt i k e	native
প্রান্তিকেই	pr a nt i k e i	native
প্রান্তিকের	pr a nt i k e r	native
প্রান্তিয়	pr a nt i y o	native
প্রান্তে	pr a nt e	native
প্রান্তেই	pr a nt e i	native
প্রান্তের	pr a nt e r	native
প্রান্দেল্লি	pr a nd e l l i	native
প্রান্দেল্লির	pr a nd e l l i r	compound
প্রাপক	pr a p o k	native
প্রাপককে	pr a p o k k e	native
প্রাপকদের	pr a p o k d e r	native
প্রাপকের	pr a p O k e r	native
প্রাপন	pr a p O n	native
প্রাপনিয়	pr a p O n i y O	native
প্রাপিত	pr a p i t O	native
প্রাপ্ত	pr a p t O	native
প্রাপ্তঃ	pr a p t O	tatsama
প্রাপ্তদের	pr a p t O d e r	native
প্রাপ্তবয়স্ক	pr a p t O b O y o O s k O	loanword
প্রাপ্তবয়স্কদের	pr a p t O b o y o s k o d e r	loanword
প্রাপ্তিই	pr a p t i i	native
প্রাপ্তিও	pr a p t i O	native
প্রাপ্তিকে	pr a p t i k e	native
প্রাপ্তিজোগ	pr a p t i j O g	native
প্রাপ্তিটা	pr a p t i T a	native
প্রাপ্তিতে	pr a p t i t e	native
প্রাপ্তির	pr a p t i r	native
প্রাপ্তিস্থান	pr a p t i sth a n	compound
প্রাপ্য	pr a p p O	native
প্রাপ্যই	pr a p p O i	native
প্রাপ্যটুকু	pr a p p O T u k u	native
প্রাপ্যতাকে	pr a p p O t a k e	native
প্রাপ্যতার	pr a p p O t a r	native
প্রাপ্র	pr a p p O	native
প্রাবর	pr a b o r	native
প্রাবল্যে	pr a b o l l e r	native
প্রাবাদিক	pr a b a d i k	native
প্রাবিন্য	pr a b i n n O	native
প্রাবৃত	pr a b ri t O	tatsama
প্রাবেশন	pr a b e sh o n	native
প্রাভাতিক	pr a bh a t i k	native
প্রাভিন	pr a bh i n	native
প্রাভিনের	pr a bh i n e r	native
প্রামাদিক	pr a m a d i k	native
প্রামানিক	pr a m a n i k	native
প্রামানিককে	pr a m a n i k k e	native
প্রামানিকের	pr a m a n i k e r	native
প্রামান্য	pr a m a n n O	native
প্রামান্যচিত্র	pr a m a n n O ch i tr O	compound
প্রামান্যচিত্রও	pr a m a n n O ch i tr O O	compound
প্রামান্যচিত্রটি	pr a m a n n O ch i tr O T i	compound
প্রামান্যচিত্রটিতে	pr a m a n n O ch i tr O T i t e	compound
প্রামান্যচিত্রটির	pr a m a n n O ch i tr O T i r	compound
প্রামান্যচিত্রে	pr a m a n n O ch i tr e	compound
প্রামান্যচিত্রের	pr a m a n n O ch i tr e r	compound
প্রারব্ধ	pr a r o b dh O	native
প্রারম্ভ	pr a r o m bh O	native
প্রার্থক	pr a r th o k	native
প্রার্থনাই	pr a r th O n a i	native
প্রার্থনাও	pr a r th O n a O	native
প্রার্থনাকারি	pr a r th O n a k a r i	compound
প্রার্থনার	pr a r th O n a r	native
প্রার্থনারত	pr a r th O n a r o t O	native
প্রার্থনালয়ে	pr a r th O n a l o y e	native
প্রার্থনাসহ	pr a r th O n a sh o h O	native
প্রার্থনায়	pr a r th O n a y	native
প্রার্থনিয়	pr a r th O n i y o	native
প্রার্থি	pr a r th i	native
প্রার্থিই	pr a r th i i	native
প্রার্থিও	pr a r th i O	native
প্রার্থিকে	pr a r th i k e	native
প্রার্থিকেই	pr a r th i k e i	native
প্রার্থিত	pr a r th i t O	native
প্রার্থিতা	pr a r th i t a	native
প্রার্থিতাও	pr a r th i t a O	native
প্রার্থিতার	pr a r th i t a r	native
প্রার্থিতালিকা	pr a r th i t a l i k a	compound
প্রার্থিদের	pr a r th i d e r	native
প্রার্থিদেরও	pr a r th i d e r O	native
প্রার্থিদেরকে	pr a r th i d e r k e	compound
প্রার্থির	pr a r th i r	native
প্রার্থিরই	pr a r th i r i	native
প্রার্থিরা	pr a r th i r a	native
প্রার্থিরাই	pr a r th i r a i	native
প্রার্থিরাও	pr a r th i r a O	native
প্রার্থিসংখ্যা	pr a r th i sh o ng kh a	compound
প্রার্থিসহ	pr a r th i sh o h O	native
প্রাশন	pr a sh O n	native
প্রাশস্ত্য	pr a sh O st O	native
প্রাশ্নিক	pr a sh n i k	native
প্রাস	pr a sh	native
প্রাসংংগিক	pr a sh O ng g i k	native
প্রাসংগিক	pr a sh o ng g i k	native
প্রাসংগিকতা	pr a sh o ng g i k o t a	native
প্রাসংগিকভাবে	pr a sh o ng g i k bh a b e	compound
প্রাসংগিকভাবেই	pr a sh o ng g i k bh a b e i	compound
প্রাসাদ	pr a sh a d	native
প্রাসাদটি	pr a sh a d T i	native
প্রাসাদটির	pr a sh a d T i r	native
প্রাসাদোপম	pr a sh a d O p o m o	native
প্রাস্থানিক	pr a sth a n i k	native
প্রাহরিক	pr a h O r i k	native
প্রাহসনিক	pr a h O sh O n i k	native
প্রাহ্ন	pr a n h O	native
প্রায়	pr a y	native
প্রায়ই	pr a y i	native
প্রায়র	pr a y o r	native
প্রায়শ	pr a y o sh	native
প্রায়শই	pr a y o sh i	native
প্রায়শ্চিত্ত	pr a y O sh ch i tt O	native
প্রায়িক	pr a y i k	native
প্রায়োগিক	pr a y O g i k	native
প্রায়োপবিশ্ট	pr a y O p O b i sh T O	native
প্রায়োরিটি	pr a y O r i T i	native
প্রি	pr i	native
প্রি-মার্কেট	p ri m a r k e T	loanword
প্রিং	pr i ng	native
প্রিংগল	pr i ng g o l	native
প্রিআইপিও	pr i a i p i O	native
প্রিকুয়্যাল	pr i k u y A l	native
প্রিজন	p ri j o n	native
প্রিজনকে	pr i j o n k e	native
প্রিজনভ্যানে	p ri j O n bh A n e	native
প্রিজনার	pr i j o n a r	native
প্রিজনের	pr i j o n e r	native
প্রিজম	pr i j o m	native
প্রিজমের	pr i j o m e r	native
প্রিজাইডিং	p ri j a i D i ng	native
প্রিজারভেটিভ	p ri j a r bh e T i bh	native
প্রিঞ্জ	pr i nj	tatsama
প্রিঞ্জের	pr i nj e r	tatsama
প্রিটি	pr i T i	native
প্রিটোরিয়া	pr i T O r i y a	native
প্রিটোরিয়ার	pr i T O r i y a r	native
প্রিটোরিয়ায়	pr i T O r i y a y o	native
প্রিত	p ri t O	native
প্রিতপাল	pr i t o p a l	native
প্রিতমের	pr i t o m e r	native
প্রিতি	pr i t i	native
প্রিতিকর	pr i t i k o r	native
প্রিতিপুর্ন	pr i t i p u r n O	native
প্রিতিভাজন	pr i t i bh a j o n	native
প্রিতিময়	pr i t i m o y	native
প্রিতির	pr i t i r	native
প্রিতিলতা	pr i t i l o t a	native
প্রিতিলতার	pr i t i l o t a r	native
প্রিতিশ	pr i t i sh	native
প্রিনন	pr i n o n	native
প্রিন্টারটি	pr i n T a r T i	loanword
প্রিন্টারটির	pr i n T a r T i r	loanword
প্রিন্টারে	p ri n T a r e	loanword
প্রিন্টারের	p ri n T a r e r	loanword
প্রিন্টার্স	pr i n T a r s	loanword
প্রিন্টার্সের	pr i n T a r s e r	compound
প্রিন্টিং	p ri n T i ng	loanword
প্রিন্টের	p ri n T e r	loanword
প্রিন্স	p ri n s	loanword
প্রিন্সকে	pr i n s e r	loanword
প্রিন্সদের	pr i n s d e r	loanword
প্রিন্সিপল	pr i n s i p o l	loanword
প্রিন্সিপাল	p ri n s i p a l	loanword
প্রিন্সিপালের	p ri n s i p a l e r	loanword
প্রিন্সিপির	p ri n s i p i r	loanword
প্রিন্সে	pr i n s e	loanword
প্রিন্সেপ	p ri n s e p	loanword
প্রিন্সেস	p ri n s e s	loanword
প্রিন্সেসের	p ri n s e s e r	loanword
প্রিপারেটরি	p ri p a r e T O r i	native
প্রিপারেশন	p ri p a r e sh o n	native
প্রিপেইড	p ri p e i D	native
প্রিপেয়ার্ডনেস	pr i p e y a r D o n e s	compound
প্রিফেক্ট	pr i ph e k T	native
প্রিভাল	pr i bh a l	native
প্রিভালের	pr i bh a l e r	native
প্রিভি	pr i bh i k a u n sh i l	native
প্রিভিউ	p ri bh i u	native
প্রিভিলেজ	pr i bh i l e j	native
প্রিভিলেজেস	pr i bh i l e j e s	loanword
প্রিভেনটিভ	p ri bh e n T i bh	native
প্রিমিও	pr i m i O	native
প্রিমিয়াম	pr i m i y a m	native
প্রিমিয়ামসহ	pr i m i y a m sh o h O	native
প্রিমিয়ামে	pr i m i y a m e	native
প্রিমিয়ামের	pr i m i y a m e r	native
প্রিমিয়ার	pr i m i y a r	native
প্রিমিয়ারে	pr i m i y a r e	native
প্রিমিয়ারের	pr i m i y a r e r	native
প্রিমো	p ri m O	native
প্রিম্যাচিউর	pr i m A ch i u r	native
প্রিরোগেটিভ	pr i r O g e T i bh	native
প্রিলিমিনারি	p ri l i m i n a r i	native
প্রিলিমিনারিতে	p ri l i m i n a r i t e	compound
প্রিলিমিনারির	p ri l i m i n a r i r	compound
প্রিসাইডিং	p r i s a i D i ng	loanword
প্রিসিডেন্স	p ri s i D e n s	loanword
প্রিসিডেন্সকে	pr i s i D e n s k e	loanword
প্রিসিডেন্সে	pr i s i D e n s e	loanword
প্রিসিডেন্সের	pr i s i D e n s e r	loanword
প্রিসিলার	pr i s i l a r	proper_noun
প্রিহিট	p ri h i T	native
প্রিহিটেড	p ri h i T e D	native
প্রিয়	p ri y O	native
প্রিয়ংকর	pr i y o ng k o r	native
প্রিয়ংগু	pr i y O ng g u	native
প্রিয়জন	pr i y o j o n	native
প্রিয়জনকে	pr i y o j o n k e	native
প্রিয়জনদের	pr i y o j o n d e r	native
প্রিয়জনের	pr i y o j o n e r	native
প্রিয়জনেরা	pr i y o j o n e r a	native
প্রিয়তম	pr i y o t o m o	native
প্রিয়তমা	pr i y o t o m a	native
প্রিয়তার	pr i y o t a r	native
প্রিয়তোশ	pr i y o t O sh	native
প্রিয়দর্শন	pr i y o d o r sh o n	native
প্রিয়দর্শনের	pr i y o d o r sh o n e r	native
প্রিয়দর্শিনি	pr i y o d o r sh o n i r	native
প্রিয়ন্তি	pr i y o nt i	native
প্রিয়পাত্র	pr i y o p a tr O	native
প্রিয়প্রাংগন	pr i y o pr a ng g o n	native
প্রিয়বিচ্ছেদ	pr i y o b i ch chh e d	native
প্রিয়ব্রত	pr i y o br O t o	native
প্রিয়ভাজন	pr i y o bh a j o n	native
প্রিয়ভাশিনি	pr i y o bh a sh i n i	native
প্রিয়ভাশিনির	pr i y o bh a sh i n i r	native
প্রিয়মান	pr i y O m a n	native
প্রিয়র	pr i y o r	native
প্রিয়রকে	pr i y o r k e	native
প্রিয়রের	pr i y o r e r	native
প্রিয়া	pr i y a	native
প্রিয়াংকা	pr i y a ng k a	native
প্রিয়াংকাও	pr i y a ng k a O	native
প্রিয়াংকাকে	pr i y a ng k a k e	native
প্রিয়াংকার	pr i y a ng k a r	native
প্রিয়াংগন	pr i y a ng g o n	native
প্রিয়াকে	pr i y a k e	native
প্রিয়ার	pr i y a r	native
প্রু	pr u	native
প্রুডেনশিয়াল	pr u D e n sh i y a l	native
প্রুফ	pr u ph	native
প্রুফশিট	pr u ph sh i T	native
প্রে	pr e	native
প্রেখট	pr e kh o T	native
প্রেখটকে	pr e kh o T k e	native
প্রেজেন্ট	pr e j e n T	native
প্রেজেন্টার	pr e j e n T a r	native
প্রেজেন্টেশন	pr e j e n T e sh O n	native
প্রেজেন্টেশনের	pr e j e n T e sh o n e r	compound
প্রেডনিসোলন	pr e D n i s O l o n	loanword
প্রেত	pr e t	native
প্রেতাশোউচ	pr e t a sh O u ch	native
প্রেতিনি	pr e t i n i	native
প্রেতের	pr e t e r	native
প্রেপ্সু	pr e p sh u	native
প্রেব্যাক	pr e b A k	native
প্রেম	pr e m	native
প্রেমও	pr e m O	native
প্রেমকাহিনি	pr e m k a h i n i	native
প্রেমকাহিনির	pr e m k a h i n i r	native
প্রেমকে	pr e m k e	native
প্রেমঘটিত	pr e m gh O T i t O	native
প্রেমঘন	pr e m gh o n o	native
প্রেমচাদ	pr e m ch a d	native
প্রেমচাদের	pr e m ch a d e r	native
প্রেমজি	pr e m j i	native
প্রেমজোগ	pr e m j O g	native
প্রেমটা	pr e m T a	native
প্রেমতলি	pr e m t o l i	native
প্রেমতোশ	pr e m t O sh	native
প্রেমনাথ	pr e m n a th	native
প্রেমপত্র	pr e m p o tr O	native
প্রেমবা	pr e m o b a	native
প্রেমময়	pr e m o m o y o	native
প্রেমহিন	pr e m h i n	native
প্রেমা	pr e m a	native
প্রেমাদাসা	pr e m a d a sh a	native
প্রেমাদাসার	pr e m a d a sh a r	native
প্রেমাদাসায়	pr e m a d a sh a y	native
প্রেমানন্দ	pr e m a n o nd O	native
প্রেমারা	pr e m a r a	native
প্রেমালাপ	pr e m a l a p	native
প্রেমি	pr e m i	native
প্রেমিক	pr e m i k	native
প্রেমিককে	pr e m i k k e	native
প্রেমিকজুগল	pr e m i k j u g O l	native
প্রেমিকজুগলের	pr e m i k j u g O l e r	compound
প্রেমিকদের	pr e m i k d e r	native
প্রেমিকরা	pr e m i k r a	native
প্রেমিকা	pr e m i k a	native
প্রেমিকাকে	pr e m i k a k e	native
প্রেমিকাদের	pr e m i k a d e r	native
প্রেমিকের	pr e m i k e r	native
প্রেমিকেরা	pr e m i k e r a	native
প্রেমিজুগলের	pr e m i j u g O l e r	native
প্রেমিদের	pr e m i d e r	native
প্রেমিরা	pr e m i r a	native
প্রেমে	pr e m e	native
প্রেমেই	pr e m e i	native
প্রেমেও	pr e m e O	native
প্রেমের	pr e m e r	native
প্রেমেরই	pr e m e r i	native
প্রেরককে	pr e r o k k e	native
প্রেরকের	pr e r O k e r	native
প্রেরনকারি	pr e r O n k a r i	native
প্রেরনা	pr e r O n a	native
প্রেরনাও	pr e r O n a O	native
প্রেরনাকে	pr e r o n a k e	native
প্রেরনাদাতা	pr e r o n a d a t a	native
প্রেরনাদায়ি	pr e r o n a d a y i	native
প্রেরনার	pr e r O n a r	native
প্রেরনায়	pr e r o n a y	native
প্রেরনে	pr e r O n e	native
প্রেরনের	pr e r O n e r	native
প্রেশ	pr e sh	native
প্রেশক	pr e sh o k	native
প্রেশন	pr e sh o n	native
প্রেশনা	pr e sh o n o	native
প্রেশনে	pr e sh o n e	native
প্রেশার	pr e sh a r	native
প্রেশিতকের	pr e sh i t o k e r	native
প্রেশেনি	pr e sh O n i	native
প্রেশ্ঠ	pr e sh Th O	native
প্রেসক্লাবসংলগ্ন	pr e s kl a b o sh o ng l o g n O	compound
প্রেসক্লাবসহ	pr e sh kl a b sh o h O	loanword
প্রেসনার	pr e s o n a r	loanword
প্রেসনোট	pr e s n O T	loanword
প্রেসনোটে	pr e s n O T e	loanword
প্রেসনোটের	pr e s n O T e r	loanword
প্রেসম্যান	pr e s m A n	loanword
প্রেসিং	pr e s i ng	loanword
প্রেসিডিয়াম	pr e s i D i a m	loanword
প্রেসিডেনশিয়াল	pr e s i D e n sh i y a l	compound
প্রেসিডেন্সিয়াল	pr e s i D e n s i y a l	loanword
প্রেসে	pr e s e	loanword
প্রেয়	pr e y O	native
প্রেয়সি	pr e y O sh i	native
প্রো	pr O	native
প্রোউড়	pr O u r O	native
প্রোউড়া	pr ou r a	native
প্রোক্ত	pr O kt O	native
প্রোক্ষন	pr O kkh o n	tatsama
প্রোখরভ	pr O kh o r o bh	native
প্রোগ	pr O g	native
প্রোগাম	pr O g a m	native
প্রোগ্রামগুলো	pr O gr a m g u l O	compound
প্রোগ্রামটি	pr O gr a m T i	loanword
প্রোগ্রামটির	pr O gr a m T i r	loanword
প্রোগ্রামস	pr O gr a m s	loanword
প্রোগ্রামাররা	pr O gr a m a r r a	compound
প্রোগ্রামারের	pr O gr a m a r e r a	compound
প্রোগ্রামিংয়ে	pr O gr a m i ng y e	compound
প্রোগ্রামিংয়ের	pr O gr a m i ng y e r	compound
প্রোগ্রামে	pr O gr a m e	loanword
প্রোগ্রেসিভ	pr O gr e s i bh	loanword
প্রোগ্রেসের	pr O gr e s e r	loanword
প্রোজেক্ট	pr O j e k T	native
প্রোজেক্টরের	pr O j e k T o r e r	native
প্রোজেক্টের	pr O j e k T e r	native
প্রোজ্জ্বল	pr O j j o l	tatsama
প্রোটন	pr O T O n	native
প্রোটনের	pr O T O n e r	native
প্রোটিনজুক্ত	pr O T i n j u kt O	native
প্রোটিনটি	pr O T i n T i	native
প্রোটিনসমৃদ্ধ	pr O T i n sh O m r i d dh O	tatsama
প্রোটিনে	pr O T i n e	native
প্রোটিনের	pr O T i n e r	native
প্রোটিয়া	pr O T i y a	native
প্রোটিয়াদের	pr O T i y a d e r	native
প্রোটিয়ারা	pr O T i y a r a	native
প্রোটিয়াস	pr O T i y a s	proper_noun
প্রোটিয়াসদের	pr O T i y a s d e r	proper_noun
প্রোটিয়াসরা	pr O T i y a s r a	proper_noun
প্রোটেকশন	pr O T e k sh o n	native
প্রোটেক্ট	pr O T e k T	native
প্রোটেস্টান্ট	pr O T e s T a n T	loanword
প্রোটেস্টান্টদের	pr O T e s T a n T d e r	loanword
প্রোটেস্টান্টরা	pr O T e s T a n T r a	loanword
প্রোটোকল	pr O T O k o l	native
প্রোটোকলের	pr O T O k o l e r	native
প্রোটোটাইপ	pr O T O T a i p	native
প্রোডাকশনের	pr O D a k sh O n e r	native
প্রোডাক্ট	pr O D a k T	native
প্রোডাক্টস	pr O D a k T s	loanword
প্রোডাক্টসকে	pr O D a k T s k o	loanword
প্রোডাক্টসে	pr O D a k T s e	loanword
প্রোডাক্টসের	pr O D a k T s e r	loanword
প্রোডাক্টের	pr O D a k T e r	native
প্রোডিউসার	pr O D i u s a r	loanword
প্রোত	pr O t O	native
প্রোথিত	pr O th i t O	native
প্রোদ্ভিন্ন	pr O d bh i nn O	native
প্রোন্নত	pr O nn o t O	native
প্রোপার্টিজ	pr O p a r T i j	native
প্রোপার্টির	pr O p a r T i r	native
প্রোপেন	pr O p e n	native
প্রোপেনের	pr O p e n e r	native
প্রোপোফল	pr O p O ph o l	native
প্রোফাইলটি	pr O ph a i l T i	loanword
প্রোফাইলিং	pr O ph a i l i ng	loanword
প্রোফাইলে	pr O ph a i l e	loanword
প্রোফাইলের	pr O ph a i l e r	loanword
প্রোফিট	pr O ph i T	native
প্রোফেজ	pr O ph e j	native
প্রোফেশনাল	pr O ph e sh o n a l	native
প্রোভাইডারদের	pr O bh a i D a r d e r	compound
প্রোভাইডাররা	pr O bh a i D a r r a	native
প্রোভাইডারস	pr O bh a i D a r s	loanword
প্রোমো	pr O m O	native
প্রোমোশন	pr O m O sh O n	native
প্রোর	pr O r	native
প্রোলভ	pr O l O bh	native
প্রোলাপসের	pr O l a p s e r	loanword
প্রোলিংক	pr O l i ng k	native
প্রোলিংকের	pr O l i ng k e r	native
প্রোশিত	pr O sh i t O	native
প্রোসেস	pr O s e s	loanword
প্রোৎসাহ	pr O t sh a h O	native
প্র্যাকটিক্যাল	pr A k T i k A l	compound
প্র্যাকটিস	p r A k T i s	loanword
প্র্যাকটিসই	p r A k T i s i	loanword
প্র্যাকটিসটা	p r A k T i s T a	loanword
প্র্যাকটিসে	p r A k T i s e	loanword
প্র্যাকটিসের	p r A k T i s e r	loanword
প্র্যাকটিসেস	p r A k T i s e s	loanword
প্র্যাট	p r A T	native
প্র্রকাশ	p r r o k a sh	native
প্র্রজুক্তি	p r r o j u kt i	native
প্র্রজুক্তিতে	p r r o j u kt i t e	compound
প্র্রতি	p r r o t i	native
প্র্রথম	p r r o th o m	native
প্র্রদান	p r r o d a n	native
প্র্রাথমিক	p r r a th o m i k	native
প্রৎন্মের	pr O t n m e r	native
প্রয়াগ	pr O y a g	native
প্রয়াত	pr O y a t O	native
প্রয়ান	pr O y a n	native
প্রয়ানে	pr O y a n e	native
প্রয়ানের	pr O y a n e r	native
প্রয়াশ	pr O y a sh	native
প্রয়াস	pr O y a sh	native
প্রয়াসই	pr O y a sh i	native
প্রয়াসও	pr O y a sh O	native
প্রয়াসকে	pr O y a sh k e	native
প্রয়াসটি	pr O y a sh T i	native
প্রয়াসি	pr O y a sh i	native
প্রয়াসে	pr O y a sh e	native
প্রয়াসেই	pr O y a sh e i	native
প্রয়াসের	pr O y a sh e r	native
প্রয়োগ	pr O y O g	native
প্রয়োগই	pr O y O g i	native
প্রয়োগও	pr O y O g O	native
প্রয়োগকারি	pr O y O g k a r i	native
প্রয়োগকারিদের	pr O y O g k a r i d e r	compound
প্রয়োগকারির	pr O y O g k a r i r	native
প্রয়োগকারিরা	pr O y O g k a r i r a	native
প্রয়োগকে	pr O y O g k e	native
প্রয়োগজোগ্য	pr O y O g j O g g O	native
প্রয়োগটা	pr O y O g T a	native
প্রয়োগটাই	pr O y O g T a i	native
প্রয়োগবিধি	pr O y O g b i dh i	native
প্রয়োগে	pr O y O g e	native
প্রয়োগেই	pr O y O g e i	native
প্রয়োগেও	pr O y O g e O	native
প্রয়োগের	pr O y O g e r	native
প্রয়োজক	pr O y O j o k	native
প্রয়োজন	pr O y O j O n	native
প্রয়োজনই	pr O y O j o n i	native
প্রয়োজনও	pr O y O j o n O	native
প্রয়োজনকে	pr O y O j o n k e	native
প্রয়োজনগুলো	pr O y O j o n g u l O	native
প্রয়োজনগুলোর	pr O y O j o n g u l O r	native
প্রয়োজনটা	pr O y O j o n T a	native
প্রয়োজনবোধ	pr O y O j o n b O dh	native
প্রয়োজনবোধে	pr O y O j o n b O dh e	native
প্রয়োজনমতো	pr O y O j o n m o t O	native
প্রয়োজনমাফিক	pr O y O j o n m a ph i k	native
প্রয়োজনাতিরিক্ত	pr O y O j o n a t i r i kt O	compound
প্রয়োজনানুগ	pr O y O j o n a n u g	native
প্রয়োজনিতা	pr O y O j o n i t a	native
প্রয়োজনিয়	pr O y O j O n i y O	native
প্রয়োজনিয়তা	pr O y O j O n i y o t a	native
প্রয়োজনিয়তাই	pr O y O j o n i y o t a i	native
প্রয়োজনিয়তাও	pr O y O j o n i y o t a O	native
প্রয়োজনিয়তাকে	pr O y O j o n i y o t a k e	compound
প্রয়োজনিয়তার	pr O y O j o n i y o t a r	native
প্রয়োজনিয়তায়	pr O y O j o n i y o t a y	native
প্রয়োজনিয়সংখ্যক	pr O y O j o n i y o sh o ng kh o k	compound
প্রয়োজনে	pr O y O j o n e	native
প্রয়োজনেই	pr O y O j o n e i	native
প্রয়োজনেও	pr O y O j o n e O	native
প্রয়োজনের	pr O y O j o n e r	native
প্লক্ষ	p l O kkh O	tatsama
প্লজেন	p l o j e n	loanword
প্লজেনের	p l o j e n e r	loanword
প্লটই	p l o T i	loanword
প্লটও	p l o T O	loanword
প্লটগুলো	p l o T g u l O	loanword
প্লটটি	p l o T T i	loanword
প্লটে	p l o T e	loanword
প্লব	p l O b O	loanword
প্লাইউড	p l a i u D	loanword
প্লাক	p l a k	loanword
প্লাকার্ড	p l a k a r D	loanword
প্লাকার্ডে	p l a k a r D e	loanword
প্লাগ	p l a g	loanword
প্লাগইন	p l a g i n	loanword
প্লাজম	p l a j o m	loanword
প্লাজমা	p l a j m a	loanword
প্লাজমোডিয়ামের	p l a j m O D i y a m e r	loanword
প্লাজা	p l a j a	loanword
প্লাজার	p l a j a r	loanword
প্লাজায়	p l a j a y	loanword
প্লাটফরম	p l a T ph o r m	loanword
প্লাটফর্মের	p l a T ph o r m e r	loanword
প্লাটার	p l a T a r	loanword
প্লাটিনাম	p l a T i n a m	loanword
প্লাটিনামের	p l a T i n a m e r	loanword
প্লাটিলেট	p l a T i l e T	loanword
প্লাটুনে	p l a T u n e	loanword
প্লাটুনের	p l a T u n e r	loanword
প্লাতিনির	p l a t i n i r	loanword
প্লান	p l a n	loanword
প্লানার্সের	p l a n a r s e r	loanword
প্লানিং	p l a n i ng	loanword
প্লানেট	p l a n e T	loanword
প্লানেটরি	p l a n e T r i	loanword
প্লানেটারি	p l a n e T a r i	loanword
প্লানের	p l a n e r	loanword
প্লান্টগুলো	p l a n T g u l O	loanword
প্লান্টটি	p l a n T T i	loanword
প্লান্টার	p l a n T a r	loanword
প্লান্টের	p l A n T e r	loanword
প্লান্টেশন	p l a n T e sh o n	loanword
প্লাবন	p l a b O n	loanword
প্লাবনভুমি	p l a b O n bh u m i	loanword
প্লাবনভুমিকে	p l a b o n bh u m i k e	loanword
প্লাবনভুমিতে	p l a b o n bh u m i t e	loanword
প্লাবনভুমির	p l a b o n bh u m i r	loanword
প্লাবনে	p l a b O n e	loanword
প্লাবনের	p l a b o n e r	loanword
প্লামবার	p l a m b a r	loanword
প্লার্কের	p l a r k e r	loanword
প্লাস	p l a s	loanword
প্লাসকে	p l a s k e	loanword
প্লাসে	p l a s e	loanword
প্লাসের	p l a s e r	loanword
প্লাস্টিকপন্য	p l a s T i k p o n n O	loanword
প্লাস্টিকপন্যের	p l a s T i k p o n n e r	loanword
প্লাস্টিকশিল্পের	p l a s T i k sh i l p e r	loanword
প্লাস্টিকের	p l a s T i k e r	loanword
প্লাস্টিড	p l a s T i D	loanword
প্লিজ	p l i j	loanword
প্লিনারি	p l i n a r i	loanword
প্লিহা	p l i h a	loanword
প্লুটো	p l u T O	loanword
প্লুটোকে	p l u T O k e	loanword
প্লুটোনিয়াম	p l u T O n i y a m	loanword
প্লুত	p l u t O	loanword
প্লে	p l e	loanword
প্লেইনস	p l e i n s	loanword
প্লেগ	p l e g	loanword
প্লেটা	p l e T a	loanword
প্লেটো	p l e T O	loanword
প্লেটোর	p l e T O r	loanword
প্লেতেও	p l e t e O	loanword
প্লেন	p l e n	loanword
প্লেবুকের	p l e b u k e r	loanword
প্লেব্যাকে	p l e b A k e	loanword
