চাংগা	ch a ng g a	native
চাংগি	ch a ng g i	native
চাংাভাব	ch a ng bh a b o	native
চাংাভাবের	ch a ng bh a b e r	native
চাকাজুক্ত	ch a k a j u kt O	native
চাকাটা	ch a k a T a	native
চাকাভা	ch a k a bh a	native
চাকামইয়া	ch a k a m o i y a	native
চাকার	ch a k a r	native
চাকায়	ch a k a y	native
চাকি	ch a k i	native
চাকিং	ch a k i ng	native
চাকিংয়ের	ch a k i ng y e r	native
চাকিকে	ch a k i k e	native
চাকু	ch a k u	native
চাকুম	ch a k u m	native
চাকুরি	ch a k u r i	native
চাকুরিচ্যুত	ch a k u r i ch ch u t o	native
চাকুরির	ch a k u r i r	native
চাকুরে	ch a k u r e	native
চাকুরেদের	ch a k u r e d e r	native
চাকে	ch a k e	native
চাকের	ch a k e r	native
চাক্কা	ch a k k a	native
চাক্তাই	ch a kt a i	native
চাক্ষুশ	ch a kkh u sh | ch a kkh u sh o	tatsama
চাখন	ch a kh O n	native
চাখনাচুর	ch a kh n a ch u r	native
চাগা	ch a g a	native
চাগাড়	ch a g a r	native
চাগিয়ে	ch a g i y e	native
চাচাই	ch a ch a i	native
চাচাও	ch a ch a O	native
চাচাকে	ch a ch a k e	native
চাচাত	ch a ch a t O	native
চাচাতো	ch a ch a t O	native
চাচাদের	ch a ch a d e r	native
চাচাভালপংপুন	ch a ch a bh a l o p o ng p u n	native
চাচার	ch a ch a r	native
চাচারা	ch a ch a r a	native
চাচারাও	ch a ch a r a O	native
চাচাশহ	ch a ch a sh o h o	native
চাচির	ch a ch i r	native
চাচোইর	ch a ch O i r	native
চাচ্ছি	ch a ch chh i	native
চাচ্ছিল	ch a ch chh i l O	native
চাচ্ছিলাম	ch a ch chh i l a m	native
চাচ্ছিলেন	ch a ch chh i l e n	native
চাচ্ছে	ch a ch chh e	native
চাচ্ছেন	ch a ch chh e n	native
চাঞা	ch a y a	tatsama
চাঞ্চল্য	ch a nch o l l O	tatsama
চাঞ্চল্যকর	ch a nch O l l O k o r	tatsama
চাঞ্চল্যের	ch a nch o l l e r	tatsama
চাট	ch a T	native
চাটখিল	ch a T kh i l	native
চাটখিলে	ch a T kh i l e	native
চাটগাইয়া	ch a T g a i y a	native
চাটগার	ch a T g a r	native
চাটন	ch a T O n	native
চাটনির	ch a T n i r	native
চাটমোহর	ch a T m O h O r	native
চাটমোহরে	ch a T m O h O r e	native
চাটমোহরের	ch a T m O h o r e r	native
চাটা	ch a T a	native
চাটাই	ch a T a i	native
চাটাইয়ের	ch a T a i y e r	native
চাটাচাটি	ch a T a ch a T i	native
চাটার	ch a T a r	native
চাটি	ch a T i	native
চাটিম	ch a T i m	native
চাটু	ch a T u	native
চাটুকার	ch a T u k a r	native
চাটুকারদের	ch a T u k a r d e r	native
চাটুকারিতা	ch a T u k a r i t a	native
চাটুকারের	ch a T u k a r e r	native
চাটুক্তি	ch a T u kt i	native
চাটুতি	ch a T u t i	native
চাট্টিখানি	ch a T T i kh a n i	native
চাড্ডা	ch a D D a	native
চাতক	ch a t O k	native
চাতকের	ch a t k e r	native
চাতর	ch a t O r	native
চাতলাপুর	ch a t l a p u r	native
চাতারা	ch a t a r a	native
চাতাল	ch a t a l	native
চাতালের	ch a t a l e r	native
চাতুর	ch a t u r	native
চাতুরি	ch a t u r i	native
চাতুর্বর্ন্য	ch a t u r m o r n O	native
চাতুর্মাস্য	ch a t u r m a sh sh O	native
চাতুর্য	ch a t u r j o	native
চাতুর্যের	ch a t u r j e r	native
চাদরও	ch a d o r O	native
চাদরটা	ch a d O r T a	native
চাদরটি	ch a d O r T i	native
চাদরাত	ch a d r a t	native
চাদরাতে	ch a d r a t e	native
চাদরে	ch a d O r e	native
চাদরের	ch a d O r e r	native
চাদাবাজরা	ch a d a b a j r a	native
চাদাবাজিও	ch a d a b a j i O	native
চাদাবাজিসহ	ch a d a b a j i sh o h O	native
চাদি	ch a d i	native
চাদেও	ch a d e O	native
চানঃ	ch a n	tatsama
চানক	ch a n O k	native
চানকা	ch a n k a	native
চানকানো	ch a n k a n O	native
চানক্য	ch a n o k k o | ch a n O k k O	native
চানখারপুল	ch a n kh a r p u l	native
চানখারপুলে	ch a n kh a r p u l e	native
চাননি	ch a n n i	native
চানমারি	ch a n m a r i	native
চানা	ch a n a	native
চানাকা	ch a n a k a	native
চানার	ch a n a r	native
চানু	ch a n u	native
চানের	ch a n e r	native
চান্ডিমাল	ch a n D i m a l	native
চান্ডিমালকে	ch a n D i m a l k e	native
চান্ডিমালের	ch a n D i m a l e r	native
চান্দ	ch a nd	native
চান্দখালি	ch a nd o kh a l i	native
চান্দগাও	ch a nd o g a O | ch a nd O g a O	native
চান্দনা	ch a nd O n a	native
চান্দরা	ch a nd o r a	native
চান্দশ	ch a nd O sh	native
চান্দাইকোনা	ch a nd a i k O n a	native
চান্দি	ch a nd i	native
চান্দিনা	ch a nd i n a	native
চান্দিনার	ch a nd i n a r	native
চান্দিনায়	ch a nd i n a y o	native
চান্দিয়া	ch a nd i y a	native
চান্দু	ch a nd u	native
চান্দুপাড়া	ch a nd u p a r a	native
চান্দুরা	ch a nd u r a	native
চান্দুড়িয়া	ch a nd u r i y a	native
চান্দেরি	ch a nd e r i	native
চান্দোয়া	ch a nd O y a	native
চান্দ্র	ch a ndr O	native
চান্দ্রবর্ষ	ch a ndr o b o r sh o	tatsama
চান্দ্রবৎসর	ch a ndr O b o t sh O r	native
চান্দ্রমাস	ch a ndr O m a sh	native
চান্দ্রমাসের	ch a ndr O m a sh e r	native
চান্দ্রা	ch a ndr o r a	native
চান্দ্রায়ন	ch a ndr a y O n	native
চান্স	ch a n s	loanword
চাপই	ch a p i	native
চাপও	ch a p O	native
চাপকলে	ch a p k o l e	native
চাপকলের	ch a p k o l e r	native
চাপকান	ch a p k a n	native
চাপকে	ch a p k e	native
চাপছে	ch a p chh e	native
চাপটাই	ch a p T a i	native
চাপটাকে	ch a p T a k e	native
চাপটাপ	ch a p T a p	native
চাপটি	ch a p T i	native
চাপতে	ch a p t e	native
চাপদার	ch a p d a r	native
চাপদাড়ি	ch a p d a r i	native
চাপন	ch a p O n	native
চাপবে	ch a p b e	native
চাপমুক্ত	ch a p m u kt O	native
চাপরাশি	ch a p r a sh i	native
চাপরাশির	ch a p r a sh i r	native
চাপল	ch a p l O	native
চাপলিন	ch a p l i n	native
চাপলে	ch a p l e	native
চাপলেই	ch a p l e i	native
চাপাচাপি	ch a p a ch a p i	native
চাপাচাপিতে	ch a p a ch a p i t e	native
চাপাচাপির	ch a p a ch a p i r	native
চাপাচ্ছেন	ch a p a ch chh e n	native
চাপাতি	ch a p a t i	native
চাপাতিটা	ch a p a t i T a	native
চাপানি	ch a p a n i	native
চাপানোর	ch a p a n O r	native
চাপালিশ	ch a p a l i sh	native
চাপালে	ch a p a l e	native
চাপালেন	ch a p a l e n	native
চাপায়	ch a p a y	native
চাপিল	ch a p i l	native
চাপিয়ে	ch a p i y e	native
চাপিয়েছিল	ch a p i y e chh i l o	native
চাপিয়েছিলেন	ch a p i y e chh i l e n	native
চাপিয়েছে	ch a p i y e chh e	native
চাপিয়েছেন	ch a p i y e chh e n	native
চাপুন	ch a p u n	native
চাপে	ch a p e	native
চাপেই	ch a p e i	native
চাপেও	ch a p e O	native
চাপেন	ch a p e n	native
চাপড়	ch a p o r	native
চাপড়া	ch a p r a	native
চাপড়াচ্ছেন	ch a p r a ch chh e n	native
চাপড়াতে	ch a p r a t e	native
চাপড়ান	ch a p r a n o	native
চাপড়ানো	ch a p r a n O	native
চাপড়ি	ch a p r i	native
চাপড়িয়ে	ch a p r i y e	native
চাপড়ে	ch a p r e	native
চাবকান	ch a b k a n o	native
চাবিও	ch a b i O	native
চাবিকাঠি	ch a b i k a Th i	native
চাবিটা	ch a b i T a	native
চাবির	ch a b i r	native
চাবিল্লো	ch a b i l l O	native
চাবুক	ch a b u k	native
চাবুকের	ch a b u k e r	native
চাভির	ch a bh i r	native
চাভেজ	ch a bh e j	proper_noun
চাভেজের	ch a bh e j e r	proper_noun
চাম	ch a m	native
চামচটা	ch a m o ch T a	native
চামচটি	ch a m o ch T i	native
চামচা	ch a m ch a	native
চামচাদের	ch a m ch a d e r	native
চামচিটে	ch a m T i T e	native
চামচে	ch a m O ch e	native
চামটা	ch a m T a	native
চামটি	ch a m T i	native
চামড়া	ch a m r a	native
চামড়াশিল্পের	ch a m r a sh i l p e r	compound
চামর	ch a m O r	native
চামার	ch a m a r	native
চামারা	ch a m a r a	native
চামারির	ch a m a r i r	native
চামিন্ডা	ch a m i n D a	native
চামিন্দা	ch a m i nd a	native
চামু	ch a m u	native
চামুক্ষ	ch a m u kkh O	tatsama
চামুন্ডা	ch a m u n D a	native
চামেলি	ch a m e l i	native
চামেলিবাগ	ch a m e l i b a g	native
চামেলিবাগের	ch a m e l i b a g e r	native
চাম্পা	ch a mp a	native
চাম্পারাই	ch a mp a r a i	native
চাম্পিয়ন	ch a mp i y o n	native
চামড়া	ch a m r a	native
চামড়াও	ch a m r a O	native
চামড়াঘাট	ch a m r a gh a T	native
চামড়াজাত	ch a m r a j a t	native
চামড়াটা	ch a m r a T a	native
চামড়ার	ch a m r a r	native
চামড়াশহ	ch a m r a sh o h o	native
চামড়াশিল্প	ch a m r a sh i l p o	native
চামড়াশিল্পের	ch a m o r a sh i l p e r	native
চামড়ায়	ch a m r a y o	native
চারও	ch a r O	native
চারক	ch a r O k	native
চারকোনা	ch a r k O n a	native
চারকোল	ch a r k O l	native
চারখাই	ch a r kh a i	native
চারগুন	ch a r g u n	native
চারঘাট	ch a r gh a T	native
চারঘাটে	ch a r gh a T e	native
চারজনই	ch a r j o n i	native
চারজনও	ch a r j o n O	native
চারজনকে	ch a r j o n k e	native
চারজনকেই	ch a r j o n k e i	native
চারজনে	ch a r j o n e	native
চারটাতে	ch a r T a t e	native
চারটাতেই	ch a r T a t e i	native
চারটার	ch a r T a r	native
চারটায়	ch a r T a y o	native
চারটি	ch a r T i	native
চারটিতেই	ch a r T i t e i	native
চারটিরই	ch a r T i r i	native
চারটিশহ	ch a r T i sh o h o	native
চারটে	ch a r T e	native
চারটেয়	ch a r T e i	native
চারতলা	ch a r t o l a	native
চারতলার	ch a r t o l a r	native
চারতলায়	ch a r t o l a y	native
চারদলিয়	ch a r d o l i y	native
চারদলের	ch a r d o l e r	native
চারদিকে	ch a r d i k e	native
চারদিকেই	ch a r d i k e i	native
চারদিনে	ch a r d i n e	native
চারদিনের	ch a r d i n e r	native
চারন	ch a r o n | ch a r O n	native
চারনকবি	ch a r o n k o b i | ch a r O n k O b i	native
চারনক্ষেত্র	ch a r o n kh e tr o	tatsama
চারনভুমি	ch a r o n bh u m i | ch a r O n bh u m i	native
চারনভুমিতে	ch a r o n bh u m i t e	native
চারপাশজুড়ে	ch a r p a sh j u r e	native
চারপাশটা	ch a r p a sh T a	native
চারপাশেই	ch a r p a sh e i	native
চারপাশেও	ch a r p a sh e O	native
চারপাশের	ch a r p a sh e r	native
চারপেয়ে	ch a r o p e y e	native
চারবছর	ch a r b o chh O r	native
চারবার	ch a r b a r	native
চারবারই	ch a r b a r i	native
চারবারের	ch a r b a r e r	native
চারভাগের	ch a r bh a g e r	native
চারমাথা	ch a r m a th a	native
চারমাস	ch a r m a sh	native
চাররংা	ch a r r o ng g a	native
চারলেনে	ch a r l e n e	native
চারশো	ch a r sh O	native
চারা	ch a r a	native
চারাও	ch a r a O	native
চারাগাছ	ch a r a g a chh	native
চারাগাছের	ch a r a g a chh e r	native
চারাগুলো	ch a r a g u l O	native
চারাটা	ch a r a T a	native
চারাটি	ch a r a T i	native
চারানো	ch a r a n O	native
চারার	ch a r a r	native
চারারগোপ	ch a r a r g O p	native
চারিগ্রাম	ch a r i gr a m	native
চারিত	ch a r i t O	native
চারিত্র	ch a r i tr o	native
চারিত্রিক	ch a r i tr i k	native
চারিত্র্য	ch a r i t r o	native
চারিদিক	ch a r i d i k	native
চারিদিকে	ch a r i d i k e	native
চারিয়া	ch a r i y a	native
চারু	ch a r u	native
চারুকলা	ch a r u k o l a	native
চারুকলার	ch a r u k o l a r	native
চারুকলায়	ch a r u k o l a y	native
চারুর	ch a r u r	native
চারুশিল্পি	ch a r u sh i l p i	native
চারুয়া	ch a r u y a	native
চারে	ch a r e	native
চারেক	ch a r e k	native
চারেকের	ch a r e k e r	native
চারের	ch a r e r	native
চারো	ch a r O	native
চার্চ	ch a r ch	native
চার্চিল	ch a r ch i l	native
চার্চিলকে	ch a r ch i l k e	native
চার্চিলে	ch a r ch i l e	native
চার্চিলের	ch a r ch i l e r	native
চার্চে	ch a r ch e	native
চার্চের	ch a r ch e r	native
চার্জ	ch a r j	loanword
চার্জও	ch a r j O	loanword
চার্জড	ch a r j D	loanword
চার্জশহ	ch a r j sh o h o	loanword
চার্জশিট	ch a r j sh i T	loanword
চার্জশিটভুক্ত	ch a r j sh i T bh u kt O	loanword
চার্জশিটে	ch a r j sh i T e	loanword
চার্জশিটের	ch a r j sh i T e r	loanword
চার্জারটি	ch a r j a r T i	loanword
চার্জারের	ch a r j a r e r	loanword
চার্জার্স	ch a r j a r s	native
চার্জার্সকে	ch a r j a r s k e	native
চার্জার্সের	ch a r j a r s e r	native
চার্জিং	ch a r j i ng	loanword
চার্জে	ch a r j e	loanword
চার্জের	ch a r j e r	loanword
চার্টারের	ch a r T a r e r	loanword
চার্টে	ch a r T e	loanword
চার্বাক	ch a r b a k	native
চার্ম	ch a r m O	native
চার্ল	ch a r l o	native
চার্লটন	ch a r l o T o n	native
চার্লস	ch a r l s	proper_noun
চার্লসকে	ch a r l o s k e	proper_noun
চার্লসটন	ch a r l s T o n	proper_noun
চার্লসটনে	ch a r l s T o n e	proper_noun
চার্লসটনের	ch a r l s T o n e r	proper_noun
চার্লসের	ch a r l s e r	proper_noun
চার্লি	ch a r l i	native
চালই	ch a l i	native
চালকও	ch a l O k O	native
চালককে	ch a l O k k e	native
চালককেই	ch a l o k k e i	native
চালককেও	ch a l O k k e O	native
চালকদেরও	ch a l o k d e r O	native
চালকবিহিন	ch a l O k b i h i n | ch a l o k b i h i n	native
চালকরা	ch a l O k r a	native
চালকল	ch a l k o l	native
চালকলে	ch a l k o l e	native
চালকলের	ch a l k o l e r	native
চালকসহ	ch a l O k sh o h O	native
চালকহিন	ch a l o k h i n	native
চালকুমড়া	ch a l k u m r a	native
চালকে	ch a l k e	native
চালকের	ch a l o k e r	native
চালকেরও	ch a l o k e r O	native
চালকেরা	ch a l O k e r a	native
চালকেরাই	ch a l o k e r a i	native
চালকেরাও	ch a l o k e r a O	native
চালগুলো	ch a l g u l O	native
চালচলনে	ch a l ch o l O n e	native
চালচলনের	ch a l ch o l o n e r	native
চালচিত্র	ch a l ch i tr O	native
চালতা	ch a l t a	native
চালতার	ch a l t a r	native
চালতেতলা	ch a l t e t o l a	native
চালনা	ch a l O n a	native
চালনাশহ	ch a l o n a sh o h o	native
চালনায়	ch a l o n a y o	native
চালনিতে	ch a l n i t e	native
চালবাজ	ch a l b a j	native
চালবাজি	ch a l b a j i	native
চালবাহি	ch a l b a h i	native
চালবোঝাই	ch a l b O jh a i	native
চালভর্তি	ch a l bh o r t i	native
চালা	ch a l a	native
চালাই	ch a l a i	native
চালাইতে	ch a l a i t e	native
চালাইলে	ch a l a i l e	native
চালাইয়া	ch a l a i y a	native
চালাও	ch a l a O	native
চালাক	ch a l a k	native
চালাকি	ch a l a k i	native
চালাকির	ch a l a k i r	native
চালাঘর	ch a l a gh o r	native
চালাঘরে	ch a l a gh o r e	native
চালাচালিই	ch a l a ch a l i i	native
চালাচালির	ch a l a ch a l i r	native
চালাচ্ছ	ch a l a ch chh o	native
চালাচ্ছিলাম	ch a l a ch chh i l a m	native
চালাচ্ছে	ch a l a ch chh e	native
চালাত	ch a l a t O	native
চালাতাম	ch a l a t a m	native
চালাতে	ch a l a t e	native
চালাতেই	ch a l a t e i	native
চালাতেও	ch a l a t e O	native
চালাতেন	ch a l a t e n	native
চালানটির	ch a l a n T i r	native
চালাননি	ch a l a n n i	native
চালানে	ch a l a n e	native
চালানের	ch a l a n e r	native
চালানোই	ch a l a n O i	native
চালানোকে	ch a l a n O k e	native
চালানোটা	ch a l a n O T a	loanword
চালানোতে	ch a l a n O t e	native
চালানোরও	ch a l a n O r O	native
চালানোশহ	ch a l a n O sh o h o	native
চালানোয়	ch a l a n O y	native
চালাব	ch a l a b O	native
চালাবার	ch a l a b a r	native
চালাবেন	ch a l a b e n	native
চালাবো	ch a l a b O	native
চালার	ch a l a r	native
চালালাম	ch a l a l a m	native
চালালে	ch a l a l e	native
চালালেই	ch a l a l e i	native
চালালেও	ch a l a l e O	native
চালালেন	ch a l a l e n	native
চালায়	ch a l a y	native
চালায়নি	ch a l a y n i	native
চালায়া	ch a l a y a	native
চালায়ে	ch a l a y e	native
চালিকা	ch a l i k a	native
চালিকাশক্তির	ch a l i k a sh o kt i r	native
চালিত	ch a l i t O	native
চালিতাতলি	ch a l i t a t o l i	native
চালিয়ে	ch a l i y e	native
চালিয়েই	ch a l i y e i	native
চালিয়েও	ch a l i y e O	native
চালিয়েছি	ch a l i y e chh i	native
চালিয়েছিল	ch a l i y e chh i l o	native
চালিয়েছিলাম	ch a l i y e chh i l a m	native
চালিয়েছিলেন	ch a l i y e chh i l e n	native
চালিয়েছে	ch a l i y e chh e	native
চালিয়েছেন	ch a l i y e chh e n	native
চালুও	ch a l u O	native
চালুকরন	ch a l u k o r o n	native
চালুনি	ch a l u n i	native
চালুনিতে	ch a l u n i t e	native
চালুর	ch a l u r	native
চালুরও	ch a l u r O	native
চালুশহ	ch a l u sh o h o	native
চালে	ch a l e	native
চালেঞ্জ	ch a l e nj	tatsama
চাশ	ch a sh	native
চাশও	ch a sh O	native
চাশকৃত	ch a sh k ri t O	tatsama
চাশকে	ch a sh k e	native
চাশজোগ্য	ch a sh j O g g O | ch a sh j O g g o	native
চাশত	chh a sh t	native
চাশনাই	ch a sh n a i	native
চাশবাস	ch a sh b a sh	loanword
চাশবাসে	ch a sh b a sh e	loanword
চাশবাসের	ch a sh b a sh e r	loanword
চাশবিরোধি	ch a sh b i r O dh i	native
চাশা	ch a sh a	native
চাশাবাদ	ch a sh a b a d	native
চাশাবাদজোগ্য	ch a sh a b a d j O g g o	native
চাশাবাদে	ch a sh a b a d e	native
চাশাবাদের	ch a sh a b a d e r	native
চাশাভুশা	ch a sh a bh u sh a	native
চাশার	ch a sh a r	native
চাশাড়া	ch a sh a r a	native
চাশাড়ার	ch a sh a r a r	native
চাশাড়ায়	ch a sh a r a y	native
চাশি	ch a sh i	native
চাশিকে	ch a sh i k e	native
চাশিদের	ch a sh i d e r	native
চাশির	ch a sh i r	native
চাশিরা	ch a sh i r a	native
চাশিরাও	ch a sh i r a O	native
চাশে	ch a sh e	native
চাশের	ch a sh e r	native
চাশোপজোগি	ch a sh O p o j O g i	native
চাস	ch a sh	native
চাহ	ch a h	native
চাহন	ch a h O n	native
চাহনি	ch a h O n i	native
চাহনিতে	ch a h o n i t e	native
চাহা	ch a h a	native
চাহি	ch a h i	native
চাহিদাই	ch a h i d a i	native
চাহিদাও	ch a h i d a O	native
চাহিদাগুলো	ch a h i d a g u l O	native
চাহিদাগুলোর	ch a h i d a g u l O r	native
চাহিদাজনিত	ch a h i d a j o n i t o	native
চাহিদাজাত	ch a h i d a j a t	native
চাহিদাটা	ch a h i d a T a	native
চাহিদানুজায়ি	ch a h i d a n u j a y i	native
চাহিদাপত্র	ch a h i d a p o tr O	native
চাহিদাপত্রে	ch a h i d a p o tr e	native
চাহিদাপুরনে	ch a h i d a p u r O n e | ch a h i d a p u r o n e	native
চাহিদাভিত্তিক	ch a h i d a bh i tt i k	compound
চাহিদামত	ch a h i d a m o t O	native
চাহিদামতো	ch a h i d a m o t O	native
চাহিদামাফিক	ch a h i d a m a ph i k	native
চাহিদার	ch a h i d a r	native
চাহিদায়	ch a h i d a y	native
চাহে	ch a h e	native
চাড়ালকাটা	ch a r a l k a T a	native
চাড়ি	ch a r i	native
চাড়িপাড়া	ch a r i p a r a	native
চায়	ch a y o	native
চায়ও	ch a y O	native
চায়না	ch a y n a	native
চায়নার	ch a y n a r	native
চায়নি	ch a y n i	native
চায়নিজ	ch a y n i j	native
চায়নিজের	ch a y n i j e r	native
চায়ে	ch a y e	native
চায়েন	ch a y e n	native
চায়ের	ch a y e r	native
চা–খোর	ch a kh O r	native
চা–খড়ি	ch a kh O r i	native
চি	ch i	native
চিং	ch i ng	native
চিংফোর্ড	ch i ng ph O r D	native
চিংবাই	ch i ng b a i	native
চিংহাই	ch i ng h a i	native
চিংড়া	ch i ng r a	native
চিংড়ি	ch i ng r i	native
চিংড়িকে	ch i ng r i k e	native
চিংড়িখালি	ch i ng r i kh a l i	native
চিংড়িগুলো	ch i ng r i g u l O	native
চিংড়িঘের	ch i ng r i gh e r	native
চিংড়িঘেরে	ch i ng r i gh e r e	native
চিংড়িঘেরের	ch i ng r i gh e r e r	native
চিংড়িচাশি	ch i ng r i ch a sh i	native
চিংড়িচাশিদের	ch i ng r i ch a sh i d e r	native
চিংড়িচাশিরা	ch i ng r i ch a sh i r a	native
চিংড়িতে	ch i ng r i t e	native
চিংড়িপোনা	ch i ng r i p O n a	native
চিংড়ির	ch i ng r i r	native
চিই	ch i i	native
চিও	ch i O	native
চিকচিক	ch i k ch i k	native
চিকনাই	ch i k n a i	native
চিকরুনি	ch i k r u n i	native
চিকা	ch i k a	native
চিকারি	ch i k a r i	native
চিকি	ch i k i	native
চিকিচ্ছে	ch i k i t chh e	native
চিকিত্সকই	ch i k i t sh o k i	native
চিকিত্সকও	ch i k i t sh o k O	native
চিকিত্সককে	ch i k i t sh o k k e	native
চিকিত্সকদের	ch i k i t sh o k d e r	native
চিকিত্সকরা	ch i k i t sh o k r a	native
চিকিত্সকশহ	ch i k i t sh o k sh o h o	native
চিকিত্সকের	ch i k i t sh o k e r	native
চিকিত্সকেরা	ch i k i t sh o k e r a	native
চিকিত্সকেরাও	ch i k i t sh o k e r a O	native
চিকিত্সা	ch i k i t sh a	native
চিকিত্সাই	ch i k i t sh a i	native
চিকিত্সাও	ch i k i t sh a O	native
চিকিত্সাকেন্দ্র	ch i k i t sh a k e ndr o	compound
চিকিত্সাকেন্দ্রগুলোতে	ch i k i t sh a k e ndr o g u l O t e	compound
চিকিত্সাকেন্দ্রে	ch i k i t sh a k e ndr e	compound
চিকিত্সাধিন	ch i k i t sh a dh i n	native
চিকিত্সাপদ্ধতি	ch i k i t sh a p o d dh o t i	tatsama
চিকিত্সাপদ্ধতির	ch i k i t sh a p o d dh o t i r	tatsama
চিকিত্সাবিজ্ঞানি	ch i k i t sh a b i g g a n i	tatsama
চিকিত্সাবিজ্ঞানে	ch i k i t sh a b i g g a n e	tatsama
চিকিত্সাবিজ্ঞানের	ch i k i t sh a b i g g a n e r	tatsama
চিকিত্সাবিদ্যা	ch i k i t sh a b i d d a	compound
চিকিত্সাব্যবস্থা	ch i k i t sh a b e b o sth a	compound
চিকিত্সার	ch i k i t sh a r	native
চিকিত্সাসামগ্রি	ch i k i t sh a sh a m o gr i	compound
চিকিত্সাসামগ্রির	ch i k i t sh a sh a m o gr i r	compound
চিকিত্সাসেবা	ch i k i t sh a sh e b a	native
চিকিত্সাসেবার	ch i k i t sh a sh e b a r	compound
চিকিত্সাসেবাশহ	ch i k i t sh a sh e b a sh o h o	compound
চিকিত্সাসেবায়	ch i k i t sh a sh e b a y	compound
চিকিত্সায়	ch i k i t sh a y	native
চিকিমিকি	ch i k i m i k i	native
চিকির্ষা	ch i k i r sh a	tatsama
চিকিৎ	ch i k i t	native
চিকিৎসকই	ch i k i t sh o k i	native
চিকিৎসকও	ch i k i t sh o k O	native
চিকিৎসককে	ch i k i t sh o k k e	native
চিকিৎসকদের	ch i k i t sh o k d e r	native
চিকিৎসকদেরই	ch i k i t sh o k d e r i	native
চিকিৎসকদেরও	ch i k i t sh o k d e r O	native
চিকিৎসকরা	ch i k i t sh o k r a	native
চিকিৎসকরাও	ch i k i t sh o k r a O	native
চিকিৎসকসংকট	ch i k i t sh a sh o ng k o T	native
চিকিৎসকে	ch i k i t sh o k e	native
চিকিৎসকেরও	ch i k i t sh o k e r O	native
চিকিৎসকেরাই	ch i k i t sh o k e r a i	native
চিকিৎসকেরাও	ch i k i t sh o k e r a O	native
চিকিৎসাই	ch i k i t sh a i	native
চিকিৎসাও	ch i k i t sh a O	native
চিকিৎসাকর্মি	ch i k i t sh a k o r m i	native
চিকিৎসাকে	ch i k i t sh a k e	native
চিকিৎসাকেন্দ্র	ch i k i t sh a k e ndr O	compound
চিকিৎসাকেন্দ্রটির	ch i k i t sh a k e ndr o T i r	compound
চিকিৎসাকেন্দ্রে	ch i k i t sh a k e ndr e	compound
চিকিৎসাকেন্দ্রের	ch i k i t sh a k e ndr e r	compound
চিকিৎসাক্ষেত্রে	ch i k i t sh a kh e tr e	tatsama
চিকিৎসাটা	ch i k i t sh a T a	native
চিকিৎসাধিন	ch i k i t sh a dh i n	native
চিকিৎসাপত্র	ch i k i t sh a p o tr o	native
চিকিৎসাপদ্ধতি	ch i k i t sh a p o d dh O t i	tatsama
চিকিৎসাপ্রতিশ্ঠান	ch i k i t sh a pr o t i sh Th a n	compound
চিকিৎসাপ্রতিশ্ঠানে	ch i k i t sh a pr o t i sh Th a n e	compound
চিকিৎসাপ্রতিশ্ঠানের	ch i k i t sh a pr o t i sh Th a n e r	compound
চিকিৎসাবিজ্ঞান	ch i k i t sh a b i g g a n	tatsama
চিকিৎসাবিজ্ঞানি	ch i k i t sh a b i g g a n i	tatsama
চিকিৎসাবিজ্ঞানিরা	ch i k i t sh a b i g g a n i r a	tatsama
চিকিৎসাবিজ্ঞানিরাও	ch i k i t sh a b i g g a n i r a O	tatsama
চিকিৎসাবিজ্ঞানে	ch i k i t sh a b i g g a n e	tatsama
চিকিৎসাবিদ্যা	ch i k i t sh a b i d d a	compound
চিকিৎসাবিদ্যার	ch i k i t sh a b i d d a r	compound
চিকিৎসাবিশয়ক	ch i k i t sh a b i sh o y o k	native
চিকিৎসাব্যবস্থা	ch i k i t sh a b A b O sth a	compound
চিকিৎসাব্যবস্থাকে	ch i k i t sh a b e b O sth a k e	compound
চিকিৎসাব্যবস্থার	ch i k i t sh a b e b O sth a r	compound
চিকিৎসাব্যবস্থায়	ch i k i t sh a b e b O sth a y	compound
চিকিৎসাভাতা	ch i k i t sh a bh a t a	native
চিকিৎসার	ch i k i t sh a r	native
চিকিৎসারও	ch i k i t sh a r O	native
চিকিৎসারত	ch i k i t sh a r o t O	native
চিকিৎসার্থে	ch i k i t sh a r th e	native
চিকিৎসালয়	ch i k i t sh a l o y	native
চিকিৎসালয়ে	ch i k i t sh a l o y e	native
চিকিৎসালয়ের	ch i k i t sh a l o y e r	native
চিকিৎসাশাস্ত্র	ch i k i t sh a sh a s t r o	compound
চিকিৎসাশাস্ত্রে	ch i k i t sh a sh a s t r e	compound
চিকিৎসাশাস্ত্রের	ch i k i t sh a sh a s t r e r	compound
চিকিৎসাশিক্ষা	ch i k i t sh a sh i kkh a	tatsama
চিকিৎসাশিক্ষার	ch i k i t sh a sh i kkh a r	tatsama
চিকিৎসাশিবির	ch i k i t sh a sh i b i r	native
চিকিৎসাসংক্রান্ত	ch i k i t sh a sh o ng kr a nt O	compound
চিকিৎসাসংশ্লিশ্ট	ch i k i t sh a sh o ng sh l i sh T o	compound
চিকিৎসাসহ	ch i k i t sh a sh o h O	native
চিকিৎসাসুবিধা	ch i k i t sh a sh u b i dh a	compound
চিকিৎসাসেবা	ch i k i t sh a sh e b a	native
চিকিৎসাসেবাও	ch i k i t sh a sh e b a O	native
চিকিৎসাসেবাকে	ch i k i t sh a sh e b a k e	compound
চিকিৎসাসেবার	ch i k i t sh a sh e b a r	native
চিকিৎসাসেবায়	ch i k i t sh a sh e b a y	native
চিকিৎসায়	ch i k i t sh a y	native
চিকুর	ch i k u r	native
চিকেন	ch i k e n	native
চিকেনের	ch i k e n e r	native
চিক্কন	ch i k k o n	native
চিক্কার	ch i k k a r	native
চিক্কুর	ch i k k u r	native
চিখ	ch i kh	native
চিগুম্বুরা	ch i g u mb u r a	native
চিগুম্বুরাকে	ch i g u mb u r a k e	native
চিগুম্বুরার	ch i g u mb u r a r	native
চিচিংগা	ch i ch i ng g a	native
চিচ্ছক্তি	ch i ch chh O kt i	native
চিজ	ch i j	native
চিজি	ch i j i	native
চিট	ch i T	native
চিটচিটে	ch i T ch i T e	native
চিটাগং	ch i T a g o ng	native
চিটাগংয়ের	ch i T a g o ng y e r	native
চিটাগাংয়ের	ch i T a g a ng y e r	native
চিঠা	ch i Th a	native
চিঠিও	ch i Th i O	native
চিঠিকে	ch i Th i k e	native
চিঠিগুলোতে	ch i Th i g u l O t e	native
চিঠিগুলোর	ch i Th i g u l O r	native
চিঠিটা	ch i Th i T a	native
চিঠিটার	ch i Th i T a r	native
চিঠিটি	ch i Th i T i	native
চিঠিটিতে	ch i Th i T i t e	native
চিঠিটির	ch i Th i T i r	native
চিঠিতে	ch i Th i t e	native
চিঠিতেই	ch i Th i t e i	native
চিঠিতেও	ch i Th i t e O	native
চিঠিপত্র	ch i Th i p o tr O	native
চিঠিপত্রে	ch i Th i p o tr e	native
চিঠিপত্রের	ch i Th i p o tr e r	native
চিঠির	ch i Th i r	native
চিড়িয়াখানা	ch i r i a kh a n a	native
চিতই	ch i t O i	native
চিতল	ch i t o l	native
চিতলমারি	ch i t o l m a r i	native
চিতলমারির	ch i t o l m a r i r	native
চিতা	ch i t a	native
চিতানো	ch i t a n O	native
চিতাবাঘের	ch i t a b a gh e r	native
চিতাভস্ম	ch i t a bh o sh m o	native
চিতি	ch i t i	native
চিতিয়ে	ch i t i y e	native
চিতো	ch i t O	native
চিত্কার	ch i t k a r	native
চিত্কারে	ch i t k a r e	native
চিত্কারের	ch i t k a r e r	native
চিত্ত	ch i tt O	native
চিত্তবিনোদন	ch i tt O b i n O d O n	native
চিত্তরঞ্জন	ch i tt o r o nj o n	tatsama
চিত্তাকর্ষক	ch i tt a k o r sh O k	tatsama
চিত্তির	ch i tt i r	native
চিত্মরম	ch i t t o r o m	native
চিত্র	ch i tr O	native
চিত্রই	ch i tr O i	native
চিত্রও	ch i tr O O	native
চিত্রক	ch i tr o k	native
চিত্রকর্ম	ch i tr O k o r m O	native
চিত্রকর্মটি	ch i tr O k o r m O T i	native
চিত্রকর্মটিকে	ch i tr o k o r m o T i k e	compound
চিত্রকর্মটির	ch i tr o k o r m o T i r	native
চিত্রকর্মে	ch i tr O k o r m e	native
চিত্রকর্মের	ch i tr O k o r m e r	native
চিত্রকলায়	ch i tr o k o l a y	native
চিত্রকল্প	ch i tr O k o l p O	native
চিত্রকল্পের	ch i tr O k o l p e r	native
চিত্রকুট	ch i tr o k u T o	native
চিত্রকে	ch i tr O k e	native
চিত্রগুপ্ত	ch i tr O g u p t O	native
চিত্রগুলো	ch i tr O g u l O	native
চিত্রগ্রহন	ch i tr o gr o h o n | ch i tr O gr O h O n	native
চিত্রগ্রহনে	ch i tr O gr O h O n e	native
চিত্রগ্রাহকের	ch i tr o gr a h o k e r	compound
চিত্রজগতে	ch i tr O j o g O t e	native
চিত্রটা	ch i tr O T a	native
চিত্রটাই	ch i tr O T a i	native
চিত্রটাও	ch i tr o T a O	native
চিত্রটি	ch i tr O T i	native
চিত্রটিই	ch i tr o T i i	native
চিত্রটির	ch i tr o T i r	native
চিত্রতরকা	ch i tr O t a r O k a	native
চিত্রধারন	ch i tr O dh a r O n	native
চিত্রধারনের	ch i tr O dh a r O n e r	native
চিত্রন	ch i tr O n o	native
চিত্রনাট্যই	ch i tr o n a T T o i	native
চিত্রনাট্যও	ch i tr O n a T T O	native
চিত্রনাট্যকার	ch i tr O n a T T O k a r	compound
চিত্রনাট্যটা	ch i tr o n a T T o T a	native
চিত্রনাট্যনির্ভর	ch i tr o n a T T o n i r bh o r	compound
চিত্রনাট্যে	ch i tr O n a T T e	native
চিত্রনাট্যের	ch i tr o n a T T e r	native
চিত্রনায়ক	ch i tr o n a y o k	native
চিত্রনায়িকা	ch i tr o n a y i k a	native
চিত্রপরিচালক	ch i tr O p O r i ch a l O k	native
চিত্রপ্রতিলিপি	ch i tr o pr o t i l i p i	compound
চিত্রপ্রদর্শনি	ch i tr O pr O d o r sh O n i | ch i tr o pr o d o r sh o n i	compound
চিত্রবন	ch i tr o b o n	native
চিত্রভানু	ch i tr O bh a n u	native
চিত্রল	ch i tr o l	native
চিত্রলেখা	ch i tr O l e kh a	native
চিত্রশালা	ch i tr O sh a l a	native
চিত্রশালায়	ch i tr o sh a l a y	native
চিত্রশিল্প	ch i tr o sh i l p o	native
চিত্রশিল্পি	ch i tr O sh i l p i | ch i tr o sh i l p i	native
চিত্রশিল্পিদের	ch i tr O sh i l p i d e r	compound
চিত্রশিল্পির	ch i tr O sh i l p i r | ch i tr o sh i l p i r	native
চিত্রা	ch i tr a	native
চিত্রাংকন	ch i tr a ng k o n	native
চিত্রাংগ	ch i tr a ng g O	native
চিত্রাংগদা	ch i tr a ng g O d a	native
চিত্রাংগদার	ch i tr a ng g O d a r	native
চিত্রানুগ	ch i tr a n u g	native
চিত্রার	ch i tr a r	native
চিত্রার্পিত	ch i tr a r p i t O	native
চিত্রালংকার	ch i tr a l o ng k a r	native
চিত্রালি	ch i tr a l i	native
চিত্রালির	ch i tr a l i r	native
চিত্রায়ন	ch i tr a y o n	native
চিত্রায়নে	ch i tr a y o n e	native
চিত্রায়িত	ch i tr a y i t o	native
চিত্রিক	ch i tr i k	native
চিত্রিকা	ch i tr i k a	native
চিত্রিনি	ch i tr i n i	native
চিত্রের	ch i tr e r	native
চিথলিয়া	ch i th l i y a	native
চিথুলিয়া	ch i th u l i y a	native
চিদাকাশ	ch i d a k a sh	native
চিদানন্দ	ch i d a n o nd O	native
চিদাভাস	ch i d a bh a sh	native
চিদাম্বরম	ch i d a mb o r o m	native
চিদাম্বরমও	ch i d a mb o r o m O	native
চিদাম্বরমকে	ch i d a mb o r o m k e	native
চিদাম্বরমের	ch i d a mb o r o m e r	native
চিদ্রুপ	ch i d r u p	native
চিন	ch i n	native
চিনই	ch i n i	native
চিনও	ch i n O	native
চিনকি	ch i n k i	native
চিনকে	ch i n k e	native
চিনকেই	ch i n k e i	native
চিনকেও	ch i n k e O	native
চিনচিন	ch i n ch i n	native
চিনচিনে	ch i n ch i n e	native
চিনচিনের	ch i n ch i n e r	native
চিনজুড়ে	ch i n j u r e	native
চিনত	ch i n t O	native
চিনতামও	ch i n t a m O	native
চিনতে	ch i n t e	native
চিনতেই	ch i n t e i	native
চিনতেন	ch i n t e n	native
চিনপন্থি	ch i n p O n th i | ch i n p o n th i	native
চিনপন্থিদের	ch i n p o n th i d e r	native
চিনব	ch i n b o	native
চিনবিরোধি	ch i n b i r O dh i	native
চিনবে	ch i n b e	native
চিনল	ch i n l o	native
চিনলে	ch i n l e	native
চিনলেও	ch i n l e O	native
চিনলেন	ch i n l e n	native
চিনশহ	ch i n sh o h o	native
চিনসহ	ch i n sh o h O	native
চিনাইর	ch i n a i r	native
চিনাদের	ch i n a d e r	native
চিনানারি	ch i n a n a r i	native
চিনাবাদাম	ch i n a b a d a m	native
চিনামাটির	ch i n a m a T i r	native
চিনারা	ch i n a r a	native
চিনিই	ch i n i i	native
চিনিও	ch i n i O	native
চিনিকল	ch i n i k o l	native
চিনিকলকে	ch i n i k o l k e	native
চিনিকলগুলো	ch i n i k o l g u l O	native
চিনিকলগুলোতে	ch i n i k o l g u l O t e	native
চিনিকলে	ch i n i k o l e	native
চিনিকলের	ch i n i k o l e r	native
চিনিগুড়া	ch i n i g u r a	native
চিনিজুক্ত	ch i n i j u kt O	native
চিনিতে	ch i n i t e	native
চিনিবাহি	ch i n i b a h i	native
চিনিবিবি	ch i n i b i b i	native
চিনির	ch i n i r	native
চিনিলাম	ch i n i l a m	native
চিনিশিল্প	ch i n i sh i l p o	native
চিনিশিল্পের	ch i n i sh i l p e r	native
চিনিস	ch i n i sh	native
চিনিসহ	ch i n i sh o h O	native
চিনি্তত	ch i n t i t o	native
চিনিয়ে	ch i n i y e	native
চিনিয়েছিলেন	ch i n i y e chh i l e n	native
চিনিয়েছে	ch i n i y e chh e	native
চিনিয়েছেন	ch i n i y e chh e n	native
চিনু	ch i n u	native
চিনুক	ch i n u k	native
চিনুয়া	ch i n u y a	native
চিনেই	ch i n e i	native
চিনেও	ch i n e O	native
চিনেছি	ch i n e chh i	native
চিনেছিল	ch i n e chh i l o	native
চিনেছিলেন	ch i n e chh i l e n	native
চিনেছে	ch i n e chh e	native
চিনেছেন	ch i n e chh e n	native
চিনের	ch i n e r	native
চিনেরই	ch i n e r i	native
চিনেরও	ch i n e r O	native
চিনে–বাজি	ch i n e b a j i	native
চিন্তক	ch i nt o k	native
চিন্তাই	ch i nt a i	native
চিন্তাও	ch i nt a O	native
চিন্তাকে	ch i nt a k e	native
চিন্তাগত	ch i nt a g o t o	native
চিন্তাগুলো	ch i nt a g u l O	native
চিন্তাগ্রস্ত	ch i nt a gr o st o	native
চিন্তাচেতনা	ch i nt a ch e t O n a	native
চিন্তাচেতনার	ch i nt a ch e t O n a r	native
চিন্তাচেতনায়	ch i nt a ch e t o n a y	native
চিন্তাজগতের	ch i nt a j o g o t e r	native
চিন্তাজগৎ	ch i nt a j o g o t	native
চিন্তাজগৎকে	ch i nt a j o g o t k e	native
চিন্তাটা	ch i nt a T a	native
চিন্তাটাই	ch i nt a T a i	native
চিন্তাটি	ch i nt a T i	native
চিন্তাতেই	ch i nt a t e i	native
চিন্তাধারা	ch i nt a dh a r a	native
চিন্তাধারাকে	ch i nt a dh a r a k e	native
চিন্তাধারার	ch i nt a dh a r a r	native
চিন্তাধারায়	ch i nt a dh a r a y	native
চিন্তাবিদ	ch i nt a b i d	native
চিন্তাবিদের	ch i nt a b i d e r	native
চিন্তাবিদেরা	ch i nt a b i d e r a	native
চিন্তাভাবনা	ch i nt a bh a b n a	native
চিন্তাভাবনাই	ch i nt a bh a b n a i	native
চিন্তাভাবনাকে	ch i nt a bh a b n a k e	compound
চিন্তাভাবনাগুলো	ch i nt a bh a b n a g u l O	compound
চিন্তাভাবনার	ch i nt a bh a b n a r	native
চিন্তাভাবনায়	ch i nt a bh a b n a y	native
চিন্তামন	ch i nt a m O n	native
চিন্তামুক্ত	ch i nt a m u kt O	native
চিন্তারও	ch i nt a r O	native
চিন্তাশক্তি	ch i nt a sh O kt i	native
চিন্তাশক্তির	ch i nt a sh o kt i r	native
চিন্তাশালা	ch i nt a sh a l a	native
চিন্তাশিল	ch i nt a sh i l	native
চিন্তায়	ch i nt a y	native
চিন্তায়ও	ch i nt a y O	native
চিন্তিত	ch i nt i t O	native
চিন্ত্যমান	ch i nt O m a n	native
চিন্নাস্বামি	ch i nn a sh sh a m i	tatsama
চিন্ময়	ch i n m o y	native
চিন্ময়ি	ch i n m o y i	native
চিপটানো	ch i p T a n O	native
চিপটি	ch i p T i	native
চিপটির	ch i p T i r	native
চিপস	ch i p s	loanword
চিপসেট	ch i p s e T	loanword
চিপসের	ch i p s e r	loanword
চিপা	ch i p a	native
চিপায়	ch i p a y	native
চিপিটক	ch i p i T o k o	native
চিপে	ch i p e	native
চিপের	ch i p e r	native
চিপ্স	ch i p s	native
চিফ	ch i ph	native
চিফদের	ch i ph d e r	native
চিফস	ch i ph s	proper_noun
চিবর	ch i b o r	native
চিবা	ch i b a	native
চিবানো	ch i b a n O	native
চিবানোর	ch i b a n O r	native
চিবি	ch i b i	native
চিবিয়ে	ch i b i y e	native
চিবুক	ch i b u k	native
চিবুকে	ch i b u k e	native
চিবুতে	ch i b u t e	native
চিবুলকোভা	ch i b u l k O bh a	native
চিবোতে	ch i b O t e	native
চিমটা	ch i m T a	native
চিমটি	ch i m T i	native
চিমটে	ch i m T e	native
চিমনি	ch i m n i	native
চিমনির	ch i m n i r	native
চিমা	ch i m a	native
চিমার	ch i m a r	native
চিমিংয়ের	ch i m i ng y e r	native
চিম্বুক	ch i mb u k	native
চিরকালিন	ch i r O k a l i n | ch i r o k a l i n	native
চিরকালের	ch i r O k a l e r	native
চিরকুটটা	ch i r k u T T a	native
চিরকুটটি	ch i r k u T T i	native
চিরকুটে	ch i r k u T e	native
চিরকুমার	ch i r O k u m a r	native
চিরকৃতজ্ঞ	ch i r k ri t o g g o	tatsama
চিরকেলে	ch i r k e l e	native
চিরঘুমের	ch i r o gh u m e r	native
চিরজিবনের	ch i r o j i b o n e r	native
চিরজিবি	ch i r o j i b i	native
চিরঞ্জিত	ch i r o nj i t	tatsama
চিরঞ্জিব	ch i r O n j i b | ch i r o n j i b	native
চিরতরুন	ch i r o t o r u n | ch i r O t O r u n	native
চিরতা	ch i r O t a	native
চিরতার	ch i r o t a r	native
চিরতারুন্যের	ch i r o t a r u n n e r	native
চিরদিন	ch i r O d i n	native
চিরদিনের	ch i r O d i n e r	native
চিরনিদ্রায়	ch i r o n i d r a y	native
চিরনুতন	ch i r o n u t o n	native
চিরন্তনে	ch i r o nt o n e	native
চিরন্তনের	ch i r o nt o n e r	native
চিরপরিচিত	ch i r O p O r i ch i t O	native
চিরপ্রতিদ্বন্দ্বি	ch i r O pr O t i d d O nd i | ch i r o pr o t i d dh o n dh i	compound
চিরপ্রতিদ্বন্দ্বিদের	ch i r O pr O t i d O nd i d e r | ch i r o pr o t i d dh o n dh i d e r	compound
চিরবঞ্চিত	ch i r o b o nch i t o	tatsama
চিরবিদায়	ch i r o b i d a y	native
চিরবিদায়ের	ch i r o b i d a y e r	native
চিরবোইরি	ch i r o b O i r i	native
চিররঞ্জন	ch i r o r o nj o n	tatsama
চিররিনি	ch i r r i n i	native
চিরশত্রুদের	ch i r o sh o tr u d e r	native
চিরশান্তি	ch i r o sh a nt i	native
চিরশান্তির	ch i r o sh a nt i r	native
চিরসংগি	ch i r o sh o ng g i	native
চিরসত্য	ch i r o sh o t t o	native
চিরসবুজ	ch i r O sh O b u j	native
চিরস্থায়ি	ch i r o sth a y i	native
চিরস্থায়িভাবে	ch i r o sth a y i bh a b e	compound
চিরস্মরনিয়	ch i r o sh o r o n i y	native
চিরহরিৎ	ch i r O h O r i t	native
চিরা	ch i r a	native
চিরাই	ch i r a i	native
চিরাগ	ch i r a g	native
চিরাগত	ch i r a g o t O	native
চিরানন্দ	ch i r a n o nd O	native
চিরান্ধ	ch i r a ndh O	tatsama
চিরাভ্যস্ত	ch i r a b bh O st O	native
চিরায়ত	ch i r a y O t O	native
চিরায়মানা	ch i r a y O m a n a	native
চিরায়ু	ch i r a y u	native
চিরি	ch i r i	native
চিরিংগা	ch i r i ng g a	native
চিরিরবন্দর	ch i r i r b o nd O r	native
চির্ন	ch i r n O	native
চিল	ch i l	native
চিলকট	ch i l k o T	native
চিলড্রেন	ch i l D r e n	loanword
চিলড্রেনস	ch i l D r e n s	loanword
চিলড্রেনের	ch i l D r e n e r	loanword
চিলতে	ch i l t e	native
চিলমারি	ch i l m a r i	native
চিলমারিতে	ch i l m a r i t e	native
চিলমারির	ch i l o m a r i r	native
চিলা	ch i l a	native
চিলাকোঠা	ch i l a k O Th a	native
চিলাখাল	ch i l a kh a l	native
চিলাহাটি	ch i l a h a T i	native
চিলি	ch i l i	native
চিলিং	ch i l i ng	native
চিলিও	ch i l i O	native
চিলিক	ch i l i k	native
চিলিকে	ch i l i k e	native
চিলিতে	ch i l i t e	native
চিলিবাসি	ch i l i b a sh i	loanword
চিলির	ch i l i r	native
চিলিয়ান	ch i l i y a n	native
চিলুনি	ch i l u n i	native
চিলুমচি	ch i l u m o ch i	native
চিলে	ch i l e	native
চিলেকোঠা	ch i l e k O Th a	native
চিলেকোঠার	ch i l e k O Th a r	native
চিলেকোঠায়	ch i l e k O Th a y	native
চিলেঘুড়ি	ch i l e gh u r i	native
চিল্ড্রেন	ch i l D r e n	loanword
চিল্লা	ch i l l a	native
চিল্লাপাল্লা	ch i l l a p a l l a	native
চিল্লায়	ch i l l a y	native
চিশতি	ch i sh t i	native
চিশতির	ch i sh t i r	native
চিশতিয়া	ch i sh t i y a	native
চিশহ	ch i sh o h o	native
চিসিম	ch i sh i m	native
চিহ্নই	ch i n n O i	native
চিহ্নও	ch i n n O O	native
চিহ্নকে	ch i n n O k e	native
চিহ্নগুলো	ch i n n O g u l O	native
চিহ্নটি	ch i n n O T i	native
চিহ্নমাত্র	ch i n h o m a tr o	native
চিহ্নসংবলিত	ch i n n o sh o ng b o l i t o	native
চিহ্নিতও	ch i n n i t o O	native
চিহ্নিতকরন	ch i n n i t o k o r o n | ch i n h i t O k o r O n	native
চিহ্নিতকরনে	ch i n n i t o k o r o n e	native
চিহ্নিতকরনের	ch i n n i t o k o r o n e r | ch i n h i t O k o r O n e r	native
চিৎ	ch i t	native
চিৎকারও	ch i t k a r O	native
চিৎকারের	ch i t k a r e r	native
চিৎকৃত	ch i t k ri t o	tatsama
চিড়	ch i r	native
চিড়টা	ch i r T a	native
চিড়বিড়	ch i r b i r	native
চিড়া	ch i r a	native
চিড়ার	ch i r a r	native
চিড়িক	ch i r i k	native
চিড়িমার	ch i r i m a r	native
চিড়িয়া	ch i r i y a	native
চিড়িয়াখানা	ch i r i y a kh a n a	native
চিড়িয়াখানাগুলো	ch i r i y a kh a n a g u l O	compound
চিড়িয়াখানার	ch i r i y a kh a n a r	native
চিড়িয়াখানায়	ch i r i y a kh a n a y	native
চিড়ে	ch i r e	native
চিড়েচ্যাপ্টা	ch i r e ch A p T a	native
চিয়াং	ch i y a ng	native
চিয়ার	ch i y a r	native
চিয়ার্স	ch i y a r sh	native
চু	ch u	native
চুং	ch u ng	native
চুংগির	ch u ng g i r	native
চুংা	ch u ng	native
চুই	ch u i	native
চুইংগাম	ch u i ng g a m	native
চুইয়ে	ch u i y e	native
চুওয়াল	ch u y O y a l	native
চুকচুক	ch u k o ch u k o	native
চুকনগর	ch u k n o g o r	native
চুকনগরে	ch u k n o g o r e	native
চুকনগরের	ch u k n o g o r e r	native
চুকলি	ch u k l i	native
চুকাইবাড়ি	ch u k a i b a r i	native
চুকাতে	ch u k a t e	native
চুকানোর	ch u k a n O r	native
চুকিয়ে	ch u k i y e	native
চুকেছে	ch u k e chh e	native
চুকেবুকে	ch u k e b u k e	native
চুক্তিও	ch u kt i O	native
চুক্তিগুলো	ch u kt i g u l O	native
চুক্তিগুলোর	ch u kt i g u l O r	native
চুক্তিটা	ch u kt i T a	native
চুক্তিটি	ch u kt i T i	native
চুক্তিটিও	ch u kt i T i O	native
চুক্তিটিকে	ch u kt i T i k e	native
চুক্তিটির	ch u kt i T i r	native
চুক্তিতে	ch u kt i t e	native
চুক্তিতেই	ch u kt i t e i	native
চুক্তিতেও	ch u kt i t e O	native
চুক্তিনামা	ch u kt i n a m a	native
চুক্তিপত্রের	ch u kt i p o tr e r	native
চুক্তিবিরোধি	ch u kt i b i r O dh i	native
চুক্তিবিরোধিদের	ch u kt i b i r O dh i d e r	compound
চুক্তিবিশয়ক	ch u kt i b i sh o y o k	native
চুক্তিভংগ	ch u kt i bh o ng g o	native
চুক্তিভংগের	ch u kt i bh o ng g e r	native
চুক্তিভিত্তিক	ch u kt i bh i tt i k	compound
চুক্তিভুক্ত	ch u kt i bh u kt o	native
চুক্তিমতে	ch u kt i m o t e	native
চুক্তিমাফিক	ch u kt i m a ph i k	native
চুক্তিমুল্য	ch u kt i m u l l o	native
চুক্তিমুল্যের	ch u kt i m u l l e r	compound
চুক্তির	ch u kt i r	native
চুক্তিরও	ch u t i r O	native
চুক্তিসহ	ch u kt i sh o h O	native
চুক্তিস্বাক্ষর	ch u kt i sh a kkh o r	tatsama
চুচি	ch u ch i	native
চুচু	ch u ch u	native
চুচুকৃতি	ch u ch u k k ri t i	tatsama
চুচেরা	ch u ch e r a	native
চুচড়া	ch u ch r a	native
চুজ	ch u j	native
চুঞ্চু	ch u nch u	tatsama
চুটকি	ch u T k i	native
চুটি	ch u T i	native
চুটিয়ে	ch u T i y e	native
চুটুর	ch u T u r	native
চুড়ান্ত	ch u r a nt O | ch u r a nt o	native
চুড়ায়	ch u r a y o	native
চুত	ch u t | ch u t O	native
চুতিয়া	ch u t i y a	native
চুদ	ch u d	native
চুনকা	ch u n k a	native
চুনকাম	ch u n k a m	native
চুনকার	ch u n k a r	native
চুনকালি	ch u n k a l i	native
চুনকুটিয়া	ch u n k u T i y a	native
চুনকুড়ি	ch u n k u r i	native
চুনতি	ch u n O t i	native
চুনা	ch u n a	native
চুনারি	ch u n a r i	native
চুনারুঘাট	ch u n a r u gh a T	native
চুনারুঘাটে	ch u n a r u gh a T e	native
চুনি	ch u n i	native
চুনুরি	ch u n u r i	native
চুনেন্দা	ch u n e nd a	native
চুনের	ch u n e r	native
চুনোট	ch u n O T	loanword
চুনোপুটি	ch u n O p u T i	native
চুনোপুটিদের	ch u n O p u T i d e r	native
চুন্টা	ch u n T a	native
চুন্নি	ch u nn i	native
চুন্নু	ch u nn u	native
চুন্নুর	ch u nn u r	native
চুপকে	ch u p k e	native
চুপচাপ	ch u p ch a p	native
চুপটি	ch u p T i	native
চুপসে	ch u p sh e	native
চুপিসারে	ch u p i sh a r e	native
চুপে	ch u p e	native
চুবানি	ch u b a n i	native
চুবানো	ch u b a n O	native
চুবিয়ে	ch u b i y e	native
চুবড়ি	ch u b r i	native
চুম	ch u m	native
চুমকি	ch u m k i	native
চুমকির	ch u m k i r	native
চুমু	ch u m u	native
চুমো	ch u m O	native
চুম্বকন	ch u mb o k o n	native
চুম্বকিয়	ch u mb o k i y	native
চুম্বকের	ch u mb o k e r	native
চুম্বনের	ch u mb o n e r	native
চুর	ch u r	native
চুরখাই	ch u r kh a i	native
চুরচুর	ch u r ch u r	native
চুরমার	ch u r m a r	native
চুরা	ch u r a	native
চুরানব্বই	ch u r a n o b b O i	native
চুরিও	ch u r i O	native
চুরিশহ	ch u r i sh o h o	native
চুরুট	ch u r u T	native
চুরে	ch u r e	native
চুর্ন	ch u r n O | ch u r n o	native
চুর্নক	ch u r n o k	native
চুর্নবিচুর্ন	ch u r n o b i ch u r n o	native
চুর্নি	ch u r n i	native
চুর্নিকা	ch u r n i k a	native
চুলই	ch u l i	native
চুলও	ch u l O	native
চুলকা	ch u l k a	native
চুলকাচ্ছে	ch u l k a ch chh e	native
চুলকাঠি	ch u l k a Th i	native
চুলকানির	ch u l k a n i r	native
চুলকানোর	ch u l k a n O r	native
চুলকায়	ch u l k a y	native
চুলকে	ch u l k e	native
চুলগুলো	ch u l g u l O	native
চুলটা	ch u l T a	native
চুলটাকে	ch u l T a k e	native
চুলবুল	ch u l b u l	native
চুলশহ	ch u l sh o h o	native
চুলাচুলি	ch u l a ch u l i	native
চুলার	ch u l a r	native
চুলায়	ch u l a y	native
চুলি	ch u l i	native
চুলু	ch u l u	native
চুলে	ch u l e	native
চুলেই	ch u l e i	native
চুলেও	ch u l e O	native
চুলের	ch u l e r	native
চুলো	ch u l O	native
চুলোচুলি	ch u l O ch u l i	native
চুলোয়	ch u l O y o	native
চুল্লি	ch u l l i	native
চুল্লিও	ch u l l i O	native
চুল্লিগুলো	ch u l l i g u l O	native
চুল্লিগুলোতে	ch u l l i g u l O t e	native
চুল্লিগুলোর	ch u l l i g u l O r	native
চুল্লিটি	ch u l l i T i	native
চুল্লিটির	ch u l l i T i r	native
চুল্লিতে	ch u l l i t e	native
চুল্লিভবনের	ch u l l i bh o b o n e r	native
চুল্লির	ch u l l i r	native
চুশতে	ch u sh t e	native
চুশনি	ch u sh n i	native
চুশব্দ	ch u sh o b d O	native
চুশিত	ch u sh i t O	native
চুশে	ch u sh e	native
চুশ্য	ch u sh sh o	native
চুড়া	ch u r a	native
চুড়াইন	ch u r a i n	native
চুড়াটা	ch u r a T a	native
চুড়ান্ত	ch u r a nt o | ch u r a nt O	native
চুড়ান্তই	ch u r a nt o i	native
চুড়ান্তও	ch u r a nt o O	native
চুড়ান্তকরন	ch u r a nt o k o r o n	native
চুড়ান্তকরনের	ch u r a nt o k o r o n e r	native
চুড়ান্তকৃত	ch u r a nt o k ri t o	tatsama
চুড়ান্তপর্বে	ch u r a nt o p o r b e	native
চুড়ান্তভাবে	ch u r a nt o bh a b e	native
চুড়ান্তভাবেই	ch u r a nt o bh a b e i	native
চুড়ার	ch u r a r	native
চুড়ায়	ch u r a y	native
চুড়ি	ch u r i	native
চুড়িদার	ch u r i d a r	native
চুড়ির	ch u r i r	native
চুড়োয়	ch u r O y	native
চুয়া	ch u y a	native
চুয়াও	ch u y a O	native
চুয়াডাংগা	ch u y a D a ng g a	native
চুয়াডাংগার	ch u y a D a ng g a r	native
চুয়াডাংগায়	ch u y a D a ng g a y	native
চুয়াত্তর	ch u y a tt O r	native
চুয়াত্তরে	ch u y a tt o r e	native
চুয়াত্তরের	ch u y a tt o r e r	native
চুয়ান্ন	ch u y a nn O	native
চুয়ান্নর	ch u y a nn o r	native
চুয়াল্লিশ	ch u y a l l i sh	native
চুয়াড়	ch u y a r	native
চুয়েট	ch u y e T	native
চুয়েটশহ	ch u y e T sh o h o	native
চুয়েটে	ch u y e T e	native
চুয়েটের	ch u y e T e r	native
চে	ch e	native
চেং	ch e ng	native
চেংগি	ch e ng g i	native
চেংগিস	ch e ng g i s	proper_noun
চেংগুটিয়া	ch e ng g u T i y a	native
চেংদু	ch e ng d u	native
চেংড়া	ch e ng r a	native
চেইনে	ch e i n e	native
চেওনান	ch e O n a n	native
চেক-ইনের	ch e k i n e r	loanword
চেকআপ	ch e k a p	loanword
চেকআপের	ch e k a p e r	loanword
চেকও	ch e k O	loanword
চেকটি	ch e k T i	loanword
চেকনাই	ch e k n a i	loanword
চেকবই	ch e k b o i	loanword
চেকস	ch e k s	loanword
চেকার	ch e k a r	loanword
চেকারের	ch e k a r e r	loanword
চেকিং	ch e k i ng	loanword
চেকে	ch e k e	loanword
চেকের	ch e k e r	loanword
চেকোস্লোভাকিয়া	ch e k O s l O bh a k i y a	proper_noun
চেখভের	ch e kh o bh e r	native
চেখে	ch e kh e	native
চেচনিয়া	ch e ch n i y a	native
চেচনিয়ার	ch e ch n i y a r	native
চেচনিয়ায়	ch e ch n i y a y	native
চেচাচ্ছে	ch e ch a ch chh e	native
চেচাতে	ch e ch a t e	native
চেচান	ch e ch a n	native
চেচানো	ch A ch a n O	native
চেচামেচি	ch e ch a m e ch i | ch A ch a m e ch i	native
চেচামেচিতে	ch e ch a m e ch i t e	native
চেচামেচির	ch e ch a m e ch i r	native
চেচিয়ে	ch e ch i y e	native
চেচেন	ch e ch e n	proper_noun
চেচড়া	ch e ch o r a	native
চেছে	ch e chh e	native
চেজ	ch e j	native
চেজার	ch e j a r	native
চেটিয়া	ch e T i y a	native
চেটিয়াকে	ch e T i y a k e	native
চেটিয়ার	ch e T i y a r	native
চেটে	ch e T e	native
চেটেপুটে	ch e T e p u T e	native
চেতক	ch e t o k	native
চেতকি	ch e t O k i	native
চেতন	ch e t O n	native
চেতনা	ch e t O n a	native
চেতনাই	ch e t O n a i	native
চেতনাও	ch e t O n a O	native
চেতনাগত	ch e t o n a g o t o	native
চেতনাগতভাবে	ch e t o n a g o t o bh a b e	native
চেতনাটি	ch e t o n a T i	native
চেতনানাশক	ch e t O n a n a sh O k	native
চেতনাবিরোধি	ch e t O n a b i r O dh i | ch e t o n a b i r O dh i	native
চেতনাবোধ	ch e t o n a b O dh	native
চেতনাসংবলিত	ch e t o n a sh o ng b o l i t o	native
চেতনাসম্পন্ন	ch e t o n a sh o mp o nn o	native
চেতনায়	ch e t o n a y	native
চেতা	ch e t a	native
চেত্তা	ch e tt a	native
চেদি	ch e d i	native
চেনজার	ch e n j a r	native
চেনা	ch e n a	native
চেনাই	ch e n a i	native
চেনাতে	ch e n a t e	native
চেনান	ch e n a n	native
চেনানো	ch e n a n O	native
চেনানোর	ch e n a n O r	native
চেনাব	ch e n a b o	native
চেনাবে	ch e n a b e	native
চেনালেন	ch e n a l e n	native
চেনি	ch e n i	native
চেনিকে	ch e n i k e	native
চেনির	ch e n i r	native
চেন্নাই	ch e nn a i	proper_noun
চেন্নাইকে	ch e nn a i k e	native
চেন্নাইতে	ch e nn a i t e	native
চেন্নাইয়ে	ch e nn a i y e	native
চেন্নাইয়ের	ch e nn a i y e r	native
চেপটা	ch e p T a	native
চেপা	ch e p a	native
চেপে	ch e p e	native
চেপেই	ch e p e i	native
চেপেছে	ch e p e chh e	native
চেপ্টা	ch A p T a	native
চেব	ch e b	native
চেবেল্লা	ch e b e l l a	native
চেমচায়না	ch e m ch a y n a	native
চেমন	ch e m o n	native
চেম্বারও	ch e mb a r O	native
চেম্বারকে	ch e mb a r k e	native
চেম্বারগুলোর	ch e mb a r g u l O r	native
চেম্বারশহ	ch e mb a r sh o h o	native
চেম্বারস	ch e mb a r s	proper_noun
চেম্বারে	ch e mb a r e	native
চের	ch e r	native
চেরনোবিল	ch e r O n O b i l	native
চেরনোবিলে	ch e r o n O b i l e	native
চেরনোবিলের	ch e r o n O b i l e r	native
চেরা	ch e r a	native
চেরাংঘাটা	ch e r a ng gh a T a	native
চেরাই	ch e r a i	native
চেরাগআলি	ch e r a g a l i	native
চেরাগি	ch e r a g i	native
চেরাগের	ch e r a g e r	native
চেরাডাংগি	ch e r a D a ng g i	native
চেরি	ch e r i	native
চেরিপুরি	ch e r i p u r i	native
চেরিল	ch e r i l	native
চেরুকুরি	ch e r u k u r i	native
চেরেনকোভ	ch e r e n k O bh	proper_noun
চেরয়াট	ch e r y a T o	native
চেল	ch e l	native
চেলসি	ch e l s i	proper_noun
চেলসিও	ch e l s i O	proper_noun
চেলসিকে	ch e l s i k e	proper_noun
চেলসির	ch e l s i r	proper_noun
চেলি	ch e l i	native
চেল্লাচেল্লি	ch e l l a ch e l l i	native
চেল্লানো	ch e l l a n O	native
চেশ্ট	ch e sh T o	native
চেশ্টক	ch e sh T O k	native
চেশ্টমান	ch e sh T O m a n	native
চেশ্টা	ch e sh T a	native
চেশ্টাই	ch e sh T a i	native
চেশ্টাও	ch e sh T a O	native
চেশ্টাকারি	ch e sh T a k a r i	native
চেশ্টাকারিদের	ch e sh T a k a r i d e r	compound
চেশ্টাকারিরা	ch e sh T a k a r i r a	native
চেশ্টাকালে	ch e sh T a k a l e	native
চেশ্টাকে	ch e sh T a k e	native
চেশ্টাচরিত্র	ch e sh T a ch o r i tr o	native
চেশ্টাটা	ch e sh T a T a	native
চেশ্টাটাই	ch e sh T a T a i	native
চেশ্টাটি	ch e sh T a T i	native
চেশ্টাটুকু	ch e sh T a T u k u	native
চেশ্টাতেই	ch e sh T a t e i	native
চেশ্টাতেও	ch e sh T a t e O	native
চেশ্টানো	ch e sh T a n O	native
চেশ্টার	ch e sh T a r	native
চেশ্টারও	ch e sh T a r O	native
চেশ্টারত	ch e sh T a r o t o	native
চেশ্টাশহ	ch e sh T a sh o h o	native
চেশ্টায়	ch e sh T a y	native
চেশ্টায়ও	ch e sh T o y O	native
চেশ্ঠা	ch e sh Th a	native
চেস	ch e s	native
চেসল	ch e s	native
চেসিস	ch e s i s	native
চেহারা	ch e h a r a	native
চেহারাই	ch e h a r a i	native
চেহারাও	ch e h a r a O	native
চেহারাকে	ch e h a r a k e	native
চেহারাগুলো	ch e h a r a g u l O	native
চেহারাটাই	ch e h a r a T a i	native
চেহারাটি	ch e h a r a T i	native
চেহারার	ch e h a r a r	native
চেহারারও	ch e h a r a r O	native
চেহারায়	ch e h a r a y	native
চেহেল	ch e h e l	native
চেহেলগাজি	ch e h e l g a j i	native
চেোউধুরি	ch O u dh u r i	native
চেয়	ch e y O	native
চেয়াপারসনের	ch e y a p a r s o n e r	native
চেয়াম্যান	ch e y a m A n	native
চেয়ার	ch e y a r	native
চেয়ারই	ch e y a r i	native
চেয়ারকে	ch e y a r k e	native
চেয়ারকোচের	ch e y a r k O ch e r	native
চেয়ারগুলো	ch e y a r g u l O	native
চেয়ারটা	ch e y a r T a	native
চেয়ারটায়	ch e y a r T a y	native
চেয়ারটি	ch e y a r T i	native
চেয়ারটিতে	ch e y a r T i t e	native
চেয়ারপারসন	ch e y a r p a r s o n	native
চেয়ারপারসনই	ch e y a r p a r s o n i	native
চেয়ারপারসনকে	ch e y a r p a r s o n k e	native
চেয়ারপারসনশহ	ch e y a r p a r sh o n sh o h o	native
চেয়ারপারসনের	ch e y a r p a r s o n e r	native
চেয়ারম্যান	ch e y a r m A n	native
চেয়ারম্যানই	ch e y a r m A n i	native
চেয়ারম্যানও	ch e y a r m A n O	native
চেয়ারম্যানকেও	ch e y a r m A n k e O	compound
চেয়ারম্যানঘাটে	ch e y a r m A n gh a T e	compound
চেয়ারম্যানদের	ch e y a r m A n d e r	compound
চেয়ারম্যানপ্রার্থি	ch e y a r m A n pr a r th i	compound
চেয়ারম্যানশহ	ch e y a r m A n sh o h o	native
চেয়ারম্যানেরও	ch e y a r m A n e r O	compound
চেয়ারে	ch e y a r e	native
চেয়ারের	ch e y a r e r	native
চেয়াড়ি	ch e y a r i	native
চেয়ে	ch e y e	native
চেয়েই	ch e y e i	native
চেয়েও	ch e y e O	native
চেয়েচিন্তে	ch e y e ch i nt e	native
চেয়েছ	ch e y e chh o	native
চেয়েছি	ch e y e chh i	native
চেয়েছিনু	ch e y e chh i n u	native
চেয়েছিল	ch e y e chh i l o	native
চেয়েছিলাম	ch e y e chh i l a m	native
চেয়েছিলেন	ch e y e chh i l e n	native
চেয়েছে	ch e y e chh e	native
চেয়েছেন	ch e y e chh e n	native
চো	ch O	native
চোংগা	ch O ng g a	native
চোংা	ch O ng g a	native
চোইচোই	ch O i ch O i	native
চোইত	ch O i t	native
চোইতন	ch O i t o n	native
চোইতন্য	ch O i t o n n o	native
চোইতন্যদেবের	ch O i t o n n o d e b e r	native
চোইতন্যপুর	ch O i t o n n o p u r	native
চোইতন্যে	ch O i t o n n e	native
চোইতন্যের	ch O i t o n n e r	native
চোইতন্যোদয়	ch O i t o n n O d o y	native
চোইতা	ch O i t a	native
চোইতালি	ch O i t a l i	native
চোইতি	ch O i t i	native
চোইতির	ch O i t i r	native
চোইত্য	ch O i t t O	native
চোইত্র	ch O i tr o	native
চোইত্রসংক্রান্তি	ch O i tr o sh o ng kr a nt i	compound
চোইত্রসংক্রান্তিতে	ch O i tr o sh o ng kr a nt i t e	compound
চোইত্রসংক্রান্তির	ch O i tr o sh o ng kr a nt i r	compound
চোইত্রি	ch O i tr i	native
চোইত্রে	ch O i tr e	native
চোইত্রের	ch O i tr e r	native
চোইন	ch O i n	native
চোইনিক	ch O i n i k	native
চোউ	ch O u	native
চোউক	ch ou k	native
চোউকশ	ch ou k o sh | ch O u k o sh	native
চোউকস	ch O u k o sh	native
চোউকাঠ	ch O u k a Th	native
চোউকাঠে	ch O u k a Th e	native
চোউকি	ch O u k i	native
চোউকিগুলো	ch O u k i g u l O	native
চোউকিতে	ch O u k i t e	native
চোউকিদার	ch O u k i d a r	native
চোউকিদারকে	ch O u k i d a r k e	native
চোউকিদারদের	ch O u k i d a r d e r	native
চোউকিদারের	ch O u k i d a r e r	native
চোউকির	ch O u k i r	native
চোউকো	ch O u k O	native
চোউকোনা	ch O u k O n a	native
চোউখন্ডিয়া	ch O u kh O n D i y a	native
চোউগাছা	ch O u g a chh a	native
চোউগাছার	ch O u g a chh a r	native
চোউগাছায়	ch O u g a chh a y	native
চোউগান	ch O u g a n	native
চোউগোপ্পা	ch O u g O p p a	native
চোউগ্রাম	ch O u gr a m	native
চোউঘরি	ch O u gh O r i	native
চোউচালা	ch O u ch a l a	native
চোউচির	ch O u ch i r	native
চোউজুগ	ch O u j u g	native
চোউডালা	ch O u D a l a	native
চোউতিরিশ	ch O u t i r i sh	native
চোউত্রিশ	ch O u t ri sh | ch O u tr i sh	native
চোউথ	ch O u th o	native
চোউদশি	ch O u d O sh i	native
চোউদানি	ch O u d a n i	native
চোউদুন	ch O u d u n	native
চোউদ্দ	ch O u d d o	native
চোউদ্দগ্রাম	ch O u d d o gr a m	native
চোউদ্দগ্রামে	ch O u d d O gr a m e | ch O u d d o gr a m e	native
চোউদ্দগ্রামের	ch O O d d O gr a m e r | ch O u d d o gr a m e r	compound
চোউদ্দপাই	ch O u d d O p a i	native
চোউদ্দপুরুশের	ch O u d d o p u r u sh e r	compound
চোউদ্দবার	ch O u d d o b a r	native
চোউধুরানি	ch O u dh u r a n i	native
চোউধুরি	ch O u dh u r i	native
চোউধুরিই	ch O u dh u r i i	native
চোউধুরিও	ch O u dh u r i O	native
চোউধুরিকে	ch O u dh u r i k e	native
চোউধুরিকেও	ch O u dh u r i k e O	native
চোউধুরিদের	ch O u dh u r i d e r	native
চোউধুরিপাড়া	ch O u dh u r i p a r a	native
চোউধুরিপাড়ার	ch O u dh u r i p a r a r	native
চোউধুরিপাড়ায়	ch O u dh u r i p a r a y	native
চোউধুরিবাজার	ch O u dh u r i b a j a r	native
চোউধুরির	ch O u dh u r i r	native
চোউধুরিরও	ch O u dh u r i r O	native
চোউধুরিরা	ch O u dh u r i r a	native
চোউধুরিশহ	ch O u dh u r i sh o h o	native
চোউধুরিসহ	ch O u dh u r i sh o h O	native
চোউধুরিহাট	ch O u dh u r i h a T	native
চোউপট	ch O u p o T	native
চোউপথ	ch O u p o th	native
চোউপদ	ch O u p o d	native
চোউপদি	ch O u p O d i	native
চোউপাশ	ch O u p a sh	native
চোউফলদন্ডি	ch O u ph o l d o n D i	native
চোউবাচ্চা	ch O u b a ch ch a	native
চোউবাচ্চার	ch O u b a ch ch a r	native
চোউবাচ্চায়	ch O u b a ch ch a y	native
চোউবে	ch O u b e	native
চোউমাথা	ch O u m a th a	native
চোউমাথায়	ch O u m a th a y o	native
চোউমুহনি	ch O u m u h O n i | ch O u m u h o n i	native
চোউমুহনিতে	ch O u m u h O n i t e | ch O u m u h o n i t e	native
চোউমুহনির	ch O u m u h o n i r	native
চোউম্বক	ch O u mb o k	native
চোউম্বকত্ব	ch O u mb o k o tt o	tatsama
চোউম্বকিয়	ch O u mb o k i O | ch O u mb o k i y	native
চোউর	ch O u r	native
চোউরংগি	ch O u r o ng g i	native
চোউরংগিবাত	ch O u r O ng g i b a t	native
চোউরাশিয়া	ch O u r a sh i y a	native
চোউরাশিয়ার	ch O u r a sh i y a r	native
চোউরাস্তা	ch O u r a st a	native
চোউরাস্তার	ch O u r a st a r	native
চোউরাস্তায়	ch O u r a st a y	native
চোউরি	ch O u r i | ch ou r i	native
চোউরোদ্ধরনিক	ch O u r O d dh o r O n i k	tatsama
চোউর্য	ch O u r j O	native
চোউর্যবৃত্তি	ch O u r j o b r i tt i	tatsama
চোউশট্টি	ch O u sh O T T i | ch O u sh o T T i	native
চোউহদ্দি	ch O u h O d d i | ch O u h o d d i	native
চোউহদ্দিতে	ch O u h O d d i t e | ch O u h o d d i t e	native
চোউহদ্দির	ch O O h O d d i r | ch O u h o d d i r	native
চোউহাট্টা	ch O u h a T T a	native
চোউহান	ch O u h a n	native
চোউহানকে	ch O u h a n k e	native
চোউহানের	ch O u h a n e r	native
চোউহালি	ch O u h a l i	native
চোউড়হাস	ch O u r h a sh o	native
চোওনান	ch O O n a n	native
চোকরি	ch O k r i	native
চোকল	ch O k o l	native
চোকলা	ch O k l a	native
চোকা	ch O k a	native
চোকানো	ch O k a n O	native
চোকার	ch O k a r	native
চোকার্স	ch O k a r s	native
চোখই	ch O kh i	native
চোখকাড়া	ch O kh k a r a	native
চোখগুলো	ch O kh g u l O	native
চোখজুড়ানো	ch O kh j u r a n O	native
চোখজোড়া	ch O kh j O r a	native
চোখদুটো	ch O kh d u T O	native
চোখধাধানো	ch O kh dh a dh a n O	native
চোখভরা	ch O kh bh o r a	native
চোখমুখে	ch O kh m u kh e	native
চোখরাংানি	ch O kh r a ng a n i | ch O kh r a ng g a n i	native
চোখা	ch O kh a	native
চোখেই	ch O kh e i	native
চোখেও	ch O kh e O	native
চোখেমুখে	ch O kh e m u kh e	native
চোখেমুখেও	ch O kh e m u kh e O	native
চোখের	ch O kh e r	native
চোগা	ch O g a	native
চোচ	ch O ch	native
চোচা	ch O ch a	native
চোটই	ch O T i	native
চোটটা	ch O T T a	native
চোটপাট	ch O T p a T	native
চোটা	ch O T a	native
চোটানো	ch O T a n O	native
চোটের	ch O T e r	native
চোট্টা	ch O T T a	native
চোত	ch O t	native
চোতা	ch O t a	native
চোত্তির	ch O tt i r	native
চোনেন্দা	ch O n e nd a	native
চোপ	ch O p	native
চোপরা	ch O p r a	native
চোপাইয়া	ch O p a i y a	native
চোপানো	ch O p a n O	native
চোপড়	ch O p o r	native
চোপড়া	ch O p r a	native
চোপড়াকে	ch O p r a k e	native
চোপড়াদের	ch O p r a d e r	native
চোপড়ার	ch O p r a r	native
চোব	ch O b	native
চোবচিনি	ch O b o ch i n i	native
চোবদার	ch O b o d a r	native
চোবল	ch O b o l	native
চোরকে	ch O r k e	native
চোরচক্রের	ch O r ch o kr e r	native
চোরটা	ch O r T a	native
চোরটাকে	ch O r T a k e	native
চোরটি	ch O r T i	native
চোরডারে	ch O r D a r e	native
চোরদলের	ch O r d o l e r	native
চোররা	ch O r r a	native
চোরা	ch O r a	native
চোরাই	ch O r a i	native
চোরাইপথে	ch O r a i p o th e	native
চোরাইপন্য	ch O r a i p o n n o	native
চোরাকারবারিদের	ch O r a k a r b a r i d e r	compound
চোরাকারবারিরা	ch O r a k a r b a r i r a	compound
চোরাগোপ্তা	ch O r a g O p t a	native
চোরাচালান	ch O r a ch a l a n	native
চোরাচালানকারি	ch O r a ch a l a n k a r i	compound
চোরাচালানশহ	ch O r a ch a l a n sh o h o	native
চোরাচালানিকে	ch O r a ch a l a n i k e	native
চোরাচালানিদের	ch O r a ch a l a n i d e r	compound
চোরাচালানিরা	ch O r a ch a l a n i r a	native
চোরাচালানে	ch O r a ch a l a n e	native
চোরাচালানের	ch O r a ch a l a n e r	native
চোরানো	ch O r a n O	native
চোরাবালি	ch O r a b a l i	native
চোরাবালির	ch O r a b a l i r	native
চোরায়ল	ch O r a y o l o	native
চোরি	ch O r i	native
চোরিত	ch O r i t O	native
চোরে	ch O r e	native
চোরের	ch O r e r	native
চোরেরা	ch O r e r a	native
চোল	ch O l	native
চোলক	ch O l O k	native
চোলাই	ch O l a i	native
চোলি	ch O l i	native
চোশা	ch O sh a	native
চোশে	ch O sh e	native
চোশ্য	ch O sh sh o	native
চোস্ত	ch O st O	native
চোহে	ch O h e	native
চোহেল	ch O h e l	native
চোয়াল	ch O y a l	native
চোয়ালবদ্ধ	ch O y a l b o d dh o	tatsama
চোয়ালে	ch O y a l e	native
চোয়ালের	ch O y a l e r	native
চ্যবন	ch A b O n	native
চ্যবনপ্রাশ	ch A b O n pr a sh	native
চ্যা	ch A bh A	native
চ্যাংদোলা	ch A ng d O l a	native
চ্যাগা	ch A g a	native
চ্যাচারি	ch A ch a r i	native
চ্যাটা	ch A T a	native
চ্যাটাং	ch A T a ng	native
চ্যাটার্জির	ch A T a r j i r	native
চ্যাটিংয়ের	ch A T i ng y e r	native
চ্যান	ch A n	native
চ্যানকে	ch A n k e	native
চ্যানের	ch A n e r	native
চ্যানেল	ch A n e l	native
চ্যানেলই	ch A n e l i	native
চ্যানেলও	ch A n e l O	native
চ্যানেলকে	ch A n e l k e	native
চ্যানেলগুলিতে	ch A n e l g u l i t e	compound
চ্যানেলগুলো	ch A n e l g u l O	native
চ্যানেলগুলোও	ch A n e l g u l O O	native
চ্যানেলগুলোকে	ch A n e l g u l O k e	compound
চ্যানেলগুলোয়	ch A n e l g u l O y	native
চ্যানেলটি	ch A n e l T i	native
চ্যানেলটিকে	ch A n e l T i k e	native
চ্যানেলটিতে	ch A n e l T i t e	native
চ্যানেলটির	ch A n e l T i r	native
চ্যানেলশহ	ch A n e l sh o h o	native
চ্যানেলে	ch A n e l e	native
চ্যানেলেই	ch A n e l e i	native
চ্যানেলেও	ch A n e l e O	native
চ্যানেলের	ch A n e l e r	native
চ্যান্সারি	ch A n s a r i	loanword
চ্যান্সেরি	ch A n s e r i	loanword
চ্যান্সেলর	ch A n s e l o r	loanword
চ্যান্সেলরকে	ch A n s e l o r k e	loanword
চ্যান্সেলরের	ch A n s e l o r e r	loanword
চ্যাপটা	ch A p T a	native
চ্যাপম্যান	ch A p m A n	native
চ্যাপলিনের	ch A p l i n e r	native
চ্যাপা	ch A p a	native
চ্যাপেল	ch A p e l	native
চ্যাপেলকে	ch A p e l k e	native
চ্যাপেলের	ch A p e l e r	native
চ্যাপ্টা	ch A p T a	native
চ্যাপ্টার	ch A p T a r	native
চ্যাপ্টারের	ch A p T a r e r	native
চ্যাম্প	ch A mp	native
চ্যাম্পস	ch A mp s	native
চ্যাম্পিয়ন	ch A mp i y o n	native
চ্যাম্পিয়নই	ch A mp i y o n i	native
চ্যাম্পিয়নও	ch A mp i y o n O	native
চ্যাম্পিয়নকে	ch A mp i y o n k e	native
চ্যাম্পিয়নদের	ch A mp i y o n d e r	compound
চ্যাম্পিয়নরা	ch A mp i y o n r a	native
চ্যাম্পিয়নশিপ	ch A mp i o n sh i p	compound
চ্যাম্পিয়নশিপই	ch A mp i y o n sh i p i	compound
চ্যাম্পিয়নশিপে	ch A mp i y o n sh i p e	compound
চ্যাম্পিয়নশিপেই	ch A mp i y o n sh i p e i	compound
চ্যাম্পিয়নশিপেও	ch A mp i y o n sh i p e O	compound
চ্যাম্পিয়নশিপের	ch A mp i y o n sh i p e r	compound
চ্যাম্পিয়নস	ch A mp i o n s	native
চ্যাম্পিয়নের	ch A mp i y o n e r	native
চ্যাম্পিয়ন্স	ch A mp i y o n s	loanword
চ্যারিটি	ch A r i T i	native
চ্যারিটির	ch A r i T i r	native
চ্যারিটেবল	ch A r i T e b O l	native
চ্যালা	ch A l a	native
চ্যালেঞ্জও	ch A l e nj O	tatsama
চ্যালেঞ্জকে	ch A l e nj k e	tatsama
চ্যালেঞ্জগুলো	ch A l e nj g u l O	compound
চ্যালেঞ্জগুলোও	ch A l e nj g u l O O	compound
চ্যালেঞ্জগুলোর	ch A l e nj g u l O r	compound
চ্যালেঞ্জজোগ্য	ch A l e nj j O g g o	compound
চ্যালেঞ্জটা	ch A l e nj T a	tatsama
চ্যালেঞ্জটাই	ch A l e nj T a i	tatsama
চ্যালেঞ্জপুর্ন	ch A l e nj p u r n o	compound
চ্যালেঞ্জসমুহ	ch A l e nj sh o m u h o	compound
চ্যালেঞ্জার	ch A l e nj a r	tatsama
চ্যালেঞ্জার্সের	ch A l e nj a r s e r	compound
চ্যালেঞ্জিং	ch A l e nj i ng	tatsama
চ্যালেঞ্জে	ch A l e nj e	tatsama
চ্যালেঞ্জের	ch A l e nj e r	tatsama
চ্যালেঞ্জেরও	ch A l e nj a r O	tatsama
চ্যালেঞ্জেস	ch A l e n j e s	tatsama
চ্যাসি	ch A s i	native
চ্যুত	ch u t O	native
চ্যুতির	ch u t i r	native
চড়	ch o r	native
চড়ই	ch o r o i	native
চড়ক	ch o r O k	native
চড়কগাছ	ch o r o k g a chh	native
চড়কগাছের	ch o r o k g a chh e r	native
চড়কপুজা	ch o r o k p u j a	native
চড়কের	ch o r o k e r	native
চড়চড়ি	ch o r ch o r i	native
চড়ছে	ch o r chh e	native
চড়ছেন	ch o r chh e n	native
চড়তি	ch O r t i	native
চড়তে	ch o r t e	native
চড়থাপ্পড়	ch o r th a p p o r	native
চড়ন	ch o r O n	native
চড়বে	ch o r b e	native
চড়বেন	ch o r b e n	native
চড়বড়	ch o r b o r	native
চড়বড়ে	ch o r b O r e	native
চড়লাম	ch o r l a m	native
চড়লে	ch o r l e	native
চড়লেন	ch o r l e n	native
চড়া	ch o r a	native
চড়াই	ch o r a i	native
চড়াও	ch o r a O	native
চড়াতে	ch o r a t e	native
চড়াদামে	ch o r a d a m e	native
চড়ানো	ch o r a n O	native
চড়ার	ch o r a r	native
চড়ালেন	ch o r a l e n	native
চড়াৎ	ch o r a t	native
চড়ায়	ch o r a y	native
চড়িভাতি	ch o r i bh a t i	native
চড়িয়ে	ch o r i y e	native
চড়িয়েছে	ch o r i y e chh e	native
চড়িয়েছেন	ch o r i y e chh e n	native
চড়ুই	ch o r u i	native
চড়ুইভাতি	ch o r u i bh a t i	native
চড়ুইয়ের	ch o r u i y e r	native
চড়ুকে	ch o r u k e	native
চড়ে	ch o r e	native
চড়েই	ch o r e i	native
চড়েছে	ch o r e chh e	native
চড়েছেন	ch o r e chh e n	native
চড়েন	ch o r e n	native
চয়	ch o y	native
চয়ন	ch o y O n	native
চয়নিকা	ch o y o n i k a	native
চয়েজ	ch o y e j	native
চয়েস	ch o y e s	native
ছ	chh o	native
ছংগ	chh o ng g O	native
ছংগদিল	chh o ng g O d i l	native
ছওয়াব	chh o O y a b	native
ছক	chh o k	native
ছকও	chh o k O	native
ছকটা	chh o k T a	native
ছকবাধা	chh o k b a dh a	native
ছকরবন	chh o k o r b o n	native
ছকরবনদের	chh o k o r b o n d e r	native
ছকরবনের	chh o k o r b o n e r	native
ছকিনা	chh O k i n a	native
ছকে	chh o k e	native
ছকেই	chh o k e i	native
ছক্কাই	chh o k k a i	native
ছক্কাও	chh o k k a O	native
ছক্কাটা	ch o k k a T a	native
ছক্কাটি	chh o k k a T i	native
ছক্কার	chh o k k a r	native
ছক্কাশহ	chh o k k a sh o h o	native
ছক্কায়	chh o k k a y	native
ছক্কড়	chh o k k o r	native
ছকড়া	chh o k o r a | chh o k r a	native
ছগির	chh o g i r	native
ছগিরুর	chh o g i r u r	native
ছগিরুল	chh o g i r u l	native
ছচি	chh O ch i	native
ছচিমচি	chh O ch i m O ch i	native
ছজুদ	chh o j u d	native
ছট	chh o T	native
ছটকু	chh O T k u	native
ছটফট	chh o T ph o T	native
ছটফটানি	chh o T ph o T a n i	native
ছটাক	chh o T a k	native
ছটার	chh o T a r	native
ছটায়	chh o T a y	native
ছটি	chh o T i	native
ছড়ানোর	chh o r a n O r	native
ছড়িয়ে	chh O r i y e	native
ছড়িয়েছে	chh O r i y e chh e	native
ছতর	chh o t O r	native
ছতরি	chh O t r i	native
ছতিছন্ন	chh O t i chh o nn O	native
ছত্তর	chh o tt o r	native
ছত্তার	chh o tt a r	native
ছত্তিশগড়	chh o tt i sh g o r	native
ছত্তিশগড়ে	chh o tt i sh g o r e	native
ছত্তিশগড়ের	chh o tt i sh g o r e r	native
ছত্র	chh o tr O	native
ছত্রচ্ছায়া	chh o tr o chh a y a	native
ছত্রচ্ছায়ায়	chh o tr o chh a y a y	native
ছত্রছায়ায়	chh o tr o chh a y a y	native
ছত্রধর	chh o tr o dh o r	native
ছত্রধরকে	chh o tr o dh o r k e	native
ছত্রধরদের	chh o tr o dh o r d e r	native
ছত্রধরের	chh o tr o dh o r e r	native
ছত্রপতি	chh o tr o p o t i	native
ছত্রভংগ	chh o tr o bh o ng g o	native
ছত্রশালা	chh o tr O sh a l a	native
ছত্রাক	chh o tr a k	native
ছত্রাকজনিত	chh o tr a k j O n i t O	native
ছত্রাকনাশক	chh o tr a k n a sh o k	native
ছত্রাকার	chh o tr a k a r	native
ছত্রাকের	chh o tr a k e r	native
ছত্রি	chh O tr i	native
ছত্রিশ	chh O tr i sh	native
ছত্রে	chh o tr e	native
ছদ	chh o d	native
ছদমা	chh o d m a	native
ছদি	chh O d i	native
ছদ্ম	chh o d d O	tatsama
ছদ্মনাম	chh o d d o m o n a m	tatsama
ছদ্মনামে	chh o d d o m o n a m e	tatsama
ছদ্মবেশ	chh o d d o b e sh	tatsama
ছদ্মবেশি	chh o d d o b e sh i	tatsama
ছদ্মবেশে	chh o d d o b e sh e	tatsama
ছদ্মাবরনে	chh o d d a b o r o n e	tatsama
ছন	chh o n	native
ছনকা	chh o n k a	native
ছনছন	chh o n chh o n	native
ছনমন	chh o n m o n	native
ছনু	chh o n u	native
ছনে	chh o n e	native
ছনের	chh o n e r	native
ছন্দপতন	chh o nd O p o t O n	native
ছন্দবন্ধ	chh o nd O b o ndh O	tatsama
ছন্দময়	chh o nd o m o y	native
ছন্দহিন	chh o nd O h i n	native
ছন্দা	chh o nd a	native
ছন্দারিয়া	chh o nd a r i y a	native
ছন্দে	chh o nd e	native
ছন্দের	chh o nd e r	native
ছন্দোবদ্ধ	chh o nd O b o d dh O	tatsama
ছন্ন	chh o nn O	native
ছন্নছাড়া	chh o nn o chh a r a	native
ছপছপ	chh o p chh o p	native
ছপো	chh o p O	native
ছফ	chh o ph	native
ছফা	chh o ph a	native
ছফাকে	chh o ph a k e	native
ছফার	chh o ph a r	native
ছফুরা	chh o ph u r a	native
ছফুরার	chh o ph u r a r	native
ছবদের	chh o b d e r	native
ছবর	chh o b o r	native
ছবিই	chh O b i i	native
ছবিও	chh O b i O	native
ছবিওয়ালা	chh o b i O y a l a	native
ছবিকেই	chh o b i k e i	native
ছবিকেও	chh o b i k e O	native
ছবিগুলোই	chh O b i g u l O i	native
ছবিগুলোও	chh O b i g u l O O	native
ছবিগুলোতে	chh O b i g u l O t e	native
ছবিগুলোর	chh O b i g u l O r	native
ছবিগুলোয়	chh o b i g u l O y	native
ছবিঘরে	chh o b i gh o r e	native
ছবিজন	chh O b i j o n	native
ছবিজুক্ত	chh O b i j u kt O | chh o b i j u kt o	native
ছবিটাও	chh O b i T a O	native
ছবিটাকে	chh o b i T a k e	native
ছবিটার	chh O b i T a r	native
ছবিটায়	chh o b i T a y	native
ছবিটিই	chh O b i T i i	native
ছবিটিও	chh O b i T i O	native
ছবিটিকে	chh O b i T i k e	native
ছবিটিতে	chh O b i T i t e	native
ছবিটির	chh O b i T i r	native
ছবিতে	chh O b i t e	native
ছবিতেই	chh O b i t e i	native
ছবিতেও	chh O b i t e O	native
ছবিবিশিশ্ট	chh O b i b i sh i sh T O	native
ছবিভিত্তিক	chh o b i bh i tt i k	native
ছবির	chh O b i r	native
ছবিরও	chh O b i r O	native
ছবিসংবলিত	chh O b i sh o ng b O l i t O	native
ছবিসহ	chh O b i sh o h O	native
ছবিয়ারা	chh o b i y a r a	native
ছবিয়ালের	chh o b i y a l e r	native
ছবেদ	chh o b e d	native
ছমছম	chh o m chh o m	native
ছমির	chh o m i r	native
ছররা	chh o r r a	native
ছরোয়ার	chh o r O y a r	native
ছল	chh o l	native
ছলকে	chh o l k e	native
ছলচাতুরি	chh o l ch a t u r i	native
ছলচাতুরির	chh o l ch a t u r i r	native
ছলচ্ছল	chh o l O chh chh o l	native
ছলছল	chh o l O chh o l O	native
ছলনা	chh o l O n a	native
ছলনায়	chh o l o n a y	native
ছলনে	chh o l o n e	native
ছলবলানো	chh o l b o l a n O	native
ছলা	chh o l a	native
ছলাকলা	chh o l a k o l a	native
ছলিত	chh o l i t	native
ছলিমপুর	chh O l i m p u r	native
ছলেবলে	chh o l e b o l e	native
ছলেমান	chh o l e m a n	native
ছলের	chh o l e r	native
ছহুল	chh o h u l	native
ছা	chh a	native
ছাই	chh a i	native
ছাইও	chh a i O	native
ছাইচাপা	chh a i ch a p a	native
ছাইদুর	chh a i d u r	native
ছাইদুল	chh a i d u l	native
ছাইফুল	chh a i ph u l	native
ছাইফুল্লাহ	chh a i ph u l l a h	native
ছাইমেঘ	chh a i m e gh	native
ছাইমেঘের	chh a i m e gh e r	native
ছাইরংা	chh a i r o ng g a	native
ছাইড়া	chh a i r a	native
ছাইয়ে	chh a i y e	native
ছাইয়ের	chh a i y e r	native
ছাউনি	chh a u n i	native
ছাউনিটি	chh a u n i T i	native
ছাউনিতে	chh a u n i t e	native
ছাউনির	chh a u n i r	native
ছাও	chh a O	native
ছাওয়া	chh a O y a	native
ছাওয়াল	chh a O y a l	native
ছাকন	chh a k O n	native
ছাকনি	chh a k n i	native
ছাকা	chh a k a	native
ছাক–জালি	chh a k o j a l i	native
ছাগ	chh a g	native
ছাগলও	chh a g o l O	native
ছাগলকে	chh a g O l k e	native
ছাগলগুলো	chh a g o l g u l O	native
ছাগলটি	chh a g o l T i	native
ছাগলনাইয়া	chh a g o l n a i y a	native
ছাগলশহ	chh a g o l sh o h o	native
ছাগলে	chh a g O l e	native
ছাগলের	chh a g O l e r	native
ছাগির	chh a g i r	native
ছাচ	chh a ch	native
ছাচাছোলা	chh a ch a chh O l a	native
ছাচি	chh a ch i	native
ছাচে	chh a ch e	native
ছাচের	chh a ch e r	native
ছাট	chh a T	native
ছাটনি	chh a T n i	native
ছাটা	chh a T a	native
ছাটাই	chh a T a i	native
ছাটাইয়ের	chh a T a i y e r | chh a T a i e r	native
ছাটে	chh a T e	native
ছাটের	chh a T e r	native
ছাড়াই	chh a r a i	native
ছাড়াও	chh a r a O	native
ছাত	chh a t	native
ছাতক	chh a t O k	native
ছাতকে	chh a t O k e	native
ছাতনি	chh a t n i	native
ছাতাও	chh a t a O	native
ছাতাটা	chh a t a T a	native
ছাতাটি	chh a t a T i	native
ছাতারপাইয়া	chh a t a r p a i y a	native
ছাতি	chh a t i	native
ছাতিম	chh a t i m	native
ছাতির	chh a t i r	native
ছাতিয়া	chh a t i y a	native
ছাতিয়ান	chh a t i y a n	native
ছাতিয়ানগ্রাম	chh a t i y a n gr a m	native
ছাত্তারের	chh a tt a r e r	native
ছাত্রই	chh a tr o i	native
ছাত্রও	chh a tr O O	native
ছাত্রকর্মি	chh a tr o k o r m i	native
ছাত্রকল্যান	chh a tr o k o l A n | chh a tr O k O l l a n	native
ছাত্রকল্যানবিশয়ক	chh a k o tr o k o l l a n b i sh o y o k	compound
ছাত্রকে	chh a tr O k e	native
ছাত্রছাত্রি	chh a tr O chh a tr i | chh a tr o chh a tr i	native
ছাত্রছাত্রিই	chh a tr o chh a tr i i	native
ছাত্রছাত্রিকে	chh a tr O chh a tr i k e | chh a tr o chh a tr i k e	compound
ছাত্রছাত্রিদের	chh a tr O chh a tr i d e r | chh a tr o chh a tr i d e r	compound
ছাত্রছাত্রিদেরও	chh a tr o chh a tr i d e r O	compound
ছাত্রছাত্রির	chh a tr O chh a tr i r | chh a tr o chh a tr i r	native
ছাত্রছাত্রিরা	chh a tr O chh a tr i r a | chh a tr o chh a tr i r a	compound
ছাত্রছাত্রিরাই	chh a tr o chh a tr i r a i	compound
ছাত্রছাত্রিরাও	chh a tr O chh a tr i r a O | chh a tr o chh a tr i r a O	compound
ছাত্রছাত্রিশহ	chh a tr o chh a tr i sh o h o	compound
ছাত্রজনতা	chh a tr O j o n O t a	native
ছাত্রজনতার	chh a tr O j o n O t a r	native
ছাত্রজিবন	chh a tr O j i b o n | chh a tr o j i b o n	native
ছাত্রজিবনে	chh a tr O j i b O n e | chh a tr o j i b o n e	native
ছাত্রজিবনেই	chh a tr O j i b o n e i	native
ছাত্রজিবনের	chh a tr O j i b O n e r | chh a tr o j i b o n e r	native
ছাত্রজোট	chh a tr O j O T	native
ছাত্রজোটের	chh a tr O j O T e r	native
ছাত্রটিকে	chh a tr o T i k e	native
ছাত্রটির	chh a tr o T i r	native
ছাত্রত্বের	chh a tr o tt e r	tatsama
ছাত্রদল	chh a tr O d o l	native
ছাত্রদলই	chh a tr o d o l i	native
ছাত্রদলও	chh a tr o d o l O	native
ছাত্রদলকর্মি	chh a tr O d o l k O r m i	native
ছাত্রদলকে	chh a tr O d o l k e	native
ছাত্রদলশহ	chh a tr o d o l sh o h o	native
ছাত্রদলে	chh a tr o d o l e	native
ছাত্রদলের	chh a tr O d o l e r	native
ছাত্রদের	chh a tr o d e r	native
ছাত্রদেরই	chh a tr o d e r i	native
ছাত্রদেরও	chh a tr o d e r O	native
ছাত্রদেরকে	chh a tr O d e r k e	native
ছাত্রনামধারি	chh a tr o n a m o dh a r i	native
ছাত্রনেতা	chh a tr O n e t a	native
ছাত্রনেতাকে	chh a tr o n e t a k e	native
ছাত্রনেতাদের	chh a tr O n e t a d e r	native
ছাত্রনেতৃত্ব	chh a tr o n e tr i t t o	tatsama
ছাত্রপরিশদ	chh a tr o p o r i sh o d	native
ছাত্রপরিশদের	chh a tr o p o r i sh o d e r	native
ছাত্রফ্রন্ট	chh a tr O ph r o n T	loanword
ছাত্রফ্রন্টের	chh a tr O ph r O n T e r	loanword
ছাত্রবিক্ষোভ	chh a tr o b i kkh O bh	tatsama
ছাত্রবিক্ষোভের	chh a tr o b i kkh O bh e r	tatsama
ছাত্রবিশয়ক	chh a tr o b i sh o y o k	native
ছাত্রবেতন	chh a tr o b e t o n	native
ছাত্রমোইত্রি	chh a tr o m O i tr i	native
ছাত্রমোইত্রির	chh a tr o m O i tr i r	compound
ছাত্ররাই	chh a tr O r a i	native
ছাত্ররাও	chh a tr o r a O	native
ছাত্ররাজনিতি	chh a tr O r a j n i t i | chh a tr o r a j n i t i	native
ছাত্ররাজনিতিও	chh a tr o r a j n i t i O	compound
ছাত্ররাজনিতিকে	chh a tr o r a j n i t i k e	compound
ছাত্ররাজনিতিতে	chh a tr O r a j n i t i t e | chh a tr o r a j n i t i t e	compound
ছাত্ররাজনিতির	chh a tr O r a j n i t i r | chh a tr o r a j n i t i r	compound
ছাত্রলিগ	chh a tr O l i g | chh a tr o l i g	native
ছাত্রলিগই	chh a tr o l i g i	native
ছাত্রলিগও	chh a tr o l i g O	native
ছাত্রলিগকর্মি	chh a tr O l i g k O r m i | chh a tr o l i g k o r m i	compound
ছাত্রলিগকর্মিকে	chh a tr o l i g k o r m i k e	compound
ছাত্রলিগকর্মিরা	chh a tr O l i g k O r m i r a	compound
ছাত্রলিগকে	chh a tr O l i g k e | chh a tr o l i g k e	native
ছাত্রলিগশহ	chh a tr o l i g sh o h o	native
ছাত্রলিগসহ	chh a tr O l i g sh o h O	native
ছাত্রলিগে	chh a tr O l i g e | chh a tr o l i g e	native
ছাত্রলিগের	chh a tr O l i g e r | chh a tr o l i g e r	native
ছাত্রলিগেরই	chh a tr o l i g e r i	native
ছাত্রশিক্ষক	chh a tr o sh i kkh o k	tatsama
ছাত্রশিবিরকে	chh a tr o sh i b i r k e	native
ছাত্রশিবিরের	chh a tr O sh i b i r e r	native
ছাত্রসংখ্যা	chh a tr O sh o ng kh a	native
ছাত্রসংগঠন	chh a tr O sh o ng g o Th O n	native
ছাত্রসংগঠনই	chh a tr o sh o ng g o Th o n i	native
ছাত্রসংগঠনকে	chh a tr o sh o ng g o Th o n k e	native
ছাত্রসংগঠনগুলো	chh a tr o sh o ng g o Th o n g u l O	compound
ছাত্রসংগঠনগুলোকে	chh a tr o sh o ng g o Th o n g u l O k e	compound
ছাত্রসংগঠনগুলোর	chh a tr o sh o ng g o Th o n g u l O r	compound
ছাত্রসংগঠনটি	chh a tr o sh o ng g o Th o n T i	native
ছাত্রসংগঠনটির	chh a tr o sh o ng g o Th o n T i r	compound
ছাত্রসংগঠনে	chh a tr o sh o ng g o Th o n e	native
ছাত্রসংগ্রাম	chh a tr o sh o ng gr a m	native
ছাত্রসংঘ	chh a tr O sh o ng gh O	native
ছাত্রসংঘের	chh a tr O sh o ng gh e r	native
ছাত্রসংসদে	chh a tr o sh o ng sh o d e	native
ছাত্রসংসদের	chh a tr O sh o ng sh O d e r	native
ছাত্রসভা	chh a tr o sh o bh a	native
ছাত্রসভায়	chh a tr o sh o bh a y	native
ছাত্রসমাজকে	chh a tr O sh o m a j k e	native
ছাত্রসমাজের	chh a tr O sh o m a j e r	native
ছাত্রসহ	chh a tr O sh o h O	native
ছাত্রহত্যা	chh a tr o h o t t a	native
ছাত্রহত্যার	chh a tr o h o t t a r	native
ছাত্রাবস্থায়	chh a tr a b o sth a y	native
ছাত্রাবাস	chh a tr a b a sh	loanword
ছাত্রাবাসগুলোতে	chh a tr a b a sh g u l O t e	compound
ছাত্রাবাসগুলোর	chh a tr a b a sh g u l O r	compound
ছাত্রাবাসটি	chh a tr a b a sh T i	loanword
ছাত্রাবাসে	chh a tr a b a sh e	loanword
ছাত্রাবাসেও	chh a tr a b a sh e O	loanword
ছাত্রাবাসের	chh a tr a b a sh e r	loanword
ছাত্রি	chh a tr i	native
ছাত্রিই	chh a tr i i	native
ছাত্রিও	chh a tr i O	native
ছাত্রিকে	chh a tr i k e	native
ছাত্রিটি	chh a tr i T i	native
ছাত্রিটিকে	chh a tr i T i k e	native
ছাত্রিটির	chh a tr i T i r	native
ছাত্রিদের	chh a tr i d e r	native
ছাত্রিদেরও	chh a tr i d e r O	native
ছাত্রিনিবাস	chh a tr i n i b a sh	loanword
ছাত্রিনিবাসটি	chh a tr i n i b a sh T i	compound
ছাত্রিনিবাসে	chh a tr i n i b a sh e	loanword
ছাত্রিনিবাসের	chh a tr i n i b a sh e r	compound
ছাত্রিবিশয়ক	chh a tr i b i sh o y o k	native
ছাত্রিবৃন্দ	chh a tr i b ri nd o	tatsama
ছাত্রির	chh a tr i r	native
ছাত্রিরা	chh a tr i r a	native
ছাত্রিরাও	chh a tr i r a O	native
ছাত্রিশহ	chh a tr i sh o h o	native
ছাত্রিসংখ্যা	chh a tr i sh o ng kh A	native
ছাত্রিসহ	chh a tr i sh o h O	native
ছাত্রিহলের	chh a tr i h o l e r	native
ছাদন	chh a d O n	native
ছাদা	chh a d a	native
ছাদে	chh a d e	native
ছাদেই	chh a d e i	native
ছাদেও	chh a d e O	native
ছাদেক	chh a d e k	native
ছাদেকুল	chh a d e k u l	native
ছানতা	chh a n t a	native
ছানলাতলা	chh a n l a t o l a	native
ছানাউল	chh a n a u l	native
ছানাউল্লাহ	chh a n a u l l a h o	native
ছানাকে	chh a n a k e	native
ছানাগুলো	chh a n a g u l O	native
ছানাটি	chh a n a T i	native
ছানাটির	chh a n a T i r	native
ছানাদের	chh a n a d e r	native
ছানাবড়া	chh a n a b o r a	native
ছানার	chh a n a r	native
ছানারা	chh a n a r a	native
ছানি	chh a n i	native
ছানিত	chh a n i t O	native
ছানির	chh a n i r	native
ছানু	chh a n u	native
ছানোয়ার	chh a n O y a r	native
ছান্দ	chh a nd O	native
ছান্দস	chh a nd O sh	native
ছান্দোগ্য	chh a nd O g g O	native
ছান্নু	chh a nn u	native
ছাপ	chh a p	native
ছাপও	chh a p O	native
ছাপচিত্র	chh a p ch i tr O	native
ছাপচিত্রের	chh a p ch i tr e r	native
ছাপছে	chh a p chh e	native
ছাপটি	chh a p T i	native
ছাপতাম	chh a p t a m	native
ছাপবে	chh a p b e	native
ছাপবেন	chh a p b e n	native
ছাপরাঘর	chh a p r a gh o r	native
ছাপরাঘরে	chh a p r a gh o r e	native
ছাপলে	chh a p l e	native
ছাপলেই	chh a p l e i	native
ছাপলেন	chh a p l e n	native
ছাপশহ	chh a p sh o h o	native
ছাপাই	chh a p a i	native
ছাপাও	chh a p a O	native
ছাপাখানার	chh a p a kh a n a r	native
ছাপাখানায়	chh a p a kh a n a y	native
ছাপাতে	chh a p a t e	native
ছাপান	chh a p a n	native
ছাপানোর	chh a p a n O r	native
ছাপাবে	chh a p a b e	native
ছাপালে	chh a p a l e	native
ছাপালেন	chh a p a l e n	native
ছাপায়	chh a p a y o	native
ছাপি	chh a p i	native
ছাপিয়ে	chh a p i y e	native
ছাপিয়েও	chh a p i y e O	native
ছাপিয়েছে	chh a p i y e chh e	native
ছাপিয়েছেন	chh a p i y e chh e n	native
ছাপে	chh a p e	native
ছাপেন	chh a p e n	native
ছাপেনি	chh a p e n i	native
ছাপের	chh a p e r	native
ছাপোশা	chh a p O sh a	native
ছাপ্পর	chh a p p o r	native
ছাপ্পান্ন	chh a p p a nn O	native
ছাপ্পড়	chh a p p o r	native
ছাপড়া	chh a p r a	native
ছাফা–মারওয়া	sh a ph a m a r O y a	native
ছাবাল	chh a b a l	native
ছাবের	chh a b e r	native
ছাব্বিশ	chh a b b i sh	native
ছাব্বিশে	chh a b b i sh e	native
ছামাদ	chh a m a d	native
ছামুম	sh a m u m	native
ছাম্মাক	chh a mm a k	native
ছার	chh a r	native
ছারখার	chh a r kh a r	native
ছারপোকা	chh a r p O k a	native
ছারপোকার	chh a r p O k a r	native
ছার্তক	chh a r t o k	native
ছাল	chh a l	native
ছালওয়া	chh a l O y a	native
ছালা	chh a l a	native
ছালাম	chh a l a m	native
ছালামত	chh a l a m o t	native
ছালিক্য	chh a l i k k O	native
ছালিয়া	chh a l i y a	native
ছালেক	chh a l e k	native
ছালেহ	chh a l e h	native
ছালেহিয়া	chh a l e h i y a	native
ছাৎ	chh a t	native
ছাড়	chh a r	native
ছাড়ও	chh a r O	native
ছাড়কৃত	chh a r k ri t o	tatsama
ছাড়ছি	chh a r chh i	native
ছাড়ছিল	chh a r chh i l	native
ছাড়ছে	chh a r chh e	native
ছাড়ছেন	chh a r chh e n	native
ছাড়ত	chh a r t o	native
ছাড়তে	chh a r o t e	native
ছাড়তেই	chh a r t e i	native
ছাড়তেও	chh a r t e O	native
ছাড়তেন	chh a r t e n	native
ছাড়পত্র	chh a r p o tr o	native
ছাড়পত্রও	chh a r o p o tr o O	native
ছাড়পত্রবিহিন	chh a r o p o tr o b i h i n	native
ছাড়পত্রহিন	chh a r o p o tr o b i h i n	native
ছাড়পত্রে	chh a r o p o tr e	native
ছাড়পত্রের	chh a r o p o tr e r	native
ছাড়ব	chh a r b o	native
ছাড়বে	chh a r b e	native
ছাড়বেই	chh a r b e i	native
ছাড়বেন	chh a r b e n	native
ছাড়ল	chh a r l o	native
ছাড়লাম	chh a r l a m	native
ছাড়লে	chh a r o l e	native
ছাড়লেই	chh a r l e i	native
ছাড়লেও	chh a r l e O	native
ছাড়লেন	chh a r l e n	native
ছাড়শহ	chh a r sh o h o	native
ছাড়া	chh a r a	native
ছাড়াই	chh a r a i	native
ছাড়াও	chh a r a O	native
ছাড়াছাড়ি	chh a r a chh a r i	native
ছাড়াছাড়ির	chh a r a chh a r i r	native
ছাড়াতে	chh a r a t e	native
ছাড়ান	chh a r a n	native
ছাড়ানো	chh a r a n O	native
ছাড়ানোর	chh a r a n O r	native
ছাড়াবে	chh a r a b e	native
ছাড়াভাবে	chh a r a bh a b e	native
ছাড়ার	chh a r a r	native
ছাড়ারও	chh a r a r O	native
ছাড়াল	chh a r a l o	native
ছাড়ালে	chh a r a l e	native
ছাড়ায়	chh a r a y	native
ছাড়ায়নি	chh a r a y n i	native
ছাড়ি	chh a r i	native
ছাড়িতে	chh a r i t e	native
ছাড়িনি	chh a r i n i	native
ছাড়িয়া	chh a r i y a	native
ছাড়িয়ে	chh a r i y e	native
ছাড়িয়েও	chh a r i y e O	native
ছাড়িয়েছিল	chh a r i y e chh i l o	native
ছাড়িয়েছে	chh a r i y e chh e	native
ছাড়ুন	chh a r u n	native
ছাড়ে	chh a r e	native
ছাড়েন	chh a r e n	native
ছাড়েননি	chh a r e n n i	native
ছাড়েনি	chh a r e n i	native
ছাড়ের	chh a r e	native
ছাড়েরও	chh a r e r O	native
ছাড়ো	chh a r O	native
ছায়া	chh a y a	native
ছায়াই	chh a y a i	native
ছায়াও	chh a y a O	native
ছায়াঘেরা	chh a y a gh e r a	native
ছায়াছবি	chh a y a chh o b i	native
ছায়াছবিতে	chh a y a chh O b i t e	native
ছায়াছবির	chh a y a chh o b i	native
ছায়াটা	chh a y a T a	native
ছায়াতলে	chh a y a t o l e	native
ছায়ানট	chh a y a n o T o	native
ছায়ানটে	chh a y a n o T e	native
ছায়ানটের	chh a y a n o T e r	native
ছায়ানিড়	chh a y a n i r	native
ছায়াপথ	chh a y o a p o th	native
ছায়াপথে	chh a y a p o th e	native
ছায়াপথের	chh a y a p o th e r	native
ছায়াবিথি	chh a y a b i th i	native
ছায়াময়	chh a y a m o y	native
ছায়ার	chh a y a r	native
ছায়াসংগি	chh a y a sh o ng g i	native
ছায়ায়	chh a y a y	native
ছায়েদ	chh a y e d	native
ছায়েদুল	chh a y e d u l	native
ছায়ের	chh a y e r	native
ছায়েল	chh a y e l	native
ছিঃ	chh o	tatsama
ছিচকাদুনে	chh i ch k a d u n e	native
ছিচকে	chh i ch k e	native
ছিচে–পানি	chh i ch e p a n i	native
ছিজ্জিন	chh i j j i n	native
ছিট	chh i T	native
ছিটকানি	chh i T k a n i	native
ছিটকিনি	chh i T k i n i	native
ছিটকেই	chh i T k e i	native
ছিটবাসি	chh i T b a sh i	loanword
ছিটবাসিদের	chh i T b a sh i d e r	loanword
ছিটবাসির	chh i T b a sh i r	loanword
ছিটমহল	chh i T m o h o l	native
ছিটমহলগুলোতে	chh i T m o h O l g u l O t e	native
ছিটমহলগুলোর	chh i T m o h O l g u l O r	native
ছিটমহলবাসি	chh i T m o h O l b a sh i | chh i T m o h o l b a sh i	loanword
ছিটমহলবাসিকে	chh i T m o h O l b a sh i k e	loanword
ছিটমহলবাসিদের	chh i T m o h O l b a sh i d e r	compound
ছিটমহলবাসির	chh i T m o h O l b a sh i r | chh i T m o h o l b a sh i r	loanword
ছিটমহলবাসিরা	chh i T m o h O l b a sh i r a | chh i T m o h o l b a sh i r a	loanword
ছিটমহলেই	chh i T m o h O l e i	native
ছিটমহলেও	chh i T m o h O l e O	native
ছিটা	chh i T a	native
ছিটাচ্ছেন	chh i T a ch chh e n	native
ছিটাতে	chh i T a t e	native
ছিটান	chh i T a n	native
ছিটানো	chh i T a n O	native
ছিটানোর	chh i T a n O r	native
ছিটালে	chh i T a l e	native
ছিটিয়ে	chh i T i y e	native
ছিটিয়েও	chh i T i y e O	native
ছিটুনি	chh i T u n i	native
ছিটেফোটা	chh i T e ph O T a	native
ছিটেফোটাও	chh i T e ph O T a O	native
ছিটের	chh i T e r	native
ছিদর	chh i d o r	native
ছিদ্দিক	chh i d d i k	native
ছিদ্দিককে	chh i d d i k k e	native
ছিদ্দিকাকে	chh i d d i k a k e	native
ছিদ্দিকি	chh i d d i k i	native
ছিদ্দিকুর	chh i d d i k u r	native
ছিদ্যমান	chh i d d O m a n	native
ছিদ্র	chh i d r O	native
ছিদ্রকারি	chh i d r O k a r i	native
ছিদ্রগুলো	chh i d r o g u l O	native
ছিদ্রজুক্ত	chh i d r O j u kt O | chh i d r o j u kt o	native
ছিদ্রান্বেশন	chh i d o d r a n n e sh o n	native
ছিদ্রান্বেশি	chh i d o d r a n n e sh i	native
ছিনতাই	chh i n t a i	native
ছিনতাইও	chh i n t a i O	native
ছিনতাইকারি	chh i n t a i k a r i	native
ছিনতাইকারিকে	chh i n t a i k a r i k e	native
ছিনতাইকারিদের	chh i n t a i k a r i d e r	compound
ছিনতাইকারির	chh i n t a i k a r i r	native
ছিনতাইকারিরা	chh i n t a i k a r i r a	native
ছিনতাইকালে	chh i n t a i k a l e	native
ছিনতাইসহ	chh i n t a i sh o h O	native
ছিনতাইয়ে	chh i n t a i y e	native
ছিনতাইয়ের	chh i n t a i y e r	native
ছিনভিন	chh i n bh i n	native
ছিনিমিনি	chh i n i m i n i	native
ছিনিয়ে	chh i n i y e	native
ছিনু	chh i n u	native
ছিনে	chh i n e	native
ছিন্ড	chh i n D O	native
ছিন্ন	chh i nn O	native
ছিন্নপত্রাবলি	chh i nn o p o tr a b o l i	compound
ছিন্নবিচ্ছিন্ন	chh i nn o b i ch chh i nn o	compound
ছিন্নভিন্ন	chh i nn O bh i nn O	native
ছিন্নমুল	chh i nn O m u l | chh i nn o m u l	native
ছিপছিপে	chh i p chh i p e	native
ছিপি	chh i p i	native
ছিম	chh i m	native
ছিমছাম	chh i m chh a m	native
ছিরি	chh i r i	native
ছিল	chh i l O	native
ছিলই	chh i l O i	native
ছিলও	chh i l o O	native
ছিলনা	chh i l O n a	native
ছিলা	chh i l a	native
ছিলাধরচর	chh i l a dh o r ch o r	native
ছিলাম	chh i l a m	native
ছিলারচর	chh i l a r ch o r	native
ছিলি	chh i l i	native
ছিলিমপুরে	chh i l i m p u r e	native
ছিলুম	chh i l u m	native
ছিলেন	chh i l e n	native
ছিলেনও	chh i l e n O	native
ছিলো	chh i l O	native
ছিলোনা	chh i l O n a	native
ছিশ্টি	chh i sh T i	native
ছিড়তে	chh i r t e	native
ছিড়বে	chh i r b e	native
ছিড়া	chh i r a	native
ছিড়ে	chh i r e	native
ছিড়েখুড়ে	chh i r e kh u r e	native
ছিড়েছে	chh i r e chh e	native
ছিড়েনি	chh i r e n i	native
ছিয়াত্তর	chh i y a tt O r	native
ছিয়াত্তরের	chh i y a tt o r e r	native
ছিয়ানব্বই	chh i y a n o b b o i	native
ছিয়ানব্বইয়ের	chh i y a n o b b o i y e r	native
ছিয়াশি	chh i y a sh i	native
ছিয়াশির	chh i y a sh i r	native
ছিয়ে	chh i y e	native
ছুই	chh u i	native
ছুইছুই	chh u i chh u i	native
ছুইয়ে	chh u i y e	native
ছুকরি	chh u k r i	native
ছুচ	chh u ch	native
ছুচো	chh u ch O	native
ছুটকো	chh u T k O	native
ছুটছিল	chh u T chh i l o	native
ছুটছে	chh u T chh e	native
ছুটছেন	chh u T chh e n	native
ছুটত	chh u T t o	native
ছুটতাম	chh u T t a m	native
ছুটতে	chh u T t e	native
ছুটতেই	chh u T t e i	native
ছুটতেন	chh u T t e n	native
ছুটবে	chh u T b e	native
ছুটল	chh u T l O	native
ছুটলেন	chh u T l e n	native
ছুটা	chh u T a	native
ছুটি	chh u T i	native
ছুটিই	chh u T i i	native
ছুটিও	chh u T i O	native
ছুটিকালিন	chh u T i k a l i n	native
ছুটিকে	chh u T i k e	native
ছুটিতে	chh u T i t e	native
ছুটিতেও	chh u T i t e O	native
ছুটিশহ	chh u T i sh o h o	native
ছুটিয়ে	chh u T i y e	native
ছুটে	chh u T e	native
ছুটেছি	chh u T e chh i	native
ছুটেছে	chh u T e chh e	native
ছুটেছেন	chh u T e chh e n	native
ছুটোছুটি	chh u T O chh u T i	native
ছুড়ে	chh u r e	native
ছুডি	chh u D i	native
ছুতমার্গের	chh u t o m a r g e r	native
ছুতা	chh u t a	native
ছুতায়	chh u t a y	native
ছুতে	chh u t e	native
ছুতেই	chh u t e i	native
ছুতেন	chh u t e n	native
ছুতো	chh u t O	native
ছুতোয়	chh u t O y	native
ছুপ	chh u p	native
ছুমন্তর	chh u m o nt o r	native
ছুম্মায়ে	chh u mm a y e	native
ছুরত	chh u r o t	native
ছুরমান	chh u r m a n	native
ছুরিকাঘাত	chh u r i k a gh a t	native
ছুরিকাঘাতে	chh u r i k a gh a t e	native
ছুরিকাঘাতের	chh u r i k a gh a t e r	native
ছুরিকাটা	chh u r i k a T a	native
ছুরিকাহত	chh u r i k a h O t O	native
ছুরিটা	chh u r i T a	native
ছুরিটি	chh u r i T i	native
ছুরিত	chh u r i t O	native
ছুরিতে	chh u r i t e	native
ছুরির	chh u r i r	native
ছুরিশহ	chh u r i sh o h o	native
ছুলে	chh u l e	native
ছুলেই	chh u l e i	native
ছুলেন	chh u l e n	native
ছুড়ছিলেন	chh u r chh i l e n	native
ছুড়ছে	chh u r chh e	native
ছুড়ছেন	chh u r chh e n	native
ছুড়তে	chh u r t e	native
ছুড়বে	chh u r b e	native
ছুড়বেন	chh u r b e n	native
ছুড়ল	chh u r l o	native
ছুড়লে	chh u r l e	native
ছুড়লেন	chh u r l e n	native
ছুড়া	chh u r a	native
ছুড়ি	chh u r i	native
ছুড়িয়া	chh u r i y a	native
ছুড়ে	chh u r e	native
ছুড়েও	chh u r e O	native
ছুড়েছি	chh u r e chh i	native
ছুড়েছিল	chh u r e chh i l o	native
ছুড়েছিলাম	chh u r e chh i l a m	native
ছুড়েছিলেন	chh u r e chh i l e n	native
ছুড়েছে	chh u r e chh e	native
ছুড়েছেন	chh u r e chh e n	native
ছুয়া	chh u y a	native
ছুয়ানি	chh u y a n i	native
ছুয়ে	chh u y e	native
ছুয়েই	chh u y e i	native
ছুয়েও	chh u y e O	native
ছুয়েছিল	chh u y e chh i l o	native
ছুয়েছিলেন	chh u y e chh i l e n	native
ছুয়েছে	chh u y e chh e	native
ছুয়েছেন	chh u y e chh e n	native
ছেংগারচর	chh e ng g a r ch o r	native
ছেউড়িয়াতে	chh e u r i a t e	native
ছেউড়িয়া	chh e u r i y a	native
ছেউড়িয়ায়	chh e u r i y a y	native
ছেক	chh e k	native
ছেকা	chh e k a	native
ছেকে	chh e k e	native
ছেচকি	chh e ch k i	native
ছেচল্লিশ	chh e ch O l l i sh	native
ছেচল্লিশের	chh e ch o l l i sh e r	native
ছেচা	chh A ch a	native
ছেচোড়	chh e ch O r	native
ছেড়ে	chh e r e	native
ছেতো	chh e t O	native
ছেত্তা	chh e tt a	native
ছেদ	chh e d	native
ছেদন	chh e d o n	native
ছেদা	chh A d a	native
ছেদে	chh e d e	native
ছেদো	chh e d O	native
ছেনি	chh e n i	native
ছেনোরা	chh e n O r a	native
ছেনোরাকে	chh e n O r a k e	native
ছেনোরার	chh e n O r a r	native
ছেনোরিয়া	chh e n O r i y a	native
ছেপারা	chh e p a r a	native
ছেপে	chh e p e	native
ছেপেছি	chh e p e chh i	native
ছেপেছিল	chh e p e chh i l o	native
ছেপেছিলাম	chh e p e chh i l a m	native
ছেপেছে	chh e p e chh e	native
ছেপেছেন	chh e p e chh e n	native
ছেফলা	chh e ph o l a	native
ছেব	chh e b | sh e b	native
ছেবল	chh e b o l	native
ছেবড়	chh A b o r	native
ছেমহলা	sh e m o h O l a	native
ছেমোচাপা	chh e m O ch a p a	native
ছেমড়া	chh A m r a	native
ছেরি	chh e r i	native
ছেলিয়া	chh e l i y a	native
ছেলেই	chh e l e i	native
ছেলেও	chh e l e O	native
ছেলেকে	chh e l e k e	native
ছেলেকেই	chh e l e k e i	native
ছেলেকেও	chh e l e k e O	native
ছেলেখেলা	chh e l e kh e l a	native
ছেলেখেলাই	chh e l e kh e l a i	native
ছেলেগুলো	chh e l e g u l O	native
ছেলেগুলোর	chh e l e g u l O r	native
ছেলেটাকে	chh e l e T a k e	native
ছেলেটার	chh e l e T a r	native
ছেলেটিই	chh e l e T i i	native
ছেলেটির	chh e l e T i r	native
ছেলেতে	chh e l e t e	native
ছেলেদের	chh e l e d e r	native
ছেলেদেরই	chh e l e d e r i	native
ছেলেদেরও	chh e l e d e r O	native
ছেলেধরা	chh e l e dh o r a	native
ছেলেধরার	chh e l e dh o r a r	native
ছেলেপুলে	chh e l e p u l e	native
ছেলেপুলেদের	chh e l e p u l e d e r	native
ছেলেপুলের	chh e l e p u l e r	native
ছেলেপুলেরা	chh e l e p u l e r a	native
ছেলেপেলে	chh e l e p e l e	native
ছেলেবেলা	chh e l e b A l a	native
ছেলেবেলায়	chh e l e b e l a y	native
ছেলেমানুশ	chh e l e m a n u sh | chh e l e m a n u sh o	native
ছেলেমানুশি	chh e l e m a n u sh i	native
ছেলেমেয়ে	chh e l e m e y e	native
ছেলেমেয়েই	chh e l e m e y e i	native
ছেলেমেয়েও	chh e l e m e y e O	native
ছেলেমেয়েকে	chh e l e m e y e k e	native
ছেলেমেয়েগুলো	chh e l e m e y e g u l O	native
ছেলেমেয়েগুলোর	chh e l e m e y e g u l O r	compound
ছেলেমেয়েদের	chh e l e m e y e d e r	native
ছেলেমেয়েদেরও	chh e l e m e y e d e r O	native
ছেলেমেয়ের	chh e l e m e y e r	native
ছেলেমেয়েরা	chh e l e m e y e r a	native
ছেলেমেয়েরাই	chh e l e m e y e r a i	native
ছেলেমেয়েরাও	chh e l e m e y e r a O	native
ছেলেমেয়েশহ	chh e l e m e y e sh o h o	native
ছেলেরই	chh e l e r i	native
ছেলেরও	chh e l e r O	native
ছেলেরাই	chh e l e r a i	native
ছেলেরাও	chh e l e r a O	native
ছেলেশিশু	chh e l e sh i sh u	native
ছেলেশিশুদের	chh e l e sh i sh u d e r	native
ছেলেশিশুর	chh e l e sh i sh u r	native
ছেলেশিশুরা	chh e l e sh i sh u r a	native
ছেলেসন্তান	chh e l e sh o nt a n	native
ছেলেসন্তানের	chh e l e sh o nt a n e r	native
ছেলেসহ	chh e l e sh o h O	native
ছেলেহারা	chh e l e h a r a	native
ছেলো	chh e l O	native
ছেশট্টি	chh e sh O T T i | chh e sh o T T i	native
ছেশট্টিতে	chh e sh o T T i t e	native
ছেশট্টির	chh e sh o T T i r	native
ছেহের	chh e h e r	native
ছেহেরা	chh e h e r a	native
ছেড়া	chh e r a	native
ছেড়াকে	chh e r a k e	native
ছেড়াছিড়ি	chh e r a chh i r i	native
ছেড়াদ্বিপ	chh e r a dh i p	native
ছেড়াদ্বিপে	chh e r a dh i p e	native
ছেড়াদ্বিপের	chh e r a dh i p e r	native
ছেড়ার	chh e r a r	native
ছেড়ে	chh e r e	native
ছেড়েই	chh e r e i	native
ছেড়েও	chh e r e O	native
ছেড়েছি	chh e r e chh i	native
ছেড়েছিল	chh e r e chh i l o	native
ছেড়েছিলাম	chh e r e chh i l a m	native
ছেড়েছিলেন	chh e r e chh i l e n	native
ছেড়েছুড়ে	chh e r e chh u r e	native
ছেড়েছে	chh e r e chh e	native
ছেড়েছেন	chh e r e chh e n	native
ছেড়ো	chh e r O	native
ছেয়া	chh e y a	native
ছেয়ানি	chh e y a n i	native
ছেয়াল	chh e y a l	native
ছেয়ে	chh e y e	native
ছো	chh O	native
ছোই	chh O i	native
ছোইলা	chh O i l a	native
ছোইয়দ	chh O i y o d	native
ছোইয়াল	chh O i y a l	native
ছোক	chh O k	native
ছোকা	chh O k a	native
ছোচা	chh O ch a	native
ছোটই	chh O T O i	native
ছোটও	chh O T o O	native
ছোটকাল	chh O T O k a l	native
ছোটকালে	chh O T O k a l e	native
ছোটকে	chh O T o k e	native
ছোটখাট	chh O T O kh a T O	native
ছোটগল্প	chh O T O g o l p O	native
ছোটগল্পকার	chh O T O g o l p O k a r	native
ছোটগল্পে	chh O T O g o l p e	native
ছোটছোট	chh O T O chh O T O	native
ছোটটা	chh O T o T a	native
ছোটদা	chh O T d a	native
ছোটদার	chh O T O d a r	native
ছোটন	chh O T O n	native
ছোটপর্দা	chh O T O p o r d a	native
ছোটপর্দার	chh O T O p o r d a r	native
ছোটপুল	chh O T o p u l	native
ছোটবগি	chh O T o b o g i	native
ছোটবেলাটা	chh O T o b e l a T a	native
ছোটবেলাতেই	chh O T O b A l a t e i	native
ছোটবেলার	chh O T O b A l a r	native
ছোটবেলায়	chh O T O b e l a y o	native
ছোটবেলায়ই	chh O T o b e l a y i	native
ছোটবড়	chh O T o b o r o	native
ছোটভাই	chh O T O bh a i	native
ছোটভাকলা	chh O T o bh a k l a	native
ছোটমনি	chh O T o m o n i | chh O T O m O n i	native
ছোটর	chh O T o r	native
ছোটরা	chh O T O r a	native
ছোটরাও	chh O T O r a O	native
ছোটাছুটিতে	chh O T a chh u T i t e	native
ছোটাছুটির	chh O T a chh u T i r	native
ছোটানো	chh O T a n O	native
ছোটালাম	chh O T a l a m	native
ছোটেন	chh O T e n	native
ছোটো	chh O T O	native
ছোটোখাটো	chh O T O kh a T O	native
ছোট্ট	chh O T T o	native
ছোট্টটি	chh O T T O T i	native
ছোট্টবেলায়	chh O T T o b e l a y	native
ছোট্টো	chh O T T O	native
ছোড	chh O D O	native
ছোপ	chh O p	native
ছোবল	chh O b O l	native
ছোবলে	chh O b O l e	native
ছোবহান	chh O b h a n	native
ছোবা	chh O b a	native
ছোবে	chh O b e	native
ছোবেন	chh O b e n	native
ছোবড়া	chh O b r a	native
ছোরা	chh O r a	native
ছোরাশহ	chh O r a sh o h o	native
ছোলংগ	chh O l o ng g O	native
ছোলতান	chh O l t a n	native
ছোলদারি	chh O l d a r i	native
ছোলমাইদ	chh O l m a i d	native
ছোলাও	chh O l a O	native
ছোলাটা	chh O l a T a	native
ছোলাশহ	chh O l a sh o h o	native
ছোহরাব	chh O h r a b	native
ছোহারা	chh O h a r a	native
ছোড়ই	chh O r O i	native
ছোড়ভংগ	chh O r bh o ng g O	native
ছোড়া	chh O r a	native
ছোড়াছুড়ি	chh O r a chh u r i	native
ছোড়াছুড়িতে	chh O r a chh u r i t e	native
ছোড়াছুড়ির	chh O r a chh u r i r	native
ছোড়ার	chh O r a r	native
ছোড়ে	chh O r e	native
ছোড়েন	chh O r e n	native
ছোড়েনি	chh O r e n i	native
ছোয়	chh O y o	native
ছোয়নি	chh O y o n i	native
ছোয়া	chh O y a	native
ছোয়াও	chh O y a O	native
ছোয়াচে	chh O y a ch e	native
ছোয়াছুয়ি	chh O y a chh u y i	native
ছোয়াটা	chh O y a T a	native
ছোয়াতে	chh O y a t e	native
ছোয়াতেই	chh O y a t e i	native
ছোয়ানোর	chh O y a n O r	native
ছোয়ার	chh O y a r	native
ছোয়ায়	chh O y a y	native
ছ্যা	chh A	native
ছ্যাক	chh A k	native
ছ্যাকা	chh A k a	native
ছ্যাচড়া	chh A ch r a	native
ছ্যাতলা	chh A t l a	native
ছ্যামড়া	chh A m r a	native
ছড়	chh o r	native
ছড়া	chh o r a	native
ছড়াও	chh o r a O	native
ছড়াক	chh o r a k	native
ছড়াকার	chh o r a k a r	native
ছড়াকারদের	chh o r a k a r d e r	native
ছড়াকে	chh o r a k e	native
ছড়াগান	chh o r a g a n	native
ছড়াগানের	chh o r a g a n e r	native
ছড়াগুলো	chh o r a g u l O	native
ছড়াচ্ছিল	chh o r a ch chh i l o	native
ছড়াচ্ছিলেন	chh o r a ch chh i l e n	native
ছড়াচ্ছে	chh o r a ch chh e	native
ছড়াচ্ছেন	chh o r a ch chh e n	native
ছড়াছড়ি	chh o r a chh O r i	native
ছড়াছড়ির	chh o r a chh o r i r	native
ছড়াটা	chh o r a T a	native
ছড়াটি	chh o r a T i	native
ছড়াত	chh o r a t o	native
ছড়াতে	chh o r a t e	native
ছড়াতেই	chh o r a t e i	native
ছড়াতেন	chh o r a t e n	native
ছড়ান	chh o r a n o	native
ছড়ানো	chh o r a n O	native
ছড়ানোর	chh o r a n O r	native
ছড়াবে	chh o r a b e	native
ছড়াবেন	chh o r a b e n	native
ছড়ার	chh o r a r	native
ছড়াল	chh o r a l o	native
ছড়ালে	chh o r a l e	native
ছড়ালেও	chh o r a l e O	native
ছড়ালেন	chh o r a l e n	native
ছড়াৎ	chh o r a t	native
ছড়ায়	chh o r a y	native
ছড়ায়নি	chh o r a y n i	native
ছড়ি	chh o r i	native
ছড়িও	chh o r i O	native
ছড়ির	chh o r i r	native
ছড়িয়ে	chh o r i y e	native
ছড়িয়েছিল	chh o r i y e chh i l o	native
ছড়িয়েছিলেন	chh o r i y e chh i l e n	native
ছড়িয়েছে	chh o r i y e chh e	native
ছড়িয়েছেন	chh o r i y e chh e n	native
ছড়ে	chh o r e	native
ছয়	chh o y o	native
ছয়গুন	chh o y g u n o	native
ছয়চিরির	chh o y ch i r i r	native
ছয়ছিরির	chh o y chh i r i r	native
ছয়জন	chh o y j o n	native
ছয়জনই	chh o y j o n i	native
ছয়জনকে	chh o y j o n k e	native
ছয়জনশহন	chh o y j o n sh o h o	native
ছয়জনে	chh o y o j o n e	native
ছয়জনের	chh o y o j o n e r	native
ছয়টা	chh o y T a	native
ছয়টার	chh o y T a r	native
ছয়টায়	chh o y T a y	native
ছয়টি	chh o y T i	native
ছয়টিই	chh o y T i i	native
ছয়টিতে	chh o y T i t e	native
ছয়টিতেই	chh o y T i t e i	native
ছয়টির	chh o y T i r	native
ছয়তলা	chh o y t o l a	native
ছয়তলাবিশিশ্ট	chh o y t o l a b i sh i sh T o	native
ছয়তলার	chh o y t o l a r	native
ছয়তলায়	chh o y t o l a y	native
ছয়দফা	chh o y d o ph a	native
ছয়দানা	chh o y d a n a	native
ছয়বার	chh o y b a r	native
ছয়বারই	chh o y b a r i	native
ছয়বারের	chh o y b a r e r	native
ছয়রুদ্দিন	chh o y r u d d i n	native
ছয়শ	chh o y sh o	native
ছয়ে	chh o y e	native
ছয়েক	chh o y e k	native
ছয়ের	chh o y e r	native
ছ––বাংলা	chh o b a ng l a	native
জ	j o	native
জংকিয়াং	j o ng k i y a ng	native
জংকে	j o ng k e	native
জংগ	j o ng g	native
জংগম	j o ng g O m	native
জংগল	j o ng g o l	native
জংগলগুলোয়	j o ng g o l g u l O y	native
জংগলমহল	j o ng g o l m o h o l	native
জংগলমহলে	j o ng g o l m o h o l e	native
জংগলমহলের	j o ng g o l m o h o l e r	native
জংগলমহালের	j o ng g o l m o h a l e r	native
জংগলাকির্ন	j o ng g o l a k i r n o	native
জংগলে	j o ng g o l e	native
জংগলেই	j o ng g o l e i	native
জংগলেও	j o ng g o l e O	native
জংগলের	j o ng g o l e r o	native
জংগি	j o ng g i	native
জংগিই	j o ng g i i	native
জংগিও	j o ng g i O	native
জংগিকে	j o ng g i k e	native
জংগিগোশ্ঠি	j o ng g i g O sh Th i	native
জংগিগোশ্ঠিকে	j o ng g i g O sh Th i k e	native
জংগিগোশ্ঠিগুলো	j o ng g i g O sh Th i g u l O	compound
জংগিগোশ্ঠিগুলোকে	j o ng g i g O sh Th i g u l O k e	compound
জংগিগোশ্ঠিগুলোর	j o ng g i g O sh Th i g u l O r	compound
জংগিগোশ্ঠির	j o ng g i g O sh Th i r	native
জংগিদের	j o ng g i d e r	native
জংগিদেরও	j o ng g i d e r O	native
জংগিনেতা	j o ng g i n e t a	native
জংগিবাদ	j o ng g i b a d	native
জংগিবাদকে	j o ng g i b a d k e	native
জংগিবাদবিরোধি	j o ng g i b a d b i r O dh i	compound
জংগিবাদমুক্ত	j o ng g i b a d m u kt o	native
জংগিবাদশহ	j o ng g i b a d sh o h o	native
জংগিবাদি	j o ng g i b a d i	native
জংগিবাদিদের	j o ng g i b a d i d e i	native
জংগিবাদিরা	j o ng g i b a d i r a	native
জংগিবাদে	j o ng g i b a d e	native
জংগিবাদের	j o ng g i b a d e r	native
জংগিবিমান	j o ng g i b i m a n	native
জংগিবিরোধি	j o ng g i b i r O dh i	native
জংগিমুক্ত	j o ng g i m u kt o	native
জংগির	j o ng g i r	native
জংগিরা	j o ng g i r a	native
জংগিরাই	j o ng g i r a i	native
জংগিরাও	j o ng g i r a O	native
জংগিশহ	j o ng g i sh o h o	native
জংগিসংশ্লিশ্ট	j o ng g i sh o ng sh l i sh T o	compound
জংঘ	j o ng gh O	native
জংঘা	j o ng gh a	native
জংলা	j o ng l a	native
জংশন	j o ng sh O n	native
জংশনের	j o ng sh o n e r	native
জংসং	j o ng sh o ng	native
জংয়ের	j o ng y e r	native
জই	j O i	native
জইন	j O i n O	native
জইন্তা	j O i nt a	native
জইন্তাপুর	j O i nt a p u r	native
জইফ	j o i ph	native
জইব	j O i b O	native
জইবসার	j O i b O sh a r	native
জইবিক	j O i b i k	native
জইর	j O i r	native
জইশ	j o i sh	native
জইশে	j o i sh e	native
জইশের	j o i sh e r	native
জইশ্ঠ্য	j O i sh Th O	native
জও	j o O	native
জওশম	j o O sh o m	native
জওহর	j o O h o r	native
জওহরলাল	j O O h O r l a l	native
জওয়াদ	j o O y a d	native
জওয়ান	j o O y a n	native
জওয়ানকে	j o O y a n k e	native
জওয়ানদের	j o O y a n d e r	native
জওয়ানরা	j o O y a n r a	native
জওয়ানশহ	j o O y a n sh o h o	native
জওয়ানের	j o O y a n e r	native
জওয়ানেরা	j o O y a n e r a	native
জওয়াব	j o O y a b	native
জকসিন	j o k sh i n	native
জকাত	j o k a t	native
জকাতি	j o k a t i	native
জকিগঞ্জ	j o k i g o nj o	tatsama
জকিগঞ্জে	j o k i g o nj e	tatsama
জকিগঞ্জের	j o k i g o nj e r	tatsama
জকির	j o k i r	native
জকৃত	j o k ri t O	tatsama
জকৃতের	j o k r i t e r	tatsama
জকৃৎ	j o k r i t	tatsama
জকোভিচ	j o k O bh i ch	proper_noun
জকোভিচকে	j o k O bh i ch k e	proper_noun
জকোভিচের	j o k O bh i ch e r	proper_noun
জক্ষা	j o kkh a	tatsama
জক্ষের	j o kkh e r	tatsama
জক্ষ্মা	j o kkh a	tatsama
জক্ষ্মার	j o kkh a r	tatsama
জখন	j o kh O n	native
জখনই	j o kh O n i	native
জখমস্থলে	j o kh o m o sth o l e	native
জখমি	j o kh m i	native
জখমের	j o kh O m e r	native
জগ	j o g	native
জগজগ	j o g O j o g O	native
জগজিত্	j o g o j i t	native
জগজিবন	j o g o j i b o n	native
জগজিৎ	j o g O j i t	native
জগজ্জন	j o g O j j o n	native
জগজ্জননি	j o g O j j o n O n i	native
জগজ্জয়ি	j o g O j j O y i	native
জগঝম্প	j o g O jh o mp O	native
জগত	j o g O t	native
জগতকে	j o g O t k e	native
জগতি	j o g O t i	native
জগতেই	j o g O t e i	native
জগতেও	j o g O t e O	native
জগতের	j o g O t e r	native
জগত্	j o g O t	native
জগত্টা	j o g o t T a	native
জগদম্বা	j o g O d o mb a	native
জগদল	j o g d o l	native
জগদিশ	j o g o d i sh	native
জগদিশচন্দ্র	j o g O d i sh ch o ndr O | j o g o d i sh ch o ndr o	native
জগদিশচন্দ্রকে	j o g o d i sh ch o ndr o k e	compound
জগদিশচন্দ্রের	j o g o d i sh ch o ndr e r	compound
জগদিশপুর	j o g o d i sh p u r o	native
জগদ্গুরু	j o g O d g u r u	native
জগদ্দল	j o g O d d o l	native
জগদ্ধাত্রি	j o g O d dh a tr i	tatsama
জগদ্ধিতায়	j o g O d dh i t a y	tatsama
জগদ্বরেন্য	j o g O d b o r e n n O	native
জগদ্বাসি	j o g O d b a sh i	loanword
জগদ্বিখ্যাত	j o g O d b i k kh a t O	native
জগদ্বিধাতা	j o g O d b i dh a t a	native
জগদ্বিধান	j o g O d b i dh a n	native
জগদ্ব্যাপি	j o g O d b A p i	native
জগন্নাথপুর	j o g O nn a th p u r	native
জগন্নাথপুরে	j o g o nn a th p u r e	native
জগন্নাথপুরের	j o g n a th p u r e r	native
জগন্নাথে	j o g n a th e	native
জগন্নিবাস	j o g O nn i b a sh	loanword
জগন্মাতা	j o g o n m a t a	native
জগন্ময়ি	j o g O n m O y i	native
জগবন্ধ	j o g b o ndh i	tatsama
জগমন্ডল	j o g o m o n D o l	native
জগমোহন	j o g O m O h O n	native
জগলু	j o g l u	native
জগলুল	j O g l u l	native
জগা	j o g a	native
জগাই–মাধাই	j o g a i m a dh a i	native
জগাখিচুড়ি	j o g a kh i ch u r i	native
জগানন্দ	j o g a n o nd O	native
জগিং	j o g i ng	native
জগে	j o g e	native
জগেক	j o g e k	native
জগেন	j o g e n	native
জগ্ধ	j o g dh O	native
জগ্লুল	j o g l u l	native
জগৎও	j o g o t O	native
জগৎকে	j o g O t k e	native
জগৎখ্যাত	j o g o t kh A t o	native
জগৎটা	j o g O t T a	native
জগৎটাই	j o g o t T a i	native
জগৎটাকে	j o g O t T a k e	native
জগৎটিকে	j o g o t T i k e	native
জগৎপুর	j o g o t p u r	native
জগৎমল্লপাড়ায়	j o g o t m o l l o p a r a y	native
জগৎসংসারের	j o g o t sh o ng sh a r e r	native
জঘন	j o gh o n	native
জঘন্যতম	j o gh O n n O t o m O	native
জচলরংেচ	j o l o r o ng y e	native
জজ	j o j	native
জজও	j o j O	native
জজকে	j o j k e	native
জজকোর্ট	j o j k O r T	native
জজকোর্টে	j o j k O r T e	native
জজকোর্টের	j o j k O r T e r	native
জজবাড়ি	j o j b a r i	native
জজরা	j o j r a	native
জজশহ	j o j sh o h o	native
জজশিপের	j o j sh i p e r	native
জজি	j o j i	native
জজিয়তি	j o j i y o t i	native
জজের	j o j e r	native
জজ্ঞ	j o g g O	tatsama
জজ্ঞে	j o g g e	tatsama
জজ্ঞের	j O g g e r	tatsama
জঞ্জাল	j o nj a l	tatsama
জঞ্জালে	j o nj a l e	tatsama
জট	j o T	native
জটলা	j o T l a	native
জটলার	j o T l a r	native
জটলায়	j o T l a y	native
জটা	j o T a	native
জটায়ু	j o T a y u	native
জটি	j o T i	native
জটিল	j O T i l	native
জটিলও	j o T i l O	native
জটিলতা	j O T i l o t a	native
জটিলতাই	j o T i l o t a i	native
জটিলতাও	j O T i l o t a O	native
জটিলতাকে	j o T i l o t a k e	native
জটিলতামুক্ত	j o T i l o t a m u kt o	native
জটিলতার	j O T i l o t a r	native
জটিলতাসহ	j O T i l o t a sh o h O	native
জটিলতায়	j o T i l o t a y	native
জটুল	j O T u l	native
জটে	j o T e	native
জটের	j o T e r	native
জঠর	j o Th O r	native
জড়িত	j O r i t O	native
জডিং	j o D i ng	native
জত	j o t O	native
জতই	j o t O i	native
জতক্ষন	j o t O kkh O n	tatsama
জতখানি	j o t O kh a n i	native
জতগুলো	j o t O g u l O	native
জতজন	j o t O j o n	native
জতটা	j o t O T a	native
জতটাই	j o t O T a i	native
জতটুকুই	j o t O T u k u i	native
জতদিন	j o t O d i n	native
জতদুর	j o t O d u r	native
জতদ্রুত	j o t O d r u t O	native
জতবার	j o t O b a r	native
জতবারই	j o t O b a r i	native
জতভাবে	j o t O bh a b e	native
জতি	j O t i	native
জতিন	j O t i n	native
জতিন্দ্রমোহন	j O t i ndr O m O h O n	native
জতু	j O t u	native
জতুক	j O t u k	native
জতুগৃহ	j o t u g ri h o	tatsama
জতুপর্ন	j o t u p o r n o	native
জতেক	j o t e k	native
জতো	j o t O	native
জতোই	j o t O i	native
জতোটা	j o t O T a	native
জতোটুকু	j o t O T u k u	native
জতোদিন	j o t O d i n	native
জত্ন	j o t n O	native
জত্নআত্তি	j o t n O a tt i	native
জত্নও	j o t n O O	native
জত্নবান	j o t n O b a n	native
জত্নশিল	j o t n O sh i l	native
জত্নসহকারে	j o t n O sh o h O k a r e	native
জত্নে	j o t n e	native
জত্নের	j o t n e r	native
জত্রতত্র	j o tr O t o tr O	native
জত্রু	j O tr u	native
জথা	j o th a	native
জথাক্রমে	j o th a kr O m e	native
জথাজথ	j o th a j o th O	native
জথাজথভাবে	j o th a j o th O bh a b e	native
জথাজোগ্য	j o th a j O g g O	native
জথারিতি	j o th a r i t i	native
জথার্থ	j o th a r th O	native
জথার্থই	j o th a r th O i	native
জথার্থতা	j o th a r th O t a	native
জথার্থভাবে	j o th a r th O bh a b e	native
জথাসম্ভব	j o th a sh o m bh o b	native
জথাসময়ে	j o th a sh O m o y e	native
জথাসাধ্য	j o th a sh a d dh O	native
জথাস্থানে	j o th a sth a n e	native
জথেচ্ছ	j o th e ch chh O	native
জথেশ্ট	j o th e sh T O	native
জথেশ্টই	j o th e sh T O i	native
জথেশ্ঠ	j o th e sh Th O	native
জথোপজুক্ত	j o th O p O j u kt O	native
জদি	j O d i	native
জদিও	j O d i O	native
জদু	j O d u	native
জদ্দজেহাদ	j o d d O j e h a d	native
জন	j O n	native
জনই	j o n i	native
জনইক	j o n O i k O	native
জনক	j o n O k	native
জনককে	j o n O k k e	native
জনকদের	j o n o k d e r	native
জনকন্ঠ	j o n o k o n Th o | j o n O k o n Th O	native
জনকন্ঠকে	j o n O k o n Th O k e	native
জনকন্ঠর	j o n o k o n Th o r	native
জনকন্ঠে	j o n O k o n Th e	native
জনকন্ঠের	j o n o k o n Th e r | j o n O k o n Th e r	native
জনকল্যান	j o n o k o l l a n | j o n O k O l l a n	native
জনকল্যানকর	j o n o k o l l a n k o r	native
জনকল্যানকামি	j o n o k o l l a n k a m i	native
জনকল্যানমুখি	j o n o k o l l a n m u kh i	native
জনকল্যানমুলক	j o n o k o l o l l a n o m u l o k | j o n O k O l l a n m u l O k	native
জনকল্যানে	j o n o k o l l a n e | j o n O k O l l a n e	native
জনকল্যানের	j o n o k o l l a n e r | j o n O k O l l a n e r	native
জনকে	j o n k e	native
জনকেই	j o n k e i	native
জনকেও	j o n k e O	native
জনকের	j o n O k e r	native
জনকেরা	j o n o k e r a	native
জনগন	j o n o g o n | j o n O g o n	native
জনগনই	j o n o g o n i | j o n O g o n i	native
জনগনও	j o n o g o n O | j o n O g O n O	native
জনগনকে	j o n o g o n k e | j o n O g o n k e	native
জনগনকেই	j o n o g o n k e i | j o n O g o n k e i	native
জনগনকেও	j o n o g o n k e O | j o n O g o n k e O	native
জনগনতান্ত্রিক	j o n o g o n t a n t r i k	compound
জনগননা	j o n o g o n o n a | j o n O g o n O n a	native
জনগননার	j o n O g o n O n a r	native
জনগনমন	j o n O g o n O m O n	native
জনগনশহ	j o n o g o n sh o h o	native
জনগনের	j o n o g o n e r | j o n O g o n e r	native
জনগনেরই	j o n o g o n e r i | j o n O g o n e r i	native
জনগনেরও	j o n o g o n e r O | j o n O g o n e r O	native
জনগুরুত্ব	j o n o g u r u tt o	tatsama
জনগুরুত্বপুর্ন	j o n O g u r u t t O p u r n O | j o n o g u r u t p u r n o	tatsama
জনগুরুত্বসম্পন্ন	j o n o g u r u tt o sh o mp o nn o	tatsama
জনগোশ্ঠি	j o n O g O sh Th i | j o n o g O sh Th i	native
জনগোশ্ঠিই	j o n o g O sh Th i i	native
জনগোশ্ঠিও	j o n o g O sh Th i O	native
জনগোশ্ঠিকে	j o n O g O sh Th i k e | j o n o g O sh Th i k e	native
জনগোশ্ঠিকেও	j o n o g O sh Th i k e O	native
জনগোশ্ঠিগুলো	j o n o g O sh Th i g u l O	native
জনগোশ্ঠিগুলোর	j o n o g O sh Th i g u l O r	compound
জনগোশ্ঠিতে	j o n o g O sh Th i t e	native
জনগোশ্ঠির	j o n O g O sh Th i r | j o n o g O sh Th i r	native
জনগোশ্ঠিশহ	j o n o g O sh Th i sh o h o	native
জনঘনত্ব	j o n o gh o n o tt o	tatsama
জনঘনত্বের	j o n o gh o n t e r	tatsama
জনচলাচলে	j o n o ch o l a ch o l e	native
জনজট	j o n j o T	native
জনজটে	j o n j o T e	native
জনজটের	j o n j o T e r	native
জনজিবন	j o n O j i b o n | j o n o j i b o n	native
জনজিবনকে	j o n O j i b O n k e | j o n o j i b o n k e	native
জনজিবনে	j o n O j i b o n e | j o n o j i b o n e	native
জনজিবনের	j o n O j i b O n e r | j o n o j i b o n e r	native
জনজুদ্ধ	j o n O j u d dh O | j o n o j u d dh o	tatsama
জনজুদ্ধে	j o n o j u d dh e	tatsama
জনজুদ্ধের	j o n o j u d dh e r	tatsama
জনজোয়ার	j o n o j O y a r	native
জনজোয়ারের	j o n o j O y a r e r	native
জনতা	j o n O t a	native
জনতাই	j o n o t a i	native
জনতাও	j o n o t a O	native
জনতাকে	j o n O t a k e	native
জনতাবাজার	j o n o t a b a j a r	native
জনতার	j o n O t a r	native
জনতায়	j o n o t a y	native
জনতুশ্টি	j o n o t u sh T i	native
জনতুশ্টির	j o n o t u sh T i r	native
জনদরদি	j o n o d o r o d i	native
জনদাবি	j o n o d a b i	native
জনদাবির	j o n o d a b i r	native
জনদুর্ভোগের	j o n O d u r bh O g e r	native
জনন	j o n O n	native
জননকোশ	j o n O n k O sh	native
জননন্দিত	j o n o n o nd i t o	native
জননি	j o n O n i | j o n o n i	native
জননিকে	j o n o n i k e	native
জননিতি	j o n o n i t i	native
জননির	j o n O n i r | j o n o n i r	native
জননিরাপত্তা	j o n O n i r a p O tt a	native
জননিরাপত্তাবিধানে	j o n o n i r a p o tt a b i dh a n e	compound
জননিরাপত্তাবিশয়ক	j o n o n i r a p o tt a b i sh o y o k	compound
জননিরাপত্তার	j o n O n i r a p o tt a r	native
জননিয়	j o n O n i y O	native
জননেতাদের	j o n o n e t a d e r	native
জননেতার	j o n o n e t a r	native
জননেত্রি	j o n o n e tr i	native
জননেত্রির	j o n o n e tr i r	native
জননেন্দ্রিয়	j o n O ndr i y O	native
জনপথ	j o n O p o th	native
জনপথে	j o n o p o th e	native
জনপথের	j o n O p o th e r	native
জনপদকে	j o n o p o d k e	native
জনপদে	j o n O p o d e	native
জনপদের	j o n O p o d e r	native
জনপরিবহন	j o n o p o r i b o h o n	native
জনপরিবহনের	j o n o p o r i b o h o n e r	native
জনপরিসরে	j o n o p o r i sh o r e	native
জনপ্রতি	j o n pr O t i	native
জনপ্রতিনিধি	j o n O pr O t i n i dh i	native
জনপ্রতিনিধিকে	j o n o pr o t i n i dh i k e	compound
জনপ্রতিনিধিত্ব	j o n o pr o t i n i dh i tt o	tatsama
জনপ্রতিনিধিত্বমুলক	j o n o pr o t i n i dh i tt o m u l o k	tatsama
জনপ্রতিনিধিত্বশিল	j o n o pr o t i n i dh i tt o sh i l	tatsama
জনপ্রতিনিধিত্বের	j o n o pr o t i n i dh i tt e r	tatsama
জনপ্রতিনিধিদের	j o n O pr O t i n i dh i d e r	compound
জনপ্রতিনিধিদেরও	j o n o pr o t i n i dh i d e r O	compound
জনপ্রতিনিধিরা	j o n O pr O t i n i dh i r a	compound
জনপ্রতিনিধিরাই	j o n o pr o t i n i dh i r a i	compound
জনপ্রতিনিধিরাও	j o n O pr O t i n i dh i r a O	compound
জনপ্রতিরোধ	j o n o pr o t i r O dh	native
জনপ্রতিরোধের	j o n o pr o t i r O dh e r	native
জনপ্রত্যাশা	j o n o pr o t t a sh a	native
জনপ্রশাসনকে	j o n o pr o sh a sh o n k e	native
জনপ্রশাসনবিশয়ক	j o n o pr o sh a sh o n b i sh o y o k	compound
জনপ্রশাসনমন্ত্রি	j o n O pr O sh a sh O n m O n	compound
জনপ্রশাসনশহ	j o n o pr o sh a sh o n sh o h o	native
জনপ্রশাসনসচিব	j o n o pr o sh a sh o n sh o ch i b	compound
জনপ্রশাসনে	j o n O pr O sh a sh o n e	native
জনপ্রশাসনের	j o n O pr O sh a sh o n e r	native
জনপ্রিয়	j o n O p ri O	native
জনপ্রিয়ও	j o n o pr i y o O	native
জনপ্রিয়করন	j o n o pr i y o k o r o n	native
জনপ্রিয়করনের	j o n O p ri O k o r O n e r	native
জনপ্রিয়তম	j o n o pr i y o t o m o	native
জনপ্রিয়তা	j o n O p ri O t a	native
জনপ্রিয়তাই	j o n o pr i y o t a i	native
জনপ্রিয়তাও	j o n o pr i y o t a O	native
জনপ্রিয়তাকে	j o n o pr i y o t a k e	native
জনপ্রিয়তার	j o n o pr i y o t a r	native
জনপ্রিয়তায়	j o n o pr i y o t a y	native
জনপ্রেক্ষিত	j o n o pr e kkh i t o	tatsama
জনবলও	j o n o b o l O	native
জনবলকাঠামো	j o n o b o l k a Th a m O	native
জনবলকে	j o n o b o l k e	native
জনবলশহ	j o n o b o l sh o h o	native
জনবলসংকট	j o n o b o l sh o ng k o T	native
জনবলসংকটের	j o n o b o l sh o ng k o T e r	native
জনবলের	j o n O b o l e r	native
জনবসতিতে	j o n o b o sh o t i t e	native
জনবসতিপুর্ন	j o n o b o sh o t i p u r n o	native
জনবসতির	j o n O b o sh O t i r	native
জনবসতিহিন	j o n o b o sh o t h i n	native
জনবান্ধব	j o n O b a ndh O b	tatsama
জনবিক্ষোভ	j o n o b i kkh O bh	tatsama
জনবিক্ষোভের	j o n o b i kkh O bh e r	tatsama
জনবিচ্ছিন্নতা	j o n o b i ch chh i nn o t a	compound
জনবিরল	j o n o b i r o l	native
জনবিরোধি	j o n o b i r O dh i	native
জনবিস্ফোরন	j o n o b i sh ph O r o n	native
জনবিস্ফোরনের	j o n o b i sh ph O r o n e r	native
জনভিত্তি	j o n o bh i tt i	native
জনভোগান্তি	j o n o bh O g a nt i	native
জনভোগান্তিমুলক	j o n o bh O g a nt i m u l o k	compound
জনভোগান্তির	j o n o bh O g a nt i r	native
জনম	j o n O m	native
জনমত	j o n O m o t	native
জনমতও	j o n o m o t o O	native
জনমতকে	j o n O m o t k e	native
জনমতে	j o n o m o t e	native
জনমতের	j o n O m o t e r	native
জনমতেরই	j o n o m o t e r i	native
জনমনে	j o n O m O n e	native
জনমনের	j o n o m o n e r	native
জনমানবশুন্য	j o n o m a n o b sh u n n o	native
জনমানবহিন	j o n O m a n O b h i n | j o n o m a n o b h i n	native
জনমানসে	j o n o m a n o sh e	native
জনমানুশের	j o n O m a n u sh e r | j o n o m a n u sh e r	native
জনমিতি	j o n o m i t i	native
জনমুক্তি	j o n O m u kt i	native
জনমুখি	j o n o m u kh i	native
জনমে	j o n o m e	native
জনমেজয়	j o n m e j o y	native
জনমের	j o n O m e r	native
জনরায়	j o n o r a y	native
জনরায়ের	j o n o r a y e r	native
জনরে	j o n o r e	native
জনরোশ	j o n O r O sh | j o n o r O sh	native
জনরোশে	j o n o r O sh e	native
জনরোশের	j o n O r O sh e r | j o n o r O sh e r	native
জনশক্তি	j o n O sh O kt i	native
জনশক্তিকে	j o n O sh O kt i k e	native
জনশক্তিতে	j o n O sh O kt i t e	native
জনশক্তির	j o n O sh O kt i r	native
জনশিক্ষা	j o n o sh i kkh a	tatsama
জনশুন্য	j o n O sh u n n O | j o n o sh u n n o	native
জনশৃংখলা	j o n o sh r i ng kh o l a	tatsama
জনস	j o n s	proper_noun
জনসংখ্যা	j o n O sh o ng kh a	native
জনসংখ্যাই	j o n o sh o ng kh a i	native
জনসংখ্যাকে	j o n O sh o ng kh a k e	native
জনসংখ্যাতত্ত্ব	j o n o sh o ng kh a t o t t o	tatsama
জনসংখ্যাতাত্ত্বিক	j o n o sh o ng kh a t a t t i k	tatsama
জনসংখ্যাধিক্য	j o n o sh o ng kh a dh i k k o	compound
জনসংখ্যানিতি	j o n o sh o ng kh a n i t i	native
জনসংখ্যাবিশয়ক	j o n o sh o ng kh a b i sh o y o k	compound
জনসংখ্যার	j o n O sh o ng kh a r	native
জনসংখ্যায়	j o n o sh o ng kh a y	native
জনসংজোগ	j o n O sh o ng j O g | j o n o sh o ng j O g	native
জনসংজোগবিশয়ক	j o n o sh o ng j O g b i sh o y o k	native
জনসংজোগের	j o n O sh o ng j O g e r | j o n o sh o ng j O g e r	native
জনসংশ্লিশ্ট	j o n o sh o ng sh l i sh T o	native
জনসংহতি	j o n O sh o ng h O t i	native
জনসংহতির	j o n o sh o ng h o t i r	native
জনসচেতনতামুলক	j o n O sh o ch e t o n O t a m u l o k | j o n o sh o ch e t o n o t a m u l o k	compound
জনসচেতনতার	j o n O sh o ch e t o n O t a r	native
জনসন	j o n s o n	proper_noun
জনসনকে	j o n s o n k e	proper_noun
জনসনরা	j o n s o n r a	proper_noun
জনসনের	j o n s o n e r	proper_noun
জনসভাও	j o n o sh o bh a O	native
জনসভাকে	j o n o sh o bh a k e	native
জনসভার	j o n O sh o bh a r	native
জনসভাস্থল	j o n o sh o bh a sth o l	native
জনসভাস্থলে	j o n O sh o bh a sth o l e	native
জনসভাস্থলের	j o n o sh o bh a sth o l e r	native
জনসভায়	j o n o sh o bh a y	native
জনসভায়ও	j o n o sh o bh a y O	native
জনসমক্ষে	j o n O sh o m O kkh e	tatsama
জনসমক্ষেই	j o n o sh o m o kkh e i	tatsama
জনসমর্থন	j o n O sh o m O r th O n	native
জনসমর্থনই	j o n o sh o m o r th o n i	native
জনসমর্থনও	j o n o sh o m o r th o n O	native
জনসমর্থনহিন	j o n O sh o m O r th o n h i n | j o n o sh o m o r th o n h i n	native
জনসমর্থনে	j o n o sh o m o r th o n e	native
জনসমর্থনের	j o n O sh o m O r th O n e r	native
জনসমর্থিত	j o n o sh o m o r th i t o	native
জনসমাগম	j o n O sh o m a g o m	native
জনসমাগমস্থলে	j o n o sh o m a g o m sth o l e	native
জনসমাগমে	j o n o sh o m a g o m e	native
জনসমাগমের	j o n o sh o m a g o m e r	native
জনসমাবেশ	j o n O sh o m a b e sh	native
জনসমাবেশে	j o n o sh o m a b e sh e	native
জনসমাবেশের	j o n o sh o m a b e sh e r	native
জনসমুদ্র	j o n O sh O m u d r O	native
জনসমুদ্রে	j o n o sh o m u d r e	native
জনসমুদ্রের	j o n o sh o m u d r e r	native
জনসম্পদ	j o n O sh o mp o d	native
জনসম্পদে	j o n O sh o mp o d e	native
জনসম্পদের	j o n O sh o mp o d e r	native
জনসম্পৃক্ত	j o n O sh O mp ri kt O	tatsama
জনসম্পৃক্ততা	j o n O sh O mp ri kt O t a	tatsama
জনসম্পৃক্ততার	j o n o sh o mp ri kt o t a r	tatsama
জনসাধারন	j o n o sh a dh a r o n | j o n O sh a dh a r O n	native
জনসাধারনও	j o n o sh a dh a r o n O	native
জনসাধারনকে	j o n o sh a dh a r o n k e | j o n O sh a dh a r o n k e	native
জনসাধারনের	j o n o sh a dh a r o n e r | j o n O sh a dh a r o n e r	native
জনসাধারন্যে	j o n o sh a dh a r o n n e	native
জনসেন	j o n s e n	proper_noun
জনসেবক	j o n o sh e b o k	native
জনসেবকদের	j o n o sh e b o k d e r	native
জনসেবা	j o n O sh e b a	native
জনসেবামুলক	j o n O sh e b a m u l O k | j o n o sh e b a m u l o k	native
জনসেবার	j o n O sh e b a r	native
জনসেবায়	j o n o sh e b a y	native
জনস্টন	j o n s T o n	proper_noun
জনস্বার্থ	j o n O sh a r th O	tatsama
জনস্বার্থকে	j o n o sh a r th o k e	tatsama
জনস্বার্থবিরোধি	j o n O sh a r th O b i r O dh i | j o n o sh a r th o b i r O dh i	tatsama
জনস্বার্থমুলক	j o n o sh a r th o m u l o k	tatsama
জনস্বার্থসংশ্লিশ্ট	j o n o sh a r th o sh o ng sh l i sh T o	tatsama
জনস্বার্থে	j o n O sh a r th e	tatsama
জনস্বার্থেই	j o n o sh a r th e i	tatsama
জনস্বাস্থ্য	j o n o sh a s th o	tatsama
জনস্বাস্থ্যে	j o n o sh a s th e	tatsama
জনস্বাস্থ্যের	j o n O sh a s th e r	tatsama
জনস্রোত	j O n O sh r O t	native
জনস্রোতে	j o n o sh r O t e	native
জনহিতকর	j o n O h i t O k o r	native
জনহিতোইশি	j o n o h i t O i sh i	native
জনাকির্ন	j o n a k i r n O | j o n a k i r o n o	native
জনাকয়েক	j o n a k o y e k	native
জনাতিগ	j o n a t i g O	native
জনাধিকার	j o n a dh i k a r	native
জনান	j a n a n	native
জনান্ত	j o n a nt O	native
জনান্তিক	j o n a nt i k	native
জনান্তিকে	j o n a nt i k e	native
জনাপবাদ	j o n a p o b a d o	native
জনাব	j o n a b	native
জনার	j a n a r	native
জনারন্য	j o n a r O n n O	native
জনারন্যে	j o n a r o n n e	native
জনার্দন	j o n a r d O n	native
জনাশ্রয়	j o n a sh r o y	native
জনি	j o n i | j O n i	native
জনিকা	j o n i k a	native
জনিকে	j o n i k e	native
জনিত	j O n i t O	native
জনিতা	j O n i t a	native
জনিত্র	j O n i tr O	native
জনিন	j O n i n	native
জনিয়েছেন	j o n i y e chh e n	native
জনু	j O n u	native
জনে	j o n e	native
জনেই	j o n e i	native
জনের	j o n e r	native
জনেরই	j o n e r i	native
জনেরা	j o n e r a	native
জনোইক	j o n O i k	native
জন্টি	j o n T i	native
জন্টু	j o n T u	native
জন্ডিস	j o n D i s	loanword
জন্ডিসশহ	j o n D i sh sh o h o	native
জন্ডিসের	j o n D i s e r	loanword
জন্তু	j O nt u	native
জন্তুর	j O nt u r	native
জন্ত্র	j o n t r O	native
জন্ত্রই	j o n t r O i	native
জন্ত্রও	j o n t r O O	native
জন্ত্রকে	j o n t r O k e	native
জন্ত্রকোউশল	j o n t r O k O u sh o l	native
জন্ত্রগুলো	j o n t r O g u l O	native
জন্ত্রগুলোর	j o n t r O g u l O r	native
জন্ত্রচালিত	j o n t r O ch a l i t O	native
জন্ত্রটা	j o n t r O T a	native
জন্ত্রটি	j o n t r O T i	native
জন্ত্রটিকে	j o n t r O T i k e	native
জন্ত্রটিতে	j o n t r O T i t e	native
জন্ত্রটির	j o n t r O T i r	native
জন্ত্রনা	j o n t r O n a	native
জন্ত্রনাও	j o n t r O n a O	native
জন্ত্রনাকাতর	j o n t r O n a k a t O r	native
জন্ত্রনাকে	j o n t r O n a k e	native
জন্ত্রনার	j o n t r O n a r	native
জন্ত্রপাতি	j o n t r O p a t i	native
জন্ত্রপাতিও	j o n t r O p a t i O	native
জন্ত্রপাতির	j o n t r O p a t i r	native
জন্ত্রশিল্পি	j o n t r O sh i l p i	native
জন্ত্রসংগিত	j o n t r O sh O ng g i t	native
জন্ত্রাংশ	j o n t r a ng sh O	native
জন্ত্রাংশগুলো	j o n t r a ng sh O g u l O	compound
জন্ত্রাংশের	j o n t r a ng sh e r	native
জন্ত্রে	j o n t r e	native
জন্ত্রের	j o n t r e r	native
জন্ম	j o n m O	native
জন্মই	j o n m O i	native
জন্মকালিন	j o n m o k a l i n	native
জন্মকে	j o n m o k e	native
জন্মগতভাবে	j o n m O g o t O bh a b e	native
জন্মগতভাবেই	j o n m O g o t O bh a b e i	native
জন্মগ্রহন	j o n m o gr o h o n | j o n m O gr O h O n	native
জন্মগ্রহনকারি	j o n m o gr o h o n k a r i | j o n m O gr O h O n k a r i	compound
জন্মগ্রহনের	j o n m O gr O h O n e r	native
জন্মগ্রাম	j o n m o gr a m	native
জন্মজয়ন্তি	j o n m o j o y o nt i	native
জন্মজয়ন্তির	j o n m o j o y o nt i r	native
জন্মতারিখ	j o n m O t a r i kh	native
জন্মদাতা	j o n m O d a t a	native
জন্মদাত্রি	j o n m O d a tr i | j o n m o d a tr i	native
জন্মদান	j o n m O d a n	native
জন্মদানে	j o n m O d a n e	native
জন্মদানের	j o n m O d a n e r	native
জন্মদিনকে	j o n m O d i n k e	native
জন্মদিনটা	j o n m O d i n T a	native
জন্মদিনটি	j o n m O d i n T i	native
জন্মদিনেই	j o n m O d i n e i	native
জন্মদিনের	j o n m O d i n e r	native
জন্মদিবস	j o n m o d i b o sh o	native
জন্মনিবন্ধনের	j o n m o n i b ndh o n e r	compound
জন্মনিরোধক	j o n m o n i r O dh o k	native
জন্মনিয়ন্ত্রন	j o n m o n i y o n t r o n	compound
জন্মনিয়ন্ত্রনসামগ্রি	j o n m o n i y o n t r o n sh a m o gr i	compound
জন্মনিয়ন্ত্রনে	j o n m o n i y o n t r o n e	compound
জন্মনিয়ন্ত্রনের	j o n m o n i y o n t r o n e r	compound
জন্মবর্ষ	j o n m o b o r sh o	tatsama
জন্মবর্ষে	j o n m o b o r sh e	tatsama
জন্মবার্ষিকি	j o n m O b a r sh i k i | j o n m o b a r sh i k i	native
জন্মবার্ষিকিতে	j o n m O b a r sh i k i t e | j o n m o b a r sh i k i t e	compound
জন্মবার্ষিকির	j o n m O b a r sh i k i r | j o n m o b a r sh i k i r	compound
জন্মবিরতিকরন	j o n m O b i r O t i k o r O n	native
জন্মবৃত্তান্ত	j o n m o b ri tt a nt o	tatsama
জন্মভিটা	j o n m O bh i T a	native
জন্মভুমি	j o n m O bh u m i | j o n m o bh u m i	native
জন্মভুমিকে	j o n m O bh u m i k e	native
জন্মভুমিতে	j o n m O bh u m i t e | j o n m o bh u m i t e	native
জন্মভুমির	j o n m O bh u m i r | j o n m o bh u m i r	native
জন্মমুহুর্তে	j o n m o m u h u r t e	native
জন্মমুহুর্তের	j o n m o m u h u r t e r	compound
জন্মরহস্য	j o n m o r o h o sh sh o	native
জন্মলগ্ন	j o n m o l o g n O	native
জন্মলগ্নে	j o n m o l o g n e	native
জন্মলাভ	j o n m O l a bh	native
জন্মলাভের	j o n m o l a bh e r	native
জন্মশত	j o n m o sh o t o	native
জন্মশতবর্ষ	j o n m O sh o t O b o r sh O	tatsama
জন্মশতবর্ষে	j o n m o sh o t o b o r sh e	tatsama
জন্মশতবর্ষের	j o n m o sh o t o b o r sh e r	tatsama
জন্মশতবার্ষিকি	j o n m O sh o t O b a r sh i k i | j o n m o sh o t o b a r sh i k i	compound
জন্মশতবার্ষিকির	j o n m o sh o t o b a r sh i k i r	compound
জন্মশহর	j o n m O sh o h O r	native
জন্মসংখ্যা	j o n m o sh o ng kh A	native
জন্মসাল	j o n m O sh a l	native
জন্মসুত্র	j o n m o sh u tr o	native
জন্মসুত্রে	j o n m O sh u tr e | j o n m o sh u tr e	native
জন্মসুত্রেই	j o n m o sh u tr e i	native
জন্মস্থান	j o n m O sth a n	native
জন্মস্থানে	j o n m O sth a n e	native
জন্মস্থানের	j o n m o sth a n e r	native
জন্মহার	j o n m O h a r	native
জন্মহারের	j o n m o h a r e r	native
জন্মা	j o n m a	native
জন্মাইনি	j o n m a i n i	native
জন্মাক	j o n m a k	native
জন্মাচ্ছে	j o n m a ch chh e	native
জন্মাত	j o n m a t o	native
জন্মাতে	j o n m a t e	native
জন্মাধিকার	j o n m a dh i k a r o	native
জন্মান	j o n m a n o	native
জন্মানোর	j o n m a n O r	native
জন্মান্তরিন	j o n m a nt O r i n	native
জন্মাবচ্ছিন্ন	j o n m a b O ch chh i nn O	compound
জন্মাবচ্ছেদ	j o n m a b O ch chh e d	native
জন্মাবধি	j o n m a b O dh i	native
জন্মাল	j o n m a l o	native
জন্মাশ্টমি	j o n m a sh T O m i | j o n m a sh Th o m i	native
জন্মাশ্টমির	j o n m a sh Th o m i r	native
জন্মায়	j o n m a y	native
জন্মায়নি	j o n m a y n i	native
জন্মি	j o n m i	native
জন্মিত	j O n m i t O	native
জন্মু	j o n m u	native
জন্মেই	j o n m e i	native
জন্মেও	j o n m e O	native
জন্মেছি	j O n m e chh i	native
জন্মেছিল	j O n m e chh i l O	native
জন্মেছিলাম	j O n m e chh i l a m	native
জন্মেনি	j o n m e n i	native
জন্মেরও	j o n m e r O	native
জন্মোৎসব	j o n m O t sh o b	native
জন্যই	j O n n O i	native
জন্যও	j O n n O O	native
জন্যি	j O n n i	native
জন্যে	j O n n e	native
জন্যেই	j O n n e i	native
জন্যেও	j O n n e O	native
জন্স	j o n s	loanword
জনয়িতা	j o n O y i t a	native
জপছেন	j o p chh e n	native
জপমালা	j o p m a l a	native
জপলিন	j o p l i n	native
জফির	j o ph i r	native
জব	j o b	native
জবজব	j o b j o b	native
জবনিকা	j o b O n i k a	native
জবনিকাপাত	j o b O n i k a p a t	native
জবর	j o b O r	native
জবরজং	j o b O r j o ng	native
জবরদখল	j o b O r d o kh O l	native
জবরদখলকারি	j o b o r d o kh o l k a r i	native
জবরদখলকারিদের	j o b o r d o kh o l k a r i d e r	compound
জবরদখলের	j o b O r d o kh O l e r	native
জবরদস্ত	j o b o r d o st o	native
জবরদস্তি	j o b O r d O st i	native
জবরদস্তিতে	j o b o r d o st i t e	native
জবরদস্তিমুলক	j o b o r d o st i m u l o k	native
জবরদস্তিমুলকভাবে	j o b o r d o st i m u l o k bh a b e	compound
জবরদস্তির	j o b O r d O st i r	native
জবস	j o b s	proper_noun
জবসকে	j o b s k e	proper_noun
জবসের	j o b s e r	proper_noun
জবহ্	j o b o h	native
জবাই	j o b a i	native
জবাইখানা	j o b a i kh a n a	native
জবাইখানার	j o b a i kh a n a r	native
জবাইয়ের	j o b a i y e r	native
জবান	j o b a n	native
জবানবন্দিও	j o b a n b O nd i O	native
জবানবন্দিতে	j o b a n b O nd i t e	native
জবানবন্দিতেও	j o b a n b o nd i t e O	native
জবানি	j o b a n i	native
জবানিতেই	j o b a n i t e i	native
জবানে	j o b a n e	native
জবাব	j o b a b	native
জবাবও	j o b a b O	native
জবাবটাও	j o b a b T a O	native
জবাবদিহি	j o b a b d i h i	native
জবাবদিহিও	j o b a b d i h i O	native
জবাবদিহিতার	j o b a b d i h i t a r	native
জবাবদিহিতে	j o b a b d i h i t e	native
জবাবদিহিপুর্ন	j o b a b d i h i p u r n o	compound
জবাবদিহিমুলক	j o b a b d i h i m u l o k	native
জবাবদিহির	j o b a b d i h i r	native
জবাবদিহিশহ	j o b a b d i h i sh o h o	native
জবাবদিহিহিন	j o b a b d i h i h i n	native
জবাববন্দি	j o b a b b o nd i	native
জবাবেই	j o b a b e i	native
জবাবেও	j o b a b e O	native
জবাবের	j o b a b e r	native
জবার	j o b a r	native
জবির	j o b i r	native
জবে	j o b e	native
জবেদ	j o b e d	native
জবেহ	j o b e h	native
জব্দ	j o b d O	native
জব্দও	j o b d o O	native
জব্দকৃত	j o b d O k ri t O	tatsama
জব্দের	j o b d e r	native
জব্ধ	j o b d o	native
জব্বার	j o b b a r	native
জব্বারকে	j o b b a r k e	native
জব্বারশহ	j o b b a r sh o h o	native
জব্বারের	j o b b a r e r	native
জভনারেভা	j o bh n a r e bh a	proper_noun
জভোনারেভা	j o bh O n a r e bh a	proper_noun
জভোনারেভাকে	j o bh O n a r e bh a k e	proper_noun
জভোনারেভার	j o bh O n a r e bh a r	proper_noun
জমক	j o m O k	native
জমছিল	j o m chh i l o	native
জমছে	j O m chh e	native
জমজ	j o m O j	native
জমজমকে	j o m j o m k e	native
জমজমা	j o m j o m a	native
জমজমাট	j o m j o m a T	native
জমজমাটভাবে	j o m j o m a T bh a b e	native
জমজমি	j o m j O m i	native
জমজমের	j o m j o m e r	native
জমত	j o m o t o	native
জমতে	j O m t e	native
জমদগ্নি	j o m O d O g n i	native
জমদগ্নির	j o m o d o g n i r	native
জমদুত	j o m d u t	native
জমপেশ	j o m p e sh	native
জমবে	j O m b e	native
জমবেই	j o m b e i	native
জমল	j O m l O	native
জমলে	j O m l e	native
জমলেও	j o m l e O	native
জমশেদ	j o m sh e d	native
জমশের	j o m sh e r	native
জমসের	j o m sh e r	native
জমহুরিয়াত	j o m h u r i y a t	native
জমাই	j o m a i	native
জমাও	j o m a O	native
জমাচ্ছি	j o m a ch chh i	native
জমাচ্ছে	j o m a ch chh e	native
জমাট	j o m a T	native
জমাটবাধা	j o m a T b a dh a	native
জমাত	j o m a t	native
জমাতে	j o m a t e	native
জমাতেন	j o m a t e n	native
জমাদান	j o m a d a n	native
জমাদানে	j o m a d a n e	native
জমাদানের	j o m a d a n e r	native
জমাদার	j o m a d a r	native
জমাদ্দার	j o m a d d a r	native
জমাদ্দারকে	j o m a d d a r k e	native
জমাদ্দারবাড়ি	j o m a d d a r b a r i	native
জমাদ্দারশহ	j o m a d d a r sh o h o	native
জমাদ্দারহাট	j o m a d o d d a r h a T	native
জমাদ্দারহাটে	j o m a d d a r h a T e	native
জমাদ্দারহাটের	j o m a d d a r h a T e r	compound
জমাদ্দারের	j o m a d d a r e r	native
জমান	j o m a n	native
জমানা	j O m a n a	native
জমানার	j o m a n a r	native
জমানায়	j o m a n a y	native
জমানোর	j o m a n O r	native
জমাবে	j o m a b e	native
জমার	j o m a r	native
জমালেন	j o m a l e n	native
জমায়	j o m a y	native
জমায়েত	j o m a y e t	native
জমায়েতকে	j o m a y e t k e	native
জমায়েতে	j o m a y e t e	native
জমায়েতের	j o m a y e t e r	native
জমি	j O m i	native
জমিই	j O m i i	native
জমিও	j O m i O	native
জমিকে	j O m i k e	native
জমিগুলোতে	j o m i g u l O t e	native
জমিগুলোর	j o m i g u l O r	native
জমিজমা	j O m i j o m a	native
জমিজমার	j O m i j o m a r	native
জমিজমাসংক্রান্ত	j O m i j o m a sh o ng kr a nt O	compound
জমিজিরাত	j o m i j i r a t	native
জমিজিরেত	j o m i j i r e t	native
জমিটা	j O m i T a	native
জমিটির	j o m i T i r	native
জমিটুকু	j o m i T u k u	native
জমিত	j o m i t	native
জমিতে	j O m i t e	native
জমিতেই	j O m i t e i	native
জমিতেও	j O m i t e O	native
জমিদাতা	j o m i d a t a	native
জমিদার	j O m i d a r	native
জমিদারদের	j O m i d a r d e r	native
জমিদারপত্নি	j O m i d a r p O t n i	native
জমিদারবাড়ি	j o m i d a r b a r i	native
জমিদারবাড়িতে	j o m i d a r b a r i t e	native
জমিদারবাড়ির	j o m i d a r b a r i r	native
জমিদাররা	j O m i d a r r a	native
জমিদারি	j O m i d a r i	native
জমিদারিতে	j o m i d a r i t e	native
জমিদারির	j O m i d a r i r	native
জমিদারের	j O m i d a r e r	native
জমিদারেরা	j o m i d a r e r a	native
জমিন	j O m i n	native
জমিনে	j O m i n e	native
জমিনের	j O m i n e r	native
জমিরউদ্দিন	j o m i r u d d i n	native
জমিরা	j o m i r a	native
জমিরুদ্দিন	j O m i r u d d i n	native
জমিলা	j O m i l a	native
জমিলার	j O m i l a r	native
জমিসংক্রান্ত	j O m i sh o ng kr a nt O	native
জমিসহ	j O m i sh o h O	native
জমিয়ত	j o m i y o t	native
জমিয়তে	j o m i y o t e	native
জমিয়াত	j o m i y a t	native
জমিয়াতুল	j o m i y a t u l	native
জমিয়ে	j o m i y e	native
জমিয়েছিল	j o m i y e chh i l o	native
জমিয়েছিলেন	j o m i y e chh i l e n	native
জমিয়েছে	j o m i y e chh e	native
জমিয়েছেন	j o m i y e chh e n	native
জমুনা	j O m u n a	native
জমুনার	j O m u n a r	native
জমে	j o m e	native
জমেছে	j O m e chh e	native
জমেনি	j o m e n i	native
জমের	j o m e r	native
জমেলা	j o m e l a	native
জম্পেশ	j o mp e sh	native
জম্বুরা	j O mb u r a	native
জম্মু	j O mm u	native
জরজর	j o r j o r	native
জরতারি	j o r t a r i	native
জরতি	j o r O t i	native
জরথুস্ত	j o r O th u st	native
জরদ	j o r O d	native
জরদোজ	j o r d O j	native
জরদ্গব	j o r O d g o b	native
জরমা	j o r m a	native
জরা	j o r a	native
জরাগ্রস্ত	j o r a gr o st o	native
জরাজির্ন	j o r a j i r n O | j o r a j i r n o	native
জরাতরংগে	j o r a t o r o ng g e	native
জরাসন্ধ	j o r a sh o ndh O	tatsama
জরাসা	j o r a sh a	native
জরায়ু	j o r a y u	native
জরায়ুগ্রিবার	j o r a y u gr i b a r	native
জরায়ুজ	j o r a y u j O	native
জরায়ুতে	j o r a y u t e	native
জরায়ুমুখ	j o r a y u m u kh	native
জরায়ুমুখে	j o r a y u m u kh e	native
জরায়ুমুখের	j o r a y u m u kh e r	native
জরায়ুর	j o r a y u r	native
জরি	j O r i	native
জরিওয়ালা	j o r i O y a l a	native
জরিনা	j O r i n a	native
জরিনাকে	j o r i n a k e	native
জরিনার	j O r i n a r	native
জরিপ	j O r i p	native
জরিপই	j o r i p i	native
জরিপও	j O r i p O	native
জরিপকাজ	j O r i p k a j	native
জরিপকাজে	j o r i p k a j e	native
জরিপকাজের	j o r i p k a j e r	native
জরিপকারক	j o r i p k a r o k	native
জরিপকারি	j O r i p k a r i | j o r i p k a r i	native
জরিপকারিরা	j o r i p k a r i r a	native
জরিপকালে	j o r i p k a l e	native
জরিপকে	j o r i p k e	native
জরিপগুলোতে	j o r i p g u l O t e	native
জরিপটি	j O r i p T i	native
জরিপটির	j o r i p T i r	native
জরিপপত্র	j o r i p p o tr o	native
জরিপভুক্ত	j o r i p bh u kt o	native
জরিপমতে	j o r i p m o t e	native
জরিপশহ	j o r i p sh o h o	native
জরিপে	j O r i p e	native
জরিপেই	j o r i p e i	native
জরিপেও	j O r i p e O	native
জরিপের	j O r i p e r	native
জরিমানাও	j O r i m a n a O	native
জরিমানার	j O r i m a n a r	native
জরিমানাসহ	j O r i m a n a sh o h O	native
জরির	j O r i r	native
জরিশ্নু	j O r i sh n u	native
জরিয়া	j o r i y a	native
জরিয়ার	j o r i y a r	native
জরুর	j O r u r	native
জরুরি	j O r u r i | j o r u r i	native
জরুরিও	j o r u r i O	native
জরুরিভাবে	j O r u r i bh a b e	native
জরুরিভিত্তিতে	j O r u r i bh i tt i t e	compound
জরে–নেগার	j o r e n e g a r	native
জর্জটাউন	j o r j T a u n	proper_noun
জর্জর	j o r j o r	native
জর্জরিত	j o r j O r i t O	native
জর্জি	j o r j i	native
জর্জিয়া	j o r j i y a	native
জর্জিয়ার	j o r j i a r	native
জর্জিয়ায়	j o r j i y a y	native
জর্জেটের	j o r j e T e r	native
জর্জেভিচ	j o r j e bh i ch	proper_noun
জর্জেভিচকে	j o r j e bh i ch k e	proper_noun
জর্জেভিচের	j o r j e bh i ch e r	proper_noun
জর্জেস	j o r j e s	proper_noun
জর্ডন	j o r D o n	proper_noun
জর্ডান	j o r D a n	proper_noun
জর্ডানকে	j o r D a n k e	proper_noun
জর্ডানি	j o r D a n i	proper_noun
জর্ডানে	j o r D a n e	native
জর্ডানের	j o r D a n e r	proper_noun
জর্দা	j o r d a	native
জর্দান	j o r d a n	native
জর্দানা	j o r d a n a	native
জর্দানের	j o r d a n e r	native
জর্দার	j o r d a r	native
জর্মন	j o r m o n	native
জল	j o l	native
জলই	j o l i	native
জলওয়া	j o l O y a	native
জলকনা	j o l k o n a	native
জলকামান	j o l k a m a n	native
জলকামানের	j o l k a m a n e r	native
জলকে	j o l k e	native
জলকেলি	j o l k e l i	native
জলক্রিড়ার	j o l kr i r a r	native
জলখাবার	j o l o kh a b a r	native
জলখাবারের	j o l kh a b a r e r	native
জলঘোলা	j o l gh O l a	native
জলচর	j o l O ch o r	native
জলছত্র	j o l chh o tr o	native
জলছবি	j o l chh o b i	native
জলছাপ	j o l chh a p	native
জলজ	j o l O j O	native
জলজট	j o l O j o T	native
জলজটের	j o l j o T e r	native
জলজান	j o l O j a n | j o l o j a n	native
জলজানবিশেশ	j o l O j a n b i sh e sh	native
জলজানে	j o l O j a n e | j o l o j a n e	native
জলজানের	j o l O j a n e r | j o l o j a n e r	native
জলজ্যান্ত	j o l O j A nt O	native
জলটুকু	j o l T u k u	native
জলঢাকা	j o l Dh a k a	native
জলতরংগ	j o l t o r o ng g o	native
জলদ	j o l O d	native
জলদস্যু	j o l O d O sh sh u	native
জলদস্যুকে	j o l o d o sh sh u k e	native
জলদস্যুতা	j o l o d o sh sh u t a	native
জলদস্যুতার	j o l o d o sh sh u t a r	native
জলদস্যুর	j o l o d o sh sh u r	native
জলদস্যুরা	j o l O d O sh sh u r a	native
জলদানব	j o l d a n o b	native
জলদানবের	j o l d a n o b e r	native
জলদাস	j o l O d a sh	native
জলদাসের	j o l O d a sh e r	native
জলদি	j O l d i	native
জলধর	j o l O dh o r	native
জলধারা	j o l O dh a r a	native
জলধারার	j o l dh a r a r	native
জলধারায়	j o l o dh a r a y	native
জলধি	j o l O dh i	native
জলনর	j o l O n o r	native
জলনিধি	j o l n i dh i	native
জলন্ত	j o l O nt O	native
জলপতি	j o l p o t i	native
জলপথ	j o l p o th	native
জলপথে	j o l p o th e	native
জলপথের	j o l p o th e r	native
জলপরি	j o l p O r i	native
জলপাই	j o l p a i	native
জলপাইগুড়ি	j o l p a i g u r i	native
জলপাইগুড়ির	j o l p a i g u r i r	native
জলপাইগুড়ি	j o l p a i g u r i	native
জলপাইগুড়িতে	j o l p a i g u r i t e	native
জলপাইগুড়ির	j o l p a i g u r i r	native
জলপাইয়ের	j o l p a i y e r	native
জলপান	j o l p a n	native
জলপিপি	j o l p i p i	native
জলপ্রপাতটি	j o l pr O p a t T i	native
জলপ্রপাতটির	j o l O pr O p a t T i r	native
জলপ্রপাতে	j o l O pr O p a t e	native
জলপ্রপাতের	j o l O pr O p a t e r	native
জলপ্রবাহ	j o l o pr o b a h o	native
জলপ্রবাহের	j o l o pr o b a h e r	native
জলফু	j o l ph u	native
জলবদ্ধতা	j o l O b o d dh O t a	tatsama
জলবসন্ত	j o l b o sh O nt O	native
জলবসন্তে	j o l o b o sh o nt e	native
জলবালিকা	j o l b a l i k a	native
জলবায়ু	j o l o b a y u	native
জলবায়ুগত	j o l b a y u g o t o	native
জলবায়ুবান্ধব	j o l b a y u b a ndh o b	tatsama
জলবায়ুবিপন্ন	j o l o b a y u b i p o nn o	native
জলবায়ুবিশয়ক	j o l o b a y u b i sh o y o k	native
জলবায়ুর	j o l o b a y u r	native
জলবায়ুশহ	j o l o b a y u sh o h o	native
জলবিদ্যুত্	j o l o b i d d u t	native
জলবিদ্যুেকন্দ্র	j o l o b i d d u t k e ndr o	compound
জলবিদ্যুৎ	j o l b i d d u t	native
জলবিদ্যুৎকেন্দ্র	j o l o b i d d u t k e ndr o	compound
জলভরা	j o l bh o r a	native
জলভাগ	j o l O bh a g	native
জলমগ্ন	j o l m o g n O	native
জলমহাল	j o l m O h a l	native
জলমহালটি	j o l m o h a l T i	native
জলমহালটির	j o l m o h a l T i r	native
জলমহালের	j o l m o h a l e r	native
জলরং	j o l r o ng	native
জলরংংে	j o l r o ng g e	native
জলরংংের	j o l r o ng g e r	native
জলরংের	j o l o r o ng g e r	native
জলরাশি	j o l O r a sh i	native
জলরাশির	j o l O r a sh i r	native
জলসা	j o l sh a	native
জলসাঘর	j o l sh a gh o r	native
জলসার	j o l sh a r	native
জলসায়	j o l sh a y	native
জলসিমা	j o l sh i m a	native
জলসিমানায়	j o l sh i m a n a y	native
জলসিমার	j o l O sh i m a r | j o l sh i m a r	native
জলসিমাসংলগ্ন	j o l sh i m a sh o ng l o g n o	native
জলসিমায়	j o l sh i m a y	native
জলসিড়ি	j o l sh i r i	native
জলস্ফিতি	j o l o sh ph i t i	native
জলস্রোত	j o l o sh r O t	native
জলস্রোতের	j o l o sh r O t e r	native
জলহস্তি	j o l h O st i	native
জলাচরনিয়	j o l a ch o r O n i y O	native
জলাঞ্জলি	j o l a nj O l i	tatsama
জলাতংক	j o l a t O ng k O	native
জলাত্যয়	j o l a t t o y	native
জলাধারগুলো	j o l a dh a r g u l O	native
জলাধারগুলোকে	j o l a dh a r g u l O k e	native
জলাধারটি	j o l a dh a r T i	native
জলাবদ্ধ	j o l a b o d dh O	tatsama
জলাবদ্ধতা	j o l a b o d dh o t a	tatsama
জলাবদ্ধতামুক্ত	j o l a b o d dh O t a m u kt O	tatsama
জলাবদ্ধতায়	j o l a b o d dh o t a y	tatsama
জলাবর্ত	j o l a b o r t O	native
জলাভুমি	j o l a bh u m i	native
জলাভুমিগুলো	j o l a bh u m i g u l O	native
জলাভুমিগুলোর	j o l a bh u m i g u l O r	native
জলাভুমিতে	j o l a bh u m i t e	native
জলাভুমির	j o l a bh u m i r	native
জলার	j o l a r	native
জলার্দ্র	j o l a r d r O	native
জলাশয়	j o l a sh o y	native
জলাশয়কে	j o l a sh o y k e	native
জলাশয়গুলো	j o l a sh o y g u l O	native
জলাশয়গুলোকে	j o l a sh o y g u l O k e	native
জলাশয়গুলোতে	j o l a sh o y g u l O t e	native
জলাশয়টি	j o l a sh o y T i	native
জলাশয়ে	j o l a sh o y e	native
জলাশয়ের	j o l a sh o y e r	native
জলি	j o l i	native
জলিকে	j o l i k e	native
জলির	j o l i r	native
জলিল	j O l i l | j o l i l	native
জলিলকে	j O l i l k e	native
জলিলশহ	j o l i l sh o h o	native
জলিলি	j o l i l i	native
জলিলুর	j o l i l u r	native
জলিলের	j O l i l e r	native
জলিয়	j O l i O | j O l i y O	native
জলেই	j o l e i	native
জলের	j o l e r	native
জলেশ্বরিতলা	j o l e sh sh o r i t o l a	tatsama
জলেশ্বরিতলায়	j o l e sh sh o r i t o l a y	tatsama
জলেহা	j o l e h a	native
জলোউশধি	j o l O u sh O dh i	native
জলোকা	j o l O k a	native
জলোচ্ছ্বাসশহ	j o l O ch chh a sh sh o h o	loanword
জলোচ্ছ্বাসের	j o l O ch chh a sh e r	loanword
জলোদ্ভব	j o l O d bh o b	native
জলোৎকা	j o l O t k a	native
জল্প	j o l p O	native
জল্পক	j o l p o k	native
জল্পনা	j o l p O n a	native
জল্পনাকল্পনা	j o l p o n a k o l p o n a	native
জল্পনাকল্পনার	j o l p o n a k o l p o n a r	compound
জল্পিত	j O l p i t O	native
জল্লা	j o l l a	native
জল্লাদ	j o l l a d	native
জল্লাদকে	j o l l a d k e	native
জল্লাদখানা	j o l l a d kh a n a	native
জল্লাদখানায়	j o l l a d kh a n a y	native
জল্লাদদের	j o l l a d d e r	native
জল্লাদের	j o l l a d e r	native
জল্লাদেরা	j o l l a d e r a	native
জশ	j o sh	native
জশনে	j o sh O n e	native
জশবন্ত	j o sh b O nt O	native
জশম	j o sh o m	native
জশরাজ	j o sh r a j	native
জশোদা	j o sh O d a	native
জশোর	j o sh O r	native
জশোরসহ	j o sh O r sh o h O	native
জশোরে	j o sh O r e	native
জশোরের	j o sh O r e r	native
জস	j O sh	native
জসদ	j o sh O d	native
জসম	j o sh o m	native
জসিম	j O sh i m | j o sh i m	native
জসিমউদদিন	j o sh i m u d o d i n	native
জসিমউদ্দিন	j O sh i m u d d i n | j o sh i m u d d i n	native
জসিমউদ্দিনের	j O sh i m u d d i n e r | j o sh i m u d d i n e r	native
জসিমকে	j O sh i m k e	native
জসিমশহ	j o sh i m sh o h o	native
জসিমের	j O sh i m e r | j o sh i m e r	native
জহন	j o h O n	native
জহমত	j o h O m o t	native
জহর	j o h O r	native
জহরত	j O h O r o t	native
জহরব্রত	j o h O r br O t O	native
জহরলাল	j o h o r l a l	native
জহান	j o h a n	native
জহির	j O h i r	proper_noun
জহিরই	j o h i r i	native
জহিরউদ্দিন	j o h i r u d d i n	native
জহিরউদ্দিনের	j o h i r u d d i n r	native
জহিরও	j o h i r O	native
জহিরকে	j o h i r k e	proper_noun
জহিরুদ্দিন	j o h i r u d d i n	proper_noun
জহিরুদ্দিনের	j o h i r u d d i n e r	proper_noun
জহিরুল	j O h i r u l	proper_noun
জহিরুলকে	j o h i r u l k e	proper_noun
জহিরের	j o h i r e r	proper_noun
জহুর	j O h u r	native
জহুরা	j O h u r a	native
জহুরার	j o h u r a r	native
জহুরি	j o h u r i	native
জহুরুলকে	j o h u r u l k e	native
জহুরুলের	j o h u r u l e r	native
জহুরুলেরই	j o h u r u l e r i	native
জহুরের	j o h u r e r	native
জহ্নু	j O n n u	native
জাং	j a ng	native
জাংক	j a ng k	native
জাংলা	j a ng l a	native
জাই	j a i	native
জাইও	j a i O	native
জাইকা	j a i k a	proper_noun
জাইকাকে	j a i k a k e	proper_noun
জাইকার	j a i k a r	proper_noun
জাইকাশহ	j a i k a sh o h o	native
জাইগোট	j a i g O T	native
জাইজুদ্দিন	j a i j u d d i n	native
জাইজেলের	j a i j e l e r	native
জাইত	j a i t O	native
জাইতাছি	j a i t a chh i	native
জাইতাছে	j a i t a sh e	native
জাইতাম	j a i t a m	native
জাইতে	j a i t e	native
জাইতেই	j a i t e i	native
জাইতেছে	j a i t e chh e	native
জাইদুল	j a i d u l	native
জাইনি	j a i n i	native
জাইফ	j a i ph	native
জাইব	j a i b O	native
জাইবা	j a i b a	native
জাইবার	j a i b a r	native
জাইবি	j a i b i	native
জাইবুন	j a i b u n	native
জাইবে	j a i b e	native
জাইবেন	j a i b e n	native
জাইলস	j a i l s	proper_noun
জাইহোক	j a i h O k	native
জাউ	j a u	native
জাউক	j a u k	native
জাউয়াবাজার	j a u y a b a j a r	native
জাএনজি	j a e n j i	native
জাও	j a O	native
জাওনা	j a O n a	native
জাওনি	j a O n i	native
জাওলা	j a O l a	native
জাওলাকে	j a O l a k e	native
জাওলার	j a O l a r	native
জাওয়া	j a O y a	native
জাওয়াদ	j a O y a d	native
জাওয়াদুল	j a O y a d u l	native
জাওয়ানি	j a O y a n i	native
জাওয়ার	j a O a r	native
জাওয়াহরি	j a O y a h o r i	native
জাওয়াহিরি	j a O y a h i r i	native
জাওয়াহিরির	j a O y a h i r i r	native
জাওয়ায়	j a u a y o	native
জাওয়ি	j a O y i	native
জাওয়িইয়া	j a O y i i y a	native
জাক	j a k	native
জাকজমক	j a k j o m o k | j a k j o m O k	native
জাকজমকপুর্ন	j a k j o m o k p u r n o | j a k j o m O k p u r n O	native
জাকজমকপুর্নভাবে	j a k j o m o k p u r n O bh a b e | j a k j o m O k p u r n O bh a b e	compound
জাকজমকভাবে	j a k j o m o k bh a b e | j a k j o m O k bh a b e	native
জাকজমকের	j a k j o m o k e r | j a k j o m O k e r	native
জাকসু	j a k sh u	native
জাকা	j a k a	native
জাকাত	j a k a t	native
জাকাতশহ	j a k a t sh o h o	native
জাকাতস্বরুপ	j a k a t sh o r u p o	tatsama
জাকাতি	j a k a t i	native
জাকাতুর	j a k a t u r	native
জাকাতুরকে	j a k a t u r k e	native
জাকারবার্গ	j a k a r b a r g	native
জাকারবার্গকে	j a k a r b a r g k e	native
জাকারবার্গের	j a k a r b a r g e r	native
জাকারিয়া	j a k a r i y a	native
জাকালো	j a k a l O	native
জাকিয়ে	j a k i y e	native
জাকড়	j a k O r	native
জাতা	j a t a	native
জাতাকলে	j a t a k o l e	native
জাদরেল	j a d r e l	native
জাদার	j a d a r	native
