মর্টডিকাই	m o r T D i k a i	proper_noun
মর্টার	m o r T a r	loanword
মর্টারের	m o r T a r e r	loanword
মর্টেন	m o r T e n	proper_noun
মর্ডান	m o r D a n	proper_noun
মর্ডি	m o r D i	proper_noun
মর্ডিসাই	m o r D i sh a i	proper_noun
মর্তবা	m o r t o b a	native
মর্তমান	m o r t O m a n	native
মর্তুজ	m o r t u j	native
মর্তুজা	m O r t u j a	native
মর্তুজাকে	m O r t u j a k e	native
মর্তুজার	m O r t u j a r	native
মর্ত্তুজা	m o r t u j a	native
মর্ত্য	m o r t o	native
মর্ত্যলোকের	m o r t o l O k e r	native
মর্ত্যুকাম	m o r t u k a m	native
মর্ত্যে	m o r t e	native
মর্ত্যের	m o r t e r	native
মর্দন	m o r d O n	native
মর্দল	m o r d o l	native
মর্দি	m O r d i	native
মর্দিনি	m o r d i n i	native
মর্নিং	m o r n i ng	native
মর্নে	m o r n e	native
মর্মকথা	m o r m o k o th a	native
মর্মকে	m o r m o k e	native
মর্মনরা	m o r m o n r a	native
মর্মপিড়া	m o r m o p i r a	native
মর্মবানি	m o r m O b a n i	native
মর্মবানির	m o r m o b a n i r	native
মর্মবিদারক	m o r m o b i d a r o k	native
মর্মবেদনা	m o r m o b e d o n a	native
মর্মবেদনার	m o r m o b e d o n a r	native
মর্মভেদি	m o r m o bh e d i	native
মর্মমুলে	m o r m o m u l e	native
মর্মস্পর্শি	m o r m O s p O r sh i	loanword
মর্মান্তিকতা	m o r m a nt i k o t a	native
মর্মান্তিকভাবে	m o r m a nt i k bh a b e	compound
মর্মাহত	m o r m a h o t O	native
মর্মে	m o r m e	native
মর্মেও	m o r m e O	native
মর্মের	m o r m e r	native
মর্মোদ্ধার	m o r m O d dh a r	tatsama
মর্যাদা	m o r j a d a	native
মর্যাদাই	m o r j a d a i	native
মর্যাদাও	m o r j a d a O	native
মর্যাদাকর	m o r j a d a k o r	native
মর্যাদাকে	m o r j a d a k e	native
মর্যাদাদান	m o r j a d a d a n	native
মর্যাদাপুর্ন	m o r j a d a p u r n O	native
মর্যাদাবান	m o r j a d a b a n	native
মর্যাদাবিশয়ক	m o r j a d a b i sh o y o k	native
মর্যাদাবোধ	m o r j a d a b O dh	native
মর্যাদার	m o r j a d a r	native
মর্যাদাশিল	m o r j a d a sh i l	native
মর্যাদাসম্পন্ন	m o r j a d a sh o mp o nn O	compound
মর্যাদাহানি	m o r j a d a h a n i	native
মর্যাদাহানিকর	m o r j a d a h a n i k o r	compound
মর্যাদাহানির	m o r j a d a h a n i r	native
মর্যাদাহিন	m o r j a d a h i n	native
মর্যাদায়	m o r j a d a y o	native
মর্শুম	m o r sh u m	native
মর্সুম	m o r sh u m	native
মল	m o l	native
মলকুল	m o l k u l	native
মলগুলোতে	m o l g u l O t e	native
মলত্যাগ	m o l t A g	native
মলত্যাগের	m o l t A g e r	native
মলদোভার	m o l d O bh a r	native
মলদ্বার	m o l d a r	native
মলদ্বারে	m o l d a r e	native
মলদ্বারের	m o l d b a r e r	native
মলন	m o l o n	native
মলমল	m o l m o l	native
মলমাস	m o l m a sh	native
মলমুত্র	m o l m u tr O	native
মলমের	m o l o m e r	native
মলম্বা	m o l o mb a	native
মলা	m o l a	native
মলাই	m o l a i	native
মলাইটিলা	m o l a i T i l a	native
মলাইটিলার	m o l a i T i l a r	native
মলাট	m o l a T	native
মলাটে	m o l a T e	native
মলাটের	m o l a T e r	native
মলি	m o l i	native
মলিক	m o l i k	native
মলিকুলার	m o l i k u l a r	native
মলিদা	m O l i d a	native
মলিন	m O l i n	native
মলিনতা	m o l i n o t a	native
মলিনা	m o l i n a	native
মলুদ	m O l u d sh O r i ph	native
মলে	m o l e	native
মলোটভ	m o l O T o bh	proper_noun
মল্ল	m o l l O	native
মল্লজুদ্ধ	m o l l O j u d dh O	tatsama
মল্লজুদ্ধে	m o l l o j u d dh e	tatsama
মল্লজুদ্ধের	m o l l o j u d dh e r	tatsama
মল্লার	m o l l a r	native
মল্লি	m o l l i	native
মল্লিক	m O l l i k	native
মল্লিককে	m O l l i k k e	native
মল্লিকপুর	m O l l i k p u r	native
মল্লিকসহ	m o l l i k sh o h O	native
মল্লিকা	m O l l i k a	native
মল্লিকার	m O l l i k a r	native
মল্লিকের	m O l l i k e r	native
মলয়	m o l o y	native
মশক	m o sh O k	native
মশকরা	m o sh k o r a	native
মশরুর	m o sh r u r	native
মশলার	m o sh l a r	native
মশহুদ	m o sh h u d	native
মশহুর	m o sh h u r	native
মশাই	m o sh a i	native
মশাইয়ের	m o sh a i y e r	native
মশাদের	m o sh a d e r	native
মশার	m o sh a r	native
মশাররফ	m O sh a r r o ph	native
মশারা	m o sh a r a	native
মশারিতে	m o sh a r i t e	native
মশারির	m o sh a r i r	native
মশাল	m o sh a l	native
মশালচি	m o sh a l ch i	native
মশালডাংগা	m o sh a l D a ng g a	native
মশালের	m o sh a l e r	native
মশায়	m o sh a y	native
মশিউজ্জামান	m o sh i u j j a m a n	native
মশিউর	m O sh i u r	native
মশিউরকে	m o sh i u r k e	native
মশিউরের	m o sh i u r e r	native
মশিউল	m O sh i u l	native
মশিকুর	m o sh i k u r	native
মশিহুর	m o sh i h u r	native
মশিয়ার	m o sh i y a r	native
মশুর	m o sh u r	native
মস	m o sh	native
মসগুল	m o sh g u l	native
মসজিদই	m o sh o j i d i	native
মসজিদও	m O sh j i d O	native
মসজিদকে	m O sh j i d k e	native
মসজিদগুলো	m O sh j i d g u l O	native
মসজিদগুলোতে	m O sh j i d g u l O t e	native
মসজিদগুলোর	m O sh j i d g u l O r	native
মসজিদটি	m O sh j i d T i	native
মসজিদটিকে	m O sh j i d T i k e	native
মসজিদটিতে	m O sh j i d T i t e	native
মসজিদটির	m O sh j i d T i r	native
মসজিদভিত্তিক	m O sh j i d bh i tt i k	native
মসজিদসংলগ্ন	m O sh j i d sh o ng l o g n O	native
মসজিদসহ	m O sh j i d sh o h O	native
মসজিদুল	m O sh j i d u l	native
মসজিদে	m O sh j i d e	native
মসজিদেই	m O sh j i d e i	native
মসজিদেও	m O sh j i d e O	native
মসজিদের	m O sh j i d e r	native
মসনদ	m o sh n o d	native
মসনদে	m o sh n o d e	native
মসনবি	m O sh n O b i	native
মসনে	m o sh n e	native
মসমস	m o sh m o sh	native
মসরুফন	m o sh r u ph	native
মসলত	m o sh l o t	native
মসলাগুলো	m o sh l a g u l O	native
মসলাজাতিয়	m o sh o l a j a t i y	native
মসলাজুক্ত	m o sh l a j u kt O	native
মসলাদার	m o sh l a d a r	native
মসলাপাতি	m o sh o l a p a t i	native
মসলার	m o sh l a r	native
মসলাসহ	m o sh l a sh o h O	native
মসলায়	m o sh o l a y	native
মসলিনের	m O sh l i n e r	native
মসলেম	m o sh l e m	native
মসল্লা	m o sh o l l a	native
মসান	m o sh a n	native
মসাল	m o sh a l	native
মসায়েল	m o sh a y e l	native
মসি	m o sh i	native
মসিউর	m O sh i u r	native
মসিউল	m o sh i u l	native
মসিনা	m o sh i n a	native
মসিহ	m O sh i h O	native
মসুর	m O sh u r	native
মসুল	m O sh u l	native
মসুলে	m O sh u l e	native
মসুলের	m O sh u l e r	native
মসৃন	m O sh r i n	tatsama
মসৃনতা	m O sh r i n o t a	tatsama
মসৃনভাবে	m O sh r i n bh a b e	tatsama
মস্ক	m o s k	loanword
মস্কোকে	m o s k O k e	loanword
মস্কোতে	m o s k O t e	loanword
মস্কোপন্থি	m o s k O p O n th i	loanword
মস্কোয়	m o s k O y	loanword
মস্ত	m o st O	native
মস্তকবিহিন	m o st o k b i h i n	native
মস্তকে	m o st O k e	native
মস্তফাপুর	m o st o ph a p u r	native
মস্তবড়	m o st o b o r o	native
মস্তান	m o st a n	native
মস্তানি	m o st a n i	native
মস্তিজাদে	m O st i j a d e	native
মস্তিশ্ক	m O st i sh k O	native
মস্তিশ্কও	m O st i sh k O O	native
মস্তিশ্ককে	m O st i sh k O k e	native
মস্তিশ্কপ্রসুত	m O st i sh k O pr O sh u t O	compound
মস্তিশ্কে	m O st i sh k e	native
মস্তিশ্কেও	m O st i sh k e O	native
মস্তিশ্কের	m O st i sh k e r	native
মস্তিস্ক	m O st i s k O	loanword
মস্তিস্কের	m O st i s k e r	loanword
মস্যাধার	m O sh dh a dh a r	native
মহ	m o h o	native
মহক	m o h o k	native
মহকুফ	m o h k u ph	native
মহকুমা	m O h k u m a	native
মহকুমার	m o h k u m a r	native
মহকুমায়	m o h o k u m a y	native
মহত	m o h o t	native
মহতি	m o h o t i	native
মহত্	m o h O t	native
মহত্তম	m O h O tt O m	native
মহত্তর	m o h O tt o r O	native
মহত্ত্বকে	m o h o tt o k e	tatsama
মহত্প্রান	m o h o t pr a n	native
মহদাশ্রয়	m o h O d a sh r o y	native
মহদিপুর	m O h d i p u r	native
মহনগর	m o h o n o g o r	native
মহনিয়	m o h O n i y O	native
মহফিল	m o h ph i l	native
মহব্বত	m o h O b b O t	native
মহব্বতজান	m o h o b b o t j a n	native
মহব্বতপুর	m o h o b b o t p u r	native
মহব্বতের	m o h O b b o t e r	native
মহম্মদ	m o h O mm o d	native
মহর	m o h o r	native
মহরকয়া	m o h o r k o y a	native
মহরত	m o h O r o t	native
মহরতের	m o h O r o t e r	native
মহরম	m o h O r o m	native
মহরমের	m o h r O m e r	native
মহররমের	m o h o r r o m e r	native
মহর্লোক	m o h O r l O k	native
মহল	m o h O l	native
মহলই	m o h o l i	native
মহলও	m o h o l O	native
মহলকে	m o h O l k e	native
মহলকেই	m o h o l k e i	native
মহলগুলো	m o h o l g u l O	native
মহলটির	m o h o l T i r	native
মহলবিশেশ	m o h o l b i sh o sh	native
মহলবিশেশের	m o h o l b i sh o sh e r	native
মহলসহ	m o h o l sh o h O	native
মহলা	m o h O l a	native
মহলানবিশ	m o h O l a n O b i sh	native
মহলে	m o h O l e	native
মহলেই	m o h O l e i	native
মহলেও	m o h O l e O	native
মহলের	m o h O l e r	native
মহলেরই	m o h o l e r i	native
মহলেরও	m o h o l e r O	native
মহল্লা	m o h O l l a	native
মহল্লাবাসিকে	m o h o l l a b a sh i k e	loanword
মহল্লার	m o h O l l a r	native
মহল্লায়	m o h o l l a y	native
মহসিন	m O h O sh i n	native
মহসিনকে	m o h o sh i n k e	native
মহসিনা	m o h o sh i n a	native
মহসিনার	m o h o sh i n a r	native
মহসিনের	m O h O sh i n e r	native
মহা	m o h a	native
মহাঅশ্টমি	m o h a o sh T O m i	native
মহাকবি	m o h a k O b i	native
মহাকবির	m o h a k o b i r	native
মহাকরন	m o h a k o r O n	native
মহাকরনে	m o h a k o r o n e	native
মহাকরনের	m o h a k o r o n e r	native
মহাকর্ষিয়	m o h a k o r sh i y	native
মহাকাব্য	m o h a k a b b O	native
মহাকাব্যিক	m o h a k a b b i k	native
মহাকাল	m o h a k a l	native
মহাকালের	m o h a k a l e r	native
মহাকাশ	m o h a k a sh	native
মহাকাশকেন্দ্রে	m o h a k a sh k e ndr e	compound
মহাকাশকেন্দ্রের	m o h a k a sh k e ndr e r	compound
মহাকাশচারি	m o h a k a sh ch a r i	native
মহাকাশজান	m o h a k a sh j a n	native
মহাকাশজানটি	m o h a k a sh j a n T i	native
মহাকাশজানটির	m o h a k a sh j a n T i r	native
মহাকাশজানে	m o h a k a sh j a n e r	native
মহাকাশজানের	m o h a k a sh j a n e r	native
মহাকাশবিশয়ক	m o h a k a sh b i sh o y o k	native
মহাকাশে	m o h a k a sh e	native
মহাকাশের	m o h a k a sh e r	native
মহাকায়	m o h a k a y	native
মহাকুশ্ঠ	m o h a k u sh Th O	native
মহাকোশল	m o h a k O sh o l	native
মহাক্ষমতাধর	m o h a kh o m o t a dh o r	tatsama
মহাখালি	m o h a kh a l i	native
মহাখালিগামি	m o h a kh a l i g a m i	native
মহাখালিতে	m o h a kh a l i t e	native
মহাখালির	m o h a kh a l i r	native
মহাখালিসহ	m o h a kh a l i sh o h O	native
মহাখুশি	m o h a kh u sh i	native
মহাগুরু	m o h a g u r u	native
মহাগুরুত্বপুর্ন	m o h a g u r u t t o p u r n o	tatsama
মহাচিনে	m o h a ch i n e	native
মহাচ্ছায়	m o h a ch chh a y	native
মহাজজ্ঞ	m o h a j o g g O	tatsama
মহাজজ্ঞে	m o h a j o g g e	tatsama
মহাজজ্ঞের	m o h a j o g g e r	tatsama
মহাজন	m o h a j O n	native
মহাজনকে	m o h a j o n k e	native
মহাজনদের	m o h a j o n d e r	native
মহাজনপাড়া	m o h a j o n p a r a	native
মহাজনরা	m o h a j o n r a	native
মহাজনসহ	m o h a j o n sh o h O	native
মহাজনি	m o h a j o n i	native
মহাজনের	m o h a j o n e r	native
মহাজনেরা	m o h a j o n e r a	native
মহাজনেরাও	m o h a j o n e r a O	native
মহাজাগতিক	m o h a j a g O t i k	native
মহাজান	m o h a j a n	native
মহাজুদ্ধ	m o h a j u d dh O	tatsama
মহাজুদ্ধে	m o h a j u d dh e	tatsama
মহাজুদ্ধের	m o h a j u d dh e r	tatsama
মহাজোগি	m o h a j O g i	native
মহাজোট	m o h a j O T	native
মহাজোটকে	m o h a j O T k e	native
মহাজোটগতভাবে	m o h a j O T g o t bh a b e	native
মহাজোটভুক্ত	m o h a j O T bh u kt o	native
মহাজোটে	m o h a j O T e	native
মহাজোটেই	m o h a j O T e i	native
মহাজোটের	m o h a j O T e r	native
মহাজ্ঞান	m o h a g g A n	tatsama
মহাজ্ঞানি	m o h a g A n i	tatsama
মহাঢ্য	m a h a Dh Dh O	native
মহাতারকারা	m o h a t a r o k a r a	native
মহাত্মা	m o h a t t a	native
মহাথের	m o h a th e r	native
মহাথেরো	m o h a th e r O	native
মহাদুর্যোগ	m o h a d u r j O g	native
মহাদুর্যোগে	m o h a d u r j O g e	native
মহাদেবন	m o h a d e b o n	native
মহাদেবপুর	m o h a d e b p u r	native
মহাদেবপুরের	m o h a d e b p u r e r	native
মহাদেবি	m o h a d e b i	native
মহাদেবের	m o h a d e b e r	native
মহাদেশ	m o h a d e sh	native
মহাদেশকে	m o h a d e sh k e	native
মহাদেশটির	m o h a d e sh T i r	native
মহাদেশভিত্তিক	m o h a d e sh bh i tt i k	compound
মহাদেশি	m o h a d e sh i	native
মহাদেশিয়	m o h a d e sh i y	native
মহাদেশে	m o h a d e sh e	native
মহাদ্রাবক	m o h a d r a b O k	native
মহাধসের	m o h a dh o sh e r	native
মহান	m o h a n	native
মহানগরকে	m o h a n o g o r k e	native
মহানগরগুলোর	m o h a n o g o r g u l O r	native
মহানগরবাসির	m o h a n o g o r b a sh i r	loanword
মহানগরসহ	m o h a n o g O r sh o h O	native
মহানগরি	m o h a n o g O r i	native
মহানগরিতে	m o h a n o g O r i t e	native
মহানগরির	m o h a n o g O r i r	native
মহানগরিসহ	m o h a n o g O r i sh o h O	native
মহানগরে	m o h a n o g O r e	native
মহানগরেই	m o h a n o g o r e i	native
মহানগরের	m o h a n o g O r e r	native
মহানন্দ	m o h a n o nd o	native
মহানন্দার	m o h a n o nd a r	native
মহানন্দে	m o h a n O nd e	native
মহানবমি	m o h a n o b O m i	native
মহানবির	m o h a n O b i r	native
মহানরক	m o h a n o r O k	native
মহানস	m o h a n o sh	native
মহানাটক	m o h a n a T o k	native
মহানাদ	m o h a n a d	native
মহানায়ক	m o h a n a y o k	native
মহানায়কদের	m o h a n a y o k d e r	native
মহানায়কের	m o h a n a y o k e r	native
মহানিদ্রা	m o h a n i d r a	native
মহানিম	m o h a n i m	native
মহানির্দেশক	m o h a n i r d e sh o k	native
মহানিল	m o h a n i l	native
মহানিশা	m o h a n i sh a	native
মহানুভব	m o h a n u bh o b	native
মহানুভবতার	m o h a n u bh o b O t a r	native
মহান্ত	m o h a nt O	native
মহাপংক	m o h a p o ng k O	native
মহাপক্ষি	m o h a p O kkh i	tatsama
মহাপদ্ম	m o h a p o d d O	tatsama
মহাপবিত্র	m o h a p o b i tr o	native
মহাপরাক্রমশালি	m o h a p o r a kr o m sh a l i	compound
মহাপরিকল্পনা	m o h a p O r i k o l p O n a	native
মহাপরিকল্পনায়	m o h a p o r i k o l p o n a y	compound
মহাপরিচালকই	m o h a p o r i ch a l o k i	native
মহাপরিচালকও	m o h a p o r i ch a l o k O	native
মহাপরিচালককে	m o h a p O r i ch a l O k k e	native
মহাপরিচালককেও	m o h a p o r i ch a l o k k e O	compound
মহাপরিচালকদের	m o h a p o r i ch a l o k d e r	compound
মহাপরিচালকসহ	m o h a p O r i ch a l o k sh o h O	native
মহাপরিচালকে	m o h a p o r i ch a l o k e	native
মহাপরিচালকেরা	m o h a p o r i ch a l o k e r a	compound
মহাপরিদপ্তর	m o h a p o r i d o p t o r	native
মহাপরিদপ্তরের	m o h a p o r i d o p t e r	compound
মহাপরিদর্শক	m o h a p O r i d o r sh O k	native
মহাপরিদর্শককে	m o h a p O r i d o r sh O k k e	compound
মহাপরিদর্শকসহ	m o h a p o r i d o r sh o k sh o h O	compound
মহাপরিদর্শকের	m o h a p O r i d o r sh O k e r	compound
মহাপরিনির্বান	m o h a p o r i n i r b a n	compound
মহাপাতক	m o h a p a t O k	native
মহাপাত্র	m o h a p a tr O	native
মহাপাত্রের	m o h a p a tr e r	native
মহাপাপ	m o h a p a p	native
মহাপুরান	m o h a p u r a n	native
মহাপুরুশ	m o h a p u r u sh	native
মহাপুরুশের	m o h a p u r u sh e r	native
মহাপুলিশ	m o h a p u l i sh	loanword
মহাপ্রভু	m o h a pr r O bh u	native
মহাপ্রলয়	m o h a pr O l o y	native
মহাপ্রলয়ের	m o h a pr o l o y e r	native
মহাপ্রস্থান	m o h a pr o sth a n	native
মহাপ্রাচির	m o h a pr a ch i r	native
মহাপ্রাচিরের	m o h a pr a ch i r e r	native
মহাপ্রান	m o h a pr a n	native
মহাপ্রানি	m o h a pr a n i	native
মহাপ্রেমের	m o h a pr e m e r	native
মহাপ্রয়ান	m o h a pr o y a n	native
মহাপ্লাবন	m o h a p l a b o n	loanword
মহাফল	m o h a ph o l	native
মহাফা	m o h a ph a	native
মহাফেজ	m o h a ph e j	native
মহাফেজখানা	m o h a ph e j kh a n a	native
মহাফেজখানায়	m o h a ph e j kh a n a y	native
মহাবন	m o h a b O n	native
মহাবল	m o h a b o l	native
মহাবাক্য	m o h a b a k k O	native
মহাবানি	m o h a b a n i	native
মহাবাহু	m o h a b a h u	native
মহাবিক্রম	m o h a b i kr o m	native
মহাবিজয়	m o h a b i j o y	native
মহাবিদ্যা	m o h a b i d d a	native
মহাবিদ্যালয়	m o h a b i d d a l o y	native
মহাবিদ্যালয়ে	m o h a b i d d a l o y e	native
মহাবিদ্যালয়ের	m o h a b i d d a l o y e r	compound
মহাবিদ্রোহের	m o h a b i d r O h e r	native
মহাবিপর্যয়	m o h a b i p o r j o y	native
মহাবিপর্যয়ের	m o h a b i p o r j o y e r	native
মহাবিপাকে	m o h a b i p a k e	native
মহাবিভ্রাট	m o h a b i bh r a T	native
মহাবির	m o h a b i r	native
মহাবিরক্ত	m o h a b i r o kt o	native
মহাবিশ	m o h a b i sh	native
মহাবিশুব	m o h a b i sh u b	native
মহাবিশ্বকে	m o h a b i sh sh o k e	tatsama
মহাবিশ্বে	m o h a b i sh sh e	tatsama
মহাবিস্ফোরন	m o h a b i sh ph O r o n	native
মহাবিস্ফোরনের	m o h a b i sh ph O r o n e r	compound
মহাবৃহতি	m o h a b ri h O t i	tatsama
মহাবেগ	m o h a b e g	native
মহাবোইদ্য	m o h a b O i d d O	native
মহাবোইরব	m o h a bh O i r o b	native
মহাবোধ	m o h a b O dh	native
মহাব্যবস্থাপক	m o h a b A b O sth a p o k	compound
মহাব্যবস্থাপককে	m o h a b A b o sth a p o k k e	compound
মহাব্যবস্থাপকসহ	m o h a b A b o sth a p o k sh o h O	compound
মহাব্যবস্থাপকের	m o h a b A b o sth a p o k e r	compound
মহাব্যস্ত	m o h a b A st O	native
মহাব্যাধি	m o h a b a dh i	native
মহাব্যোম	m o h a b j O m	native
মহাব্রন	m o h a br O n	native
মহাব্রাহ্মনন	m o h a br a m h O n	tatsama
মহাভাগ	m o h a bh a g	native
মহাভাব	m o h a bh a b	native
মহাভারত	m o h a bh a r O t	native
মহাভারতে	m o h a bh a r O t e	native
মহাভিক্ষু	m o h a bh i kkh u	tatsama
মহাভুজ	m o h a bh u j	native
মহামনস্বি	m o h a m o n O sh sh i	tatsama
মহামন্ডল	m o h a m o n D O l	native
মহামন্ত্রে	m o h a m o nt r e	native
মহামন্দা	m o h a m o nd a	native
মহামন্দার	m o h a m o nd a r	native
মহামহিম	m o h a m O h i m	native
মহামহিমান্বিত	m o h a m O h i m a n n i t O	compound
মহামহোপাধ্যায়	m o h a m o h O p a d dh A y	compound
মহামাংস	m o h a m a ng sh O	native
মহামাত্য	m o h a m a t t O	native
মহামাত্র	m o h a m a tr O	native
মহামানবের	m o h a m a n O b e r	native
মহামানি	m o h a m a n i	native
মহামারি	m o h a m a r i	native
মহামারিতে	m o h a m a r i t e	native
মহামারির	m o h a m a r i r	native
মহামায়া	m o h a m a y a	native
মহামিলন	m o h a m i l o n	native
মহামুনি	m o h a m u n i	native
মহামুল্য	m o h a m u l l O	native
মহামুল্যবান	m o h a m u l l O b a n	native
মহামৃগ	m o h a m ri g O	tatsama
মহামোহ	m o h a m O h O	native
মহাম্মদ	m o h a mm o d	native
মহারজত	m o h a r o j O t	native
মহারত্ন	m o h a r o t n O	native
মহারথি	m o h a r o th i	native
মহারথিকে	m o h a r o th i k e	native
মহারথিদের	m o h a r o th i d e r	native
মহারথির	m o h a r o th i r	native
মহারথিরা	m o h a r o th i r a	native
মহারন	m o h a r O n	native
মহারনে	m o h a r o n e	native
মহারনের	m o h a r o n e r	native
মহারন্য	m o h a r O n n O	native
মহারহস্য	m o h a r o h O sh sh O	native
মহারাজ	m o h a r a j	native
মহারাজজি	m o h a r a j j i	native
মহারাজপুর	m o h a r a j p u r	native
মহারাজা	m o h a r a j a	native
মহারাজার	m o h a r a j a r	native
মহারাজের	m o h a r a j e r	native
মহারাত্রি	m o h a r a tr i	native
মহারাশ্ট্র	m o h a r a sh T r O	loanword
মহারাশ্ট্রিয়	m o h a r a sh T r i y O	loanword
মহারাশ্ট্রে	m o h a r a sh T r e	loanword
মহারাশ্ট্রের	m o h a r a sh T r e r	loanword
মহারাস	m o h a r a sh	native
মহারুদ্র	m o h a r u d r O	native
মহারোউরব	m o h a r O u r o b	native
মহারোগ	m o h a r O g	native
মহার্ঘ	m o h a r gh O	native
মহার্নব	m o h a r n o b	native
মহাল	m o h a l	native
মহালছড়ি	m o h a l chh o r i	native
মহালজ্জা	m o h a l o j j a	native
মহালে	m o h a l e	native
মহালয়া	m o h a l o y a	native
মহাশক্তি	m o h a sh O kt i	native
মহাশক্তিশালি	m o h a sh o kt i sh a l i	native
মহাশুন্য	m o h a sh u n n O	native
মহাশুন্যে	m o h a sh u n n e	native
মহাশুন্যের	m o h a sh u n n e r	native
মহাশোল	m o h a sh O l	native
মহাশ্টমি	m o h a sh T O m i	native
মহাশ্মশান	m o h a sh o sh a n	native
মহাশ্মশানে	m o h a sh o sh a n e	native
মহাশয়	m o h a sh o y	native
মহাশয়ের	m o h a sh o y e r	native
মহাসংকট	m o h a sh o ng k o T	native
মহাসচিব	m o h a sh O ch i b	native
মহাসচিবও	m o h a sh O ch i b O	native
মহাসচিবকে	m o h a sh O ch i b k e	native
মহাসচিবসহ	m o h a sh O ch i b sh o h O	native
মহাসচিবের	m O h a sh o ch i b e r	native
মহাসড়	m o h a sh o r	native
মহাসড়কই	m o h a sh o r o k i	native
মহাসড়কটি	m o h a sh o r o k T i	native
মহাসড়কে	m O h a sh o r o k e	native
মহাসড়কের	m O h a sh o r o k e r	native
মহাসত্ত্ব	m o h a sh o tt O	tatsama
মহাসত্যের	m o h a sh o t t e r	native
মহাসভার	m o h a sh o bh a r	native
মহাসভায়	m o h a sh o bh a y o	native
মহাসমাবেশ	m o h a sh o m a b e sh	native
মহাসমাবেশকে	m o h a sh o m a b e sh k e	native
মহাসমাবেশটি	m o h a sh o m a b e sh T i	native
মহাসমাবেশসহ	m o h a sh o m a b e sh sh o h O	native
মহাসমাবেশে	m o h a sh o m a b e sh e	native
মহাসমারোহ	m o h a sh o m a r O h O	native
মহাসমারোহে	m o h a sh o m a r O h e	native
মহাসমুদ্রে	m o h a sh O m u d r e	native
মহাসমুদ্রের	m o h a sh o m u d r e r	native
মহাসম্পদশালি	m o h a sh o mp o d sh a l i	native
মহাসম্মেলন	m o h a sh o mm e l o n	native
মহাসাগরকে	m o h a sh a g O r k e	native
মহাসাগরিয়	m o h a sh a g o r i y	native
মহাসাগরে	m o h a sh a g O r e	native
মহাসাগরের	m o h a sh a g O r e r	native
মহাসাধক	m o h a sh a dh O k	native
মহাসার	m o h a sh a r	native
মহাসিন্ধু	m o h a sh i ndh u	native
মহাসেনের	m o h a sh e n e r	native
মহাস্তবক	m o h a st o b o k	native
মহাস্থবির	m o h a sth O b i r	native
মহাস্থান	m o h a sth a n	native
মহাস্থানগড়	m o h a sth a n g o r	native
মহাস্থানগড়ে	m o h a sth a n g o r e	native
মহাস্থানগড়ের	m o h a sth a n g o r e r	native
মহাস্থানে	m o h a sth a n e	native
মহাস্থানের	m o h a sth a n e r	native
মহাসড়ককে	m o h a sh o r o k k e	native
মহাসড়কগুলো	m o h a sh o r o k g u l O	native
মহাসড়কগুলোকে	m o h a sh o r o k g u l O k e	native
মহাসড়কগুলোতে	m o h a sh o r o k g u l O t e	native
মহাসড়কগুলোতেও	m o h a sh o r o k g u l O t e O	compound
মহাসড়কগুলোর	m o h a sh o r o k g u l O r	native
মহাসড়কগুলোয়	m o h a sh o r o k g u l O y	native
মহাসড়কটিতে	m o h a sh o r o k T i t e	native
মহাসড়কটির	m o h a sh o r o k T i r	native
মহাসড়কসংলগ্ন	m o h a sh o r o k sh o ng l o g n o	native
মহাসড়কসহ	m o h a sh o r o k sh o h O	native
মহাসড়কেই	m o h a sh o r o k e i	native
মহাসড়কেও	m o h a sh o r o k e O	native
মহাহিসাব	m o h a h i sh a b	native
মহি	m o h i	native
মহিউদ্দিন	m O h i u d d i n	native
মহিউদ্দিনই	m o h i u d d i n i	native
মহিউদ্দিনও	m o h i u d d i n O	native
মহিউদ্দিনকে	m O h i u d d i n k e	native
মহিউদ্দিনসহ	m o h i u d d i n sh o h O	native
মহিতুল	m O h i t u l	native
মহিদুল	m O h i d u l	native
মহিনের	m O h i n e r	native
মহিন্দর	m o h i nd o r	native
মহিন্দানন্দ	m o h i nd a n o nd o	native
মহিপালে	m o h i p a l e	native
মহিপুর	m O h i p u r	native
মহিপুরের	m o h i p u r e r	native
মহিবুর	m O h i b u r	native
মহিবুল	m O h i b u l	native
মহিবুল্লাহ	m o h i b u l l a h	native
মহিমময়	m O h i m m o y	native
মহিমাই	m o h i m a i	native
মহিমাকে	m o h i m a k e	native
মহিমাগঞ্জ	m O h i m a g o n j	native
মহিমামন্ডিত	m o h i m a m o n D i t o	native
মহিমাময়	m o h i m a m o y	native
মহিমায়	m o h i m a y	native
মহির	m O h i r	native
মহিলা	m O h i l a	native
মহিলাই	m O h i l a i	native
মহিলাও	m o h i l a O	native
মহিলাকে	m O h i l a k e	native
মহিলাটি	m O h i l a T i	native
মহিলাদের	m O h i l a d e r	native
মহিলাবিশয়ক	m o h i l a b i sh o y o k	native
মহিলার	m O h i l a r	native
মহিলারা	m O h i l a r a	native
মহিলারাই	m O h i l a r a i	native
মহিলারাও	m O h i l a r a O	native
মহিলাসহ	m O h i l a sh o h O	native
মহিশ	m O h i sh	native
মহিশপুর	m o h i sh p u r	native
মহিশবাথান	m o h i sh b a th a n	native
মহিশা	m o h i sh a	native
মহিশি	m O h i sh i	native
মহিশুর	m o h i sh u r	native
মহিশে	m o h i sh e	native
মহিশের	m O h i sh e r	native
মহিসুর	m o h i sh u r	native
মহিসোপান	m O h i sh O p a n	native
মহিসোপানসহ	m o h i sh O p a n sh o h O	native
মহিসোপানে	m o h i sh O p a n e	native
মহিসোপানের	m o h i sh O p a n e r	native
মহিয়সি	m o h i y O sh i	native
মহিয়ান	m O h i y a n	native
মহুকুমার	m O h u k u m a r	native
মহুবার	m o h u b a r	native
মহুরি	m O h u r i	native
মহুয়া	m O h u y a	native
মহুয়ার	m o h u y a r	native
মহেন্দ্র	m o h e ndr O	native
মহেন্দ্রনগর	m o h e ndr O n o g O r	native
মহেন্দ্রনাথ	m o h e ndr o n a th	native
মহেলা	m o h e l a	native
মহেশখালি	m o h e sh kh a l i	native
মহেশখালিতে	m o h e sh kh a l i t e	native
মহেশখালির	m o h e sh kh a l i r	native
মহেশচন্দ্র	m o h e sh ch o ndr O	native
মহেশপুর	m o h e sh p u r	native
মহেশপুরে	m o h e sh p u r e	native
মহেশপুরের	m o h e sh p u r e r	native
মহেশের	m o h e sh e r	native
মহেশ্বর	m o h e sh sh o r	tatsama
মহেশ্বরিপুর	m o h e sh sh o r i p u r	tatsama
মহেশ্বাস	m o h e sh sh a sh	tatsama
মহেস	m o h e sh	native
মহেড়া	m o h e r a	native
মহোউশধ	m o h O u sh o dh	native
মহোত্তম	m o h O tt o m	native
মহোত্সব	m o h O t sh o b	native
মহোত্সবে	m o h O t sh o b e	native
মহোদধি	m o h O d O dh i	native
মহোদর	m o h O d o r	native
মহোদ্যম	m o h O d d o m	native
মহোদয়	m o h O d o y	native
মহোদয়কে	m o h O d o y k e	native
মহোদয়রা	m o h O d o y r a	native
মহোদয়া	m o h O d o y a	native
মহোদয়ের	m o h O d o y e r	native
মহোন্নতি	m o h O nn O t i	native
মহোপকার	m o h O p O k a r	native
মহোরগ	m o h O r o g	native
মহোৎ	m o h O t	native
মহোৎসবে	m o h O t sh o b e	native
মহোৎসবের	m o h O t sh o b e r	native
মহোৎসাহ	m o h O t sh a h O	native
মহৎপ্রান	m o h o t pr a n	native
মহড়া	m o h o r a	native
মহড়াই	m o h o r a i	native
মহড়াও	m o h o r a O	native
মহড়াকক্ষে	m o h o r a k o kkh e	tatsama
মহড়াকক্ষের	m o h o r a k o kkh e r	tatsama
মহড়াকে	m o h o r a k e	native
মহড়াটি	m o h o r a T i	native
মহড়ার	m o h o r a r	native
মহড়ায়	m o h o r a y	native
মাং	m a ng	native
মাংকি	m a ng k i	native
মাংগন	m a ng g O n	native
মাংগা	m a ng g a	native
মাংগু	m a ng g u	native
মাংন	m a ng n	native
মাংনা	m a ng n a	native
মাংশ	m a ng sh O	native
মাংসই	m a ng sh O i	native
মাংসও	m a ng sh O O	native
মাংসকে	m a ng sh O k e	native
মাংসপিন্ড	m a ng sh o p i n D o	native
মাংসপেশিতে	m a ng sh O p e sh i t e	native
মাংসাশি	m a ng sh a sh i	native
মাংসে	m a ng sh e	native
মাংা	m a ng g a	native
মাই	m a i	native
মাইওয়ান	m a i O y a n	native
মাইক	m a i k	native
মাইকজোগে	m a i k j O g e	native
মাইকন	m a i k o n	native
মাইকনের	m a i k o n e r	native
মাইকিং	m a i k i ng	native
মাইকিংও	m a i k i ng O	native
মাইকিংয়ের	m a i k i ng y e r	native
মাইকে	m a i k e	native
মাইকের	m a i k e r	native
মাইকেল	m a i k e l	native
মাইকেলের	m a i k e l e r	native
মাইক্রো	m a i kr O	native
মাইক্রোএসডি	m a i kr O e s D i	loanword
মাইক্রোওভেন	m a i kr O O bh e n	native
মাইক্রোকন্ট্রোলার	m a i kr O k o n T r O l a r	loanword
মাইক্রোক্রেডিট	m a i kr O kr e D i T	compound
মাইক্রোক্রেডিটের	m a i kr O kr e D i T e r	compound
মাইক্রোগ্রাম	m a i kr O gr a m	native
মাইক্রোচিপ	m a i kr O ch i p	native
মাইক্রোচিপস	m a i kr O ch i p sh	native
মাইক্রোটি	m a i kr O T i	loanword
মাইক্রোনেশিয়া	m a i kr O n e sh i y a	compound
মাইক্রোপ্রসেসর	m a i kr O pr o sh e sh o r	compound
মাইক্রোপ্রসেসরের	m a i kr O pr o sh e sh o r e r	compound
মাইক্রোফাইন্যান্স	m a i kr O ph a i n A n s	loanword
মাইক্রোফাইবার	m a i kr O ph a i b a r	compound
মাইক্রোফিন্যান্স	m a i kr O ph i n A n s	loanword
মাইক্রোফোন	m a i kr O ph O n	loanword
মাইক্রোফোনে	m a i kr O ph O n e	loanword
মাইক্রোফোনের	m a i kr O ph O n e r	loanword
মাইক্রোবাস	m a i kr O b a s	loanword
মাইক্রোবাসকে	m a i kr O b a s k e	loanword
মাইক্রোবাসচালক	m a i kr O b a sh ch a l O k	compound
মাইক্রোবাসজোগে	m a i kr O b a sh j O g e	compound
মাইক্রোবাসটি	m a i kr O b a s T i	loanword
মাইক্রোবাসটিকে	m a i kr O b a s T i k e	compound
মাইক্রোবাসটিতে	m a i kr O b a s T i t e	compound
মাইক্রোবাসটির	m a i kr O b a s T i r	compound
মাইক্রোবাসসহ	m a i kr O b a s sh o h O	loanword
মাইক্রোবাসে	m a i kr O b a s e	loanword
মাইক্রোবাসের	m a i kr O b a s e r	loanword
মাইক্রোবায়োলজি	m a i kr O b a y O l o j i	compound
মাইক্রোব্লগিং	m a i kr O bl o g i ng	loanword
মাইক্রোম্যাক্স	m a i kr O m A k s	loanword
মাইক্রোম্যাক্সের	m a i kr O m A k s e r	loanword
মাইক্রোর	m a i kr O r	native
মাইক্রোল্যাব	m a i kr O l A b	native
মাইক্রোল্যাবের	m a i kr O l A b e r	compound
মাইক্রোসফট	m a i kr O s o ph T	proper_noun
মাইক্রোসফটও	m a i kr O s o ph T O	proper_noun
মাইক্রোসফটকে	m a i kr O s o ph T k e	proper_noun
মাইক্রোসফটে	m a i kr O s o ph T e	proper_noun
মাইক্রোসফটের	m a i kr O s o ph T e r	proper_noun
মাইক্রোসিস্টেম	m a i kr O s i s T e m	loanword
মাইক্রোস্কোপ	m a i kr O s k O p	loanword
মাইক্রোস্কোপের	m a i kr O s k O p e r	loanword
মাইগা	m a i g a	native
মাইগ্রেইন	m a i gr e i n	native
মাইগ্রেইনের	m a i gr e i n e r	native
মাইগ্রেট	m a i gr e T	loanword
মাইগ্রেটরি	m a i gr e T o r i	loanword
মাইগ্রেনের	m a i gr e n e r	native
মাইগ্রেশন	m a i gr e sh o n	native
মাইগ্রেশনের	m a i gr e sh o n e r	native
মাইজ	m a i j	native
মাইজচর	m a i j ch o r	native
মাইজদি	m a i j d i	native
মাইজপাড়া	m a i j p a r a	native
মাইজভান্ডার	m a i j bh a n D a r	native
মাইজভান্ডারি	m a i j bh a n D a r i	native
মাইঞা	m a i i y a	native
মাইট	m a i T	loanword
মাইটভাংগা	m a i T bh a ng g a	native
মাইটোকন্ড্রিয়া	m a i T O k o n D ri y a	loanword
মাইটোসিস	m a i T O s i s	loanword
মাইডাস	m a i D a s	proper_noun
মাইডাসের	m a i D a s e r	proper_noun
মাইতওয়ারা	m a i t O y a r a	native
মাইতি	m a i t i	native
মাইতির	m a i t i r	native
মাইথ্রিপালা	m a i th r i p a l a	loanword
মাইদুল	m a i d u l	native
মাইন	m a i n	native
মাইনউদ্দিন	m a i n u d d i n	native
মাইনউদ্দিনের	m a i n u d d i n e r	native
মাইনর	m a i n o r	native
মাইনরিটি	m a i n O r i T i	loanword
মাইনরিটিজের	m a i n r i T i j e r	loanword
মাইনশে	m a i n sh e	native
মাইনশের	m a i n sh e r	native
মাইনস	m a i n sh	native
মাইনসের	m a i n sh e r	native
মাইনা	m a i n a	native
মাইনার	m a i n a r	native
মাইনাস	m a i n a sh	native
মাইনাসে	m a i n a sh e	native
মাইনি	m a i n i	native
মাইনিং	m a i n i ng	native
মাইনুদ্দিন	m a i n u d d i n	native
মাইনুদ্দিনকে	m a i n u d d i n k e	native
মাইনুদ্দিনের	m a i n u d d i n e r	native
মাইনুর	m a i n u r	native
মাইনুল	m a i n u l	native
মাইনুলের	m a i n u l e r	native
মাইনে	m a i n e	native
মাইনের	m a i n e r	native
মাইন্ড	m a i n D	loanword
মাইন্ডস	m a i n D s	loanword
মাইন্ডসেটটা	m a i n D s e T T a	loanword
মাইন্দার	m a i nd a r	native
মাইপোশ	m a i p O sh	native
মাইফেল	m a i ph e l	native
মাইম	m a i m	native
মাইমুনা	m a i m u n a	native
মাইর	m a i r	native
মাইরা	m a i r a	native
মাইরি	m a i r i	native
মাইরেন	m a i r e n	native
মাইল	m a i l	native
মাইলখানেক	m a i l kh a n e k	native
মাইলফলক	m a i l ph o l O k	native
মাইলফলকও	m a i l ph o l O k O	native
মাইলফলকগুলো	m a i l ph o l o k g u l O	native
মাইলফলকটা	m a i l ph o l o k T a	native
মাইলফলকটি	m a i l ph o l o k T i	native
মাইলফলকে	m a i l ph o l O k e	native
মাইলফলকের	m a i l ph o l O k e r	native
মাইলমারি	m a i l m a r i	native
মাইলস	m a i l sh	native
মাইলসে	m a i l sh e	native
মাইলসের	m a i l sh e r	native
মাইলস্টোন	m a i l s T O n	loanword
মাইলাইন	m a i l a i n	native
মাইলানি	m a i l a n i	native
মাইলাম	m a i l a m	native
মাইলি	m a i l i	native
মাইলে	m a i l e	native
মাইলের	m a i l e r	native
মাইলেরও	m a i l e r O	native
মাইল্ড	m a i l D	loanword
মাইশা	m a i sh a	native
মাইশার	m a i sh a r	native
মাইশুকুর	m a i sh u k u r	native
মাইসেল	m a i sh e l	native
মাইস্পেস	m a i s p e s	loanword
মাইস্পেসের	m a i s p e s e r	loanword
মাইয়া	m a i y a	native
মাইয়াগো	m a i y a g O	native
মাইয়াডা	m a i y a D a	native
মাইয়ার	m a i y a r	native
মাইয়ারে	m a i y a r e	native
মাইয়ে	m a i y e	native
মাইয়্যা	m a i y a	native
মাইয়্যাটারে	m a i y a T a r e	native
মাইয়্যাডার	m a i y a D a r	native
মাইয়্যের	m a i y e r	native
মাউ	m a u	native
মাউথ	m a u th	native
মাউন্ট	m a u n T	loanword
মাউন্টেইন	m a u n T e i n	loanword
মাউন্টেইনিয়ারিং	m a u n T e i n i y a r i ng	compound
মাউন্টেড	m a u n T e D	loanword
মাউন্টেন	m a u n T e n	loanword
মাউন্টেনিয়ারিং	m a u n T e n i y a r i ng	compound
মাউরা	m a u r a	native
মাউরিজিও	m a u r i j i O	native
মাউরিসিও	m a u r i sh i O	native
মাউশি	m a u sh i	native
মাউশির	m a u sh i r	native
মাউসটি	m a u s T i	loanword
মাউসের	m a u sh e r	native
মাও	m a O	native
মাওই	m a O i	native
মাওজের	m a O j e r	native
মাওনা	m a O n a	native
মাওনার	m a O n a r	native
মাওনায়	m a O n a y	native
মাওবাদি	m a O b a d i	native
মাওবাদিকে	m a O b a d i k e	native
মাওবাদিদের	m a O b a d i d e r	native
মাওবাদির	m a O b a d i r	native
মাওবাদিরা	m a O b a d i r a	native
মাওরি	m a O r i	native
মাওলা	m a O l a	native
মাওলাকে	m a O l a k e	native
মাওলানা	m a O l a n a	native
মাওলানার	m a O l a n a r	native
মাওলার	m a O l a r	native
মাওলাসহ	m a O l a sh o h O	native
মাওলি	m a O l i	native
মাওলুদ	m a O l u d	native
মাওয়া	m a O y a	native
মাওয়ার	m a O y a r	native
মাওয়ায়	m a O y a y	native
মাওয়িস্ট	m a O y i s T	loanword
মাওয়ের	m a O y e r	native
মাকছুদুর	m a k chh u d u r	native
মাকতুম	m a k t u m	native
মাকদিসি	m a k d i sh i	native
মাকনা	m a k n a	native
মাকবেরা	m a k b e r a	native
মাকরুহ	m a k r u h	native
মাকলা	m a k l a	native
মাকসা	m a k sh a	native
মাকসুদ	m a k sh u d	native
মাকসুদও	m a k sh u d O	native
মাকসুদকে	m a k sh u d k e	native
মাকসুদসহ	m a k sh u d sh o h O	native
মাকসুদাকে	m a k sh u d a k e	native
মাকসুদার	m a k sh u d a r	native
মাকসুদুর	m a k sh u d u r	native
মাকসুদুরের	m a k sh u d u r e r	native
মাকসুদুল	m a k sh u d u l	native
মাকসুদের	m a k sh u d e r	native
মাকসুম	m a k sh u m	native
মাকানা	m a k a n a	native
মাকামে	m a k a m e	native
মাকাল	m a k a l	native
মাকাসিদ	m a k a sh i d	native
মাকাসিদে	m a k a sh i d e	native
মাকিয়াভিলি	m a k i y a bh i l i	native
মাকু	m a k u	native
মাকুল	m a k u l	native
মাকে	m a k e	native
মাকেই	m a k e i	native
মাকেও	m a k e O	native
মাক্কু	m a k k u	native
মাকড়	m a k o r	native
মাকড়সার	m a k o r sh a r	native
মাখছিলেন	m a kh chh i l e n	native
মাখছেন	m a kh chh e n	native
মাখত	m a kh t o	native
মাখতে	m a kh t e	native
মাখদুম	m a kh d u m	native
মাখদুমা	m a kh d u m a	native
মাখনলাল	m a kh o n l a l	native
মাখনা	m a kh n a	native
মাখনে	m a kh O n e	native
মাখনের	m a kh O n e r	native
মাখম	m a kh o m	native
মাখরাজ	m a kh r a j	native
মাখলে	m a kh l e	native
মাখা	m a kh a	native
মাখাতে	m a kh a t e	native
মাখান	m a kh a n	native
মাখানি	m a kh a n i	native
মাখানো	m a kh a n O	native
মাখানোর	m a kh a n O r	native
মাখার	m a kh a r	native
মাখিয়ে	m a kh i y e	native
মাখুন	m a kh u n	native
মাখেননি	m a kh e n n i	native
মাগ	m a g	native
মাগদা	m a g d a	native
মাগধ	m a g O dh	native
মাগফিরাত	m a g ph i r a t	native
মাগফিরাতের	m a g ph i r a t e r	native
মাগফেরাত	m a g ph e r a t	native
মাগরিব	m a g r i b	native
মাগরিবের	m a g r i b e r	native
মাগরেব	m a g r e b	native
মাগান	m a g a n	native
মাগার	m a g a r	native
মাগারাহ	m a g a r a h o	native
মাগি	m a g i	native
মাগুর	m a g u r	native
মাগুরকে	m a g u r k e	native
মাগুরখন্ড	m a g u r kh o n D o	native
মাগুরছড়া	m a g u r chh o r a	native
মাগুরছড়ায়	m a g u r chh o r a y	native
মাগুরার	m a g u r a r	native
মাগুরায়	m a g u r a y	native
মাগো	m a g O	native
মাগ্যি	m a g g i	native
মাঘি	m a gh i	native
মাঘে	m a gh e	native
মাঘের	m a gh e r	native
মাচাং	m a ch a ng	native
মাচান	m a ch a n	native
মাচার	m a ch a r	native
মাচায়	m a ch a y	native
মাচু	m a ch u	native
মাচুপিচু	m a ch u p i ch u	native
মাচেরানো	m a ch e r a n O	native
মাচেরানোকে	m a ch e r a n O k e	native
মাছই	m a chh i	native
মাছও	m a chh O	native
মাছখালি	m a i kh a l i	native
মাছগুলো	m a chh g u l O	native
মাছগুলোকে	m a chh g u l O k e	native
মাছগুলোর	m a chh g u l O r	native
মাছঘাট	m a chh gh a T	native
মাছঘাটে	m a chh gh a T e	native
মাছচাশি	m a chh ch a sh i	native
মাছচাশের	m a chh ch a sh e r	native
মাছটার	m a chh T a r	native
মাছটিকে	m a chh T i k e	native
মাছটির	m a chh T i r	native
মাছতা	m a chh t a	native
মাছধরা	m a chh dh o r a	native
মাছধরার	m a chh dh o r a r	native
মাছপাড়া	m a chh p a r a	native
মাছবাজার	m a chh b a j a r	native
মাছবাহি	m a chh b a h i	native
মাছবোঝাই	m a chh b O jh a i	native
মাছভর্তি	m a chh bh o r t i	native
মাছরাংগা	m a chh r a ng g a	native
মাছরাংা	m a chh r a ng g a	native
মাছরাংার	m a chh r a ng r	native
মাছশিকারি	m a chh sh i k a r i	native
মাছশুন্য	m a chh sh u n n o	native
মাছিও	m a chh i O	native
মাছিমদিয়া	m a chh i m d i y a	native
মাছিমপুর	m a sh i m p u r	native
মাছির	m a chh i r	native
মাছুদ	m a chh u d	native
মাছুম	m a chh u m	native
মাছুরা	m a chh u r a	native
মাছুরার	m a chh u r a r	native
মাছুয়া	m a chh u y a	native
মাছুয়াখালি	m a chh u y a kh a l i	native
মাছে	m a chh e	native
মাছের	m a chh e r	native
মাছেরা	m a chh e r a	native
মাজতে	m a j t e	native
মাজদা	m a j d a	native
মাজদার	m a j o d a r	native
মাজন	m a j O n	native
মাজনুন	m a j n u n	native
মাজমা	m a j m a	native
মাজরা	m a j r a	native
মাজহাব	m a j h a b	native
মাজহাবের	m a j h a b e r	native
মাজহারুল	m a j h a r u l	native
মাজহারুলকে	m a j h a r u l k e	native
মাজহারুলের	m a j h a r u l e r	native
মাজা	m a j a	native
মাজানো	m a j a n O	native
মাজার	m a j a r	native
মাজারসংলগ্ন	m a j a r sh o ng l o g n o	native
মাজারসহ	m a j a r sh o h O	native
মাজারে	m a j a r e	native
মাজারের	m a j a r e r	native
মাজাহ	m a j a h	native
মাজাহারুল	m a j a h a r u l	native
মাজায়	m a j a y	native
মাজিদ	m a j i d	native
মাজিদকে	m a j i d k e	native
মাজিদা	m a j i d a	native
মাজিদুল	m a j i d u l	native
মাজিদে	m a j i d e	native
মাজিদের	m a j i d e r	native
মাজিস্ট্রেট	m a j i s T r e T	loanword
মাজু	m a j u	native
মাজুন	m a j u n	native
মাজুফল	m a j u ph o l	native
মাজুর	m a j u r	native
মাজুশ	m a j u sh	native
মাজেজা	m a j e j a	native
মাজেদ	m a j e d	native
মাজেদকে	m a j e d k e	native
মাজেদা	m a j e d a	native
মাজেদুর	m a j e d u r	native
মাজেদুল	m a j e d u l	native
মাজেদের	m a j e d e r	native
মাজেন	m a j e n	native
মাজোলা	m a j O l a	native
মাজোলার	m a j O l a r	native
মাঝকান্দি	m a jh k a nd i	native
মাঝখান	m a jh kh a n	native
মাঝখানটায়	m a jh kh a n T a y	native
মাঝখানে	m a jh kh a n e	native
মাঝখানেই	m a jh kh a n e i	native
মাঝখানের	m a jh kh a n e r	native
মাঝনদি	m a jh n o d i	native
মাঝনদিতে	m a jh n O d i t e	native
মাঝপথে	m a jh p o th e	native
মাঝপথেই	m a jh p o th e i	native
মাঝপানিতে	m a jh p a n i t e	native
মাঝপাড়া	m a jh p a r a	native
মাঝবরাবর	m a jh b o r a b o r	native
মাঝবিরতিতে	m a jh b i r o t i t e	native
মাঝবৃত্তের	m a jh b ri tt e r	tatsama
মাঝবয়সি	m a jh b o y o sh i	native
মাঝমাঠও	m a jh m a Th O	native
মাঝমাঠের	m a jh m a Th e r	native
মাঝরাত	m a jh r a t	native
মাঝরাতে	m a jh r a t e	native
মাঝরাতের	m a jh r a t e r	native
মাঝরাস্তায়	m a jh r a st a y	native
মাঝরেখা	m a jh r e kh a	native
মাঝা	m a jh a	native
মাঝামাঝিতে	m a jh a m a jh i t e	native
মাঝার	m a jh a r	native
মাঝারদিয়া	m a jh a r d i y a	native
মাঝি	m a jh i	native
মাঝিকে	m a jh i k e	native
মাঝিগাতি	m a jh i g a t i	native
মাঝিদের	m a jh i d e r	native
মাঝিপাড়া	m a jh i p a r a	native
মাঝিমাল্লা	m a jh i m a l l a	native
মাঝিমাল্লাসহ	m a jh i m a l l a sh o h O	native
মাঝির	m a jh i r	native
মাঝিরঘাট	m a jh i r gh a T	native
মাঝিরঘাটে	m a jh i r gh a T e	native
মাঝিরঘাটের	m a jh i r gh a T e r	native
মাঝেই	m a jh e i	native
মাঝেও	m a jh e O	native
মাঝেমধ্যেই	m a jh e m O d dh e i	native
মাঝেমাঝেই	m a jh e m a jh e i	native
মাঝেরচর	m a jh e r ch o r	native
মাঞ্চু	m a n j u	native
মাঞ্জরেকার	m a n j o r e k a r	native
মাঞ্জা	m a n j a	native
মাঞ্জিশ্ঠ	m a n j i sh Th O	native
মাঞ্জুরি	m a n j u r i	native
মাঞ্জেরেকার	m a n j e r e k a r	native
মাট	m a T	native
মাটন	m a T o n	loanword
মাটা	m a T a	native
মাটাপালাম	m a T a p a l a m	native
মাটাম	m a T a m	native
মাটিই	m a T i i	native
মাটিও	m a T i O	native
মাটিকাটা	m a T i k a T a	native
মাটিকাটার	m a T i k a T a r	native
মাটিকাটায়	m a T i k a T a y	native
মাটিকে	m a T i k e	native
মাটিগুলো	m a T i g u l O	native
মাটিচাপা	m a T i ch a p a	native
মাটিডালি	m a T i D a l i	native
মাটিতে	m a T i t e	native
মাটিতেই	m a T i t e i	native
মাটিতেও	m a T i t e O	native
মাটিভরাট	m a T i bh o r a T	native
মাটিভরাটের	m a T i bh o r a T e r	native
মাটিভর্তি	m a T i bh o r t i	native
মাটিমিশ্রিত	m a T i m i sh ri t o	native
মাটির	m a T i r	native
মাটিরাংগা	m a T i r a ng g a	native
মাটিরাংগায়	m a T i r a ng g a y	native
মাটিরাংা	m a T i r a ng g a	native
মাটিয়া	m a T i y a	native
মাটিয়ান	m a T i y a n	native
মাটো	m a T O	native
মাঠই	m a Th i	native
মাঠও	m a Th O	native
মাঠকর্ম	m a Th k o r m O	native
মাঠকর্মি	m a Th k o r m i	native
মাঠকর্মিদের	m a Th k o r m i d e r	native
মাঠকর্মির	m a Th k o r m i r	native
মাঠকর্মিরা	m a Th k o r m i r a	native
মাঠকে	m a Th k e	native
মাঠগুলোকে	m a Th g u l O k e	native
মাঠছাড়া	m a Th chh a r a	native
মাঠজুড়ে	m a Th j u r e	native
মাঠটা	m a Th T a	native
মাঠটাকে	m a Th T a k e	native
মাঠটার	m a Th T a r	native
মাঠটায়	m a Th T a y	native
মাঠটিও	m a Th T i O	native
মাঠটিকে	m a Th T i k e	native
মাঠটিতে	m a Th T i t e	native
মাঠটির	m a Th T i r	native
মাঠপর্যায়	m a Th p o r j a y	native
মাঠপর্যায়ে	m a Th p o r j a y e	native
মাঠপর্যায়ের	m a Th p o r j a y e r	native
মাঠপাড়া	m a Th p a r a	native
মাঠভর্তি	m a Th bh o r t i	native
মাঠভিত্তিক	m a Th bh i tt i k	native
মাঠসংলগ্ন	m a Th sh o ng l o g n o	native
মাঠসহ	m a Th sh o h O	native
মাঠা	m a Th a	native
মাঠান	m a Th a n	native
মাঠুরি	m a Th u r i	native
মাঠে	m a Th e	native
মাঠেই	m a Th e i	native
মাঠেও	m a Th e O	native
মাঠেঘাটে	m a Th e gh a T e	native
মাড়াই	m a r a i	native
মাত	m a t O	native
মাতংগ	m a t o ng g O	native
মাতংগি	m a t O ng g i	native
মাতং্গিনি	m a t O ng g i n i	native
মাতন	m a t O n	native
মাতবর	m a t b o r	native
মাতবরদের	m a t o b o r d e r	native
মাতবররা	m a t b o r r a	native
মাতবরের	m a t o b o r e r	native
মাতবরেরা	m a t o b o r e r a	native
মাতব্বর	m a t O b b o r	native
মাতব্বরকে	m a t o b b o r k e	native
মাতব্বরদের	m a t o b b o r d e r	native
মাতব্বররা	m a t o b b o r r a	native
মাতব্বরি	m a t O b b O r i	native
মাতব্বরের	m a t O b b o r e r	native
মাতব্বরেরা	m a t o b b o r e r a	native
মাতম	m a t O m	native
মাতরম	m a t r o m	native
মাতল	m a t o l	native
মাতলা	m a t l a	native
মাতলামি	m a t l a m i	native
মাতলুব	m a t l u b	native
মাতলেন	m a t l e n	native
মাতসুমোতো	m a t sh u m O t O	native
মাতাকে	m a t a k e	native
মাতাচ্ছে	m a t a ch chh e	native
মাতাতে	m a t a t e	native
মাতান	m a t a n	native
মাতানো	m a t a n O	native
মাতানোর	m a t a n O r	native
মাতাবে	m a t a b e	native
মাতামহের	m a t a m o h e r	native
মাতামাতি	m a t a m a t i	native
মাতামাতিটা	m a t a m a t i T a	native
মাতামাতিতে	m a t a m a t i t e	native
মাতামাতির	m a t a m a t i r	native
মাতামুহুরি	m a t a m u h u r i	native
মাতামুহুরির	m a t a m u h u r i r	native
মাতার	m a t a r	native
মাতারবাড়ি	m a t a r b a r i	native
মাতারবাড়ির	m a t a r b a r i r	native
মাতাল	m a t a l	native
মাতি	m a t i	native
মাতিয়া	m a t i y a	native
মাতিয়ে	m a t i y e	native
মাতিয়েছিলেন	m a t i y e chh i l e n	native
মাতিয়েছেন	m a t i y e chh e n	native
মাতুব্বর	m a t u b b o r	native
মাতুব্বরকে	m a t u b b o r k e	native
মাতুব্বরঘাটের	m a t u b b o r gh a T e r	compound
মাতুল	m a t u l o	native
মাতুলালয়ে	m a t u l a l o y e	native
মাতুলি	m a t u l i	native
মাতুয়া	m a t u y a	native
মাতুয়াইল	m a t u y a i l	native
মাতুয়াইলে	m a t u y a i l e	native
মাতুয়াইলের	m a t u y a i l e r	native
মাতৃ	m a	tatsama
মাতৃকা	m a t r i k a	tatsama
মাতৃগর্ভে	m a t r i g o r bh e	tatsama
মাতৃঘাতি	m a t r i gh a t i	tatsama
মাতৃতান্ত্রিক	m a tr i t a nt ri k	tatsama
মাতৃত্ব	m a t r i t t O	tatsama
মাতৃত্বকালিন	m a t r i t t O k a l i n	tatsama
মাতৃত্বজনিত	m a t r i t t o j o n i t o	tatsama
মাতৃত্বের	m a t r i t t e r	tatsama
মাতৃদুগ্ধ	m a t ri d u g dh O	tatsama
মাতৃপুজা	m a t r i p u j a	tatsama
মাতৃভাশা	m a t r i bh a sh a	tatsama
মাতৃভাশাকে	m a t r i bh a sh a k e	tatsama
মাতৃভাশার	m a t r i bh a sh a r	tatsama
মাতৃভাশায়	m a t r i bh a sh a y	tatsama
মাতৃভুমি	m a t r i bh u m i	tatsama
মাতৃভুমিকে	m a t r i bh u m i k e	tatsama
মাতৃভুমিতে	m a t r i bh u m i t e	tatsama
মাতৃভুমির	m a t r i bh u m i r	tatsama
মাতৃমংগল	m a t r i m o ng g o l	tatsama
মাতৃমৃত্যু	m a t r i m r i t t u	tatsama
মাতৃমৃত্যুহার	m a t r i m r i t t u h a r	tatsama
মাতৃসদন	m a t r i sh O d O n	tatsama
মাতৃস্নেহ	m a t r i sn e h o	tatsama
মাতৃস্নেহে	m a t r i sn e h e	tatsama
মাতৃস্নেহের	m a t r i sn e h e r	tatsama
মাতৃস্বাস্থ্যসেবা	m a t r i sh a sth o sh e b a	tatsama
মাতৃস্বাস্থ্যের	m a t r i sh a sth e r	tatsama
মাতৃহত্যার	m a t r i h o t t a r	tatsama
মাতৃহারা	m a t r i h a r a	tatsama
মাতৃহিন	m a t r i h i n	tatsama
মাতেন	m a t e n	native
মাতেরাজ্জি	m a t e r a j j i	native
মাতো	m a t O	native
মাতোয়ারা	m a t O y a r a	native
মাত্তা	m a tt a	native
মাত্তার	m a tt a r	native
মাত্তেও	m a tt e O	native
মাত্তেওর	m a tt e O r	native
মাত্রই	m a tr O i	native
মাত্রা	m a tr a	native
মাত্রাই	m a tr a i	native
মাত্রাইবাজার	m a tr a i b a j a r	native
মাত্রাও	m a tr a O	native
মাত্রাকে	m a tr a k e	native
মাত্রাগত	m a tr a g o t o	native
মাত্রাছাড়া	m a tr a chh a r a	native
মাত্রাজ্ঞান	m a tr a g e n	tatsama
মাত্রাটা	m a tr a T a	native
মাত্রাটি	m a tr a T i	native
মাত্রাতিরিক্ত	m a tr a t i r i kt O	compound
মাত্রাবৃত্ত	m a tr a b ri tt O	tatsama
মাত্রাভেদে	m a tr a bh e d e	native
মাত্রাহিন	m a tr a h i n	native
মাত্রায়	m a tr a y	native
মাত্রিক	m a tr i k	native
মাত্রেই	m a tr e i	native
মাত্রেরই	m a tr e r i	native
মাথট	m a th O T	native
মাথাই	m a th a i	native
মাথাইয়ের	m a th a i y e r	native
মাথাও	m a th a O	native
মাথাওয়ালা	m a th a O y a l a	native
মাথাগরম	m a th a g o r o m	native
মাথাগুলো	m a th a g u l O	native
মাথাচাড়া	m a th a ch a r a	native
মাথাটাই	m a th a T a i	native
মাথাডা	m a th a D a	native
মাথাতেই	m a th a t e i	native
মাথাপিছু	m a th a p i chh u	native
মাথাপ্রতি	m a th a pr o t i	native
মাথাব্যথাও	m a th a b A th a O	native
মাথাব্যথায়	m a th a b A th a y	native
মাথাভাংগা	m a th a bh a ng g a	native
মাথাভারি	m a th a bh a r i	native
মাথার	m a th a r	native
মাথারা	m a th a r a	native
মাথাল	m a th a l	native
মাথায়	m a th a y o	native
মাথায়ই	m a th a y i	native
মাথায়ও	m a th a y O	native
মাথি	m a th i	native
মাথিউরা	m a th i u r a	native
মাথিন	m a th i n	native
মাথিনের	m a th i n e r	native
মাথুর	m a th u r	native
মাদক	m a d O k	native
মাদকই	m a d o k i	native
মাদকজাতিয়	m a d o k j a t i y	native
মাদকতা	m a d O k o t a	native
মাদকদ্রব্য	m a d O k d r O b b O	native
মাদকদ্রব্যের	m a d O k d r O b b e r	native
মাদকপাচার	m a d o k p a ch a r	native
মাদকবিরোধি	m a d O k b i r O dh i	native
মাদকব্যবসা	m a d o k b A b o sh a	native
মাদকমুক্ত	m a d O k m u kt O	native
মাদকসংক্রান্ত	m a d o k sh o ng kr a nt o	compound
মাদকসহ	m a d o k sh o h O	native
মাদকসেবন	m a d o k sh e b o n	native
মাদকসেবি	m a d O k sh e b i	native
মাদকসেবিকে	m a d O k sh e b i k e	native
মাদকসেবিদের	m a d O k sh e b i d e r	native
মাদকসেবির	m a d O k sh e b i r	native
মাদকসেবিরা	m a d O k sh e b i r a	native
মাদকাসক্তি	m a d O k a sh O kt i	native
মাদকাসক্তিকে	m a d o k a sh o kt i k e	native
মাদকাসক্তের	m a d O k a sh o kt e r	native
মাদকে	m a d O k e	native
মাদন	m a d O n	native
মাদবর	m a d b o r	native
মাদবরকান্দি	m a d b o r k a nd i	native
মাদবরচর	m a d b o r ch o r	native
মাদবরের	m a d b o r e r	native
মাদরাজি	m a d r a j i	native
মাদরাসা	m a d r a sh a	native
মাদরাসার	m a d r a sh a r	native
মাদল	m a d O l	native
মাদলা	m a d l a	native
মাদলি	m a d o l i	native
মাদলের	m a d o l e r	native
মাদা	m a d a	native
মাদাগাস্কার	m a d a g a s k a r	loanword
মাদাগাস্কারে	m a d a g a s k a r e	loanword
মাদানি	m a d a n i	native
মাদানিনগর	m a d a n i n o g o r	native
মাদানির	m a d a n i r	native
মাদাম	m a d a m	native
মাদামবিবির	m a d a m b i b i r	native
মাদার	m a d a r	native
মাদারগঞ্জ	m a d a r g o n j	native
মাদারগঞ্জে	m a d a r g o n j e	native
মাদারটেক	m a d a r T e k	proper_noun
মাদারটেকে	m a d a r T e k e	proper_noun
মাদারটেকের	m a d a r T e k e r	proper_noun
মাদারবাড়ি	m a d a r b a r i	native
মাদারবোর্ডটিতে	m a d a r b O r D T i t e	compound
মাদারবোর্ডে	m a d a r b O r D e	loanword
মাদারবোর্ডের	m a d a r b O r D e r	loanword
মাদারল্যান্ড	m a d a r l A n D	loanword
মাদারিং	m a d a r i ng	native
মাদারিপুর	m a d a r i p u r	native
মাদারিপুরে	m a d a r i p u r e	native
মাদারিপুরের	m a d a r i p u r e r	native
মাদি	m a d i	native
মাদিকিজেলা	m a d i k i j e l a	native
মাদুগালে	m a d u g a l e	native
মাদুর	m a d u r	native
মাদুরে	m a d u r e	native
মাদুরের	m a d u r e r	native
মাদুলির	m a d u l i r	native
মাদৃশ	m a d d ri sh O	tatsama
মাদের	m a d e r	native
মাদোয়ান	m a d O y a n	native
মাদ্রাজ	m a d r a j	native
মাদ্রাজে	m a d r a j e	native
মাদ্রাজের	m a d r a j e r	native
মাদ্রাসাকে	m a d r a sh a k e	native
মাদ্রাসাকেন্দ্রিক	m a d r a sh a k e nd ri k	compound
মাদ্রাসাগুলো	m a d r a sh a g u l O	native
মাদ্রাসাগুলোকে	m a d r a sh a g u l O k e	compound
মাদ্রাসাগুলোতে	m a d r a sh a g u l O t e	compound
মাদ্রাসাঘাট	m a d r a sh a gh a T	native
মাদ্রাসাছাত্র	m a d r a sh a chh a tr O	compound
মাদ্রাসাছাত্রদের	m a d r a sh a chh a tr o d e r	compound
মাদ্রাসাছাত্ররা	m a d r a sh a chh a tr o r a	compound
মাদ্রাসাছাত্রি	m a d r a sh a chh a tr i	compound
মাদ্রাসাছাত্রের	m a d r a sh a chh a tr e r	compound
মাদ্রাসাটি	m a d r a sh a T i	native
মাদ্রাসাভিত্তিক	m a d r a sh a bh i tt i k	compound
মাদ্রাসার	m a d r a sh a r	native
মাদ্রাসাশিক্ষক	m a d r a sh a sh i kkh o k	tatsama
মাদ্রাসাশিক্ষা	m a d r a sh a sh i kkh a	tatsama
মাদ্রাসাশিক্ষাকে	m a d r a sh a sh i kkh a k e	tatsama
মাদ্রাসাশিক্ষার	m a d r a sh a sh i kkh a r	tatsama
মাদ্রাসাসংলগ্ন	m a d r a sh a sh o ng l o g n o	compound
মাদ্রাসাসহ	m a d r a sh a sh o h O	native
মাদ্রাসায়	m a d r a sh a y	native
মাদ্রিদ	m a d r i d	native
মাদ্রিদই	m a d ri d i	native
মাদ্রিদও	m a d r i d O	native
মাদ্রিদকে	m a d r i d k e	native
মাদ্রিদে	m a d r i d e	native
মাদ্রিদেই	m a d ri d e i	native
মাদ্রিদের	m a d ri d e r	native
মাদ্রিদেরও	m a d ri d e r O	native
মাধবকুন্ড	m a dh O b k u n D O	native
মাধবদি	m a dh O b d i	native
মাধবদির	m a dh o b o d i r	native
মাধবন	m a dh o b o n	native
মাধবনের	m a dh o b o n e r	native
মাধবপুর	m a dh O b p u r	native
মাধবপুরে	m a dh o b p u r e	native
মাধবপুরের	m a dh o b p u r e r	native
মাধবি	m a dh o b i	native
মাধবিলতা	m a dh O b i l o t a	native
মাধবের	m a dh O b e r	native
মাধমে	m a dh o m e	native
মাধাই	m a dh a i	native
মাধাইয়া	m a dh a i y a	native
মাধু	m a dh u	native
মাধুক	m a dh u k	native
মাধুকরি	m a dh u k O r i	native
মাধুকি	m a dh u k i	native
মাধুর	m a dh u r	native
মাধুরি	m a dh u r i	native
মাধুরিকা	m a dh u r i k a	native
মাধুরিকে	m a dh u r i k e	native
মাধুরির	m a dh u r i r	native
মাধুর্য	m a dh u r j O	native
মাধুর্যে	m a dh u r j e	native
মাধুর্যের	m a dh u r j e r	native
মাধ্ব	m a d dh O	tatsama
মাধ্বি	m a d dh i	tatsama
মাধ্যন্দিন	m a d dh O nd i n	native
মাধ্যমই	m a d dh o m i	native
মাধ্যমও	m a d dh o m O	native
মাধ্যমগুলো	m a d dh O m g u l O	native
মাধ্যমগুলোতে	m a d dh O m g u l O t e	native
মাধ্যমগুলোতেও	m a d dh o m g u l O t e O	compound
মাধ্যমগুলোর	m a d dh O m g u l O r	native
মাধ্যমটি	m a d dh O m T i	native
মাধ্যমরুপে	m a d dh o m r u p e	native
মাধ্যমসহ	m a d dh O m sh o h O	native
মাধ্যমিক	m a d dh O m i k	native
মাধ্যমিকে	m a d dh O m i k e	native
মাধ্যমে	m a d dh O m e	native
মাধ্যমেই	m a d dh O m e i	native
মাধ্যমেও	m a d dh O m e O	native
মাধ্যমের	m a d dh O m e r	native
মাধ্যাকর্ষন	m a d dh a k o r o sh o n	native
মাধ্যাকর্ষনের	m a d dh a k o r o sh o n e r	compound
মাধ্যাহ্নিক	m a d dh a n n i k	native
মাধ্যে	m a d dh e	native
মান	m a n	native
মানই	m a n o i	native
মানও	m a n O	native
মানকচু	m a n k o ch u	native
মানকিন	m a n k i n	native
মানকে	m a n k e	native
মানক্রম	m a n kr o m o	native
মানকড়ের	m a n k o r e r	native
মানগত	m a n g O t O	native
মানচিত্রও	m a n ch i tr o O	native
মানচিত্রটা	m a n ch i tr o T a	native
মানচিত্রটি	m a n ch i tr O T i	native
মানচিত্রসহ	m a n ch i tr o sh o h O	native
মানচিত্রের	m a n ch i tr e r	native
মানচিনি	m a n ch i n i	native
মানচিনিকে	m a n ch i n i k e	native
মানচিনির	m a n o ch i n i r	native
মানচিহ্ন	m a n ch i n n o	native
মানছারুল	m a n chh a r u l	native
মানছিল	m a n chh i l o	native
মানছুরুল	m a n chh u r u l	native
মানছে	m a n chh e	native
মানছেন	m a n chh e n	native
মানজার	m a n j a r	native
মানজারে	m a n j a r e	native
মানজুকিচ	m a n j u k i ch	native
মানজুর	m a n j u r	native
মানঝি	m a n jh i	native
মানটা	m a n T a	native
মানটিকে	m a n T i k e	native
মানত	m a n O t	native
মানতা	m a n o t a	native
মানতে	m a n t e	native
মানতেই	m a n t e i	native
মানতেও	m a n t e O	native
মানতেন	m a n t e n	native
মানদ	m a n o d	native
মানদন্ড	m a n d o n D O	native
মানদন্ডগুলো	m a n d o n D o g u l O	native
মানদন্ডে	m a n d o n D e	native
মানদন্ডেই	m a n d o n D e i	native
মানদন্ডের	m a n d o n D e r	native
মানদিপ	m a n d i p	native
মানদ্বিপ	m a n d b i p	native
মাননিয়	m a n O n i O	native
মাননিয়ন্ত্রক	m a n n i y o nt r o k	native
মাননিয়ন্ত্রন	m a n n i y o nt r o n	native
মাননিয়ন্ত্রনকারি	m a n n i y o nt r o n k a r i	compound
মানবক	m a n O b o k	native
মানবকল্যান	m a n O b k O l l a n	native
মানবকল্যানে	m a n O b k O l l a n e	native
মানবকল্যানের	m a n O b k O l l a n e r	native
মানবকে	m a n o b k e	native
মানবগোশ্ঠিকে	m a n o b g O sh Th i k e	native
মানবগোশ্ঠির	m a n o b g O sh Th i r	native
মানবচরিত্র	m a n o b ch o r i tr o	native
মানবচরিত্রের	m a n o b ch o r i tr e r	native
মানবজটে	m a n o b j o T e	native
মানবজমিন	m a n O b j O m i n	native
মানবজমিনের	m a n o b j o m i n e r	native
মানবজাতি	m a n O b j a t i	native
মানবজাতির	m a n O b j a t i r	native
মানবজিবন	m a n O b j i b O n	native
মানবজিবনকে	m a n O b j i b O n k e	native
মানবজিবনে	m a n O b j i b O n e	native
মানবজিবনের	m a n O b j i b o n e r	native
মানবঢাল	m a n o b Dh a l	native
মানবতাকে	m a n O b o t a k e	native
মানবতাবাদ	m a n o b o t a b a d	native
মানবতাবাদি	m a n O b O t a b a d i	native
মানবতাবাদের	m a n o b o t a b a d e r	native
মানবতাবিবর্জিত	m a n o b o t a b i b o r j i t o	compound
মানবতাবিরোধি	m a n O b o t a b i r O dh i	native
মানবতাবিরোধিদের	m a n o b o t a b i r O dh i d e r	compound
মানবতাবোধ	m a n O b o t a b O dh	native
মানবতাবোধের	m a n o b o t a b O dh e r	native
মানবতায়	m a n o b o t a y	native
মানবদরদি	m a n O b d o r O d i	native
মানবদেহ	m a n o b d e h o	native
মানবদেহে	m a n O b d e h e	native
মানবদেহের	m a n O b d e h e r	native
মানবধর্ম	m a n O b dh o r m O	native
মানবন্টন	m a n b o n T O n	native
মানবন্টনে	m a n b o n T O n e	native
মানবন্ধন	m a n o b o ndh o n	native
মানবন্ধনে	m a n o b o ndh o n e	native
মানবপাচার	m a n O b p a ch a r	native
মানবপাচারকারি	m a n O b p a ch a r k a r i	compound
মানবপাচারকারিকে	m a n O b p a ch a r k a r i k e	compound
মানবপাচারকারিদের	m a n O b p a ch a r k a r i d e r	compound
মানবপাচারকারির	m a n O b p a ch a r k a r i r	compound
মানবপাচারকারিরা	m a n O b p a ch a r k a r i r a	compound
মানবপাচারের	m a n O b p a ch a r e r	native
মানবপ্রাচির	m a n o b pr a ch i r	native
মানবপ্রেম	m a n O b pr e m	native
মানবপ্রেমের	m a n o b pr e m e r	native
মানববন্ধন	m a n O b b o ndh O n	native
মানববন্ধনও	m a n O b b o ndh O n O	native
মানববন্ধনসহ	m a n O b b o ndh O n sh o h O	native
মানববর্জ্য	m a n O b b o r j O	native
মানববর্ম	m a n o b b o r m o	native
মানববসতি	m a n o b sh o t i	native
মানববিদ্যা	m a n o b b i d d a	native
মানববিহিন	m a n O b b i h i n	native
মানবমুক্তি	m a n o b m u kt i	native
মানবমুক্তির	m a n O b m u kt i r	native
মানবশক্তি	m a n o b sh o kt i	native
মানবশরিরের	m a n o b sh o r i r e r	native
মানবশিশু	m a n o b sh i sh u	native
মানবশিশুকে	m a n o b sh i sh u k e	native
মানবশিশুর	m a n o b sh i sh u r	native
মানবসত্তার	m a n o b sh o tt a r	native
মানবসন্তানের	m a n o b sh o nt a n e r	native
মানবসভ্যতা	m a n O b sh O b bh O t a	native
মানবসভ্যতাকে	m a n o b sh o b bh o t a k e	native
মানবসভ্যতার	m a n O b sh o b bh O t a r	native
মানবসমাজকে	m a n o b sh o m a j k e	native
মানবসমাজের	m a n O b sh o m a j e r	native
মানবসম্পদ	m a n O b sh o mp o d	native
মানবসম্পদকে	m a n o b sh o mp o d k e	native
মানবসম্পদমন্ত্রি	m a n o b sh o mp o d m o nt ri	compound
মানবসম্পদে	m a n O b sh o mp o d e	native
মানবসৃশ্ট	m a n O b sh r i sh T O	tatsama
মানবসেবা	m a n O b sh e b a	native
মানবসেবার	m a n O b sh e b a r	native
মানবসেবায়	m a n o b sh e b a y	native
মানবস্বাস্থ্য	m a n o b sh a sth o	tatsama
মানবস্বাস্থ্যের	m a n o b sh a sth e r	tatsama
মানবহিতইশি	m a n O b h i t O i sh i	native
মানবহিন	m a n o b h i n	native
মানবাত্মাকে	m a n o b a t t a k e	native
মানবাত্মার	m a n O b a t t a r	native
মানবাধিকার	m a n O b a dh i k a r	native
মানবাধিকারকর্মি	m a n O b a dh i k a r k O r m i	compound
মানবাধিকারকর্মিকে	m a n o b a dh i k a r k o r m i k e	compound
মানবাধিকারকর্মিদের	m a n O b a dh i k a r k O r m i d e r	compound
মানবাধিকারকর্মির	m a n o b a dh i k a r k o r m i r	compound
মানবাধিকারকর্মিরা	m a n O b a dh i k a r k O r m i r a	compound
মানবাধিকারকে	m a n o b a dh i k a r k e	native
মানবাধিকারগুলো	m a n O b a dh i k a r g u l O	compound
মানবাধিকারবিরোধি	m a n o b a dh i k a r b i r O dh i	compound
মানবাধিকারবিশয়ক	m a n o b a dh i k a r o b i sh o y o k	compound
মানবাধিকারে	m a n o b a dh i k a r e	native
মানবাধিকারের	m a n O b a dh i k a r e r	native
মানবি	m a n O b i	native
মানবিকতা	m a n O b i k o t a	native
মানবিকতার	m a n O b i k o t a r	native
মানবিকভাবে	m a n O b i k bh a b e	native
মানবিকে	m a n O b i k e	native
মানবিকের	m a n O b i k e r	native
মানবিন্দর	m a n o b i nd o r	native
মানবির	m a n O b i r	native
মানবিয়	m a n o b i y	native
মানবে	m a n o b e	native
মানবেতর	m a n O b e t o r	native
মানবেতরভাবে	m a n o b e t o r bh a b e	native
মানবেন্দ্র	m a n O b e ndr O	native
মানভঞ্জন	m a n bh o n j o n	native
মানভাশা	m a n bh a sh a	native
মানভাশাকে	m a n bh a sh a k e	native
মানভাশার	m a n bh a sh a r	native
মানমন্দির	m a n m o nd i r	native
মানমন্দিরের	m a n m o nd i r e r	native
মানমর্যাদা	m a n m o r j a d a	native
মানমর্যাদার	m a n m o r j a d a r	native
মানমাত্রা	m a n m a tr a	native
মানমাত্রার	m a n m a tr a r	native
মানল	m a n l O	native
মানলাম	m a n l a m	native
মানলে	m a n l e	native
মানলেই	m a n l e i	native
মানলেও	m a n l e O	native
মানলেন	m a n l e n	native
মানশা	m a n sh a	native
মানশের	m a n o sh e r	native
মানশেহরা	m a n sh e h o r a	native
মানস	m a n o sh	native
মানসংক্রান্ত	m a n sh o ng kr a nt o	native
মানসকন্যা	m a n o sh k o n n a	native
মানসকে	m a n o sh k e	native
মানসন্মত	m a n sh o m m o t o	native
মানসপটে	m a n o sh p o T e	native
মানসম্পন্ন	m a n sh o mp O nn O	native
মানসম্পন্নভাবে	m a n sh o mp o nn o bh a b e	compound
মানসম্মতভাবে	m a n sh o mm o t o bh a b e	native
মানসম্মান	m a n sh o mm a n	native
মানসম্মানের	m a n sh o mm a n e r	native
মানসি	m a n O sh i	native
মানসিংহ	m a n sh i ng h O	native
মানসিক	m a n o sh i k	native
মানসিকতা	m a n O sh i k o t a	native
মানসিকতাই	m a n O sh i k o t a i	native
মানসিকতাও	m a n O sh i k o t a O	native
মানসিকতাকে	m a n O sh i k o t a k e	native
মানসিকতাকেই	m a n o sh i k o t a k e i	native
মানসিকতাটা	m a n o sh i k o t a T a	native
মানসিকতার	m a n O sh i k o t a r	native
মানসিকতারই	m a n o sh i k o t a r i	native
মানসিকতারও	m a n o sh i k o t a r O	native
মানসিকতাসম্পন্ন	m a n o sh i k o t a sh o mp o nn o	compound
মানসিকতায়	m a n o sh i k o t a y	native
মানসিকভাবে	m a n O sh i k bh a b e	native
মানসিকভাবেই	m a n o sh i k bh a b e i	native
মানসুর	m a n sh u r	native
মানসুরা	m a n sh u r a	native
মানসুরার	m a n sh u r a r	native
মানসে	m a n O sh e	native
মানসের	m a n O sh e r	native
মানহানি	m a n h a n i	native
মানহানির	m a n h a n i r	native
মানহিন	m a n h i n	native
মানাই	m a n a i	native
মানাও	m a n a O	native
মানাকে	m a n a k e	native
মানাচ্ছে	m a n a ch chh e	native
মানাত	m a n a t O	native
মানান	m a n a n	native
মানানসই	m a n a n sh O i	native
মানানোর	m a n a n O r	native
মানাবে	m a n a b e	native
মানাম	m a n a m	native
মানামা	m a n a m a	native
মানামার	m a n a m a r	native
মানামায়	m a n a m a y	native
মানার	m a n a r	native
মানারও	m a n a r O	native
মানারাত	m a n a r a t	native
মানাল	m a n a l o	native
মানাস	m a n a sh	native
মানায়	m a n a y	native
মানি	m a n i	native
মানিক	m a n i k	native
মানিককে	m a n i k k e	native
মানিকখালি	m a n i k kh a l i	native
মানিকগঞ্জ	m a n i k g o n j	native
মানিকগঞ্জসহ	m a n i k g o n j sh o h O	native
মানিকগঞ্জে	m a n i k g o n j e	native
মানিকগঞ্জের	m a n i k g o n j e r	native
মানিকছড়ি	m a n i k chh o r i	native
মানিকছড়িতে	m a n i k chh o r i t e	native
মানিকজোড়	m a n i k j O r	native
মানিকতলার	m a n i k t o l a r	native
মানিকদহ	m a n i k d o h o	native
মানিকদা	m a n i k d a	native
মানিকদার	m a n i k d a r	native
মানিকদি	m a n i k d i	native
মানিকদিতে	m a n i k d i t e	native
মানিকদির	m a n i k d i r	native
মানিকদিয়া	m a n i k d i y a	native
মানিকনগর	m a n i k n o g O r	native
মানিকনগরে	m a n i k n o g o r e	native
মানিকনগরের	m a n i k n o g o r e r	native
মানিকপির	m a n i k p i r	native
মানিকপুর	m a n i k p u r	native
মানিকসহ	m a n i k sh o h O	native
মানিকহার	m a n i k h a r	native
মানিকা	m a n i k a	native
মানিকুজ্জামান	m a n i k u j j a m a n	compound
মানিকের	m a n i k e r	native
মানিক্য	m a n i k k O	native
মানিগ্রাম	m a n i g o r a m	native
মানিত	m a n i t O	native
মানিনি	m a n i n i	native
মানিপ্লান্ট	m a n i p l a n T	loanword
মানিব্যাগটি	m a n i b A g T i	loanword
মানিব্যাগে	m a n i b A g e	loanword
মানিব্যাগের	m a n i b A g e r	loanword
মানির	m a n i r	native
মানিলন্ডারিং	m a n i l o n D a r i ng	loanword
মানিয়া	m a n i y a	native
মানিয়ে	m a n i y e	native
মানিয়েই	m a n i y e i	native
মানিয়েছে	m a n i y e chh e	native
মানু	m a n u	native
মানুক	m a n u k	native
মানুকা	m a n u k a	native
মানুকোন্ডা	m a n u k O n D a	native
মানুদা	m a n u d a	native
মানুদার	m a n u d a r	native
মানুন	m a n u n	native
মানুশ	m a n u sh	native
মানুশই	m a n u sh i	native
মানুশও	m a n u sh O	native
মানুশকে	m a n u sh k e	native
মানুশকেই	m a n u sh k e i	native
মানুশকেও	m a n u sh k e O	native
মানুশখেকো	m a n u sh kh e k O	native
মানুশগুলো	m a n u sh g u l O	native
মানুশগুলোই	m a n u sh g u l O i	native
মানুশগুলোও	m a n u sh g u l O O	native
মানুশগুলোকে	m a n u sh g u l O k e	native
মানুশগুলোর	m a n u sh g u l O r	native
মানুশজন	m a n u sh j o n	native
মানুশজনও	m a n u sh j o n O	native
মানুশজনকে	m a n u sh j o n k e	native
মানুশজনের	m a n u sh j o n e r	native
মানুশটা	m a n u sh T a	native
মানুশটাই	m a n u sh T a i	native
মানুশটাকে	m a n u sh T a k e	native
মানুশটার	m a n u sh T a r	native
মানুশটি	m a n u sh T i	native
মানুশটিই	m a n u sh T i i	native
মানুশটিও	m a n u sh T i O	native
মানুশটিকে	m a n u sh T i k e	native
মানুশটির	m a n u sh T i r	native
মানুশদের	m a n u sh d e r	native
মানুশদেরই	m a n u sh d e r o i	native
মানুশদেরও	m a n u sh d e r O	native
মানুশদেরকে	m a n u sh d e r k e	native
মানুশমাত্রই	m a n u sh m a tr o i	native
মানুশমারা	m a n u sh m a r a	native
মানুশরা	m a n u sh r a	native
মানুশরাই	m a n u sh r a i	native
মানুশরাও	m a n u sh r a O	native
মানুশরুপি	m a n u sh r u p i	native
মানুশরে	m a n u sh r e	native
মানুশসহ	m a n u sh sh o h O	native
মানুশি	m a n u sh i	native
মানুশে	m a n u sh e	native
মানুশের	m a n u sh e r	native
মানুশেরই	m a n u sh e r i	native
মানুশেরও	m a n u sh e r O	native
মানুশেরা	m a n u sh e r a	native
মানুশেরাই	m a n u sh e r a i	native
মানুশেরাও	m a n u sh e r a O	native
মানুয়েল	m a n u y e l	native
মানেই	m a n e i	native
মানেও	m a n e O	native
মানেকশ	m a n e k sh o	native
মানেকশর	m a n e k sh o r	native
মানেকা	m a n e k a	native
মানেটা	m a n e T a	native
মানেন	m a n e n	native
মানেননি	m a n e n n i	native
মানেনি	m a n e n i	native
মানের	m a n e r	native
মানেরও	m a n e r O	native
মানেরটির	m a n e r T i r	native
মানো	m a n O	native
মানোত্তির্ন	m a n O tt i r n o	native
মানোন্নয়ন	m a n O nn o y o n	native
মানোন্নয়নসহ	m a n O nn o y o n sh o h O	native
মানোন্নয়নে	m a n O nn o y o n e	native
মানোন্নয়নের	m a n O nn o y o n e r	native
মানোয়ার	m a n O y a r	native
মান্টার	m a n T a r	native
মান্ডলা	m a n D o l a	native
মান্ডলার	m a n D o l a r	loanword
মান্ডা	m a n D a	native
মান্ডায়	m a n D a y	native
মান্ত্রা	m a nt r a	native
মান্থলি	m a n th l i	native
মান্থস	m a n th sh	native
মান্দ	m a nd o	native
মান্দা	m a nd a	native
মান্দাইল	m a nd a i l	native
মান্দার	m a nd a r	native
মান্দারতলা	m a nd a r t o l a	native
মান্দারবাড়িয়া	m a nd a r b a r i y a	compound
মান্দালয়	m a nd a l o y	native
মান্দাস	m a nd a sh	native
মান্দি	m a nd i	native
মান্দ্য	m a nd O	native
মান্দ্রাজ	m a ndr a j	native
মান্ধাতা	m a ndh a t a	native
মান্না	m a nn a	native
মান্নাতে	m a nn a t e	native
মান্নান	m a nn a n	native
মান্নানকে	m a nn a n k e	native
মান্নানসহ	m a nn a n sh o h O	native
মান্নার	m a nn a r	native
মান্য	m a n n O	native
মান্যতা	m a n n O t a	native
মাপক	m a p o k	native
মাপকাঠি	m a p k a Th i	native
মাপকাঠিতেই	m a p k a Th i t e i	native
মাপকাঠির	m a p k a Th i r	native
মাপজোক	m a p j O k	native
মাপজোকের	m a p j O k e r	native
মাপজোখ	m a p j O kh	native
মাপতে	m a p t e	native
মাপন	m a p O n	native
মাপলে	m a p l e	native
মাপার	m a p a r	native
মাপুতু	m a p u t u	native
মাপুন	m a p u n	native
মাপে	m a p e	native
মাপেট	m a p e T	loanword
মাপেন	m a p e n	native
মাপের	m a p e r	native
মাফ	m a ph	native
মাফরুহা	m a ph r u h a	native
মাফলার	m a ph l a r	native
মাফিক	m a ph i k	native
মাফিন	m a ph i n	native
মাফিয়া	m a ph i y a	native
মাফের	m a ph e r	native
মাবরুক	m a b r u k	native
মাবুদ	m a b u d	native
মাবুদের	m a b u d e r	native
মাম	m a m	native
মামনি	m a m o n i	native
মামনুন	m a m n u n	native
মামলত	m a m l o t	native
মামলাই	m a m l a i	native
মামলাও	m a m l a O	native
মামলাকারি	m a m o l a k a r i	native
মামলাকে	m a m l a k e	native
মামলাকেও	m a m o l a k e O	native
মামলাগুলো	m a m l a g u l O	native
মামলাগুলোর	m a m l a g u l O r	native
মামলাগুলোয়	m a m o l a g u l O y	native
মামলাজট	m a m l a j o T	native
মামলাজটের	m a m o l a j o T e r	native
মামলাজনিত	m a m o l a j o n i t o	native
মামলাটা	m a m l a T a	native
মামলাটিও	m a m l a T i O	native
মামলাটিকে	m a m l a T i k e	native
মামলাটিতে	m a m l a T i t e	native
মামলাটির	m a m l a T i r	native
মামলাতেই	m a m l a t e i	native
মামলাতেও	m a m l a t e O	native
মামলাধিন	m a m o l a dh i n	native
মামলাবাজ	m a m o l a b a j	native
মামলাভুক্ত	m a m o l a bh u kt o	native
মামলার	m a m l a r	native
মামলারই	m a m l a r i	native
মামলারও	m a m l a r O	native
মামলাসংক্রান্ত	m a m o l a sh o ng kr a nt o	compound
মামলাসহ	m a m l a sh o h O	native
মামলায়	m a m l a y o	native
মামলায়ই	m a m o l a y i	native
মামলায়ও	m a m o l a y O	native
মামাও	m a m a O	native
মামাকে	m a m a k e	native
মামাকেও	m a m a k e O	native
মামাত	m a m a t O	native
মামাদের	m a m a d e r	native
মামাবাড়ি	m a m a b a r i	native
মামার	m a m a r	native
মামারা	m a m a r a	native
মামাশ্বশুর	m a m a sh O sh u r	tatsama
মামাসহ	m a m a sh o h O	native
মামির	m a m i r	native
মামু	m a m u	native
মামুদ	m a m u d	native
মামুদপুর	m a m u d p u r	native
মামুদের	m a m u d e r	native
মামুন	m a m u n	native
মামুনও	m a m u n O	native
মামুনকে	m a m u n k e	native
মামুনসহ	m a m u n sh o h O	native
মামুনুর	m a m u n u r	native
মামুনুরের	m a m u n u r e r	native
মামুনুল	m a m u n u l	native
মামুনুলকে	m a m u n u l k e	native
মামুনুলদের	m a m u n u l d e r	native
মামুনুলরা	m a m u n u l r a	native
মামুনুলের	m a m u n u l e r	native
মামুনের	m a m u n e r	native
মামুর	m a m u r	native
মামুরা	m a m u r a	native
মামুরায়	m a m u r a y	native
মামুরে	m a m u r e	native
মামুলি	m a m u l i	native
মাম্পস	m a mp sh	native
মার	m a r	native
মারউইক	m a r u i k	native
মারউইকের	m a r u i k e r	native
মারও	m a r O	native
মারওয়া	m a r O y a	native
মারওয়াত	m a r O y a t	native
মারক	m a r k	native
মারকাজুল	m a r k a j u l	native
মারকাজুলের	m a r k a j u l e r	native
মারকাটারি	m a r k a T a r i	native
মারকান্দে	m a r k a nd e	native
মারকিন	m a r k i n	native
মারকুয়েজ	m a r k u y e j	native
মারকুয়েজের	m a r k u y e j e r	native
মারকো	m a r k O	native
মারকোস	m a r k O sh	native
মারচেনা	m a r ch e n a	native
মারছি	m a r chh i	native
মারছিল	m a r chh i l O	native
মারছিলেন	m a r chh i l e n	native
মারছে	m a r chh e	native
মারছেন	m a r chh e n	native
মারজা	m a r j a	native
মারজান	m a r j a n	native
মারজানার	m a r j a n a r	native
মারজাহ	m a r j a h	native
মারজায়	m a r j a y	native
মারজিয়া	m a r j i y a	native
মারজুক	m a r j u k	native
মারজুকি	m a r j u k i	native
মারজুকের	m a r j u k e r	native
মারটা	m a r T a	native
মারডক	m a r D o k	proper_noun
মারডককে	m a r D o k k e	proper_noun
মারডকের	m a r D o k e r	proper_noun
মারত	m a r t O	native
মারতে	m a r t e	native
মারতেই	m a r t e i	native
মারতেও	m a r t e O	native
মারতেন	m a r t e n	native
মারদাংগা	m a r d a ng g a	native
মারদান	m a r d a n	native
মারধর	m a r dh o r	native
মারধরও	m a r dh o r O	native
মারধরসহ	m a r dh o r sh o h O	native
মারধরের	m a r dh O r e r	native
মারন	m a r o n	native
মারনাস্ত্র	m a r o n a sh r o	native
মারনাস্ত্রের	m a r o n a sh r e r	native
মারপিট	m a r p i T	native
মারপিটে	m a r p i T e	native
মারপিটের	m a r p i T e r	native
মারপ্যাচ	m a r p A ch	native
মারপ্যাচে	m a r p A ch e	native
মারপ্যাচের	m a r p A ch e r	native
মারফত	m a r ph o t	native
মারফতি	m a r ph O t i	native
মারফতিয়া	m a r ph o t i y a	native
মারফতে	m a r ph o t e	native
মারফা	m a r ph a	native
মারফির	m a r ph i r	native
মারব	m a r b O	native
মারবে	m a r b e	native
মারবেই	m a r b e i	native
মারবেন	m a r b e n	native
মারভান	m a r bh a n	native
মারভিন	m a r bh i n	native
মারমা	m a r m a	native
মারমাকে	m a r m a k e	native
মারমাদের	m a r m a d e r	native
মারমাসহ	m a r m a sh o h O	native
মারমুখি	m a r m u kh i	native
মারমুখো	m a r m u kh O	native
মারমেইড	m a r m e i D	loanword
মারল	m a r l O	native
মারলিন	m a r l i n	native
মারলে	m a r l e	native
মারলো	m a r l O	native
মারস	m a r o sh	native
মারহাট্টা	m a r h a T T a	native
মারা	m a r a	native
মারাই	m a r a i	native
মারাও	m a r a O	native
মারাক	m a r a k	native
মারাককে	m a r a k k e	native
মারাকানা	m a r a k a n a	native
মারাকানার	m a r a k a n a r	native
মারাকের	m a r a k e r	native
মারাজান	m a r a j a n	native
মারাটা	m a r a T a	native
মারাঠা	m a r a Th a	native
মারাত্দক	m a r a t t o k	native
মারাত্মকভাবে	m a r a t t O k bh a b e	native
মারাদোনা	m a r a d O n a	native
মারাদোনার	m a r a d O n a r	native
মারান	m a r a n	native
মারান্ডি	m a r a n D i	proper_noun
মারান্ডির	m a r a n D i r	proper_noun
মারামারি	m a r a m a r i	native
মারামারিও	m a r a m a r i O	native
মারামারিতে	m a r a m a r i t e	native
মারামারির	m a r a m a r i r	native
মারামারিসহ	m a r a m a r i sh o h O	native
মারার	m a r a r	native
মারারই	m a r a r i	native
মারায়	m a r a y	native
মারি	m a r i	native
মারিও	m a r i O	native
মারিকো	m a r i k O	native
মারিচ	m a r i ch	native
মারিজুয়ানা	m a r i j u y a n a	native
মারিডা	m a r i D a	native
মারিত	m a r i t	native
মারিতে	m a r i t e	native
মারিন	m a r i n	native
মারিনহো	m a r i n h O	native
মারিনহোর	m a r i n h O r	native
মারিনা	m a r i n a	native
মারিনো	m a r i n O	native
মারিনোর	m a r i n O r	native
মারিব	m a r i b	native
মারিবে	m a r i b e	native
মারিশ্যা	m a r i sh sh a	native
মারিস	m a r i sh	native
মারিসা	m a r i sh a	native
মারিয়ম	m a r i y o m	native
মারিয়া	m a r i y a	native
মারিয়াকে	m a r i y a k e	native
মারিয়ান	m a r i y a n	native
মারিয়ানো	m a r i y a n O	native
মারিয়াম	m a r i y a m	native
মারিয়ার	m a r i y a r	native
মারিয়ারা	m a r i y a r a	native
মারু	m a r u	native
মারুক	m a r u k	native
মারুত	m a r u t	native
মারুতি	m a r u t i	native
মারুতির	m a r u t i r	native
মারুন	m a r u n	native
মারুফকে	m a r u ph k e	native
মারুফা	m a r u ph a	native
মারুফের	m a r u ph e r	native
মারুবেনি	m a r u b e n i	native
মারুলি	m a r u l i	native
মারে	m a r e	native
মারেই	m a r e i	native
মারেও	m a r e i	native
মারেক	m a r e k	native
মারেকে	m a r e k e	native
মারেন	m a r e n	native
মারেননি	m a r e n n i	native
মারোজান	m a r O j a n	native
মারোত্তা	m a r O tt a	native
মারোয়া	m a r O y a	native
মারোয়াড়ি	m a r O y a r i	native
মার্ক	m a r k	native
মার্ককে	m a r k k e	native
মার্কনি	m a r k o n i	native
মার্কস	m a r k sh	native
মার্কসবাদ	m a r k sh b a d	native
মার্কসবাদি	m a r k sh b a d i	native
মার্কসের	m a r k sh e r	native
মার্কা	m a r k a	native
মার্কার	m a r k a r	native
মার্কারি	m a r k a r i	native
মার্কাস	m a r k a sh	native
মার্কায়	m a r k a y	native
মার্কি	m a r k i	native
মার্কিং	m a r k i ng	native
মার্কিন	m a r k i n	native
মার্কিনঅনুসন্ধানিসাংবাদিক	m a r k i n o n u sh o ndh a n i sh a ng b a d i k	compound
মার্কিনই	m a r k i n i	native
মার্কিনদের	m a r k i n d e r	native
মার্কিননিতির	m a r k i n n i t i r	native
মার্কিনপন্থি	m a r k i n p o n th i	native
মার্কিনবিরোধি	m a r k i n b i r O dh i	compound
মার্কিনরা	m a r k i n r a	native
মার্কিনরাও	m a r k i n r a O	native
মার্কিনি	m a r k i n i	native
মার্কিনিকে	m a r k i n i k e	native
মার্কিনিদের	m a r k i n i d e r	native
মার্কিনিরা	m a r k i n i r a	native
মার্কিনের	m a r k i n e r	native
মার্কে	m a r k e	native
মার্কেজ	m a r k e j	native
মার্কেট	m a r k e T	loanword
মার্কেটও	m a r k e T O	loanword
মার্কেটকে	m a r k e T k e	loanword
মার্কেটগুলো	m a r k e T g u l O	loanword
মার্কেটগুলোতে	m a r k e T g u l O t e	compound
মার্কেটগুলোতেও	m a r k e T g u l O t e O	compound
মার্কেটগুলোর	m a r k e T g u l O r	loanword
মার্কেটগুলোয়	m a r k e T g u l O y	loanword
মার্কেটপ্লেস	m a r k e T p l e s	loanword
মার্কেটপ্লেসগুলোতে	m a r k e T p l e s g u l O t e	loanword
মার্কেটপ্লেসে	m a r k e T p l e s e	loanword
মার্কেটপ্লেসের	m a r k e T p l e s e r	loanword
মার্কেটস	m a r k e T o s	loanword
মার্কেটিংয়ে	m a r k e T i ng y e	loanword
মার্কেটিংয়ের	m a r k e T i ng y e r	loanword
মার্কেটে	m a r k e T e	loanword
মার্কেটেই	m a r k e T e i	loanword
মার্কেটেও	m a r k e T e O	loanword
মার্কেটের	m a r k e T e r	loanword
মার্কেন্টাইল	m a r k e n T a i l	loanword
মার্কের	m a r k e r	native
মার্কেল	m a r k e l	native
মার্কেলের	m a r k e l e r	native
মার্কেস	m a r k e sh	native
মার্কেসের	m a r k e sh e r	native
মার্কো	m a r k O	native
মার্কোর	m a r k O r	native
মার্কোস	m a r k O sh	native
মার্কোসের	m a r k O sh e r	native
মার্ক্স	m a r k s	loanword
মার্ক্সবাদ	m a r k s o b a d	loanword
মার্ক্সবাদি	m a r k s b a d i	loanword
মার্ক্সবাদের	m a r k s o b a d e r	loanword
মার্ক্সিস্ট	m a r k s i s T	loanword
মার্ক্সিয়	m a r k s i y	loanword
মার্ক্সের	m a r k s e r	loanword
মার্গ	m a r g	native
মার্গলিস	m a r g l i sh	native
মার্গাখ্যায়ি	m a r g a k kh a y i	native
মার্গারিটা	m a r g a r i T a	proper_noun
মার্গারেট	m a r g a r e T	proper_noun
মার্গারেটা	m a r g a r e T a	proper_noun
মার্গুব	m a r g u b	native
মার্গে	m a r g e	native
মার্গের	m a r g e r	native
মার্চ	m a r ch	native
মার্চই	m a r ch i	native
মার্চও	m a r ch O	native
মার্চকে	m a r ch k e	native
মার্চপাস্ট	m a r ch p a s T	loanword
মার্চভিত্তিক	m a r ch bh i tt i k	native
মার্চে	m a r ch e	native
মার্চেই	m a r ch e i	native
মার্চেও	m a r ch e O	native
মার্চেন্টস	m a r ch e n T s	loanword
মার্চেন্ডাইজার	m a r ch e n D a i j a r	compound
মার্চেন্ডাইজিং	m a r ch e n D a i j i ng	compound
মার্জক	m a r j o k	native
মার্জন	m a r j O n	native
মার্জনা	m a r j O n a	native
মার্জনাজোগ্য	m a r j o n a j O g g o	native
মার্জনার	m a r j o n a r	native
মার্জার	m a r j a r	native
মার্জিত	m a r j i t O	native
মার্জিন	m a r j i n	native
মার্জিনরিন	m a r j i n r i n	native
মার্জিনে	m a r j i n e	native
মার্জিনেবল	m a r j i n e b o l	native
মার্জিনের	m a r j i n e r	native
মার্জিয়া	m a r j i y a	native
মার্জিয়ার	m a r j i y a r	native
মার্ট	m a r T	loanword
মার্টিন	m a r T i n	proper_noun
মার্টিনকে	m a r T i n k e	proper_noun
মার্টিনস	m a r T i n s	proper_noun
মার্টিনসের	m a r T i n s e r	proper_noun
মার্টিনা	m a r T i n a	proper_noun
মার্টিনে	m a r T i n e	proper_noun
মার্টিনেজ	m a r T i n e j	proper_noun
মার্টিনো	m a r T i n O	proper_noun
মার্টেন	m a r T e n	proper_noun
মার্টের	m a r T e r	loanword
মার্ডার	m a r D a r	loanword
মার্ডারের	m a r D a r e r	loanword
মার্ডি	m a r D i	proper_noun
মার্ডির	m a r D i r	proper_noun
মার্তন্ড	m a r t o n D O	native
মার্তা	m a r t a	native
মার্তাকে	m a r t a k e	native
মার্তার	m a r t a r	native
মার্তিন	m a r t i n	native
মার্তিনোর	m a r t i n O r	native
মার্থা	m a r th a	native
মার্দব	m a r d o b O	native
মার্ভেল	m a r bh e l	native
মার্ভেলের	m a r bh e l e r	native
মার্মা	m a r m a	native
মার্লিন	m a r l i n	native
মার্শা	m a r sh a	native
মার্শাল	m a r sh a l	native
মার্শালকে	m a r sh a l k e	native
মার্শালের	m a r sh a l e r	native
মার্শেই	m a r sh e i	native
মার্শেইয়ের	m a r sh e i y e r	native
মার্শের	m a r sh e r	native
মার্শেলির	m a r sh e l i r	native
মার্স	m a r sh	native
মার্সডেন	m a r s o D e n	proper_noun
মার্সিডিজ	m a r s i D i j	proper_noun
মার্সিয়া	m a r sh i y a	native
মার্সের	m a r sh e r	native
মার্সেল	m a r sh e l	native
মার্সেলের	m a r sh e l e r	native
মার্সেলো	m a r sh e l O	native
মার্সেলোর	m a r sh e l O r	native
মার্সো	m a r sh O	native
মার্সোর	m a r sh O r	native
মার্হাবা	m a r h a b a	native
মারয়ারি	m a r O y a r i	native
মাল	m a l	native
মালউন	m a l o u n	native
মালকিন	m a l k i n	native
মালকোচা	m a l k O ch a	native
মালখানা	m a l kh a n a	native
মালখানায়	m a l kh a n a y	native
মালগাড়ি	m a l g a r i	native
মালগাড়ির	m a l g a r i r	native
মালজুড়া	m a l j u r a	native
মালঝাপ	m a l jh a p	native
মালঞ্চি	m a l o n ch i	native
মালটা	m a l T a	proper_noun
মালটার	m a l T a r	proper_noun
মালত	m a l o t	native
মালতকে	m a l o t k e	native
মালতির	m a l o t i r	native
মালদহ	m a l d o h O	native
মালদহে	m a l d o h e	native
মালদা	m a l d a	native
মালদার	m a l d a r	native
মালদিনি	m a l d i n i	native
মালদ্বিপ	m a l d i p	native
মালদ্বিপকে	m a l d i p k e	native
মালদ্বিপে	m a l d i p e	native
মালদ্বিপের	m a l d i p e r	native
মালপত্র	m a l p o tr O	native
মালপত্রও	m a l p o tr o O	native
মালপত্রটা	m a l p o tr O T a	native
মালপত্রের	m a l o p o tr e r	native
মালব	m a l O b	native
মালবাহি	m a l b a h i	native
মালবোঝাই	m a l b O jh a i	native
মালভর্তি	m a l bh o r t i	native
মালভুমি	m a l bh u m i	native
মালভুমির	m a l bh u m i r	native
মালমসলা	m a l m o sh l a	native
মালরো	m a l r O	native
মালরোর	m a l r O r	native
মালসা	m a l sh a	native
মালসি	m a l sh i	native
মালহা	m a l h a	native
মালহার	m a l h a r	native
মালহোত্রার	m a l h O tr a r	native
মালাই	m a l a i	native
মালাইকা	m a l a i k a	native
মালাইকার	m a l a i k a r	native
মালাইকারি	m a l a i k a r i	native
মালাইচাকি	m a l a i ch a k i	native
মালাউইর	m a l a u i r	native
মালাও	m a l a O	native
মালাওয়ি	m a l a O y i	native
মালাকার	m a l a k a r	native
মালাক্কা	m a l a k k a	native
মালাগা	m a l a g a	native
মালাটা	m a l a T a	native
মালাটি	m a l a T i	native
মালাদিপক	m a l a d i p o k	native
মালাদেশ	m a l a d e sh	native
মালাবদল	m a l a b o d O l	native
মালাবার	m a l a b a r	native
মালাম	m a l a m	native
মালামালও	m a l a m a l O	native
মালামালগুলো	m a l a m a l g u l O	native
মালামালসহ	m a l a m a l sh o h O	native
মালামালের	m a l a m a l e r	native
মালার	m a l a r	native
মালার্কোর	m a l a r k O r	native
মালালা	m a l a l a	native
মালালাকে	m a l a l a k e	native
মালালার	m a l a l a r	native
মালায়	m a l a y	native
মালি	m a l i	native
মালিংগা	m a l i ng g a	native
মালিংগাকে	m a l i ng g a k e	native
মালিংগাদের	m a l i ng g a d e r	native
মালিংগার	m a l i ng g a r	native
মালিকই	m a l i k i	native
মালিকও	m a l i k O	native
মালিককে	m a l i k k e	native
মালিককেই	m a l i k k e i	native
মালিককেও	m a l i k k e O	native
মালিকদের	m a l i k d e r	native
মালিকদেরই	m a l i k d e r i	native
মালিকদ্বয়	m a l i k d o y o	native
মালিকপক্ষ	m a l i k p o kkh o	tatsama
মালিকপক্ষও	m a l i k p o kkh o O	tatsama
মালিকপক্ষকে	m a l i k p o kkh o k e	tatsama
মালিকপক্ষকেও	m a l i k p o kkh o k e O	tatsama
মালিকপক্ষের	m a l i k p o kkh e r	tatsama
মালিকরাই	m a l i k r a i	native
মালিকরাও	m a l i k r a O	native
মালিকশ্রেনির	m a l i k sh r e n i r	native
মালিকসহ	m a l i k sh o h O	native
মালিকা	m a l i k a	native
মালিকাধিন	m a l i k a dh i n	native
মালিকানা	m a l i k a n a	native
মালিকানাও	m a l i k a n a O	native
মালিকানাধিন	m a l i k a n a dh i n	native
মালিকানাসংক্রান্ত	m a l i k a n a sh o ng kr a nt o	compound
মালিকানায়	m a l i k a n a y	native
মালিকান্দা	m a l i k a nd a	native
মালিকি	m a l i k i	native
মালিকির	m a l i k i r	native
মালিকে	m a l i k e	native
মালিকের	m a l i k e r	native
মালিকেরই	m a l i k e r i	native
মালিকেরা	m a l i k e r a	native
মালিকেরাই	m a l i k e r a i	native
মালিকেরাও	m a l i k e r a O	native
মালিগ্রাম	m a l i gr a m	native
মালিগ্রামের	m a l i gr a m e r	native
মালিটোলার	m a l i T O l a r	native
মালিথা	m a l i th a	native
মালিথার	m a l i th a r	native
মালিনি	m a l i n i	native
মালিনির	m a l i n i r	native
মালিন্য	m a l i n n O	native
মালিবাগ	m a l i b a g	native
মালিবাগে	m a l i b a g e	native
মালিবাগেও	m a l i b a g e O	native
মালিবাগের	m a l i b a g e r	native
মালির	m a l i r	native
মালিরা	m a l i r a	native
মালিশ	m a l i sh	native
মালিশের	m a l i sh e r	native
মালিহা	m a l i h a	native
মালিয়া	m a l i y a	native
মালু	m a l u	native
মালুঞ্চা	m a l u n ch a	native
মালুদা	m a l u d a	native
মালুম	m a l u m	native
মালেকও	m a l e k O	native
মালেককে	m a l e k k e	native
মালেকসহ	m a l e k sh o h O	native
মালেকা	m a l e k a	native
মালেকার	m a l e k a r	native
মালেকুল	m a l e k u l	native
মালেকের	m a l e k e r	native
মালেজ	m a l e j	native
মালেন	m a l e n	native
মালেনের	m a l e n e r	native
মালেমার	m a l e m a r	native
মালের	m a l e r	native
মালেশিয়া	m a l e sh i y a	native
মালোপমা	m a l O p o m a	native
মালোপাড়া	m a l O p a r a	native
মালোর্কার	m a l O r k a r	native
মাল্টা	m a l T a	proper_noun
মাল্টার	m a l T a r	proper_noun
মাল্টায়	m a l T a y	proper_noun
মাল্টিগ্রেড	m a l T i gr e D	loanword
মাল্টিটাচ	m a l T i T a ch	loanword
মাল্টিটাস্কিং	m a l T i T a s k i ng	loanword
মাল্টিড্রাগ	m a l T i D r a g	loanword
মাল্টিন্যাশনাল	m a l T i n a sh n a l	compound
মাল্টিপল	m a l T i p O l	loanword
মাল্টিপারপাস	m a l T i p a r p a s	loanword
মাল্টিপারপাসে	m a l T i p a r p a sh e	compound
মাল্টিপারপাসের	m a l T i p a r p a sh e r	compound
মাল্টিপ্লান	m a l T i p l a n	loanword
মাল্টিফাংশনাল	m a l T i ph a ng sh o n a l	compound
মাল্টিমিডিয়া	m a l T i m i D i y a	loanword
মাল্টিমিডিয়ার	m a l T i m i D i y a r	compound
মাল্টিমোড	m a l T i m O D	loanword
মাল্টিমোডকে	m a l T i m O D k e	loanword
মাল্টিলেভেল	m a l T i l e bh e l	loanword
মাল্টিসিট	m a l T i s i T	loanword
মাল্টিসেক্টরাল	m a l T i sh e k T o r a l	compound
মাল্য	m a l l O	native
মাল্যদান	m a l l O d a n	native
মাল্লা	m a l l a	native
মাল্লি	m a l l i	native
মালয়	m a l o y	native
মালয়ালাম	m a l y a l a m	native
মালয়েশিয়	m a l o y e sh i y	native
মালয়েশিয়া	m a l O y e sh i a	native
মালয়েশিয়াকে	m a l o y e sh i y a k e	native
মালয়েশিয়াগামি	m a l o y e sh i y a g a m i	compound
মালয়েশিয়াতে	m a l o y e sh i y a t e	native
মালয়েশিয়ান	m a l o y e sh i y a n	native
মালয়েশিয়াভিত্তিক	m a l o y e sh i y a bh i tt i k	compound
মালয়েশিয়ার	m a l o y e sh i y a r	native
মালয়েশিয়াসহ	m a l o y e sh i y a sh o h O	native
মালয়েশিয়ায়	m a l o y e sh i y a y	native
মাশকলাই	m a sh k o l a i	native
মাশকলাইয়ের	m a sh k o l a i y e r	native
মাশকারা	m a sh k a r a	native
মাশরফি	m a sh r a ph i	native
মাশরাফি	m a sh r a ph i	native
মাশরাফিই	m a sh r a ph i i	native
মাশরাফিও	m a sh r a ph i O	native
মাশরাফিকে	m a sh r a ph i k e	native
মাশরাফিদের	m a sh r a ph i d e r	native
মাশরাফিবাহিনি	m a sh r a ph i b a h i n i	compound
মাশরাফিবিহিন	m a sh o r a ph i b i h i n	native
মাশরাফির	m a sh r a ph i r	native
মাশরাফিরও	m a sh r a ph i r O	native
মাশরাফিরা	m a sh r a ph i r a	native
মাশরি	m a sh r i	native
মাশরির	m a sh r i r	native
মাশরুকা	m a sh r u k a	native
মাশরুবা	m a sh r u b a	native
মাশরুমের	m a sh r u m e r	native
মাশরুর	m a sh r u r	native
মাশরেকি	m a sh r e k i	native
মাশা	m a sh a	native
মাশাল	m a sh a l	native
মাশায়েখ	m a sh a y e kh	native
মাশায়েখদের	m a sh a y e kh d e r	native
মাশিদুল	m a sh i d u l	native
মাশিয়াত	m a sh i y a t	native
মাশুক	m a sh u k	native
মাশুলও	m a sh u l O	native
মাশুলসহ	m a sh u l sh o h O	native
মাশুলে	m a sh u l e	native
মাশুলের	m a sh u l e r	native
মাশ্টার	m a s T a r	loanword
মাসআলা	m a sh a l a	native
মাসই	m a sh i	native
মাসউদ	m a sh u d	native
মাসও	m a sh O	native
মাসওয়ারি	m a sh O y a r i	native
মাসকট	m a s k o T	loanword
মাসকাট	m a s k a T	proper_noun
মাসকাটের	m a s k a T e r	proper_noun
মাসকাতি	m a sh k a t i	native
মাসকান্দা	m a sh k a nd a	native
মাসকারা	m a sh k a r a	native
মাসকুলার	m a sh k u l a r	native
মাসকে	m a sh k e	native
মাসকেই	m a sh k e i	native
মাসকেরনি	m a sh k e r n i	native
মাসখানেক	m a sh kh a n e k	native
মাসখানেকের	m a sh kh a n e k e r	native
মাসগুলোতে	m a sh g u l O t e	native
মাসগুলোতেও	m a sh g u l O t e O	native
মাসগুলোয়	m a sh g u l O y	native
মাসচেরানোর	m a sh ch e r a n O r	native
মাসজুড়ে	m a sh j u r e	native
মাসজুড়েই	m a sh j u r e i	native
মাসটা	m a sh T a	native
মাসটি	m a sh T i	native
মাসটিকে	m a sh T i k e	native
মাসটিতে	m a sh T i t e	native
মাসটির	m a sh T i r	native
মাসতুতো	m a sh t u t O	native
মাসদার	m a sh d a r	native
মাসফি	m a sh ph i	native
মাসফিকে	m a sh ph i k e	native
মাসফির	m a sh ph i r	native
মাসব্যাপি	m a sh b A p i	native
মাসভিত্তিক	m a sh bh i tt i k	native
মাসরুর	m a sh r u r	native
মাসল	m a sh O l	native
মাসলাহাল	m a sh l a h a l	native
মাসশ্বশুর	m a sh sh O sh u r	tatsama
মাসসহ	m a sh sh o h O	native
মাসা	m a sh a	native
মাসাই	m a sh a i	native
মাসাক	m a sh a k	native
মাসাককালি	m a sh a k k a l i	native
মাসাকাদজাকে	m a sh a k a d j a k e	native
মাসাকাদজার	m a sh a k a d j a r	native
মাসাক্কালি	m a sh a k k a l i	native
মাসান্ত	m a sh a nt O	native
মাসালা	m a sh a l a	native
মাসাশ	m a h a sh	native
মাসাহিকো	m a sh a h i k O	native
মাসি	m a sh i	native
মাসিক	m a sh i k	native
মাসিকা	m a sh i k a	native
মাসিকে	m a sh i k e	native
মাসিকের	m a sh i k e r	native
মাসিমা	m a sh i m a	native
মাসিমিলিয়ানো	m a sh i m i l i y a n O	native
মাসিমো	m a sh i m O	native
মাসির	m a sh i r	native
মাসিরা	m a sh i r a	native
মাসিয়া	m a sh i y a	native
মাসুক	m a sh u k	native
মাসুকো	m a sh u k O	native
মাসুদ	m a sh u d	native
মাসুদও	m a sh u d O	native
মাসুদকে	m a sh u d k e	native
মাসুদদের	m a sh u d d e r	native
মাসুদসহ	m a sh u d sh o h O	native
মাসুদা	m a sh u d a	native
মাসুদার	m a sh u d a r	native
মাসুদুজ্জামান	m a sh u d u j j a m a n	compound
মাসুদুজ্জামানের	m a sh u d u j j a m a n e r	compound
মাসুদুরকে	m a sh u d u r k e	native
মাসুদুল	m a sh u d u l	native
মাসুদের	m a sh u d e r	native
মাসুন্দিয়া	m a sh u nd i y a	native
মাসুম	m a sh u m	native
মাসুমকে	m a sh u m k e	native
মাসুমা	m a sh u m a	native
মাসুমার	m a sh u m a r	native
মাসুমের	m a sh u m e r	native
মাসুর	m a sh u r	native
মাসুল	m a sh u l	native
মাসে	m a sh e	native
মাসেই	m a sh e i	native
মাসেও	m a sh e O	native
মাসের	m a sh e r	native
মাসেরই	m a sh e r i	native
মাসেরও	m a sh e r O	native
মাসেরু	m a sh e r u	native
মাসোহারা	m a sh O h a r a	native
মাসোহারার	m a sh O h a r a r	native
মাসোয়ারা	m a sh O y a r a	native
মাস্ক	m a s k	loanword
মাস্কটি	m a s k T i	loanword
মাস্কাট	m a s k a T	loanword
মাস্কের	m a s k e r	loanword
মাস্টার	m a s T a r	loanword
মাস্টারকার্ডের	m a s T a r k a r D e r	loanword
মাস্টারকে	m a s T a r k e	loanword
মাস্টারদা	m a s T a r d a	loanword
মাস্টারদার	m a s T a r d a r	loanword
মাস্টারদের	m a s T a r d e r	loanword
মাস্টারপাড়া	m a s T a r p a r a	loanword
মাস্টারপিস	m a s T a r p i s	loanword
মাস্টারপ্যাক	m a s T a r p A k	loanword
মাস্টারপ্ল্যান	m a s T a r p l A n	loanword
মাস্টারপ্ল্যানে	m a s T a r p l A n e	loanword
মাস্টারপ্ল্যানের	m a s T a r p l A n e r	loanword
মাস্টারবাড়ি	m a s T a r b a r i	loanword
মাস্টারমশাই	m a s T a r m o sh a i	loanword
মাস্টারমশাইয়ের	m a s T a r m o sh a i y e r	loanword
মাস্টারমাইন্ড	m a s T a r m a i n D	loanword
মাস্টাররা	m a s T a r r a	loanword
মাস্টাররোল	m a s T a r r O l	loanword
মাস্টাররোলে	m a s T a r r O l e	loanword
মাস্টারস	m a s T a r s	loanword
মাস্টারসহ	m a s T a r sh o h O	loanword
মাস্টারিং	m a s T a r i ng	loanword
মাস্টারিংয়ের	m a s T a r i ng y e r	loanword
মাস্টার্স	m a s T a r s	loanword
মাস্টার্সে	m a s T a r s e	loanword
মাস্তান	m a st a n	native
মাস্তানকে	m a st a n k e	native
মাস্তানদের	m a st a n d e r	native
মাস্তানি	m a st a n i	native
মাস্তানিতে	m a st a n i t e	native
মাস্তানির	m a st a n i r	native
মাস্তানের	m a st a n e r	native
মাস্তানেরা	m a st a n e r a	native
মাস্তি	m a st i	native
মাস্তিজাদে	m a st i j a d e	native
মাস্বা	m a sh sh a	tatsama
মাহগির	m a h g i r	native
মাহজাবিন	m a h j a b i n	native
মাহতাব	m a h t a b	native
মাহতাবউদ্দিন	m a h t a b u d d i n	native
মাহদি	m a h d i	native
মাহনাজ	m a h n a j	native
মাহন্দ্রে	m a h e ndr O	native
মাহফিল	m a h ph i l	native
মাহফিলসহ	m a h ph i l sh o h O	native
মাহফিলে	m a h ph i l e	native
মাহফিলের	m a h ph i l e r	native
মাহফুজ	m a h ph u j	native
মাহফুজকে	m a h ph u j k e	native
মাহফুজা	m a h ph u j a	native
মাহফুজার	m a h ph u j a r	native
মাহফুজুর	m a h ph u j u r	native
মাহফুজুল	m a h ph u j u l	native
মাহফুজের	m a h ph u j e r	native
মাহবরা	m a h o b o r a	native
মাহবুব	m a h b u b	native
মাহবুবউদ্দিন	m a h b u b u d d i n	native
মাহবুবউদ্দিনের	m a h b u b u d d i n e r	compound
মাহবুবউল্লাহ	m a h b u b u l l a h	native
মাহবুবকে	m a h b u b k e	native
মাহবুবর	m a h b u b o r	native
মাহবুবল	m a h b u b l	native
মাহবুবসহ	m a h b u b sh o h O	native
মাহবুবা	m a h b u b a	native
মাহবুবার	m a h b u b a r	native
মাহবুবু	m a h b u b u	native
মাহবুবুন্নবি	m a h b u b u nn o b i	native
মাহবুবুর	m a h b u b u r	native
মাহবুবুল	m a h b u b u l	native
মাহবুবে	m a h b u b e	native
মাহবুবের	m a h b u b e r	native
মাহমুদ	m a h m u d	native
মাহমুদউল্লাহ	m a h m u d u l l a h	native
মাহমুদউল্লাহই	m a h m u d u l l a h i	compound
মাহমুদউল্লাহও	m a h m u d u l l a O	compound
মাহমুদউল্লাহকে	m a h m u d u l l a h k e	compound
মাহমুদউল্লাহর	m a h m u d u l l a r	compound
মাহমুদউল্লাহরও	m a h m u d u l l a h r O	compound
মাহমুদউল্লাহরা	m a h m u d u l l a h r a	compound
মাহমুদও	m a h m u d O	native
মাহমুদকাঠি	m a h m u d k a Th i	native
মাহমুদকে	m a h m u d k e	native
মাহমুদপুর	m a h m u d p u r	native
মাহমুদাকে	m a h m u d a k e	native
মাহমুদার	m a h m u d a r	native
মাহমুদি	m a h m u d i	native
মাহমুদির	m a h m u d i r	native
মাহমুদুজ্জামান	m a h m u d u j j a m a n	compound
মাহমুদুন	m a h m u d u n	native
মাহমুদুন্নবি	m a h m u d u nn o b i	native
মাহমুদুন্নবির	m a h m u d u nn o b i r	compound
মাহমুদুর	m a h m u d u r	native
মাহমুদুল	m a h m u d u l	native
মাহমুদুলকে	m a h m u d u l k e	native
মাহমুদুলের	m a h m u d u l e r	native
মাহমুদুল্লা	m a h m u d u l l a	native
মাহমুদুল্লাহ	m a h m u d u l l a h	native
মাহমুদুল্লাহকে	m a h m u d u l l a h k e	compound
মাহমুদুল্লাহর	m a h m u d u l l a r	compound
মাহমুদের	m a h m u d e r	native
মাহমুুদুর	m a h m u d u r	native
মাহরামের	m a h r a m e r	native
মাহসুদ	m a h sh u d	native
মাহা	m a h a	native
মাহাইকো	m a h a i k O	native
মাহাজনিক	m a h a j O n i k	native
মাহাতকে	m a h a t k e	native
মাহাতাব	m a h a t a b	native
মাহাতাবউদ্দিন	m a h a t a b u d d i n	compound
মাহাতো	m a h a t O	native
মাহাতোর	m a h a t O r	native
মাহাত্ম্য	m a h a t t O	native
মাহাত্ম্যটা	m a h a t t o T a	native
মাহাত্ম্যে	m a h a t t e	native
মাহাত্ম্যের	m a h a t t e r	native
মাহাথির	m a h a th i r	native
মাহাথিরের	m a h a th i r e r	native
মাহাদি	m a h a d i	native
মাহাদির	m a h a d i r	native
মাহাদিরকে	m a h a d i r k e	native
মাহাদিরের	m a h a d i r e r	native
মাহাফুজ	m a h a ph u j	native
মাহাবুব	m a h a b u b	native
মাহাবুবউদ্দিন	m a h a b u b u d d i n	compound
মাহাবুবকে	m a h a b u b k e	native
মাহাবুবর	m a h a b u b r	native
মাহাবুবুর	m a h a b u b u r	native
মাহাবুবুরের	m a h a b u b u r e r	native
মাহাবুবের	m a h a b u b e r	native
মাহাবুর	m a h a b u r	native
মাহামুদ	m a h a m u d	native
মাহামুদা	m a h a m u d a	native
মাহামুদার	m a h a m u d a r	native
মাহামুদারের	m a h a m u d a r e r	native
মাহামুদুর	m a h a m u d u r	native
মাহামুদুল	m a h a m u d u l	native
মাহামুদুল্লাহ	m a h a m u d u l l a h	compound
মাহারা	m a h a r a	native
মাহারুফ	m a h a r u ph	native
মাহালি	m a h a l i	native
মাহায়কো	m a h a y k O	native
মাহি	m a h i	native
মাহিদুর	m a h i d u r	native
মাহিদুল	m a h i d u l	native
মাহিন	m a h i n	native
মাহিনুর	m a h i n u r	native
মাহিনের	m a h i n e r	native
মাহিন্দ	m a h i nd O	native
মাহিন্দা	m a h i nd a	native
মাহিন্দানান্দা	m a h i nd a n a nd a	compound
মাহিন্দ্রা	m a h i ndr a	native
মাহিম	m a h i m	native
মাহির	m a h i r	native
মাহিরা	m a h i r a	native
মাহিলাড়া	m a h i l a r a	native
মাহিশ	m a h i sh	native
মাহিশ্য	m a h i sh sh O	native
মাহিয়া	m a h i a	native
মাহুত	m a h u t O	native
মাহে	m a h e	native
মাহেন্দ্র	m a h e ndr O	native
মাহেন্দ্রক্ষন	m a h e ndr o kkh o n	tatsama
মাহেন্দ্রক্ষনে	m a h e ndr o k k o n e	tatsama
মাহেন্দ্রক্ষনের	m a h e ndr o k k o n e r	tatsama
মাহের	m a h e r	native
মাহেলা	m a h e l a	native
মাহেলার	m a h e l a r	native
মাহেশ	m a h e sh	native
মাহ্ফুজ	m a h ph u j	native
মাহ্ফুজুর	m a h ph u j u r	native
মাহ্বুবা	m a h b u b a	native
মাহ্বুবে	m a h b u b e	native
মাহ্মুদ	m a h m u d	tatsama
মাহয়ারি	m a h a r i	native
মাুনশের	m a n u sh e r	native
মাৎলামি	m a t l a m i	native
মাৎসর্য	m a t sh o r j o	native
মাৎস্য	m a t sh O	native
মাৎস্যন্যায়	m a t sh o n e y a y	native
মাৎস্যবিজ্ঞান	m a t sh o b i g g a n	tatsama
মাড়	m a r	native
মাড়া	m a r a	native
মাড়াইয়ের	m a r a i y e r	native
মাড়াবে	m a r a b e	native
মাড়ায়	m a r a y	native
মাড়ি	m a r i	native
মাড়ির	m a r i r	native
মাড়িয়ে	m a r i y e	native
মাড়িয়েছেন	m a r i y e chh e n	native
মাড়ুয়া	m a r u y a	native
মাড়ের	m a r e r	native
মাড়োয়ারি	m a r O y a r i	native
মাড়োয়ারিদের	m a r O y a r i d e r	native
মাড়োয়াড়ি	m a r O y a r i	native
মায়	m a y	native
মায়ন	m a y o n	native
মায়না	m a y o n a	native
মায়মুন	m a y m u n	native
মায়মুনা	m a y m u n a	native
মায়াই	m a y a i	native
মায়াকানন	m a y a k a n o n	native
মায়াকান্না	m a y a k a nn a	native
মায়াজালে	m a y a j a l e	native
মায়ানমার	m a y a n m a r	native
মায়ানমারের	m a y a n m a r e r	native
মায়ানি	m a y a n i	native
মায়ানির	m a y a n i r	native
মায়াবতি	m a y a b o t i	native
মায়াবতিকে	m a y a b o t i k e	native
মায়াবতির	m a y a b o t i r	native
মায়াবাদি	m a y a b a d i	native
মায়াবি	m a y a b i	native
মায়াভরা	m a y a bh o r a	native
মায়ামি	m a y a m i	native
মায়াময়	m a y a m o y	native
মায়ার	m a y a r	native
মায়ারদিতের	m a y a r d i t e r	native
মায়াসির	m a y a sh i r	native
মায়ায়	m a y a y	native
মায়িদা	m a y i d a	native
মায়ে	m a y e	native
মায়েদের	m a y e d e r	native
মায়েরই	m a y e r i	native
মায়েরও	m a y e r O	native
মায়েরা	m a y e r a	native
মায়েরাও	m a y e r a O	native
মায়েরে	m a y e r e	native
মায়েশা	m a y e sh a	native
মায়েশাকে	m a y e sh a k e	native
মায়েশার	m a y e sh a r	native
মায়েহারা	m a y e h a r a	native
মায়েহারার	m a y e h a r a r	native
মায়োউ	m a y O u	native
মায়োপিয়া	m a y O p i y a	native
মায়োর্কা	m a y O r k a	native
মায়োর্কাকে	m a y O r k a k e	native
মায়োর্কার	m a y O r k a r	native
মা–গোসাই	m a g O sh a i	native
মা–বাপ	m a b a p	native
মি	m i	native
মিংমা	m i ng m a	native
মিইয়ে	m i i y e j a O y a	native
মিউ	m i u	native
মিউং	m i u ng	native
মিউচুয়াল	m i u ch u a l	native
মিউচ্যুয়াল	m i u ch u y a l	native
মিউজ	m i u j	native
মিউজিক	m i u j i k	native
মিউজিকে	m i u j i k e	native
মিউজিকের	m i u j i k e r	native
মিউজিক্যাল	m i u j i k A l	native
মিউজিয়াম	m i u j i y a m	native
মিউজিয়ামে	m i u j i y a m e	native
মিউজিয়ামের	m i u j i y a m e r	native
মিউটেশন	m i u T e sh O n	loanword
মিউনি	m i u n i	native
মিউনিখ	m i u n i kh	native
মিউনিখও	m i u n i kh O	native
মিউনিখকে	m i u n i kh k e	native
মিউনিখে	m i u n i kh e	native
মিউনিখের	m i u n i kh e r	native
মিউনিসিপ্যাল	m i u n i sh i p a l	native
মিউনিসিপ্যালিটির	m i u n i sh i p a l i T i r	compound
মিউমিউ	m i u m i u	native
মিউরেট	m i u r e T	native
মিউৎিক	m i u t i k	native
মিকাইল	m i k a i l	native
মিকাডো	m i k a D O	loanword
মিকাতি	m i k a t i	native
মিকার	m i k a r	native
মিকি	m i k i	native
মিকু	m i k u	native
মিকুর	m i k u r	native
মিকেল	m i k e l	native
মিকেলসনের	m i k e l sh o n e r	native
মিক্কার	m i k k a r	native
মিক্যা	m i k A	native
মিক্সচার	m i k s o ch a r	loanword
মিক্সড	m i k s D	loanword
মিখাইল	m i kh a i l	native
মিখাইলভনা	m i kh a i l bh o n a	native
মিখাইলোভ	m i kh a i l O bh	native
মিখালকভ	m i kh a l k o bh	native
মিখায়েল	m i kh a y e l	native
মিগ	m i g	native
মিগুয়েল	m i g u y e l	native
মিচ	m i ch	native
মিচির	m i ch i r	native
মিচেল	m i ch e l	native
মিছবাহ	m i chh b a h	native
মিছবাহুর	m i chh b a h u r	native
মিছবাহ্	m i chh b a h	native
মিছা	m i chh a	native
মিছিলই	m i chh i l i	native
মিছিলও	m i chh i l O	native
মিছিলকারি	m i chh i l k a r i	native
মিছিলকারিদের	m i chh i l k a r i d e r	native
মিছিলকারিরা	m i chh i l k a r i r a	native
মিছিলকে	m i chh i l k e	native
মিছিলটিকে	m i chh i l T i k e	native
মিছিলটির	m i chh i l T i r	native
মিছিলপুর্ব	m i chh i l p u r b o	native
মিছিলসহকারে	m i chh i l sh o h o k a r e	native
মিছিলে	m i chh i l e	native
মিছিলেও	m i chh i l e O	native
মিছিলের	m i chh i l e r	native
মিছেমিছি	m i chh e m i chh i	native
মিজ	m i j	native
মিজবাহউদ্দিন	m i j b a h u d d i n	native
মিজমিজি	m i j m i j i	native
মিজান	m i j a n	native
মিজানউদ্দিন	m i j a n u d d i n	native
মিজানপুর	m i j a n p u r	native
মিজানসহ	m i j a n sh o h O	native
মিজানুর	m i j a n u r	native
মিজানুরকে	m i j a n u r k e	native
মিজানুরের	m i j a n u r e r	native
মিজানুল	m i j a n u l	native
মিজানুলের	m i j a n u l e r	native
মিজানের	m i j a n e r	native
মিজারুল	m i j a r u l	native
মিজি	m i j i	native
মিজু	m i j u	native
মিজোরাম	m i j O r a m	native
মিজোরামে	m i j O r a m e	native
মিজোরামের	m i j O r a m e r	native
মিঞা	m i y a	native
মিঞাকে	m i y a k e	native
মিঞার	m i y a r	native
মিট	m i T	native
মিটছে	m i T chh e	native
মিটত	m i T t o	native
মিটফুল	m i T ph u l	native
মিটফোর্ড	m i T ph O r D	proper_noun
মিটফোর্ডে	m i T ph O r D e	proper_noun
মিটমাট	m i T m a T	native
মিটমাটের	m i T m a T e r	native
মিটমিট	m i T m i T	native
মিটল	m i T l o	native
মিটারগুলো	m i T a r g u l O	loanword
মিটারগেজ	m i T a r g e j	loanword
মিটারটি	m i T a r T i	loanword
মিটারপ্রতি	m i T a r pr o t i	loanword
মিটি	m i T i	native
মিটিংয়ে	m i T i ng y e	native
মিটিংয়ের	m i T i ng y e r	native
মিটিগেশন	m i T i g e sh o n	loanword
মিটিয়েছিলেন	m i T i y e chh i l e n	native
মিটিয়েছে	m i T i y e chh e	native
মিটিয়েছেন	m i T i y e chh e n	native
মিটুন	m i T u n	native
মিটে	m i T e	native
মিটেও	m i T e O	native
মিটেছে	m i T e chh e	native
মিঠ	m i Th	native
মিঠা	m i Th a	native
মিঠাই	m i Th a i	native
মিঠাইয়ের	m i Th a i y e r	native
মিঠাখালি	m i Th a kh a l i	native
মিঠাখালির	m i Th a kh a l i r	native
মিঠাগঞ্জ	m i Th a g o n j	native
মিঠাছড়ি	m i Th a chh o r i	native
মিঠাপানি	m i Th a p a n i	native
মিঠাপানির	m i Th a p a n i r	native
মিঠাপুকুর	m i Th a p u k u r	native
মিঠাপুকুরে	m i Th a p u k u r e	native
মিঠাপুকুরের	m i Th a p u k u r e r	native
মিঠাপুর	m i Th a p u r	native
মিঠামইন	m i Th a m O i n	native
মিঠামইনের	m i Th a m o i n e r	native
মিঠুও	m i Th u O	native
মিঠুন	m i Th u n	native
মিঠুনকে	m i Th u n k e	native
মিঠুনের	m i Th u n e r	native
মিঠুর	m i Th u r	native
মিঠে	m i Th e	native
মিঠেখালি	m i Th e kh a l i	native
মিড	m i D	native
মিডঅনে	m i D o n e	loanword
মিডঅফে	m i D o ph e	loanword
মিডওয়াইফ	m i D O y a i ph	loanword
মিডওয়াইফারি	m i D O y a i ph a r i	loanword
মিডওয়াইভস	m i D O y a i bh s	loanword
মিডওয়ে	m i D O y e	loanword
মিডটার্ম	m i D T a r m	loanword
মিডডে	m i D D e	loanword
মিডনাইট	m i D n a i T	loanword
মিডফিল্ড	m i D ph i l D	loanword
মিডফিল্ডার	m i D ph i l D a r	loanword
মিডফিল্ডারও	m i D ph i l D a r O	loanword
মিডফিল্ডারকে	m i D ph i l D a r k e	loanword
মিডফিল্ডে	m i D ph i l D e	loanword
মিডফিল্ডের	m i D ph i l D e r	loanword
মিডমাড	m i D m a D	native
মিডল	m i D o l	loanword
মিডলঅর্ডার	m i D o l O r D a r	loanword
মিডলটন	m i D O l T o n	proper_noun
মিডলটনকে	m i D o l T o n k e	proper_noun
মিডলটনের	m i D o l T o n e r	proper_noun
মিডলসেক্স	m i D o l s e k s	loanword
মিডলসেক্সে	m i D o l s e k s e	loanword
মিডলসেক্সের	m i D o l s e k s e r	loanword
মিডল্যান্ড	m i D l A n D	proper_noun
মিডল্যান্ডস	m i D l A n D s	proper_noun
মিডাস	m i D a s	proper_noun
মিডিয়া	m i D i y a	loanword
মিডিয়াই	m i D i y a i	loanword
মিডিয়াও	m i D i y a O	loanword
মিডিয়াকর্মি	m i D i y a k o r m i	loanword
মিডিয়াকে	m i D i y a k e	loanword
মিডিয়াকেও	m i D i y a k e O	loanword
মিডিয়াগুলো	m i D i y a k e O	loanword
মিডিয়াজুড়ে	m i D i y a j u r e	loanword
মিডিয়াতে	m i D i y a t e	loanword
মিডিয়াতেও	m i D i y a t e O	loanword
মিডিয়াপাড়া	m i D i y a p a r a	loanword
মিডিয়াবিশয়ক	m i D i y a b i sh o y o k	loanword
মিডিয়াম	m i D i a m	loanword
মিডিয়ার	m i D i y a r	loanword
মিডিয়ারও	m i D i y a r O	loanword
মিডিয়াসংস্কৃতি	m i D i y a sh o ng s k ri t i	tatsama
মিডিয়াসহ	m i D i y a sh o h O	loanword
মিডিয়ায়	m i D i y a y	loanword
মিত	m i t O	native
মিতব্যয়ি	m i t o b b e y i	native
মিতসুবিশি	m i t sh u b i sh i	native
মিতসুবিশির	m i t sh u b i sh i r	native
মিতা	m i t a	native
মিতাকে	m i t a k e	native
মিতাক্ষর	m i t a kkh o r	tatsama
মিতাক্ষরা	m i t a kkh o r a	tatsama
মিতাচার	m i t a ch a r	native
মিতার	m i t a r	native
মিতালির	m i t a l i r	native
মিতি	m i t i	native
মিতু	m i t u	native
মিতুর	m i t u r	native
মিতুল	m i t u l	native
মিতো	m i t O	native
মিত্তার	m i tt a r	native
মিত্তারের	m i tt a r e r	native
মিত্তাল	m i tt a l	native
মিত্তালের	m i tt a l e r	native
মিত্তিকা	m i tt i k a	native
মিত্তু	m i tt u	native
মিত্র	m i tr O	native
মিত্রও	m i tr o O	native
মিত্রকে	m i tr O k e	native
মিত্রতা	m i tr O t a	native
মিত্রদের	m i tr O d e r	native
মিত্রদেশগুলোর	m i tr o d e sh g u l O r	compound
মিত্রপক্ষ	m i tr o p o kkh o	tatsama
মিত্রবাহিনি	m i tr O b a h i n i	native
মিত্রবাহিনিকে	m i tr o b a h i n i k e	compound
মিত্রবাহিনির	m i tr O b a h i n i r	native
মিত্রর	m i tr O r	native
মিত্ররাও	m i tr o r a O	native
মিত্ররাশ্ট্র	m i tr o r a sh T r o	loanword
মিত্রশক্তি	m i tr O sh O kt i	native
মিত্রসহ	m i tr o sh o h O	native
মিত্রের	m i tr e r	native
মিত্সুবিসি	m i t sh u b i sh i	native
মিথ	m i th	native
মিথস্ক্রিয়া	m i th o sh kr i y a	loanword
মিথস্ক্রিয়ার	m i th o sh kr i y a r	loanword
মিথাইল	m i th a i l	native
মিথানল	m i th a n o l	native
মিথি	m i th i	native
মিথির	m i th i r	native
মিথিলা	m i th i l a	native
মিথিলাকে	m i th i l a k e	native
মিথিলার	m i th i l a r	native
মিথুন	m i th u n	native
মিথুনকে	m i th u n k e	native
মিথুনদের	m i th u n d e r	native
মিথুনসহ	m i th u n sh o h O	native
মিথুনের	m i th u n e r	native
মিথেন	m i th e n	native
মিথেনের	m i th e n e r	native
মিথের	m i th e r	native
মিথ্যা	m i t th a	native
মিথ্যাকে	m i t th a k e	native
মিথ্যাচার	m i t th a ch a r	native
মিথ্যাচারে	m i t th a ch a r e	native
মিথ্যাচারের	m i t th a ch a r e r	native
মিথ্যাবাদি	m i t th a b a d i	native
মিথ্যার	m i t th a r	native
মিথ্যায়	m i t th a y	native
মিথ্যুক	m i t th u k	native
মিথ্যে	m i t th e	native
মিথ্যেবাদি	m i t th e b a d i	native
মিদান	m i d a n	native
মিন	m i n	native
মিনতি	m i n O t i	native
মিনতির	m i n o t i r	native
মিনফুজুর	m i n ph u j u r	native
মিনমিন	m i n m i n	native
মিনমিনে	m i n m i n e	native
মিনমেটালস	m i n m e T a l s	proper_noun
মিনস্টার	m i n s T a r	loanword
মিনহাজ	m i n h a j	native
মিনহাজউদ্দিন	m i n h a j u d d i n	native
মিনহাজকে	m i n h a j k e	native
মিনহাজুর	m i n h a j u r	native
মিনহাজুলের	m i n h a j u l e r	native
মিনহাজের	m i n h a j e r	native
মিনা	m i n a	native
মিনাকে	m i n a k e	native
মিনাক্ষি	m i n a kkh i	tatsama
মিনাটিলা	m i n a T i l a	native
মিনান	m i n a n	native
মিনাপুর	m i n a p u r	native
মিনামি	m i n a m i	native
মিনামিসানরিকুর	m i n a m i sh a n r i k u r	compound
মিনারকে	m i n a r k e	native
মিনারসংলগ্ন	m i n a r sh o ng l o g n o	native
মিনারসহ	m i n a r sh o h O	native
মিনারা	m i n a r a	native
মিনারে	m i n a r e	native
মিনারেই	m i n a r e i	native
মিনারের	m i n a r e r	native
মিনারেল	m i n a r e l	native
মিনারেলস	m i n a r e l sh	native
মিনারেলের	m i n a r e l e r	native
মিনার্ভা	m i n a r bh a	native
মিনাল	m i n a l	native
মিনায়	m i n a y	native
মিনিকেট	m i n i k e T	proper_noun
মিনিট	m i n i T	loanword
মিনিটই	m i n i T i	loanword
মিনিটও	m i n i T O	loanword
মিনিটকে	m i n i T k e	loanword
মিনিটখানেক	m i n i T kh a n e k	loanword
মিনিটব্যাপি	m i n i T b A p i	loanword
মিনিটস	m i n i T s	loanword
মিনিটি	m i n i T i	loanword
মিনিটে	m i n i T e	loanword
মিনিটেই	m i n i T e i	loanword
মিনিটেও	m i n i T e O	loanword
মিনিটের	m i n i T e r	loanword
মিনিটেরও	m i n i T e r O	loanword
মিনিপ্যাক	m i n i p e k	native
মিনিবাস	m i n i b a s	loanword
মিনিবাসগুলো	m i n i b a s g u l O	loanword
মিনিবাসটি	m i n i b a s T i	loanword
মিনিবাসসহ	m i n i b a s sh o h O	loanword
মিনিবাসে	m i n i b a s e	loanword
মিনিবাসের	m i n i b a s e r	loanword
মিনিমাম	m i n i m a m	native
মিনির	m i n i r	native
মিনিশা	m i n i sh a	native
মিনিস্টারদের	m i n i s T a r d e r	loanword
মিনিস্টারের	m i n i s T a r e r	loanword
মিনিস্টার্স	m i n i s T a r s	loanword
মিনিস্ট্রি	m i n i s T r i	loanword
মিনু	m i n u	native
মিনুহিন	m i n u h i n	native
মিনেত্তি	m i n e tt i	native
মিনের	m i n e r	native
মিনেসোটা	m i n e s O T a	proper_noun
মিনেসোটার	m i n e s O T a r	proper_noun
মিনোজ	m i n O j	native
মিনোস	m i n O sh	native
মিন্টু	m i n T u	native
মিন্টুকে	m i n T u k e	native
মিন্টুর	m i n T u r	native
মিন্টের	m i n T e r	loanword
মিন্টো	m i n T O	proper_noun
মিন্ডি	m i n D i	proper_noun
মিন্তি	m i nt i	native
মিন্দানাওয়ের	m i nd a n a O y e r	native
মিন্দি	m i nd i	native
মিন্নাত	m i nn a t	native
মিন্স্ক	m i n s k	loanword
মিফতা	m i ph t a	native
মিফতাহ	m i ph t a h	native
মিফতাহউদ্দিন	m i ph t a h u d d i n	native
মিফতাহুর	m i ph t a h u r	native
মিফতাহুল	m i ph t a h u l	native
মিবু	m i b u	native
মিবুর	m i b u r	native
মিম	m i m	native
মিমকে	m i m k e	native
মিমাংসক	m i m a ng sh o k	native
মিমাংসা	m i m a ng sh a	native
মিমাংসাও	m i m a ng sh a O	native
মিমাংসাকারি	m i m a ng sh a k a r i	native
মিমাংসার	m i m a ng sh a r	native
মিমাংসায়	m i m a ng sh a y	native
মিমাংসিত	m i m a ng sh i t O	native
মিমি	m i m i	native
মিমির	m i m i r	native
মিমু	m i m u	native
মিমের	m i m e r	native
মিমো	m i m O	native
মিমোর	m i m O r	native
মিম্বার	m i mb a r	native
মির	m i r	native
মিরওয়াইজ	m i r O y a i j	native
মিরকাদিম	m i r k a d i m	native
মিরকামারি	m i r k a m a r i	native
মিরগঞ্জ	m i r g o n j	native
মিরগড়	m i r g o r	native
মিরজাফর	m i r j a ph O r	native
মিরজাফরের	m i r j a ph O r e r	native
মিরন	m i r o n	native
মিরনের	m i r o n e r	native
মিরপুর	m i r p u r	native
মিরপুরগামি	m i r p u r g a m i	native
মিরপুরবাসি	m i r p u r b a sh i	loanword
মিরপুরেই	m i r p u r e i	native
মিরপুরেও	m i r p u r e O	native
মিরপুরের	m i r p u r e r	native
মিরবহর	m i r b o h o r	native
মিরমালত	m i r m a l o t	native
মিরর	m i r o r	native
মিররকে	m i r o r k e	native
মিররের	m i r o r e r	native
মিরসরাই	m i r sh o r a i	native
মিরসরাইয়ে	m i r sh o r a i y e	native
মিরসরাইয়ের	m i r sh o r a i y e r	native
মিরহাজিরবাগে	m i r h a j i r b a g e	native
মিরহাজিরবাগের	m i r h a j i r b a g e r	compound
মিরা	m i r a	native
মিরাকল	m i r a k o l	native
মিরাকলস	m i r a k o l o sh	native
মিরাকে	m i r a k e	native
মিরাকেল	m i r a k e l	native
মিরাক্কেল	m i r a k k e l	native
মিরাক্কেলে	m i r a k k e l e	native
মিরাক্কেলের	m i r a k k e l e r	native
মিরাজ	m i r a j	native
মিরাজকে	m i r a j k e	native
মিরাজুল	m i r a j u l	native
মিরাজুলকে	m i r a j u l k e	native
মিরাজুলের	m i r a j u l e r	native
মিরাজে	m i r a j e	native
মিরান	m i r a n	native
মিরানা	m i r a n a	native
মিরান্ডা	m i r a n D a	proper_noun
মিরান্ডার	m i r a n D a r	proper_noun
মিরান্দা	m i r a nd a	native
মিরার	m i r a r	native
মিরারচর	m i r a r ch o r	native
মিরিক	m i r i k	native
মিরিঞ্জা	m i r i n j a	native
মিরিতি	m i r i t i	native
মিরিম	m i r i m	native
মিরেজ	m i r e j	native
মিরের	m i r e r	native
মিরেরসরাই	m i r e r sh o r a i	native
মিরেলেস	m i r e l e sh	native
মিরেলেসের	m i r e l e sh e r	native
মিরোস্লাভ	m i r O sh l a bh	native
মির্চি	m i r ch i	native
মির্জা	m i r j a	native
মির্জাই	m i r j a i	native
মির্জাকে	m i r j a k e	native
মির্জাগঞ্জ	m i r j a g O n j	native
মির্জাগঞ্জে	m i r j a g o n j e	native
মির্জাগঞ্জের	m i r j a g o n j e r	native
মির্জানগর	m i r j a n o g o r	native
মির্জাপুরে	m i r j a p u r e	native
মির্জাপুরের	m i r j a p u r e r	native
মির্জার	m i r j a r	native
মির্জাসহ	m i r j a sh o h O	native
মির্জ্জা	m i r j j a	native
মিলও	m i l O	native
মিলকে	m i l k e	native
মিলখা	m i l kh a	native
মিলগুলো	m i l g u l O	native
মিলগুলোতে	m i l g u l O t e	native
মিলগুলোর	m i l g u l O r	native
মিলগেট	m i l g e T	proper_noun
মিলগেটে	m i l g e T e	proper_noun
মিলগেটের	m i l g e T e r	proper_noun
মিলছিল	m i l chh i l O	native
মিলটন	m i l T o n	proper_noun
মিলটির	m i l T i r	native
মিলত	m i l t O	native
মিলতেই	m i l t e i	native
মিলন	m i l o n	native
মিলনও	m i l o n O	native
মিলনকে	m i l o n k e	native
মিলনকেন্দ্র	m i l o n k e ndr o	native
মিলনপুর	m i l o n p u r	native
মিলনমেলায়	m i l o n m e l a y	native
মিলনসহ	m i l o n sh o h O	native
মিলনস্থল	m i l O n sth o l	native
মিলনস্থলের	m i l o n sth o l e r	native
মিলনার	m i l O n a r	native
মিলনায়তন	m i l o n a y o t o n	native
মিলনায়তনটি	m i l o n a y o t o n T i	native
মিলনায়তনভর্তি	m i l o n a y o t o n bh o r t i	compound
মিলনায়তনসহ	m i l o n a y o t o n sh o h O	native
মিলনায়তনে	m i l o n a y o t o n e	native
মিলনায়তনের	m i l o n a y o t o n e r	native
মিলনে	m i l o n e	native
মিলনের	m i l o n e r	native
মিলনেরা	m i l o n e r a	native
মিলফোর্ড	m i l ph O r D	proper_noun
মিলব	m i l b o	native
মিলবে	m i l b e	native
মিলব্যারাক	m i l b e r a k	native
মিলব্যারাকে	m i l b e r a k e	native
মিলমালিক	m i l m a l i k	native
মিলমালিকদের	m i l m a l i k d e r	native
মিলমালিকেরা	m i l m a l i k e r a	native
মিলমিলা	m i l m i l a	native
মিলমিশ	m i l m i sh	native
মিলল	m i l l O	native
মিললে	m i l l e	native
মিললেই	m i l l e i	native
মিললেও	m i l l e O	native
মিললো	m i l l O	native
মিলস	m i l sh	native
মিলসকে	m i l sh k e	native
মিলসহ	m i l sh o h O	native
মিলসে	m i l sh e	native
মিলসের	m i l sh e r	native
মিলস্	m i l sh	native
মিলা	m i l a	native
মিলাতে	m i l a t e	native
মিলাদ	m i l a d	native
মিলাদুন্নবি	m i l a d u nn o b i	native
মিলাদুন্নবির	m i l a d u nn o b i r	native
মিলাদে	m i l a d e	native
মিলাদের	m i l a d e r	native
মিলান	m i l a n	native
মিলানই	m i l a n i	native
মিলানও	m i l a n O	native
মিলানকে	m i l a n k e	native
মিলানের	m i l a n e r	native
মিলানো	m i l a n O	native
মিলাবে	m i l a b e	native
মিলার	m i l a r	native
মিলারকে	m i l a r k e	native
মিলারদের	m i l a r d e r	native
মিলাররা	m i l a r r a	native
মিলারের	m i l a r e r	native
মিলিক	m i l i k	native
মিলিকে	m i l i k e	native
মিলিগ্রাম	m i l i gr a m	native
মিলিগ্রামের	m i l i gr a m e r	native
মিলিটারিরা	m i l i T a r i r a	loanword
মিলিট্যান্ট	m i l i T e n T	loanword
মিলিত	m i l i t O	native
মিলিতভাবে	m i l i t O bh a b e	native
মিলিতো	m i l i t O	native
মিলিতোকে	m i l i t O k e	native
মিলিতোর	m i l i t O r	native
মিলিত্তো	m i l i tt O	native
মিলিন্দ	m i l i nd	native
মিলিবে	m i l i b e	native
মিলিব্যান্ড	m i l i b A n D	proper_noun
মিলিব্যান্ডকে	m i l i b e n D k e	compound
মিলিব্যান্ডের	m i l i b e n D e r	compound
মিলিমিটার	m i l i m i T a r	loanword
মিলিমিটারে	m i l i m i T a r e	loanword
মিলিমিটারের	m i l i m i T a r e r	loanword
মিলিমোল	m i l i m O l	native
মিলির	m i l i r	native
মিলিলিটার	m i l i l i T a r	loanword
মিলিলিটারের	m i l i l i T a r e r	loanword
মিলিশিয়া	m i l i sh i y a	native
মিলিশিয়াদের	m i l i sh i y a d e r	native
মিলিশিয়ারা	m i l i sh i y a r a	native
মিলিয়ন	m i l i O n	native
মিলিয়নিয়র	m i l i y o n i y o r	native
মিলিয়নিয়ার	m i l i y o n i y a r	native
মিলিয়নে	m i l i y o n e	native
মিলিয়নের	m i l i O n e r	native
মিলিয়া	m i l i y a	native
মিলিয়ে	m i l i y e	native
মিলিয়েই	m i l i y e i	native
মিলিয়েও	m i l i y e O	native
মিলিয়েছিল	m i l i y e chh i l	native
মিলিয়েছিলেন	m i l i y e chh i l e n	native
মিলিয়েছে	m i l i y e chh e	native
মিলিয়েছেন	m i l i y e chh e n	native
মিলু	m i l u	native
মিলে	m i l e	native
মিলেংগে	m i l e ng g e	native
মিলেই	m i l e i	native
মিলেও	m i l e O	native
মিলেগি	m i l e g i	native
মিলেছিল	m i l e chh i l O	native
মিলেছে	m i l e chh e	native
মিলেনি	m i l e n i	native
মিলেনিয়াম	m i l e n i y a m	native
মিলেমিশে	m i l e m i sh e	native
মিলেমিশেই	m i l e m i sh e i	native
মিলের	m i l e r	native
মিলোভান	m i l O bh a n	native
মিলোস	m i l O sh	native
মিলোসেভিচের	m i l O sh e bh i ch e r	native
মিল্কভিটা	m i l k bh i T a	proper_noun
মিল্কভিটার	m i l k bh i T a r	proper_noun
মিল্কভিটায়	m i l k bh i T a y	proper_noun
মিল্কশেক	m i l k sh e k	native
মিল্কি	m i l k i	native
মিল্কিকে	m i l k i k e	native
মিল্কের	m i l k e r	native
মিল্টন	m i l T o n	proper_noun
মিল্টনের	m i l T o n e r	proper_noun
মিল্লা	m i l l a	native
মিল্লাত	m i l l a t	native
মিল্লাতের	m i l l a t e r	native
মিলয়	m i l o y o	native
মিশ	m i sh	native
মিশকাত	m i sh k a t	native
মিশছে	m i sh chh e	native
মিশতে	m i sh t e	native
মিশতেন	m i sh t e n	native
মিশন	m i sh O n	native
মিশনই	m i sh o n i	native
মিশনও	m i sh o n O	native
মিশনকে	m i sh O n k e	native
মিশনগুলো	m i sh o n g u l O	native
মিশনগুলোকে	m i sh o n g u l O k e	native
মিশনগুলোতে	m i sh o n g u l O t e	native
মিশনগুলোর	m i sh o n g u l O r	native
মিশনটা	m i sh o n T a	native
মিশনটি	m i sh o n T i	native
মিশনপ্রধান	m i sh o n pr o dh a n	native
মিশনসমুহে	m i sh o n sh o m u h e	native
মিশনারিজ	m i sh O n a r i j	native
মিশনারিরা	m i sh o n a r i r a	native
মিশনে	m i sh o n e	native
মিশনেও	m i sh o n e O	native
মিশবে	m i sh b e	native
মিশমাক	m i sh o m a k	native
মিশর	m i sh O r	native
মিশরে	m i sh O r e	native
মিশরের	m i sh O r e r	native
মিশলে	m i sh l e	native
মিশা	m i sh a	native
মিশাতে	m i sh a t e	native
মিশানো	m i sh a n O	native
মিশার	m i sh a r	native
মিশাল	m i sh a l	native
মিশায়েল	m i sh a y e l	native
মিশিগান	m i sh i g a n	native
মিশিগানে	m i sh i g a n e	native
মিশিগানের	m i sh i g a n e r	native
মিশিয়ে	m i sh i y e	native
মিশিয়েও	m i sh i y e O	native
মিশিয়েছেন	m i sh i y e chh e n	native
মিশু	m i sh u	native
মিশুক	m i sh u k	native
মিশুককে	m i sh u k k e	native
মিশুকে	m i sh u k e	native
মিশুকের	m i sh u k e r	native
মিশে	m i sh e	native
মিশেছি	m i sh e chh i	native
মিশেছে	m i sh e chh e	native
মিশেছেন	m i sh e chh e n	native
মিশেল	m i sh e l	native
মিশেলে	m i sh e l e	native
মিশেলের	m i sh e l e r	native
মিশ্ট	m i sh T O	native
মিশ্টতা	m i sh T O t a	native
মিশ্টভাশি	m i sh T O bh a sh i	native
মিশ্টান্ন	m i sh T a nn O	native
মিশ্টার	m i s T a r	loanword
মিশ্টি	m i sh T i	native
মিশ্টিও	m i sh T i O	native
মিশ্টিকুমড়া	m i sh T i k u m r a	native
মিশ্টিগুলো	m i sh T i g u l O	native
মিশ্টিজাতিয়	m i sh T i j a t i y	native
মিশ্টিতে	m i sh T i t e	native
মিশ্টিপানির	m i sh T i p a n i r	native
মিশ্টিমুখ	m i sh T i m u kh	native
মিশ্টির	m i sh T i r	native
মিশ্টিসহ	m i sh T i sh o h O	native
মিশ্র	m i sh r O	native
মিশ্রও	m i sh r o O	native
মিশ্রকে	m i sh r o k e	native
মিশ্রদের	m i sh r o d e r	native
মিশ্রন	m i sh r o n	native
মিশ্রনকে	m i sh r o n k e	native
মিশ্রনটা	m i sh r o n T a	native
মিশ্রনটি	m i sh r o n T i	native
মিশ্রনিয়	m i sh r o n i y	native
মিশ্রনে	m i sh r o n e	native
মিশ্রনের	m i sh r o n e r	native
মিশ্রভাব	m i sh r o bh a b	native
মিশ্রর	m i sh r O r	native
মিশ্রি	m i sh r i	native
মিশ্রিপাড়া	m i sh r i p a r a	native
মিশ্রের	m i sh r e r	native
মিস	m i sh	native
মিসই	m i sh i	native
মিসওয়াক	m i sh O y a k	native
মিসকল	m i sh k o l	native
মিসকাল	m i sh k a l	native
মিসকিন	m i sh k i n	native
মিসকিনকে	m i sh k i n k e	native
মিসকিনের	m i sh k i n e r	native
মিসকেস	m i sh k e sh	native
মিসটুরা	m i sh T u r a	native
মিসবাহ	m i sh b a h	native
মিসবাহউদ্দিন	m i sh b a h u d d i n	native
মিসবাহও	m i sh b a h O	native
মিসবাহকে	m i sh b a h k e	native
মিসবাহদের	m i sh b a h d e r	native
মিসবাহর	m i sh b a h O r	native
মিসমার	m i sh m a r	native
মিসর	m i sh O r	native
মিসরও	m i sh o r O	native
মিসরকে	m i sh O r k e	native
মিসরবাসি	m i sh o r b a sh i	loanword
মিসরবাসিকে	m i sh o r b a sh i k e	loanword
মিসরবাসির	m i sh o r b a sh i r	loanword
মিসরসহ	m i sh o r sh o h O	native
মিসরাত	m i sh o r a t	native
মিসরাতা	m i sh o r a t a	native
মিসরাতার	m i sh o r a t a r	native
মিসরাতায়	m i sh o r a t a y	native
মিসরিয়	m i sh o r i y	native
মিসরিয়দের	m i sh o r i y o d e r	native
মিসরিয়র	m i sh o r i y o r	native
মিসরিয়রা	m i sh o r i y o r a	native
মিসরেই	m i sh o r e i	native
মিসরেও	m i sh o r e O	native
মিসরের	m i sh O r e r	native
মিসাইল	m i sh a i l	native
মিসাইলম্যান	m i sh a i l m A n	native
মিসাইলের	m i sh a i l e r	native
মিসি	m i sh i	native
মিসিং	m i sh i ng	native
মিসিবাবা	m i sh i b a b a	native
মিসির	m i sh i r	native
মিসিসিপি	m i sh i sh i p i	native
মিসিসিপিতে	m i sh i sh i p i t e	native
মিসিসিপির	m i sh i sh i p i r	native
মিসুরাতা	m i sh u r a t a	native
মিসের	m i sh e r	native
মিসেস	m i sh e sh	native
মিসোউরি	m i sh O u r i	native
মিসোউরির	m i sh O u r i r	native
মিস্তি	m i st i	native
মিস্ত্রি	m i st r i	native
মিস্ত্রিদের	m i st r i d e r	native
মিস্ত্রিপাড়া	m i st r i p a r a	native
মিস্ত্রিপাড়ার	m i st r i p a r a r	compound
মিস্ত্রির	m i st ri r	native
মিস্ত্রিরা	m i st r i r a	native
মিস্ত্রিসহ	m i st r i sh o h O	native
মিহনত	m i h o n o t	native
মিহরাব	m i h r a b	native
মিহি	m i h i	native
মিহির	m i h i r	native
মিহিরকান্তি	m i h i r k a nt i	native
মিৎসুই	m i t sh u i	native
মিৎসুবিশি	m i t sh u b i sh i	native
মিড়	m i r	native
মিয়ং	m i y o ng	native
মিয়াং	m i y a ng	native
মিয়াই	m i y a i	native
মিয়াও	m i y a O	native
মিয়াকে	m i y a k e	native
মিয়াকেও	m i y a k e O	native
মিয়াগি	m i y a g i	native
মিয়াগির	m i y a g i r	native
মিয়াজান	m i y a j a n	native
মিয়াজি	m i y a j i	native
মিয়াদাদ	m i y a d a d	native
মিয়াদাদকে	m i y a d a d k e	native
মিয়াদাদের	m i y a d a d e r	native
মিয়াদের	m i y a d e r	native
মিয়ান	m i y a n	native
মিয়ানমার	m i y a n m a r	native
মিয়ানমারই	m i y a n m a r i	native
মিয়ানমারও	m i y a n m a r O	native
মিয়ানমারকে	m i y a n m a r k e	native
মিয়ানমারে	m i y a n m a r e	native
মিয়ানমারেও	m i y a n m a r e O	native
মিয়ানমারের	m i y a n m a r e r	native
মিয়ানো	m i y a n O	native
মিয়াপাড়া	m i y a p a r a	native
মিয়াবাজার	m i y a b a j a r	native
মিয়ামি	m i y a m i	native
মিয়ামিতে	m i y a m i t e	native
মিয়ামিভিত্তিক	m i y a m i bh i tt i k	compound
মিয়ার	m i y a r	native
মিয়ারবাজার	m i y a r b a j a r	native
মিয়ারা	m i y a r a	native
মিয়াসনিকোভ	m i y a sh n i k O bh	native
মিয়াসহ	m i y a sh o h O	native
মিয়ুং	m i y u ng	native
মু	m u	native
মুংগেশকর	m u ng g e sh k o r	native
মুংগেশকরের	m u ng g e sh k o r e r	native
মুংা	m u ng a	native
মুই	m u i	native
মুইদ	m u i d	native
মুইনুদ্দিন	m u i n u d d i n	native
মুইব্রিজ	m u i br i j	native
মুক	m u k	native
মুকতাদা	m u k t a d a	native
মুকতাদির	m u k t a d i r	native
মুকতার	m u k t a r	native
মুকতি	m u k t i	native
মুকদ্দমা	m u k o d d o m a	native
মুকরি	m u k r i	native
মুকসুদ	m u k sh u d	native
মুকসুদপুর	m u k sh u d p u r	native
মুকসুদপুরে	m u k sh u d p u r e	native
মুকসুদপুরের	m u k sh u d p u r e r	native
মুকাদ্দাস	m u k a d d a sh	native
মুকানো	m u k a n O	native
মুকাবিলা	m u k a b i l a	native
মুকিত	m u k i t	native
মুকিতকে	m u k i t k e	native
মুকুটও	m u k u T O	native
মুকুটটা	m u k u T T a	native
মুকুটটাও	m u k u T T a O	native
মুকুটটি	m u k u T T i	native
মুকুটহিন	m u k u T h i n	native
মুকুটে	m u k u T e	native
মুকুতা	m u k u t a	native
মুকুতি	m u k u t i	native
মুকুন্দকে	m u k u nd o k e	native
মুকুন্দপুর	m u k u nd o p u r	native
মুকুন্দরাম	m u k u nd o r a m	native
মুকুর	m u k u r	native
মুকুলকে	m u k u l k e	native
মুকুলি	m u k u l i	native
মুকুলে	m u k u l e	native
মুকুলের	m u k u l e r	native
মুকেরি	m u k e r i	native
মুকেশ	m u k e sh	native
মুকেশের	m u k e sh e r	native
মুক্ত	m u kt O	native
মুক্তকচ্ছ	m u kt o k o ch chh o	native
মুক্তকন্ঠ	m u kt o k o n Th o	native
মুক্তকন্ঠে	m u kt o k o n Th e	native
মুক্তচিন্তা	m u kt o ch i nt a	native
মুক্তচিন্তার	m u kt O ch i nt a r	native
মুক্তধারা	m u kt O dh a r a	native
মুক্তধারার	m u kt o dh a r a r	native
মুক্তবাংলা	m u kt o b a ng l a	native
মুক্তবাক	m u kt O b a k	native
মুক্তবাজার	m u kt O b a j a r	native
মুক্তবাজারের	m u kt o b a j a r e r	native
মুক্তবানিজ্য	m u kt O b a n i j j O	native
মুক্তভাবে	m u kt O bh a b e	native
মুক্তমঞ্চ	m u kt o m o n ch o	native
মুক্তমঞ্চে	m u kt O m o n ch e	native
মুক্তমঞ্চের	m u kt o m o n ch e r	native
মুক্তমনা	m u kt O m o n a	native
মুক্তমনার	m u kt O m o n a r	native
মুক্তমনে	m u kt o m o n e	native
মুক্তমনের	m u kt o m o n e r	native
মুক্তহস্তে	m u kt o h o st e	native
মুক্তা	m u kt a	native
মুক্তাংগন	m u kt a ng g o n	native
মুক্তাংগনসহ	m u kt a ng g o n sh o h O	native
মুক্তাংগনে	m u kt a ng g o n e	native
মুক্তাংগনের	m u kt a ng g o n e r	native
মুক্তাকে	m u kt a k e	native
মুক্তাগাছায়	m u kt a g a chh a y	native
মুক্তাঞ্চল	m u kt a n ch o l	native
মুক্তাঞ্চলে	m u kt a n ch o l e r	native
মুক্তাদির	m u kt a d i r	native
মুক্তার	m u kt a r	native
মুক্তারকে	m u kt a r k e	native
মুক্তারপুর	m u kt a r p u r	native
মুক্তারপুরে	m u kt a r p u r e	native
মুক্তারুল	m u kt a r u l	native
মুক্তারের	m u kt a r e r	native
মুক্তায়	m u kt a y	native
মুক্তি	m u kt i	native
মুক্তিই	m u kt i i	native
মুক্তিও	m u kt i O	native
মুক্তিকামি	m u kt i k a m i	native
মুক্তিজুদ্ধ	m u kt i j u d dh O	tatsama
মুক্তিজুদ্ধই	m u kt i j u d dh o i	tatsama
মুক্তিজুদ্ধকালিন	m u kt i j u d dh O k a l i n	tatsama
মুক্তিজুদ্ধকালে	m u kt i j u d dh O k a l e	tatsama
মুক্তিজুদ্ধকালের	m u kt i j u d dh O k a l e r	tatsama
মুক্তিজুদ্ধকে	m u kt i j u d dh O k e	tatsama
মুক্তিজুদ্ধবিরোধি	m u kt i j u d dh O b i r O dh i	tatsama
মুক্তিজুদ্ধবিশয়ক	m u kt i j u d dh o b i sh o y o k	tatsama
মুক্তিজুদ্ধবিশয়কমন্ত্রি	m u kt i j u d dh o b i sh o y o k m o nt r i	tatsama
মুক্তিজুদ্ধভিত্তিক	m u kt i j u d dh O bh i tt i k	tatsama
মুক্তিজুদ্ধসংক্রান্ত	m u kt i j u d dh o sh o ng kr a nt o	tatsama
মুক্তিজুদ্ধসহ	m u kt i j u d dh o sh o h O	tatsama
মুক্তিজুদ্ধে	m u kt i j u d dh e	tatsama
মুক্তিজুদ্ধেও	m u kt i j u d dh e O	tatsama
মুক্তিজুদ্ধের	m u kt i j u d dh e r	tatsama
মুক্তিজোদ্ধা	m u kt i j O d dh a	tatsama
মুক্তিজোদ্ধাই	m u kt i j O d dh a i	tatsama
মুক্তিজোদ্ধাও	m u kt i j O d dh a O	tatsama
মুক্তিজোদ্ধাকল্যান	m u kt i j O d dh a k o l l a n	tatsama
মুক্তিজোদ্ধাকে	m u kt i j O d dh a k e	tatsama
মুক্তিজোদ্ধাদের	m u kt i j O d dh a d e r	tatsama
মুক্তিজোদ্ধাবিশয়ক	m u kt i j O d dh a b i sh o y o k	tatsama
মুক্তিজোদ্ধার	m u kt i j O d dh a r	tatsama
মুক্তিজোদ্ধারা	m u kt i j O d dh a r a	tatsama
মুক্তিজোদ্ধাসহ	m u kt i j O d dh a sh o h O	tatsama
মুক্তিজোদ্ধায়	m u kt i j O d dh a y	tatsama
মুক্তিতে	m u kt i t e	native
মুক্তিদর্শন	m u kt i d o r sh o n	native
মুক্তিদাতা	m u kt i d a t a	native
মুক্তিদুত	m u kt i d u t	native
মুক্তিনাথ	m u kt i n a th	native
মুক্তিপনের	m u kt i p o n e r	native
মুক্তিফোউজ	m u kt i ph O u j	native
মুক্তিফোউজের	m u kt i ph O u j e r	native
মুক্তিবার্তা	m u kt i b a r t a	native
মুক্তিবার্তায়	m u kt i b a r t a y	compound
মুক্তিবাহিনি	m u kt i b a h i n i	native
মুক্তিবাহিনিকে	m u kt i b a h i n i k e	compound
মুক্তিবাহিনিতে	m u kt i b a h i n i t e	compound
মুক্তিবাহিনির	m u kt i b a h i n i r	compound
মুক্তির	m u kt i r	native
মুক্তিলাভের	m u kt i l a bh e r	native
মুক্তিসংগ্রাম	m u kt i sh o ng gr a m	compound
মুক্তিসংগ্রামি	m u kt i sh o ng gr a m i	compound
মুক্তিসংগ্রামিদের	m u kt i sh o ng gr a m i d e r	compound
মুক্তিসংগ্রামের	m u kt i sh o ng gr a m e r	compound
মুক্তিসনদ	m u kt i sh o n o d	native
মুক্তিসহ	m u kt i sh o n o d	native
মুক্তিসেনা	m u kt i sh e n a	native
মুক্তিসেনাদের	m u kt i sh e n a d e r	compound
মুক্তিসেনারা	m u kt i sh e n a r a	native
মুক্তেশ্বরি	m u kt e sh sh o r i	tatsama
মুক্তো	m u kt O	native
মুক্তোর	m u kt O r	native
মুখকে	m u kh k e	native
মুখখান	m u kh kh a n	native
মুখখানা	m u kh kh a n a	native
মুখখানি	m u kh kh a n i	native
মুখগহ্বর	m u kh g o h b o r	native
মুখগহ্বরে	m u kh g o h b o r e	native
মুখগহ্বরের	m u kh g o h b o r e r	native
মুখগুলো	m u kh g u l O	native
মুখগুলোই	m u kh g u l O i	native
মুখগুলোর	m u kh g u l O r	native
মুখচিত্র	m u kh ch i tr o	native
মুখচিত্রের	m u kh ch i tr e r	native
মুখচেনা	m u kh ch e n a	native
মুখচোরা	m u kh ch O r a	native
মুখচ্ছবি	m u kh O ch chh O b i	native
মুখচ্ছবির	m u kh ch chh o b i r	native
মুখজুড়ে	m u kh j u r e	native
মুখটা	m u kh T a	native
মুখটাও	m u kh T a O	native
মুখটাকে	m u kh T a k e	native
মুখটি	m u kh T i	native
মুখতসর	m u kh t O sh o r	native
মুখতার	m u kh t a r	native
মুখতারের	m u kh t a r e r	native
মুখন	m u kh o n	native
মুখনিঃসৃত	m u kh n i h sh ri t o	tatsama
মুখপত্র	m u kh O p a tr O	native
মুখপত্রের	m u kh p o tr e r	native
মুখপাত্র	m u kh O p a tr O	native
মুখপাত্রও	m u kh p a tr o O	native
মুখপাত্রকে	m u kh p a tr o k e	native
মুখপাত্রদের	m u kh p a tr o d e r	native
মুখপাত্ররা	m u kh p a tr o r a	native
মুখপাত্রের	m u kh O p a tr e r	native
মুখবংশ	m u kh b o ng sh O	native
মুখবন্ধ	m u kh O b o ndh O	native
মুখবন্ধে	m u kh b o ndh e	native
মুখভংগি	m u kh bh o ng g i	native
মুখমন্ডল	m u kh m o n D o l	native
মুখমন্ডলসহ	m u kh m o n D o l sh o h O	native
মুখমন্ডলে	m u kh m o n D o l e	native
মুখমন্ডলের	m u kh m o n D o l e r	native
মুখমাত্র	m u kh m a tr o	native
মুখর	m u kh o r	native
মুখরক্ষা	m u kh r o kkh a	tatsama
মুখরক্ষার	m u kh r o kkh a r	tatsama
মুখরবান্দা	m u kh o r b a nd a	native
মুখরিত	m u kh O r i t O	native
মুখরোচক	m u kh r O ch O k	native
মুখলেছুর	m u kh l e chh u r	native
মুখলেসুর	m u kh l e sh u r	native
মুখশ্রি	m u kh O sh r i	native
মুখসহ	m u kh sh o h O	native
মুখস্থ	m u kh o sth O	native
মুখস্থকে	m u kh o sth o k e	native
মুখস্থনির্ভর	m u kh O sth O n i r bh o r	native
মুখস্থনির্ভরতা	m u kh o sth o n i r bh o r o t a	compound
মুখস্থবিদ্যা	m u kh o sth o b i d d a	native
মুখস্থবিদ্যার	m u kh o sth o b i d d a r	compound
মুখস্থের	m u kh o sth e r	native
মুখা	m u kh a	native
মুখাগ্নি	m u kh a g n i	native
মুখাপেক্ষা	m u kh a p e kkh a	tatsama
মুখাপেক্ষি	m u kh a p e kkh i	tatsama
মুখাবরন	m u kh a b o r o n	native
মুখাবয়ব	m u kh a b o y o b	native
মুখাবয়বে	m u kh a b o y o b e	native
মুখাবয়বের	m u kh a b o y o b e r	native
মুখামৃত	m u kh a m ri t O	tatsama
মুখার্জি	m u kh a r j i	native
মুখার্জিও	m u kh a r j i O	native
মুখার্জিকে	m u kh a r j i k e	native
মুখার্জিবাড়ির	m u kh a r j i b a r i r	compound
মুখার্জির	m u kh a r j i r	native
মুখার্জিসহ	m u kh a r j i sh o h O	native
মুখি	m u kh i	native
মুখিয়ে	m u kh i y e	native
মুখুজ্জে	m u kh u j j e	native
মুখুটি	m u kh u T i	native
মুখে	m u kh e	native
মুখেই	m u kh e i	native
মুখেও	m u kh e O	native
মুখোজ্জ্বল	m u kh O j j o l	tatsama
মুখোপাধ্যায়	m u kh O p a d dh a y	native
মুখোপাধ্যায়কে	m u kh O p a d dh a y k e	compound
মুখোপাধ্যায়ের	m u kh O p a d dh a y e r	compound
মুখোমুখিও	m u kh O m u kh i O	native
মুখোরোচক	m u kh O r O ch o k	native
মুখোশগুলো	m u kh O sh g u l O	native
মুখোশটা	m u kh O sh T a	native
মুখোশটি	m u kh O sh T i	native
মুখোশধারি	m u kh O sh dh a r i	native
মুখোশধারিরা	m u kh O sh o dh a r i r a	native
মুখোশের	m u kh O sh e r	native
মুখ্যমন্ত্রি	m u k kh O m O n	native
মুখ্যমন্ত্রিও	m u k kh o m o nt ri O	compound
মুখ্যমন্ত্রিকে	m u k kh O m O nt ri k e	compound
মুখ্যমন্ত্রিদের	m u k kh O m O nt ri d e r	compound
মুখ্যমন্ত্রির	m u k kh O m O nt ri r	compound
মুখ্যমন্ত্রিরা	m u k kh o m o nt ri r a	compound
মুখ্যমন্ত্রিসহ	m u k kh o m o nt ri sh o h O	compound
মুখ্যসচিব	m u k kh O sh O ch i b	native
মুগ	m u g	native
মুগডাল	m u g D a l	native
মুগদা	m u g d a	native
মুগদাপাড়া	m u g d a p a r a	native
মুগদাপাড়ার	m u g d a p a r a r	native
মুগদাপাড়ায়	m u g d a p a r a y	native
মুগদার	m u g d a r	native
মুগদায়	m u g d a y	native
মুগধ	m u g dh o	native
মুগলি	m u g l i	native
মুগা	m u g a	native
মুগাবে	m u g a b e	native
মুগাবের	m u g a b e r	native
মুগুর	m u g u r	native
মুগুরুজা	m u g u r u j a	native
মুগুরুজাকে	m u g u r u j a k e	native
মুগুরুজার	m u g u r u j a r	native
মুগের	m u g e r	native
মুগ্ধ	m u g dh O	native
মুগ্ধতা	m u g dh O t a	native
মুগ্ধতাই	m u g dh o t a i	native
মুগ্ধতায়	m u g dh o t a y	native
মুগ্ধা	m u g dh a	native
মুঘল	m u gh o l	native
মুচকুন্দ	m u ch k u nd O	native
মুচমুচ	m u ch m u ch	native
মুচমুচে	m u ch m u ch e	native
মুচলেকা	m u ch l e k a	native
মুচলেকায়	m u ch l e k a y	native
মুচির	m u ch i r	native
মুচুকুন্দ	m u ch u k u nd O	native
মুচড়ানো	m u ch r a n O	native
মুচড়ে	m u ch r e	native
মুছছিলেন	m u chh chh i l e n	native
মুছছে	m u chh chh e	native
মুছছেন	m u chh chh e n	native
মুছতে	m u chh t e	native
মুছবে	m u chh b e	native
মুছবেন	m u chh b e n	native
মুছলন্দ	m u sh l o nd o	native
মুছলমান	m u sh o l m a n	native
মুছলে	m u chh l e	native
মুছলেন	m u chh l e n	native
মুছল্লম	m u sh o l l o m	native
মুছা	m u chh a	native
মুছাপুর	m u chh a p u r	native
মুছি	m u chh i	native
মুছে	m u chh e	native
মুজ	m u j	native
মুজগুন্নি	m u j g u nn i	native
মুজতবা	m u j t o b a	native
মুজতাহিদ	m u j t a h i d	native
মুজদা	m u j d a	native
মুজফ্ফর	m u j o ph ph O r	native
মুজরিম	m u j o r i m	native
মুজাদ্দিদ	m u j a d d i d	native
মুজাফফর	m u j a ph ph o r	native
মুজাফফরাবাদ	m u j a ph ph o r a b a d	native
মুজাফ্ফর	m u j a ph ph o r	native
মুজাহিদ	m u j a h i d	native
মুজাহিদকে	m u j a h i d k e	native
মুজাহিদদের	m u j a h i d d e r	native
মুজাহিদিন	m u j a h i d i n	native
মুজাহিদিনকে	m u j a h i d i n k e	native
মুজাহিদিনের	m u j a h i d i n e r	native
মুজাহিদুল	m u j a h i d u l	native
মুজাহিদের	m u j a h i d e r	native
মুজিব	m u j i b	native
মুজিবও	m u j i b O	native
মুজিবনগর	m u j i b n o g O r	native
মুজিবনগরে	m u j i b n o g O r e	native
মুজিবনগরের	m u j i b n o g O r e r	native
মুজিবর	m u j i b o r	native
মুজিবরের	m u j i b o r e r	native
মুজিবসহ	m u j i b sh o h O	native
মুজিবুর	m u j i b u r	native
মুজিবুরের	m u j i b u r e r	native
মুজিবুল	m u j i b u l	native
মুজিবের	m u j i b e r	native
মুজেরি	m u j e r i	native
মুজ্যাম্মিল	m u j a mm i l	native
মুঞি	m u i i	native
মুঞে	m u i i y e	native
মুঞ্জ	m u n j O	native
মুঞ্জুর	m u n j u r	native
মুট	m u T	native
মুটমুট	m u T m u T	native
মুটিয়ে	m u T i y e	native
মুটে	m u T e	native
মুঠ	m u Th	native
মুঠা	m u Th a	native
মুঠি	m u Th i	native
মুঠো	m u Th O	native
মুঠোফানে	m u Th O ph a n e	native
মুঠোফোন	m u Th O ph O n	loanword
মুঠোফোনও	m u Th O ph O n O	loanword
মুঠোফোনগুলো	m u Th O ph O n g u l O	loanword
মুঠোফোনটা	m u Th O ph O n T a	loanword
মুঠোফোনটি	m u Th O ph O n T i	loanword
মুঠোফোনটিও	m u Th O ph O n T i O	loanword
মুঠোফোনটির	m u Th O ph O n T i r	loanword
মুঠোফোনভিত্তিক	m u Th O ph O n bh i tt i k	compound
মুঠোফোনসংক্রান্ত	m u Th O ph O n sh o ng kr a nt o	compound
মুঠোফোনসহ	m u Th O ph O n sh o h O	loanword
মুঠোফোনসেট	m u Th O ph O n s e T	loanword
মুঠোফোনেই	m u Th O ph O n e i	loanword
মুঠোফোনেও	m u Th O ph O n e O	loanword
মুঠোফোনের	m u Th O ph O n e r	loanword
মুঠোয়	m u Th O y	native
মুডি	m u D i	proper_noun
মুডিস	m u D i s	proper_noun
মুডে	m u D e	native
মুত	m u t	native
মুতা	m u t a	native
মুতাছিম	m u t a chh i m	native
মুতাবেক	m u t a b e k	native
মুতাসিম	m u t a sh i m	native
মুতি	m u t i	native
মুতিয়ারা	m u t i y a r a	native
মুত্তাকি	m u tt a k i	native
মুত্তাকিদের	m u tt a k i d e r	native
মুত্তাকিন	m u tt a k i n	native
মুত্তাকিনকে	m u tt a k i n k e	native
মুত্তালিব	m u tt a l i b	native
মুত্তাহিদা	m u tt a h i d a	native
মুত্তিয়া	m u tt i y a	native
মুত্র	m u tr O	native
মুত্রতন্ত্রের	m u tr O t o nt r e r	compound
মুত্রত্যাগ	m u tr O t A g	native
মুত্রথলি	m u tr O th O l i	native
মুত্রথলির	m u tr O th O l i r	native
মুত্রনালি	m u tr O n a l i	native
মুত্রনালির	m u tr O n a l i r	native
মুত্রের	m u tr e r	native
মুথারিকা	m u th a r i k a	native
মুথারিকার	m u th a r i k a r	native
মুদই	m u d o i	native
মুদা	m u d a	native
মুদারা	m u d a r a	native
মুদারাবা	m u d a r a b a	native
মুদাসসর	m u d a sh sh o r	native
মুদিখানা	m u d i kh a n a	native
মুদিত	m u d i t O	native
মুদিতা	m u d i t a	native
মুদিরছড়া	m u d i r chh o r a	native
মুদ্গ	m u d O	native
মুদ্গর	m u g g o r	native
মুদ্দই	m u d d O i	native
মুদ্রন	m u d r o n	native
মুদ্রনকাজ	m u d r o n k a j	native
মুদ্রনকারি	m u d r o n k a r i	native
মুদ্রনজনিত	m u d r o n j o n i t o	native
মুদ্রনজন্ত্র	m u d r o n j o nt r o	native
মুদ্রনপ্রতিশ্ঠানগুলো	m u d r o n pr o t i sh Th a n g u l O	compound
মুদ্রনপ্রতিশ্ঠানগুলোর	m u d r o n pr o t i sh Th a n g u l O r	compound
মুদ্রনপ্রমাদ	m u d r o n pr o m a d	native
মুদ্রনশিল্প	m u d r o n sh i l p o	native
মুদ্রনশিল্পের	m u d r o n sh i l p e r	compound
মুদ্রনে	m u d r o n e	native
মুদ্রনের	m u d r o n e r	native
মুদ্রাও	m u d r a O	native
মুদ্রাকে	m u d r a k e	native
মুদ্রাক্ষরিক	m u d r a kkh O r i k	tatsama
মুদ্রাগুন	m u d r a g u n	native
মুদ্রাগুলো	m u d r a g u l O	native
মুদ্রাগুলোর	m u d r a g u l O r	native
মুদ্রাটির	m u d r a T i r	native
মুদ্রাদোশ	m u d r a d O sh	native
মুদ্রানিতি	m u d r a n i t i	native
মুদ্রানিতিকে	m u d r a n i t i k e	native
মুদ্রানিতিতে	m u d r a n i t i t e	native
মুদ্রানিতির	m u d r a n i t i r	native
মুদ্রানোইতিক	m u d r a n e i t i k	native
মুদ্রাপাচার	m u d r a p a ch a r	native
মুদ্রাবাজার	m u d r a b a j a r	native
মুদ্রাবাজারে	m u d r a b a j a r e	native
মুদ্রাবাজারেও	m u d r a b a j a r e O	compound
মুদ্রাবাজারের	m u d r a b a j a r e r	compound
মুদ্রাবিনিময়	m u d r a b i n i m o y	native
মুদ্রাব্যবস্থা	m u d r a b e b o sth a	compound
মুদ্রাব্যবস্থার	m u d r a b e b o sth a r	compound
মুদ্রামান	m u d r a m a n	native
মুদ্রামানের	m u d r a m a n e r	native
মুদ্রার	m u d r a r	native
মুদ্রাশশংখ	m u d r a sh o ng kh O	native
মুদ্রাসহ	m u d r a sh o h O	native
মুদ্রাস্ফিতি	m u d r a sh ph i t i	native
মুদ্রাস্ফিতিও	m u d r a sh ph i t i O	compound
মুদ্রাস্ফিতিকে	m u d r a sh ph i t i k e	compound
মুদ্রাস্ফিতির	m u d r a sh ph i t i r	compound
মুদ্রায়	m u d r a y	native
মুদ্রিত	m u d r i t O	native
মুন	m u n	native
মুনও	m u n O	native
মুনকির–নকির	m u n k i r n O k i r	native
মুনছুর	m u n chh u r	native
মুনছের	m u n chh e r	native
মুনজিতপুর	m u n j i t p u r	native
মুনজুর	m u n j u r	native
মুনতারি	m u n t a r i	native
মুনতাসির	m u n t a sh i r	native
মুনতাসিরুল	m u n t a sh i r u l	native
মুনতাসিরের	m u n t a sh i r e r	native
মুনতাহা	m u n t a h a	native
মুনফা	m u n ph a	native
মুনমুন	m u n m u n	native
মুনরো	m u n r O	native
মুনশি	m u n sh i	native
মুনশিয়ানা	m u n sh i y a n a	native
মুনশিয়ানার	m u n sh i y a n a r	native
মুনসহ	m u n sh o h O	native
মুনসুন	m u n sh u n	native
মুনসুর	m u n sh u r	native
মুনসুরুল	m u n sh u r u l	native
মুনসেফ	m u n sh e ph	native
মুনা	m u n a	native
মুনাক্কা	m u n a k k a	native
মুনাজ	m u n a j	native
মুনাজাত	m u n a j a t	native
মুনাজাতে	m u n a j a t e	native
মুনাফ	m u n a ph	native
মুনাফাই	m u n a ph a i	native
মুনাফাও	m u n a ph a O	native
মুনাফাকে	m u n a ph a k e	native
মুনাফাখোর	m u n a ph O kh O r o	native
মুনাফাখোরদের	m u n a ph a kh O r d e r	native
মুনাফাখোরি	m u n a ph a kh O r i	native
মুনাফাবাজি	m u n a ph a b a j i	native
মুনাফাভোগি	m u n a ph a bh O g i	native
মুনাফামুখি	m u n a ph a m u kh i	native
মুনাফার	m u n a ph a r	native
মুনাফালোভি	m u n a ph a l O bh i	native
মুনাফাসন্ধানি	m u n a ph a sh o ndh a n i	compound
মুনাফাসহ	m u n a ph a sh o h O	native
মুনাফায়	m u n a ph a sh o h o	native
মুনাফিক	m u n a ph i k	native
মুনাফিকদের	m u n a ph i k d e r	native
মুনাফের	m u n a ph e r	native
মুনায়েম	m u n a y e m	native
মুনি	m u n i	native
মুনিব	m u n i b	native
মুনিম	m u n i m	native
মুনির	m u n i r	native
মুনিরউদ্দিন	m u n i r u d d i n	native
মুনিরকে	m u n i r k e	native
মুনিরসহ	m u n i r sh o h O	native
মুনিরা	m u n i r a	native
মুনিরিয়া	m u n i r i y a	native
মুনিরুজ্জামান	m u n i r u j j a m a n	compound
মুনিরুজ্জামানের	m u n i r u j j a m a n e r	compound
মুনিরুদ্দিন	m u n i r u d d i n	native
মুনিরুল	m u n i r u l	native
মুনিরের	m u n i r e r	native
মুনিশ	m u n i sh	native
মুনিয়া	m u n i y a	native
মুনেবুর	m u n e b u r	native
মুনেম	m u n e m	native
মুনের	m u n e r	native
মুন্ডন	m u n D o n	native
মুন্ডপাত	m u n D o p a t	native
মুন্ডা	m u n D a	native
মুন্ডি	m u n D i	native
মুন্ডু	m u n D u	native
মুন্ডুপাত	m u n D u p a t	native
মুন্ডো	m u n D O	native
মুন্না	m u nn a	native
মুন্নাকে	m u nn a k e	native
মুন্নাফ	m u nn a ph	native
মুন্নাব	m u nn a b	native
মুন্নাভাই	m u nn a bh a i	native
মুন্নার	m u nn a r	native
মুন্নি	m u nn i	native
মুন্নিকে	m u nn i k e	native
মুন্নির	m u nn i r	native
মুন্নু	m u nn u	native
মুন্নুজান	m u nn u j a n	native
মুন্সি	m u n s i	loanword
মুন্সিকে	m u n s i k e	loanword
মুন্সিগঞ্জ	m u n s i g o n j	loanword
মুন্সিগঞ্জসহ	m u n s i g o n j o sh o h O	loanword
মুন্সিগঞ্জে	m u n s i g o n j e	loanword
মুন্সিগঞ্জের	m u n s i g o n j e r	loanword
মুন্সিনগর	m u n s i n o g o r	loanword
মুন্সিপাড়া	m u n s i p a r a	loanword
মুন্সিপাড়ার	m u n s i p a r a r	loanword
মুন্সিপাড়ায়	m u n s i p a r a y	loanword
মুন্সিবাজার	m u n s i b a j a r	loanword
মুন্সিবাড়ি	m u n s i b a r i	loanword
মুন্সির	m u n s i r	loanword
মুন্সিরহাট	m u n s i b a r i	loanword
মুন্সিসহ	m u n s i sh o h O	loanword
মুন্সিয়া	m u n s i y a	loanword
মুন্সিয়ানা	m u n s i y a n a	loanword
মুন্সেফ	m u n s e ph	loanword
মুনয়েম	m u n y e m	native
মুফতি	m u ph t i	native
মুফতিদের	m u ph t i d e r	native
মুফতির	m u ph t i r	native
মুফতে	m u ph t e	native
মুফরাদ	m u ph r a d	native
মুফিজুল	m u ph i j u l	native
মুফিদুল	m u ph i d u l	native
মুবারকের	m u b a r O k e r	native
মুবারি	m u b a r i	native
মুবাশ্বির	m u b a sh i r	tatsama
মুবিন	m u b i n	native
মুভ	m u bh	native
মুভমেন্ট	m u bh m e n T	loanword
মুভমেন্টস	m u bh m e n T o s	loanword
মুভমেন্টের	m u bh m e n T e r	loanword
মুভার্স	m u bh a r sh	native
মুভি	m u bh i	native
মুভিং	m u bh i ng	native
মুভিগুলো	m u bh i g u l O	native
মুভিগুলোতে	m u bh i g u l O t e	native
মুভিজ	m u bh i j	native
মুভিজের	m u bh i j e r	native
মুভিটি	m u bh i T i	loanword
মুভিটির	m u bh i T i r	loanword
মুভিডাটা	m u bh i D a T a	native
মুভির	m u bh i r	native
মুমতাজ	m u m t a j	native
মুমতাহিন	m u m t a h i n	native
মুমতাহিনা	m u m t a h i n a	native
মুমতাহিনের	m u m t a h i n e r	native
মুমিত	m u m i t	native
মুমিন	m u m i n	native
মুমিনকে	m u m i n k e	native
মুমিনগন	m u m i n g o n	native
মুমিনদের	m u m i n d e r	native
মুমিনরা	m u m i n r a	native
মুমিনিন	m u m i n i n	native
মুমিনুল	m u m i n u l	native
মুমিনুলও	m u m i n u l O	native
মুমিনুলকে	m u m i n u l k e	native
মুমিনুলের	m u m i n u l e r	native
মুমিনের	m u m i n e r	native
মুমু	m u m u	native
মুমুক্ষা	m u m u kkh a	tatsama
মুমুর্ষ	m u m u r sh O	native
মুমুর্ষু	m u m u r sh u	native
মুমুর্ষুদের	m u m u r sh u d e r	native
মুমেনিন	m u m e n i n	native
মুম্বই	m u mb O i	native
মুম্বাই	m u mb a i	native
মুম্বাইকে	m u mb a i k e	native
মুম্বাইতে	m u mb a i t e	native
মুম্বাইর	m u mb a i r	native
মুম্বাইসহ	m u mb a i sh o h O	native
মুম্বাইয়ে	m u mb a i y e	native
মুম্বাইয়ের	m u mb a i y e r	native
মুরং	m u r o ng	native
মুরইল	m u r o i l	native
মুরগা	m u r g a	native
মুরগিও	m u r g i O	native
মুরগিকে	m u r g i k e	native
মুরগিগুলো	m u r g i g u l O	native
মুরগিজাত	m u r g i j a t	native
মুরগিটা	m u r g i T a	native
মুরগিতে	m u r g i t e	native
মুরগির	m u r g i r	native
মুরগিসহ	m u r g i sh o h O	native
মুরগ্	m u r o g	native
মুরজ	m u r o j	native
মুরজা	m u r j a	native
মুরত	m u r o t	native
মুরতদ	m u r t a d	native
মুরতাজা	m u r t a j a	native
মুরতাদ	m u r t a d	native
মুরতাদদের	m u r t a d d e r	native
মুরতুজা	m u r t u j a	native
মুরব্বি	m u r O b b i	native
মুরব্বিকে	m u r o b b i k e	native
মুরব্বিদের	m u r o b b i d e r	native
মুরব্বির	m u r o b b i r	native
মুরব্বিরা	m u r O b b i r a	native
মুরমু	m u r m u	native
মুরলা	m u r o l a	native
মুরলি	m u r l i	native
মুরলিধরন	m u r l i dh o r o n	native
মুরলিধরনের	m u r l i dh o r o n e r	native
মুরলির	m u r l i r	native
মুরশিদ	m u r sh i d	native
মুরশিদের	m u r sh i d e r	native
মুরসালিন	m u r sh a l i n	native
মুরসি	m u r sh i	native
মুরসিকে	m u r sh i k e	native
মুরসির	m u r sh i r	native
মুরাকবা	m u r a k o b a	native
মুরাকামি	m u r a k a m i	native
মুরাকামির	m u r a k a m i r	native
মুরাদ	m u r a d	native
মুরাদও	m u r a d O	native
মুরাদকে	m u r a d k e	native
মুরাদনগর	m u r a d n o g O r	native
মুরাদনগরে	m u r a d n o g o r e	native
মুরাদনগরের	m u r a d n o g O r e r	native
মুরাদপুর	m u r a d p u r	native
মুরাদপুরে	m u r a d p u r e	native
মুরাদপুরের	m u r a d p u r e r	native
মুরাদুল	m u r a d u l	native
মুরাদের	m u r a d e r	native
মুরার	m u r a r	native
মুরালি	m u r a l i	native
মুরালিকে	m u r a l i k e	native
মুরালিধরন	m u r a l i dh o r O n	native
মুরালিধরনকে	m u r a l i dh o r o n k e	native
মুরালিধরনের	m u r a l i dh o r O n e r	native
মুরালির	m u r a l i r	native
মুরি	m u r i	native
মুরিং	m u r i ng	native
মুরিদ	m u r i d	native
মুরিদদের	m u r i d d e r	native
মুরিলো	m u r i l O	native
জকৃতে	j o k r i t e	tatsama
জকৃত্	j o k r i t	tatsama
জক্ষ	j O kkh O	tatsama
জক্ষ্মাও	j o kkh a O	tatsama
জক্ষ্মারোগ	j o kkh a r O g	tatsama
জক্ষ্মায়	j o kkh a y	tatsama
জখনি	j o kh o n i	native
জখনো	j o kh o n O	native
জছু	j O chh u	native
জজন	j o j O n	native
জজমান	j o j m a n	native
জজাতি	j o j a t i	native
জজানো	j o j a n O	native
জজুর্বেন্দ্র	j o j u r b e ndr o	native
জজ্ঞেশ্বর	j o g g e sh sh o r	tatsama
জতকাল	j o t O k a l	native
জতটি	j o t O T i	native
জতটুকু	j o t O T u k u	native
জতন	j o t O n	native
জতনে	j o t O n e	native
জতমান	j o t O m a n	native
জতশিঘ্রসম্ভব	j o t O sh i gh r o sh o m bh o b	native
জতসংখ্যক	j o t O sh o ng kh o k	native
জতাত্মা	j o t a t t a	native
জতারপুর	j o t a r o p u r	native
জতি(–তিন্)	j O t i	native
জতিনের	j o t i n e r	native
জতিন্দ্র	j o t i ndr o	native
জতিন্দ্রনগর	j o t i ndr o n o g o r	native
জতিন্দ্রলাল	j o t i ndr o l a l	native
জত্ত	j o tt o	native
জত্তোসব	j o tt o sh o b	native
জত্র	j o tr O	native
জত্সামান্য	j o t sh a m a n j o	native
জত্সামান্যই	j o t sh a m a n j o i	native
জথশ্টে	j o th o sh T e	native
জথাজথভাবেই	j o th a j o th bh a b e i	native
জথানিয়মে	j o th a n i y o m e	native
জথাবিহিত	j o th a b i h i t o	native
জথার্থতাও	j o th a r th o t a O	native
জথার্থতার	j o th a r th o t a r	native
জথার্থভাবেই	j o th a r th o bh a b e i	native
জথাশিগগির	j o th a sh i g g i r	native
জথাসময়	j o th a sh o m o y	native
জথাসময়েই	j o th a sh o m o y e i	native
জথেচ্ছভাবে	j o th e ch chh o bh a b e	native
জথেচ্ছা	j o th e ch chh a	native
জথেচ্ছাচার	j o th e ch chh a r	native
জথেচ্ছাচারের	j o th e ch chh a r e r	native
জথেশ্টভাবে	j o th e sh T o bh a b e	native
জথেশ্টসংখ্যক	j o th e sh T o sh o ng kh o k	native
জথোক্ত	j o th O kt O	native
জথোচিত	j o th O ch i t o	native
জথোপজুক্তভাবে	j o th O p o j u kt o bh a b e	compound
জদর্থে	j o d o r th e	native
জদা	j o d a	native
জদির	j o d i r o	native
জদৃচ্ছা	j o d d ri ch chh a	tatsama
জদ্দিন	j o d d i n	native
জদ্দুর	j o d d u r	native
জদ্ভবিশ্য	j o d bh O b i sh sh O	native
জদ্যপি	j O d d O p i	native
জন্তর	j o nt o r	native
জন্তা	j o nt a	native
জন্ত্রক	j o nt r o k	native
জন্ত্রজান	j o nt r o j a n	native
জন্ত্রদানবের	j o nt r o d a n o b	native
জন্ত্রন	j o nt r o n	native
জন্ত্রনাগুলো	j o nt r o n a g u l O	native
জন্ত্রনাটা	j o nt r o n a T a	native
জন্ত্রনাদায়ক	j o nt r o n a d a y o k	native
জন্ত্রনাহিন	j o nt r o h i n	native
জন্ত্রনায়	j o nt r o n a y	native
জন্ত্রনির্ভর	j o nt r o n i r bh o r	native
জন্ত্রপাতিই	j o nt r o p a t i i	native
জন্ত্রপাতিগুলো	j o nt r o p a t i g u l O	compound
জন্ত্রপাতিগুলোর	j o nt r o p a t i g u l O r	compound
জন্ত্রপাতিতে	j o nt r o p a t i t e	native
জন্ত্রপাতিসহ	j o nt r o p a t i sh o h O	native
জন্ত্রসংগিতের	j o nt r o sh o ng g i t e r	compound
জন্ত্রসহ	j o nt r o sh o h O	native
জন্ত্রাংশও	j o nt r a ng sh o O	native
জন্ত্রাংশসহ	j o nt r a ng sh o sh o h O	native
জন্ত্রানুশংগ	j o nt r a n u sh o ng g o	native
জন্ত্রানুশংগে	j o nt r a n u sh o ng g e	compound
জন্ত্রালয়	j o nt r a l o y	native
জন্ত্রি	j O nt r i	native
জন্ত্রিত	j o nt r i t O	native
জবক্ষার	j o b O kkh a r	tatsama
জবদ্বিপ	j o b O d d i p	native
জবন	j o b O n	native
জবোদর	j o b O d o r	native
জম	j o m	native
জমুনাপারের	j o m u n a p a r e r	native
জমুনায়	j o m u n a y	native
জরদা	j o r d a	native
জশদ	j o sh O d	native
জশপাল	j o sh p a l	native
জশস্বি	j o sh o sh sh i	tatsama
জশের	j o sh e r	native
জশোদার	j o sh O d a r	native
জশোবন্ত	j o sh O b o nt o	native
জশোমাধব	j o sh O m a dh o b	native
জশোমাধবের	j o sh O m a dh o b e r	native
জশোরকে	j o sh O d a r k e	native
জশোরগামি	j o sh O r g a m i	native
জশোরবাসি	j o sh O r b a sh i	loanword
জশোরবাসির	j o sh O r b a sh i r	loanword
জশোরেই	j o sh O r e i	native
জশ্টি	j O sh T i	native
জহি	j o h i	native
জাইতো	j a i t O	native
জাইনুল	j a i n u l	native
জাইবো	j a i b O	native
জাইয়া	j a i y a	native
জাওজার	j a O j a r	native
জাওন	j a y O n	native
জাওনের	j a O n e r	native
জাওয়াই	j a O y a i	native
জাওয়াও	j a O y a O	native
জাওয়াকে	j a O y a k e	native
জাওয়াটা	j a O y a T a	native
জাওয়াটাই	j a O T a i	native
জাওয়াটাও	j a O y a T a O	native
জাওয়াটাকে	j a O y a T a k e O	native
জাওয়াটাকেই	j a O y a T a k e i	native
জাওয়াতে	j a O y a t e	native
জাওয়াতেই	j a O y a t e i	native
জাওয়াদের	j a O y a d e r	native
জাওয়ামাত্র	j a O y a m a tr o	native
জাওয়ামাত্রই	j a O y a m a tr o i	native
জাওয়ারই	j a O y a r i	native
জাওয়ারও	j a O y a r o O	native
জাওয়াসহ	j a O y a sh o h O	native
জাকগে	j a k g e	native
জাকু	j a k u	native
জাকে	j a k e	native
জাকেই	j a k e i	native
জাকের	j a k e r	native
জাকেরের	j a k e r e r	native
জাক্	j a k	native
জাগ	j a g	native
জাগজজ্ঞ	j a g j o g g j o	tatsama
জাগে	j a g e	native
জাচক	j a ch o k	native
জাচতি	j a ch t i	native
জাচন	j a ch O n	native
জাচনা	j a ch o n a	native
জাচা	j a ch a	native
জাচাই	j a ch a i	native
জাচাইকরন	j a ch a i k o r o n	native
জাচাইকারি	j a ch a i k a r i	native
জাচাইজোগ্য	j a ch a i j O g g o	native
জাচাইবাছাই	j a ch a i b a chh a i	native
জাচাইয়ে	j a ch a i y e	native
জাচাইয়ের	j a ch a i y e r	native
জাচ্চলে	j a ch ch O l e	native
জাচ্ছ	j a ch chh o	native
জাচ্ছি	j a ch chh i	native
জাচ্ছিল	j a ch chh i l o	native
জাচ্ছিলাম	j a ch chh i l a m	native
জাচ্ছিলেন	j a ch chh i l e n	native
জাচ্ছিস	j a ch chh i sh	native
জাচ্ছে	j a ch chh e	native
জাচ্ছেই	j a ch chh e i	native
জাচ্ছেতাই	j a ch chh e t a i	native
জাচ্ছেতাইভাবে	j a ch chh e t a i bh a b e	compound
জাচ্ছেন	j a ch chh e n	native
জাচ্ছেনা	j a ch chh e n a	native
জাচ্ছো	j a ch chh O	native
জাচ্ঞা	j a ch n a	native
জাছাই	j a chh a i	native
জাজক	j a j o k	native
জাজকদের	j a j o k d e r	native
জাজকের	j a j o k e r	native
জাজকেরা	j a j o k e r a	native
জাজন	j a j O n	native
জাজাবর	j a j a b o r	native
জাজাবরের	j a j a b o r e r	native
জাজ্ঞবল্ক্য	j a g g O b o l k O	tatsama
জাজ্ঞসেনি	j a g g O sh e n i	tatsama
জাজ্ঞিক	j a g g i k	tatsama
জাজ্ঞিকান্ন	j a g o g i k o nn O	tatsama
জাজ্য	j a j j o	native
জাঠা	j a Th a	native
জাতনা	j a t o n a	native
জাতনাময়	j a t o n a m o y	native
জাতনার	j a t o n a r	native
জাতব্য	j a t O b b O	native
জাতা(–তৃ)	j a t a	tatsama
জাতায়াত	j a t a y a t	native
জাতায়াতও	j a t a y a t O	native
জাতায়াতকারি	j a t a y a t k a r i	native
জাতায়াতকারিদের	j a t a y a t k a r i d e r	compound
জাতায়াতব্যবস্থা	j a t a y a t b A sth a	compound
জাতায়াতব্যবস্থার	j a t a y a t b A sth a r	compound
জাতায়াতে	j a t a y a t e	native
জাতায়াতের	j a t a y a t e r	native
জাতি	j a t i	native
জাতে	j a t e	native
জাত্রা	j a tr a	native
জাত্রাও	j a tr a O	native
জাত্রাকে	j a tr a k e	native
জাত্রাটা	j a tr a T a	native
জাত্রাদল	j a tr a d o l	native
জাত্রাদলে	j a tr a d o l e	native
জাত্রাপথ	j a tr a p o th	native
জাত্রাপথে	j a tr a p o th e	native
জাত্রাপথের	j a tr a p o th e r	native
জাত্রাপালা	j a tr a p a l a	native
জাত্রাপালার	j a tr a p a l a r	native
জাত্রাপালায়	j a tr a p a l a y	native
জাত্রাপুর	j a tr a p u r	native
জাত্রাবাড়ি	j a tr a b a r i	native
জাত্রাবাড়িগামি	j a tr a b a r i g a m i	compound
জাত্রাবাড়িতে	j a tr a b a r i t e	native
জাত্রাবাড়ির	j a tr a b a r i r	native
জাত্রাবিরতি	j a tr a b i r o t i	native
জাত্রাবিরতিতে	j a tr a b a b i r o t i t e	compound
জাত্রাবিরতির	j a tr a b i r o t i r	native
জাত্রাভিনয়	j a tr a bh i n o y	native
জাত্রার	j a tr a r	native
জাত্রাশিল্পি	j a tr a sh i l p i	native
জাত্রায়	j a tr a y	native
জাত্রি	j a tr i	native
জাত্রিই	j a tr i i	native
জাত্রিও	j a tr i O	native
জাত্রিক	j a tr i k	native
জাত্রিকে	j a tr i k e	native
জাত্রিছাউনি	j a tr i chh a u n i	native
জাত্রিছাউনিতে	j a tr i chh a u n i t e	compound
জাত্রিছাউনির	j a tr i chh a u n i r	native
জাত্রিতে	j a tr i t e	native
জাত্রিদের	j a tr i d e r	native
জাত্রিদেরও	j a tr i d e r o O	native
জাত্রিপ্রতি	j a tr i p o r t i	native
জাত্রিবহন	j a tr i b o h o n	native
জাত্রিবাহি	j a tr i b a h i	native
জাত্রিবেশি	j a tr i b e sh i	native
জাত্রিবেশে	j a tr i b e sh e	native
জাত্রিবোঝাই	j a tr i b O jh a i	native
জাত্রিবোঝাইয়ের	j a tr i b O jh a i y e r	compound
জাত্রিভাড়া	j a tr i bh a r a	native
জাত্রির	j a tr i r	native
জাত্রিরা	j a tr i r a	native
জাত্রিরাই	j a tr i r a i	native
জাত্রিরাও	j a tr i r a O	native
জাত্রিসংখ্যা	j a tr i sh o ng kh A	native
জাত্রিসহ	j a tr i r i sh o h O	native
জাত্রিসাধারন	j a tr i sh a dh a r o n	native
জাত্রিসাধারনকে	j a tr i sh a dh a r o n k e	compound
জাত্রিসাধারনের	j a tr i sh a dh a r o n e r	compound
জাত্রিসেবা	j a tr i sh e b a	native
জাত্রিসেবার	j a tr i sh e b a r	native
জাথাতথ্য	j a th a t O t th O	native
জাথার্থ্য	j a th a r th O	native
জাদঃপতি	j a d O p p O t i	tatsama
জাদব	j a d o b	native
জাদবকে	j a d o b k e	native
জাদবকেও	j a d o b k e O	native
জাদবপুর	j a d o b p u r	native
জাদবরা	j a d o b r a	native
জাদবের	j a d o b e r	native
জাদি	j a d i	native
জাদু	j a d u	native
জাদুকাটা	j a d u k a T a	native
জাদুর	j a d u r	native
জাদৃচ্ছিক	j a d ri ch chh i k	tatsama
জাদের	j a d e r	native
জাদেরই	j a d e r i	native
জাদেরকে	j a d e r k e	native
জানই	j a n i	native
জানও	j a n O	native
জানকে	j a n k e	native
জানগুলো	j a n g u l O	native
জানগুলোকে	j a n g u l O k e	native
জানচলাচল	j a n ch o l a ch o l	native
জানচলাচলের	j a n ch o l a ch o l e r	native
জানজট	j a n j o T	native
জানজটও	j a n j o T O	native
জানজটপুর্ন	j a n j o T o p u r n o	native
জানজটমুক্ত	j a n j o T m u kt o	native
জানজটসহ	j a n j o T sh o h O	native
জানজটে	j a n j o T e	native
জানজটের	j a n j o T e r	native
জানটি	j a n T i	native
জানটির	j a n T i r	native
জাননি	j a n n i	native
জানবহন	j a n b o h o n	native
জানবাহন	j a n b a h o n	native
জানবাহনই	j a n b a h o n i	native
জানবাহনও	j a n b a h o n O	native
জানবাহনকে	j a n b a h o n k e	native
জানবাহনগুলো	j a n b a h o n g u l O	native
জানবাহনগুলোকে	j a n b a h o n g u l O k e	compound
জানবাহনগুলোর	j a n b a h o n g u l O r	native
জানবাহনটি	j a n b a h o n T i	native
জানবাহনশুন্য	j a n b a h o n sh u n j o	native
জানবাহনসহ	j a n b a h o n sh o h O	native
জানবাহনে	j a n b a h o n e	native
জানবাহনেও	j a n b a h o n e O	native
জানবাহনের	j a n b a h o n e r	native
জানাইবো	j a n a i b O	native
জানে	j a n e	native
জানের	j a n e r	native
জান্ত্রিক	j a nt r i k	native
জান্ত্রিকতা	j a nt r i k o t a	native
জান্ত্রিকতার	j a nt r i k o t a r	native
জান্ত্রিকভাবে	j a nt r i k bh a b e	compound
জান্ত্রিকিকরনের	j a nt r i k i k o r o n e r	compound
জাপক	j a p o k	native
জাপন	j a p o n	native
জাপনে	j a p o n e	native
জাপনের	j a p o n e r o	native
জাপা	j a p a	native
জাপিত	j a p i t	native
জাপ্য	j a p p O	native
জাব	j a b	native
জাবক	j a b O k	native
জাবচ্চন্দ্রদিবাকর	j a b O ch ch o ndr O d i b a k o r	compound
জাবজ্জিবন	j a b o j j i b o n	native
জাবজ্জিবনপ্রাপ্ত	j a b o j j i b o n pr a p t o	compound
জাবজ্জিবনসহ	j a b o j j i b o n sh o h O	native
জাবত	j a b o t	native
জাবতিয়	j a b o t i y o	native
জাবত্	j a b o t	native
জাবত্কালের	j a b o t k a l e r	native
জাবনাল	j a b o n a l	native
জাবনি	j a b O n i	native
জাবনিক	j a b o n i k	native
জাবার	j a b a r	native
জাবি	j a b i	native
জাবুর	j a b u r	native
জাবে	j a b e	native
জাবেই	j a b e i	native
জাবেন	j a b e n	native
জাবেনই	j a b e n i	native
জাবেনে	j a b e n e	native
জাবো	j a b O	native
জাবৎ	j a b o t	native
জাবৎকালে	j a b o t k a l e	native
জাবৎকালের	j a b o t k a l e r	native
জাম	j a m	native
জামল	j a m O l	native
জামি	j a m i	native
জামিনি	j a m i n i	native
জামিনিকে	j a m i n i k e	native
জামিনির	j a m i n i r o	native
জামু	j a m u	native
জাম্য	j a m m O	native
জার	j a r	native
জারই	j a r i	native
জারপরনাই	j a r o p o r n a i	native
জারা	j a r a	native
জারাই	j a r a i	native
জারিআত	j a r i a t	native
জারে	j a r e	native
জালিম	j a l i m	native
জাস	j a sh	native
জাসনে	j a sh n e	native
জাসি	j a sh i	native
জাহা	j a h a	native
জাহাই	j a h a i	native
জাহাতে	j a h a t e	native
জাহাদের	j a h a d e r	native
জাহার	j a h a r	native
জাহারা	j a h a r a	native
জাহিল	j a h i l	native
জাহোক	j a h O k	native
জায়	j a y	native
জায়ই	j a y i	native
জায়জায়দিন	j a y j a y d i n	native
জায়না	j a y o n a	native
জায়নি	j a y o n i	native
জায়নুল	j a y o n u l	native
জায়িদ	j a y i d	native
জায়িদের	j a y i d e r	native
জায়ে	j a y e	native
জা–তা	j a t a	native
জিকঞ্চিত্	j i k o n ch i t	native
জিগর	j i g o r	native
জিজিয়া	j i j i y a	native
জিনি	j i n i	native
জিনিই	j i n i i	native
জিশর	j i sh o r	native
জিশু	j i sh u	native
জিশুকে	j i sh u k e	native
জিশুখ্রিশ্ট	j i sh u kh i r sh T o	loanword
জিশুখ্রিশ্টের	j i sh u kh i r sh T e r	loanword
জিশুর	j o sh u r	native
জিয়াদা	j i y a d a	native
জিয়াফত	j i y a ph o t	native
জিয়ারত	j i y a r o t	native
জুই	j u i	native
জুক্ত	j u kt o	native
জুক্তদের	j u kt o d e r	native
জুক্তফ্রন্ট	j u kt o ph o r n T	loanword
জুক্তফ্রন্টের	j u kt o ph o r n T e r	loanword
জুক্তবর্ন	j u kt o b o r n o	native
জুক্তবর্নের	j u kt o b o r n e r	native
জুক্তভাবে	j u kt o bh a b e	native
জুক্তরাজ্য	j u kt o r a j j o	native
জুক্তরাজ্যকে	j u kt o r a j j o k e	native
জুক্তরাজ্যপ্রবাসি	j u kt o r a j j o r b a sh i	compound
জুক্তরাজ্যভিত্তিক	j u kt o r a j j o bh i tt i k	compound
জুক্তরাজ্যসহ	j u kt o r a j j o sh o h O	native
জুক্তরাজ্যে	j u kt o r a j j e	native
জুক্তরাজ্যেও	j u kt o r a j j e r O	native
জুক্তরাজ্যের	j u kt o r a j j e r	native
জুক্তরাশ্ট্র	j u kt o r a sh T r o	loanword
জুক্তরাশ্ট্রই	j u kt o r a sh T r o i	loanword
জুক্তরাশ্ট্রও	j u kt o r a sh T r o O	loanword
জুক্তরাশ্ট্রকে	j u kt o r a sh T r o k e	loanword
জুক্তরাশ্ট্রকেও	j u kt o r a sh T r o k e O	loanword
জুক্তরাশ্ট্রগামি	j u kt o r a sh T r o g a m i	loanword
জুক্তরাশ্ট্রজুড়ে	j u kt o r a sh T r o j u r e	loanword
জুক্তরাশ্ট্রপ্রবাসি	j u kt o r a sh T r o p o r b a sh i	loanword
জুক্তরাশ্ট্রবিরোধি	j u kt o r a sh T r o b i r O dh i	loanword
জুক্তরাশ্ট্রভিত্তিক	j u kt o r a sh T r o bh i tt i k	loanword
জুক্তরাশ্ট্রসহ	j u kt o r a sh T r o sh o h O	loanword
জুক্তরাশ্ট্রিয়	j u kt o r a sh T r o y o	loanword
জুক্তরাশ্ট্রে	j u kt o r a sh T r e	loanword
জুক্তরাশ্ট্রেই	j u kt o r a sh T r e i	loanword
জুক্তরাশ্ট্রেও	j u kt o r a sh T r e O	loanword
জুক্তরাশ্ট্রের	j u kt o r a sh T r e r	loanword
জুক্তরাশ্ট্রেরই	j u kt o r a sh T r e r o i	loanword
জুক্তরাশ্ট্রেরও	j u kt o r a sh T r e r O	loanword
জুক্তাক্ষর	j u kt a kkh o r	tatsama
জুক্তি	j u kt i	native
জুক্তিই	j u kt i i	native
জুক্তিও	j u kt i O	native
জুক্তিকে	j u kt i k e	native
জুক্তিগুলো	j u kt i g u l O	native
জুক্তিগুলোর	j u kt i g u l O r	native
জুক্তিগ্রাহ্য	j u kt i gr a j j o	compound
জুক্তিজুক্ত	j u kt i j u kt o	native
জুক্তিটা	j u kt i T a	native
জুক্তিটি	j u kt i T i	native
জুক্তিতর্ক	j u kt i t o r k o	native
জুক্তিতর্কে	j u kt i t o r k e	native
জুক্তিতর্কের	j u kt i t o r k e r	native
জুক্তিতে	j u kt i t e	native
জুক্তিতেই	j u kt i t e i	native
জুক্তিনির্ভর	j u kt i n i r bh o r	native
জুক্তিপুর্ন	j u kt i p u r n o	native
জুক্তিবাদি	j u kt i b a d i	native
জুক্তিবাদিতা	j u kt i b a d i t a	native
জুক্তিবিচারের	j u kt i b i ch a r e r	compound
জুক্তিবুদ্ধি	j u kt i b u d dh i	tatsama
জুক্তিবোধ	j u kt i b O dh o	native
জুক্তির	j u kt i r	native
জুক্তিশিল	j u kt i sh i l	native
জুক্তিশিলতা	j u kt i sh i l o t a	native
জুক্তিসংগত	j u kt i sh o ng g o t o	native
জুক্তিসংগতভাবে	j u kt i sh o ng g o t o bh a b e	compound
জুক্তিসংগতভাবেই	j u kt i sh o ng g o t o bh a b e i	compound
জুক্তিসহকারে	j u kt i sh o h o k a r e	native
জুক্তিহিন	j u kt i h i n	native
জুগ	j u g	native
জুগকে	j u g k e	native
জুগটা	j u g T a	native
জুগটি	j u g T i	native
জুগপ	j u g p o	native
জুগপত্	j u g o p o t	native
জুগপত্ভাবে	j u g o p o t bh a b e	native
জুগপুর্তি	j u g p u r t i	native
জুগপুর্তির	j u g p u r t i r	native
জুগপৎ	j u g p o t	native
জুগপৎভাবে	j u g p o t bh a b e	native
জুগল	j u g o l	native
জুগলদের	j u g o l d e r	native
জুগলবন্দি	j u g o l b o nd i	native
জুগলবন্দিতে	j u g o l b o nd i t e	native
জুগলবন্দির	j u g o l b o nd i r	native
জুগলের	j u g o l e r	native
জুগসন্ধিক্ষনে	j u g o sh o ndh i kkh o n e	tatsama
জুগানো	j u g a n O	native
জুগান্ত	j u g a nt o	native
জুগান্তকারি	j u g a nt o k a r i	native
জুগান্তর	j u g a nt o r	native
জুগান্তরের	j u g a nt o r e r	native
জুগান্তের	j u g a nt e r	native
জুগিখালি	j u g i kh a l i	native
জুগিয়েছে	j u g i y e chh e	native
জুগে	j u g e	native
জুগেই	j u g e i	native
জুগেও	j u g e O	native
জুগের	j u g e r	native
জুগেরও	j u g e r O	native
জুগোপজোগি	j u g O p O j O g i	native
জুগোপজোগিকরন	j u g O p O j O g i k o r o n	native
জুগোশ্লাভিয়া	j u g O sh l a bh i y a	native
জুগোস্লাভিয়া	j u g O sh l a bh i y a	native
জুগোস্লাভিয়ার	j u g O sh l o bh i y a r	compound
জুগোস্লাভিয়ায়	j u g O sh l o bh i y a y	compound
জুগ্ম	j u g m o	native
জুগ্মভাবে	j u g m o bh a b e	native
জুগ্মসচিব	j u g m o sh o ch i b	native
জুগ্যি	j u g g i	native
জুজ	j u j	native
জুজুধান	j u j u dh a n	native
জুজুৎসা	j u j u t sh a	native
জুঝতে	j u jh t e	native
জুঝা	j u jh a	native
জুটি	j u T i	native
জুত	j u t	native
জুততে	j u t t e	native
জুতি	j u t i	native
জুত্সই	j u t sh o i	native
জুথ	j u th O	native
জুথবদ্ধ	j u th o b o d dh o	tatsama
জুদ্ধ	j u d dh O	tatsama
জুদ্ধংদেহি	j u d dh O ng d e h i	tatsama
জুদ্ধই	j u d dh O i	tatsama
জুদ্ধও	j u d dh O O	tatsama
জুদ্ধকবলিত	j u d dh O k o b o l i t	tatsama
জুদ্ধকালিন	j u d dh O k a l i n	tatsama
জুদ্ধকালে	j u d dh O k a l e	tatsama
জুদ্ধকে	j u d dh O k e	tatsama
জুদ্ধকোউশল	j u d dh O k O u sh o l	tatsama
জুদ্ধক্ষেত্র	j u d dh O kh e tr o	tatsama
জুদ্ধক্ষেত্রে	j u d dh O kh e tr e	tatsama
জুদ্ধক্ষেত্রেই	j u d dh O kh e tr e i	tatsama
জুদ্ধক্ষেত্রের	j u d dh O kh e tr e r	tatsama
জুদ্ধজান	j u d dh O j a n	tatsama
জুদ্ধজাহাজ	j u d dh O j a h a j	tatsama
জুদ্ধজাহাজটি	j u d dh O j a h a j T i	tatsama
জুদ্ধজাহাজডুবির	j u d dh O j a h a j D u b i r	tatsama
জুদ্ধজাহাজে	j u d dh O j a h a j e	tatsama
জুদ্ধজাহাজের	j u d dh O j a h a j e r o	tatsama
জুদ্ধজিৎ	j u d dh O j i t	tatsama
জুদ্ধজয়ি	j u d dh O j o y i	tatsama
জুদ্ধজয়ের	j u d dh O j o y e r	tatsama
জুদ্ধটা	j u d dh O T a	tatsama
জুদ্ধটাকে	j u d dh O T a k e	tatsama
জুদ্ধদিনের	j u d dh O d i n e r	tatsama
জুদ্ধনিতি	j u d dh O n i t i	tatsama
জুদ্ধপরবর্তি	j u d dh O p o r o b o r t i	tatsama
জুদ্ধপুর্ব	j u d dh O p u r b o	tatsama
জুদ্ধফেরত	j u d dh O ph e r o t	tatsama
জুদ্ধবন্দি	j u d dh O b o nd i	tatsama
জুদ্ধবন্দিকে	j u d dh O b o nd i k e	tatsama
জুদ্ধবন্দিদের	j u d dh O b o nd i d e r	tatsama
জুদ্ধবাজ	j u d dh O b a j	tatsama
জুদ্ধবাজদের	j u d dh O b a j d e r	tatsama
জুদ্ধবিগ্রহ	j u d dh O b i gr o h o	tatsama
জুদ্ধবিগ্রহের	j u d dh O b i gr o h e r	tatsama
জুদ্ধবিধ্বস্ত	j u d dh O b i dh b o st o	tatsama
জুদ্ধবিমান	j u d dh O b i m a n	tatsama
জুদ্ধবিমানকে	j u d dh O b i m a n k e	tatsama
জুদ্ধবিমানবাহি	j u d dh O b i m a n b a h i	tatsama
জুদ্ধবিমানসহ	j u d dh O b i m a n sh o h O	tatsama
জুদ্ধবিমানের	j u d dh O b i m a n e r	tatsama
জুদ্ধবিরতি	j u d dh O b i m a n e r	tatsama
জুদ্ধবিরতিতে	j u d dh O b i r o t i t e	tatsama
জুদ্ধবিরতির	j u d dh O b i r o t i r	tatsama
জুদ্ধবিরোধি	j u d dh o b i r O dh i	tatsama
জুদ্ধবিশয়ক	j u d dh o b i sh o sh o y o k	tatsama
জুদ্ধরত	j u d dh O r o t o	tatsama
জুদ্ধশেশে	j u d dh O sh e sh e	tatsama
জুদ্ধসংক্রান্ত	j u d dh O sh o ng kr a nt o	tatsama
জুদ্ধসরঞ্জাম	j u d dh O sh o r o n j a m	tatsama
জুদ্ধসহ	j u d dh O sh o h O	tatsama
জুদ্ধসেনা	j u d dh O sh e n a	tatsama
জুদ্ধাপরাধ	j u d dh O p o r a dh	tatsama
জুদ্ধাপরাধবিরোধি	j u d dh O p o r a dh b i r O dh i	tatsama
জুদ্ধাপরাধবিশয়ক	j u d dh O p o r a dh b i sh o y o k	tatsama
জুদ্ধাপরাধসহ	j u d dh O p o r a dh sh o h O	tatsama
জুদ্ধাপরাধি	j u d dh O p o r a dh i	tatsama
জুদ্ধাপরাধিই	j u d dh O p o r a dh i i	tatsama
জুদ্ধাপরাধিও	j u d dh O p o r a dh i i	tatsama
জুদ্ধাপরাধিকে	j u d dh O p o r a dh i k e	tatsama
জুদ্ধাপরাধিদের	j u d dh O p o r a dh i d e r	tatsama
জুদ্ধাপরাধিদেরও	j u d dh O p o r a dh i d e r	tatsama
জুদ্ধাপরাধির	j u d dh O p o r a dh i r	tatsama
জুদ্ধাপরাধিরা	j u d dh O p o r a dh i r a	tatsama
জুদ্ধাপরাধিসহ	j u d dh O p o r a dh i sh o h O	tatsama
জুদ্ধাপরাধে	j u d dh O p o r a dh e	tatsama
জুদ্ধাপরাধের	j u d dh O p o r a dh e r	tatsama
জুদ্ধাবস্থা	j u d dh a b o sth a	tatsama
জুদ্ধাবস্থার	j u d dh a b o sth a r	tatsama
জুদ্ধাভিজান	j u d dh a bh i j a n	tatsama
জুদ্ধাভিজানের	j u d dh a bh i j a n e r	tatsama
জুদ্ধাস্ত্র	j u d dh a st r o	tatsama
জুদ্ধাহত	j u d dh a h o t o	tatsama
জুদ্ধে	j u d dh e	tatsama
জুদ্ধেই	j u d dh e i	tatsama
জুদ্ধেও	j u d dh e O	tatsama
জুদ্ধের	j u d dh e r	tatsama
জুদ্ধেরই	j u d dh e r o i	tatsama
জুদ্ধোত্তর	j u d dh O tt o r	tatsama
জুধিশ্ঠির	j u dh i sh Th i r	native
জুধ্যমান	j u d dh O m a n	native
জুনি	j u n i	native
জুপ	j u p O	native
জুপকাশ্ঠে	j u p o k a sh Th e	native
জুব	j u b o	native
জুবক	j u b o k	native
জুবকই	j u b o k i	native
জুবকও	j u b o k O	native
জুবককে	j u b o k k e	native
জুবকটি	j u b o k T i	native
জুবকটির	j u b o k T i r	native
জুবকদের	j u b o k d e r	native
জুবকসহ	j u b o k sh o h O	native
জুবকের	j u b o k	native
জুবকেরা	j u b o k e r a	native
জুবকেরাও	j u b o k e r a O	native
জুবজানি	j u b O j a n i	native
জুবতি	j u b o t i	native
জুবতিকে	j u b o t i k e	native
জুবতিদের	j u b o t i d e r	native
জুবতির	j u b o t i d e r	native
জুবদল	j u b o d o l	native
জুবদলে	j u b o d o l e	native
জুবদলের	j u b o d o l e r	native
জুবদের	j u b o d e r o	native
জুবনাশ্ব	j u b O n a sh sh O	tatsama
জুবনেতা	j u b o n e t a	native
জুবনেতাদের	j u b o n e t a d e r o	native
জুবনেতারা	j u b o n e t a r a	native
জুবপ্রকল্পের	j u b o p o r k o l p e r	native
জুববিদ্রোহ	j u b o b i d r O h o	native
জুববিদ্রোহের	j u b o b i d r O h e r	native
জুবমোইত্রি	j u b o m O i tr i	native
জুবমোইত্রির	j u b o m O i tr i	native
জুবরত্ন	j u b o r o t n o	native
জুবরাজ	j u b o r a j	native
জুবরাজকে	j u b o r a j k e	native
জুবরাজদের	j u b o r a j d e r	native
জুবরাজের	j u b o r a j e r	native
জুবলিগ	j u b o l i g	native
জুবলিগই	j u b o l i g i	native
জুবলিগকে	j u b o l i g k e	native
জুবলিগসহ	j u b o l i g sh o h O	native
জুবলিগে	j u b o l i g e r	native
জুবলিগের	j u b o l i g e r	native
জুবশক্তি	j u b o sh o kt i	native
জুবশক্তিকে	j u b o sh o kt i k e	native
জুবশক্তির	j u b o sh o kt i r	native
জুবসংহতির	j u b o sh o ng h o t i r	native
জুবসমাজ	j u b o sh o m a j	native
জুবসমাজকে	j u b o sh o m a j k e	native
জুবসমাজের	j u b o sh o m a j e r	native
জুবা	j u b a	native
জুবাদের	j u b o d e r	native
জুবান	j u b a n	native
জুবায়ের	j u b a y e r	native
জুবি	j u b i	native
জুবিকে	j u b i k e	native
জুলমাৎ	j u l m a t	native
জুশ	j u sh	native
জুহি	j u h i	native
জুড়ি	j u r i	native
জুয়ান	j u y a n	native
জুয়ায়	j u y a y	native
জে	j e	native
জেই	j e i	native
জেও	j e O	native
জেকোন	j e k O n o	native
জেকোনো	j e k O n O	native
জেকোনোটাই	j e k O n O T a i	loanword
জেকোনোটি	j e k O n O T i	loanword
জেকোনোটিই	j e k O n O T i i	loanword
জেকোনোটিতে	j e k O n O T i t e	loanword
জেকোনোবারের	j e k O n O b a r e r	native
জেকোনোভাবে	j e k O n O bh a b e	native
জেকোনোভাবেই	j e k O n O bh a b e i	native
জেখান	j e kh a n	native
জেখানকার	j e kh a n k a r	native
জেখানটায়	j e kh a n T a y	native
জেখানে	j e kh a n e	native
জেখানেই	j e kh a n e i	native
জেগুলো	j e g u l O	native
জেগুলোকে	j e g u l O k e	native
জেগুলোতে	j e g u l O t e	native
জেগুলোর	j e g u l O r	native
জেচে	j e ch e	native
জেটা	j e T a	native
জেটাই	j e T a i	native
জেটাকে	j e T a k e	native
জেটাতে	j e T a t e	native
জেটার	j e T a r	native
জেটায়	j e T a y	native
জেটুক	j e T u k	native
জেটুকু	j e T u k u	native
জেত	j e t o	native
জেতাম	j e t a m	native
জেতে	j e t e	native
জেতেই	j e t e i	native
জেতেও	j e t e i	native
জেতো	j e t O	native
জেথা	j e th a	native
জেথায়	j e th a y	native
জেদিক	j e d i k	native
জেদিকে	j e d i k e	native
জেদিকেই	j e d i k e i	native
জেদিন	j e d i n	native
জেদিনই	j e d i n i	native
জেন	j e n o	native
জেনতেন	j e n o t e n o	native
জেনতেনভাবে	j e n o t e n o bh a b e	native
জেবার	j e b a r	native
জেভাবে	j e bh a b e	native
জেভাবেই	j e bh a b e i	native
জেমন	j e m o n	native
জেমনই	j e m o n i	native
জেমনটা	j e m o n T a	native
জেমনটি	j e m o n T i	native
জেমনভাবে	j e m o n bh a b e	native
জেমনি	j e m o n i	native
জেমনিভাবে	j e m o n i bh a b e	native
জেরকম	j e r o k o m	native
জেরুপ	j e r u p	native
জেসব	j e sh o b	native
জেসবের	j e sh o b e r o	native
জেসমস্ত	j e sh o m o st o	native
জেহেতু	j e h e t u	native
জেহ্ন	j e n h O	native
জেয়াদা	j e y a d a	native
জেয়ে	j e y e	native
জেয়ো	j e y O	native
জোই	j O i	native
জোইবতি	j O i b o t i	native
জোউ	j O u	native
জোউক্তিক	j O u kt i k	native
জোউক্তিকও	j O u kt i k O	native
জোউক্তিকতা	j O u kt i kt a	native
জোউক্তিকতাও	j O u kt i kt a O	native
জোউক্তিকতাকে	j O u kt i kt a k e	native
জোউক্তিকতার	j O u kt i kt a r	native
জোউক্তিকভাবে	j O u kt i k bh a b e	native
জোউক্তিকভাবেই	j O u kt i k bh a b e i	compound
জোউক্তিকিকরন	j O u kt i k k i r o n	native
জোউক্তিকিকরনের	j O u kt i k k i r o n e r	compound
জোউগ	j O u g o	native
জোউগপদ্য	j O u g O p O d d O	native
জোউগিক	j O u g i k	native
জোউগের	j O u g e r	native
জোউতুক	j O u t u k	native
জোউতুকবিরোধি	j O u t u k b i r O dh i	native
জোউতুকবিহিন	j O u t u k b i h i n	native
জোউতুকলোভি	j O u t u k l O bh i	native
জোউতুকের	j O u t u k e r	native
জোউথ	j O u th o	native
জোউথতা	j O u th o t a	native
জোউথতার	j O u th o t a r	native
জোউথভাবে	j O u th o bh a b e	native
জোউথভাবেই	j O u th o bh a b e i	native
জোউথসভা	j O u th o sh o bh a	native
জোউথসভার	j O u th o sh o bh a r	native
জোউথসভায়	j O u th o sh o bh a y	native
জোউন	j O u n o	native
জোউনকর্ম	j O u n o k o r m o	native
জোউনকর্মকে	j O u n o k o r m o k e	native
জোউনকর্মি	j O u n o k o r m i	native
জোউনকর্মিদের	j O u n o k o r m i d e r	native
জোউনকর্মির	j O u n o k o r m i r	native
জোউনকর্মিরা	j O u n o k o r m i r a	native
জোউনকর্মে	j O u n o k o r m e	native
জোউনকর্মের	j O u n o k o r m e r	native
জোউনক্রিয়া	j O u n o kr i y a	native
জোউনজ	j O u n o j	native
জোউনজিবন	j O u n o j i b o n	native
জোউনতা	j O u n o t a	native
জোউনতাকে	j O u n o t a k e	native
জোউনতার	j O u n o t a r	native
জোউনপল্লি	j O u n o p o l l i	native
জোউনপল্লিতে	j O u n o p o l l i t e	native
জোউনপল্লির	j O u n o p o l l i r	native
জোউনবাহিত	j O u n o b a h i t	native
জোউনমিলনের	j O u n o m i l o n e r	native
জোউনরোগ	j O u n o r O g	native
জোউনরোগের	j O u n o r O g e r	native
জোউনাংগ	j O u n a ng g o	native
জোউনাংগে	j O u n a ng g e r	native
জোউনাচার	j O u n a ch a r	native
জোউবত	j O u b o t	native
জোউবন	j O u b o n	native
জোউবনজলতরংগ	j O u b o n j o l t o r o ng g o	native
জোউবনে	j O u b o n e	native
জোউবনের	j O u b o n e r	native
জোউবরাজ্য	j O u b O r a j j O	native
জোক্তা	j O kt a	native
জোগ	j O g	native
জোগগুরু	j O g g u r u	native
জোগজোগ	j O g j O g	native
জোগটা	j O g T a	native
জোগদান	j O g d a n	native
জোগদানকারি	j O g d a n k a r i	native
জোগদানকারিদের	j O g d a n k a r i d e r	compound
জোগদানকারিরা	j O g d a n k a r i r a	native
জোগদানকালে	j O g d a n k a l e	native
জোগদানকে	j O g d a n k e	native
জোগদানপত্র	j O g d a n p o tr o	native
জোগদানসহ	j O g d a n sh o h O	native
জোগদানে	j O g d a n e	native
জোগদানের	j O g d a n e r	native
জোগফল	j O g ph o l	native
জোগফলই	j O g ph o l i	native
জোগফলে	j O g ph o l e	native
জোগফলের	j O g ph o l e r o	native
জোগব্যায়াম	j O g b A y a m	native
জোগব্যায়ামে	j O g b A y a m e	native
জোগব্যায়ামের	j O g b A y a m e r	native
জোগসাজশ	j O g sh a j o sh	native
জোগসাজশও	j O g sh a j o sh O	native
জোগসাজশকারি	j O g sh a j o sh k a r i	native
জোগসাজশমুলক	j O g sh a j o sh m u l o k	native
জোগসাজশে	j O g sh a j o sh e	native
জোগসাজশের	j O g sh a j o sh e r	native
জোগসাজসে	j O g sh a j o sh e	native
জোগসুত্র	j O g sh u tr o	native
জোগসুত্রটা	j O g sh u tr o T a	native
জোগসুত্রতা	j O g sh u tr o t a	native
জোগসুত্রের	j O g sh u tr e r	native
জোগাও	j O g a O	native
জোগাজাগ	j O g a j a g	native
জোগাজোগ	j O g a j O g	native
জোগাজোগই	j O g a j O g e i	native
জোগাজোগও	j O g a j O g O	native
জোগাজোগকে	j O g a j O g k e	native
জোগাজোগটা	j O g a j O g T a	native
জোগাজোগটি	j O g a j O g T i	native
জোগাজোগপ্রজুক্তি	j O g a j O g pr o j u kt i	compound
জোগাজোগপ্রজুক্তির	j O g a j O g pr o j u kt i r	compound
জোগাজোগবিশয়ক	j O g a j O g b i sh o y o k	native
জোগাজোগব্যবস্থা	j O g a j O g b j o b o sth a	compound
জোগাজোগব্যবস্থাও	j O g a j O g b j o b o sth a O	compound
জোগাজোগব্যবস্থাকে	j O g a j O g b j o b o sth a k e	compound
জোগাজোগব্যবস্থার	j O g a j O g b j o b o sth a r	compound
জোগাজোগব্যবস্থাসহ	j O g a j O g b j o b o sth a sh o h O	compound
জোগাজোগব্যবস্থায়	j O g a j O g b j o b o sth a y	compound
জোগাজোগমন্ত্রি	j O g a j O g m o nt r i	compound
জোগাজোগমন্ত্রিকে	j O g a j O g m o nt r i k e	compound
জোগাজোগমন্ত্রির	j O g a j O g m o nt r i r	compound
জোগাজোগমন্ত্রিসহ	j O g a j O g m o nt r i sh o h O	compound
জোগাজোগমাধ্যম	j O g a j O g m a d d o m	compound
জোগাজোগমাধ্যমের	j O g a j O g m a d d o m e r	compound
জোগাজোগসংক্রান্ত	j O g a j O g sh o ng kr a nt o	compound
জোগাজোগসচিব	j O g a j O g sh o ch i b	native
জোগাজোগসহ	j O g a j O g sh o h O	native
জোগাজোগসুবিধা	j O g a j O g sh u b i dh a	compound
জোগাজোগে	j O g a j O g e	native
জোগাজোগেই	j O g a j O g e i	native
জোগাজোগের	j O g a j O g e r	native
জোগাজোগেরও	j O g a j O g e r	native
জোগান	j O g a n	native
জোগানিত	j O g a n i t o	native
জোগানিয়া	j O g a n i y a	native
জোগানে	j O g a n e	native
জোগাবে	j O g a b e	native
জোগাড়	j O g a r	native
জোগি	j O g i	native
জোগিতা	j O g i t a	native
জোগিনগরে	j O g i n o g o r e	native
জোগিনি	j O g i n i	native
জোগিপাড়া	j O g i p a r a	native
জোগিয়া	j O g i y a	native
জোগে	j O g e	native
জোগেন	j O g e n	native
জোগেন্দ্র	j O g e ndr o	native
জোগের	j O g e r	native
জোগেশ	j O g e sh	native
জোগ্য	j O g g O	native
জোগ্যই	j O g g o i	native
জোগ্যও	j O g g o O	native
জোগ্যতম	j O g g o t m o	native
জোগ্যতর	j O g g o t o r	native
জোগ্যতা	j O g g o t a	native
জোগ্যতাই	j O g g o t a i	native
জোগ্যতাও	j O g g o t a O	native
জোগ্যতাকে	j O g g o t a k e	native
জোগ্যতাকেও	j O g g o t a k e O	native
জোগ্যতাটা	j O g g o t a T a	native
জোগ্যতাবলে	j O g g o t a b o l e	native
জোগ্যতার	j O g g o t a r	native
জোগ্যতাসম্পন্ন	j O g g o t a sh o mp o nn o	compound
জোগ্যতায়	j O g g o t a y	native
জোগ্যদের	j O g g o d e r	native
জোগ্যপ্রার্থি	j O g g o p a r o th i	compound
জোজক	j O j O k	native
জোজন	j O j o n	native
জোজিত	j O j i t o	native
জোটক	j O T O k	native
জোটা	j O T a	native
জোটানো	j O T a n O	native
জোত	j O t	native
জোতা	j O t a	native
জোতান	j O t a n	native
জোত্র	j O tr O	native
জোদ্ধা	j O d dh a	tatsama
জোদ্ধাকে	j O d dh a k e	tatsama
জোদ্ধাদের	j O d dh a d e r	tatsama
জোদ্ধার	j O d dh a r	tatsama
জোদ্ধারা	j O d dh a r a	tatsama
জোদ্ধৃ	j O d dh r i	tatsama
জোধ	j O dh	native
জোধন	j O dh O n	native
জোধা	j O dh a	native
জোনিরস	j O n i r o sh	native
জোবায়রুল	j O b a y r u l	native
জোবায়ের	j O b a y e r	native
জোশ	j O sh	native
জোশর	j O sh o r	native
জোশি	j O sh i	native
জোশির	j O sh i r	native
জোশেফ	j O sh e ph	native
জোসেফ	j O sh e ph	native
জোসেফাইট	j O sh e ph a i T	proper_noun
জোসেফের	j O sh e ph e r	native
জোহরা	j O h r a	native
জোড়	j O r	native
জোড়া	j O r a	native
জোড়ানো	j O r a n O	native
জোয়ান	j O y a n	native
জো–হুমুমের	j O h u k u m e r d o l	native
জৎ	j o t	native
জৎকিঞ্চিৎ	j o t k i n ch i t	native
জৎসামান্য	j o t sh a m a n n o	native
জৎসামান্যই	j o t sh a m a n n o i	native
জড়জন্ত্র	j o r o j o nt r	native
জড়জন্ত্রের	j o r o j o nt r e r	native
জ–কার	j o k a r	native
মুকাভিনেতা	m u k a bh i n e t a	native
মুকাভিনয়	m u k a bh i n o y	native
মুকাভিনয়কর্মিদের	m u k a bh i n o y k o r m i d e r	compound
মুকাভিনয়ের	m u k a bh i n o y e r	native
মুরিলোর	m u r i l O r	native
মুরিসি	m u r i sh i	native
মুরুগান	m u r u g a n	native
মুরুব্বি	m u r u b b i	native
মুরুব্বিরা	m u r u b b i r a	native
মুরে	m u r e	native
মুরের	m u r e r	native
মুরোত	m u r O t	native
মুরোদ	m u r O d	native
মুর্খ	m u r kh O	native
মুর্খই	m u r kh o i	native
মুর্খতা	m u r kh o t a	native
মুর্খতার	m u r kh o t a r	native
মুর্খের	m u r kh e r	native
মুর্গ	m u r g o	native
মুর্গি	m u r g i	native
মুর্ছনা	m u r chh o n a	native
মুর্ছনার	m u r chh o n a r	native
মুর্ছনায়	m u r chh o n a y	native
মুর্ছা	m u r chh a	native
মুর্ছিত	m u r chh i t o	native
মুর্ত	m u r t O	native
মুর্তজাও	m u r t O j a O	native
মুর্তজার	m u r t O j a r	native
মুর্তাজা	m u r t a j a	native
মুর্তি	m u r t i	native
মুর্তিও	m u r t i O	native
মুর্তিকে	m u r t i k e	native
মুর্তিগুলো	m u r t i g u l O	native
মুর্তিটি	m u r t i T i	native
মুর্তিটির	m u r t i T i r	native
মুর্তিতে	m u r t i t e	native
মুর্তিপরিগ্রহ	m u r t i p O r i g gr O h O	compound
মুর্তিপুজা	m u r t i p u j a	native
মুর্তিমান	m u r t i m a n	native
মুর্তির	m u r t i r	native
মুর্ত্তাজা	m u r tt a j a	native
মুর্দা	m u r d a	native
মুর্ধন্য	m u r dh O n n O	native
মুর্মু	m u r m u	native
মুর্মুর	m u r m u r	native
মুর্শিদ	m u r sh i d	native
মুর্শিদা	m u r sh i d a	native
মুর্শিদাবাদে	m u r sh i d a b a d e	native
মুর্শিদাবাদের	m u r sh i d a b a d e r	compound
মুর্শিদি	m u r sh i d i	native
মুর্শিদুদ্দিন	m u r sh i d u d d i n	compound
মুর্শেদ	m u r sh e d	native
মুর্শেদা	m u r sh e d a	native
মুর্শেদাকে	m u r sh e d a k e	native
মুর্শেদার	m u r sh e d a r	native
মুর্শেদি	m u r sh e d i	native
মুর্শেদির	m u r sh e d i r	native
মুর্শেদুজ্জামান	m u r sh e d u j j a m a n	compound
মুরৎ	m u r o t	native
মুল	m u l	native
মুলক	m u l o k	native
মুলকথা	m u l k o th a	native
মুলগতভাবে	m u l g o t o bh a b e	native
মুলঘর	m u l gh o r	native
মুলজান	m u l j a n	native
মুলত	m u l O t O	native
মুলতঃ	m u l O t O	tatsama
মুলতবি	m u l t o b i	native
মুলতবির	m u l t O b i r	native
মুলতান	m u l t a n	native
মুলতানি	m u l t a n i	native
মুলতানে	m u l t a n e	native
মুলতানের	m u l t a n e r	native
মুলদ	m u l o d	native
মুলধন	m u l dh o n	native
মুলধনই	m u l dh o n i	native
মুলধনও	m u l dh o n O	native
মুলধনসম্পন্ন	m u l dh o n sh o mp o nn o	native
মুলধনি	m u l dh o n i	native
মুলধনে	m u l dh o n e	native
মুলধনের	m u l dh o n e r	native
মুলধারা	m u l dh a r a	native
মুলধারার	m u l dh a r a r	native
মুলধারায়	m u l dh a r a y	native
মুলনিতি	m u l n i t i	native
মুলনিতিকে	m u l n i t i k e	native
মুলনিতিগুলো	m u l n i t i g u l O	native
মুলনিতিতে	m u l n i t i t e	native
মুলনিতির	m u l n i t i r	native
মুলনিতিসমুহ	m u l n i t i sh o m u h	native
মুলপ্রবন্ধ	m u l pr o b o ndh o	native
মুলভাব	m u l bh a b	native
মুলভিত্তি	m u l bh i tt i	native
মুলমঞ্চে	m u l m o n ch e	native
মুলমন্ত্র	m u l m o nt r O	native
মুলসুত্র	m u l sh u tr o	native
মুলস্রোতে	m u l sh r O t e	native
মুলহোতা	m u l h O t a	native
মুলাটা	m u l a T a	native
মুলাটোল	m u l a T O l	native
মুলাডুলিতে	m u l a D u l i t e	native
মুলাদি	m u l a d i	native
মুলানুগ	m u l a n u g	native
মুলার	m u l a r	native
মুলারকে	m u l a r k e	native
মুলারের	m u l a r e r	native
মুলায়ম	m u l a y m	native
মুলায়মের	m u l a y m e r	native
মুলায়াম	m u l a y a m	native
মুলায়েম	m u l a y e m	native
মুলি	m u l i	native
মুলিবাশ	m u l i b a sh	native
মুলুক	m u l u k	native
মুলুকে	m u l u k e	native
মুলুকেও	m u l u k e O	native
মুলুকের	m u l u k e r	native
মুলে	m u l e	native
মুলেই	m u l e i	native
মুলেও	m u l e O	native
মুলেক	m u l e k	native
মুলেট	m u l e T	loanword
মুলেন	m u l e n	native
মুলেনের	m u l e n e r	native
মুলের	m u l e r	native
মুলো	m u l O	native
মুলোত্পাটন	m u l O t p a T o n	native
মুলোৎপাটন	m u l O t p a T o n	native
মুল্য	m u l l O	native
মুল্যই	m u l l o i	native
মুল্যও	m u l l o O	native
মুল্যকে	m u l l o k e	native
মুল্যছাড়	m u l l o chh a r	native
মুল্যছাড়সহ	m u l l o chh a r sh o h O	native
মুল্যছাড়ে	m u l l o chh a r e	native
মুল্যছাড়ের	m u l l o chh a r e r	native
মুল্যটা	m u l l o T a	native
মুল্যতালিকা	m u l l O t a l i k a	native
মুল্যপতন	m u l l o p o t o n	native
মুল্যবান	m u l l O b a n	native
মুল্যবৃদ্ধি	m u l l O b ri d dh i	tatsama
মুল্যবৃদ্ধিকে	m u l l o b o r i d dh i k e	tatsama
মুল্যবৃদ্ধিজনিত	m u l l o b o r i d dh i j o n i t o	tatsama
মুল্যবৃদ্ধিতে	m u l l o b o r i d dh i t e	tatsama
মুল্যবৃদ্ধির	m u l l O b ri d dh i r	tatsama
মুল্যবৃদ্ধিসহ	m u l l o b o r i d dh i sh o h O	tatsama
মুল্যবোধ	m u l l O b O dh	native
মুল্যবোধও	m u l l o b O dh O	native
মুল্যবোধকে	m u l l O b O dh k e	native
মুল্যবোধকেই	m u l l o b O dh k e i	native
মুল্যবোধগুলো	m u l l o b O dh g u l O	native
মুল্যবোধগুলোকে	m u l l o b O dh g u l O k e	compound
মুল্যবোধসম্পন্ন	m u l l o b O dh sh o mp o nn o	compound
মুল্যবোধে	m u l l O b O dh e	native
মুল্যবোধের	m u l l O b O dh e r	native
মুল্যমান	m u l l O m a n	native
মুল্যমানের	m u l l O m a n e r	native
মুল্যসংজোজন	m u l l o sh o ng j O j o n	native
মুল্যসংবেদনশিল	m u l l o sh o ng b e d o n sh i l	compound
মুল্যসহ	m u l l o sh o h O	native
মুল্যসাশ্রয়ি	m u l l o sh a sh r o y i	native
মুল্যসিমা	m u l l o sh i m a	native
মুল্যসুচক	m u l l o sh u ch o k	native
মুল্যসুচকও	m u l l o sh u ch o k O	native
মুল্যসুচকে	m u l l o sh u ch o k e	native
মুল্যসুচকের	m u l l o sh u ch o k e r	native
মুল্যস্তর	m u l l o st o r	native
মুল্যস্তরের	m u l l o st o r e r	native
মুল্যস্ফিতি	m u l l o sh ph i t i	native
মুল্যস্ফিতিও	m u l l o sh ph i t i O	native
মুল্যস্ফিতিকে	m u l l o sh ph i t i k e	compound
মুল্যস্ফিতিতে	m u l l o sh ph i t i t e	compound
মুল্যস্ফিতির	m u l l o sh ph i t i r	native
মুল্যহার	m u l l O h a r	native
মুল্যহিন	m u l l O h i n	native
মুল্যহ্রাস	m u l l o r a sh	native
মুল্যায়ন	m u l l a y o n	native
মুল্যায়নই	m u l l a y o n i	native
মুল্যায়নও	m u l l a y o n O	native
মুল্যায়নকাজ	m u l l a y o n k a j	native
মুল্যায়নকারি	m u l l a y o n k a r i	native
মুল্যায়নকে	m u l l a y o n k e	native
মুল্যায়নটা	m u l l a y o n T a	native
মুল্যায়নে	m u l l a y o n e	native
মুল্যায়নের	m u l l a y o n e r	native
মুল্যায়িত	m u l l a y i t o	native
মুল্যে	m u l l e	native
মুল্যেই	m u l l e i	native
মুল্যেও	m u l l e O	native
মুল্যের	m u l l e r	native
মুল্লুক	m u l l u k	native
মুল্লুকে	m u l l u k e	native
মুশকিল	m u sh k i l	native
মুশকিলই	m u sh k i l i	native
মুশকিলে	m u sh k i l e	native
মুশকিলের	m u sh k i l e r	native
মুশতাক	m u sh t a k	native
মুশতাকের	m u sh t a k e r	native
মুশতারা	m u sh o t a r a	native
মুশতারি	m u sh t a r i	native
মুশফিক	m u sh ph i k	native
মুশফিকই	m u sh ph i k i	native
মুশফিকও	m u sh ph i k O	native
মুশফিককে	m u sh ph i k k e	native
মুশফিকদের	m u sh ph i k d e r	native
মুশফিকবিল্লাহ	m u sh ph i k b i l l a h	compound
মুশফিকরা	m u sh ph i k r a	native
মুশফিকুর	m u sh ph i k u r	native
মুশফিকুরই	m u sh ph i k u r i	native
মুশফিকুরও	m u sh ph i k u r O	native
মুশফিকুরকে	m u sh ph i k u r k e	native
মুশফিকুরদের	m u sh ph i k u r d e r	native
মুশফিকুরেরও	m u sh ph i k u r e r O	native
মুশফিকের	m u sh ph i k e r	native
মুশফেকুর	m u sh ph e k u r	native
মুশরিক	m u sh r i k	native
মুশরিকদের	m u sh r i k d e r	native
মুশল	m u sh O l	native
মুশলধারে	m u sh o l dh a r e	native
মুশা	m u sh a	native
মুশি	m u sh i	native
মুশিক	m u sh i k	native
মুশির	m u sh i r	native
মুশ্ক	m u sh k O	native
মুশ্টামুশ্টি	m u sh T a m u sh T i	native
মুশ্টি	m u sh T i	native
মুশ্টিজোদ্ধা	m u sh T i j O d dh a	tatsama
মুশ্টিবদ্ধ	m u sh T i b o d dh O	tatsama
মুশ্টিমেয়	m u sh T i m e y	native
মুশ্টির	m u sh T i r	native
মুশড়ে	m u sh r e	native
মুস	m u sh	native
মুসক	m u sh o k	native
মুসকদাতা	m u sh o k d a t a	native
মুসকসংক্রান্ত	m u sh o k sh o ng kr a nt o	compound
মুসকের	m u sh o k e r	native
মুসতাইন	m u sh t a i n	native
মুসতাক	m u sh t a k	native
মুসনাদে	m u sh n a d e	native
মুসফিকুর	m u sh ph i k u r	native
মুসর	m u sh r o	native
মুসল	m u sh o l	native
মুসলমান	m u sh O l m a n	native
মুসলমানই	m u sh O l m a n i	native
মুসলমানও	m u sh O l m a n O	native
মুসলমানকে	m u sh O l m a n k e	native
মুসলমানগন	m u sh o l m a n g o n	native
মুসলমানদের	m u sh O l m a n d e r	native
মুসলমানদেরও	m u sh o l m a n d e r O	native
মুসলমানদেরকে	m u sh O l m a n d e r k e	native
মুসলমানপ্রধান	m u sh o l m a n pr o dh a n	compound
মুসলমানরা	m u sh O l m a n r a	native
মুসলমানরাই	m u sh O l m a n r a i	native
মুসলমানরাও	m u sh o l m a n r a O	native
মুসলমানি	m u sh O l m a n i	native
মুসলমানিত্বের	m u sh o l m a n i t t e r	tatsama
মুসলমানে	m u sh o l m a n e	native
মুসলমানের	m u sh O l m a n e r	native
মুসলমানেরা	m u sh O l m a n e r a	native
মুসলমানেরাও	m u sh o l m a n e r a O	native
মুসলিম	m u sh l i m	native
মুসলিমকে	m u sh l i m k e	native
মুসলিমদের	m u sh l i m d e r	native
মুসলিমপাড়া	m u sh l i m p a r a	native
মুসলিমবাগ	m u sh l i m b a g	native
মুসলিমবিরোধি	m u sh l i m b i r O dh i	native
মুসলিমরা	m u sh l i m r a	native
মুসলিমরাও	m u sh l i m r a O	native
মুসলিমসহ	m u sh l i m sh o h O	native
মুসলিমা	m u sh l i m a	native
মুসলিমাবাদ	m u sh l i m a b a d	native
মুসলিমিন	m u sh l i m i n	native
মুসলিমে	m u sh l i m e	native
মুসলিমেরা	m u sh l i m e r a	native
মুসলেম	m u sh l e m	native
মুসলেমিনের	m u sh l e m i n e r	native
মুসলেমের	m u sh l e m e r	native
মুসলেরা	m u sh l e r a	native
মুসলেরাকে	m u sh l e r a k e	native
মুসলেরার	m u sh l e r a r	native
মুসলেহ	m u sh l e h	native
মুসল্লি	m u sh O l l i	native
মুসল্লিদের	m u sh O l l i d e r	native
মুসল্লির	m u sh O l l i r	native
মুসল্লিরা	m u sh o l l i r a	native
মুসা	m u sh a	native
মুসাকে	m u sh a k e	native
মুসাফা	m u sh a ph a	native
মুসাফির	m u sh a ph i r	native
মুসাফিরকে	m u sh a ph i r k e	native
মুসাফিরের	m u sh a ph i r e r	native
মুসাব	m u sh a b	native
মুসাবিদা	m u sh a b i d a	native
মুসাব্বির	m u sh a b b i r	native
মুসাভাই	m u sh a bh a i	native
মুসাভাইকে	m u sh a bh a i k e	native
মুসার	m u sh a r	native
মুসাররাত	m u sh a r r a t	native
মুসিবত	m u sh i b o t	native
মুসিবতসমুহ	m u sh i b o t sh o m u h	native
মুসুল্লিদের	m u sh u l l i d e r	native
মুসেভেনি	m u sh e bh e n i	native
মুসোলিনির	m u sh O l i n i r	native
মুস্কিল	m u s k i l	loanword
মুস্তফা	m u st o ph a	native
মুস্তাক	m u st a k	native
মুস্তাকিম	m u st a k i m	native
মুস্তাফা	m u st a ph a	native
মুস্তাফার	m u st a ph a r	native
মুস্তাফিজ	m u st a ph i j	native
মুস্তাফিজই	m u st a ph i j i	native
মুস্তাফিজও	m u st a ph i j O	native
মুস্তাফিজকে	m u st a ph i j k e	native
মুস্তাফিজদের	m u st a ph i j d e r	native
মুস্তাফিজরা	m u st a ph i j r a	native
মুস্তাফিজুরকে	m u st a ph i j u r k e	compound
মুস্তাফিজুরের	m u st a ph i j u r e r	compound
মুস্তাফিজের	m u st a ph i j e r	native
মুস্তাহাব	m u st a h a b	native
মুস্তাহিদুর	m u st a h i d u r	native
মুহম্মদ	m u h O mm O d	native
মুহসিন	m u h sh i n	native
মুহা	m u h a	native
মুহাদ্দিস	m u h a d d i sh	native
মুহাব্বত	m u h a b b o t	native
মুহামেদ	m u h a m e d	native
মুহাম্মদ	m u h a mm O d	native
মুহাম্মদকে	m u h a mm o d k e	native
মুহাম্মদির	m u h a mm o d i r	native
মুহাম্মদের	m u h a mm o d e r	native
মুহাম্মাদ	m u h a mm a d	native
মুহায়মেন	m u h a y m e n	native
মুহিউদ্দিন	m u h i u d d i n	native
মুহিউদ্দিনের	m u h i u d d i n e r	native
মুহিত	m u h i t	native
মুহিতও	m u h i t O	native
মুহিতকে	m u h i t k e	native
মুহিতসহ	m u h i t sh o h O	native
মুহিতের	m u h i t e r	native
মুহিদ	m u h i d	native
মুহিদকে	m u h i d k e	native
মুহিন	m u h i n	native
মুহিব	m u h i b	native
মুহিবুর	m u h i b u r	native
মুহিবুল	m u h i b u l	native
মুহিবুল্লাহ	m u h i b u l l a h	native
মুহুঃ	m u h u	tatsama
মুহুরি	m u h u r i	native
মুহুরিগঞ্জ	m u h u r i g o n j	native
মুহুরির	m u h u r i r	native
মুহুর্ত	m u h u r t O	native
মুহুর্তই	m u h u r t o i	native
মুহুর্তও	m u h u r t o O	native
মুহুর্তকে	m u h u r t O k e	native
মুহুর্তগুলো	m u h u r t O g u l O	native
মুহুর্তগুলোকে	m u h u r t o g u l O k e	compound
মুহুর্তগুলোতে	m u h u r t o g u l O t e	compound
মুহুর্তগুলোর	m u h u r t O g u l O r	native
মুহুর্তটা	m u h u r t O T a	native
মুহুর্তটার	m u h u r t o T a r	native
মুহুর্তটি	m u h u r t O T i	native
মুহুর্তটিকে	m u h u r t O T i k e	native
মুহুর্তটিতে	m u h u r t o T i r	native
মুহুর্তটির	m u h u r t o T i r	native
মুহুর্তে	m u h u r t e	native
মুহুর্তেই	m u h u r t e i	native
মুহুর্তেও	m u h u r t e O	native
মুহুর্মুহু	m u h u r m u h u	native
মুহ্যমান	m u j j o m a n	native
মুৎসুদ্দি	m u t sh u d d i	native
মুড়	m u r	native
মুড়কি	m u r k i	native
মুড়কির	m u r k i r	native
মুড়নো	m u r o n O	native
মুড়মুড়	m u r m u r	native
মুড়লি	m u r l i	native
মুড়া	m u r a	native
মুড়াপাড়া	m u r a p a r a	native
মুড়িওয়ালিদের	m u r i O y a l i d e r	native
মুড়িঘন্ট	m u r i gh o n T o	native
মুড়িভর্তা	m u r i bh o r t a	native
মুড়িমুড়কির	m u r i m u r k i r	native
মুড়ির	m u r i r	native
মুড়িয়ে	m u r i y e	native
মুড়ে	m u r e	native
মুয়াক্কাদা	m u y a k k a d a	native
মুয়াজ্জল	m u y a j j o l	native
মুয়াজ্জিন	m u y a j j i n	native
মুয়াজ্জিনের	m u y a j j i n e r	native
মুয়াম্মার	m u y a mm a r	native
মুয়াল্লিম	m u y a l l i m	native
মুয়িদ	m u y i d	native
মুয়েলার	m u y e l a r	native
মু’জিজা	m u j i j a	native
মৃগ	m ri g O	tatsama
মৃগমারি	m ri g O m a r i	tatsama
মৃগাংক	m ri g a ng k O	tatsama
মৃগি	m ri g i	tatsama
মৃগিরোগ	m ri g i r O g	tatsama
মৃগেল	m ri g e l	tatsama
মৃগয়া	m ri g o y a	tatsama
মৃগয়ার	m ri g o y a r	tatsama
মৃতকোশ	m ri t O k O sh	tatsama
মৃতদের	m ri t O d e r	tatsama
মৃতদেহ	m ri t O d e h O	tatsama
মৃতদেহকে	m ri t o d e h o k e	tatsama
মৃতদেহগুলো	m ri t O d e h O g u l O	tatsama
মৃতদেহগুলোর	m ri t o d e h o g u l O r	tatsama
মৃতদেহটা	m ri t o d e h o T a	tatsama
মৃতদেহটি	m ri t O d e h O T i	tatsama
মৃতদেহে	m ri t O d e h e	tatsama
মৃতদেহের	m ri t O d e h e r	tatsama
মৃতপ্রায়	m ri t o pr a y	tatsama
মৃতরা	m ri t O r a	tatsama
মৃতের	m ri t e r	tatsama
মৃত্তিকা	m ri tt i k a	tatsama
মৃত্তিকাপাড়া	m ri tt i k a p a r a	tatsama
মৃত্তিকাপাড়ার	m ri tt i k a p a r a r	tatsama
মৃত্তিকাবিজ্ঞান	m ri tt i k a b i g g A n	tatsama
মৃত্তিকার	m ri tt i k a r	tatsama
মৃত্তিকাসম্পদ	m ri tt i k a sh o mp o d	tatsama
মৃত্তিকায়	m ri tt i k a y o	tatsama
মৃত্যু	m ri t t u	tatsama
মৃত্যুই	m ri t t u i	tatsama
মৃত্যুও	m ri t t u O	tatsama
মৃত্যুকালিন	m ri t t u k a l i n	tatsama
মৃত্যুকালে	m ri t t u k a l e	tatsama
মৃত্যুকুপ	m ri t t u k u p	tatsama
মৃত্যুকুপে	m ri t t u k u p e	tatsama
মৃত্যুকেই	m ri t t u k e i	tatsama
মৃত্যুকেও	m ri t t u k e O	tatsama
মৃত্যুক্ষুধা	m ri t t u kh u d a	tatsama
মৃত্যুগুলো	m ri t t u g u l O	tatsama
মৃত্যুঘন্টা	m ri t t u gh o n T a	tatsama
মৃত্যুচিন্তা	m ri t t u ch i nt a	tatsama
মৃত্যুজনিত	m ri t t u j o n i t o	tatsama
মৃত্যুজন্ত্রনা	m ri t t u j o nt r O n a	tatsama
মৃত্যুঝুকি	m ri t t u jh u k i	tatsama
মৃত্যুঝুকিও	m ri t t u jh u k i O	tatsama
মৃত্যুঝুকিতে	m ri t t u jh u k i t e	tatsama
মৃত্যুঝুকির	m ri t t u jh u k i r o	tatsama
মৃত্যুঞ্জয়	m ri t t u n j o y	tatsama
মৃত্যুঞ্জয়ি	m ri t t u n j o y i	tatsama
মৃত্যুটা	m ri t t u T a	tatsama
মৃত্যুতেও	m ri t t u t e O	tatsama
মৃত্যুদন্ড	m ri t t u d o n D O	tatsama
মৃত্যুদন্ডই	m ri t t u d o n D o i	tatsama
মৃত্যুদন্ডও	m ri t t u d o n D o O	tatsama
মৃত্যুদন্ডপ্রাপ্ত	m ri t t u d o n D O pr a p t O	tatsama
মৃত্যুদন্ডসহ	m ri t t u d o n D o sh o h O	tatsama
মৃত্যুদন্ডাদেশ	m ri t t u d o n D a d e sh	tatsama
মৃত্যুদন্ডাদেশপ্রাপ্ত	m ri t t u d o n D a d e sh pr a p t o	tatsama
মৃত্যুদন্ডাদেশের	m ri t t u d o n D a d e sh e r o	tatsama
মৃত্যুদন্ডে	m ri t t u d o n D e	tatsama
মৃত্যুদন্ডের	m ri t t u d o n D e r	tatsama
মৃত্যুদিন	m ri t t u d i n	tatsama
মৃত্যুদিনে	m ri t t u d i n e	tatsama
মৃত্যুদিবস	m ri t t u d i b o sh	tatsama
মৃত্যুদিবসে	m ri t t u d i b sh e	tatsama
মৃত্যুদুত	m ri t t u d u t	tatsama
মৃত্যুদৃশ্য	m ri t t u d i sh O	tatsama
মৃত্যুনিবন্ধন	m ri t t u n i b o n d o n	tatsama
মৃত্যুপথজাত্রি	m ri t t u p o th O j a tr i	tatsama
মৃত্যুপরোয়ানা	m ri t t u p o r O y a n a	tatsama
মৃত্যুপুরি	m ri t t u p u r i	tatsama
মৃত্যুপুরিতে	m ri t t u p u r i t e	tatsama
মৃত্যুফাদ	m ri t t u ph a d	tatsama
মৃত্যুফাদে	m ri t t u ph a d e	tatsama
মৃত্যুফাদের	m ri t t u ph a d e r	tatsama
মৃত্যুবরন	m ri t t u b o r o n	tatsama
মৃত্যুবরনকারি	m ri t t u b o r o n k a r i	tatsama
মৃত্যুবার্ষিকি	m ri t t u b a r sh i k i	tatsama
মৃত্যুবার্ষিকিতে	m ri t t u b a r sh i k i t e	tatsama
মৃত্যুবার্ষিকির	m ri t t u b a r sh i k i r	tatsama
মৃত্যুভয়	m ri t t u bh o y	tatsama
মৃত্যুভয়কে	m ri t t u bh o y k e	tatsama
মৃত্যুভয়ে	m ri t t u bh o y y e	tatsama
মৃত্যুর	m ri t t u r	tatsama
মৃত্যুরহস্য	m ri t t u r O h sh O	tatsama
মৃত্যুরহস্যের	m ri t t u r O h sh O r	tatsama
মৃত্যুশজ্যায়	m ri t t u sh j a y	tatsama
মৃত্যুশোক	m ri t t u sh O k	tatsama
মৃত্যুশোকে	m ri t t u sh O k e	tatsama
মৃত্যুসংক্রান্ত	m ri t t u sh o ng kr a nt O	tatsama
মৃত্যুসংবাদ	m ri t t u sh o ng b a d	tatsama
মৃত্যুসংবাদটি	m ri t t u sh o ng b a d T i	tatsama
মৃত্যুসম	m ri t t u sh o m	tatsama
মৃত্যুসহ	m ri t t u sh o h O	tatsama
মৃত্যুহার	m ri t t u h a r	tatsama
মৃত্যুহারও	m ri t t u h a r O	tatsama
মৃত্যুহিন	m ri t t u h i n	tatsama
মৃদংগ	m ri d o ng g O	tatsama
মৃদাট	m ri d a T	tatsama
মৃদাটের	m ri d a T e r	tatsama
মৃদু	m ri d u	tatsama
মৃদুভাশি	m ri d u bh a sh i	tatsama
মৃদুল	m ri d u l	tatsama
মৃদুলকান্তি	m ri d u l k a nt i	tatsama
মৃদুলের	m ri d u l e r	tatsama
মৃধাকে	m ri dh a k e	tatsama
মৃধার	m ri dh a r	tatsama
মৃধাসহ	m ri dh a sh o h O	tatsama
মৃনাল	m ri n a l	tatsama
মৃনালকান্তি	m ri n a l k a nt i	tatsama
মৃনালিনি	m ri n a l i n i	tatsama
মৃন্ময়	m r i m m o y	tatsama
মৃন্ময়ি	m ri n m o y i	tatsama
মৃৎশিল্প	m ri t sh i l p O	tatsama
মৃৎশিল্পের	m ri t sh i l p e r	tatsama
মেইকআপ	m e i k a p	native
মেইকন	m e i k o n	native
মেইকার	m e i k a r	native
মেইজ	m e i j	native
মেইনার	m e i n a r	native
মেইল	m e i l	native
মেইলও	m e i l O	native
মেইলগুলো	m e i l g u l O	native
মেইলসহ	m e i l sh o h O	native
মেইলে	m e i l e	native
মেইলেও	m e i l e O	native
মেওয়া	m A O y a	native
মেকআপ	m e k a p	native
মেকওভার	m e k O bh a r	native
মেকানিক	m e k a n i k	native
মেকানিকস	m e k a n i k sh	native
মেকানিক্যাল	m e k a n i k A l	native
মেকার	m e k a r	native
মেকারকে	m e k a r k e	native
মেকি	m e k i	native
মেখলা	m e kh l a	native
মেখে	m e kh e	native
মেখেছেন	m e kh e chh e n	native
মেগ	m e g	native
মেগরাহি	m e g r a h i	native
মেগরাহিকে	m e g r a h i k e	native
মেগা	m e g a	native
মেগাওয়াট	m e g a O y a T	loanword
মেগাওয়াটই	m e g a O y a T i	loanword
মেগাওয়াটও	m e g a O y a T O	loanword
মেগাওয়াটে	m e g a O y a T e	loanword
মেগাওয়াটের	m e g a O y a T e r	loanword
মেগাওয়াটেরও	m e g a O y a T e r O	loanword
মেগান	m e g a n	native
মেগাপোর্ট	m e g a p O r T	loanword
মেগাবাইট	m e g a b a i T	loanword
মেগাবাইটের	m e g a b a i T e r	loanword
মেগাসিটি	m e g a s i T i	loanword
মেগাহার্টজ	m e g a h a r T j	loanword
মেগাহার্টজের	m e g a h a r T j e r	loanword
মেঘও	m e gh O	native
মেঘকে	m e gh k e	native
মেঘগুলো	m e gh g u l O	native
মেঘডুবি	m e gh D u b i	native
মেঘনাগর্ভে	m e gh n a g o r bh e	native
মেঘনাঘাট	m e gh n a gh a T	native
মেঘনাঘাটে	m e gh o n a gh a T e	native
মেঘনাদ	m e gh O n a d	native
মেঘনাদবধ	m e gh O n a d b o dh	native
মেঘনার	m e gh n a r	native
মেঘনায়	m e gh n a y	native
মেঘমল্লার	m e gh O m a l l a r	native
মেঘমালা	m e gh m a l a	native
মেঘমালাকে	m e gh m a l a k e	native
মেঘমালার	m e gh O m a l a r	native
মেঘমুক্ত	m e gh m u kt O	native
মেঘমেদুর	m e gh m e d u r	native
মেঘা	m e gh a	native
মেঘাচ্ছন্ন	m e gh a ch chh o nn O	native
মেঘালয়	m e gh a l o y	native
মেঘালয়ে	m e gh a l o y e	native
মেঘালয়ের	m e gh a l o y e r o	native
মেঘে	m e gh e	native
মেঘেন	m e gh e n	native
মেঘেনকে	m e gh e n k e	native
মেঘেরা	m e gh e r a	native
মেচি	m e ch i	native
মেছতা	m e chh t a	native
মেছতার	m e chh t a r	native
মেছবাহ	m e chh b a h	native
মেছের	m e chh e r	native
মেছো	m e chh O	native
মেছোবিড়াল	m e chh u b i r a l	native
মেজনার	m e j n a r	native
মেজবাউর	m e j b a u r	native
মেজবাউল	m e j b a u l	native
মেজবান	m e j b a n	native
মেজবানি	m e j b a n i	native
মেজবানে	m e j b a n e	native
মেজবানের	m e j b a n e r	native
মেজবাহ	m e j b a h	native
মেজবাহুল	m e j b a h u l	native
মেজর	m e j O r	native
মেজরকে	m e j o r k e	native
মেজাজ	m e j a j	native
মেজাজও	m e j a j O	native
মেজাজটা	m e j a j T a	native
মেজাজটাই	m e j a j T a i	native
মেজে	m e j e	native
মেঝ	m e jh O	native
মেঝেতেই	m e jh e t e i	native
মেঝেতেও	m e jh e t e O	native
মেঝের	m e jh e r	native
মেঝেয়	m e jh e y o	native
মেটাচ্ছে	m e T a ch chh e	native
মেটাচ্ছেন	m e T a ch chh e n	native
মেটাত	m e T a t o	native
মেটাতেই	m e T a t e i	native
মেটান	m e T a n	native
মেটানো	m e T a n O	native
মেটানোই	m e T a n O i	native
মেটাবলিক	m e T a b o l i k	loanword
মেটাবে	m e T a b e	native
মেটাল	m e T a l	loanword
মেটালেন	m e T a l e n	loanword
মেটায়	m e T a y o	native
মেটেরিয়াল	m e T e r i y a l	loanword
মেটেরিয়ালস	m e T e r i a l s	loanword
মেট্রন	m e T r O n	loanword
মেট্রিকটন	m e T r i k T o n	loanword
মেঠাই	m e Th a i	native
মেঠে	m e Th e	native
মেঠো	m e Th O	native
মেঠোপথ	m e Th O p o th	native
মেঠোপথে	m e Th O p o th e	native
মেড	m e D	loanword
মেডিকেল	m e D i k e l	loanword
মেডিকেলে	m e D i k e l e	loanword
মেডিটেশন	m e D i T e sh o n	loanword
মেডিনোভা	m e D i n O bh a	proper_noun
মেডিপোর্ট	m e D i p O r T	loanword
মেডিসন	m e D i s o n	proper_noun
মেডেনসহ	m e D e n sh o h O	loanword
মেঢ্র	m e Dh r O	native
মেতেছিল	m e t e chh i l O	native
মেতেছিলেন	m e t e chh i l e n	native
মেতেছে	m e t e chh e	native
মেতেছেন	m e t e chh e n	native
মেথর	m e th O r m A	native
মেদ	m e d	native
মেদবহুল	m e d b O h u l	native
মেদহিন	m e d h i n	native
মেদা	m e d a	native
মেদাওয়ালা	m e d a O y a l a	native
মেদান	m e d a n	native
মেদানের	m e d a n e r	native
মেদি	m e d i	native
মেদিনিমন্ডল	m e d i n i m o n D o l	native
মেদুর	m e d u r	native
মেদেল	m e d e l	native
মেধ	m e dh	native
মেধা	m e dh a	native
মেধাই	m e dh a i	native
মেধাকচ্চপিয়া	m e dh a k o ch ch o p i y a	native
মেধাকে	m e dh a k e	native
মেধাক্রম	m e dh a kr O m O	native
মেধাতালিকা	m e dh a t a l i k a	native
মেধাতালিকার	m e dh a t a l i k a r	native
মেধাতালিকায়	m e dh a t a l i k a y	native
মেধানুসারে	m e dh a n u sh a r e	native
মেধাবিকে	m e dh a b i k e	native
মেধাবিদের	m e dh a b i d e r	native
মেধাবিদেরই	m e dh a b i d e r i	native
মেধাবির	m e dh a b i r	native
মেধাবিরা	m e dh a b i r a	native
মেধাবিরাই	m e dh a b i r a i	native
মেধাভিত্তিক	m e dh a bh i tt i k	native
মেধামান	m e dh a m a n	native
মেধার	m e dh a r	native
মেধাশক্তি	m e dh a sh o kt i	native
মেধাশুন্য	m e dh a sh u n n O	native
মেধাশুন্যতা	m e dh a sh u n n o t a	native
মেধাসম্পদ	m e dh a sh o mp o d	native
মেধাসম্পন্ন	m e dh a sh o mp O nn O	native
মেধাহিন	m e dh a h i n	native
মেধায়	m e dh a y	native
মেধ্য	m e d dh O	native
মেনকা	m e n O k a	native
মেনকাকে	m e n k a k e	native
মেনকার	m e n k a r	native
মেনজ	m e n j	native
মেননকে	m e n o n k e	native
মেননসহ	m e n o n sh o h O	native
মেনশন	m e n sh o n	native
মেনস	m e n sh	native
মেনসা	m e n sh a	native
মেনহাজুল	m e n h a j u l	native
মেনা	m e n a	native
মেনানগর	m e n a n o g o r	native
মেনারিয়া	m e n a r i y a	native
মেনারিয়ার	m e n a r i y a r	native
মেনার্ড	m e n a r D	proper_noun
মেনি	m e n i	native
মেনিকিউর	m e n i k i u r	native
মেনুর	m e n u r	native
মেনে	m e n e	native
মেনেই	m e n e i	native
মেনেও	m e n e O	native
মেনেছি	m e n e chh i	native
মেনেছিল	m e n e chh i l o	native
মেনেজেসও	m e n e j e sh O	native
মেনেলাউস	m e n e l a u sh	native
মেনো	m e n u	native
মেনোপজ	m e n O p O j	native
মেন্টাল	m e n T a l	loanword
মেন্ডেল	m e n D e l	proper_noun
মেন্ডোজা	m e n D u j a	proper_noun
মেন্ডোজাকে	m e n D u j a k e	proper_noun
মেন্ডোজার	m e n D u j a r	proper_noun
মেন্দিস	m e nd i sh	native
মেন্যু	m e n u	native
মেন্যুতে	m e n u t e	native
মেপে	m e p e	native
মেবাজা	m e b a j a	native
মেমনকে	m e m o n k e	native
মেমি	m e m i	native
মেমোগেট	m e m O g e T	proper_noun
মেমোরিয়াল	m e m O r i y a l	native
মেম্বারস	m e mb a r sh	native
মেরকেল	m e r k e l	native
মেরা	m e r a	native
মেরাং	m e r a ng	native
মেরাজ	m e r a j	native
মেরাজুল	m e r a j u l o	native
মেরাজের	m e r a j e r	native
মেরাপ	m e r a p	native
মেরামতও	m e r a m o t O	native
মেরামতকাজ	m e r a m o t k a j	native
মেরামতকারি	m e r a m o t k a r i	native
মেরামতজোগ্য	m e r a m o t j O g g o	native
মেরামতসহ	m e r a m o t sh o h O	native
মেরামতে	m e r a m o t e	native
মেরামতের	m e r a m o t e r	native
মেরামতেরও	m e r a m o t e r O	native
মেরিটিমাস	m e r i T i m a sh	native
মেরিনো	m e r i n O	native
মেরিল	m e r i l	native
মেরিস	m e r i sh	native
মেরুকরন	m e r u k o r o n	native
মেরুকরনের	m e r u k o r n e r o	native
মেরুতে	m e r u t e	native
মেরুদন্ড	m e r u d o n D O	native
মেরুদন্ডহিন	m e r u d o n D o h i n	native
মেরুদন্ডি	m e r u d O n D i	native
মেরুদন্ডে	m e r u d o n D e	native
মেরুদন্ডের	m e r u d o n D e r	native
মেরুপ্রভা	m e r u pr o bh a	native
মেরুর	m e r u r	native
মেরুল	m e r u l	native
মেরে	m e r e	native
মেরেই	m e r e i	native
মেরেও	m e r e O	native
মেরেকেটে	m e r e k e T e	native
মেরেছি	m e r e chh i	native
মেরেছিল	m e r e chh i l O	native
মেরেছিলাম	m e r e chh i l a m o	native
মেরেছিলেন	m e r e chh i l e n	native
মেরেছে	m e r e chh e	native
মেরেছেন	m e r e chh e n	native
মেরো	m e r O	native
মের্কেল	m e r k e l	native
মেল	m e l	native
মেলবে	m e l b e	native
মেলবেন	m e l b e n o	native
মেলবোর্ন	m e l b O r n	native
মেলবোর্নে	m e l b O r n e	native
মেলবোর্নেই	m e l b O r n e i	native
মেলবোর্নের	m e l b O r n e r	native
মেলভিন	m e l bh i n	native
মেলরোজ	m e l r O j o	native
মেলল	m e l l O	native
মেলাংগনে	m e l a ng g o n e	native
মেলাই	m e l a i	native
মেলাকে	m A l a k e	native
মেলাগুলো	m e l a g u l O	native
মেলাঘর	m e l a gh o r	native
মেলাঘরে	m e l a gh o r e	native
মেলাচ্ছে	m e l a ch ch e	native
মেলাচ্ছেন	m e l a ch chh e n	native
মেলাজুড়ে	m e l a j u r e	native
মেলাটা	m e l a T a	native
মেলাটি	m A l a T i	native
মেলাটির	m e l a T i r	native
মেলাতেই	m e l a t e i	native
মেলাতেও	m e l a t e O	native
মেলাতেন	m e l a t e n	native
মেলানি	m e l a n i	native
মেলানিন	m e l a n i n	native
মেলানেশিয়া	m e l a n e sh i y a	native
মেলানো	m e l a n O	native
মেলানোই	m e l a n O i	native
মেলানোমা	m e l a n O m a	native
মেলান্দহ	m e l a nd o h O	native
মেলান্দহে	m e l a nd o h e	native
মেলাপ্রাংগনে	m e l a pr a ng g o n e	native
মেলাবেন	m e l a b e n	native
মেলামাইন	m e l a m a i n	native
মেলামিন	m e l a m i n	native
মেলামিনজুক্ত	m e l a m i n j u kt o	native
মেলামেশা	m e l a m e sh a	native
মেলামেশার	m e l a m e sh a r	native
মেলামেশায়	m e l a m e sh a y	native
মেলার	m A l a r	native
মেলারটেক	m e l a r T e k	native
মেলারটেকে	m e l a r T e k e	native
মেলাল	m e l a l o	native
মেলালেন	m e l a l e n	native
মেলাসহ	m e l a sh o h O	native
মেলাস্থলে	m e l a sth o l e	native
মেলায়	m e l a y o	native
মেলিন্ডা	m e l i n D a	proper_noun
মেলিন্ডার	m e l i n D a r	proper_noun
মেলিন্দা	m e l i nd a	native
মেলির	m e l i r	native
মেলিসা	m e l i sh a	native
মেলিয়া	m e l i y a	native
মেলে	m e l e	native
মেলেকেওক	m e l e k e O k	native
মেলেনি	m e l e n i	native
মেলো	m e l O	native
মেলোকে	m e l O k e	native
মেলোডি	m e l O D i	loanword
মেলোর	m e l O r	native
মেশ	m e sh	native
মেশকাত	m e sh k a t	native
মেশশাবকের	m e sh sh a b o k e r	native
মেশা	m e sh a	native
মেশান	m e sh a n O	native
মেশাবেন	m e sh a b e n	native
মেশার	m e sh a r	native
মেশালে	m e sh a l e	native
মেশিনপত্র	m e sh i n p o tr O	loanword
মেশিনস	m e sh i n sh	loanword
মেশিনসহ	m e sh i n sh o h O	loanword
মেশিনারি	m e sh i n a r i	loanword
মেশিনেও	m e sh i n e O	loanword
মেশে	m e sh e	native
মেশের	m e sh e r	native
মেসকাত	m e sh k a t	native
মেসগুলোতে	m e sh o g u l O t e	native
মেসন	m e sh o n	native
মেসবাউদ্দিন	m e sh b a u d d i n	native
মেসবাহ	m e sh b a h	native
মেসবাহউদ্দিন	m e sh b a h u d d i n	native
মেসবাহুল	m e sh b a h u l o	native
মেসবাহ্	m e sh b a h	native
মেসবাড়ি	m e sh b a r i	native
মেসি	m e sh i	native
মেসিই	m e sh i i	native
মেসিও	m e sh i O	native
মেসিকে	m e sh i k e	native
মেসিকেই	m e sh i k e i	native
মেসিকেও	m e sh i k e O	native
মেসিডোনিয়ান	m e s i D O n i y a n	proper_noun
মেসিডোনিয়ার	m e s i D O n i y a r	proper_noun
মেসিতে	m e sh i t e	native
মেসিময়	m e sh i m o y	native
মেসির	m e sh i r	native
মেসিরই	m e sh i r i	native
মেসিরা	m e sh i r a	native
মেসিসহ	m e sh i sh o h O	native
মেসুত	m e sh u t	native
মেসে	m e sh e	native
মেসো	m e sh O	native
মেহ	m e h O	native
মেহতা	m e h t a	native
মেহতাব	m e h t a b	native
মেহতার	m e h t a r	native
মেহন	m e h O n	native
মেহনত	m e h O n O t	native
মেহবুব	m A h b u b	native
মেহবুবা	m e h b u b a	native
মেহবুবের	m e h b u b e r	native
মেহমান	m e h O m a n	native
মেহমানকে	m e h O m a n k e	native
মেহমানপারাশত	m e h m a n p a r a sh o t	native
মেহমানপারাস্ত	m e h m a n o p a r a st o	compound
মেহমানেরা	m e h m a n e r a	native
মেহরা	m e h r a	native
মেহরান	m e h r a n	native
মেহরাব	m e h r a b	native
মেহরার	m e h r a r	native
মেহসুদ	m e h sh u d	native
মেহসুদকে	m e h sh u d k e	native
মেহসুদের	m e h sh u d e r	native
মেহেরবা	m e h e r b a	native
মেহেরবান	m e h e r o b a n	native
মেহেরবানি	m e h e r b a n i	native
মেহেরাব	m e h e r a b	native
মেহেরুন্নেছা	m e h e r u nn e chh a	native
মেহেরুন্নেসা	m e h e r u n sh a k e	native
মেহেরুন্নেসাকে	m e h e r u nn e sh a k e	compound
মেহেরুন্নেসার	m e h e r u nn e sh a r o	compound
মেহেরুল	m e h e r u l	native
মেড়া	m e r a	native
মেয়	m e y O	native
মেয়রও	m e y o r O	native
মেয়রকে	m e y o r k e	native
মেয়রপুত্র	m e y o r p u tr o	native
মেয়রপ্রার্থি	m e y o r pr a r th i	native
মেয়রসহ	m e y o r sh o h O	native
মেয়রের	m e y o r e r	native
মেয়াদ	m e y a d	native
মেয়াদই	m e y a d i	native
মেয়াদও	m e y a d O	native
মেয়াদকাল	m e y a d k a l	native
মেয়াদকালে	m e y a d k a l e	native
মেয়াদকালেই	m e y a d k a l e i	native
মেয়াদকালের	m e y a d k a l e r	native
মেয়াদপুর্তিতে	m e y a d p u r t i t e	compound
মেয়াদপুর্তির	m e y a d p u r t i r	native
মেয়াদহিন	m e y a d h i n	native
মেয়াদান্তে	m e y a d a nt e	native
মেয়াদি	m e y a d i	native
মেয়াদিকরন	m e y a d i k o r o n	native
মেয়াদে	m e y a d e	native
মেয়াদেই	m e y a d e i	native
মেয়াদেও	m e y a d e O	native
মেয়াদের	m e y a d e r	native
মেয়াদোত্তির্ন	m e y a d O tt i r n o	compound
মেয়াদোত্তির্নের	m e y a d O tt i r n e r	compound
মেয়ার	m e y a r	native
মেয়েই	m e y e i	native
মেয়েও	m e y e O	native
মেয়েক	m e y e k o	native
মেয়েকে	m e y e k e	native
মেয়েকেই	m e y e k e i	native
মেয়েকেও	m e y e k e O	native
মেয়েগুলো	m e y e g u l O	native
মেয়েগুলোর	m e y e g u l O r	native
মেয়েছেলে	m e y e chh e l e	native
মেয়েটা	m e y e T a	native
মেয়েটাও	m e y e T a O	native
মেয়েটাকে	m e y e T a k e	native
মেয়েটার	m e y e T a r	native
মেয়েটি	m e y e T i	native
মেয়েটিই	m e y e T i i	native
মেয়েটিও	m e y e T i O	native
মেয়েটিকে	m e y e T i k e	native
মেয়েটিকেই	m e y e T i k e i	native
মেয়েটিকেও	m e y e T i k e O	native
মেয়েটির	m e y e T i r	native
মেয়েটিরও	m e y e T i O	native
মেয়েদেরই	m e y e d e r i	native
মেয়েদেরও	m e y e d e r O	native
মেয়ের	m e y e r	native
মেয়েরই	m e y e r i	native
মেয়েরা	m e y e r a	native
মেয়েরাই	m e y e r a i	native
মেয়েরাও	m e y e r a O	native
মেয়েরে	m e y e r e	native
মেয়েলি	m e y e l i	native
মেয়েশিশু	m e y e sh i sh u	native
মেয়েশিশুকে	m e y e sh i sh u k e	native
মেয়েশিশুদের	m e y e sh i sh u d e r	native
মেয়েশিশুর	m e y e sh i sh u r	native
মেয়েশিশুরা	m e y e sh i sh u r a	native
মেয়েসন্তান	m e y e sh o nt a n	native
মেয়েসন্তানকে	m e y e sh o nt a n o k e	native
মেয়েসন্তানের	m e y e sh o nt a n e r	native
মেয়েসহ	m e y e sh o h O	native
মোংগল	m O ng g o l	native
মোংলা	m O ng l a	native
মোঃ	m O h a m m o d	tatsama
মোই	m O i	native
মোইত্র	m O i tr O	native
মোইত্রর	m O i tr O r	native
মোইত্রসহ	m O i tr O sh o h O	native
মোইত্রি	m O i tr i	native
মোইত্রিকে	m O i tr i k e	native
মোইত্রিপুর্ন	m O i tr i p u r n o	native
মোইত্রিবন্ধন	m O i tr i b o ndh o n	native
মোইত্রিভাব	m O i tr i bh a b o	native
মোইত্রিভাবনা	m O i tr i bh a b n a	native
মোইত্রিভাবনার	m O i tr i bh a b n a r	compound
মোইত্রির	m O i tr i r	native
মোইত্রিসুত্রে	m O i tr i sh u tr e	compound
মোইত্রেয়	m O i t i y	native
মোইত্রেয়ি	m O i t i	native
মোইথিল	m O i th i l	native
মোইথুন	m O i th u n	native
মোইদং	m O i d o ng	native
মোইমনসিংহ	m O i m o n sh i ng h o	native
মোইলান	m O i l a n	native
মোইস্তারকান্দি	m O i st a r k a nd i	compound
মোউ	m O u	native
মোউকুক	m ou k u k	native
মোউকুরি	m O u k u r i	native
মোউকে	m O u k e	native
মোউক্তিক	m O u kt i k	native
মোউখরি	m O u kh O r i	native
মোউখর্য	m O u kh o r j O	native
মোউখিক	m O u kh i k	native
মোউখিকভাবে	m O u kh i k bh a b e	native
মোউচাক	m O u ch a k	native
মোউচাকে	m O u ch a k e	native
মোউচাকের	m O u ch a k e r	native
মোউচাশিরা	m O u ch a sh i r a	native
মোউচুশকি	m O u ch o sh k i	native
মোউজ	m ou j	native
মোউজা	m O u j a	native
মোউজাধিন	m O u j a dh i n	native
মোউজাভুমি	m O u j a bh u m i	native
মোউজার	m O u j a r	native
মোউজায়	m O u j a y o	native
মোউজুদ	m ou j u d	native
মোউটুসকি	m O u T u sh k i	native
মোউটুসি	m O u T u sh i	native
মোউত	m ou t	native
মোউদ্গল্য	m O u d g O l l O	native
মোউন	m O O n O	native
মোউনতা	m O u n o t a	native
মোউনব্রত	m O u n o br o t o	native
মোউপাড়া	m O u p a r a	native
মোউবাক্স	m O u b a k s o	loanword
মোউমাছি	m O u m a chh i	native
মোউমাছিদের	m O u m a chh i d e r	native
মোউমাছির	m O u m a chh i r	native
মোউমাছিরা	m O u m a chh i r a	native
মোউমিতা	m O u m i t a	native
মোউরসি	m ou r o sh i	native
মোউরি	m O u r i	native
মোউরিতানিয়া	m O u r i t a n i y a	native
মোউরিতানিয়ার	m O u r i t a n i y a r	native
মোউরিতানিয়ায়	m O u t a n i y a y	native
মোউরির	m O u r i r	native
মোউর্বি	m O u r b i	native
মোউর্য	m O u r j O	native
মোউল	m O u l O	native
মোউলদ্বয়ের	m O u l o d o y e r	native
মোউলনিতি	m O u l o n i t i	native
মোউলনিতির	m O u l o n i t i r	native
মোউলবাদ	m O u l o b a d	native
মোউলবাদকে	m O u l o b a d k e	native
মোউলবাদবিরোধি	m O u l o b a d b i r O dh i	compound
মোউলবাদি	m O u l O b a d i	native
মোউলবাদিদের	m O u l o b a d i d e r	native
মোউলবাদির	m O u l o b a d i r	native
মোউলবাদিরা	m O u l O b a d i r a	native
মোউলবাদের	m O u l o b a d e r	native
মোউলবি	m O u l o b i	native
মোউলভি	m O u l O bh i	native
মোউলভিত্তি	m O u l o bh i tt i	native
মোউলভিত্তির	m O u l o bh i tt i r	native
মোউলভিপাড়া	m O u l o bh i p a r a	native
মোউলভিবাজার	m O u l O bh i b a j a r	native
মোউলভিবাজারে	m O u l O bh i b a j a r e	native
মোউলভিবাজারের	m O u l O bh i b a j a r e r	compound
মোউলভির	m O u l o bh i r	native
মোউলানা	m O u l a n a	native
মোউলি	m O u l i	native
মোউলিক	m O u l i k	native
মোউলিকতম	m O u l i k t o m	native
মোউলিকতা	m O u l i k o t a	native
মোউলিকতার	m O u l i k o t a r	native
মোউলিকত্ব	m O u l i k o t t O	tatsama
মোউলিকভাবে	m O u l i k bh a b e	native
মোউলিন্য	m o u l i n n O	native
মোউলিল	m O u l i l o	native
মোউলুদা	m O u l u d a	native
মোউলের	m O u l e r	native
মোউসা	m ou sh a	native
মোউসাবি	m O u sh a b i	native
মোউসুম	m O u sh u m	native
মোউসুমই	m O u sh u m i	native
মোউসুমও	m O u sh u m O	native
মোউসুমকে	m O u sh u m k e	native
মোউসুমজুড়ে	m O u sh u m j u r e	native
মোউসুমটা	m O u sh u m T a	native
মোউসুমটাই	m O u sh u m T a i	native
মোউসুমটাকে	m O u sh u m	native
মোউসুমটি	m O u sh u m T i	native
মোউসুমভিত্তিক	m O u sh u m bh i tt i k	compound
মোউসুমি	m O u sh u m i	native
মোউসুমিকে	m O u sh u m i k e	native
মোউসুমির	m O u sh u m i r	native
মোউসুমে	m O u sh u m e	native
মোউসুমেই	m O u sh u m e i	native
মোউসুমেও	m O u sh u m e O	native
মোউসুমের	m O u sh u m e r	native
মোউহারি	m O u h a r i	native
মোউড়	m O u r	native
মোউয়াল	m O u y a l	native
মোউয়ালদের	m O u y a l d e r	native
মোউয়ালরা	m O u y a l r a	native
মোউয়ালেরা	m O u y a l e r a	native
মোওয়ার্ট	m O O y a r T	native
মোক	m O k	native
মোকছেদ	m O k chh e d	native
মোকছেদুর	m O k chh e d u r	native
মোকছেদুল	m O k chh e d u l o	native
মোকতার	m O k t a r	native
মোকদ্দমা	m O k o d d O m a	native
মোকদ্দমাও	m O k o d d o m a O	native
মোকদ্দমার	m O k O d d o m a r	native
মোকদ্দমায়	m O k o d d o m a y	native
মোকলেছুর	m O k l e sh u r	native
মোকলেস	m O k l e sh	native
মোকলেসুর	m O k l e sh u r	native
মোকসেদ	m O k sh e d	native
মোকাদ্দমা	m O k o d d o m a	native
মোকাদ্দাস	m O k a d d a sh	native
মোকাদ্দেম	m O k a d d e m	native
মোকাদ্দেস	m O k a d d e sh	native
মোকাবিলা	m O k a b i l a	native
মোকাবিলাটা	m O k a b i l a T a	native
মোকাবিলার	m O k a b i l a r	native
মোকাবিলাসংক্রান্ত	m O k a b i l a sh o ng kr a nt O	compound
মোকাবিলাসহ	m O k a b i l a sh o h O	native
মোকাবিলায়	m O k a b i l a y	native
মোকাবিলায়ও	m O k a b i l a y O	native
মোকাবেলা	m O k a b e l a	native
মোকাবেলায়	m O k a b e l a y	native
মোকাব্বর	m O k a b b o r	native
মোকাম	m O k a m	native
মোকামতলা	m O k a m t o l a	native
মোকামিয়া	m O k a m i y a	native
মোকামে	m O k a m e	native
মোকামের	m O k a m e r	native
মোকাম্মেল	m O k a mm e l	native
মোকাম্মেলের	m O k a mm e l e r	native
মোকারম	m O k a r O m	native
মোকাররম	m O k a r r o m	native
মোকাররমের	m O k a r r o m e r	native
মোকাস	m O k a sh	native
মোকুব	m u k u b	native
মোকোয়েনা	m O k a y e n a	native
মোক্তা	m O kt a	native
মোক্তাদির	m O kt a d i r	native
মোক্তার	m O kt a r	native
মোক্তারকে	m O kt a r k e	native
মোক্তারের	m O kt a r e r	native
মোক্ষ	m O kkh O	tatsama
মোক্ষম	m O kkh O m	tatsama
মোখছেদুল	m O kh chh e d u l	native
মোখতার	m O kh t a r	native
মোখলেছ	m O kh l e sh	native
মোখলেছার	m O kh l e chh a r	native
মোখলেছুর	m O kh l e chh u r	native
মোখলেস	m O kh l e sh	native
মোখলেসুর	m O kh l e sh u r	native
মোখলেসুল	m O kh l e sh u l	native
মোখলেসের	m O kh l e sh e r	native
মোগরাপাড়া	m O g r a p a r a	native
মোগল	m O g O l	native
মোগলটুলি	m O g o l T u l i	native
মোগলদের	m O g O l d e r	native
মোগলরা	m O g O l r a	native
মোগলসম্রাট	m O g o l sh o m r a T	native
মোগলাই	m O g l a i	native
মোগলের	m O g o l e r	native
মোগাদিশু	m O g a d i sh u	native
মোগাদিসু	m O g a d i sh u	native
মোগাদিসুতে	m O g a d i sh u t e	native
মোগাদিসুর	m O g a d i sh u r	native
মোগো	m O g O	native
মোঘ	m O gh O	native
মোঘল	m O gh O l	native
মোচ	m O ch	native
মোচক	m u ch o k	native
মোচন	m O ch O n	native
মোচনে	m O ch O n e	native
মোচনের	m O ch O n e r	native
মোচরস	m O ch r o sh	native
মোচা	m O ch a	native
মোচ্ছব	m u ch chh o b	native
মোচড়	m O ch O r	native
মোচড়ানো	m O ch r a n O	native
মোচড়ে	m O ch r e	native
মোছ	m u chh	native
মোছলেম	m O chh l e m	native
মোছাই	m O chh a i	native
মোছাদ্দেক	m O chh a d d e k	native
মোছাব্বের	m O chh a b b e r	native
মোছার	m O chh a r	native
মোছে	m O chh e	native
মোছেন	m O chh e n	native
মোজহার	m O j h a r	native
মোজাইক	m O j a i k	native
মোজাদ্দেদ	m O j a d d e d	native
মোজান	m O j a	native
মোজাফফর	m O j a ph ph o r	native
মোজাফ্ফর	m O j a ph ph o r	native
মোজাম	m O j a m	native
মোজামেঞ্চল	m O j a m e n ch o l	native
মোজাম্বিক	m O j a mb i k	native
মোজাম্বিকে	m O j a mb i k e	native
মোজাম্বিকের	m O j a mb i k e r	native
মোজাম্মেল	m O j a mm e l	native
মোজাম্মেলকে	m O j a mm e l k e	native
মোজাম্মেলের	m O j a mm e l e r	native
মোজার	m O j a r	native
মোজার্ট	m O j a r T	proper_noun
মোজার্টের	m O j a r T e r	proper_noun
মোজাহার	m O j a h a r	native
মোজাহারুল	m O j a h a r u l	native
মোজাহিদ	m O j a h i d	native
মোজাহিদুল	m O j a h i d u l	native
মোজাহেদ	m O j a h e d	native
মোজাহের	m O j a h e r	native
মোজিলা	m O j i l a	native
মোজিলার	m O j i l a r	native
মোজেজা	m O j e j a	native
মোজেনা	m O j e n a	native
মোজেরেলা	m O j e r e l a	native
মোজেস	m O j e sh	native
মোজো	m O j O	native
মোজ্জামেল	m O j a m m e l	native
মোজ্জাম্মেল	m O j j a mm e l	native
মোট	m O T	native
মোটকথা	m O T k o th a	native
মোটকা	m O T k a	native
মোটমাট	m O T m a T o	native
মোটর	m O T O r	native
মোটরগাড়ি	m O T O r g a r i	native
মোটরগাড়িতে	m O T o r g a r i t e	native
মোটরচালিত	m O T o r ch a l i t o	native
মোটরজান	m O T o r j a n	native
মোটরজানে	m O T o r j a n e	native
মোটরজানের	m O T o r j a n e r	native
মোটরটি	m O T o r T i	native
মোটরপার্টসের	m O T o r p a r T s e r	loanword
মোটরবাইক	m O T O r b a i k	native
মোটরবাইকে	m O T O r b a i k e	native
মোটরবাইকের	m O T O r b a i k e r	native
মোটরমালিক	m O T o r m a l i k	native
মোটরশ্রমিক	m O T o r sh r o m i k o	native
মোটরস	m O T o r s	loanword
মোটরসকে	m O T o r s k e	loanword
মোটরসাইকেল	m O T O r sh a i k e l	native
মোটরসাইকেলও	m O T O r sh a i k e l O	native
মোটরসাইকেলকে	m O T O r sh a i k e l k e	native
মোটরসাইকেলগুলো	m O T o r sh a i k e l g u l O	compound
মোটরসাইকেলচালক	m O T O r sh a i k e l ch a l O k	compound
মোটরসাইকেলজোগে	m O T o r sh a i k e l j O g e	compound
মোটরসাইকেলটি	m O T O r sh a i k e l T i	native
মোটরসাইকেলটিকে	m O T O r sh a i k e l T i k e	compound
মোটরসাইকেলটির	m O T O r sh a i k e l T i r	compound
মোটরসাইকেলসহ	m O T O r sh a i k e l sh o h O	native
মোটরসাইকেলে	m O T o r sh a i k e l e	native
মোটরসাইকেলের	m O T O r sh a i k e l e r	native
মোটরসের	m O T O r s e r	loanword
মোটরে	m O T O r e	native
মোটরের	m O T o r e r	native
মোটাতাজাকরন	m O T a t a j a k o r o n	native
মোটাতাজাকরনে	m O T a t a j a k o r O n e	native
মোটাতাজাকরনের	m O T a t a j a k o r O n e r	compound
মোটাদাগে	m O T a d a g e	native
মোটামুটি	m O T a m u T i	native
মোটামুটিভাবে	m O T a m u T i bh a b e	native
মোটামোটি	m O T a m O T i	native
মোটাসোটা	m O T a sh O T a	native
মোটিফ	m O T i ph	loanword
মোটিফে	m O T i ph e	loanword
মোটিফের	m O T i ph e r	loanword
মোটিভ	m O T i bh	loanword
মোটিভেশন	m O T i bh e s O n	loanword
মোটু	m O T u	native
মোটে	m O T e	native
মোটেই	m O T e i	native
মোটেও	m O T e O	native
মোটেল	m O T e l	loanword
মোটেলসহ	m O T e l sh o h O	loanword
মোটেলে	m O T e l e	loanword
মোটেলের	m O T e l e r	loanword
মোটোর্স্	m O T O r sh	native
মোড	m O D	native
মোড়-তে	m O r t e	native
মোড়টায়	m O r T a y o	native
মোড়াইল	m O r a i l	native
মোডের	m O D e r	native
মোতানাব্বি	m O t a n a b b i	native
মোতাবেক	m O t a b e k	native
মোতালিব	m O t a l i b	native
মোতালেব	m O t a l e b	native
মোতালেবকে	m O t a l e b k e	native
মোতালেবের	m O t a l e b e r	native
মোতাহার	m O t a h a r	native
মোতাহের	m O t a h e r	native
মোতায়নের	m O t a y o n e r	native
মোতায়েন	m O t a y e n	native
মোতায়েনে	m O t a y e n e	native
মোতায়েনের	m O t a y e n e r	native
মোতায়েনেরও	m O t a y e n e r O	native
মোতি	m O t i	native
মোতিচুর	m O t i ch u r	native
মোতিয়া	m O t i y a	native
মোতেরাতে	m O t e r a t e	native
মোতোয়াকি	m O t O y a k i	native
মোত্তাকি	m O tt a k i	native
মোত্তাকিন	m O tt a k i n	native
মোথা	m O th a	native
মোদক	m O d O k	native
মোদাচ্ছির	m O d a ch chh i r	native
মোদাচ্ছের	m O d a ch chh e r	native
মোদার্রেছিনের	m O d a r e chh i n e r	compound
মোদি	m O d i	native
মোদিও	m O d i O	native
মোদিকে	m O d i k e	native
মোদিজির	m O d i j i r	native
মোদিত	m O d i t O	native
মোদির	m O d i r	native
মোদেনা	m O d e n a	native
মোদের	m O d e r	native
মোদ্দা	m O d d a	native
মোনতাজ	m O n t a j	native
মোনা	m O n a	native
মোনাকো	m O n a k O	native
মোনাখালি	m O n a kh a l i	native
মোনাজ	m O n a j	native
মোনাজাতে	m O n a j a t e	native
মোনাজাতের	m O n a j a t e r	native
মোনাফ	m O n a ph	native
মোনাফেক	m O n a ph e k	native
মোনাফেকি	m O n a ph e k i	native
মোনারুল	m O n a r u l	native
মোনালি	m O n a l i	native
মোনালিসা	m O n a l i sh a	native
মোনালিসার	m O n a l i sh a r	native
মোনাশ	m O n a sh	native
মোনাসিব	m O n a sh i b	native
মোনায়েম	m O n a y e m	native
মোনায়েমুল	m O n a y e m u l o	native
মোনায়েমের	m O n a y e m e r	native
মোনে	m O n e	native
মোনেইম	m O n e i m	native
মোনেম	m O n e m	native
মোনো	m O n O	native
মোন্ডা	m u n D a	native
মোন্তাজ	m O nt a j	native
মোন্তাজুল	m O nt a j u l	native
মোন্নাপাড়া	m O nn a p a r a	native
মোফাখখারুল	m O ph a kh kh a r u l	native
মোফাজ্জল	m O ph a j j o l	native
মোফাজ্জলের	m O ph a j j o l e r	native
মোফাজ্জাল	m O ph a j j o l	native
মোবা	m O b a	native
মোবাইলকে	m O b a i l k e	loanword
মোবাইলটা	m O b a i l T a	loanword
মোবাইলটি	m O b a i l T i	loanword
মোবাইলফোন	m O b a i l ph O n	loanword
মোবাইলফোনে	m O b a i l ph O n e	loanword
মোবাইলভিত্তিক	m O b a i l bh i tt i k	compound
মোবাইলসহ	m O b a i l sh o h O	loanword
মোবাইলে	m O b a i l e	loanword
মোবাইলেই	m O b a i l e i	loanword
মোবাইলেও	m O b a i l e O	loanword
মোবাইলের	m O b a i l e r	loanword
মোবারক	m O b a r o k	native
মোবারকই	m O b a r o k i	native
মোবারককে	m O b a r O k k e	native
মোবারকগঞ্জ	m O b a r o k g o n j o	native
মোবারকপন্থি	m O b a r o k p o n th i	native
মোবারকপন্থিদের	m O b a r o k p o n th i d e r	compound
মোবারকপন্থিরা	m O b a r o k p o n th i r a	compound
মোবারকপুর	m O b a r o k p u r	native
মোবারকবাদ	m O b a r o k b a d	native
মোবারকবিরোধি	m O b a r o k b i r O dh i	native
মোবারকবিরোধিরা	m O b a r o k b i r O dh i r a	compound
মোবারকে	m O b a r k e	native
মোবারকের	m O b a r o k e r	native
মোবাশশেরউর	m O b a sh sh e r u r	native
মোবাশ্বির	m O b a sh sh i r	tatsama
মোবাশ্বিরাকে	m O b a sh sh i r a k e	tatsama
মোবাশ্বের	m O b a sh sh e r	tatsama
মোবিডাটা	m O b i D a T a	native
মোবিডেটা	m O b i D e T a	native
মোবিন	m O b i n	native
মোবিলিটি	m O b i l i T i	loanword
মোবিলিটির	m O b i l i T i r	loanword
মোবিয়ান	m O b i y a n	native
মোভিল	m O bh i l	native
মোম	m O m	native
মোমতাজ	m O m t a j	native
মোমতাজি	m O m t a j i	native
মোমতাজুল	m O m t a j u l o	native
মোমদানি	m O m d a n i	native
মোমবাতিগুলো	m O m b a t i g u l O	native
মোমবাতিটা	m O m b a t i T a	native
মোমবাতির	m O m b a t i r	native
মোমরেজ	m O m r e j	native
মোমিন	m O m i n	native
মোমিনকে	m O m i n k e	native
মোমিনপুর	m O n i n p u r	native
মোমিনুর	m O m i n u r	native
মোমিনুল	m O m i n u l	native
মোমিনের	m O m i n e r	native
মোমেন	m O m e n	native
মোমেনকে	m O m e n k e	native
মোমেনশাহি	m O m e n sh a h i	native
মোমেনা	m O m e n a	native
মোমেনার	m O m e n a r	native
মোমেনিন	m O m e n i n	native
মোমেনের	m O m e n e r	native
মোমেন্টস	m O m e n T s	loanword
মোমের	m O m e r	native
মোমো	m O m O	native
মোমোই	m O m O i	native
মোরগ	m O r O g	native
মোরদেকাই	m O r d e k a i	native
মোরব্বা	m O r O b b a	native
মোরশিদুল	m O r sh i d u l o	native
মোরশেদ	m O r sh e d	native
মোরশেদকে	m O r sh e d k e	native
মোরশেদসহ	m O r sh e d sh o h O	native
মোরশেদা	m O r sh e d a	native
মোরশেদার	m O r sh e d a r	native
মোরশেদুল	m O r sh e d u l	native
মোরশেদুলকে	m O r sh e d u l k e	native
মোরশেদের	m O r sh e d e r	native
মোরসালিন	m O r sh a l i n	native
মোরসেদ	m O r sh e d	native
মোরসেদের	m O r sh e d e r	native
মোরা	m O r a	native
মোরাতা	m O r a t a	native
মোরাত্তি	m O r a tt i	native
মোরাত্তির	m O r a tt i r	native
মোরান	m O r a n	native
মোরারজি	m O r a r j i	native
মোরাল	m O r a l	native
মোরালেস	m O r a l e sh	native
মোরি	m O r i	native
মোরে	m O r e	native
মোরেনো	m O r e n O	native
মোরের	m O r e r	native
মোরেল	m O r e l	native
মোরেলগঞ্জ	m O r e l g o n j	native
মোরেলগঞ্জে	m O r e l g o n j e	native
মোরেলগঞ্জের	m O r e l g o n j e r	native
মোরেসবি	m O r e sh b i	native
মোরো	m O r O	native
মোর্চা	m O r ch a	native
মোর্চার	m O r ch a r	native
মোর্টডেকাই	m O r T D e k a i	proper_noun
মোর্তুজা	m O r t u j a	native
মোর্তোজা	m O r t u j a	native
মোর্শেদ	m O r sh e d	native
মোর্শেদকে	m O r sh e d k e	native
মোর্শেদসহ	m O r sh e d sh o h O	native
মোর্শেদা	m O r sh e d a	native
মোর্শেদুল	m O r sh e d u l	native
মোর্শেদের	m O r sh e d e r	native
মোর্স	m O r sh	native
মোল	m O l	native
মোলাকাত	m O l a k a t	native
মোলাম	m O l a m o	native
মোলার	m O l a r	native
মোলাহেজা	m O l a h e j a	native
মোলায়েম	m O l a y e m	native
মোলেক্সের	m O l e k s e r	loanword
মোল্ড	m O l D	loanword
মোল্ডে	m O l D e	loanword
মোল্যা	m O l l a	native
মোল্যার	m O l l a r	native
মোল্লা	m O l l a	native
মোল্লাও	m O l l a O	native
মোল্লাকে	m O l l a k e	native
মোল্লাকেও	m O l l a k e O	native
মোল্লাতন্ত্র	m O l l a t o nt r o	native
মোল্লাতন্ত্রের	m O l l a t o nt r e r	compound
মোল্লাদের	m O l l a d e r	native
মোল্লাপাড়া	m O l l a p a r a	native
মোল্লাবাড়ির	m O l l a b a r i r	native
মোল্লার	m O l l a r	native
মোল্লারচর	m O l l a r ch o r	native
মোল্লারচরে	m O l l a r ch o r e	native
মোল্লারপাড়	m O l l a r p a r o	native
মোল্লারহাট	m O l l a r h a T	native
মোল্লারহাটের	m O l l a r h a T e r	native
মোল্লারা	m O l l a r a	native
মোল্লাসহ	m O l l a sh o h O	native
মোল্লাহ	m O l l a h	native
মোল্লাহকে	m O l l a h k e	native
মোল্লাহর	m O l l a h r	native
মোল্লাহাট	m O l l a h a T	native
মোশ	m O sh	native
মোশতাক	m O sh t a k	native
মোশতাককে	m O sh t a k k e	native
মোশন	m O sh O n	native
মোশনগুলো	m O sh o n g u l O	native
মোশনে	m O sh o n e	native
মোশনের	m O sh o n e r	native
মোশররফ	m O sh o r r o ph o	native
মোশরেফা	m O sh r e ph a	native
মোশাদ	m O sh a d	native
মোশারফ	m O sh a r o ph	native
মোশারফকে	m O sh a r o ph k e	native
মোশারফের	m O sh a r o ph e r	native
মোশাররফ	m O sh a r r o ph	native
মোশাররফই	m O sh a r r o ph i	native
মোশাররফও	m O sh a r r o ph O	native
মোশাররফকে	m O sh a r r o ph k e	native
মোশাররফদের	m O sh a r r o ph d e r	native
মোশাররফসহ	m O sh a r r o ph sh o h O	native
মোশাররফের	m O sh a r r o ph e r	native
মোশাররাফ	m O sh a r r a ph	native
মোশারেফ	m O sh a r e ph	native
মোশারেফা	m O sh a r e ph a	native
মোশাহিদা	m O sh a h i d a	native
মোশে	m O sh e	native
মোশের	m O sh e r	native
মোশড়ানো	m O sh r a n O	native
মোসতাক	m O sh t a k	native
মোসলমান	m O sh O l m a n	native
মোসলমানদের	m O sh O l m a n d e r	native
মোসলেম	m O sh l e m	native
মোসলেমউদ্দিন	m O sh l e m u d d i n	native
মোসলেমগঞ্জ	m O sh l e m g o n j	native
মোসলেমহাটি	m O sh l e m h a T i	native
মোসলেমা	m O sh l e m a	native
মোসলেমের	m O sh l e m e r	native
মোসলেহউদ্দিন	m O sh l e h u d d i n	native
মোসা	m O sh a	native
মোসাদ	m O sh a d	native
মোসাদ্দিক	m O sh a d d i k	native
মোসাদ্দিকুর	m O sh a d d i k u r	native
মোসাদ্দেক	m O sh a d d e k	native
মোসাব্বির	m O sh a b b i r	native
মোসাব্বেক	m O sh a b b e k	native
মোসাম্মৎ	m O sh a mm o t	native
মোসার	m O sh a r	native
মোসাহেব	m O sh a h e b	native
মোসাহেবদের	m O sh a h e b d e r	native
মোসাহেবি	m O sh a h e b i	native
মোস্তফা	m O st O ph a	native
মোস্তফাও	m O st o ph a O	native
মোস্তফাকে	m O st O ph a k e	native
মোস্তফার	m O st O ph a r	native
মোস্তফাসহ	m O st o ph a sh o h O	native
মোস্তাক	m O st a k	native
মোস্তাকিন	m O st a k i n	native
মোস্তাকিম	m O st a k i m	native
মোস্তাকুর	m O st a k u r	native
মোস্তাফা	m O st a ph a	native
মোস্তাফার	m O st o ph a r	native
মোস্তাফিজ	m O st a ph i j	native
মোস্তাফিজকে	m O st a ph i j k e	native
মোস্তাফিজার	m O st a ph i j a r	native
মোস্তাফিজুর	m O st a ph i j u r	native
মোস্তাফিজুরকে	m O st a ph i j u r k e	compound
মোস্তাফিজুরের	m O st a ph i j u r e r	compound
মোস্তাফিজের	m O st a ph i j e r	native
মোস্তামসির	m O st a m sh i r	native
মোস্তাহিদুর	m O st a h i d u r	native
মোহ	m O h O	native
মোহই	m O h o i	native
মোহগ্রস্ত	m O h O gr O st O	native
মোহছেন	m O h chh e n	native
মোহতাজ	m O h t a j	native
মোহতেশাম	m O h t e sh a m	native
মোহন	m O h O n	native
মোহনকে	m O h O n k e	native
মোহনগঞ্জ	m O h O n g o n j	native
মোহনগঞ্জে	m O h o n g o n j e	native
মোহনগঞ্জের	m O h O n g o n j e r	native
মোহনদার	m O h o n d a r	native
মোহনপুর	m O h O n p u r	native
মোহনপুরের	m O h O n p u r e r	native
মোহনবাগান	m O h O n b a g a n	native
মোহনভোগ	m O h o n bh O g o	native
মোহনা	m O h O n a	native
মোহনার	m O h O n a r	native
মোহনাসংলগ্ন	m O h n a sh o ng l o g n o	native
মোহনায়	m O h o n a y	native
মোহনিয়	m O h o n i y o	native
মোহনিয়া	m O h o n i y a	native
মোহনের	m O h O n e r	native
মোহন্ত	m O h o nt o	native
মোহন্তের	m O h o nt e r	native
মোহভংগ	m O h o bh o ng g o	native
মোহমান্দ	m O h m a nd o	native
মোহমুক্তি	m O h o m u kt i	native
মোহম্মদ	m O h a mm o d	native
মোহম্মদপুর	m O h o mm o d p u r	native
মোহম্মদি	m O h o mm o d i	native
মোহম্মাদ	m O h o mm a d	native
মোহর	m O h O r	native
মোহরকে	m O h o r k e	native
মোহরত	m O h o r o t	native
মোহরা	m O h O r a	native
মোহরানা	m O h O r a n a	native
মোহরানার	m O h o r a n a r	native
মোহরার	m O h o r a r	native
মোহরে	m O h o r e	native
মোহর্রম	m O h o r r o m	native
মোহসিন	m O h sh i n	native
মোহসিনা	m O h sh i n a	native
মোহসিনুল	m O h sh i n u l o	native
মোহসেন	m O h sh e n	native
মোহসেনা	m O h sh e n a	native
মোহা	m O h a	native
মোহাইমিনুল	m O h a i m i n u l	native
মোহাইমিনুলকে	m O h a i m i n u l k e	native
মোহাইমেন	m O h a i m e n	native
মোহাইমেনসহ	m O h a i m e n sh o h O	native
মোহাইমেনুল	m O h a i m e n u l	native
মোহাজের	m O h a j e r	native
মোহাদ্দেস	m O h a d d e sh	native
মোহান্ত	m O h a nt o	native
মোহান্ধ	m O h a ndh	native
মোহাবিশ্ট	m O h a b i sh T O	native
মোহাব্বত	m O h a b b o t	native
মোহাব্বতে	m O h a b b o t e	native
মোহামঞ্চদ	m O h a m o n ch o d	native
মোহামেডান	m O h a m A D a n	proper_noun
মোহামেডানও	m O h a m e D a n O	proper_noun
মোহামেডানকে	m O h a m e D a n k e	proper_noun
মোহামেডানে	m O h a m e D a n e	proper_noun
মোহামেডানের	m O h a m e D a n e r	proper_noun
মোহামেদ	m O h a m e d	native
মোহাম্মদ	m O h a mm O d	native
মোহাম্মদউল্লাহ	m O h a mm o d u l l a h	compound
মোহাম্মদউল্লাহকে	m O h a mm o d u l l a h k e	compound
মোহাম্মদউল্লাহর	m O h a mm o d u l l a h r o	compound
মোহাম্মদও	m O h a mm o d O	native
মোহাম্মদকে	m O h a mm o d k e	native
মোহাম্মদপাড়া	m O h a mm o d p a r a	native
মোহাম্মদপুর	m O h a mm O d p u r	native
মোহাম্মদপুরসহ	m O h a mm o d p u r sh o h O	compound
মোহাম্মদপুরে	m O h a mm o d p u r e	native
মোহাম্মদপুরের	m O h a mm o d p u r e r	compound
মোহাম্মদসহ	m O h a mm o d sh o h O	native
মোহাম্মদি	m O h a mm o d i	native
মোহাম্মদিয়া	m O h a mm o d i y a	native
মোহাম্মদের	m O h a mm O d e r	native
মোহাম্মাদ	m O h a mm a d	native
মোহাম্মাদি	m O h a mm o d i	native
মোহাম্মাদির	m O h a mm o d d i r	native
মোহাম্মাদিয়া	m O h a mm o d d i y a	native
মোহাম্মেদ	m O h a mm e d	native
মোহারম	m O h a r a m	native
মোহালি	m O h a l i	native
মোহালিতে	m O h a l i t e	native
মোহালির	m O h a l i r	native
মোহায়মেন	m O h a y m e n	native
মোহি	m O h i	native
মোহিঅ	m O h i o	native
মোহিতুল	m O h i t u l o	native
মোহিতের	m O h i t e r	native
মোহিনি	m O h i n i	native
মোহে	m O h e	native
মোহেই	m O h e i	native
মোহের	m O h e r	native
মোহো	m O h O	native
মোহ্যমান	m O h h o m a n	native
মোহড়া	m O h o r a	native
মোড়ক	m O r O k	native
মোড়কজাত	m O r o k j a t	native
মোড়কজাতকরন	m O r o k j a t k o r o n	native
মোড়কিকরনে	m O r o k i k o r o n e	native
মোড়কে	m O r o k e	native
মোড়কের	m O r o k e r	native
মোড়মুখি	m O r o m u kh i	native
মোড়ল	m O r O l	native
মোড়লকে	m O r o l k e	native
মোড়লদের	m O r o l d e r	native
মোড়লবাড়ির	m O r o l b a r i r	native
মোড়লের	m O r o l e r	native
মোড়সংলগ্ন	m O r sh o ng l o g n o	native
মোড়সহ	m O r sh o h O	native
মোড়া	m O r a	native
মোড়ানো	m u r a n O	native
মোড়ায়	m O r a y	native
মোড়েই	m O r e i	native
মোড়েও	m O r e O	native
মোয়	m O o	native
মোয়া	m O y a	native
মোয়াজ্জম	m O y a j j o m	native
মোয়াজ্জাম	m O y a j j a m	native
মোয়াজ্জিন	m O y a j j i n	native
মোয়াজ্জেম	m O y a j j e m	native
মোয়াজ্জেমের	m O y a j j e m e r	native
মোয়ান	m O y a n	native
মোয়াম্মার	m O y a mm a r	native
মোয়াল্লেম	m O y a l l e m	native
মোয়াল্লেমের	m O y a l l e m e r	native
ম্যা	m A	native
ম্যাংগানিজ	m A ng g a n i j	native
ম্যাংগালোর	m A ng g a l O r	native
ম্যাংগালোরে	m A ng g a l O r e	native
ম্যাংগালোরের	m A ng g a l O r e r	native
ম্যাংগো	m A ng g O	native
ম্যাংগ্রো	m A ng gr O	native
ম্যাও	m A O	native
ম্যাক	m A k	native
ম্যাকআফি	m A k a ph i	native
ম্যাকআফির	m A k a ph i r	native
ম্যাককনেল	m A k k o n e l	native
ম্যাককার্ডি	m A k k a r D i	loanword
ম্যাককালাম	m A k k a l a m	native
ম্যাককালামকে	m A k k a l a m k e	native
ম্যাককালামের	m A k k a l a m e r	native
ম্যাককুলাম	m A k k u l a m	native
ম্যাককুলামের	m A k k u l a m e r	native
ম্যাককে	m A k k e	native
ম্যাককেইন	m A k k e i n	native
ম্যাককেইনের	m A k k e i n e r	native
ম্যাকক্রিস্টাল	m A k kr i s T a l	loanword
ম্যাকক্রিস্টালকে	m A k kr i s T a l k e	loanword
ম্যাকক্রিস্টালের	m A k kr i s T a l e r	loanword
ম্যাকক্রিস্টেল	m A k kr i s T e l	loanword
ম্যাকক্রিস্টেলের	m A k kr i s T e l e r	loanword
ম্যাকগিনিস	m A k g i n i sh	native
ম্যাকগিল	m A k g i l	native
ম্যাকগ্রা	m A k gr a	native
ম্যাকগ্রাও	m A k gr a O	native
ম্যাকগ্রাকে	m A k gr a k e	native
ম্যাকগ্রাদের	m A k gr a d e r	native
ম্যাকগ্রার	m A k gr a r	native
ম্যাকগ্রো	m A k gr O	native
ম্যাকডুগাল	m A k D u g a l	proper_noun
ম্যাকডোনাল	m A k D O n a l	proper_noun
ম্যাকডোনাল্ড	m A k D O n a l D	proper_noun
ম্যাকডোনাল্ডস	m A k D O n a l D sh	compound
ম্যাকদুগাল	m A k d u g a l	native
ম্যাকনির	m A k n i r	native
ম্যাকনিল	m A k n i l	native
ম্যাকবুক	m A k b u k	native
ম্যাকবুকের	m A k b u k e r	native
ম্যাকবেথ	m A k b e th	native
ম্যাকব্রাইড	m A k br a i D	proper_noun
ম্যাকব্রাইডের	m A k br a i D e r	compound
ম্যাকমিলান	m A k m i l a n	native
ম্যাকরে	m A k r e	native
ম্যাকরেনল্ডস	m A k r e n o l D s	proper_noun
ম্যাকলারেন	m A k l a r e n	native
ম্যাকলিন	m A k l i n	native
ম্যাকলেরয়ের	m A k l e r y e r	native
ম্যাকসন	m A k sh o n	native
ম্যাকসনস	m A k sh o n sh	native
ম্যাকসি	m A k sh i	native
ম্যাকসুয়েন	m A k sh u y e n	native
ম্যাকাই	m A k a i	native
ম্যাকাইয়ের	m A k a i y e r	native
ম্যাকাও	m A k a O	native
ম্যাকাওয়ের	m A k a O y e r	native
ম্যাকাফি	m A k a ph i	native
ম্যাকাফির	m A k a ph i r	native
ম্যাকারনি	m A k a r o n i	native
ম্যাকার্থি	m A k a r th i	native
ম্যাকি	m A k i	native
ম্যাকিনটোশ	m A k i n T O sh	proper_noun
ম্যাকিন্টোশ	m A k i n T O sh	proper_noun
ম্যাকিন্টোশের	m A k i n T O sh e r	compound
ম্যাকে	m A k e	native
ম্যাকেঞ্জি	m A k e n j i	native
ম্যাকেনরোর	m A k e n r O r	native
ম্যাকের	m A k e r	native
ম্যাক্রো	m A kr O	native
ম্যাক্স	m A k s	loanword
ম্যাক্সওয়েল	m A k s O y e l	loanword
ম্যাক্সন	m A k s o n	loanword
ম্যাক্সনের	m A k s o n e r	loanword
ম্যাক্সি	m A k s i	loanword
ম্যাক্সিম	m A k s i m	loanword
ম্যাক্সিমা	m A k s i m a	loanword
ম্যাক্সিমাম	m A k s i m a m	loanword
ম্যাক্সিমাস	m A k s i m a s	loanword
ম্যাক্সের	m A k s e r	loanword
ম্যাগজিন	m A g j i n	native
ম্যাগনল	m A g n o l	native
ম্যাগনামা	m A g n a m a	native
ম্যাগনিফিসেন্ট	m A g n i ph i sh e n T o	compound
ম্যাগনেট	m A g n e T	loanword
ম্যাগনেটর	m A g n e T o r	loanword
ম্যাগনেটিক	m A g n e T i k	loanword
ম্যাগনেশিয়াম	m A g n e sh i y a m	native
ম্যাগনেসিয়াম	m A g n e sh i a m	native
ম্যাগপাই	m A g p a i	native
ম্যাগসাইসাই	m A g sh a i sh a i	native
ম্যাগসেসে	m A g sh e sh e	native
ম্যাগাজিন	m A g a j i n	native
ম্যাগাজিনকে	m A g a j i n k e	native
ম্যাগাজিনটি	m A g a j i n T i	loanword
ম্যাগাজিনটির	m A g a j i n T i r	loanword
ম্যাগাজিনসহ	m A g j i n sh o h O	native
ম্যাগাজিনে	m A g a j i n e	native
ম্যাগাজিনের	m A g a j i n e r	native
ম্যাগি	m A g i	native
ম্যাগিতে	m A g i t e	native
ম্যাগির	m A g i r	native
ম্যাচ	m A ch	native
ম্যাচই	m A ch i	native
ম্যাচও	m A ch O	native
ম্যাচকেই	m A ch k e i	native
ম্যাচগুলো	m A ch g u l O	native
ম্যাচগুলোও	m A ch g u l O O	native
ম্যাচগুলোতে	m A ch g u l O t e	native
ম্যাচগুলোতেই	m A ch g u l O t e i	native
ম্যাচগুলোতেও	m A ch g u l O t e O	native
ম্যাচগুলোর	m A ch g u l O r	native
ম্যাচগুলোয়	m A ch o g u l O y o	native
ম্যাচজয়ি	m A ch j o y i	native
ম্যাচটা	m A ch T a	native
ম্যাচটাই	m A ch T a i	native
ম্যাচটাও	m A ch T a O	native
ম্যাচটাকে	m A ch T a k e	native
ম্যাচটাতেই	m A ch T a t e i	native
ম্যাচটাতেও	m A ch T a t e O	native
ম্যাচটার	m A ch T a r	native
ম্যাচটায়	m A ch T a y	native
ম্যাচটি	m A ch T i	native
ম্যাচটিই	m A ch T i i	native
ম্যাচটিও	m A ch T i O	native
ম্যাচটিকেই	m A ch T i k e i	native
ম্যাচটিকেও	m A ch T i k e O	native
ম্যাচটিতে	m A ch T i t e	native
ম্যাচটিতেই	m A ch T i t e i	native
ম্যাচটিতেও	m A ch T i t e O	native
ম্যাচটির	m A ch T i r	native
ম্যাচপাতানো	m A ch p a t a n O	native
ম্যাচপাতানোর	m A ch p a t a n O r	native
ম্যাচপুর্ব	m A ch p u r b O	native
ম্যাচপ্রতি	m A ch pr O t i	native
ম্যাচসহ	m A ch sh o h O	native
ম্যাচসেরা	m A ch sh e r a	native
ম্যাচসেরাও	m A ch sh e r a O	native
ম্যাচিং	m A ch i ng	native
ম্যাচিউরড	m A ch i u r D	loanword
ম্যাচে	m A ch e	native
ম্যাচেই	m A ch e i	native
ম্যাচেও	m A ch e O	native
ম্যাচের	m A ch e r	native
ম্যাচেরই	m A ch e r o i	native
ম্যাচেরও	m A ch e r O	native
ম্যাজম্যাজ	m A j m A j	native
ম্যাজিক	m A j i k	native
ম্যাজিকে	m A j i k e	native
ম্যাজিকের	m A j i k e r	native
ম্যাজিক্যাল	m A j i k A l	native
ম্যাজিট্রেটরা	m A j i s T r e T r a	loanword
ম্যাজিশ্ট্রেট	m A j i s T r e T	loanword
ম্যাজিস্ট্রেট	m A j i s T r e T	loanword
ম্যাজিস্ট্রেটও	m A j i s T r e T O	loanword
ম্যাজিস্ট্রেটকে	m A j i s T r e T k e	loanword
ম্যাজিস্ট্রেটদের	m A j i s T r e T d e r	loanword
ম্যাজিস্ট্রেটরা	m A j i s T r e T r a	loanword
ম্যাজিস্ট্রেটরাও	m A j i s T r e T r a O	loanword
ম্যাজিস্ট্রেটসহ	m A j i s T r e T sh o h O	loanword
ম্যাজিস্ট্রেটের	m A j i s T r e T e r	loanword
ম্যাজিস্ট্রেসি	m A j i s T r e s i	loanword
ম্যাজিস্ট্রেসির	m A j i s T r e s i r	loanword
ম্যাজেন্টা	m A j e n T a	loanword
ম্যাঞ্চেস্টার	m A n ch e s T a r	loanword
ম্যাট	m A T	native
ম্যাটস	m A T s	loanword
ম্যাটসে	m A T s e	loanword
ম্যাটসের	m A T s e r	loanword
ম্যাটাডোর	m A T a D O r	loanword
ম্যাটাডোরের	m A T a D O r e r	loanword
ম্যাটার	m A T a r	loanword
ম্যাটারনিটি	m A T a r n i T i	loanword
ম্যাটারস	m A T a r o s	loanword
ম্যাটেজ	m A T e j	native
ম্যাটের	m A T e r	native
ম্যাটেরিয়াল	m A T e r i y a l	loanword
ম্যাটেরিয়ালস	m A T e r i y a l s	loanword
ম্যাট্রিক	m A T r i k	loanword
ম্যাট্রিকস	m A T r i k s	loanword
ম্যাট্রিকুলেশন	m A T r i k u l e sh O n	loanword
ম্যাট্রিকের	m A T r i k e r	loanword
ম্যাট্রিক্স	m A T r i k s	loanword
ম্যাড	m A D	loanword
ম্যাডক্স	m A D o k s	loanword
ম্যাডান	m A D a n	native
ম্যাডাম	m A D a m	loanword
ম্যাডামকে	m A D a m k e	loanword
ম্যাডামের	m A D a m e r	loanword
ম্যাডিসন	m A D i s o n	proper_noun
ম্যাডেন	m A D e n	proper_noun
ম্যাডোনা	m A D O n a	proper_noun
ম্যাডোনার	m A D O n a r	proper_noun
ম্যাথ	m A th	native
ম্যাথমেটিকস	m A th m e T i k s	loanword
ম্যাথমেটিক্স	m A th m e T i k s	loanword
ম্যাথিউ	m A th i u	native
ম্যাথিউজ	m A th i u j	native
ম্যাথিউস	m A th i u sh	native
ম্যাথিউসের	m A th i u sh e r	native
ম্যাথিয়াস	m A th i y a sh	native
ম্যাথু	m A th u	native
ম্যাথুজ	m A th u j	native
ম্যাথুজের	m A th u j e r	native
ম্যাথুস	m A th u sh	native
ম্যাথুসও	m A th u sh O	native
ম্যাথুসকে	m A th u sh k e	native
ম্যাথুসের	m A th u sh e r	native
ম্যাদা	m A d a	native
ম্যাদিবা	m A d i b a	native
ম্যান	m A n	native
ম্যানইউ	m A n i u	native
ম্যানইউও	m A n i u O	native
ম্যানইউকে	m A n i u k e	native
ম্যানইউতে	m A n i u t e	native
ম্যানইউর	m A n i u r	native
ম্যানইউয়ের	m A n i u y e r	native
ম্যানকে	m A n k e	native
ম্যানগ্রোভ	m A n gr O bh	native
ম্যানচেশ্টার	m A n ch e s T a r	proper_noun
ম্যানচেস্টার	m A n ch e s T a r	loanword
ম্যানচেস্টারে	m A n ch e s T a r e	loanword
ম্যানপ্যাড	m A n p A D	loanword
ম্যানফ্রেড	m A n ph r e D	loanword
ম্যানলি	m A n l i	native
ম্যানশন	m A n sh o n	native
ম্যানশনের	m A n sh o n e r	native
ম্যানস	m A n sh	native
ম্যানসন	m A n sh o n	native
ম্যানসিটি	m A n s i T i	proper_noun
ম্যানসিটিকে	m A n s i T i k e	proper_noun
ম্যানসিটির	m A n s i T i r	proper_noun
ম্যানহাটনে	m A n h a T O n e	proper_noun
ম্যানহাটনের	m A n h a T O n e r	proper_noun
ম্যানহাটান	m A n h a T a n	proper_noun
ম্যানহাটানের	m A n h a T a n e r	proper_noun
ম্যানহোল	m A n h O l	native
ম্যানহোলে	m A n h O l e	native
ম্যানহোলের	m A n h O l e r	native
ম্যানি	m A n i	native
ম্যানিং	m A n i ng	native
ম্যানিংকে	m A n i ng k e	native
ম্যানিংয়ের	m A n i ng y e r	native
ম্যানিকিউর	m A n i k i u r	native
ম্যানিকিওর	m A n i k i O r	native
ম্যানিপুলেট	m A n i p u l e T o	loanword
ম্যানিপুলেশন	m A n i p u l e sh o n	native
ম্যানিপুলেশনের	m A n i p u l e sh o n e r	compound
ম্যানিলা	m A n i l a	native
ম্যানিলাভিত্তিক	m A n i l a bh i tt i k	compound
ম্যানিলার	m A n i l a r	native
ম্যানিলায়	m A n i l a y	native
ম্যানু	m A n u	native
ম্যানুকা	m A n u k a	native
ম্যানুপুলেশন	m j o n u p u l e sh o n	native
ম্যানুফেকচারিং	m A n u ph e k ch a r i ng	compound
ম্যানুফ্যাকচার	m A n u ph A k ch a r	compound
ম্যানুফ্যাকচারার্স	m A n u ph A k ch a r a r sh	compound
ম্যানুফ্যাকচারিং	m A n u ph A k ch a r i ng	compound
ম্যানুফ্যাকচারিংয়ের	m A n u ph A k ch a r i ng j e r	compound
ম্যানুলাইফ	m A n u l a i ph	native
ম্যানুয়াল	m A n u y a l	native
ম্যানুয়ালি	m A n u y a l i	native
ম্যানুয়ালে	m A n u y a l e	native
ম্যানুয়েল	m A n u y e l	native
ম্যানে	m A n e	native
ম্যানেজ	m A n e j	loanword
ম্যানেজড	m A n e j D	loanword
ম্যানেজমেন্ট	m A n e j m e n T	loanword
ম্যানেজমেন্টও	m A n e j m e n T O	compound
ম্যানেজমেন্টকে	m A n e j m e n T k e	compound
ম্যানেজমেন্টের	m A n e j m e n T e r	compound
ম্যানেজার	m A n e j a r	loanword
ম্যানেজারকে	m A n e j a r k e	loanword
ম্যানেজাররা	m A n e j a r r a	loanword
ম্যানেজারসহ	m A n e j a r sh o h O	loanword
ম্যানেজারের	m A n e j a r e r	loanword
ম্যানেজিং	m A n e j i ng	loanword
ম্যানের	m A n e r	native
ম্যান্ডারিন	m A n D a r i n	loanword
ম্যান্ডেটপ্রাপ্ত	m A n D e T pr a p t o	compound
ম্যান্ডেটরি	m A n D e T o r i	loanword
ম্যান্ডেটের	m A n D e T o r	loanword
ম্যান্ডেলা	m A n D e l a	proper_noun
ম্যান্ডেলার	m A n D e l a r	proper_noun
ম্যান্স	m A n s	loanword
ম্যাপ	m A p	native
ম্যাপটি	m A p T i	loanword
ম্যাপল	m A p o l	native
ম্যাপললিফ	m A p o l l i ph	native
ম্যাপললিফের	m A p o l l i ph e r	native
ম্যাপস	m A p sh	native
ম্যাপসের	m A p sh e r	native
ম্যাপিং	m A p i ng	native
ম্যাপে	m A p e	native
ম্যাপের	m A p e r	native
ম্যাফ	m A ph	native
ম্যাব	m A b	native
ম্যাবকো	m A b k O	native
ম্যাম	m A m	native
ম্যামথ	m A m o th	native
ম্যামথের	m A m o th e r	native
ম্যামোগ্রাম	m A m O gr a m	native
ম্যারাডোনা	m A r a D O n a	proper_noun
ম্যারাডোনাই	m A r a D O n a i	proper_noun
ম্যারাডোনাও	m A r a D O n a O	proper_noun
ম্যারাডোনাকেই	m A r a D O n a k e i	compound
ম্যারাডোনাকেও	m A r a D O n a k e O	compound
ম্যারাডোনার	m A r a D O n a r	proper_noun
ম্যারাডোনারই	m A r a D O n a r o i	proper_noun
ম্যারাথন	m A r a th o n	native
ম্যারাথনে	m A r a th o n e	native
ম্যারাথনের	m A r a th o n e r	native
ম্যারাবু	m A r a b u	native
ম্যারি	m A r i	native
ম্যারিক	m A r i k	native
ম্যারিকো	m A r i k O	native
ম্যারিকোর	m A r i k O r	native
ম্যারিগোল্ড	m A r i g O l D	loanword
ম্যারিনেট	m A r i n e T	loanword
ম্যারিয়ট	m A r i y o T	proper_noun
ম্যারিয়েটা	m A r i y e T a	proper_noun
ম্যারো	m A r O	native
ম্যার্কেল	m A r k e l	native
ম্যালওয়ার	m A l O y a r	native
ম্যালওয়্যার	m A l O y a r	native
ম্যালওয়্যারের	m A l O y A r e r	compound
ম্যালকম	m A l k o m	native
ম্যালথাস	m A l th a sh	native
ম্যালথাসের	m A l th a sh e r	native
ম্যালা	m A l a	native
ম্যালামাইন	m A l a m a i n	native
ম্যালামিন	m A l a m i n	native
ম্যালিক	m A l i k	native
ম্যালিগন্যান্ট	m A l i g n A n T	compound
ম্যালেরিয়া	m A l e r i y a	native
ম্যালেরিয়ার	m A l e r i y a r	native
ম্যালেরিয়ায়	m A l e r i y a y	native
ম্যাশ	m A sh	native
ম্যাশএবল	m A sh e j a b o l	native
ম্যাশএবলের	m A sh e b o l e r	native
ম্যাশেবল	m A sh e b o l	native
ম্যাস	m A sh	native
ম্যাসকারেনহাস	m A sh k a r e n o h a sh	compound
ম্যাসকারেনহাসের	m A sh k a r e n o h a sh e r	compound
ম্যাসন	m A sh o n	native
ম্যাসাচুসেটস	m a s a ch u s e T s	proper_noun
ম্যাসাচুসেটসে	m A sh a ch u sh e T sh e	compound
ম্যাসাজের	m A sh a j e r	native
ম্যাসিভ	m A sh i bh	native
ম্যাসিয়া	m A sh i y a	native
ম্যাসিয়ার	m A sh i y a r	native
ম্যাসেজ	m A sh e j	native
ম্যাসেজিং	m A sh e j i ng	native
ম্যাসেঞ্জার	m A sh e n j a r	native
ম্যাসেঞ্জারে	m A sh e n j a r e	native
ম্যাসেঞ্জারের	m A sh e n j a r e r	compound
ম্যা্নচেস্টার	m A n o ch e s T a r	loanword
ম্যাড়মেড়ে	m A r m e r e	native
ম্যাড়ম্যাড়	m A r m A r	native
ম্যাড়ম্যাড়ে	m A r m A r e	native
ম্যায়	m A y	native
ম্যুরাল	m u r a l	native
ম্যেক্সিক-ক্যামিরুন	m A k s i k O k A m i r u n	loanword
ম্রক্ষন	m r O kkh O n	tatsama
ম্রিয়মান	m r i y O m a n	native
ম্রো	m r O	native
ম্রোদের	m r O d e r	native
ম্লাদিচ	m l a d i ch	native
ম্লাদিচকে	m l a d i ch k e	native
ম্লাদিচের	m l a d i ch e r	native
ম্লেচ্ছ	m l e ch chh O	native
মৎ	m o t	native
মৎকুন	m o t k u n	native
মৎত্রজ্জম	m o tr O j j o m	native
মৎফরেক্কা	m o t ph o r o k k a	native
মৎস	m o t sh O	native
মৎসর	m o t sh o r	native
মৎস্যকন্যা	m o t sh O k O n n a	native
মৎস্যকুমারি	m o t sh O k u m a r i	native
মৎস্যখামার	m o t sh o kh a m a r	native
মৎস্যচাশি	m o t sh o ch a sh i	native
মৎস্যজিবি	m o t sh O j i b i	native
মৎস্যজিবিদের	m o t sh O j i b i d e r	native
মৎস্যজিবিরা	m o t sh O j i b i r a	native
মৎস্যবন্দর	m o t sh o b o nd o r	native
মৎস্যবন্দরের	m o t sh o b o nd o r e r	native
মৎস্যবিজ্ঞান	m o t sh o b i g g A n o	tatsama
মৎস্যবিশয়ক	m o t sh o b i sh o sh o y o k	native
মৎস্যভবন	m o t sh O bh o b O n	native
মৎস্যভান্ডার	m o t sh o bh a n D a r	native
মৎস্যসম্পদ	m o t sh O sh o mp o d	native
মৎস্যাশি	m o t sh a sh i	native
মড়ক	m o r o k	native
মড়কে	m o r o k e	native
মড়কের	m o r o k e r	native
মড়ক্	m o r O k	native
মড়মড়	m o r m o r	native
মড়া	m o r a	native
মড়াচে	m o r a ch e	native
মড়ার	m o r a r	native
মড়াৎ	m o r a t	native
মড়িঘর	m O r i gh o r	native
মড়িপোড়া	m O r i p O r a	native
ময়	m o y	native
ময়ংক	m o y O ng k O	native
ময়দান	m o y d a n	native
ময়দানকে	m o y d a n k e	native
ময়দানসহ	m o y d a n sh o h O	native
ময়দানে	m o y d a n e	native
ময়দানেই	m o y d a n e i	native
ময়দানেও	m o y d a n e r o O	native
ময়দানের	m o y d a n e r	native
ময়দার	m o y d a r	native
ময়দায়	m o y d a y	native
ময়নাতদন্ত	m o y n a t o d o nt o	native
ময়নাতদন্তকারি	m o y n a t o d o nt o k a r i	compound
ময়নাতদন্তে	m o y n a t o d o nt e	native
ময়নাতদন্তের	m o y n a t o d o nt e r	native
ময়নামতি	m o y n a m o t i	native
ময়নার	m o y n a r	native
ময়নারটেক	m o y n a r T e k	native
ময়নাল	m o y n a l	native
ময়নিহান	m o y n i h a n	native
ময়নুল	m o y n u l	native
ময়মনসিংহগামি	m o y m o n sh i ng h o g a m i	native
ময়মনসিংহবাসির	m o y m o n sh i ng h o b a sh i	compound
ময়মনসিংহসহ	m o y m o n sh i ng h o sh o h O	native
ময়মনসিংহে	m O y m O n sh i ng h e	native
ময়মনসিংহের	m O y m O n sh i ng h e r	native
ময়মনার	m o y m o n m a r	native
ময়মুরুব্বি	m o y m u r u b b i	native
ময়রা	m o y r a	native
ময়লা	m o y l a	native
ময়লাও	m o y l a O	native
ময়লাগুলো	m o y l a g u l O	native
ময়লার	m o y l a r	native
ময়লায়	m o y l a y	native
ময়শ্চারাইজার	m o y sh ch a r a i j a r	native
ময়ান	m o y a n	native
ময়াল	m o y a l	native
ময়ুখ	m o y u kh	native
ময়ুর	m O y u r	native
ময়ুরপংখি	m o y u r p o ng kh i	native
ময়ুরের	m o y u r e r	native
ময়েজউদ্দিন	m o y e j u d d i n	native
ময়েজউদ্দিনের	m o y e j u d d i n	native
ময়েন	m o y e n	native
ময়েনউদ্দিন	m o y e n u d d i n	native
ময়েশ্চার	m o y e sh ch a r	native
ময়েশ্চারাইজার	m o y e sh ch a r a i j a r	compound
ময়েশ্চারাইজিং	m o y e sh ch a r a i j i ng	compound
ম–কার	m o k a r	native
ম–ম	m o m o	native
র	r o	native
রংংে	r o ng g e	native
রংই	r o ng i	native
রংক	r o ng k O	native
রংকু	r O ng k u	native
রংকে	r o ng k e	native
রংগ	r o ng g O	native
রংগক	r o ng g o k	native
রংগন	r o ng g O n	native
রংগনা	r o ng g o n a	native
রংগনাথ	r o ng g o n a th	native
রংগনাথন	r o ng g o n a th o n	native
রংগমঞ্চ	r o ng g o m o n ch o	native
রংগমঞ্চে	r o ng g o m o n ch e	native
রংগমাতন	r o ng g o m a t o n	native
রংগরোজা	r o ng g o r O j a	native
রংগরোজার	r o ng g o r O j a r	native
রংগলাল	r o ng g o l a l	native
রংগা	r o ng g a	native
রংগিত	r O ng g i t O	native
রংগিন	r o ng g i n	native
রংগিনি	r o ng g i n i	native
রংগিমা	r O ng g i m a	native
রংগিলা	r o ng g i l a	native
রংগিয়া	r O ng g i y a	native
রংগুলোই	r o ng g u l O i	native
রংগুলোর	r o ng g u l O r	native
রংগেই	r o ng g e i	native
রংগেও	r o ng g e O	native
রংগের	r O ng g e r	native
রংগেরই	r o ng g e r i	native
রংচং	r o ng ch o ng	native
রংচংগে	r o ng ch O ng g e	native
রংচংে	r o ng ch o ng g e	native
রংচটা	r o ng ch o T a	native
রংটাই	r o ng T a i	native
রংটাও	r o ng T a O	native
রংটি	r o ng T i	native
রংতুলি	r o ng t u l i	native
রংতুলির	r o ng t u l i r	native
রংদার	r o ng d a r	native
রংধনুর	r o ng dh O n u r	native
রংপুরকে	r o ng p u r k e	native
রংপুরগামি	r o ng p u r g a m i	native
রংপুরবাসি	r o ng p u r b a sh i	loanword
রংপুরসহ	r o ng p u r sh o h O	native
রংপুরে	r o ng p u r e	native
রংপুরেই	r o ng p u r e i	native
রংপুরেও	r o ng p u r e O	native
রংপুরের	r o ng p u r e r	native
রংবাজ	r o ng b a j	native
রংবেরংের	r o ng b e r o ng e r	native
রংমহল	r o ng m o h o l	native
রংমিস্ত্রি	r o ng m i st r i	native
রংরুট	r o ng r u T	loanword
রংলাল	r o ng l a l	native
রংসহ	r o ng sh o h O	native
রংহিন	r o ng h i n	native
রংা	r o ng g a	native
রংিন	r o ng g i n	native
রংে	r o ng g e	native
রংেই	r o ng g e i	native
রংের	r o ng g e r	native
রংেরই	r o ng g e r i	native
রংয়ের	r o ng y e r	native
রআ	r o a	native
রই	r O i	native
রইকাঠ	r O i k a Th	native
রইগ্যাদং	r O i g A d O ng	native
রইঘর	r O i gh o r o	native
রইচ	r O i ch	native
রইচউদ্দিন	r o i ch u d d i n	native
রইছ	r O i chh	native
রইছি	r o i chh i	native
রইছে	r O i sh e	native
রইজ	r o i j	native
রইবে	r O i b e	native
রইবেন	r o i b e n	native
রইরই	r o i r o i	native
রইল	r O i l O	native
রইলই	r o i l o i	native
রইলাম	r O i l a m	native
রইলেন	r O i l e n	native
রইলো	r O i l O	native
রইশ্যের	r o i sh sh e r	native
রইস	r O i sh	native
রইসউদ্দিন	r o i sh u d d i n	native
রইসউদ্দিনের	r o i sh u d d i n e r	native
রইসুল	r O i sh u l	native
রইসের	r o i sh e r	native
রই–খাত	r O i kh a t	native
রউফ	r O u ph	native
রউফকে	r o u ph k e	native
রউফসহ	r o u ph sh o h O	native
রউফের	r O u ph e r	native
রও	r o O	native
রওজা	r o O j a	native
রওনক	r o O n O k	native
রওনা	r o O n a	native
রওনাও	r o O n a O	native
রওনাক	r o O n a k	native
রওশন	r o u sh O n	native
রওশনকে	r O u sh O n k e	native
রওশনারা	r o O sh O n a r a	native
রওশনারার	r o O sh o n a r a r	native
রওশনের	r o O sh O n e r	native
রওসেফ	r o O sh e ph	native
রওয়া	r o O y a	native
রওয়ানা	r o O y a n a	native
রক	r o k	native
রকদস্তি	r o k d O st i	native
রকনুল	r o k n u l	native
রকফেলার	r o k ph e l a r	native
রকবা	r o k o b a	native
রকমটাই	r o k o m T a i	native
রকমভাবে	r o k O m bh a b e	native
রকমভেদে	r o k O m bh e d e	native
রকমসকম	r o k O m sh o k O m	native
রকমারি	r o k O m a r i	native
রকমে	r o k O m e	native
রকমের	r o k O m e r	native
রকশিল্পি	r o k sh i l p i	native
রকসংগিতের	r o k sh o ng g i t e r	native
রকস্টার	r o k s T a r	loanword
রকহ্যাম্পটন	r o k h A mp o T o n	proper_noun
রকহ্যাম্পটনে	r o k h A mp o T o n e	proper_noun
রকি	r o k i	native
রকিং	r o k i ng	native
রকিবউদ্দিন	r O k i b u d d i n	native
রকিবকে	r o k i b k e	native
রকিবুর	r o k i b u r	native
রকিবুলকে	r O k i b u l k e	native
রকিবুলের	r O k i b u l e r	native
রকিবের	r O k i b e r	native
রকির	r o k i r	native
রকেট	r o k e T	loanword
রকেটচালিত	r o k e T ch a l i t o	loanword
রকেটটি	r o k e T T i	loanword
রকেটে	r o k e T e	loanword
রকের	r o k e r	native
রক্তই	r o kt o i	native
রক্তকনিকা	r o kt O k O n i k a	native
রক্তকনিকার	r o kt O k O n i k a r	native
রক্তকরবি	r o kt O k o r O b i	native
রক্তকরবির	r o kt o k o r o b i r	native
রক্তকাঞ্চন	r o kt o k a n ch o n	native
রক্তকে	r o kt O k e	native
রক্তকোশ	r o kt o k O sh	native
রক্তক্ষরন	r o kt O kh o r O n	tatsama
রক্তক্ষরনজনিত	r o kt O kh o r O n j O n i t O	tatsama
রক্তক্ষরনে	r o kt O kh o r O n e	tatsama
রক্তক্ষরনের	r o kt O kh o r O n e r	tatsama
রক্তক্ষয়	r o kt o kkh o y	tatsama
রক্তক্ষয়ি	r o kt o kkh o y i	tatsama
রক্তক্ষয়ের	r o kt o k y e r	tatsama
রক্তগংগা	r o kt o g o ng g a	native
রক্তগংগায়	r o kt o g o ng g a y	native
রক্তচক্ষু	r o kt O ch O kkh u	tatsama
রক্তচক্ষুকে	r o kt O ch O kkh u k e	tatsama
রক্তচক্ষুর	r o kt o ch o kkh u r	tatsama
রক্তচলাচল	r o kt O ch o l a ch o l	native
রক্তচাপ	r o kt O ch a p	native
রক্তচাপে	r o kt O ch a p e	native
রক্তচোশা	r o kt O ch O sh a	native
রক্তচোশার	r o kt o ch O sh a r	native
রক্তজবার	r o kt j o b a r	native
রক্তঝরা	r o kt O jh o r a	native
রক্তদহ	r o kt o d o h o	native
রক্তদাতা	r o kt O d a t a	native
রক্তদাতাদের	r o kt O d a t a d e r	native
রক্তদাতার	r o kt o d a t a r	native
রক্তদানে	r o kt o d a n e	native
রক্তদানের	r o kt O d a n e r	native
রক্তনালির	r o kt O n a l i r	native
রক্তপাত	r o kt O p a t	native
রক্তপাতও	r o kt o p a t O	native
রক্তপাতহিন	r o kt o p a t h i n	native
রক্তপাতে	r o kt o p a t e	native
রক্তপাতের	r o kt O p a t e r	native
রক্তপিপাসু	r o kt O p i p a sh u	native
রক্তপ্রবাল	r o kt O pr O b a l	native
রক্তপ্রবাহ	r o kt O pr O b a h O	native
রক্তপ্রবাহের	r o kt o pr o b a h e r	native
রক্তবন্যা	r o kt o b o n n a	native
রক্তবমি	r o kt o b o m i	native
রক্তবর্ন	r o kt O b o r n O	native
রক্তবাহি	r o kt O b a h i	native
রক্তবাহিত	r o kt o b a h i t	native
রক্তবিন্দু	r o kt o b i nd u	native
রক্তভরন	r o kt o bh o r o n	native
রক্তভেজা	r o kt o bh e j a	native
রক্তমাংসের	r o kt O m a ng sh e r	native
রক্তরস	r o kt o r o sh	native
রক্তরসের	r o kt o r o sh e r	native
রক্তলাল	r o kt o l a l	native
রক্তশুন্য	r o kt o sh u n n o	native
রক্তশুন্যতা	r o kt O sh u n n O t a	native
রক্তশুন্যতার	r o kt O sh u n n O t a r	native
রক্তসঞ্চালন	r o kt O sh o n ch a l o n	native
রক্তসম্পর্কিয়	r o kt o sh o mp o r k i y o	compound
রক্তসহ	r o kt o sh o h O	native
রক্তস্নাত	r o kt O sn a t O	native
রক্তস্বল্পতা	r o kt O sh o l p O t a	tatsama
রক্তস্রোত	r o kt o sh O r t o	native
রক্তস্রোতে	r o kt o sh O r t e	native
রক্তাক্ত	r o kt a kt O	native
রক্তারক্তি	r o kt a r O kt i	native
রক্তারক্তির	r o kt a r o kt i r	native
রক্তেই	r o kt e i	native
রক্তেও	r o kt e O	native
রক্তের	r o kt e r	native
রক্ষ	r O kkh O	tatsama
রক্ষকই	r o kkh o k	tatsama
রক্ষকের	r o kkh o k e r	tatsama
রক্ষন	r o kkh o n	tatsama
রক্ষনই	r o kkh o n i	tatsama
রক্ষনকে	r o kkh o n k e	tatsama
রক্ষনব্যুহ	r o kkh o n b u j j o	tatsama
রক্ষনব্যুহে	r o kkh o n b u j j e	tatsama
রক্ষনভাগ	r o kkh o n bh a g	tatsama
রক্ষনভাগকে	r o kkh o n bh a g k e	tatsama
রক্ষনভাগে	r o kkh o n bh a g e	tatsama
রক্ষনভাগের	r o kkh o n bh a g e r	tatsama
রক্ষনশিল	r o kkh o n sh i l	tatsama
রক্ষনশিলতা	r o kkh o n sh i l t a	tatsama
রক্ষনশিলতার	r o kkh o n sh i l t a r	tatsama
রক্ষনশিলদের	r o kkh o n sh i l d e r	tatsama
রক্ষনশিলরা	r o kkh o n sh i l r a	tatsama
রক্ষনশিলেরা	r o kkh o n sh i l e r a	tatsama
রক্ষনসেনা	r o kkh o n sh e n a	tatsama
রক্ষনাত্মক	r o kkh o n a t k	tatsama
রক্ষনাবেক্ষন	r o kkh o n a b e kkh o n	tatsama
রক্ষনাবেক্ষনও	r o kkh o n a b e kkh o n o O	tatsama
রক্ষনাবেক্ষনকারি	r o kkh o n a b e kkh o n o k a r i	tatsama
রক্ষনাবেক্ষনসহ	r o kkh o n a b e kkh o n sh o h O	tatsama
রক্ষনাবেক্ষনে	r o kkh o n a b e kkh o n e	tatsama
রক্ষনাবেক্ষনের	r o kkh o n a b e kkh o n e r	tatsama
রক্ষনে	r o kkh o n e	tatsama
রক্ষনের	r o kkh o n e r	tatsama
রক্ষাই	r o kkh a i	tatsama
রক্ষাও	r O kkh a O	tatsama
রক্ষাকবচ	r o kkh a k o b O ch	tatsama
রক্ষাকবচও	r o kkh a k b o ch O	tatsama
রক্ষাকর্তার	r o kkh a k o r t a r	tatsama
রক্ষাকারি	r o kkh a k a r i	tatsama
রক্ষাকারিদের	r o kkh a k a r i d e r	tatsama
রক্ষাকে	r o kkh a k e	tatsama
রক্ষাগোলা	r o kkh a g O l a	tatsama
রক্ষাবিশয়ক	r o kkh a b i sh o y o k o	tatsama
রক্ষামুলক	r O kkh a m u l O k	tatsama
রক্ষার	r O kkh a r	tatsama
রক্ষার্থেই	r o kkh a r th e i	tatsama
রক্ষাসংক্রান্ত	r o kkh a sh o ng kr a nt o	tatsama
রক্ষাসহ	r O kkh a sh o h O	tatsama
রক্ষায়	r o kkh a y o	tatsama
রক্ষায়ও	r o kkh a y o O	tatsama
রক্ষি	r O kkh i	tatsama
রক্ষিকা	r o kkh i k a	tatsama
রক্ষিত	r O kkh i t O	tatsama
রক্ষিতা	r O kkh i t a	tatsama
রক্ষিদের	r O kkh i d e r	tatsama
রক্ষিনি	r o kkh i n i	tatsama
রক্ষিবাহিনি	r O kkh i b a h i n i	tatsama
রক্ষিবাহিনির	r O kkh i b a h i n i r	tatsama
রক্ষিরা	r O kkh i r a	tatsama
রক্ষে	r O kkh e	tatsama
রক্ষ্য	r O kkh O	tatsama
রগ	r o g	native
রগকাটা	r o g k a T a	native
রগচটা	r o g ch o T a	native
রগট	r o g o T	native
রগরগ	r o g r o g	native
রগরগে	r o g r o g e	native
রগে	r o g e	native
রগড়	r o g O r	native
রগড়া	r o g r a	native
রঘু	r O gh u	native
রঘুনাথ	r O gh u n a th	native
রঘুনাথপুর	r O gh u n a th p u r	native
রঘুনাথপুরে	r o gh u n a th p u r e	native
রঘুনাথের	r o gh u n a th e r	native
রঘুনাথ্গঞ্জে	r O gh u n a th g o n j e	native
রঘুরাম	r O gh u r a m	native
রচক	r o ch O k	native
রচন	r o ch O n	native
রচনা	r o ch O n a	native
রচনাও	r o ch O n a O	native
রচনাকারি	r o ch o n a k a r i	native
রচনাকাল	r o ch o n a k a l	native
রচনাগুলো	r o ch o n a g u l O	native
রচনাটি	r o ch O n a T i	native
রচনাটিতে	r o ch o n a T i t e	native
রচনাবলি	r o ch o n a b o l i	native
রচনাবলির	r o ch o n a b o l i r	native
রচনামুলক	r o ch O n a m u l O k	native
রচনার	r o ch o n a r	native
রচনাসম্ভার	r o ch o n a sh o m bh a r	native
রচনায়	r o ch o n a y	native
রচনায়ও	r o ch o n a y O	native
রচনিয়	b o ch O n i y O	native
রচপাল	r o ch p a l	native
রচা	r o ch a	native
রচিত	r O ch i t O	native
রচয়িতা	r o ch O i t a	native
রচয়িতাও	r o ch o y i t a O	native
রচয়িতাদের	r o ch o y i t a d e r	native
রচয়িতার	r o ch o y i t a r	native
রজ	r o j	native
রজঃস্রাবের	r o j O sh r a b e r	tatsama
রজক	r o j O k	native
রজকিনি	r o j O k i n i	native
রজত	r o j o t	native
রজতজয়ন্তি	r o j o t j o y o nt i	native
রজন	r o j O n	native
রজনি	r o j o n i	native
রজনিকান্ত	r o j o n i k a nt o	native
রজনিকান্তের	r o j O n i k a nt e r	native
রজনিকে	r o j o n i k e	native
রজনিগন্ধা	r o j o n i g o ndh a	native
রজনিগন্ধার	r o j O n i g o ndh a r	native
রজনিতে	r o j o n i t e	native
রজনির	r o j o n i r	native
রজব	r o j O b	native
রজবের	r o j O b e r	native
রজার	r o j a r	native
রজার্স	r o j a r sh	native
রজিত	r o j i t	native
রজেছে	r o j e chh e	native
রজ্জব	r o j j O b	native
রজ্জবকে	r o j j o b o k e	native
রজ্জবের	r o j j o b e r	native
রজ্জু	r O j j u	native
রঞ্জনকে	r o n j o n k e	native
রঞ্জনরশ্মি	r o n j o n r O sh o sh i	native
রঞ্জনা	r o n j O n a	native
রঞ্জনের	r o n j o n e r	native
রঞ্জা	r o n j a	native
রঞ্জি	r O n j i	native
রঞ্জিত	r O n j i t	native
রঞ্জিতকে	r o n j i t k e	native
রঞ্জিতের	r o n j i t e r	native
রঞ্জিনি	r o n j i n i	native
রঞ্জিব	r o n j i b	native
রঞ্জিল	r O n j i l O	native
রঞ্জু	r O n j u	native
রঞ্জুর	r o n j u r	native
রট	r o T	native
রটনার	r o T n a r	native
রটনায়	r o T n a y	native
রটন্তি	r o T O nt i	native
রটা	r o T a	native
রটাচ্ছে	r o T a ch chh e	native
রটানো	r o T a n O	native
রটিত	r O T i t o	native
রটিয়ে	r o T i y e	native
রটে	r O T e	native
রটেছে	r O T e chh e	native
রটেন	r o T e n	native
রডগুলো	r o D g u l O	native
রডনি	r o D n i	proper_noun
রডবোঝাই	r o D b O jh a i	native
রডসহ	r o D sh o h O	native
রডহ্যাম	r o D h A m	proper_noun
রডিক	r o D i k	proper_noun
রডিন	r o D i n	proper_noun
রডিনকে	r o D i n k e	proper_noun
রডের	r o D e r	native
রডোডেন্ড্রন	r o D O D e n D r O n	loanword
রড্রিগো	r o D r i g O	loanword
রড্রিগোর	r o D r i g O r	loanword
রতডাংগা	r o t D a ng g a	native
রতনদি	r o t n o d i	native
রতনপুর	r o t O n p u r	native
রতনসহ	r o t o n sh o h O	native
রতনে	r o t o n e	native
রতনের	r o t O n e r	native
রতি	r O t i	native
রত্নগর্ভা	r o t n O g o r bh a	native
রত্নতুল্য	r o t n o t u l l o	native
রত্নপালং	r o t n o p a l o ng	native
রত্নপুর	r o t n o p u r	native
রত্নবিশেশ	r o t n O b i sh e sh	native
রত্নভান্ডার	r o t n o bh a n D a r	native
রত্নমের	r o t n o m e r	native
রত্নসিড়ি	r o t n o sh i r i	native
রত্নাকর	r o t n a k o r	native
রত্নাকে	r o t n a k e	native
রত্নাপালং	r o t n a p a l o ng	native
রত্নার	r o t n a r	native
রত্নি	r O t n i	native
রত্নেস্বরপুর	r o t n e sh sh o r p u r	tatsama
রথ	r o th	native
রথখোলা	r o th kh O l a	native
রথখোলার	r o th kh O l a r	native
রথখোলায়	r o th kh O l a y	native
রথজাত্রা	r o th j a tr a	native
রথজাত্রার	r o th j a tr a r	native
রথি	r O th i	native
রথি(–থিন্)	r O th i	native
রথিন্দ্র	r o th i ndr o	native
রথিন্দ্রনাথ	r o th i ndr o n a th	native
রথে	r o th e	native
রথের	r o th e r	native
রথো	r o th O	native
রথ্যা	r O t th a	native
রদবদল	r o d b o d o l	native
রদবদলে	r o d b o d o l e	native
রদারফোর্ড	r o d a r ph O r D	proper_noun
রদের	r o d e r	native
রদ্দা	r o d d a	native
রদ্রিগুয়েজ	r o d r i g u y e j	native
রদ্রিগেজ	r o d r i g e j	native
রদ্রিগেজকে	r o d r i g e j k e	native
রদ্রিগো	r o d ri g O	native
রন	r o n	native
রনকির	r o n k i r	native
রনকোউশল	r o n o k O u sh o l	native
রনকোউশলে	r o n o k O u sh o l e	native
রনকোউশলের	r o n o k O u sh o l e r	native
রনক্ষেত্র	r o n O kh e tr O	tatsama
রনক্ষেত্রে	r o n o kkh e tr e	tatsama
রনগোপালদি	r o n g O p a l d i	native
রনজিত	r o n j i t	native
রনজিত্	r o n j i t	native
রনজিৎ	r O n j i t	native
রনজু	r O n j u	native
রনতরি	r o n o t o r i	native
রনতরিটি	r o n o t o r i T i	native
রনতরিতে	r o n o t o r i t e	native
রনতরির	r o n o t o r i r	native
রনদামামা	r o n o d a m a m a	native
রনদিপ	r o n O d i p	native
রনদিপম	r o n d i p o m	native
রনদিভ	r o n d i bh	native
রনদিভকে	r o n d i bh k e	native
রনদিভের	r o n d i bh e r	native
রনধ্বনি	r o n o dh o n i	tatsama
রনন	r o n o n	native
রনপা	r o n p a	native
রনবি	r o n O b i	native
রনবির	r o n b i r	native
রনবিরই	r o n b i r i	native
রনবিরও	r o n b i r O	native
রনবিরকে	r o n b i r k e	native
রনবিরের	r o n b i r e r	native
রনহুংকার	r o n o h u ng k a r	native
রনাংগন	r o n a ng g o n	native
রনাংগনে	r o n a ng g o n e	native
রনাংগনের	r o n a ng g o n e r	native
রনি	r o n i	native
রনিই	r o n i i	native
রনিও	r o n i O	native
রনিকে	r o n i k e	native
রনিকেও	r o n i k e O	native
রনিত	r O n i t O	native
রনির	r o n i r	native
রনিয়া	r O n i y a	native
রনে	r o n e	native
রনেশ	r o n e sh	native
রনেশদা	r o n e sh d a	native
রনেশদার	r o n e sh d a r	native
রনোউত	r o n O u t	native
রন্টি	r o n T i	native
রন্ড	r o n D O	native
রন্ডা	r o n j a	native
রন্ধনপ্রনালি	r o ndh o n pr o n a l i	native
রন্ধনবিদ	r o ndh o n b i d	native
রন্ধনশিল্পি	r o ndh O n sh i l p i	native
রন্ধ্র	r o ndh r O	native
রনৎ	r o n O t	native
রপট	r o p O T	native
রপ্ত	r o p t O	native
রপ্তানিই	r o p t a n i i	native
রপ্তানিও	r o p t a n i O	native
রপ্তানিকারক	r o p t a n i k a r O k	native
রপ্তানিকারককে	r o p t a n i k a r o k k e	compound
রপ্তানিকারকদের	r o p t a n i k a r O k d e r	compound
রপ্তানিকারকরা	r o p t a n i k a r O k r a	compound
রপ্তানিকারকের	r o p t a n i k a r O k e r	compound
রপ্তানিকারকেরা	r o p t a n i k a r O k e r a	compound
রপ্তানিকারকেরাও	r o p t a n i k a r o k e r a O	compound
রপ্তানিকারি	r o p t a n i k a r i	native
রপ্তানিকৃত	r o p t a n i k ri t O	tatsama
রপ্তানিকে	r o p t a n i k e	native
রপ্তানিজোগ্য	r o p t a n i j O g g O	native
রপ্তানিতে	r o p t a n i t e	native
রপ্তানিনিতি	r o p t a n i n i t i	native
রপ্তানিনিতির	r o p t a n i n i t i r	native
রপ্তানিনির্ভর	r o p t a n i n i r bh o r	compound
রপ্তানিপন্য	r o p t a n i p o n n o	native
রপ্তানিপন্যের	r o p t a n i p o n n e r	compound
রপ্তানিবিশয়ক	r o p t a n i b i sh o y o k	native
রপ্তানিমুখি	r o p t a n i m u kh i	native
রপ্তানিমুল্য	r o p t a n i m u l l o	native
রপ্তানিমুল্যের	r o p t a n i m u l l e r	compound
রপ্তানির	r o p t a n i r	native
রপ্তানিরও	r o p t a n i r o O	native
রপ্তানিসংক্রান্ত	r o p t a n i sh o ng kr a nt o	compound
রপ্তানিসহ	r o p t a n i sh o h O	native
রফতানি	r o ph t a n i	native
রফতানিকারক	r o ph t a n i k a r O k	native
রফতানিকারকদের	r o ph t a n i k a r O k d e r	compound
রফতানিতে	r o ph t a n i t e	native
রফতানিমুখি	r o ph t a n i m u kh i	native
রফতানির	r o ph t a n i r	native
রফা	r o ph a	native
রফি	r O ph i	native
রফিউদ্দিন	r o ph i u d d i n	native
রফিউর	r O ph i u r	native
রফিক	r O ph i k	native
রফিকউদ্দিন	r o ph i k u d d i n	native
রফিকউল্লাহ	r o ph i k u l l a h	native
রফিকও	r o ph i k O	native
রফিককে	r O ph i k k e	native
রফিকসহ	r o ph i k sh o h O	native
রফিকুজ্জামান	r O ph i k u j j a m a n	native
রফিকুজ্জামানকে	r o ph i k u j j a m a n k e	compound
রফিকুন	r O ph i k u n	native
রফিকুন্নবি	r o ph i k u nn o b i	native
রফিকুর	r o ph i k u r	native
রফিকুল	r O ph i k u l	native
রফিকুলও	r o ph i k u l o O	native
রফিকুলকে	r O ph i k u l k e	native
রফিকের	r O ph i k e r	native
রফিজ	r O ph i j	native
রফিজুল	r o ph i j u l	native
রফিনগর	r o ph i n o g o r	native
রফির	r O ph i r	native
রফুদ্দোউলা	r O ph u d d O O l a	native
রব	r o b	native
রবকে	r o b k e	native
রবজেল	r o b j e l	native
রবরবা	r o b r o b a	native
রবসন	r o b sh o n	native
রবাব	r o b a b	native
রবার	r o b a r	native
রবারের	r o b a r e r	native
রবার্টকে	r o b a r T k e	proper_noun
রবার্টস	r o b a r T s	proper_noun
রবার্টসন	r o b a r T s o n	proper_noun
রবার্টসনের	r o b a r T s o n e r	proper_noun
রবার্টসের	r o b a r T s e r	proper_noun
রবার্টের	r o b a r T e r	proper_noun
রবার্টো	r o b a r T O	proper_noun
রবার্তো	r o b a r t O	native
রবাহুত	r o b a h u t O	native
রবি	r O b i	native
রবিউল	r O b i u l	native
রবিউলকে	r O b i u l k e	native
রবিউলসহ	r o b i u l sh o h O	native
রবিউলের	r O b i u l e r	native
রবিকে	r O b i k e	native
রবিখন্দ	r O b i kh o nd O	native
রবিচন্দন	r O b i ch o nd O n	native
রবিচন্দ্রন	r O b i ch o ndr O n	native
রবিঠাকুর	r o b i Th a k u r	native
রবিঠাকুরের	r o b i Th a k u r e r	native
রবিতির্থ	r o b i t i r th o	native
রবিদাস	r o b i d a sh	native
রবিন	r o b i n	native
রবিনকে	r o b i n k e	native
রবিনসন	r o b i n sh o n	native
রবিনহুড	r o b i n h u D	proper_noun
রবিনহো	r o b i n h O	native
রবিনহোও	r o b i n h O O	native
রবিনহোকে	r o b i n h O k e	native
রবিনহোদের	r o b i n h O d e r	native
রবিনহোর	r o b i n h O r	native
রবিনের	r o b i n e r	native
রবিন্দর	r O b i nd O r	native
রবিন্দ্র	r O b i ndr O	native
রবিন্দ্রকে	r O b i ndr O k e	native
রবিন্দ্রগবেশক	r o b i ndr o g o b e sh o k	compound
রবিন্দ্রচর্চা	r o b i ndr o ch o r ch a	compound
রবিন্দ্রচর্চার	r o b i ndr o ch o r ch a r	compound
রবিন্দ্রচর্চায়	r o b i ndr o ch o r ch a y	compound
রবিন্দ্রজয়ন্তি	r o b i ndr o j o y o nt i	compound
রবিন্দ্রজয়ন্তির	r o b i ndr o j o y o nt i r	compound
রবিন্দ্রনাথ	r O b i ndr O n a th	native
রবিন্দ্রনাথই	r O b i ndr O n a th i	native
রবিন্দ্রনাথও	r O b i ndr O n a th O	native
রবিন্দ্রনাথকে	r O b i ndr O n a th k e	compound
রবিন্দ্রনাথকেই	r o b i ndr o n a th k e i	compound
রবিন্দ্রনাথকেও	r o b i ndr o n a th k e O	compound
রবিন্দ্রনাথে	r O b i ndr O n a th e	native
রবিন্দ্রনাথের	r O b i ndr O n a th e r	compound
রবিন্দ্রপ্রেমি	r o b i ndr o p e r m i	compound
রবিন্দ্রবিশয়ক	r o b i ndr o b i sh o y o k	compound
রবিন্দ্রভক্ত	r o b i ndr o bh o kt o	native
রবিন্দ্রভারতি	r o b i ndr o bh a r o t i	compound
রবিন্দ্ররচনা	r o b i ndr o r o ch o n a	native
রবিন্দ্রসংগিত	r o b i ndr o sh o ng g i t	compound
রবিন্দ্রসংগিতশিল্পি	r O b i ndr O sh O ng g i t sh i l p i	compound
রবিন্দ্রসংগিতশিল্পিদের	r o b i ndr o sh o ng g i t o sh i l p i d e r	compound
রবিন্দ্রসংগিতশিল্পির	r o b i ndr o sh o ng g i t o sh i l p i r	compound
রবিন্দ্রসংগিতানুরাগিরা	r o b i ndr o sh o ng g i t a n u r a g i r a	compound
রবিন্দ্রসংগিতে	r O b i ndr O sh O ng g i t e	compound
রবিন্দ্রসংগিতের	r O b i ndr O sh O ng g i t e r	compound
রবিন্দ্রসং্গিত	r O b i ndr O sh O ng g i t	compound
রবিন্দ্রসরোবর	r o b i ndr o sh o r O b e r	compound
রবিন্দ্রসরোবরে	r O b i ndr O sh o r O b o r e	compound
রবিন্দ্রসরোবরের	r o b i ndr o sh o r O b o r e r	compound
রবিন্দ্রসাহিত্যের	r o b i ndr o sh a h i t t e r	compound
রবিন্দ্রস্মৃতি	r o b i ndr o sh r i t i	tatsama
রবিবাবু	r o b i b a b u	native
রবিবাবুর	r o b i b a b u r	native
রবিবারই	r O b i b a r i	native
রবিবারও	r O b i b a r O	native
রবিবারকে	r O b i b a r k e	native
রবিবারে	r O b i b a r e	native
রবিবারের	r O b i b a r e r	native
রবির	r O b i r	native
রবিরাগ	r o b i r a g	native
রবিশংকর	r o b i sh o ng k o r	native
রবিশংকরকে	r o b i sh o ng k o r k e	native
রবিশংকরের	r o b i sh o ng k o r e r	native
রবিশস্য	r O b i sh O sh sh O	native
রবিশস্যের	r o b i sh o sh sh e r	native
রবে	r o b e	native
রবেন	r o b e n	native
রবেনের	r o b e n e r	native
রবের	r o b e r	native
রবের্তো	r o b e r t O	native
রব্ধ	r o b dh O	native
রব্বানি	r o b b a n i	native
রব্বানির	r o b b a n i r	native
রভস	r o bh o sh	native
রম	r o m	native
রমক	r o m O k	native
রমজান	r o m j a n	native
রমজানকে	r o m j a n k e	native
রমজানপুর	r o m j a n p u r	native
রমজানসহ	r o m j a n sh o h O	native
রমজানুল	r o m j a n u l	native
রমজানে	r o m j a n e	native
রমজানেই	r o m j a n e i	native
রমজানেও	r o m j a n e O	native
রমন	r o m O n	native
রমনার	r o m n a r	native
রমনায়	r o m o n a y	native
রমনি	r o m o n i	native
রমনিকে	r o m o n i k e	native
রমনিদের	r o m O n i d e r	native
রমনির	r o m o n i r	native
রমনিরা	r o m O n i r a	native
রমনিয়	r o m O n i y O	native
রমনের	r o m o n e r	native
রমরমা	r o m r o m a	native
রমরমার	r o m r o m a r	native
রমা	r O m a	native
রমাকান্ত	r o m a k a nt O	native
রমাগঞ্জ	r o m a g o n j	native
রমাগঞ্জের	r o m a g o n j e r	native
রমাদান	r o m a d a n	native
রমানায়েকে	r o m a n a y e k e	native
রমারম	r o m a r o m	native
রমিজ	r O m i j	native
রমিজউদ্দিন	r o m i j u d d i n	native
রমিজা	r o m i j a	native
রমিজার	r o m i j a r	native
রমিজের	r O m i j e r	native
রমিত	r O m i t O	native
রমেন্দ্র	r o m e ndr o	native
রমেন্দ্রনাথ	r o m e ndr o n a th	native
রমেশকে	r o m e sh k e	native
রমেশচন্দ্র	r o m e sh ch o ndr O	native
রমেশের	r o m e sh e r	native
রম্বস	r o mb O sh	native
রম্ভা	r o m bh a	native
রম্য	r o m m O	native
রম্যনাথ	r O m m O n a th	native
রম্যলেখক	r o m m o l e kh o k	native
রলা	r o l a	native
রলি	r o l i	native
রশদ	r o sh O d	native
রশনা	r o sh O n a	native
রশা	r o sh a	native
রশারশি	r o sh a r o sh i	native
রশি	r O sh i	native
রশিকপুর	r o sh i k p u r	native
রশিতে	r O sh i t e	native
রশিদও	r o sh i d O	native
রশিদকে	r O sh i d k e	native
রশিদপুরে	r o sh i d p u r e	native
রশিদা	r o sh i d a	native
রশিদাবাদ	r o sh i d a b a d	native
রশিদি	r o sh i d i	native
রশিদুজ্জামান	r o sh i d u j j a m a n	native
রশিদুল	r O sh i d u l	native
রশিদুলের	r o sh i d u l e r	native
রশ্মি	r O sh sh i	native
রশ্মিকে	r o sh m i k e	native
রশ্মিতে	r o sh m i t e	native
রশ্মির	r O sh sh i r	native
রস	r o sh	native
রসও	r o sh O	native
রসগোল্লার	r o sh O g O l l a r	native
রসদ	r o sh O d	native
রসদই	r o sh o d o i	native
রসদের	r o sh o d e r	native
রসন	r o sh O n	native
রসনাবিলাস	r o sh o n a b i l a sh o	native
রসনাবিলাসের	r o sh o n a b i l a sh e r	native
রসনার	r o sh o n a r o	native
রসনেন্দ্রিয়	r o sh O n e ndr i y O	native
রসবোধ	r o sh b O dh	native
রসবোধের	r o sh O b O dh e r	native
রসম	r o sh O m	native
রসমালাই	r o sh m a l a i	native
রসময়	r o sh o m o y	native
রসা	r o sh a	native
রসাঞ্জন	r o sh a n j o n	native
রসাতল	r o sh a t o l	native
রসাতলে	r o sh a t o l e	native
রসাত্মক	r o sh a t t o k	native
রসান	r o sh a n	native
রসানি	r o sh a n i	native
রসানো	r o sh a n O	native
রসাবেশ	r o sh a b e sh	native
রসাভাশ	r o sh a bh a sh	native
রসাভাস	r o sh a bh a sh	native
রসাল	r o sh a l O	native
রসালো	r o sh a l O	native
রসায়ন	r o sh a y O n	native
রসায়নটা	r o sh a y o n T a	native
রসায়নবিজ্ঞান	r o sh a y o n b i g g a n	tatsama
রসায়নবিজ্ঞানে	r o sh a y o n b i g g a n e	tatsama
রসায়নবিদ	r o sh a y O n b i d	native
রসায়নসহ	r o sh a y o n sh o h O	native
রসায়নে	r o sh a y o n e	native
রসায়নের	r o sh a y O n e r	native
রসি	r o sh i	native
রসিক	r O sh i k	native
রসিকজনের	r o sh i k j o n e r	native
রসিকতা	r O sh i k o t a	native
রসিকতাই	r o sh i k o t a i	native
রসিকতাও	r O sh i k o t a O	native
রসিকতায়	r o sh i k o t a y	native
রসিকদের	r O sh i k d e r	native
রসিত	r O sh i t O	native
রসিদ	r O sh i d	native
রসিদও	r o sh i d O	native
রসিদসহ	r o sh i d sh o h O	native
রসিদে	r o sh i d e	native
রসিদের	r O sh i d e r	native
রসির	r o sh i r	native
রসিয়া	r O sh i y a	native
রসিয়ে	r O sh i y e	native
রসু	r O sh u	native
রসুই	r O sh u i	native
রসুইঘরে	r o sh u i gh o r e	native
রসুনকুচি	r O sh u n k u ch i	native
রসুনগুলো	r o sh u n g u l O	native
রসুনবাটা	r O sh u n b a T a	native
রসুনসহ	r o sh u n sh o h O	native
রসুনে	r O sh u n e	native
রসুনের	r O sh u n e r	native
রসুম	r O sh u m	native
রসুল	r O sh u l	native
রসুলকে	r o sh u l k e	native
রসুলপুর	r O sh u l p u r	native
রসুলপুরে	r o sh u l p u r e	native
রসুলপুরের	r o sh u l p u r e r	native
রসুলবাগ	r O sh u l b a g	native
রসুলুল্লাহ	r o sh u l u l l a h	native
রসুলে	r o sh u l e	native
রসুলের	r O sh u l e r	native
রসে	r o sh e	native
রসেন্দ্র	r o sh e ndr O	native
রসের	r o sh e r	native
রসো	r O sh O	native
রসোত্তম	r o sh O tt o m	native
রসোত্তির্ন	r o sh O tt i r n O	native
রসোদ্গার	r o sh O d g a r	native
রসোন	r o sh O n	native
রস্ক	r o s k	loanword
রহ	r o h O	native
রহঃ	r o h o h	tatsama
রহনপুর	r o h o n o p u r	native
রহম	r o h O m	native
রহমত	r o h O m O t	native
রহমতউল্লাহ	r o h O m o t u l l a h	native
রহমতউল্লাহর	r o h m o t u l l a r	native
রহমতখালি	r o h m o t kh a l i	native
রহমতগঞ্জকে	r o h O m O t g o n j k e	native
রহমতপুর	r o h m O t p u r	native
রহমতপুরের	r o h m o t p u r e r	native
রহমতুন্নেসা	r o h m o t u nn e sh a	native
রহমতুল	r o h m o t u l o	native
রহমতুল্লাহ	r o h o m o t u l l a h	native
রহমতুল্লাহর	r o h m o t u l l a r	native
রহমতে	r o h O m o t e	native
রহমতের	r o h m O t e r	native
রহমাতুল্লাহ	r o h m a t u l l a h	native
রহমান	r o h m a n	native
রহমানই	r o h m a n i	native
রহমানও	r o h m a n O	native
রহমানকে	r o h m a n k e	native
রহমানদের	r o h m a n d e r	native
রহমানরা	r o h O m a n r a	native
রহমানসহ	r o h O m a n sh o h O	native
রহমানির	r o h m a n i r	native
রহমানিয়া	r o h m a n i y a	native
রহমানেরও	r o h O m a n e r O	native
রহমানেরা	r o h m a n e r	native
রহস	r o h O sh	native
রহস্য	r o h O sh sh O	native
রহস্যই	r o h O sh sh O i	native
রহস্যও	r o h o sh sh o O	native
রহস্যঘেরা	r o h o sh sh o gh e r a	native
রহস্যজনক	r o h O sh sh O j o n O k	native
রহস্যজনকভাবে	r o h O sh sh O j o n O k bh a b e	native
রহস্যটি	r o h o sh sh o T i	native
রহস্যভেদ	r o h o sh sh o bh e d	native
রহস্যময়	r o h O sh sh O m o i	native
রহস্যময়তা	r o h o sh sh o m o y o t a	native
রহস্যময়ভাবে	r o h o sh sh o m o y o bh a b e	native
রহস্যাবৃত	r o h o sh sh o b i r o t	tatsama
রহস্যে	r o h O sh sh e	native
রহস্যের	r o h O sh sh e r	native
রহানো	r o h o n O	native
রহিজ	r o h i j	native
রহিতকরন	r o h i t o k o r o n	native
রহিতের	r o h i t e r	native
রহিদুল	r O h i d u l	native
রহিমআফরোজ	r O h i m a ph r O j	native
রহিমআফরোজের	r o h i m a ph r O j e r	native
রহিমউদ্দিন	r o h i m o u d d i n	native
রহিমও	r O h i m O	native
রহিমকে	r O h i m k e	native
রহিমকেও	r o h i m k e O	native
রহিমদের	r o h i m d e r	native
রহিমপুর	r o h i m o p u r	native
রহিমরা	r O h i m r a	native
রহিমসহ	r o h i m sh o h O	native
রহিমা	r O h i m a	native
রহিমাকে	r o h i m a k e	native
রহিমাবাদ	r o h i m a b a d	native
রহিমার	r O h i m a r	native
রহিমি	r o h i m i	native
রহিমের	r O h i m e r	native
রহিল	r O h i l	native
রহিলেন	r O h i l e n	native
রহিয়াছে	r o h i y a chh e	native
রহিয়াছেন	r o h i y a chh e n	native
রহুল	r a h u l	native
রহে	r o h e	native
রা	r a	native
রাংগাবালি	r a ng g a b a l i	native
রাংা	r a ng	native
রাংাচ্ছে	r a ng a ch chh e	native
রাংাতে	r a ng a t e	native
রাংানি	r a ng a n i	native
রাংানো	r a ng a n O	native
রাংানোর	r a ng a n O r	native
রাংামাটি	r a ng a m a T i	native
রাংামাটিতে	r a ng m a T i t e	native
রাংামাটির	r a ng m a T i r	native
রাং্গামাটি	r a ng g a m a T i	native
রাং্গুনিয়া	r a ng g u n i a	native
রাই	r a i	native
রাইং	r a i ng	native
রাইওচি	r a i O ch i	native
রাইকার্ড	r a i k a r D	loanword
রাইকার্ডের	r a i k a r D e r	loanword
রাইকার্স	r a i k a r sh	native
রাইকেন	r a i k e n	native
রাইখস্টাগ	r a i kh s T a g	loanword
রাইখা	r a i kh a	native
রাইখালি	r a i kh a l i	native
রাইখেন	r a i kh e n	native
রাইচ	r a i ch	native
রাইচরন	r a i ch o r O n	native
রাইছা	r a i chh a	native
রাইজ	r a i j	native
রাইজিং	r a i j i ng	native
রাইজুল	r a i j u l	native
রাইজেস	r a i j e sh	native
রাইজোম	r a i j O m	native
রাইট	r a i T	loanword
রাইটকে	r a i T k e	loanword
রাইটব্যাক	r a i T b A k	loanword
রাইটস	r a i T s	loanword
রাইটসে	r a i T s e	loanword
রাইটসের	r a i T s e r	loanword
রাইটস্	r a i T s	loanword
রাইটার	r a i T a r	loanword
রাইটারটি	r a i T a r o T i	loanword
রাইটাররা	r a i T a r r a	loanword
রাইটারস	r a i T a r s	loanword
রাইটারে	r a i T a r e	loanword
রাইটারের	r a i T a r e r	loanword
রাইটার্স	r a i T a r s	loanword
রাইটিং	r a i T i ng	loanword
রাইটের	r a i T e r	loanword
রাইড	r a i D	loanword
রাইডগুলোর	r a i D g u l O r	loanword
রাইডটি	r a i D T i	loanword
রাইডার	r a i D a r	loanword
রাইডারের	r a i T a r e r	loanword
রাইডার্স	r a i D a r s	loanword
রাইডার্সও	r a i D a r s O	loanword
রাইডার্সকে	r a i D a r s k e	loanword
রাইডার্সে	r a i D a r s e	loanword
রাইডার্সের	r a i D a r s e r	loanword
রাইডু	r a i D u	proper_noun
রাইডুকে	r a i D u k e	proper_noun
রাইডুর	r a i D u r	proper_noun
রাইডে	r a i D e	loanword
রাইডের	r a i D e r	loanword
রাইত	r a i t	native
রাইতে	r a i t e	native
রাইতের	r a i t e r	native
রাইন	r a i n	native
রাইনখোলা	r a i n kh O l a	native
রাইনখোলায়	r a i n o kh O l a y	native
রাইনবেকের	r a i n o b e k e r	native
রাইনহার্ট	r a i n o h a r T e	proper_noun
রাইনহার্টের	r a i n o h a r T e r	proper_noun
রাইনা	r a i n a	native
রাইনাইটিস	r a i n a i T i s	loanword
রাইনার	r a i n a r	native
রাইনাস	r a i n a sh	native
রাইনো	r a i n O	native
রাইনোপ্লাস্টি	r a i n O p l a s T i	loanword
রাইপেন	r a i p e n	native
রাইফেল	r a i ph e l	native
রাইফেলগুলো	r a i ph e l g u l O	native
রাইফেলটা	r a i ph e l T a	native
রাইফেলটি	r a i ph e l T i	native
রাইফেলস	r a i ph e l sh	native
রাইফেলসহ	r a i ph e l sh o h O	native
রাইফেলসের	r a i ph e l sh e r	native
রাইফেলে	r a i ph e l e	native
রাইফেলের	r a i ph e l e r	native
রাইবেক	r a i b e k	native
রাইম	r a i m	native
রাইমা	r a i m a	native
রাইলি	r a i l i	native
রাইস	r a i sh	native
রাইসা	r a i sh a	native
রাইসার	r a i sh a r	native
রাইসু	r a i sh u	native
রাইসুল	r a i sh u l	native
রাইসের	r a i sh e r	native
রাইয়ান	r a i y a n	native
রাইয়্যান	r a i y A n	native
রাউজান	r a u j a n	native
রাউজানে	r a u j a n e	native
রাউজানের	r a u j a n e r	native
রাউটারে	r a u T a r e	loanword
রাউটারের	r a u T a r e r	loanword
রাউত	r a u t	native
রাউন্ড	r a u n D	loanword
রাউন্ডার	r a u n D a r	loanword
রাউন্ডে	r a u n D e	loanword
রাউন্ডেই	r a u n D e i	loanword
রাউন্ডেও	r a u n D e O	loanword
রাউন্ডের	r a u n D e r	loanword
রাউফুন	r a u ph u n	native
রাউল	r a u l	native
রাউলকে	r a u l k e	native
রাউলিং	r a u l i ng	native
রাউলের	r a u l e r	native
রাও	r a O	native
রাওকে	r a O k e	native
রাওলিং	r a O l i ng	native
রাওলিংয়ের	r a O l i ng y e r	native
রাওয়াত	r a O y a t	native
রাচি	r a ch i	native
রাচির	r a ch i r	native
রাদা	r a d a	native
রাধতে	r a dh t e	native
রাধন	r a dh O n	native
রাধনিয়া	r a dh O n i y a	native
রাধুনি	r a dh u n i	native
রাধুনির	r a dh u n i r	native
রাধে	r a dh e	native
রাড়	r a r	native
রাড়া	r a r a	native
রাংগা	r a ng g a	native
রাংগাবালির	r a ng g a b a l i r	native
রাংগামাটি	r a ng g a m a T i	native
রাংগুনিয়া	r a ng g u n i y a	native
রাংগুনিয়ার	r a ng g u n i y a r	native
রাংগুনিয়ায়	r a ng g u n i y a y	native
রাংায়	r a ng g a y	native
রাংিয়ে	r a ng g i y e	native
রাংিয়েছিলেন	r a ng g i i y e chh i l e n	native
রাংিয়েছে	r a ng g i y e chh e	native
রাওয়ারাই	r a O y a r a i	native
রাওয়াল	r a O y a l	native
রাওয়ালপিন্ডি	r a O y a l o p i n D i	proper_noun
রাওয়ালপিন্ডিতে	r a O y a l o p i n D i t e	compound
রাওয়ালপিন্ডির	r a O y a l o p i n D i r	compound
রাওয়ের	r a O y e r	native
রাকশা	r a k sh a	native
রাকসু	r a k sh u	native
রাকা	r a k a	native
রাকাত	r a k a t	native
রাকাতবিশিশ্ট	r a k a t b i sh i sh T o	native
রাকাতে	r a k a t e	native
রাকান	r a k a n	native
রাকাব	r a k a b	native
রাকাবের	r a k a b e r	native
রাকারি	r a k a r i	native
রাকায়েত	r a k a y e t	native
রাকিটিচ	r a k i T i ch	proper_noun
রাকিতিচের	r a k i t i ch e r	native
রাকিন	r a k i n	native
রাকিব	r a k i b	native
রাকিবও	r a k i b O	native
রাকিবকে	r a k i b k e	native
রাকিবসহ	r a k i b sh o h O	native
রাকিবুর	r a k i b u r	native
রাকিবুল	r a k i b u l	native
রাকিবুলের	r a k i b u l e r	native
রাকিবের	r a k i b e r	native
রাকেবার	r a k e b a r	native
রাকেশ	r a k e sh	native
রাক্কা	r a k k a	native
রাক্ষস	r a kkh O sh	tatsama
রাক্ষসি	r a kkh o sh i	tatsama
রাক্ষসের	r a kkh O sh e r	tatsama
রাক্ষুসি	r a kkh u sh i	tatsama
রাক্ষুসে	r a kkh u sh e	tatsama
রাখ	r a kh O	native
রাখছি	r a kh chh i	native
রাখছিলাম	r a kh chh i l a	native
রাখছেন	r a kh chh e n	native
রাখঢাক	r a kh Dh a k	native
রাখঢাকের	r a kh Dh a k e r	native
রাখত	r a kh t O	native
রাখতে	r a kh t e	native
রাখতেই	r a kh t e i	native
রাখতেও	r a kh t e O	native
রাখতেন	r a kh t e n	native
রাখন	r a kh O n	native
রাখব	r a kh b O	native
রাখবা	r a kh b a	native
রাখবার	r a kh b a r	native
রাখবেন	r a kh b e n	native
রাখবো	r a kh b O	native
রাখলাম	r a kh l a m	native
রাখলে	r a kh l e	native
রাখলেই	r a kh l e i	native
রাখলেও	r a kh l e O	native
রাখলো	r a kh l O	native
রাখাই	r a kh a i	native
রাখাইন	r a kh a i n	native
রাখাইনদের	r a kh a i n d e r	native
রাখাইনরা	r a kh a i n r a	native
রাখাইনেরা	r a kh a i n e r a	native
রাখাও	r a kh a O	native
রাখাকে	r a kh a k e	native
রাখাটাই	r a kh a T a i	native
রাখাটাও	r a kh a T a O	native
রাখাতে	r a kh a t e	native
রাখানো	r a kh a n O	native
রাখার	r a kh a r	native
রাখারই	r a kh a r o i	native
রাখারও	r a kh a r O	native
রাখালগাছি	r a kh a l g a chh i	native
রাখালেও	r a kh a l e O	native
রাখালের	r a kh a l e r	native
রাখালেরা	r a kh a l e r a	native
রাখাসহ	r a kh a sh o h O	native
রাখায়	r a kh a y o	native
রাখি	r a kh i	native
রাখিছে	r a kh i chh e	native
রাখিবন্ধন	r a kh i b o ndh o n	native
রাখিবেন	r a kh i b e n	native
রাখির	r a kh i r	native
রাখিস	r a kh i sh	native
রাখিয়া	r a kh i y a	native
রাখুক	r a kh u k	native
রাখুন	r a kh u n	native
রাখে	r a kh e	native
রাখেনি	r a kh e n i	native
রাখের	r a kh e r	native
রাখো	r a kh O	native
রাখোয়াল	r a kh O y a l	native
রাগও	r a g O	native
রাগকে	r a g k e	native
রাগটা	r a g T a	native
রাগতস্বরে	r a g o t o sh sh o r e	tatsama
রাগবি	r a g b i	native
রাগবির	r a g b i r	native
রাগাতে	r a g a t e	native
রাগান্ধ	r a g a ndh O	native
রাগারাগি	r a g a r a g i	native
রাগারুন	r a g a r u n	native
রাগি	r a g i	native
রাগি(–গিন্)	r a g i	native
রাগিনি	r a g i n i	native
রাগিব	r a g i b	native
রাগিয়ে	r a g i y e	native
রাগে	r a g e	native
রাগের	r a g e r	native
রাঘনা	r a gh o n a	native
রাঘবন	r a gh o b o n	native
রাঘবপুর	r a gh o b p u r	native
রাঘববোয়াল	r a gh o b b O y a l o	native
রাঘববোয়ালদের	r a gh o b b O y a l o d e r	native
রাঘববোয়ালরা	r a gh o b b O y a l o r a	native
রাঘববোয়ালেরা	r a gh o b b O y a l e r a	native
রাচিতে	r a ch i t e	native
রাচেল	r a ch e l	native
রাজ	r a j	native
রাজইর	r a j O i r	native
রাজউক	r a j u k	native
রাজউকও	r a j u k O	native
রাজউককেও	r a j u k k e O	native
রাজউকসহ	r a j u k sh o h O	native
রাজউকে	r a j u k e	native
রাজউকের	r a j u k e r	native
রাজক	r a j O k	native
রাজকন্যা	r a j k o n n a	native
রাজকন্যার	r a j k O n n a r	native
রাজকবি	r a j k O b i	native
রাজকর	r a j k o r	native
রাজকর্মচারি	r a j o k o r m O ch a r i	native
রাজকাপুর	r a j k a p u r	native
রাজকার্য	r a j k a r j O	native
রাজকাহিনি	r a j k a h i n i	native
রাজকিয়	r a j O k i y O	native
রাজকুট	r a j k u T	native
রাজকুটের	r a j k u T e r	native
রাজকুমার	r a j k u m a r	native
রাজকুমারি	r a j k u m a r i	native
রাজকুমারিকে	r a j k u m a r i k e	native
রাজকুমারির	r a j k u m a r i r	native
রাজকুমারের	r a j k u m a r e r	native
রাজকুল	r a j k u l	native
রাজকে	r a j k e	native
রাজকোট	r a j k O T	proper_noun
রাজকোটে	r a j k O T e	proper_noun
রাজকোশ	r a j k O sh	native
রাজখালি	r a j kh a l i	native
রাজখোয়া	r a j kh O y a	native
রাজখোয়ার	r a j kh O y a r	native
রাজগাতি	r a j g a t i	native
রাজগামি	r a j g a m i	native
রাজগাড়	r a j g a r	native
রাজগি	r a j g i	native
রাজগোখরার	r a j g O kh r a r	native
রাজগ্রিব	r a j gr i b	native
রাজঘাট	r a j gh a T	native
রাজঘাটা	r a j gh a T a	native
রাজঘাটে	r a j gh a T e	native
রাজচক্রবর্তি	r a j ch o kr O b O r o t i	native
রাজজক্ষ্মা	r a j j O kkh a	tatsama
রাজজোগ	r a j j O g	native
রাজজোটক	r a j j O T O k	native
রাজটিকা	r a j T i k a	native
রাজতন্ত্রে	r a j t o nt r e	native
রাজতিলক	r a j t i l o k	native
রাজত্বকাল	r a j O t t O k a l	tatsama
রাজত্বকালে	r a j O t t O k a l e	tatsama
রাজত্বে	r a j O t t e	tatsama
রাজত্বের	r a j O t t e r	tatsama
রাজদত্ত	r a j d o tt O	native
রাজদন্ড	r a j d o n D O	native
রাজদন্ত	r a j d o nt O	native
রাজদম্পতি	r a j d o mp O t i	native
রাজদরবার	r a j d o r b a r	native
রাজদরবারে	r a j d o r b a r e	native
রাজদরবারের	r a j d o r b a r e r	native
রাজদর্শন	r a j d o r sh O n	native
রাজদি	r a j d i	native
রাজদুত	r a j d u t	native
রাজদুলাল	r a j d u l a l	native
রাজদ্বার	r a j O d d a r	native
রাজধরদিয়া	r a j dh o r o d i y a	native
রাজধানি	r a j dh a n i	native
রাজধানিই	r a j dh a n i i	native
রাজধানিও	r a j dh a n i O	native
রাজধানিকে	r a j dh a n i k e	native
রাজধানিকেন্দ্রিক	r a j dh a n i k e ndr i k	compound
রাজধানিজুড়ে	r a j dh a n i j u r e	native
রাজধানিটি	r a j dh a n i T i	native
রাজধানিতে	r a j dh a n i t e	native
রাজধানিতেই	r a j dh a n i t e i	native
রাজধানিতেও	r a j dh a n i t e O	native
রাজধানিবাসি	r a j dh a n i b a sh i	loanword
রাজধানিবাসিকে	r a j dh a n i b a sh i k e	compound
রাজধানিবাসির	r a j dh a n i b a sh i r	loanword
রাজধানিভিত্তিক	r a j dh a n i bh i tt i k	compound
রাজধানিমুখি	r a j dh a n i m u kh i	native
রাজধানির	r a j dh a n i r	native
রাজধানিসংলগ্ন	r a j dh a n i sh o ng l o g n o	compound
রাজধানিসহ	r a j dh a n i sh o h O	native
রাজন	r a j O n	native
রাজনইতিক	r a j n O i t i k	native
রাজনইতিকভাবে	r a j n O i t i k bh a b e	native
রাজনইতিকভাবেই	r a j n O i t i k bh a b e i	compound
রাজনকে	r a j O n k e	native
রাজনগর	r a j n o g O r	native
রাজনগরের	r a j o n g o r e r	native
রাজনন্দন	r a j n o nd O n	native
রাজনাথ	r a j n a th	native
রাজনামা	r a j n a m a	native
রাজনারায়ন	r a j n a r a y o n	native
রাজনিতি	r a j n i t i	native
রাজনিতিই	r a j n i t i i	native
রাজনিতিও	r a j n i t i O	native
রাজনিতিক	r a j n i t i k	native
রাজনিতিকই	r a j n i t i k i	native
রাজনিতিকও	r a j n i t i k O	native
রাজনিতিককে	r a j n i t i k k e	native
রাজনিতিকদের	r a j n i t i k d e r	native
রাজনিতিকদেরই	r a j n i t i k d e r i	native
রাজনিতিকরন	r a j n i t i k o r o n	native
রাজনিতিকরা	r a j n i t i k r a	native
রাজনিতিকসহ	r a j n i t i k sh o h O	native
রাজনিতিকায়নের	r a j n i t i k a y o n e r	compound
রাজনিতিকিকরন	r a j n i t i k o r o n	native
রাজনিতিকিকরনের	r a j n i t i k o r o n e r	compound
রাজনিতিকে	r a j n i t i k e	native
রাজনিতিকেই	r a j n i t i k e i	native
রাজনিতিকেও	r a j n i t i k e O	native
রাজনিতিকের	r a j n i t i k e r	native
রাজনিতিকেরা	r a j n i t i k e r a	native
রাজনিতিকেরাই	r a j n i t i k e r a i	native
রাজনিতিকেরাও	r a j n i t i k e r a O	native
রাজনিতিচর্চার	r a j n i t i ch o r ch a r	compound
রাজনিতিজ্ঞ	r a j n i t i g g O	tatsama
রাজনিতিটা	r a j n i t i T a	native
রাজনিতিটাই	r a j n i t i T a i	native
রাজনিতিতে	r a j n i t i t e	native
রাজনিতিতেই	r a j n i t i t e i	native
রাজনিতিতেও	r a j n i t i t e O	native
রাজনিতিবিজ্ঞান	r a j n i t i t e b i g g a n	tatsama
রাজনিতিবিদ	r a j n i t i b i d	native
রাজনিতিবিদই	r a j n i t i b i d i	native
রাজনিতিবিদও	r a j n i t i b i d O	native
রাজনিতিবিদকে	r a j n i t i b i d k e	native
রাজনিতিবিদদের	r a j n i t i b i d d e r	compound
রাজনিতিবিদদেরই	r a j n i t i b i d d e r i	compound
রাজনিতিবিদদেরও	r a j n i t i b i d d e r O	compound
রাজনিতিবিদরা	r a j n i t i b i d r a	native
রাজনিতিবিদসহ	r a j n i t i b i d sh o h O	native
রাজনিতিবিদের	r a j n i t i b i d e r	native
রাজনিতিবিদেরা	r a j n i t i b i d e r a	compound
রাজনিতিবিদেরাই	r a j n i t i b i d e r a i	compound
রাজনিতিবিদেরাও	r a j n i t i b i d e r a O	compound
রাজনিতিবিবর্জিত	r a j n i t i b i b o r j i t	compound
রাজনিতিবিমুখ	r a j n i t i b i m u kh	native
রাজনিতিবিশয়ক	r a j n i t i b i sh o y o k	native
রাজনিতিমুক্ত	r a j n i t i m u kt o	native
রাজনিতির	r a j n i t i r	native
রাজনিতিরই	r a j n i t i r i	native
রাজনিতিরও	r a j n i t i r O	native
রাজনিতিশুন্য	r a j n i t i sh u n n o	native
রাজনিতিসংশ্লিশ্ট	r a j n i t i sh o ng sh l i sh T o	compound
রাজনিতিসচেতন	r a j n i t i sh o ch e t o n	native
রাজনিতিসহ	r a j n i t i sh o h O	native
রাজনের	r a j O n e r	native
রাজনোইতিক	r a j n O i t i k	native
রাজনোইতিকভাবে	r a j n O i t i k bh a b e	compound
রাজনোইতিকভাবেই	r a j n O i t i k bh a b e i	compound
রাজনোইতিকভাবেও	r a j n O i t i k bh a b e O	compound
রাজনোইতিকসহ	r a j n O i t i k sh o h O	native
রাজনোইতিকিকরন	r a j n O i t i k k i r o n	compound
রাজনোইতিকিকরনের	r a j n O i t i k i k o r o n e r	compound
রাজন্	r a j o n	native
রাজন্য	r a j O n n O	native
রাজন্যক	r a j O n n O k	native
রাজন্যবর্গ	r a j o n n o b o r g o	native
রাজপট্ট	r a j p o T T O	native
রাজপথ	r a j p o th	native
রাজপথকে	r a j p o th k e	native
রাজপথকেন্দ্রিক	r a j p o th k e ndr i k	compound
রাজপথে	r a j p o th e	native
রাজপথেই	r a j p o th e i	native
রাজপথেও	r a j p o th e O	native
রাজপথের	r a j p o th e r	native
রাজপরিবার	r a j p O r i b a r	native
রাজপরিবারে	r a j p O r i b a r e	native
রাজপরিবারের	r a j p O r i b a r e r	native
রাজপাট	r a j p a T	native
রাজপাড়া	r a j p a r a	native
রাজপুত	r a j p u t	native
রাজপুতের	r a j p u t e r	native
রাজপুত্র	r a j p u tr O	native
রাজপুন্যাহ	r a j p u n n a h	native
রাজপুরি	r a j p u r i	native
রাজপুরুশ	r a j p u r u sh	native
রাজপুশ্প	r a j p u sh p O	native
রাজপ্রমুখ	r a j pr O m u kh	native
রাজপ্রসাদ	r a j pr O sh a d	native
রাজপ্রাসাদ	r a j pr a sh a d	native
রাজপ্রাসাদে	r a j pr a sh a d e	native
রাজপ্রাসাদের	r a j pr a sh a d e r	native
রাজবংশ	r a j b o ng sh O	native
রাজবংশি	r a j b O ng sh i	native
রাজবংশিয়	r a j b O ng sh i y O	native
রাজবংশের	r a j b o ng sh e r	native
রাজবধু	r a j b o dh u	native
রাজবন্দি	r a j b o nd i	native
রাজবন্দিকে	r a j b o nd i k e	native
রাজবন্দিদের	r a j b o nd i d e r	native
রাজবন্দির	r a j b o nd i r	native
রাজবন্দিরা	r a j b o nd i r a	native
রাজবর্ত্ম	r a j b o r t O	native
রাজবল্লভ	r a j b o l l O bh	native
রাজবাড়ি	r a j b a r i	native
রাজবালা	r a j b a l a	native
রাজবাড়িটি	r a j b a r i T i	native
রাজবাড়িতে	r a j b a r i t e	native
রাজবাড়ির	r a j b a r i r	native
রাজবিদ্রোহ	r a j b i d r O h O	native
রাজবিপ্লব	r a j b i p l o b	loanword
রাজবির	r a j b i r	native
রাজবেশ	r a j b e sh	native
রাজভক্ত	r a j bh O kt O	native
রাজভক্তি	r a j bh O kt i	native
রাজভবন	r a j bh o b o n	native
রাজভবনে	r a j bh o b O n e	native
রাজভবনের	r a j bh o b o n e r	native
রাজভাশা	r a j bh a sh a	native
রাজভিশক	r a j bh i sh o k	native
রাজভৃত্য	r a j bh ri t t O	tatsama
রাজভোগ	r a j bh O g	native
রাজভোগ্য	r a j bh O g g O	native
রাজভয়	r a j bh o y	native
রাজমজুর	r a j o m o j u r	native
রাজমহল	r a j m o h O l	native
রাজমহিশি	r a j m O h i sh i	native
রাজমা	r a j m a	native
রাজমান্য	r a j m a n n O	native
রাজমার্গ	r a j m a r g O	native
রাজমিন	r a j m i n	native
রাজমিস্ত্রির	r a j m i st ri r	native
রাজমুকুট	r a j m u k u T	native
রাজরাজ	r a j r a j	native
রাজরাজেশ্বর	r a j r a j e sh sh o r	tatsama
রাজরাজেশ্বরি	r a j r a j e sh sh o r i	tatsama
রাজরাজড়া	r a j r a j r a	native
রাজর্ষি	r a j O r sh i	native
রাজলক্ষন	r a j l o kkh O n	tatsama
রাজলক্ষ্মি	r a j l o kkh i	tatsama
রাজশক্তি	r a j sh O kt i	native
রাজশজ্যা	r a j sh O j j a	native
রাজশফর	r a j sh o ph O r	native
রাজশাসন	r a j sh a sh O n	native
রাজশাহি	r a j sh a h i	native
রাজশাহিকে	r a j sh a h i k e	native
রাজশাহিগামি	r a j sh a h i g a m i	native
রাজশাহিতে	r a j sh a h i t e	native
রাজশাহিতেই	r a j sh a h i t e i	native
রাজশাহিতেও	r a j sh a h i t e O	native
রাজশাহিবাসির	r a j sh a h i b a sh i r	loanword
রাজশাহির	r a j sh a h i r	native
রাজশাহিসহ	r a j sh a h i sh o h O	native
রাজশেখর	r a j sh e kh o r	native
রাজশ্রি	r a j O sh r i	native
রাজসংস্করন	r a j sh o ng O s k o r O n	loanword
রাজসদন	r a j o sh o d O n	native
রাজসভা	r a j sh o bh a	native
রাজসভার	r a j sh o bh a r	native
রাজসভাসদ	r a j sh o bh a sh o d	native
রাজসভায়	r a j sh o bh a y	native
রাজসরকার	r a j sh o r k a r	native
রাজসর্প	r a j sh o r p O	native
রাজসর্সপ	r a j sh o r sh o p	native
রাজসহ	r a j sh o h O	native
রাজসাক্ষি	r a j sh a kkh i	tatsama
রাজসিংহাসন	r a j o sh i ng h a sh O n	native
রাজসিংহাসনের	r a j sh i ng h a sh o n e r	native
রাজসিক	r a j O sh i k	native
রাজসুয়	r a j sh u y O	native
রাজসেবা	r a j sh e b a	native
রাজস্থলি	r a j o sth o l i	native
রাজস্থানকে	r a j o sth a n k e	native
রাজস্থানসহ	r a j o sth a n sh o h O	native
রাজস্থানি	r a j sth a n i	native
রাজস্ব	r a j O sh sh O	tatsama
রাজস্বও	r a j o sh sh o O	tatsama
রাজস্বনিতি	r a j o sh sh o n i t i	tatsama
রাজস্বনিতিতে	r a j o sh sh o n i t i t e	tatsama
রাজস্বনিতির	r a j o sh sh o n i t i r	tatsama
রাজস্বসংক্রান্ত	r a j o sh sh o ng kr a nt o	tatsama
রাজস্বে	r a j o sh sh e	tatsama
রাজস্বের	r a j o sh sh e r	tatsama
রাজহস্তি	r a j h O st i	native
রাজহাস	r a j h a sh	native
রাজহাসের	r a j h a sh e r	native
রাজা	r a j a	native
রাজাই	r a j a i	native
রাজাক	r a j a k	native
রাজাকার	r a j a k a r	native
রাজাকারকে	r a j a k a r k e	native
রাজাকারদের	r a j a k a r d e r	native
রাজাকারমুক্ত	r a j a k a r m u kt o	native
রাজাকারেরা	r a j a k a r e r a	native
রাজাকারেরাও	r a j a k a r e r a O	native
রাজাকে	r a j a k e	native
রাজাকের	r a j a k e r	native
রাজাখালি	r a j a kh a l i	native
রাজাদের	r a j a d e r	native
রাজাধিরাজ	r a j a dh i r a j	native
রাজানগর	r a j a n o g O r	native
রাজান্তঃপুর	r a j o nt O p p u r	tatsama
রাজাপক্ষকে	r a j a p o kkh o k e	tatsama
রাজাপক্ষে	r a j a p o kkh e	tatsama
রাজাপক্ষেকে	r a j a p o kkh e k e	tatsama
রাজাপক্ষের	r a j a p o kkh e r	tatsama
রাজাপাকসে	r a j a p a k sh e	native
রাজাপাকসেকে	r a j a p a k sh e k e	native
রাজাপাকসের	r a j a p a k sh e r	native
রাজাপালং	r a j a p a l o ng	native
রাজাপুর	r a j a p u r	native
রাজাপুরে	r a j a p u r e	native
রাজাপুরের	r a j a p u r e r	native
রাজাবাজার	r a j a b a j a r	native
রাজাবাজারে	r a j a b a j a r e	native
রাজাবাজারের	r a j a b a j a r e r	native
রাজাবাবু	r a j a b a b u	native
রাজাবাড়ি	r a j a b a r i	native
রাজাবাড়িহাটে	r a j a b a r i h a T e	native
রাজামশাই	r a j a m o sh a i	native
রাজামশায়	r a j a m o sh a y	native
রাজামোউলি	r a j a m O O l i	native
রাজামোউলির	r a j a m O u l i r	native
রাজার	r a j a r	native
রাজারকুল	r a j a r k u l	native
রাজারচর	r a j a r ch o r	native
রাজারবাগ	r a j a r b a g	native
রাজারবাগে	r a j a r b a g e	native
রাজারবাগের	r a j a r b a g e r	native
রাজারবিল	r a j a r b i l	native
রাজারহাট	r a j a r h a T	native
রাজারহাটে	r a j a r h a T e	native
রাজারহাটের	r a j a r h a T e r	native
রাজারহাতা	r a j a r h a t a	native
রাজারা	r a j a r a	native
রাজারামপুর	r a j a r a m p u r	native
রাজালাখ	r a j a l a kh	native
রাজাসন	r a j a sh O n	native
রাজাসহ	r a j a sh o h O	native
রাজায়	r a j a y	native
রাজিই	r a j i i	native
রাজিউদ্দিন	r a j i u d d i n	native
রাজিউন	r a j i u n	native
রাজিউর	r a j i u r	native
রাজিউল	r a j i u l	native
রাজিও	r a j i O	native
রাজিক	r a j i k	native
রাজিত	r a j i t O	native
রাজিন	r a j i n	native
রাজিব	r a j i b	native
রাজিবই	r a j i b i	native
রাজিবকে	r a j i b k e	native
রাজিবদা	r a j i b d a	native
রাজিবপুর	r a j i b p u r	native
রাজিবপুরের	r a j i b p u r e r	native
রাজিবুল	r a j i b u l	native
রাজিবের	r a j i b e r	native
রাজিয়া	r a j i a	native
রাজু	r a j u	native
রাজুকে	r a j u k e	native
রাজুসহ	r a j u sh o h O	native
রাজে	r a j e	native
রাজেকুজ্জামান	r a j e k u j j a m a n	compound
রাজেন	r a j e n	native
রাজেন্দ্র	r a j e ndr O	native
রাজেন্দ্রপুর	r a j e ndr O p u r	native
রাজেন্দ্রপুরে	r a j e ndr o p u r	compound
রাজেভাচ	r a j e bh a ch	native
রাজের	r a j e r	native
রাজেশ	r a j e sh	native
রাজেশকে	r a j e sh k e	native
রাজেশ্বর	r a j e sh sh o r	tatsama
রাজেশ্বরি	r a j e sh sh o r i	tatsama
রাজোইর	r a j O i r	native
রাজোইরের	r a j O i r e r	native
রাজোয়ার	r a j O y a r	native
রাজ্জাক	r a j j a k	native
রাজ্জাকই	r a j j a k e i	native
রাজ্জাকও	r a j j a k O	native
রাজ্জাককেও	r a j j a k k e O	native
রাজ্জাকদের	r a j j a k d e r	native
রাজ্জাকরা	r a j j a k r a	native
রাজ্জাকসহ	r a j j a k sh o h O	native
রাজ্জাকুল	r a j j a k u l o	native
রাজ্জাকের	r a j j a k e r	native
রাজ্জানো	r a j j a n O	native
রাজ্ঞি	r a g g i	tatsama
রাজ্য	r a j j O	native
রাজ্যই	r a j j o i	native
রাজ্যকে	r a j j O k e	native
রাজ্যগুলো	r a j j O g u l O	native
রাজ্যগুলোকে	r a j j o g u l O k e	native
রাজ্যগুলোতেও	r a j j o g u l O t e	native
রাজ্যগুলোর	r a j j O g u l O r	native
রাজ্যগুলোয়	r a j j o g u l O y	native
রাজ্যজুড়ে	r a j j o j u r e	native
রাজ্যজয়ের	r a j j o j o y e r	native
রাজ্যটির	r a j j O T i r	native
রাজ্যপর্যায়ে	r a j j o p o r j a y e	native
রাজ্যপাট	r a j j O p a T	native
রাজ্যপাল	r a j j O p a l	native
রাজ্যবাসি	r a j j o b a sh i	loanword
রাজ্যবাসিকে	r a j j o b a sh i k e	loanword
রাজ্যবাসির	r a j j o b a sh i r	loanword
রাজ্যব্যাপি	r a j j o b A p i	native
রাজ্যভাশা	r a j j o bh a sh a	native
রাজ্যসভা	r a j j O sh o bh a	native
রাজ্যসভার	r a j j O sh o bh a r	native
রাজ্যসভায়	r a j j o sh o bh a y	native
রাজ্যসরকারের	r a j j o sh o r k a r e r	native
রাজ্যিক	r a j j i k	native
রাজ্যে	r a j j e	native
রাজ্যেই	r a j j e i	native
রাজ্যেও	r a j j e O	native
রাজ্যের	r a j j e r	native
রাজ্যেশ্বর	r a j j e sh sh o r	tatsama
রাজড়া	r a j r a	native
রাড	r a D	native
রাডার	r a D a r	loanword
রাডারে	r a D a r e	loanword
রাডারের	r a D a r e r	loanword
রাডিয়ার	r a D i y a r	native
রাতই	r a t i	native
রাতও	r a t O	native
রাতকে	r a t k e	native
রাতকো	r a t k O	native
রাতগুলোতে	r a t g u l O t e	native
রাতজাগা	r a t j a g a	native
রাতজাপন	r a t j a p O n	native
রাতজাপনের	r a t j a p o n e r	native
রাতটা	r a t T a	native
রাতটি	r a t T i	native
রাতটির	r a t T i r	native
রাতটুকু	r a t T u k u	native
রাতদিন	r a t d i n	native
রাতবিরাতে	r a t b i r a t e	native
রাতব্যাপি	r a t b A p i	native
রাতভর	r a t bh o r	native
রাতা	r a t a	native
রাতান	r a t a n	native
রাতারগুলের	r a t a r g u l e r	native
রাতারাতি	r a t a r a t i	native
রাতারাতিই	r a t a r a t i i	native
রাতি	r a t i	native
রাতিয়া	r a t i y a	native
রাতুল	r a t u l	native
রাতে	r a t e	native
রাতেই	r a t e i	native
রাতেও	r a t e O	native
রাতের	r a t e r	native
রাত্তির	r a tt i r	native
রাত্তিরে	r a tt i r e	native
রাত্নায়েকে	r a t n a y e k e	native
রাত্র	r a tr O	native
রাত্রিকালিন	r a tr i k a l i n	native
রাত্রিকে	r a tr i k e	native
রাত্রিজাপন	r a tr i j a p O n	native
রাত্রিজাপনের	r a tr i j a p o n e r	native
রাত্রিবাস	r a tr i b a sh	loanword
রাত্রিবাসের	r a tr i b a sh e r	loanword
রাত্রির	r a tr i r	native
রাত্র্যন্ধ	r a tr O ndh O	native
রাথুরা	r a th u r a	native
রাদওয়ানস্কা	r a d O y a n s k a	loanword
রাদামেল	r a d a m e l	native
রাদারফোর্ড	r a d a r ph O r D	proper_noun
রাদারফোর্ডের	r a d a r ph O r D e r	proper_noun
রাদি	r a d i	native
রাদিচে	r a d i ch e	native
রাদেসকা	r a d e sh k a	native
রাদ্দা	r a d d a	native
রাদ্ধ	r a d dh O	tatsama
রাধাকান্ত	r a dh a k a nt o	native
রাধাকৃশ্ন	r a dh a k ri sh n O	tatsama
রাধাকৃশ্নের	r a dh a k ri sh n e r	tatsama
রাধাগোবিন্দ	r a dh a g O b i nd O	native
রাধাগোবিন্দপুর	r a dh a g O b i nd o p u r	compound
রাধানগর	r a dh a n o g O r	native
রাধানাথ	r a dh a n a th	native
রাধাপদ্ম	r a dh a p o d d O	tatsama
রাধাপুর	r a dh a p u r	native
রাধাবল্লভ	r a dh a b o l l o bh	native
রাধাবল্লভি	r a dh a b o l l O bh i	native
রাধামাধবপুর	r a dh a m a dh o b p u r	native
রাধার	r a dh a r	native
রাধারমন	r a dh a r o m o n	native
রাধারমনের	r a dh a r o m O n e r	native
রাধাশ্টমি	r a dh a sh T O m i	native
রাধিকাকে	r a dh i k a k e	native
রাধিকাপুর	r a dh i k a p u r	native
রাধিকার	r a dh i k a r	native
রাধেকৃশ্ন	r a dh e k r i sh n O	tatsama
রাধেন	r a dh e n	native
রাধেয়	r a dh e y O	native
রান	r a n	native
রান-আপ	r a n a p	native
রানআউট	r a n a u T	loanword
রানআউটে	r a n a u T e	loanword
রানআউটের	r a n a u T e r	loanword
রানআপ	r a n a p	native
রানআপে	r a n a p e	native
রানই	r a n i	native
রানও	r a n O	native
রানওয়েতে	r a n O y e t e	native
রানওয়ের	r a n O y e r	native
রানকে	r a n k e	native
রানকেই	r a n k e i	native
রানকেও	r a n k e O	native
রানখরায়	r a n kh o r a y	native
রানটা	r a n T a	native
রানটাই	r a n T a i	native
রানটাও	r a n T a O	native
রানটাকে	r a n T a k e	native
রানটি	r a n T i	native
রানবন্যার	r a n b o n n a r	native
রানবির	r a n b i r	native
রানভির	r a n bh i r	native
রানরেট	r a n r e T	loanword
রানরেটে	r a n r e T e	loanword
রানরেটের	r a n r e T e r	loanword
রানা	r a n a	native
রানাউত	r a n a u t	native
রানাকে	r a n a k e	native
রানাগাতি	r a n a g a t i	native
রানাতুংগা	r a n a t u ng g a	native
রানাতুংগাকে	r a n a t u ng g a k e	native
রানাতুংগার	r a n a t u ng g a r	native
রানাপ্লাজা	r a n a p l a j a	loanword
রানার	r a n a r	native
রানার-আপ	r a n a r a p	native
রানারের	r a n a r e r	native
রানার্স	r a n a r sh	native
রানার্সআপ	r a n a r sh a p	native
রানার্সআপদের	r a n a r sh a p d e r	native
রানার্সআপরা	r a n a r sh a p r a	native
রানার্সআপের	r a n a r sh a p e r	native
রানাসহ	r a n a sh o h O	native
রানি	r a n i	native
রানিং	r a n i ng	native
রানিংমেট	r a n i ng m e T	loanword
রানিকে	r a n i k e	native
রানিক্ষেত	r a n i kkh e t	tatsama
রানিগঞ্জ	r a n i g o n j	native
রানিগঞ্জে	r a n i g o n j e	native
রানিগ্রাম	r a n i gr a m	native
রানিদের	r a n i d e r	native
রানিনগর	r a n i n o g o r	native
রানিনগরের	r a n i n o g o r e r	native
রানিবাজার	r a n i b a j a r	native
রানিমা	r a n i m a	native
রানির	r a n i r	native
রানিরহাট	r a n i r h a T	native
রানিলয়	r a n i l o y	native
রানিশংকোইল	r a n i sh o ng k O i l	native
রানিশংকোইলে	r a n i sh o ng k O i l e	native
রানিশংকোইলের	r a n i sh o ng k O i l e r	native
রানিসহ	r a n i sh o h O	native
রানিয়া	r a n i y a	native
রানিয়েরি	r a n i y e r i	native
রানু	r a n u	native
রানুর	r a n u r	native
রানে	r a n e	native
রানেই	r a n e i	native
রানের	r a n e r	native
রান্ডি	r a n D i	native
রান্ধনি	r a ndh o n i	native
রান্ধুনিবাড়ি	r a ndh u n i b a r i	native
রান্নাই	r a nn a i	native
রান্নাও	r a nn a O	native
রান্নাগুলো	r a nn a g u l O	native
রান্নাঘর	r a nn a gh o r	native
রান্নাঘরে	r a nn a gh o r e	native
রান্নাটা	r a nn a T a	native
রান্নাবান্নার	r a nn a b a nn a r	compound
রান্নাবান্নায়	r a nn a b a nn a y	compound
রান্নাবাড়া	r a nn a b a r a	native
রান্নাবিদ	r a nn a b i d	native
রান্নার	r a nn a r	native
রান্নাসহ	r a nn a sh o h O	native
রান্নায়	r a nn a y	native
রাপা	r a p a	native
রাপান	r a p a n o	native
রাপোপোর্ট	r a p O p O r T	proper_noun
রাপ্পু	r a p p u	native
রাফ	r a ph	native
রাফসান	r a ph sh a n	native
রাফা	r a ph a	native
রাফাত	r a ph a t	native
রাফাতের	r a ph a t e r	native
রাফার	r a ph a r	native
রাফাহ	r a ph a h	native
রাফায়েল	r a ph a y e l	native
রাফায়েলের	r a ph a y e l e r	native
রাফি	r a ph i	native
রাফিক	r a ph i k	native
রাফিকে	r a ph i k e	native
রাফিজা	r a ph i j a	native
রাফিদ	r a ph i d	native
রাফিন	r a ph i n	native
রাফিনকে	r a ph i n k e	native
রাফিনের	r a ph i n e r	native
রাফির	r a ph i r	native
রাফিয়া	r a ph i y a	native
রাফিয়াথ	r a ph i a th	native
রাফেউল	r a ph e u l	native
রাফেল	r a ph e l	native
রাব	r a b	native
রাবন	r a b O n	native
রাবনমুখো	r a b O n m u kh O	native
রাবনা	r a b n a	native
রাবনারি	r a b O n a r i	native
রাবনি	r a b O n i	native
রাবনের	r a b o n e r	native
রাবা	r a b a	native
রাবাত	r a b a t	native
রাবাদা	r a b a d a	native
রাবাদাকে	r a b a d a k e	native
রাবাব	r a b a b	native
রাবারড্যাম	r a b a r D A m	loanword
রাবারবাগান	r a b a r b a g a n	native
রাবারের	r a b a r e r	native
রাবি	r a b i	native
রাবিদ	r a b i d	native
রাবিনা	r a b i n a	native
রাবিন্দ্রিক	r a b i ndr i k	native
রাবির	r a b i r	native
রাবিশ	r a b i sh	native
রাবিস	r a b i sh	native
রাবিয়া	r a b i y a	native
রাবিয়ার	r a b i y a r	native
রাবেতা	r a b e t a	native
রাবেয়া	r a b e a	native
রাবেয়াকে	r a b e y a k e	native
রাবেয়ার	r a b e y a r	native
রাব্বানি	r a b b a n i	native
রাব্বানিকে	r a b b a n i k e	native
রাব্বানির	r a b b a n i r	native
রাব্বানিসহ	r a b b a n i sh o h O	native
রাব্বি	r a b b i	native
রাব্বিকে	r a b b i k e	native
রাব্বির	r a b b i r	native
রাব্বিসহ	r a b b i sh o h O	native
রাব্বু	r a b b u	native
রাব্বুল	r a b b u l	native
রাব্বো	r a b b e	native
রাবড়ি	r a b r i	native
রাভি	r a bh i	native
রাভিনা	r a bh i n a	native
রাভিনার	r a bh i n a r	native
রাভু	r a bh u	native
রাম	r a m	native
রামকানাই	r a m k a n a i	native
রামকান্ত	r a m k a nt O	native
রামকুমার	r a m k u m a r	native
রামকৃশ্ন	r a m k ri sh n O	tatsama
রামকৃশ্নপুর	r a m k ri sh n o p u r	tatsama
রামকে	r a m k e	native
রামখানা	r a m kh a n a	native
রামখড়ি	r a m kh O r i	native
রামগঞ্জ	r a m g o n j	native
রামগঞ্জে	r a m g o n j e	native
রামগঞ্জের	r a m g o n j e r	native
রামগতি	r a m g O t i	native
রামগতিতে	r a m g o t i t e	native
রামগতির	r a m g o t i r	native
রামগোপাল	r a m g O p a l	native
রামগড়	r a m g o r o	native
রামগড়ে	r a m g o r e	native
রামগড়ের	r a m g o r e r	native
রামচন্দ্র	r a m ch o ndr O	native
রামচন্দ্রকে	r a m ch o ndr o k e	native
রামচন্দ্রপুরের	r a m ch o ndr o p u r e r	compound
রামচরন	r a m ch o r o n	native
রামছাগল	r a m chh a g O l	native
রামজামা	r a m j a m a	native
রামজি	r a m j i	native
রামজিবন	r a m j i b O n	native
রামটেপা	r a m T e p a	native
রামঠেলা	r a m Th e l a	native
রামদা	r a m d a	native
রামদাবাদিদের	r a m d a b a d i d e r	native
রামদার	r a m d a r	native
রামদাস	r a m d a sh	native
রামদাসপুর	r a m d a sh p u r	native
রামদাসহ	r a m d a sh o h O	native
রামদিন	r a m d i n	native
রামদিনের	r a m d i n e r	native
রামদিয়া	r a m d i y a	native
রামদুলাল	r a m d u l a l	native
রামদুলালকে	r a m d u l a l k e	native
রামদুলালের	r a m d u l a l e r	native
রামদেব	r a m d e b	native
রামদেবপুর	r a m d e b p u r	native
রামদেবের	r a m d e b e r	native
রামদোউড়	r a m d O u r	native
রামধনু	r a m dh O n u	native
রামধানা	r a m dh a n a	native
রামনগর	r a m n o g O r	native
রামনবমি	r a m n o b O m i	native
রামনরেশ	r a m n o r e sh	native
রামনা	r a m n a	native
রামনাথপুর	r a m n a th o p u r	native
রামনাবাদ	r a m n a b a d	native
রামনারায়ন	r a m n a r a y o n	native
রামপল	r a m p o l	native
রামপলের	r a m p o l e r	native
রামপাল	r a m p a l	native
রামপালে	r a m p a l e	native
রামপালের	r a m p a l e r	native
রামপাশা	r a m p a sh a	native
রামপুর	r a m p u r	native
রামপুরহাট	r a m p u r h a T	native
রামপুরা	r a m p u r a	native
রামপুরার	r a m p u r a r	native
রামপুরাসহ	r a m p u r a sh o h O	native
রামপুরায়	r a m p u r a y	native
রামপ্রসাদ	r a m pr O sh a d	native
রামবরন	r a m b o r o n	native
রামবিলাস	r a m b i l a sh	native
রামভক্ত	r a m bh o kt O	native
রামমন্দির	r a m m o nd i r	native
রামমোহন	r a m m O h O n	native
রামরাজত্ব	r a m r a j O t t O	tatsama
রামরাজ্য	r a m r a j j O	native
রামরামা	r a m r a m a	native
রামরু	r a m r u	native
রামরুর	r a m r u r	native
রামলালা	r a m l a l a	native
রামলিলা	r a m l i l a	native
রামশাকাজিপুর	r a m sh a k a j i p u r	native
রামশালিক	r a m sh a l i k	native
রামশিংা	r a m o sh i ng g a	native
রামশিল	r a m sh i l	native
রামশিলের	r a m sh i l e r	native
রামশ্রি	r a m sh r i	native
রামসফেল্ড	r a m s ph e l D	proper_noun
রামসফেল্ডের	r a m s ph e l D e r	proper_noun
রামসাগর	r a m sh a g o r	native
রামসার	r a m sh a r	native
রামসুন্দর	r a m sh u nd O r	native
রামা	r a m a	native
রামাইত	r a m a i t	native
রামাদান	r a m a d a n	native
রামাদি	r a m a d i	native
রামাদিতে	r a m a d i t e	native
রামাদির	r a m a d i r	native
রামানায়েকে	r a m a n a y e k e	native
রামানুজ	r a m a n u j	native
রামারবাগ	r a m a r b a g	native
রামালহো	r a m a l h O	native
রামালহোকে	r a m a l h O k e	native
রামালহোর	r a m a l h O r	native
রামাল্লা	r a m a l l a	native
রামাল্লায়	r a m a l l a y	native
রামায়ন	r a m a y O n	native
রামায়নকার	r a m a y O n k a r	native
রামায়নের	r a m a y n e r	native
রামি	r a m i	native
রামিজ	r a m i j	native
রামিন	r a m i n	native
রামিম	r a m i m	native
রামিরেস	r a m i r e sh	native
রামিরেসের	r a m i r e sh e r	native
রামু	r a m u	native
রামুতে	r a m u t e	native
রামুর	r a m u r	native
রামেক	r a m e k	native
রামেন্দ্র	r a m e ndr o	native
রামের	r a m e r	native
রামেরকান্দা	r a m e r k a nd a	native
রামেরডাংগা	r a m e r D a ng g a	native
রামেশ	r a m e sh	native
রামেশ্বর	r a m e sh sh o r	tatsama
রামেশ্বরম	r a m e sh sh o r o m	tatsama
রামেশ্বরমে	r a m e sh sh o r o m e	tatsama
রামোন	r a m O n	native
রামোস	r a m O sh	native
রামোসকে	r a m O sh k e	native
রামোসের	r a m O sh e r	native
রাম্তনু	r a m t o n u	native
রাম্দ	r a m d	native
রাম্বুটানের	r a mb u T a n e r	loanword
রার	r a r	native
রালফ	r a l ph o	native
রালেগাও	r a l e g a O	native
রাশ	r a sh	native
রাশভারি	r a sh bh a r i	native
রাশমিন	r a sh m i n	native
রাশা	r a sh a	native
রাশাদ	r a sh a d	native
রাশান	r a sh a n	native
রাশিং	r a sh i ng	native
রাশিকে	r a sh i k e	native
রাশিগত	r a sh i g o t o	native
রাশিগতভাবেই	r a sh i g o t o bh a b e i	native
রাশিচক্রে	r a sh i ch o kr e	native
রাশিচক্রের	r a sh i ch o kr e r	native
রাশিদ	r a sh i d	native
রাশিদা	r a sh i d a	native
রাশিদার	r a sh i d a r	native
রাশিদুল	r a sh i d u l	native
রাশিদুলকে	r a sh i d u l k e	native
রাশিদুলের	r a sh i d u l e r	native
রাশিফল	r a sh i ph o l	native
রাশির	r a sh i r	native
রাশিশাস্ত্রে	r a sh i sh a st r e	native
রাশিয়া	r a sh i a	native
রাশিয়াও	r a sh i y a O	native
রাশিয়াকে	r a sh i y a k e	native
রাশিয়ান	r a sh i y a n	native
রাশিয়ার	r a sh i a r	native
রাশিয়াসহ	r a sh i y a sh o h O	native
রাশিয়ায়	r a sh i y a y	native
রাশেদ	r a sh e d	native
রাশেদকে	r a sh e d k e	native
রাশেদা	r a sh e d a	native
রাশেদার	r a sh e d a r	native
রাশেদিনের	r a sh e d i n e r	native
রাশেদুজ্জামান	r a sh e d u j j a m a n	compound
রাশেদুর	r a sh e d u r	native
রাশেদুল	r a sh e d u l	native
রাশেদুলকে	r a sh e d u l k e	native
রাশেদুলের	r a sh e d u l e r	native
রাশেদের	r a sh e d e r	native
রাশ্ট্র	r a sh T r O	loanword
রাশ্ট্রই	r a sh T r O i	loanword
রাশ্ট্রও	r a sh T r O O	loanword
রাশ্ট্রকর্মে	r a sh T r o k o r m e	loanword
রাশ্ট্রকাঠামো	r a sh T r o k a Th a m O	loanword
রাশ্ট্রকাঠামোতে	r a sh T r o k a Th a m O t e	loanword
রাশ্ট্রকে	r a sh T r o k e	loanword
রাশ্ট্রকেই	r a sh T r o k e i	loanword
রাশ্ট্রক্ষমতা	r a sh T r o kkh o m o t a	tatsama
রাশ্ট্রক্ষমতার	r a sh T r O kh o m O t a r	tatsama
রাশ্ট্রক্ষমতায়	r a sh T r o kkh o m o t a y	tatsama
রাশ্ট্রগত	r a sh T r o g o t	loanword
রাশ্ট্রগুলো	r a sh T r O g u l O	loanword
রাশ্ট্রগুলোই	r a sh T r o g u l O i	loanword
রাশ্ট্রগুলোকে	r a sh T r O g u l O k e	loanword
রাশ্ট্রগুলোতে	r a sh T r O g u l O t e	loanword
রাশ্ট্রগুলোর	r a sh T r O g u l O r	loanword
রাশ্ট্রজন্ত্র	r a sh T r O j o nt r O	loanword
রাশ্ট্রজন্ত্রকে	r a sh T r o j o nt o r k e	loanword
রাশ্ট্রজন্ত্রে	r a sh T r o j o nt o r e	loanword
রাশ্ট্রজন্ত্রের	r a sh T r O j o nt r e r	loanword
রাশ্ট্রটা	r a sh T r o r T a	loanword
রাশ্ট্রটি	r a sh T r O T i	loanword
রাশ্ট্রটিকে	r a sh T r o T i k e	loanword
রাশ্ট্রটির	r a sh T r O T i r	loanword
রাশ্ট্রদর্শন	r a sh T r o d o r sh o n	loanword
রাশ্ট্রদুত	r a sh T r O d u t	loanword
রাশ্ট্রদুতও	r a sh T r o d u t O	loanword
রাশ্ট্রদুতকে	r a sh T r O d u t k e	loanword
রাশ্ট্রদুতদের	r a sh T r O d u t d e r	loanword
রাশ্ট্রদুতরা	r a sh T r O d u t r a	loanword
রাশ্ট্রদুতসহ	r a sh T r O d u t sh o h O	loanword
রাশ্ট্রদুতের	r a sh T r O d u t e r	loanword
রাশ্ট্রদুতেরা	r a sh T r o d u t e r a	loanword
রাশ্ট্রদ্রোহ	r a sh T r O d r O h O	loanword
রাশ্ট্রদ্রোহমুলক	r a sh T r o d r O h o m u l o k	loanword
রাশ্ট্রদ্রোহি	r a sh T r O d r O h i	loanword
রাশ্ট্রদ্রোহিতা	r a sh T r o d r O h i t a	loanword
রাশ্ট্রদ্রোহিতার	r a sh T r O d r O h i t a r	loanword
রাশ্ট্রদ্রোহের	r a sh T r O d r O h e r	loanword
রাশ্ট্রধর্ম	r a sh T r O dh o r m O	loanword
রাশ্ট্রধর্মের	r a sh T r o dh o r m e r	loanword
রাশ্ট্রনায়ক	r a sh T r o n a y o k	loanword
রাশ্ট্রনায়কদের	r a sh T r o n a y o k d e r	loanword
রাশ্ট্রনায়কের	r a sh T r o n a y o k e r	loanword
রাশ্ট্রনায়কেরা	r a sh T r o n a y o k o r a	loanword
রাশ্ট্রনায়কোচিত	r a sh T r o n a y o k O ch i t	loanword
রাশ্ট্রনিজুক্ত	r a sh T r O n i j u kt O	loanword
রাশ্ট্রনিতি	r a sh T r o n i t i	loanword
রাশ্ট্রনিতির	r a sh T r o n i t i r	loanword
রাশ্ট্রনিয়ন্ত্রিত	r a sh T r o n i y o nt i r t o	loanword
রাশ্ট্রনিয়োজিত	r a sh T r o n i y O j i t o	loanword
রাশ্ট্রনেতা	r a sh T r o n e t a	loanword
রাশ্ট্রনেতাদের	r a sh T r o n e t a d e r	loanword
রাশ্ট্রপ	r a sh T r O p	loanword
রাশ্ট্রপক্ষ	r a sh T r O p o kkh O	tatsama
রাশ্ট্রপক্ষও	r a sh T r O p O kkh O	tatsama
রাশ্ট্রপক্ষকে	r a sh T r O p o kkh O k e	tatsama
রাশ্ট্রপক্ষে	r a sh T r o p o kkh e	tatsama
রাশ্ট্রপক্ষের	r a sh T o r p o kkh e r	tatsama
রাশ্ট্রপতি	r a sh T r O p O t i	loanword
রাশ্ট্রপতিই	r a sh T r o p o t i i	loanword
রাশ্ট্রপতিও	r a sh T r O p O t i O	loanword
রাশ্ট্রপতিকে	r a sh T r O p O t i k e	loanword
রাশ্ট্রপতিকেই	r a sh T r o p o t i k e i	loanword
রাশ্ট্রপতির	r a sh T r o p o t i r	loanword
রাশ্ট্রপতিরা	r a sh T o r p o t i r a	loanword
রাশ্ট্রপতিশাসিত	r a sh T r o p o t i sh a sh i t o	loanword
রাশ্ট্রপরিচালনার	r a sh T r o p o r i ch a l o n a r	loanword
রাশ্ট্রপরিচালনায়	r a sh T r o p o r i ch a l o n a y	loanword
রাশ্ট্রপুঞ্জের	r a sh T r O p u n j e r	loanword
রাশ্ট্রপে	r a sh T r O p e	loanword
রাশ্ট্রপ্রধান	r a sh T r O pr O dh a n	loanword
রাশ্ট্রপ্রধানকে	r a sh T r o p o r dh a n k e	loanword
রাশ্ট্রপ্রধানদের	r a sh T r O pr O dh a n d e r	loanword
রাশ্ট্রপ্রধানরা	r a sh T r O pr O dh a n r a	loanword
রাশ্ট্রপ্রধানসহ	r a sh T r o p o r dh a n sh o h O	loanword
রাশ্ট্রপ্রধানের	r a sh T r O pr O dh a n e r	loanword
রাশ্ট্রপ্রধানেরা	r a sh T r o p o r dh a n e r a	loanword
রাশ্ট্রবিজ্ঞান	r a sh T r O b i g g a n	tatsama
রাশ্ট্রবিজ্ঞানি	r a sh T r O b i g g a n i	tatsama
রাশ্ট্রবিজ্ঞানিরা	r a sh T r o b i g g a n i r a	tatsama
রাশ্ট্রবিজ্ঞানে	r a sh T r O b i g g a n e	tatsama
রাশ্ট্রবিজ্ঞানের	r a sh T r O b i g g a n e r	tatsama
রাশ্ট্রবিরোধি	r a sh T r O b i r O dh i	loanword
রাশ্ট্রব্যবস্থা	r a sh T r O b A b O sth a	loanword
রাশ্ট্রব্যবস্থাই	r a sh T r o b o sth a i	loanword
রাশ্ট্রব্যবস্থার	r a sh T r O b A b O sth a r	loanword
রাশ্ট্রব্যবস্থায়	r a sh T r j o b o sth a y	loanword
রাশ্ট্রভাশা	r a sh T r O bh a sh a	loanword
রাশ্ট্রভাশার	r a sh T r O bh a sh a r	loanword
রাশ্ট্রমালিকানাধিন	r a sh T r O m a l i k a n a dh i n	loanword
রাশ্ট্রশক্তি	r a sh T r O sh O kt i	loanword
রাশ্ট্রশক্তির	r a sh T r O sh O kt i r	loanword
রাশ্ট্রসমুহ	r a sh T r o sh o m u h o	loanword
রাশ্ট্রসমুহে	r a sh T r o sh o m u h e r	loanword
রাশ্ট্রহিন	r a sh T r O h i n	loanword
রাশ্ট্রাচার	r a sh T r o r ch a r	loanword
রাশ্ট্রাচারের	r a sh T r o ch a r e r	loanword
রাশ্ট্রায়ত্ত	r a sh T r a y O tt O	loanword
রাশ্ট্রায়ত্তকরন	r a sh T r a y tt o k o r n o	loanword
রাশ্ট্রায়াত্ত	r a sh T r a y a tt o	loanword
রাশ্ট্রিক	r a sh T r i k	loanword
রাশ্ট্রিয়	r a sh T r i O	loanword
রাশ্ট্রিয়ভাবে	r a sh T r i y o bh a b e	loanword
রাশ্ট্রে	r a sh T r e	loanword
রাশ্ট্রেই	r a sh T r e r i	loanword
রাশ্ট্রেও	r a sh T r e r O	loanword
রাশ্ট্রের	r a sh T r e r	loanword
রাশ্ট্রেরই	r a sh T r e r i	loanword
রাশ্ট্রেরও	r a sh T r e r O	loanword
রাস	r a sh	native
রাসকিন	r a sh k i n	native
রাসন	r a sh O n	native
রাসনা	r a sh n a	native
রাসনৃত্য	r a sh n ri t t o	tatsama
রাসভ	r a bh	native
রাসমনি	r a sh m O n i	native
রাসমনির	r a sh m o n i r	native
রাসমুসেন	r a sh o m u sh e n	native
রাসমুসেনের	r a sh o m u sh e n e r	native
রাসলিলা	r a sh l i l a	native
রাসলিলায়	r a sh o l i l a y	native
রাসা	r a sh a	native
রাসায়নিকটি	r a sh a y n i k	native
রাসায়নিকের	r a sh a y n i k e r	native
রাসিক	r a sh i k	native
রাসিকের	r a sh i k e r	native
রাসু	r a sh u	native
রাসুর	r a sh u r	native
রাসুল	r a sh u l	native
রাসুলকে	r a sh u l k e	native
রাসুলগন	r a sh u l g o n	native
রাসুলদের	r a sh u l d e r	native
রাসুলুল্লাহ	r a sh u l u l l a h	native
রাসুলে	r a sh u l e	native
রাসুলের	r a sh u l e r	native
রাসেক	r a sh e k	native
রাসেদ	r a sh e d	native
রাসেদুল	r a sh e d u l	native
রাসেলই	r a sh e l i	native
রাসেলও	r a sh e l O	native
রাসেলকে	r a sh e l k e	native
রাসেলসহ	r a sh e l sh o h O	native
রাসেলের	r a sh e l e r	native
রাসেলেরও	r a sh e l e r o O	native
রাস্কেল	r a s k e l	loanword
রাস্টিক	r a s T i k	loanword
রাস্তা	r a st a	native
রাস্তাই	r a st a i	native
রাস্তাও	r a st a O	native
রাস্তাকে	r a st a k e	native
রাস্তাগুলো	r a st a g u l O	native
রাস্তাগুলোকে	r a st a g u l O k e	native
রাস্তাগুলোয়	r a st a g u l O y	native
রাস্তাঘাট	r a st a gh a T	native
রাস্তাঘাটও	r a st a gh a T O	native
রাস্তাঘাটগুলো	r a st a gh a T g u l O	compound
রাস্তাঘাটসহ	r a st a gh a T sh o h O	native
রাস্তাঘাটে	r a st a gh a T e	native
রাস্তাঘাটের	r a st a gh a T e r	native
রাস্তাজুড়ে	r a st a j u r e	native
রাস্তাটা	r a st a T a	native
রাস্তাটার	r a st a T a r	native
রাস্তাটি	r a st a T i	native
রাস্তাটিতে	r a st a T i t e	native
রাস্তাটুকুর	r a st a T u k u r	native
রাস্তাতেই	r a st a t e i	native
রাস্তাতেও	r a st a t e O	native
রাস্তান	r a st a n	native
রাস্তার	r a st a r	native
রাস্তাসংলগ্ন	r a st a sh o ng l o g n o	native
রাস্তাসহ	r a st a sh o h O	native
রাস্তায়	r a st a y o	native
রাস্তায়ই	r a st a y i	native
রাস্তায়ও	r a st a y o O	native
রাস্না	r a sn a	native
রাহনুমা	r a h n u m a	native
রাহমাতুল্লাহ	r a h m a t u l l a h	native
রাহমাতুল্লিল	r a h m a t u l l i l	native
রাহমান	r a h m a n	native
রাহমানকে	r a h m a n k e	native
রাহমানি	r a h m a n i	native
রাহমানির	r a h m a n i r	native
রাহমানের	r a h m a n e r	native
রাহা	r a h a	native
রাহাগির	r a h a g i r	native
রাহাজানি	r a h a j a n i	native
রাহাজানির	r a h a j a n i r	native
রাহাজানিসহ	r a h a j a n i sh o h O	native
রাহাত	r a h a t	native
রাহাতের	r a h a t e r	native
রাহানে	r a h a n e	native
রাহানেকে	r a h a n e k e	native
রাহানের	r a h a n e r	native
রাহার	r a h a r	native
রাহি	r a h i	native
রাহিজা	r a h i j a	native
রাহিত্য	r a h i t t O	native
রাহিদ	r a h i d o	native
রাহিদুল	r a h i d u l	native
রাহিদুলকে	r a h i d u l k e	native
রাহিদুলের	r a h i d u l e r	native
রাহিম	r a h i m	native
রাহিমরোজার	r a h i m r O j a r	native
রাহিমা	r a h i m a	native
রাহিমের	r a h i m e r	native
রাহির	r a h i r	native
রাহিল	r a h i l	native
রাহু	r a h u	native
রাহুগ্রাস	r a h u gr a sh	native
রাহুগ্রাসে	r a h u gr a sh e	native
রাহুজান	r a h u j a n	native
রাহুত	r a h u t	native
রাহুর	r a h u r	native
রাহুল	r a h u l	native
রাহুলও	r a h u l O	native
রাহুলকে	r a h u l k e	native
রাহুলের	r a h u l e r	native
রাহেনুল	r a h e n u l	native
রাহেলা	r a h e l a	native
রাহেলাকে	r a h e l a k e	native
রাহেলার	r a h e l a r	native
রাৎি	r a t i	native
রাড়ি	r a r i	native
রায়ই	r a y i	native
রায়ও	r a y O	native
রায়কা	r a y k a	native
রায়কালি	r a y k a l i	native
রায়কে	r a y k e	native
রায়কেও	r a y k e O	native
রায়গঞ্জ	r a y g o n j o	native
রায়গঞ্জে	r a y g o n j e	native
রায়গুলো	r a y g o u l O	native
রায়গুলোর	r a y g u l O r	native
রায়গ্রাম	r a y gr a m	native
রায়চাদ	r a y ch a d	native
রায়চোউধুরি	r a y ch O u dh u r i	native
রায়চোউধুরির	r a y ch O u dh u r i r	native
রায়ট	r a y O T	loanword
রায়টা	r a y T a	native
রায়টি	r a y T i	native
রায়টিই	r a y T i i	native
রায়টিকে	r a y T i k e	native
রায়টির	r a y T i r	native
রায়দানকারি	r a y d a n k a r i	native
রায়দানের	r a y d a n e r	native
রায়দের	r a y d e r	native
রায়নগর	r a y n o g o r	native
রায়নগরে	r a y n o g o r e	native
রায়না	r a y n a	native
রায়নাও	r a y n a O	native
রায়নাকে	r a y n a k e	native
রায়নাদের	r a y n a d e r	native
রায়নার	r a y n a r	native
রায়পাড়া	r a y p a r a	native
রায়পুর	r a y p u r	native
রায়পুরা	r a y p u r a	native
রায়পুরার	r a y p u r a r	native
রায়পুরায়	r a y p u r a y	native
রায়পুরে	r a y p u r e	native
রায়পুরের	r a y p u r e r	native
রায়বাঘিনি	r a y b a gh i n i	native
রায়বার	r a y b a r	native
রায়বাশ	r a y b a sh	native
রায়বাস	r a y b a sh	loanword
রায়বেরিলি	r a y b e r i l i	native
রায়বেশে	r a y b e sh e	native
রায়মংগল	r a y m o ng g o l	native
রায়সহ	r a y sh o h O	native
রায়সাহেব	r a y sh a h e b	native
রায়হান	r a y h a n	native
রায়হানকে	r a y h a n k e	native
রায়হানপুর	r a y h a n p u r	native
রায়হানসহ	r a y h a n sh o h O	native
রায়হানা	r a y h a n a	native
রায়হানুল	r a y h a n u l	native
রায়হানের	r a y h a n e r	native
রায়ান	r a y a n	native
রায়ানস	r a y a n sh	native
রায়ানের	r a y a n e r	native
রায়ে	r a y e	native
রায়েই	r a y e i	native
রায়েও	r a y e O	native
রায়েন্দা	r a y e nd a	native
রায়ের	r a y e r	native
রায়েরও	r a y e r O	native
রায়েরবাগ	r a y e r b a g	native
রায়েরবাগে	r a y e r b a g e	native
রায়েরবাজার	r a y e r b a j a r	native
রায়েরবাজারে	r a y e r b a j a r e	native
রায়েরবাজারের	r a y e r b a j a r e r	native
রায়ো	r a y O	native
রায়–রায়া	r a y r a y a	native
রি	r i	native
রিংকি	r i ng k i	native
রিংকু	r i ng k u	native
রিংকুর	r i ng k u r	native
রিংগো	r i ng g O	native
রিংটোনে	r i ng T O n e	loanword
রিংবাধ	r i ng b a dh	native
রিংরোড	r i ng r O D	loanword
রিংরোডে	r i ng r O D e	loanword
রিংস	r i ng sh	native
রিংসের	r i ng sh e r	native
রিংয়ে	r i ng y e	native
রিংয়ের	r i ng y e r	native
রিঅ্যাকটিভ	r i e j a k T i bh	loanword
রিঅ্যাকশন	r i e j a k sh o n	loanword
রিঅ্যাক্টর	r i e j a k T o r	loanword
রিওর	r i O r	native
রিক	r i k	native
রিকগনিশন	r i k o g n i sh o n	native
রিকনসিলিয়েশন	r i k o n sh i l i y e sh o n	native
রিকন্ডিশন	r i k o n D i sh O n	loanword
রিকন্ডিশন্ড	r i k o n D i sh O n D	loanword
রিকন্সিলিয়েশন	r i k o n s i l i y e sh o n	loanword
রিকভার	r i k o bh a r	native
রিকভারি	r i k o bh a r i	native
রিকভারির	r i k o bh a r i r	native
রিকল	r i k o l	native
রিকলমে	r i k o l m e	native
রিকশাও	r i k sh a O	native
রিকশাওয়ালা	r i k sh a O y a l a	native
রিকশাওয়ালাকে	r i k sh a O y a l a k e	native
রিকশাওয়ালাদের	r i k sh a O y a l a d e r	compound
রিকশাওয়ালার	r i k sh a O y a l a r	native
রিকশাওয়ালারা	r i k sh a O y a l a r a	native
রিকশাকে	r i k sh a k e	native
রিকশাগুলো	r i k sh a g u l O	native
রিকশাচালক	r i k sh a ch a l O k	native
রিকশাচালককে	r i k sh a ch a l o k k e	native
রিকশাচালকদের	r i k sh a ch a l o k d e r	native
রিকশাচালকসহ	r i k sh a ch a l o k sh o h O	native
রিকশাচালকের	r i k sh a ch a l O k e r	native
রিকশাচালকেরা	r i k sh a ch a l O k e r a	native
রিকশাচিত্রের	r i k sh a ch i t t e r	native
রিকশাজাত্রি	r i k sh a j a tr i	native
রিকশাজোগে	r i k sh a j O g e	native
রিকশাটা	r i k sh a T a	native
রিকশাটি	r i k sh a T i	native
রিকশাটিকে	r i k sh a T i k e	native
রিকশাভাড়া	r i k sh a bh a r a	native
রিকশাভ্যানকে	r i k sh a bh A n k e	native
রিকশাভ্যানে	r i k sh a bh A n e	native
রিকশাভ্যানের	r i k sh a bh A n e r	native
রিকশার	r i k sh a r	native
রিকশারোহি	r i k sh a r O h i	native
রিকশাশ্রমিক	r i k sh a sh r o m i k	native
রিকশাসহ	r i k sh a sh o h O	native
রিকশায়	r i k sh a y	native
রিকস	r i k sh	native
রিকসা	r i k sh a	native
রিকা	r i k a	native
রিকাত	r i k a t	native
রিকাবিবাজার	r i k a b i b a j a r	native
রিকার্ডো	r i k a r D O	loanword
রিকার্দো	r i k a r d O	native
রিকাের	r i k a r	native
রিকি	r i k i	native
রিকুইজিশন	r i k u i j i sh o n	native
রিকুইজিশনের	r i k u i j i sh o n e r	native
রিকেট	r i k e T	loanword
রিকেটস	r i k e T sh	loanword
রিকেল	r i k e l	native
রিকেলমে	r i k e l m e	native
রিকেলমেকে	r i k e l m e k e	native
রিকেলমের	r i k e l m e r	native
রিকেলের	r i k e l e r	native
রিকো	r i k O	native
রিকোর	r i k O r	native
রিকোয়েস্ট	r i k O y e sh T	loanword
রিক্কিও	r i k k i O	native
রিক্ত	r i kt O	native
রিক্তা	r i kt a	native
রিক্তাকে	r i kt a k e	native
রিক্রিয়েশন	r i kr i y e sh o n	native
রিক্রুট	r i kr u T	loanword
রিক্রুটমেন্ট	r i kr u T m e n T	loanword
রিক্সন	r i k s o n	loanword
রিক্সা	r i k s a	loanword
রিক্সাওয়ালার	r i k s a O y a l a r	loanword
রিক্সাচালক	r i k s a ch a l O k	loanword
রিকয়ারমেন্ট	r i k o y a r m e n T	loanword
রিখটার	r i kh T a r	proper_noun
রিগ	r i g	native
রিগটি	r i g T i	native
রিগন	r i g n o	native
রিগান	r i g a n	native
রিগে	r i g e	native
রিগের	r i g e r	native
রিগ্বেদের	r i g b e d e r	native
রিগ্যান	r i g a n	native
রিগ্যানের	r i g a n e r	native
রিচম্যান	r i ch m A n	native
রিচা	r i ch a	native
রিচার্জ	r i ch a r j	native
রিচার্জে	r i ch a r j e	native
রিচার্জেবল	r i ch a r j e b o l	native
রিচার্জের	r i ch a r j e r	native
রিচার্ট	r i ch a r T	native
রিচার্ড	r i ch a r D	proper_noun
রিচার্ডস	r i ch a r D sh	proper_noun
রিচার্ডসকে	r i ch a r D sh k e	proper_noun
রিচার্ডসনকে	r i ch a r D s o n k e	proper_noun
রিচার্ডসনের	r i ch a r D sh o n e r	proper_noun
রিচার্ডসের	r i ch a r D sh e r	proper_noun
রিচার্ডের	r i ch a r D e r	proper_noun
রিচার্স	r i ch a r sh	native
রিচি	r i ch i	native
রিচিকে	r i ch i k e	native
রিচির	r i ch i r	native
রিজওয়ান	r i j O y a n	native
রিজওয়ানা	r i j O y a n a	native
রিজওয়ানুল	r i j O y a n u l	native
রিজওয়ানের	r i j o O y a n e r	native
রিজক	r i j o k	native
রিজন	r i j o n	native
রিজনিং	r i j O n i ng	native
রিজনেবল	r i j n e b o l	native
রিজভি	r i j bh i	native
রিজভিও	r i j bh i O	native
রিজভিকে	r i j bh i k e	native
রিজভির	r i j bh i r	native
রিজভিসহ	r i j bh i sh o h O	native
রিজাইন	r i j a i n	native
রিজাউল	r i j a u l	native
রিজান	r i j a n	native
রিজারভেশন	r i j a r bh e sh O n	native
রিজার্ভ	r i j a r bh	native
রিজার্ভও	r i j a r bh e O	native
রিজার্ভকে	r i j a r bh k e	native
রিজার্ভার	r i j a r bh a r	native
রিজার্ভারের	r i j a r bh O r	native
রিজার্ভে	r i j a r bh e	native
রিজার্ভেশন	r i j a r bh e sh O n	native
রিজাল	r i j a l	native
রিজিওন	r i j i O n	native
রিজিক	r i j i k	native
রিজিকদাতা	r i j i k d a t a	native
রিজিকের	r i j i k e r	native
রিজিয়ন	r i j i y o n	native
রিজিয়া	r i j i y a	native
রিজুর	r i j u r	native
রিজেন্ট	r i j e n T	loanword
রিজেন্টস	r i j e n T s	loanword
রিঝি	r i jh i	native
রিটই	r i T i	loanword
রিটকারি	r i T k a r i	loanword
রিটকারিদের	r i T k a r i d e r	loanword
রিটকারির	r i T k a r i r	loanword
রিটকারিরা	r i T k a r i r a	loanword
রিটগুলো	r i T g u l O	loanword
রিটগুলোর	r i T g u l O r	loanword
রিটটি	r i T T i	loanword
রিটটির	r i T T i r	loanword
রিটন	r i T o n	native
রিটানিং	r i T a n i ng	loanword
রিটার্ন	r i T a r n	loanword
রিটার্নও	r i T a r n O	loanword
রিটার্নিং	r i T a r n i ng	loanword
রিটার্নে	r i T a r n e	loanword
রিটার্নের	r i T a r n e r	loanword
রিটায়ার্ড	r i T a y a r D e	loanword
রিটুইট	r i T u i T	loanword
রিটে	r i T e	loanword
রিটেই	r i T e i	loanword
রিটেইনার	r i T e i n a r	loanword
রিটেইল	r i T e i l	loanword
রিটেইলার	r i T e i l a r	loanword
রিটেক	r i T e k	loanword
রিটের	r i T e r	loanword
রিটেল	r i T e l	loanword
রিট্রিট	r i T r i k	loanword
রিঠা	r i Th a	native
রিড	r i D	loanword
রিডকে	r i D k e	loanword
রিডলে	r i D l e	native
রিডাকশন	r i D a k sh O n	loanword
রিডার	r i D a r	loanword
রিডারটি	r i D a r T i	loanword
রিডারদের	r i D a r d e r	loanword
রিডারের	r i D a r e r	loanword
রিডার্স	r i D a r s	loanword
রিডিং	r i D i ng	loanword
রিডেবল	r i D e b O l	loanword
রিডের	r i D e r	loanword
রিডেল	r i D e l	native
রিতা	r i t a	native
রিতার	r i t a r	native
রিতাল	r i t a l	native
রিতিও	r i t i O	native
রিতিকে	r i t i k e	native
রিতিটা	r i t i T a	native
রিতিটি	r i t i T i	native
রিতিতে	r i t i t e	native
রিতিনিতি	r i t i n i t i	native
রিতিনিতিতে	r i t i n i t i t e	native
রিতিনিতির	r i t i n i t i r	native
রিতিনিতিরও	r i t i n i t i r O	native
রিতিবহির্ভুত	r i t i b o h i r bh u t o	native
রিতিমত	r i t i m o t O	native
রিতিমতো	r i t i m o t O	native
রিতিমাফিক	r i t i m a ph i k	native
রিতির	r i t i r	native
রিতুতেই	r i t u t e i	native
রিতুভিত্তিক	r i t u bh i tt i k	native
রিতুভেদে	r i t u bh e d e	native
রিতুস্রাব	r i t u sh r a b	native
রিতেশ	r i t e sh	native
রিত্বিকা	r i t t i k a	tatsama
রিত্বিকের	r i t t i k e r	tatsama
রিত্রুদ্ধটিং	r i tr u d dh o T i ng	tatsama
রিদম	r i d O m	native
রিদুয়ান	r i d u y a n	native
রিদ্ধি	r i d dh i	tatsama
রিদ্ধির	r i d dh i r	tatsama
রিদ্মিক	r i d m i k	tatsama
রিধিমান	r i dh i m a n	native
রিনা	r i n a	native
রিনাকে	r i n a k e	native
রিনার	r i n a r	native
রিনিউ	r i n i u	native
রিনিউয়াল	r i n i u y a l	native
রিনিউয়েবল	r i n i u y e b o l	native
রিনিঝিনি	r i n i jh i n i	native
রিন্টু	r i n T u	native
রিন্টুর	r i n T u r	native
রিন্তি	r i nt i	native
রিপ	r i p	native
রিপন	r i p O n	native
রিপনকে	r i p o n k e	native
রিপনসহ	r i p o n sh o h O	native
রিপনের	r i p o n e r	native
রিপা	r i p a	native
রিপাকে	r i p a k e	native
রিপাবলিক	r i p a b l i k	native
রিপাবলিকা	r i p a b l i k a	native
রিপাবলিকান	r i p a b l i k a n	native
রিপাবলিকানদলিয়	r i p a b l i k a n d o l i y o	compound
রিপাবলিকানরা	r i p a b l i k a n r a	native
রিপাবলিকানরাই	r i p a b l i k a n r a i	compound
রিপাবলিকে	r i p a b l i k e	native
রিপাবলিকের	r i p a b l i k e r	native
রিপার	r i p a r	native
রিপিট	r i p i T	loanword
রিপিটার	r i p i T a r	loanword
রিপিল	r i p i l	native
রিপু	r i p u	native
রিপুগুলোকে	r i p u g u l O k e	native
রিপুর	r i p u r	native
রিপুসমুহকে	r i p u sh m u h o k e	native
রিপেয়ার	r i p e y a r	native
রিপোটার্স	r i p O T a r s	loanword
রিপোর্টই	r i p O r T i	loanword
রিপোর্টও	r i p O r T O	loanword
রিপোর্টকে	r i p O r T k e	loanword
রিপোর্টগুলো	r i p O r T g u l O	loanword
রিপোর্টটা	r i p O r T T a	loanword
রিপোর্টটিকে	r i p O r T T i k e	loanword
রিপোর্টস	r i p O r T s	loanword
রিপোর্টার	r i p O r T a r	loanword
রিপোর্টারদের	r i p O r T a r d e r	loanword
রিপোর্টাররা	r i p O r T a r r a	loanword
রিপোর্টারস	r i p O r T a r s	loanword
রিপোর্টারের	r i p O r T a r e r	loanword
রিপোর্টার্স	r i p O r T a r s	loanword
রিপোর্টিংয়ে	r i p O r T i ng y e	loanword
রিপোর্টিংয়ের	r i p O r T i ng y e r	loanword
রিপোর্টে	r i p O r T e	loanword
রিপোর্টেও	r i p O r T e O	loanword
রিপ্রেজেন্টেটিভ	r i pr e j e n T e T i bh	compound
রিপ্লাই	r i p l a i	loanword
রিপ্লেতে	r i p l e t e	loanword
রিপ্লের	r i p l e r	loanword
রিপ্লেসমেন্ট	r i p l e s m e n T	loanword
রিপ্লেসমেন্টের	r i p l e s m e n T e r	loanword
রিফ	r i ph	native
রিফকিন্ড	r i ph k i n D	proper_noun
রিফট	r i ph T	loanword
রিফর্ম	r i ph o r m	native
রিফর্মস	r i ph ph o r m o sh	native
রিফা	r i ph a	native
রিফাইন	r i ph a i n	native
রিফাইনারস	r i ph a i n a r sh	native
রিফাইনারি	r i ph a i n a r i	native
রিফাইনারিতে	r i ph a i n a r i t e	native
রিফাইনারির	r i ph a i n a r i r	native
রিফাইনার্স	r i ph a i n a r sh	native
রিফাত	r i ph a t	native
রিফাতের	r i ph a t e r	native
রিফায়েতপুর	r i ph a y e t p u r	native
রিফিউজি	r i ph i u j i	native
রিফিউজিস	r i ph i u j i sh	native
রিফিল	r i ph i l	native
রিফ্রাক্টরিজ	r i ph a r k T o r i j	loanword
রিফ্রেশ	r i ph r e sh	loanword
রিফ্লেক্স	r i ph l e k s	loanword
রিবন	r i b O n	native
রিবন্ডিং	r i b o n D i ng	loanword
রিবা	r i b a	native
রিবাউন্ড	r i b a u n D	loanword
রিবেইরো	r i b e i r O	native
রিবেরি	r i b e r i	native
রিবেরিই	r i b e r i i	native
রিবেরিকে	r i b e r i k e	native
রিবেরির	r i b e r i r	native
রিভ	r i bh	native
রিভলবার	r i bh o l b a r	native
রিভলবারটি	r i bh o l b a r T i	loanword
রিভলবারসহ	r i bh o l o b a r sh o h O	native
রিভলবারের	r i bh o l b a r e r	native
রিভলভার	r i bh o l bh a r	native
রিভলভিং	r i bh o l bh i ng	native
রিভস	r i bh o sh	native
রিভসের	r i bh sh e r	native
রিভাইটালাইজেশন	r i bh a i T a l a i j e sh o n	compound
রিভারভিউ	r i bh a r bh i u	native
রিভারসাইড	r i bh a r s a i D	loanword
রিভারাইন	r i bh a r a i n	native
রিভালদো	r i bh a l d O	native
রিভালদোর	r i bh a l d O r	native
রিভিউইং	r i bh i u i ng	native
রিভিউতে	r i bh i u t e	native
রিভিউয়ের	r i bh i u y e r	native
রিভিশনের	r i bh i sh o n e r	native
রিভে	r i bh e	native
রিভেঞ্জ	r i bh e n j	native
রিভের	r i bh e r	native
রিভেরা	r i bh e r a	native
রিভেরোস	r i bh e r O sh	native
রিম	r i m	native
রিমঝিম	r i m jh i m	native
রিমন	r i m O n	native
রিমনের	r i m O n e r	native
রিমা	r i m a	native
রিমাইন্ডার	r i m a i n D a r	loanword
রিমাইন্ডারঃ	r i m a i n D a r	tatsama
রিমাইন্ডারগুলো	r i m a i n D a r g u l O	compound
রিমাইন্ডারটি	r i m a i n D a r T i	loanword
রিমাকে	r i m a k e	native
রিমান্ড	r i m a n D	loanword
রিমান্ডাদেশ	r i m a n D a d e sh	loanword
রিমান্ডে	r i m a n D e	loanword
রিমান্ডেও	r i m a n D e O	loanword
রিমান্ডের	r i m a n D e r	loanword
রিমার	r i m a r	native
রিমি	r i m i	native
রিমিক্স	r i m i k s	loanword
রিমির	r i m i r	native
রিমু	r i m u	native
রিমুভার	r i m u bh a r	native
রিমে	r i m e	native
রিমেইক	r i m e i k	native
রিমেক	r i m e k	native
রিমেম্বার	r i m e mb a r	native
রিমের	r i m e r	native
রিমোট	r i m O T	loanword
রিমোটটা	r i m O T T a	loanword
রিমোটের	r i m O T e r	loanword
রিরংসা	r i r o ng sh a	native
রির্টানিং	r i T a r n i ng	loanword
রিল	r i l	native
রিলাক্সড	r i l a k s o D	loanword
রিলাক্সেশন	r i l a k s e sh n	loanword
রিলায়ান্স	r i l a y a n s	loanword
রিলায়েন্স	r i l a y a n s	loanword
রিলায়েন্সের	r i l a y a n s e r	loanword
রিলিং	r i l i ng	native
রিলিজ	r i l i j	native
রিলিজিয়ন	r i l i j i y o n	native
রিলিফ	r i l i ph	native
রিলিফের	r i l i ph e r	native
রিলেটেড	r i l e T e D	loanword
রিলেতে	r i l e t e	native
রিলের	r i l e r	native
রিলেশনস	r i l e sh o n sh	native
রিলেশনসের	r i l e sh o n sh e r	native
রিল্যাক্স	r i l A k s	loanword
রিল্যাক্সড	r i l A k s D	loanword
রিশ	r i sh	native
রিশওত	r i sh o O t	native
রিশকা	r i sh k a	native
রিশতা	r i sh t a	native
রিশাত	r i sh a t	native
রিশিত	r i sh i t	native
রিশে	r i sh e	native
রিস	r i sh	native
রিসকা	r i sh k a	native
রিসাইকেল	r i sh a i k e l	native
রিসাইকেল্ড	r i s a i k e l D	loanword
রিসাইক্লিং	r i sh a i kl i ng	native
রিসাদ	r i sh a d	native
রিসার	r i sh a r	native
রিসার্চ	r i sh a r ch	native
রিসার্চের	r i sh a r ch e r	native
রিসার্স	r i sh a r sh	native
রিসালদার	r i sh a l d a r	native
রিসালা	r i sh a l a	native
রিসালাত	r i sh a l a t	native
রিসি	r i sh i	native
রিসিট	r i s i T	loanword
রিসিন	r i sh i n	native
রিসিভ	r i sh i bh	native
রিসিভড	r i s i bh o D	loanword
রিসিভার	r i sh i bh a r	native
রিসিভারের	r i sh i bh a r e r	native
রিসিভিং	r i sh i bh i ng	native
রিসেট	r i s e T	loanword
রিসেপ	r i sh e p	native
রিসেপশনে	r i sh e p sh o n e	native
রিসেলার	r i sh e l a r	native
রিসোর্ট	r i s O r T	loanword
রিসোর্টে	r i s O r T e	loanword
রিসোর্টের	r i s O r T e r	loanword
রিসোর্সের	r i sh O r sh e r	native
রিসোর্সেস	r i sh O r sh e sh	native
রিস্ট	r i s T	loanword
রিস্টওয়াচ	r i s T O y a ch	loanword
রিস্টব্যান্ড	r i s T b A n D	loanword
রিস্টার্ট	r i s T a r T	loanword
রিস্টেটেড	r i s T e D	loanword
রিস্টোর	r i s T O r	loanword
রিস্যাট	r i s A T	loanword
রিহান	r i h a n	native
রিহানা	r i h a n a	native
রিহানার	r i h a n a r	native
রিহান্না	r i h a nn a	native
রিহাব	r i h a b	native
রিহার্সাল	r i h a r sh a l	native
রিহার্সেল	r i h a r sh e l	native
রিহ্যাব	r i h A b	native
রিহ্যাবকে	r i h A b k e	native
রিহ্যাবসহ	r i h A b sh o h O	native
রিহ্যাবিলিটেশন	r i h A b i l i T e sh o n	compound
রিহ্যাবে	r i h A b e	native
রিহ্যাবের	r i h A b e r	native
রিহ্যাবেরও	r i h A b e r O	native
রিয়ং	r i y o ng	native
রিয়া	r i y a	native
রিয়াকারি	r i y a k a r i	native
রিয়াকে	r i y a k e	native
রিয়াজ	r i y a j	native
রিয়াজউদ্দিন	r i y a j u d d i n	native
রিয়াজকে	r i y a j o k e	native
রিয়াজুদ্দিন	r i y a j u d d i n	native
রিয়াজুর	r i y a j u r	native
রিয়াজুল	r i y a j u l	native
রিয়াজের	r i y a j e r	native
রিয়াদ	r i y a d	native
রিয়াদুল	r i y a d u l	native
রিয়াদে	r i y a d e	native
রিয়াদের	r i y a d e r	native
রিয়ান	r i y a n	native
রিয়ান্না	r i y a nn a	native
রিয়ান্নার	r i y a nn a r	native
রিয়ার	r i y a r	native
রিয়াল	r i a l	native
রিয়ালই	r i y a l i	native
রিয়ালকে	r i y a l k e	native
রিয়ালভিউ	r i y a l bh i u	native
রিয়ালিটি	r i y a l i T i	loanword
রিয়ালে	r i y a l e	native
রিয়ালেই	r i y a l e i	native
রিয়ালের	r i y a l e r	native
রিয়াসাত	r i y a sh a t	native
রিয়েল	r i y e l	native
রিয়েলভিউ	r i y e l bh i u	native
রিয়েলসহ	r i y e l sh o h O	native
রিয়েলিটি	r i y e l i T i	loanword
রু	r u	native
রুইতার	r u i t a r	native
রুইলুই	r u i l u i	native
রুইয়ের	r u i y e r	native
রুইয়েরবিল	r u i y e r b i l	native
রুকনের	r u k O n e r	native
রুকসত	r u k sh o t	native
রুকসানা	r u k sh a n a	native
রুকিন্দিপুর	r u k i nd o p u r i	native
রুক্মিনি	r u k m i n i	native
রুক্ষতা	r u kkh O t a	tatsama
রুক্ষতার	r u kkh o t a r	tatsama
রুখ	r u kh	native
রুখতে	r u kh t e	native
রুখতেই	r u kh t e i	native
রুখবে	r u kh b e	native
রুখলি	r u kh O l i	native
রুখসানা	r u kh sh a n a	native
রুখা	r u kh a	native
রুখে	r u kh e	native
রুখো	r u kh O	native
রুগি	r u g i	native
রুচা	r u ch a	native
রুচি	r u ch i	native
রুচিও	r u ch i O	native
রুচিতে	r u ch i t e	native
রুচিবোধ	r u ch i b O dh	native
রুচিমান	r u ch i m a n	native
রুচির	r u ch i r	native
রুচিরা	r u ch i r a	native
রুচিশিল	r u ch i sh i l	native
রুচিশিলতা	r u ch i sh i l o t a	native
রুচিসম্মত	r u ch i sh o mm o t O	native
রুচিসম্মতভাবে	r u ch i sh o m o m t o bh a b e	compound
রুচিহিন	r u ch i h i n	native
রুচ্য	r u ch ch O	native
রুজ	r u j	native
রুজভেল্টের	r u j bh e l T e r	proper_noun
রুজির	r u j i r	native
রুজু	r u j u	native
রুজুর	r u j u r	native
রুজু–রুজু	r u j u r u j u	native
রুজেল	r u j e l	native
রুট	r u T	loanword
রুটও	r u T O	loanword
রুটগুলো	r u T g u l O	loanword
রুটগুলোতে	r u T g u l O t e	loanword
রুটটির	r u T T i r	loanword
রুটপারমিট	r u T p a r m i T o	loanword
রুটা	r u T a	native
রুটার	r u T a r	loanword
রুটিগুলো	r u T i g u l O	native
রুটিতে	r u T i t e	native
রুটিনটা	r u T i n T a	loanword
রুটিনমাফিক	r u T i n m a ph i k	loanword
রুটিনে	r u T i n e	loanword
রুটিনের	r u T i n e r	loanword
রুটিরুজির	r u T i r u j i r	native
রুটেই	r u T e i	loanword
রুটেও	r u T e O	loanword
রুটের	r u T e r	loanword
রুঠ	r u Th	native
রুড	r u D	loanword
রুডলফ	r u D l o ph	proper_noun
রুডলফের	r u D l o ph e r	proper_noun
রুডি	r u D i	proper_noun
রুডিগার	r u D i g a r	proper_noun
রুত	r u t	native
রুথ	r u th	native
রুদ	r u d	native
রুদি	r u d i	native
রুদিত	r u d i t O	native
রুদেইনা	r u d e i n a	native
রুদ্ধ	r u d dh O	tatsama
রুদ্ধদ্বার	r u d dh O d a r	tatsama
রুদ্ধশ্বাস	r u d dh O sh a sh	tatsama
রুদ্ধশ্বাসে	r u d dh O sh a sh e	tatsama
রুদ্র	r u d r O	native
রুদ্রকর	r u d r o k o r	native
রুদ্রকে	r u d r O k e	native
রুদ্রপুর	r u d r O p u r	native
রুদ্রপ্রসাদ	r u d r o pr o sh a d	native
রুদ্রমুর্তি	r u d r o m u r t i	native
রুদ্ররোশে	r u d r O sh e	native
রুদ্রের	r u d r e r	native
রুধা	r u dh a	native
রুধির	r u dh i r	native
রুনা	r u n a	native
রুনি	r u n i	native
রুনিই	r u n i i	native
রুনিও	r u n i O	native
রুনিকে	r u n i k e	native
রুনির	r u n i r	native
রুনিরা	r u n i r a	native
রুনিসহ	r u n i sh o h O	native
রুনুখালা	r u n u kh a l a	native
রুনুঝুনু	r u n u jh u n u	native
রুনুর	r u n u r	native
রুনুরুনু	r u n u r u n u	native
রুপই	r u p i	native
রুপও	r u p O	native
রুপক	r u p o k	native
রুপকথা	r u p k o th a	native
রুপকথাই	r u p k o th a i	native
রুপকথার	r u p k o th a r	native
রুপকথায়	r u p k o th a y	native
রুপকল্প	r u p O k o l p O	native
রুপকল্পে	r u p k o l p e	native
রুপকল্পের	r u p k o l p e r	native
রুপকার	r u p k a r	native
রুপকে	r u p k e	native
রুপকের	r u p k e r	native
রুপগঞ্জ	r u p g o n j	native
রুপগঞ্জে	r u p g o n j e	native
রুপগঞ্জের	r u p g o n j e r	native
রুপগুলো	r u p g u l O	native
রুপচর্চা	r u p ch o r ch a	native
রুপচর্চার	r u p ch o r ch a r	native
রুপচর্চায়	r u p ch o r ch a y	native
রুপচাদা	r u p ch a d a	native
রুপচাদার	r u p ch a d a r	native
রুপচান	r u p ch a n	native
রুপজান	r u p j a n	native
রুপটা	r u p T a	native
রুপটি	r u p T i	native
রুপটিই	r u p T i i	native
রুপদস্তা	r u p o d o st a	native
রুপদান	r u p d a n	native
রুপদানকারি	r u p d a n k a r i	native
রুপদানে	r u p d a n e	native
রুপদানের	r u p d a n e r	native
রুপদিয়া	r u p d i y a	native
রুপদোন	r u p d O n	native
রুপধন	r u p dh o n	native
রুপন	r u p o n	native
রুপনগর	r u p n o g o r	native
রুপনগরে	r u p n o g o r e	native
রুপপুর	r u p p u r	native
রুপপুরে	r u p p u r e	native
রুপবইচিত্র্য	r u p O b O i ch i tr O	native
রুপবতি	r u p O b O t i	native
রুপবান	r u p b a n	native
রুপবিশেশজ্ঞ	r u p b i sh e sh o g g O	tatsama
রুপবিশেশজ্ঞরা	r u p b i sh e sh o g g O r a	tatsama
রুপম	r u p o m	native
রুপমহল	r u p m o h o l	native
রুপরেখা	r u p r e kh a	native
রুপরেখাও	r u p r e kh a O	native
রুপরেখার	r u p r e kh a r	native
রুপরেখায়	r u p r e kh a y	native
রুপস	r u p o sh	native
রুপসজ্জা	r u p sh o j j a	native
রুপসজ্জাকর	r u p sh o j j a k o r	native
রুপসজ্জার	r u p sh o j j a r	native
রুপসদি	r u p sh o d i	native
রুপসা	r u p sh a	native
রুপসার	r u p sh a r	native
রুপসি	r u p sh i	native
রুপসিপাড়া	r u p sh i p a r a	native
রুপা	r u p a	native
রুপাই	r u p a i	native
রুপাকে	r u p a k e	native
রুপাজয়ি	r u p a j o y i	native
রুপাতলি	r u p a t o l i	native
রুপান্তর	r u p a nt o r	native
রুপান্তরকামি	r u p a nt o r k a m i	native
রুপান্তরজোগ্য	r u p a nt o r j O g g o	compound
রুপান্তরিত	r u p a nt O r i t O	native
রুপান্তরে	r u p a nt O r e	native
রুপান্তরের	r u p a nt o r e r	native
রুপার	r u p a r	native
রুপার্ট	r u p a r T	proper_noun
রুপার্ড	r u p a r D	proper_noun
রুপালি	r u p a l i	native
রুপালিকে	r u p a l i k e	native
রুপাসি	r u p a sh i	native
রুপায়	r u p a y	native
রুপায়ন	r u p a y O n	native
রুপায়নে	r u p a y n e	native
রুপায়নের	r u p a y n e r	native
রুপায়িত	r u p a y i t O	native
রুপিও	r u p i O	native
রুপিত	r u p i t O	native
রুপির	r u p i r	native
রুপিরও	r u p i r O	native
রুপিসহ	r u p i sh o h O	native
রুপিয়া	r u p i y a	native
রুপু	r u p u	native
রুপে	r u p e	native
রুপেই	r u p e i	native
রুপের	r u p e r	native
রুপোপজিবিনি	r u p O p o j i b i n i	native
রুপ্য	r u p p O	native
রুফ	r u ph	native
রুফকে	r u ph k e	native
রুফের	r u ph e r	native
রুবচিচ	r u b ch i ch	native
রুবচিচের	r u b ch i ch e r	native
রুবল	r u b o l	native
রুবহানা	r u b h a n a	native
রুবা	r u b a	native
রুবাইয়া	r u b a i y a	native
রুবাইয়াত	r u b a i y a t	native
রুবাইয়াৎ	r u b a i y a t	native
রুবানা	r u b a n a	native
রুবাব	r u b a b	native
রুবাবা	r u b a b a	native
রুবি	r u b i	native
রুবিও	r u b i O	native
রুবিওর	r u b i O r	native
রুবিকস	r u b i k sh	native
রুবিতা	r u b i t a	native
রুবিন	r u b i n	native
রুবিনা	r u b i n a	native
রুবিনার	r u b i n a r	native
রুবেন	r u b e n	native
রুবেনা	r u b e n a	native
রুবেনার	r u b e n a r	native
রুবেল	r u b e l	native
রুবেলই	r u b e l i	native
রুবেলও	r u b e l O	native
রুবেলকে	r u b e l k e	native
রুবেলদের	r u b e l d e r	native
রুবেলরা	r u b e l r a	native
রুবেলসহ	r u b e l sh o h O	native
রুবেলা	r u b e l a	native
রুবেলের	r u b e l e r	native
রুম	r u m	native
রুমকি	r u m k i	native
রুমকিকে	r u m k i k e	native
রুমকির	r u m k i r	native
রুমগুলো	r u m g u l O	native
রুমন	r u m o n	native
রুমমেটদের	r u m m e T d e r	loanword
রুমমেটরা	r u m m e T r a	loanword
রুমহিটার	r u m h i T a r	loanword
রুমা	r u m a	native
রুমান	r u m a n	native
রুমানা	r u m a n a	native
রুমানাকে	r u m a n a k e	native
রুমানাদের	r u m a n a d e r	native
রুমানার	r u m a n a r	native
রুমানিয়া	r u m a n i y a	native
রুমানিয়ার	r u m a n i y a r	native
রুমার	r u m a r	native
রুমালটি	r u m a l T i	native
রুমালি	r u m a l i	native
রুমালে	r u m a l e	native
রুমি	r u m i	native
রুমিকে	r u m i k e	native
রুমিরা	r u m i r a	native
রুমু	r u m u	native
রুমেই	r u m e i	native
রুমেও	r u m e O	native
রুমেনিগে	r u m e n i g e	native
রুমের	r u m e r	native
রুমেল	r u m e l	native
রুম্মন	r u mm o n	native
রুম্মান	r u mm a n	native
রুম্মানের	r u mm a n e r	native
রুরাল	r u r a l	native
রুরু	r u r u	native
রুল	r u l	native
রুলও	r u l O	native
রুলটানা	r u l T a n a	native
রুলটি	r u l T i	native
রুলস	r u l sh	native
রুলসহ	r u l sh o h O	native
রুলসের	r u l sh e r	native
রুলা	r u l a	native
রুলার	r u l a r	native
রুলিং	r u l i ng	native
রুলিংয়ে	r u l i ng y e	native
রুলে	r u l e	native
রুলের	r u l e r	native
রুশ	r u sh	native
রুশদিকে	r u sh d i k e	native
রুশদির	r u sh d i r	native
রুশদিরকে	r u sh d i r k e	native
রুশদিরের	r u sh d i r e r	native
রুশদের	r u sh d e r	native
রুশনারা	r u sh n a r a	native
রুশনারাকে	r u sh n a r a k e	native
রুশনারার	r u sh n a r a r	native
রুশনি	r u sh n i	native
রুশপন্থি	r u sh p O n th i	native
রুশরা	r u sh r a	native
রুশা	r u sh a	native
রুশানারা	r u sh a n a r a	native
রুশিদান	r u sh i d a n	native
রুশো	r u sh O	native
রুশোকে	r u sh O k e	native
রুশোর	r u sh O r	native
রুশ্ট	r u sh T O	native
রুসমত	r u sh m o t	native
রুসুম	r u sh u m	native
রুসুমাত	r u sh u m a t	native
রুসেফ	r u sh e ph	native
রুসো	r u sh O	native
রুস্তম	r u st o m	native
রুস্তমের	r u st o m e r	native
রুস্তামজি	r u st a m j i	native
রুস্তামজিকে	r u st a m j i k e	native
রুস্তামজির	r u st a m o j i r	native
রুস্তুম	r u st o m	native
রুহ	r u h	native
রুহান	r u h a n	native
রুহানি	r u h a n i	native
রুহানির	r u h a n i r	native
রুহিকে	r u h i k e	native
রুহিতন	r u h i t o n	native
রুহিতপুর	r u h i t p u r	native
রুহিতপুরে	r u h i t p u r e	native
রুহিতা	r u h i t a	native
রুহিন	r u h i n	native
রুহিনা	r u h i n a	native
রুহিয়া	r u h i y a	native
রুহু	r u h u	native
রুহুল	r u h u l	native
রুহুলকে	r u h u l k e	native
রুহুলের	r u h u l e r	native
রুহুল্লাহ	r u h u l l a h	native
রুহের	r u h e r	native
রুহেল	r u h e l	native
রুড়	r u r O	native
রুড়তা	r u r O t a	native
রুড়মুল	r u r O m u l	native
রুড়ি	r u r i	native
রুয়া	r u y a	native
রুয়ান	r u y a n	native
রুয়ান্ডা	r u y a n D a	proper_noun
রুয়ান্ডার	r u y a n D a r	proper_noun
রুয়ান্ডায়	r u y a n D a y	proper_noun
রুয়েট	r u y e T	proper_noun
রুয়েটে	r u y e T e	proper_noun
রুয়েটের	r u y e T e r	proper_noun
রে	r e	native
রেংগুন	r e ng g u n	native
রেইকস	r e i k sh	native
রেইকিয়াভিক	r e i k i y a bh i k	native
রেইড	r e i D	loanword
রেইডার	r e i D a r	loanword
রেইডারকে	r e i D a r k e	loanword
রেইন	r e i n	native
রেইনকোট	r e i n k O T	loanword
রেইনকোটের	r e i n k O T e r	loanword
রেইনট্রিসহ	r e i n T r i sh o h O	loanword
রেইনবো	r e i n b O	native
রেইনা	r e i n a	native
রেইনার	r e i n a r	native
রেইস	r e i sh	native
রেউল	r e u l	native
রেওয়া	r o j a O y a	native
রেওয়াজ	r e O y a j	native
রেওয়াজই	r e O y a j i	native
রেওয়াজও	r e O y a j O	native
রেওয়াজটা	r e O y a j T a	native
রেওয়াজে	r e O y a j e	native
রেওয়াজের	r e O y a j e r	native
রেক	r e k	native
রেকটো	r e k T O	native
রেকর্ড	r e k O r D	loanword
রেকর্ডই	r e k o r D i	loanword
রেকর্ডও	r e k o r D O	loanword
রেকর্ডকে	r e k O r D k e	loanword
রেকর্ডগুলো	r e k o r D g u l O	loanword
রেকর্ডটা	r e k o r D T a	loanword
রেকর্ডটাই	r e k o r D T a i	loanword
রেকর্ডটাও	r e k O r D T a O	loanword
রেকর্ডটাকে	r e k o r D T a k e	loanword
রেকর্ডটার	r e k o r D T a r	loanword
রেকর্ডটি	r e k O r D T i	loanword
রেকর্ডটিও	r e k o r D T i O	loanword
রেকর্ডটিকে	r e k o r D T i k e	loanword
রেকর্ডটির	r e k o r D T i r	loanword
রেকর্ডধারি	r e k o r D dh a r i	loanword
রেকর্ডপত্র	r e k o r D p o tr O	loanword
রেকর্ডবুকে	r e k O r D b u k e	loanword
রেকর্ডভুক্ত	r e k o r D bh u kt o	loanword
রেকর্ডরুম	r e k o r D r u m	loanword
রেকর্ডস	r e k O r D s	loanword
রেকর্ডসংখ্যক	r e k O r D s o ng kh O k	loanword
রেকর্ডসহ	r e k o r D sh o h O	loanword
রেকর্ডসে	r e k O r D s e	loanword
রেকর্ডসের	r e k O r D s e r	loanword
রেকর্ডার	r e k O r D a r	loanword
রেকর্ডারটা	r e k O r D a r T a	loanword
রেকর্ডে	r e k O r D e	loanword
রেকর্ডেও	r e k O r D e O	loanword
রেকর্ডের	r e k o r D e r	loanword
রেকার	r e k a r	native
রেকারের	r e k a r e r	native
রেকি	r e k i	native
রেকিট	r e k i T	proper_noun
রেকোমেনডেশনস	r e k O m e n D e sh o n s	loanword
রেক্টর	r e k T O r	loanword
রেখ	r e kh O	native
রেখাকে	r e kh a k e	native
রেখাগুলো	r e kh a g u l O	native
রেখাচিত্র	r e kh a ch i tr o	native
রেখাটা	r e kh a T a	native
রেখাপাত	r e kh a p a t	native
রেখার	r e kh a r	native
রেখায়	r e kh a y	native
রেখে	r e kh e	native
রেখেই	r e kh e i	native
রেখেও	r e kh e O	native
রেখেছিল	r e kh e chh i l O	native
রেখেছিলেন	r e kh e chh i l e n	native
রেখেছিলো	r e kh e chh i l O	native
রেখেছিস	r e kh e chh i sh	native
রেখেছে	r e kh e chh e	native
রেখেছেন	r e kh e chh e n	native
রেখেঢেকে	r e kh e Dh e k e	native
রেগিনা	r e g i n a	native
রেগিস	r e g i sh	native
রেগুলার	r e g u l a r	native
রেগুলেটরের	r e g u l e T o r e r	loanword
রেগুলেশনে	r e g u l e sh o n e	native
রেগুলেশনের	r e g u l e sh o n e r	native
রেগেমেগে	r e g e m e g e	native
রেচক	r e ch o k	native
রেচন	r e ch O n	native
রেজওয়ান	r e j O y a n	native
রেজওয়ানা	r e j O a n a	native
রেজওয়ানুর	r e j O y a n u r	native
রেজওয়ানুল	r e j O y a n u l	native
রেজগুই	r e j g u i	native
রেজবুল	r e j b u l	native
রেজর	r e j o r	native
রেজল্যুশন	r e j o l u sh o n	native
রেজসকো	r e j sh k O	native
রেজসকোতে	r e j sh k O t e	native
রেজা	r e j a	native
রেজাইনা	r e j a i n a	native
রেজাউন	r e j a u n	native
রেজাউর	r e j a u r	native
রেজাউল	r e j a u l	native
রেজাউলকে	r e j a u l k e	native
রেজাউলসহ	r e j a u l sh o h O	native
রেজাক	r e j a k	native
রেজাকে	r e j a k e	native
রেজানুর	r e j a n u r	native
রেজানুল	r e j a n u l	native
রেজার	r e j a r	native
রেজালা	r e j a l a	native
রেজাসহ	r e j a sh o h O	native
রেজি	r e j i	native
রেজিনা	r e j i n a	native
রেজিনাল	r e j i n a l	native
রেজিশ্ট্রেশন	r e j i sh T r e sh o n	loanword
রেজিয়া	r e j i y a	native
রেজু	r e j u	native
রেজুলেশন	r e j u l e sh o n	native
রেজুলেশনে	r e j u l e sh o n e	native
রেজুলেশনের	r e j u l e sh O n e r	native
রেজোয়ান	r e j O y a n	native
রেজোয়ানা	r e j O y a n a	native
রেজোয়ানের	r e j O y a n e r	native
রেজ্জাকুল	r e j j a k u l	native
রেজ্যুলেশনের	r e j u l e sh o n e r	native
রেটিনা	r e T i n a	loanword
রেটিনার	r e T i n a r	loanword
রেটিনায়	r e T i n a y	loanword
রেডক্রস	r e D kr o s	proper_noun
রেডক্রসের	r e D kr o s e r	proper_noun
রেডদের	r e D d e r	loanword
রেডন	r e D o n	loanword
রেডন্যাপ	r e D n A p o	proper_noun
রেডমন্ড	r e D m o n D o	proper_noun
রেডমন্ডের	r e D m o n D e r	proper_noun
রেডিওকার্বন	r e D i O k a r b O n	loanword
রেডিওগুলোতে	r e D i O g u l O t e	loanword
রেডিওতেও	r e D i O t e O	loanword
রেডিওথেরাপি	r e D i O th e r a p i	loanword
রেডিট	r e D i T	proper_noun
রেডিসন	r e D i s o n	proper_noun
রেডিয়াস	r e D i y a s o	loanword
রেডিয়েন্ট	r e D i y e n T	loanword
রেডিয়েশন	r e D i y e sh o n	loanword
রেত	r e t	native
রেতকাপা	r e t k a p a	native
রেতে	r e t e	native
রেত্যেবি	r e t t e b i	native
রেদওয়ান	r e d o O y a n	native
রেদওয়ানুল	r e d o O y a n u l	native
রেদওয়ানুলের	r e d o O y a n u l e r	native
রেদোয়ান	r e d O y a n	native
রেদোয়ানকে	r e d O y a n k e	native
রেদোয়ানের	r e d O y a n e r	native
রেধে	r e dh e	native
রেন	r e n	native
রেনউইক	r e n u i k o	native
রেনা	r e n a	native
রেনাটা	r e n a T a	proper_noun
রেনাটার	r e n a T a r	proper_noun
রেনাতো	r e n a t O	native
রেনাল	r e n a l	native
রেনি	r e n i	native
রেনু	r e n u	native
রেনুকা	r e n u k a	native
রেনুকে	r e n u k e	native
রেনুপোনা	r e n u p O n a	native
রেনুর	r e n u r	native
রেনেটা	r e n e T a	proper_noun
রেনেসা	r e n e sh a	native
রেনেসার	r e n e sh a r	native
রেনো	r e n O	native
রেনোয়া	r e n O y a	native
রেনোয়ার	r e n O y a r	native
রেন্ট	r e n T	loanword
রেন্টাল	r e n T a l	loanword
রেন্টালসহ	r e n T a l o sh o h O	loanword
রেন্টিনা	r e n T i n a	native
রেন্টু	r e n T u	native
রেপাটরি	r e p a T o r i	loanword
রেপুটেশন	r e p u T e sh o n	loanword
রেপো	r e p O	native
রেপোতে	r e p O t e	native
রেপোর	r e p O r	native
রেপ্লিকা	r e p l i k a	loanword
রেফারেল	r e ph a r e l o	native
রেফায়া	r e ph a y a	native
রেবটেল	r e b T e l	proper_noun
রেবটেলের	r e b T e l e r	proper_noun
রেবতি	r e b O t i	native
রেবতি–রমন	r e b O t i r o m O n	native
রেবি	r e b i	native
রেবেকা	r e b e k a	native
রেবেকার	r e b e k a r	native
রেভলুশনারি	r e bh o l u sh o n a r i	native
রেভল্যুশন	r e bh o l u sh o n	native
রেভারেন্ড	r e bh a r e n D	loanword
রেভিনিউ	r e bh i n i u	native
রেভুলুশনারি	r e bh u l u sh o n a r i	native
রেভোভিচ	r e bh O bh i ch	native
রেমন্ড	r e m o n D	proper_noun
রেমা	r e m a	native
রেমুনারেশন	r e m u n a r e sh o n	native
রেমো	r e m O	native
রের	r e r	native
রেলওয়ে	r e l O y e	native
রেলওয়েকে	r e l O y e k e	native
রেলওয়েতে	r e l O y e t e	native
রেলওয়ের	r e l O y e r	native
রেলওয়েসহ	r e l O y e sh o h O	native
রেলকোচ	r e l k O ch	native
রেলজাত্রিরা	r e l j a tr i r a	native
রেলজোগাজোগ	r e l j O g a j O g	native
রেলপথকে	r e l p o th k e	native
রেলপথমন্ত্রি	r e l p o th m O n	native
রেলপথে	r e l p o th e	native
রেলপথেই	r e l p o th e i	native
রেলপথের	r e l p o th e r	native
রেলব্যবস্থা	r e l b A b o sth a	native
রেলব্যবস্থাকে	r e l b A b o sth a k e	compound
রেলব্যবস্থার	r e l b A b o sth a r	native
রেলভবনে	r e l bh o b O n e	native
রেলভিত্তিক	r e l bh i tt i k	native
রেলমন্ত্রি	r e l m o nt r i	native
রেলমন্ত্রিকে	r e l m o nt r i k e	native
রেলমন্ত্রির	r e l m o nt r i r	native
রেলসংজোগ	r e l sh o ng j O g	native
রেলসচিব	r e l sh o ch i b	native
রেলসেতু	r e l sh e t u	native
রেলসেতুটি	r e l sh e t u T i	native
রেলসেতুতে	r e l sh e t u t e	native
রেলসেতুর	r e l sh e t u r	native
রেলিগেশন	r e l i g e sh o n	native
রেলে	r e l e	native
রেশ	r e sh	native
রেশটা	r e sh T a	native
রেশনব্যবস্থা	r e sh o n b j o b o sth a	native
রেশনে	r e sh n e	native
রেশমবতি	r e sh o m b o t i	native
রেশমা	r e sh m a	native
রেশমাকে	r e sh m a k e	native
রেশমার	r e sh m a r	native
রেশমের	r e sh O m e r	native
রেশাদুর	r e sh a d u r	native
রেশারেশি	r e sh a r e sh i	native
রেশারেশিতে	r e sh a r e sh i t e	native
রেশারেশির	r e sh a r e sh i r	native
রেশিও	r e sh i O	native
রেশিওর	r e sh i O r	native
রেসকিউ	r e sh k i u	native
রেসপেক্ট	r e s p e k T	loanword
রেসলার	r e sh l a r	native
রেসালা	r e sh a l a	native
রেসাস	r e sh a sh	native
রেসিডেনশিয়াল	r e sh i D e n sh i y a l	loanword
রেসিডেনসিয়াল	r e sh i D e n sh i y a l	loanword
রেসিডেন্ট	r e sh i D e n T	loanword
রেসিপি	r e s i p i	native
রেসিপিও	r e sh i p i O	native
রেসিপিগুলো	r e sh i p i g u l O	native
রেসিপিটি	r e s i p i T i	loanword
রেসিপির	r e sh i p i r	native
রেসে	r e sh e	native
রেস্তরা	r e st o r a	native
রেস্তরার	r e st o r a r	native
রেস্তোরা	r e st O r a	native
রেস্তোরাও	r e st O r a O	native
রেস্তোরাকে	r e st o r a k e	native
রেস্তোরাগুলো	r e st o r a g u l O	native
রেস্তোরাগুলোতে	r e st O r a g u l O t e	compound
রেস্তোরাটি	r e st O r a T i	native
রেস্তোরাটির	r e st o r a T i r	native
রেস্তোরাতে	r e st O r a t e	native
রেস্তোরার	r e st O r a r	native
রেস্তোরাসহ	r e st o r a sh o h O	native
রেস্তোরায়	r e st o r a y	native
রেহনুমা	r e h n u m a	native
রেহমানসহ	r e h o m a n sh o h O	native
রেহা	r e h a	native
রেহাই	r e h a i	native
রেহাইচর	r e h a i ch o r	native
রেহান	r e h a n	native
রেহানা	r e h a n a	native
রেহানাও	r e h a n a O	native
রেহানাকে	r e h a n a k e	native
রেহানার	r e h a n a r	native
রেহানে	r e h a n e	native
রেহানের	r e h a n e r	native
রেহাম	r e h a m	native
রেহেনা	r e h e n a	native
রেহেনুমা	r e h e n u m a	native
রেহেল	r e h e l	native
রেড়ি	r e r i	native
রেড়ো	r e r O	native
রেয়া	r e y a	native
রেয়াত	r e y a t	native
রেয়াতি	r e y a t i	native
রেয়াতের	r e y a t e r	native
রেয়ার	r e y a r	native
রেয়াৎ	r e y a t	native
রো	r O	native
রোই	r O u	native
রোইখিক	r O i kh i k	native
রোইবতক	r O i b O t o k	native
রোউদ্র	r O u d r O	native
রোউদ্রকরোজ্জ্বল	r O u d r o k o r O j j o l	tatsama
রোউদ্রে	r O u d r e	native
রোউদ্রের	r O u d r e r	native
রোউদ্রোজ্জ্বল	r O u d r O j j o l	tatsama
রোউপ্য	r O O p p O	native
রোউপ্যচুর্ন	r O u p p O ch u r n O	native
রোউপ্যজয়ন্তি	r ou p p o j o y O nt i	native
রোউপ্যপদক	r O u p p o p o d o k	native
রোউপ্যমুদ্রা	r O u p p O m u d r a	native
রোউপ্যমুল্যে	r O u p p O m u l l e	native
রোউপ্যময়	r O u p p O m o y	native
রোউপ্যালংকার	r O u p p a l o ng k a r	native
রোউপ্যের	r O u p p e r	native
রোউফ	r O u ph	native
রোউমারি	r O u m a r i	native
রোউমারিতে	r O u m a r i t e	native
রোউমারির	r O u m a r i r	native
রোউরব	r O u r o b	native
রোউশন	r O u sh o n	native
রোউসেফ	r O u sh e ph	native
রোউসেফের	r O u sh e ph e r	native
রোউহা	r O u h a	native
রোক	r O k	native
রোকন	r O k o n	native
রোকনউদ্দিন	r O k O n u d d i n	native
রোকনউদ্দোউলা	r O k o n u d d O u l a	native
রোকনকে	r O k o n k e	native
রোকনুজ্জামান	r O k O n u j j a m a n	native
রোকনের	r O k O n e r	native
রোকসত	r O k sh o t	native
রোকসানাকে	r O k sh a n a k e	native
রোকসানার	r O k sh a n a r	native
রোকা	r O k a	native
রোকাইয়া	r O k a i y a	native
রোকে	r O k e	native
রোকেয়া	r O k e y a	native
রোকেয়াকে	r O k e y a k e	native
রোকেয়ার	r O k e y a r	native
রোকো	r O k O	native
রোকড়	r O k o r	native
রোখ	r O kh	native
রোখসানা	r O kh sh a n a	native
রোখসানার	r O kh sh a n a r	native
রোখা	r O kh a	native
রোখার	r O kh a r	native
রোখাল	r O kh a l	native
রোগই	r O g i	native
রোগও	r O g O	native
রোগকে	r O g k e	native
রোগগুলো	r O g g u l O	native
রোগগুলোর	r O g g u l O r	native
রোগগ্রস্ত	r O g gr o st o	native
রোগজিবানু	r O g j i b a n u	native
রোগজিবানুর	r O g j i b a n u r	native
রোগটা	r O g T a	native
রোগতত্ত্ব	r O g t o tt o	tatsama
রোগনির্নয়	r O g n i r n o y	native
রোগনির্নয়ে	r O g n i r n o y e	native
রোগনির্নয়ের	r O g n i r n o y e r	native
রোগনিয়ন্ত্রন	r O g o n i y o nt r o n	native
রোগপ্রতিরোধ	r O g pr O t i r O dh	native
রোগবালাই	r O g b a l a i	native
রোগবিশেশজ্ঞ	r O g o b i sh e sh o g g o	tatsama
রোগব্যাধি	r O g b A dh i	native
রোগব্যাধিতে	r O g b A dh i t e	native
রোগভোগের	r O g bh O g e r	native
রোগমুক্ত	r O g m u kt O	native
রোগমুক্তিতে	r O g m u kt i t e	native
রোগমুক্তির	r O g m u kt i r	native
রোগশজ্যায়	r O g sh o j j a y	native
রোগশোক	r O g o sh O k	native
রোগশোকে	r O g sh O k e	native
রোগসংক্রান্ত	r O g sh o ng kr a nt o	native
রোগা	r O g a	native
রোগাক্রান্ত	r O g a kr a nt	native
রোগা–দুবলা	r O g a d u b l a	native
রোগা–পটকা	r O g a p o T k a	native
রোগি	r O g i	native
রোগিই	r O g i i	native
রোগিও	r O g i O	native
রোগিকেই	r O g i k e i	native
রোগিতে	r O g i t e	native
রোগিদের	r O g i d e r	native
রোগিদেরও	r O g i d e r O	native
রোগিপক্ষ	r O g i p o kkh o	tatsama
রোগিপক্ষের	r O g i p o kkh e r	tatsama
রোগিপ্রতি	r O g i p o r t i	native
রোগিবান্ধব	r O g i b a ndh o b	native
রোগির	r O g i r	native
রোগিরই	r O g i r i	native
রোগিরা	r O g i r a	native
রোগিরাই	r O g i r a i	native
রোগিরাও	r O g i r a O	native
রোগিসহ	r O g i sh o h O	native
রোগে	r O g e	native
রোগেও	r O g e O	native
রোগের	r O g e r	native
রোগেরই	r O g e r i	native
রোচ	r O ch	native
রোচক	r O ch o k	native
রোচকে	r O ch k e	native
রোচনা	r O ch O n a	native
রোচা	r O ch a	native
রোচের	r O ch e r	native
রোচ্য	r O ch ch O	native
রোছমত	r O chh m o t	native
রোজ	r O j	native
রোজই	r O j i	native
রোজকার	r O j k a r	native
রোজগার	r O j g a r	native
রোজগারের	r O j g a r e r	native
রোজদার	r O j d a r	native
রোজনামচা	r O j n a m ch a	native
রোজনামচায়	r O j n a m ch a y	native
রোজনামা	r O j n a m a	native
রোজবোল	r O j b O l	native
রোজমেরি	r O j m e r i	native
রোজাই	r O j a i	native
রোজাও	r O j a O	native
রোজাকে	r O j a k e	native
রোজাগুলো	r O j a g u l O	native
রোজাদার	r O j a d a r	native
রোজাদারকে	r O j a d a r k e	native
রোজাদারগন	r O j a d a r g o n	native
রোজাদারদের	r O j a d a r d e r	native
রোজাদারের	r O j a d a r e r	native
রোজাদারেরা	r O j a d a r e r a	native
রোজানা	r O j a n a	native
রোজাব্রত	r O j a br o t o	native
রোজার	r O j a r	native
রোজারিও	r O j a r i O	native
রোজারিওকে	r O j a r i O k e	native
রোজারিওতে	r O j a r i O t e	native
রোজারিওর	r O j a r i O r	native
রোজাস	r O j a sh	native
রোজায়	r O j a y	native
রোজি	r O j i	native
রোজিন	r O j i n	native
রোজিনা	r O j i n a	native
রোজিনাকে	r O j i n a k e	native
রোজিনার	r O j i n a r	native
রোজির	r O j i r	native
রোজু	r O j u	native
রোজেন	r O j e n	native
রোজেনফেল্ড	r O j e n ph e l D	proper_noun
রোজেনবার্গ	r O j e n b a r g	native
রোজের	r O j e r	native
রোজো	r O j O	native
রোজ–হাসর	r O j h a sh O r	native
রোঝা	r O jh a	native
রোটা	r O T a	native
রোটারিয়ান	r O T a r i y a n	proper_noun
রোটারিয়ানদের	r O T a r i y a n d e r	proper_noun
রোটারেক্ট	r O T a r e k T	proper_noun
রোটিকা	r O T i k a	native
রোটেশন	r O T e sh o n	loanword
রোটেশনের	r O T e sh o n e r	loanword
রোড	r O D	loanword
রোড-এ	r O D e	loanword
রোডএর	r O D e r	loanword
রোডকে	r O D k e	loanword
রোডটি	r O D T i	loanword
রোডমার্চ	r O D m a r ch	loanword
রোডমার্চটি	r O D m a r ch T i	loanword
রোডমার্চসহ	r O D m a r ch sh o h O	loanword
রোডমার্চে	r O D m a r ch e	loanword
রোডমার্চের	r O D m a r ch e r	loanword
রোডম্যাপ	r O D m A p	loanword
রোডম্যাপের	r O D m A p e r o	loanword
রোডস	r O D s	loanword
রোডসংলগ্ন	r O D sh o ng l o g n	loanword
রোডসকে	r O D s k e	loanword
রোডসহ	r O D sh o h O	loanword
রোডসের	r O D s e r	loanword
রোডস্থ	r O D O sth O	loanword
রোডে	r O D e	loanword
রোডেই	r O D e i	loanword
রোডেও	r O D e O	loanword
রোডের	r O D e r	loanword
রোদও	r O d O	native
রোদকে	r O d k e	native
রোদচশমা	r O d ch o sh m a	native
রোদচশমার	r O d ch o sh m a r	native
রোদজ্বলা	r O d j b o l a	tatsama
রোদটা	r O d T a	native
রোদন	r O d O n	native
রোদসি	r O d O sh i	native
রোদি	r O d i	native
রোদে	r O d e	native
রোদের	r O d e r	native
রোদ্দুরের	r O d d u r e r	native
রোদ্ধা	r O d dh a	tatsama
রোধ	r O dh	native
রোধঃ	r O dh O h	tatsama
রোধক	r O dh O k	native
রোধন	r O dh O n	native
রোধবিশয়ক	r O dh b o sh o y k	native
রোধসংক্রান্ত	r O dh sh o ng kr a nt o	native
রোধসহ	r O dh sh o h O	native
রোধে	r O dh e	native
রোধেও	r O dh e O	native
রোধের	r O dh e r	native
রোনলি	r O n l i	native
রোনাজারি	r O n a j a r i	native
রোনালদিনহো	r O n a l d i n h O	native
রোনালদিনহোকে	r O n a l d i n h O k e	native
রোনালদিনহোদের	r O n a l d i n h O d e r	compound
রোনালদিনহোর	r O n a l d i n h O r	native
রোনালদো	r O n a l d O	native
রোনালদোই	r O n a l d O i	native
রোনালদোও	r O n a l d O O	native
রোনালদোকে	r O n a l d O k e	native
রোনালদোর	r O n a l d O r	native
রোনালদোরও	r O n a l d O r O	native
রোনালদোরা	r O n a l d O r a	native
রোনাল্ড	r O n a l D	proper_noun
রোনাল্ডো	r O n a l D O	proper_noun
রোনাল্ডোকে	r O n a l D O k e	proper_noun
রোনাল্ডোর	r O n a l D O r	proper_noun
রোপ	r O p	native
রোপন	r O p o n	native
রোপনে	r O p o n e	native
রোপনের	r O p o n e r	native
রোপা	r O p a	native
রোপিত	r O p i t O	native
রোপে	r O p e	native
রোপয়িতা	r O p o y i t a	native
রোব	r O b	native
রোবটই	r O b o T i	loanword
রোবটকে	r O b O T k e	loanword
রোবটগুলো	r O b o T g u l O	loanword
রোবটজান	r O b O T j a n	loanword
রোবটটি	r O b O T T i	loanword
রোবটটিকে	r O b o T T i k e	loanword
রোবটটির	r O b O T T i r	loanword
রোবটদের	r O b o T d e r	loanword
রোবটিকস	r O b O T i k s	loanword
রোবটে	r O b o T e	loanword
রোবটের	r O b O T e r	loanword
রোববার	r O b b a r	native
রোববারই	r O b b a r i	native
রোববারও	r O b b a r O	native
রোববারকে	r O b b a r k e	native
রোববারে	r O b b a r e	native
রোববারেই	r O b b a r e i	native
রোববারের	r O b b a r e r	native
রোবাইয়াৎ	r O b a i y a t	native
রোবাবর	r O b a b o r	native
রোবায়েত	r O b a y e t	native
রোবে	r O b e	native
রোবেন	r O b e n	native
রোবেনকে	r O b e n k e	native
রোবেনরা	r O b e n r a	native
রোবেনা	r O b e n a	native
রোবেনের	r O b e n e r	native
রোবোকাপ	r O b O k a p	native
রোবোজেলি	r O b O j e l i	native
রোভার	r O bh a r	native
রোভার্সের	r O bh a r sh e r	native
রোম	r O m	native
রোমকুপ	r O m o k u p	native
রোমকে	r O m k e	native
রোমনি	r O m o n i	native
রোমন্থন	r O m o n th o n	native
রোমন্থনে	r O m o n th o n	native
রোমহর্ষক	r O m h o r sh O k	native
রোমা	r O m a	native
রোমাকে	r O m a k e	native
রোমাঞ্চ	r O m a n ch o	native
রোমাঞ্চকর	r O m a n ch O k o r	native
রোমাঞ্চটা	r O m a n ch o T a	native
রোমাঞ্চপ্রিয়	r O m a n ch o p i r y o	native
রোমাঞ্চিত	r O m a n ch i t O	native
রোমাঞ্চে	r O m a n ch e	native
রোমাঞ্চের	r O m a n ch e r	native
রোমাদের	r O m a d e r	native
রোমান	r O m a n	native
রোমানকে	r O m a n k e	native
রোমানদের	r O m a n d e r	native
রোমানরা	r O m a n r a	native
রোমানা	r O m a n a	native
রোমানিয়া	r O m a n i a	native
রোমানিয়ান	r O m a n i y a n	native
রোমানিয়ার	r O m a n i a r	native
রোমান্টিক	r O m a n T i k	loanword
রোমান্টিকতা	r O m a n T i k o t a	loanword
রোমান্টিকতার	r O m a n T i k o t a r	loanword
রোমান্টিকতায়	r O m a n T i k o t a y	loanword
রোমান্টিকদের	r O m a n T i k o d e r	loanword
রোমান্স	r O m a n s	loanword
রোমান্সে	r O m a n s e	loanword
রোমারিও	r O m a r i O	native
রোমিং	r O m i ng	native
রোমিংয়ের	r O m i ng y e r	native
রোমিওর	r O m i O r	native
রোমিয়	r O m i y O	native
রোমুলো	r O m u l O	native
রোমেছা	r O m e chh a	native
রোমেছার	r O m e chh a r	native
রোমেনা	r O m e n a	native
রোমেনার	r O m e n a r	native
রোমের	r O m e r	native
রোমেরো	r O m e r O	native
রোমেরোকে	r O m e r O k e	native
রোমেরোর	r O m e r O r	native
রোমেল	r O m e l	native
রোমেলকে	r O m e l k e	native
রোমেলা	r O m e l a	native
রোমেলাকে	r O m e l a k e	native
রোমেলার	r O m e l a r	native
রোমেলের	r O m e l e r	native
রোমো	r O m O	native
রোমোর	r O m O r	native
রোম্যান	r O m A n	native
রোম্যান্টিক	r O m a n T i k	loanword
রোম্যান্টিকতা	r O m A n T i k o t a	compound
রোম্যারো	r O m m e r O	native
রোর	r O r	native
রোরুদ্যমান	r u d u d d O m a n	native
রোলস	r O l sh	native
রোলা	r O l a	native
রোলান্ড	r O l a n D o	proper_noun
রোলার	r O l a r	native
রোলিং	r O l i ng	native
রোল্ড	r O l D	loanword
রোশ	r O sh	native
রোশন	r O sh O n	native
রোশনগির	r O sh O n g i r	native
রোশনচোউকি	r O sh o n ch ou k i	native
রোশনাই	r O sh n a i	native
রোশনারা	r O sh O n a r a	native
রোশনি	r O sh n i	native
রোশনের	r O sh o n e r	native
রোশা	r O sh a	native
রোশান	r O sh a n	native
রোশানল	r O sh a n o l	native
রোশানলে	r O sh a n o l e	native
রোশানলের	r O sh a n o l e r	native
রোশানের	r O sh a n e r	native
রোশাবিশ্ট	r O sh a b i sh T O	native
রোশি	r O sh i	native
রোশিত	r O sh i t O	native
রোশে	r O sh e	native
রোশের	r O sh e r	native
রোশোনারা	r O sh O n a r a	native
রোশ্ট	r O sh T	native
রোসনেফট	r O s o n e ph T	proper_noun
রোসাটমের	r O s a T m e r o	proper_noun
রোসি	r O sh i	native
রোসেল	r O sh e l	native
রোসোমৎ	r O sh m o t	native
রোস্ট	r O s T	loanword
রোস্টেড	r O s T e D	loanword
রোস্তম	r O st o m	native
রোস্তমপুর	r O st o m p u r	native
রোহনপুর	r O h o n p u r	native
রোহান	r O h a n	native
রোহানপুর	r O h a n p u r	native
রোহারবেচার	r O h a r b e ch a r	native
রোহি(–হিন্)	r O h i	native
রোহিংগা	r O h i ng g a	native
রোহিংগাকে	r O h i ng g a k e	native
রোহিংগাদের	r O h i ng g a d e r	native
রোহিংগার	r O h i ng g a r	native
রোহিংগারা	r O h i ng g a r a	native
রোহিংগারাও	r O h i ng g a r a O	native
রোহিত	r O h i t O	native
রোহিতপুর	r O h i t p u r	native
রোহিতাশ্ব	r O h i t a sh sh O	tatsama
রোহিতের	r O h i t e r	native
রোহিনি	r O h i n i	native
রোহে	r O h e	native
রোহের	r O h e r	native
রোহো	r O h O	native
রোহোর	r O h O r	native
রোড়া	r O r a	native
রোয়া	r O y a	native
রোয়াংছড়ি	r O y a ng chh o r i	native
রোয়াইর	r O y a i r	native
রোয়ান	r O y a n	native
রোয়েদাদ	r O y e d a d	native
রোয়েদাদের	r O y e d a d e r	native
রোয়েমার	r O y e m a r	native
রোয়েমারের	r O y e m a r e r	native
র্	r o	native
র্কমকর্তা	k o r m o k o r t a	native
র্থ	th o r	native
র্যা	r o j a	native
র্যাং	r o j a ng	native
র্যাংক	r o j a ng k	native
র্যাংকস	r o j a ng k sh	native
র্যাংকসটেল	r A ng k s T e l	proper_noun
র্যাংকসটেলের	r A ng k s T e l e r	proper_noun
র্যাংকিং	r o j a ng k i ng	native
র্যাংকিংয়ে	r o j a ng k i ng y e	native
র্যাংকিংয়েও	r o j a ng k i ng y e O	native
র্যাংকিংয়ের	r o j a k i ng y e r	native
র্যাংকিন	r o j a ng k i n	native
র্যাংগস	r o j a ng g sh	native
র্যাক	r o j a k	native
র্যাগিংয়ের	r o j a r g i ng y e r	native
র্যাচেল	r A ch e l	native
র্যাডার	r o j a D a r	loanword
র্যাডিকেল	r o j a D i k e l	loanword
র্যাডিক্যাল	r o j a D i k A l	loanword
র্যাডিসন	r A D i s o n	proper_noun
র্যাডিসনে	r A D i s o n e	proper_noun
র্যাদার	r o j a d a r	native
র্যান্ড	r o j a n D	loanword
র্যান্ডি	r o j a D i	proper_noun
র্যাপ	r o j a p	native
র্যাপিড	r o j a p i D	loanword
র্যাপের	r o j a p e r	native
র্যাফল	r o j a ph o l	native
র্যাফেল	r o j a ph e l	native
র্যাব	r o j a b	native
র্যাবও	r o j a b O	native
র্যাবকে	r A b k e	native
র্যাবসহ	r o j a b sh o h O	native
র্যাবে	r o j a b e	native
র্যাবের	r A b e r	native
র্যাম	r A m	native
র্যামন	r A m O n	native
র্যামোস	r o j a m O sh	native
র্যাম্প	r A mp	native
র্যাম্পে	r o j a mp e	native
র্যালফ	r o j a l ph	native
র্যালি	r o j a l i	native
র্যালিতে	r o j a l i t e	native
র্যালির	r o j a l i r	native
র্যাশ	r A sh	native
রড়	r o r	native
রয়	r o y	native
রয়টার্স	r o y o T a r s	proper_noun
রয়টার্সকে	r o y o T a r s k e	proper_noun
রয়টার্সে	r o y o T a r s e	proper_noun
রয়টার্সের	r o y o T a r s e r	proper_noun
রয়না	r o y n a	native
রয়মান্স	r o y m a n s o	loanword
রয়মান্সের	r o y m a n s e r	loanword
রয়া	r o y a	native
রয়াল	r o y a l	native
রয়ে	r o y e b O sh e	native
রয়েই	r o y e i	native
রয়েছ	r o y e chh o	native
রয়েছে	r O y e chh e	native
রয়েছেই	r o y e chh e i	native
রয়েছেন	r O y e chh e n	native
রয়েল	r o y e l	native
রয়েলস	r o y e l sh	native
রয়েলসের	r o y e l sh e r	native
রয়েস	r o y e sh	native
রয়েসয়ে	r o y e sh y e	native
রয়্যাল	r o a l	native
রয়্যালটি	r o y A l T i	loanword
রয়্যালটির	r o y A l T i r	loanword
রয়্যালস	r o y y a l o sh	native
রয়্যালসের্	r o y A l sh e r	native
রয়্যালস্কে	r o y A l s k e	loanword
র‍্যাদা	r o j a d a	native
র‍্যাপার	r o j a p a r o	native
র‍্যাব	r A b	native
র‍্যামন	r A m O n	native
র‍্যাম্প	r A mp	native
র–কার	r o k a r	native
র–ফলা	r o ph o l a	native
র–র	r o r o	native
র––বাংলা	r o b a ng l a r	native
ল	l o	native
লং	l o ng	native
লংঅন	l o ng o n	native
লংকা	l o ng k a	native
লংকাকান্ড	l o ng k a k a n D o	native
লংকান	l o ng k a n	native
লংকানদের	l o ng k a n d e r	native
লংকানরা	l o ng k a n r a	native
লংকাবাংলা	l o ng k a b a ng l a	native
লংকাবাংলার	l o ng k a b a ng l a r	native
লংকার	l o ng k a r	native
লংকায়	l o ng k a y	native
লংক্লথ	l o ng kl o th	native
লংগ	l o ng g	native
লংগদু	l o ng g o d u	native
লংগদুতে	l o ng g o d u t e	native
লংগরখানা	l o ng g o r kh a n a	native
লংগাইর	l o ng g a i r	native
লংগেস্ট	l o ng g e s T	loanword
লংঘনই	l o ng gh o n o i	native
লংঘনও	l o ng gh o n O	native
লংঘনকারি	l o ng gh o n k a r i	native
লংঘনকারিকে	l o ng gh o n k a r i k e	native
লংঘনকারিদের	l o ng gh o n k a r i d e r	native
লংঘনকারির	l o ng gh o n k a r i r	native
লংঘনজনিত	l o ng gh o n j a t i	native
লংঘনসংক্রান্ত	l o ng gh o n sh o ng kr a nt o	compound
লংঘনে	l o ng gh o n e	native
লংঘনের	l o ng gh O n e r	native
লংঘনেরও	l o ng gh o n e r o O	native
লংঘা	l o ng gh o	native
লংঘিত	l o ng gh i t o	native
লংমার্চ	l o ng m a r ch	native
লংমার্চে	l o ng m a r ch e	native
লংমার্চের	l o ng m a r ch e r	native
লং্কাবাংলা	l o ng k a b a ng l a	native
লং্গেস্ট	l o ng g e s T	loanword
লঅন্ত	l o o nt o	native
লই	l O i	native
লইগ্যা	l O i g g a	native
লইছে	l o i chh e	native
লইট্টা	l O i T T a	native
লইট্যা	l o i T T a	native
লইতে	l O i t e	native
লইতেছি	l o i t e chh i	native
লইবার	l O i b a r	native
লইবে	l o i b e	native
লইয়া	l o i y a	native
লইয়ার	l o i y a r	native
লইয়ার্স	l o i y a r sh	native
লইয়্যা	l o i y y a	native
লউসনিয়া	l O u j o n i y a	native
লও	l o O	native
লওহ	l o O h	native
লওহে	l o O h e	native
লওয়া	l o O y a	native
লক	l o k	native
লকইন	l o k i n	native
লকব	l o k o b	native
লকলক	l o k l o k	native
লকলকে	l o k l o k e	native
লকহিড	l o k h i D	proper_noun
লকা	l o k a	native
লকার	l o k a r	native
লকারবি	l o k a r b i	native
লকারবির	l o k a r b i r	native
লকারে	l o k a r e	native
লকে	l o k e	native
লকেট	l o k e T	loanword
লক্কর	l o k k O r	native
লক্কড়	l o k k o r	native
লক্কড়ঝক্কড়	l o k k o r jh o k k o r	native
লক্কড়ের	l o k k o r e r	native
লক্ষক	l O kkh O k	tatsama
লক্ষন	l o kkh O n	tatsama
লক্ষনই	l o kkh o n i	tatsama
লক্ষনও	l o kkh O n O	tatsama
লক্ষনগুলো	l o kkh O n g u l O	tatsama
লক্ষনটা	l o kkh o n T a	tatsama
লক্ষনপুর	l o kkh O n p u r	tatsama
লক্ষনমাত্র	l o kkh o n m a tr o	tatsama
লক্ষনসমুহ	l o kkh O n sh O m u h O	tatsama
লক্ষনা	l O kkh O n a	tatsama
লক্ষনিয়	l O kkh O n i y O	tatsama
লক্ষনিয়ভাবে	l o kkh o n i y o bh a b e	tatsama
লক্ষনের	l o kkh O n e r	tatsama
লক্ষবার	l o kkh o b a r	tatsama
লক্ষমাত্রা	l o kkh O m a tr a	tatsama
লক্ষি	l O kkh i	tatsama
লক্ষিএ	l O kkh i y e	tatsama
লক্ষিত	l O kkh i t O	tatsama
লক্ষিপুর	l O kkh i p u r	tatsama
লক্ষে	l o kkh e	tatsama
লক্ষের	l O kkh e r	tatsama
লক্ষ্নোউ	l o kkh o n O u	tatsama
লক্ষ্মন	l o kkh O n	tatsama
লক্ষ্মনকে	l o kkh o n k e	tatsama
লক্ষ্মনখোলা	l o kkh o n kh O l a	tatsama
লক্ষ্মনদের	l o kkh o n d e r	tatsama
লক্ষ্মনপাড়া	l o kkh o n p a r a	tatsama
লক্ষ্মনপুর	l o kkh o n p u r	tatsama
লক্ষ্মনরা	l o kkh o n r a	tatsama
লক্ষ্মনের	l o kkh O n e r	tatsama
লক্ষ্মি	l O kkh i	tatsama
লক্ষ্মিকান্ত	l o kkh i k a nt o	tatsama
লক্ষ্মিচন্দ্র	l o kkh i ch o ndr	tatsama
লক্ষ্মিচাপ	l O kkh i ch a p	tatsama
লক্ষ্মিছড়ি	l o kkh i chh o r i	tatsama
লক্ষ্মিনারায়ন	l o kkh i n a r a y o n	tatsama
লক্ষ্মিপাশা	l o kkh i p a sh a	tatsama
লক্ষ্মিপুর	l O kkh i p u r	tatsama
লক্ষ্মিপুরবাসি	l o kkh i p u r o b a sh i	tatsama
লক্ষ্মিপুরে	l O kkh i p u r e	tatsama
লক্ষ্মিপুরেও	l o kkh i p u r e O	tatsama
লক্ষ্মিপুরের	l o kkh i p u r e r	tatsama
লক্ষ্মিপেচা	l o kkh i p e ch a	tatsama
লক্ষ্মিপেচার	l o kkh i p e ch a r	tatsama
লক্ষ্মিপ্রসাদ	l o kkh i pr o sh a d	tatsama
লক্ষ্মিবাজার	l O kkh i b a j a r	tatsama
লক্ষ্মিবাজারে	l O kkh i b a j a r e	tatsama
লক্ষ্মিবাজারের	l O kkh i b a j a r e r	tatsama
লক্ষ্মিবিজয়	l o kkh i b i j o y	tatsama
লক্ষ্মির	l O kkh i r	tatsama
লক্ষ্যই	l o kkh O i	tatsama
লক্ষ্যও	l o kkh O O	tatsama
লক্ষ্যকে	l o kkh O k e	tatsama
লক্ষ্যগুলো	l o kkh o g u l O	tatsama
লক্ষ্যগুলোর	l o kkh o g u l O r o	tatsama
লক্ষ্যচ্যুত	l o kkh o ch ch u t	tatsama
লক্ষ্যটা	l O kkh O T a	tatsama
লক্ষ্যটাও	l o kkh o T a O	tatsama
লক্ষ্যটি	l o kkh o T i	tatsama
লক্ষ্যনির্ভর	l o kkh o n i r bh o r	tatsama
লক্ষ্যনিয়	l o kkh o n i y	tatsama
লক্ষ্যপুরনের	l o kkh o p u r o n e r	tatsama
লক্ষ্যবস্তু	l O kkh O b O st u	tatsama
লক্ষ্যবস্তুগুলোর	l o kkh o b o st u g u l O r	tatsama
লক্ষ্যবস্তুতে	l O kkh O b O st u t e	tatsama
লক্ষ্যভিত্তিক	l o kkh o bh i tt i k	tatsama
লক্ষ্যভেদি	l o kkh o bh e d i	tatsama
লক্ষ্যভ্রশ্ট	l o kkh O bh r O sh T O	tatsama
লক্ষ্যমাত্রা	l O kkh O m a tr a	tatsama
লক্ষ্যমাত্রাই	l o kkh o m a tr a i	tatsama
লক্ষ্যমাত্রাও	l o kkh o m a tr a O	tatsama
লক্ষ্যমাত্রাকে	l o kkh o m a tr a k e	tatsama
লক্ষ্যমাত্রাগুলো	l o kkh o m a tr a g u l O	tatsama
লক্ষ্যমাত্রার	l o kkh O m a tr a r	tatsama
লক্ষ্যমাত্রায়	l o kkh o m a tr a y	tatsama
লক্ষ্যসমুহ	l o kkh o sh o m u h o	tatsama
লক্ষ্যস্থল	l O kkh O sth o l	tatsama
লক্ষ্যস্থলে	l o kkh o sth o l e	tatsama
লক্ষ্যস্থলের	l o kkh o sth o l e r	tatsama
লক্ষ্যস্থির	l o kkh o sth i r	tatsama
লক্ষ্যহিন	l o kkh O h i n	tatsama
লক্ষ্যাদর্শ	l o kkh A d o r sh o	tatsama
লক্ষ্যানুসারি	l o kkh A n u sh a r i	tatsama
লক্ষ্যারচর	l o kkh A r ch o r	tatsama
লক্ষ্যে	l O kkh e	tatsama
লক্ষ্যেই	l O kkh e i	tatsama
লক্ষ্যেও	l o kkh e O	tatsama
লক্ষ্যের	l O kkh e r	tatsama
লখই	l o kh o i	native
লখা	l o kh a	native
লখাই	l o kh a i	native
লখিন্দরের	l O kh i nd o r e r	native
লখিমি	l o kh i m i	native
লগইন	l o g i n	native
লগনসা	l o g o n sh a	native
লগনে	l o g n e	native
লগবই	l o g b O i	native
লগবগ	l o g b o g	native
লগা	l o g a	native
লগান	l o g a n	native
লগারলোফ	l o g a r l O ph	native
লগি	l O g i	native
লগিং	l o g i ng	native
লগেজ	l o g e j	native
লগ্গি	l o g g i	native
লগ্নক	l o g n o k	native
লগ্নিকারি	l o g n i k a r i	native
লগ্নির	l O g n i r	native
লগ্নের	l o g n e r	native
লঘিমা	l O gh i m a	native
লঘিশ্ঠ	l O gh i sh Th O	native
লঘিয়ান	l O gh i y a n	native
লঘুকরন	l O gh u k o r O n	native
লঘুচাপ	l O gh u ch a p	native
লঘুচাপটি	l O gh u ch a p T i	native
লঘুচাপের	l O gh u ch a p e r	native
লঘুদন্ড	l o gh u d o n o D o	native
লঘ্ঘি	l o gh gh i	native
লঘ্বি	l o gh b i	native
লচপচ	l o ch p o ch	native
লজ	l o j	native
লজমেন্ট	l o j m e n T	native
লজিক	l o j i k	native
লজিজ	l O j i j	native
লজিটেক	l o j i T e k	proper_noun
লজিটেকের	l o j i T e k e r	proper_noun
লজিস্টিক	l o j i s T i k	loanword
লজিস্টিকস	l o j i s T i k s	loanword
লজেন্স	l o j e n s	loanword
লজ্জমান	l o j j O m a n	native
লজ্জাই	l o j j a i	native
লজ্জাও	l o j j a O	native
লজ্জাকর	l o j j a k o r	native
লজ্জাকে	l o j j a k e	native
লজ্জাজনক	l o j j a j o n O k	native
লজ্জাজনকভাবে	l o j j a j o n o k bh a b e	native
লজ্জাটা	l o j j a T a	native
লজ্জাবতি	l o j j a b o t i	native
লজ্জার	l o j j a r	native
লজ্জাশরম	l o j j a sh o r o m	native
লজ্জাস্থান	l o j j a sth a n	native
লজ্জায়	l o j j a y	native
লজ্জিত	l O j j i t O	native
লঞ্চগুলোকে	l o n ch g u l O k e	native
লঞ্চগুলোতে	l o n ch g u l O t e	native
লঞ্চগুলোর	l o n ch g u l O r	native
লঞ্চঘাট	l o n ch gh a T	native
লঞ্চজাত্রি	l o n ch j a tr i	native
লঞ্চজাত্রিদের	l o n ch j a tr i d e r	compound
লঞ্চজাত্রিরা	l o n ch j a tr i r a	native
লঞ্চজোগে	l o n ch j O g e	native
লঞ্চটি	l o n ch T i	native
লঞ্চটিতে	l o n ch T i t e	native
লঞ্চডুবি	l o n ch D u b i	native
লঞ্চডুবিতে	l o n ch D u b i t e	native
লঞ্চডুবির	l o n ch D u b i r	native
লঞ্চমালিক	l o n ch m a l i k	native
লঞ্চমালিকদের	l o n ch m a l i k d e r	native
লঞ্চমালিকেরা	l o n ch m a l i k e r a	native
লঞ্চসহ	l o n ch sh o h O	native
লঞ্চার	l o n ch a r	native
লঞ্চে	l o n ch e	native
লঞ্চেই	l o n ch e i	native
লঞ্চেও	l o n ch e O	native
লঞ্চের	l o n ch e r	native
লট	l o T	native
লটক	l o T O k	native
লটকনের	l o T k O n e r	native
লটকা	l o T k a	native
লটকে	l o T k e	native
লটবহর	l o T b o h O r	native
লটরচটর	l o T O r ch o T O r	native
লটরপটর	l o T o r p o T o r	native
লটা	l o T a	native
লটারি	l o T a r i	native
লটারিতে	l o T a r i t e	native
লটারির	l o T a r i r	native
লটুয়া	l O T u y a	native
লটে	l o T e	native
লটের	l o T e r	native
লতা	l o t a	native
লতাকে	l o t a k e	native
লতাগাছ	l o t a g a chh o	native
লতাগুল্মের	l o t a g u l m e r	native
লতাচাপলি	l o t a ch a p l i	native
লতানো	l o t a n O	native
লতাপাতা	l o t a p a t a	native
লতাপাতায়	l o t a p a t a y	native
লতাবাড়িয়া	l o t a b a r i y a	native
লতার	l o t a r	native
লতায়	l o t a y	native
লতি	l O t i	native
লতিকা	l O t i k a	native
লতিফ	l O t i ph	native
লতিফকে	l O t i ph k e	native
লতিফসহ	l o t i ph sh o h O	native
লতিফা	l O t i ph a	native
লতিফুর	l O t i ph u r	native
লতিফুল	l O t i ph u l	native
লতিফের	l O t i ph e r	native
লতিয়ে	l o t i y e	native
লদপদ	l o d p o d	native
লন	l o n	native
লনওয়াবো	l o n O y a b O	native
লনে	l o n e	native
লন্ঠন	l o n Th o n	native
লন্ডন	l o n D O n	proper_noun
লন্ডনকে	l o n D o n k e	proper_noun
লন্ডনগামি	l o n D o n g a m i	proper_noun
লন্ডনপ্রবাসি	l o n D O n pr O b a sh i	loanword
লন্ডনসহ	l o n D o n sh o h O	proper_noun
লন্ডনে	l o n D O n e	proper_noun
লন্ডনেই	l o n D O n e i	proper_noun
লন্ডনেও	l o n D o n e O	proper_noun
লন্ডনের	l o n D O n e r	proper_noun
লন্ডভন্ড	l o n D o bh o n D O	native
লন্ডারিংয়ের	l o n D a r i ng y e r	loanword
লন্ড্রির	l o n D r i r	loanword
লপটানো	l o p T a n O	native
লপরচপর	l o p O r ch o p O r	native
লপসি	l O p sh i	native
লপেটা	l o p e T a	native
লপ্ত	l o p t O	native
লপ্সিকা	l O p sh i k a	native
লবংগ	l o b o ng g o	native
লবংগের	l o b o ng g e r	native
লবন	l o b O n	native
লবনও	l o b o n O	native
লবনচরা	l o b o n ch o r a	native
লবনচাশিরা	l o b o n ch a sh i r a	native
লবনচুশ	l o b o n ch u sh o	native
লবনজুক্ত	l o b O n j u kt O	native
লবনদানি	l o b o n d a n i	native
লবনপানি	l o b o n p a n i	native
লবনপানির	l o b o n p a n i r	native
লবনমাঠ	l o b o n m a Th	native
লবনশিল্প	l o b o n sh i l p o	native
লবনশিল্পের	l o b o n sh i l p e r	native
লবনসহ	l o b o n sh o h O	native
লবনসহিশ্নু	l o b o n sh o h i sh n u	native
লবনাক্ত	l o b O n a kt O	native
লবনাক্ততা	l o b o n a kt o t a	native
লবনাক্ততার	l o b o n a kt o t a r	native
লবনাক্ততাসহিশ্নু	l o b o n a kt o t a sh o h i sh n u	compound
লবনাক্তসহিশ্নু	l o b o n a kt o sh o h i sh n u	compound
লবনে	l o b o n e	native
লবনের	l o b o n e r	native
লবস্টার	l o b s T a r	loanword
লবস্যাং	l o b sh A ng	native
লবি	l o b i	native
লবিংয়ের	l o b i ng y e r	native
লবিও	l o b i O	native
লবিকে	l o b i k e	native
লবির	l o b i r	native
লবিস্ট	l o b i s T	loanword
লবেজান	l o b e j a n	native
লব্জ	l o b j	native
লব্ধ	l o b dh O	native
লব্ধপ্রতিশ্ঠ	l o b dh o pr o t i sh Th o	native
লভনিয়	l o bh o n i y O	native
লভ্যতা	l o b bh o t a	native
লভ্যাংশ	l O b bh a ng sh O	native
লভ্যাংশও	l o b bh a ng sh o O	native
লভ্যাংশপত্র	l o b bh a ng sh o p o tr o	native
লভ্যাংশসহ	l o b bh a ng sh o sh o h O	native
লভ্যাংশে	l o b bh a ng sh e	native
লভ্যাংশের	l O b bh a ng sh e r	native
লম্প	l o mp o	native
লম্পটি–ঝম্পটি	l o mp O T i jh o mp O T i	compound
লম্ফ	l o m ph O	native
লম্ফঝম্ফ	l o m ph o jh o m ph o	native
লম্ব	l o mb O	native
লম্বভাবে	l o mb O bh a b e	native
লম্বরদার	l o mb o r d a r	native
লম্বাই	l o mb a i	native
লম্বাকৃতির	l o mb a k ri t i r	tatsama
লম্বাটে	l o mb a T e	native
লম্বাবিল	l o mb a b i l	native
লম্বালম্বিভাবে	l o mb a l O mb i bh a b e	compound
লম্বায়	l o mb a y	native
লম্বিত	l O mb i t O	native
লম্বোদর	l o mb O d o r	native
লর	l o r	native
লরগাত	l o r g a t	native
লরগাতও	l o r g a t O	native
লরগাতকে	l o r g a t k e	native
লরগাতের	l o r g a t e r o	native
লরা	l o r a	native
লরাকে	l o r a k e	native
লরার	l o r a r	native
লরি	l o r i	native
লরিগুলো	l o r i g u l O	native
লরির	l o r i r	native
লরিসকে	l o r i sh k e	native
লরিসহ	l o r i sh o h O	native
লরিয়াস	l o r i y a sh	native
লরেট	l o r e T	native
লরেটো	l o r e T O	proper_noun
লরেন	l o r e n	native
লরেনের	l o r e n e r	native
লরেন্ট	l o r e n T	proper_noun
লরেন্ত	l o r e nt	native
লরেন্তে	l o r e nt e	native
লরেন্তো	l o r e nt O	native
লরেন্সের	l o r e n s e r	loanword
লরেল	l o r e l	native
লর্ড	l o r D	loanword
লর্ডরা	l o r D r a	loanword
লর্ডশিপ	l o r D sh i p	loanword
লর্ডস	l o r D s	loanword
লর্ডসভার	l o r D sh o bh a y	loanword
লর্ডসে	l o r D s e	loanword
লর্ডসেই	l o r D s e i	loanword
লর্ডসের	l o r D s e r	loanword
লর্ডহার্ডিঞ্জ	l o r D h a r o D i n j	compound
ললন	l o l O n	native
ললনা	l o l O n a	native
ললনাদের	l o l O n a d e r	native
ললনার	l o l O n a r	native
ললন্তিকা	l o l O nt i k a	native
ললাট	l o l a T	native
ললাটলিখন	l o l a T l i kh o n	native
ললাম	l o l a m	native
ললিত	l O l i t O	native
ললিতকে	l O l i t O k e	native
ললিতপুর	l O l i t O p u r	native
ললিতা	l O l i t a	native
ললিতার	l O l i t a r	native
ললৎ	l o l O t	native
লসন	l o sh o n	native
লসাগু	l o sh a g u	native
লসিকা	l O sh i k a	native
লসিত	l O sh i t O	native
লসের	l o sh e r	native
লস্কর	l o s k o r	loanword
লস্করকে	l o s k o r k e	loanword
লস্করপাড়া	l o s k o r p a r a	loanword
লস্করপুর	l o s k o r p u r	loanword
লস্করের	l o s k o r e r	loanword
লস্কার	l o s k a r	loanword
লস্ট	l o s T	loanword
লহ	l o h O	native
লহনা	l o h O n a	native
লহমা	l o h O m a	native
লহমায়	l o h o m a y	native
লহর	l o h O r	native
লহরি	l o h O r i	native
লহরের	l o h O r e r	native
লহা	l o h a	native
লা	l a	native
লাং	l a ng	native
লাংগল	l a ng g o l	native
লাংগলবন্দ	l a ng g o l b o nd o	native
লাংগলবন্দে	l a ng g o l b o nd e	native
লাংগলবন্দের	l a ng g o l b o nd e r	native
লাংগলবাধ	l a ng g o l b a dh	native
লাংগলি	l a ng g O l i	native
লাংগা	l a ng g a	native
লাংগুল	l a ng g u l	native
লাংল	l a ng l	native
লাংলে	l a ng l e	native
লাংলের	l a ng l e r	native
লাংসিসা	l a ng sh i sh a	native
লাই	l a i	native
লাইকস	l a i k sh	native
লাইকা	l a i k a	native
লাইকেন	l a i k e n	native
লাইকের	l a i k e r	native
লাইকোপিন	l a i k O p i n	native
লাইকোপেন	l a i k O p e n	native
লাইগা	l a i g a	native
লাইগার	l a i g a r	native
লাইগারের	l a i g a r e r	native
লাইগেশন	l a i g e sh o n	native
লাইগ্গা	l a i g g a	native
লাইগ্যা	l a i g g a	native
লাইজু	l a i j u	native
লাইট	l a i T	loanword
লাইটগুলো	l a i T g u l O	loanword
লাইটপোস্ট	l a i T p O s T	loanword
লাইটপোস্টের	l a i T p O s T e r	loanword
লাইটস	l a i T s	loanword
লাইটার	l a i T a r	loanword
লাইটারেজ	l a i T a r e j	loanword
লাইটিং	l a i T i ng	loanword
লাইটে	l a i T e	loanword
লাইটের	l a i T e r	loanword
লাইটোলার	l a i T O l a r	native
লাইট্রো	l a i T r O	loanword
লাইন	l a i n	native
লাইনআপ	l a i n a p	native
লাইনআপকে	l a i n a p k e	native
লাইনআপটা	l a i n a p T a	loanword
লাইনআপে	l a i n a p e	native
লাইনআপের	l a i n a p e r	native
লাইনই	l a i n i	native
লাইনকে	l a i n k e	native
লাইনগুলো	l a i n g u l O	native
লাইনচ্যুত	l a i n ch u t O	native
লাইনটা	l a i n T a	loanword
লাইনটি	l a i n T i	loanword
লাইনটিতে	l a i n T i t e	loanword
লাইনটির	l a i n T i r	loanword
লাইনম্যান	l a i n m A n	native
লাইনম্যানও	l a i n m A n O	native
লাইনম্যানকে	l a i n m A n k e	native
লাইনম্যানের	l a i n m A n e r	native
লাইনস	l a i n sh	native
লাইনসহ	l a i n sh o h O	native
লাইনসের	l a i n sh e r	native
লাইনার	l a i n a r	native
লাইনিং	l a i n i ng	native
লাইনে	l a i n e	native
লাইনেই	l a i n e i	native
লাইনেও	l a i n e O	native
লাইনের	l a i n e r	native
লাইনো	l a i n O	native
লাইন্স	l a i n s	loanword
লাইন্সম্যান	l a i n s m A n	loanword
লাইন্সম্যানের	l a i n s m A n e r	loanword
লাইপোসাকশন	l a i p O sh a k sh o n	native
লাইফ	l a i ph	native
লাইফওয়ে	l a i ph O y e	native
লাইফগার্ড	l a i ph g a r D	loanword
লাইফগার্ডের	l a i ph g a r D e r	loanword
লাইফটাইম	l a i ph T a i m	loanword
লাইফবুক	l a i ph b u k	native
লাইফবোট	l a i ph b O T	loanword
লাইফবয়	l a i ph b o y	native
লাইফস্টাইল	l a i ph s T a i l	loanword
লাইফে	l a i ph e	native
লাইফের	l a i ph e r	native
লাইবর	l a i b o r	native
লাইবেরিয়া	l a i b e r i y a	native
লাইবেরিয়ান	l a i b e r i y a n	native
লাইবেরিয়ার	l a i b e r i y a r	native
লাইবেরিয়ায়	l a i b e r i y a y	native
লাইব্রেরি	l a i br e r i	native
লাইব্রেরিকে	l a i br e r i k e	native
লাইব্রেরিটি	l a i br e r i T i	loanword
লাইব্রেরিতে	l a i br e r i t e	native
লাইব্রেরির	l a i br e r i r	native
লাইব্রেরিয়ান	l a i br e r i y a n	native
লাইব্রেরিয়ানের	l a i br e r i y a n e r	compound
লাইভ	l a i bh	native
লাইভলিহুড	l a i bh l i h u D	loanword
লাইভস	l a i bh sh	native
লাইভস্টক	l a i bh s T o k	loanword
লাইভস্ট্যান্ড	l a i bh s T A n D	loanword
লাইভের	l a i bh e r	native
লাইম	l a i m	native
লাইমপাশা	l a i m p a sh a	native
লাইমলাইটে	l a i m l a i T e	loanword
লাইল	l a i l	native
লাইলা	l a i l a	native
লাইলাক	l a i l a k	native
লাইলাতুন	l a i l a t u n	native
লাইলাতুল	l a i l a t u l	native
লাইলি	l a i l i	native
লাইলিকে	l a i l i k e	native
লাইলির	l a i l i r	native
লাইলুন	l a i l u n	native
লাইলের	l a i l e r	native
লাইসা	l a i sh a	native
লাইসাপ্লেনে	l a i sh a p e l n e	loanword
লাইসেন্সই	l a i s e n s i	loanword
লাইসেন্সও	l a i s e n s O	loanword
লাইসেন্সকৃত	l a i s e n s k ri t O	tatsama
লাইসেন্সগুলো	l a i s e n s g u l O	loanword
লাইসেন্সটি	l a i s e n s T i	loanword
লাইসেন্সধারি	l a i s e n s dh a r i	loanword
লাইসেন্সধারিদের	l a i s e n s dh a r i d e r	loanword
লাইসেন্সধারির	l a i s e n s dh a r i r	loanword
লাইসেন্সপ্রাপ্ত	l a i s e n s pr a p t O	loanword
লাইসেন্সবিহিন	l a i s e n s b i h i n	loanword
লাইসেন্সসহ	l a i s e n s sh o h O	loanword
লাইসেন্সিং	l a i s e n s i ng	loanword
লাইসেন্সে	l a i s e n s e	loanword
লাইসেন্সের	l a i s e n s e r	loanword
লাউকাঠি	l a u k a Th i	native
লাউখোলা	l a u kh O l a	native
লাউঞ্জ	l a u n j	native
লাউঞ্জে	l a u n j e	native
লাউঞ্জের	l a u n j e r	native
লাউডস্পিকার	l a u D s p i k a r	loanword
লাউপাতা	l a u p a t a	native
লাউসহ	l a u sh o h O	native
লাউড়	l a u r	native
লাউয়াছড়া	l a u y a chh o r a	native
লাউয়াছড়ার	l a u y a chh o r a r	native
লাউয়াছড়ায়	l a u y a chh o r a y	native
লাউয়ারঘর	l a u y a r gh o r	native
লাউয়ের	l a u y e r	native
লাও	l a O	native
লাওডে	l a O D e	native
লাওস	l a O sh	native
লাওসসহ	l a O sh sh o h O	native
লাওসে	l a O sh e	native
লাওসের	l a O sh e r	native
লাক	l a k	native
লাকপা	l a k p a	native
লাকমল	l a k m o l	native
লাকমলের	l a k m o l e r	native
লাকমাল	l a k m a l	native
লাকসাম	l a k sh a m	native
লাকসামে	l a k sh a m e	native
লাকসামের	l a k sh a m e r	native
লাকা	l a k a	native
লাকি	l a k i	native
লাকিকে	l a k i k e	native
লাকির	l a k i r	native
লাক্কাতুরা	l a k k a t u r a	native
লাক্ষিক	l a kkh i k	tatsama
লাক্ষ্যিক	l a kkh i k	tatsama
লাক্স	l a k s	loanword
লাক্সতারকা	l a k s t a r O k a	loanword
লাক্সারি	l a k s a r i	loanword
লাক্সের	l a k s e r	loanword
লাকড়ি	l a k r i	native
লাকড়ির	l a k o r i r	native
লাখ	l a kh	native
লাখই	l a kh i	native
লাখকেই	l a kh k e i	native
লাখখানেক	l a kh kh a n e k	native
লাখপুর	l a kh p u r	native
লাখবার	l a kh b a r	native
লাখভি	l a kh bh i	native
লাখভির	l a kh bh i r	native
লাখাই	l a kh a i	native
লাখে	l a kh e	native
লাখের	l a kh e r	native
লাখেরও	l a kh e r O	native
লাখেরাজ	l a kh e r a j	native
লাগ	l a g	native
লাগছেই	l a g chh e i	native
লাগজে	l a g j e	native
লাগত	l a g t O	native
লাগতাছে	l a g t a sh e	native
লাগতে	l a g t e	native
লাগতেই	l a g t e i	native
লাগতো	l a g t O	native
লাগব	l a g b O	native
লাগবি	l a g b i	native
লাগবে	l a g b e	native
লাগবেই	l a g b e i	native
লাগবেন	l a g b e n	native
লাগবো	l a g b O	native
লাগল	l a g l O	native
লাগলাম	l a g l a m	native
লাগলে	l a g l e	native
লাগলেই	l a g l e i	native
লাগলেও	l a g l e O	native
লাগলেন	l a g l e n	native
লাগলো	l a g l O	native
লাগসই	l a g sh O i	native
লাগা	l a g a	native
লাগাই	l a g a i	native
লাগাইছে	l a g a i chh e	native
লাগাইনি	l a g a i n i	native
লাগাইয়া	l a g a i y a	native
লাগাও	l a g a O	native
লাগাচ্ছি	l a g a ch chh i	native
লাগাচ্ছিলেন	l a g a ch chh i l e n	native
লাগাচ্ছে	l a g a ch chh e	native
লাগাচ্ছেন	l a g a ch chh e n	native
লাগাটাই	l a g a T a i	native
লাগাতারভাবে	l a g a t a r bh a b e	native
লাগাতেই	l a g a t e i	native
লাগাতেন	l a g a t e n	native
লাগান	l a g a n	native
লাগাননি	l a g a n n i	native
লাগানোই	l a g a n O i	native
লাগানোও	l a g a n O O	native
লাগানোরও	l a g a n O r o O	native
লাগানোয়	l a g a n O y	native
লাগাব	l a g a b O	native
লাগাবেন	l a g a b e n	native
লাগাম	l a g a m	native
লাগামছাড়া	l a g a m chh a r a	native
লাগামটা	l a g a m T a	native
লাগামহিন	l a g a m h i n	native
লাগামহিনভাবে	l a g a m h i n bh a b e	native
লাগার	l a g a r	native
লাগারই	l a g a r i	native
লাগার্দ	l a g a r d	native
লাগার্দের	l a g a r d e r	native
লাগাল	l a g a l O	native
লাগালাগি	l a g a l a g i	native
লাগালাম	l a g a l a m	native
লাগালে	l a g a l e	native
লাগালেই	l a g a l e i	native
লাগালেও	l a g a l e O	native
লাগালেন	l a g a l e n	native
লাগাড়	l a g a r	native
লাগায়	l a g a y	native
লাগায়নি	l a g a y n i	native
লাগায়েত	l a g a y e t	native
লাগি	l a g i	native
লাগিল	l a g i l O	native
লাগিলাম	l a g i l a m	native
লাগিলেন	l a g i l e n	native
লাগিয়া	l a g i y a	native
লাগিয়ে	l a g i y e	native
লাগিয়েই	l a g i y e i	native
লাগিয়েও	l a g i y e O	native
লাগিয়েছি	l a g i y e chh i	native
লাগিয়েছিল	l a g i y e chh i l	native
লাগিয়েছিলাম	l a g i y e chh i l a m	native
লাগিয়েছিলেন	l a g i y e chh i l e n	native
লাগিয়েছে	l a g i y e chh e	native
লাগিয়েছেন	l a g i y e chh e n	native
লাগুক	l a g u k	native
লাগে	l a g e	native
লাগেই	l a g e i	native
লাগেজে	l a g e j e	native
লাগেজের	l a g e j e r	native
লাগেন	l a g e n	native
লাগেনা	l a g e n a	native
লাগেনি	l a g e n i	native
লাগের	l a g e r	native
লাগোর্ডিয়া	l a g O r D i y a	proper_noun
লাগোস	l a g O sh	native
লাগোয়া	l a g O y a	native
লাঘব	l a gh o b	native
লাঘবে	l a gh o b e	native
লাঘবের	l a gh O b e r	native
লাঘাটা	l a gh a T a	native
লাঘারিকে	l a gh a r i k e	native
লাচ্ছা	l a ch chh a	native
লাচ্ছি	l a ch chh i	native
লাজলো	l a j l O	native
লাজানিয়া	l a j a n i y a	native
লাজিওতে	l a j i O t e	native
লাজিওর	l a j i O r	native
লাঞ্চ	l a n ch	native
লাঞ্চপ্যাকেট	l a n ch o p A k e T	native
লাঞ্চিত	l a n ch i t O	native
লাঞ্চে	l a n ch e	native
লাঞ্চের	l a n ch e r	native
লাঞ্ছন	l a n chh O n	native
লাঞ্ছনা	l a n chh O n a	native
লাঞ্ছনাকর	l a n ch o n a k o r	native
লাঞ্ছনাকারি	l a n ch o n a k a r i	native
লাঞ্ছনাকারিদের	l a n chh O n a k a r i d e r	compound
লাঞ্ছনার	l a n chh o n a r	native
লাঞ্ছিত	l a n chh i t O	native
লাঞ্ছিতও	l a n ch i t o O	native
লাট	l a T	native
লাটভিয়া	l a T bh i y a	proper_noun
লাটভিয়ার	l a T bh i y a r	proper_noun
লাটা	l a T a	native
লাটাই	l a T a i	native
লাটাকিয়া	l a T a k i y a	proper_noun
লাটিপেটা	l a T i p e T a	native
লাটে	l a T e	native
লাঠালাঠি	l a Th a l a Th i	native
লাঠিও	l a Th i O	native
লাঠিখেলা	l a Th i kh A l a	native
লাঠিখেলাকে	l a Th i kh e l a k e	native
লাঠিচার্জ	l a Th i ch a r j	native
লাঠিচার্জে	l a Th i ch a r o j e	native
লাঠিচার্জের	l a Th i ch a r o j e r	native
লাঠিটি	l a Th i T i	native
লাঠিটিলা	l a Th i T i l a	native
লাঠিতে	l a Th i t e	native
লাঠিধারি	l a Th i dh a r i	native
লাঠিপেটাও	l a Th i p e T a O	native
লাঠিপেটার	l a Th i p e T a r	native
লাঠিপেটায়	l a Th i p e T a y	native
লাঠিমিছিল	l a Th i m i chh i l o	native
লাঠির	l a Th i r	native
লাঠিসহ	l a Th i sh o h O	native
লাঠিসোটা	l a Th i sh O T a	native
লাঠিসোটাসহ	l a Th i sh O T a sh o h O	native
লাঠিয়াল	l a Th i y a l	native
লাঠিয়ালদের	l a Th i y a l d e r	native
লাঠিয়ালের	l a Th i y a l e r	native
লাঠিয়ালেরা	l a Th i y a l e r a	native
লাড্ডু	l a D D u	native
লাড্ডুর	l a D D u r	native
লাতভিয়ার	l a t bh i a r	native
লাতাকিয়ায়	l a t a k i y a y	native
লাতিন	l a t i n	native
লাতিনের	l a t i n e r	native
লাতু	l a t u	native
লাত্তি	l a tt i	native
লাত্থি	l a t th i	native
লাত–মানাত	l a t m a n a t	native
লাথ	l a th	native
লাথি	l a th i	native
লাথিতে	l a th i t e	native
লাথিস	l a th i sh	native
লাদা	l a d a	native
লাদাখে	l a d a kh e	native
লাদাখের	l a d a kh e r	native
লাদুমনি	l a d u m o n i	native
লাদেন	l a d e n	native
লাদেনও	l a d e n O	native
লাদেনকে	l a d e n k e	native
লাদেনসহ	l a d e n sh o h O	native
লাদেনের	l a d e n e r	native
লাধিক	l a dh i k	native
লান	l a n	native
লানুফ	l a n u ph	native
লানুফে	l a n u ph e	native
লানুফের	l a n u ph e r	native
লাপোর্তার	l a p O r t a r	native
লাফঝাপ	l a ph jh a p	native
লাফটা	l a ph T a	native
লাফনারকে	l a ph n a r k e	native
লাফনারের	l a ph n a r e r	native
লাফাংগা	l a ph a ng g a	native
লাফাংগে	l a ph a ng g e	native
লাফাতে	l a ph a t e	native
লাফাবে	l a ph a b e	native
লাফার্জের	l a ph a r j e r	native
লাফালাফি	l a ph a l a ph i	native
লাফিয়ে	l a ph i y e	native
লাব	l a b	native
লাবন	l a b O n	native
লাবনি	l a b o n i	native
লাবনিক	l a b O n i k	native
লাবনিকে	l a b o n i k e	native
লাবনির	l a b o n i r	native
লাবন্তে	l a b o nt e	native
লাবন্য	l a b O n n O	native
লাবন্যকে	l a b O n n O k e	native
লাবন্যর	l a b O n n O r	native
লাবন্যে	l a b o n n e	native
লাবন্যের	l a b O n n e r	native
লাবলুর	l a b o l u r	native
লাবসা	l a b sh a	native
লাবিউফ	l a b i u ph	native
লাবিউফের	l a b i u ph e r	native
লাবিব	l a b i b	native
লাবু	l a b u	native
লাবুও	l a b u O	native
লাবুর	l a b u r	native
লাবুসহ	l a b u sh o h O	native
লাব্বাইক	l a b b a i k	native
লাভ	l a bh	native
লাভই	l a bh i	native
লাভও	l a bh O	native
লাভকারি	l a bh k a r i	native
লাভকে	l a bh k e	native
লাভক্ষতি	l a bh kkh o t i	tatsama
লাভক্ষতির	l a bh kkh o t i r	tatsama
লাভজনক	l a bh j o n O k	native
লাভজনকভাবে	l a bh j o n O k bh a b e	native
লাভটা	l a bh T a	native
লাভপুর	l a bh p u r	native
লাভবান	l a bh O b a n	native
লাভবানই	l a bh o b a n o i	native
লাভবানও	l a bh o b a n O	native
লাভরভ	l a bh r o bh	native
লাভরভের	l a bh r o bh e r	native
লাভলি	l a bh l i	native
লাভলির	l a bh l i r	native
লাভলু	l a bh l u	native
লাভলুর	l a bh l u r	native
লাভলেইন	l a bh l e i n	native
লাভলেস	l a bh l e sh	native
লাভসহ	l a bh sh o h O	native
লাভা	l a bh a	native
লাভাচকোভা	l a bh a ch k O bh a	native
লাভার	l a bh a r	native
লাভারস	l a bh a r sh	native
লাভালাভ	l a bh a l a bh	native
লাভালাভের	l a bh a l a bh e r	native
লাভালিন	l a bh a l i n	native
লাভালিনকে	l a bh a l i n k e	native
লাভায়	l a bh a y	native
লাভু	l a bh u	native
লাভে	l a bh e	native
লাভেজ্জি	l a bh e j j i	native
লাভেজ্জির	l a bh e j j i r	native
লাভেন্তে	l a bh e nt e	native
লাভেস্সি	l a bh e sh sh i	native
লামকে	l a m k e	native
লামচরি	l a m ch o r i	native
লামচিতা	l a m ch i t a	native
লামজুং	l a m j u ng	native
লামহে	l a m h e	native
লামাকে	l a m a k e	native
লামাপাড়া	l a m a p a r a	native
লামার	l a m a r	native
লামায়	l a m a y o	native
লামি	l a m i	native
লামিয়া	l a m i y a	native
লামিয়ার	l a m i y a r	native
লামের	l a m e r	native
লামো	l a m O	native
লাম্পট্য	l a mp o T T O	native
লাম্ব	l a mb o	native
লাম্বা	l a mb a	native
লাম্বাএ	l a mb a y e	native
লারকানায়	l a r k a n a y	native
লারপাড়ায়	l a r p a r a y	native
লারমা	l a r m a	native
লারমাকে	l a r m a k e	native
লারমার	l a r m a r	native
লারমাসহ	l a r m a sh o h O	native
লারমিনি	l a r m i n i	native
লারস	l a r o sh o	native
লারসেন	l a r sh e n	native
লারা	l a r a	native
লারাকে	l a r a k e	native
লারাম	l a r a m	native
লারার	l a r a r	native
লারিজানি	l a r i j a n i	native
লারিসা	l a r i sh a	native
লার্জ	l a r j	native
লার্ন	l a r n o	native
লার্নএশিয়া	l a r n e sh i y a	native
লার্নার	l a r n a r	native
লার্ভা	l a r bh a	native
লার্স	l a r sh	native
লালকার্ড	l a l k a r D	loanword
লালকুঠি	l a l k u Th i	native
লালকৃশ্ন	l a l k ri sh n O	tatsama
লালকে	l a l k e	native
লালকেল্লায়	l a l k e l l a y	native
লালখান	l a l kh a n	native
লালখানবাজার	l a l kh a n b a j a r	native
লালগালিচা	l a l g a l i ch a	native
লালগড়	l a l g o r	native
লালগড়ে	l a l g o r e	native
লালগড়ের	l a l g o r e r	native
লালচ	l a l O ch	native
লালচে	l a l ch e	native
লালচেভাব	l a l ch e bh a b	native
লালথানওয়ালা	l a l th a n o O y a l a	native
লালদিঘি	l a l d i gh i	native
লালদিঘিকে	l a l d i gh i k e	native
লালদিঘিতে	l a l d i gh i t e	native
লালদিঘির	l a l d i gh i r	native
লালদিয়া	l a l d i y a	native
লালন	l a l O n	native
লালনকারি	l a l o n k a r i	native
লালনকে	l a l O n k e	native
লালনগিতি	l a l O n g i t i	native
লালনগিতির	l a l o n g i t i r	native
লালনসংগিত	l a l o n sh o ng g i t	native
লালনে	l a l o n e	native
লালনের	l a l O n e r	native
লালপতাকা	l a l p o t a k a	native
লালপতাকার	l a l p o t a k a r	native
লালপা	l a l p a	native
লালপুরে	l a l p u r e	native
লালপুরের	l a l p u r e r	native
লালফিতার	l a l ph i t a r	native
লালবাগ	l a l b a g	native
লালবাগে	l a l b a g e	native
লালবাগের	l a l b a g e r	native
লালবাজারে	l a l b a j a r e	native
লালবাজারের	l a l b a j a r e r	native
লালবাহাদুর	l a l b a h a d u r	native
লালবাড়ি	l a l b a r i	native
লালবাড়িটা	l a l b a r i T a	native
লালবাড়িটার	l a l b a r i T a r	native
লালবাড়ির	l a l b a r i r	native
লালমনি	l a l m O n i	native
লালমনিরহাট	l a l m O n i r h a T	native
লালমনিরহাটগামি	l a l m o n i r h a T g a m i	compound
লালমনিরহাটে	l a l m O n i r h a T e	native
লালমনিরহাটের	l a l m O n i r h a T e r	native
লালমাই	l a l m a i	native
লালমাটির	l a l m a T i r	native
লালমাটিয়া	l a l m a T i y a	native
লালমাটিয়ার	l a l m a T i y a r	native
লালমাটিয়ায়	l a l m a T i y a y	native
লালমাথা	l a l m a th a	native
লালমুখো	l a l m u kh O	native
লালমোহন	l a l m O h O n	native
লালমোহনে	l a l m O h O n e	native
লালমোহনের	l a l m O h O n e r	native
লালরংা	l a l r o ng g a	native
লালশাক	l a l sh a k	native
লালশাকের	l a l sh a k e r	native
লালশার্ট	l a l sh a r T	native
লালস	l a l O sh	native
লালসহ	l a l sh o h O	native
লালসা	l a l O sh a	native
লালসার	l a l sh a r	native
লালসালু	l a l sh a l u	native
লালসালুতে	l a l sh a l u t e	native
লালসাহিন	l a l sh a h i n	native
লালাখাল	l a l a kh a l	native
লালাখালের	l a l a kh a l e r	native
লালাগ্রন্থি	l a l a gr O n th i	native
লালাটিক	l a l a T i k	native
লালানগর	l a l a n o g o r	native
লালার	l a l a r	native
লালায়িত	l a l a y i t O	native
লালি	l a l i	native
লালিকা	l a l i k a	native
লালিকে	l a l i k e	native
লালিত	l a l i t O	native
লালিত্য	l a l i t t O	native
লালিমা	l a l i m a	native
লালির	l a l i r	native
লালু	l a l u	native
লালুকে	l a l u k e	native
লালুপ্রসাদ	l a l u p o r sh a d	native
লালুপ্রসাদের	l a l u p o r sh a d e r	native
লালুর	l a l u r	native
লালুয়া	l a l u y a	native
লালের	l a l e r	native
লাল্জ	l a l j	native
লাল্টু	l a l T u	native
লাল্টুর	l a l T u r	native
লাশ	l a sh	native
লাশই	l a sh i	native
লাশও	l a sh O	native
লাশকাটা	l a sh k a T a	native
লাশকে	l a sh k e	native
লাশগুলো	l a sh g u l O	native
লাশগুলোর	l a sh g u l O r	native
লাশঘর	l a sh gh o r	native
লাশঘরে	l a sh gh o r e	native
লাশঘরের	l a sh gh o r e r	native
লাশটাও	l a sh T a O	native
লাশটিকে	l a sh T i k e	native
লাশটির	l a sh T i r	native
লাশবাহি	l a sh b a h i	native
লাশে	l a sh e	native
লাশের	l a sh e r	native
লাস	l a sh	native
লাসভেগাসে	l a sh bh e g a sh e	native
লাসভেগাসের	l a sh bh e g a sh e r	native
লাসানা	l a sh a n a	native
লাসার	l a sh a r	native
লাসাস	l a sh a sh	native
লাসিথ	l a sh i th	native
লাস্কি	l a s k o i	loanword
লাস্কির	l a s k i r	loanword
লাস্টিং	l a s T i ng	loanword
লাস্টিকের	l a sh T i k e r	loanword
লাস্তি	l a st i	native
লাস্যময়ি	l a sh sh o m o y	native
লাহন্তি	l a h o nt i	native
লাহা	l a h a	native
লাহান	l a h a n	native
লাহানতি	l a h a n o t i	native
লাহাব	l a h a b	native
লাহাবের	l a h a b e r	native
লাহারহাট	l a h a r h a T	native
লাহিরু	l a h i r u	native
লাহিড়ি	l a h i r i	native
লাহিড়ির	l a h i r i r	native
লাহু.	l a h u	native
লাহুড়িয়া	l a h u r i y a	native
লাহোর	l a h O r	native
লাহোরবাসি	l a h O r b a sh i	loanword
লাহোরে	l a h O r e	native
লাহোরের	l a h O r e r	native
লাড়কা	l a r k a	native
লায়ন	l a y o n	native
লায়নও	l a y o n O	native
লায়নস	l a y o n sh	native
লায়নের	l a y o n e r	native
লায়ন্স	l a y o n s	loanword
লায়ন্সের	l a y o n s e r	loanword
লায়লা	l a y l a	native
লায়লাকে	l a y l a k e	native
লায়লার	l a y l a r	native
লায়েক	l a y e k	native
লায়েককে	l a y e k k e	native
লায়েকের	l a y e k e r	native
লায়েব	l a y e b	native
লা–জওয়াব	l a j o O y a b	native
লা–দাবি	l a d a b i	native
লা–শরিক	l a sh O r i k	native
লি	l i	native
লিংক	l i ng k	native
লিংকগুলো	l i ng k g u l O	native
লিংকটি	l i ng k T i	native
লিংকটিতে	l i ng k T i t e	native
লিংকডইন	l i ng k D o i n	proper_noun
লিংকন	l i ng k O n	native
লিংকনের	l i ng k o n e r	native
লিংকস	l i ng k sh	native
লিংকেজ	l i ng k e j	native
লিংদো	l i ng d O	native
লিং্ক	l i ng k	native
লিঃ	l i	tatsama
লিউ	l i u	native
লিউইস	l i u i sh	native
লিউক	l i u k	native
লিউকে	l i u k e	native
লিউকেমিয়ায়	l i u k e m i y a y	native
লিউনস্কির	l i u n s k i r	loanword
লিউব্লিয়ানা	l i u bl i a n a	loanword
লিওকে	l i O k e	native
লিওন	l i O n	native
লিওনকে	l i O n k e	native
লিওনার্ড	l i O n a r D o	proper_noun
লিওনার্দো	l i O n a r d O	native
লিওনার্দোর	l i O n a r d O r	native
লিওনি	l i O n i	native
লিওনিডাস	l i O n i D a sh	proper_noun
লিওনিদ	l i O n i d	native
লিওনে	l i O n e	native
লিওনের	l i O n e r	native
লিওনেল	l i O n e l	native
লিওর	l i O r	native
লিওলা	l i O l a	native
লিক	l i k	native
লিকলিক	l i k l i k	native
লিকলিকে	l i k l i k e	native
লিকামভা	l i k a m o bh a	native
লিকারের	l i k a r e r	native
লিকুইড	l i k u i D	loanword
লিকুইডিটি	l i k u i D i T i	loanword
লিকুচ	l i k u ch	native
লিকে	l i k e	native
লিক্যুইফেকশন	l i k u i ph e k sh o n	native
লিখছি	l i kh chh i	native
লিখছিল	l i kh chh i l o	native
লিখছিলেন	l i kh chh i l e n	native
লিখছেন	l i kh chh e n	native
লিখত	l i kh t O	native
লিখতাম	l i kh t a m	native
লিখতে	l i kh t e	native
লিখতেই	l i kh t e i	native
লিখতেও	l i kh t e O	native
লিখতেন	l i kh t e n	native
লিখনও	l i kh o n o O	native
লিখনকে	l i kh O n k e	native
লিখনে	l i kh O n e	native
লিখনের	l i kh O n e r	native
লিখবে	l i kh b e	native
লিখবেন	l i kh b e n	native
লিখবো	l i kh b O	native
লিখল	l i kh l O	native
লিখলে	l i kh l e	native
লিখলেই	l i kh l e i	native
লিখলেও	l i kh l e O	native
লিখার	l i kh a r	native
লিখিত	l i kh i t O	native
লিখিতব্য	l i kh i t O b b O	native
লিখিতভাবে	l i kh i t O bh a b e	native
লিখিতভাবেও	l i kh i t o bh a b e O	native
লিখিতে	l i kh i t e	native
লিখিনি	l i kh i n i	native
লিখিবার	l i kh i b a r	native
লিখিবে	l i kh i b e	native
লিখিবেন	l i kh i b e n	native
লিখিয়া	l i kh i y a	native
লিখিয়ে	l i kh i y e	native
লিখিয়েছিলেন	l i kh i y e chh i l e n	native
লিখিয়েছে	l i kh i y e chh e	native
লিখিয়েছেন	l i kh i y e chh e n	native
লিখুক	l i kh u k	native
লিখুন	l i kh u n	native
লিখে	l i kh e	native
লিখেই	l i kh e i	native
লিখেও	l i kh e O	native
লিখেছি	l i kh e chh i	native
লিখেছিল	l i kh e chh i l O	native
লিখেছিলেন	l i kh e chh i l e n	native
লিখেছেন	l i kh e chh e n	native
লিখেননি	l i kh e n n i	native
লিগই	l i g i	native
লিগও	l i g O	native
লিগকে	l i g k e	native
লিগকেই	l i g k e i	native
লিগগুলো	l i g g u l O	native
লিগগুলোর	l i g g u l O r	native
লিগজয়ি	l i g j o y i	native
লিগটা	l i g T a	native
লিগটাই	l i g T a i	native
লিগটি	l i g T i	native
লিগবিরোধি	l i g b i r O dh i	native
লিগসহ	l i g sh o h O	native
লিগা	l i g a	native
লিগানিন	l i g a n i n	native
লিগামেন্ট	l i g a m e n T	loanword
লিগামেন্টে	l i g a m e n T	loanword
লিগার	l i g a r	native
লিগাল	l i g a l	native
লিগাসি	l i g a sh i	native
লিগায়	l i g a y	native
লিগে	l i g e	native
লিগেই	l i g e i	native
লিগেও	l i g e O	native
লিগেরই	l i g e r i	native
লিগেরও	l i g e r O	native
লিগেসি	l i g e sh i	native
লিংগ	l i ng g O	native
লিংগবোইশম্য	l i ng g o b O i sh o m m o	native
লিংগবোইশম্যের	l i ng g o b O i sh o m m e r	compound
লিংগভিত্তিক	l i ng g o bh i tt i k	native
লিংগভেদে	l i ng g o bh e d e	native
লিংগরামকে	l i ng g o r a m k e	native
লিংগসমতা	l i ng g o sh o m o t a	native
লিংগায়েত	l i ng g a y e t	native
লিংগিয়	l i ng g i y	native
লিংগুইসাইড	l i ng g u i sh a i D	native
লিংগুয়া	l i ng g u y a	native
লিংগের	l i ng g e r	native
লিগকেও	l i g k e O	native
লিগদলিয়	l i g d o l i y	native
লিগপন্থি	l i g p o n th i	native
লিগসমর্থিত	l i g sh o m o r th i t o	native
লিগারদের	l i g a r d e r	native
লিগাররা	l i g a r r a	native
লিগারের	l i g a r e r	native
লিগ্যালএইড	l i g g a l e i D	loanword
লিগ্যাসি	l i g A s i	loanword
লিচি	l i ch i	native
লিচুগাছ	l i ch u g a chh	native
লিচুতলা	l i ch u t o l a	native
লিচুতে	l i ch u t e	native
লিচুবাগান	l i ch u b a g a n	native
লিচুবাগানের	l i ch u b a g a n e r	native
লিচুর	l i ch u r	native
লিচুসহ	l i ch u sh o h O	native
লিচ্ছবিদেরকে	l i ch chh o b i d e r k e	native
লিজ	l i j	native
লিজনার	l i j n a r	native
লিজা	l i j a	native
লিজাকে	l i j a k e	native
লিজি	l i j i	native
লিজিং	l i j i ng	native
লিজিংসহ	l i j i ng sh o h O	native
লিজিংয়ের	l i j i ng y e r	native
লিজির	l i j i r	native
লিজেন্ড	l i j e n D	loanword
লিজেন্ডস	l i j e n D s	loanword
লিজের	l i j e r	native
লিজ্জে	l i j j e	native
লিঞ্চ	l i n ch	native
লিটন	l i T O n	proper_noun
লিটনও	l i T o n O	proper_noun
লিটনকে	l i T o n k e	proper_noun
লিটনসহ	l i T o n sh o h O	proper_noun
লিটনের	l i T o n e r	proper_noun
লিটমাস	l i T m a s	loanword
লিটলমনস্টারডটকম	l i T o l m o n o s T a r D o T k o m	loanword
লিটলম্যাগ	l i T O l m A g	loanword
লিটারে	l i T a r e	loanword
লিটারেচার	l i T a r e ch a r	loanword
লিটারের	l i T a r e r	loanword
লিটারেরি	l i T a r e r i	loanword
লিটারেসি	l i T a r e s i	loanword
লিটু	l i T u	native
লিট্টেন	l i T T e n	proper_noun
লিড	l i D	loanword
লিডটা	l i D T a	loanword
লিডটাকে	l i D T a k e	loanword
লিডলে	l i D l e	proper_noun
লিডস	l i D s	proper_noun
লিডসন	l i D s o n	proper_noun
লিডসে	l i D s e	proper_noun
লিডার	l i D a r	loanword
লিডারদের	l i D a r o d e r	loanword
লিডাররা	l i D a r r a	loanword
লিডারশিপ	l i D a r sh i p	loanword
লিডারস	l i D a r o s	loanword
লিডার্স	l i D a r o s	loanword
লিডার্সের	l i D a r o s e r	loanword
লিডিং	l i D i ng	loanword
লিডের	l i D e r	loanword
লিথ	l i th	native
লিথিয়াম	l i th i y a m	native
লিথিয়ামের	l i th i y a m e r	native
লিথুনিয়ার	l i th u n i y a r	native
লিথুয়ানিয়া	l i th u y a n i y a	native
লিদভিনেনকোর	l i d bh i n e n k O r	native
লিন	l i n	native
লিনকিন	l i n k i n	native
লিনা	l i n a	native
লিনাক্স	l i n a k s	loanword
লিনাক্সকে	l i n a k s k e	loanword
লিনাক্সভিত্তিক	l i n a k s bh i tt i k	loanword
লিনাক্সে	l i n a k s e	loanword
লিনাক্সের	l i n a k s e r	loanword
লিনার	l i n a r	native
লিনিয়াক	l i n i y a k	native
লিনিয়ার	l i n i a r	native
লিনু	l i n u	native
লিনেকার	l i n e k a r	native
লিনেন	l i n e n	native
লিনেনের	l i n e n e r	native
লিনের	l i n e r	native
লিন্ডন	l i n D o n	proper_noun
লিন্ডসে	l i n D s e	proper_noun
লিন্ডা	l i n D a	proper_noun
লিন্ডাও	l i n D a O	proper_noun
লিন্ডাল	l i n D a l	proper_noun
লিন্ডে	l i n D e	proper_noun
লিন্ডেকা	l i n D e k a	proper_noun
লিপ	l i p	native
লিপইয়ার	l i p i y a r	native
লিপজেল	l i p j e l	native
লিপটন	l i p T o n	proper_noun
লিপলাইনার	l i p l a i n a r	native
লিপস্টিক	l i p s T i k	loanword
লিপস্টিকে	l i p s T i k e	loanword
লিপস্টিকের	l i p s T i k e r	loanword
লিপি	l i p i	native
লিপিকা	l i p i k a	native
লিপিকার	l i p i k a r	native
লিপিড	l i p i D	loanword
লিপিবদ্ধ	l i p i b o d dh O	tatsama
লিপির	l i p i r	native
লিপু	l i p u	native
লিপুকে	l i p u k e	native
লিপুর	l i p u r	native
লিপে	l i p e	native
লিপ্ত	l i p t O	native
লিপ্পি	l i p p i	native
লিপ্পিকে	l i p p i k e	native
লিপ্পির	l i p p i r	native
লিপ্যন্তর	l i p p O nt o r	native
লিপ্সা	l i p sh a	native
লিফ	l i ph	native
লিফট	l i ph T	loanword
লিফটটি	l i ph T T i	loanword
লিফটম্যান	l i ph T m A n	loanword
লিফটের	l i ph T e r	loanword
লিফলেট	l i ph l e T	loanword
লিফলেটও	l i ph l e T O	loanword
লিফলেটটি	l i ph l e T o T i	loanword
লিফলেটসহ	l i ph l e T sh o h O	loanword
লিফলেটে	l i ph l e T e	loanword
লিফলেটের	l i ph l e T e r	loanword
লিফশুলজ	l i ph sh u l o j	native
লিফশুলজকে	l i ph sh u l o j k e	native
লিফশুলজের	l i ph sh u l o j o r	native
লিফশুলত্স	l i ph sh u l t sh	native
লিফ্ট	l i ph T	loanword
লিব	l i b o	native
লিবডেম	l i b D e m	proper_noun
লিবরা	l i b r a	native
লিবারম্যান	l i b a r m A n	native
লিবারম্যানের	l i b a r m A n e r	native
লিবারেল	l i b a r e l	native
লিবারেশন	l i b a r e sh o n	native
লিবার্টি	l i b a r T i	loanword
লিবার্টির	l i b a r T i r	loanword
লিবার্তোদোরেস	l i b a r t O d O r e sh	compound
লিবি	l i b i	native
লিবিয়	l i b i y o	native
লিবিয়দের	l i b i y o d e r	native
লিবিয়রা	l i b i y o r a	native
লিবিয়া	l i b i y a	native
লিবিয়াও	l i b i y a O	native
লিবিয়াকে	l i b i y a k e	native
লিবিয়াতে	l i b i y a t e	native
লিবিয়াতেই	l i b i y a t e i	native
লিবিয়ান	l i b i y a n	native
লিবিয়াফেরত	l i b i y a ph e r o t	native
লিবিয়াবাসি	l i b i y a b a sh i	loanword
লিবিয়াবিশয়ক	l i b i y a b i sh o y o k	native
লিবিয়ার	l i b i y a r	native
লিবিয়াসহ	l i b i y a sh o h O	native
লিবিয়ায়	l i b i y a y	native
লিবিয়ায়ও	l i b i y a y O	native
লিব্রভিল	l i br o bh i l	native
লিব্রা	l i br a	native
লিভার	l i bh a r	native
লিভারকে	l i bh a r k e	native
লিভারপুল	l i bh a r p u l	native
লিভারপুলকে	l i bh a r p u l k e	native
লিভারপুলে	l i bh a r p u l e	native
লিভারপুলের	l i bh a r p u l e r	native
লিভারে	l i bh a r e	native
লিভারের	l i bh a r e r	native
লিভিংস	l i bh i ng sh	native
লিভিংস্টোন	l i bh i ng s T O n	loanword
লিম	l i m	native
লিমকা	l i m k a	native
লিমন	l i m o n	native
লিমনও	l i m o n O	native
লিমনদের	l i m o n d e r	native
লিমনসহ	l i m o n sh o h O	native
লিমনের	l i m o n e r	native
লিমাকে	l i m a k e	native
লিমান	l i m a n	native
লিমানোভা	l i m a n O bh a	native
লিমার	l i m a r	native
লিমি	l i m i	native
লিমিট	l i m i T	loanword
লিমিটেড	l i m i T e D	loanword
লিমিটেডসহ	l i m i T e D sh o h O	loanword
লিমিটেডে	l i m i T e D e	loanword
লিমিটেডের	l i m i T e D e r	loanword
লিমিডেট	l i m i D e T	loanword
লিমিডেটের	l i m i D e T e r	loanword
লিমু	l i m u	native
লিমো	l i m O	native
লির	l i r	native
লিরিক	l i r i k	native
লিরিকের	l i r i k e r	native
লিল	l i l	native
লিলংগো	l i l o ng g O	native
লিলন	l i l o n	native
লিলা	l i l a	native
লিলাখেলা	l i l a kh e l a	native
লিলাবতি	l i l a b o t i	native
লিলাভুমি	l i l a bh u m i	native
লিলার	l i l a r	native
লিলায়	l i l a y	native
লিলি	l i l i	native
লিলিপুট	l i l i p u T	loanword
লিলির	l i l i r	native
লিলিয়ান	l i l i y a n	native
লিলুয়া	l i l u y a	native
লিলেন	l i l e n	native
লিলোর	l i l O r	native
লিল্লাহ	l i l l a h	native
লিল্লাহি	l i l l a h i	native
লিশ্টেনশ্টাইনের	l i sh T e n sh T a i n e r	compound
লিসবন	l i sh b o n	native
লিসবনে	l i sh b o n e	native
লিসবনের	l i sh b o n e r	native
লিসা	l i sh a	native
লিসেনিং	l i sh e n i ng	native
লিস্টিং	l i s T i ng	loanword
লিস্টিংয়ের	l i s T i ng y e r	loanword
লিস্টে	l i s T e	loanword
লিস্টেট	l i s T e T	loanword
লিস্টেড	l i s T e D	loanword
লিস্টের	l i s T e r	loanword
লিহি	l i h i	native
লিড়	l i r	native
লিয়ন	l i y o n	native
লিয়নে	l i y o n e	native
লিয়নের	l i y o n e r	native
লিয়র	l i y o r	native
লিয়া	l i y a	native
লিয়াং	l i y a ng	native
লিয়াওনিং	l i y a O n i ng	native
লিয়াকত	l i y a k o t	native
লিয়াকতকে	l i y a k o t k e	native
লিয়াকতের	l i y a k o t e r	native
লিয়াজো	l i y a j O	native
লিয়াম	l i y a m	native
লিয়ার	l i y a r	native
লিয়ারি	l i y a r i	native
লিয়ারের	l i y a r e r	native
লিয়াল	l i y a l	native
লিয়ে	l i y e	native
লিয়েডসন	l i y e D sh o n	native
লিয়েন	l i y e n	native
লিয়েভেন	l i y e bh e n	native
লুংগি	l u ng g i	native
লুংগিতে	l u ng g i t e	native
লুংগির	l u ng g i r	native
লুংগিসহ	l u ng g i sh o h O	native
লুং্গি	l u ng g i	native
লুই	l u i	native
লুইজ	l u i j	native
লুইজিয়ানা	l u i j i y a n a	native
লুইজিয়ানার	l u i j i y a n a r	native
লুইজিয়ানায়	l u i j i y a n a y	native
লুইপা	l u i p a	native
লুইস	l u i sh	native
লুইসগান	l u i sh g a n	native
লুইসা	l u i sh a	native
লুইসাও	l u i sh a O	native
লুইসে	l u i sh e	native
লুইসের	l u i sh e r	native
লুক	l u k	native
লুকঅয়েল	l u k o y e l	native
লুকমান	l u k m a n	native
লুকলা	l u k l a	native
লুকলায়	l u k l a y	native
লুকা	l u k a	native
লুকাওয়ে	l u k a O y e	native
লুকাচ্ছে	l u k a ch chh e	native
লুকাতে	l u k a t e	native
লুকানোর	l u k a n O r	native
লুকাল	l u k a l o	native
লুকালেন	l u k a l e n	native
লুকাসের	l u k a sh e r	native
লুকায়	l u k a y	native
লুকায়িত	l u k a y i t	native
লুকিত	l u k i t O	native
লুকিয়ে	l u k i y e	native
লুকিয়েছিল	l u k i y e chh i l	native
লুকিয়েছিলেন	l u k i y e chh i l e n	native
লুকের	l u k e r	native
লুকোচুরি	l u k O ch u r i	native
লুকোছাপা	l u k O chh a p a	native
লুকোতে	l u k O t e	native
লুকোনো	l u k O n O	native
লুকোনোর	l u k O n O r	native
লুক্কায়িত	l u k k a y i t O	native
লুক্সেমবার্গ	l u k s e m b a r g	loanword
লুক্সেমবার্গে	l u k s e m b a r g e	loanword
লুক্সেমবার্গের	l u k s e m b a r g e r	loanword
লুক্সেমবার্গো	l u k s e m b a r g O	loanword
লুক্সেমবুর্গ	l u k s e m b u r g o	loanword
লুক্সেমবুর্গের	l u k s e m b u r g e r	loanword
লুগানো	l u g a n O	native
লুচি	l u ch i	native
লুজ	l u j	native
লুজান	l u j a n	native
লুট	l u T	native
লুটতরাজ	l u T t O r a j	native
লুটতরাজসহ	l u T t o r a j sh o h O	native
লুটতরাজের	l u T t o r a j e r	native
লুটতে	l u T t e	native
লুটন	l u T o n	proper_noun
লুটনে	l u T n e	proper_noun
লুটনের	l u T n e r	proper_noun
লুটপাটও	l u T p a T O	native
লুটপাটকারিদের	l u T p a T k a r i d e r	compound
লুটপাটসহ	l u T p a T sh o h O	native
লুটসহ	l u T o sh o h O	native
লুটাতি	l u T a t i	native
লুটায়	l u T a y	native
লুটি	l u T i	native
লুটিয়ে	l u T i y e	native
লুটে	l u T e	native
লুটেছে	l u T e chh e	native
লুটেপুটে	l u T e p u T e	native
লুটেরাকে	l u T e r a k e	native
লুটেরাদের	l u T e r a d e r	native
লুটেরার	l u T e r a r	native
লুটেরারা	l u T e r a r a	native
লুটোপুটি	l u T O p u T i	native
লুঠ	l u Th	native
লুঠন	l u Th o n	native
লুডউইগ	l u D u i g	proper_noun
লুডুর	l u D u r	native
লুডেন	l u D e n	native
লুডেনের	l u D e n e r	native
লুত	l u t	native
লুতফি	l u t ph i	native
লুতা	l u t a	native
লুত্ফর	l u t ph o r	native
লুত্ফরকে	l u t ph o r k e	native
লুত্ফা	l u t ph a	native
লুত্ফুজ্জামান	l u t ph u j j a m a n	compound
লুত্ফুর	l u t ph u r	native
লুত্ফুল	l u t ph u l	native
লুথার	l u th a r	native
লুনা	l u n a	native
লুনাবোটিকস	l u n a b O T i k o s	loanword
লুনার	l u n a r	native
লুন্ঠন	l u n Th o n	native
লুন্ঠনকারি	l u n Th o n k a r i	native
লুন্ঠনের	l u n Th o n e r	native
লুন্ঠিত	l u n Th i t	native
লুন্ঠ্যমান	l u n Th O m a n	native
লুপ	l u p	native
লুপকাটিং	l u p k a T i ng	loanword
লুপাস	l u p a sh	native
লুপ্ত	l u p t O	native
লুপ্তপ্রায়	l u p t o pr a y	native
লুপ্তি	l u p t i	native
লুফা	l u ph a	native
লুফে	l u ph e	native
লুবনান	l u b n a n	native
লুবিকা	l u b i k a	native
লুবিৎস	l u b i t sh	native
লুবিৎসের	l u b i t sh e r	native
লুবিয়াংকা	l u b i y a ng k a	native
লুব্ধ	l u b dh o	native
লুব্ধক	l u b dh o k	native
লুব্রিকেন্টস	l u br i k e n T s	loanword
লুব্রিকেন্টসের	l u br i k e n T o sh e r	compound
লুভর	l u bh o r	native
লুভা	l u bh a	native
লুম	l u m	native
লুমিনেসেন্ট	l u m i n e s e n T	loanword
লুমিয়া	l u m i y a	native
লুমেন্স	l u m e n s	loanword
লুম্বিনি	l u mb i n i	native
লুরা	l u r a	native
লুরি	l u r i	native
লুলংকর	l u l o ng k o r	native
লুলজ	l u l j o	native
লুলজসেক	l u l j o sh e k	native
লুলজসেকের	l u l j o sh e k e r	native
লুলা	l u l a	native
লুলার	l u l a r	native
লুলু	l u l u	native
লুস	l u sh	native
লুসাই	l u sh a i	native
লুসি	l u sh i	native
লুসিই	l u sh i i	native
লুসিওর	l u sh i O r	native
লুসিয়া	l u sh i y a	native
লুসিয়ান	l u sh i y a n	native
লুসিয়ার	l u sh i y a r	native
লুসিয়ায়	l u sh i y a y	native
লুৎ	l u t	native
লুৎফর	l u t ph o r	native
লুৎফা	l u t ph a	native
লুৎফার	l u t ph a r	native
লুৎফুজ্জামান	l u t ph u j j a m a n	native
লুৎফুন	l u t ph u n	native
লুৎফুন্নাহার	l u t ph u nn a h a r	native
লুৎফুন্নেছা	l u t ph u nn e chh a	native
লুৎফুর	l u t ph u r	native
লুৎফুরের	l u t ph u r e r	native
লুৎফুল	l u t ph u l	native
লুৎফুল্লাহ	l u t ph u l l a h o	native
লুৎফে	l u t ph e	native
লুড়া	l u r a	native
লুড়িআ	l u r i a	native
লুয়া	l u y a	native
লে	l e	native
লেংচা	l e ng ch a	native
লেংচে	l e ng ch e	native
লেংটা	l A ng T a	native
লেংটার	l A ng T a r	native
লেংথে	l e ng th e	native
লেংড়া	l A ng r a	native
লেআ	l e y a	native
লেআউট	l e a u T	loanword
লেই	l e i	native
লেইক	l e i k	native
লেইখ্যা	l e i kh kh a	native
লেইগা	l e i g a	native
লেইডেন	l e i D e n	proper_noun
লেইন	l e i n	native
লেইমা	l e i m a	native
লেইস	l e i sh	native
লেইসের	l e i sh e r	native
লেওনার্দো	l e O n a r d O	native
লেওনার্দোর	l e O n a r d O r	native
লেকপাড়ে	l e k p a r e	native
লেকপাড়ের	l e k o p a r e r	native
লেকশোর	l e k sh O r	native
লেকস	l e k sh	native
লেকসাইড	l e k s a i D	loanword
লেকসার্কাস	l e k sh a r k a sh	native
লেকসিটি	l e k s i T i	proper_noun
লেকারস	l e k a r o sh	native
লেকারের	l e k a r e r	native
লেকিন	l e k i n	native
লেকে	l e k e	native
লেখকও	l e kh O k O	native
লেখকজিবনের	l e kh o k j i b o n e r	native
লেখকরা	l e kh O k r a	native
লেখকের	l e kh o k e r	native
লেখকেরা	l e kh O k e r a	native
লেখকেরাও	l e kh o k e r a O	native
লেখন	l e kh o n	native
লেখনি	l e kh o n i	native
লেখনিতে	l e kh O n i t e	native
লেখনির	l e kh O n i r	native
লেখনিয়	l e kh o n i y O	native
লেখাই	l e kh a i	native
লেখাও	l e kh a O	native
লেখাগুলো	l e kh a g u l O	native
লেখাগুলোকে	l e kh a g u l O k e	native
লেখাগুলোর	l e kh a g u l O r	native
লেখাচ্ছেন	l e kh a ch chh e n	native
লেখাজোখা	l e kh a j O kh a	native
লেখাটা	l e kh a T a	native
লেখাটার	l e kh a T a r	native
লেখাটিও	l e kh a T i O	native
লেখাটিতে	l e kh a T i t e	native
লেখাতেই	l e kh a t e i	native
লেখাতেও	l e kh a t e O	native
লেখাতেন	l e kh a t e n	native
লেখান	l e kh a n	native
লেখানো	l e kh a n O	native
লেখাপড়া	l e kh a p o r a	native
লেখাপড়াই	l e kh a p o r a i	native
লেখাপড়াও	l e kh a p o r a O	native
লেখাপড়াকে	l e kh a p o r a k e	native
লেখাপড়াটা	l e kh a p o r a T a	native
লেখাপড়ার	l e kh a p o r a r	native
লেখাপড়ায়	l e kh a p o r a y	native
লেখাপড়ায়ও	l e kh a p o r a y O	native
লেখার	l e kh a r	native
লেখারও	l e kh a r O	native
লেখাল	l e kh a l o	native
লেখালে	l e kh a l e	native
লেখালেখি	l e kh a l e kh i	native
লেখালেখিতে	l e kh a l e kh i t e	native
লেখালেখিরও	l e kh a l e kh i r o O	native
লেখালেন	l e kh a l e n	native
লেখাসংবলিত	l e kh o sh o ng b o l i t	native
লেখাসহ	l e kh a sh o h O	native
লেখায়	l e kh a y o	native
লেখায়ও	l e kh a y O	native
লেখি	l e kh i	native
লেখিকা	l e kh i k a	native
লেখিকার	l e kh i k a r	native
লেখিত	l e kh i t O	native
লেখেননি	l e kh e n n i	native
লেখেনি	l e kh e n i	native
লেগ	l e g	native
লেগটা	l e g T a	native
লেগুন	l e g u n	native
লেগুনা	l e g u n a	native
লেগুনাকে	l e g u n a k e	native
লেগুনাটি	l e g u n a T i	native
লেগুনাটির	l e g u n a T i r	native
লেগুনার	l e g u n a r	native
লেগুনায়	l e g u n a y	native
লেগুনে	l e g u n e	native
লেগুনের	l e g u n e r	native
লেগে	l e g e	native
লেগেই	l e g e i	native
লেগেও	l e g e O	native
লেগেছি	l e g e chh i	native
লেগেছিল	l e g e chh i l O	native
লেগেছিলেন	l e g e chh i l e n	native
লেগেছে	l e g e chh e	native
লেগেছেন	l e g e chh e n	native
লেগের	l e g e r	native
লেঘারি	l e gh a r i	native
লেচি	l e ch i	native
লেজ	l e j	native
লেজটা	l e j T a	native
লেজসহ	l e j sh o h O	native
লেজা	l e j a	native
লেজিও	l e j i O	native
লেজুড়	l e j u r	native
লেজে	l e j e	native
লেজেগোবরে	l e j e g O b O r e	native
লেজের	l e j e r	native
লেট	l e T	native
লেটন	l e T o n	native
লেটনাইট	l e T n a i T	loanword
লেটস	l e T s	loanword
লেটা	l e T a	native
লেটার	l e T a r	loanword
লেটারস	l e T a r o s	loanword
লেটারে	l e T a r e	loanword
লেটার–বক্স	l e T a r b o k s	loanword
লেটুস	l e T u s	loanword
লেঠেল	l e Th e l	native
লেড	l e D	loanword
লেডিরোজেটা	l e D i r O j e T a	native
লেডিস	l e D i s	loanword
লেদ	l e d	native
লেদা	l e d a	native
লেদাপোকা	l A d a p O k a	native
লেদার	l e d a r	native
লেদারের	l e d a r e r	native
লেদু	l e d u	native
লেনকা	l e n k a	native
লেনদেনও	l e n d e n O	native
লেনদেনজোগ্য	l e n d e n j O g g o	native
লেনদেনব্যবস্থা	l e n d e n b j o b o sth a	compound
লেনদেনসহ	l e n d e n sh o h O	native
লেনদেনেও	l e n d e n e O	native
লেনন	l e n o n	native
লেননের	l e n o n e r	native
লেনবিশিশ্ট	l e n b i sh i sh T O	native
লেনভো	l e n bh O	native
লেনসহ	l e n sh o h O	native
লেনা	l e n a	native
লেনাদেনা	l e n a d e n a	native
লেনান	l e n a n	native
লেনিনবাদি	l e n i n b a d i	native
লেনেভো	l e n e bh O	native
লেনোভো	l e n O bh O	native
লেনোভোর	l e n O bh O r	native
লেন্ডল	l e n D O l	proper_noun
লেন্থ	l e n th	native
লেন্থে	l e n th e	native
লেন্থের	l e n th e r	native
লেনয়	l e n o y	native
লেপচা	l e p ch a	native
লেপটে	l e p T e	native
লেপন	l e p o n	native
লেপনের	l e p o n e r	native
লেপা	l e p a	native
লেপারস	l e p a r sh	native
লেপে	l e p e	native
লেপের	l e p e r	native
লেপ্টে	l e p T e	native
লেপ্রসি	l e pr o sh i	native
লেফট–রাইট	l e ph T r a i T	native
লেবা	l e b a	native
লেবানন	l e b a n o n	native
লেবাননকে	l e b a n o n k e	native
লেবাননি	l e b a n o n i	native
লেবাননে	l e b a n o n e	native
লেবাননের	l e b a n o n e r	native
লেবানিজ	l e b a n i j	native
লেবার	l e b a r	native
লেবারকে	l e b a r k e	native
লেবাররা	l e b a r r a	native
লেবাসধারি	l e b a sh dh a r i	loanword
লেবাসে	l e b a sh e	loanword
লেবু	l e b u	native
লেবুখালি	l e b u kh a l i	native
লেবুতলা	l e b u t o l a	native
লেবুপাতা	l e b u p a t a	native
লেবুপানি	l e b u p a n i	native
লেবুর	l e b u r	native
লেবুরচর	l e b u r ch o r	native
লেবেলে	l e b e l e	native
লেভ	l e bh	native
লেভাইস	l e bh a i sh	native
লেভান্তের	l e bh a nt e r	native
লেভারকুসেনের	l e bh a r k u sh e n e r	native
লেভিন	l e bh i n	native
লেভেন্তের	l e bh e nt e r	native
লেভেল	l e bh e l	native
লেভেলে	l e bh e l e	native
লেমন	l e m o n	native
লেমাহ	l e m a h	native
লেমিস	l e m i sh	native
লেমু	l e m u	native
লেমুছড়ি	l e m u chh o r i	native
লেমুয়া	l e m u y a	native
লের	l e r	native
লেলা	l A l a	native
লেলানো	l A l a n O	native
লেলিয়ে	l e l i y e	native
লেশ	l e sh	native
লেশমাত্র	l e sh m a tr O	native
লেহমাহ	l e h m a h	native
লেহাজ	l e h a j	native
লেহাপড়া	l e h a p o r a	native
লেহি	l e h i	native
লেহোরেল	l e h O r e l	native
লেহ্য	l e h j o	native
লেয়ার	l e y a r	native
লোআ	l O a	native
লোইংগিক	l O i ng g i k	native
লোইখিক	l O i kh i k	native
লোউকতা	l ou k o t a	native
লোউকিক	l O u k i k	native
লোউকিকতা	l O u k i k o t a	native
লোউজ	l O u j	native
লোউল্য	l O u l l O	native
লোউল–মর্ম	l O u l O m o r m O	native
লোউহ	l O u h O	native
লোউহকঠিন	l O u h o k o Th i n	native
লোউহজং	l O u h O j o ng	native
লোউহজংয়ের	l O u h o j o ng y e r	native
লোউহপন্য	l O u h o p o n n o	native
লোউহমানব	l O u h O m a n O b	native
লোউহমানবি	l O u h o m a n o b i	native
লোউহের	l O O h e r	native
লোক	l O k	native
লোকই	l O k i	native
লোকও	l O k O	native
লোকওইতিহ্য	l O k oi t i j j o	native
লোককথা	l O k k o th a	native
লোককবি	l O k k o b i	native
লোককে	l O k k e	native
লোককেই	l O k k e i	native
লোককেও	l O k k e O	native
লোকগননা	l O k g o n o n a	native
লোকগননার	l O k g o n o n a r	native
লোকগানের	l O k O g a n e r	native
লোকগিতি	l O k g i t i	native
লোকগুলো	l O k g u l O	native
লোকচক্ষুর	l O k O ch O kkh u r	tatsama
লোকজ	l O k O j	native
লোকজন	l O k j O n	native
লোকজনই	l O k j O n i	native
লোকজনও	l O k j o n O	native
লোকজনকেই	l O k j o n k e i	native
লোকজনকেও	l O k j o n k e O	native
লোকজনসহ	l O k j O n sh o h O	native
লোকজনে	l O k j o n e	native
লোকজুক্ত	l O k j u kt o	native
লোকটা	l O k T a	native
লোকটাই	l O k T a i	native
লোকটি	l O k T i	native
লোকটিই	l O k T i i	native
লোকটিকে	l O k T i k e	native
লোকটির	l O k T i r	native
লোকতত্ত্ববিদ	l O k t o tt o b i d	tatsama
লোকতন্ত্র	l O k o t o nt r o	native
লোকদেখানো	l O k d A kh a n O	native
লোকদেরকে	l O k d e r k e	native
লোকনাটক	l O k n a T o k	native
লোকনাট্য	l O k O n a T T O	native
লোকনাথ	l O k n a th	native
লোকনাথপুর	l O k n a th p u r	native
লোকপাল	l O k p a l	native
লোকপালের	l O k p a l e r	native
লোকপ্রশাসন	l O k pr O sh a sh O n	native
লোকপ্রশাসনে	l O k pr o sh a sh o n e	native
লোকবলও	l O k b o l O	native
লোকবলসংকট	l O k b o l sh o ng k o T	native
লোকবলে	l O k b o l e	native
লোকবসতি	l O k sh o t i	native
লোকবাদ্যজন্ত্র	l O k O b a d d O j o nt r O	compound
লোকবিজ্ঞানি	l O k b i g g a n i	tatsama
লোকবেতারের	l O k b e t a r e r	native
লোকমা	l O k m a	native
লোকমানকে	l O k m a n k e	native
লোকমানপুর	l O k m a n p u r	native
লোকমানের	l O k m a n e r	native
লোকমুখে	l O k m u kh e	native
লোকমেলা	l O k m e l a	native
লোকরঞ্জনবাদি	l O k r o n j o n b a d i	native
লোকলজ্জা	l O k l o j j a	native
লোকলজ্জার	l O k l o j j a r	native
লোকলজ্জায়	l O k l o j j a i y	native
লোকলস্কর	l O k l o s k o r	loanword
লোকশিল্প	l O k O sh i l p O	native
লোকসংখ্যা	l O k O sh o ng kh a	native
লোকসংগিত	l O k O sh O ng g i t	native
লোকসংগিতশিল্পি	l O k sh o ng g i t sh i l p i	compound
লোকসংগিতে	l O k sh o ng g i t e	native
লোকসংগিতের	l O k O sh o ng g i t e r	native
লোকসংস্কৃতির	l O k O sh o ng s k ri t i r	tatsama
লোকসং্গিত	l O k O sh O ng g i t	native
লোকসভা	l O k sh o bh a	native
লোকসভার	l O k sh o bh a r	native
লোকসভায়	l O k sh o bh a y	native
লোকসমক্ষে	l O k sh o m o kkh e	tatsama
লোকসমাগমের	l O k sh o m a g o m e r	native
লোকসহ	l O k sh o h O	native
লোকসানও	l O k sh a n O	native
লোকসানি	l O k sh a n i	native
লোকসানে	l O k sh a n e	native
লোকসানের	l O k sh a n e r	native
লোকসাহিত্য	l O k O sh a h i t t O	native
লোকসাহিত্যের	l O k sh a h i t t e r	native
লোকসাহ্যি	l O k sh a h i t t O	native
লোকসুরের	l O k sh u r e r	native
লোকাকির্ন	l O k a k i r n O	native
লোকাচার	l O k a ch a r	native
লোকাতিগ	l O k a t i g	native
লোকান্তর	l O k a nt O r	native
লোকাপবাদ	l O k a p O b a d	native
লোকাভাব	l O k a bh a b	native
লোকারন্য	l O k a r O n n O	native
লোকাল	l O k a l	native
লোকালবোর্ড	l O k a l b O r D	loanword
লোকালাইজেশন	l O k a l a i j e sh o n	native
লোকালয়	l O k a l o y	native
লোকালয়ে	l O k a l o y e	native
লোকালয়ের	l O k a l o y e r	native
লোকায়ত	l O k a y O t O	native
লোকিট	l O k i T	native
লোকে	l O k e	native
লোকেই	l O k e i	native
লোকেটর	l O k e T o r	loanword
লোকেদের	l O k e d e r	native
লোকের	l O k e r	native
লোকেরই	l O k e r i	native
লোকেরও	l O k e r O	native
লোকেরাই	l O k e r a i	native
লোকেরাও	l O k e r a O	native
লোকেশ	l O k e sh	native
লোকেশন	l O k e sh o n	native
লোকেশনে	l O k e sh O n e	native
লোকেশনের	l O k e sh o n e r	native
লোকো	l O k O	native
লোকোত্তর	l O k O tt o r	native
লোকোমাস্টার	l O k O m a s T a	loanword
লোগাং	l O g a ng	native
লোগাংয়ের	l O g a ng y e r	native
লোগাও	l O g a O	native
লোগো	l O g O	native
লোগোও	l O g O O	native
লোগোটি	l O g O T i	native
লোগোতে	l O g O t e	native
লোগোর	l O g O r	native
লোগোসহ	l O g O sh o h O	native
লোচন	l O ch O n	native
লোচা	l O ch a	native
লোচ্চা	l O ch chh a	native
লোটন	l O T O n	native
লোটা	l O T a	native
লোটাস	l O T a s	loanword
লোটায়ল	l O T a y o l o	native
লোটো	l O T O	loanword
লোটোর	l O T O r	loanword
লোড	l O D	loanword
লোডভিক	l O D bh i k	native
লোডশেডিংও	l O D sh e D i ng O	loanword
লোডশেডিংমুক্ত	l O D sh e D i ng m u kt o	compound
লোডশেডিংয়ে	l O D sh e D i ng y e	loanword
লোডশেডিংয়ের	l O D sh e D i ng y e r	loanword
লোডস্টার	l O D s T a r	loanword
লোডে	l O D e	loanword
লোড–শেডিং	l O D sh e D i ng	loanword
লোতক	l O t o k	native
লোথার	l O th a r	native
লোদি	l O d i	native
লোধ	l O dh	native
লোধা	l O dh a	native
লোন	l O n	native
লোনলি	l O n l i	native
লোনসিং	l O n sh i ng	native
লোনাজল	l O n a j o l	native
লোনাপানি	l O n a p a n i	native
লোনাপানিতে	l O n a p a n i t e	native
লোনাপানির	l O n a p a n i r	native
লোনের	l O n e r	native
লোপ	l O p	native
লোপা	l O p a	native
লোপাকে	l O p a k e	native
লোপাট	l O p a T	native
লোপাপত্তি	l O p a p O tt i	native
লোপামুদ্রা	l O p a m u d r a	native
লোপার	l O p a r	native
লোপেজ	l O p e j	native
লোপেজকে	l O p e j k e	native
লোপেজের	l O p e j e r	native
লোপ্পা	l O p p a	native
লোফার	l O ph a r	native
লোফারের	l O ph a r e r	native
লোবান	l O b a n	native
লোবানের	l O b a n e r	native
লোবো	l O b O	native
লোভ	l O bh	native
লোভও	l O bh O	native
লোভটা	l O bh T a	native
লোভনিয়	l O bh o n i y o	native
লোভাতুর	l O bh a t u r	native
লোভান্ধ	l O bh a ndh o	native
লোভাস	l O bh a sh	native
লোভি	l O bh i	native
লোভিত	l O bh i t O	native
লোভে	l O bh e	native
লোভেই	l O bh e i	native
লোভের	l O bh e r	native
লোম	l O m	native
লোমকুপ	l O m k u p	native
লোমকুপের	l O m k u p e r	native
লোমফোড়া	l O m ph O r a	native
লোমশ	l O m O sh	native
লোমহর্ষক	l O m h o r sh O k	native
লোমে	l O m e	native
লোমের	l O m e r	native
লোর	l O r	native
লোল	l O l	native
লোলায়মান	l O l a y O m a n	native
লোলিত	l O l i t O	native
লোলুপ	l O l u p	native
লোলো	l O l O	native
লোশনের	l O sh o n e r	native
লোশ্ট্র	l O sh T r O	loanword
লোহ	l O h O	native
লোহাখোর	l O h a kh O r	native
লোহাগাড়া	l O h a g a r a	native
লোহাগাড়ার	l O h a g a r a r	native
লোহাগড়া	l O h a g o r a	native
লোহাগড়ার	l O h a g o r a r	native
লোহাগড়ায়	l O h a g o r a y	native
লোহাজাতিয়	l O h a j a t i y	native
লোহান	l O h a n	native
লোহানি	l O h a n i	native
লোহানির	l O h a n i r	native
লোহানের	l O h a n e r	native
লোহারপুল	l O h a r p u l	native
লোহারপুলের	l O h a r p u l e r	native
লোহালক্কড়ের	l O h a l o k k o r e r	native
লোহালিয়া	l O h a l i y a	native
লোহি	l O h i	native
লোহিত	l O h i t O	native
লোহিত্য	l O u h i t t O	native
লোহিয়া	l O h i y a	native
লোহু	l O h u	native
লোড়	l O r	native
লোড়সি	l O r sh i	native
লোড়া	l O r a	native
লোয়াজিমা	l O y a j i m a	native
লোয়ার	l O y a r	native
লোয়ি	l O y i	native
লোয়েব	l O y e b	native
ল্যাংকাশায়ার	l A ng k a sh a y a r	native
ল্যাংকাশায়ারে	l A ng k a sh a y a r e	compound
ল্যাংগুয়েজ	l A ng g u y e j	native
ল্যাংগুয়েজের	l A ng g u y e j e r	native
ল্যাংগে	l A ng g e	native
ল্যাংচা	l A ng ch a	native
ল্যাংটা	l A ng T a	native
ল্যাংড়া	l A ng r a	native
ল্যাক	l A k	native
ল্যাকটোজ	l A k T O j	loanword
ল্যাকমে	l A k m e	native
ল্যাগের	l A g e r	native
ল্যাজ	l A j	native
ল্যাটা	l A T a	native
ল্যাটারাল	l A T a r a l	loanword
ল্যাটেল	l A T e l	native
ল্যাট্রিন	l A T r i n	loanword
ল্যাঠা	l A Th a	native
ল্যাতিন	l A t i n	native
ল্যান	l A n	native
ল্যানডন	l A n D o n	proper_noun
ল্যানসেট	l A n s e T	loanword
ল্যানসেটে	l A n s e T e	loanword
ল্যানসেলট	l A n sh e l T	proper_noun
ল্যানহাম	l A n h a m o	native
ল্যান্ড	l A n D	loanword
ল্যান্ডন	l A n D o n	proper_noun
ল্যান্ডফোন	l A n D ph O n	loanword
ল্যান্ডফোনে	l A n D ph O n	loanword
ল্যান্ডফোনের	l A n D ph O n e r	loanword
ল্যান্ডমার্ক	l A n D m a r k	loanword
ল্যান্ডলাইন্স	l A n D l a i n s	loanword
ল্যান্ডস	l A n D o s	loanword
ল্যান্ডি	l A n D i	loanword
ল্যান্ডিং	l A n D i ng	loanword
ল্যান্ডিংয়ে	l A n D i ng y e	loanword
ল্যান্ডিংয়ের	l A n D i ng y e r	loanword
ল্যান্ডে	l A n D e	loanword
ল্যান্ডের	l A n D e r	loanword
ল্যান্সনায়েক	l A n s n a y e k	loanword
ল্যান্সহেড	l A n s h e D	loanword
ল্যান্সার	l A n s a r	loanword
ল্যাপ	l A p	native
ল্যাপটপ	l A p T o p	loanword
ল্যাপটপই	l A p T o p i	loanword
ল্যাপটপও	l A p T o p O	loanword
ল্যাপটপগুলো	l A p T o p g u l O	loanword
ল্যাপটপগুলোতে	l A p T o p g u l O t e	compound
ল্যাপটপটা	l A p T o p T a	loanword
ল্যাপটপটি	l A p T O p T i	loanword
ল্যাপটপটিতে	l A p T o p T i t e	loanword
ল্যাপটপটির	l A p T o p T i r	loanword
ল্যাপটপসহ	l A p T o p sh o h O	loanword
ল্যাপটপে	l A p T O p e	loanword
ল্যাপটপেই	l A p T o p e i	loanword
ল্যাপটপেও	l A p T o p e O	loanword
ল্যাপটপের	l A p T o p e r	loanword
ল্যাপের	l A p e r	native
ল্যাব	l A b	native
ল্যাবএইড	l A b e i D	proper_noun
ল্যাবএইডে	l A b e i D e	proper_noun
ল্যাবএইডের	l A b e i D e r	proper_noun
ল্যাবগুলো	l A b g u l O	native
ল্যাবটি	l A b T i	loanword
ল্যাবরেটরিজ	l A b r e T o r i j	loanword
ল্যাবরেটরিতে	l A b r e T o r i t e	loanword
ল্যাবরেটরির	l A b r e T o r i r	loanword
ল্যাবস	l A b sh	native
ল্যাবেল	l A b e l	native
ল্যাব্রাম	l A br a m	native
ল্যাবড়া	l A b r a	native
ল্যাভার	l A bh a r	native
ল্যাভেন্ডার	l A bh e n D a r	loanword
ল্যাভয়সিয়ে	l A bh o y sh i y e	native
ল্যামবার্ট	l A m b a r T	proper_noun
ল্যামি	l A m i	native
ল্যামোগলিয়া	l A m O g o l i y a	native
ল্যাম্প	l A mp	native
ল্যাম্পগুলো	l A mp g u l O	native
ল্যাম্পপোস্ট	l A mp p O s T	loanword
ল্যাম্পপোস্টে	l A mp p O s T e	loanword
ল্যাম্পশেড	l A mp sh e D	loanword
ল্যাম্পশেডের	l A mp p O sh D e r	loanword
ল্যাম্পস	l A mp sh	native
ল্যাম্পার্ড	l A mp p a r D	proper_noun
ল্যাম্পার্ডকে	l A mp p a r D k e	compound
ল্যাম্পার্ডদের	l A mp p a r D o d e r	compound
ল্যাম্পার্ডের	l A mp p a r D e r	compound
ল্যাম্পের	l A mp e r	native
ল্যাম্ব	l A mb	native
ল্যারি	l A r i	native
ল্যারিনজাইটিস	l A r i n j a i T i sh	compound
ল্যাহাপড়া	l A h a p o r a	native
ল্যুমিয়ের	l u m i y e r	native
লড়	l o r	native
লড়ছি	l o r chh i	native
লড়ছিল	l o r chh i l	native
লড়ছিলেন	l o r chh i l e n	native
লড়ছে	l o r chh e	native
লড়ছেন	l o r chh e n	native
লড়তে	l o r t e	native
লড়ন	l o r O n	native
লড়ব	l o r b o	native
লড়বেন	l o r b e n	native
লড়লেও	l o r l e O	native
লড়লেন	l o r l e n	native
লড়া	l o r a	native
লড়াই	l o r a i	native
লড়াইই	l o r a i i	native
লড়াইও	l o r a i O	native
লড়াইকে	l o r a i k e	native
লড়াইটা	l o r a i T a	native
লড়াইটাই	l o r a i T a i	native
লড়াইটাও	l o r a i T a O	native
লড়াইটাকে	l o r a i T a k e	native
লড়াইটি	l o r a i T i	native
লড়াইটিকে	l o r a i T i k e	native
লড়াইরত	l o r a i r o t o	native
লড়াইসহ	l o r a i sh o h O	native
লড়াইয়ে	l o r a i y e	native
লড়াইয়েই	l o r a i y e i	native
লড়াইয়েও	l o r a i y e O	native
লড়াইয়ের	l o r a i y e r	native
লড়াকু	l o r a k u	native
লড়াকুদের	l o r a k u d e r	native
লড়ার	l o r a r	native
লড়ি	l o r i	native
লড়িয়ে	l o r i y e	native
লড়ে	l o r e	native
লড়েও	l o r e O	native
লড়েছি	l o r e chh i	native
লড়েছিল	l o r e chh i l	native
লড়েছিলেন	l o r e chh i l e n	native
লড়েছে	l o r e chh e	native
লড়েছেন	l o r e chh e n	native
লড়েন	l o r e n	native
লয়	l o y	native
লয়া	l o y a	native
লয়ে	l o y e	native
লয়েড	l O y e D	proper_noun
লয়েডস	l o y e D s	proper_noun
লয়েডের	l o y e D e r	proper_noun
লয়েদ	l o y e d	native
লয়ের	l o y e r	native
ল–কার	l o k a r	native
শ	sh o	native
শংকনিয়	sh o ng k O n i y O	native
শংকরখালি	sh o ng k o r kh a l i	native
শংকরপাশা	sh o ng k o r p a sh a	native
শংকরপুর	sh o ng k O r p u r	native
শংকরস্বেদ	sh o ng k o r sh e d	tatsama
শংকরে	sh o ng k o r e	native
শংকরের	sh o ng k O r e r	native
শংকা	sh o ng k a	native
শংকাই	sh o ng k a i	native
শংকাও	sh o ng k a O	native
শংকাকে	sh o ng k a k e	native
শংকাজনক	sh o ng k a j o n o k	native
শংকাটা	sh o ng k a T a	native
শংকামুক্ত	sh o ng k a m u kt o	native
শংকার	sh o ng k a r	native
শংকারও	sh o ng k a r o O	native
শংকাহিন	sh o ng k a h i n	native
শংকায়	sh o ng k a y	native
শংকু	sh o ng k u	native
শংখ	sh o ng kh O	native
শংখচিল	sh o ng kh o ch i l	native
শংখচুড়	sh o ng kh o ch u r	native
শংখধ্বনি	sh o ng kh o dh dh o n i	tatsama
শংখবনিক	sh o ng kh o b o n i k	native
শংখবনিকেরা	sh o ng kh o b o n i k e r a	native
শংখশিল্প	sh o ng kh o sh i l p o	native
শংখিনি	kh O ng kh i n i	native
শংখের	sh o ng kh e r	native
শংসাবচন	sh o ng sh a b o ch o n	native
শই	sh O i	native
শইত্যপ্রবাহ	sh O i t t O pr O b a h O	native
শইথিল্য	sh O i th i l l O	native
শইবাল	sh O i b a l	native
শইবালের	sh O i b a l e r	native
শইল	sh O i l O	native
শইলকুপা	sh O i l O k u p a	native
শইলকুপার	sh O i l k u p a r	native
শইলি	sh O i l i	native
শইলিতে	sh O i l i t e	native
শইলে	sh o i l e	native
শইল্পিক	sh O i l p i k	native
শইল্পিকের	sh O i l p i k e r	native
শইশব	sh O i sh o b	native
শইশবকাল	sh O i sh o b k a l	native
শইশবে	sh O i sh o b e	native
শইশবেই	sh O i sh o b e i	native
শইশবের	sh O i sh o b e r	native
শউর	sh O u r	native
শউল	sh O u l	native
শও	sh o O	native
শওকত	sh o O k o t	native
শওকতকে	sh O u k o t k e	native
শওকতের	sh O O k o t e r	native
শওকাত	sh o O k a t	native
শওকিন	sh o O k i n	native
শওহর	sh o O h o r	native
শওয়াল	sh o O y a l	native
শকট	sh o k O T	native
শকতা	sh o k t a	native
শকতি	sh o k t i	native
শকরুন	sh o k O r u n	native
শকল	sh o k o l	native
শকাব্দ	sh o k a b d o	native
শকার–বকার	sh o k a r b o k a r	native
শকুন	sh O k u n	native
শকুনি	sh O k u n i	native
শকুনের	sh O k u n e r	native
শকুন্ত	sh O k u nt O	native
শকুন্তলা	sh o k u nt o l a	native
শকুন্তলার	sh O k u nt o l a r	native
শক্তভাবেই	sh o kt o bh a b e i	native
শক্তিকে	sh O kt i k e	native
শক্তিকেই	sh O kt i k e i	native
শক্তিকেন্দ্র	sh o kt i k e ndr o	native
শক্তিক্ষয়	sh o kt i kkh o y	tatsama
শক্তিগুলো	sh O kt i g u l O	native
শক্তিচালিত	sh O kt i ch a l i t O	native
শক্তিটুকুও	sh o kt i T u k u O	native
শক্তিতে	sh O kt i t e	native
শক্তিতেই	sh O kt i t e i	native
শক্তিধর	sh O kt i dh o r	native
শক্তিধরের	sh o kt i dh o r e r	native
শক্তিপদ	sh o kt i p o d	native
শক্তিবর্গ	sh o kt i b o r g o	native
শক্তিবর্গের	sh o kt i b o r g e r	native
শক্তিবৃদ্ধি	sh o kt i b ri d dh i	tatsama
শক্তিমত্তা	sh O kt i m o tt a	native
শক্তিমত্তার	sh O kt i m o tt a r	native
শক্তিমানের	sh o kt i m a n e r	native
শক্তির	sh O kt i r	native
শক্তিরও	sh o kt i r O	native
শক্তিরা	sh o kt i r a	native
শক্তিরুপে	sh o kt i r u p e	native
শক্তিশংকর	sh o kt i sh o ng k o r	native
শক্তিশালি	sh O kt i sh a l i	native
শক্তিশালিই	sh o kt i sh a l i i	native
শক্তিশালিও	sh o kt i sh a l i O	native
শক্তিশালিকরন	sh O kt i sh a l i k o r O n	native
শক্তিশালিকরনে	sh o kt i sh a l i k o r o n e	compound
শক্তিশালিকরনের	sh o kt i sh a l i k o r o n e r	compound
শক্তিশালিভাবে	sh o kt i sh a l i bh a b e	compound
শক্তিসম্পন্ন	sh O kt i sh o mp O nn O	native
শক্তিসহ	sh o kt i sh o h O	native
শক্তিসাশ্রয়ি	sh o kt i sh a sh r o y i	native
শক্তিহিন	sh O kt i h i n	native
শক্তু	sh O kt u	native
শক্তের	sh o kt e r	native
শক্য	sh O k k O	native
শক্র	sh o kr O	native
শখ	sh o kh	native
শখকে	sh o kh k e	native
শখটি	sh o kh o T i	native
শখানেক	sh o kh a n e k	native
শখে	sh o kh e	native
শখের	sh o kh e r	native
শচিনই	sh o ch i n i	native
শচিনও	sh o ch i n O	native
শচিনকে	sh O ch i n k e	native
শচিনরা	sh o ch i n r a	native
শচিনের	sh O ch i n e r	native
শচিন্দ্রনাথ	sh o ch i ndr o n a th	native
শজনে	sh o j n e	native
শজারু	sh o j a r u	native
শজিনা	sh o j i n a	native
শজিনাগুলো	sh o j i n a g u l O	native
শজিনার	sh o j i n a r	native
শজিমেক	sh o j i m e k	native
শজ্যা	sh o j j a	native
শজ্যাপাশে	sh o j j a p a sh e	native
শজ্যাবিশিশ্ট	sh O j j a b i sh i sh T O	native
শজ্যার	sh o j j a r	native
শজ্যাশায়ি	sh o j j a sh o y i	native
শজ্যাসংখ্যা	sh o j j a sh o ng kh a	native
শজ্যায়	sh o j j a y	native
শট	sh o T	native
শটও	sh o T O	native
শটকাট	sh o T k a T	loanword
শটকে	sh O T k e	native
শটগানটি	sh o T g a n T i	loanword
শটগানের	sh o T g a n e r	loanword
শটগুলো	sh o T g u l O	native
শটটা	sh o T T a	native
শটটিই	sh o T T i i	native
শটন	sh o T O n	native
শটস	sh o T sh	native
শটা	sh o T a	native
শটি	sh O T i	native
শটেই	sh o T e i	native
শটের	sh o T e r	native
শঠ	sh o Th	native
শঠতা	sh o Th O t a	native
শঠতাপুর্ন	sh o Th t a p u r n o	native
শঠতার	sh o Th o t a r	native
শড়জন্ত্র	sh o r O j o nt r O	native
শতক	sh o t O k	native
শতকটি	sh o t O k T i	native
শতকটির	sh o t o k T i r	native
শতকসহ	sh o t O k sh o h O	native
শতকেই	sh o t O k e i	native
শতকেও	sh o t O k e O	native
শতকোটি	sh o t O k O T i	native
শতগুন	sh o t O g u n	native
শতজন	sh o t o j o n	native
শততম	sh o t O t o m O	native
শতদল	sh o t O d o l	native
শতবর্ষ	sh o t O b o r sh O	native
শতবর্ষপুর্তি	sh o t o b o r sh o p u r t i	native
শতবর্ষি	sh o t O b O r sh i	native
শতবর্ষে	sh o t o b o r sh e	native
শতবর্ষের	sh o t O b o r sh e r	native
শতবার	sh o t O b a r	native
শতবার্ষিকি	sh o t O b a r sh i k i	native
শতভাগ	sh o t O bh a g	native
শতভাগের	sh o t o bh a g e r	native
শতম	sh o t o m	native
শতরঞ্জ	sh o t o r o n j o	native
শতরঞ্জি	sh o t O r O n j i	native
শতরঞ্জির	sh o t o r o n j i r	native
শতরাজ	sh o t o r a j	native
শতরান	sh o t O r a n	native
শতরানের	sh o t O r a n e r	native
শতরুপা	sh o t O r u p a	native
শতরুপে	sh o t o r u p e	native
শতলক্ষ	sh o t o l o kkh o	tatsama
শতশত	sh o t O sh o t O	native
শতাংশই	sh o t a ng sh O i	native
শতাংশকে	sh o t a ng sh o k e	native
শতাংশকেই	sh o t a ng sh o k e i	native
শতাংশপ্রতি	sh o t a ng sh o p o r t i	native
শতাংশর	sh o t a ng sh o r	native
শতাংশিয়	sh o t a ng sh i y	native
শতাংশে	sh o t a ng sh e	native
শতাংশেই	sh o t a ng sh e i	native
শতাংশেও	sh o t a ng sh e O	native
শতাংশের	sh o t a ng sh e r	native
শতাধিক	sh o t a dh i k	native
শতাবধি	sh o t a b O dh i	native
শতাব্দি	sh o t a b d i	native
শতাব্দিতে	sh o t a b d i t e	native
শতাব্দিতেও	sh o t a b d i t e O	native
শতাব্দিপ্রাচিন	sh o t a b d i p a r ch i n	compound
শতাব্দিরও	sh o t a b d i r o O	native
শতাশ	sh o t a sh	native
শতায়ু	sh o t a y u	native
শতে	sh o t e	native
শতেক	sh o t e k	native
শত্তুর	sh o tt u r	native
শত্ব	sh o t t O	tatsama
শত্রুই	sh o tr u i	native
শত্রুও	sh O tr u O	native
শত্রুকে	sh O tr u k e	native
শত্রুকেও	sh o tr u k e O	native
শত্রুঘ্ন	sh O tr u gh n O	native
শত্রুতাবশত	sh o tr u t a b o sh o t o	native
শত্রুতামুলক	sh o tr u t a m u l o k	native
শত্রুতায়	sh o tr u t a y	native
শত্রুদের	sh O tr u d e r	native
শত্রুপক্ষ	sh O tr u p o kkh O	tatsama
শত্রুভাবাপন্ন	sh O tr u bh a b a p o nn O	compound
শত্রুমুক্ত	sh O tr u m u kt O	native
শত্রুর	sh O tr u r	native
শত্রুরা	sh O tr u r a	native
শত্রুরাশ্ট্র	sh o tr u r a sh T r o	loanword
শত্রুরাশ্ট্রের	sh o tr u r a sh T e r	loanword
শত্রুসেনা	sh o tr u sh e n a	native
শত্রুসেনারা	sh o tr u sh o sh e n a r a	native
শত্রুহিন	sh o tr u h i n	native
শনখোলাপাড়ার	sh o n kh O l a p a r a r	native
শনখোলাপাড়ায়	sh o n kh O l a p a r a y	native
শনশন	sh o n sh o n	native
শনাক্ত	sh o n a kt O	native
শনাক্তও	sh o n a kt o O	native
শনাক্তকরন	sh o n a kt o k o r o n	native
শনাক্তকরনে	sh o n a kt o k o r o n e	native
শনাক্তকরনের	sh o n a kt o k o r o n e r	native
শনাক্তকারি	sh o n a kt O k a r i	native
শনাক্তকৃত	sh o n a kt o k i r t o	tatsama
শনাক্তে	sh o n a kt e	native
শনি	sh O n i	native
শনিবারই	sh O n i b a r i	native
শনিবারও	sh O n i b a r O	native
শনিবারে	sh O n i b a r e	native
শনিবারেই	sh o n i b a r e i	native
শনিবারের	sh O n i b a r e r	native
শনির	sh O n i r	native
শনে	sh o n e	native
শনের	sh o n e r	native
শনোইঃ	sh o n O i h	tatsama
শনোইঃশনোইঃ	sh o n O i sh o n O i	tatsama
শনোইশ্চর	sh o n O i ch ch o r	native
শন্মুখ	sh o n m u kh	native
শপগুলো	sh o p g u l O	native
শপগুলোতে	sh o p g u l O t e	native
শপথগ্রহন	sh o p O th gr O h O n	native
শপথগ্রহনের	sh o p O th gr O h O n e r	native
শপথবাক্য	sh o p O th b a k k O	native
শপথবাক্যে	sh o p o th b a k k e	native
শপথবাক্যের	sh o p o th b a k k e r	native
শপথের	sh o p O th e r	native
শপিংব্যাগ	sh o p i ng b A g	loanword
শপিংমল	sh o p i ng m o l	native
শপিংমলগুলো	sh o p i ng m o l g u l O	native
শপিংমলের	sh o p i ng m o l e r	native
শপিংয়ে	sh o p i ng y e	native
শপে	sh o p e	native
শপ্ত	sh o p t O	native
শফর	sh o ph o r	native
শফরি	sh o ph r i	native
শফি	sh O ph i	native
শফিউজ্জামান	sh o ph i u j j a m a n	native
শফিউদ্দিন	sh O ph i u d d i n	native
শফিউর	sh O ph i u r	native
শফিউরের	sh o ph i u r e r	native
শফিউল	sh O ph i u l	native
শফিউলই	sh o ph i u l i	native
শফিউলও	sh o ph i u l O	native
শফিউলকে	sh O ph i u l k e	native
শফিউলদের	sh o ph i u l d e r	native
শফিউলের	sh O ph i u l e r	native
শফিউল্লাহ	sh O ph i u l l a h	native
শফিউল্লাহর	sh o ph i u l l a h r	native
শফিক	sh O ph i k	native
শফিকও	sh o ph i k O	native
শফিককে	sh O ph i k k e	native
শফিকসহ	sh o ph i k sh o h O	native
শফিকুজ্জামান	sh o ph i k u j j a m a n	native
শফিকুর	sh O ph i k u r	native
শফিকুরকে	sh o ph i k u r k e	native
শফিকুরের	sh o ph i k u r e r	native
শফিকুল	sh O ph i k u l	native
শফিকুলকে	sh O ph i k u l k e	native
শফিকুলের	sh O ph i k u l e r	native
শফিকুল্লাহ	sh o ph i k u l l a h	native
শফিকের	sh O ph i k e r	native
শফিপুর	sh O ph i p u r	native
শফির	sh O ph i r	native
শফিয়ার	sh o ph i y a r	native
শফু	sh O ph u	native
শবজাত্রা	sh o b o j a tr a	native
শবজাত্রায়	sh o b o j a tr a y	native
শবদেহ	sh o b d e h o	native
শবনম	sh o b n O m	native
শবনমের	sh o b n O m e r	native
শবল	sh o b o l	native
শবাসনে	sh o b a sh o n e	loanword
শবিনা	sh O b i n a	native
শবে	sh o b e	native
শবেকদরের	sh o b e k o d O r e r	native
শবেবরাত	sh o b e b o r a t	native
শবেবরাতের	sh o b e b o r a t e r	native
শবের	sh o b e r	native
শব্দই	sh o b d O i	native
শব্দও	sh o b d O O	native
শব্দকর	sh o b d o k o r	native
শব্দকোশ	sh o b d O k O sh	native
শব্দগত	sh o b d o g o t o	native
শব্দগুচ্ছ	sh o b d O g u ch chh O	native
শব্দগুচ্ছও	sh o b d o g u ch chh o	native
শব্দগুচ্ছটি	sh o b d o g u ch chh o T i	native
শব্দগুলি	sh o b d o g u l i	native
শব্দগুলির	sh o b d o g u l i r	native
শব্দগুলো	sh o b d O g u l O	native
শব্দগুলোর	sh o b d O g u l O r	native
শব্দচয়ন	sh o b d o ch o y o n	native
শব্দচয়নে	sh o b d o ch o y o n e	native
শব্দজন্ত্র	sh o b d o j o nt r o	native
শব্দজুগল	sh o b d o j u g o l	native
শব্দজুগলের	sh o b d o j u g o l e r	native
শব্দটা	sh o b d o T a	native
শব্দটাই	sh o b d O T a i	native
শব্দটাও	sh o b d o T a O	native
শব্দটাকে	sh o b d O T a k e	native
শব্দটার	sh o b d O T a r	native
শব্দটি	sh o b d O T i	native
শব্দটিই	sh o b d O T i i	native
শব্দটিকে	sh o b d O T i k e	native
শব্দটির	sh o b d O T i r	native
শব্দতরংগ	sh o b d o t o r o ng g o	native
শব্দদুশন	sh o b d O d u sh O n	native
শব্দদুশনে	sh o b d o d u sh o n e	native
শব্দদুশনের	sh o b d O d u sh o n e r	native
শব্দদ্বয়	sh o b d o d d o y	native
শব্দবন্ধ	sh o b d o b o ndh o	native
শব্দবন্ধটি	sh o b d o b o ndh o T i	native
শব্দভান্ডার	sh o b d O bh a n D a r	native
শব্দভান্ডারে	sh o b d o bh a n D a r e	native
শব্দমাত্রা	sh o b d o m a tr a	native
শব্দমালা	sh o b d o m a l a	native
শব্দমুল	sh o b d o m u l	native
শব্দশইলি	sh o b d O sh O i l i	native
শব্দসংকেতের	sh o b d o sh o ng k e t e r	native
শব্দসমুহ	sh o b d O sh O m u h O	native
শব্দসমুহকে	sh o b d O sh O m u h O k e	native
শব্দসোইনিক	sh o b d o sh O i n i k	native
শব্দহিন	sh o b d O h i n	native
শব্দাংশ	sh o b d a ng sh O	native
শব্দাবলি	sh o b d o b o l i	native
শব্দাবলির	sh o b d o b o l i r	native
শব্দার্থিক	sh o b d a r th i k	native
শব্দে	sh o b d e	native
শব্দেই	sh o b d e i	native
শব্দের	sh o b d e r	native
শম	sh o m	native
শমন	sh o m O n	native
শমশের	sh o m sh e r	native
শমশেরনগর	sh o m sh e r n o g O r	native
শমশেরনগরে	sh o m sh e r n o g o r e	native
শমশেরনগরের	sh o m sh e r n o g o r e r	native
শমসেরকে	sh o m sh e r k e	native
শমসেরের	sh o m sh e r e r	native
শমি	sh O m i	native
শমিত	sh O m i t O	native
শমির	sh O m i r	native
শম্পা	sh o mp a	native
শম্পার	sh o mp a r	native
শম্ব	sh o mb O	native
শম্বুকগতিতে	sh o mb u k g o t i t e	native
শম্বুকগতির	sh o mb u k g o t i r	native
শম্ভু	sh O m bh u	native
শম্ভুগঞ্জ	sh o m bh u g o n j o	native
শম্ভুনাথ	sh O m bh u n a th	native
শম্ভুপুর	sh o m bh u p u r	native
শম্ভুর	sh O m bh u r	native
শর	sh o r	native
শরও	sh o r O	native
শরগরম	sh o r g o r O m	native
শরচ্চন্দ্র	sh o r O ch ch o ndr O	native
শরটি	sh o r T i	native
শরত	sh o r o t	native
শরতেই	sh o r o t e i	native
শরতের	sh o r O t e r	native
শরত্	sh o r o t	native
শরত্কালিন	sh o r o t k a l i n	native
শরত্কালে	sh o r o t k a l e	native
শরত্চন্দ্র	sh o r o t ch o n o d r o	native
শরদ	sh o r o d o	native
শরদিন্দু	sh o r O d i nd u	native
শরন	sh o r O n	native
শরনখোলা	sh o r o n kh O l a	native
শরনখোলার	sh o r o n kh O l a r	native
শরনখোলায়	sh o r o n kh O l a y	native
শরনাপন্ন	sh o r O n a p o nn O	native
শরনার্থি	sh o r o n a r th i	native
শরনার্থিকে	sh o r o n a r th i k e	native
শরনার্থিদের	sh o r o n a r th i d e r	native
শরনার্থিবিশয়ক	sh o r o n a r th i b i sh o y o k	compound
শরনার্থির	sh o r o n a r th i r	native
শরনার্থিরা	sh o r o n a r th i r a	native
শরনের	sh o r o n e r	native
শরফ	sh o r O ph	native
শরফরাজ	sh o r o ph r a j	native
শরফু	sh o r ph u	native
শরফুদ্দিন	sh o r ph u d d i n	native
শরফুদ্দোউলা	sh o r ph u d d O u l a	native
শরফুর	sh o r ph u r	native
শরফুল	sh O r ph u l	native
শরবতও	sh o r b O t O	native
শরবতে	sh o r b o t e	native
শরবতের	sh o r b o t e r	native
শরভ	sh o r O bh	native
শরম	sh o r O m	native
শরমিন্দ	sh o r m i nd o	native
শরমিন্দা	sh o r m i nd a	native
শরমে	sh o r O m e	native
শরমের	sh o r m e r	native
শরা	sh o r a	native
শরাফ	sh o r a ph	native
শরাফি	sh o r a ph i	native
শরাফিকে	sh o r a ph i k e	native
শরাফির	sh o r a ph i r	native
শরাব	sh o r a b	native
শরাসন	sh o r a sh O n	native
শরাহত	sh o r a h o t o	native
শরিক	sh o r i k	native
শরিককে	sh o r i k k e	native
শরিকদের	sh O r i k d e r	native
শরিকরা	sh o r i k r a	native
শরিকানা	sh o r i k a n a	native
শরিকের	sh o r i k e r	native
শরিকেরা	sh o r i k e r a	native
শরিকেরাও	sh o r i k e r a O	native
শরিফ	sh O r i ph	native
শরিফউদ্দিন	sh o r i ph u d d i n	native
শরিফও	sh O r i ph O	native
শরিফপুর	sh o r i ph p u r	native
শরিফসহ	sh o r i ph sh o h O	native
শরিফা	sh O r i ph a	native
শরিফুজ্জামান	sh o r i ph u j o j a m a n	native
শরিফুদ্দিন	sh o r i ph u u d d i n	native
শরিফুন	sh o r i ph u n	native
শরিফুর	sh o r i ph u r	native
শরিফুলকে	sh o r i ph u l k e	native
শরিফুলের	sh o r i ph u l e r	native
শরিফে	sh O r i ph e	native
শরিফের	sh O r i ph e r	native
শরির	sh O r i r	native
শরিরই	sh o r i r i	native
শরিরও	sh o r i r O	native
শরিরকে	sh O r i r k e	native
শরিরচর্চা	sh o r i r ch o r ch a	native
শরিরচর্চার	sh o r i r ch o r ch a r	native
শরিরচর্চায়	sh o r i r ch o r ch a y	native
শরিরজুড়ে	sh o r i r h u r e	native
শরিরটা	sh O r i r T a	native
শরিরটাও	sh O r i r T a O	native
শরিরটাকে	sh O r i r T a k e	native
শরিরটি	sh O r i r T i	native
শরিরনির্ভর	sh o r i r n i r bh o r	native
শরিরি	sh o r i r i	native
শরিরে	sh O r i r e	native
শরিরেই	sh O r i r e i	native
শরিরেও	sh O r i r e O	native
শরিরের	sh O r i r e r	native
শরিয়ত	sh o r i y o t	native
শরিয়তগর্হিত	sh o r i y o t g o r h i t o	native
শরিয়তপুর	sh O r i o t p u r	native
শরিয়তপুরে	sh o r i y o t p u r e	native
শরিয়তপুরের	sh o r i y o t p u r e r	native
শরিয়তসম্মত	sh o r i y o t sh o mm o t o	native
শরিয়তুল্লাহ	sh o r i y o t u l l a h o	native
শরিয়তে	sh o r i y o t e	native
শরিয়তের	sh o r i y o t e r	native
শরিয়া	sh o r i y a	native
শরিয়াভিত্তিক	sh O r i a bh i tt i k	native
শরিয়ার	sh o r i y a r	native
শরিয়াহ	sh O r i a h	native
শরিয়াহভিত্তিক	sh o r i y a h bh i tt i k	compound
শরিয়াহ্	sh o r i y a h	native
শর্করার	sh o r k o r a r	native
শর্ট	sh o r o T	loanword
শর্টকাট	sh o r T k a T	loanword
শর্টকার্ট	sh o r o T k a r T	loanword
শর্টগান	sh o r o T g a n	loanword
শর্টগানের	sh o r T g a n e r	loanword
শর্টফিল্ম	sh o r T ph i l m	loanword
শর্টস	sh o r T sh	loanword
শর্টসার্কিট	sh o r T sh a r k i T	loanword
শর্টসার্কিটের	sh o r o T sh a r o k i T e r	compound
শর্ট–সাইট	sh o r T sh a i T	native
শর্ত	sh o r t O	native
শর্তই	sh o r t O i	native
শর্তও	sh o r t O O	native
শর্তকে	sh o r t o k e	native
শর্তগুলো	sh o r t O g u l O	native
শর্তগুলোর	sh o r t O g u l O r	native
শর্তজুক্ত	sh o r t O j u kt O	native
শর্তটি	sh o r t O T i	native
শর্তটিও	sh o r t o T i O	native
শর্তপুরন	sh o r t o p u r o n	native
শর্তমতে	sh o r t o m e	native
শর্তমুক্ত	sh o r t o m u kt o	native
শর্তসমুহ	sh o r t o sh o m u h o	native
শর্তসাপেক্ষ	sh o r t o sh a p e kkh o	tatsama
শর্তসাপেক্ষে	sh o r t O sh a p e kkh e	tatsama
শর্তহিন	sh o r t o h i n	native
শর্তহিনভাবে	sh o r t o h i n bh a b e	native
শর্তা	sh o r t a	native
শর্তাংশ	sh o r t a ng sh o	native
শর্তাদি	sh o r t a d i	native
শর্তাধিন	sh o r t a dh i n	native
শর্তানুজায়ি	sh o r t a n u j a y i	native
শর্তানুসারে	sh o r t a n u sh a r e	native
শর্তাবলি	sh o r t a b O l i	native
শর্তাবলির	sh o r t a b o l i r	native
শর্তারোপ	sh o r t a r O p	native
শর্তারোপের	sh o r t a r O p e r	native
শর্তে	sh o r t e	native
শর্তেই	sh o r t e i	native
শর্তেও	sh o r t e O	native
শর্তের	sh o r t e r	native
শর্ব	sh o r b O	native
শর্বর	sh o r b O r	native
শর্বরি	sh o r b O r i	native
শর্ম	sh o r m O	native
শর্মা	sh o r m a	native
শর্মাকে	sh o r m a k e	native
শর্মাসহ	sh o r m a sh o h O	native
শর্মি	sh O r m i	native
শর্মিমালা	sh O r m i m a l a	native
শর্মিলা	sh O r m i l a	native
শর্মিলাকে	sh o r m i l a k e	native
শর্মিলার	sh O r m i l a r	native
শর্মিলি	sh O r m i l i	native
শর্মিশ্ঠা	sh O r m i sh Th a	native
শর্মিশ্ঠার	sh o r m i sh Th a r	native
শর্ষিনার	sh o r o sh i n a r	native
শর্ষের	sh o r sh e r	native
শরৎ	sh o r O t	native
শরৎকালিন	sh o r o t k a l i n	native
শরৎচন্দ্র	sh o r O t ch o ndr O	native
শরৎচন্দ্রের	sh o r O t ch o ndr e r	native
শলভ	sh o l o bh	native
শলাকার	sh a l a k a r	native
শলার	sh o l a r	native
শলিতা	sh O l i t a	native
শল্য	sh o l l O	native
শল্যচিকিৎ	sh o l l a ch i k i t	native
শল্যচিকিৎসক	sh o l l O ch i k i t sh o k	native
শল্যচিকিৎসকদের	sh o l l a ch i k i t sh o k d e r	compound
শল্যচিকিৎসকের	sh o l l a ch i k i t sh o k e r	compound
শল্যচিকিৎসা	sh o l l a ch i k i t sh a	native
শল্যচিকিৎসার	sh o l l a ch i k i t sh a r	native
শল্যচিকিৎসায়	sh o l l a ch i k i t sh a y	native
শল্যবিদ	sh o l l o b i d	native
শশধর	sh o sh dh o r	native
শশব্যস্ত	sh o sh o b A st o	native
শশা	sh o sh a	native
শশাংক	sh o sh a ng k o	native
শশাং্ককে	sh o sh a ng k O k e	native
শশার	sh o sh a r	native
শশারকান্দি	sh o sh a r k a nd i	native
শশি	sh O sh i	native
শশিকর	sh O sh i k o r	native
শশিকলা	sh O sh i k o l a	native
শশিকান্ত	sh o sh O k i nt O	native
শশিগঞ্জ	sh o sh i g o n j o	native
শশিদল	sh o sh i d o l	native
শশিদলে	sh o sh i d o l e	native
শশিপ্রিয়া	sh O sh i pr i y a	native
শশিভুশন	sh o sh i bh u sh o n	native
শশিমুখি	sh O sh i m u kh i	native
শশির	sh O sh i r	native
শশ্ঠ	sh o sh Th O	native
শশ্ঠবারের	sh o sh Th O b a r e r	native
শশ্ঠি	sh O sh Th i	native
শশ্বৎ	sh o sh sh o t	tatsama
শসার	sh o sh a r	native
শস্ত্র	sh o st r O	native
শস্য	sh O sh sh O	native
শস্যখেত	sh o sh sh o kh e t	native
শস্যদানা	sh O sh sh O d a n a	native
শস্যবিমা	sh o sh sh o b i m a	native
শস্যবিমার	sh o sh sh o b i m a r	native
শস্যভান্ডার	sh o sh sh o bh a n D a r	native
শস্যে	sh o sh sh e	native
শস্যের	sh O sh sh e r	native
শহদ	sh o h O d	native
শহরই	sh o h O r i	native
শহরও	sh o h O r O	native
শহরকে	sh o h O r k e	native
শহরকেন্দ্রিক	sh o h O r k e nd ri k	native
শহরগছি	sh o h o r g o chh i	native
শহরগামি	sh o h o r g a m i	native
শহরগুলিতে	sh o h O r g u l i t e	native
শহরগুলো	sh o h O r g u l O	native
শহরগুলোও	sh o h o r g u l O O	native
শহরগুলোকে	sh o h o r g u l O k e	native
শহরগুলোতেও	sh o h O r g u l O t e O	native
শহরগুলোর	sh o h O r g u l O r	native
শহরগুলোয়	sh o h o r g u l O y	native
শহরজুড়ে	sh o h o r j u r e	native
শহরজুড়েই	sh o h o r j u r e i	native
শহরটা	sh o h O r T a	native
শহরটাই	sh o h o r T a i	native
শহরটাকে	sh o h O r T a k e	native
শহরটার	sh o h o r T a r	native
শহরটিও	sh o h O r T i O	native
শহরটিকে	sh o h O r T i k e	native
শহরটিতে	sh o h O r T i t e	native
শহরটির	sh o h O r T i r	native
শহরতলি	sh o h O r t O l i	native
শহরতলিতে	sh o h O r t O l i t e	native
শহরতলির	sh o h O r t O l i r	native
শহরবাসি	sh o h O r b a sh i	loanword
শহরবাসিকে	sh o h O r b a sh i k e	loanword
শহরবাসিদের	sh o h o r b a sh i d e r	loanword
শহরবাসির	sh o h O r b a sh i r	loanword
শহরভিত্তিক	sh o h o r bh i tt i k	native
শহরমুখি	sh o h O r m u kh i	native
শহরময়	sh o h o r m o y o	native
শহররক্ষা	sh o h O r r o kkh a	tatsama
শহরসংলগ্ন	sh o h o r sh o ng l o g n o	native
শহরাঞ্চল	sh o h o r a n ch o l	native
শহরাঞ্চলে	sh o h O r a n ch o l e	native
শহরাঞ্চলেও	sh o h o r a n ch o l e O	native
শহরাঞ্চলের	sh o h O r a n ch o l e r	native
শহরে	sh o h O r e	native
শহরেই	sh o h O r e i	native
শহরেও	sh o h O r e O	native
শহাদত	sh o h a d o t	native
শহিদ	sh O h i d	native
শহিদউদ্দিন	sh o h i d u d d i n	native
শহিদউদ্দিনের	sh o h i d u d d i n e r	native
শহিদউল্লাহ	sh O h i d u l l a h	native
শহিদও	sh O h i d O	native
শহিদজননি	sh O h i d j o n O n i	native
শহিদজননির	sh o h i d j o n n i r	native
শহিদজায়া	sh o h i d j a y a	native
শহিদদিগকে	sh o h i d d i g k e	native
শহিদনগর	sh o h i d n o g o r	native
শহিদবাগ	sh o h i d b a g	native
শহিদবাগের	sh o h i d b a g e r	native
শহিদবেদিতে	sh o h i d b e d i t e	native
শহিদলিপি	sh o h i d l i p i	native
শহিদলিপির	sh o h i d l i p i r	native
শহিদসহ	sh o h i d sh o h O	native
শহিদা	sh o h i d a	native
শহিদি	sh o h i d i	native
শহিদুজ্জামান	sh O h i d u j j a m a n	native
শহিদুজ্জামানের	sh o h i d u j j a m a n e r	compound
শহিদুলকে	sh O h i d u l k e	native
শহিদুলসহ	sh o h i d u l sh o h O	native
শহিদুলের	sh O h i d u l e r	native
শহিদুল্যাহ	sh o h i d u l l a h	native
শহিদুল্লা	sh O h i d u l l a	native
শহিদুল্লাহ	sh O h i d u l l a h	native
শহিদুল্লাহর	sh O h i d u l l a r	native
শহিদুল্লাহ্	sh O h i d u l l a h	native
শহিদুল্লাহ্র	sh o h i d u l l a h r	native
শহিদেরা	sh o h i d e r a	native
শহুদুল	sh o h i d u l	native
শহুরে	sh O h u r e	native
শহড়াবাড়ি	sh o h o r a b a r i	native
শা	sh a	native
শাংকর	sh a ng k O r	native
শাংন	sh a ng O n	native
শাংল	sh a ng O l	native
শাংলা	sh a ng l a	native
শাংা	sh a ng a	native
শাই	sh a i	native
শাইখ	sh a i kh	native
শাইখানি;	sh a i kh a n i	native
শাইন	sh a i n	native
শাইনপুকুর	sh a i n p u k u r	native
শাইনি	sh a i n i	native
শাইনিং	sh a i n i ng	native
শাইমান	sh a i m a n	native
শাইল	sh a i l	native
শাইলক	sh a i l o k	native
শাউড়ি	sh a u r i	native
শাওন	sh a O n	native
শাওনকে	sh a O n k e	native
শাওনসহ	sh a O n sh o h O	native
শাওনের	sh a O n e r	native
শাওমি	sh a O m i	native
শাওল	sh a O l	native
শাওলি	sh a O l i	native
শাওড়া	sh a O r a	native
শাওয়ারের	sh a O y a r e r	native
শাওয়াল	sh a O y a l	native
শাক	sh a k	native
শাকপুরা	sh a k p u r a	native
শাকসবজি	sh a k sh O b j i	native
শাকসবজিতে	sh a k sh O b j i t e	native
শাকসবজির	sh a k sh O b j i r	native
শাকান্ন	sh a k a nn o	native
শাকিব	sh a k i b	native
শাকিবকে	sh a k i b k e	native
শাকিবের	sh a k i b e r	native
শাকির	sh a k i r	native
শাকিরা	sh a k i r a	native
শাকিরাকে	sh a k i r a k e	native
শাকিরার	sh a k i r a r	native
শাকিল	sh a k i l	native
শাকিলকে	sh a k i l k e	native
শাকিলস	sh a k i l sh	native
শাকিলা	sh a k i l a	native
শাকিলুজ্জামান	sh a k i l u j j a m a n	compound
শাকিলের	sh a k i l e r	native
শাকুন	sh a k u n	native
শাকুর	sh a k u r	native
শাকুরের	sh a k u r e r	native
শাকে	sh a k e	native
শাকের	sh a k e r	native
শাক্ত	sh a kt O	native
শাক্তা	sh a kt a	native
শাক্য	sh a k k O	native
শাখ	sh a kh	native
শাখচিল	sh a kh ch i l	native
শাখতার	sh a kh t a r	native
শাখাই	sh a kh a i	native
শাখাও	sh a kh a O	native
শাখাওয়াত	sh a kh a O y a t	native
শাখাওয়াৎ	sh a kh a O y a t	native
শাখাকে	sh a kh a k e	native
শাখাগুলো	sh a kh a g u l O	native
শাখাগুলোকে	sh a kh a g u l O k e	native
শাখাগুলোয়	sh a kh a g u l O y	native
শাখাটি	sh a kh a T i	native
শাখাটির	sh a kh a T i r	native
শাখাতে	sh a kh a t e	native
শাখাতেই	sh a kh a t e i	native
শাখানদির	sh a kh a n o d i r	native
শাখাপ্রধান	sh a kh a pr o dh a n	native
শাখাপ্রধানের	sh a kh a pr o dh a n e r	native
শাখাপ্রশাখা	sh a kh a pr o sh a kh a	native
শাখার	sh a kh a r	native
শাখারও	sh a kh a r O	native
শাখারি	sh a kh a r i	native
শাখারিবাজার	sh a kh a r i b a j a r	native
শাখারিবাজারে	sh a kh a r i b a j a r e	native
শাখারিবাজারের	sh a kh a r i b a j a r e r	compound
শাখারিয়া	sh a kh a r i y a	native
শাখাসহ	sh a kh a sh o h O	native
শাখায়	sh a kh a y o	native
শাখায়ও	sh a kh a y o O	native
শাখি	sh a kh i	native
শাখে	sh a kh e	native
শাখের	sh a kh e r	native
শাগ	sh a g	native
শাগরেদ	sh a g r e d	native
শাগাং	sh a g a ng	native
শাগুফা	sh a g u ph a	native
শাজাহান	sh a j a h a n	native
শাজাহানপুর	sh a j a h a n p u r	native
শাজাহানপুরে	sh a j a h a n p u r e	native
শাজাহানের	sh a j a h a n e r	native
শাট	sh a T	native
শাটগম্বুজ	sh a T g O mb u j	native
শাটটি	sh a T T i	native
শাটল	sh a T O l	loanword
শাটলটি	sh a T o l T i	loanword
শাটলের	sh a T o l e r	loanword
শাটার	sh a T a r	loanword
শাটারগান	sh a T a r g a n	loanword
শাটের	sh a T e r	native
শাটোর্ধ	sh a T O r dh O	native
শাটোর্ধ্ব	sh a T O r dh O	tatsama
শাঠ্য	sh a Th Th O	native
শাত	sh a t	native
শাতন	sh a t O n	native
শাতমানোভা	sh a t m a n O bh a	native
শাতিবি	sh a t i b i	native
শাতিল	sh a t i l	native
শাতের	sh a t e r	native
শাতেরের	sh a t e r e r	native
শাদ	sh a d	native
শাদমান	sh a d m a n	native
শাদা	sh a d a	native
শাদিন	sh a d i n	native
শাদির	sh a d i r	native
শাদে	sh a d e	native
শাদের	sh a d e r	native
শাদ্বল	sh a d d o l	native
শানকি	sh a n k i	native
শানতলা	sh a n t o l a	native
শানদং	sh a n d o ng	native
শানবাধানো	sh a n b a dh a n O	native
শানশওকত	sh a n sh o O k o t	native
শানশওকতের	sh a n sh o O k o t e r	native
শানা	sh a n a	native
শানানো	sh a n a n O	native
শানিত	sh a n i t O	native
শানিন	sh a n i n	native
শানি্ত	sh a n i t o	native
শানিয়ে	sh a n i y e	native
শানু	sh a n u	native
শানুর	sh a n u r	native
শানে	sh a n e	native
শানের	sh a n e r	native
শানে–নজুল	sh a n e n O j u l	native
শান্ডিল্য	sh a n D i l l O	native
শান্তকরন	sh a nt o k o r o n	native
শান্তনু	sh a nt O n u	native
শান্তভাবেই	sh a nt o bh a b e i	native
শান্তর	sh a nt O r	native
শান্তরসাস্পদ	sh a nt O r o sh a s p o d O	loanword
শান্তশিশ্ট	sh a nt O sh i sh T O	native
শান্তাকে	sh a nt a k e	native
শান্তার	sh a nt a r	native
শান্তাহার	sh a nt o h a r	native
শান্তিই	sh a nt i i	native
শান্তিও	sh a nt i O	native
শান্তিকামি	sh a nt i k a m i	native
শান্তিকে	sh a nt i k e	native
শান্তিচুক্তি	sh a nt i ch u kt i	native
শান্তিচুক্তিকে	sh a nt i ch u kt i	compound
শান্তিচুক্তিটি	sh a nt i ch u kt i T i	compound
শান্তিচুক্তিতে	sh a nt i ch u kt i t e	compound
শান্তিচুক্তিবিরোধি	sh a nt i ch u kt i b i r O dh i	compound
শান্তিডাংগা	sh a nt i D a ng g a	native
শান্তিতে	sh a nt i t e	native
শান্তিতেই	sh a nt i t e i	native
শান্তিদুত	sh a nt i d u t	native
শান্তিদেব	sh a nt i d e b	native
শান্তিনগর	sh a nt i n o g O r	native
শান্তিনগরে	sh a nt i n o g O r e	native
শান্তিনগরের	sh a nt i n o g O r e r	native
শান্তিনিকেতন	sh a nt i n i k e t o n	native
শান্তিনিকেতনকে	sh a nt i n i k e t o n k e	compound
শান্তিনিকেতনে	sh a nt i n i k e t O n e	compound
শান্তিনিবাস	sh a nt i n i b a sh	loanword
শান্তিপুর	sh a nt i p u r	native
শান্তিপুরে	sh a nt i p u r e	native
শান্তিপুরের	sh a nt i p u r e r	native
শান্তিপুর্ন	sh a nt i p u r n O	native
শান্তিপুর্নভাবে	sh a nt i p u r n O bh a b e	compound
শান্তিপুর্নভাবেই	sh a nt i p u r n O bh a b e i	compound
শান্তিপ্রক্রিয়া	sh a nt i pr o kr i y a	compound
শান্তিপ্রক্রিয়ার	sh a nt i pr o kr i y a r	compound
শান্তিপ্রক্রিয়ায়	sh a nt i pr o kr i y a y	compound
শান্তিপ্রচেশ্টা	sh a nt i pr o ch e sh T a	compound
শান্তিপ্রতিশ্ঠার	sh a nt i pr o t i sh Th a r	compound
শান্তিপ্রিয়	sh a nt i pr i y	native
শান্তিবাগ	sh a nt i b a g	native
শান্তিবাগে	sh a nt i b a g e	native
শান্তিবাগের	sh a nt i b a g e r	native
শান্তিবাদি	sh a nt i b a d i	native
শান্তিবাহিনি	sh a nt i b a h i n i	native
শান্তিবাহিনির	sh a nt i b a h i n i r	compound
শান্তিভংগ	sh a nt i bh o ng g o	native
শান্তিভুশন	sh a nt i bh u sh o n	native
শান্তিমতো	sh a nt i m o t O	native
শান্তিমিছিল	sh a nt i m i chh i l	native
শান্তিময়	sh a nt i m o y	native
শান্তির	sh a nt i r	native
শান্তিরক্ষার	sh a nt i r o kkh a r	tatsama
শান্তিরক্ষায়	sh a nt i r o kkh i y o	tatsama
শান্তিরক্ষি	sh a nt i r o kkh i	tatsama
শান্তিরক্ষিকর্মি	sh a nt i r o kkh i k o r m i	tatsama
শান্তিরক্ষিদের	sh a nt i r o kkh i d e r	tatsama
শান্তিরক্ষির	sh a nt i r o kkh i r	tatsama
শান্তিরক্ষিরা	sh a nt i r o kkh i r a	tatsama
শান্তিরঞ্জন	sh a nt i r o n j o n	native
শান্তিরহাট	sh a nt i r h a T	native
শান্তিলাল	sh a nt i l a l	native
শান্তিশৃংখলা	sh a nt i sh r i ng kh o l a	tatsama
শান্তিশৃংখলার	sh a nt i sh r i ng kh o l a r	tatsama
শান্তু	sh a nt o	native
শান্তুর	sh a nt o r	native
শান্ত্রিসেপাই	sh a nt r i sh e p a i	compound
শাপ	sh a p	native
শাপমোচন	sh a p m O ch o n	native
শাপলাকে	sh a p l a k e	native
শাপলাপুর	sh a p l a p u r	native
শাপলার	sh a p l a r	native
শাপা	sh a p a	native
শাপান্ত	sh a p a nt o	native
শাপি	sh a p i	native
শাপে	sh a p e	native
শাপেবর	sh a p e b o r	native
শাফকাত	sh a ph o k a t	native
শাফা	sh a ph a	native
শাফাক	sh a ph a k	native
শাফায়াত	sh a ph a y a t	native
শাফায়েত	sh a ph a y e t	native
শাফি	sh a ph i	native
শাফিউর	sh a ph i u r	native
শাফিউল	sh a ph i u l	native
শাফিক	sh a ph i k	native
শাফিন	sh a ph i n	native
শাফিনের	sh a ph i n e r	native
শাফির	sh a ph i r	native
শাফিয়া	sh a ph i y a	native
শাফেয়ি	sh a ph e y i	native
শাবক	sh a b O k	native
শাবকের	sh a b O k e r	native
শাবনাজ	sh a b n a j	native
শাবনুর	sh a b n u r	native
শাবনুরকে	sh a b n u r k e	native
শাবনুরের	sh a b n u r e r	native
শাববির	sh a b o b i r	native
শাবর	sh a b O r	native
শাবল	sh a b O l	native
শাবলের	sh a b l e r	native
শাবান	sh a b a n	native
শাবানা	sh a b a n a	native
শাবানার	sh a b a n a r	native
শাবানের	sh a b a n e r	native
শাবাব	sh a b a b	native
শাবাবের	sh a b a b e r	native
শাবালালা	sh a b a l a l a	native
শাবাশ	sh a b a sh	native
শাবি	sh a b i	native
শাবিপ্রবি	sh a b i pr O b i	native
শাবিপ্রবিতে	sh a b i p o r b i t e	native
শাবিপ্রবির	sh a b i p o r b i r	native
শাবির	sh a b i r	native
শাবুদ	sh a b u d	native
শাব্দ	sh a b d O	native
শাব্দিক	sh a b d i k	native
শাব্বির	sh a b b i r	native
শাব্বিরকে	sh a b b i r k e	native
শাব্বিরের	sh a b b i r e r	native
শাভেজ	sh a bh e j	native
শাভেজের	sh a bh e j e r	native
শাম	sh a m	native
শামছুজ্জামান	sh a m chh u j j a m a n	native
শামছুদ্দিন	sh a m chh u d d i n	native
শামছুদ্দোহা	sh a m chh u d d O h a	native
শামছুন	sh a m chh u n	native
শামছুন্নাহার	sh a m sh u nn a h a r	native
শামছুর	sh a m chh u r	native
শামছুল	sh a m sh u l	native
শামর	sh a m O r	native
শামলা	sh a m l a	native
শামলাপুর	sh a m l a p u r	native
শামস	sh a m sh	native
শামসাদ	sh a m sh a d	native
শামসি	sh a m sh i	native
শামসু	sh a m sh u	native
শামসুজ্জামানকে	sh a m sh u j j a m a n k e	compound
শামসুজ্জামানের	sh a m sh u j j a m a n e r	compound
শামসুজ্জোহা	sh a m sh u j j O h a	native
শামসুদ্দিন	sh a m sh u d d i n	native
শামসুদ্দিনকে	sh a m sh u d d i n	native
শামসুদ্দিনের	sh a m sh u d d i n e r	native
শামসুদ্দোহা	sh a m sh u d d O h a	native
শামসুন	sh a m sh u n	native
শামসুননাহার	sh a m sh u n n a h a r	native
শামসুন্নাহার	sh a m sh u nn a h a r	native
শামসুন্নাহারকে	sh a m sh u nn a h a r k e	compound
শামসুরের	sh a m sh u r e r	native
শামসুল	sh a m sh u l	native
শামসুলের	sh a m sh u l e r	native
শামসে	sh a m o sh e	native
শামসের	sh a m sh e r	native
শামস্	sh a m o sh	native
শামা	sh a m a	native
শামারুখ	sh a m a r u kh	native
শামারুখের	sh a m a r u kh e r	native
শামাস	sh a m a sh o	native
শামাসের	sh a m a sh e r	native
শামি	sh a m i	native
শামিউল	sh a m i u l	native
শামিতাভ	sh a m i t a bh	native
শামিমকে	sh a m i m k e	native
শামিমকেও	sh a m i m k e O	native
শামিমসহ	sh a m i m sh o h O	native
শামিমা	sh a m i m a	native
শামিমার	sh a m i m a r	native
শামিমুজ্জামান	sh a m i m u j j a m a n	compound
শামিমুর	sh a m i m u r	native
শামিমুল	sh a m i m u l	native
শামিমের	sh a m i m e r	native
শামির	sh a m i r	native
শামিল	sh a m i l	native
শামিয়ানা	sh a m i y a n a	native
শামিয়ানার	sh a m i y a n a r	native
শামুকে	sh a m u k e	native
শামুকের	sh a m u k e r	native
শাম্মাম	sh a mm a m	native
শাম্মি	sh a mm i	native
শারংগ	sh a r O ng g O	native
শারজা	sh a r j a	native
শারজার	sh a r j a r	native
শারজাহ	sh a r j a h	native
শারজায়	sh a r j a y	native
শারদ	sh a r O d	native
শারদিয়	sh a r o d i y o	native
শারফিন	sh a r ph i n	native
শারফুদ্দিন	sh a r ph u d d i n	native
শারম	sh a r o m	native
শারমিন	sh a r m i n	native
শারমিনকে	sh a r m i n k e	native
শারমিনা	sh a r m i n a	native
শারমিনের	sh a r m i n e r	native
শারমেন	sh a r m e n	native
শারম্যান	sh a r m A n	native
শারলিন	sh a r l i n	native
শারাপোভা	sh a r a p O bh a	native
শারাপোভাকে	sh a r a p O bh a k e	native
শারাফ	sh a r a ph	native
শারাফত	sh a r a ph O t	native
শারিকখালি	sh a r i k kh a l i	native
শারিকা	sh a r i k a	native
শারিরিক	sh a r i r i k	native
শারিরিকভাবে	sh a r i r i k bh a b e	native
শারিরিকভাবেও	sh a r i r i k bh a b e O	native
শার্ংগ	sh a r ng g O	native
শার্ক	sh a r k	native
শার্কর	sh a r k o r	native
শার্কিড	sh a r k i D	native
শার্ট	sh a r T	loanword
শার্টই	sh a r T i	loanword
শার্টও	sh a r T O	loanword
শার্টকে	sh a r T k e	loanword
শার্টগুলো	sh a r T g u l O	loanword
শার্টটা	sh a r T T a	loanword
শার্টটি	sh a r T T i	loanword
শার্টদের	sh a r T d e r	loanword
শার্টধারিদের	sh a r T dh a r i d e r	loanword
শার্টধারিরা	sh a r T dh a r i r a	loanword
শার্টরা	sh a r T r a	loanword
শার্টে	sh a r T e	loanword
শার্টের	sh a r T e r	loanword
শার্দুল	sh a r d u l	native
শার্প	sh a r p	native
শার্পের	sh a r p e r	native
শার্ল	sh a r l	native
শার্লক	sh a r l o k	native
শার্লট	sh a r l o T	proper_noun
শার্লটের	sh a r l o T e r	proper_noun
শার্লি	sh a r l i	native
শার্লিজ	sh a r l i j	native
শার্লিন	sh a r l i n	native
শার্লির	sh a r l i r	native
শার্শা	sh a r sh a	native
শার্শার	sh a r sh a r	native
শালকে	sh a l k e	native
শালকেতে	sh a l k e t e	native
শালকের	sh a l O k e r	native
শালগম	sh a l g o m	native
শালগাড়িয়া	sh a l g a r i y a	native
শালগ্রাম	sh a l gr a m	native
শালডাংগা	sh a l D a ng g a	native
শালধর	sh a l dh o r	native
শালনা	sh a l n a	native
শালপাড়া	sh a l p a r a	native
শালবন	sh a l b o n	native
শালবনে	sh a l b O n e	native
শালবনের	sh a l b o n e r	native
শালবাগান	sh a l b a g a n	native
শালবাড়ি	sh a l b a r i	native
শালা	sh a l a	native
শালাদের	sh a l a d e r	native
শালার	sh a l a r	native
শালি	sh a l i	native
শালিকটি	sh a l i k o T i	native
শালিকের	sh a l i k e r	native
শালিখা	sh a l i kh a	native
শালিন	sh a l i n	native
শালিনতা	sh a l i n o t a	native
শালিনতার	sh a l i n t a r	native
শালিমার	sh a l i m a r	native
শালিস	sh a l i sh	native
শালুক	sh a l u k	native
শালের	sh a l e r	native
শাল্লা	sh a l l a	native
শাল্লায়	sh a l l a y	native
শাশবিবি	sh a sh b i b i	native
শাশা	sh a sh a	native
শাশুড়িও	sh a sh u r i O	native
শাশুড়িকে	sh a sh u r i k e	native
শাশুড়ির	sh a sh u r i r	native
শাশুড়িসহ	sh a sh u r i sh o h O	native
শাশ্বত	sh a sh sh o t O	tatsama
শাশ্বতির	sh a sh sh o t i r	tatsama
শাস	sh a sh	native
শাসক	sh a sh O k	native
শাসকই	sh a sh o k i	native
শাসককুল	sh a sh o k k u l	native
শাসককে	sh a sh o k k e	native
শাসকগোশ্ঠি	sh a sh o k g O sh Th i	native
শাসকগোশ্ঠিকে	sh a sh o k g O sh Th i k e	native
শাসকগোশ্ঠির	sh a sh o k g O sh Th i r	native
শাসকচক্র	sh a sh o k ch o kr o	native
শাসকজোট	sh a sh o k j O T	native
শাসকদল	sh a sh o k d o l	native
শাসকদলের	sh a sh O k d o l e r	native
শাসকরা	sh a sh O k r a	native
শাসকশ্রেনি	sh a sh o k sh r e n i	native
শাসকশ্রেনির	sh a sh o k sh r e n i r	native
শাসকের	sh a sh O k e r	native
শাসকেরা	sh a sh O k e r a	native
শাসকেরাই	sh a sh o k e r a i	native
শাসকেরাও	sh a sh o k e r a O	native
শাসন	sh a sh O n	native
শাসনই	sh a sh o n i	native
শাসনও	sh a sh O n O	native
শাসনকর্তা	sh a sh O n k o r t a	native
শাসনকর্তার	sh a sh o n k o r t a r	native
শাসনকাজ	sh a sh o n k a j	native
শাসনকারি	sh a sh o n k a r i	native
শাসনকার্য	sh a sh o n k a r j o	native
শাসনকার্যে	sh a sh O n k a r j e	native
শাসনকাল	sh a sh O n k a l	native
শাসনকালকে	sh a sh o n k a l k e	native
শাসনকালে	sh a sh O n k a l e	native
শাসনকালের	sh a sh O n k a l e r	native
শাসনকে	sh a sh O n k e	native
শাসনকেই	sh a sh o n k e i	native
শাসনক্ষমতার	sh a sh o n k sh o m o t a r	tatsama
শাসনক্ষমতায়	sh a sh o n k sh o m o t a y	tatsama
শাসনগত	sh a sh o n g o t o	native
শাসনগাছা	sh a sh o n g a chh a	native
শাসনজন্ত্রের	sh a sh o n j o nt r e r	native
শাসনতন্ত্র	sh a sh O nt o nt r O	native
শাসনতন্ত্রে	sh a sh o nt o nt r e	native
শাসনতন্ত্রের	sh a sh o nt o nt r e r	native
শাসনতান্ত্রিক	sh a sh O nt a nt ri k	compound
শাসনপদ্ধতি	sh a sh o n p o d dh o t i	tatsama
শাসনবিধি	sh a sh o n b i dh i	native
শাসনবিরোধি	sh a sh o n b i r O dh i	native
শাসনব্যবস্থাকে	sh a sh o n b A b o sth a k e	compound
শাসনব্যবস্থার	sh a sh O n b A b O sth a r	compound
শাসনব্যবস্থায়	sh a sh o n b A b o sth a y	compound
শাসনসংক্রান্ত	sh a sh o n sh o ng kr a nt o	compound
শাসনসহ	sh a sh o n sh o h O	native
শাসনাধিন	sh a sh o n a dh i n	native
শাসনামল	sh a sh O n a m O l	native
শাসনামলকে	sh a sh o n a m o l k e	native
শাসনামলে	sh a sh O n a m O l e	native
শাসনামলেই	sh a sh O n a m O l e i	native
শাসনামলেও	sh a sh O n a m O l e O	native
শাসনে	sh a sh O n e	native
শাসনেও	sh a sh o n e O	native
শাসনের	sh a sh O n e r	native
শাসনেরও	sh a sh o n e r O	native
শাসলিক	sh a sh o n i k	native
শাসা	sh a sh a	native
শাসান	sh a sh a n	native
শাসানো	sh a sh a n O	native
শাসিত	sh a sh i t O	native
শাসিতা	sh a sh i t a	native
শাসি্ত	sh a sh i t	native
শাসি্তর	sh a sh i t o r	native
শাসিয়ে	sh a sh i y e	native
শাসিয়েছে	sh a sh i y e chh e	native
শাসিয়েছেন	sh a sh i y e chh e n	native
শাসের	sh a sh e r	native
শাস্তর	sh a st O r	native
শাস্তা	sh a st a	native
শাস্তি	sh a st i	native
শাস্তিই	sh a st i i	native
শাস্তিও	sh a st i O	native
শাস্তিকে	sh a st i k e	native
শাস্তিজোগ্য	sh a st i j O g g O	native
শাস্তিটা	sh a st i T a	native
শাস্তিদান	sh a st i d a n	native
শাস্তিদানে	sh a st i d a n e	native
শাস্তিদানের	sh a st i d a n e r	native
শাস্তিপ্রাপ্ত	sh a st i p a r p t o	compound
শাস্তিমুলক	sh a st i m u l o k	native
শাস্তির	sh a st i r	native
শাস্তিরও	sh a st i r O	native
শাস্তিসহ	sh a st i sh o h O	native
শাস্তিস্বরুপ	sh a st i sh O r u p	tatsama
শাস্ত্রজ্ঞ	sh a st r o g g O	tatsama
শাস্ত্রমতে	sh a st r o m o t e	native
শাস্ত্রি	sh a st r i	native
শাস্ত্রিকে	sh a st ri k e	native
শাস্ত্রির	sh a st ri r	native
শাস্ত্রিয়	sh a st r i y o	native
শাস্ত্রে	sh a st r e	native
শাস্য	sh a sh sh o	native
শাহ	sh a h	native
শাহআলম	sh a h a l o m	native
শাহআলি	sh a h a l i	native
শাহও	sh a h O	native
শাহকে	sh a h k e	native
শাহজল	sh a h j o l	native
শাহজাইব	sh a h j a i b o	native
শাহজাদ	sh a h j a d	native
শাহজাদকে	sh a h j a d k e	native
শাহজাদপুর	sh a h j a d p u r	native
শাহজাদপুরে	sh a h j a d p u r e	native
শাহজাদপুরেই	sh a h j a d p u r e i	native
শাহজাদপুরের	sh a h j a d p u r e r	native
শাহজাদা	sh a h j a d a	native
শাহজাদার	sh a h j a d a r	native
শাহজাদি	sh a h j a d i	native
শাহজাদের	sh a h j a d e r	native
শাহজান	sh a h j a n	native
শাহজামান	sh a h j a m a n	native
শাহজালাল	sh a h j a l a l	native
শাহজালালকে	sh a h j a l a l k e	native
শাহজালালে	sh a h j a l a l e	native
শাহজালালের	sh a h j a l a l e r	native
শাহজাহান	sh a h j a h a n	native
শাহজাহানকে	sh a h j a h a n k e	native
শাহজাহানপুর	sh a h j a h a n p u r	native
শাহজাহানপুরের	sh a h j a h a n p u r e r	compound
শাহজাহানসহ	sh a h j a h a n sh o h O	native
শাহজাহানের	sh a h j a h a n e r	native
শাহজিবাজার	sh a h j i b a j a r	native
শাহজিরা	sh a h j i r a	native
শাহতাজ	sh a h t a j	native
শাহদাত	sh a h d a t	native
শাহদাতের	sh a h d a t e r	native
শাহদাত্	sh a h d a t	native
শাহদিন	sh a h d i n	native
শাহদোউলাহ্	sh a h d O u l a h	native
শাহনওয়াজের	sh a h n o O y a j e r	native
শাহনগর	sh a h n o g o r	native
শাহনাজ	sh a h n a j	native
শাহনাজের	sh a h n a j e r	native
শাহনুর	sh a h n u r	native
শাহনেওয়াজ	sh a h n e O a j	native
শাহনেওয়াজকে	sh a h n e O y a j k e	native
শাহনেওয়াজের	sh a h n e O y a j e r	native
শাহপরান	sh a h p o r a n	native
শাহপরির	sh a h p o r i r	native
শাহপুর	sh a h p u r	native
শাহবাগ	sh a h b a g	native
শাহবাগমুখি	sh a h b a g m u kh i	native
শাহবাগসহ	sh a h b a g sh o h O	native
শাহবাগে	sh a h b a g e	native
শাহবাগের	sh a h b a g e r	native
শাহবাজ	sh a h b a j	native
শাহবাজপুর	sh a h b a j p u r	native
শাহবাজপুরে	sh a h b a j p u r e	native
শাহবাজের	sh a h b a j e r	native
শাহবুদ্দিন	sh a h b u d d i n	native
শাহমখদুম	sh a h m O kh d u m	native
শাহর	sh a h r	native
শাহরাম	sh a h r a m	native
শাহরাস্তি	sh a h r a st i	native
শাহরাস্তির	sh a h r a st i r	native
শাহরিক	sh a h r i k	native
শাহরিন	sh a h r i n	native
শাহরিয়া	sh a h r i y a	native
শাহরিয়াজ	sh a h r i y a j	native
শাহরিয়ার	sh a h r i a r	native
শাহরিয়ারও	sh a h r i y a r O	native
শাহরিয়ারকে	sh a h r i y a r k e	native
শাহরিয়ারের	sh a h r i y a r e r	native
শাহরিয়ারেরও	sh a h r i y a r e r O	native
শাহরুখ	sh a h r u kh	native
শাহরুখই	sh a h r u kh i	native
শাহরুখও	sh a h r u kh O	native
শাহরুখকে	sh a h r u kh k e	native
শাহরুখের	sh a h r u kh e r	native
শাহরুল	sh a h r u l	native
শাহরোজ	sh a h r O j	native
শাহাজাদপুর	sh a h a j a d p u r	native
শাহাজাদা	sh a h a j a d a	native
শাহাজালাল	sh a h a j a l a l	native
শাহাজাহান	sh a h a j a h a n	native
শাহাজিবাজার	sh a h a j i b a j a r	native
শাহাদ	sh a h a d	native
শাহাদতকে	sh a h a d o t k e	native
শাহাদতের	sh a h a d o t e r	native
শাহাদত্	sh a h a d o t	native
শাহাদাত	sh a h a d a t	native
শাহাদাতও	sh a h a d a t O	native
শাহাদাতকে	sh a h a d a t k e	native
শাহাদাতবার্ষিকি	sh a h a d a t b a r sh i k i	compound
শাহাদাতবার্ষিকিতে	sh a h a d a t b a r sh i k i t e	compound
শাহাদাতের	sh a h a d a t e r	native
শাহাদাত্	sh a h a d a t	native
শাহাদাৎ	sh a h a d a t	native
শাহাদুজ্জামান	sh a h a d u j j a m a n	compound
শাহাদুজ্জামানের	sh a h a d u j j a m a n e r	compound
শাহাদৎ	sh a h a d O t	native
শাহানা	sh a h a n a	native
শাহানাজ	sh a h a n a j	native
শাহানার	sh a h a n a r	native
শাহানারা	sh a h a n a r a	native
শাহানুর	sh a h a n u r	native
শাহাপুর	sh a h a p u r	native
শাহাব	sh a h a b	native
শাহাবউদ্দিন	sh a h a b u d d i n	native
শাহাবাজপুর	sh a h a b a j p u r	native
শাহাবুদ্দিনকে	sh a h a b u d d i n k e	compound
শাহাবুল	sh a h a b u l	native
শাহারিয়ার	sh a h a r i y a r	native
শাহারুল	sh a h a r u l	native
শাহারুলকে	sh a h a r u l k e	native
শাহারুলের	sh a h a r u l e r	native
শাহি	sh a h i	native
শাহিদ	sh a h i d	native
শাহিদউল্লাহ	sh a h i d u l l a h o	native
শাহিদা	sh a h i d a	native
শাহিদার	sh a h i d a r	native
শাহিদুজ্জামান	sh a h i d u j j a m a n	compound
শাহিদুল	sh a h i d u l	native
শাহিদের	sh a h i d e r	native
শাহিন	sh a h i n	native
শাহিনকে	sh a h i n k e	native
শাহিনবাগে	sh a h i n b a g e	native
শাহিনবাগের	sh a h i n b a g e r	native
শাহিনসহ	sh a h i n sh o h O	native
শাহিনা	sh a h i n a	native
শাহিনুজ্জামান	sh a h i n u j j a m a n	compound
শাহিনুর	sh a h i n u r	native
শাহিনুরের	sh a h i n u r e r	native
শাহিনুল	sh a h i n u l	native
শাহিনের	sh a h i n e r	native
শাহির	sh a h i r	native
শাহিরগ	sh a h i r o g	native
শাহুদুল	sh a h u d u l	native
শাহে	sh a h e	native
শাহেদ	sh a h e d	native
শাহেদকে	sh a h e d k e	native
শাহেদা	sh a h e d a	native
শাহেদি	sh a h e d i	native
শাহেদুর	sh a h e d u r	native
শাহেদুল	sh a h e d u l	native
শাহেদের	sh a h e d e r	native
শাহেন	sh a h e n	native
শাহেনশা	sh a h e n sh a	native
শাহেনশাহ	sh a h e n sh a h	native
শাহেনশাহকে	sh a h e n sh a h k e	native
শাহেনা	sh a h e n a	native
শাহেনার	sh a h e n a r	native
শাহেনুর	sh a h e n u r	native
শাহেব	sh a h e b	native
শাহের	sh a h e r	native
শাহ্	sh a h	native
শাহ্জালাল	sh a h j a l a l	native
শাহ্জাহান	sh a h j a h a n	native
শাহ্দিন	sh a h d i n	native
শাহ্নাজ	sh a h n a j	native
শাহ্রুখ	sh a h r u kh	native
শাড়া	sh a r a	native
শাড়াতলা	sh a r a t o l a	native
শাড়িই	sh a r i i	native
শাড়িও	sh a r i O	native
শাড়িকে	sh a r i k e	native
শাড়িগুলো	sh a r i g u l O	native
শাড়িগুলোতে	sh a r i g u l O t e	native
শাড়িগুলোর	sh a r i g u l O r	native
শাড়িটা	sh a r i T a	native
শাড়িটি	sh a r i T i	native
শাড়িটির	sh a r i T i r	native
শাড়িতে	sh a r i t e	native
শাড়িতেই	sh a r i t e i	native
শাড়ির	sh a r i r	native
শাড়িসহ	sh a r i sh o h O	native
শায়ক	sh a y O k	native
শায়খ	sh a y o kh	native
শায়না	sh a y n a	native
শায়নার	sh a y n a r	native
শায়লা	sh a y l a	native
শায়ান	sh a y a n	native
শায়িত	sh a y i t O	native
শায়েস্তা	sh a y e st a	native
শায়েস্তাগঞ্জ	sh a y e st a g o n j	native
শায়েস্তাগঞ্জে	sh a y e st a g o n j e	compound
শায়েস্তাবাদ	sh a y e st a b a d	native
শি	sh i	native
শিং	sh i ng	native
শিংওয়ালা	sh i ng O y a l a	native
শিংগা	sh i ng g a	native
শিংগার	sh i ng g a r	native
শিংগাশোলপুর	sh i ng g a sh O l p u r	native
শিংঘান	sh i ng gh a n	native
শিংশপা	sh i ng sh o p a	native
শিংসহ	sh i ng sh o h O	native
শিংা	sh i ng g a	native
শিংাড়া	sh i ng g a r a	native
শিংের	sh i ng g o e r	native
শিংয়ের	sh i ng y e r	native
শিউরে	sh i u r e	native
শিউলা	sh i u l a	native
শিউলিকে	sh i u l i k e	native
শিউলির	sh i u l i r	native
শিওর	sh i O r	native
শিক	sh i k	native
শিককাবাব	sh i k k a b a b	native
শিকদার	sh i k d a r	native
শিকদারকে	sh i k d a r k e	native
শিকদারসহ	sh i k d a r sh o h O	native
শিকদারের	sh i k d a r e r	native
শিকনি	sh i k n i	native
শিকর	sh i k o r	native
শিকরা	sh i k r a	native
শিকল	sh i k o l	native
শিকলবাহা	sh i k o l b a h a	native
শিকলবাহায়	sh i k o l b a h a y	native
শিকস্ত	sh i k o st O	native
শিকস্তি	sh i k O st i	native
শিকা	sh i k a	native
শিকাকাই	sh i k a k a i	native
শিকাগো	sh i k a g O	native
শিকাগোতে	sh i k a g O t e	native
শিকাগোয়	sh i k a g O y	native
শিকার	sh i k a r	native
শিকারই	sh i k a r i	native
শিকারও	sh i k a r O	native
শিকারকে	sh i k a r k e	native
শিকারদের	sh i k a r d e r	native
শিকারপুর	sh i k a r p u r	native
শিকারি	sh i k a r i	native
শিকারিকে	sh i k a r i k e	native
শিকারিদের	sh i k a r i d e r	native
শিকারির	sh i k a r i r	native
শিকারিরা	sh i k a r i r a	native
শিকারে	sh i k a r e	native
শিকারের	sh i k a r e r	native
শিকারেরা	sh i k a r e r a	native
শিকু	sh i k u	native
শিকের	sh i k e r	native
শিকেরা	sh i k e r a	native
শিকেয়	sh i k e y O	native
শিক্ষককেই	sh i kkh o k k e i	tatsama
শিক্ষককেও	sh i kkh o k k e O	tatsama
শিক্ষকগন	sh i kkh o k g o n	tatsama
শিক্ষকতা	sh i kkh o k o t a	tatsama
শিক্ষকতাও	sh i kkh o k o t a O	tatsama
শিক্ষকতার	sh i kkh o k k o t a r	tatsama
শিক্ষকতায়	sh i kkh o k k o t a y	tatsama
শিক্ষকদের	sh i kkh o k d e r	tatsama
শিক্ষকদেরই	sh i kkh o k d e r i	tatsama
শিক্ষকদেরও	sh i kkh o k d e r O	tatsama
শিক্ষকনেতা	sh i kkh o k n e t a	tatsama
শিক্ষকনেতারা	sh i kkh o k n e t a r a	tatsama
শিক্ষকবৃন্দ	sh i kkh o k b ri nd O	tatsama
শিক্ষকমন্ডলি	sh i kkh o k m o n D o l i	tatsama
শিক্ষকমন্ডলির	sh i kkh o k m o n D o l i r	tatsama
শিক্ষকরা	sh i kkh o k r a	tatsama
শিক্ষকরাই	sh i kkh o k r a i	tatsama
শিক্ষকরাজনিতি	sh i kkh o k r a j o n i t i	tatsama
শিক্ষকশুন্য	sh i kkh o k sh u n n o	tatsama
শিক্ষকসংকট	sh i kkh O k sh o ng k O T	tatsama
শিক্ষকসংকটের	sh i kkh o k sh o ng k o T e r	tatsama
শিক্ষকসংখ্যা	sh i kkh o k sh o ng kh a	tatsama
শিক্ষকসমাজ	sh i kkh o k sh o m a j	tatsama
শিক্ষকসমাজকে	sh i kkh o k sh o m a j k e	tatsama
শিক্ষকসমাজের	sh i kkh o k sh o m a j e r	tatsama
শিক্ষকস্বল্পতা	sh i kkh o k sh o l p o t a	tatsama
শিক্ষকস্বল্পতার	sh i kkh o k sh o l p o t a r	tatsama
শিক্ষকেরই	sh i kkh o k e r i	tatsama
শিক্ষকেরও	sh i kkh o k e O	tatsama
শিক্ষকেরা	sh i kkh o k e r a	tatsama
শিক্ষকেরাই	sh i kkh O k e r a i	tatsama
শিক্ষকেরাও	sh i kkh o k e r a O	tatsama
শিক্ষন	sh i kkh o n	tatsama
শিক্ষনিয়	sh i kkh o n i y	tatsama
শিক্ষর্থিদের	sh i kkh a r th i d e r	tatsama
শিক্ষা	sh i kkh a	tatsama
শিক্ষাংগন	sh i kkh a ng g o n	tatsama
শিক্ষাংগনকে	sh i kkh a ng g o n k e	tatsama
শিক্ষাংগনগুলোতে	sh i kkh a ng g o n g u l O t e	tatsama
শিক্ষাংগনসহ	sh i kkh a ng g o n sh o h O	tatsama
শিক্ষাংগনে	sh i kkh a ng g o n e	tatsama
শিক্ষাংগনের	sh i kkh a ng g o n e r	tatsama
শিক্ষাই	sh i kkh a i	tatsama
শিক্ষাকর্মি	sh i kkh a k o r m i	tatsama
শিক্ষাকাঠামো	sh i kkh a k a Th a m O	tatsama
শিক্ষাকার্যক্রম	sh i kkh a k a r j O kr O m	tatsama
শিক্ষাকালিন	sh i kkh a k a l i n	tatsama
শিক্ষাকে	sh i kkh a k e	tatsama
শিক্ষাকেই	sh i kkh a k e i	tatsama
শিক্ষাকেও	sh i kkh a k e O	tatsama
শিক্ষাকেন্দ্র	sh i kkh a k e ndr O	tatsama
শিক্ষাকেন্দ্রে	sh i kkh a k e ndr o	tatsama
শিক্ষাকেন্দ্রের	sh i kkh a k e nd e r	tatsama
শিক্ষাক্রম	sh i kkh a kr O m	tatsama
শিক্ষাক্রমে	sh i kkh a kr O m e	tatsama
শিক্ষাক্রমের	sh i kkh a k o r m e r	tatsama
শিক্ষাক্ষেত্র	sh i kkh a kh e tr O	tatsama
শিক্ষাক্ষেত্রে	sh i kkh a kh e tr e	tatsama
শিক্ষাক্ষেত্রের	sh i kkh a kkh e tr e r	tatsama
শিক্ষাখাতে	sh i kkh a kh a t e	tatsama
শিক্ষাগত	sh i kkh a g o t O	tatsama
শিক্ষাগতজোগ্যতা	sh i kkh a g o t o j O g g o t a	tatsama
শিক্ষাগুরু	sh i kkh a g u r u	tatsama
শিক্ষাগুলো	sh i kkh a g u l O	tatsama
শিক্ষাগ্রহন	sh i kkh a g o r h o n	tatsama
শিক্ষাগ্রহনের	sh i kkh a g o r h o n e r	tatsama
শিক্ষাজিবন	sh i kkh a j i b o n	tatsama
শিক্ষাজিবনে	sh i kkh a j i b O n e	tatsama
শিক্ষাজিবনেই	sh i kkh a j i b o n e i	tatsama
শিক্ষাজিবনের	sh i kkh a j i b O n e r	tatsama
শিক্ষাটা	sh i kkh a T a	tatsama
শিক্ষাটাই	sh i kkh a T a i	tatsama
শিক্ষাটাকে	sh i kkh a T a k e	tatsama
শিক্ষাদান	sh i kkh a d a n	tatsama
শিক্ষাদানে	sh i kkh a d a n e	tatsama
শিক্ষাদিক্ষা	sh i kkh a d i kkh a	tatsama
শিক্ষাদিক্ষার	sh i kkh a d i kkh a r	tatsama
শিক্ষাদিক্ষায়	sh i kkh a d i kkh a y	tatsama
শিক্ষাধিন	sh i kkh a dh i n	tatsama
শিক্ষানগর	sh i kkh a n o g o r	tatsama
শিক্ষানবিশ	sh i kkh a n O b i sh	tatsama
শিক্ষানবিশি	sh i kkh a n o b i sh i	tatsama
শিক্ষানবিশের	sh i kkh a n o b i sh e r	tatsama
শিক্ষানবিস	sh i kkh a n O b i sh	tatsama
শিক্ষানিতি	sh i kkh a n i t i	tatsama
শিক্ষানিতিকে	sh i kkh a n i t i k e	tatsama
শিক্ষানিতিটি	sh i kkh a n i t i T i	tatsama
শিক্ষানিতিতে	sh i kkh a n i t i t e	tatsama
শিক্ষানিতির	sh i kkh a n i t i r	tatsama
শিক্ষানিতিসহ	sh i kkh a n i t i sh o h O	tatsama
শিক্ষানুরাগি	sh i kkh a n u r a g i	tatsama
শিক্ষানুরাগির	sh i kkh a n u r a g i r	tatsama
শিক্ষাপদ্ধতি	sh i kkh a p o d dh o t i	tatsama
শিক্ষাপদ্ধতিতে	sh i kkh a p o d dh o t i t e	tatsama
শিক্ষাপদ্ধতির	sh i kkh a p o d dh o t i r	tatsama
শিক্ষাপ্রতিশ্ঠান	sh i kkh a pr O t i sh Th a n	tatsama
শিক্ষাপ্রতিশ্ঠানই	sh i kkh a p o r o t i sh Th a n i	tatsama
শিক্ষাপ্রতিশ্ঠানও	sh i kkh a p o r o t i sh Th a n O	tatsama
শিক্ষাপ্রতিশ্ঠানকে	sh i kkh a pr O t i sh Th a n k e	tatsama
শিক্ষাপ্রতিশ্ঠানকেন্দ্রিক	sh i kkh a p o r t i sh Th a n k e ndr o	tatsama
শিক্ষাপ্রতিশ্ঠানগুলো	sh i kkh a pr O t i sh Th a n g u l O	tatsama
শিক্ষাপ্রতিশ্ঠানগুলোও	sh i kkh a p o r t i sh Th a n g u l O O	tatsama
শিক্ষাপ্রতিশ্ঠানগুলোকে	sh i kkh a p o r t i sh Th a n g u l O k e	tatsama
শিক্ষাপ্রতিশ্ঠানগুলোতে	sh i kkh a pr O t i sh Th a n g u l O t e	tatsama
শিক্ষাপ্রতিশ্ঠানগুলোতেও	sh i kkh a p o r t i sh Th a n g u l O t e O	tatsama
শিক্ষাপ্রতিশ্ঠানগুলোর	sh i kkh a pr O t i sh Th a n g u l O r	tatsama
শিক্ষাপ্রতিশ্ঠানগুলোয়	sh i kkh a p o r t i sh Th a n g u l O y	tatsama
শিক্ষাপ্রতিশ্ঠানটি	sh i kkh a pr O t i sh Th a n T i	tatsama
শিক্ষাপ্রতিশ্ঠানটিতে	sh i kkh a p o r t i sh Th a n T i t e	tatsama
শিক্ষাপ্রতিশ্ঠানটির	sh i kkh a p o r t i sh Th a n T i r	tatsama
শিক্ষাপ্রতিশ্ঠানসহ	sh i kkh a pr O t i sh Th a n sh o h O	tatsama
শিক্ষাপ্রতিশ্ঠানে	sh i kkh a p o r t i sh Th a n e	tatsama
শিক্ষাপ্রতিশ্ঠানেই	sh i kkh a pr O t i sh Th a n e i	tatsama
শিক্ষাপ্রতিশ্ঠানেও	sh i kkh a pr O t i sh Th a n e O	tatsama
শিক্ষাপ্রতিশ্ঠানের	sh i kkh a p o r t i sh Th a n e r	tatsama
শিক্ষাবঞ্চিত	sh i kkh a b o n ch i t o	tatsama
শিক্ষাবর্ষ	sh i kkh a b o r sh O	tatsama
শিক্ষাবর্ষে	sh i kkh a b o r sh e	tatsama
শিক্ষাবর্ষেও	sh i kkh a b o r sh e O	tatsama
শিক্ষাবান্ধব	sh i kkh a b a ndh o b	tatsama
শিক্ষাবিদ	sh i kkh a b i d	tatsama
শিক্ষাবিদকে	sh i kkh a b i d k e	tatsama
শিক্ষাবিদদের	sh i kkh a b i d d e r	tatsama
শিক্ষাবিদরা	sh i kkh a b i d r a	tatsama
শিক্ষাবিদের	sh i kkh a b i d e r	tatsama
শিক্ষাবিদেরা	sh i kkh a b i d e r a	tatsama
শিক্ষাবিশয়ক	sh i kkh a b i sh o y o k	tatsama
শিক্ষাবিস্তারে	sh i kkh a b i st a r e	tatsama
শিক্ষাবৃত্তি	sh i kkh a b ri tt i	tatsama
শিক্ষাবৃত্তির	sh i kkh a b i r t i	tatsama
শিক্ষাবোর্ড	sh i kkh a b O r D	tatsama
শিক্ষাবোর্ডের	sh i kkh a b O r D e r	tatsama
শিক্ষাব্যবস্থাকে	sh i kkh a b A b O sth a k e	tatsama
শিক্ষাব্যবস্থাপনা	sh i kkh a b A b o sth a p o n a	tatsama
শিক্ষাব্যবস্থার	sh i kkh a b A b O sth a r	tatsama
শিক্ষাব্যবস্থায়	sh i kkh a b A b o sth a y	tatsama
শিক্ষাব্যবস্থায়ও	sh i kkh a b A b o sth a y O	tatsama
শিক্ষামন্ত্রি	sh i kkh a m o nt r i	tatsama
শিক্ষামন্ত্রিও	sh i kkh a m o nt r i O	tatsama
শিক্ষামন্ত্রিকে	sh i kkh a m O nt ri k e	tatsama
শিক্ষামন্ত্রির	sh i kkh a m O nt ri r	tatsama
শিক্ষামুলক	sh i kkh a m u l o k	tatsama
শিক্ষামেলা	sh i kkh a m e l a	tatsama
শিক্ষামেলার	sh i kkh a m e l a	tatsama
শিক্ষারিন	sh i kkh a r i n	tatsama
শিক্ষারিনের	sh i kkh a r i n e r	tatsama
শিক্ষার্থি	sh i kkh a r th i	tatsama
শিক্ষার্থিই	sh i kkh a r th i i	tatsama
শিক্ষার্থিও	sh i kkh a r th i O	tatsama
শিক্ষার্থিকে	sh i kkh a r th i k e	tatsama
শিক্ষার্থিটি	sh i kkh a r th i T i	tatsama
শিক্ষার্থিদের	sh i kkh a r th i d e r	tatsama
শিক্ষার্থিদেরই	sh i kkh a r th i d e r o i	tatsama
শিক্ষার্থিদেরও	sh i kkh a r th i d e r O	tatsama
শিক্ষার্থিবান্ধব	sh i kkh a r th i b a ndh o b	tatsama
শিক্ষার্থির	sh i kkh a r th i r	tatsama
শিক্ষার্থিরই	sh i kkh a r th i r i	tatsama
শিক্ষার্থিরা	sh i kkh a r th i r a	tatsama
শিক্ষার্থিরাই	sh i kkh a r th i r a i	tatsama
শিক্ষার্থিরাও	sh i kkh a r th i r a O	tatsama
শিক্ষার্থিশুন্য	sh i kkh a r th i sh u n n o	tatsama
শিক্ষার্থিসহ	sh i kkh a r th i sh o h O	tatsama
শিক্ষার্থে	sh i kkh a r th e	tatsama
শিক্ষালয়	sh i kkh a l o y	tatsama
শিক্ষালয়ে	sh i kkh a l o y e	tatsama
শিক্ষালয়ের	sh i kkh a l o y e r	tatsama
শিক্ষাসংক্রান্ত	sh i kkh a sh o ng kr a nt o	tatsama
শিক্ষাসংশ্লিশ্ট	sh i kkh a sh o ng sh l i sh T O	tatsama
শিক্ষাসচিব	sh i kkh a sh O ch i b	tatsama
শিক্ষাসচিবের	sh i kkh a sh o ch i b e r	tatsama
শিক্ষাসফর	sh i kkh a sh o ph o r	tatsama
শিক্ষাসহ	sh i kkh a sh o h O	tatsama
শিক্ষাসেবা	sh i kkh a sh e b a	tatsama
শিক্ষাস্তরে	sh i kkh a st o r e	tatsama
শিক্ষাহিন	sh i kkh a h i n	tatsama
শিক্ষায়	sh i kkh a y	tatsama
শিক্ষায়তন	sh i kkh a y t o n	tatsama
শিক্ষায়তনিক	sh i kkh a y o t o n i k	tatsama
শিক্ষায়তনে	sh i kkh a y o t o n e	tatsama
শিক্ষায়তনের	sh i kkh a y t o n e r	tatsama
শিক্ষায়িতা	sh i kkh a y i t a	tatsama
শিক্ষিকা	sh i kkh i k a	tatsama
শিক্ষিকাকে	sh i kkh i k a k e	tatsama
শিক্ষিকাদের	sh i kkh i k a d e r	tatsama
শিক্ষিকার	sh i kkh i k a r	tatsama
শিক্ষিত	sh i kkh i t O	tatsama
শিক্ষিতদের	sh i kkh i t O d e r	tatsama
শিক্ষিতের	sh i kkh i t e r	tatsama
শিক্ষয়িত্রি	sh i kkh o y i tr i	tatsama
শিকড়হিন	sh i k o r h i n	native
শিকড়ের	sh i k o r e r	native
শিখ	sh i kh	native
শিখকে	sh i kh k e	native
শিখগুরু	sh i kh g u r u	native
শিখছিল	sh i kh chh i l	native
শিখছে	sh i kh chh e	native
শিখত	sh i kh t o	native
শিখতাম	sh i kh t a m	native
শিখতেই	sh i kh t e i	native
শিখতেও	sh i kh t e O	native
শিখদের	sh i kh d e r	native
শিখন	sh i kh o n	native
শিখনপ্রতিবন্ধিদের	sh i kh o n pr o t i b o ndh i d e r	compound
শিখনফল	sh i kh o n ph o l	native
শিখনের	sh i kh O n e r	native
শিখন্ডি	sh i kh o n D i	native
শিখব	sh i kh b O	native
শিখবি	sh i kh b i	native
শিখবেন	sh i kh b e n	native
শিখর	sh i kh o r	native
শিখরি(–রিন্)	sh i kh O r i	native
শিখরের	sh i kh o r e r	native
শিখল	sh i kh l O	native
শিখলাম	sh i kh l a m	native
শিখলে	sh i kh l e	native
শিখাইছে	sh i kh a i chh e	native
শিখাকে	sh i kh a k e	native
শিখার	sh i kh a r	native
শিখায়	sh i kh a y o	native
শিখিনি	sh i kh i n i	native
শিখিয়ে	sh i kh i y e	native
শিখিয়েছি	sh i kh i y e chh i	native
শিখিয়েছিল	sh i kh i y e chh i l	native
শিখিয়েছিলেন	sh i kh i y e chh i l e n	native
শিখিয়েছে	sh i kh i y e chh e	native
শিখিয়েছেন	sh i kh i y e chh e n	native
শিখুক	sh i kh u k	native
শিখুন	sh i kh u n	native
শিখেই	sh i kh e i	native
শিখেছ	sh i kh e chh o	native
শিখেছি	sh i kh e chh i	native
শিখেছিল	sh i kh e chh i l O	native
শিখেছিলাম	sh i kh e chh i l a m	native
শিখেছিলেন	sh i kh e chh i l e n	native
শিখেছে	sh i kh e chh e	native
শিখেছেন	sh i kh e chh e n	native
শিখ্তি	sh i kh t i	native
শিগগরিই	sh i g g o r i i	native
শিগগির	sh i g g i r	native
শিগগিরই	sh i g g i r i	native
শিগগিরি	sh i g g i r i	native
শিঘ্র	sh i gh r O	native
শিঘ্রই	sh i gh r o i	native
শিঞ্জিত	sh i n j i t O	native
শিট	sh i T	loanword
শিটকিনি	sh i T k i n i	loanword
শিটগুলো	sh i T g u l O	loanword
শিটি	sh i T i	loanword
শিটে	sh i T e	loanword
শিটের	sh i T e r	loanword
শিঠা	sh i Th a	native
শিডিউল	sh i D i u l	loanword
শিডিউলগুলো	sh i D i u l g u l O	loanword
শিডিউলে	sh i D i u l e	loanword
শিডিউলের	sh i D i u l e r	loanword
শিত	sh i t	native
শিতকাল	sh i t k a l	native
শিতকালিন	sh i t k a l i n	native
শিতকালে	sh i t k a l e	native
শিতকালেই	sh i t k a l e i	native
শিতকালেও	sh i t k a l e O	native
শিতকালের	sh i t k a l e r	native
শিতজনিত	sh i t j O n i t O	native
শিতটা	sh i t T a	native
শিতনিদ্রা	sh i t n i d r a	native
শিতনিদ্রার	sh i t n i d r a r	native
শিতপোশাক	sh i t p O sh a k	native
শিতপোশাকের	sh i t p O sh a k e r	native
শিতপ্রধান	sh i t pr O dh a n	native
শিতবস্ত্র	sh i t b o st r O	native
শিতবস্ত্রের	sh i t b o st r e r	native
শিতল	sh i t o l	native
শিতলক্ষ্যা	sh i t o l o kkh a	tatsama
শিতলক্ষ্যার	sh i t o l o kkh a r	tatsama
শিতলক্ষ্যায়	sh i t o l o kkh a y	tatsama
শিতলতম	sh i t O l t o m O	native
শিতলতা	sh i t o l o t a	native
শিতলতার	sh i t o l o t a r	native
শিতলপাটি	sh i t o l p a T i	native
শিতলপাটির	sh i t o l p a T i r	native
শিতলা	sh i t o l a	native
শিতলিকরন	sh i t o l i k o r o n	native
শিতলিকরনব্যবস্থা	sh i t o l i k o r o n b A b o sth a	compound
শিতলিকরনের	sh i t o l i k o r o n e r	native
শিতাংশু	sh i t a ng sh u	native
শিতাংশুর	sh i t a ng sh u r	native
শিতাতপ	sh i t a t o p	native
শিতাতপনিয়ন্ত্রন	sh i t a t o p n i y o nt r o n	compound
শিতাতপনিয়ন্ত্রিত	sh i t a t o p n i y o nt ri t o	compound
শিতান	sh i t a n	native
শিতার্ত	sh i t a r t O	native
শিতার্তদের	sh i t a r t o d e r	native
শিতে	sh i t e	native
শিতেই	sh i t e i	native
শিতেও	sh i t e O	native
শিতের	sh i t e r	native
শিথিল	sh i th i l	native
শিথিলজোগ্য	sh i th i l j O g g O	native
শিথিলতা	sh i th i l o t a	native
শিথিলতার	sh i th i l o t a r	native
শিথিলের	sh i th i l e r	native
শিন	sh i n	native
শিনকাওয়া	sh i n k a O y a	native
শিনকানছেন	sh i n k a n chh e n	native
শিনজো	sh i n j O	native
শিনশিন	sh i n sh i n	native
শিনহান	sh i n h a n	native
শিনি	sh i n i	native
শিন্নি	sh i nn i	native
শিপ	sh i p	native
শিপইয়ার্ড	sh i p i a r D	loanword
শিপইয়ার্ডে	sh i p o i y a r D e	loanword
শিপইয়ার্ডের	sh i p o i y a r D e r	loanword
শিপক	sh i p o k	native
শিপন	sh i p O n	native
শিপনকে	sh i p o n k e	native
শিপনের	sh i p o n e r	native
শিপবিল্ডিং	sh i p b i l D i ng	loanword
শিপব্রেকিং	sh i p br e k i ng	native
শিপলু	sh i p l u	native
শিপলুর	sh i p l u r o	native
শিপার	sh i p a r	native
শিপার্স	sh i p a r sh	native
শিপিংয়ের	sh i p i ng y e r	native
শিপু	sh i p u	native
শিপ্র	sh i pr a	native
শিপ্রা	sh i pr a	native
শিফটের	sh i ph T e r	loanword
শিফন	sh i ph o n	native
শিফনের	sh i ph O n e r	native
শিফা	sh i ph a	native
শিফার	sh i ph a r	native
শিবকে	sh i b k e	native
শিবগঞ্জ	sh i b g o n j	native
শিবগঞ্জে	sh i b g o n j e	native
শিবগঞ্জের	sh i b g o n j e r	native
শিবচর	sh i b ch o r	native
শিবচরের	sh i b ch o r e r	native
শিবনগর	sh i b n o g o r	native
শিবনারায়ন	sh i b n a r a y o n	native
শিবপুর	sh i b p u r	native
শিবপুরে	sh i b p u r e	native
শিবপুরের	sh i b p u r e r	native
শিবপ্রসাদ	sh i b pr O sh a d	native
শিববাটি	sh i b b a T i	native
শিববাড়ি	sh i b b a r i	native
শিববাড়িয়া	sh i b b a r i y a	native
শিবমন্দির	sh i b m O nd i r	native
শিবমন্দিরের	sh i b m o nd i r e r	native
শিবরাজ	sh i b r a j	native
শিবরামপুর	sh i b r a m p u r	native
শিবলি	sh i b l i	native
শিবলিকে	sh i b l i k e	native
শিবলির	sh i b l i r	native
শিবলু	sh i b l u	native
শিবশংকর	sh i b sh o ng k o r	native
শিবসা	sh i b sh a	native
শিবসেনা	sh i b sh e n a	native
শিবসেনাদের	sh i b sh e n a d e r	native
শিবসেনাপ্রধান	sh i b sh e n a p o r dh a n	compound
শিবসেনার	sh i b sh e n a r	native
শিবা	sh i b a	native
শিবাজি	sh i b a j i	native
শিবানি	sh i b a n i	native
শিবালয়	sh i b a l o y	native
শিবালয়ে	sh i b a l o y e	native
শিবালয়ের	sh i b a l o y e r	native
শিবিকা	sh i b i k a	native
শিবিব	sh i b i b	native
শিবিবের	sh i b i b e r	native
শিবির	sh i b i r	native
শিবিরই	sh i b i r o i	native
শিবিরও	sh i b i r O	native
শিবিরকর্মি	sh i b i r k o r m i	native
শিবিরকর্মিকে	sh i b i r k o r m i k e	native
শিবিরকর্মিদের	sh i b i r k o r m i d e r	compound
শিবিরকর্মিরা	sh i b i r k o r m i r a	native
শিবিরকে	sh i b i r k e	native
শিবিরগুলো	sh i b i r g u l O	native
শিবিরগুলোতে	sh i b i r g u l O t e	native
শিবিরটি	sh i b i r T i	native
শিবিরনিয়ন্ত্রিত	sh i b i r n i y o nt r i t o	compound
শিবিরসহ	sh i b i r sh o h O	native
শিবিরে	sh i b i r e	native
শিবিরেই	sh i b i r e i	native
শিবিরেও	sh i b i r e O	native
শিবিরের	sh i b i r e r	native
শিবু	sh i b u	native
শিবুইয়া	sh i b u i y a	native
শিবে	sh i b e	native
শিবেন	sh i b e n	native
শিবেন্দ্র	sh i b e ndr o	native
শিব্বির	sh i b b i r	native
শিভা	sh i bh a	native
শিভাম	sh i bh a m	native
শিম	sh i m	native
শিমগুলো	sh i m g u l O	native
শিমজাতিয়	sh i m j a t i y	native
শিমন	sh i m o n	native
শিমরাইল	sh i m r a i l	native
শিমরে	sh i m r e	native
শিমরেকে	sh i m r e k e	native
শিমরের	sh i m r e r	native
শিমলা	sh i m l a	native
শিমলার	sh i m l a r	native
শিমানে	sh i m a n e	native
শিমার	sh i m a r	native
শিমু	sh i m u	native
শিমুকে	sh i m u k e	native
শিমুর	sh i m u r	native
শিমুল	sh i m u l	native
শিমুলকে	sh i m u l k e	native
শিমুলগাছ	sh i m u l g a chh	native
শিমুলতলায়	sh i m u l t o l a y	native
শিমুলতলি	sh i m u l t o l i	native
শিমুলিয়া	sh i m u l i y a	native
শিমুলের	sh i m u l e r	native
শিমে	sh i m e	native
শিমের	sh i m e r	native
শিম্পাঞ্জি	sh i mp a n j i	native
শিম্পাঞ্জির	sh i mp a n j i r	native
শিম্বুন	sh i mb u n	native
শির	sh i r	native
শিরক	sh i r o k	native
শিরকে	sh i r o k e	native
শিরচ্ছেদ	sh i r O ch chh e d	native
শিরদাড়া	sh i r d a r a	native
শিরদাড়ায়	sh i r d a r a y	native
শিরনি	sh i r n i	native
শিরপা	sh i r o p a	native
শিরপেচ	sh i r p e ch	native
শিরশির	sh i r sh i r	native
শিরশিরে	sh i r sh i r e	native
শিরশ্ছেদ	sh i r o sh chh e d	native
শিরশ্ছেদের	sh i r o sh chh e d e r	native
শিরস্ত্রান	sh i r st r a n	native
শিরাক	sh i r a k	native
শিরানথি	sh i r a n o th i	native
শিরাপথে	sh i r a p o th e	native
শিরার	sh i r a r	native
শিরায়	sh i r a y	native
শিরি	sh i r i	native
শিরিন	sh i r i n	native
শিরিনকে	sh i r i n k e	native
শিরিনা	sh i r i n a	native
শিরিনার	sh i r i n a r	native
শিরিনের	sh i r i n e r	native
শিরিশ	sh i r i sh	native
শিরুয়াইল	sh i r u y a i l	native
শিরে	sh i r e	native
শিরোইল	sh i r O i l	native
শিরোদেশ	sh i r O d e sh	native
শিরোধার্য	sh i r O dh a r j O	native
শিরোনামই	sh i r O n a m i	native
শিরোনামও	sh i r O n a m O	native
শিরোনামটা	sh i r O n a m T a	native
শিরোনামটির	sh i r O n a m T i r	native
শিরোনামহিন	sh i r O n a m h i n	native
শিরোনামহিনের	sh i r O n a m h i n e r	native
শিরোনামের	sh i r O n a m e r	native
শিরোপা	sh i r O p a	native
শিরোপাই	sh i r O p a i	native
শিরোপাও	sh i r O p a O	native
শিরোপাখরা	sh i r O p a kh r a	native
শিরোপাজয়ি	sh i r O p a j y i	native
শিরোপাজয়িদের	sh i r O p a j y i d e r	native
শিরোপাজয়িরা	sh i r O p a j y i r a	native
শিরোপাটা	sh i r O p a T a	native
শিরোপাটাই	sh i r O p a T a i	native
শিরোপাটাও	sh i r O p a T a O	native
শিরোপাটি	sh i r O p a T i	native
শিরোপাধারি	sh i r O p a dh a r i	native
শিরোপান	sh i r O p a	native
শিরোপাপ্রত্যাশি	sh i r O p a p o r t t a sh i	compound
শিরোপার	sh i r O p a r	native
শিরোপারও	sh i r O p a r O	native
শিরোপায়	sh i r O p a y	native
শিরোমনি	sh i r O m o n i	native
শিরোরুহ	sh i l O r u h O	native
শির্ন	sh i r n O	native
শির্নকায়	sh i r n o k a y	native
শির্ষ	sh i r sh O	native
শির্ষক	sh i r sh o k	native
শির্ষদেশে	sh i r sh o d e sh e	native
শির্ষনেতা	sh i r sh o n e t a	native
শির্ষনেতাদের	sh i r sh o n e t a d e r	native
শির্ষনেতার	sh i r sh o n e t a r	native
শির্ষনেতারা	sh i r sh o n e t a r a	native
শির্ষপর্যায়	sh i r sh o p o r j a y	native
শির্ষপর্যায়ে	sh i r sh o p o r j a y e	native
শির্ষপর্যায়ের	sh i r sh o p o r j a y e r	compound
শির্ষবিন্দু	sh i r sh O b i nd u	native
শির্ষস্থান	sh i r sh O sth a n	native
শির্ষস্থানটা	sh i r sh O sth a n T a	native
শির্ষস্থানটাও	sh i r sh o sth a n T a O	compound
শির্ষস্থানটার	sh i r sh o sth a n T a r	compound
শির্ষস্থানটি	sh i r sh O sth a n T i	native
শির্ষস্থানিয়	sh i r sh O sth a n i O	native
শির্ষস্থানে	sh i r sh O sth a n e	native
শির্ষস্থানের	sh i r sh o sth a n e r	native
শির্ষে	sh i r sh e	native
শির্ষেই	sh i r sh e i	native
শির্ষেও	sh i r sh e O	native
শির্ষেন্দু	sh i r sh e nd u	native
শির্ষেন্দুর	sh i r sh e nd u r	native
শিল	sh i l	native
শিলংয়ে	sh i l o ng y e	native
শিলংয়ের	sh i l o ng y e r	native
শিলক	sh i l o k	native
শিলকে	sh i l k e	native
শিলকড়ই	sh i l k o r o i	native
শিলখালি	sh i l kh a l i	native
শিলঘাট	sh i l gh a T	native
শিলচর	sh i l ch o r	native
শিলচরে	sh i l ch o r e	native
শিলচরের	sh i l ch o r e r	native
শিলদার	sh i l d a r	native
শিলন	sh i l o n	native
শিলবান	sh i l b a n	native
শিলভদ্র	sh i l bh o d r O	native
শিলমুড়ি	sh i l m u r i	native
শিলাইদহ	sh i l a i d o h O	native
শিলাইদহে	sh i l a i d o h e	native
শিলাইদহের	sh i l a i d o h e r	native
শিলাকে	sh i l a k e	native
শিলাখন্ড	sh i l a kh o n D o	native
শিলাখন্ডের	sh i l a kh o n D e r	native
শিলাচি	sh i l a ch i	native
শিলাবৃশ্টি	sh i l a b ri sh T i	tatsama
শিলাবৃশ্টিতে	sh i l a b ri sh T i t e	tatsama
শিলাবৃশ্টির	sh i l a b ri sh T i r	tatsama
শিলার	sh i l a r	native
শিলালিপি	sh i l a l i p i	native
শিলিংফোর্ড	sh i l i ng ph O r D	native
শিলিগুড়িতে	sh i l i g u r i t e	native
শিলিগুড়ির	sh i l i g u r i r	native
শিলিত	sh i l i t O	native
শিলিন্ধ্র	sh i l i ndh r O	native
শিলিন্ধ্রা	sh i l i ndh r a	native
শিলিন্ধ্রি	sh i l i ndh r i	native
শিলিপদ	sh i l i p o d O	native
শিলিভুত	sh i l i bh u t O	native
শিলিমুখ	sh i l i m u kh	native
শিলুক	sh i l u k	native
শিলের	sh i l e r	native
শিল্ড	sh i l D	loanword
শিল্ডে	sh i l D e	loanword
শিল্প	sh i l p O	native
শিল্পই	sh i l p O i	native
শিল্পকর্মগুলো	sh i l p O k o r m O g u l O	compound
শিল্পকর্মটি	sh i l p o k o r m o T i	native
শিল্পকর্মের	sh i l p O k o r m e r	native
শিল্পকলায়	sh i l p o k o l a y	native
শিল্পকারখানা	sh i l p O k a r kh a n a	native
শিল্পকারখানাকে	sh i l p o k a r kh a n a k e	compound
শিল্পকারখানাগুলো	sh i l p o k a r kh a n a g u l O	compound
শিল্পকারখানাগুলোকে	sh i l p o k a r kh a n a g u l O k e	compound
শিল্পকারখানাগুলোতে	sh i l p o k a r kh a n a g u l O t e	compound
শিল্পকারখানার	sh i l p O k a r kh a n a r	compound
শিল্পকারখানায়	sh i l p o k a r kh a n a y	compound
শিল্পক্ষেত্রে	sh i l p O kh e tr e	tatsama
শিল্পখাত	sh i l p o kh a t	native
শিল্পখাতে	sh i l p O kh a t e	native
শিল্পখাতের	sh i l p o kh a t e r	native
শিল্পগুন	sh i l p O g u n	native
শিল্পগুরু	sh i l p o g u r u	native
শিল্পগুরুর	sh i l p o g u r u r	native
শিল্পগুলো	sh i l p O g u l O	native
শিল্পগুলোকে	sh i l p o g u l O k e	native
শিল্পগুলোর	sh i l p O g u l O r	native
শিল্পগোশ্ঠি	sh i l p O g O sh Th i	native
শিল্পগোশ্ঠির	sh i l p o g O sh Th i r	native
শিল্পচর্চা	sh i l p O ch o r ch a	native
শিল্পচর্চার	sh i l p O ch o r ch a r	native
শিল্পচর্চায়	sh i l p o ch o r ch a y	native
শিল্পজগতের	sh i l p o j o g o t e r	native
শিল্পজাত	sh i l p O j a t O	native
শিল্পটি	sh i l p O T i	native
শিল্পটিকে	sh i l p o T i k e	native
শিল্পটির	sh i l p o T i r	native
শিল্পনগরগুলোর	sh i l p o n o g o r g u l O r	compound
শিল্পনগরি	sh i l p O n o g O r i	native
শিল্পনগরিতে	sh i l p O n o g O r i t e	native
শিল্পনগরে	sh i l p O n o g O r e	native
শিল্পনগরের	sh i l p O n o g O r e r	native
শিল্পনিতি	sh i l p o n i t i	native
শিল্পনিতিকে	sh i l p o n i t i k e	native
শিল্পনিতিটি	sh i l p o n i t i T i	native
শিল্পনিতিতে	sh i l p o n i t i t e	native
শিল্পনিতির	sh i l p o n i t i r	native
শিল্পনির্দেশক	sh i l p o n i r d e sh o k	compound
শিল্পনির্ভর	sh i l p o n i r bh o r	native
শিল্পপতি	sh i l p O p O t i	native
শিল্পপতিদের	sh i l p O p O t i d e r	native
শিল্পপতিরা	sh i l p O p O t i r a	native
শিল্পপন্য	sh i l p o p o n n o	native
শিল্পপন্যের	sh i l p o p o n n e r	native
শিল্পপার্ক	sh i l p O p a r k	native
শিল্পপ্রতিশ্ঠান	sh i l p O pr O t i sh Th a n	compound
শিল্পপ্রতিশ্ঠানকে	sh i l p o p o r t i sh Th a n k e	compound
শিল্পপ্রতিশ্ঠানগুলো	sh i l p o p o r t i sh Th a n g u l O	compound
শিল্পপ্রতিশ্ঠানগুলোকে	sh i l p o p o r t i sh Th a n g u l O k e	compound
শিল্পপ্রতিশ্ঠানগুলোর	sh i l p o p o r t i sh Th a n g u l O r	compound
শিল্পপ্রতিশ্ঠানে	sh i l p o p o r t i sh Th a n e	compound
শিল্পপ্রতিশ্ঠানের	sh i l p O pr O t i sh Th a n e r	compound
শিল্পবর্জ্য	sh i l p o b o r j j o	native
শিল্পবর্জ্যে	sh i l p o b o r j j e	native
শিল্পবর্জ্যের	sh i l p o b o r j j e r	compound
শিল্পবান্ধব	sh i l p o b a ndh o b	native
শিল্পবিপ্লব	sh i l p o b i p l o b	loanword
শিল্পবিপ্লবের	sh i l p o b i p l o b e r	loanword
শিল্পবিশয়ক	sh i l p o b i sh o y o k	native
শিল্পভিত্তি	sh i l p o bh i tt i	native
শিল্পভিত্তিক	sh i l p o bh i tt i k	native
শিল্পমন্ত্রি	sh i l p o m o nt r i	native
শিল্পমন্ত্রিকে	sh i l p o m o nt r i k e	compound
শিল্পমন্ত্রির	sh i l p o m o nt r i r	compound
শিল্পমাধ্যম	sh i l p O m a d dh O m	native
শিল্পমান	sh i l p O m a n	native
শিল্পমানসম্পন্ন	sh i l p o m a n sh o mp o nn o	compound
শিল্পমালিক	sh i l p o m a l i k	native
শিল্পমালিকদের	sh i l p O m a l i k d e r	compound
শিল্পমালিকেরা	sh i l p o m a l i k e r a	compound
শিল্পরিন	sh i l p o r i n	native
শিল্পরিনের	sh i l p o r i n e r	native
শিল্পরুপ	sh i l p o r u p	native
শিল্পশ্রমিক	sh i l p o sh o r m i k	native
শিল্পশ্রমিকদের	sh i l p o sh r o m i k d e r	compound
শিল্পশ্রমিকেরা	sh i l p o sh r o m i k e r a	compound
শিল্পসংগ্রাহক	sh i l p o sh o ng gr a h o k	compound
শিল্পসচিব	sh i l p O sh O ch i b	native
শিল্পসচিবের	sh i l p o sh o ch i b e r	native
শিল্পসমুহ	sh i l p o sh o m u h o	native
শিল্পসমৃদ্ধ	sh i l p o sh o m r i d dh o	tatsama
শিল্পসম্মত	sh i l p o sh o mm o t o	native
শিল্পসহ	sh i l p O sh o h O	native
শিল্পসহায়ক	sh i l p o sh o h a y o k	native
শিল্পসাহিত্যের	sh i l p O sh a h i t t e r	compound
শিল্পাংগন	sh i l p a ng g o n	native
শিল্পাংগনে	sh i l p a ng g o n e	native
শিল্পাচার্য	sh i l p a ch a r j O	native
শিল্পাচার্যের	sh i l p a ch a r j e r	compound
শিল্পাঞ্চলে	sh i l p a n ch o l e	native
শিল্পানুরাগি	sh i l p a n u r a g i	native
শিল্পার	sh i l p a r	native
শিল্পালয়ে	sh i l p a l o y e	native
শিল্পায়ন	sh i l p a y o n	native
শিল্পায়নকে	sh i l p a y o n k e	native
শিল্পায়নে	sh i l p a y o n e	native
শিল্পায়নের	sh i l p a y o n e r	native
শিল্পায়িত	sh i l p a y i t o	native
শিল্পি	sh i l p i	native
শিল্পিই	sh i l p i i	native
শিল্পিও	sh i l p i O	native
শিল্পিকে	sh i l p i k e	native
শিল্পিগোশ্ঠি	sh i l p i g O sh Th i	native
শিল্পিগোশ্ঠির	sh i l p i g O sh Th i r	compound
শিল্পিজিবনের	sh i l p i j i b o n e r	native
শিল্পিত	sh i l p i t O	native
শিল্পিদের	sh i l p i d e r	native
শিল্পিদেরও	sh i l p i d e r o O	native
শিল্পির	sh i l p i r	native
শিল্পিরই	sh i l p i r i	native
শিল্পিরও	sh i l p i r O	native
শিল্পিরা	sh i l p i r a	native
শিল্পিরাই	sh i l p i r a i	native
শিল্পিরাও	sh i l p i r a O	native
শিল্পিসত্তা	sh i l p i sh o tt a	native
শিল্পিসমাজের	sh i l p i sh o m a j e r	native
শিল্পিসহ	sh i l p i sh o h O	native
শিল্পে	sh i l p e	native
শিল্পেও	sh i l p e O	native
শিল্পের	sh i l p e r	native
শিল্পোদ্যোক্তাদের	sh i l p O d d O kt a d e r	compound
শিল্পোদ্যোক্তার	sh i l p O d d O kt a r	compound
শিল্পোদ্যোক্তারা	sh i l p O d d O kt a r a	compound
শিল্পোদ্যোগ	sh i l p O d d O g	native
শিল্পোন্নত	sh i l p O nn o t O	native
শিল্পোন্নয়ন	sh i l p O nn o y o n	native
শিল্পোন্নয়নে	sh i l p O nn o y o n e	native
শিল্পোন্নয়নের	sh i l p O nn o y o n e r	compound
শিল্পোৎপাদন	sh i l p O t p a d o n	native
শিল্পোৎপাদনে	sh i l p O t p a d o n e	native
শিশ	sh i sh	native
শিশর্ক	sh i sh r o k	native
শিশা	sh i sh a	native
শিশি	sh i sh i	native
শিশির	sh i sh i r	native
শিশিরকুমার	sh i sh i r k u m a r	native
শিশিরকে	sh i sh i r k e	native
শিশিরবিন্দু	sh i sh i r b i nd u	native
শিশিরভেজা	sh i sh i r bh e j a	native
শিশিরে	sh i sh i r e	native
শিশু	sh i sh u	native
শিশুকন্যাকে	sh i sh u k O n n a k e	native
শিশুকন্যার	sh i sh u k o n n a r	native
শিশুকল্যান	sh i sh u k o l l a n	native
শিশুকাল	sh i sh u k a l	native
শিশুকে	sh i sh u k e	native
শিশুকেই	sh i sh u k e i	native
শিশুকেও	sh i sh u k e O	native
শিশুখাদ্যের	sh i sh u kh a d d e r	native
শিশুগাছ	sh i sh u g a chh	native
শিশুগুলো	sh i sh u g u l O	native
শিশুগুলোর	sh i sh u g u l O r	native
শিশুটিও	sh i sh u T i O	native
শিশুটিকেও	sh i sh u T i k e	native
শিশুটির	sh i sh u T i r	native
শিশুতে	sh i sh u t e	native
শিশুতোশ	sh i sh u t O sh	native
শিশুদের	sh i sh u d e r	native
শিশুদেরই	sh i sh u d e r i	native
শিশুদেরকে	sh i sh u d e r k e	native
শিশুনিতি	sh i sh u n i t i	native
শিশুনিতিতে	sh i sh u n i t i t e	native
শিশুনির্যাতন	sh i sh u n i r j a t o n	native
শিশুপরিবারে	sh i sh u p o r i b a r e	native
শিশুপল্লি	sh i sh u p o l l i	native
শিশুপল্লিতে	sh i sh u p O l l i t e	native
শিশুপল্লির	sh i sh u p o l l i r	native
শিশুপাচার	sh i sh u p a ch a r	native
শিশুপার্কের	sh i sh u p a r k e r	native
শিশুপাল	sh i sh u p a l	native
শিশুপুত্র	sh i sh u p u tr O	native
শিশুপুত্রের	sh i sh u p u tr e r	native
শিশুপ্রহর	sh i sh u pr O h O r	native
শিশুবন্ধু	sh i sh u b o ndh o n	native
শিশুবর্ধন	sh i sh u b o r dh o n	native
শিশুবান্ধব	sh i sh u b a ndh O b	native
শিশুবিকাশ	sh i sh u b i k a sh	native
শিশুবিতর্কের	sh i sh u b i t o r k e r	native
শিশুবিশেশজ্ঞ	sh i sh u b i sh e sh o g g O	tatsama
শিশুবিশয়ক	sh i sh u b i sh o y o k	native
শিশুমন	sh i sh u m o n	native
শিশুমনে	sh i sh u m O n e	native
শিশুমনের	sh i sh u m o n e r	native
শিশুমৃত্যু	sh i sh u m ri t t u	tatsama
শিশুমৃত্যুর	sh i sh u m ri t t u r	tatsama
শিশুমেলার	sh i sh u m e l a r	native
শিশুমেলায়	sh i sh u m e l a y	native
শিশুরই	sh i sh u r i	native
শিশুরও	sh i sh u r O	native
শিশুরা	sh i sh u r a	native
শিশুরাই	sh i sh u r a i	native
শিশুরাও	sh i sh u r a O	native
শিশুরোগ	sh i sh u r O g	native
শিশুশিক্ষা	sh i sh u sh i kkh a	tatsama
শিশুশিক্ষার	sh i sh u sh i kkh a r	tatsama
শিশুশিক্ষার্থিরা	sh i sh u sh i kkh a r th i r a	tatsama
শিশুশিল্পি	sh i sh u sh i l p i	native
শিশুশিল্পিদের	sh i sh u sh i l p i d e r	compound
শিশুশ্রম	sh i sh u sh r O m	native
শিশুশ্রমবিশয়ক	sh i sh u sh r o m b o sh o y o k	compound
শিশুশ্রমিকদের	sh i sh u sh r o m i k d e r	compound
শিশুশ্রমিকের	sh i sh u sh r o m i k e r	native
শিশুশ্রমিকেরা	sh i sh u sh r o m i k e r a	compound
শিশুশ্রমে	sh i sh u sh r o m e	native
শিশুশ্রমের	sh i sh u sh r o m e r	native
শিশুসংক্রান্ত	sh i sh u sh o ng kr a nt o	compound
শিশুসদন	sh i sh u sh o d o n	native
শিশুসদনে	sh i sh u sh o d o n e	native
শিশুসদনের	sh i sh u sh o d O n e r	native
শিশুসন্তান	sh i sh u sh o nt a n	native
শিশুসন্তানটিকে	sh i sh u sh o nt a n T i k e	compound
শিশুসন্তানদের	sh i sh u sh o nt a n d e r	compound
শিশুসন্তানসহ	sh i sh u sh o nt a n sh o h O	native
শিশুসন্তানের	sh i sh u sh o nt a n e r	native
শিশুসহ	sh i sh u sh o h O	native
শিশুসাহিত্য	sh i sh u sh a h i t t O	native
শিশুসাহিত্যিক	sh i sh u sh a h i t t i k	compound
শিশুসাহিত্যে	sh i sh u sh a h i t t o	native
শিশুসাহিত্যের	sh i sh u sh a h i t t o e r	compound
শিশুসুলভ	sh i sh u sh u l o bh	native
শিশুস্বাস্থ্য	sh i sh u sh a sth O	tatsama
শিশুস্বাস্থ্যের	sh i sh u sh a sh sth j e r	tatsama
শিশে	sh i sh e	native
শিশের	sh i sh e r	native
শিশ্ট	sh i sh T O	native
শিশ্টতা	sh i sh T o t a	native
শিশ্টাচার	sh i sh T a ch a r	native
শিশ্টাচারবর্জিত	sh i sh T a ch a r b o r j i t o	compound
শিশ্টাচারবহির্ভুত	sh i sh T a ch a r b o h i r bh u t o	compound
শিশ্টাচারের	sh i sh T a ch a r e r	native
শিশ্টের	sh i sh T e r	native
শিশ্ন	sh i sh n O	native
শিশ্য	sh i sh sh O	native
শিশ্যকে	sh i sh sh O k e	native
শিশ্যত্ব	sh i sh sh o t t O	tatsama
শিশ্যদের	sh i sh sh o d e r	native
শিশ্যরা	sh i sh sh o r a	native
শিশ্যের	sh i sh sh e r	native
শিস	sh i sh	native
শিহরন	sh i h o r o n	native
শিহরা	sh i h O r a	native
শিহরিত	sh i h O r i t O	native
শিহান	sh i h a n	native
শিহাব	sh i h a b	native
শিহাবউদ্দিন	sh i h a b u d d i n	native
শিহাবের	sh i h a b e r	native
শিহালা	sh i h a l a	native
শিয়ন	sh i y o n	native
শিয়র	sh i y o r	native
শিয়রে	sh i y o r e	native
শিয়া	sh i y a	native
শিয়াও	sh i y a O	native
শিয়াকুল	sh i y a k u l	native
শিয়াদের	sh i y a d e r	native
শিয়ান	sh i y a n	native
শিয়াভোনে	sh i y a bh O n e	native
শিয়ার	sh i y a r	native
শিয়ারা	sh i y a r a	native
শিয়ালও	sh i y a l O	native
শিয়ালকোট	sh i y a l k O T	proper_noun
শিয়ালকোল	sh i y a l k O l	native
শিয়ালদহ	sh i a l d o h O	native
শিয়ালদহের	sh i y a l d o h e r	native
শিয়ালদা	sh i a l d a	native
শিয়ালের	sh i y a l e r	native
শিয়েরার	sh i y e r a r	native
শু	sh u	native
শুংগা	sh u ng g a	native
শুইনা	sh u i n a	native
শুইন্যা	sh u i n n a	native
শুইয়া	sh u i y a	native
শুইয়ে	sh u i y e	native
শুক	sh u k	native
শুকতারার	sh u k t a r a r	native
শুকতে	sh u k t e	native
শুকনামরিচ	sh u k n a m O r i ch	native
শুকনাল	sh u k n a l	native
শুকনাস	sh u k n a sh	native
শুকরছানা	sh u k o r chh a n a	native
শুকরিয়া	sh u k r i y a	native
শুকরের	sh u k o r e r	native
শুকলাল	sh u k l a l o	native
শুকা	sh u k a	native
শুকাতে	sh u k a t e	native
শুকাতেই	sh u k a t e i	native
শুকানো	sh u k a n O	native
শুকালে	sh u k a l e	native
শুকায়	sh u k a y	native
শুকায়নি	sh u k a y n i	native
শুকিয়ে	sh u k i y e	native
শুকিয়েছে	sh u k i y e chh e	native
শুকু	sh u k u	native
শুকুর	sh u k u r	native
শুকে	sh u k e	native
শুকেই	sh u k e i	native
শুকোতে	sh u k O t e	native
শুক্কুর	sh u k k u r	native
শুক্কুরকে	sh u k k u r k e	native
শুক্ত	sh u kt O	native
শুক্র	sh u kr O	native
শুক্রবারই	sh u kr O b a r o i	native
শুক্রবারও	sh u kr O b a r O	native
শুক্রবারে	sh u kr O b a r e	native
শুক্রবারেই	sh u kr u b a r e i	native
শুক্রবারের	sh u kr o b a r e r	native
শুক্রানু	sh u kr a n u	native
শুক্রানুর	sh u kr a n u r	native
শুক্রাবাদ	sh u kr a b a d	native
শুক্রের	sh u kr e r	native
শুক্ল	sh u kl O	native
শুক্লার	sh u kl a r	native
শুখা	sh u kh a	native
শুখানো	sh u kh a n O	native
শুখো	sh u kh O	native
শুগহুর	sh u g h u r	native
শুগুর	sh u g u r	native
শুচি	sh u ch i	native
শুচির	sh u ch i r	native
শুচিরুচি	sh u ch i r u ch i	native
শুট	sh u T	loanword
শুটআউটে	sh u T a u T e	loanword
শুটকিতে	sh u T k i t e	native
শুটকিপল্লি	sh u T o k i p o l l i	native
শুটকিবোঝাই	sh u T o k i b O jh a i	native
শুটকির	sh u T k i r	native
শুটার	sh u T a r	loanword
শুটিং	sh u T i ng	loanword
শুটিংও	sh u T i ng O	loanword
শুটিংটা	sh u T i ng T a	loanword
শুটিংয়ে	sh u T i ng y e	loanword
শুটিংয়ের	sh u T i ng y e r	loanword
শুঠ	sh u Th	native
শুড	sh u D	native
শুতায়ল	sh u t a o l o	native
শুতি	sh u t i	native
শুদ্ধ	sh u d dh O	tatsama
শুদ্ধকরন	sh u d dh o k o r o n	tatsama
শুদ্ধতম	sh u d dh O t o m O	tatsama
শুদ্ধরুপে	sh u d dh o r u p e	tatsama
শুদ্ধস্বর	sh u d dh O sh o r	tatsama
শুদ্ধাশুদ্ধি	sh u d dh a sh u d dh i	tatsama
শুদ্ধি	sh u d dh i	tatsama
শুদ্ধিকরন	sh u d dh i k o r o n	tatsama
শুদ্ধিকরনের	sh u d dh i k o r o n e r	tatsama
শুদ্ধির	sh u d dh i r	tatsama
শুদ্ধোদন	sh o d dh O d o n	tatsama
শুদ্ধোদনি	sh u d dh O d O n i	tatsama
শুদ্র	sh u d r O	native
শুধরাতে	sh u dh r a t e	native
শুধরানোর	sh u dh r a n O r	native
শুধরে	sh u dh r e	native
শুধা	sh u dh a	native
শুধি	sh u dh i	native
শুধিতে	sh u dh i t e	native
শুধুই	sh u dh u i	native
শুধুমাত্র	sh u dh u m a tr O	native
শুন	sh u n	native
শুনছ	sh u n chh o	native
শুনছিলাম	sh u n chh i l a m	native
শুনছে	sh u n chh e	native
শুনতেই	sh u n t e i	native
শুনতেও	sh u n t e O	native
শুনতেন	sh u n t e n	native
শুনবে	sh u n b e	native
শুনবেন	sh u n b e n	native
শুনবো	sh u n b O	native
শুনলে	sh u n l e	native
শুনলেই	sh u n l e i	native
শুনলেও	sh u n l e O	native
শুনলেন	sh u n l e n	native
শুনা	sh u n a	native
শুনানিও	sh u n a n i O	native
শুনানিকালে	sh u n a n i k a l e	native
শুনানিকে	sh u n a n i k e	native
শুনানিতে	sh u n a n i t e	native
শুনানিতেও	sh u n a n i t e O	native
শুনানির	sh u n a n i r	native
শুনার	sh u n a r	native
শুনি	sh u n i	native
শুনিছি	sh u n i chh i	native
শুনিনি	sh u n i n i	native
শুনিবে	sh u n i b e	native
শুনিল	sh u n i l o	native
শুনিলে	sh u n i l e	native
শুনিয়া	sh u n i y a	native
শুনিয়ে	sh u n i y e	native
শুনিয়েই	sh u n i y e i	native
শুনিয়েছিল	sh u n i y e chh i l	native
শুনিয়েছিলেন	sh u n i y e chh i l e n	native
শুনিয়েছে	sh u n i y e chh e	native
শুনিয়েছেন	sh u n i y e chh e n	native
শুনুক	sh u n u k	native
শুনুন	sh u n u n	native
শুনে	sh u n e	native
শুনেই	sh u n e i	native
শুনেও	sh u n e O	native
শুনেছি	sh u n e chh i	native
শুনেছিল	sh u n e chh i l O	native
শুনেছে	sh u n e chh e	native
শুনেটুনে	sh u n e T u n e	native
শুনেন	sh u n e n	native
শুন্ড	sh u n D O	native
শুন্ডক	sh u n D O k	native
শুন্ডধর	sh u n D O dh o r	native
শুন্ডাল	sh u n D a l	native
শুন্ডিকা	sh u n D i k a	native
শুন্য	sh u n n O	native
শুন্যই	sh u n n o i	native
শুন্যকে	sh u n n o k e	native
শুন্যগর্ভ	sh u n n o g o r bh o	native
শুন্যতা	sh u n n o t a	native
শুন্যতার	sh u n n o t a r	native
শুন্যতায়	sh u n n o t a y	native
শুন্যতে	sh u n n o t e	native
শুন্যপদ	sh u n n O p o d	native
শুন্যপদগুলো	sh u n n o p o d g u l O	native
শুন্যপদে	sh u n n O p o d e	native
শুন্যপদের	sh u n n O p o d e r	native
শুন্যস্থান	sh u n n o sth a n	native
শুন্যস্থানে	sh u n n o sth a n e	native
শুন্যস্থানের	sh u n n O sth a n e r	native
শুন্যে	sh u n n e	native
শুন্যের	sh u n n e r	native
শুপকার	sh u p o k a r	native
শুভংকর	sh u bh o ng k o r	native
শুভংকরের	sh u bh o ng k o r e r	native
শুভই	sh u bh O i	native
শুভকর	sh u bh o k o r	native
শুভকামনা	sh u bh O k a m O n a	native
শুভকামনাও	sh u bh o k a m o n a O	native
শুভকামনার	sh u bh o k a m o n a r	native
শুভকে	sh u bh O k e	native
শুভক্ষন	sh u bh o kkh o n o	tatsama
শুভক্ষনে	sh u bh o kkh o n e	tatsama
শুভচেতনার	sh u bh o ch e t o n a r	native
শুভদিন	sh u bh O d i n	native
শুভপুর	sh u bh o p u r	native
শুভফল	sh u bh O ph o l	native
শুভবুদ্ধি	sh u bh o b u d dh i	tatsama
শুভবুদ্ধির	sh u bh O b u d dh i r	tatsama
শুভবোধ	sh u bh o b O dh	native
শুভবোধসম্পন্ন	sh u bh o b O dh sh o mp o nn o	compound
শুভবোধের	sh u bh o b O dh e r	native
শুভব্রত	sh u bh O br O t O	native
শুভম	sh u bh O m	native
শুভমের	sh u bh o m e r	native
শুভর	sh u bh O r	native
শুভরাড়া	sh u bh o r a r a	native
শুভলং	sh u bh O l o ng	native
শুভলগ্নে	sh u bh o l o g n e	native
শুভশক্তি	sh u bh o sh o kt i	native
শুভশ্রি	sh u bh o sh r i	native
শুভশ্রির	sh u bh O sh r i r	native
শুভসংঘের	sh u bh O sh o ng gh e r	native
শুভসুচনা	sh u bh O sh u ch O n a	native
শুভা	sh u bh a	native
শুভাকাংক্ষি	sh u bh a k a ng kh i	tatsama
শুভাকাংক্ষিদের	sh u bh a k a ng kh i d e r	tatsama
শুভাকাংক্ষির	sh u bh a k a ng kh i r	tatsama
শুভাকাংক্ষিরা	sh u bh a k a ng kh i r a	tatsama
শুভাগতকে	sh u bh a g o t O k e	native
শুভাগতের	sh u bh a g o t e r	native
শুভাগমন	sh u bh a g o m o n	native
শুভাঢ্যা	sh u bh a D Dh a	native
শুভাঢ্যার	sh u bh a Dh D a r	native
শুভানুধ্যায়ি	sh u bh a n u dh dh a y i	native
শুভানুধ্যায়িদের	sh u bh a n u dh dh a y i d e r	compound
শুভানুধ্যায়ির	sh u bh a n u dh dh a y i r	compound
শুভানুধ্যায়িরা	sh u bh a n u dh dh a y i r a	compound
শুভাশিশ	sh u bh a sh i sh	native
শুভাশিস	sh u bh a sh i sh	native
শুভেচ্ছা	sh u bh e ch chh a	native
শুভেচ্ছাও	sh u bh e ch chh a O	native
শুভেচ্ছাদুত	sh u bh e ch chh a d u t	native
শুভেচ্ছাবানি	sh u bh e ch chh a b a n i	native
শুভেচ্ছাবার্তা	sh u bh e ch chh a b a r t a	compound
শুভেচ্ছাবিনিময়	sh u bh e ch chh a b i n i m o y	compound
শুভেচ্ছার	sh u bh e ch chh a r	native
শুভেন্দু	sh u bh e nd u	native
শুভ্র	sh u bh r O	native
শুভ্রকে	sh u bh r o k e	native
শুভ্রতা	sh u bh r O t a	native
শুভ্রতায়	sh u bh r o t a y o	native
শুভ্রদেব	sh u bh r O d e b	native
শুভ্রর	sh u bh r o r	native
শুভ্রা	sh u bh r a	native
শুভ্রাংশু	sh u bh r a ng sh u	native
শুমাখার	sh u m a kh a r	native
শুম্ভনিশুম্ভ	sh u m bh O n i sh u m bh O	native
শুরলে	sh u r l e	native
শুরার	sh u r a r	native
শুরাসদস্য	sh u m a sh o d o sh sh o	native
শুরু	sh u r u	native
শুরুই	sh u r u i	native
শুরুকরে	sh u r u k O r e	native
শুরুটা	sh u r u T a	native
শুরুটাই	sh u r u T a i	native
শুরুটাও	sh u r u T a O	native
শুরুটাকে	sh u r u T a k e	native
শুরুতে	sh u r u t e	native
শুরুতেই	sh u r u t e i	native
শুরুতেও	sh u r u t e O	native
শুরুর	sh u r u r	native
শুরুরও	sh u r u r O	native
শুরুয়া	sh u r u y a	native
শুল	sh u l	native
শুলকবহর	sh u l o k o b o h o r	native
শুলকানো	sh u l k a n O	native
শুলজ	sh u l o j	native
শুলটিয়া	sh u l o T i y a	native
শুলুক–সন্ধান	sh u l u k sh o ndh a n	native
শুলে	sh u l e	native
শুল্কও	sh u l k o O	native
শুল্ককর	sh u l k o k o r	native
শুল্ককাঠামো	sh u l k o k a Th a m O	native
শুল্কছাড়	sh u l k o chh a r	native
শুল্কনিতি	sh u l k o n i t i	native
শুল্কপার্থক্য	sh u l k o p a r th o k k o	compound
শুল্কবন্দর	sh u l k o b o nd o r	native
শুল্কবহর	sh u l k O b o h O r	native
শুল্কবোইশম্যের	sh u l k o b O i sh o m m e r	compound
শুল্কমুক্তভাবে	sh u l k o m u kt o bh a b e	compound
শুল্কমুক্তসুবিধা	sh u l k o m u kt o sh u b i dh a	compound
শুল্কমুক্তসুবিধার	sh u l k o m u kt o sh u b i dh a r	compound
শুল্কমুক্তসুবিধায়	sh u l k o m u kt o sh u b i dh a y	compound
শুল্কসংক্রান্ত	sh u l k o sh o ng kr a nt o	compound
শুল্কসুবিধা	sh u l k o sh u b i dh a	native
শুল্কস্টেশন	sh u l k o s T e sh o n	loanword
শুল্কস্টেশনগুলো	sh u l k o s T e sh o n g u l O	loanword
শুল্কস্টেশনগুলোর	sh u l k o s T e sh o n g u l O r	loanword
শুল্কস্তর	sh u l k o st o r	native
শুল্কহারের	sh u l k o h a r e r	native
শুল্কারোপ	sh u l k a r O p	native
শুল্কারোপের	sh u l k a r O p e r	native
শুল্কায়ন	sh u l k a y o n	native
শুল্কায়নে	sh u l k a y o n e	native
শুল্কায়নের	sh u l k a y o n e r	native
শুল্কে	sh u l k e	native
শুল্কের	sh u l k e r	native
শুশুক	sh u sh u k	native
শুশুকের	sh u sh u k e r	native
শুশে	sh u sh e	native
শুশ্ক	sh u sh k O	native
শুশ্কতা	sh u sh k O t a	native
শুশ্কভাব	sh u sh k O bh a b	native
শুশ্রুশা	sh u sh r u sh a	native
শুস	sh u sh	native
শুস্ক	sh u s k O	loanword
শুুক্রবার	sh u kr o b a r	native
শুড়	sh u r	native
শুয়া	sh u y a	native
শুয়াইব	sh u y a i b	native
শুয়াচান	sh u y a ch a n	native
শুয়ে	sh u y e	native
শুয়েও	sh u y e O	native
শুয়োপোকা	sh u y O p O k a	native
শুয়োরের	sh u y O r e r	native
শৃংখল	sh r i ng kh o l	tatsama
শৃংখলমুক্ত	sh ri ng kh o l a m u kt o	tatsama
শৃংখলা	sh ri ng kh o l a	tatsama
শৃংখলাই	sh ri ng kh o l a i	tatsama
শৃংখলাও	sh ri ng kh o l a O	tatsama
শৃংখলাকে	sh ri ng kh o l a k e	tatsama
শৃংখলাজনিত	sh ri ng kh o l a j o n i t	tatsama
শৃংখলাপরায়ন	sh ri ng kh o l a p o r a y o n	tatsama
শৃংখলাপরিপন্থি	sh ri ng kh o l a p o r i p o n th i	tatsama
শৃংখলাপুর্ন	sh ri ng kh o l a p u r n o	tatsama
শৃংখলাবদ্ধ	sh ri ng kh o l a b o d dh o	tatsama
শৃংখলাবহির্ভুত	sh ri ng kh o l a b o h i r bh u t o	tatsama
শৃংখলাবিধি	sh ri ng kh o l a b i dh i	tatsama
শৃংখলাবিরোধি	sh ri ng kh o l a b i r O dh i	tatsama
শৃংখলাবিশয়ক	sh ri ng kh o l a b i sh o y o k	tatsama
শৃংখলাবোধ	sh ri ng kh o l a b O dh	tatsama
শৃংখলাভংগ	sh ri ng kh o l a bh o ng g o	tatsama
শৃংখলাভংগের	sh ri ng kh o l a bh o ng g e r	tatsama
শৃংখলামুলক	sh ri ng kh o l a m u l o k	tatsama
শৃংখলার	sh ri ng kh o l a r	tatsama
শৃংখলাসংক্রান্ত	sh ri ng kh o l a sh o ng kr a nt o	tatsama
শৃংখলায়	sh ri ng kh o l a y	tatsama
শৃংখলিত	sh ri ng kh o l i t o	tatsama
শৃংখলে	sh ri ng kh o l e	tatsama
শৃংগ	sh ri ng g o	tatsama
শৃংগবের	sh r i ng g O b e r	tatsama
শৃংগার	sh r i ng g a r	tatsama
শৃংগি	sh r i ng g i	tatsama
শৃংগে	sh ri ng g e	tatsama
শৃংগের	sh ri ng g e r	tatsama
শৃং্গ	sh ri ng g O	tatsama
শৃগাল	sh r i g a l	tatsama
শে	sh e	native
শেইক	sh e i k	native
শেইড	sh e i D	loanword
শেইডের	sh e i D e r	loanword
শেইপ	sh e i p	native
শেইভ	sh e i bh	native
শেইম	sh e i m	native
শেক	sh e k	native
শেকল	sh e k O l	native
শেকলে	sh e k O l e	native
শেজ	sh e j	native
শেট্টি	sh e T T i	proper_noun
শেঠ	sh e Th	native
শেঠি	sh e Th i	native
শেঠিকে	sh e Th i k e	native
শেঠির	sh e Th i r	native
শেঠের	sh e Th e r	native
শেড	sh e D	loanword
শেডগুলো	sh e D g u l O	loanword
শেডগুলোর	sh e D g u l O r	loanword
শেডটি	sh e D T i	loanword
শেডস	sh e D sh	loanword
শেডে	sh e D e	loanword
শেডের	sh e D e r	loanword
শেন	sh e n	native
শেনজেন	sh e n j e n	native
শেনহুয়া	sh e n h u a	native
শেপ	sh e p	native
শেপার্ড	sh e p a r D	proper_noun
শেপিয়ার	sh e p i y a r	native
শেপের	sh e p e r	native
শেফা	sh e ph a	native
শেফাউল	sh e ph a u l	native
শেফাক	sh e ph a k	native
শেফারত	sh e ph a r o t	native
শেফার্ড	sh e ph a r D	proper_noun
শেফালি	sh e ph a l i	native
শেবাগ	sh e b a g	native
শেবাগই	sh e b a g i	native
শেবাগও	sh e b a g O	native
শেবাগকে	sh e b a g k e	native
শেবাগিয়	sh e b a g i y o	native
শেবাগেরই	sh e b a g e r e i	native
শেভ	sh e bh	native
শেভচেংকো	sh e bh o ch e sh k O	native
শেভরন	sh e bh r o n	native
শেভরনের	sh e bh r o n e r	native
শেম	sh e m	native
শের	sh e r	native
শেরওয়ানি	sh e r O y a n i	native
শেরওয়ানির	sh e r O y a n i r	native
শেরচান	sh e r ch a n	native
শেরপা	sh e r O p a	native
শেরপাকে	sh e r p a k e	native
শেরপাদের	sh e r p a d e r	native
শেরপার	sh e r p a r	native
শেরপারা	sh e r p a r a	native
শেরপাসহ	sh e r p a sh o h O	native
শেরপুর	sh e r p u r	native
শেরপুরে	sh e r p u r e	native
শেরপুরের	sh e r p u r e r	native
শেরশাহ	sh e r sh a h	native
শেরশাহের	sh e r o sh a h e r	native
শেরা	sh e r a	native
শেরাওয়াত	sh e r a O y a t	native
শেরাওয়াতের	sh e r a O y a t e r o	native
শেরাটন	sh e r a T O n	proper_noun
শেরাটনিয়	sh e r a T o n i y	proper_noun
শেরাটনে	sh e r a T o n e	proper_noun
শেরাটনের	sh e r a T o n e r	proper_noun
শেরিডান	sh e r i D a n	proper_noun
শেরিল	sh e r i l	native
শেরে	sh e r e	native
শেরেবাংলা	sh e r e b a ng l a	native
শেরেবাংলানগর	sh e r e b a ng l a n o g o r	native
শেল	sh e l	native
শেলও	sh e l O	native
শেলটেক	sh e l T e k	proper_noun
শেলসহ	sh e l sh o h O	native
শেলা	sh e l a	native
শেলি	sh e l i	native
শেলির	sh e l i r	native
শেলে	sh e l e	native
শেলেটকের	sh e l e T o k e r	proper_noun
শেলেটক্	sh e l e T o k	proper_noun
শেলের	sh e l e r	native
শেল্টার	sh e l T a r	loanword
শেয়াকুল	sh e y a k u l o	native
শো	sh O	native
শোইত্য	sh O i t t O	native
শোইত্যপ্রবাহ	sh oi t t o pr o b a h o	native
শোইত্যপ্রবাহে	sh oi t t o pr o b a h e	compound
শোইত্যপ্রবাহের	sh oi t t o pr o b a h e r	compound
শোইথিল্য	sh oi th i l l o	native
শোইথিল্যের	sh oi th i l l e r	native
শোইব	sh O i b O	native
শোইবলিনি	sh O i b O l i n i	native
শোইবাল	sh O i b a l	native
শোইবালে	sh O i b a l e	native
শোইবালের	sh O i b a l e r	native
শোইব্যা	sh O i b b a	native
শোইল	sh O i l o	native
শোইলকুপা	sh O i l o k u p a	native
শোইলকুপার	sh O i l o k u p a r	native
শোইলকুপায়	sh O i l o k u p a y	native
শোইলচাপড়া	sh O i l ch a p r a	native
শোইলজারঞ্জন	sh O i l j a r o n j o n	native
শোইলি	sh O i l i	native
শোইলির	sh O i l i r	native
শোইলেন	sh O i l e n	native
শোইলেনের	sh O i l e n e r	native
শোইলেন্দ্র	sh O i l e ndr o	native
শোইল্পিক	sh O i l p i k	native
শোইল্পিকতার	sh O i l p i k o t a r	native
শোইল্পিকভাবে	sh O i l p i k bh a b e	native
শোইশব	sh O i sh o b	native
শোইশবকাল	sh O i sh o b k a l	native
শোইশবকালিন	sh O i sh o b k a l i n	native
শোইশবকে	sh O i sh o b k e	native
শোইশবে	sh O i sh o b e	native
শোইশবেই	sh O i sh o b e i	native
শোইশবের	sh O i sh o b e r	native
শোউখিন	sh O u kh i n	native
শোউখিনদার	sh O u kh i n d a r	native
শোউচ	sh O u ch O	native
শোউচাগার	sh O u ch a g a r	native
শোউচাগারে	sh O u ch a g a r e	native
শোউচাগারের	sh O u ch a g a r e r	native
শোউর্য	sh O u r j O	native
শোও	sh O O	native
শোককে	sh O k k e	native
শোকগাথা	sh O k g a th a	native
শোকগ্রস্ত	sh O k O gr O st O	native
শোকজাত্রা	sh O k j a tr a	native
শোকজাত্রার	sh O k j a tr a r	native
শোকজাত্রায়	sh O k j a tr a y	native
শোকজের	sh O k o j e r	native
শোকদিবস	sh O k d i b o sh	native
শোকপ্রস্তাব	sh O k o pr o st a b	native
শোকপ্রস্তাবটি	sh O k o pr o st a b T i	compound
শোকপ্রস্তাবে	sh O k o pr o st a b e	native
শোকবইয়ে	sh O k b o i y e	native
শোকবানি	sh O k o b a n i	native
শোকবানিতে	sh O k b a n i t e	native
শোকবার্তা	sh O k o b a r t a	native
শোকবার্তায়	sh O k o b a r t a y	native
শোকমিছিল	sh O k m i chh i l	native
শোকর	sh O k o r	native
শোকরানা	sh O k r a n a	native
শোকরানার	sh O k r a n a r	native
শোকরিয়া	sh O k r i y a	native
শোকসংগিত	sh O k sh o ng g i t	native
শোকসভার	sh O k sh o bh a r	native
শোকসভায়	sh O k sh o bh a y	native
শোকস্তব্ধ	sh O k st o b dh o	native
শোকাচ্ছন্ন	sh O k a ch chh o nn o	native
শোকাতুর	sh O k a t u r	native
শোকাবহ	sh O k a b o h O	native
শোকাভিভুত	sh O k a bh i bh u t	native
শোকার্ত	sh O k a r t O	native
শোকাহত	sh O k a h o t O	native
শোকে	sh O k e	native
শোকের	sh O k e r	native
শোকেস	sh O k e sh	native
শোকেসে	sh O k e sh e	native
শোকেসের	sh O k e sh e r	native
শোগুলো	sh O g u l O	native
শোগুলোর	sh O g u l O r	native
শোগুলোয়	sh O g u l O y	native
শোচনিয়	sh O ch o n i y o	native
শোচনিয়ভাবে	sh O ch o n i y o bh a b e	native
শোচিত	sh O ch i t O	native
শোচ্য	sh O ch chh o	native
শোজ	sh O j	native
শোটির	sh O T i r	native
শোড়শভুজা	sh O r O sh bh u j a	native
শোডাউন	sh O D a u n	loanword
শোডাউনের	sh O D a u n e r	loanword
শোতে	sh O t e	native
শোতেই	sh O t e i	native
শোতেও	sh O t e O	native
শোথ	sh O th	native
শোধ	sh O dh	native
শোধক	sh O dh O k	native
শোধনজন্ত্র	sh O dh o n j o nt r o	native
শোধনাগারটির	sh O dh o n a g a r T i r	native
শোধনাগারের	sh O dh O n a g a r e r	native
শোধনি	sh O dh O n i	native
শোধনের	sh O dh O n e r	native
শোধরাতে	sh O dh r a t e	native
শোধরানো	sh O dh r a n O	native
শোধরানোর	sh O dh r a n O r	native
শোধে	sh O dh e	native
শোধের	sh O dh e r	native
শোন	sh O n	native
শোনাই	sh O n a i	native
শোনাও	sh O n a O	native
শোনাচ্ছি	sh O n a ch chh i	native
শোনাচ্ছিল	sh O n a ch chh i l o	native
শোনাচ্ছে	sh O n a ch chh e	native
শোনাত	sh O n a t O	native
শোনাতে	sh O n a t e	native
শোনান	sh O n a n	native
শোনাবে	sh O n a b e	native
শোনাবো	sh O n a b O	native
শোনামাত্রই	sh O n a m a tr o i	native
শোনারও	sh O n a r O	native
শোনালাম	sh O n a l a m	native
শোনালে	sh O n a l e	native
শোনালো	sh O n a l O	native
শোনায়	sh O n a y	native
শোনায়নি	sh O n a y n i	native
শোনিত	sh O n i t O	native
শোনে	sh O n e	native
শোনেন	sh O n e n	native
শোনেননি	sh O n e n n i	native
শোনো	sh O n O	native
শোপিস	sh O p i sh	native
শোপিসের	sh O p i sh e r	native
শোবার	sh O b a r	native
শোবিজ	sh O b i j	native
শোবিজস্পাই	sh O b i j o s p a i	loanword
শোবিজে	sh O b i j e	native
শোবিজের	sh O b i j e r	native
শোভন	sh O bh O n	native
শোভনকে	sh O bh o n k e	native
শোভনদেব	sh O bh o n d e b	native
শোভনা	sh O bh o n a	native
শোভনিয়	sh O bh o n i y o	native
শোভনের	sh O bh O n e r	native
শোভমান	sh O bh o m a n	native
শোভা	sh O bh a	native
শোভাজাত্রা	sh O bh a j a tr a	native
শোভাজাত্রাও	sh O bh a j a tr a O	native
শোভাজাত্রাকে	sh O bh a j a tr a k e	native
শোভাজাত্রাটি	sh O bh a j a tr a T i	native
শোভাজাত্রার	sh O bh a j a tr a r	native
শোভাজাত্রাসহ	sh O bh a j a tr a sh o h O	native
শোভাজাত্রায়	sh O bh a j a tr a y	native
শোভাঞ্জন	sh O bh a n j o n	native
শোভাবর্ধক	sh O bh a b o r dh o k	native
শোভাবর্ধন	sh O bh a b o r dh o n o	native
শোভাবর্ধনকারি	sh O bh a b o r dh O n k a r i	compound
শোভারামপুর	sh O bh a r a m p u r	native
শোর	sh O r	native
শোরগোলের	sh O r g O l e r	native
শোরব্যাংক	sh O r b A ng k	loanword
শোরা	sh O r a	native
শোরুম	sh O r u m	native
শোরুমটির	sh O r u m o T i r	native
শোরুমে	sh O r u m e	native
শোরুমের	sh O r u m e r	native
শোর্ড	sh O r D	native
শোলআনা	sh O l O a n a	native
শোলই	sh O l O i	native
শোলক	sh O l o k	native
শোলকবহর	sh O l o k b o h o r	native
শোলঘর	sh O l O gh o r	native
শোলতে	sh O l O t e	native
শোলশহর	sh O l O sh o h O r	native
শোলা	sh O l a	native
শোলাকিয়া	sh O l a k i y a	native
শোলাকিয়ায়	sh O l a k i y a y	native
শোলার	sh O l a r	native
শট্কর্ম	sh o T k o r m O	native
শট্কর্মা	sh o T k o r m a	native
শট্কোন	sh o T k O n	native
শট্চক্র	sh o T ch o kr O	native
শট্চক্রভেদ	sh o T ch o kr O bh e d	native
শট্চত্বারিংশৎ	sh o T ch o t t a r i ng sh o t	tatsama
শট্পঞ্চাশৎ	sh o T p o n ch a sh o t	native
শট্পদ	sh o T p o d O	native
শট্প্রজ্ঞ	sh o T pr O g g O	tatsama
শট্শাস্ত্র	sh o T sh a st r O	native
শট্সপ্ততি	sh o T sh o p t O t i	native
শট্সপ্ততিতম	sh o T sh o p t O t i t o m O	native
শন্ড	sh o n D O	native
শন্ডা	sh o n D a	native
শন্ঢ	sh o n Dh O	native
শন্নবতি	sh o nn o b O t i	native
শন্মাস	sh o n m a sh	native
শশ্টি	sh O sh T i	native
শশ্টিকান্ন	sh O sh T i k a nn O	native
শশ্টিক্য	sh O sh T i k k O	native
শশ্ঠকের	sh o sh Th o k e r	native
শশ্ঠত	sh o sh Th o t o	native
শশ্ঠদশ	sh o sh Th o d o sh	native
শশ্ঠবার	sh o sh Th o b a r	native
শশ্ঠাংশ	sh o sh Th a ng sh O	native
শাইট	sh a i T	native
শাটগুম্বজ/গম্বুজ	sh a T o g u mb o j g r o mb u j m O sh j i d	compound
শাটজনের	sh a T j o n e r	native
শাটি	sh a T i	native
শাটে	sh a T e	native
শান্মাসিক	sh a n m a sh i k	native
শাড়	sh a r	native
শাড়াশাড়ি	sh a r a sh a r i	native
শাড়ের	sh a r e r	native
শিড়্গ	sh i r g O	native
শোউক্ল্য	sh O u kl O	native
শোউখিনতা	sh O u kh i n o t a	native
শোউনক	sh O u n O k	native
শোউনিক	sh O u n i k	native
শোউন্ড	sh O u n D O	native
শোউভিক	sh O u bh i k	native
শোউরসেন	sh O u r o sh e n	native
শোউরি	sh O u r i	native
শোউর্যে	sh O u r j e	native
শোউর্যের	sh O u r j e r	native
শোউলা	sh O u l a	native
শোলকলা	sh O l o k o l a	native
শোলশহরে	sh O l o sh o h o r e	native
শোলশহরের	sh O l o sh o h o r e r	native
শোলো	sh O l O	native
শোলোআনা	sh O l O a n a	native
শোলোআনাই	sh O l O a n a i	native
শোলোই	sh O l O i	native
শোলোকলা	sh O l O k o l a	native
শোলোতে	sh O l O t e	native
শোলোর	sh O l O r	native
শোলোশহর	sh O l O sh o h o r	native
শোলোশহরের	sh O l O sh o h o r e r	native
শোলোয়	sh O l O y o	native
শোল্লা	sh O l l a	native
শোশ	sh O sh	native
শোশক	sh O sh o k	native
শোশকদের	sh O sh o k d e r	native
শোশন	sh O sh o n	native
শোশনমুক্ত	sh O sh o n m u kt o	native
শোশনমুক্তি	sh O sh o n m u kt i	native
শোশনমুলক	sh O sh o n m u l o k	native
শোশনহিন	sh O sh o n h i n	native
শোশনে	sh O sh o n e	native
শোশনের	sh O sh O n e r	native
শোশিত	sh O sh i t O	native
শোশিতের	sh O sh i t e r	native
শোসহ	sh O sh o h O	native
শোহই	sh O h o i	native
শোহা	sh O h a	native
শোহায়ল	sh O h a y o l	native
শোহিনি	sh O h i n i	native
শোড়শ	sh O r O sh O sh	native
শোড়শক	sh O r O sh o k	native
শোড়শাংঘ্রি	sh O r O sh a ng gh r i	native
শোড়শাংশু	sh O r o sh a ng sh u	native
শোড়শার	sh O r O sh a r	native
শোয়াইব	sh O y a i b	native
শোয়ানো	sh O y a n O	native
শোয়াবের	sh O y a b e r	native
শোয়ার	sh O y a r	native
শোয়ারি	sh O y a r i	native
শোয়ার্জনেগার	sh O y a r j n e g a r	native
শোয়ার্জার	sh O y a r j a r	native
শোয়ার্জেনিগার	sh O y a r j e n i g a r	compound
শোয়ার্জেনেগার	sh O y a r j e n e g a r	compound
শোয়াস	sh O y a sh o	native
শোয়ে	sh O y e	native
শোয়েনস্টাইগার	sh O y e n s T a i g a r	loanword
শোয়েনস্টাইগারকে	sh O y e n s T a i g a r k e	loanword
শোয়েনস্টাইগারের	sh O y e n s T a i g a r e r	loanword
শোয়েনস্টেইগার	sh O y e n s T e i g a r	loanword
শোয়েব	sh O y e b	native
শোয়েবকে	sh O y e b k e	native
শোয়েবের	sh O y e b e r	native
শোয়ের	sh O y e r	native
শ্টক	s T o k	loanword
শ্টিম	s T i m	loanword
শ্টিমার	s T i m a r	loanword
শ্টিল	s T i l	loanword
শ্টুপিড	s T u p i D	loanword
শ্টেজ	s T e j	loanword
শ্টেট	s T e T	loanword
শ্টোভ	s T O bh	loanword
শ্টোর	s T O r	loanword
শ্ট্যান্ডার্ড	sh T A n D a r D	compound
শ্ট্যাম্প	s T A mp	loanword
শ্ট্রিট	s T r i T	loanword
শ্ট্রিটে	s T r i T e	loanword
শ্ঠ	sh Th o	native
শ্ঠিবন	i sh Th i b o n	native
শ্ব	sh o h	tatsama
শ্বদন্ত	sh o d o nt O	tatsama
শ্ববৃত্তি	sh o b ri tt i	tatsama
শ্বশুরকে	sh O sh u r k e	tatsama
শ্বশুরপক্ষের	sh o sh u r p o kkh e r	tatsama
শ্বশুরবাড়িতে	sh b o sh u r b a r i t e	tatsama
শ্বশুরবাড়িতেও	sh b o sh u r b a r i t e O	tatsama
শ্বশুরবাড়ির	sh b o sh u r o b a r i r	tatsama
শ্বশুরালয়ে	sh b o sh u r a l o y e	tatsama
শ্বশুরের	sh O sh u r e r	tatsama
শ্বা	sh a	tatsama
শ্বাপদ	sh a p o d	tatsama
শ্বাপদের	sh b a p o d e r	tatsama
শ্বাস	sh a sh	tatsama
শ্বাসকশ্ট	sh a sh k o sh T O	tatsama
শ্বাসকশ্টজনিত	sh a sh k o sh T O j O n i t O	tatsama
শ্বাসকশ্টসহ	sh a sh k o sh T O sh o h O	tatsama
শ্বাসকশ্টে	sh a sh k o sh T e	tatsama
শ্বাসকশ্টের	sh a sh k o sh T e r	tatsama
শ্বাসকার্যে	sh a sh k a r j e	tatsama
শ্বাসজন্ত্র	sh a sh j o nt r O	tatsama
শ্বাসজন্ত্রের	sh a sh j o nt r e r	tatsama
শ্বাসতন্ত্রে	sh b a sh t o nt r e	tatsama
শ্বাসতন্ত্রের	sh a sh t o nt r e r	tatsama
শ্বাসনালি	sh a sh n a l i	tatsama
শ্বাসনালিতে	sh a sh n a l i t e	tatsama
শ্বাসনালির	sh a sh n a l i r	tatsama
শ্বাসপ্রশ্বাস	sh a sh pr O sh sh a sh	tatsama
শ্বাসপ্রশ্বাসের	sh a sh pr O sh sh a sh e r	tatsama
শ্বাসমুল	sh a sh m u l	tatsama
শ্বাসমুলিয়	sh b a sh m u l i y	tatsama
শ্বাসরুদ্ধ	sh a sh r u d dh O	tatsama
শ্বাসরোধ	sh a sh r O dh	tatsama
শ্বাসের	sh a sh e r	tatsama
শ্মশানঘাট	sh o sh a n gh a T	native
শ্মশানঘাটে	sh o sh a n gh a T e	native
শ্মশানটি	sh m o sh a n T i	native
শ্মশানে	sh o sh a n e	native
শ্মশানের	sh o sh a n e r	native
শ্মশ্রুমন্ডিত	sh m o sh r u m o n D i t o	compound
শ্মাশ্রু	sh O sh r u	native
শ্যন	sh j o n	native
শ্যাংল	sh A ng o l	native
শ্যাংাত	sh A ng g a t	native
শ্যাওলা	sh A O l a	native
শ্যাওড়াপাড়ার	sh A O r a p a r a r	native
শ্যাকরা	sh A k r a	native
শ্যানেল	sh A n e l	native
শ্যানেলের	sh A n e l e r	native
শ্যাপিরো	sh A p i r O	native
শ্যাভেজ	sh A bh e j	native
শ্যাভেজের	sh A bh e j e r	native
শ্যাম	sh A m	native
শ্যামকুড়	sh A m k u r	native
শ্যামগঞ্জ	sh A m g o n j o	native
শ্যামনগর	sh A m n o g O r	native
শ্যামনগরে	sh A m n o g O r e	native
শ্যামপুর	sh A m p u r	native
শ্যামপুরে	sh A m p u r e	native
শ্যামপুরের	sh A m p u r e r	native
শ্যামবাজার	sh A m b a j a r	native
শ্যামবাজারে	sh A m b a j a r e	native
শ্যামবাজারের	sh A m b a j a r e r	native
শ্যামর	sh A m O r	native
শ্যামল	sh A m O l	native
শ্যামলকে	sh A m o l k e	native
শ্যামলদের	sh A m o l d e r	native
শ্যামলা	sh A m l a	native
শ্যামলাল	sh A m l a l	native
শ্যামলি	sh A m o l i	native
শ্যামলিতে	sh A m o l i t e	native
শ্যামলিপাড়া	sh A m o l i p a r a	native
শ্যামলির	sh A m o l i r	native
শ্যামলে	sh A m o l e	native
শ্যামলের	sh A m O l e r	native
শ্যামসুন্দর	sh A m sh u nd O r	native
শ্যামা	sh A m a	native
শ্যামাংগ	sh A m a ng g	native
শ্যামাক	sh A m a k	native
শ্যামাচরন	sh A m a ch o r o n	native
শ্যামাপুজা	sh A m a p u j a	native
শ্যামার	sh A m a r	native
শ্যামায়মান	sh A m a y o m a n	native
শ্যাম্পুও	sh A mp u	native
শ্যাম্পুতে	sh A mp u t e	native
শ্যাম্পুর	sh A mp u r	native
শ্যাম্পেন	sh A mp e n	native
শ্যাম্পেনের	sh A mp e n e r	native
শ্যারন	sh A r O n	native
শ্যাল	sh A l	native
শ্যালকের	sh A l O k e r	native
শ্যালা	sh a l a	native
শ্যালিকাকে	sh A l i k a k e	native
শ্যালিকার	sh A l i k a r	native
শ্যালো	sh A l O	native
শ্যালোইঞ্জিন	sh A l O i n j i n	loanword
শ্যালোইঞ্জিনচালিত	sh A l O i n j i n ch a l i t o	compound
শ্যালোমেশিন	sh A l O m e sh i n	loanword
শ্যাশ	sh A sh	native
শ্যাশে	sh A sh e	native
শ্যুট	sh u T	loanword
শ্যুটআউটে	sh u T a u T e	loanword
শ্যুটার	sh u T a r	loanword
শ্যুটারগান	sh u T a r g a n	loanword
শ্যুটারদের	sh u T a r d e r	loanword
শ্যুটাররা	sh u T a r r a	loanword
শ্যুটারের	sh u T a r e r	loanword
শ্যুটিং	sh u T i ng	loanword
শ্যুটিংয়ে	sh u T i ng y e	loanword
শ্যুটিংয়ের	sh u T i ng y e r	loanword
শ্যোন	sh O n	native
শ্রদ্ধাও	sh r O d dh a O	tatsama
শ্রদ্ধাজ্ঞাপন	sh r o d dh a g A p o n	tatsama
শ্রদ্ধাঞ্জলি	sh r O d dh a n j O l i	tatsama
শ্রদ্ধাপুর্ন	sh r o d dh a p u r n o	tatsama
শ্রদ্ধাবনত	sh r o d dh a b o n t o	tatsama
শ্রদ্ধাবোধ	sh r O d dh a b O dh	tatsama
শ্রদ্ধাভাজন	sh r O d dh a bh a j O n	tatsama
শ্রদ্ধার্ঘ	sh r O d dh a r gh o	tatsama
শ্রদ্ধার্ঘ্য	sh r O d dh a r gh O	tatsama
শ্রদ্ধাশিল	sh r O d dh a sh i l	tatsama
শ্রদ্ধাশিলতা	sh r o d dh a sh i l o t a	tatsama
শ্রদ্ধায়	sh r o d dh a y	tatsama
শ্রদ্ধেয়	sh r o d dh e y	tatsama
শ্রধ্ধাধান	sh r O d d a dh a n	native
শ্রফ	sh r o ph	native
শ্রফের	sh r o ph e r	native
শ্রবন	sh r o b o n	native
শ্রবনজন্ত্র	sh r o b o n j o nt r o	native
শ্রবনজোগ্য	sh r O b O n j O g g O	native
শ্রবনপ্রতিবন্ধি	sh r o b o n pr o t i b o ndh i	compound
শ্রবনপ্রতিবন্ধিদের	sh r o b o n pr o t i b o ndh i d e r	compound
শ্রবনপ্রতিবন্ধিরাও	sh r o b o n pr o t i b o ndh i r a O	compound
শ্রবনপ্রতিবন্ধিসহ	sh r o b o n pr o t i b o ndh i sh o h O	compound
শ্রবনশক্তি	sh r o b o n sh o kt i	native
শ্রবনশক্তির	sh r o b o n sh o kt i r	native
শ্রবনা	sh r O b O n a	native
শ্রবনে	sh r o b o n e	native
শ্রমকল্যান	sh r o m o k o l l a n	native
শ্রমকে	sh r O m k e	native
শ্রমঘন	sh r O m O gh o n O	native
শ্রমঘন্টা	sh r o m gh o n T a	native
শ্রমজিবি	sh r o m o j i b i	native
শ্রমজিবিদের	sh r o m o j i b i d e r	native
শ্রমজিবির	sh r o m o j i b i r	native
শ্রমজিবিরা	sh r o m o j i b i r a	native
শ্রমদক্ষতা	sh r o m o d o kkh o t a	tatsama
শ্রমন	sh r O m O n	native
শ্রমনিতি	sh r o m n i t i	native
শ্রমনিতিতে	sh r o m n i t i t e	native
শ্রমনিতির	sh r o m n i t i r	native
শ্রমনির্ভর	sh r o m n i r bh o r	native
শ্রমবাজার	sh r O m O b a j a r	native
শ্রমবাজারে	sh r O m O b a j a r e	native
শ্রমবাজারের	sh r O m O b a j a r e r	native
শ্রমবিশয়ক	sh r o m b i sh o y o k	native
শ্রমভিত্তিক	sh r o m bh i tt i k	native
শ্রমমজুরি	sh r o m o m o j u r	native
শ্রমমন্ত্রি	sh r o m m o nt r i	native
শ্রমমন্ত্রির	sh r o m m o nt r i r	native
শ্রমমান	sh r o m o m a n	native
শ্রমমানের	sh r o m o m a n e r	native
শ্রমমুল্য	sh r o m o m u l l o	native
শ্রমশক্তি	sh r o m O sh O kt i	native
শ্রমশক্তিকে	sh r o m o sh o kt i k e	native
শ্রমশক্তির	sh r O m O sh O kt i r	native
শ্রমসচিব	sh r o m sh o ch i b	native
শ্রমসাধ্য	sh r O m O sh a d dh O	native
শ্রমি	sh r O m i	native
শ্রমিকই	sh r O m i k i	native
শ্রমিককল্যান	sh r o m i k k o l l a n	native
শ্রমিককেও	sh r o m i k k e O	native
শ্রমিকদলিয়	sh r o m i k d o l i y	native
শ্রমিকদেরই	sh r o m i k d e r o i	native
শ্রমিকদেরও	sh r O m i k d e r O	native
শ্রমিকনেতা	sh r O m i k n e t a	native
শ্রমিকনেতাকে	sh r o m i k n e t a k e	native
শ্রমিকনেতাদের	sh r o m i k n e t a d e r	compound
শ্রমিকনেতার	sh r o m i k n e t a r	native
শ্রমিকনেতারা	sh r O m i k n e t a r a	native
শ্রমিকনেত্রি	sh r o m i k n e tr i	native
শ্রমিকপক্ষ	sh r o m i k p o kkh o	tatsama
শ্রমিকপক্ষের	sh r o m i k p o kkh e r	tatsama
শ্রমিকপ্রতি	sh r o m i k pr o t i	native
শ্রমিকবান্ধব	sh r o m i k b a ndh o b	native
শ্রমিকরা	sh r O m i k r a	native
শ্রমিকরাই	sh r O m i k r a i	native
শ্রমিকরাও	sh r O m i k r a O	native
শ্রমিকশ্রেনিকে	sh r o m i k sh r e n i k e	compound
শ্রমিকশ্রেনির	sh r o m i k sh r e n i r	compound
শ্রমিকসংকটের	sh r o m i k sh o ng k o T e r	native
শ্রমিকসহ	sh r O m i k sh o h O	native
শ্রমিকের	sh r O m i k e r	native
শ্রমিকেরাই	sh r o m i k e r a i	native
শ্রমিকেরাও	sh r O m i k e r a O	native
শ্রমের	sh r o m e r	native
শ্রমোপজিবি(–বিন্)	sh r O m O p O j i b i	compound
শ্রাদ্ধ	sh r a d dh O	tatsama
শ্রান্তি	sh r a nt i	native
শ্রাবক	sh r a b O k	native
শ্রাবন	sh r a b o n	native
শ্রাবনি	sh r a b o n i	native
শ্রাবনির	sh r a b o n i r	native
শ্রাবনে	sh r a b o n e	native
শ্রাবনের	sh r a b o n e r	native
শ্রাবন্তি	sh r a b o nt i	native
শ্রাবন্তিকে	sh r a b o nt i k e	native
শ্রাবন্তির	sh r a b o nt i r	native
শ্রাবিত	sh r a b i t O	native
শ্রি	sh r i	native
শ্রিকাইল	sh r i k a i l	native
শ্রিকান্ত	sh ri k a nt O	native
শ্রিকান্তের	sh ri k a nt e r	native
শ্রিকুমার	sh r i k u m a r	native
শ্রিকুমারের	sh r i k u m a r e r	native
শ্রিকৃশ্ন	sh ri k ri sh n O	tatsama
শ্রিকৃশ্নকির্তন	sh ri k ri sh n O k i r t O n	tatsama
শ্রিকৃশ্নকে	sh r i k r i sh n o k e	tatsama
শ্রিকৃশ্নের	sh ri k ri sh n e r	tatsama
শ্রিঘর	sh r i gh o r	native
শ্রিঘরে	sh r i gh o r e	native
শ্রিঘাট	sh r i gh a T	native
শ্রিচোইতন্য	sh r i ch O i t o n n o	native
শ্রিচোইতন্যদেব	sh r i ch O i t o n n o d e b	compound
শ্রিচোইতন্যদেবের	sh r i ch O i t o n n o d e b e r	compound
শ্রিচোইতন্যের	sh r i ch O i t o n n e r	compound
শ্রিজাংাল	sh r i j a ng g a l	native
শ্রিজুক্ত	sh r i j u kt O	native
শ্রিজ্ঞান	sh r i g g a n	tatsama
শ্রিত	sh r i t o	native
শ্রিদেবি	sh ri d e b i	native
শ্রিদেবিকে	sh ri d e b i k e	native
শ্রিদেবির	sh ri d e b i r	native
শ্রিধর	sh ri dh o r	native
শ্রিধরপুর	sh r i dh o r p u r	native
শ্রিধাম	sh r i dh a m	native
শ্রিনগর	sh ri n o g O r	native
শ্রিনগরসহ	sh r i n o g o r sh o h O	native
শ্রিনগরে	sh ri n o g O r e	native
শ্রিনগরের	sh ri n o g O r e r	native
শ্রিনদি	sh r i n o d i	native
শ্রিনাথ	sh r i n a th	native
শ্রিনি	sh r i n i	native
শ্রিনিকে	sh r i n i k e	native
শ্রিনিবাস	sh ri n i b a sh	loanword
শ্রিনিবাসন	sh ri n i b a sh O n	loanword
শ্রিনিবাসনকে	sh ri n i b a sh O n k e	loanword
শ্রিনিবাসনের	sh ri n i b a sh o n e r	loanword
শ্রিনির	sh ri n i r	native
শ্রিপুর	sh ri p u r	native
শ্রিপুরে	sh ri p u r e	native
শ্রিপুরের	sh ri p u r e r	native
শ্রিফলতলা	sh r i ph o l t o l a	native
শ্রিফলতলায়	sh r i ph o l t o l a y	native
শ্রিবরদি	sh r i b O r d i	native
শ্রিবর্দি	sh r i b o r d i	native
শ্রিবাস	sh r i b a sh	loanword
শ্রিবাস্তব	sh ri b a st O b	loanword
শ্রিবৃদ্ধি	sh ri b ri d dh i	tatsama
শ্রিভার	sh r i bh a r	native
শ্রিভারের	sh r i bh a r e r	native
শ্রিমংগল	sh r i m o ng g o l	native
শ্রিমংগলে	sh r i m o ng g o l e	native
শ্রিমংগলের	sh r i m o ng g o l e r	native
শ্রিমতি	sh ri m O t i	native
শ্রিমন্তপুর	sh r i m o nt o p u r	native
শ্রিমৎ	sh r i m o t	native
শ্রিরাধা	sh r i dh a r a	native
শ্রিরাম	sh ri r a m	native
শ্রিরামকাঠি	sh r i r a m k a Th i	native
শ্রিরামকৃশ্ন	sh r i r a m k i r sh n o	tatsama
শ্রিরামপুর	sh ri r a m p u r	native
শ্রিলংকা	sh ri l o ng k a	native
শ্রিলংকাই	sh r i l o ng k a i	native
শ্রিলংকাও	sh r i l o ng k a O	native
শ্রিলংকাকে	sh ri l o ng k a k e	native
শ্রিলংকাকেও	sh r i l o ng k a k e O	native
শ্রিলংকাতেও	sh r i l o ng k a t e O	native
শ্রিলংকান	sh r i l o ng k a n	native
শ্রিলংকানদের	sh r i l o ng k a n d e r	native
শ্রিলংকানরা	sh r i l o ng k a n r a	native
শ্রিলংকানের	sh r i l o ng k a n e r	native
শ্রিলংকার	sh ri l o ng k a r	native
শ্রিলংকারও	sh r i l o ng k a r O	native
শ্রিলংকাসহ	sh r i l o ng k a sh o h O	native
শ্রিলংকায়	sh r i l o ng k a y	native
শ্রিলংকায়ও	sh r i l o ng k a y O	native
শ্রিলং্কার	sh ri l O ng k a r	native
শ্রিলং্কায়	sh ri l o ng k a y o	native
শ্রিশান্ত	sh ri sh a nt O	native
শ্রিশান্তও	sh r i sh a nt o O	native
শ্রিশান্তকে	sh r i sh a nt o k e	native
শ্রিশান্তের	sh r i sh a nt e r o	native
শ্রিশ্রি	sh r i sh r i	native
শ্রিশ্রিজশোমাধবের	sh r i sh r i j sh O m a dh o b e r	compound
শ্রিহট্ট	sh r i h o T T o	native
শ্রিহিন	sh ri h i n	native
শ্রিয়েন	sh r i y e n	native
শ্রুত	sh r u t O	native
শ্রুতিক্ষিনতা	sh r u t i kh i n O t a	tatsama
শ্রুতিমধুর	sh r u t i m O dh u r	native
শ্রুতিমান	sh r u t i m a n	native
শ্রুতির	sh r u t i r	native
শ্রুতিলেখক	sh r u t i l e kh O k	native
শ্রুয়মান	sh r u y O m a n	native
শ্রোউত	sh r O u t O	native
শ্রোতব্য	sh r O t O b b O	native
শ্রোতা	sh r O t a	native
শ্রোতাকে	sh r O t a k e	native
শ্রোতাদের	sh r O t a d e r	native
শ্রোতাদেরও	sh r O t a d e r O	native
শ্রোতাপ্রিয়	sh r O t a pr i y o	native
শ্রোতাবন্ধু	sh r O t a b o ndh u	native
শ্রোতার	sh r O t a r	native
শ্রোতারা	sh r O t a r a	native
শ্রোতারাই	sh r O t a r a i	native
শ্রোতারাও	sh r O t a r a O	native
শ্রোত্র	sh r O tr O	native
শ্রোত্রিয়	sh r O tr i y O	native
শ্রয়েডিংগারের	sh r o y e D i ng g a r e r	compound
শ্লথ	sh l o th	native
শ্লথগতি	sh l o th g o t i	native
শ্লথগতির	sh l o th g o t i r	native
শ্লাঘা	sh l a gh a	native
শ্লাঘার	sh l a gh a r	native
শ্লিপদ	sh l i p o d O	native
শ্লিল	sh l i l	native
শ্লিলতাহানি	sh l i l o t a h a n i	native
শ্লিলতাহানির	sh l i l o t a h a n i r	native
শ্লিশ্ট	sh l i sh T O	native
শ্লোক	sh l O k	native
শ্লোকে	sh l O k e	native
শ্লোকের	sh l O k e r	native
শ্লোগান	sh l O g a n	native
শ্লোগানে	sh l O g a n e	native
শ্লোমো	sh l O m O	native
শড়ংগ	sh o r O ng g O	native
শড়ংগক	sh o r O ng g O k	native
শড়ংঘ্রি	sh o r O ng gh r i	native
শড়কা	sh o r k a	native
শড়কি	sh O r k i	native
শড়জন্ত্রই	sh o r o j o nt r o i	native
শড়জন্ত্রও	sh o r o j o nt r o O	native
শড়জন্ত্রকারি	sh o r o j o nt r o k a r i	native
শড়জন্ত্রকারিদের	sh o r o j o nt r o k a r i d e r o	compound
শড়জন্ত্রকারির	sh o r o j o nt r o k a r i r	compound
শড়জন্ত্রকারিরা	sh o r o j o nt r o k a r i r a	compound
শড়জন্ত্রকে	sh o r o j o nt r o k e	native
শড়জন্ত্রকেই	sh o r o j o nt r o k e i	native
শড়জন্ত্রটি	sh o r o j o nt r o T i	native
শড়জন্ত্রতত্ত্বের	sh o r o j o nt r o t o tr e r	tatsama
শড়জন্ত্রমুলক	sh o r o j o nt r o m u l o k	native
শড়জন্ত্রমুলকভাবে	sh o r o j o nt r o m u l o k bh a b e	compound
শড়জন্ত্রসহ	sh o r o j o nt r o sh o h O	native
শড়জন্ত্রে	sh o r o j o nt r e	native
শড়জন্ত্রের	sh o r o j o nt r e r	native
শড়জন্ত্রেরই	sh o r o j o nt r o r o i	native
শড়রিতুর	sh o r o r i t u r	native
শড়শিতি	sh o r O sh i t i	native
শড়া	sh o r a	native
শড়ানন	sh o r a n o n	native
শড়াম্নায়	sh o r a m n a y	native
শড়ায়তন	sh o r a y t o n	native
শড়ায়তনের	sh o r a y t o n e r	native
শড়োইশ্বর্য	sh o r O i sh sh o r j O	tatsama
শয়তান	sh o y t a n	native
শয়তানকে	sh o y o t a n k e	native
শয়তানি	sh o y o t a n i	native
শয়তানে	sh o y o t a n e	native
শয়তানের	sh o y o t a n e r	native
শয়ন	sh o y O n	native
শয়নকক্ষ	sh o y o n k o kkh o	tatsama
শয়নকক্ষে	sh o y o n k o kkh e	tatsama
শয়নকক্ষের	sh o y o n k o kkh e r	tatsama
শয়ালু	sh o y a l u	native
শয়ে	sh o y e	native
শয়ের	sh o y e r	native
স	sh o	native
সংকট	sh o ng k o T	native
সংকটই	sh o ng k o T i	native
সংকটও	sh o ng k o T O	native
সংকটকাল	sh o ng k o T k a l o	native
সংকটকালিন	sh o ng k o T k a l i n	native
সংকটকালে	sh o ng k O T k a l e	native
সংকটকে	sh o ng k O T k e	native
সংকটগুলো	sh o ng k o T g u l O	native
সংকটজনক	sh o ng k o T j o n o k	native
সংকটটা	sh o ng k o T T a	native
সংকটপুর্ন	sh o ng k o T p u r n o	native
সংকটমুক্ত	sh o ng k o T m u kt o	native
সংকটময়	sh o ng k o T m o y	native
সংকটসংকুল	sh o n k o T sh o ng k u l	native
সংকটসহ	sh o ng k o T sh o h O	native
সংকটাপন্ন	sh o ng k O T a p o nn O	native
সংকটাপুর্ন	sh o ng k o T a p u r n o	native
সংকটে	sh o ng k O T e	native
সংকটেই	sh o ng k o T e i	native
সংকটেরই	sh o ng k o T e r i	native
সংকরায়ন	sh o ng k o r a y o n	native
সংকরায়নের	sh o ng k o r a y o n e r	native
সংকরায়িত	sh o ng k o r a y i t o	native
সংকর্ষন	sh o ng k o r sh o n	native
সংকলক	sh o ng k o l o k	native
সংকলনগুলো	sh o ng k o l o n g u l O	native
সংকলনটি	sh o ng k o l o n T i	native
সংকলনটির	sh o ng k o l o n T i r	native
সংকলনে	sh o ng k O l o n e	native
সংকলনের	sh o ng k o l O n e r	native
সংকলিত	sh o ng k O l i t O	native
সংকল্পবদ্ধ	sh o ng k o l p O b o d dh O	tatsama
সংকল্পে	sh o ng k o l o p e	native
সংকল্পের	sh o ng k o l p e r	native
সংকাশ	sh o ng k a sh	native
সংকির্তন	sh o ng k i r t o n	native
সংকির্ন	sh o ng k i r n O	native
সংকির্নতা	sh o ng k i r n o t a	native
সংকির্নতাকে	sh o ng k i r n o t a k e	native
সংকির্নতার	sh o ng k i r n o t a r	native
সংকির্নভাবে	sh o ng k i r n o bh a b e	native
সংকির্নমনা	sh o ng k i r n o m o n a	native
সংকুচিত	sh o ng k u ch i t o	native
সংকুল	sh o ng k u l	native
সংকুলানমুলক	sh o ng k u l a n m u l o k	native
সংকুলানের	sh o ng k u l a n e r	native
সংকেতই	sh o ng k e t i	native
সংকেতগুলো	sh o ng k e t g u l O	native
সংকেতবাতি	sh o ng k e t b a t i	native
সংকেতব্যবস্থা	sh o ng k e t b j o b o sth a	compound
সংকেতাবদ্ধ	sh o ng k e t a b o d dh o	tatsama
সংকেতে	sh o ng k e t e	native
সংকোচন	sh o ng k O ch O n	native
সংকোচনকে	sh o ng k O ch o n k e	native
সংকোচননিতি	sh o ng k O ch o n n i t i	native
সংকোচনমুলক	sh o ng k O ch o n m u l o k	native
সংকোচনে	sh o ng k O ch o n e	native
সংকোচনের	sh o ng k O ch O n e r	native
সংকোচবোধ	sh o ng k O ch b O dh	native
সংকোচিত	sh o ng k O ch i t o	native
সংকোচের	sh o ng k O ch e r	native
সংক্রমনজনিত	sh o ng kr O m O n j O n i t O	native
সংক্রমনে	sh o ng kr O m O n e	native
সংক্রমনের	sh o ng kr o m o n e r	native
সংক্রান্তি	sh o ng kr a nt i	native
সংক্রান্তিতে	sh o ng kr a nt i t e	native
সংক্রান্তির	sh o ng kr a nt i r	native
সংক্রান্তে	sh o ng kr a nt e	native
সংক্রাম	sh o ng kr a m	native
সংক্রামক	sh o ng kr a m O k	native
সংক্রামিত	sh o ng kr a m i t O	native
সংক্রুদ্ধ	sh o ng kr u d dh o	tatsama
সংক্ষিপ্ততম	sh o ng kh i p t O t o m O	tatsama
সংক্ষিপ্তভাবে	sh o ng kh i p t O bh a b e	tatsama
সংক্ষিপ্তসার	sh O ng kh i p t O sh a r	tatsama
সংক্ষিপ্তসারে	sh o ng kh i p t O sh a r e	tatsama
সংক্ষুব্ধ	sh o ng kh u b dh O	tatsama
সংক্ষুব্ধতা	sh o ng kkh u b dh o t a	tatsama
সংক্ষেপ	sh o ng kh e p	tatsama
সংক্ষেপন	sh o ng kh e p O n	tatsama
সংক্ষেপিত	sh o ng kkh e p i t o	tatsama
সংক্ষেপে	sh o ng kh e p e	tatsama
সংক্ষোভ	sh o ng kh O bh	tatsama
সংখ্যক	sh o ng kh o k	native
সংখ্যাই	sh o ng kh a i	native
সংখ্যাও	sh o ng kh a O	native
সংখ্যাগত	sh o ng kh a g o t O	native
সংখ্যাগরিশ্ঠ	sh o ng kh a g o r i sh Th o	native
সংখ্যাগরিশ্ঠতা	sh o ng kh a g o r i sh Th o t a	compound
সংখ্যাগরিশ্ঠতার	sh o ng kh a g o r i sh Th o t a r	compound
সংখ্যাগরিশ্ঠতায়	sh o ng kh a g o r i sh Th o t a y	compound
সংখ্যাগরিশ্ঠের	sh o ng kh a g o r i sh Th e r	compound
সংখ্যাগুরুর	sh o ng kh A g o u r u r	native
সংখ্যাগুলো	sh o ng kh a g u l O	native
সংখ্যাগুলোর	sh o ng kh a g u l O r	native
সংখ্যাটা	sh o ng kh a T a	native
সংখ্যাটাও	sh o ng kh a T a O	native
সংখ্যাটাকে	sh o ng kh a T a k e	native
সংখ্যাটির	sh o ng kh a T i r	native
সংখ্যাতত্ত্ব	sh o ng kh a t o tt O	tatsama
সংখ্যাতাত্ত্বিক	sh o ng kh a t a tt i k	tatsama
সংখ্যাতিরিক্ত	sh o ng kh a t i r i kt o	compound
সংখ্যাতেই	sh o ng kh a t e i	native
সংখ্যাধিক্য	sh o ng kh a dh i k k O	native
সংখ্যাধিক্যের	sh o ng kh a dh i k k e r	compound
সংখ্যানুপাতে	sh o ng kh a n u p a t e	native
সংখ্যাপন	sh O ng kh a p O n	native
সংখ্যাবাচক	sh o ng kh a b a ch O k	native
সংখ্যার	sh o ng kh a r	native
সংখ্যালঘিশ্ঠ	sh o ng kh a l o gh i sh Th o	native
সংখ্যালঘিশ্ঠের	sh o ng kh a l o gh i sh Th e r	compound
সংখ্যালঘু	sh o ng kh a l o gh u	native
সংখ্যালঘুকে	sh o ng kh a l o gh u k e	native
সংখ্যালঘুতে	sh o ng kh a l o gh u t e	native
সংখ্যালঘুবিশয়ক	sh o ng kh a l o gh u b i sh o y o k	compound
সংখ্যালঘুরা	sh o ng kh a l O gh u r a	native
সংখ্যাসহ	sh o ng kh a sh o h O	native
সংখ্যাহিন	sh o ng kh a h i n o	native
সংখ্যায়	sh o ng kh a y	native
সংগ	sh o ng g O	native
সংগই	sh o ng g o i	native
সংগও	sh o ng g o O	native
সংগঠক	sh o ng g o Th O k	native
সংগঠককে	sh o ng g o Th o k k e	native
সংগঠকদের	sh o ng g o Th o k d e r	native
সংগঠকসহ	sh o ng g o Th o k sh o h O	native
সংগঠকের	sh o ng g o Th O k e r	native
সংগঠকেরা	sh o ng g o Th o k e r a	native
সংগঠন	sh o ng g o Th O n	native
সংগঠনই	sh o ng g o Th O n i	native
সংগঠনকে	sh o ng g O Th O n k e	native
সংগঠনকেও	sh o ng g o Th o n o k e	native
সংগঠনগুলোও	sh o ng g o Th O n g u l O O	native
সংগঠনগুলোকেও	sh o ng g o Th o n g u l O k e O	native
সংগঠনগুলোতে	sh o ng g o Th o n g u l O t e	native
সংগঠনটি	sh o ng g o Th O n T i	native
সংগঠনটিই	sh o ng g o Th o n T i i	native
সংগঠনটিকে	sh o ng g o Th O n T i k e	native
সংগঠনটিতে	sh o ng g o Th o n T i t e	native
সংগঠনটির	sh o ng g o Th o n T i r	native
সংগঠনবিরোধি	sh o ng g o Th o n b i r O dh i	native
সংগঠনসহ	sh o ng g o Th o n sh o h O	native
সংগঠনের	sh o ng g o Th O n e r	native
সংগঠনেরই	sh o ng g o Th o n e r o i	native
সংগঠনেরও	sh o ng g o Th o n e r o O	native
সংগঠিত	sh o ng g O Th i t O	native
সংগতভাবেই	sh o ng g o t o bh a b e i	native
সংগতি	sh o ng g o t i	native
সংগতিও	sh o ng g o t i O	native
সংগতিপুর্ন	sh o ng g o t i p u r n o	native
সংগতিপুর্নও	sh o ng g o t i p o u r n o O	native
সংগতির	sh o ng g o t i r	native
সংগদিল	sh o ng g o d i l	native
সংগনিরোধ	sh o ng g o n i r O dh	native
সংগম	sh o ng g o m	native
সংগি	sh o ng g i	native
সংগিকে	sh o ng g i k e	native
সংগিত	sh o ng g i t	native
সংগিতই	sh o ng g i t i	native
সংগিতও	sh o ng g i t O	native
সংগিতকে	sh o ng g i t k e	native
সংগিতচর্চা	sh o ng g i t ch o r ch a	native
সংগিতচর্চার	sh o ng g i t ch o r ch a r	native
সংগিতচর্চায়	sh o ng g i t ch o r ch a y	native
সংগিতজগতে	sh o ng g i t j o g o t e	native
সংগিতজগতের	sh o ng g i t j o g o t e r	native
সংগিতজিবনে	sh o ng g i t j i b o n e	native
সংগিতজিবনের	sh o ng g i t j i b o n e r	native
সংগিতজ্ঞ	sh o ng g i t o g g O	tatsama
সংগিতটি	sh o ng g i t o T i	native
সংগিততারকা	sh o ng g i t t a r o k a	native
সংগিতনির্ভর	sh o ng g i t n i r bh o r	native
সংগিতপরিচালক	sh o ng g i t p o r i ch a l o k	native
সংগিতপরিচালনা	sh O ng g i t p O r i ch a l O n a	compound
সংগিতপ্রতিভা	sh o ng g i t pr o t i bh a	native
সংগিতপ্রেমিদের	sh O ng g i t pr e m i d e r	compound
সংগিতবিশয়ক	sh o ng g i t b i sh o y o k	native
সংগিতব্যক্তিত্ব	sh o ng g i tw j o kt i t t o	tatsama
সংগিতশিল্পি	sh o ng g i t sh i l p i	native
সংগিতশিল্পিদের	sh o ng g i t sh i l p i d e r	compound
সংগিতশিল্পির	sh o ng g i t sh i l p i r	native
সংগিতশিল্পিরা	sh o ng g i t sh i l p i r a	compound
সংগিতশিল্পের	sh o ng g i t sh i l p e r	native
সংগিতসহ	sh o ng g i t sh o h O	native
সংগিতস্রশ্টা	sh o ng g i t sh r o sh T a	native
সংগিতা	sh o ng g i t a	native
সংগিতাংগন	sh o ng g i t a ng g o n	native
সংগিতাংগনে	sh o ng g i t a ng g o n e	native
সংগিতাংগনের	sh o ng g i t a ng g o n e r	native
সংগিতানুশ্ঠান	sh o ng g i t a n u sh Th a n	compound
সংগিতানুশ্ঠানে	sh o ng g i t a n u sh Th a n e	compound
সংগিতানুশ্ঠানের	sh o ng g i t a n u sh Th a n e r	compound
সংগিতার	sh o ng g i t a r	native
সংগিতায়োজক	sh o ng g i t a y O j o k	native
সংগিতায়োজন	sh o ng g i t a y O j o n	native
সংগিতায়োজনে	sh o ng g i t a y O j o n e	native
সংগিতায়োজনের	sh o ng g i t a y O j o n e r	native
সংগিতি	sh O ng g i t i	native
সংগিতে	sh o ng g i t e	native
সংগিতেও	sh o ng g i t e O	native
সংগিতের	sh o ng g i t e r	native
সংগিদের	sh o ng g i d e r	native
সংগিদেরও	sh o ng g i d e r O	native
সংগিন	sh o ng g i n	native
সংগিনি	sh o ng g i n i	native
সংগিনিকে	sh o ng g i n i k e	native
সংগিনির	sh o ng g i n i r	native
সংগির	sh o ng g i r	native
সংগিরা	sh o ng g i r a	native
সংগিরাও	sh o ng g i r a O	native
সংগিসহ	sh o ng g i sh o h O	native
সংগিহিন	sh o ng g i h i n	native
সংগুপ্ত	sh o ng g u p t o	native
সংগৃহিত	sh o ng g ri h i t O	tatsama
সংগে	sh o ng g e	native
সংগেই	sh o ng g e i	native
সংগেও	sh o ng g e O	native
সংগের	sh o ng g e r	native
সংগ্রহ	sh o ng gr O h O	native
সংগ্রহই	sh o ng gr o h o i	native
সংগ্রহও	sh o ng gr O h o O	native
সংগ্রহকারি	sh o ng gr O h O k a r i	native
সংগ্রহকারিদের	sh o ng gr o h o k a r i d e r	compound
সংগ্রহকারির	sh o ng gr o h o k a r i r	native
সংগ্রহকারিরা	sh o ng gr O h O k a r i r a	native
সংগ্রহকে	sh o ng gr o h o k e	native
সংগ্রহগুলো	sh o ng gr o h o g u l O	native
সংগ্রহটাকে	sh o ng gr o h o T a k e	native
সংগ্রহটি	sh o ng gr o h o T i	native
সংগ্রহমুল্য	sh o ng gr o h o m u l l o	native
সংগ্রহমুল্যের	sh o ng gr o h o m u l l e r	compound
সংগ্রহশালা	sh o ng gr O h O sh a l a	native
সংগ্রহশালাটি	sh o ng gr o h o sh a l a T i	native
সংগ্রহশালার	sh o ng gr O h O sh a l a r	native
সংগ্রহশালায়	sh o ng gr o h o sh a l a y	native
সংগ্রহসহ	sh o ng gr o h o sh o h O	native
সংগ্রহেও	sh o ng gr o h e O	native
সংগ্রহের	sh o ng gr O h e r	native
সংগ্রাম	sh o ng gr a m	native
সংগ্রামই	sh o ng gr a m i	native
সংগ্রামও	sh o ng gr a m O	native
সংগ্রামকে	sh o ng gr a m k e	native
সংগ্রামমুখর	sh o ng gr a m m u kh o r	native
সংগ্রামরত	sh o ng gr a m r o t o	native
সংগ্রামসহ	sh o ng gr a m sh o h O	native
সংগ্রামি	sh o ng gr a m i	native
সংগ্রামিদের	sh o ng gr a m i d e r	native
সংগ্রামির	sh o ng gr a m i r	native
সংগ্রামে	sh o ng gr a m e	native
সংগ্রামেও	sh o ng gr a m e O	native
সংগ্রামের	sh o ng gr a m e r	native
সংগ্রাহক	sh o ng gr a h O k	native
সংগ্রাহকদের	sh o ng gr a h O k d e r	native
সংগ্রাহকেরা	sh o ng gr a h o k e r a	native
সংঘ	sh o ng gh O	native
সংঘগুলোর	sh o ng gh o g u l O r o	native
সংঘটক	sh o ng gh o T O k	native
সংঘটন	sh o ng gh o T O n	native
সংঘটনকারিদের	sh o ng gh o T o n k a r i d e r	native
সংঘটনে	sh o ng gh o T O n e	native
সংঘটনের	sh o ng gh o T O n e r	native
সংঘবদ্ধ	sh o ng gh o b o d dh o	tatsama
সংঘবদ্ধভাবে	sh o ng gh O b o d dh O bh a b e	tatsama
সংঘবিধি	sh o ng gh o b i dh i	native
সংঘবিধিতে	sh o ng gh o b i dh i t e	native
সংঘরাজ	sh o ng gh o r a j	native
সংঘর্ষই	sh o ng gh o r sh o i	native
সংঘর্ষও	sh o ng gh o r sh O O	native
সংঘর্ষকালে	sh o ng gh o r sh O k a l e	native
সংঘর্ষকে	sh o ng gh o r sh o k e	native
সংঘর্ষজনিত	sh o ng gh o r sh o j o n i t o	native
সংঘর্ষটি	sh o ng gh o r sh o T i	native
সংঘর্ষপ্রবন	sh o ng gh o r sh o p o r b o n	native
সংঘর্ষে	sh o ng gh o r sh e	native
সংঘর্ষেই	sh o ng gh o r sh e i	native
সংঘর্ষেও	sh o ng gh o r sh e O	native
সংঘর্ষের	sh o ng gh o r sh e r	native
সংঘর্েশ	sh o ng gh o r sh e	native
সংঘসহ	sh o ng gh o sh o h O	native
সংঘস্মারক	sh o ng gh o sh m a r o k	native
সংঘস্মারকে	sh o ng gh o sh m a r o k e	native
সংঘাতই	sh o ng gh a t o i	native
সংঘাতকে	sh o ng gh a t k e	native
সংঘাতপুর্ন	sh o ng gh a t p u r n O	native
সংঘাতমুক্ত	sh o ng gh a t m u kt o	native
সংঘাতমুখর	sh o ng gh a t m u kh o r	native
সংঘাতমুলক	sh o ng gh a t m u l o k	native
সংঘাতময়	sh o ng gh a t m o y o	native
সংঘাতে	sh o ng gh a t e	native
সংঘারাম	sh o ng gh a r a m	native
সংঘৃশ্ট	sh o ng gh r i sh T o	tatsama
সংঘে	sh o ng gh e	native
সংঘের	sh o ng gh e r	native
সংচিত্রিত	sh o ng ch i tr i t O	native
সংজত	sh o ng j o t O	native
সংজতভাবে	sh o ng j o t o bh a b e	native
সংজম	sh o ng j o m	native
সংজমি	sh o ng j o m i	native
সংজমের	sh o ng j o m e r	native
সংজাত	sh o ng j a t O	native
সংজাত্রা	sh o ng j a tr a	native
সংজান	sh o ng j a n	native
সংজুক্ত	sh o ng j u kt O	native
সংজুক্তা	sh o ng j u kt a	native
সংজুক্তি	sh o ng j u kt i	native
সংজুক্তিতে	sh o ng j u kt i t e	native
সংজুক্তির	sh o ng j u kt i r	native
সংজোগ	sh o ng j O g	native
সংজোগই	sh o ng j O g i	native
সংজোগও	sh o ng j O g O	native
সংজোগকর	sh o ng j O g k o r	native
সংজোগকারি	sh o ng j O g k a r i	native
সংজোগকারিদের	sh o ng j O g k a r i d e r	native
সংজোগগুলো	sh o ng j O g g u l O	native
সংজোগগুলোর	sh o ng j O g g u l O r	native
সংজোগটি	sh o ng j O g T i	native
সংজোগদাতা	sh o ng j O g d a t a	native
সংজোগসহ	sh o ng j O g sh o h O	native
সংজোগস্থল	sh o ng j O g sth o l	native
সংজোগস্থলে	sh o ng j O g sth o l e	native
সংজোগস্থলের	sh o ng j O g sth o l e r	native
সংজোগসড়ক	sh o ng j O g sh o r o k	native
সংজোগি	sh o ng j O g i	native
সংজোগে	sh o ng j O g e	native
সংজোগের	sh o ng j O g e r	native
সংজোজক	sh o ng j O j O k	native
সংজোজন	sh o ng j O j o n	native
সংজোজনও	sh o ng j O j o n O	native
সংজোজনকারি	sh o ng j O j o n k a r i	native
সংজোজনটি	sh o ng j O j o n T i	native
সংজোজনসহ	sh o ng j O j o n sh o h O	native
সংজোজনি	sh o ng j O j o n i	native
সংজোজনে	sh o ng j O j o n e	native
সংজোজনের	sh o ng j O j o n e r	native
সংজোজিত	sh o ng j O j i t O	native
সংজ্ঞাই	sh o ng g a i	tatsama
সংজ্ঞাও	sh o ng g a O	tatsama
সংজ্ঞাটা	sh o ng g a T a	tatsama
সংজ্ঞাটাই	sh o ng g a T a i	tatsama
সংজ্ঞাটি	sh o ng g a T i	tatsama
সংজ্ঞাপন	sh o ng g a p O n	tatsama
সংজ্ঞার	sh o ng g a r	tatsama
সংজ্ঞাসহ	sh o ng g a sh o h O	tatsama
সংজ্ঞাহিন	sh o ng g a h i n	tatsama
সংজ্ঞায়	sh o ng g a y	tatsama
সংজ্ঞায়ন	sh o ng g a y o n	tatsama
সংজ্ঞায়িত	sh o ng g a y i t o	tatsama
সংনমন	sh o ng n o m O n	native
সংপুট	sh o ng p u T	native
সংপৃক্ত	sh o ng p r i kt O	tatsama
সংবরন	sh o ng b o r o n	native
সংবর্ত	sh o ng b o r t O	native
সংবর্ধক	sh o ng b o r dh O k	native
সংবর্ধনাই	sh o ng b o r dh o n a i	native
সংবর্ধনাও	sh o ng b O r dh O n a O	native
সংবর্ধনাকে	sh o ng b o r dh o n a k e	native
সংবর্ধনার	sh o ng b o r dh O n a r	native
সংবর্ধনাসহ	sh o ng b o r dh o n a sh o h O	native
সংবর্ধনায়	sh o ng b o r dh o n a y	native
সংবর্ধনায়ও	sh o ng b o r dh o n a y O	native
সংবলিত	sh o ng b O l i t O	native
সংবহ	sh o ng b o h O	native
সংবহন	sh o ng b O h O n	native
সংবাদ	sh o ng b a d	native
সংবাদই	sh o ng b a d i	native
সংবাদও	sh o ng b a d O	native
সংবাদকর্মি	sh o ng b a d k o r m i	native
সংবাদকর্মিও	sh o ng b a d k o r m i O	native
সংবাদকর্মিকে	sh o ng b a d k o r m i k e	native
সংবাদকর্মিদের	sh o ng b a d k o r m i d e r	compound
সংবাদকর্মির	sh o ng b a d k o r m i r	native
সংবাদকর্মিরা	sh o ng b a d k o r m i r a	native
সংবাদকর্মিরাও	sh o ng b a d k o r m i r a O	compound
সংবাদকর্মিসহ	sh o ng b a d k o r m i sh o h O	native
সংবাদকে	sh o ng b a d k e	native
সংবাদগুলোর	sh o ng b a d g u l O r	native
সংবাদটা	sh o ng b a d T a	native
সংবাদটি	sh o ng b a d T i	native
সংবাদটিতে	sh o ng b a d T i t e	native
সংবাদটির	sh o ng b a d T i r	native
সংবাদদাতা	sh o ng b a d d a t a	native
সংবাদদাতাকে	sh o ng b a d d a t a k e	native
সংবাদদাতাদের	sh o ng b a d d a t a d e r	native
সংবাদদাতার	sh o ng b a d d a t a r	native
সংবাদদাতারা	sh o ng b a d d a t a r a	native
সংবাদপত্রই	sh o ng b a d p o tr o i	native
সংবাদপত্রও	sh o ng b a d p o tr o O	native
সংবাদপত্রগুলোই	sh o ng b a d p o tr o g u l O i	compound
সংবাদপত্রগুলোও	sh o ng b a d p o tr o g u l O O	compound
সংবাদপত্রগুলোয়	sh o ng b a d p o tr o g u l O y o	compound
সংবাদপত্রটি	sh o ng b a d p o tr O T i	native
সংবাদপত্রবাহি	sh o ng b a d p o tr o b a h i	compound
সংবাদপত্রশিল্প	sh o ng b a d p o tr o sh i l p o	compound
সংবাদপত্রশিল্পকে	sh o ng b a d p o tr o sh i l p o k e	compound
সংবাদপত্রশিল্পে	sh o ng b a d p o tr o sh i l p e	compound
সংবাদপত্রশিল্পের	sh o ng b a d p o tr o sh i l p e r	compound
সংবাদপত্রসহ	sh o ng b a d p o tr o sh o h O	native
সংবাদপত্রে	sh o ng b a d p o tr e	native
সংবাদপত্রেই	sh o ng b a d p o tr e i	native
সংবাদপত্রেও	sh o ng b a d p o tr o O	native
সংবাদপত্রের	sh o ng b a d p o tr e r	native
সংবাদপত্রেরও	sh o ng b a d p o tr e r O	native
সংবাদপাঠক	sh o ng b a d p a Th o k	native
সংবাদবিজ্ঞপ্তিতে	sh o ng b a d b i g g o p t i t e	tatsama
সংবাদভাশ্য	sh o ng b a d bh a sh sh o	native
সংবাদভিত্তিক	sh o ng b a d bh i tt i k	native
সংবাদমাধ্যম	sh o ng b a d m a d dh O m	native
সংবাদমাধ্যমই	sh o ng b a d m a d dh o m i	native
সংবাদমাধ্যমকেও	sh o ng b a d m a d dh o m k e O	compound
সংবাদমাধ্যমগুলো	sh o ng b a d m a d dh O m g u l O	compound
সংবাদমাধ্যমগুলোতে	sh o ng b a d m a d dh o m g u l O t e	compound
সংবাদমাধ্যমগুলোর	sh o ng b a d m a d dh o m g u l O r	compound
সংবাদমাধ্যমগুলোয়	sh o ng b a d m a d dh o m g u l O y	compound
সংবাদমাধ্যমসহ	sh o ng b a d m a d dh o m sh o h O	compound
সংবাদমাধ্যমে	sh o ng b a d m a d dh O m e	native
সংবাদমাধ্যমেও	sh o ng b a d m a d dh O m e O	compound
সংবাদমাধ্যমেরও	sh o ng b a d m a d dh o m e r o O	compound
সংবাদমুল্যবাহি	sh o ng b a d m u l l o b a h i	compound
সংবাদসম্মেলনে	sh o ng b a d sh o mm e l o n e	compound
সংবাদসহ	sh o ng b a d sh o h O	native
সংবাদিক	sh o ng b a d i k	native
সংবাদিকদের	sh a ng b a d i k d e r	native
সংবাদে	sh o ng b a d e	native
সংবাদেই	sh o ng b a d e i	native
সংবাদেও	sh o ng b a d e O	native
সংবিক্ষন	sh o ng b i kkh o n	tatsama
সংবিগ্ন	sh o ng b i g n o	native
সংবিত্তি	sh o ng b i tt i	native
সংবিদা	sh o ng b i d a	native
সংবিদিত	sh o ng b i d i t O	native
সংবিধানই	sh o ng b i dh a n	native
সংবিধানও	sh o ng b i dh a n O	native
সংবিধানটি	sh o ng b i dh a n T i	native
সংবিধানপরিপন্থি	sh o ng b i dh a n p o r i p o n th i	compound
সংবিধানপ্রদত্ত	sh o ng b i dh a n pr o d o tt o	compound
সংবিধানপ্রনেতারা	sh o ng b i dh a n pr o n e t a r	compound
সংবিধানবহির্ভুত	sh o ng b i dh a n b o h i r bh u t o	compound
সংবিধানবিরোধি	sh o ng b i dh a n b i r O dh i	compound
সংবিধানবিশেশজ্ঞ	sh o ng b i dh a n b i sh e sh g g o	tatsama
সংবিধানমতে	sh o ng b i dh a n m o t e	native
সংবিধানসংক্রান্ত	sh o ng b i dh a n sh o ng kr a nt o	compound
সংবিধানসম্মত	sh o ng b i dh a n sh o mm o t O	native
সংবিধানসহ	sh o ng b i dh a n sh o h O	native
সংবিধানস্বিকৃত	sh o ng b i dh a n sh sh b i k i r t o	tatsama
সংবিধানে	sh o ng b i dh a n e	native
সংবিধানেই	sh o ng b i dh a n e i	native
সংবিধানেও	sh o ng b i dh a n e O	native
সংবিধানের	sh o ng b i dh a n e r	native
সংবিধানেরই	sh o ng b i dh a n e r o i	native
সংবিধানেরও	sh o ng b i dh a n e r o O	native
সংবিধি	sh o ng b i dh i	native
সংবিধির	sh o ng b i dh i r	native
সংবিভক্ত	sh o ng b i bh o kt O	native
সংবিভাগ	sh o ng b i bh a g	native
সংবিশ্ট	sh o ng b i sh T O	native
সংবিৎ	sh o ng b i t	native
সংবৃত	sh o ng b ri t O	tatsama
সংবৃত্ত	sh o ng b ri tt O	tatsama
সংবেগ	sh o ng b e g	native
সংবেদনশিল	sh o ng b e d o n sh i l	native
সংবেদনশিলতা	sh o ng b e d O n sh i l O t a	native
সংবেদনশিলতাকে	sh o ng b e d o n sh i l t a k e	compound
সংবেদনশিলতার	sh o ng b e d o n sh i l o t a r	native
সংবেদনহিন	sh o ng b e d o n h i n	native
সংবেদি	sh o ng b e d i	native
সংবেদ্য	sh o ng b e d d O	native
সংবেশ	sh o ng b e sh	native
সংবৎ	sh o ng b o t	native
সংবৎসর	sh o ng b o t sh o r	native
সংমিশ্রন	sh o ng m i sh r o n	native
সংমিশ্রনে	sh o ng m i sh r o n e	native
সংমিশ্রনের	sh o ng m i sh r O n e r	native
সংমুড়	sh o ng m u r	native
সংরক্ষকদের	sh o ng r o kkh o d e r	tatsama
সংরক্ষকের	sh o ng r o kkh o k e r	tatsama
সংরক্ষন	sh o ng r o kkh o n	tatsama
সংরক্ষনও	sh o ng r o kkh o n o O	tatsama
সংরক্ষনকাজ	sh o ng r o kkh o n o k a j	tatsama
সংরক্ষনকারি	sh o ng r o kkh o n o k a r i	tatsama
সংরক্ষনজোগ্য	sh o ng r o kkh o n j O g g o	tatsama
সংরক্ষনবিশয়ক	sh o ng r o kkh o n b i sh o y o k	tatsama
সংরক্ষনব্যবস্থা	sh o ng r o kkh o n b j o b o sth a	tatsama
সংরক্ষনমুলক	sh o ng r o kkh o n m u l o k	tatsama
সংরক্ষনসংক্রান্ত	sh o ng r o kkh o n sh o ng kr a nt o	tatsama
সংরক্ষনসহ	sh o ng r o kkh o n sh o h O	tatsama
সংরক্ষনাগার	sh o ng r o kkh o n a g a r	tatsama
সংরক্ষনাগারে	sh o ng r o kkh o n a g a r e	tatsama
সংরক্ষনাগারের	sh o ng r o kkh o n a g a r e r	tatsama
সংরক্ষনে	sh o ng r o kkh o n e	tatsama
সংরক্ষনেও	sh o ng r o kkh o n e O	tatsama
সংরক্ষনের	sh o ng r o kkh o n e r	tatsama
সংরক্ষনেরও	sh o ng r o kkh o n e r O	tatsama
সংরক্ষিত	sh o ng r O kkh i t O	tatsama
সংরতি	sh o ng r O t i	native
সংরন	sh o ng r O n	native
সংরব্ধ	sh o ng r o b dh O	native
সংরুদ্ধ	sh o ng r u d dh O	tatsama
সংরোধ	sh o ng r O dh O	native
সংর্ঘশ	sh o ng gh o r sh o	native
সংর্ঘশে	sh o ng gh o r sh e	native
সংলক্ষিত	sh o ng l O kkh i t O	tatsama
সংলগ্ন	sh o ng l o g n O	native
সংলাপই	sh o ng l a p o i	native
সংলাপকে	sh o ng l a p k e	native
সংলাপটা	sh o ng l a p T a	native
সংলাপনির্ভর	sh o ng l a p n i r o bh o r	native
সংলাপবিশয়ক	sh o ng l a p b i sh o y o k	native
সংলিপ্ত	sh o ng l i p t O	native
সংশিত	sh o ng sh i t O	native
সংশিশ্ট	sh o ng sh i sh T O	native
সংশি্লশ্ট	sh o ng sh i l sh T o	native
সংশুদ্ধি	sh o ng sh u d dh i	tatsama
সংশোধন	sh o ng sh O dh O n	native
সংশোধনই	sh o ng sh O dh o n i	native
সংশোধনকল্পে	sh o ng sh O dh o n k o l p e	native
সংশোধনকে	sh o ng sh O dh o n k e	native
সংশোধনজোগ্য	sh o ng sh O dh o n j O g g o	native
সংশোধনটা	sh o ng sh O dh o n T a	native
সংশোধনবাদি	sh o ng sh O dh O n b a d i	native
সংশোধনবিশয়ক	sh o ng sh O dh o n b i sh o y o k	native
সংশোধনমুলক	sh o ng sh O dh o n m u l o k	native
সংশোধনসংক্রান্ত	sh o ng sh O dh o n sh o ng kr a nt o	compound
সংশোধনসহ	sh o ng sh O dh o n sh o h O	native
সংশোধনাগারে	sh o ng sh O dh O n a g a r e	native
সংশোধনি	sh o ng sh O dh o n i	native
সংশোধনিই	sh o ng sh O dh o n i i	native
সংশোধনিও	sh o ng sh O dh o n i O	native
সংশোধনিকে	sh o ng sh O dh o n i k e	native
সংশোধনিগুলো	sh o ng sh O dh o n i g u l O	native
সংশোধনিগুলোর	sh o ng sh O dh o n i g u l O r	native
সংশোধনিটি	sh o ng sh O dh o n i T i	native
সংশোধনিতে	sh o ng sh O dh o n i t e	native
সংশোধনিতেই	sh o ng sh O dh o n i t e i	native
সংশোধনিতেও	sh o ng sh O dh o n i t e O	native
সংশোধনিবলে	sh o ng sh O dh o n i b o l e	native
সংশোধনিবিশয়ক	sh o ng sh O dh o n i b i sh o y o k	native
সংশোধনিমুলক	sh o ng sh O dh o n i m u l o k	native
সংশোধনির	sh o ng sh O dh o n i r	native
সংশোধনিরও	sh o ng sh O dh o n i r O	native
সংশোধনিসংক্রান্ত	sh o ng sh O dh o n i sh o ng kr a nt o	compound
সংশোধনিসহ	sh o ng sh O dh o n i sh o h O	native
সংশোধনেও	sh o ng sh O dh o n e O	native
সংশোধনেরও	sh o ng sh O dh o n e r o O	native
সংশ্রুত	sh o ng sh r u t O	native
সংশ্রয়	sh o ng sh r o y	native
সংশ্লিশ্ট	sh o ng sh l i sh T O	native
সংশ্লিশ্টতা	sh o ng sh l i sh T O t a	native
সংশ্লিশ্টতাকে	sh o ng sh l o sh T o t a k e	compound
সংশ্লিশ্টতার	sh o ng sh l i sh T O t a r	native
সংশ্লিশ্টতায়	sh o ng sh l o sh T o t a y	native
সংশ্লিশ্টদের	sh o ng sh l i sh T O d e r	native
সংশ্লিশ্টরা	sh o ng sh l i sh T O r a	native
সংশ্লিশ্ঠ	sh o ng sh l i sh Th O	native
সংশ্লেশ	sh o ng sh l e sh	native
সংশ্লেশন	sh o ng sh l e sh o n	native
সংশ্ল্লিশ্ট	sh o ng sh l i sh T o	native
সংশয়	sh o ng sh o y	native
সংশয়ও	sh o ng sh o y O	native
সংশয়কে	sh o ng sh o y k e	native
সংশয়টা	sh o ng sh o y T a	native
সংশয়পুর্ন	sh o ng sh o y p u r n o	native
সংশয়বাদি	sh o ng sh o y b a d i	native
সংশয়মুক্ত	sh o ng sh o y m u kt o	native
সংশয়াকির্ন	sh o ng sh o y a k i r n o	native
সংশয়ে	sh o ng sh o y e	native
সংশয়ের	sh o ng sh o y o e r	native
সংস	sh o ng sh o	native
সংসক্ত	sh o ng sh o kt O	native
সংসক্তি	sh o ng sh O kt i	native
সংসদই	sh o ng sh o d i	native
সংসদকক্ষ	sh o ng sh o d k o kkh o	tatsama
সংসদকক্ষে	sh o ng sh o d k o kkh e	tatsama
সংসদকক্ষের	sh o ng sh o d k o kkh e r	tatsama
সংসদকাজে	sh o ng sh o d k a j e	native
সংসদকার্যে	sh o ng sh o d k a r j e	native
সংসদকে	sh o ng sh O d k e	native
সংসদকেই	sh o ng sh o d k e i	native
সংসদকেও	sh o ng sh o d k e O	native
সংসদকেন্দ্রিক	sh o ng sh o d k e ndr i k	compound
সংসদগুলো	sh o ng sh o d g u l O	native
সংসদগুলোতে	sh o ng sh o d g u l O t e	native
সংসদগুলোর	sh o ng sh o d g u l O r	native
সংসদদের	sh o ng sh o d e r	native
সংসদনেতা	sh o ng sh o d n e t a	native
সংসদনেত্রি	sh o ng sh o d n e tr i	native
সংসদবিশয়ক	sh o ng sh o d b i sh o y o k	native
সংসদবিশয়কমন্ত্রি	sh o ng sh o d b i sh o y o k m o nt r i	compound
সংসদমুখি	sh o ng sh o d m u kh i	native
সংসদসচিব	sh o ng sh o d sh o ch i b	native
সংসদসহ	sh o ng sh o d sh o h O	native
সংসদিয়	sh o ng sh o d i y	native
সংসদে	sh o ng sh O d e	native
সংসদেই	sh o ng sh O d e i	native
সংসদেও	sh o ng sh O d e O	native
সংসদেরই	sh o ng sh o d e r i	native
সংসদেরও	sh o ng sh o d e r O	native
সংসদেরস্পিকারের	sh o ng sh O d e r s p i k a r e r	loanword
সংসর্গ	sh o ng sh o r g O	native
সংসর্গে	sh o ng sh o r g e	native
সংসর্গের	sh o ng sh o r g e r	native
সংসারই	sh o ng sh a r i	native
সংসারও	sh o ng sh a r O	native
সংসারকে	sh o ng sh a r k e	native
সংসারজিবন	sh o ng sh a r j i b o n	native
সংসারজিবনে	sh o ng sh a r j i b o n e	native
সংসারজিবনের	sh o ng sh a r j i b o n e r	native
সংসারটা	sh o ng sh a r T a	native
সংসারটি	sh o ng sh a r T i	native
সংসারধর্ম	sh o ng sh a r dh o r m o	native
সংসারি	sh o ng sh a r i	native
সংসারে	sh o ng sh a r e	native
সংসারেই	sh o ng sh a r e i	native
সংসারেও	sh o ng sh a r e O	native
সংসারের	sh o ng sh a r e r	native
সংসিক্ত	sh o ng sh i kt O	native
সংসিদ্ধ	sh o ng sh i d dh O	tatsama
সংসুচিত	sh o ng sh u ch i t O	native
সংসৃতি	sh o ng sh ri t i	tatsama
সংসৃশ্ট	sh o ng sh r i sh T O	tatsama
সংস্করন	sh o ng s k o r o n	loanword
সংস্করনই	sh o ng s k o r o n i	loanword
সংস্করনও	sh o ng s k o r o n O	loanword
সংস্করনকে	sh o ng s k o r o n k e	loanword
সংস্করনগুলো	sh o ng s k o r o n g u l O	loanword
সংস্করনটি	sh o ng s k o r o n T i	loanword
সংস্করনটিতে	sh o ng s k o r O n T i t e	loanword
সংস্করনটির	sh o ng s k o r o n T i r	loanword
সংস্করনে	sh o ng s k o r o n e	loanword
সংস্করনেও	sh o ng s k o r O n e O	loanword
সংস্করনের	sh o ng s k o r o n e r	loanword
সংস্কারকাজ	sh o ng s k a r k a j	loanword
সংস্কারকাজে	sh o ng s k a r k a j e	loanword
সংস্কারকাজের	sh o ng s k a r k a j e r	loanword
সংস্কারকার্যক্রম	sh o ng s k a r o k a r j o kr m	loanword
সংস্কারকে	sh o ng s k a r k e	loanword
সংস্কারগুলো	sh o ng s k a r g u l O	loanword
সংস্কারটি	sh o ng s k a r T i	loanword
সংস্কারনিতির	sh o ng s k a r n i t i r	loanword
সংস্কারপন্থি	sh o ng s k a r p o n th i	loanword
সংস্কারপন্থিদের	sh o ng s k a r p o n th i d e r	loanword
সংস্কারপ্রক্রিয়ার	sh o ng s k a r pr o kr i y a r	loanword
সংস্কারবাদি	sh o ng s k a r b a d i	loanword
সংস্কারবাদিদের	sh o ng s k a r b a d i d e r	loanword
সংস্কারবিশয়ক	sh o ng s k a r b i sh o y o k	loanword
সংস্কারমুক্ত	sh o ng s k a r m u kt o	loanword
সংস্কারমুলক	sh o ng s k a r m u l o k	loanword
সংস্কারসংক্রান্ত	sh o ng s k a r sh o ng kr a nt o	loanword
সংস্কারসহ	sh o ng s k a r sh o h O	loanword
সংস্কারে	sh o ng s k a r e	loanword
সংস্কারের	sh o ng s k a r e r	loanword
সংস্কারেরও	sh o ng s k a r e r O	loanword
সংস্কৃতিও	sh o ng s k ri t i O	tatsama
সংস্কৃতিক	sh o ng s k ri t i k	tatsama
সংস্কৃতিকর্মি	sh o ng s k ri t i k o r m i	tatsama
সংস্কৃতিকর্মিদের	sh o ng s k ri t i k o r m i d e r	tatsama
সংস্কৃতিকর্মিরা	sh o ng s k ri t i k o r m i r a	tatsama
সংস্কৃতিকর্মিসহ	sh o ng s k ri t i k o r m i sh o h O	tatsama
সংস্কৃতিকে	sh o ng s k ri t i k e	tatsama
সংস্কৃতিগত	sh o ng s k ri t i g o t o	tatsama
সংস্কৃতিচর্চা	sh o ng s k ri t i ch o r ch a	tatsama
সংস্কৃতিচর্চার	sh o ng s k ri t i ch o r ch a r	tatsama
সংস্কৃতিচর্চায়	sh o ng s k ri t i ch o r ch a y	tatsama
সংস্কৃতিজগতের	sh o ng s k ri t i j o g o t e r	tatsama
সংস্কৃতিটা	sh o ng s k ri t i T a	tatsama
সংস্কৃতিতে	sh o ng s k ri t i t e	tatsama
সংস্কৃতিতেও	sh o ng s k ri t i t e O	tatsama
সংস্কৃতিনিতি	sh o ng s k ri t i n i t i	tatsama
সংস্কৃতিবলয়ে	sh o ng s k ri t i b o l o y e	tatsama
সংস্কৃতিবাদের	sh o ng s k ri t i b a d i d e r	tatsama
সংস্কৃতিবিনিময়	sh o ng s k ri t i b i n i m o y o	tatsama
সংস্কৃতিবিশয়ক	sh o ng s k ri t i b i sh o y o k	tatsama
সংস্কৃতিবিশয়কমন্ত্রি	sh o ng s k ri t i b i sh o y o k m o nt r i	tatsama
সংস্কৃতিমন্ত্রি	sh o ng s k ri t i m o nt r i	tatsama
সংস্কৃতিমান	sh o ng s k ri t i m a n	tatsama
সংস্কৃতিরই	sh o ng s k ri t i r o i	tatsama
সংস্কৃতিরও	sh o ng s k ri t i r o O	tatsama
সংস্কৃতিসচিব	sh o ng s k ri t i sh o ch i b	tatsama
সংস্কৃতিসচিবের	sh o ng s k ri t i sh o ch i b e r	tatsama
সংস্কৃতিসেবি	sh o ng s k ri t i sh e b i	tatsama
সংস্কৃতিসেবিদের	sh o ng s k ri t i sh e b i d e r	tatsama
সংস্কৃতিসেবিরা	sh o ng s k ri t i sh e b i r a	tatsama
সংস্থা	sh o ng sth a	native
সংস্থাই	sh o ng sth a i	native
সংস্থাও	sh o ng sth a O	native
সংস্থাকেও	sh o ng sth a k e O	native
সংস্থাগুলি	sh o ng sth a g u l i	native
সংস্থাগুলির	sh o ng sth a g u l i r	native
সংস্থাগুলো	sh o ng sth a g u l O	native
সংস্থাগুলোকে	sh o ng sth a g u l O k e	native
সংস্থাগুলোকেও	sh o ng sth a g u l O k e O	compound
সংস্থাগুলোতে	sh o ng sth a g u l O t e	native
সংস্থাগুলোতেও	sh o ng sth a g u l O t e O	compound
সংস্থাগুলোরও	sh o ng sth a g u l O r O	native
সংস্থাগুলোয়	sh o ng sth a g u l O y	native
সংস্থাটি	sh o ng sth a T i	native
সংস্থানও	sh o ng sth a n O	native
সংস্থানের	sh o ng sth a n e r	native
সংস্থাপক	sh o ng O sth a p O k	native
সংস্থাপন	sh o ng sth a p O n	native
সংস্থাপনবিশয়ক	sh o ng sth a p o n b i sh o y o k	compound
সংস্থাপনসচিব	sh o ng sth a p o n sh o ch i b	native
সংস্থার	sh o ng sth a r	native
সংস্থারই	sh o ng sth a r o i	native
সংস্থারও	sh o ng sth a r o O	native
সংস্থাসমুহ	sh o ng sth a sh o m u h o	native
সংস্থাসমুহের	sh o ng sth a sh o m u h e r	native
সংস্থায়	sh o ng sth a y	native
সংস্থিত	sh o ng O sth i t O	native
সংস্পর্শ	sh o ng s p o r sh O	loanword
সংস্পর্শে	sh o ng s p o r sh e	loanword
সংস্পর্শের	sh o ng s p o r sh e r	loanword
সংস্পৃশ্ট	sh o ng O s p r i sh T O	tatsama
সংস্ফুট	sh o ng O sh ph u T O	native
সংস্মরন	sh o ng sh o r O n	native
সংহত	sh o ng h o t O	native
সংহতির	sh o ng h O t i r	native
সংহরন	sh o ng h o r O n	native
সংহর্ষ	sh o ng h o r sh O	native
সংহার	sh o ng h a r	native
সংহারা	sh o ng h a r a	native
সংহারের	sh o ng sh th a r e r	native
সংহিত	sh O ng h i t O	native
সংহিতা	sh o ng h i t a	native
সংহুতি	sh O ng h u t i	native
সংহৃত	sh O ng h ri t O	tatsama
সংিন	sh o ng i n	native
সং্গিত	sh O ng g i t	native
সং্গিতং্গ	sh O ng g i t o ng g O	native
সং্গিতকে	sh O ng g i t k e	native
সং্গিতজ্ঞ	sh O ng g i t o g g O	tatsama
সং্গিতদল	sh O ng g i t d o l	native
সং্গিতশিল্পি	sh O ng g i t sh i l p i	native
সং্গিতে	sh O ng g i t e	native
সং্গিতের	sh O ng g i t e r	native
সং্গে	sh o ng g e	native
সংয়ের	sh o ng i y e r	native
সঅ	sh o o	native
সঅল	sh o o l o	native
সই	sh O i	native
সইও	sh O i O	native
সইকত	sh O i k o t	native
সইকতকে	sh O i k o t k e	native
সইকতে	sh O i k O t e	native
সইকতের	sh O i k o t e r	native
সইগু	sh o i g u	native
সইছিল	sh O i chh i l O	native
সইছে	sh O i chh e	native
সইজউদ্দিন	sh o i j u d d i n	native
সইজউদ্দিনের	sh o i j u d d i n e r	native
সইতে	sh O i t e	native
সইনিক	sh O i n i k	native
সইনিককে	sh O i n i k k e	native
সইনিকদের	sh O i n i k d e r	native
সইনিকরা	sh O i n i k r a	native
সইনিকের	sh O i n i k e r	native
সইনিকেরা	sh O i n i k e r a	native
সইন্য	sh O i n n O	native
সইন্যকে	sh O i n n O k e	native
সইন্যদের	sh O i n n O d e r	native
সইন্যবাহিনি	sh O i n n O b a h i n i	native
সইন্যরা	sh O i n n O r a	native
সইন্যের	sh O i n n e r	native
সইব	sh o i b o	native
সইবার	sh o i b a r o	native
সইবিহিন	sh o i b i h i n	native
সইবে	sh O i b e	native
সইল	sh O i l O	native
সইলান	sh o i l a n	native
সইস	sh O i sh	native
সইসহ	sh o i sh o h O	native
সইয়দ	sh O i O d	native
সইয়দপুর	sh O i O d p u r	native
সইয়ে	sh o i y e	native
সইয়ের	sh o i y e r	native
সউদ	sh O u d	native
সওগাত	sh o O g a t	native
সওজ	sh o O j	native
সওজকে	sh o O j k e	native
সওজের	sh O u j e r	native
সওদা	sh o O d a	native
সওদাগর	sh O u d a g o r	native
সওদাগরকে	sh O u d a g o r k e	native
সওদাগরপাড়ার	sh o O d a g o r p a r a r	native
সওদাগরসহ	sh o u d a g o r sh o h O	native
সওদাগরের	sh O u d a g o r e r	native
সওয়া	sh o O y a	native
সওয়ান	sh o O y a n	native
সওয়ানো	sh o O y a n O	native
সওয়াব	sh o O y a b	native
সওয়াবের	sh o O y a b e r	native
সওয়ার	sh o O y a r	native
সওয়ারি	sh o O y a r i	native
সওয়ারের	sh o O y a r e r	native
সওয়াল	sh o O y a l	native
সক	sh o k	native
সককে	sh o k k e	native
সকদের	sh o k d e r	native
সকন্টক	sh o k o n T o k	native
সকরুন	sh o k o r u n	native
সকর্দম	sh o k o r d o m	native
সকর্মক	sh o k o r m o k	native
সকল	sh o k O l	native
সকলই	sh o k o l i	native
সকলকে	sh o k O l k e	native
সকলকেই	sh o k o l k e i	native
সকলে	sh o k O l e	native
সকলেই	sh o k O l e i	native
সকলেরই	sh o k O l e r i	native
সকাতর	sh o k a t O r	native
সকান্ড	sh o k a n D O	native
সকাম	sh o k a m	native
সকার	sh o k a r	native
সকারকে	sh o k a r k e	native
সকারনেট	sh o k a r n e T	native
সকারনেটকে	sh o k a r n e T k e	native
সকারি	sh o k a r i	native
সকারের	sh o k a r e r	native
সকালই	sh o k a l i	native
সকালটা	sh o k a l T a	native
সকালটাকে	sh o k a l T a k e	native
সকালবেলার	sh o k a l b A l a r	native
সকালবেলায়	sh o k a l b e l a y	native
সকালে	sh o k a l e	native
সকালেই	sh o k a l e i	native
সকালেও	sh o k a l e O	native
সকালের	sh o k a l e r	native
সকাশ	sh o k a sh	native
সকিনা	sh O k i n a	native
সকুন্ডল	sh o k u n D o l	native
সকুল্য	sh o k u l l O	native
সকৃতজ্ঞ	sh o k i r t o g g o	tatsama
সকৃৎ	sh o k ri t	tatsama
সকেট	s o k e T	loanword
সকেটটি	s o k e T T i	loanword
সকেটে	s o k e T e	loanword
সকেটের	s o k e T e r	loanword
সকের	sh o k e r	native
সকেরা	sh o k e r a	native
সকোউতুক	sh o k O u t u k	native
সকোমেক	sh o k O m e k	native
সক্কর	sh o k k o r	native
সক্কা	sh o k k a	native
সক্কাল	sh o k k a l	native
সক্ত	sh o kt O	native
সক্তু	sh O kt u	native
সক্রিয়	sh O kr i y O	native
সক্রিয়তা	sh o kr i y o t a	native
সক্রিয়তার	sh o kr i y o t a r	native
সক্রিয়তায়	sh o kr i y o t a y	native
সক্রিয়ভাবে	sh o k ri bh a b e	native
সক্রেটিস	s o kr e T i s	proper_noun
সক্রেটিসকে	s o kr e T i s o k e	proper_noun
সক্রেটিসের	s o kr e T i s e r	proper_noun
সক্ষত	sh o kkh o t O	tatsama
সক্ষম	sh o kkh O m	tatsama
সক্ষমতা	sh o kkh O m o t a	tatsama
সক্ষমতাই	sh o kkh o m o t a i	tatsama
সক্ষমতাও	sh o kkh o m O t a O	tatsama
সক্ষমতার	sh o kkh o m O t a r	tatsama
সক্ষোভ	sh o kkh O bh	tatsama
সখ	sh o kh	native
সখা	sh o kh a	native
সখি	sh O kh i	native
সখিনার	sh O kh i n a r	native
সখিপুর	sh O kh i p u r	native
সখিপুরে	sh O kh i p u r e	native
সখিপুরের	sh O kh i p u r e r	native
সখিল	sh O kh i l	native
সখেদ	sh o kh e d o	native
সখ্য	sh O k kh O	native
সখ্যতা	sh o k kh O t a	native
সখ্যের	sh O k kh e r	native
সগর	sh o g o r	native
সগর্বে	sh o g o r b e	native
সগর্ভ	sh o g o r bh O	native
সগার্ভিস	sh o g a r bh i sh	native
সগির	sh O g i r	native
সগিরা	sh o g i r a	native
সগুন	sh o g u n o	native
সগুনা	sh o g u n a	native
সগুনি	sh o g u n i	native
সগুলো	sh o g u l O	native
সগোউরবে	sh o g O u r o b e	native
সগোত্র	sh o g O tr O	native
সগ্গ	sh o g g O	native
সগ্গল	sh o g g o l	native
সগড়ি	sh o g O r i	native
সঘন	sh o gh o n O	native
সঘনে	sh o gh o n e	native
সঘর	sh o gh o r	native
সচ	sh o ch	native
সচক্ষে	sh o ch o kkh e	tatsama
সচঞ্চল	sh o ch o n ch o l	native
সচদেব	sh o ch o d e b	native
সচন্দন	sh o ch o nd o n	native
সচরাচর	sh o ch O r a ch O r	native
সচল	sh o ch O l	native
সচলতা	sh o ch o l o t a	native
সচলায়তন	sh o ch o l a y o t o n	native
সচি	sh o ch i	native
সচিত্র	sh o ch i tr O	native
সচিত্রা	sh o ch i tr a	native
সচিবই	sh o ch i b i	native
সচিবগন	sh O ch i b g o n	native
সচিবদের	sh O ch i b d e r	native
সচিবরা	sh O ch i b r a	native
সচিবসহ	sh O ch i b sh o h O	native
সচিবালয়কে	sh o ch i b a l o y k e	native
সচিবালয়সহ	sh o ch i b a l o y sh o h O	native
সচিবালয়ে	sh o ch i b a l o y e	native
সচিবালয়েও	sh o ch i b a l o y e O	native
সচিবালয়ের	sh o ch i b a l o y e r	native
সচিবেরাও	sh o ch i b e r a O	native
সচেতক	sh o ch e t o k	native
সচেতনতা	sh o ch e t o n O t a	native
সচেতনতাই	sh o ch e t O n o t a i	native
সচেতনতাও	sh o ch e t O n o t a O	native
সচেতনতাবিশয়ক	sh o ch e t o n o t a b i sh o y o k	native
সচেতনতামুলক	sh o ch e t o n O t a m u l O k	native
সচেতনতার	sh o ch e t o n o t a r	native
সচেতনদের	sh o ch e t o n d e r	native
সচেতনভাবে	sh o ch e t O n bh a b e	native
সচেতনভাবেই	sh o ch e t O n bh a b e i	native
সচেশ্ট	sh o ch e sh T O	native
সচ্চরিত	sh o ch ch O r i t	native
সচ্চরিত্র	sh o ch ch O r i tr O	native
সচ্চিদানন্দ	sh O ch ch i d a n o nd O	native
সচ্ছলতা	sh o ch chh O l O t a	native
সচ্ছলতাকে	sh o ch chh o l o t a k e	native
সচ্ছলতার	sh o ch chh O l o t a r	native
সচ্ছলভাবে	sh o ch chh o l bh a b e	native
সজতনে	sh o j o t o n e	native
সজত্ন	sh o j o t n O	native
সজত্নে	sh o j o t n e	native
সজদা	sh o j d a	native
সজন	sh o j O n	native
সজনি	sh o j O n i	native
সজনে	sh O j n e	native
সজল	sh o j O l	native
সজলকে	sh o j O l k e	native
সজলের	sh o j O l e r	native
সজাতি	sh o j a t i	native
সজিব	sh o j i b	native
সজিবকে	sh o j i b k e	native
সজিবতা	sh o j i b o t a	native
সজিবের	sh o j i b e r	native
সজোর	sh o j O r	native
সজোরে	sh o j O r e	native
সজ্জ	sh o j j O	native
সজ্জন	sh o j j O n	native
সজ্জায়	sh o j j a y	native
সজ্জিত	sh O j j i t O	native
সজ্জিভুত	sh O j j i bh u t O	native
সজ্ঞান	sh o g g A n	tatsama
সজ্ঞানে	sh o g g A n e	tatsama
সঞে	sh o e	native
সঞ্চরন	sh o n ch o r o n	native
সঞ্চরনশিল	sh o n ch o r o n sh i l	native
সঞ্চলন	sh o n ch o l o n	native
সঞ্চান	sh o n ch a n	native
সঞ্চার	sh o n ch a r	native
সঞ্চারক	sh o n ch a r o k	native
সঞ্চারকলিপি	sh o n ch a r o k l i p i	native
সঞ্চারন	sh o n ch a r o n	native
সঞ্চারনের	sh o n ch a r o n e r	native
সঞ্চারিত	sh o n ch a r i t O	native
সঞ্চারে	sh o n ch a r e	native
সঞ্চারের	sh o n ch a r e r	native
সঞ্চালক	sh o n ch a l o k	native
সঞ্চালককে	sh o n ch a l o k k e	native
সঞ্চালকেরা	sh o n ch a l o k e r a	native
সঞ্চালনব্যবস্থার	sh o n ch a l o n b j o b o sth a r	compound
সঞ্চালনশিল	sh o n ch a l o n sh i l	native
সঞ্চালনায়	sh o n ch a l o n a y	native
সঞ্চালনের	sh o n ch a l o n e r	native
সঞ্চিতা	sh o n ch i t a	native
সঞ্চিতি	sh O n ch i t i	native
সঞ্চিতির	sh o n ch i t i r	native
সঞ্চৃতি	sh o n ch i r t i	tatsama
সঞ্চয়	sh o n ch o y	native
সঞ্চয়ও	sh o n ch o y o O	native
সঞ্চয়কে	sh o n ch o y o k e	native
সঞ্চয়পত্র	sh o n ch o y o p o tr o	native
সঞ্চয়পত্রই	sh o n ch o y o p o tr o i	native
সঞ্চয়পত্রকে	sh o n ch o y o p o tr o k e	native
সঞ্চয়পত্রগুলোর	sh o n ch o y o p o tr o g u l O r	compound
সঞ্চয়পত্রটি	sh o n ch o y o p o tr o T i	native
সঞ্চয়পত্রে	sh o n ch o y o p o tr e	native
সঞ্চয়পত্রের	sh o n ch o y o p o tr e r	native
সঞ্চয়ি	sh o n ch o y i	native
সঞ্চয়িতা	sh o n ch o y i t a	native
সঞ্চয়ে	sh o n ch o y e	native
সঞ্চয়ের	sh o n ch o y e r	native
সঞ্জাত	sh o n j a t O	native
সঞ্জাব	sh o n j a b	native
সঞ্জিত	sh O n j i t O	native
সঞ্জিত্	sh o n j i t	native
সঞ্জিব	sh o n j i b	native
সঞ্জিবদার	sh o n j i b d a r	native
সঞ্জিবন	sh O n j i b o n	native
সঞ্জিবনি	sh o n j i b O n i	native
সঞ্জিবিত	sh o n j i b i t o	native
সঞ্জিবের	sh o n j i b e r	native
সঞ্জিৎ	sh o n j i t	native
সঞ্জু	sh O n j u	native
সঞ্জুর	sh o n j o u r	native
সঞ্জয়	sh o n j o y o	native
সঞ্জয়কে	sh o n j o y o k e	native
সঞ্জয়ের	sh o n j o y e r	native
সট	sh o T	native
সটকা	sh o T k a	native
সটকে	sh O T k e	native
সটান	sh o T a n	native
সটিক	sh o T i k	native
সট্টক	sh o T T o k	native
সঠিক	sh o Th i k	native
সঠিকই	sh o Th i k i	native
সঠিকতা	sh o Th i k o t a	native
সঠিকভাবে	sh o Th i k bh a b e	native
সঠিকভাবেই	sh o Th i k bh a b e i	native
সড়ক	sh o r O k	native
সড়কের	sh o r O k e r	native
সডাক	sh o D a k	native
সততাই	sh o t O t a i	native
সততাকে	sh o t o t a k e	native
সততাপুর্ন	sh o t o t a p u r n o	native
সততার	sh o t O t a r	native
সততায়	sh o t o t a y	native
সতন্তর	sh o t o nt o r	native
সতবর্গ	sh o t b o r g O	native
সতর	sh o t o r	native
সতর্কও	sh o t O r k O O	native
সতর্ককারি	sh o t O r k O k a r i	native
সতর্কতা	sh o t o r k o t a	native
সতর্কতাও	sh o t o r k o t a O	native
সতর্কতামুলক	sh o t O r k o t a m u l o k	native
সতর্কতার	sh o t O r k o t a r	native
সতর্কতায়	sh o t o r k o t a y	native
সতর্কবানি	sh o t O r k O b a n i	native
সতর্কবানিতে	sh o t o r k o b a n i t e	native
সতর্কবানির	sh o t o r k o b a n i r	native
সতর্কবার্তা	sh o t O r k O b a r t a	native
সতর্কবার্তাই	sh o t o r k o b a r t a i	native
সতর্কবার্তাও	sh o t o r k o b a r t a O	native
সতর্কভাবে	sh o t O r k O bh a b e	native
সতর্কসংকেতও	sh o t o r k o sh o k e t O	native
সতর্কসংকেতের	sh o t o r k o sh o k e t e r	native
সতর্কাবস্থা	sh o t o r k o b o sth a	native
সতর্কাবস্থায়	sh o t o r k o b o sth a y	native
সতর্কিকরন	sh o t o r k i k o r o n	native
সতর্কিকরনের	sh o t o r k i k o r o n e r	native
সতসোবে	sh o t e sh O b e	native
সতা	sh o t a	native
সতাই	sh o t a i	native
সতান্তর	sh o t a nt o r	native
সতি	sh O t i	native
সতিত্ব	sh o t i t t O	tatsama
সতিদাহ	sh O t i d a h O	native
সতিন	sh O t i n	native
সতিনাথ	sh o t i n a th	native
সতিনের	sh O t i n e r	native
সতিপতি	sh o t i p o t i	native
সতিপনা	sh o t i p o n a	native
সতির্থ	sh o t i r th O	native
সতির্থকে	sh o t i r th O k e	native
সতির্থদের	sh o t i r th O d e r	native
সতির্থরা	sh o t i r th o r a	native
সতির্থরাই	sh o t i r th o r a i	native
সতির্থরাও	sh o t i r th o r a O	native
সতির্থের	sh o t i r th e r	native
সতিশ	sh O t i sh	native
সতিশচন্দ্র	sh o t i sh ch o ndr o	native
সতুন	sh O t u n	native
সতৃন	sh o t ri n O	tatsama
সতৃশ্ন	sh o t ri sh n O	tatsama
সতেজ	sh o t e j	native
সতেজতা	sh o t e j o t a	native
সতেন	sh o t e n	native
সতেনি	sh o t e n i	native
সতেরই	sh o t e r O i	native
সত্	sh o t	native
সত্কর্ম	sh o t k o r o m e	native
সত্কাজ	sh o t k a j	native
সত্কার	sh o t k a r	native
সত্কারের	sh o t k a r e r	native
সত্তম	sh o tt o m	native
সত্তরে	sh o tt o r e	native
সত্তরের	sh o tt o r e r	native
সত্তরোর্ধ্ব	sh O tt O r O r dh O	tatsama
সত্তাজুড়ে	sh o tt a j u r e	native
সত্তাবিশিশ্ট	sh o tt a b i sh i sh T o	native
সত্তার	sh o tt a r	native
সত্তায়	sh o tt a y	native
সত্ত্ব	sh o tt O	tatsama
সত্ত্বা	sh o tt a	tatsama
সত্ত্বাধিকারি	sh o tt a dh i k a r i	tatsama
সত্ত্বেও	sh O tt e u	tatsama
সত্ত্ব্বেও	sh o tt o b b e O	tatsama
সত্পথে	sh o t p o th e	native
সত্বর	sh o t t o r	tatsama
সত্বরই	sh o t t O r i	tatsama
সত্বেও	sh o t t e O	tatsama
সত্ভাই	sh o t bh a i	native
সত্ভাবে	sh o t bh a b e	native
সত্মা	sh o t m a	native
সত্য	sh O t t O	native
সত্যই	sh O t t O i	native
সত্যকার	sh o t t o k a r	native
সত্যকে	sh o t t O k e	native
সত্যকেই	sh O t t O k e i	native
সত্যগুলো	sh o t g u l O	native
সত্যজিত	sh O t t O j i t	native
সত্যজিতের	sh O t t O j i t e r	native
সত্যজিত্	sh o t t o j i t	native
সত্যটাই	sh o t t o T a i	native
সত্যটি	sh o t t O T i	native
সত্যটিই	sh o t t o T i i	native
সত্যটিও	sh o t t o T i O	native
সত্যটিকে	sh o t t o T i k e	native
সত্যটুকু	sh o t t o T u k u	native
সত্যতা	sh O t t O t a	native
সত্যতাও	sh O t t O t a O	native
সত্যদৃশ্টি	sh o t t o d ri sh T i	tatsama
সত্যনিশ্ঠ	sh o t t o n i sh Th o	native
সত্যপরায়ন	sh o t t o p o r a y o n	native
সত্যপির	sh o t t o p i r	native
সত্যবতি	sh o t t o b o t i	native
সত্যবাদি	sh o t t o b a d i	native
সত্যবাদিতা	sh O t t O b a d i t a	native
সত্যবাদিতার	sh o t t o b a d i t a r	native
সত্যাগ্রহ	sh o t t a gr O h O	native
সত্যাগ্রহের	sh o t t a gr o h e r	native
সত্যানন্দ	sh o t t a n n o nd o	native
সত্যানুসন্ধান	sh O t t a n u sh o ndh a n	compound
সত্যানুসন্ধানি	sh o t t a n u sh o ndh a n i	compound
সত্যানুসন্ধানের	sh o t t a n u sh o ndh a n e r	compound
সত্যার্থি	sh O t t a r th i	native
সত্যার্থির	sh o t t a r th i r	native
সত্যাসত্য	sh O t t a sh O t t O	native
সত্যাসত্যের	sh o t t a sh o t t e r	native
সত্যায়ন	sh o t t a y o n	native
সত্যায়নের	sh o t t a y o n e r	native
সত্যায়িত	sh o t t a y i t o	native
সত্যি	sh O t t i	native
সত্যিও	sh o t t i O	native
সত্যিকার	sh O t t i k a r	native
সত্যিকারভাবে	sh O t t i k a r bh a b e	native
সত্যিকারভাবেই	sh o t t i k a r bh a b e i	compound
সত্যিকারার্থে	sh o t t i k a r th e	compound
সত্যিকারে	sh O t t i k a r e	native
সত্যিকারেই	sh o t t i k a r e i	native
সত্যিকারের	sh o t t i k a r e r	native
সত্যিটা	sh O t t i T a	native
সত্যে	sh O t t e	native
সত্যেন	sh o t t e n	native
সত্যেন্দ্র	sh o t t e ndr o	native
সত্যেন্দ্রনাথ	sh O t t e ndr O n a th	compound
সত্রাস	sh o tr a sh	native
সদকা	sh o d k a	native
সদকাতুল	sh o d k a t u l	native
সদন	sh o d O n	native
সদনুশ্ঠান	sh o d O n u sh Th a n	native
সদনের	sh o d O n e r	native
সদভিপ্রায়	sh o d O bh i pr a y	native
সদমা	sh o d o m a	native
সদম্ভে	sh o d o m bh e	native
সদর	sh o d O r	native
সদরকে	sh o d o r k e	native
সদরগুলোতে	sh o d o r g u l O t e	native
সদরঘাট	sh o d O r gh a T	native
সদরঘাটসহ	sh o d o r gh a T sh o h O	native
সদরঘাটে	sh o d O r gh a T e	native
সদরঘাটের	sh o d O r gh a T e r	native
সদরদপ্তর	sh o d O r d o p t O r	native
সদরদপ্তরে	sh o d O r d o p t O r e	native
সদরদি	sh o d o r d i	native
সদরপুর	sh o d O r p u r	native
সদরসংলগ্ন	sh o d o r sh o ng l o g n o	native
সদরসহ	sh o d O r sh o h O	native
সদরুদ্দিন	sh o d r u d d i n	native
সদরুল	sh O d r u l	native
সদরে	sh o d O r e	native
সদরেই	sh o d o r e i	native
সদরের	sh o d O r e r	native
সদর্থক	sh o d o r th O k	native
সদর্প	sh o d o r p O	native
সদর্পে	sh o d o r p e	native
সদলবলে	sh o d o l b o l e	native
সদস্য	sh o d O sh sh O	native
সদস্যই	sh o d O sh sh O i	native
সদস্যকেই	sh o d o sh sh o k e i	native
সদস্যকেও	sh o d O sh sh O k e O	native
সদস্যগন	sh o d o sh sh o g o n	native
সদস্যদের	sh o d O sh sh O d e r	native
সদস্যদেরও	sh o d O sh sh O d e r O	native
সদস্যদেরকে	sh o d O sh sh O d e r k e	native
সদস্যদেশ	sh o d o sh sh o d e sh	native
সদস্যদেশকে	sh o d o sh sh o d e sh k e	native
সদস্যদেশগুলো	sh o d o sh sh o d e sh g u l O	native
সদস্যদেশগুলোকে	sh o d o sh sh o d e sh g u l O k e	compound
সদস্যদেশগুলোর	sh o d O sh sh O d e sh g u l O r	compound
সদস্যদেশের	sh o d o sh sh o d e r	native
সদস্যপদও	sh o d O sh sh O p o d O	native
সদস্যপদসহ	sh o d o sh sh o p o d sh o h O	native
সদস্যপদে	sh o d o sh sh o p o d e	native
সদস্যপদের	sh o d O sh sh O p o d e r	native
সদস্যবিশিশ্ট	sh o d o sh sh o b i sh i sh T o	native
সদস্যভুক্ত	sh o d o sh sh o bh u kt t o	native
সদস্যর	sh o d O sh sh O r	native
সদস্যরা	sh o d O sh sh O r a	native
সদস্যরাই	sh o d O sh sh O r a i	native
সদস্যরাও	sh o d O sh sh O r a O	native
সদস্যরাশ্ট্র	sh o d o sh sh o r a sh T r o	loanword
সদস্যরাশ্ট্রগুলো	sh o d o sh sh o r a sh T r o g u l O	loanword
সদস্যরাশ্ট্রগুলোকে	sh o d o sh sh o r a sh T r o g u l O k e	loanword
সদস্যরাশ্ট্রগুলোর	sh o d o sh sh o r a sh T r o g u l O r o	loanword
সদস্যরাশ্ট্রের	sh o d o sh sh o r a sh T r e r o	loanword
সদস্যরাসহ	sh o d o sh sh o r a sh o h O	native
সদস্যরুপে	sh o d o sh sh o r u p e	native
সদস্যসংখ্যার	sh o d o sh sh o sh o ng kh A r	native
সদস্যসচিব	sh o d O sh sh O sh O ch i b	native
সদস্যসচিবের	sh o d o sh sh o sh o ch i b e r	native
সদস্যা	sh o d o sh sh a	native
সদস্যেদের	sh o d o sh sh e d e r	native
সদস্যেরই	sh o d o sh sh e r o i	native
সদস্যেরা	sh o d O sh sh e r a	native
সদসৎ	sh o d o sh o t	native
সদাই	sh o d a i	native
সদাকাতুল	sh o d a k a t u l	native
সদাগতি	sh o d a g o t i	native
সদাগর	sh o d a g o r	native
সদাচরন	sh o d a ch o r o n	native
সদাচরনের	sh o d a ch o r o n e r	native
সদাজাগ্রত	sh o d a j a gr o t o	native
সদাত্মা	sh o d a t t a	native
সদানন্দ	sh o d a n o nd O	native
সদাব্যস্ত	sh o d a b A st o	native
সদালাপ	sh o d a l a p	native
সদালাপি	sh o d a l a p i	native
সদাশিব	sh o d a sh i b	native
সদাশয়	sh o d a sh o y	native
সদাসতর্ক	sh o d a sh o t o r k o	native
সদাসর্বদা	sh o d a sh o r b O d a	native
সদাহাস্য	sh o d a h a sh sh o	native
সদাহাস্যময়	sh o d a h a sh sh o m o y	native
সদিচ্ছা	sh o d i ch chh a	native
সদিচ্ছাই	sh o d i ch chh a i	native
সদিচ্ছাও	sh o d i ch chh a O	native
সদিচ্ছাকে	sh o d i ch chh a k e	native
সদিচ্ছায়	sh o d i ch chh a y	native
সদিপ	sh o d i p	native
সদিয়াল	sh O d i y a l	native
সদুত্তর	sh o d u tt O r	native
সদুদ্দেশ্য	sh o d u d d e sh sh O	native
সদুপদেশ	sh o d u p O d e sh	native
সদুপায়	sh o d u p a y	native
সদুরে	sh o d u r e	native
সদৃশ	sh o d ri sh	tatsama
সদ্গতি	sh o d g O t i	native
সদ্গুনের	sh o d o g u n e r	native
সদ্গুরু	sh o d g u r u	native
সদ্গোপ	sh o d g O p	native
সদ্ধর্ম	sh o d dh o r m O	tatsama
সদ্বিচার	sh o d b i ch a r	native
সদ্বিবেচক	sh o d d i b e ch o k	native
সদ্বিবেচনা	sh o d b i b e ch o n a	native
সদ্বুদ্ধি	sh o d b u d dh i	tatsama
সদ্বৃত্ত	sh o d b ri tt O	tatsama
সদ্ব্যবহার	sh o d b A b O h a r	native
সদ্ব্যবহারে	sh o d d o b o h a r e	native
সদ্ব্যবহারের	sh o d d o b o h a r e r	native
সদ্ম	sh o d d O	tatsama
সদ্যই	sh o d d O i	native
সদ্যগঠিত	sh o d g o Th i t o	native
সদ্যঘোশিত	sh o d d o gh O sh i t o	native
সদ্যজাত	sh o d d O j a t	native
সদ্যনির্বাচিত	sh o d d o n i r b a ch i t o	compound
সদ্যনির্মিত	sh o d d o n i r m i t o	native
সদ্যপ্রকাশিত	sh o d d o pr o k a sh i t o	native
সদ্যপ্রনিত	sh o d d o pr o n i t	native
সদ্যপ্রয়াত	sh o d d o pr o y a t o	native
সদ্যবিদায়ি	sh o d d o b i d a y i	native
সদ্যবিবাহিত	sh o d d o b i b a h i t o	native
সদ্যবিলুপ্ত	sh o d d o b i l u p t o	native
সদ্যসমাপ্ত	sh o d d O sh o m a p t O	native
সদ্যসাবেক	sh o d d o sh a b e k	native
সদ্যস্বাধিন	sh o d d o sh a dh i n	tatsama
সদয়	sh o d o y	native
সধবা	sh o dh O b a	native
সন	sh o n	native
সনজিত	sh o n o j i t	native
সনজিতা	sh o n o j i t a	native
সনজিতাকে	sh o n o j i t a k e	native
সনজিতাদের	sh o n o j i t a d e r	native
সনজিতার	sh o n o j i t a r	native
সনজিতারা	sh o n o j i t a r a	native
সনজিদা	sh O n j i d a	native
সনদ	sh o n O d	native
সনদই	sh o n o d i	native
সনদও	sh o n O d O	native
সনদকে	sh o n o d k e	native
সনদগুলো	sh o n o d g u l O	native
সনদটি	sh o n o d T i	native
সনদধারি	sh o n O d dh a r i	native
সনদধারিকে	sh o n o d dh a r i k e	native
সনদধারিরা	sh o n o d dh a r i r a	native
সনদপত্র	sh o n O d p o tr O	native
সনদপত্রও	sh o n o d p o tr o O	native
সনদপত্রে	sh o n o d p o tr e	native
সনদপত্রের	sh o n O d p o tr e r	native
সনদবিহিন	sh o n o d b i h i n	native
সনদসহ	sh o n O d sh o h O	native
সনদে	sh o n O d e	native
সনদেও	sh o n o d e O	native
সনদের	sh o n O d e r	native
সনমান্দি	sh o n m a nd i	native
সনস	sh o n o sh	native
সনসন	sh o n sh o n	native
সনা	sh o n a	native
সনাক	sh o n a k	native
সনাক্ত	sh o n a kt O	native
সনাক্তকরন	sh o n a kt O k o r O n	native
সনাতন	sh o n a t o n	native
সনাতনি	sh o n a t o n i	native
সনাত্	sh o n a t	native
সনাথ	sh o n a th	native
সনাল	sh o n a l	native
সনি	sh o n i	native
সনিকা	sh O n i k a	native
সনির্বন্ধ	sh o n i r b o ndh O	native
সনিড়	sh o n i r	native
সনিয়া	sh o n i y a	native
সনু	sh O n u	native
সনে	sh o n e	native
সনেট	s o n e T	loanword
সনের	sh o n e r	native
সনেহ	sh o n e h O	native
সনো	sh o n O	native
সন্জিদা	sh O n j i d a	native
সন্ত	sh o nt O	native
সন্তত	sh o nt O t O	native
সন্ততি	sh o nt O t i	native
সন্ততিদের	sh o nt i d e r	native
সন্তপ্ত	sh o nt o p t O	native
সন্তরন	sh o nt o r o n	native
সন্তর্পন	sh o nt O r p o n	native
সন্তর্পনে	sh o nt o p o r n e	native
সন্তলন	sh o nt o l o n	native
সন্তাগার	sh o nt a g a r	native
সন্তানও	sh o nt a n O	native
সন্তানকে	sh o nt a n k e	native
সন্তানকেই	sh o nt a n k e i	native
সন্তানকেও	sh o nt a n k e O	native
সন্তানটি	sh o nt a n T i	native
সন্তানটিও	sh o nt a n T i O	native
সন্তানটির	sh o nt a n T i r	native
সন্তানতুল্য	sh o nt a nt u l l o	native
সন্তানদেরও	sh o nt a n d e r O	native
সন্তাননিতি	sh o nt a n n i t i	native
সন্তাননিতির	sh o nt a n n i t i r	native
সন্তানরা	sh o nt a n r a	native
সন্তানরাও	sh o nt a n r a O	native
সন্তানসংখ্যা	sh o nt a n sh o ng kh A	native
সন্তানসন্ততি	sh o nt a n sh o nt O t i	native
সন্তানসন্ততির	sh o nt a n sh o nt o t i r	compound
সন্তানসম্ভবা	sh o nt a n sh o m bh o b a	native
সন্তানসহ	sh o nt a n sh o h O	native
সন্তানহারা	sh o nt a n h a r a	native
সন্তানহিন	sh o nt a n h i n o	native
সন্তানাদি	sh o nt a n a d i	native
সন্তানাদির	sh o nt a n d i r	native
সন্তানে	sh o nt a n e	native
সন্তানেরই	sh o nt a n e r o i	native
সন্তানেরও	sh O nt a n e r O	native
সন্তানেরা	sh o nt a n e r a	native
সন্তানেরাই	sh o nt a n e r a i	native
সন্তানেরাও	sh o nt a n e r a O	native
সন্তাপ	sh o nt a p	native
সন্তু	sh O nt u	native
সন্তুশ্ট	sh o nt u sh T O	native
সন্তুশ্টই	sh o nt u sh T o i	native
সন্তুশ্টচিত্তে	sh o nt u sh T o ch i tt e	compound
সন্তুশ্টি	sh o nt u sh T i	native
সন্তুশ্টিই	sh o nt u sh T i i	native
সন্তুশ্টির	sh o nt u sh T i r	native
সন্তোশ	sh o nt O sh	native
সন্তোশজনক	sh o nt O sh j o n O k	native
সন্তোশজনকভাবে	sh o nt O sh j o n O k bh a b e	compound
সন্তোশদা	sh o nt O sh d a	native
সন্তোশদার	sh o nt O sh d a r	native
সন্তোশপুর	sh o nt O sh p u r	native
সন্তোশে	sh o nt O sh e	native
সন্তোশের	sh o nt O sh e r	native
সন্ত্রাস	sh o nt r a sh	native
সন্ত্রাসও	sh o nt r a sh o O	native
সন্ত্রাসকবলিত	sh o nt r a sh k o b o l i t o	compound
সন্ত্রাসপ্রবন	sh o nt r a sh pr o b o n	compound
সন্ত্রাসবাদবিরোধি	sh o nt r a sh b a d b i r O dh i	compound
সন্ত্রাসবাদবিশয়ক	sh o nt r a sh b a d b i sh o y o k	compound
সন্ত্রাসবাদি	sh o nt r a sh b a d i	native
সন্ত্রাসবাদিদের	sh o nt r a sh b a d i d e r	compound
সন্ত্রাসবাদিরা	sh o nt r a sh b a d i r a	compound
সন্ত্রাসবাদে	sh o nt r a sh b a d e	native
সন্ত্রাসবাদের	sh o nt r a sh b a d e r	compound
সন্ত্রাসবিরোধি	sh o nt r a sh b i r O dh i	compound
সন্ত্রাসবিশয়ক	sh o nt r a sh b i sh o y o k	compound
সন্ত্রাসমুলক	sh o nt r a sh m u l o k	native
সন্ত্রাসসহ	sh o nt r a sh sh o h O	native
সন্ত্রাসি	sh o nt r a sh i	native
সন্ত্রাসিই	sh o nt r a sh i i	native
সন্ত্রাসিও	sh o nt r a sh i O	native
সন্ত্রাসিকে	sh o nt r a sh i k e	native
সন্ত্রাসিতে	sh o nt r a sh i t e	native
সন্ত্রাসিদের	sh o nt r a sh i d e r	native
সন্ত্রাসিদেরও	sh o nt r a sh i d e r O	compound
সন্ত্রাসির	sh o nt r a sh i r	native
সন্ত্রাসিরা	sh o nt r a sh i r a	native
সন্ত্রাসিরাই	sh o nt r a sh i r a i	native
সন্ত্রাসিরাও	sh o nt r a sh i r a O	native
সন্ত্রাসিসহ	sh o nt r a sh i sh o h O	native
সন্ত্রাসের	sh o nt r a sh e r	native
সন্দ	sh o nd O	native
সন্দর্ভ	sh o nd o r bh O	native
সন্দর্শন	sh o nd o r sh o n	native
সন্দল	sh o nd o l	native
সন্দিগ্ধ	sh O nd i g dh O	native
সন্দিপ	sh O nd i p	native
সন্দিপক	sh O nd i p o k	native
সন্দিপন	sh o nd i p o n	native
সন্দিশ্ট	sh O nd i sh T O	native
সন্দিহান	sh O nd i h a n	native
সন্দুক	sh o nd u k	native
সন্দে	sh o nd e	native
সন্দেভাজন	sh o nd e bh a j o n	native
সন্দেশের	sh o nd e sh e r	native
সন্দেহই	sh o nd e h O i	native
সন্দেহও	sh o nd e h O O	native
সন্দেহকে	sh o nd e h o k e	native
সন্দেহজনকভাবে	sh o nd e h O j o n O k bh a b e	compound
সন্দেহটা	sh o nd e h O T a	native
সন্দেহপ্রবন	sh o nd e h o p o r b o n	native
সন্দেহবশত	sh o nd e h o b o sh o t o	native
সন্দেহবাদিরা	sh o nd e h o b a d i r a	native
সন্দেহভাজন	sh o nd e h O bh a j O n	native
সন্দেহভাজনদের	sh o nd e h O bh a j O nd e r	compound
সন্দেহমুক্ত	sh o nd e h o m u kt o	native
সন্দেহমুলক	sh o nd e h o m u l o k	native
সন্দেহাতিত	sh o nd e h a t i t	native
সন্দেহাতিতভাবে	sh o nd e h a t i t bh a b e	compound
সন্দেহাতিতভাবেই	sh o nd e h a t i t bh a b e i	compound
সন্দেহের	sh o nd e h e r	native
সন্দ্বিপ	sh o nd i p	native
সন্দ্বিপে	sh o nd i p e	native
সন্দ্বিপের	sh o nd i p e r	native
সন্ধ	sh k o ndh O	native
সন্ধা	sh O ndh a	native
সন্ধাকালিন	sh o ndh a k a l i n	native
সন্ধান	sh o ndh a n	native
সন্ধানকারিদের	sh o ndh a n k a r i d e r	compound
সন্ধানি	sh o ndh a n i	native
সন্ধানির	sh o ndh a n i r	native
সন্ধানে	sh o ndh a n e	native
সন্ধানের	sh o ndh a n e r	native
সন্ধাভাশা	sh o ndh a bh a sh a	native
সন্ধিক্ষন	sh O ndh i kkh o n	tatsama
সন্ধিক্ষনে	sh O ndh i kkh o n e	tatsama
সন্ধিক্ষনের	sh o ndh i kkh o n e r	tatsama
সন্ধিত	sh O ndh i t O	native
সন্ধিতে	sh O ndh i t e	native
সন্ধির	sh O ndh i r	native
সন্ধিস্থল	sh O ndh i sth o l	native
সন্ধিৎসা	sh O ndh i t sh a	native
সন্ধুক্ষন	sh O ndh u kkh o n	tatsama
সন্ধেবেলা	sh O ndh e b e l a	native
সন্ধেয়	sh o ndh e y O	native
সন্ধ্যাকালিন	sh o ndh a k a l i n	tatsama
সন্ধ্যাকে	sh o ndh a k e	tatsama
সন্ধ্যাটি	sh o ndh a T i	tatsama
সন্ধ্যাতারা	sh O ndh a t a r a	tatsama
সন্ধ্যাবেলায়	sh o ndh a b e l a y	tatsama
সন্ধ্যার	sh O ndh a r	tatsama
সন্ধ্যারাতে	sh o ndh a r a t e	tatsama
সন্ধ্যারানি	sh o ndh a r a n i	tatsama
সন্ধ্যায়	sh O ndh a y o	tatsama
সন্ধ্যায়ই	sh o ndh a y i	tatsama
সন্ধ্যায়ও	sh o ndh a y O	tatsama
সন্ধ্যে	sh o ndh e	tatsama
সন্ধ্যের	sh O ndh e r	tatsama
সন্নত	sh o nn o t O	native
সন্নদ্ধ	sh o nn o d dh O	tatsama
সন্নস্ত	sh O nn o st O	native
সন্না	sh o nn a	native
সন্নাহ	sh o nn a h O	native
সন্নিকট	sh O nn i k o T	native
সন্নিকটে	sh O nn i k O T e	native
সন্নিকর্ষ	sh O nn i k o r sh O	native
সন্নিপাত	sh O nn i p a t	native
সন্নিবদ্ধ	sh O nn i b o d dh O	tatsama
সন্নিবৃত্ত	sh O nn i b ri tt O	tatsama
সন্নিবেশ	sh O nn i b e sh	native
সন্নিভ	sh O nn i bh O	native
সন্নিহিত	sh O nn i h i t O	native
সন্নিয়োগ	sh O nn i y O g	native
সন্নেসি	sh o nn e sh i	native
সন্ন্যাস	sh O nn a sh	native
সন্ন্যাসি	sh o nn a sh i	native
সন্ন্যাসিকে	sh O nn a sh i k e	native
সন্ন্যাসিদের	sh o nn a sh i d e r	native
সন্ন্যাসিনি	sh o nn a sh i n i	native
সন্ন্যাসিনিকে	sh o nn a sh i n i k e	compound
সন্ন্যাসির	sh O nn a sh i r	native
সন্ন্যাসিরচর	sh o nn a sh i r ch o r	native
সন্ন্যাসিরা	sh o nn a sh i r a	native
সন্মান	sh o m m a n	native
সন্মার্গ	sh o n m a r g O	native
সন্সের	s o n s e r	loanword
সনৎ	sh o n o t	native
সপ	sh o p	native
সপত্ন	sh o p o t n O	native
সপত্নি	sh o p O t n i	native
সপত্নিক	sh o p O t n i k	native
সপরিবার	sh o p O r i b a r	native
সপরিবারে	sh o p O r i b a r e	native
সপর্যা	sh o p O r j a	native
সপসপ	sh o p sh o p	native
সপা	sh o p a	native
সপাং	sh o p a ng	native
সপাটে	sh o p a T e	native
সপাদ	sh o p a d	native
সপাসপ	sh o p a sh o p	native
সপিন্ড	sh o p i n D O	native
সপিন্ডন	sh o p i n D o n	native
সপুরা	sh O p u r a	native
সপুশ্পক	sh o p u sh p o k	native
সপে	sh o p e	native
সপ্ত(–প্তন)	sh o p t O	native
সপ্তগ্রাম	sh o p t o g a r o m	native
সপ্তবর্না	sh o p t o b o r n a	native
সপ্তমত	sh o p t o m o t	native
সপ্তমি	sh o p t O m i	native
সপ্তমির	sh o p t O m i r	native
সপ্তমে	sh o p t O m e	native
সপ্তা	sh o p t a	native
সপ্তাংগ	sh o p t a ng g O	native
সপ্তাংশু	sh o p t a ng sh u	native
সপ্তাশিতি	sh o p t a sh i t i	native
সপ্তাশ্চর্য	sh o p t a sh ch o r j o	native
সপ্তাশ্চর্যের	sh o p t a sh ch o r j e r	compound
সপ্তাশ্ব	sh o p t a sh sh O	tatsama
সপ্তাহই	sh o p t a h o i	native
সপ্তাহও	sh o p t a h O O	native
সপ্তাহখানা	sh o p t a h o kh a n a	native
সপ্তাহখানেক	sh o p t a kh a n e k	native
সপ্তাহগুলোয়	sh o p t a h o g u l O	native
সপ্তাহজুড়ে	sh o p t a h o j u r e	native
সপ্তাহজুড়েই	sh o p t a h o j u r e i	native
সপ্তাহটা	sh o p t a h O T a	native
সপ্তাহটি	sh o p t a h o T i	native
সপ্তাহটিতে	sh o p t a h o T i t e	native
সপ্তাহটির	sh o p t a h o T i r	native
সপ্তাহব্যাপি	sh o p t a h o b A p i	native
সপ্তাহভর	sh o p t a h o bh o r o	native
সপ্তাহশেশে	sh o p t a h o sh e sh e	native
সপ্তাহান্তের	sh o p t a h a nt e r	native
সপ্তাহে	sh o p t a h e	native
সপ্তাহেই	sh o p t a h e i	native
সপ্তায়	sh o p t a y	native
সপ্রতিভ	sh o pr O t i bh	native
সপ্রতিভভাবে	sh o pr o t i bh bh a b e	native
সপ্রমান	sh o pr O m a n	native
সপ্রান	sh o pr a n	native
সফট	s o ph T	loanword
সফটএক্সপো	s o ph T e k s p O	loanword
সফটএক্সপোতে	s o ph T e k s p O t e	loanword
সফটএক্সপোর	s o ph T e k s p O r o	loanword
সফটওয়ার	s o ph T O y a r	loanword
সফটওয়্যারও	s o ph T O y A r O	loanword
সফটওয়্যারগুলো	sh o ph T O y A r g u l O t e	compound
সফটওয়্যারটি	s o ph T O y A r T i	loanword
সফটওয়্যারটিতে	sh o ph T O y A r T i t e	compound
সফটওয়্যারটির	s o ph T O y A r T i r	loanword
সফটওয়্যারবিশয়ক	sh o ph T O y A r b i sh o y o k	compound
সফটওয়্যারভিত্তিক	sh o ph T O y A r bh i tt i k o	compound
সফটওয়্যারসহ	sh o ph T O y A r sh o h O	loanword
সফটওয়্যারে	s o ph T O y A r e	loanword
সফটওয়্যারের	s o ph T O y A r e r	loanword
সফটব্যাংক	s o ph T b A ng k o	loanword
সফটেক্স	s o ph T e k s	loanword
সফটের	s o ph T e r	loanword
সফট্ওয়্যার	s o ph T O y A r	loanword
সফদর	sh o ph d o r	native
সফদার	sh o ph d a r	native
সফর	sh o ph O r	native
সফরই	sh o ph o r i	native
সফরও	sh o ph O r O	native
সফরকারি	sh o ph o r k a r i	native
সফরকারিদের	sh o ph o r k a r i d e r	native
সফরকারিরা	sh o ph o r k a r i r a	native
সফরকালিন	sh o ph o r k a l i n	native
সফরকালে	sh o ph O r k a l e	native
সফরকালেই	sh o ph o r k a l e i	native
সফরকে	sh o ph O r k e	native
সফরগুলোতে	sh o ph o r g u l O t e	native
সফরটা	sh o ph O r T a	native
সফরটাই	sh o ph o r T a i	native
সফরটি	sh o ph O r T i	native
সফরটিকে	sh o ph o r T i k e	native
সফরনামা	sh o ph o r n a m a	native
সফরসংক্রান্ত	sh o ph o r sh o ng kr a nt o	native
সফরসংগি	sh o ph o r sh o ng g i	native
সফরসংগিদের	sh o ph o r sh o ng g i d e r o	native
সফরসংগির	sh o ph o r sh o ng g i r	native
সফরসংগিরা	sh o ph o r sh o ng g i r a	native
সফরসহ	sh o ph o r sh o h O	native
সফরসুচি	sh o ph o r sh u ch i	native
সফরসুচিতে	sh o ph o r sh u ch i t e	native
সফরসুচির	sh o ph o r sh u ch i r	native
সফরি	sh o ph O r i	native
সফরেই	sh o ph O r e i	native
সফরেও	sh o ph o r e O	native
সফরের	sh o ph O r e r	native
সফরেরও	sh o ph o r e r O	native
সফল	sh o ph O l	native
সফলই	sh o ph o l o i	native
সফলও	sh o ph o l O	native
সফলকাম	sh o ph O l k a m	native
সফলতম	sh o ph O l t o m O	native
সফলতা	sh o ph O l o t a	native
সফলতাই	sh o ph o l o t a i	native
সফলতাও	sh o ph O l o t a O	native
সফলতাকে	sh o ph O l o t a k e	native
সফলতায়	sh o ph o l o t a y	native
সফলদের	sh o ph o l d e r	native
সফলভাবে	sh o ph O l bh a b e	native
সফলভাবেই	sh o ph O l bh a b e i	native
সফলের	sh o ph o l e r	native
সফি	sh O ph i	native
সফিউদ্দিন	sh O ph i u d d i n	native
সফিউর	sh o ph i u r	native
সফিউরের	sh o ph i u r e r	native
সফিউল্লাহ	sh O ph i u l l a h	native
সফিউল্লাহর	sh o ph i u l l a r	native
সফিক	sh O ph i k	native
সফিকুজ্জামান	sh o ph i k u j j a m a n	native
সফিকুন্নবি	sh o ph i k u nn o bh o b i	native
সফিকুর	sh o ph i k u r	native
সফিকুল	sh O ph i k u l	native
সফিকুলের	sh o ph i k u l e r	native
সফিন	sh O ph i n	native
সফিনামা	sh O ph i n a m a	native
সফিপুর	sh O ph i p u r	native
সফুর	sh o ph u r	native
সফুরা	sh o ph u r a	native
সফেদ	sh o ph e d	native
সফেদা	sh o ph e d a	native
সফেদি	sh o ph e d i	native
সফেন	sh o ph e n	native
সফোসের	sh o ph O sh e r	native
সফ্ট	s o ph T	loanword
সফ্টওয়্যার	s o ph T O y A r	loanword
সব	sh o b	native
সবংশ	sh o b o ng sh O	native
সবই	sh o b i	native
সবক	sh o b O k	native
সবকটা	sh o b k o T a	native
সবকটি	sh o b k o T i	native
সবকটিই	sh o b k o T i i	native
সবকটিতেই	sh o b k o T i t e i	native
সবকটির	sh o b k o T i r	native
সবকিছু	sh o b k i chh u	native
সবকিছুই	sh o b k i chh u i	native
সবকিছুকে	sh o b k i chh u k e	native
সবকিছুকেই	sh o b k i chh u k e i	native
সবকিছুতেই	sh o b k i chh u t e i	native
সবকিছুর	sh o b k i chh u r	native
সবকিছুরই	sh o b k i chh u r i	native
সবক্ষেত্রে	sh o b kh e tr e	tatsama
সবক্ষেত্রেই	sh o b kh e tr e i	tatsama
সবখানেই	sh o b kh a n e i	native
সবগুলি	sh o b g u l i	native
সবগুলোই	sh o b g u l O i	native
সবগুলোকে	sh o b g u l O k e	native
সবগুলোতেই	sh o b g u l O t e i	native
সবগুলোরই	sh o b g u l O r i	native
সবগুলোয়	sh o b g u l O y	native
সবচাইতে	sh o b ch a i t e	native
সবচে	sh o b ch e	native
সবচেয়ে	sh o b ch e y e	native
সবজা	sh o bh j a	native
সবজান্তা	sh o b j a nt a	native
সবজি	sh O b j i	native
সবজিই	sh O b j i i	native
সবজিও	sh O b j i O	native
সবজিখেত	sh O b j i kh e t	native
সবজিগুলো	sh O b j i g u l O	native
সবজিচাশি	sh o b j i ch a sh i	native
সবজিতে	sh O b j i t e	native
সবজিবাগানে	sh o b j i b a g a n e	native
সবজিবিক্রেতা	sh O b j i b i kr e t a	native
সবজির	sh O b j i r	native
সবজিসহ	sh O b j i sh o h O	native
সবটাই	sh o b T a i	native
সবটাতেই	sh o b T a t e i	native
সবটুকুই	sh o b T u k u i	native
সবথেকে	sh o b th e k e	native
সবদার	sh o b d a r	native
সবদিকেই	sh o b d i k e i	native
সবদ্যা	sh o b O d d a	native
সবধরনের	sh o b dh o r O n e r	native
সবন	sh o b O n	native
সবমিলিয়ে	sh o b m i l i y e	native
সবমিলে	sh o b m i l e	native
সবর	sh o b O r	native
সবরকম	sh o b r o k O m	native
সবরমতি	sh o b r o m o t i	native
সবরি/সফরি	sh O b r i k o l a	native
সবরের	sh o b O r e r	native
সবর্জনিন	sh o r b o j o n i n	native
সবর্ন	sh o b o r n O	native
সবলতা	sh o b o l o t a	native
সবলের	sh o b o l e r	native
সবশেশ	sh o b sh e sh	native
সবশেশে	sh o b sh e sh e	native
সবসময়ই	sh o b sh O m O y i	native
সবহারা	sh o b h a r a	native
সবাইও	sh o b a i O	native
সবাইকে	sh o b a i k e	native
সবাইকেই	sh o b a i k e i	native
সবাইরে	sh o b a i r e	native
সবাক	sh o b a k	native
সবান্ধব	sh o b a ndh o b	native
সবার	sh o b a r	native
সবারই	sh o b a r i	native
সবিকল্প	sh o b i k o l p O	native
সবিজ	sh o b i j	native
সবিতা	sh O b i t a	native
সবিতা(–তৃ)	sh O b i t a	tatsama
সবিন	sh o b i n	native
সবিনয়	sh o b i n o y e	native
সবিনয়ে	sh o b i n o y e	native
সবিরাম	sh o b i r a m	native
সবিশেশ	sh o b i sh e sh	native
সবিস্তার	sh o b i st a r	native
সবিস্তারে	sh o b i st a r e	native
সবিস্ময়	sh o b i sh sh o y	native
সবিস্ময়ে	sh o b i sh m o y e	native
সবুজকে	sh O b u j k e	native
সবুজপত্র	sh O b u j p o tr O	native
সবুজবাগ	sh O b u j b a g	native
সবুজবাগে	sh o b u j b a g e	native
সবুজবাগের	sh O b u j b a g e r	native
সবুজসংকেত	sh o b u j o sh o ng k e t	native
সবুজসহ	sh O b u j sh o h O	native
সবুজাভ	sh o b u j a bh	native
সবুজায়নের	sh o b u j a y o n e r	native
সবুজে	sh O b u j e	native
সবুজের	sh O b u j e r	native
সবুর	sh O b u r	native
সবুরে	sh o b u r e	native
সবুরের	sh o b u r e r	native
সবে	sh o b e	native
সবেগে	sh o b e g e	native
সবেচেয়ে	sh o b o ch e y e	native
সবেতন	sh o b e t o n	native
সবেতনে	sh o b e t o n e	native
সবেধন	sh o b e dh o n	native
সবেমাত্র	sh o b e m a tr O	native
সবোরোজ	sh o b O r O j	native
সব্জি	sh O b j i	native
সব্বাই	sh o b b a i	native
সব্বাইকে	sh o b b a i k e	native
সব্বে	sh o b b e	native
সব্য	sh O b b O	native
সব্যসাচি	sh o b b O sh a ch i	native
সভক্তি	sh o bh O kt i	native
সভরেন	sh o bh r e n	native
সভর্তৃকা	sh o bh O r t r i k a	tatsama
সভাই	sh o bh a i	native
সভাও	sh o bh a O	native
সভাকক্ষটি	sh o bh a k o kkh o T i	tatsama
সভাকক্ষের	sh o bh a k o kkh e r	tatsama
সভাকবি	sh o bh a k o b i	native
সভাকে	sh o bh a k e	native
সভাগুলোতে	sh o bh a g u l O t e	native
সভাটি	sh o bh a T i	native
সভাটির	sh o bh a T i r	native
সভাতে	sh o bh a t e	native
সভাতেই	sh o bh a t e i	native
সভাতেও	sh o bh a t e O	native
সভানেত্রি	sh o bh a n e tr i	native
সভানেত্রিও	sh o bh a n e tr i O	native
সভানেত্রির	sh o bh a n e tr i r	native
সভাপতিই	sh o bh a p o t i i	native
সভাপতিও	sh o bh a p O t i O	native
সভাপতিকে	sh o bh a p O t i k e	native
সভাপতিকেও	sh o bh a p o t i k e O	native
সভাপতিতে	sh o bh a p o t i t e	native
সভাপতিত্ব	sh o bh a p O t i t t O	tatsama
সভাপতিত্বকারি	sh o bh a p o t i t t o k a r i	tatsama
সভাপতিত্বকালে	sh o bh a p o t i t t o k a l e	tatsama
সভাপতিত্বে	sh o bh a p O t i t t e	tatsama
সভাপতিদের	sh o bh a p o t i d e r	native
সভাপতিমন্ডলি	sh o bh a p o t i m o n D o l i	native
সভাপতিমন্ডলির	sh o bh a p o t i m o n D o l i r	compound
সভাপতির	sh o bh a p O t i r	native
সভাপতিরা	sh o bh a p o t i r a	native
সভাপতিসহ	sh o bh a p O t i sh o h O	native
সভামঞ্চ	sh o bh a m o n ch o	native
সভামঞ্চে	sh o bh a m o n ch e	native
সভারও	sh o bh a r O	native
সভাশেশে	sh o bh a sh e sh e	native
সভাসদ	sh o bh a sh o d	native
সভাসহ	sh o bh a sh o h O	native
সভাসুত্র	sh o bh a sh u tr o	native
সভাস্থল	sh o bh a sth o l	native
সভাস্থলের	sh o bh a sth o l e r	native
সভায়	sh o bh a y o	native
সভায়ও	sh o bh a y O	native
সভে	sh o bh e	native
সভেন	sh o bh e n	native
সভেয়ার	sh o bh e y a r	native
সভ্য	sh O b bh O	native
সভ্যতা	sh O b bh O t a	native
সভ্যতাকে	sh o b bh O t a k e	native
সভ্যতার	sh o b bh o t a r	native
সভ্যতায়	sh o b bh o t a y	native
সভ্যতায়ও	sh o b bh o t a y O	native
সভ্যসমাজ	sh o b bh o sh o m a j	native
সভয়	sh o bh o y	native
সভয়ে	sh o bh o y e	native
সম	sh o m O	native
সমকক্ষ	sh o m O k o kkh O	tatsama
সমকাজে	sh o m o k a j e	native
সমকামিতা	sh o m O k a m i t a	native
সমকামিতাকে	sh o m O k a m i t a k e	native
সমকামিতার	sh o m O k a m i t a r	native
সমকামিদের	sh o m O k a m i d e r	native
সমকামিরা	sh o m O k a m i r a	native
সমকাল	sh o m O k a l	native
সমকালকে	sh o m O k a l k e	native
সমকালসহ	sh o m o k a l sh o h O	native
সমকালিন	sh o m O k a l i n	native
সমকালের	sh o m O k a l e r	native
সমকেন্দ্রিক	sh o m O k e ndr i k	native
সমকোন	sh o m O k O n	native
সমকোনে	sh o m O k O n e	native
সমক্ষ	sh o m O kkh O	tatsama
সমগুরুত্ব	sh o m o g u r u t t o	tatsama
সমগুরুত্বে	sh o m o g u r u t t e	tatsama
সমগোত্রিয়	sh o m o g O tr i y o	native
সমগ্র	sh o m O gr O	native
সমগ্রের	sh o m o gr e r	native
সমঘন	sh o m O gh o n O	native
সমচতুর্ভুজ	sh o m O ch O t u r bh u j	native
সমচিত	sh O m u ch i t	native
সমজাতি	sh o m O j a t i	native
সমজাতিয়	sh o m o j a t i y	native
সমঝে	sh o m jh e	native
সমঝোতা	sh o m O jh O t a	native
সমঝোতাই	sh o m o jh O t a i	native
সমঝোতাও	sh o m o jh O t a O	native
সমঝোতাকারি	sh o m o jh O t a k a r i	native
সমঝোতাকারিদের	sh o m o jh O t a k a r i d e r	compound
সমঝোতাকে	sh o m O jh O t a k e	native
সমঝোতাটা	sh o m o jh O t a T a	native
সমঝোতাপত্র	sh o m o jh O t a p o tr o	native
সমঝোতাপত্রে	sh o m o jh O t a p o tr e	native
সমঝোতাপুর্ন	sh o m o jh O t a p u r n o	native
সমঝোতামুলক	sh o m o jh O t a m u l o k	native
সমঝোতার	sh o m O jh O t a r	native
সমঝোতায়	sh o m o jh O t a y	native
সমঞ্জস	sh o m O n j o sh	native
সমতল	sh o m O t o l	native
সমতলভুমি	sh o m o t o l bh u m i	native
সমতা	sh o m O t a	native
সমতাই	sh o m o t a i	native
সমতাও	sh o m O t a O	native
সমতাকরনের	sh o m o t a k o r o n e r	native
সমতাপুর্ন	sh o m o t a p u r n o	native
সমতাভিত্তিক	sh o m O t a bh i tt i k	native
সমতার	sh o m O t a r	native
সমতালে	sh o m o t a l e	native
সমতাসুচক	sh o m o t a sh u ch o k	native
সমতায়	sh o m o t a y	native
সমতায়ন	sh o m o t a y o n	native
সমতিত	sh o m O t i t	native
সমতুল	sh o m O t u l	native
সমত্ত	sh o m o tt o	native
সমদর্শন	sh o m O d o r sh o n	native
সমদুরত্ব	sh o m o d u r o t t o	tatsama
সমদুরত্বের	sh o m o d u r o t t e r	tatsama
সমদুরবর্তি	sh o m o d u r o b o r t i	native
সমদৃশ্টি	sh o m O d ri sh T i	tatsama
সমধর্মি	sh o m o dh o r m i	native
সমধিক	sh o m O dh i k	native
সমন	sh o m O n	native
সমনস্ক	sh o m o n O s k O	loanword
সমনে	sh o m o n e	native
সমনের	sh o m o n e r	native
সমন্ত্রক	sh o m O nt r o k	native
সমন্ধে	sh o m O ndh e	native
সমন্বিত	sh o m O n n i t O	native
সমন্বয়	sh o m O n n o y	native
সমন্বয়ই	sh o m o n n o y o i	native
সমন্বয়ও	sh o m o n n o y o O	native
সমন্বয়ক	sh o m o n n o y o k	native
সমন্বয়কারি	sh o m o n n o y o k a r i	native
সমন্বয়কারিদের	sh o m o n n o y o k a r i d e r	compound
সমন্বয়কারির	sh o m o n n o y o k a r i r	native
সমন্বয়কৃত	sh o m o n n o y o k i r t o	tatsama
সমন্বয়কের	sh o m o n n o y o k e r	native
সমন্বয়টা	sh o m o n n o y o T a	native
সমন্বয়বাদি	sh o m o n n o y o b a d i	native
সমন্বয়সুবিধা	sh o m o n n o y o sh u b i dh a	native
সমন্বয়হিন	sh o m o n n o y o h i n	native
সমন্বয়হিনতা	sh o m o n n o y o h i n o t a	native
সমন্বয়হিনতাই	sh o m o n n o y o h i n o t a i	native
সমন্বয়হিনতাকে	sh o m o n n o y o h i n o t a k e	compound
সমন্বয়হিনতার	sh o m o n n o y o h i n o t a r	native
সমন্বয়হিনতায়	sh o m o n n o y o h i n o t a y	native
সমন্বয়ে	sh o m o n n o y e	native
সমন্বয়েই	sh o m o n n o y e i	native
সমন্বয়ের	sh o m o n n o y e r	native
সমপদমর্যাদার	sh o m o p o d m o r j a d a r	native
সমপদস্থ	sh o m O p o d O sth O	native
সমপরিমানে	sh o m o p o r i m a n e	native
সমপর্যায়ভুক্ত	sh o m o p o r j a y m u kt o	compound
সমপর্যায়ে	sh o m o p o r j a y e	native
সমপর্যায়ের	sh o m o p o r j a y e r	native
সমপৃশ্ঠ	sh o m O p ri sh Th O	tatsama
সমপ্রচার	sh o m p o r ch a r	native
সমপ্রচারের	sh o m p o r ch a r e r	native
সমপ্রদায়	sh o m p o r d a y	native
সমপ্রদায়ভুক্ত	sh o m p o r d a y bh u kt o	compound
সমপ্রদায়ের	sh o m p o r d a y e r	native
সমপ্রসারন	sh o m p o r sh a r o n	native
সমপ্রসারনের	sh o m p o r sh a r o n e r	native
সমপ্রান	sh o m O pr a n o	native
সমপ্রিতি	sh o m pr i t i	native
সমপ্রিতির	sh o m pr i t i r	native
সমবন্টন	sh o m o b o n T o n o	native
সমবন্টনের	sh o m o b o n T o n e r	native
সমবর্তি	sh o m O b O r t i	native
সমবস্থ	sh o m O b o sh t O	native
সমবাএ	sh o m o b a y o	native
সমবায়	sh o m O b a y	native
সমবায়ভিত্তিক	sh o m o bh i tt i k	native
সমবায়মন্ত্রি	sh o m o b a y m o nt r i	native
সমবায়ি	sh o m o b a y i	native
সমবায়িদের	sh o m o b a y i d e r	native
সমবায়িরা	sh o m o b a y i r a	native
সমবায়ে	sh o m o b a y e	native
সমবায়ের	sh o m o b a y e r	native
সমবেতদের	sh o m O b e t O d e r	native
সমবেতভাবে	sh o m O b e t O bh a b e	native
সমবেতরা	sh o m O b e t O r a	native
সমবেদনাও	sh o m O b e d O n a O	native
সমবেদনার	sh o m O b e d O n a r	native
সমব্যথি	sh o m O b A th i	native
সমবয়সি	sh o m o b o y o sh i	native
সমবয়সিদের	sh o m o b o y o sh i d e r	native
সমবয়সির	sh o m o b o y o sh i r	native
সমভাব	sh o m O bh a b	native
সমভিব্যাহার	sh o m O bh i b A h a r	native
সমভিব্যাহারে	sh o m bh i b A h a r e	native
সমভুমি	sh o m O bh u m i	native
সমভুমির	sh o m O bh u m i r	native
সমমজুরি	sh o m o m o j u r i	native
সমমনা	sh o m o m o n a	native
সমমনাদের	sh o m o m o n a d e r	native
সমমনারা	sh o m o m o n a r a	native
সমমন্ডল	sh o m O m o n D o l	native
সমমর্মিতা	sh o m o m o r m i t a	native
সমমর্যাদা	sh o m O m o r j a d a	native
সমমর্যাদার	sh o m O m o r j a d a r	native
সমমর্যাদাসম্পন্ন	sh o m o m o r j a d a sh o mp o nn o	compound
সমমর্যাদায়	sh o m o m o r j a d a y	native
সমমান	sh o m O m a n	native
সমমানের	sh o m O m a n e r	native
সমমুলধন	sh o m o m u l o dh o n	native
সমমুল্য	sh o m O m u l l O	native
সমমুল্যের	sh o m o m u l l e r	native
সমম্বয়ে	sh o m o n n o y e	native
সমরনায়ক	sh o m O r n a y O k	native
সমরস	sh o m O r o sh	native
সমরাশি	sh o m O r a sh i	native
সমরাস্ত্র	sh o m O r a st r O	native
সমরাস্ত্রে	sh o m o r a st r e	native
সমরাস্ত্রের	sh o m O r a st r e r	native
সমরিতা	sh o m r i t a	native
সমরু	sh o m r u	native
সমরুকে	sh o m r u k e	native
সমরুচি	sh o m O r u ch i	native
সমরুল	sh m o r u l	native
সমরে	sh o m O r e	native
সমরেন্দ্র	sh o m o r e ndr o	native
সমরেশ	sh o m O r e sh	native
সমর্থ	sh o m O r th O	native
সমর্থকই	sh o m O r th O k i	native
সমর্থকগোশ্ঠি	sh o m o r th o k g O sh Th i	native
সমর্থকদের	sh o m O r th O k d e r	native
সমর্থকদেরই	sh o m o r th o k d e r i	native
সমর্থকরা	sh o m o r th o k r a	native
সমর্থকরাই	sh o m O r th o k r a i	native
সমর্থকরাও	sh o m O r th O k r a O	native
সমর্থকসহ	sh o m o r th o k sh o h O	native
সমর্থকেরাই	sh o m o r th o k e r a i	native
সমর্থকেরাও	sh o m O r th O k e r a O	native
সমর্থন	sh o m O r th O n	native
সমর্থনই	sh o m O r th O n i	native
সমর্থনও	sh o m O r th o n O	native
সমর্থনকারি	sh o m O r th O n k a r i	native
সমর্থনকারিদের	sh o m o r th o k k a r i d e r	compound
সমর্থনকারিরা	sh o m o r th o k k a r i r a	native
সমর্থনকে	sh o m O r th o n k e	native
সমর্থনজোগ্য	sh o m O r th O n j O g g O	native
সমর্থনটা	sh o m o r th o n T a	native
সমর্থনদানের	sh o m o r th o n d a n e r	native
সমর্থনপুশ্ট	sh o m O r th O n p u sh T O	native
সমর্থনবঞ্চিত	sh o m o r th o n b o n ch i t o	native
সমর্থনমুলক	sh o m o r th o n m u l o k	native
সমর্থনসুচক	sh o m o r th o n sh u ch o k	native
সমর্থনিয়	sh o m o r th o n i y o	native
সমর্থনেই	sh o m O r th o n e i	native
সমর্থনেও	sh o m o r th o n e O	native
সমর্থনের	sh o m O r th O n e r	native
সমর্থনেরও	sh o m o r th o n e r O	native
সমর্থিত	sh o m O r th i t O	native
সমর্থিতদের	sh o m o r th i t o d e r	native
সমর্পন	sh o m O r p o n	native
সমর্পনে	sh o m o r p o n e	native
সমর্পনের	sh o m O r p o n e r	native
সমর্পিত	sh o m O r p i t O	native
সমল	sh o m o l	native
সমলিংগের	sh o m o l i ng g e r	native
সমশ্টি	sh o m O sh T i	native
সমশ্টিকে	sh o m O sh T i k e	native
সমশ্টিগত	sh o m O sh T i g o t O	native
সমশ্টিগতভাবে	sh o m o sh T i g o t o bh a b e	native
সমশ্টিবাচক	sh o m O sh T i b a ch O k	native
সমশ্টির	sh o m O sh T i r	native
সমশ্বর	sh o m O sh sh o r	tatsama
সমসময়	sh o m O sh o m o y	native
সমসর	sh o m O sh o r	native
সমসাময়িক	sh o m o sh a m o y i k	native
সমসার	sh o m o sh a r	native
সমসুজোগ	sh o m o sh u j O g	native
সমসুত্র	sh o m O sh u tr O	native
সমস্তই	sh o m O st O i	native
সমস্থলি	sh o m O sth O l i	native
সমস্বরে	sh o m O sh o r e	tatsama
সমস্বামিত্ব	sh o m O sh a m i t t O	tatsama
সমস্যমান	sh o m O sh sh O m a n	native
সমস্যাই	sh o m O sh sh a i	native
সমস্যাও	sh o m O sh sh a O	native
সমস্যাকে	sh o m O sh sh a k e	native
সমস্যাকেও	sh o m o sh sh a k e	native
সমস্যাগুলোও	sh o m o sh sh a g u l O O	native
সমস্যাগুলোকে	sh o m O sh sh a g u l O k e	native
সমস্যাগুলোর	sh o m o sh sh a g u l O r	native
সমস্যাগ্রস্ত	sh o m O sh sh a gr O st O	native
সমস্যাজনক	sh o m o sh sh a j o n o k	native
সমস্যাজনিত	sh o m O sh sh a j O n i t O	native
সমস্যাজর্জরিত	sh o m o sh sh a j o r j i t o	compound
সমস্যাজুক্ত	sh o m o sh sh a j u kt o	native
সমস্যাটা	sh o m O sh sh a T a	native
সমস্যাটাও	sh o m o sh sh a T a O	native
সমস্যাটাকে	sh o m o sh sh a T a k e	native
সমস্যাটার	sh o m O sh sh a T a r	native
সমস্যাটির	sh o m O sh sh a T i r	native
সমস্যাতেই	sh o m o sh sh a t e i	native
সমস্যাদি	sh o m o sh sh a d i	native
সমস্যাবলি	sh o m O sh sh a b O l i	native
সমস্যাবলির	sh o m o sh sh a b o l i r	native
সমস্যামুক্ত	sh o m o sh sh a m u kt o	native
সমস্যারই	sh o m O sh sh a r i	native
সমস্যারও	sh o m O sh sh a r O	native
সমস্যাসংকুল	sh o m o sh sh a sh o ng k u l	native
সমস্যাসহ	sh o m O sh sh a sh o h O	native
সমস্যায়	sh o m o sh sh a y	native
সমস্যায়ও	sh o m o sh sh a y O	native
সমহারে	sh o m O h a r e	native
সমা	sh o m a	native
সমাংশ	sh o m a ng sh O	native
সমাকর্ষন	sh o m a k o r sh O n	native
সমাকর্ষি	sh o m a k O r sh i	native
সমাকির্ন	sh o m a k i r n O	native
সমাকুল	sh o m a k u l	native
সমাক্রান্ত	sh o m a kr a nt O	native
সমাক্ষ	sh o m a kkh O	tatsama
সমাক্ষর	sh o m a kkh o r	tatsama
সমাগত	sh o m a g o t O	native
সমাগমে	sh o m a g o m e	native
সমাগমের	sh o m a g o m e r	native
সমাঘ্রাত	sh o m a g gh r a t O	native
সমাচার	sh o m a ch a r	native
সমাচ্ছন্ন	sh o m a ch chh O nn O	native
সমাজই	sh o m a j i	native
সমাজকর্ম	sh o m a j k o r m O	native
সমাজকর্মি	sh o m a j k o r m i	native
সমাজকর্মিদের	sh o m a j k o r m i d e r	native
সমাজকর্মিরা	sh o m a j k o r m i r a	native
সমাজকর্মে	sh o m a j k o r m e	native
সমাজকল্যান	sh o m a j k o l l a n	native
সমাজকল্যানবিশয়ক	sh o m a j k o l l a n b o y o y o i y	compound
সমাজকল্যানমন্ত্রি	sh o m a j k o l l a n m o nt r i	compound
সমাজকল্যানমন্ত্রির	sh o m a j k o l l a n m o nt r i r	compound
সমাজকল্যানমুলক	sh o m a j k o l l a n m u l o k	compound
সমাজকল্যানসচিব	sh o m a j k o l l a n sh o ch i b	compound
সমাজকল্যানে	sh o m a j k o l l a n e	native
সমাজকল্যানের	sh o m a j k o l l a n e r	native
সমাজকাঠামোর	sh o m a j k a Th a m O r	native
সমাজকেই	sh o m a j k e i	native
সমাজকেও	sh o m a j k e O	native
সমাজচ্যুত	sh o m a j ch j u t o	native
সমাজজিবন	sh o m a j j i b o n	native
সমাজজিবনে	sh o m a j j i b o n e	native
সমাজজিবনের	sh o m a j j i b o n e r	native
সমাজটা	sh o m a j T a	native
সমাজটাকে	sh o m a j T a k e	native
সমাজতত্ত্ব	sh o m a j t o tt O	tatsama
সমাজতন্ত্রও	sh o m a j t o nt r o O	native
সমাজতন্ত্রকে	sh o m a j t o nt r o k e	native
সমাজতন্ত্রি	sh o m a j t o nt r i	native
সমাজতন্ত্রিদের	sh o m a j t o nt r i d e r	compound
সমাজতন্ত্রে	sh o m a j t o nt r e	native
সমাজতন্ত্রের	sh o m a j t o nt r e r	native
সমাজতাত্ত্বিক	sh o m a j t a tt i k	tatsama
সমাজতান্ত্রিক	sh o m a j t a nt ri k	compound
সমাজনিতি	sh o m a j n i t i	native
সমাজপতিদের	sh o m a j p o t i d e r	native
সমাজপতিরা	sh o m a j p o t i r a	native
সমাজবদলের	sh o m a j b o d o l e r	native
সমাজবাদি	sh o m a j b a d i	native
সমাজবিজ্ঞান	sh o m a j b i g g a n	tatsama
সমাজবিজ্ঞানি	sh o m a j b i g g a n i	tatsama
সমাজবিজ্ঞানিদের	sh o m a j b i g g a n i d e r	tatsama
সমাজবিজ্ঞানিরা	sh o m a j b i g g a n i r a	tatsama
সমাজবিজ্ঞানে	sh o m a j b i g g a n e	tatsama
সমাজবিজ্ঞানের	sh o m a j b i g g a n e r	tatsama
সমাজবিরোধি	sh o m a j b i r O dh i	native
সমাজবিরোধিদের	sh o m a j b i r O dh i d e r	compound
সমাজবিরোধিরা	sh o m a j b i r O dh i r a	native
সমাজবিশয়ক	sh o m a j b i sh o y o k	native
সমাজব্যবস্থা	sh o m a j b A b O sth a	native
সমাজব্যবস্থাকে	sh o m a j b j o b o sth a k e	compound
সমাজব্যবস্থার	sh o m a j b A b O sth a r	compound
সমাজব্যবস্থায়	sh o m a j b j o b o sth a y	compound
সমাজভিত্তিক	sh o m a j bh i tt i k	native
সমাজমনস্ক	sh o m a j m o n o s k o	loanword
সমাজমানস	sh o m a j m a sh	native
সমাজমানসে	sh o m a j m a sh e r	native
সমাজমানসের	sh o m a j m a sh e r	native
সমাজশক্তি	sh o m a j sh o kt i	native
সমাজসংস্কারক	sh o m a j sh o ng s k a r o k	loanword
সমাজসচেতন	sh o m a j sh o ch e t o n	native
সমাজসহ	sh o m a j sh o h O	native
সমাজসেবক	sh o m a j sh e b O k	native
সমাজসেবকের	sh o m a j sh e b o k e r	native
সমাজসেবা	sh o m a j sh e b a	native
সমাজসেবামুলক	sh o m a j sh e b a m u l o k	native
সমাজসেবার	sh o m a j sh e b a r	native
সমাজসেবায়	sh o m a j sh e b a y	native
সমাজসেবি	sh o m a j sh e b i	native
সমাজিক	sh o m a j i k	native
সমাজে	sh o m a j e	native
সমাজেই	sh o m a j e i	native
সমাজেও	sh o m a j e O	native
সমাজের	sh o m a j e r	native
সমাজেরই	sh o m a j e r i	native
সমাজেরও	sh o m a j e r O	native
সমাজোত	sh o m a j O t	native
সমাদৃত	sh o m a d r i t	tatsama
সমাদ্দার	sh o m a d d a r	native
সমাদ্দারকে	sh o m a d d a r k e	native
সমাদ্দারের	sh o m a d d a r e r	native
সমাধা	sh o m a dh a	native
সমাধানই	sh o m a dh a n i	native
সমাধানকল্পে	sh o m a dh a n k o l p e	native
সমাধানকে	sh o m a dh a n k e	native
সমাধানগুলো	sh o m a dh a n g u l O	native
সমাধানজোগ্য	sh o m a dh a n j O g g o	native
সমাধানটা	sh o m a dh a n T a	native
সমাধানটি	sh o m a dh a n T i	native
সমাধানমুলক	sh o m a dh a n m u l o k	native
সমাধানসহ	sh o m a dh a n sh o h O	native
সমাধানেই	sh o m a dh a n e i	native
সমাধানেও	sh o m a dh a n e O	native
সমাধানের	sh o m a dh a n e r	native
সমাধি	sh o m a dh i	native
সমাধিক্ষেত্র	sh o m a dh i kh e tr O	tatsama
সমাধিক্ষেত্রে	sh o m a dh i kkh e tr e	tatsama
সমাধিক্ষেত্রের	sh o m a dh i kkh e tr e r	tatsama
সমাধিসোউধ	sh o m a dh i sh O u dh o	native
সমাধিসোউধে	sh o m a dh i sh O u dh e	native
সমাধিসোউধের	sh o m a dh i sh O u dh e r	native
সমাধিস্থল	sh o m a dh i sth o l	native
সমাধিস্থলে	sh o m a dh i sth o l e	native
সমাধিস্থলের	sh o m a dh i sth o l e r	native
সমাধ্যায়ি	sh o m a d dh A y i	native
সমান	sh o m a n	native
সমানও	sh o m a n O	native
সমানভাবে	sh o m a n bh a b e	native
সমানভাবেই	sh o m a n bh a b e i	native
সমানসংখ্যক	sh o m a n sh o ng kh O k	native
সমানাধিকারের	sh o m a n a dh i k a r e r	native
সমানুপাত	sh o m a n u p a t	native
সমানুপাতিক	sh o m a n u p a t i k	native
সমানুপাতে	sh o m a n u p a t e	native
সমানে	sh o m a n e	native
সমান্তর	sh o m a nt o r	native
সমান্তরাল	sh O m a nt o r a l	native
সমান্তরালভাবে	sh o m a nt o r a l bh a b e	compound
সমান্তরালে	sh o m a nt O r a l e	native
সমাপক	sh o m a p o k	native
সমাপন	sh o m a p O n	native
সমাপনান্তে	sh o m a p o n a nt e	native
সমাপনি	sh o m a p o n i	native
সমাপনিতে	sh o m a p o n i t e	native
সমাপনির	sh o m a p o n i r	native
সমাপ্ত	sh o m a p t O	native
সমাপ্তি	sh o m a p t i	native
সমাপ্তিটা	sh o m a p t i T a	native
সমাপ্তিতে	sh o m a p t i t e	native
সমাপ্তিসুচক	sh o m a p t i sh u ch o k	native
সমাপ্য	sh o m a p p o	native
সমাবর্তন	sh o m a b o r t O n	native
সমাবর্তনে	sh o m a b O r t O n e	native
সমাবর্তনের	sh o m a b o r t O n e r	native
সমাবিশ্ট	sh o m a b i sh T O	native
সমাবৃত	sh o m a b b ri t O	tatsama
সমাবেশ	sh o m a b e sh	native
সমাবেশই	sh o m a b e sh i	native
সমাবেশও	sh o m a b e sh O	native
সমাবেশকারিদের	sh o m a b e sh k a r i d e r	compound
সমাবেশকে	sh o m a b e sh k e	native
সমাবেশগামি	sh o m a b e sh g a m i	native
সমাবেশগুলোতে	sh o m a b e sh g u l O t e	native
সমাবেশটি	sh o m a b e sh T i	native
সমাবেশসহ	sh o m a b e sh sh o h O	native
সমাবেশস্থল	sh o m a b e sth o l	native
সমাবেশস্থলে	sh o m a b e sh sth o l e	native
সমাবেশস্থলের	sh o m a b e sh sth o l e r	native
সমাবেশে	sh o m a b e sh e	native
সমাবেশেই	sh o m a b e sh e i	native
সমাবেশেও	sh o m a b e sh e O	native
সমাবেশের	sh o m a b e sh e r	native
সমাবেশেরও	sh o m a b e sh e r O	native
সমারম্ভ	sh o m a r o m bh O	native
সমারসেট	s o m a r s e T	proper_noun
সমারসেটে	s o m a r s e T e	proper_noun
সমারসেটের	s o m a r s e T e r	proper_noun
সমারুড়	sh o m a r u r O	native
সমার্থক	sh o m a r th O k	native
সমালুম	sh o m a l u m	native
সমালোচকই	sh o m a l O ch o k i	native
সমালোচকও	sh o m a l O ch o k O	native
সমালোচককে	sh o m a l O ch o k k e	native
সমালোচকের	sh o m a l O ch o k e r	native
সমালোচকেরাই	sh o m a l O ch o k e r a i	native
সমালোচকেরাও	sh o m a l O ch o k e r a O	native
সমালোচনাই	sh o m a l O ch o n a i	native
সমালোচনাও	sh o m a l O ch O n a O	native
সমালোচনাকারিদের	sh o m a l O ch o n a k a r i d e r	compound
সমালোচনাগুলো	sh o m a l O ch o n a g u l O	native
সমালোচনাটা	sh o m a l O ch o n a T a	native
সমালোচনাপুর্ন	sh o m a l O ch o n a p u r n o	compound
সমালোচনামুখর	sh o m a l O ch o n a m u kh o r	native
সমালোচনামুলক	sh o m a l O ch o n a m u l O k	native
সমালোচনারও	sh o m a l O ch o n a r O	native
সমালোচনায়	sh o m a l O ch o n a y	native
সমালোচিত	sh o m a l O ch i t O	native
সমালোচিতও	sh o m a l O ch i t O O	native
সমাস	sh o m a sh	native
সমাসংগ	sh o m a sh O ng g O	native
সমাসক্ত	sh o m a sh O kt O	native
সমাসন্ন	sh o m a sh O nn O	native
সমাসাদিত	sh o m a sh a d i t O	native
সমাসিন	sh o m a sh i n	native
সমাসে	sh o m a sh e	native
সমাসের	sh o m a sh e r	native
সমাসোক্তি	sh o m a sh O kt i	native
সমাহরন	sh o m a h o r O n	native
সমাহার	sh o m a h a r	native
সমাহারে	sh o m a h a r e	native
সমাহিত	sh o m a h i t O	native
সমাহৃত	sh o m a h ri t O	tatsama
সমিকরন	sh o m i k o r o n	native
সমিকরনই	sh o m i k o r o n i	native
সমিকরনকে	sh o m i k o r o n k e	native
সমিকরনটা	sh o m i k o r o n T a	native
সমিকরনটি	sh o m i k o r o n T i	native
সমিকরনে	sh o m i k o r o n e	native
সমিকরনের	sh o m i k o r o n e r	native
সমিক্ষ	sh O m i kkh O	tatsama
সমিক্ষা	sh O m i kkh a	tatsama
সমিক্ষাও	sh o m i kkh a	tatsama
সমিক্ষাটি	sh O m i kkh a T i	tatsama
সমিক্ষাটির	sh o m i kkh a T i r o	tatsama
সমিক্ষার	sh O m i kkh a r	tatsama
সমিক্ষায়	sh o m i kkh a y o	tatsama
সমিচিন	sh O m i ch i n	native
সমিঞ্চলিত	sh o m i n ch o l i t o	native
সমিতিই	sh o m i t i i	native
সমিতিও	sh O m i t i O	native
সমিতিকে	sh o m i t i k e	native
সমিতিকেন্দ্রিক	sh o m i t i k e ndr i k	compound
সমিতিগুলো	sh o m i t i g u l O	native
সমিতিগুলোকে	sh o m i t i g u l O k e	native
সমিতিটি	sh o m i t i T i	native
সমিতিরও	sh o m i t i r O	native
সমিদ্ধ	sh O m i d dh O	tatsama
সমিপ	sh O m i p O	native
সমিপে	sh o m i p e	native
সমিপেশু	sh O m i p e sh u	native
সমিভবন	sh O m i bh o b O n	native
সমির	sh O m i r	native
সমিরকে	sh o m i r k e	native
সমিরন	sh o m i r o n	native
সমিরের	sh o m i r e r	native
সমিহ	sh O m i h O	native
সমিহা	sh O m i h a	native
সমিহের	sh O m i h e r	native
সমিৎ	sh o m i t	native
সমু	sh o m u	native
সমুখে	sh o m u kh e	native
সমুচ্চ	sh O m u ch ch O	native
সমুচ্চার	sh O m u ch ch a r	native
সমুচ্চারন	sh O m u ch ch a r O n	native
সমুচ্চার্য	sh O m u ch ch a r j O	native
সমুচ্ছল	sh O m u ch chh o l	native
সমুচ্ছিন্ন	sh O m u ch chh i nn O	native
সমুচ্ছেদ	sh O m u ch chh e d	native
সমুচ্ছ্বাস	sh O m u ch chh a sh	loanword
সমুচয়	sh o m u ch o y	native
সমুজ	sh o m u j	native
সমুজ্জ্বল	sh o m u j j o l	tatsama
সমুজ্ঝিত	sh o m u j jh i t O	native
সমুঝা	sh o m u jh a	native
সমুত্থান	sh O m u t th a n	native
সমুত্থিত	sh O m u t th i t O	native
সমুদার	sh O m u d a r	native
সমুদিত	sh O m u d i t O	native
সমুদ্গত	sh O m u d g o t O	native
সমুদ্গির্ন	sh O m u d g i r n O	native
সমুদ্ধত	sh O m u d dh o t O	tatsama
সমুদ্ধর্তা	sh o m u d dh o r t a	tatsama
সমুদ্ভব	sh O m u d bh o b	native
সমুদ্ভাসন	sh o m u d bh a sh o n	native
সমুদ্ভাসিত	sh O m u d bh a sh i t O	native
সমুদ্ভ্রান্ত	sh O m u d bh r a nt O	native
সমুদ্যত	sh O m u d d o t O	native
সমুদ্যম	sh O m u d d o m	native
সমুদ্রই	sh o m u d r o i	native
সমুদ্রও	sh o m u d r o O	native
সমুদ্রকে	sh o m u d r o k e	native
সমুদ্রগামি	sh O m u d r O g a m i	native
সমুদ্রজল	sh o m u d r o j o l	native
সমুদ্রজলের	sh o m u d r o j o l e r	native
সমুদ্রজয়	sh o m u d r o j o y	native
সমুদ্রজয়ে	sh o m u d r o j o y e	native
সমুদ্রজয়ের	sh o m u d r o j o y e r	native
সমুদ্রঝড়	sh o m u d r o jh o r	native
সমুদ্রতট	sh o m u d r o t o T	native
সমুদ্রতটের	sh o m u d r o t o T e r	native
সমুদ্রতলের	sh o m u d r o t o l e r	native
সমুদ্রতির	sh o m u d r o t i r	native
সমুদ্রতিরবর্তি	sh O m u d r O t i r O b O r t i	compound
সমুদ্রতিরে	sh O m u d r O t i r e	native
সমুদ্রতিরের	sh O m u d r O t i r e r	native
সমুদ্রদুশন	sh o m u d r o d u sh o n	native
সমুদ্রদুশনের	sh o m u d r o d u sh o n e r	native
সমুদ্রপথ	sh O m u d r O p o th	native
সমুদ্রপথে	sh O m u d r O p o th e	native
সমুদ্রপারের	sh o m u d r o p a r e r	native
সমুদ্রপৃশ্ঠ	sh O m u d r O p ri sh Th O	tatsama
সমুদ্রপৃশ্ঠের	sh O m u d r O p ri sh Th e r	tatsama
সমুদ্রবক্ষ	sh o m u d r o b o kkh o	tatsama
সমুদ্রবক্ষে	sh o m u d r o b o kkh e	tatsama
সমুদ্রবক্ষের	sh o m u d r o b o kkh e r	tatsama
সমুদ্রবন্দর	sh o m u d r o b o nd o r	native
সমুদ্রবন্দরগুলো	sh o m u d r o b o nd o r g u l O	compound
সমুদ্রবন্দরগুলোর	sh o m u d r o b o nd o r g u l O r	compound
সমুদ্রবন্দরটি	sh o m u d r o b o nd o r T i	compound
সমুদ্রবন্দরে	sh O m u d r O b o nd O r e	native
সমুদ্রবিজ্ঞান	sh o m u d r o b i g g a n	tatsama
সমুদ্রবিরোধ	sh o m u d r o b i r O dh o	native
সমুদ্রবিশয়ক	sh o m u d r o b i sh o y o k	native
সমুদ্রমাতৃকও	sh o m u d r o m a t r i k	tatsama
সমুদ্রসইকতে	sh O m u d r O sh O i k o t e	native
সমুদ্রসইকতের	sh o m u d r O sh O i k o t e r	native
সমুদ্রসম্পদ	sh o m u d r o sh o mp o d	native
সমুদ্রসিমা	sh O m u d r O sh i m a	native
সমুদ্রসিমাটি	sh o m u d r o sh i m a T i	native
সমুদ্রসিমানা	sh o m u d r o sh i m a n a	native
সমুদ্রসিমান্ত	sh o m u d r o sh i m a nt o	compound
সমুদ্রসিমাবিশয়ক	sh o m u d r o sh i m a b i sh o y o k	compound
সমুদ্রসিমার	sh O m u d r O sh i m a r	native
সমুদ্রসিমাসংক্রান্ত	sh o m u d r o sh i m a sh o ng kr a nt o	compound
সমুদ্রসিমায়	sh o m u d r o sh i m a y	native
সমুদ্রসোইকত	sh o m u d r o sh O i k o t o	native
সমুদ্রসোইকতও	sh o m u d r o sh O i k o t O	native
সমুদ্রসোইকতকে	sh o m u d r o sh O i k o t k e	compound
সমুদ্রসোইকতসংলগ্ন	sh o m u d r o sh O i k o t sh o ng l o g n o	compound
সমুদ্রসোইকতসহ	sh o m u d r o sh O i k o t sh o h O	compound
সমুদ্রসোইকতে	sh o m u d r o sh O i k o t e	native
সমুদ্রসোইকতের	sh o m u d r o sh O i k o t e r	compound
সমুদ্রে	sh O m u d r e	native
সমুদ্রেই	sh o m u d r e i	native
সমুদ্রের	sh O m u d r e r	native
সমুদয়	sh o m u d o y	native
সমুন্দ	sh O m u nd O	native
সমুন্দর	sh o m u nd o r	native
সমুন্নয়	sh o m u nn o y o	native
সমুন্নয়ের	sh o m u nn o y e r	native
সমুপচিত	sh o m u p O ch i t O	native
সমুপস্থিত	sh O m u p O sth i t	native
সমুপেত	sh o m u p e t O	native
সমুল	sh o m u l	native
সমুলক	sh o m u l o k	native
সমুলে	sh o m u l e	native
সমুল্লসিত	sh o m u l l O sh i t O	native
সমুহ	sh O m u h O	native
সমুহে	sh O m u h e	native
সমুহের	sh O m u h e r	native
সমুৎকর্ন	sh O m u t k o r n O	native
সমুৎকির্ন	sh O m u t k i r n O	native
সমুৎসুক	sh O m u t sh u k	native
সমৃদ্ধ	sh o m r i d dh O	tatsama
সমৃদ্ধকরন	sh o m i r d o dh o k o r o n	tatsama
সমৃদ্ধকরনের	sh o m i r d o dh o k o r o n e r	tatsama
সমৃদ্ধতর	sh o m i r d o dh o t o r	tatsama
সমৃদ্ধময়	sh o m i r d o dh o m o y	tatsama
সমৃদ্ধশালি	sh O m r i d dh O sh a l i	tatsama
সমৃদ্ধি	sh o m r i d dh i	tatsama
সমৃদ্ধিকে	sh o m i r d o dh i k e	tatsama
সমৃদ্ধিতে	sh o m i r d o dh i t e	tatsama
সমৃদ্ধির	sh o m i r d o dh i r	tatsama
সমৃদ্ধিশালি	sh o m ri d dh i sh a l i	tatsama
সমে	sh o m e sh o m e	native
সমেঞ্চলনে	sh o m e n ch o l o n e	native
সমেত	sh o m e t	native
সমোশ্ন	sh o m O sh n o	native
সমোশ্নদের	sh o m O sh n o d e r	native
সম্পত্তিই	sh o mp O tt i i	native
সম্পত্তিও	sh o mp o tt i O	native
সম্পত্তিকে	sh o mp o tt i k e	native
সম্পত্তিগুলো	sh o mp o tt i g u l O	native
সম্পত্তিটি	sh o mp O tt i T i	native
সম্পত্তিতে	sh o mp O tt i t e	native
সম্পত্তিসংক্রান্ত	sh o mp o tt i sh o ng kr a nt o	compound
সম্পত্তিসহ	sh o mp o tt i sh o h O	native
সম্পত্তিহিন	sh o mp o tt i h i n	native
সম্পদ	sh o mp o d	native
সম্পদকে	sh o mp o d k e	native
সম্পদটি	sh o mp o d T i	native
সম্পদবিশয়ক	sh o mp o d b i sh o y o k	native
সম্পদভিত্তিক	sh o mp o d bh i tt i k o	native
সম্পদমন্ত্রি	sh o mp o d m o nt r i	native
সম্পদমুল্য	sh o mp o d m u l l o	native
সম্পদমুল্যের	sh o mp o d m u l l e r	native
সম্পদশালি	sh o mp o d sh a l i	native
সম্পদশালিদের	sh o mp o d sh a l i d e r	native
সম্পদশালিরা	sh o mp o d sh a l i r a	native
সম্পদসহ	sh o mp o d sh o h O	native
সম্পদহিন	sh o mp o d h i n	native
সম্পদেরও	sh o mp o d d e r O	native
সম্পন্ন	sh o mp O nn O	native
সম্পন্নকারি	sh o mp o d k a r i	native
সম্পন্নের	sh o mp O nn e r	native
সম্পর্ক	sh o mp O r k O	native
সম্পর্কই	sh o mp O r k O i	native
সম্পর্ককে	sh o mp O r k O k e	native
সম্পর্ককেই	sh o mp o r k o k e i	native
সম্পর্কগুলো	sh o mp o r k O g u l O	native
সম্পর্কচ্ছেদ	sh o mp o r k O ch chh e d	native
সম্পর্কচ্ছেদের	sh o mp o r k o ch chh e d e r	compound
সম্পর্কজুক্ত	sh o mp O r k O j u kt O	native
সম্পর্কটা	sh o mp O r k O T a	native
সম্পর্কটাও	sh o mp O r k O T a O	native
সম্পর্কটাকে	sh o mp O r k O T a k e	native
সম্পর্কটি	sh o mp O r k O T i	native
সম্পর্কবিশয়ক	sh o mp o r k o b i sh o y o k	native
সম্পর্কসহ	sh o mp o r k o sh o h O	native
সম্পর্কহিন	sh o mp o r k O h i n	native
সম্পর্কিত	sh o mp O r k i t O	native
সম্পর্কিয়	sh o mp o r k i y	native
সম্পর্কে	sh o mp o r k e	native
সম্পর্কেই	sh o mp O r k e i	native
সম্পর্কেও	sh o mp O r k e O	native
সম্পর্কের	sh o mp O r k e r	native
সম্পর্কেরও	sh o mp o r k e r o O	native
সম্পর্কোন্নয়ন	sh o mp o r k O nn o y o n	compound
সম্পর্কোন্নয়নে	sh o mp o r k O nn o y o n e	compound
সম্পর্কোন্নয়নের	sh o mp o r k O nn o y o n e r	compound
সম্পা	sh o mp a	native
সম্পাত	sh o mp a t	native
সম্পাদকও	sh o mp a d O k O	native
সম্পাদককে	sh o mp a d O k k e	native
সম্পাদককেও	sh o mp a d o k k e O	native
সম্পাদকমন্ডলির	sh o mp a d O k m o n D O l i r	compound
সম্পাদকরা	sh o mp a d O k r a	native
সম্পাদকসহ	sh o mp a d O k sh o h O	native
সম্পাদকিয়	sh o mp a d O k i O	native
সম্পাদকিয়টি	sh o mp a d o k i y T i	native
সম্পাদকিয়তে	sh o mp a d o k i y t e	native
সম্পাদকিয়র	sh o mp a d o k i y r	native
সম্পাদকের	sh o mp a d O k e r	native
সম্পাদকেরা	sh o mp a d o k e r a	native
সম্পাদনকারি	sh o mp a d o n k a r i	native
সম্পাদনকালে	sh o mp a d o n k a l e	native
সম্পাদনাও	sh o mp a d o n a O	native
সম্পাদনায়	sh o mp a d o n a y	native
সম্পাদনে	sh o mp a d o n e	native
সম্পাশ	sh o mp a sh	native
সম্পু	sh o mp u	native
সম্পুরক	sh o mp u r o k	native
সম্পুর্ন	sh o mp u r n O	native
সম্পুর্নই	sh o mp u r n O i	native
সম্পুর্নটা	sh o mp u r n o T a	native
সম্পুর্নটাই	sh o mp u r n o T a i	native
সম্পুর্নত	sh o mp u r n o t o	native
সম্পুর্নতা	sh o mp u r n o t a	native
সম্পুর্নভাবে	sh o mp u r n O bh a b e	native
সম্পুর্নভাবেই	sh o mp u r n O bh a b e i	compound
সম্পুর্নরুপে	sh o mp u r n O r u p e	native
সম্পৃক্তকরন	sh o mp r i kt o k o r o n	tatsama
সম্পৃক্তকরনের	sh o mp r i kt o k o r o n e r	tatsama
সম্পৃক্ততা	sh o mp ri kt O t a	tatsama
সম্পৃক্ততাই	sh o mp r i kt o t a i	tatsama
সম্পৃক্ততাও	sh o mp r i kt o t a O	tatsama
সম্পৃক্ততাকে	sh o mp r i kt o t a k e	tatsama
সম্পৃক্ততাকেই	sh o mp r i kt o t a k e i	tatsama
সম্পৃক্ততার	sh o mp ri kt O t a r	tatsama
সম্পৃক্ততায়	sh o mp r i kt o t a y	tatsama
সম্পৃক্তার	sh o mp r i kt o t a r	tatsama
সম্পৃক্তি	sh o mp r i kt i	tatsama
সম্পেশ	sh o mp e sh	native
সম্পোশ্য	sh o mp O sh sh O	native
সম্প্রচারও	sh o mp r o ch a r O	loanword
সম্প্রচারক	sh o mp r o ch a r o k	loanword
সম্প্রচারকারি	sh o mp r o ch a r k a r i	loanword
সম্প্রচারকারিদের	sh o mp r o ch a r k a r i d e r	loanword
সম্প্রচারকেন্দ্রে	sh o mp r o ch a r k e ndr e	loanword
সম্প্রচারমন্ত্রি	sh o mp r o ch a r m o nt r i	loanword
সম্প্রচারমাধ্যমের	sh o mp r o ch a r m a d dh o m e	loanword
সম্প্রচারিত	sh o mp r O ch a r i t O	loanword
সম্প্রচারে	sh o mp r O ch a r e	loanword
সম্প্রচারের	sh o mp r O ch a r e r	loanword
সম্প্রতি	sh o mp r o t i	loanword
সম্প্রদাতা	sh o mp r o d a t a	loanword
সম্প্রদান	sh o mp r O d a n	loanword
সম্প্রদায়	sh o mp r O d a y	loanword
সম্প্রদায়ই	sh o mp r o d a y o i	loanword
সম্প্রদায়ও	sh o mp r o d a y O	loanword
সম্প্রদায়কে	sh o mp r o d a y k e	loanword
সম্প্রদায়গুলোকে	sh o mp r o d a y g u l O k e	loanword
সম্প্রদায়গুলোর	sh o mp r o d a y g u l O r	loanword
সম্প্রদায়ভুক্ত	sh o mp r o d a y bh u kt o	loanword
সম্প্রদায়সহ	sh o mp r o d a y sh o h O	loanword
সম্প্রদায়ে	sh o mp r o d a y e	loanword
সম্প্রদায়ের	sh o mp r O d a y e r	loanword
সম্প্রদায়েরও	sh o mp r o d a y e r o O	loanword
সম্প্রভাত	sh o mp r O bh a t	loanword
সম্প্রসারক	sh o mp r o sh a r o k	loanword
সম্প্রসারন	sh o mp r o sh a r o n	loanword
সম্প্রসারনকে	sh o mp r o sh a r o n k e	loanword
সম্প্রসারনবাদি	sh o mp r o sh a r o n b a d i	loanword
সম্প্রসারনমুখি	sh o mp r o sh a r o n m u kh i	loanword
সম্প্রসারনমুলক	sh o mp r o sh a r o n m u l o k	loanword
সম্প্রসারনশিল	sh o mp r o sh a r o n sh i l	loanword
সম্প্রসারনসহ	sh o mp r o sh a r o n sh o h O	loanword
সম্প্রসারনে	sh o mp r o sh a r o n e	loanword
সম্প্রসারনের	sh o mp r o sh a r o n e r	loanword
সম্প্রসারিত	sh o mp r O sh a r i t O	loanword
সম্প্রাপ্ত	sh o mp r a p t O	loanword
সম্প্রিতি	sh o mp ri t i	loanword
সম্প্রিতির	sh O mp ri t i r	loanword
সম্প্র্রচার	sh o mp r o ch a r	loanword
সম্প্র্রচারের	sh o mp r o ch a r e r	loanword
সম্প্র্রতি	sh o mp r o t i	loanword
সম্প্র্রদায়ের	sh o mp r o d a y e r	loanword
সম্প্র্রসারন	sh o mp r o sh a r o n	loanword
সম্প্র্রসারনের	sh o mp r o sh a r o n e r	loanword
সম্পৎ	sh o mp o t	native
সম্বদ্ধ	sh o mb o d dh O	tatsama
সম্বন্ধ	sh o mb o ndh O	native
সম্বন্ধটা	sh o mb o ndh o n T a	native
সম্বন্ধি	sh o mb o ndh i	native
সম্বন্ধে	sh o mb o ndh e	native
সম্বন্ধেও	sh o mb o ndh e O	native
সম্বরা	r sh o mb o r a	native
সম্বরিয়া	sh o mb O r i y a	native
সম্বরু	sh o mb O r u	native
সম্বর্ধনা	sh o mb o r dh O n a	native
সম্বর্ধিত	sh o mb o r dh i t O	native
সম্বল	sh o mb O l	native
সম্বলটুকু	sh o mb o l T u k u	native
সম্বলহিন	sh o mb o l h i n	native
সম্বাদপত্র	sh o mb a d p o tr O	native
সম্বাধ	sh o mb a dh	native
সম্বায়	sh o mb a y	native
সম্বিত	sh o mb i t O	native
সম্বুদ্ধ	sh O mb u d dh O	tatsama
সম্বোধন	sh o mb O dh O n	native
সম্বোধনে	sh o mb O dh o n e	native
সম্বোধনের	sh o mb O dh o n e r	native
সম্বোধা	sh o mb O dh a	native
সম্বোধি	sh o mb O dh i	native
সম্ভব	sh o m bh o b	native
সম্ভবই	sh o bh u m i m bh o b i	native
সম্ভবকে	sh o m bh o b k e	native
সম্ভবত	sh o m bh O b o t O	native
সম্ভবপর	sh o m bh o b p o r	native
সম্ভবের	sh o m bh o b e r	native
সম্ভাবনাই	sh o m bh a b O n a i	native
সম্ভাবনাও	sh o m bh a b O n a O	native
সম্ভাবনাকেও	sh o m bh a b o n a k e O	native
সম্ভাবনাগুলো	sh o m bh a b o n a g u l O	native
সম্ভাবনাটা	sh o m bh a b O n a T a	native
সম্ভাবনাটাকে	sh o m bh a b o n a T a k e	native
সম্ভাবনাটি	sh o m bh a b o n a T i	native
সম্ভাবনাময়	sh o m bh a b o n a m o y	native
সম্ভাবনাহিন	sh o m bh a b o n a h i n o	native
সম্ভাবনায়	sh o m bh a b o n a y o	native
সম্ভাব্যতা	sh o m bh a b b O t a	native
সম্ভার	sh o m bh a r	native
সম্ভারের	sh o m bh a r e r	native
সম্ভাশন	sh o m bh a sh o n	native
সম্ভাশনে	sh o m bh a sh o n e	native
সম্ভাশনের	sh o m bh a sh o n e r	native
সম্ভাশা	sh o m bh a sh a	native
সম্ভুত	sh O m bh u t O	native
সম্ভুপুরা	sh o m bh u p u r a	native
সম্ভুয়সমুত্থান	sh O m bh u y O sh O m u t th a n	compound
সম্ভেদ	sh o m bh e d	native
সম্ভোগ	sh o m bh O g	native
সম্ভ্রম	sh o m bh r O m	native
সম্ভ্রমহানি	sh o m bh r O m h a n i	native
সম্ভ্রমহানির	sh o m bh r O m h a n i r	native
সম্ভ্রমের	sh o m bh r O m e r	native
সম্মত	sh o mm o t O	native
সম্মতি	sh o mm O t i	native
সম্মতিও	sh o mm o t i O	native
সম্মতিতেই	sh o mm O t i t e i	native
সম্মতিদান	sh o mm o t i d a n	native
সম্মতিদানের	sh o mm o t i d a n e r	native
সম্মতিপত্র	sh o mm O t i p o tr O	native
সম্মতিপত্রটি	sh o mm o t i p o tr o T i	native
সম্মতিপত্রে	sh o mm o t i p o tr e	native
সম্মতিসুচক	sh o mm o t i sh u ch o k	native
সম্মানই	sh o mm a n i	native
সম্মানও	sh o mm a n O	native
সম্মানকে	sh o mm a n k e	native
সম্মানজনকভাবে	sh o mm a n j o n O k bh a b e	compound
সম্মানটা	sh o mm a n T a	native
সম্মানটুকুও	sh o mm a n T u k u	native
সম্মাননা	sh o mm a n O n a	native
সম্মাননাই	sh o mm a n n a i	native
সম্মাননাও	sh o mm a n o n a O	native
সম্মাননাপত্র	sh o mm a n O n a p o tr O	native
সম্মাননার	sh o mm a n O n a r	native
সম্মাননায়	sh o mm a n n a y	native
সম্মানবোধ	sh o mm a n b O dh	native
সম্মানবোধের	sh o mm a n b O dh e r	native
সম্মানসহ	sh o mm a n sh o h O	native
সম্মানসুচক	sh o mm a n sh u ch o k	native
সম্মানহানি	sh o mm a n h a n i	native
সম্মানহানিকর	sh o mm a n h a n i k o r	native
সম্মানি	sh o mm a n i	native
সম্মানিও	sh o mm a n i O	native
সম্মানির	sh o mm a n i r	native
সম্মানিয়	sh o mm a n i y	native
সম্মানের	sh o mm a n e r	native
সম্মার্জক	sh o mm a r j o k	native
সম্মার্জন	sh o mm a r j o n	native
সম্মার্জিত	sh o mm a r j i t o	native
সম্মিত	sh O mm i t O	native
সম্মিলন	sh O mm i l O n	native
সম্মিলনি	sh o mm i l o n i	native
সম্মিলনিতে	sh o mm i l o n i t e	native
সম্মিলনির	sh o mm i l o n i r	native
সম্মিলনে	sh o mm i l o n e	native
সম্মিলনের	sh o mm i l o n e r	native
সম্মিলিত	sh o mm i l i t O	native
সম্মিলিতভাবে	sh O mm i l i t O bh a b e	native
সম্মিলিতভাবেই	sh o mm i l i t o bh a b e i	compound
সম্মুখ	sh o mm u kh	native
সম্মুখজুদ্ধ	sh o mm u kh j u d dh o	tatsama
সম্মুখজুদ্ধে	sh o mm u kh j u d dh e	tatsama
সম্মুখভাগ	sh o mm u kh bh a g o	native
সম্মুখভাগে	sh o mm u kh bh a g e	native
সম্মুখসমরে	sh o mm u kh o sh o m o r e	native
সম্মুখিন	sh o mm u kh i n	native
সম্মুখের	sh o mm u kh e r	native
সম্মেলক	sh o mm e l o k	native
সম্মেলনই	sh o mm e l o n i	native
সম্মেলনকক্ষ	sh o mm e l o n k o kkh o	tatsama
সম্মেলনকক্ষে	sh o mm e l o n k o kkh e	tatsama
সম্মেলনকে	sh o mm e l O n k e	native
সম্মেলনকেন্দ্র	sh o mm e l o n k e ndr o	compound
সম্মেলনকেন্দ্রে	sh o mm e l o n k e ndr e	compound
সম্মেলনকেন্দ্রের	sh o mm e l o n k e ndr e r	compound
সম্মেলনগুলোর	sh o mm e l o n g u l O r	native
সম্মেলনটা	sh o mm e l o n T a	native
সম্মেলনটির	sh o mm e l o n T i r	native
সম্মেলনসহ	sh o mm e l o n sh o h O	native
সম্মেলনস্থল	sh o mm e l o n sth o l	native
সম্মেলনস্থলে	sh o mm e l o n sth o l e	native
সম্মেলনেই	sh o mm e l o n e i	native
সম্মেলনেও	sh o mm e l O n e O	native
সম্মোধনের	sh o mm O dh o n e r	native
সম্মোহ	sh o mm O h O	native
সম্মোহন	sh o mm O h O n	native
সম্মোহনি	sh o mm O h O n i	native
সম্যকভাবে	sh o m m o k o bh a b e	native
সম্রাজ্ঞি	sh o m r a g g i	tatsama
সম্রাজ্ঞির	sh o m r a g g i r	tatsama
সম্রাট	sh O m r a T	native
সম্রাটকে	sh o m r a T k e	native
সম্রাটদের	sh o m r a T d e r	native
সম্রাটরা	sh o m r a T r a	native
সম্রাটের	sh o m r a T e r	native
সময়ই	sh o m o y i	native
সময়ও	sh o m o y O	native
সময়কার	sh o m o y k a r	native
সময়কাল	sh o m o y k a l	native
সময়কালকে	sh o m o y k a l l o k e	native
সময়কালে	sh o m o y k a l e	native
সময়কালেই	sh o m o y k a l e i	native
সময়কালের	sh o m o y k a l e r	native
সময়কে	sh o m o y k e	native
সময়কেই	sh o m o y k e i	native
সময়ক্ষেপন	sh o m o y kkh e p o n	tatsama
সময়ক্ষেপনের	sh o m o y kkh e p o n e r	tatsama
সময়গুলো	sh o m o y g u l O	native
সময়গুলোকে	sh o m o y g u l O k e	native
সময়গুলোতে	sh o m o y g u l O t e	native
সময়জুড়ে	sh o m o y j u r e	native
সময়জুড়েই	sh o m o y j u r e i	native
সময়টা	sh o m O y T a	native
সময়টাই	sh o m o y T a i	native
সময়টাও	sh o m o y T a O	native
সময়টাকে	sh o m o y T a k e	native
সময়টাকেই	sh o m o y T a k e i	native
সময়টাতে	sh o m o y T a t e	native
সময়টাতেই	sh o m o y T a t e i	native
সময়টাতেও	sh o m o y T a t e O	native
সময়টার	sh o m o y T a r	native
সময়টায়	sh o m o y T a y	native
সময়টি	sh o m o y T i	native
সময়টিকে	sh o m o y T i k e	native
সময়টিতে	sh o m o y T i t e	native
সময়টিতেই	sh o m o y T i t e i	native
সময়টির	sh o m o y T i r	native
সময়টুকু	sh o m o y T u k u	native
সময়টুকুও	sh o m o y T u k u O	native
সময়টুকুতে	sh o m o y T u k u t e	native
সময়টুকুর	sh o m o y T u k u r	native
সময়ব্যাপি	sh o m o y b A p i	native
সময়ভিত্তিক	sh o m o y bh i tt i k	native
সময়মতো	sh o m O y m o t O	native
সময়মতোই	sh o m o y m o t O i	native
সময়মুখি	sh o m o y m u kh i	native
সময়সহ	sh o m o y sh o h O	native
সময়সাপেক্ষ	sh o m o y sh a p e kkh e	tatsama
সময়সিমা	sh o m o y sh i m a	native
সময়সিমাও	sh o m o y sh i m a O	native
সময়সিমাকে	sh o m o y sh i m a k e	native
সময়সিমার	sh o m o y sh i m a r	native
সময়সুচি	sh o m o y sh u ch i	native
সময়সুচিতে	sh o m o y sh u ch i t e	native
সময়সুচিভিত্তিক	sh o m o y sh u ch i bh i tt i k	compound
সময়সুচির	sh o m o y sh u ch i r	native
সময়স্বল্পতার	sh o m o y sh o l p o t a r	tatsama
সময়ানুবর্তিতা	sh o m o y a n u b o r t i t a	compound
সময়ানুবর্তিতার	sh o m o y a n u b o r t i t a r	compound
সময়ে	sh o m o y e	native
সময়েই	sh o m o y e i	native
সময়েও	sh o m o y e O	native
সময়ের	sh o m o y e r	native
সময়েরই	sh o m o y e r o i	native
সময়েরও	sh o m o y e r o O	native
সময়োচিত	sh o m o y O ch i t	native
সময়োপজোগি	sh o m o y O p o j O g i	native
সরঃ	sh o r O h	tatsama
সরওয়ার	sh o r o O y a r	native
সরওয়ারকে	sh o r o O y a r k e	native
সরওয়ারের	sh o r o O y a r e r	native
সরকারই	sh o r k a r i	native
সরকারও	sh o r k a r O	native
সরকারকে	sh o r k a r k e	native
সরকারকেই	sh o r k a r k e i	native
সরকারকেও	sh o r k a r k e O	native
সরকারগুলো	sh o r k a r g u l O	native
সরকারগুলোও	sh o r k a r g u l O O	native
সরকারগুলোকে	sh o r k a r g u l O k e	native
সরকারগুলোর	sh o r k a r g u l O r	native
সরকারঘোশিত	sh o r k a r gh O sh i t o	native
সরকারটি	sh o r k a r T i	native
সরকারদলিয়	sh o r k a r d O l i O	native
সরকারদলিয়দের	sh o r k a r d o l i y d e r	native
সরকারদলিয়রা	sh o r k a r d o l i y r a	native
সরকারনির্ধারিত	sh o r k a r n i r dh a r i t o	compound
সরকারনিয়ন্ত্রিত	sh o r k a r n i y o nt r i t o	compound
সরকারপক্ষ	sh o r k a r p o kkh O	tatsama
সরকারপক্ষকে	sh o r k a r p o kkh o k e	tatsama
সরকারপক্ষে	sh o r k a r p o kkh e	tatsama
সরকারপক্ষের	sh o r k a r p O kkh e r	tatsama
সরকারপদ্ধতি	sh o r k a r p o d dh o t i	tatsama
সরকারপদ্ধতিতে	sh o r k a r p o d dh o t i t e	tatsama
সরকারপদ্ধতির	sh o r k a r p o d dh o t i r	tatsama
সরকারপন্থি	sh o r k a r p o n th i	native
সরকারপাড়া	sh o r k a r p a r a	native
সরকারপ্রধানই	sh o r k a r pr o dh a n i	native
সরকারপ্রধানকে	sh o r k a r pr o dh a n k e	compound
সরকারপ্রধানদের	sh o r k a r pr O dh a n d e r	compound
সরকারপ্রধানের	sh o r k a r pr O dh a n e r	compound
সরকারপ্রধানেরা	sh o r k a r pr o dh a n e r a	compound
সরকারবিরোধি	sh o r k a r b i r O dh i	native
সরকারবিরোধিদের	sh o r k a r b i r O dh i d e r	compound
সরকারবিরোধিরা	sh o r k a r b i r O dh i r a	compound
সরকারবিশয়ক	sh o r k a r b i sh o y o k	native
সরকারবিহিন	sh o r k a r b i h i n	native
সরকারব্যবস্থা	sh o r k a r b A b O sth a	compound
সরকারব্যবস্থাই	sh o r k a r b A b o sth a i	compound
সরকারব্যবস্থাও	sh o r k a r b A b o sth a O	compound
সরকারব্যবস্থাকে	sh o r k a r b A b o sth a k e	compound
সরকারব্যবস্থাটি	sh o r k a r b A b o sth a T i	compound
সরকারব্যবস্থায়	sh o r k a r b A b o sth a y	compound
সরকারমন্ত্রি	sh o r k a r m o nt r i	native
সরকারমন্ত্রির	sh o r k a r m o nt r i r	compound
সরকারসংক্রান্ত	sh o r k a r sh o ng kr a nt o	compound
সরকারসচিব	sh o r k a r sh o ch i b	native
সরকারসমর্থক	sh o r k a r sh o sh o m o r th o k o	native
সরকারসহ	sh o r k a r sh o h O	native
সরকারিকরন	sh o r k a r i k o r o n	native
সরকারিকরনের	sh o r k a r i k o r o n e r	native
সরকারিভাবেই	sh o r k a r i bh a b e i	native
সরকারিভাবেও	sh o r k a r i bh a b e O	native
সরকারে	sh o r k a r e	native
সরকারেই	sh o r k a r e i	native
সরকারেও	sh o r k a r e O	native
সরকারের	sh o r k a r e r	native
সরকারেরই	sh o r k a r e r i	native
সরকারেরও	sh o r k a r e r O	native
সরগম	sh o r g o m	native
সরগরম	sh o r g o r O m	native
সরছিল	sh o r chh i l o	native
সরছে	sh O r chh e	native
সরজমিন	sh o r j o m i n	native
সরজমিনে	sh o r o j o m i n e	native
সরঞ্জাম	sh o r O n j a m	native
সরঞ্জামও	sh o r O n j a m O	native
সরঞ্জামগুলো	sh o r o n j a m g u l O	native
সরঞ্জামসহ	sh o r O n j a m sh o h O	native
সরঞ্জামাদি	sh o r O n j a m a d i	native
সরঞ্জামে	sh o r o n j a m e	native
সরঞ্জামের	sh o r O n j a m e r	native
সরট	sh o r O T	native
সরত	sh o r O t	native
সরদ	sh o r o d	native
সরদার	sh o r d a r	native
সরদারকে	sh o r d a r k e	native
সরদারপাড়া	sh o r d a r p a r a	native
সরদারপাড়ার	sh o r d a r p a r a r	native
সরন	sh o r O n	native
সরনি	sh o r o n i	native
সরনি-এ	sh O r O n i e	native
সরনিতে	sh o r o n i t e	native
সরনির	sh o r o n i r	native
সরন্দিপ	sh o r O nd i p	native
সরপুটি	sh o r p u T i	native
সরপুরিয়া	sh o r p u r i y a	native
সরপেচ	sh o r p e ch	native
সরফরাজ	sh o r ph o r a j	native
সরফরাজকে	sh o r ph o r a j k e	native
সরফরাজের	sh o r ph o r a j e r	native
সরফর্দা	sh o r ph o r d a	native
সরফি	sh o r o ph i	native
সরফুদ্দিন	sh o r o ph u d d i n	native
সরব	sh o r o b	native
সরবত	sh o r b O t	native
সরবর	sh o r O b o r	native
সরবরাহও	sh o r b o r a h O O	native
সরবরাহকারি	sh o r b o r a h o k a r i	native
সরবরাহকারিদের	sh o r b o r a h O k a r i d e r	compound
সরবরাহকারির	sh o r b o r a h O k a r i r	native
সরবরাহকারিরা	sh o r b o r a h O k a r i r a	native
সরবরাহকে	sh o r b o r a h o k e	native
সরবরাহজনিত	sh o r b o r a h o j o n i t o	native
সরবরাহবিশয়ক	sh o r b o r a h o b i sh o y o k	native
সরবরাহব্যবস্থা	sh o r b o r a h O b A b O sth a	compound
সরবরাহব্যবস্থার	sh o r b o r a h o b A b o sth a r	compound
সরবরাহব্যবস্থায়	sh o r b o r a h o b A b o sth a y	compound
সরবরাহে	sh o r b o r a h e	native
সরবরাহেও	sh o r b o r a h e O	native
সরবস	sh o r b o sh	native
সরবসর	sh o r b o sh o r	native
সরবারহ	sh o r b a r o h o	native
সরবে	sh O r b e	native
সরভাজা	sh o r bh a j a	native
সরম	sh o r o m	native
সরমজামি	sh o r o m j a m i	native
সরমহল	sh o r m o h o l o	native
সরমা	sh o r O m a	native
সরল	sh o r O l	native
সরলতা	sh o r O l o t a	native
সরলভাবেই	sh o r o l bh a b e i	native
সরলমতি	sh o r o l m o t i	native
সরলরইখিক	sh o r O l r O i kh i k	native
সরলরোইখিক	sh o r o l r oi kh i k	native
সরলা	sh o r o l a	native
সরলিকরন	sh o r o l i k o r o n	native
সরলিকরনের	sh o r o l i k o r o n e r	native
সরলিকৃত	sh o r o l i k i r t o	tatsama
সরলে	sh o r o l e	native
সরশে	sh o r o sh e	native
সরশের	sh o r o sh e r	native
সরস	sh o r o sh	native
সরসর	sh o r sh o r	native
সরসি	sh o r o sh i	native
সরসিজ	sh o r O sh i j	native
সরস্বতি	sh o r O sh sh O t i	tatsama
সরস্বতির	sh o r o sh sh o t i r	tatsama
সরহ	sh o r O h	native
সরা	sh o r a	native
সরাই	sh o r a i	native
সরাইখানা	sh o r a i kh a n a	native
সরাইপাড়া	sh o r a i p a r a	native
সরাইল	sh o r a i l	native
সরাইলে	sh o r a i l e	native
সরাইলের	sh o r a i l e r	native
সরাইয়া	sh o r a i y a	native
সরাও	sh o r a O	native
সরাক	sh o r a k	native
সরাচিত্র	sh o r a ch i tr o	native
সরাচ্ছে	sh o r a ch chh e	native
সরাচ্ছেন	sh o r a ch chh e n	native
সরাতে	sh o r a t e	native
সরাতেই	sh o r a t e i	native
সরানো	sh o r a n O	native
সরানোর	sh o r a n O r	native
সরানোয়	sh o r a n O y	native
সরাফ	sh o r a ph	native
সরাফতি	sh o r a ph o t i	native
সরাব	sh o r a b	native
সরাবত	sh o r a b o t	native
সরাবন	sh o r a b o n	native
সরার	sh o r a r	native
সরারচর	sh o r a r o ch o r	native
সরাল	sh o r a l	native
সরালি	sh o r a l i	native
সরালেই	sh o r a l e i	native
সরালেও	sh o r a l e O	native
সরাসরি	sh o r a sh O r i	native
সরাসরিই	sh o r a sh O r i i	native
সরাসরিভাবে	sh o r a sh o sh o r i bh a b e	native
সরায়	sh o r a y	native
সরি	sh o r i	native
সরিআনো	sh o r i a n O	native
সরিক	sh o r i k	native
সরিকল	sh o r i k o l	native
সরিকানা	sh o r i k a n a	native
সরিশা	sh o r i sh a	native
সরিশাবাটা	sh o r i sh a b a T a	native
সরিশাবাড়ি	sh o r i sh a b a r i	native
সরিশাবাড়িতে	sh o r i sh a b a r i t e	native
সরিশাবাড়ির	sh o r i sh a b a r i r	native
সরিশামুড়ি	sh o r i sh a m u r i	native
সরিশার	sh o r i sh a r	native
সরিশাসহ	sh o r i sh a sh o h O	native
সরিসৃপ	sh o r i sh r i p	tatsama
সরিসৃপের	sh O r i sh ri p e r	tatsama
সরিৎ	sh O r i t	native
সরিয়ে	sh O r i y e	native
সরিয়েই	sh o r i y e i	native
সরিয়েও	sh o r i y e O	native
সরিয়েছিলেন	sh o r i y e chh i l e n	native
সরিয়েছেন	sh o r i y e chh e n	native
সরুপ	sh o r u p	native
সরুপথ	sh o r u p o th	native
সরে	sh O r e	native
সরেও	sh o r e O	native
সরেওয়ার	sh o r e O y a r	native
সরেজমিন	sh o r e j O m i n	native
সরেজমিনে	sh o r e j O m i n e	native
সরেন	sh o r e n	native
সরেনি	sh o r e n i	native
সরেনের	sh o r e n e r	native
সরেস	sh o r e sh	native
সরো	sh o r O	native
সরোকার	sh o r O k a r	native
সরোজ	sh o r O j	native
সরোজগঞ্জ	sh o r O j g o n j	native
সরোজিনি	sh o r O j i n i	native
সরোদ	sh o r O d	native
সরোবরে	sh o r O b o r e	native
সরোবরের	sh o r O b o r e r	native
সরোরুহ	sh o r O r u h O	native
সরোরোধঃ	sh o r O r O dh O h	tatsama
সরোশ	sh o r O sh	native
সরোয়ার	sh o r O y a r	native
সরোয়ারকে	sh o r O y a r k e	native
সরোয়ারসহ	sh o r O y a r sh o h O	native
সরোয়ারের	sh o r O y a r e r	native
সর্গ	sh o r g O	native
সর্গে	sh o r g e	native
সর্জ্য	sh O r j O	native
সর্ত	sh o r t o	native
সর্তক	sh o t o r k o	native
সর্দার	sh o r d a r	native
সর্দারজি	sh o r d a r j i	native
সর্দারজিকে	sh o r d a r j i k e	native
সর্দারজির	sh o r d a r j i r	native
সর্দিকাশি	sh O r d i k a sh i	native
সর্দির	sh O r d i r	native
সর্পগন্ধা	sh o r p o g o ndh a	native
সর্পি	sh O r p i	native
সর্পিঃ	sh O r p i h	tatsama
সর্পিল	sh O r p i l	native
সর্বংসহা	sh o r b o ng sh o h a	native
সর্বকনিশ্ঠ	sh o r b O k O n i sh Th O	native
সর্বকালকে	sh o r b o k a l k e	native
সর্বকালের	sh o r b O k a l e r	native
সর্বকালেরই	sh o r b o k a l e r o i	native
সর্বক্ষন	sh o r b o kkh o n	tatsama
সর্বক্ষনই	sh o r b o kkh o n o i	tatsama
সর্বক্ষনিক	sh o r b O kkh O n i k	tatsama
সর্বক্ষেত্রেই	sh o r b O kh e tr e i	tatsama
সর্বগ্রাসি	sh o r b O gr a sh i	native
সর্বজন	sh o r b O j o n	native
সর্বজনগ্রাহ্য	sh o r b o j o n gr a h j o	compound
সর্বজনপ্রিয়	sh o r b o j o n pr i y o	native
সর্বজনমান্য	sh o r b o j o n sh a m a n n o	native
সর্বজনশ্রদ্ধেয়	sh o r b o j o n sh r o d dh e y	tatsama
সর্বজনস্বিকৃত	sh o r b O j O n sh i k r i t O	tatsama
সর্বজনিন	sh o r b O j O n i n	native
সর্বজনিনতা	sh o r b O j O n i n o t a	native
সর্বজনিনভাবে	sh o r b o j o n i n bh a b e	native
সর্বজনের	sh o r b O j o n e r	native
সর্বজিতের	sh o r b O j i t e r	native
সর্বজিবের	sh o r b o j i b e r	native
সর্বজেশ্ঠ	sh o r b o j e sh Th o	native
সর্বজ্ঞ	sh o r b O g g O	tatsama
সর্বজয়ি	sh o r b o j o y i	native
সর্বতোভাবে	sh o r b O t O bh a b e	native
সর্বত্র	sh o r b O tr O	native
সর্বত্রই	sh o r b O tr O i	native
সর্বদক্ষিনের	sh o r b o d o kkh i n e r	tatsama
সর্বদলিয়	sh o r b o d o l i y	native
সর্বদাই	sh o r b O d a i	native
সর্বদেশের	sh o r b o d e sh e r	native
সর্বনাশই	sh o r b o n a sh i	native
সর্বনাশটা	sh o r b o n a sh T a	native
সর্বনাশের	sh o r b O n a sh e r	native
সর্বনিম্ন	sh o r b O n i m n O	native
সর্বনিম্নে	sh o r b O n i m n e	native
সর্বপ্রথমে	sh o r b o pr o th o m e	native
সর্ববিধ	sh o r b o b i dh o	native
সর্ববিশয়ে	sh o r b o b i sh o y e	native
সর্ববৃহত্	sh o r b o b i r h o t	tatsama
সর্বব্যাপি	sh o r b O b A p i	native
সর্বভারতিয়	sh o r b o bh a r o t i y	native
সর্বমংগলা	sh o r b o m o ng g o l a	native
সর্বমহলের	sh o r b o m o h o l e r	native
সর্বমানবিক	sh o r b o m a n o b i k	native
সর্বমোট	sh o r b O m O T	native
সর্বময়	sh o r b o m o y o	native
সর্বরোগহর	sh o r b o r O g h o r	native
সর্বশক্তি	sh o r b O sh O kt i	native
সর্বশক্তিমানের	sh o r b o sh o kt i m a n e r	compound
সর্বশেশ	sh o r b O sh e sh	native
সর্বশেশটি	sh o r b O sh e sh T i	native
সর্বশেশে	sh o r b O sh e sh e	native
সর্বশ্রেশ্ঠ	sh o r b O sh r e sh Th O	native
সর্বসম্মত	sh o r b O sh o mm O t O	native
সর্বসম্মতিক্রমে	sh o r b O sh o mm O t i kr O m e	compound
সর্বসম্মতিতে	sh o r b O sh o mm O t i t e	native
সর্বসাকল্যে	sh o r b O sh a k O l l e	native
সর্বসাকুল্যে	sh o r b O sh a k u l l e	native
সর্বসাধারন	sh o r b o sh a dh a r o n	native
সর্বসাধারনকে	sh o r b o sh a dh a r o n k e	native
সর্বসাধারনের	sh o r b O sh a dh a r O n e r	native
সর্বসাধারন্যে	sh o r b o sh a dh a r o n n e	compound
সর্বসাম্প্রতিক	sh o r b O sh a mp r O t i k	loanword
সর্বসেরা	sh o r b o sh e r a	native
সর্বস্তর	sh o r b o st o r	native
সর্বস্তরে	sh o r b O st o r e	native
সর্বস্তরেই	sh o r b o st o r e i	native
সর্বস্ব	sh o r b o sh sh o	tatsama
সর্বস্বতার	sh o r b o sh t a r	tatsama
সর্বস্বান্ত	sh o r b O sh a nt O	tatsama
সর্বহারাদের	sh o r b o h a r a d e r	native
সর্বহারার	sh o r b o h a r a r	native
সর্বাংগ	sh o r b a ng g e	native
সর্বাংগিন	sh o r b a ng g i n	native
সর্বাংগে	sh o r b a ng g e	native
সর্বাংশে	sh o r b a ng sh e	native
সর্বাধিকসংখ্যক	sh o r b a dh i k sh o ng kh j o k	compound
সর্বাধিকারি	sh o r b a dh i k a r i	native
সর্বাধিনায়ক	sh o r b a dh i n a y o k	native
সর্বাধুনিক	sh o r b a dh u n i k	native
সর্বানন্দ	sh o r b a n o nd o	native
সর্বান্তঃকরনে	sh o r b a nt o k o r o n e	tatsama
সর্বান্তকরনে	sh o r b a nt o k o r o n e	native
সর্বাপেক্ষা	sh o r b a p e kkh a	tatsama
সর্বাবস্থায়	sh o r b a b o sth a y	native
সর্বেসর্বা	sh o r b e sh o r b a	native
সর্বোইব	sh o r b O i b O	native
সর্বোচ্চ	sh o r b O ch ch o	native
সর্বোচ্চটাই	sh o r b O ch ch o T a i	native
সর্বোচ্চমানের	sh o r b O ch ch O m a n e r	compound
সর্বোচ্চসংখ্যক	sh o r b O ch ch O sh o ng kh O k	compound
সর্বোচ্চে	sh o r b O ch ch e	native
সর্বোতভাবে	sh o r b O t o bh a b e	native
সর্বোত্কৃশ্ট	sh o r b O t k i r sh T o	tatsama
সর্বোত্তম	sh o r b O tt o m	native
সর্বোপরি	sh o r b O p O r i	native
সর্বোৎকৃশ্ট	sh o r b O t k ri sh T O	tatsama
সর্ব্বোচ্চ	sh o r b O ch ch O	native
সর্ভিসেস	sh o r bh i sh e sh	native
সর্ম্পকে	sh o mp o r k e	native
সর্ষপ	sh o r sh o p	native
সর্ষে	sh O r sh e	native
সরয়ার	sh o r O a r	native
সরয়ারকে	sh o r o y a r k e	native
সল	sh o l	native
সলংগা	sh o l o ng g a	native
সলওয়া	sh o l O y a	native
সলজ্জ	sh o l o j j O	native
সলতেটা	sh o l t e T a	native
সলপ	sh o l p o	native
সলভ	sh o l bh	native
সলভেন্সি	s o l bh e n s i	loanword
সলমন	sh o l m O n	native
সলমনের	sh o l m o n e r	native
সলা	sh o l a	native
সলাজ	sh o l a j	native
সলাপরামর্শ	sh o l a p o r a m o r sh o	native
সলি	sh O l i	native
সলিউশন	sh o l i u sh o n	native
সলিউশনস	sh o l i u sh o n sh	native
সলিউশনের	sh o l i u sh o n e r	native
সলিউশন্স	s o l i u sh o n s	loanword
সলিকা	sh O l i k a	native
সলিড	s o l i D	loanword
সলিডারিটি	s o l i D a r i T i	loanword
সলিডারিটির	s o l i D a r i T i r	loanword
সলিমউল্লাহ	sh o l i m u l l a h o	native
সলিমউল্লাহর	sh o l i m u l l a h o r	native
সলিমউল্লাহসহ	sh o l i m u l l a h sh o h O	native
সলিমপুর	sh o l i m o p u r	native
সলিমপুরে	sh o l i m p u r e	native
সলিমুল	sh o l i m u l	native
সলিমুল্লাহ	sh O l i m u l l a h	native
সলিমুল্লাহকে	sh o l i m u l l a h o k e	native
সলিমুল্লাহর	sh o l i m u l l a r	native
সলিল	sh O l i l	native
সলিলদিয়ায়	sh o l i l o d i y a y	native
সলিসিটর	s o l i s i T o r	loanword
সলু	sh O l u	native
সলুক	sh O l u k	native
সলুর	sh O l u r	native
সলুয়া	sh o l u y a	native
সলে	sh o l e	native
সলেমান	sh o l e m a n	native
সলেমানপুর	sh o l e m a n o p u r	native
সলো	sh o l O	native
সলোমান	sh o l O m a n	native
সল্ট	s o l T	loanword
সল্টলেক	s o l T l e k	proper_noun
সল্টলেকে	s o l T l e k e	proper_noun
সল্টলেকের	s o l T l e k e r	proper_noun
সল্পতার	sh o l p o t a r	native
সল্যুশন	sh o l u sh o n	native
সল্যুশনস	sh o l l u sh o n sh	native
সল্যুশনসও	sh o l u sh O n sh O	native
সল্লভ	sh o l l o bh O	native
সল্লু	sh O l l u	native
সশংক	sh o sh o ng k O	native
সশব্দ	sh o sh o b d O	native
সশব্দে	sh o sh o b d e	native
সশরিরে	sh o sh o r i r e	native
সশস্ত্র	sh o sh O st r O	native
সশস্ত্রবাহিনি	sh o sh O st r O b a h i n i	compound
সশস্ত্রবাহিনির	sh o sh O st r O b a h i n i r	compound
সশিশ্য	sh o sh i sh sh O	native
সশ্রদ্ধচিত্তে	sh o sh r o d dh o ch i tt e	tatsama
সশ্রম	sh o sh r o m	native
সস	sh o sh	native
সসংকোচ	sh o sh o ng k O ch	native
সসংজ্ঞ	sh o sh o ng g O	tatsama
সসত্ত্ব	sh o sh o tt O	tatsama
সসপেন্ড	s o s p e n D	loanword
সসপ্যানে	sh o sh p A n e	native
সসম্ভ্রম	sh o sh o m bh r O m	native
সসম্মান	sh o sh o mm a n	native
সসম্মানে	sh o sh o mm a n e	native
সসাগরা	sh o sh a g o r a	native
সসার	sh o sh a r	native
সসিম	sh O sh i m	native
সসে	sh o sh e	native
সসেজ	sh o sh e j	native
সসেমিরা	sh o sh e m i r a	native
সসের	sh o sh e r	native
সসোইন্য	sh o sh O i n n O	native
সস্	sh o sh	native
সস্তা	sh o st a	native
সস্তার	sh o st a r	native
সস্তায়	sh o st a y	native
সস্ত্রিক	sh o st r i k	native
সস্নেহ	sh o sn e h O	native
সস্নেহে	sh o sn e h e	native
সস্পৃহ	sh o s p ri h O	tatsama
সস্মিত	sh O sh m i t O	native
সহউপাচার্য	sh o h o u p a ch a r j o	native
সহকর্মি	sh o h O k O r m i	native
সহকর্মিই	sh o h o k o r m i i	native
সহকর্মিও	sh o h o k o r m i O	native
সহকর্মিকে	sh o h O k O r m i k e	native
সহকর্মিটি	sh o h o k o r m i T i	native
সহকর্মিদের	sh o h O k O r m i d e r	native
সহকর্মিদেরও	sh o h o k o r m i d e r O	native
সহকর্মির	sh o h O k O r m i r	native
সহকর্মিরা	sh o h O k O r m i r a	native
সহকর্মিরাও	sh o h O k O r m i r a O	native
সহকর্মিসহ	sh o h o k o r m i sh o h O	native
সহকার	sh o h O k a r	native
সহকারি	sh o h O k a r i	native
সহকারিও	sh o h o k a r i O	native
সহকারিকে	sh o h O k a r i k e	native
সহকারিদের	sh o h O k a r i d e r	native
সহকারির	sh o h O k a r i r	native
সহকারিরা	sh o h O k a r i r a	native
সহকারিসহ	sh o h O k a r i sh o h O	native
সহকারে	sh o h O k a r e	native
সহগ	sh o h o g	native
সহগামি	sh o h o g a m i	native
সহচর	sh o h O ch o r	native
সহচরদের	sh o h o ch o r d e r	native
সহচরি	sh o h O ch O r i	native
সহচরের	sh o h o ch o r e r	native
সহচরেরা	sh o h o ch o r e r a	native
সহজই	sh o h O j i	native
সহজও	sh o h O j O	native
সহজতর	sh o h O j O t o r	native
সহজপাচ্য	sh o h O j p a ch ch O	native
সহজপ্রাপ্য	sh o h o j pr a p p o	native
সহজপ্রাপ্যতা	sh o h o j pr a p p o t a	native
সহজবোধ্য	sh o h O j b O d dh O	native
সহজভাবে	sh o h O j bh a b e	native
সহজভাবেই	sh o h o j bh a b e i	native
সহজলভ্য	sh o h O j l O b bh O	native
সহজলভ্যতার	sh o h O j l O b bh O t a r	native
সহজসরল	sh o h o j sh o r o l	native
সহজসাধ্য	sh o h O j sh a d dh O	native
সহজাত	sh o h O j a t O	native
সহজাতভাবে	sh o h O j a t O bh a b e	native
সহজাত্রি	sh o h o j a tr i	native
সহজাত্রিদের	sh o h o j a tr i d e r	native
সহজাত্রির	sh o h o j a tr i r	native
সহজাত্রিরা	sh o h o j a tr i r a	native
সহজিকরন	sh o h o j i k o r o n	native
সহজিকরনের	sh o h o j i k o r o n e r	native
সহজিয়া	sh o h o j i y a	native
সহজে	sh o h O j e	native
সহজেই	sh o h O j e i	native
সহজোগ	sh o h O j O g	native
সহজোগি	sh o h o j O g i	native
সহজোগিও	sh o h o j O g i O	native
সহজোগিকে	sh o h o j O g i k e	native
সহজোগিকেও	sh o h o j O g i k e O	native
সহজোগিতা	sh o h o j O g i t a	native
সহজোগিতাই	sh o h o j O g i t a i	native
সহজোগিতাও	sh o h o j O g i t a O	native
সহজোগিতাকারি	sh o h o j O g i t a k a r i	native
সহজোগিতাকে	sh o h o j O g i t a k e	native
সহজোগিতাপরায়ন	sh o h o j O g i t a p o r a y o n	compound
সহজোগিতাপুর্ন	sh o h o j O g i t a p u r n o	compound
সহজোগিতাবিশয়ক	sh o h o j O g i t a b i sh o y o k	compound
সহজোগিতামুলক	sh o h o j O g i t a m u l o k	native
সহজোগিতার	sh o h o j O g i t a r	native
সহজোগিতারও	sh o h o j O g i t a O	native
সহজোগিতাসহ	sh o h o j O g i t a sh o h O	native
সহজোগিতায়	sh o h o j O g i t a y	native
সহজোগিদের	sh o h o j O g i d e r	native
সহজোগিদেরও	sh o h o j O g i d e r O	native
সহজোগির	sh o h o j O g i r	native
সহজোগিরা	sh o h o j O g i r a	native
সহজোগিরাই	sh o h o j O g i r a i	native
সহজোগিরাও	sh o h o j O g i r a O	native
সহজোগিসহ	sh o h o j O g i sh o h O	native
সহজোগে	sh o h o j O g e	native
সহজোদ্ধা	sh o h o j O d dh a	tatsama
সহজোদ্ধাকে	sh o h o j O d dh a k e	tatsama
সহজোদ্ধাদের	sh o h o j O d dh a d e r	tatsama
সহজোদ্ধার	sh o h o j O d dh a r	tatsama
সহজোদ্ধারা	sh o h o j O d dh a r a	tatsama
সহদপ্তর	sh o h O d o p t O r	native
সহধর্মিনি	sh o h O dh O r m i n i	native
সহধর্মিনিকে	sh o h o dh o r m i n i k e	native
সহধুরি	sh o h O dh u r i	native
সহন	sh o h O n	native
সহনক্ষমতা	sh o h o n k sh o m o t a	tatsama
সহনশিল	sh o h O n sh i l	native
সহনশিলতা	sh o h O n sh i l O t a	native
সহনশিলতার	sh o h O n sh i l o t a r	native
সহনশিলতায়	sh o h o n sh i l o t a y	native
সহনিয়	sh o h o n i y	native
সহপরিচালক	sh o h o p o r i ch a l o k	native
সহপাঠ	sh o h O p a Th	native
সহপাঠি	sh o h O p a Th i	native
সহপাঠিকে	sh o h O p a Th i k e	native
সহপাঠিদের	sh o h O p a Th i d e r	native
সহপাঠিনির	sh o h o p a Th i n i r	native
সহপাঠির	sh o h o p a Th i r	native
সহপাঠিরা	sh o h O p a Th i r a	native
সহপাঠিরাও	sh o h o p a Th i r a O	native
সহপৃশ্ঠপোশক	sh o h o p i r sh Th o p O sh o k	tatsama
সহপ্রচার	sh o h o pr o ch a r	native
সহপ্রতিশ্ঠাতা	sh o h O pr O t i sh Th a t a	compound
সহবাস	sh o h O b a sh	loanword
সহবাসে	sh o h O b a sh e	loanword
সহবাসের	sh o h O b a sh e r	loanword
সহব্যবস্থাপনা	sh o h o b A b o sth a p o n a	compound
সহমত	sh o h O m o t	native
সহমর্মি	sh o h O m O r m i	native
সহমর্মিতাই	sh o h o m o r m i t a i	native
সহমর্মিতার	sh o h O m O r m i t a r	native
সহমর্মিতায়	sh o h o m o r m i t a y o	native
সহর	sh o h o r	native
সহরত	sh o h o r o t	native
সহর্ষ	sh o h o r sh O	native
সহলে	sh o h O l e sh o h O l e	native
সহলেখক	sh o h o l e kh o k	native
সহশিক্ষাক্রমিক	sh o h o sh i kkh a k o r m i k	tatsama
সহশিক্ষার	sh o h O sh i kkh a r	tatsama
সহশিল্পি	sh o h O sh i l p i	native
সহশিল্পিদের	sh o h O sh i l p i d e r	native
সহশিল্পির	sh o h o sh i l p i r	native
সহসভানেত্রি	sh o h o sh o bh a n e tr i	native
সহসভাপতিকে	sh o h o sh o bh a p o t i k e	native
সহসভাপতির	sh o h o sh o bh a p O t i r	native
সহসভাপতিসহ	sh o h o sh o bh a p o t i sh o h O	native
সহসা	sh o h O sh a	native
সহসাংগঠনিক	sh o h O sh a ng g o Th O n i k	native
সহসাই	sh o h O sh a i	native
সহসাধারন	sh o h O sh a dh a r O n	native
সহস্র	sh o h O sh r O	native
সহস্রাংশ	sh o h o sh r a ng sh	native
সহস্রাধিক	sh o h O sh r a dh i k	native
সহস্রাব্দ	sh o h o sh r a b d o	native
সহস্রাব্দে	sh o h o sh r a b d e	native
সহস্রাব্দের	sh o h O sh r a b d e r	native
সহা	sh o h a	native
সহাকারি	sh o h a k a r i	native
সহাধ্যায়ি(–য়িন্)	sh o h a d dh a y i	compound
সহান	sh o h a n	native
সহানুভুতি	sh o h a n u bh u t i	native
সহানুভুতিও	sh o h a n u bh u t i O	native
সহানুভুতিতে	sh o h a n u bh u t i t e	native
সহানুভুতির	sh o h a n u bh u t i r	native
সহানুভুতিশিল	sh o h a n u bh u t i sh i l	native
সহাবস্থানে	sh o h a b o sth a n e	native
সহাবস্থানের	sh o h a b O sth a n e r	native
সহাস্য	sh o h a sh sh O	native
সহাস্যে	sh o h a sh sh e	native
সহাস্রাধিক	sh o h a sh r a dh i k	native
সহায়	sh o h a y	native
সহায়ক	sh o h a y o k	native
সহায়কের	sh o h a y o k e r	native
সহায়তা	sh o h a y o t a	native
সহায়তাই	sh o h a y o t a i	native
সহায়তাও	sh o h a y o t a O	native
সহায়তাকারি	sh o h a y o t a k a r i	native
সহায়তাকারিদের	sh o h a y o t a k a r i d e r	compound
সহায়তাকারির	sh o h a y o t a k a r i r	native
সহায়তাকে	sh o h a y o t a k e	native
সহায়তাদান	sh o h a y o t a d a n	native
সহায়তাদানকারি	sh o h a y o t a d a n k a r i	compound
সহায়তাদানে	sh o h a y o t a d a n e	native
সহায়তাপুশ্ট	sh o h a y o t a p u sh T o	native
সহায়তাবিশয়ক	sh o h a y o t a b i sh o y o k	native
সহায়তামুলক	sh o h a y o t a m u l o k	native
সহায়তার	sh o h a y o t a r	native
সহায়তারও	sh o h a y o t a r O	native
সহায়তাসহ	sh o h a y o t a sh o h O	native
সহায়তায়	sh o h a y o t a sh o h o	native
সহায়সম্পদ	sh o h a y o t a sh o mp o d	native
সহায়সম্বল	sh o h a y sh o mb o l	native
সহায়হিন	sh o h a y h i n	native
সহায়িকা	sh o h a y i k a	native
সহিংস	sh o h i ng sh O	native
সহিংসতা	sh o h i ng sh O t a	native
সহিংসতাই	sh o h i ng sh o t a i	native
সহিংসতাও	sh o h i ng sh o t a O	native
সহিংসতাকে	sh o h i ng sh o t a k e	native
সহিংসতাপুর্ন	sh o h i ng sh o t a p u r n o	native
সহিংসতামুক্ত	sh o h i ng sh o t a m u kt o	native
সহিংসতার	sh o h i ng sh o t a r	native
সহিংসতাসহ	sh o h i ng sh o t a sh o h O	native
সহিংসতায়	sh o h i ng sh o t a y	native
সহিংসপুর্ন	sh o h i ng sh o t a p u r n o	native
সহিত	sh O h i t	native
সহিতুল্লাহ	sh o h i t u l l a h	native
সহিদা	sh o h i d a	native
সহিদার	sh o h i d a r	native
সহিদুজ্জামান	sh o h i d u j j a m a n	native
সহিদুর	sh O h i d u r	native
সহিদুল	sh O h i d u l	native
সহিদুল্লা	sh o h i d u l l a	native
সহিদুল্লাহ	sh o h i d u l l a h	native
সহিশ্নু	sh O h i sh n u	native
সহিশ্নুতা	sh o h i sh n u t a	native
সহিশ্নুতার	sh o h i sh n u t a r	native
সহিসালামতে	sh o h i sh a l a m o t e	native
সহিসালামাত	sh O h i sh a l a m o t	native
সহিহ	sh O h i h	native
সহুদয়	sh o h u d o y	native
সহুদয়তা	sh o h u d o y t a	native
সহুদয়তার	sh o h u d o y t a r	native
সহুর	sh o h u r o	native
সহুরে	sh o h u r e	native
সহৃদয়	sh o r i d o y	tatsama
সহে	sh o h e	native
সহেলি	sh o h e l i	native
সহোদর	sh o h O d O r	native
সহোদরকে	sh o h O d o r k e	native
সহোদরসহ	sh o h O d o r sh o h O	native
সহোদরা	sh o h O d o r a	native
সহ্যের	sh O j j e r	native
সহয়তা	sh o h o y o t a	native
সা	sh a	native
সাই	sh a i	native
সাইত্রিশ	sh a i tr i sh	native
সাইথিয়া	sh a i th i y a	native
সাইয়ের	sh a i y e r	native
সাউ	sh a u	native
সাওতাল	sh a O t a l	native
সাওতালকে	sh a O t a l k e	native
সাওতালদের	sh a O t a l d e r	native
সাওতালরা	sh a O t a l r a	native
সাওতালি	sh a O t a l i	native
সাকতি	sh a k O	native
সাকো	sh a k O	native
সাকোটি	sh a k O T i	native
সাং	sh a ng	native
সাংকর্ষ	sh a ng k o r sh o	native
সাংকেতিক	sh a ng k e t i k	native
সাংখ্যিক	sh a ng kh i k	native
সাংগ	sh a ng g O	native
সাংগঠনিক	sh a ng g o Th O n i k	native
সাংগঠনিকভাবে	sh a ng g o Th O n i k bh a b e	native
সাংগপাংগ	sh a ng g o p a ng g o	native
সাংগপাংগদের	sh a ng g o p a ng g o d e r	native
সাংগপাংগরা	sh a ng g o p a ng g o r a	native
সাংগা	sh a ng g O	native
সাংগাকারা	sh a ng g a k a r a	native
সাংগাকারাও	sh a ng g a k a r a O	native
সাংগাকারাকে	sh a ng g a k a r a k e	native
সাংগাকারাদের	sh a ng g a k a r a d e r	native
সাংগাকারার	sh a ng g a k a r a r	native
সাংগাকারারা	sh a ng g a k a r a	native
সাংগিতিক	sh a ng g i t i k	native
সাংগু	sh a ng g u	native
সাংগুতে	sh a ng g u t e	native
সাংগুর	sh a ng g u r	native
সাংগে	sh a ng g e	native
সাংগোপাংগো	sh a ng g O p a ng g O	native
সাংগ্রাই	sh a ng gr a i	native
সাংগ্রামিক	sh a ng gr a m i k	native
সাংগ্রেং	sh a ng gr e	native
সাংঘর্ষিক	sh a ng gh o r sh i k	native
সাংঘর্ষিকতা	sh a ng gh o r sh i k o t a	native
সাংঘাতিক	sh a ng gh a t i k	native
সাংঘাতিকভাবে	sh a ng gh o r sh i k o t a bh a b e	native
সাংজাত্রিক	sh a ng j a tr i k	native
সাংপো	sh a ng p O	native
সাংবাদ	sh a ng b a d	native
সাংবাদিকই	sh a ng b a d i k i	native
সাংবাদিকও	sh a ng b a d i k O	native
সাংবাদিককে	sh a ng b a d i k k e	native
সাংবাদিককেও	sh a ng b a d i k k e O	native
সাংবাদিকতাই	sh a ng b a d i k t a i	native
সাংবাদিকতাও	sh a ng b a d i k t a O	native
সাংবাদিকতাকে	sh a ng b a d i k o t a k e	native
সাংবাদিকতার	sh a ng b a d i k O t a r	native
সাংবাদিকতায়	sh a ng b a d i k t a y	native
সাংবাদিকতায়ও	sh a ng b a d i k t a y o O	native
সাংবাদিকদের	sh a ng b a d i k d e r	native
সাংবাদিকদেরই	sh a ng b a d i k d e r i	native
সাংবাদিকদেরও	sh a ng b a d i k d e r O	native
সাংবাদিকদেরকে	sh a ng b a d i k d e r k e	compound
সাংবাদিকবৃন্দ	sh a ng b a d i k b i r nd o	tatsama
সাংবাদিকরা	sh a ng b a d i k r a	native
সাংবাদিকরাও	sh a ng b a d i k r a O	native
সাংবাদিকসহ	sh a ng b a d i k sh o h O	native
সাংবাদিকসুলভ	sh a ng b a d i k sh u l o bh	native
সাংবাদিকি	sh a ng b a d i k i	native
সাংবাদিকেদের	sh a ng b a d i k e d e r	native
সাংবাদিকেরা	sh a ng b a d i k e r a	native
সাংবাদিকেরাই	sh a ng b a d i k e r a i	native
সাংবাদিকেরাও	sh a ng b a d i k e r a O	native
সাংবিধানিকভাবে	sh a ng b i dh a n i k bh a b e	compound
সাংভি	sh a ng bh i	native
সাংমা	sh a ng m a	native
সাংমাকে	sh a ng m a k e	native
সাংল	sh a ng O l	native
সাংশয়িক	sh a ng sh O y i k	native
সাংসদ	sh a ng sh o d	native
সাংসদই	sh a ng sh o d i	native
সাংসদও	sh a ng sh o d O	native
সাংসদকে	sh a ng sh o d k e	native
সাংসদকেই	sh a ng sh o d k e i	native
সাংসদকেও	sh a ng sh o d k e O	native
সাংসদদের	sh a ng sh o d d e r o	native
সাংসদদেরই	sh a ng sh o d d e r o i	native
সাংসদদেরও	sh a ng sh o d d e r o O	native
সাংসদপুত্র	sh a ng sh o d p u tr O	native
সাংসদরা	sh a ng sh o d r a	native
সাংসদসহ	sh a ng sh o d sh o h O	native
সাংসদের	sh a ng sh o d e r	native
সাংসদেরই	sh a ng sh o d e r o i	native
সাংসদেরা	sh a ng sh o d e r a	native
সাংসদেরাই	sh a ng sh o d e r a i	native
সাংসদেরাও	sh a ng sh o d e r a O	native
সাংসর্গিক	sh a ng sh O r g i k	native
সাংস্কৃতি	sh a ng s k ri t i	tatsama
সাংস্কৃতিক	sh a ng s k r i t i k	tatsama
সাংস্কৃতিকও	sh a ng s k ri t i k O	tatsama
সাংস্কৃতিককর্মি	sh a ng s k ri t i k r m i	tatsama
সাংস্কৃতিকভাবে	sh a ng s k ri t i k bh a b e	tatsama
সাংস্কৃতিকসহ	sh a ng s k ri t i k sh o h O	tatsama
সাংহাই	sh a ng h a i	native
সাংহাইতে	sh a ng h a i t e	native
সাংহাইয়ে	sh a ng h a i y e	native
সাংহাইয়ের	sh a ng h a i y e r	native
সাং্গাকারা	sh a ng g a k a r a	native
সাংয়ের	sh a ng y e r	native
সাইকি	sh a i k i	native
সাইকিকে	sh a i k i k e	native
সাইকির	sh a i k i r	native
সাইকিয়াট্রিক	s a i k i y a T r i k	loanword
সাইকুয়া	sh a i k u y a	native
সাইকুয়ার	sh a i k u y a r	native
সাইকেলই	sh a i k e l i	native
সাইকেলও	sh a i k e l O	native
সাইকেলকে	sh a i k e l k e	native
সাইকেলগুলো	sh a i k e l g u l O	native
সাইকেলজোগে	sh a i k e l j O g e	native
সাইকেলটা	sh a i k e l T a	native
সাইকেলটি	sh a i k e l T i	native
সাইকেলটিতে	sh a i k e l T i t e	native
সাইকেলটির	sh a i k e l T i r	native
সাইকেলে	sh a i k e l e	native
সাইকেলের	sh a i k e l e r	native
সাইকো	sh a i k O	native
সাইকোথেরাপি	sh a i k O th e r a p i	native
সাইকোথেরাপির	sh a i k O th e r a p i r	native
সাইকোথেরাপিস্ট	s a i k O th e r a p i s T	loanword
সাইকোথেরাপিস্টের	s a i k O th e r a p i s T e r	loanword
সাইকোলজি	sh a i k O l o j i	native
সাইকোলজিক্যাল	sh a i k O l o j i k k a l	compound
সাইকোলজিস্ট	s a i k O l o j i s T	loanword
সাইকোলজিস্টের	s a i k O l o j i s T e r	loanword
সাইক্লিং	sh a i kl i ng	native
সাইক্লিংয়ে	sh a i kl i ng y e	native
সাইক্লিস্ট	s a i kl i s T o	loanword
সাইক্লোন	sh a i kl O n	native
সাইক্লোনস	sh a i kl O n o sh	native
সাইক্লোনের	sh a i kl O n e r	native
সাইজ	sh a i j	native
সাইজও	sh a i j O	native
সাইজিং	sh a i j i ng	native
সাইজির	sh a i j i r	native
সাইজে	sh a i j e	native
সাইজের	sh a i j e r	native
সাইট	s a i T	loanword
সাইটও	s a i T O	loanword
সাইটকে	s a i T k e	loanword
সাইটগুলো	s a i T g u l O	loanword
সাইটগুলোকে	s a i T g u l O k e	loanword
সাইটগুলোতে	s a i T g u l O t e	loanword
সাইটগুলোর	s a i T g u l O r	loanword
সাইটটি	s a i T T i	loanword
সাইটটিতে	s a i T T i t e	loanword
সাইটটির	s a i T T i r	loanword
সাইটস	s a i T s	loanword
সাইটসহ	sh a i T sh o h O	loanword
সাইটসেভারস	s a i T s e bh a r s	loanword
সাইটে	s a i T e	loanword
সাইটেই	s a i T e i	loanword
সাইটেও	s a i T e O	loanword
সাইটের	s a i T e r	loanword
সাইটোকাইনিন	s a i T O k a i n i n	loanword
সাইটোপ্লাজম	s a i T O p l a j o m	loanword
সাইট্রিক	s a i T r i k	loanword
সাইট্রেট	s a i T r e T	loanword
সাইড	s a i D	loanword
সাইডপাড়া	s a i D p a r a	loanword
সাইডবটম	s a i D b o T o m	proper_noun
সাইডবারে	s a i D b a r e	loanword
সাইডলাইনে	s a i D l a i n e	loanword
সাইডার	s a i D a r	loanword
সাইডে	s a i D e	loanword
সাইতামা	sh a i t a m a	native
সাইথইস্ট	s a i th i s T	loanword
সাইদ	sh a i d	native
সাইদকে	sh a i d k e	native
সাইদা	sh a i d a	native
সাইদার	sh a i d a r	native
সাইদি	sh a i d i	native
সাইদিকে	sh a i d i k e	native
সাইদির	sh a i d i r	native
সাইদিসহ	sh a i d i sh o h O	native
সাইদুজ্জামান	sh a i d u j j a m a n	native
সাইদুজ্জামানের	sh a i d u j j a m a n e r	compound
সাইদুর	sh a i d u r	native
সাইদুরকে	sh a i d u r k e	native
সাইদুরসহ	sh a i d u r sh o h O	native
সাইদুরের	sh a i d u r e r	native
সাইদুল	sh a i d u l	native
সাইদুলকে	sh a i d u l k e	native
সাইদুলের	sh a i d u l e r	native
সাইদুস	sh a i d u sh	native
সাইদের	sh a i d e r	native
সাইন	sh a i n	native
সাইনবোর্ড	s a i n b O r D	loanword
সাইনবোর্ডও	s a i n b O r D O	loanword
সাইনবোর্ডটি	s a i n b O r D T i	loanword
সাইনবোর্ডে	s a i n b O r D e	loanword
সাইনবোর্ডের	s a i n b O r D e r	loanword
সাইনাস	sh a i n a sh	native
সাইনাসে	sh a i n a sh e	native
সাইনাসের	sh a i n a sh e r	native
সাইনিং	sh a i n i ng	native
সাইনুসাইটিস	s a i n u s a i T i s	loanword
সাইনের	sh a i n e r	native
সাইনোকেম	sh a i n O k e m	native
সাইনোজেন	sh a i n O j e n	native
সাইনোফার্ম	sh a i n O ph a r m	native
সাইনোমাচ	sh a i n O m a ch	native
সাইনোসাইটিস	s a i n O s a i T i s	loanword
সাইনোসাইটিসের	sh a i n O sh a i T i sh e r	compound
সাইনোসি	sh a i n O sh i	native
সাইন্স	s a i n s	loanword
সাইপ্রাস	sh a i pr a sh	native
সাইপ্রাসে	sh a i pr a sh e	native
সাইপ্রাসের	sh a i pr a sh e r	native
সাইফ	sh a i ph	native
সাইফই	sh a i ph o i	native
সাইফউদ্দিন	sh a i ph u d d i n	native
সাইফকে	sh a i ph k e	native
সাইফন	sh a i ph o n	native
সাইফি	sh a i ph i	native
সাইফুজ্জামান	sh a i ph u j j a m a n	native
সাইফুদ্দাহার	sh a i ph u d d a h a r	native
সাইফুদ্দিন	sh a i ph u d d i n	native
সাইফুদ্দিনের	sh a i ph u d d i n e r	native
সাইফুর	sh a i ph u r	native
সাইফুরের	sh a i ph u r e r	native
সাইফুল	sh a i ph u l	native
সাইফুলকে	sh a i ph u l k e	native
সাইফুলসহ	sh a i ph u l sh o h O	native
সাইফুলের	sh a i ph u l e r	native
সাইফুল্লাহ	sh a i ph u l l a h	native
সাইফুল্লাহকে	sh a i ph u l l a k e	native
সাইফুল্লাহর	sh a i ph u l l a h o r	native
সাইফের	sh a i ph e r	native
সাইবার	sh a i b a r	native
সাইবারাবাদ	sh a i b a r a b a d	native
সাইবেরিয়	sh a i b e r i y o	native
সাইবেরিয়া	sh a i b e r i y a	native
সাইবেরিয়ার	sh a i b e r i y a r	native
সাইবেরিয়ায়	sh a i b e r i y a y	native
সাইম	sh a i m	native
সাইমন	sh a i m o n	native
সাইমনের	sh a i m o n e r	native
সাইমন্ডস	s a i m o n D s	proper_noun
সাইমন্ডসকে	s a i m o n D s k e	proper_noun
সাইমন্ডসের	s a i m o n D s e r	proper_noun
সাইমা	sh a i m a	native
সাইমুন	sh a i m u n	native
সাইমুম	sh a i m u m	native
সাইমুল	sh a i m u l	native
সাইম্যা	sh a i m m a	native
সাইরাস	sh a i r a sh	native
সাইরেন	sh a i r e n	native
সাইলি	sh a u l i	native
সাইলেজা	sh a i l e j a	native
সাইলেন্ট	s a i l e n T	loanword
সাইলেন্স	s a i l e n s	loanword
সাইলেন্সার	s a i l e n s a r	loanword
সাইসমিক	sh a i sh m i k	native
সাইয়ানা	sh a i y a n a	native
সাইয়িদ	sh a i y i d	native
সাইয়িদের	sh a i y i d e r	native
সাইয়েদ	sh a i y e d	native
সাউথ	sh a u th	native
সাউথইস্ট	s a u th i s T	loanword
সাউথইস্টের	s a u th i s T e r	loanword
সাউথওয়ার্ক	sh a u th O y a r k	native
সাউথখালি	sh a u th kh a l i	native
সাউথটেক	s a u th T e k	proper_noun
সাউথটেকের	s a u th T e k e r	proper_noun
সাউথপোল	sh a u th p O l	native
সাউথের	sh a u th e r	native
সাউদ	sh a u d	native
সাউদাম্পটন	s a u d a mp T o n	proper_noun
সাউদাম্পটনের	s a u d a mp o T o n e r	proper_noun
সাউদারল্যান্ড	sh a u d a r l A n D	compound
সাউদার্ন	sh a u d a r n	native
সাউদি	sh a u d i	native
সাউদির	sh a u d i r	native
সাউদিয়া	sh a u d i y a	native
সাউন্ড	s a u n D	loanword
সাউন্ডটেক	s a u n D T e k	proper_noun
সাউন্ডটেকের	s a u n D T e k e r	proper_noun
সাউন্ডবক্স	s a u n D b o k s	loanword
সাউল	sh a u l	native
সাও	sh a O	native
সাওদাত	sh a O d a t	native
সাওম	sh a O m	native
সাওয়ান্ত	sh a O y a nt o	native
সাওয়াব	sh a O y a b	native
সাওয়ারিয়া	sh a O y a r i y a	native
সাকলাইনের	sh a k l a i n e r	native
সাকলান	sh a k o l a n	native
সাকলায়েন	sh a k l a y e n	native
সাকল্যে	sh a k O l l e	native
সাকশান	sh a k sh a n	native
সাকসেস	sh a k sh e sh	native
সাকা	sh a k a	native
সাকাকে	sh a k a k e	native
সাকার	sh a k a r	native
সাকালোতস	sh a k a l O t O sh	native
সাকি	sh a k i	native
সাকিন	sh a k i n	native
সাকিনাহর	sh a k i n a h o r	native
সাকিব	sh a k i b	native
সাকিবই	sh a k i b i	native
সাকিবও	sh a k i b O	native
সাকিবকে	sh a k i b k e	native
সাকিবকেই	sh a k i b k e i	native
সাকিবকেও	sh a k i b k e O	native
সাকিবদের	sh a k i b d e r	native
সাকিবরা	sh a k i b r a	native
সাকিবুল	sh a k i b u l	native
সাকিবেরই	sh a k i b e r i	native
সাকিবেরও	sh a k i b e r O	native
সাকির	sh a k i r	native
সাকিরা	sh a k i r a	native
সাকিল	sh a k i l	native
সাকুচিয়া	sh a k u ch i y a	native
সাকুরা	sh a k u r a	native
সাকুল্য	sh a k u l l o	native
সাকুল্যে	sh a k u l l e	native
সাকের	sh a k e r	native
সাকোকাঠি	sh a k O k a Th i	native
সাকোকে	sh a k O k e	native
সাকোতে	sh a k O t e	native
সাকোর	sh a k O r	native
সাক্বি	sh a k k i	native
সাক্ষর	sh a kkh O r	tatsama
সাক্ষরজ্ঞানসম্পন্ন	sh a kkh o r j ny a n sh o mp o nn o	tatsama
সাক্ষরতা	sh a kkh O r o t a	tatsama
সাক্ষরতার	sh a kkh O r o t a r	tatsama
সাক্ষরতায়	sh a kkh o r t a y	tatsama
সাক্ষরিত	sh a kkh O r i t O	tatsama
সাক্ষা	sh a kkh a	tatsama
সাক্ষাত	sh a kkh a t	tatsama
সাক্ষাতকার	sh a kkh a t k a r	tatsama
সাক্ষাতকারে	sh a kkh a t k a r e	tatsama
সাক্ষাতকালে	sh a kkh a t k a l e	tatsama
সাক্ষাতে	sh a kkh a t e	tatsama
সাক্ষাতেই	sh a kkh a t e i	tatsama
সাক্ষাতের	sh a kkh a t e r	tatsama
সাক্ষাত্	sh a kkh a t	tatsama
সাক্ষাত্কার	sh a kkh a t k a r	tatsama
সাক্ষাত্কারটি	sh a kkh a t k a r T i	tatsama
সাক্ষাত্কারপত্রের	sh a kkh a t k a r p o tr e r	tatsama
সাক্ষাত্কারে	sh a kkh a t k a r e	tatsama
সাক্ষাত্কারের	sh a kkh a t k a r e r	tatsama
সাক্ষাত্কালে	sh a kkh a t k a l e	tatsama
সাক্ষাৎ	sh a kkh a t	tatsama
সাক্ষাৎও	sh a kkh a t O	tatsama
সাক্ষাৎকারও	sh a kkh a t k a r O	tatsama
সাক্ষাৎকারটি	sh a kkh a t k a r T i	tatsama
সাক্ষাৎকারটির	sh a kkh a t k a r T i r	tatsama
সাক্ষাৎকারে	sh a kkh a t k a r e	tatsama
সাক্ষাৎকারেও	sh a kkh a t k a r e O	tatsama
সাক্ষাৎকারের	sh a kkh a t k a r e r	tatsama
সাক্ষাৎকালে	sh a kkh a t k a l e	tatsama
সাক্ষি	sh a kkh i	tatsama
সাক্ষিও	sh a kkh i O	tatsama
সাক্ষিকে	sh a kkh i k e	tatsama
সাক্ষিগোপাল	sh a kkh i g O p a l	tatsama
সাক্ষিদের	sh a kkh i d e r	tatsama
সাক্ষির	sh a kkh i r	tatsama
সাক্ষিরা	sh a kkh i r a	tatsama
সাক্ষিসাবুদ	sh a kkh i sh a b u d	tatsama
সাক্ষ্যও	sh a kkh O O	tatsama
সাক্ষ্যগ্রহন	sh a kkh O gr O h O n	tatsama
সাক্ষ্যগ্রহনের	sh a kkh O gr O h O n e r	tatsama
সাক্ষ্যপ্রমান	sh a kkh O pr O m a n	tatsama
সাক্ষ্যপ্রমানে	sh a kkh j o pr o m a n e	tatsama
সাক্ষ্যপ্রমানের	sh a kkh j o pr o m a n e r	tatsama
সাক্ষ্যস্মারক	sh a kkh j o sh m a r o k	tatsama
সাক্ষ্যে	sh a kkh e	tatsama
সাক্ষ্যের	sh a kkh e r	tatsama
সাখরচে	sh a kh o r ch e	native
সাখাওয়াত	sh a kh a O a t	native
সাখাওয়াতকে	sh a kh a O y a t k e	native
সাখাওয়াতের	sh a kh a O y a t e r	native
সাখাওয়াত্	sh a kh a O y a t	native
সাখাওয়াৎ	sh a kh a O y a t	native
সাগরকন্যা	sh a g O r k O n n a	native
সাগরকে	sh a g O r k e	native
সাগরগর্ভে	sh a g o r g o r o bh e	native
সাগরতলে	sh a g O r t o l e	native
সাগরতলের	sh a g O r t o l e r	native
সাগরতিরে	sh a g O r t i r e	native
সাগরদাড়ি	sh a g o r d a r i	native
সাগরদাড়িতে	sh a g o r d a r i t e	native
সাগরদিঘি	sh a g o r d i gh i	native
সাগরনাল	sh a g o r n a l	native
সাগরপথে	sh a g O r p o th e	native
সাগরপারের	sh a g o r p a r e r	native
সাগরপাড়া	sh a g o r p a r a	native
সাগরবক্ষে	sh a g o r b o kkh e	tatsama
সাগরবক্ষের	sh a g o r b o kkh e r	tatsama
সাগরভাসা	sh a g O r bh a sh a	native
সাগরমাথা	sh a g o r m a th a	native
সাগরসহ	sh a g o r sh o h O	native
সাগরিকা	sh a g O r i k a	native
সাগরিকার	sh a g O r i k a r	native
সাগরিকায়	sh a g o r i k a y	native
সাগরে	sh a g O r e	native
সাগরেই	sh a g O r e i	native
সাগরেদ	sh a g r e d	native
সাগারাম	sh a g a r a m	native
সাগু	sh a g u	native
সাগুনি	sh a g u n i	native
সাগুফতা	sh a g u ph t a	native
সাগুফতার	sh a g u ph t a r	native
সাগ্নিক	sh a g n i k	native
সাগ্রহ	sh a g gr O h O	native
সাগ্রহে	sh a gr O h e	native
সাঘাটা	sh a gh a T a	native
সাঘাটার	sh a gh a T a r	native
সাঘাটায়	sh a gh a T a y	native
সাচ	sh a ch	native
সাচদেব	sh a ch d e b o	native
সাচা	sh a ch a	native
সাচার	sh a ch a r	native
সাচি	sh a ch i	native
সাচিং	sh a ch i ng	native
সাচিবিক	sh a ch i b i k	native
সাচ্চা	sh a ch ch a	native
সাচ্চাই	sh a ch ch a i	native
সাচ্চি	sh a ch ch i	native
সাচ্চির	sh a ch ch i r	native
সাচ্চু	sh a ch ch u	native
সাচ্চুর	sh a ch ch u r	native
সাচ্চো	sh a ch ch O	native
সাছ	sh a chh	native
সাজ	sh a j	native
সাজই	sh a j i	native
সাজও	sh a j O	native
সাজকে	sh a j k e	native
সাজগুলো	sh a j g u l O	native
সাজগোছের	sh a j g O chh e r	native
সাজগোজ	sh a j g O j	native
সাজগোজে	sh a j g O j e	native
সাজগোজের	sh a j g O j e r	native
সাজঘর	sh a j gh o r	native
সাজঘরমুখি	sh a j gh o r m u kh i	native
সাজঘরে	sh a j gh o r e	native
সাজঘরের	sh a j gh o r e r	native
সাজছে	sh a j chh e	native
সাজটা	sh a j T a	native
সাজটাই	sh a j T a i	native
সাজটাও	sh a j T a O	native
সাজতে	sh a j t e	native
সাজন	sh a j O n	native
সাজপোশাক	sh a j p O sh a k	native
সাজবে	sh a j b e	native
সাজবেন	sh a j b e n	native
সাজসজ্জা	sh a j sh o j j a	native
সাজসজ্জার	sh a j sh o j j a r	native
সাজসজ্জায়	sh a j sh o j j a y	native
সাজসজ্জায়ও	sh a j sh o j j a y O	native
সাজসরঞ্জাম	sh a j sh o r O n j a m	native
সাজসাজ	sh a j sh a j	native
সাজা	sh a j a	native
সাজাই	sh a j a i	native
সাজাও	sh a j a O	native
সাজাকে	sh a j a k e	native
সাজাচ্ছে	sh a j a ch chh e	native
সাজাচ্ছেন	sh a j a ch chh e n	native
সাজাতে	sh a j a t e	native
সাজাত্য	sh a j a t t O	native
সাজাদপুর	sh a j a d p u r	native
সাজান	sh a j a n O	native
সাজানো	sh a j a n O	native
সাজানোর	sh a j a n O r	native
সাজাপ্রাপ্ত	sh a j a pr a p t O	native
সাজাপ্রাপ্তদের	sh a j a pr a p t O d e r	compound
সাজাপ্রাপ্তরা	sh a j a pr a p t O r a	compound
সাজাব	sh a j a b o	native
সাজাবে	sh a j a b e	native
সাজাবেন	sh a j a b e n	native
সাজাভোগ	sh a j a bh O g	native
সাজার	sh a j a r	native
সাজাল	sh a j a l	native
সাজালে	sh a j a l e	native
সাজালেন	sh a j a l e n	native
সাজাহান	sh a j a h a n	native
সাজায়	sh a j a y o	native
সাজি	sh a j i	native
সাজিদ	sh a j i d	native
সাজিদা	sh a j i d a	native
সাজিদুল	sh a j i d u l	native
সাজিদের	sh a j i d e r	native
সাজিনা	sh a j i n a	native
সাজিয়া	sh a j i y a	native
সাজিয়ার	sh a j i y a r	native
সাজিয়ে	sh a j i y e	native
সাজিয়েই	sh a j i y e i	native
সাজিয়েও	sh a j i y e O	native
সাজিয়েছি	sh a j i y e chh i	native
সাজিয়েছিল	sh a j i y e chh i l o	native
সাজিয়েছিলাম	sh a j i y e chh i l a m	native
সাজিয়েছিলেন	sh a j i y e chh i l e n	native
সাজিয়েছে	sh a j i y e chh e	native
সাজিয়েছেন	sh a j i y e chh e n	native
সাজু	sh a j u	native
সাজুকে	sh a j u k e	native
সাজুগুজু	sh a j u g u j u	native
সাজুজ্য	sh a j u j j O	native
সাজুজ্যপুর্ন	sh a j u j j o p u r n o	native
সাজুনি	sh a j u n i	native
সাজুর	sh a j u r	native
সাজে	sh a j e	native
সাজেই	sh a j e i	native
সাজেও	sh a j e O	native
সাজেক	sh a j e k	native
সাজেকে	sh a j e k e	native
সাজেকের	sh a j e k e r	native
সাজেদ	sh a j e d	native
সাজেদা	sh a j e d a	native
সাজেদার	sh a j e d a r	native
সাজেদুর	sh a j e d u r	native
সাজেদুরকে	sh a j e d u r k e	native
সাজেদুল	sh a j e d u l	native
সাজেন	sh a j e n	native
সাজের	sh a j e r	native
সাজেশনস	sh a j e sh o n o sh	native
সাজো	sh a j O	native
সাজোয়া	sh a j O y a	native
সাজোয়াল	sh a j O y a l	native
সাজ্জাত	sh a j j a t	native
সাজ্জাদুর	sh a j j a d u r	native
সাজ্জাদুল	sh a j j a d u l	native
সাজ্জাদের	sh a j j a d e r	native
সাঝের	sh a jh e r	native
সাঞ্জোয়া	sh a n j O y a	native
সাট	sh a T	native
সাটলিপিকার	sh a T l i p i k a r	native
সাটা	sh a T a	native
সাটানো	sh a T a n O	native
সাটানোর	sh a T a n O r o	native
সাটারিং	sh a T a r i ng	native
সাটারিংয়ের	sh a T a r i ng y e r	native
সাটাসাটি	sh a T a sh a T i	native
সাটিন	sh a T i n	native
সাটিয়ে	sh a T i y e	native
সাটু	sh a T u	native
সাটুরিয়া	sh a T u r i a	native
সাটুরিয়ার	sh a T u r i y a r	native
সাটুরিয়ায়	sh a T u r i y a y	native
সাডেন	s a D e n	loanword
সাতকরা	sh a t k o r a	native
সাতকর্নি	sh a t k O r n i	native
সাতকর্নির	sh a t k O r n i r	native
সাতকানিয়া	sh a t k a n i y a	native
সাতকানিয়ার	sh a t k a n i y a r	native
সাতকানিয়ায়	sh a t k a n i y a y	native
সাতকাহন	sh a t k a h O n	native
সাতক্ষিরা	sh a t kh i r a	tatsama
সাতক্ষিরাগামি	sh a t k sh i r a g a m i	tatsama
সাতক্ষিরাতে	sh a t kh i r a t e	tatsama
সাতক্ষিরার	sh a t kh i r a r	tatsama
সাতক্ষিরাসহ	sh a t k sh i r a sh o h O	tatsama
সাতক্ষিরায়	sh a t kh i r a y o	tatsama
সাতগাও	sh a t g a O	native
সাতগুন	sh a t g u n	native
সাতগ্রাম	sh a t gr a m	native
সাতচল্লিশ	sh a t ch O l l i sh	native
সাতচল্লিশে	sh a t ch o l l i sh e	native
সাতচল্লিশের	sh a t ch O l l i sh e r	native
সাতছড়ি	sh a t chh o r i	native
সাতজন	sh a t j o n	native
সাতজনই	sh a t j o n i	native
সাতজনকে	sh a t j o n k e	native
সাতজনসহ	sh a t j o n sh o h O	native
সাতজনে	sh a t j o n e	native
সাতজনের	sh a t j O n e r	native
সাতটা	sh a t T a	native
সাতটার	sh a t T a r	native
সাতটায়	sh a t T a y	native
সাতটায়ও	sh a t T a y O	native
সাতটি	sh a t T i	native
সাতটিই	sh a t T i i	native
সাতটিতে	sh a t T i t e	native
সাতটিতেই	sh a t T i t e i	native
সাতটির	sh a t T i r	native
সাতটিসহ	sh a t T i sh o h O	native
সাততলার	sh a t t o l a r	native
সাততলায়	sh a t t o l a y	native
সাততাড়াতাড়ি	sh a t t a r a t a r i	native
সাতত্য	sh a t O t t O	native
সাতদলিয়	sh a t d o l i y	native
সাতদিন	sh a t d i n	native
সাতদিনের	sh a t d i n e r	native
সাতপাকে	sh a t p a k e	native
সাতপাচ	sh a t p a ch	native
সাতবার	sh a t b a r	native
সাতবারই	sh a t b a r o i	native
সাতবারের	sh a t b a r e r	native
সাতবাড়িয়া	sh a t b a r i y a	native
সাতভাইখুম	sh a t bh a i kh u m	native
সাতমসজিদ	sh a t m O sh j i d	native
সাতমাইল	sh a t m a i l	native
সাতমাথা	sh a t m a th a	native
সাতমাথায়	sh a t m a th a y	native
সাতমোড়া	sh a t m O r a	native
সাতরওজা	sh a t r o O j a	native
সাতরাখালি	sh a t r a kh a l i	native
সাতরাতে	sh a t r a t e	native
সাতরানো	sh a t r a n O	native
সাতরাস্তা	sh a t r a st a	native
সাতরাস্তার	sh a t r a st a r	native
সাতরিয়ে	sh a t o r i y e	native
সাতরে	sh a t r e	native
সাতলানো	sh a t o l a n O	native
সাতশ	sh a t sh O	native
সাতশত	sh a t sh o t O	native
সাতশো	sh a t sh O	native
সাতসকালেই	sh a t sh o k a l e i	native
সাতসমুদ্র	sh a t sh o m u d r o	native
সাতা	sh a t a	native
সাতাইশ	sh a t a i sh	native
সাতাত্তর	sh a t a tt O r	native
সাতাত্তরের	sh a t a tt o r e r	native
সাতানব্বই	sh a t a n O b b O i	native
সাতানি	sh a t a n i	native
সাতানিরচর	sh a t a n i r ch o r	native
সাতান্ন	sh a t a nn O	native
সাতাফুল	sh a t a ph u l	native
সাতার	sh a t a r	native
সাতারকুল	sh a t a r k u l	native
সাতারপুলে	sh a t a r p u l e	native
সাতারসহ	sh a t a r sh o h O	native
সাতারু	sh a t a r u	native
সাতারুদের	sh a sh a t a r u d e r	native
সাতারুরা	sh a t a r u r a	native
সাতারে	sh a t a r e	native
সাতারের	sh a t a r e r	native
সাতালি	sh a t a l i	native
সাতাশ	sh a t a sh	native
সাতিত	sh a t i t	native
সাতিরা	sh a t i r a	native
সাতিরার	sh a t i r a r	native
সাতিশয়	sh a t i sh o y	native
সাতুই	sh a t u i	native
সাতুবাবু	sh a t u b a b u	native
সাতুরিয়া	sh a t u r i y a	native
সাতুরিয়ার	sh a t u r i y a r	native
সাতুরিয়ায়	sh a t u r i y a y	native
সাতে	sh a t e	native
সাতেক	sh a t e k	native
সাতের	sh a t e r	native
সাতোইর	sh a t o i r	native
সাতোয়া	sh a t O y a	native
সাত্তা	sh a tt a	native
সাত্তার	sh a tt a r	native
সাত্তারই	sh a tt a r i	native
সাত্তারকে	sh a tt a r k e	native
সাত্তারসহ	sh a tt a r sh o h O	native
সাত্তারের	sh a tt a r e r	native
সাত্ত্বিক	sh a tt i k	tatsama
সাথ	sh a th	native
সাথি	sh a th i	native
সাথিকে	sh a th i k e	native
সাথিকেও	sh a th i k e O	native
সাথিদের	sh a th i d e r	native
সাথির	sh a th i r	native
সাথিরা	sh a th i r a	native
সাথিয়া	sh a th i y a	native
সাথিয়ার	sh a th i y a r	native
সাথিয়ায়	sh a th i y a y	native
সাথে	sh a th e	native
সাথেই	sh a th e i	native
সাদ	sh a d	native
সাদকা	sh a d k a	native
সাদকাতুল	sh a d k a t u l	native
সাদকায়ে	sh a d k a y e	native
সাদত	sh a d O t	native
সাদন	sh a d O n	native
সাদনান	sh a d n a n	native
সাদমা	sh a d m a	native
সাদমান	sh a d m a n	native
সাদর	sh a d O r	native
সাদরে	sh a d O r e	native
সাদাই	sh a d a i	native
সাদাও	sh a d a O	native
সাদাকা	sh a d a k a	native
সাদাকাজু	sh a d a k a j u	native
সাদাকাত	sh a d a k a t	native
সাদাকাতুল	sh a d a k a t u l	native
সাদাকালো	sh a d a k a l O	native
সাদাকালোর	sh a d a k a l O r	native
সাদাকে	sh a d a k e	native
সাদাটে	sh a d a T e	native
সাদাত	sh a d a t	native
সাদাতকে	sh a d a t k e	native
সাদাতের	sh a d a t e r	native
সাদাপাতা	sh a d a p a t a	native
সাদাফ	sh a d a ph	native
সাদামাটাভাবে	sh a d a m a T a bh a b e	native
সাদামাটাভাবেই	sh a d a m a T a bh a b e i	compound
সাদামাটি	sh a d a m a T i	native
সাদাসিধা	sh a d a sh i dh a	native
সাদাহ	sh a d a h	native
সাদাহর	sh a d a h o r	native
সাদায়	sh a d a y	native
সাদি	sh a d i	native
সাদিক	sh a d i k	native
সাদিকুজ্জামান	sh a d i k u j j a m a n	compound
সাদিকুল	sh a d i k u l	native
সাদিকের	sh a d i k e r	native
সাদিদ	sh a d i d	native
সাদিপুর	sh a d i p u r	native
সাদিবর	sh o sh a d i b o r	native
সাদির	sh a d i r	native
সাদিয়া	sh a d i a	native
সাদিয়াকে	sh a d i y a k e	native
সাদিয়ার	sh a d i y a r	native
সাদু	sh a d u	native
সাদুল্যাপুর	sh a d u l l a p u r	native
সাদুল্যাপুরে	sh a d u l l a p u r e	native
সাদুল্লা	sh a d u l l a	native
সাদুল্লাপুর	sh a d u l l a p u r	native
সাদৃশ্য	sh a d r i sh sh O	tatsama
সাদৃশ্যপুর্ন	sh a d ri sh sh O p u r n O	tatsama
সাদে	sh a d e	native
সাদেক	sh a d e k	native
সাদেককে	sh a d e k k e	native
সাদেকা	sh a d e k a	native
সাদেকুজ্জামান	sh a d e k u j j a m a n	compound
সাদেকুর	sh a d e k u r	native
সাদেকুল	sh a d e k u l	native
সাদেকের	sh a d e k e r	native
সাদের	sh a d e r	native
সাদ্দাম	sh a d d a m	native
সাদ্দামের	sh a d d a m e r	native
সাদ্রা	sh a d r a	native
সাধ	sh a dh	native
সাধক	sh a dh O k	native
সাধকদের	sh a dh O k d e r	native
সাধকের	sh a dh O k e r	native
সাধকেরা	sh a dh o k e r a i	native
সাধন	sh a dh O n	native
সাধনই	sh a dh o n i	native
সাধনচন্দ্র	sh a dh o n ch o ndr o	native
সাধনপুরে	sh a dh o n p u r	native
সাধনা	sh a dh O n a	native
সাধনাই	sh a dh o n a i	native
সাধনাকে	sh a dh o n a k e	native
সাধনানন্দ	sh a dh o n a nd o	native
সাধনার	sh a dh O n a r	native
সাধনায়	sh a dh o n a y o	native
সাধনে	sh a dh O n e	native
সাধনের	sh a dh O n e r	native
সাধর্ম্য	sh a dh o r m O	native
সাধল	sh a dh l O	native
সাধলেন	sh a dh l e n	native
সাধা	sh a dh a	native
সাধার	sh a dh a r	native
সাধারচর	sh a dh a r ch o r	native
সাধারন	sh a dh a r O n	native
সাধারনই	sh a dh a r o n i	native
সাধারনকে	sh a dh a r o n k e	native
সাধারনত	sh a dh a r o n O t O	native
সাধারনতঃ	sh a dh a r O n o t O	tatsama
সাধারনত্ব	sh a dh a r o n t t o	tatsama
সাধারনদের	sh a dh a r o n d e r	native
সাধারনভাবে	sh a dh a r o n bh a b e	native
সাধারনভাবেই	sh a dh a r o n bh a b e i	native
সাধারনমানের	sh a dh a r o n m a n e r	native
সাধারনসম্পাদক	sh a dh a r O n sh o mp a d O k	compound
সাধারনে	sh a dh a r o n e	native
সাধারনের	sh a dh a r o n o e r	native
সাধারনেরা	sh a dh a r o n e r a	native
সাধারন্যে	sh a dh a r o n n e	native
সাধারন্যের	sh a dh a r o n n e r	native
সাধিকা	sh a dh i k a	native
সাধিত	sh a dh i t O	native
সাধিত্র	sh a dh i tr O	native
সাধিন	sh a dh i n	native
সাধু	sh a dh u	native
সাধুকে	sh a dh u k e	native
সাধুপাড়া	sh a dh u p a r a	native
সাধুপুরুশ	sh a dh u p u r u sh o	native
সাধুবাদজোগ্য	sh a dh u b a d j O g g o	native
সাধুর	sh a dh u r	native
সাধুরা	sh a dh u r a	native
সাধুরাম	sh a dh u r a m	native
সাধুসংগ	sh a dh u sh o ng g o	native
সাধে	sh a dh e	native
সাধেন	sh a dh e n	native
সাধের	sh a dh e r	native
সাধ্বস	sh a d dh O sh	tatsama
সাধ্বি	sh a d dh i	tatsama
সাধ্য	sh a d dh O	native
সাধ্যমত	sh a d dh O m o t O	native
সাধ্যমতো	sh a d dh O m o t O	native
সাধ্যসাধনা	sh a d dh o sh a dh o n a	native
সাধ্যাতিত	sh a d dh a t i t	native
সাধ্যানুজায়ি	sh a d dh a n u j a y i	native
সাধ্যি	sh a d dh i	native
সাধ্যে	sh a d dh e	native
সাধ্যের	sh a d dh e r	native
সান	sh a n	native
সানক	sh a n O k	native
সানকিতে	sh a n k i t e	native
সানকে	sh a n k e	native
সানগ্লাসে	sh a n g l a sh e	native
সানগ্লাসের	sh a n g l a sh e r	native
সানচেজ	sh a n ch e j	native
সানচেজকে	sh a n ch e j k e	native
সানচেজরা	sh a n ch e j r a	native
সানচেজের	sh a n ch e j e r	native
সানচেসের	sh a n ch e sh e r	native
সানজানা	sh a n j a n a	native
সানজামুল	sh a n j a m u l	native
সানজিদ	sh a n j i d	native
সানজিদকে	sh a n j i d k e	native
সানজিদা	sh a n j i d a	native
সানজিদাকে	sh a n j i d a k e	native
সানজিদার	sh a n j i d a r	native
সানজিলা	sh a n j i l a	native
সানজিলার	sh a n j i l a r o	native
সানজিয়াং	sh a n j i y a ng	native
সানডে	s a n D e	loanword
সানডের	s a n D e r	loanword
সানন্দ	sh a n O nd O	native
সানন্দে	sh a n O nd e	native
সানপেটা	sh a n p e T a	native
সানফ্রানসিসকোর	s a n ph r a n s i s k O r	loanword
সানফ্রানসিসকোয়	s a n ph r a n s i s k O y o	loanword
সানফ্রান্সিসকো	s a n ph r a n s i s k O	loanword
সানফ্রান্সিসকোতে	s a n ph r a n s i s k O t e	loanword
সানফ্রান্সিসকোর	s a n ph r a n s i s k O r	loanword
সানফ্রান্সিসকোয়	s a n ph r a n s i s k O y	loanword
সানফ্লাওয়ার	s a n ph l a O y a r	loanword
সানবার্ন	sh a n b a r n	native
সানবির	sh a n b i r	native
সানবিরকে	sh a n b i r k e	native
সানবিরসহ	sh a n b i r sh o h O	native
সানবিরের	sh a n b i r e r	native
সানম্যান	sh a n m A n	native
সানরাইজ	sh a n r a i j	native
সানরাইজার্স	sh a n r a i j a r sh	native
সানলাইফ	sh a n l a i ph	native
সানশাইন	sh a n sh a i n	native
সানশেড	sh a n sh e D	loanword
সানসার্ন	sh a n sh a r n	native
সানসিটি	s a n s i T i	proper_noun
সানসিল্ক	sh a n sh i l k	native
সানসু	sh a n sh u	native
সানস্ক্রিন	s a n s kr i n	loanword
সানস্ক্রিনের	s a n s kr i n e r	loanword
সানাই	sh a n a i	native
সানাইয়ের	sh a n a i y e r	native
সানাউর	sh a n a u r	native
সানাউল	sh a n a u l	native
সানাউল্লাহ	sh a n a u l l a h	native
সানাউল্লাহকে	sh a n a u l l a h k e	native
সানাউল্লাহর	sh a n a u l l a h o r	native
সানার	sh a n a r	native
সানারকম	sh a n a r o k o m	native
সানারকমের	sh a n a r o k o m e r	native
সানারপাড়	sh a n a r p a r	native
সানাসহ	sh a n a sh o h O	native
সানাহ	sh a n a h	native
সানায়	sh a n a y	native
সানি	sh a n i	native
সানিও	sh a n i O	native
সানিকে	sh a n i k e	native
সানিডেল	s a n i D e l	proper_noun
সানির	sh a n i r	native
সানিলা	sh a n i l a	native
সানিয়া	sh a n i y a	native
সানিয়াও	sh a n i y a O	native
সানিয়াকে	sh a n i y a k e	native
সানিয়ার	sh a n i y a r o	native
সানু	sh a n u	native
সানুকম্প	sh a n u k o mp O	native
সানুগ্রহ	sh a n u g gr O h O	native
সানুজ	sh a n u j	native
সানুনাসিক	sh a n u n a sh i k	native
সানুনয়	sh a n u n o y	native
সানুবন্ধ	sh a n u b o ndh O	native
সানুর	sh a n u r	native
সানুরাগ	sh a n u r a g	native
সানুহার	sh a n u h a r	native
সানের	sh a n e r	native
সানোফি	sh a n O ph i	native
সানোয়ার	sh a n O y a r	native
সানোয়ারা	sh a n O y a r a	native
সানোয়ারের	sh a n O y a r e r	native
সান্টা	sh a n T a	native
সান্টি	sh a n T i	native
সান্টিং	sh a n T i ng	native
সান্টু	sh a n T u	native
সান্টোস	s a n T O s	proper_noun
সান্ডারল্যান্ড	sh a n D a r l A n D	compound
সান্ডারল্যান্ডকে	sh a n D a r l A n D k e	compound
সান্ডারল্যান্ডের	sh a n D a r l A n D e r	compound
সান্ত	sh a nt O	native
সান্তনা	sh a nt O n a	native
সান্তর	sh a nt o r	native
সান্তা	sh a nt a	native
সান্তার	sh a nt a r	native
সান্তাল	sh a nt a l	native
সান্তাহারে	sh a nt a h a r e	native
সান্তিয়াগোর	sh a nt i y a g O r	native
সান্তোরাম	sh a nt O r a m	native
সান্তোস	sh a nt O sh	native
সান্তোসকে	sh a nt O sh k e	native
সান্তোসে	sh a nt O sh e	native
সান্তোসেই	sh a nt O sh e i	native
সান্তোসের	sh a nt O sh e r	native
সান্ত্বনা	sh a nt O n a	tatsama
সান্ত্বনাই	sh a nt o n a i	tatsama
সান্ত্বনাও	sh a nt o n a O	tatsama
সান্ত্বনাটুকু	sh a nt o n a T u k u	tatsama
সান্ত্বনাসুচক	sh a nt O n a sh u ch O k	tatsama
সান্দ্র	sh a ndr O	native
সান্দ্রা	sh a ndr a	native
সান্দ্রো	sh a ndr O	native
সান্ধা	sh a ndh a	native
সান্ধি	sh a ndh i	native
সান্ধিবিগ্রহিক	sh a ndh i b i g gr O h i k	compound
সান্ধ্য	sh a ndh O	tatsama
সান্ধ্যকালিন	sh a ndh O k a l i n	tatsama
সান্নামাত	sh a nn a m a t	native
সান্নিধ্য	sh a nn i d dh O	native
সান্নিধ্যে	sh a nn i d dh e	native
সান্নিপাতিক	sh a nn i p a t i k	native
সান্বয়	sh a n n o y	native
সান্যাল	sh a n n a l	native
সান্যালকে	sh a n n a l k e	native
সান্যালের	sh a n n a l e r	native
সাপই	sh a p i	native
সাপও	sh a p O	native
সাপগুলো	sh a p g u l O	native
সাপগুলোর	sh a p g u l O r	native
সাপটা	sh a p T a	native
সাপটানো	sh a p T a n O	native
সাপটি	sh a p T i	native
সাপটিকে	sh a p T i k e	native
সাপটির	sh a p T i r	native
সাপলা	sh a p l a	native
সাপলুডু	sh a p l u D u	native
সাপসহ	sh a p sh o h O	native
সাপার	sh a p a r o	native
সাপাহার	sh a p a h a r	native
সাপি	sh a p i	native
সাপুড়া	sh a p u r a	native
সাপুড়ে	sh a p u r e	native
সাপে	sh a p e	native
সাপেক্ষ	sh a p e kkh O	tatsama
সাপেক্ষে	sh a p e kkh e	tatsama
সাপেক্ষেই	sh a p e kkh e i	tatsama
সাপের	sh a p e r	native
সাপোজিটরি	s a p O j i T O r i	loanword
সাপোট	s a p O T	loanword
সাপোর্ট	s a p O r T	loanword
সাপোর্টার	s a p O r T a r	loanword
সাপোর্টিভ	s a p O r T i bh	loanword
সাপোর্টে	s a p O r T e	loanword
সাপোর্টেড	s a p O r T e D	loanword
সাপ্টা	sh a p T a	native
সাপ্তাহিক	sh a p t a h i k	native
সাপ্লাই	s a p l a i	loanword
সাপ্লায়ার্স	s a p l a y a r s	loanword
সাপ্লিমেন্ট	s a p l i m e n T	loanword
সাপ্লিমেন্টারি	s a p l i m e n T a r i	loanword
সাফ	sh a ph	native
সাফকবলা	sh a ph k o b l a	native
সাফকাত	sh a ph k a t	native
সাফকো	sh a ph k O	native
সাফটা	s a ph T a	proper_noun
সাফটাকে	s a ph T a k e	proper_noun
সাফটাভুক্ত	s a ph T a bh u kt o	proper_noun
সাফটার	s a ph T a r	proper_noun
সাফটায়	s a ph T a y	proper_noun
সাফলা	sh a ph l a	native
সাফল্য	sh a ph O l l O	native
সাফল্যই	sh a ph O l l O i	native
সাফল্যও	sh a ph O l l O O	native
সাফল্যকে	sh a ph O l l O k e	native
সাফল্যকেও	sh a ph o l l o k e O	native
সাফল্যগাথা	sh a ph O l l O g a th a	native
সাফল্যগাথার	sh a ph o l l o g a th a r	native
সাফল্যগাথায়	sh a ph o l l o g a th a y	native
সাফল্যগুলো	sh a ph o l l o g u l O	native
সাফল্যজনক	sh a ph o l l o j o n o k	native
সাফল্যজনকভাবে	sh a ph o l l o j o n o k bh a b e	compound
সাফল্যটা	sh a ph o l l O T a	native
সাফল্যটাই	sh a ph o l l o T a i	native
সাফল্যটাকে	sh a ph o l l o T a k e	native
সাফল্যটি	sh a ph o l l o T i	native
সাফল্যপিয়াসি	sh a ph o l l o p i y a sh i	native
সাফল্যমন্ডিত	sh a ph O l l O m O n D i t O	native
সাফল্যেই	sh a ph o l l e i	native
সাফল্যেও	sh a ph o l l e O	native
সাফল্যের	sh a ph O l l e r	native
সাফল্যেরই	sh a ph o l l e r i	native
সাফসুতরো	sh a ph sh u t r O	native
সাফা	sh a ph a	native
সাফাই	sh a ph a i	native
সাফাইও	sh a ph a i O	native
সাফাইয়ের	sh a ph a i y e r	native
সাফাত	sh a ph a t	native
সাফাতুন	sh a ph a t u n	native
সাফার	sh a ph a r	native
সাফারি	sh a ph a r i	native
সাফারিতে	sh a ph a r i t e	native
সাফারির	sh a ph a r i r	native
সাফারোভা	sh a ph a r O bh a	native
সাফারোভার	sh a ph a r O bh a r	native
সাফাসহ	sh a ph a sh o h O	native
সাফায়াত	sh a ph a y a t	native
সাফায়েত	sh a ph a y e t	native
সাফায়েতের	sh a ph a y e t e r	native
সাফি	sh a ph i	native
সাফিউদ্দিন	sh a ph i u d d i n	native
সাফিন	sh a ph i n	native
সাফিনা	sh a ph i n a	native
সাফিনার	sh a ph i n a r	native
সাফির	sh a ph i r	native
সাফিরের	sh a ph i r e r	native
সাফিহা	sh a ph i h a	native
সাফিয়া	sh a ph i y a	native
সাফিয়ার	sh a ph i y a r	native
সাফুয়ান	sh a ph u y a n	native
সাফে	sh a ph e	native
সাফের	sh a ph e r	native
সাব	sh a b	native
সাবওয়ে	sh a b O y e	native
সাবকাশ	sh a b O k a sh	native
সাবকুড়	sh a b k u r	native
সাবজজ	sh a b j o j	native
সাবজুডিশ	s a b j u D i sh	loanword
সাবটাইটেল	s a b T a i T e l	loanword
সাবদার	sh a b d a r	native
সাবধান	sh a b dh a n	native
সাবধানতা	sh a b dh a n O t a	native
সাবধানতার	sh a b dh a n O t a r	native
সাবধানবানি	sh a b dh a n b a n i	native
সাবধানি	sh a b dh a n i	native
সাবধানে	sh a b dh a n e	native
সাবধানেই	sh a b dh a n e i	native
সাবন	sh a b O n	native
সাবনেটবুক	s a b n e T b u k	loanword
সাবমিট	s a b m i T	loanword
সাবমেরিন	sh a b m e r i n	native
সাবমেরিনে	sh a b m e r i n e	native
সাবমেরিনের	sh a b m e r i n e r	native
সাবরি	sh a b r i	native
সাবরিকে	sh a b r i k e	native
সাবরিন	sh a b r i n	native
সাবরিনা	sh a b r i n a	native
সাবরিনাকে	sh a b r i n a k e	native
সাবরিনার	sh a b r i n a r	native
সাবরির	sh a b o r i r	native
সাবরুম	sh a b o r u m	native
সাবরেজিস্ট্রার	s a b r e j i s T r a r	loanword
সাবরেজিস্ট্রি	s a b r e j i s T r i	loanword
সাবর্ন	sh a b o r n O	native
সাবর্নি	sh a b O r n i	native
সাবল	sh a b o l	native
সাবলম্বি	sh a b O l O mb i	native
সাবলিল	sh a b o l i l	native
সাবলিলতা	sh a b o l i l o t a	native
সাবলিলভাবে	sh a b o l i l bh a b e	native
সাবলেট	s a b l e T	loanword
সাবসিডি	s a b s i D i	loanword
সাবসিডিয়ারি	s a b s i D i y a r i	loanword
সাবসিডিয়ারিটি	sh a b sh i D i y a r i T i	compound
সাবস্ক্রাইব	s a b s kr a i b	loanword
সাবস্ক্রিপশন	s a b s kr i p sh o n	loanword
সাবস্টেশন	s a b s T e sh O n	loanword
সাবহা	sh a b h a	native
সাবহানাজ	sh a b h a n a j	native
সাবহিত	sh a b O h i t O	native
সাবা	sh a b a	native
সাবাউদ্দিন	sh a b a u d d i n	native
সাবানি	sh a b a n i	native
সাবানুর	sh a b a n u r	native
সাবানুরের	sh a b a n u r e r	native
সাবানে	sh a b a n e	native
সাবানের	sh a b a n e r	native
সাবাব	sh a b a b	native
সাবার	sh a b a r	native
সাবালক	sh a b a l O k	native
সাবাস	sh a b a sh	loanword
সাবাহ	sh a b a h	native
সাবাহর	sh a b a h o r	native
সাবাড়	sh a b a r	native
সাবি	sh a b i	native
সাবিক	sh a b i k	native
সাবিকুন	sh a b i k u n	native
সাবিত্রি	sh a b i tr i	native
সাবিন	sh a b i n	native
সাবিনকো	sh a b i n k O	native
সাবিনকোর	sh a b i n k O r	native
সাবিনা	sh a b i n a	native
সাবিনাকে	sh a b i n a k e	native
সাবিনার	sh a b i n a r	native
সাবির	sh a b i r	native
সাবিরা	sh a b i r a	native
সাবিরুল	sh a b i r u l	native
সাবিরুলের	sh a b i r u l e r	native
সাবিলা	sh a b i l a	native
সাবিহ	sh a b i h	native
সাবিহউদ্দিন	sh a b i h u d d i n	native
সাবিহা	sh a b i h a	native
সাবিহার	sh a b i h a r	native
সাবিয়া	sh a b i y a	native
সাবু	sh a b u	native
সাবুদ	sh a b u d	native
সাবুর	sh a b u r	native
সাবেক	sh a b e k	native
সাবেকদের	sh a b e k d e r	native
সাবেকরা	sh a b e k r a	native
সাবেকি	sh a b e k i	native
সাবেকুন	sh a b e k u n	native
সাবেকের	sh a b e k e r	native
সাবেদ	sh a b e d	native
সাবের	sh a b e r	native
সাবেরকে	sh a b e r k e	native
সাবেরা	sh a b e r a	native
সাবেরি	sh a b e r i	native
সাবেরুল	sh a b e r u l	native
সাবেরে	sh a b e r e	native
সাবেরের	sh a b e r e r	native
সাবেলার	sh a b e l a r	native
সাব্বাহি	sh a b b a h i	native
সাব্বির	sh a b b i r	native
সাব্বিরকে	sh a b b i r k e	native
সাব্বিরসহ	sh a b b i r sh o h O	native
সাব্বিরের	sh a b b i r e r	native
সাব্যস্ত	sh a b b O st O	native
সাব্যস্তের	sh a b b o st e r	native
সাব্রিনা	sh a br i n a	native
সাব্রোসা	sh a br O sh a	native
সাবড়	sh a b a r	native
সাবয়ব	sh a b o y o b	native
সাভাতা	sh a bh a t a	native
সাভাদি	sh a bh a d i	native
সাভার	sh a bh a r	native
সাভারগামি	sh a bh a r g a m i	native
সাভারসহ	sh a bh a r sh o h O	native
সাভারে	sh a bh a r e	native
সাভারের	sh a bh a r e r	native
সাভিনিবেশ	sh a bh i n i b e sh	native
সামগ্রি	sh a m O gr i	native
সামগ্রিই	sh a m O gr i i	native
সামগ্রিও	sh a m O gr i O	native
সামগ্রিক	sh a m O gr i k	native
সামগ্রিকভাবে	sh a m O gr i k bh a b e	native
সামগ্রিকভাবেই	sh a m o gr i k bh a b e	compound
সামগ্রিগুলো	sh a m O gr i g u l O	native
সামগ্রিতে	sh a m O gr i t e	native
সামগ্রির	sh a m o gr i r	native
সামগ্রিসহ	sh a m O gr i sh o h O	native
সামগ্র্য	sh a m O g gr O	native
সামছু	sh a m chh u	native
সামছুজ্জামান	sh a m chh u j j a m a n	native
সামছুদ্দিন	sh a m sh u d d i n	native
সামছুন্নাহার	sh a m chh u nn a h a r	native
সামছুর	sh a m chh u r	native
সামছুল	sh a m o chh u l	native
সামজিক	sh a m a j i k	native
সামঞ্জস্য	sh a m O n j O sh sh O	native
সামঞ্জস্যপুর্ন	sh a m o n j o sh sh o p u r n o	compound
সামঞ্জস্যপুর্নভাবে	sh a m o n j o sh sh o p u r n o bh a b e	compound
সামঞ্জস্যহিন	sh a m o n j o sh sh o h i n	native
সামথিং	sh a m th i ng	native
সামদানি	sh a m d a n i	native
সামদ্রুপ	sh a m O d r u p	native
সামনা	sh a m n a	native
সামনাসামনি	sh a m n a sh a m n i	native
সামনি	sh a m n i	native
সামনেই	sh a m n e i	native
সামনেও	sh a m n e O	native
সামনেসহ	sh a m n e sh o h O	native
সামন্তজি	sh a m o nt o j i	native
সামন্তজির	sh a m o nt o j i r	native
সামন্ততন্ত্র	sh a m o nt o t o nt r o	native
সামন্ততন্ত্রের	sh a m o nt o t o nt r e r	compound
সামন্ততান্ত্রিক	sh a m o nt o t a nt r i k	compound
সামন্তদের	sh a m o nt o d e r	native
সামন্তপ্রভু	sh a m o nt o pr o bh u	native
সামন্তবাদ	sh a m o nt o b a d	native
সামন্তবাদি	sh a m o nt o b a d i	native
সামন্তরিক	sh a m O nt O r i k	native
সামন্তলাল	sh a m o nt o l a l	native
সামন্তসার	sh a m o nt o sh a r	native
সামন্তসেনা	sh a m o nt o sh e n a	native
সামন্তসেনায়	sh a m o nt o sh e n a y	native
সামন্তের	sh a m o nt e r	native
সামপাওলি	sh a m p a O l i	native
সামপাওলির	sh a m p a O l i r	native
সামপ্রতিক	sh a m pr O t i k	native
সামপ্রদায়িক	sh a m pr o d a y i k	native
সামপ্রদায়িকতার	sh a m pr o d a y i k o t a r	compound
সামবায়িক	sh a m O b a y i k	native
সামরিক	sh a m O r i k	native
সামরিকই	sh a m o r i k i	native
সামরিকতন্ত্র	sh a m o r i k t o nt r o	native
সামরিকভাবে	sh a m o r i k bh a b e	native
সামরিকায়নের	sh a m o r i k a y o n e r	native
সামরিকিকরন	sh a m o r i k o r o n	native
সামর্থ	sh a m O r th O	native
সামর্থের	sh a m O r th e r	native
সামর্থ্য	sh a m O r th O	native
সামর্থ্যই	sh a m o r th o i	native
সামর্থ্যও	sh a m O r th O O	native
সামর্থ্যকে	sh a m O r th O k e	native
সামর্থ্যবান	sh a m O r th O b a n	native
সামর্থ্যরে	sh a m O r th O r e	native
সামর্থ্যহিন	sh a m o r th o h i n	native
সামর্থ্যে	sh a m o r th e	native
সামর্থ্যের	sh a m o r th e r	native
সামলাও	sh a m l a O	native
সামলাচ্ছেন	sh a m l a ch chh e n	native
সামলাতে	sh a m l a t e	native
সামলাতেই	sh a m l a t e i	native
সামলান	sh a m l a n	native
সামলানো	sh a m l a n O	native
সামলানোর	sh a m l a n O r	native
সামলাব	sh a m l a b	native
সামলাবে	sh a m l a b e	native
সামলাবেন	sh a m l a b e n	native
সামলায়	sh a m l a y o	native
সামলিয়ে	sh a m l i y e	native
সামলে	sh a m l e	native
সামলেই	sh a m l e i	native
সামলেও	sh a m l e O	native
সামলেছে	sh a m l e chh e	native
সামলেছেন	sh a m l e chh e n	native
সামশুদ্দিন	sh a m sh u d d i n	native
সামশুল	sh a m sh u l	native
সামশ্টিক	sh a m O sh T i k	native
সামশ্টিকভাবে	sh a m o sh T i k bh a b e	native
সামস	sh a m sh	native
সামসময়িক	sh a m o sh o m o y i k	native
সামসাং	sh a m sh a ng	native
সামসু	sh a m sh u	native
সামসুজ্জামান	sh a m sh u j j a m a n	native
সামসুজ্জামানের	sh a m sh u j j a m a n e r	compound
সামসুজ্জোহা	sh a m o sh u j j e h a	native
সামসুজ্জোহাকে	sh a m sh u j j e h a k e	compound
সামসুদ্দিন	sh a m sh u d d i n	native
সামসুদ্দোহা	sh a m sh u d d O h a	native
সামসুন্নাহার	sh a m sh u nn a h a r	native
সামসুর	sh a m sh u r	native
সামসুল	sh a m sh u l	native
সামসুলের	sh a m sh u l e r	native
সামস্টিক	sh a m o sh T i k	loanword
সামহোয়ান	sh a m h O y a n	native
সামহোয়ারইন	sh a m h O y a r i n	native
সামহোয়্যার	sh a m h O y A r	native
সামহোয়্যারইন	sh a m h O y A r i n	native
সামা	sh a m a	native
সামাই	sh a m a i	native
সামাজিক	sh a m a j i k	native
সামাজিকতা	sh a m a j i k o t a	native
সামাজিকতার	sh a m a j i k o t a r	native
সামাজিকভাবে	sh a m a j i k bh a b e	native
সামাজিকভাবেই	sh a m a j i k bh a b e i	native
সামাজিকভাবেও	sh a m a j i k bh a b e O	native
সামাজিকিকরন	sh a m a j i k i k o r O n	native
সামাজিকিকরনের	sh a m a j i k k i k o r o n e r	compound
সামাতি	sh a m a t i	native
সামাদ	sh a m a d	native
সামাদকে	sh a m a d k e	native
সামাদি	sh a m a d i	native
সামাদের	sh a m a d e r	native
সামাধান	sh a m a dh a n	native
সামান	sh a m a n	native
সামানি	sh a m a n i	native
সামান্তরিক	sh a m a nt O r i k	native
সামান্তরিকের	sh a m a nt O r i k e r	native
সামান্তা	sh a m a nt a	native
সামান্থা	sh a m a n th a	native
সামান্থাকে	sh a m a n th o k e	native
সামান্থার	sh a m a n th a r	native
সামান্য	sh a m a n n O	native
সামান্যই	sh a m a n n O i	native
সামান্যও	sh a m a n n o O	native
সামান্যকরন	m a sh a n n O k o r O n	native
সামান্যতম	sh a m a n n O t o m O	native
সামান্যসংখ্যক	sh a m a n n o sh o ng kh j o k	compound
সামান্যা	sh o m a n n a	native
সামান্যিকরন	m a m a n n i k o r O n	native
সামারা	sh a m a r a	native
সামারাবিরা	sh a m a r a b i r a	native
সামারাবিরাকে	sh a m a r a b i r a k e	native
সামারাবিরার	sh a m a r a b i r a r	native
সামারি	sh a m a r i	native
সামারের	sh a m a r e r	native
সামাল	sh a m a l	native
সামি	sh a m i	native
সামিউন	sh a m i u n	native
সামিউলকে	sh a m i u l k e	native
সামিউলের	sh a m i u l e r	native
সামিউল্লাহ	sh a m i u l l a h	native
সামিকে	sh a m i k e	native
সামিট	s a m i T	loanword
সামিটার	s a m i T a r	loanword
সামিটে	s a m i T e	loanword
সামিটের	s a m i T e r	loanword
সামিত	sh a m i t	native
সামিদুল	sh a m i d u l	native
সামিন	sh a m i n	native
সামিনের	sh a m i n e r	native
সামিন্ত	sh a m i nt o	native
সামিপ্য	sh a m i p p O	native
সামিম	sh a m i m	native
সামির	sh a m i r	native
সামিল	sh a m i l	native
সামিহা	sh a m i h a	native
সামিয়া	sh a m i y a	native
সামিয়ানা	sh a m i y a n a	native
সামু	sh a m u	native
সামুদ	sh a m u d	native
সামুদ্র	sh a m u d r O	native
সামুদ্রিক	sh a m u d r i k	native
সামুরাই	sh a m u r a i	native
সামেন	sh a m e n	native
সামেল	sh a m e l	native
সামোভার	sh a m O bh a r	native
সামোরি	sh a m O r i	native
সামোয়া	sh a m O y a	native
সামোয়ার	sh a m O a r	native
সামোয়ায়	sh a m O y a y	native
সাম্পদোরিয়া	sh a mp o d O r i y a	native
সাম্পদোরিয়ার	sh a mp o d O r i y a r	native
সাম্পাওলি	sh a mp a O l i	native
সাম্পান	sh a mp a n	native
সাম্প্রতিক	sh a mp r O t i k	loanword
সাম্প্রতিককালে	sh a mp r O t i k k a l e	loanword
সাম্প্রদায়িক	sh a mp r O d a y i k	loanword
সাম্প্রদায়িকতা	sh a mp r o d a y i k o t a	loanword
সাম্প্রদায়িকতাকে	sh a mp r o d a y i k o t a k e	loanword
সাম্প্রদায়িকতাবিরোধি	sh a mp r o d a y i k o t a b i r O dh i	loanword
সাম্প্রদায়িকতামুক্ত	sh a mp r o d a y i k o t a m u kt o	loanword
সাম্প্রদায়িকতার	sh a mp r o d a y i k o t a r	loanword
সাম্প্রাসের	sh a mp r a sh e r	loanword
সাম্প্র্রতিক	sh a mp r o t i k	loanword
সাম্বা	sh a mb a	native
সাম্বার	sh a mb a r	native
সাম্মানিক	sh a mm a n i k	native
সাম্য	sh a m m O	native
সাম্যনিতির	sh a m m o n i t i r	native
সাম্যবাদ	sh a m m O b a d	native
সাম্যবাদি	sh a m m O b a d i	native
সাম্যবাদিরা	sh a m m o b a d i r a	native
সাম্যবাদের	sh a m m O b a d e r	native
সাম্রাজ্য	sh a m r a j j O	native
সাম্রাজ্যকে	sh a m r a j j o k e	native
সাম্রাজ্যবাদ	sh a m r a j j O b a d	native
সাম্রাজ্যবাদকে	sh a m r a j j o b a d k e	compound
সাম্রাজ্যবাদবিরোধি	sh a m r a j j O b a d b i r O dh i	compound
সাম্রাজ্যবাদি	sh a m r a j j o b a d i	compound
সাম্রাজ্যবাদিদের	sh a m r a j j o b a d i d e r	compound
সাম্রাজ্যবাদের	sh a m r a j j O b a d e r	compound
সাম্রাজ্যিক	sh a m r a j j i k	native
সাম্রাজ্যে	sh a m r a j j e	native
সাম্রাজ্যের	sh a m r a j j e r	native
সাময়িক	sh a m O y i k	native
সাময়িকপত্র	sh a m o y i k p o tr o	native
সাময়িকভাবে	sh a m o y i k bh a b e	native
সাময়িকি	sh a m o y i k i	native
সাময়িকিকে	sh a m o y i k i k e	native
সাময়িকিটি	sh a m o y i k i T i	native
সাময়িকিটির	sh a m o y i k i T i r	native
সাময়িকিতে	sh a m o y i k i t e	native
সাময়িকির	sh a m o y i k i r	native
সাময়িকিসহ	sh a m o y i k i sh o h O	native
সারং	sh a r o ng	native
সারংগ	sh a r o ng g O	native
সারই	sh a r i	native
সারও	sh a r O	native
সারওয়াত	sh a r O y a t	native
সারওয়ান	sh a r O y a n	native
সারওয়ার	sh a r O y a r	native
সারওয়ারের	sh a r O y a r e r	native
সারওয়ার্দি	sh a r O y a r d i	native
সারক	sh a r o k	native
সারকথা	sh a r k o th a	native
সারকারখানা	sh a r k a r kh a n a	native
সারকারখানার	sh a r k a r kh a n a r	native
সারকারখানায়	sh a r k a r kh a n a y	native
সারকিসিয়ান	sh a r k i sh i y a n	native
সারকে	sh a r k e	native
সারকোজি	sh a r k O j i	native
সারকোজিও	sh a r k O j i O	native
সারকোজিকে	sh a r k O j i k e	native
সারকোজির	sh a r k O j i r	native
সারকোস	sh a r k O sh o	native
সারগর্ভ	sh a r g o r bh o	native
সারগাম	sh a r g a m	native
সারগুলো	sh a r g u l O	native
সারচার্জ	sh a r ch a r j	native
সারছে	sh a r sh e	native
সারছেন	sh a r chh e n	native
সারজিনা	sh a r j i n a	native
সারজিনাকে	sh a r j i n a k e	native
সারজিনার	sh a r j i n a r	native
সারডা	sh a r D a	native
সারত	sh a r o t	native
সারতাজ	sh a r t a j	native
সারতের	sh a r o t e r	native
সারথি	sh a r O th i	native
সারদা	sh a r d a	native
সারদার	sh a r O d a r	native
সারদায়	sh a r d a y	native
সারন	sh a r O n	native
সারনি	sh a r o n i	native
সারনিতে	sh a r o n i t e	native
সারনির	sh a r o n i r	native
সারপ্রাইজ	sh a r pr a i j	native
সারপ্রাইজড	s a r pr a i j D	loanword
সারফেস	sh a r ph e sh	native
সারবত্তা	sh a r b o tt a	native
সারবস্তু	sh a r b o st u	native
সারবাধা	sh a r b a dh a	native
সারবাহি	sh a r b a h i	native
সারবে	sh a r b e	native
সারবেধে	sh a r b e dh e	native
সারবেন	sh a r b e n	native
সারবোঝাই	sh a r b O jh a i	native
সারভাইভরস	sh a r bh a i bh o r sh	native
সারভাইভারস	sh a r bh a i bh a r sh o	native
সারভাইভাল	sh a r bh a i bh a l	native
সারমর্ম	sh a r m o r m O	native
সারমেন	sh a r m e n	native
সারমেয়	sh a r O m e y O	native
সারলাম	sh a r l a m	native
সারলিফ	sh a r l i ph	native
সারলিফের	sh a r l i ph e r	native
সারলে	sh a r l e	native
সারলেন	sh a r l e n	native
সারল্য	sh a r O l l O	native
সারল্যে	sh a r o l l e	native
সারল্যের	sh a r o l l e r	native
সারস	sh a r O sh	native
সারসংক্ষেপে	sh a r sh o ng kh e p e	tatsama
সারসংক্ষেপের	sh a r sh o ng k sh e p e r	tatsama
সারসন	sh a r O sh o n	native
সারসহ	sh a r sh o h O	native
সারসের	sh a r sh e r	native
সারস্বত	sh a r O sh sh o t O	tatsama
সারা	sh a r a	native
সারাংশ	sh a r a ng sh O	native
সারাই	sh a r a i	native
সারাইয়ের	sh a r a i y e r	native
সারাকে	sh a r a k e	native
সারাক্ষন	sh a r a kkh o n	tatsama
সারাক্ষনই	sh a r a kkh o n i	tatsama
সারাজিন	sh a r a j i n o	native
সারাজিনের	sh a r a j i n e r	native
সারাজিবন	sh a r a j i b o n	native
সারাজিবনের	sh a r a j i b o n e r	native
সারাটা	sh a r a T a	native
সারাটি	sh a r a T i	native
সারাতে	sh a r a t e	native
সারাদিনই	sh a r a d i n i	native
সারাদিনে	sh a r a d i n e	native
সারাদিনের	sh a r a d i n e r	native
সারাদেশ	sh a r a d e sh	native
সারাদেশে	sh a r a d e sh e	native
সারাদেশেই	sh a r a d e sh e i	native
সারাদেশের	sh a r a d e sh e r	native
সারানো	sh a r a n O	native
সারানোর	sh a r a n O r	native
সারাফ	sh a r a ph	native
সারাফাত	sh a r a ph a t	native
সারাবছর	sh a r a b o chh O r	native
সারাবছরই	sh a r a b o chh O r i	native
সারাবিশ্ব	sh a r a b i sh sh O	tatsama
সারাবিশ্বে	sh a r a b i sh sh e	tatsama
সারাবিশ্বেই	sh a r a b i sh sh e i	tatsama
সারাবিশ্বের	sh a r a b i sh sh e r	tatsama
সারাবেলা	sh a r a b A l a	native
সারাভাই	sh a r a bh a i	native
সারামাগো	sh a r a m a g O	native
সারামাগোর	sh a r a m a g O r	native
সারার	sh a r a r	native
সারারাত	sh a r a r a t	native
সারাসেন	sh a r a sh e n	native
সারাহ	sh a r a h	native
সারাহকে	sh a r a h k e	native
সারাহর	sh a r a r	native
সারাহ্	sh a r a h	native
সারাৎসার	sh a r a t sh a r	native
সারায়েভো	sh a r a y e bh O	native
সারি	sh a r i	native
সারিকা	sh a r i k a	native
সারিকাইত	sh a r i k a i t	native
সারিকাকে	sh a r i k a k e	native
সারিকার	sh a r i k a r	native
সারিটি	sh a r i T i	native
সারিতা	sh a r i t a	native
সারিতে	sh a r i t e	native
সারিতেই	sh a r i t e i	native
সারিনা	sh a r i n a	native
সারিন্দা	sh a r i nd a	native
সারিবদ্ধভাবে	sh a r i b o d dh o bh a b e	tatsama
সারির	sh a r i r	native
সারিয়া	sh a r i y a	native
সারিয়াকান্দি	sh a r i y a k a nd i	native
সারিয়াকান্দিতে	sh a r i y a k a nd i t e	compound
সারিয়াকান্দির	sh a r i y a k a nd i r	compound
সারিয়ে	sh a r i y e	native
সারুপ্য	sh a r u p p O	native
সারুলিয়া	sh a r u l i y a	native
সারে	sh a r e	native
সারেং	sh a r e ng	native
সারেংগি	sh a r e ng g i	native
সারেং–সুগনি/সুগনি	sh a r e ng sh u g O n i	compound
সারেগামা	sh a r e g a m a	native
সারেগামাপা	sh a r e g a m a p a	native
সারেজাহান	sh a r e j a h a n	native
সারেন	sh a r e n	native
সারেনি	sh a r e n i	native
সারের	sh a r e r	native
সারোগেট	s a r O g e T	loanword
সারোগেসি	sh a r O g e sh i	native
সারোদ্ধার	sh a r O d dh a r	tatsama
সারোয়াতলি	sh a r u y a t o l i	native
সারোয়ান	sh a r u y a n	native
সারোয়ানের	sh a r u y a n e r	native
সারোয়ার	sh a r O a r	native
সারোয়ারকে	sh a r u y a r k e	native
সারোয়ারসহ	sh a r u y a r sh o h O	native
সারোয়ারি	sh a r u y a r	native
সারোয়ারের	sh a r u y a r e r	native
সার্ক	sh a r k	native
সার্ককে	sh a r k k e	native
সার্কভুক্ত	sh a r k bh u kt O	native
সার্কাস	sh a r k a sh	native
সার্কাসে	sh a r k a sh e	native
সার্কাসের	sh a r k a sh e r	native
সার্কিট	s a r k i T	loanword
সার্কিটে	s a r k i T e	loanword
সার্কিটের	s a r k i T e r	loanword
সার্কুলার	sh a r k u l a r	native
সার্কুলারটি	s a r k u l a r T i	loanword
সার্কুলারে	sh a r k u l a r e	native
সার্কুলারের	sh a r k u l a r e r	native
সার্কুলেশন	sh a r k u l e sh o n	native
সার্কে	sh a r k e	native
সার্কের	sh a r k e r	native
সার্কেল	sh a r k e l	native
সার্কেলের	sh a r k e l e r	native
সার্গেই	sh a r g e i	native
সার্চইঞ্জিন	s a r ch i n j i n	loanword
সার্চলাইট	s a r ch l a i T	loanword
সার্চলাইটের	s a r ch l a i T e r	loanword
সার্চিং	sh a r ch i ng	native
সার্জনও	sh a r j o n O	native
সার্জনকে	sh a r j o n k e	native
সার্জনদের	sh a r j O n d e r	native
সার্জনরা	sh a j o n r a	native
সার্জনসহ	sh a r j o n sh o h O	native
সার্জনের	sh a r j O n e r	native
সার্জারি	sh a r j a r i	native
সার্জারিতে	sh a r j a r i t e	native
সার্জারির	sh a r j a r i r	native
সার্জিও	sh a r j i O	native
সার্জিক্যাল	sh a r j i k A l	native
সার্জেন্ট	s a r j e n T	loanword
সার্জেন্টকে	s a r j e n T k e	loanword
সার্জেন্টরা	s a r j e n T r a	loanword
সার্জেন্টের	s a r j e n T e r	loanword
সার্ট	sh a r T	loanword
সার্টিফাইড	s a r T i ph a i D	loanword
সার্টিফায়েড	s a r T i ph a y e D	loanword
সার্টিফিকেট	s a r T i ph i k e T	loanword
সার্টিফিকেটও	s a r T i ph i k e T O	loanword
সার্টিফিকেটে	s a r T i ph i k e T e	loanword
সার্টিফিকেটের	sh a r T i ph i k e T e r	compound
সার্টিফিকেশন	s a r T i ph i k e sh o n	loanword
সার্টের	s a r T e r	loanword
সার্ড	sh a r D	native
সার্ডের	sh a r D e r	native
সার্তে	sh a r t e	native
সার্ত্র	sh a r tr O	native
সার্ত্রে	sh a r tr e	native
সার্ত্রের	sh a r tr e r	native
সার্থ	sh a r th O	native
সার্থকতা	sh a r th O k o t a	native
সার্থকতার	sh a r th O k o t a r	native
সার্থকভাবে	sh a r th O k bh a b e	native
সার্থবাহ	sh a r th o b a h o	native
সার্দাইকোভ	sh a r d a i k O bh	native
সার্দে	sh a r d e	native
সার্ধ	sh a r dh O	native
সার্ধশত	sh a r dh o sh o t o	native
সার্ধশততম	sh a r dh O sh o t O t o m O	native
সার্ধশতবর্ষ	sh a r dh o sh o t o b o r sh o	native
সার্ন	sh a r n	native
সার্নান	sh a r n a r	native
সার্নের	sh a r n e r	native
সার্ফ	sh a r ph	native
সার্ফার	sh a r ph a r	native
সার্ফিং	sh a r ph i ng	native
সার্ব	sh a r b	native
সার্বক্ষনিক	sh a r b o kkh i k	tatsama
সার্বক্ষনিকভাবে	sh a r b o kkh i k bh a b e	tatsama
সার্বজনিন	sh a r b o j o n i n	native
সার্বভোউম	sh a r b O bh O O m O	native
সার্বভোউমত্ব	sh a r b O bh O O m O t t O	tatsama
সার্বভোউমত্বকে	sh a r b o bh O u m o t t o k e	tatsama
সার্বভোউমত্বে	sh a r b o bh O u m o t t e	tatsama
সার্বভোউমত্বের	sh a r b o bh O u m o t t e r	tatsama
সার্বিক	sh a r b i k	native
সার্বিকভাবে	sh a r b i k bh a b e	native
সার্বিকভাবেই	sh a r b i k bh a b e i	native
সার্বিয়	sh a r b i y o	native
সার্বিয়া	sh a r b i y a	native
সার্বিয়াকে	sh a r b i y a k e	native
সার্বিয়ান	sh a r b i y a n	native
সার্বিয়ার	sh a r b i a r	native
সার্বিয়ায়	sh a r b i y a y	native
সার্বোতলি	sh a r b O t o l i	native
সার্ভ	sh a r bh	native
সার্ভান্তেসের	sh a r bh a nt e r	compound
সার্ভারগুলো	s a r bh a r g u l O	loanword
সার্ভারে	s a r bh a r e	loanword
সার্ভারের	s a r bh a r e r	loanword
সার্ভিং	sh a r bh i ng	native
সার্ভিচিউডের	s a r bh i ch i u D e r	loanword
সার্ভিলেন্স	s a r bh i l e n s	loanword
সার্ভিল্যান্স	s a r bh i l e n s	loanword
সার্ভিসও	sh a r bh i sh O	native
সার্ভিসকর্মিরা	sh a r bh i sh k O r m i r a	compound
সার্ভিসকে	sh a r bh i sh k e	native
সার্ভিসগুলো	sh a r bh i sh g u l O	native
সার্ভিসগুলোতে	sh a r bh i sh g u l O t e	compound
সার্ভিসগুলোর	sh a r bh i sh g u l O r	native
সার্ভিসটি	s a r bh i s T i	loanword
সার্ভিসটিতে	s a r bh i s T i t e	loanword
সার্ভিসটির	s a r bh i s T i r	loanword
সার্ভিসিং	sh a r bh i sh i ng	native
সার্ভিসিংয়ের	sh a r bh i sh i ng y e r	native
সার্ভিসে	sh a r bh i sh e	native
সার্ভিসেও	sh a r bh i sh e O	native
সার্ভিসের	sh a r bh i sh e r	native
সার্ভিসেস	sh a r bh i sh e sh	native
সার্ভিসেসকে	sh a r bh i sh e sh k e	native
সার্ভিসেসের	sh a r bh i sh e sh e r	native
সার্ভে	sh a r bh e	native
সার্ভেন্ট	s a r bh e n T	loanword
সার্ভের	sh a r bh e r	native
সার্ভেয়ার	sh a r bh e y a r	native
সার্ভেয়ারকে	sh a r bh e y a r k e	native
সার্ষপ	sh a r sh O p	native
সার্সন	sh a r sh o n	native
সাল	sh a l	native
সালকে	sh a l k e	native
সালগাওকার	sh a l g a O k a r	native
সালগাওন্কার	sh a l g a O n k a r	native
সালজানা	sh a l j a n a	native
সালজুড়ে	sh a l j u r e	native
সালটা	sh a l T a	native
সালটি	sh a l T i	native
সালড্যানার	sh a l D A n a r	proper_noun
সালতামামি	sh a l t a m a m i	native
সালতি	sh a l t i	native
সালথা	sh a l th a	native
সালদা	sh a l d a	native
সালনা	sh a l n a	native
সালনাগাদ	sh a l n a g a d	native
সালন্দর	sh a l o nd o r	native
সালফনিক	sh a l ph O n i k	native
সালফাইট	s a l ph a i T	loanword
সালফাইড	s a l ph a i D	loanword
সালফারের	sh a l ph a r e r	native
সালফিউরিক	sh a l ph i u r i k	native
সালফেট	s a l ph e T	loanword
সালভা	sh a l bh a	native
সালভাতোর	sh a l bh a t O r	native
সালভাদর	sh a l bh a d O r	native
সালভাদরে	sh a l bh a d r e	native
সালভাদরের	sh a l bh a d r e r	native
সালভাদোর	sh a l bh a d O r	native
সালভাদোরের	sh a l bh a d O r e r	native
সালভি	sh a l bh i	native
সালভো	sh a l bh O	native
সালমন	sh a l m o n	native
সালমমিছরি	sh a l o m m i sh r i	native
সালমা	sh a l m a	native
সালমাকে	sh a l m a k e	native
সালমান	sh a l m a n	native
সালমানও	sh a l m a n O	native
সালমানকে	sh a l m a n k e	native
সালমানের	sh a l m a n e r	native
সালমার	sh a l m a r	native
সালসহ	sh a l sh o h O	native
সালসা	sh a l sh a	native
সালসাবিল	sh a l sh a b i l	native
সালা	sh a l a	native
সালাউদ্দিন	sh a l a u d d i n	native
সালাউদ্দিনকে	sh a l a u d d i n k e	native
সালাউদ্দিনের	sh a l a u d d i n e r	native
সালাত	sh a l a t	native
সালাতুত	sh a l a t u t	native
সালাতে	sh a l a t e	native
সালাতের	sh a l a t e r	native
সালাদ	sh a l a d	native
সালাদও	sh a l a d O	native
সালাদে	sh a l a d e	native
সালাদেও	sh a l a d e O	native
সালাদের	sh a l a d e r	native
সালাফি	sh a l a ph i	native
সালামও	sh a l a m O	native
সালামকে	sh a l a m k e	native
সালামত	sh a l a m o t	native
সালামতের	sh a l a m o t e r	native
সালামসহ	sh a l a m sh o h O	native
সালামি	sh a l a m i	native
সালামির	sh a l a m i r	native
সালামু	sh a l a m u	native
সালামে	sh a l a m e	native
সালামের	sh a l a m e r	native
সালার	sh a l a r	native
সালালাহ	sh a l a l a h	native
সালালাহতে	sh a l a l a h t e	native
সালাহউদ্দিন	sh a l a h u d d i n	native
সালাহউদ্দিনকে	sh a l a u d d i n k e	compound
সালাহউদ্দিনের	sh a l a u d d i n e r	compound
সালাহ্	sh a l a h	native
সালাহ্উদ্দিন	sh a l a h u d d i n	native
সালি	sh a l i	native
সালিক	sh a l i k	native
সালিম	sh a l i m	native
সালিমা	sh a l i m a	native
সালিমুল	sh a l i m u l	native
সালিশ	sh a l i sh	native
সালিশি	sh a l i sh i	native
সালিশে	sh a l i sh e	native
সালিশের	sh a l i sh e r	native
সালিসই	sh a l i sh o h o	native
সালিসকারক	sh a l i sh k a r o k	native
সালিসকারি	sh a l i sh k a r i	native
সালিসকারিদের	sh a l i sh k a r i d e r	native
সালিসকারিরা	sh a l i sh k a r i r a	native
সালিসদার	sh a l i sh d a r	native
সালিসদারদের	sh a l i sh d a r d e r	native
সালিসব্যবস্থা	sh a l i sh b j o b o sth a	compound
সালিসি	sh a l i sh i	native
সালিসিতে	sh a l i sh i t e	native
সালিসির	sh a l i sh i r	native
সালিসে	sh a l i sh e	native
সালিসের	sh a l i sh e r	native
সালিহ	sh a l i h	native
সালিয়ানা	sh a l i y a n a	native
সালু	sh a l u	native
সালুক	sh a l u k	native
সালুটিকর	sh a l u T i k o r	native
সালুম	sh a l u m	native
সালে	sh a l e	native
সালেংকো	sh a l e sh k O	native
সালেই	sh a l e i	native
সালেও	sh a l e O	native
সালেক	sh a l e k	native
সালেকা	sh a l e k a	native
সালেকিন	sh a l e k i n	native
সালেকুর	sh a l e k u r	native
সালেকের	sh a l e k e r	native
সালেম	sh a l e m	native
সালেমকে	sh a l e m k e	native
সালেমের	sh a l e m e r	native
সালের	sh a l e r	native
সালেরই	sh a l e r o i	native
সালেহ	sh a l e h	native
সালেহউদ্দিন	sh a l e h u d d i n	native
সালেহউদ্দিনকে	sh a l e h u d d i n	compound
সালেহকে	sh a l e h k e	native
সালেহপুর	sh a l e h p u r	native
সালেহবাংলাদেশ	sh a l e h b a ng l a d e sh	compound
সালেহা	sh a l e h a	native
সালেহার	sh a l e h a r	native
সালেহি	sh a l e h i	native
সালেহিন	sh a l e h i n	native
সালেহির	sh a l e h i r	native
সালেহের	sh a l e h e r	native
সালেহ্	sh a l e h	native
সালোক	sh a l O k	native
সালোকসংশ্লেশন	sh a l O k sh o ng sh l e sh o n	compound
সালোকসংশ্লেশনের	sh a l O k sh o ng sh l e sh o n e r	compound
সালোক্য	sh a l O k k O	native
সালোয়ারের	sh a l O y a r e r	native
সাল্লাম	sh a l l a m	native
সাল্লামের	sh a l l a m e r	native
সাল্লু	sh a l l u	native
সাল্লুর	sh a l l u r	native
সাশা	sh a sh a	native
সাশার	sh a sh a r	native
সাশিমি	sh a sh i m i	native
সাশ্টাংগ	sh a sh T a ng g O	native
সাশ্রু	sh a sh r u	native
সাশ্রয়	sh a sh r o y	native
সাশ্রয়ও	sh a sh r o y	native
সাশ্রয়ি	sh a sh r O i	native
সাশ্রয়ে	sh a sh r o y e	native
সাশ্রয়ের	sh a sh r o y e r	native
সাস	sh a sh	native
সাসটেইনেবল	s a s T e i n e b O l	loanword
সাসনি	sh a sh n i	native
সাসপেনশন	sh a sh p e n sh o n	native
সাসপেন্ড	s a s p e n D	loanword
সাসপেন্স	s a s p e n s	loanword
সাসলিক	sh a sh l i k	native
সাসিজ	sh a sh i j	native
সাসিজকে	sh a sh i j k e	native
সাসেক্স	s a s e k s	loanword
সাসেক্সের	s a s e k s e r	loanword
সাসেবা	sh a sh e b a	native
সাসের	sh a sh e r	native
সাস্ক	s a s k	loanword
সাস্ট	s a s T	loanword
সাস্না	sh a sn a	native
সাহ	sh a h	native
সাহচর্য	sh a h O ch O r j O	native
সাহচর্যে	sh a h o ch a r j e	native
সাহজিক	sh a h O j i k	native
সাহনি	sh a h o n i	native
সাহস	sh a h O sh	native
সাহসই	sh a h O sh i	native
সাহসও	sh a h O sh O	native
সাহসকে	sh a h O sh k e	native
সাহসটা	sh a h o sh T a	native
সাহসি	sh a h O sh i	native
সাহসিকতা	sh a h O sh i k o t a	native
সাহসিকতাপুর্ন	sh a h o sh i k o t a p u r n o	compound
সাহসিকতার	sh a h O sh i k o t a r	native
সাহসিকা	sh a h O sh i k a	native
সাহসিদের	sh a h O sh i d e r	native
সাহসিরা	sh a h o sh i r a	native
সাহসে	sh a h O sh e	native
সাহসের	sh a h O sh e r	native
সাহা	sh a h a	native
সাহাই	sh a h a i	native
সাহাও	sh a h a O	native
সাহাকে	sh a h a k e	native
সাহাজ্য	sh a h a j j O	native
সাহাজ্যই	sh a h a j j o i	native
সাহাজ্যও	sh a h a j j o O	native
সাহাজ্যকরে	sh a h a j j O k O r e	native
সাহাজ্যকর্মি	sh a h a j j o k o r m i	native
সাহাজ্যকর্মিকে	sh a h a j j o k o r m i k e	compound
সাহাজ্যকর্মিদের	sh a h a j j o k o r m i d e r	compound
সাহাজ্যকর্মির	sh a h a j j o k o r m i r	compound
সাহাজ্যকারি	sh a h a j j o k a r i	native
সাহাজ্যকে	sh a h a j j o k e	native
সাহাজ্যদাতা	sh a h a j j o d a t a	native
সাহাজ্যদাতাদের	sh a h a j j o d a t a d e r	compound
সাহাজ্যনির্ভর	sh a h a j j o n i r bh o r	compound
সাহাজ্যনির্ভরতা	sh a h a j j o n i r bh o r o t a	compound
সাহাজ্যপুশ্ট	sh a h a j j O p u sh T O	native
সাহাজ্যপ্রাপ্ত	sh a h a j j o pr a p t o	compound
সাহাজ্যপ্রাপ্তির	sh a h a j j o pr a p t i r	compound
সাহাজ্যপ্রার্থির	sh a h a j j O pr a r th i r	compound
সাহাজ্যার্থে	sh a h a j j a r th e	native
সাহাজ্যে	sh a h a j j e	native
সাহাজ্যেই	sh a h a j j e i	native
সাহাজ্যেও	sh a h a j j e O	native
সাহাজ্যের	sh a h a j j e r	native
সাহাদত	sh a h a d o t	native
সাহাদাত	sh a h a d a t	native
সাহান	sh a h a n	native
সাহানা	sh a h a n a	native
সাহানুর	sh a h a n u r	native
সাহাপাড়া	sh a h a p a r a	native
সাহাপাড়ায়	sh a h a p a r a y	native
সাহাপুর	sh a h a p u r	native
সাহাব	sh a h a b	native
সাহাবউদ্দিন	sh a h a b u d d i n	native
সাহাবউদ্দিনকে	sh a h a b u d d i n k e	compound
সাহাবউদ্দিনের	sh a h a b u d d i n e r	compound
সাহাবউল্লাহ	sh a h a b u l l a h	native
সাহাবা	sh a h a b a	native
সাহাবায়ে	sh a h a b a y e	native
সাহাবিদের	sh a h a b i d e r	native
সাহাবির	sh a h a b i r	native
সাহাবিরা	sh a h a b i r a	native
সাহাবুদ্দিন	sh a h a b u d d i n	native
সাহাবুদ্দিনকে	sh a h a b u d d i n k e	compound
সাহাবের	sh a h a b e r	native
সাহার	sh a h a r	native
সাহারা	sh a h a r a	native
সাহারান	sh a h a r a n	native
সাহারার	sh a h a r a r	native
সাহারায়	sh a h a r a	native
সাহারিয়া	sh a h a r i y a	native
সাহাসহ	sh a h a sh o h O	native
সাহি	sh a h i	native
সাহিত	sh a h i t o	native
সাহিত্যই	sh a h i t t O i	native
সাহিত্যও	sh a h i t t O O	native
সাহিত্যকর্মে	sh a h i t t O k o r m e	native
সাহিত্যকর্মের	sh a h i t t O k o r m e r	compound
সাহিত্যচর্চা	sh a h i t t O ch o r ch a	native
সাহিত্যচর্চার	sh a h i t t O ch o r ch a r	compound
সাহিত্যচর্চায়	sh a h i t t o ch o r ch a y	compound
সাহিত্যজগতে	sh a h i t t o j o g o t e	native
সাহিত্যনির্ভর	sh a h i t t O n i r bh o r	compound
সাহিত্যপদক	sh a h i t t o p o d o k	native
সাহিত্যবিশারদ	sh a h i t t O b i sh a r o d	compound
সাহিত্যবিশারদের	sh a h i t t o b i sh a r d e r	compound
সাহিত্যবিশয়ক	sh a h i t t o b i sh o y o k	native
সাহিত্যভান্ডারকে	sh a h i t t o bh a n D a r e	compound
সাহিত্যসহ	sh a h i t t o sh o h O	native
সাহিত্যাংগনে	sh a h i t t a ng g o n e	native
সাহিত্যানুরাগি	sh a h i t t a n u r a g i	compound
সাহিত্যিক	sh a h i t t i k	native
সাহিত্যিককে	sh a h i t t i k k e	native
সাহিত্যিকদের	sh a h i t t i k d e r	native
সাহিত্যিকরা	sh a h i t t i k r a	native
সাহিত্যিকের	sh a h i t t i k e r	native
সাহিত্যিকেরা	sh a h i t t i k e r a	native
সাহিত্যে	sh a h i t t e	native
সাহিত্যেও	sh a h i t t e O	native
সাহিদ	sh a h i d	native
সাহিদা	sh a h i d a	native
সাহিদার	sh a h i d a r	native
সাহিদুজ্জামান	sh a h i d u j j a m a n	compound
সাহিদুর	sh a h i d u r	native
সাহিদুল	sh a h i d u l	native
সাহিনা	sh a h i n a	native
সাহিব	sh a h i b	native
সাহিল	sh a h i l	native
সাহু	sh a h u	native
সাহে	sh a h e	native
সাহেদ	sh a h e d	native
সাহেদা	sh a h e d a	native
সাহেবই	sh a h e b i	native
সাহেবও	sh a h e b O	native
সাহেবকে	sh a h e b k e	native
সাহেবজাদা	sh a h e b j a d a	native
সাহেবদের	sh a h e b d e r	native
সাহেবপাড়া	sh a h e b p a r a	native
সাহেবপাড়ার	sh a h e b p a r a r	native
সাহেববাজার	sh a h e b b a j a r	native
সাহেববাজারের	sh a h e b b a j a r e r	native
সাহেবরা	sh a h e b r a	native
সাহেবরাও	sh a h e b r a O	native
সাহেবরামপুর	sh a h e b r a m o p u r	native
সাহেবা	sh a h e b a	native
সাহেবে	sh a h e b e	native
সাহেবের	sh a h e b e r	native
সাহেবেরও	sh a h e b e r	native
সাহের	sh a h e r	native
সাহেরা	sh a h e r a	native
সাহ্ওয়া	sh a h O y a	native
সাড়	sh a r	native
সাড়ম্বরে	sh a r o mb o r e	native
সাড়ম্বরেই	sh a r o mb o r e i	native
সাড়া	sh a r a	native
সাড়াই	sh a r a i	native
সাড়াও	sh a r a O	native
সাড়াজাগানো	sh a r a j a g a n O	native
সাড়ার	sh a r a r	native
সাড়াশব্দ	sh a r a sh o b d o	native
সাড়াশি	sh a r a sh i	native
সাড়ায়	sh a r a y	native
সায়	sh a y	native
সায়ংকাল	sh a y O ng k a l	native
সায়ংকৃত্য	sh a y O ng k ri t t O	tatsama
সায়ংসন্ধ্যা	sh a y O ng sh O ndh a	tatsama
সায়ংসময়	sh a y O ng sh O m o y	native
সায়ও	sh a y O	native
সায়ক	sh a y O k	native
সায়মন	sh a y m o n	native
সায়মনকে	sh a y o m o n k e	native
সায়মনকেও	sh a y o m o n k e O	native
সায়মনের	sh a y o m o n e r	native
সায়মা	sh a y m a	native
সায়ম্ভুব	sh a y O m bh u b O	native
সায়র	sh a y O r	native
সায়রা	sh a y r a	native
সায়হাম	sh a y h a m	native
সায়া	sh a y a	native
সায়াদ	sh a y a d	native
সায়ান	sh a y a n	native
সায়ানের	sh a y a n e r	native
সায়াফ	sh a y a ph	native
সায়াহ্ন	sh a y a n n O	native
সায়াহ্নে	sh a y a n n e	native
সায়িদ	sh a y i d	native
সায়িদকে	sh a y i d k e	native
সায়িদের	sh a y i d e r	native
সায়েদ	sh a y e d	native
সায়েদাবাদ	sh a y e d a b a d	native
সায়েদাবাদে	sh a y e d a b a d e	native
সায়েদাবাদের	sh a y e d a b a d e r	native
সায়েদি	sh a y e d i	native
সায়েদুর	sh a y e d u r	native
সায়েদুল	sh a y e d u l	native
সায়েন	sh a y e n	native
সায়েন্টিফিক	s a y e n T i ph i k	loanword
সায়েন্টিস্ট	s a y e n T i s T	loanword
সায়েন্স	s a y e n s	loanword
সায়েন্সে	s a y e n s e	loanword
সায়েন্সের	s a y e n s e r	loanword
সায়েন্সেস	s a y e n s e s	loanword
সায়েন্সেসের	s a y e n s e s e r	loanword
সায়েব	sh a y e b	native
সায়েম	sh a y e m	native
সায়েমকে	sh a y e m k e	native
সায়েমের	sh a y e m e r	native
সায়ের	sh a y e r	native
সায়েরে–নাজাবি/নাজাবি	sh a y e r e n a j a b i	compound
সায়েস্তা	sh a y e st a	native
সায়্যিদ	sh a y i d	native
সায়্যেদ	sh a y y e d	native
সি	sh i	native
সিং	sh i ng	native
সিংই	sh i ng i	native
সিংও	sh i ng O	native
সিংক	sh i n k o	native
সিংকে	sh i ng k e	native
সিংকেও	sh i ng k e O	native
সিংগটেক	sh i n k o T e k	native
সিংগল	sh i ng g o l	native
সিংগা	sh i ng g a	native
সিংগাইর	sh i ng g a i r	native
সিংগাপুর	sh i ng g a p u r	native
সিংগাপুরপ্রবাসি	sh i ng g a p u r pr o b a sh i	compound
সিংগাপুরভিত্তিক	sh i ng g a p u r bh i tt i k	compound
সিংগাপুরসহ	sh i ng g a p u r sh o h O	native
সিংগাপুরি	sh i ng g a p u r i	native
সিংগাপুরে	sh i ng g a p u r e	native
সিংগাপুরেও	sh i ng g a p u r e O	native
সিংগাপুরের	sh i ng g a p u r e r	native
সিংগার	sh i ng g a r	native
সিংগারবিল	sh i ng g a r b i l	native
সিংগারা	sh i ng g a r a	native
সিংগিচড়া	sh i ng g i ch o r a	native
সিংগুর	sh i ng g u r	native
সিংগুরে	sh i ng g u r e	native
সিংগুরের	sh i ng g u r e r	native
সিংগুলার	sh i ng g u l a r	native
সিংগেল	sh i ng g e l	native
সিংঘাম	sh i ng gh a m	native
সিংদরজা	sh i ng d o r O j a	native
সিংদের	sh i ng d e r	native
সিংপুর	sh i ng p u r	native
সিংভি	sh i ng bh i	native
সিংরা	sh i ng r a	native
সিংলা	sh i ng l a	native
সিংসহ	sh i ng sh o h O	native
সিংহকে	sh i ng h O k e	native
সিংহদের	sh i ng h o d e r	native
সিংহভাগ	sh i ng h O bh a g	native
সিংহভাগই	sh i ng h O bh a g i	native
সিংহভাগটাই	sh i ng h o bh a g T a i	native
সিংহভাগের	sh i ng h o bh a g e r	native
সিংহরতলি	sh i ng h o r t o l i	native
সিংহল	sh i ng h o l	native
সিংহলি	sh i ng h O l i	native
সিংহলিজ	sh i ng h o l i i	native
সিংহলিদের	sh i ng h o l i d e r	native
সিংহশ্রি	sh i ng h o sh r i	native
সিংহাবলোকন	sh i ng h a b O l O k o n A y	native
সিংহাসন	sh i ng h a sh O n	native
সিংহাসনচ্যুত	sh i ng h a sh o n ch u t o	native
সিংহাসনে	sh i ng h a sh O n e	native
সিংহাসনের	sh i ng h a sh O n e r	native
সিংহি	sh i ng h i	native
সিংহির	sh i ng h i r	native
সিংহের	sh i ng h e r	native
সিংহড়তল,	sh i ng h o r t o l i	native
সিং্গাপুর	sh i ng g a p u r	native
সিং্গাপুরের	sh i ng g a p u r e r	native
সিং্গার	sh i ng g a r	native
সিং্গুলার	sh i ng g u l a r	native
সিংড়া	sh i ng r a	native
সিংড়ার	sh i ng r a i	native
সিংড়ায়	sh i ng r a y	native
সিংড়িয়া	sh i ng r i y a	native
সিংয়ের	sh i ng y e r	native
সিংয়েরও	sh i ng y e r O	native
সিঅ্যান্ডএজি	s i o j a n D o e j i	loanword
সিঅ্যান্ডএফ	s i o j a n D o e ph o	loanword
সিঅ্যান্ডবি	s i o j a n D o b i	loanword
সিআইআই	sh i a i a i	native
সিআইআইয়ের	sh i a i a i y e r	native
সিআইইউ	sh i a i i u	native
সিআইইউর	sh i a i i u r	native
সিআইএ	sh i a i e	native
সিআইএকে	sh i a i e k e	native
সিআইএতে	sh i a i e t e	native
সিআইএফভিত্তি,	sh i a i e ph bh i tt i k	compound
সিআইএর	sh i a i e r	native
সিআইএস	sh i a i e sh	native
সিআইএয়ের	sh i a i e y e r	native
সিআইও	sh i a i O	native
সিআইটিআইসি	s i a i T i a i s i	loanword
সিআইডি	s i a i D i	proper_noun
সিআইডিকে	s i a i D i k e	proper_noun
সিআইডিতে	s i a i D i t e	proper_noun
সিআইডির	s i a i D i r	proper_noun
সিআইপি	sh i a i p i	native
সিআইবি	sh i a i b i	native
সিআইসি	s i a i s i	loanword
সিআইসিটি	s i a i s i T i	loanword
সিআইয়ের	sh i a i y e r	native
সিআর	sh i a r	native
সিআরআই	sh i a r a i	native
সিআরআইএসএল	sh i a r a i e sh o e l	native
সিআরআর	sh i a r a r	native
সিআরআরের	sh i a r a r e r	native
সিআরইএর	sh i a r i e r	native
সিআরএফ	sh i a r e ph	native
সিআরটি	s i a r T i	loanword
সিআরপি	sh i a r p i	native
সিআরপিএফ	sh i a r p i e ph	native
সিআরপিএফের	a r p i e ph e r	native
সিআরপিডি	s i a r p i D i	proper_noun
সিআরপিতে	sh i a r p i t e	native
সিআরপির	sh i a r p i r	native
সিআরপিসির	sh i a r p i sh i r	native
সিআরবি	sh i a r b i	native
সিআরবিএলপি	sh i a r o b i e l p i	native
সিআরবিএলপির	sh i a r o b i e l o p i r	native
সিআরবিতে	sh i a r b i t e	native
সিআরবিসি	sh i a r b i sh i	native
সিআরবিসিকে	sh i a r b i sh i k e	native
সিআরবিসির	sh i a r o b i sh i r	native
সিইউএফএল	sh i i u e ph e l	native
সিইউএফএলের	sh i i u e ph o e l e r	native
সিইউএস	sh i i u e sh o	native
সিইউএসের	sh i i u e sh e r	native
সিইএস	sh i i e sh	native
সিইও	sh i i O	native
সিইওকে	sh i i O k e	native
সিইওপি	sh i i O p i	native
সিইওপির	sh i i O p i r	native
সিইওর	sh i i O r	native
সিইজিআইএস	sh i i j i a i e sh o	native
সিইজিআইএসের	sh i i j i a i e sh e r	native
সিইপিজেড	s i i p i j e D	proper_noun
সিইপিজেডের	s i i p i j e D e r	proper_noun
সিইসি	sh i i sh i	native
সিইসির	sh i i sh i r	native
সিইসিসহ	sh i i sh i sh o h O	native
সিইয়ে	sh i i y e	native
সিউ	sh i u	native
সিউড়ি	sh i u r i	native
সিউল	sh i u l	native
সিউলে	sh i u l e	native
সিউলের	sh i u l e r	native
সিএ	sh i e	native
সিএআ	sh i e a r	native
সিএইচ	sh i e i ch o	native
সিএইচএস	sh i e i ch e sh	native
সিএইচটি	s i e i ch T i	proper_noun
সিএইচপি	sh i e i ch p i	native
সিএইচসিপি	sh i e i ch sh i p i	native
সিএইচসিপিদের	sh i e i ch sh i p i d e r	native
সিএইচসিপিরা	sh i e i ch o sh i p i r a	native
সিএএ	sh i e e	native
সিএএ,	sh i e e sh	native
সিএএবি	sh i e e b i	native
সিএএবির	sh i e e b i r	native
সিএএল	sh i e e l	native
সিএদের	sh i e d e r	native
সিএনএন	sh i e n e n	native
সিএনএনকে	sh i e n e n k e	native
সিএনএনে	sh i e n e n e	native
সিএনএনের	sh i e n e n e r	native
সিএনওওসি	sh i e n O O sh i	native
সিএনজি	sh i e n j i	native
সিএনজিচালক	sh i e n j i ch a l O k	native
সিএনজিচালকদের	sh i e n j i ch a l o k d e r	compound
সিএনজিচালিত	sh i e n j i ch a l i t O	native
সিএনজিটি	sh i e n j i T i	native
সিএনজিতে	sh i e n j i t e	native
সিএনজির	sh i e n j i r	native
সিএনপি	sh i e n p i	native
সিএনবিস,	sh i e n o b i sh i	native
সিএনসিডি	sh i e n o sh i D i	native
সিএফ	sh i e ph O	native
সিএফএল	sh i e ph e l	native
সিএফটি	s i e ph T i	loanword
সিএফটির	s i e ph T i r	loanword
সিএফসি	sh i e ph sh i	native
সিএফসির	sh i e ph sh i r	native
সিএবি	sh i e b i	native
সিএবির	sh i e b i r	native
সিএভি	sh i e bh i	native
সিএম	sh i e m	native
সিএমআরআরসি	sh i e m a r a r sh i	native
সিএমএ	sh i e m e	native
সিএমএইচ	sh i e m e i ch	native
সিএমএইচে	sh i e m e i ch e	native
সিএমএইচের	sh i e m e i ch e r	native
সিএমএম	sh i e m e m	native
সিএমএল	sh i e m e l	native
সিএমএস	sh i e m e sh	native
সিএমও	sh i e m O	native
সিএমওএ,	sh i e m O e sh	native
সিএমজেএ,	sh i e m j e e ph	native
সিএমপি	sh i e m p i	native
সিএমপির	sh i e m p i r	native
সিএমসি	sh i e m sh i	native
সিএমসিক,	sh i e m sh i k e	native
সিএমসির	sh i e m sh i r	native
সিএল	sh i e l	native
সিএলপি	sh i e l p i	native
সিএলসিএস	sh i e l sh i e sh	native
সিএস	sh i e sh	native
সিএসআই	sh i e sh a i	native
সিএসআর	sh i e sh a r	native
সিএসআরএল	sh i e sh a r e l	native
সিএসআরএলের	sh i e sh a r e l e r	native
সিএসআরের	sh i e sh a r e r	native
সিএসই	sh i e sh i	native
সিএসইকে	sh i e sh i k e	native
সিএসইতে	sh i e sh i t e O	native
সিএসইর	sh i e sh i r	native
সিএসএ,	sh i e sh e l	native
সিএসএফ	sh i e sh e ph	native
সিএসএফের	sh i e sh e ph e r	native
সিএসএম	sh i e sh e m	native
সিএসএস	sh i e sh e sh	native
সিএসএসআইজি	sh i e sh e sh a i j i	native
সিএসএসে,	sh i e sh e sh e r	native
সিএসকে	sh i e sh k e	native
সিএসকেএ	sh i e sh k e e	native
সিএসটিই	sh i e sh T i i	native
সিএসটিও	sh i e sh T i O	native
সিএসড,	sh i e sh D i	native
সিএসপি	sh i e sh p i	native
সিএসপিআই	sh i e sh p i a i	native
সিএসব,	sh i e sh b i	native
সিএসবিএ	sh i e sh b i e	native
সিএসসি	sh i e sh sh i	native
সিএসসিআর	sh i e sh sh i a r	native
সিএসসিএক্স	s i e s s i e k s	loanword
সিএসের	sh i e sh e r	native
সিও	sh i O	native
সিওও	sh i O O	native
সিওডি	s i O D i	loanword
সিওডির	s i O D i r	loanword
সিওপি	sh i O p i	native
সিওপিডি	s i O p i D i	loanword
সিওর	sh i O r	native
সিওসির	sh i O sh i r	native
সিক	sh i k	native
সিকতা	sh i k o t a	native
সিকদার	sh i k d a r	native
সিকদারপাড়,	sh i k d a r p a r a	native
সিকদারসহ	sh i k d a r sh o h O	native
সিকদারের	sh i k d a r e r	native
সিকনি	sh i k n i	native
সিকনেস	sh i k n e sh	native
সিকর	sh i k o r	native
সিকলি	sh i k l i	native
সিকস্ত	sh i k o st o	native
সিকস্তি	sh i k o st i	native
সিকা	sh i k a	native
সিকাডা	s i k a D a	loanword
সিকানদার	sh i k a n d a r	native
সিকান্দার	sh i k a nd a r	native
সিকায়ৎ	sh i k a y O t	native
সিকিউ,	sh i k i u r	native
সিকিউরড	s i k i u r D	loanword
সিকিউরিটি	s i k i u r i T i	loanword
সিকিউরিটিজ	s i k i u r i T i j	loanword
সিকিউরিটিজকে	s i k i u r i T i j k e	loanword
সিকিউরিটিজে	s i k i u r i T i j e	loanword
সিকিউরিটিজের	s i k i u r i T i j e r	loanword
সিকিউরিটির	s i k i u r i T i r	loanword
সিকিউরিটিস	s i k i u r i T i s	loanword
সিকিম	sh i k i m	native
সিকিমে	sh i k i m e	native
সিকিমের	sh i k i m e r	native
সিকিয়া	sh i k i y a	native
সিকুয়েন্স	s i k u y e n s	loanword
সিকুয়েন্সি,	s i k u y e n s i ng	loanword
সিকুয়েন্সিংয়ের	s i k u y e n s i ng y e r	loanword
সিকেডি	s i k e D i	loanword
সিকোয়েন্স	s i k O y e n s o	loanword
সিকোয়েন্সিং	s i k O y e n s i ng	loanword
সিক্কা	sh i k k a	native
সিক্ত	sh i kt O	native
সিক্থ	sh i k th o	native
সিক্যুয়াল	sh i k u y a l	native
সিক্যুয়েল	sh i k u y e l	native
সিক্যুয়েলে	sh i k u y e l e	native
সিক্রি	sh i kr i	native
সিক্রেট	s i kr e T	loanword
সিক্রেটস	s i kr e T s	loanword
সিক্স	s i k s	loanword
সিক্সটি	s i k s T i	loanword
সিক্সটিন	s i k s T i n	loanword
সিক্সথ	s i k s th	loanword
সিক্সে	s i k s e	loanword
সিক্সের	s i k s e r	loanword
সিগনাল	sh i g n a l	native
সিগনালে	sh i g n a l e	native
সিগনেচার	sh i g n e ch a r	native
সিগন্যালম্যান	sh i g n A l o m A n	compound
সিগন্যালিং	sh i g n A l i ng	native
সিগন্যালে	sh i g n A l e	native
সিগমা	sh i g m a	native
সিগম্যান	sh i g m A n o	native
সিগাট	sh i g a T	native
সিগার	sh i g a r	native
সিগারেট	s i g a r e T	loanword
সিগারেটসহ	sh i g a r e T sh o h O	loanword
সিগারেটে	s i g a r e T e	loanword
সিগারেটের	s i g a r e T e r	loanword
সিগেট	s i g e T	proper_noun
সিগেল	sh i g e l	native
সিগ্রেট	s i gr e T	loanword
সিচা	sh i ch a	native
সিচুয়ান	sh i ch u y a n	native
সিচুয়ানের	sh i ch u y a n e r	native
সিচুয়েশন	sh i ch u y e sh o n	native
সিজ	sh i j	native
সিজদার	sh i j d a r	native
সিজদায়	sh i j d a y	native
সিজন	sh i j O n	native
সিজনস	sh i j o n sh	native
সিজনাল	sh i j O n a l	native
সিজনে	sh i j O n e	native
সিজনের	sh i j O n e r	native
সিজান	sh i j a n	native
সিজার	sh i j a r	native
সিজারকে	sh i j a r k e	native
সিজারিয়ান	sh i j a r i y a n	native
সিজারে	sh i j a r e	native
সিজারের	sh i j a r e r	native
সিজিএস	sh i j i e sh	native
সিজিপিএ	sh i j i p i e	native
সিজিল	sh i j i l	native
সিজিসি	sh i j i sh i	native
সিজিয়াম	sh i j i y a m	native
সিজেসির	sh i j e sh i r	native
সিজোফ্রেনিয়ার	s i j O ph r e n i y a r	loanword
সিজোফ্রেনিয়ায়	s i j O ph r e n i y a y	loanword
সিঞানো	sh i y a n O	native
সিঞ্চন	sh i n ch o n	native
সিঞ্চিত	sh i nch i t o	native
সিট	s i T	loanword
সিটকানো	s i T k a n O	loanword
সিটগুলো	s i T g u l O	loanword
সিটটি	s i T T i	loanword
সিটবেল্ট	s i T b e l T	loanword
সিটা	s i T a	loanword
সিটি	s i T i	loanword
সিটিং	s i T i ng	loanword
সিটিআইটি	sh i T i a i T i	native
সিটিএমএস	sh i T i e m o e sh	native
সিটিও	s i T i O	loanword
সিটিকে	s i T i k e	loanword
সিটিগ্রুপ	s i T i gr u p	proper_noun
সিটিগ্রুপের	s i T i gr u p e r	proper_noun
সিটিজেন	s i T i j e n	loanword
সিটিজেনশিপ	s i T i j e n sh i p	loanword
সিটিজেনস	s i T i j e n s	loanword
সিটিতে	s i T i t e	loanword
সিটিতেই	s i T i t e i	loanword
সিটিপি	s i T i p i	loanword
সিটিবাস	s i T i b a s	loanword
সিটিব্যাংক	s i T i b A ng k	loanword
সিটিভিল	s i T i bh i l	loanword
সিটিসহ	sh i T i sh o h O	loanword
সিটিসেল	s i T i s e l	proper_noun
সিটিসেলকে	s i T i s e l k e	proper_noun
সিটিসেলের	s i T i s e l e r	proper_noun
সিটিস্ক্যান	s i T i s k A n	loanword
সিটে	s i T e	loanword
সিটের	s i T e r	loanword
সিড	s i D	loanword
সিডও	s i D O	loanword
সিডওর	s i D o O r	loanword
সিডনি	s i D n i	proper_noun
সিডনিতে	s i D n i t e	proper_noun
সিডনিতেই	s i D n i t e i	proper_noun
সিডনির	s i D n i r	proper_noun
সিডন্স	s i D o n s	loanword
সিডন্সই	s i D o n s i	loanword
সিডন্সও	s i D o n s O	loanword
সিডন্সকে	s i D o n s k e	loanword
সিডন্সের	s i D o n s e r	loanword
সিডন্সেরও	s i D o n s e r O	loanword
সিডব্লিউবিএমপির	s i D o bl i u b i e m p i r	loanword
সিডর	s i D o r	proper_noun
সিডরে	s i D o r e	proper_noun
সিডরের	s i D o r e r	proper_noun
সিডর্ফ	s i D o r ph	proper_noun
সিডল	sh i D O l	native
সিডলকে	sh i D o l k e	native
সিডলের	sh i D o l e r	native
সিডস্টোর	s i D s T O r	loanword
সিডা	sh i D a	native
সিডান	s i D a n	loanword
সিডার	s i D a r	loanword
সিডারস	s i D a r s	loanword
সিডি	s i D i	loanword
সিডিআর	s i D i a r	loanword
সিডিউল	s i D i u l	loanword
সিডিএফ	s i D i e ph o	proper_noun
সিডিএম	s i D i e m	proper_noun
সিডিএমএ	s i D i e m e	proper_noun
সিডিএমপি	s i D i e m p i	proper_noun
সিডিএমপির	s i D i e m p i r	proper_noun
সিডিএর	s i D i e r	proper_noun
সিডিএস	s i D i e s	proper_noun
সিডিও	s i D i O	loanword
সিডিডি	s i D i D i	proper_noun
সিডিডির	s i D i D i r	proper_noun
সিডিতে	s i D i t e	loanword
সিডিবাকা	s i D i b a k a	proper_noun
সিডিবি	s i D i b i	proper_noun
সিডিবিএল	s i D i b i e l	proper_noun
সিডিবিএলে	s i D i b i e l e	proper_noun
সিডিবিএলের	s i D i b i e l e r	proper_noun
সিডির	s i D i r	loanword
সিডিশন	s i D i sh o n	loanword
সিডিসহ	sh i D i sh o h O	loanword
সিডিসি	s i D i s i	proper_noun
সিডিসিসহ	sh i D i sh i sh o h O	proper_noun
সিডো	sh i D O	native
সিত	sh i t O	native
সিতম	sh i t o m	native
সিতা	sh i t a	native
সিতাংশু	sh i t a ng sh u	native
সিতাকুন্ড	sh i t a k u n D O	native
সিতাকুন্ডে	sh i t a k u n D e	native
সিতাকুন্ডের	sh i t a k u n D e r	native
সিতাকে	sh i t a k e	native
সিতাকোট	sh i t a k O T	native
সিতাব	sh i t a b	native
সিতার	sh i t a r	native
সিতারা	sh i t a r a	native
সিতারাম	sh i t a r a m	native
সিতারামপুর	sh i t a r a m p u r	native
সিতি	sh i t i	native
সিতেশ	sh i t e sh	native
সিথান	sh i th a n	native
সিথি	sh i th i	native
সিথিতে	sh i th i t e	native
সিথির	sh i th i r	native
সিদ	sh i d	native
সিদতি	sh i d O t i	native
সিদরাতুল	sh i d r a t u l	native
সিদরাতুল–মুনতাহা	sh i d r a t u l m u n t a h a	compound
সিদি	sh i d i	native
সিদিবে	sh i d i b e	native
সিদু	sh i d u	native
সিদুর	sh i d u r	native
সিদুরে	sh i d u r e	native
সিদেল	sh i d e l	native
সিদ্দিক	sh i d d i k	native
সিদ্দিকও	sh i d d i k O	native
সিদ্দিককে	sh i d d i k k e	native
সিদ্দিকবাজার	sh i d d i k b a j a r	native
সিদ্দিকবাজারের	sh i d d i k b a j a r e r	compound
সিদ্দিকস	sh i d d i k sh	native
সিদ্দিকসহ	sh i d d i k sh o h O	native
সিদ্দিকা	sh i d d i k a	native
সিদ্দিকার	sh i d d i k a r	native
সিদ্দিকি	sh i d d i k i	native
সিদ্দিকিও	sh i d d i k i O	native
সিদ্দিকিকে	sh i d d i k i k e	native
সিদ্দিকির	sh i d d i k i r	native
সিদ্দিকিসহ	sh i d d i k i sh o h O	native
সিদ্দিকিয়া	sh i d d i k i y a	native
সিদ্দিকুর	sh i d d i k u r	native
সিদ্দিকুরকে	sh i d d i k u r k e	native
সিদ্দিকুল	sh i d d i k u l	native
সিদ্দিকের	sh i d d i k e r	native
সিদ্ধহস্ত	sh i d dh O h o st O	tatsama
সিদ্ধাংগনা	sh i d dh a ng g o n a	tatsama
সিদ্ধান্ত	sh i d dh a nt o	tatsama
সিদ্ধান্তই	sh i d dh a nt o i	tatsama
সিদ্ধান্তও	sh i d dh a nt O O	tatsama
সিদ্ধান্তকে	sh i d dh a nt O k e	tatsama
সিদ্ধান্তকেই	sh i d dh a nt o k e i	tatsama
সিদ্ধান্তকেও	sh i d dh a nt o k e O	tatsama
সিদ্ধান্তক্রমে	sh i d dh a nt o kr o m e	tatsama
সিদ্ধান্তগুলি	sh i d dh a nt O g u l i	tatsama
সিদ্ধান্তগুলো	sh i d dh a nt O g u l O	tatsama
সিদ্ধান্তগুলোর	sh i d dh a nt O g u l O r	tatsama
সিদ্ধান্তটা	sh i d dh a nt O T a	tatsama
সিদ্ধান্তটাই	sh i d dh a nt o T a i	tatsama
সিদ্ধান্তটাও	sh i d dh a nt o T a O	tatsama
সিদ্ধান্তটি	sh i d dh a nt O T i	tatsama
সিদ্ধান্তটিই	sh i d dh a nt o T i i	tatsama
সিদ্ধান্তটিও	sh i d dh a nt o T i O	tatsama
সিদ্ধান্তটিকে	sh i d dh a nt o T i k e	tatsama
সিদ্ধান্তটির	sh i d dh a nt o T i r	tatsama
সিদ্ধান্তসংক্রান্ত	sh i d dh a nt o sh o ng kr a nt o	tatsama
সিদ্ধান্তসমুহ	sh i d dh a nt o sh o m u h o	tatsama
সিদ্ধান্তসহ	sh i d dh a nt o sh o h O	tatsama
সিদ্ধান্তহিনতা	sh i d dh a nt o h i n o t a	tatsama
সিদ্ধান্তহিনতার	sh i d dh a nt o h i n o t a r	tatsama
সিদ্ধান্তহিনতায়	sh i d dh a nt o h i n o t a y	tatsama
সিদ্ধান্তে	sh i d dh a nt e	tatsama
সিদ্ধান্তেই	sh i d dh a nt e i	tatsama
সিদ্ধান্তেও	sh i d dh a nt e O	tatsama
সিদ্ধান্তের	sh i d dh a nt e r	tatsama
সিদ্ধান্তেরও	sh i d dh a nt e r O	tatsama
সিদ্ধার্থ	sh i d dh a r th O	tatsama
সিদ্ধার্থের	sh i d dh a r th e r	tatsama
সিদ্ধি	sh i d dh i	tatsama
সিদ্ধিকে	sh i d dh i k e	tatsama
সিদ্ধিতে	sh i d dh i t e	tatsama
সিদ্ধির	sh i d dh i r	tatsama
সিদ্ধিরগঞ্জ	sh i d dh i r g o n j	tatsama
সিদ্ধিরগঞ্জে	sh i d dh i r g o n j e	tatsama
সিদ্ধিরগঞ্জের	sh i d dh i r g o n j e r	tatsama
সিদ্ধিলাভ	sh i d dh i l a bh	tatsama
সিদ্ধেশরি	sh i d dh e sh sh O r i	tatsama
সিদ্ধেশ্বর	sh i d dh e sh sh o r	tatsama
সিদ্ধেশ্বরি	sh i d dh e sh sh o r i	tatsama
সিদ্ধেশ্বরিতে	sh i d dh e sh sh o r i t e	tatsama
সিদ্ধেশ্বরির	sh i d dh e sh sh O r i r	tatsama
সিধ	sh i dh	native
সিধা	sh i dh a	native
সিধু	sh i dh u	native
সিধুকে	sh i dh u k e	native
সিধুর	sh i dh u r	native
সিধে	sh i dh e	native
সিধেল	sh i dh e l	native
সিন	sh i n	native
সিনক্রোনাইজ	sh i n kr O n a i j	native
সিনক্লেয়ার	sh i n kl e y a r	native
সিনজার	sh i n j a r	native
সিনজেনটা	s i n j e n T a	proper_noun
সিনজেনটার	s i n j e n T a r	proper_noun
সিনজেন্টা	s i n j e n T a	proper_noun
সিনডারেলার	s i n D a r e l a r	proper_noun
সিনডি	s i n D i	proper_noun
সিনড্রম	s i n D r O m	loanword
সিনড্রেলা	s i n D r e l a	loanword
সিনড্রোম	s i n D r O m	loanword
সিনড্রোমে	s i n D r O m e	loanword
সিনড্রোমের	s i n D r O m e r	loanword
সিনতাগমা	sh i n t a g o m a	native
সিনথিয়া	sh i n th i y a	native
সিনথিয়াকে	sh i n th i y a k e	native
সিনথিয়ার	sh i n th i y a r	native
সিনথেটিক	s i n th e T i k	loanword
সিনথেটিকস	s i n th e T i k s	loanword
সিনথেটিকের	s i n th e T i k e r	loanword
সিনথেটিক্স	s i n th e T i k s	loanword
সিনথেসিস	sh i n th e sh i sh	native
সিনবাদের	sh i n b a d e r	native
সিনসিনাটি	s i n s i n a T i	proper_noun
সিনহাকে	sh i n h a k e	native
সিনহার	sh i n h a r	native
সিনহাসহ	sh i n h a sh o h O	native
সিনহাসেনি	sh i n h a sh e n i	native
সিনহুয়া	sh i n h u y a	native
সিনহুয়াকে	sh i n h u y a k e	native
সিনহুয়ার	sh i n h u y a r	native
সিনাই	sh i n a i	native
সিনাওয়াত্রা	sh i n a O y a tr a	native
সিনাওয়াত্রাকে	sh i n a O y a tr a k e	compound
সিনাওয়াত্রাপন্থি	sh i n a O y a tr a p o n th i	compound
সিনাওয়াত্রার	sh i n a O y a tr a r	native
সিনান	sh i n a n	native
সিনাবাং	sh i n a b a ng	native
সিনার	sh i n a r	native
সিনারিও	sh i n a r i O	native
সিনি	sh i n i	native
সিনিয়র	sh i n i o r	native
সিনিয়রকে	sh i n i y o r k e	native
সিনিয়রদের	sh i n i y o r d e r	native
সিনিয়ররা	sh i n i y o r r a	native
সিনিয়রিটি	s i n i y o r i T i	loanword
সিনিয়রের	sh i n i y o r e r	native
সিনে	sh i n e	native
সিনেট	s i n e T	loanword
সিনেটর	s i n e T O r	loanword
সিনেটরদের	s i n e T o r d e r	loanword
সিনেটররা	s i n e T o r r a	loanword
সিনেটরের	s i n e T o r e r	loanword
সিনেটে	s i n e T e	loanword
সিনেটের	s i n e T e r	loanword
সিনেপ্লেক্স	s i n e p l e k s	loanword
সিনেপ্লেক্সে	s i n e p l e k s	loanword
সিনেমাই	sh i n e m a i	native
সিনেমাও	sh i n e m a O	native
সিনেমাকে	sh i n e m a k e	native
সিনেমাগুলো	sh i n e m a g u l O	native
সিনেমাগুলোর	sh i n e m a g u l O r	native
সিনেমাটা	s i n e m a T a	loanword
সিনেমাটি	s i n e m a T i	loanword
সিনেমাটিও	s i n e m a T i O	loanword
সিনেমাটিক	s i n e m a T i k	loanword
সিনেমাটিতে	s i n e m a T i t e	loanword
সিনেমাটির	s i n e m a T i r	loanword
সিনেমাটোগ্রাফার	sh i n e m a T O gr a ph a r	compound
সিনেমাটোগ্রাফি	sh i n e m a T O gr a ph i	compound
সিনেমাতে	sh i n e m a t e	native
সিনেমাতেই	sh i n e m a t e i	native
সিনেমাতেও	sh i n e m a t e O	native
সিনেমার	sh i n e m a r	native
সিনেমাস্কোপ	s i n e m a s k O p	loanword
সিনেমাহল	sh i n e m a h o l	native
সিনেমাহলগুলো	sh i n e m a h o l g u l O	native
সিনেমায়	sh i n e m a y o	native
সিনেহ	sh i n e h	native
সিনোফস্কি	s i n O ph o s k i	loanword
সিনোবাংলা	sh i n O b a ng l a	native
সিনোবাংলার	sh i n O b a ng l a r	native
সিনোসুকার	sh i n O sh u k a r	native
সিনোহাইড্রো	s i n O h a i D r O	loanword
সিন্টিলা	s i n T i l a	loanword
সিন্ডারেলা	s i n D a r e l a	proper_noun
সিন্ডি	s i n D i	proper_noun
সিন্ডিকেটকে	s i n D i k e T k e	loanword
সিন্ডিকেটে	s i n D i k e T e	loanword
সিন্ডিকেটেড	s i n D i k e T e D	loanword
সিন্ডিকেটের	s i n D i k e T e r	loanword
সিন্ডিকেশন	s i n D i k e sh o n	loanword
সিন্ডিকেশনের	s i n D i k e sh o n e r	loanword
সিন্দাবাদ	sh i nd a b a d	native
সিন্দাবাদের	sh i nd a b a d e r	native
সিন্দাল	sh i nd a l	native
সিন্দুক	sh i nd u k	native
সিন্দুকে	sh i nd u k e	native
সিন্দুকের	sh i nd u k e r	native
সিন্দুরমতি	sh i nd u r m O t i	native
সিন্ধ	sh i ndh O	native
সিন্ধান্ত	sh i d dh a nt o	native
সিন্ধি	sh i ndh i	native
সিন্ধিয়া	sh i ndh i y a	native
সিন্ধু	sh i ndh u	native
সিন্ধুতে	sh i ndh u t e	native
সিন্ধুতেও	sh i ndh u t e O	native
সিন্ধুপারে	sh i ndh u p a r e	native
সিন্ধুর	sh i ndh u r	native
সিন্ধে	sh i ndh e	native
সিন্নি	sh i nn i	native
সিন্নিরটেক	sh i nn i r T e k	native
সিপ	sh i p	native
সিপরাস	sh i p r a sh	native
সিপরাসের	sh i p r a sh e r	native
সিপা	sh i p a	native
সিপাই	sh i p a i	native
সিপাইকে	sh i p a i k e	native
সিপাইবাগে	sh i p a i b a g e	native
সিপাইবাগের	sh i p a i b a g e r	native
সিপার	sh i p a r	native
সিপাহ	sh i p a h	native
সিপাহশালার	sh i p a h sh a l a r	native
সিপাহসালার	sh i p a h sh a l a r	native
সিপাহি	sh i p a h i	native
সিপাহিদের	sh i p a h i d e r	native
সিপাহিবাগ	sh i p a h i b a g	native
সিপাহিরা	sh i p a h i r a	native
সিপি	sh i p i	native
সিপিআই	sh i p i a i	native
সিপিআইএম	sh i p i a i e m	native
সিপিআইএমের	sh i p i a i e m e r	native
সিপিআইর	sh i p i a i r	native
সিপিআইয়ে	sh i p i a i y e	native
সিপিআইয়ের	sh i p i a i y e r	native
সিপিআর	sh i p i a r	native
সিপিইউ	sh i p i i u	native
সিপিইউর	sh i p i i u r	native
সিপিএ	sh i p i e	native
সিপিএন	sh i p i e n	native
সিপিএম	sh i p i e m	native
সিপিএমকে	sh i p i e m k e	native
সিপিএমের	sh i p i e m e r	native
সিপিএল	sh i p i e l	native
সিপিএলের	sh i p i e l e r	native
সিপিএস	sh i p i e sh	native
সিপিএসের	sh i p i e sh e r	native
সিপিজে	sh i p i j e	native
সিপিজের	sh i p i j e r	native
সিপিটিইউ	s i p i T i i u	proper_noun
সিপিটিইউর	s i p i T i i u r	proper_noun
সিপিটিইউয়ের	s i p i T i i u y e r	proper_noun
সিপিডি	s i p i D i	proper_noun
সিপিডির	s i p i D i r	proper_noun
সিপিডিসহ	sh i p i D i sh o h O	proper_noun
সিপিবি	sh i p i b i	native
সিপিবির	sh i p i b i r	native
সিপিবিসহ	sh i p i b i sh o h O	native
সিপিভিপিভি	sh i p i bh i p i bh i	native
সিপিসি	sh i p i sh i	native
সিপ্পি	sh i p p i	native
সিপ্রং	sh i pr o ng	native
সিপ্রংয়ের	sh i pr o ng y e r	native
সিপ্রা	sh i pr a	native
সিপ্রাস	sh i pr a sh	native
সিপ্রাসকে	sh i pr a sh k e	native
সিপ্রাসের	sh i pr a sh e r	native
সিপ্রোসিন	sh i pr O sh i n	native
সিফাই	sh i p a i	native
সিফাত	sh i ph a t	native
সিফাতকে	sh i ph a t k e	native
সিফাতের	sh i ph a t e r	native
সিফায়েত	sh i ph a y e t	native
সিফায়েতউল্লাহ	sh i ph a y e t u l l a h o	compound
সিফিলিস	sh i ph i l i sh	native
সিবন	sh i b o n	native
সিবান্দা	sh i b a nd a	native
সিবান্দার	sh i b a nd a r	native
সিবাল	sh i b a l	native
সিবি	sh i b i	native
সিবিআই	sh i b i a i	native
সিবিআইকে	sh i b i a i k e	native
সিবিআইয়ের	sh i b i a i y e r	native
সিবিএ	sh i b i e	native
সিবিএফ	sh i b i e ph	native
সিবিএফের	sh i b i e ph e r	native
সিবিএম	sh i b i e m	native
সিবিএর	sh i b i e r	native
সিবিএস	sh i b i e sh	native
সিবিট	s i b i T	proper_noun
সিবিডি	s i b i D i	loanword
সিবিসি	sh i b i sh i	native
সিবিসিবি	sh i b i sh i b i	native
সিবেক	sh i b A k	native
সিবোট	sh i b O T	native
সিভি	sh i bh i	native
সিভিএস	sh i bh i e sh	native
সিভিক	sh i bh i k	native
সিভিতে	sh i bh i t e	native
সিভির	sh i bh i r	native
সিভিল	sh i bh i l	native
সিভিলিয়ান	sh i bh i l i y a n	native
সিভিলে	sh i bh i l e	native
সিভেট	s i bh e T	loanword
সিম	sh i m	native
সিমকার্ডটি	s i m k a r D T i	loanword
সিমকার্ডের	s i m o k a r D e r	loanword
সিমকো	sh i m k O	native
সিমকোভিকস	sh i m k O bh i k sh	native
সিমটি	s i m T i	loanword
সিমটির	s i m T i r	loanword
সিমন	sh i m O n	native
সিমন্ত	sh i m o nt O	native
সিমন্স	s i m o n s	loanword
সিমন্সের	s i m e n s e r	loanword
সিমবিয়ান	sh i m b i y a n	native
সিমবিয়ানের	sh i m b i y a n e r	native
সিমরান	sh i m r a n	native
সিমলা	sh i m l a	native
সিমলায়	sh i m l a y	native
সিমসাম	sh i m sh a m	native
সিমাও	sh i m a O	native
সিমাকে	sh i m a k e	native
সিমাটা	sh i m a T a	native
সিমাতিরিক্ত	sh i m a t i r i kt	native
সিমানটেক	s i m a n T e k	proper_noun
সিমানটেকের	s i m a n T e k e r	proper_noun
সিমানা	sh i m a n a	native
সিমানাকে	sh i m a n a k e	native
সিমানাখুটি	sh i m a n a kh u T i	native
সিমানাতেই	sh i m a n a t e i	native
সিমানাদেয়াল	sh i m a n a d e y a l	native
সিমানাপ্রাচির	sh i m a n a pr a ch i r	compound
সিমানাপ্রাচিরও	sh i m a n a pr a ch i r O	compound
সিমানাপ্রাচিরের	sh i m a n a pr a ch i r e r	compound
সিমানাবিন্যাস	sh i m a n a b i n n a sh	compound
সিমানাবিন্যাসের	sh i m a n a b i n n a sh e r	compound
সিমানাভুক্ত	sh i m a n a bh u kt	native
সিমানার	sh i m a n a r	native
সিমানারেখা	sh i m a n a r e kh a	native
সিমানাসংক্রান্ত	sh i m a n a sh o ng kr a nt o	compound
সিমানায়	sh i m a n a y	native
সিমান্ত	sh i m a nt O	native
সিমান্তকে	sh i m a nt O k e	native
সিমান্তঘেশা	sh i m a nt O gh e sh a	native
সিমান্তচুক্তি	sh i m a nt O ch u kt i	compound
সিমান্তচুক্তির	sh i m a nt O ch u kt i r	compound
সিমান্তচোউকি	sh i m a nt o ch ou k i	native
সিমান্তজুড়ে	sh i m a nt o j u r e	native
সিমান্তপথ	sh i m a nt o p o th	native
সিমান্তপথে	sh i m a nt O p o th e	native
সিমান্তবর্তি	sh i m a nt o b o r t i	native
সিমান্তবাসি	sh i m a nt o b a sh i	loanword
সিমান্তবিরোধ	sh i m a nt o b i r O dh	native
সিমান্তরক্ষা	sh i m a nt o r o kkh a	tatsama
সিমান্তরক্ষি	sh i m a nt o r o kkh i	tatsama
সিমান্তরক্ষিদের	sh i m a nt o r o kkh i d e r	tatsama
সিমান্তরক্ষির	sh i m a nt o r o kkh i r	tatsama
সিমান্তরক্ষিরা	sh i m a nt O r O kkh i r a	tatsama
সিমান্তরি	sh i m a nt O r i	native
সিমান্তরেখা	sh i m a nt O r e kh a	native
সিমান্তরেখার	sh i m a nt o r e kh a r	native
সিমান্তসংক্রান্ত	sh i m a nt o sh o ng kr a nt o	compound
সিমান্তসংলগ্ন	sh i m a nt O sh o ng l O g n O	compound
সিমান্তসহ	sh i m a nt O sh o h O	native
সিমান্তহাট	sh i m a nt O h a T	native
সিমান্তে	sh i m a nt e	native
সিমান্তেই	sh i m a nt e i	native
সিমান্তেও	sh i m a nt e O	native
সিমান্তের	sh i m a nt e r	native
সিমাবদ্ধ	sh i m a b o d dh O	tatsama
সিমাবদ্ধতা	sh i m a b o d dh O t a	tatsama
সিমাবদ্ধতাও	sh i m a b o d dh O t a O	tatsama
সিমাবদ্ধতাকে	sh i m a b o d dh O t a k e	tatsama
সিমাবদ্ধতাগুলো	sh i m a b o d dh O t a g u l O	tatsama
সিমাবদ্ধতার	sh i m a b o d dh O t a r	tatsama
সিমাবদ্ধতাসহ	sh i m a b o d dh O t a sh o h O	tatsama
সিমাবদ্ধতায়	sh i m a b o d dh O y o	tatsama
সিমাবাড়ি	sh i m a b a r i	native
সিমারেখা	sh i m a r e kh a	native
সিমারেখাটি	sh i m a r e kh a T i	native
সিমারেখার	sh i m a r e kh a r	native
সিমারেখায়	sh i m a r e kh a y o	native
সিমাসংক্রান্ত	sh i m a sh o ng kr a nt o	compound
সিমাহিন	sh i m a h i n	native
সিমায়	sh i m a y o	native
সিমি	sh i m i	native
সিমিং	sh i m i ng	native
সিমিওনে	sh i m i O n e	native
সিমিটার	s i m i T a r	loanword
সিমিত	sh i m i t	native
সিমিতই	sh i m i t o i	native
সিমিতকরনের	sh i m i t o k o r o n e r	native
সিমিতভাবে	sh i m i t O bh a b e	native
সিমিতসংখ্যক	sh i m i t O sh o ng kh O k	native
সিমিদ	sh i m i d	native
সিমিদের	sh i m i d e r	native
সিমিন	sh i m i n	native
সিমির	sh i m i r	native
সিমিলার	sh i m i l a r	native
সিমু	sh i m u	native
সিমুলেশন	sh i m u l e sh o n	native
সিমে	sh i m e	native
সিমেক্স	s i m e k s o	loanword
সিমেট্রিতে	s i m e T r i t e	loanword
সিমেন	sh i m e n	native
সিমেন্টকে	s i m e n T o k e	loanword
সিমেন্টবোঝাই	s i m e n T o b O jh a i	loanword
সিমেন্টসহ	sh i m e n T o sh o h O	loanword
সিমেন্টে	s i m e n T e	loanword
সিমেন্টের	s i m e n T e r	loanword
সিমেন্স	s i m e n s	loanword
সিমেন্সকে	s i m e n s k e	loanword
সিমেন্সের	s i m e n s e r	loanword
সিমের	sh i m e r	native
সিমোন	sh i m O n	native
সিমোর	sh i m O r	native
সিম্পল	sh i mp O l	native
সিম্পলি	sh i mp o l i	native
সিম্পসন	sh i mp sh o n	native
সিম্পসনের	sh i mp o sh o n e r	native
সিম্পোজিয়াম	sh i mp O j i y a m	native
সিম্পোজিয়ামগুলোর	sh i mp O j i y a m g u l O r	compound
সিম্পোজিয়ামে	sh i mp O j i y a m e	native
সিম্পোজিয়ামের	sh i mp O j i y a m e r	compound
সিম্ফনির	sh i m ph O n i r	native
সিম্ফোনি	s i m ph O n i	loanword
সিম্বল	sh i mb O l	native
সিম্যান	sh i m A n o	native
সির	sh i r	native
সিরকা	sh i r k a	native
সিরক্কো	sh i r o k k O	native
সিরজন	sh i r j o n	native
সিরজা	sh i r j a	native
সিরডাপ	s i r D a p	proper_noun
সিরডাপের	s i r D a p e r	proper_noun
সিরতা	sh i r t a	native
সিরতে	sh i r O t e	native
সিরসির	sh i r sh i r	native
সিরা	sh i r a	native
সিরাক	sh i r a k	native
সিরাজ	sh i r a j	native
সিরাজউদ্দিন	sh i r a j u d d i n	native
সিরাজউদ্দিনকে	sh i r a j u d d i n k e	compound
সিরাজউদ্দোউলা	sh i r a j u d d O u l a	compound
সিরাজউদ্দোউলার	sh i r a j u d d O u l a r	compound
সিরাজও	sh i r a j O	native
সিরাজকে	sh i r a j k e	native
সিরাজগঞ্জ	sh i r a j g o n j	native
সিরাজগঞ্জগামি	sh i r a j g o n j o g a m i	compound
সিরাজগঞ্জে	sh i r a j g o n j e	native
সিরাজগঞ্জের	sh i r a j g o n j e r	native
সিরাজদিখান	sh i r a j d i kh a n	native
সিরাজদিখানে	sh i r a j d i kh a n e	native
সিরাজদিখানের	sh i r a j d i kh a n e r	native
সিরাজদোউলা	sh i r a j o d d O O l a	native
সিরাজদ্দোউলা	sh i r a j u d d O O l a	native
সিরাজদ্দোউলার	sh i r a j o d d O O l a r	compound
সিরাজসহ	sh i r a j sh o h O	native
সিরাজাম	sh i r a j a m m u n i r a	native
সিরাজি	sh i r a j i	native
সিরাজিকে	sh i r a j i k e	native
সিরাজুদ্দিন	sh i r a j u d d i n	native
সিরাজুদ্দোউলা	sh i r a j u d d O l a	compound
সিরাজুম	sh i r a j u m	native
সিরাজুর	sh i r a j u r	native
সিরাজুল	sh i r a j u l	native
সিরাজুলকে	sh i r a j u l k e	native
সিরাজুলের	sh i r a j u l e r	native
সিরাত	sh i r a t	native
সিরাতুন্নবি	sh i r a t u nn o b i	native
সিরাপিনা	sh i r a p i n a	native
সিরাপিনাকে	sh i r a p i n a k e	native
সিরাপিনাদের	sh i r a p i n a d e r	native
সিরাপিনার	sh i r a p i n a r	native
সিরাপে	sh i r a p e	native
সিরাপের	sh i r a p e r	native
সিরাম	sh i r a m	native
সিরামিক	sh i r a m i k	native
সিরামিকস	sh i r a m i k sh	native
সিরামিকসের	sh i r a m i k sh e r	native
সিরামিকের	sh i r a m i k e r	native
সিরার	sh i r a r	native
সিরায়	sh i r a y	native
সিরি	sh i r i	native
সিরিজ	sh i r i j	native
সিরিজই	sh i r i j i	native
সিরিজও	sh i r i j O	native
সিরিজকে	sh i r i j k e	native
সিরিজগুলো	sh i r i j g u l O	native
সিরিজগুলোর	sh i r i j g u l O r	native
সিরিজটা	sh i r i j T a	native
সিরিজটাই	sh i r i j T a i	native
সিরিজটাও	sh i r i j T a O	native
সিরিজটাকে	sh i r i j T a k e	native
সিরিজটাতে	sh i r i j o T a t e	native
সিরিজটার	sh i r i j o T a r	native
সিরিজটায়	sh i r i j T a y	native
সিরিজটি	sh i r i j T i	native
সিরিজটিও	sh i r i j T i O	native
সিরিজটিতে	sh i r i j T i t e	native
সিরিজটির	sh i r i j T i r	native
সিরিজা	sh i r i j a	native
সিরিজে	sh i r i j e	native
সিরিজেই	sh i r i j e i	native
সিরিজেও	sh i r i j e O	native
সিরিজেরই	sh i r i j e r o i	native
সিরিঞ্জ	sh i r i n j	native
সিরিঞ্জের	sh i r i n j e r	native
সিরিঞ্জেস	sh i r i n j e sh	native
সিরিন	sh i r i n	native
সিরিনধর্ন	sh i r i n dh o r n	native
সিরিল	sh i r i l	native
সিরিলিক	sh i r i l i k	native
সিরিসেনার	sh i r i sh e n a r	native
সিরিয়	sh i r i y	native
সিরিয়া	sh i r i y a	native
সিরিয়াকে	sh i r i y a k e	native
সিরিয়াজুড়ে	sh i r i y a j u r e	native
সিরিয়ান	sh i r i y a n	native
সিরিয়াবিশয়ক	sh i r i y a b i sh o y o k	native
সিরিয়াভিত্তিক	sh i r i y a bh i tt i k	compound
সিরিয়ার	sh i r i y a r	native
সিরিয়াল	sh i r i y a l	native
সিরিয়ালে	sh i r i y a l e	native
সিরিয়ালের	sh i r i y a l e r	native
সিরিয়াস	sh i r i y a sh	native
সিরিয়াসলি	sh i r i y a sh l i	native
সিরিয়ায়	sh i r i y a y	native
সিরো	sh i r O	native
সিরোতে	sh i r O t e	native
সিরোসিস	sh i r O sh i sh	native
সির্কা	sh i r k a	native
সির্ত	sh i r t	native
সির্তে	sh i r t e	native
সির্নি	sh i r n i	native
সিল	sh i l	native
সিলকোট	s i l k O T	proper_noun
সিলগালা	sh i l g a l a	native
সিলটি	sh i l T i	native
সিলন	sh i l o n	native
সিলবিহিন	sh i l b i h i n	native
সিলবেরি	sh i l b e r i	native
সিলবেরির	sh i l b e r i r	native
সিলভা	sh i l bh a	native
সিলভাও	sh i l o bh a O	native
সিলভাকে	sh i l bh a k e	native
সিলভানিয়া	sh i l bh a n i a	native
সিলভানো	sh i l bh a n O	native
সিলভার	sh i l bh a r	native
সিলভি	sh i l bh i	native
সিলভিও	sh i l bh i O	native
সিলভির	sh i l bh i r	native
সিলভিয়া	sh i l bh i y a	native
সিলভিয়ার	sh i l bh i y a r	native
সিলভেস্টার	s i l bh e s T a r	loanword
সিলমে	sh i l m e	native
সিলমোহর	sh i l m O h O r	native
সিলমোহরকৃত	sh i l m O h o r k ri t o	tatsama
সিলসহ	sh i l sh o h O	native
সিলসিলা	sh i l sh i l a	native
সিলার	sh i l a r	native
সিলি	sh i l i	native
সিলিং	sh i l i ng	native
সিলিংফ্যানের	sh i l i ng ph A n e r	native
সিলিংয়ে	sh i n i ng y e	native
সিলিংয়ের	sh i l i ng y e r	native
সিলিকন	sh i l i k o n	native
সিলিকনের	sh i l i k o n e r	native
সিলিকার	sh i l i k a r	native
সিলিকাসমৃদ্ধ	sh i l i k a sh o m r i d d o	tatsama
সিলিকোসিস	sh i l i k O sh i sh	native
সিলিড	sh i l i D	native
সিলিন্ডার	s i l i n D a r	loanword
সিলিন্ডারগুলো	sh i l i n D a r g u l O	compound
সিলিন্ডারপ্রতি	sh i l i n D a r pr o t i	compound
সিলিন্ডারসহ	sh i l i n D a r sh o h O	loanword
সিলিন্ডারে	s i l i n D a r e	loanword
সিলিন্ডারের	s i l i n D a r e r	loanword
সিলিমপুর	sh i l i m p u r	native
সিলিয়া	sh i l i y a	native
সিলেকশনের	sh i l e k sh o n e r	native
সিলেক্ট	s i l e k T	loanword
সিলেক্টিভ	s i l e k T i bh	loanword
সিলেক্টেড	s i l e k T e D	loanword
সিলেটকে	sh i l e T k e	native
সিলেটগামি	sh i l e T g a m i	native
সিলেটবাসি	sh i l e T b a sh i	loanword
সিলেটবাসির	sh i l e T b a sh i r	loanword
সিলেটসহ	sh i l e T sh o h O	native
সিলেটি	sh i l e T i	native
সিলেটেও	sh i l e T e O	native
সিলেটের	sh i l e T e r	native
সিলেবাস	s i l e b a s	loanword
সিলেবাসে	s i l e b a s e	loanword
সিলেবাসের	s i l e b a s e r	loanword
সিলোন	sh i l O n	native
সিল্ক	sh i l k	native
সিল্কসহ	sh i l k sh o h O	native
সিল্কসিটি	s i l k s i T i	proper_noun
সিল্কি	sh i l k i	native
সিল্কে	sh i l k e	native
সিল্কের	sh i l k e r	native
সিস	sh i sh	native
সিসকো	sh i sh k O	native
সিসকোর	sh i sh k O r	native
সিসটেক	s i s T e k	proper_noun
সিসটেম	s i s T e m	loanword
সিসমিক	sh i sh m i k	native
সিসাচুল্লির	sh i sh a ch u l l i r	native
সিসার	sh i sh a r	native
সিসি	sh i sh i	native
সিসিআইই	sh i sh i a i i	native
সিসিআইস	s i s i a i s	loanword
সিসিইউ	sh i sh i i u	native
সিসিইউতে	sh i sh i i u t e	native
সিসিইউয়ে	sh i sh i i u y e	native
সিসিএ	sh i sh i e	native
সিসিএস	sh i sh i e sh	native
সিসিএসের	sh i sh i e sh e r	native
সিসিও	sh i sh i O	native
সিসিক	sh i sh i k	native
সিসিকে	sh i sh i k e	native
সিসিটি	sh i sh i T i	native
সিসিটিভিতে	s i s i T i bh i t e	loanword
সিসিটিভির	s i s i T i bh i r	loanword
সিসিডি	s i s i D i	loanword
সিসিডিএম	s i s i D i e m	loanword
সিসিডিএমের	s i s i D i e m e r	loanword
সিসিডির	s i s i D i r	loanword
সিসিম	sh i sh i m	native
সিসিমপুর	sh i sh i m p u r	native
সিসিমপুরের	sh i sh i m p u r e r	native
সিসির	sh i sh i r	native
সিসিল	sh i sh i l	native
সিসিলি	sh i sh i l i	native
সিসিলির	sh i sh i l i r	native
সিসিসি	sh i sh i sh i	native
সিসিসিআই	sh i sh i sh i a i	native
সিসিসির	sh i sh i sh i r	native
সিসৃক্ষা	sh i sh r i kkh a	tatsama
সিসে	sh i sh e	native
সিসেম	sh i sh e m	native
সিস্কো	s i s k O	loanword
সিস্ট	s i s T	loanword
সিস্টার	s i s T a r	loanword
সিস্টারদের	s i s T a r d e r	loanword
সিস্টার্স	s i s T a r s	loanword
সিস্টার্সের	s i s T a r s e r	loanword
সিস্টেম	s i s T e m	loanword
সিস্টেমও	s i s T e m O	loanword
সিস্টেমকে	s i s T e m k e	loanword
সিস্টেমচালিত	s i s T e m ch a l i t O	loanword
সিস্টেমটা	s i s T e m T a	loanword
সিস্টেমটি	s i s T e m T i	loanword
সিস্টেমটির	s i s T e m T i r	loanword
সিস্টেমনির্ভর	s i s T e m n i r bh o r	loanword
সিস্টেমস	s i s T e m s	loanword
সিস্টেমসহ	sh i sh T e m sh o h O	loanword
সিস্টেমসের	s i s T e m s e r	loanword
সিস্টেমে	s i s T e m e	loanword
সিস্টেমেই	s i s T e m e i	loanword
সিস্টেমেও	s i s T e m e O	loanword
সিস্টেমের	s i s T e m e r	loanword
সিহাম	sh i h a m	native
সিৎকার	sh i t k a r	native
সিড়ি	sh i r i	native
সিড়িগুলো	sh i r i g u l O	native
সিড়িঘরে	sh i r i gh o r e	native
সিড়িটি	sh i r i T i	native
সিড়িতে	sh i r i t e	native
সিড়ির	sh i r i r	native
সিয়া	sh i y a	native
সিয়াওবো	sh i y a O b O	native
সিয়াওবোকে	sh i y a O b O k e	native
সিয়াওবোর	sh i y a O b O r	native
সিয়াচেন	sh i y a ch e n	native
সিয়াটল	s i y a T e l	proper_noun
সিয়াটলের	s i y a T l e r	proper_noun
সিয়ান	sh i y a n	native
সিয়ানো	sh i y a n O	native
সিয়াফ	sh i y a ph	native
সিয়াবাস	sh i y a b a sh	loanword
সিয়াম	sh i y a m	native
সিয়ামকে	sh i y a m k e	native
সিয়ামের	sh i y a m e r	native
সিয়ারস	sh i y a r o sh	native
সিয়ার্স	sh i y a r sh	native
সিয়েরা	sh i y e r a	native
সু	sh u	native
সুং	sh u ng	native
সুংরা	sh u ng r a	native
সুংয়ের	sh u ng y e r	native
সুইং	sh u i ng	native
সুইংও	sh u i ng O	native
সুইংগারে	sh u i ng g a r e	native
সুইংয়ে	sh u i ng y e	native
সুইংয়ের	sh u i ng y e r	native
সুইচ	sh u i ch	native
সুইচড	s u i ch D	loanword
সুইচরুম	sh u i ch r u m	native
সুইচরুমে	sh u i ch r u m e	native
সুইচিং	sh u i ch i ng	native
সুইচে	sh u i ch e	native
সুইচের	sh u i ch e r	native
সুইজারল্যান্ড	sh u i j a r l A n D	compound
সুইজারল্যান্ডকে	sh u i j a r l A n D k e	compound
সুইজারল্যান্ডভিত্তিক	sh u i j a r l A n D bh i tt i k	compound
সুইজারল্যান্ডসহ	sh u i j a r l A n D sh o h O	compound
সুইজারল্যান্ডে	sh u i j a r l A n D e	compound
সুইজারল্যান্ডের	sh u i j a r l A n D e r	compound
সুইট	s u i T	loanword
সুইটস	s u i T s	loanword
সুইটসের	s u i T s e r	loanword
সুইটহার্ট	s u i T h a r T	loanword
সুইটি	s u i T i	loanword
সুইটির	s u i T i r	loanword
সুইড	sh u i D	native
সুইডিশ	s u i D i sh	proper_noun
সুইডিস	s u i D i sh	proper_noun
সুইডেন	s u i D e n	proper_noun
সুইডেনকে	s u i D e n k e	proper_noun
সুইডেনপ্রবাসি	sh u i D e n pr o b a sh i	compound
সুইডেনসহ	sh u i D e n sh o h O	proper_noun
সুইডেনে	s u i D e n e	proper_noun
সুইডেনেই	s u i D e n e i	proper_noun
সুইডেনের	s u i D e n e r	proper_noun
সুইনি	sh u i n i	native
সুইপ	sh u i p	native
সুইপার	sh u i p a r	native
সুইপারের	sh u i p a r e r	native
সুইপিং	sh u i p i ng	native
সুইপে	sh u i p e	native
সুইপের	sh u i p e r	native
সুইফট	s u i ph T	loanword
সুইফটকি	s u i ph T k i	loanword
সুইফটের	s u i ph T e r	loanword
সুইমিং	sh u i m i ng	native
সুইমিংপুলে	sh u i m i ng p u l e	native
সুইমিংপুলের	sh u i m i ng p u l e r	native
সুইস	sh u i sh	native
সুইসরা	sh u i sh r a	native
সুইসাইড	s u i s a i D	loanword
সুইসাইডের	s u i s a i D e r	loanword
সুইসুতা	sh u i sh u t a	native
সুইয়ের	sh u i y e r	native
সুউচ্চ	sh u u ch ch O	native
সুক	sh u k	native
সুকঠিন	sh u k O Th i n	native
সুকন্ঠ	sh u k o n Th O	native
সুকন্যা	sh u k O n n a	native
সুকবি	sh u k O b i	native
সুকমল	sh u k m o l	native
সুকর	sh u k o r	native
সুকর্ম	sh u k o r m O	native
সুকল্পিত	sh u k O l p i t O	native
সুকল্যান	sh u k o l A n	native
সুকান	sh u k a n	native
সুকানি	sh u k a n i	native
সুকান্ত	sh u k a nt O	native
সুকান্তের	sh u k a nt e r	native
সুকির্তি	sh u k i r t i	native
সুকুমার	sh u k u m a r	native
সুকুমারের	sh u k u m a r e r	native
সুকুশল	sh u k u sh o l	native
সুকৃতি	sh u k k ri t i	tatsama
সুকেশ	sh u k e sh	native
সুকোউশল	sh u k O u sh o l	native
সুকোউশলে	sh u k O u sh o l e	native
সুকোমল	sh u k O m O l	native
সুক্ত	sh u kt O	native
সুক্তি	sh u kt i	native
সুক্তের	sh u kt e r	native
সুক্রে	sh u kr e	native
সুক্রোজ	sh u kr O j	native
সুক্ষ্ম	sh u kkh O	tatsama
সুক্ষ্মভাবে	sh u kkh O bh a b e	tatsama
সুক্ষ্মাতিসুক্ষ্ম	sh u kkh a t i sh u kkh O	tatsama
সুখ	sh u kh	native
সুখং	sh u kh o ng	native
সুখও	sh u kh o O	native
সুখকর	sh u kh O k o r	native
সুখচর	sh u kh ch o r	native
সুখচান	sh u kh ch a n	native
সুখটুকু	sh u kh T u k u	native
সুখতলা	sh u kh t o l a	native
সুখদেব	sh u k d e b	native
সুখদ্বিপ	sh u kh d i p	native
সুখপাঠ্য	sh u kh O p a T Th O	native
সুখপ্রত্যাশিদের	sh u kh pr o t t a sh i d e r	compound
সুখপ্রদ	sh u kh pr o d	native
সুখবরই	sh u kh o b O r i	native
সুখবরটা	sh u kh o b o r T a	native
সুখবরটি	sh u kh o b O r T i	native
সুখবিলাস	sh u kh b i l a sh	native
সুখময়	sh u kh O m O y o	native
সুখরঞ্জন	sh u kh O r o n j O n	native
সুখশান্তি	sh u kh O sh a nt i	native
সুখস্মৃতি	sh u kh sh ri t i	tatsama
সুখস্মৃতিও	sh u kh sh r i t i O	tatsama
সুখস্মৃতিটা	sh u kh sh r i t i T a	tatsama
সুখস্মৃতির	sh u kh sh r i t i r	tatsama
সুখা	sh u kh a	native
সুখাএ	sh u kh a e	native
সুখাদ	sh u kh a d	native
সুখাদ্য	sh u kh a d d O	native
সুখান	sh u kh a n	native
সুখানুভুতি	sh u kh a n u bh u t i	native
সুখানুভুতিতে	sh u kh a n u bh u t i t e	native
সুখানুভুতির	sh u kh a n u bh u t i r	native
সুখান্বেশন	sh u kh a n n e sh o n	native
সুখাবহো	sh u kh a b o h O	native
সুখাশা	sh u kh a sh a	native
সুখাসন	sh u kh a sh O n	native
সুখাসিন	sh u kh a sh i n	native
সুখি	sh u kh i	native
সুখিই	sh u kh i i	native
সুখিকে	sh u kh i k e	native
সুখিত	sh u kh i t O	native
সুখিতা	sh u kh i t a	native
সুখির	sh u kh i r	native
সুখে	sh u kh e	native
সুখেই	sh u kh e i	native
সুখেন	sh u kh e n	native
সুখেন্দু	sh u kh e nd u	native
সুখের	sh u kh e r	native
সুখোই	sh u kh O i	native
সুখোইশ্বর্য	sh O kh O i sh sh o r j O	tatsama
সুখোদয়	sh u kh O d o y	native
সুখোশ্ন	sh u kh O sh n O	native
সুখ্যাত	sh u k kh A t O	native
সুখ্যাতির	sh u kh A t i r	native
সুগঠ	sh u g o Th O	native
সুগঠন	sh u g o Th O n	native
সুগঠিত	sh u g O Th i t O	native
সুগত	sh u g o t O	native
সুগন্ধ	sh u g o ndh O	native
সুগন্ধজুক্ত	sh u g o ndh O j u kt O	native
সুগন্ধা	sh u g o ndh a	native
সুগন্ধিজুক্ত	sh u g O ndh i j u kt O	native
সুগন্ধির	sh u g O ndh i r	native
সুগন্ধে	sh u g o ndh e	native
সুগন্ধের	sh u g o ndh e r	native
সুগভির	sh u g o bh i r	native
সুগম	sh u g o m	native
সুগম্ভির	sh u g O m bh i r	native
সুগার	sh u g a r	native
সুগারবিট	s u g a r b i T	loanword
সুগারের	sh u g a r e r	native
সুগুপ্ত	sh u g u p t O	native
সুগুরে	sh u g u r e	native
সুগৃহিতনামা	sh u g g ri h i t O n a m a	tatsama
সুগোল	sh u g O l	native
সুগ্রিব	sh u gr i b	native
সুঘটন	sh u gh o T O n	native
সুচ	sh u ch	native
সুচক	sh u ch o k	native
সুচকই	sh u ch o k i	native
সুচকও	sh u ch o k O	native
সুচককে	sh u ch o k k e	native
সুচকগত	sh u ch o k g o t o	native
সুচকগুলো	sh u ch o k g u l O	native
সুচকগুলোতে	sh u ch o k g u l O t e	native
সুচকগুলোর	sh u ch o k g u l O r	native
সুচকটি	sh u ch o k T i	native
সুচকটির	sh u ch o k T i r	native
সুচকে	sh u ch o k e	native
সুচকেই	sh u ch o k e i	native
সুচকেও	sh u ch o k e O	native
সুচকের	sh u ch o k e r	native
সুচকেরও	sh u ch o k e r O	native
সুচতুর	sh u ch O t u r	native
সুচতুরভাবে	sh u ch t u r bh a b e	native
সুচন	sh u ch O n	native
সুচনা	sh u ch o n a	native
সুচনাই	sh u ch o n a i	native
সুচনাও	sh u ch O n a O	native
সুচনাকারি	sh u ch o n a k a r i	native
সুচনাকাল	sh u ch o n a k a l	native
সুচনাকে	sh u ch o n a k e	native
সুচনাটা	sh u ch o n a T a	native
সুচনাটাও	sh u ch o n a T a O	native
সুচনাটি	sh u ch o n a T i	native
সুচনাতে	sh u ch o n a t e	native
সুচনাতেই	sh u ch o n a t e i	native
সুচনাপর্ব	sh u ch o n a p o r b o	native
সুচনাবিন্দু	sh u ch o n a b i nd u	native
সুচনার	sh u ch o n a r	native
সুচনালগ্ন	sh u ch o n a l o g n o	native
সুচনালগ্নে	sh u ch o n a l o g n e	native
সুচনালগ্নের	sh u ch o n a l o g n e r	native
সুচনায়	sh u ch o n a y	native
সুচন্দা	sh u ch O nd a	native
সুচন্দার	sh u ch o nd a r	native
সুচন্দ্রা	sh u ch o ndr a	native
সুচরিত	sh u ch r i t	native
সুচরিতা	sh u ch O r i t a	native
সুচরিতেশু	sh u ch O r i t e sh u	native
সুচারু	sh u ch a r u	native
সুচারুভাবে	sh u ch a r u bh a b e	native
সুচারুরুপে	sh u ch a r u r u p e	native
সুচালো	sh u ch a l O	native
সুচি	sh u ch i	native
সুচিকর্ম	sh u ch i k o r m O	native
সুচিকর্মটি	sh u ch i k o r m o T i	native
সুচিকিত্সা	sh u ch i k i t sh a	native
সুচিকিত্সার	sh u ch i k i t sh a r	native
সুচিকিৎসা	sh u ch i k i t sh a	native
সুচিকিৎসার	sh u ch i k i t sh a r	native
সুচিক্কন	sh u ch i k k o n	native
সুচিত	sh u ch i t O	native
সুচিতে	sh u ch i t e	native
সুচিত্র	sh u ch i tr O	native
সুচিত্রক	sh u ch i tr o k	native
সুচিত্রা	sh u ch i tr a	native
সুচিত্রাদি	sh u ch i tr a d i	native
সুচিত্রাদির	sh u ch i tr a d i r	native
সুচিত্রার	sh u ch i tr a r	native
সুচিত্রিত	sh u ch i tr i t O	native
সুচিন্তা	sh u ch i nt a	native
সুচিন্তিত	sh u ch i nt i t O	native
সুচিন্তিতভাবে	sh u ch i nt i t bh a b e	compound
সুচিপত্র	sh u ch i p o tr O	native
সুচির	sh u ch i r	native
সুচিশিল্প	sh u ch i sh i l p o	native
সুচিশিল্পি	sh u ch i sh i l p i	native
সুচের	sh u ch e r	native
সুচ্য	sh u ch chh o	native
সুচ্যগ্র	sh u ch ch O g gr O	native
সুজ	sh u j	native
সুজন	sh u j o n	native
সুজনকাঠি	sh u j o n k a Th i	native
সুজনকে	sh u j O n k e	native
সুজনসহ	sh u j o n sh o h O	native
সুজনের	sh u j O n e r	native
সুজন্ত্রনা	sh u j o nt r O n a	native
সুজলা	sh u j o l a	native
সুজা	sh u j a	native
সুজাউদ্দিন	sh u j a u d d i n	native
সুজাউদ্দোউলা	sh u j a u d d ou l a	native
সুজাউদ্দোউলার	sh u j a u d d ou l a r	compound
সুজাতপুর	sh u j a t p u r	native
সুজাতা	sh u j a t a	native
সুজাতার	sh u j a t a r	native
সুজাত্রা	sh u j a tr a	native
সুজান	sh u j a n	native
সুজানগর	sh u j a n o g O r	native
সুজানগরে	sh u j a n o g o r e	native
সুজানগরের	sh u j a n o g o r e r	native
সুজানা	sh u j a n a	native
সুজানার	sh u j a n a r	native
সুজানিত	sh u j a n i t O	native
সুজানের	sh u j a n e r	native
সুজাবাদ	sh u j a b a d	native
সুজার	sh u j a r	native
সুজালপুর	sh u j a l p u r	native
সুজি	sh u j i	native
সুজিত	sh u j i t	native
সুজিনা	sh u j i n a	native
সুজিনার	sh u j i n a r	native
সুজির	sh u j i r	native
সুজিৎ	sh u j i	native
সুজুকি	sh u j u k i	native
সুজুক্তি	sh u j u kt i	native
সুজুত	sh u j u t O	native
সুজেনা	sh u j e n a	native
সুজের	sh u j e r	native
সুজেয়	sh u j e y O	native
সুজোগ	sh u j O g	native
সুজোগই	sh u j O g i	native
সুজোগও	sh u j O g O	native
সুজোগকে	sh u j O g k e	native
সুজোগগুলো	sh u j O g g u l O	native
সুজোগটা	sh u j O g T a	native
সুজোগটাই	sh u j O g T a i	native
সুজোগটাও	sh u j O g T a O	native
সুজোগটাকে	sh u j O g T a k e	native
সুজোগটাকেই	sh u j O g T a k e i	native
সুজোগটার	sh u j O g T a r o	native
সুজোগটি	sh u j O g T i	native
সুজোগটিই	sh u j O g T i i	native
সুজোগটিও	sh u j O g T i O	native
সুজোগটির	sh u j O g T i r o	native
সুজোগদান	sh u j O g d a n o	native
সুজোগবঞ্চিত	sh u j O g b o n ch i t o	native
সুজোগমতো	sh u j O g m o t O	native
সুজোগসন্ধানি	sh u j O g sh o ndh a n i	native
সুজোগসন্ধানিদের	sh u j O g sh o ndh a n i d e r o	compound
সুজোগসন্ধানিরা	sh u j O g sh o ndh a n i r a	compound
সুজোগসহ	sh u j O g sh o h O	native
সুজোগসুবিধা	sh u j O g sh u b i dh a	native
সুজোগসুবিধার	sh u j O g sh u b i dh a r o	native
সুজোগে	sh u j O g e	native
সুজোগেই	sh u j O g e i	native
সুজোগেও	sh u j O g e O	native
সুজোগের	sh u j O g e r	native
সুজোগ্য	sh u j O g g O	native
সুজোজনা	sh u j O j O n a	native
সুজোধন	sh u j O dh o n	native
সুজয়	sh u j o y	native
সুঝ	sh u jh	native
সুঝা	sh u jh a	native
সুঝিয়ে	sh u jh i y e	native
সুট	sh u T	native
সুটকেস	s u T k e s	loanword
সুটকো	sh u T k O	native
সুঠাম	sh u Th a m	native
সুঠামদেহি	sh u Th a m d e h i	native
সুডো	s u D O	loanword
সুডোউল	sh u D O u l	native
সুডোকু	s u D O k u	loanword
সুত	sh u t O	native
সুতনু	sh u t O n u	native
সুতনুকা	sh u t O n u k a	native
সুতপা	sh u t O p a	native
সুতপার	sh u t O p a r	native
সুতরখালি	sh u t o r kh a l i	native
সুতরিয়া	sh u t r i y a	native
সুতল	sh u t o l	native
সুতলি	sh u t l i	native
সুতহিবুক	sh u t O h i b u k	native
সুতাই	sh u t a i	native
সুতাও	sh u t a O	native
সুতার	sh u t a r	native
সুতারকান্দি	sh u t a r k a nd i	native
সুতারখালি	sh u t a r kh a l i	native
সুতারপাড়া	sh u t a r p a r a	native
সুতালি	sh u t a l i	native
সুতাসহ	sh u t a sh o h O	native
সুতায়	sh u t a y	native
সুতিকা	sh u t i k a	native
সুতিকাগার	sh u t i k a g a r	native
সুতিক্ত	sh u t i kt O	native
সুতিক্ষ্ন	sh u t i kh n O	tatsama
সুতিজাল	sh u t i j a l	native
সুতিজালে	sh u t i j a l e	native
সুতিপাড়া	sh u t i p a r a	native
সুতিব্র	sh u t i br o	native
সুতিভোলা	sh u t i bh O l a	native
সুতির	sh u t i r	native
সুতুংগ	sh u t u ng g O	native
সুতেপ	sh u t e p	native
সুতো	sh u t O	native
সুতোর	sh u t O r	native
সুতোয়	sh u t O y	native
সুত্র	sh u tr O	native
সুত্রই	sh u tr O i	native
সুত্রও	sh u tr O O	native
সুত্রকে	sh u tr O k e	native
সুত্রগুলো	sh u tr O g u l O	native
সুত্রগুলোর	sh u tr O g u l O r	native
সুত্রটা	sh u t o r T a	native
সুত্রটি	sh u tr O T i	native
সুত্রটির	sh u tr O T i r	native
সুত্রধর	sh u tr O dh o r	native
সুত্রধরপাড়ার	sh u t o r dh o r p a r a r	native
সুত্রধরের	sh u t o r dh o r e r	native
সুত্রনিপাত	sh u t o r n i p a t	native
সুত্রপাত	sh u tr O p a t	native
সুত্রপাতের	sh u t o r p a t e r	native
সুত্রবিহিন	sh u t o r b i h i n	native
সুত্রমতে	sh u tr o m o t e	native
সুত্রাপুর	sh u tr a p u r	native
সুত্রাপুরে	sh u tr a p u r e	native
সুত্রাপুরের	sh u tr a p u r e r	native
সুত্রাবলি	sh u tr a b o l i	native
সুত্রে	sh u tr e	native
সুত্রেই	sh u tr e i	native
সুত্রের	sh u tr e r	native
সুথেপ	sh u th e p	native
সুদও	sh u d O	native
সুদকশা	sh u d k o sh a	native
সুদকে	sh u d k e	native
সুদক্ষ	sh u d o kkh O	tatsama
সুদখোর	sh u d kh O r	native
সুদতি	sh u d t i	native
সুদন	sh u d o n	native
সুদন্ত	sh u d o nt O	native
সুদবিহিন	sh u d b i h i n	native
সুদম	sh u d o m	native
সুদমুক্ত	sh u d m u kt O	native
সুদর্শন	sh u d o r sh o n	native
সুদর্শনা	sh u d r n a	native
সুদসহ	sh u d sh o h O	native
সুদহার	sh u d h a r	native
সুদহারও	sh u d h a r O	native
সুদহারে	sh u d h a r e	native
সুদহারের	sh u d h a r e r	native
সুদান	sh u d a n	native
সুদানকে	sh u d a n k e	native
সুদানসহ	sh u d a n sh o h O	native
সুদানি	sh u d a n i	native
সুদানিদের	sh u d a n i d e r	native
সুদানে	sh u d a n e	native
সুদানেই	sh u d a n e i	native
সুদানের	sh u d a n e r	native
সুদারুন	sh u d a n u n	native
সুদাসলে	sh u d a sh o l e	native
সুদি	sh u d i	native
সুদিঠি	sh u d i Th o	native
সুদিন	sh u d i n	native
সুদিনের	sh u d i n e r	native
সুদিপ	sh u d i p	native
সুদিপ্ত	sh u d i p t O	native
সুদিপ্তকে	sh u d i p t o k e	native
সুদিপ্তা	sh u d i p t a	native
সুদির্ঘ	sh u d i r gh O	native
সুদির্ঘকাল	sh u d i r gh k a l	native
সুদির্ঘকালের	sh u d i r gh k a l e r	native
সুদুঃখিত	sh u d u k kh i t O	tatsama
সুদুঃসহ	sh u d u sh sh o h O	tatsama
সুদুরতম	sh u d u r t o m	native
সুদুরপরাহত	sh u d u r p o r a h o t O	native
সুদুরপ্রসারি	sh u d u r pr O sh a r i	native
সুদুরি	sh u d u r i	native
সুদুরে	sh u d u r e	native
সুদুরের	sh u d u r e r	native
সুদুর্বহ	sh u d u r b o h O	native
সুদুর্লভ	sh u d o r l o bh	native
সুদুশ্কর	sh u d u sh k o r	native
সুদুস্তর	sh u d u st o r	native
সুদৃশ্ট	sh u d ri sh T O	tatsama
সুদৃশ্টি	sh u d ri sh T i	tatsama
সুদৃশ্য	sh u d r i sh sh O	tatsama
সুদৃড়	sh u d d ri r O	tatsama
সুদৃড়ভাবে	sh u d ri rh o bh a b e	tatsama
সুদে	sh u d e	native
সুদেব	sh u d e b	native
সুদের	sh u d e r	native
সুদেশ	sh u d e sh	native
সুদেশ্না	sh u d e sh n a	native
সুদ্দুর	sh u d d u r	native
সুদ্ধ	sh u d dh O	tatsama
সুধন্বা	sh u dh o n n a	native
সুধর্মা	sh u dh o r m a	native
সুধা	sh u dh a	native
সুধাংশু	sh u dh a ng sh u	native
সুধানো	sh u dh a n O	native
সুধার	sh u dh a r	native
সুধারস	sh u dh a r o sh	native
সুধারাম	sh u dh a r a m	native
সুধাসিন্ধু	sh u dh a sh i ndh u	native
সুধায়	sh u dh a y	native
সুধি	sh u dh i	native
সুধিজন	sh u dh i j o n	native
সুধিজনদের	sh u dh i j o n d e r	native
সুধিজনের	sh u dh i j o n e r	native
সুধিজনেরা	sh u dh i j o n e r a	native
সুধিদের	sh u dh i d e r	native
সুধিন	sh u dh i n	native
সুধিনবাবু	sh u dh i n b a b u	native
সুধিনবাবুর	sh u dh i n b a b u r	native
সুধিন্দ্র	sh u dh i ndr O	native
সুধিন্দ্রনাথ	sh u dh i ndr O n a th	native
সুধির	sh u dh i r	native
সুধিরকে	sh u dh i r k e	native
সুধিরের	sh u dh i r e r	native
সুধিসমাজ	sh u dh i sh o m a j	native
সুধিসমাজের	sh u dh i sh o m a j e r	native
সুধু	sh u dh u	native
সুন	sh u n	native
সুনজর	sh u n o j O r	native
সুনজরে	sh u n o j O r e	native
সুনন্দ	sh u n o nd O	native
সুনন্দা	sh u n o nd a	native
সুনাগরিক	sh u n a g O r i k	native
সুনাগরিকের	sh u n a g o r i k e r	native
সুনাজমি	sh u n a j O m i	native
সুনাব্য	sh u n a b b O	native
সুনাভ	sh u n a bh O	native
সুনাম	sh u n a m	native
সুনামও	sh u n a m O	native
সুনামকে	sh u n a m k e	native
সুনামগঞ্জ	sh u n a m g o n j	native
সুনামগঞ্জসহ	sh u n a m g o n j sh o h O	native
সুনামগঞ্জে	sh u n a m g o n j e	native
সুনামগঞ্জের	sh u n a m g o n j e r	native
সুনামিও	sh u n a m i O	native
সুনামিতে	sh u n a m i t e	native
সুনামির	sh u n a m i r	native
সুনালি	sh u n a l i	native
সুনিকা	sh u n i k a	native
সুনিগা	sh u n i g a	native
সুনিতা	sh u n i t a	native
সুনিতি	sh u n i t i	native
সুনিতিকুমার	sh u n i t i k u m a r	native
সুনিদ্র	sh u n i d r O	native
সুনিদ্রা	sh u n i d r a	native
সুনিধি	sh u n i dh i	native
সুনিপুন	sh u n i p u n	native
সুনিপুনভাবে	sh u n i p u n bh a b e	native
সুনিবিড়	sh u n i b i r o	native
সুনিভৃত	sh u n i b b ri t O	tatsama
সুনির্দিশ্ট	sh u n i r d i sh T O	native
সুনির্দিশ্টভাবে	sh u n i r d i sh T O bh a b e	compound
সুনিলকে	sh u n i l k e	native
সুনিলের	sh u n i l e r	native
সুনিশ্কাশিত	sh u n i sh k a sh i t O	native
সুনিশ্চিত	sh u n i sh ch i t	native
সুনিশ্চিতভাবে	sh u n i sh ch i t bh a b e	compound
সুনিশ্চয়	sh u n i sh ch o y	native
সুনিয়ত	sh u n i y O t O	native
সুনিয়ন্ত্রন	sh u n i y o nt r o n	native
সুনিয়ন্ত্রিত	sh u n i O nt ri t O	native
সুনিয়ম	sh u n i y o m	native
সুনু	sh u n u	native
সুনৃত	sh u n ri t O	tatsama
সুনেত্র	sh u n e tr i	native
সুনেত্রা	sh u n e tr a	native
সুনেহ	sh u n e h o	native
সুন্দরই	sh u nd O r o i	native
সুন্দরকে	sh u nd O r k e	native
সুন্দরগঞ্জ	sh u nd O r g o n j	native
সুন্দরগঞ্জে	sh u nd O r g o n j e	native
সুন্দরগঞ্জের	sh u nd O r g o n j e r	native
সুন্দরতম	sh u nd O r t o m O	native
সুন্দরপুর	sh u nd O r p u r	native
সুন্দরবন	sh u nd O r b o n	native
সুন্দরবনই	sh u nd O r b o n o i	native
সুন্দরবনকে	sh u nd O r b o n k e	native
সুন্দরবনকেন্দ্রিক	sh u nd O r b o n k e nd ri k	compound
সুন্দরবনসংলগ্ন	sh u nd O r b o n sh o ng l o g n o	compound
সুন্দরবনসহ	sh u nd O r b o n sh O h O	native
সুন্দরবনে	sh u nd O r b o n e	native
সুন্দরবনের	sh u nd O r b o n e r	native
সুন্দরভাবে	sh u nd O r bh a b e	native
সুন্দরভাবেই	sh u nd O r bh a b e i	native
সুন্দরমতো	sh u nd O r m o t O	native
সুন্দরসম্প্রতি	sh o mp r O t i	loanword
সুন্দরহানো	sh u nd o r h a n O	native
সুন্দরি	sh u nd O r i	native
সুন্দরিকে	sh u nd O r i k e	native
সুন্দরিদের	sh u nd O r i d e r	native
সুন্দরির	sh u nd O r i r	native
সুন্দরিরা	sh u nd O r i r a	native
সুন্দরের	sh u nd O r e r	native
সুন্দলপুর	sh u nd o l p u r	native
সুন্দলপুরে	sh u nd o l p u r e	native
সুন্দলপুরের	sh u nd o l p u r e r	native
সুন্দলি	sh u nd o l i	native
সুন্দা	sh u nd a	native
সুন্দালপুর	sh u nd a l p u r	native
সুন্নত	sh u nn o t	native
সুন্নতে	sh u nn O t e	native
সুন্নতের	sh u n t e r	native
সুন্নাত	sh u nn a t	native
সুন্নাতে	sh u nn a t e	native
সুন্নাহ	sh u nn a h	native
সুন্নাহবিরোধি	sh u nn a h b i r O dh i	compound
সুন্নাহর	sh u nn a r	native
সুন্নি	sh u nn i	native
সুন্নিপন্থি	sh u nn i p O n th i	native
সুন্নিপ্রধান	sh u nn i pr O dh a n	native
সুন্নিরা	sh u nn i r a	native
সুনয়ন	sh u n o y O n	native
সুপ	sh u p	native
সুপকার	sh u p k a r	native
সুপক্ব	sh u p o k k O	native
সুপচ	sh u p o ch O	native
সুপতি	sh u p t i	native
সুপত্র	sh u p o tr O	native
সুপথে	sh u p o th e	native
সুপথ্য	sh u p O t th O	native
সুপদ্য	sh u p O d d O	native
সুপন	sh u p o n	native
সুপন্ডিত	sh u p o n D i t	native
সুপরামর্শ	sh u p o r a m o r sh O	native
সুপরিকল্পিত	sh u p O r i k O l p i t O	native
সুপরিকল্পিতভাবে	sh u p O r i k O l p i t O bh a b e	compound
সুপরিকৃত	sh u p O r i k k ri t O	tatsama
সুপরিচিত	sh u p O r i ch i t O	native
সুপরিসর	sh u p o r i sh o r	native
সুপর্ন	sh u p o r n O	native
সুপর্না	sh u p o r n a	native
সুপর্নার	sh u p o r n a r	native
সুপর্বা	sh u p o r b a	native
সুপাচাই	sh u p a ch a i	native
সুপাচ্য	sh u p a ch ch O	native
সুপাত্র	sh u p a tr O	native
সুপারকম্পিউটার	sh u p a r k o mp i u T a r	compound
সুপারকে	sh u p a r k e	native
সুপারগ	sh u p a r O g	native
সুপারডুপার	s u p a r D u p a r	loanword
সুপারদের	sh u p a r d e r	native
সুপারনোভা	sh u p a r n O bh a	native
সুপারফাস্ট	s u p a r ph a s T	loanword
সুপারবাগ	sh u p a r b a g	native
সুপারভাইজর	sh u p a r bh a i j o r	native
সুপারভাইজরি	sh u p a r bh a i j a r i	native
সুপারভাইজার	sh u p a r bh a i j a r	native
সুপারভাইজারদের	sh u p a r bh a i j a r d e r	compound
সুপারভাইজারের	sh u p a r bh a i j a r e r	compound
সুপারভিশন	sh u p a r bh i sh o n	native
সুপারভিশনের	sh u p a r bh i sh n e r	native
সুপারমডেল	s u p a r m o D e l	loanword
সুপারমুন	sh u p a r m u n	native
সুপারমুনের	sh u p a r m u n e r	native
সুপারম্যান	sh u p a r m A n	native
সুপারম্যানের	sh u p a r m A n e r	native
সুপাররা	sh u p a r r a	native
সুপারশপ	sh u p a r sh o p	native
সুপারশপে	sh u p a r sh o p e	native
সুপারশপের	sh u p a r sh o p e r	native
সুপারসনিক	sh u p a r sh o n i k	native
সুপারসহ	sh u p a r sh o h O	native
সুপারসিড	s u p a r s i D	loanword
সুপারস্টার	s u p a r s T a r	loanword
সুপারস্টারকে	s u p a r s T a r k e	loanword
সুপারস্টারদের	s u p a r s T a r d e r	loanword
সুপারস্টারের	s u p a r s T a r e r	loanword
সুপারহিট	s u p a r h i T	loanword
সুপারহিরো	sh u p a r h i r O	native
সুপারহিরোদের	sh u p a r h i r O d e r	native
সুপারি	sh u p a r i	native
সুপারিগাছ	sh u p a r i g a chh	native
সুপারিগাছের	sh u p a r i g a chh e r	native
সুপারিনটেনডেন্ট	sh u p a r i n T e n D e n T	compound
সুপারিন্টেন্ডেন্ট	sh u p a r i n T e n D e n T	compound
সুপারির	sh u p a r i r	native
সুপারিশ	sh u p a r i sh	native
সুপারিশই	sh u p a r i sh i	native
সুপারিশকৃত	sh u p a r i sh k ri t O	tatsama
সুপারিশকে	sh u p a r i sh k e	native
সুপারিশক্রমে	sh u p a r i sh kr o m e	native
সুপারিশগুলো	sh u p a r i sh g u l O	native
সুপারিশগুলোকে	sh u p a r i sh g u l O k e	compound
সুপারিশগুলোর	sh u p a r i sh g u l O r	native
সুপারিশটি	sh u p a r i sh T i	native
সুপারিশটির	sh u p a r i sh T i r	native
সুপারিশপত্র	sh u p a r i sh p o tr o	native
সুপারিশপত্রে	sh u p a r i sh p o tr e	native
সুপারিশপত্রের	sh u p a r i sh p o tr e r	compound
সুপারিশমালা	sh u p a r i sh m a l a	native
সুপারিশমালার	sh u p a r i sh m a l a r	native
সুপারিশমালায়	sh u p a r i sh m a l a y	native
সুপারিশসংক্রান্ত	sh u p a r i sh sh o ng kr a nt	compound
সুপারিশসংবলিত	sh u p a r i sh sh o ng b o l i t	compound
সুপারিশসহ	sh u p a r i sh sh o h O	native
সুপারিশে	sh u p a r i sh e	native
সুপারিশেই	sh u p a r i sh e i	native
সুপারিশেও	sh u p a r i sh e O	native
সুপারিশের	sh u p a r i sh e r	native
সুপারের	sh u p a r e r	native
সুপার্শ্ব	sh u p a r sh O	tatsama
সুপিন	sh u p i n	native
সুপিরিয়র	sh u p i r i y o r	native
সুপুত্র	sh u p u tr O	native
সুপুরুখ	sh u p u r u kh o	native
সুপুরুশ	sh u p u r u sh	native
সুপের	sh u p e r	native
সুপেয়	sh u p e y	native
সুপেয়পানি	sh u p e y p a n i	native
সুপ্ত	sh u p t O	native
সুপ্তি	sh u p t i	native
সুপ্র	sh u pr o	native
সুপ্রকাশ	sh u pr O k a sh	native
সুপ্রজাবতি	sh u pr O j a b O t i	native
সুপ্রজুক্ত	sh u pr O j u kt O	native
সুপ্রতিক	sh u pr O t i k	native
সুপ্রতিত	sh u pr O t i t O	native
সুপ্রতিভা	sh u pr o t i bh a	native
সুপ্রতিশ্ঠিত	sh u pr O t i sh Th i t O	native
সুপ্রতুল	sh u pr O t u l	native
সুপ্রনালি	sh u pr O n a l i	native
সুপ্রভ	sh u pr O bh O	native
সুপ্রভা	sh u pr o bh a	native
সুপ্রভাত	sh u pr O bh a t	native
সুপ্রর	sh u pr o r	native
সুপ্রলাপ	sh r o pr O l a p	native
সুপ্রশস্ত	sh u pr o sh o st	native
সুপ্রশিক্ষিত	sh u pr o sh i kkh i t	tatsama
সুপ্রসন্ন	sh u pr O sh O nn O	native
সুপ্রসব	sh u pr O sh o b	native
সুপ্রসাদ	sh u pr O sh a d	native
সুপ্রসিদ্ধন	sh u pr O sh i d dh O	tatsama
সুপ্রাচিন	sh u pr a ch i n	native
সুপ্রানো	sh u pr a n O	native
সুপ্রাপ্য	sh u pr a p p O	native
সুপ্রিত	sh u pr i t O	native
সুপ্রিম	sh u pr i m	native
সুপ্রিমকোর্ট	s u pr i m k O r T	loanword
সুপ্রিমকোর্টে	sh u pr i m k O r T e	compound
সুপ্রিমকোর্টের	sh u pr i m k O r T e r	compound
সুপ্রিয়	sh u pr i y O	native
সুপ্রিয়া	sh u pr i y a	native
সুপ্রয়োগ	sh u pr O y O g	native
সুপ্সুপা	sh u p sh u p a	native
সুফল	sh u ph o l	native
সুফলও	sh u ph o l O	native
সুফলকে	sh u ph o l k e	native
সুফলগুলো	sh u ph o l g u l O	native
সুফলটা	sh u ph o l T a	native
সুফলন	sh u ph o l o n	native
সুফলভোগি	sh u ph o l bh O g i	native
সুফলভোগিদের	sh u ph o l bh O g i d e r	native
সুফলা	sh u ph o l a	native
সুফলের	sh u ph o l e r	native
সুফি	sh u ph i	native
সুফিদের	sh u ph i d e r	native
সুফিবাদের	sh u ph i b a d e r	native
সুফিয়া	sh u ph i a	native
সুফিয়ান	sh u ph i y a n	native
সুফিয়ানের	sh u ph i y a n e r	native
সুফিয়ার	sh u ph i y a r	native
সুফেন	sh u ph e n	native
সুবংকিম	sh u b O ng k i m	native
সুবক্তা	sh u b o kt a	native
সুবচন	sh u b o ch O n	native
সুবচনি	sh u b o ch O n i	native
সুবচনের	sh u b o ch o n e r	native
সুবজ	sh u b o j o	native
সুবদন	sh u b o d O n	native
সুবন্ত	sh u b o nt O	native
সুবন্দোবস্ত	sh u b o nd O b o st o	native
সুবন্ধ	sh u b o n t O	native
সুবন্ধু	sh u b O ndh u	native
সুবন্ন	sh u b o nn O	native
সুবর্ন	sh u b o r n O	native
সুবর্নগ্রাম	sh u b o r n O gr a m	native
সুবর্নচর	sh u b o r n O ch o r	native
সুবর্নচরে	sh u b o r n O ch o r e	native
সুবর্নজয়ন্তি	sh u b o r n O j o y o nt i	native
সুবর্নজয়ন্তিতে	sh u b o r n O j o y o nt i t e	compound
সুবর্নজয়ন্তির	sh u b o r n O j o y o nt i t e	compound
সুবর্না	sh u b o r n a	native
সুবর্নার	sh u b o r n a r	native
সুবল	sh u b O l	native
সুবলং	sh u b o l o ng	native
সুবলিত	sh u b O l i t O	native
সুবলের	sh u b o l e r	native
সুবহ	sh u b o h O	native
সুবহান	sh u b h a n	native
সুবহানকে	sh u b h a n k e	native
সুবহানা	sh u b h a n a	native
সুবহানাহু	sh u b a n a h u	native
সুবহানের	sh u b h a n e r	native
সুবহে	sh u b h e	native
সুবা	sh u b a	native
সুবাক	sh u b a k	native
সুবাক্য	sh u b a k k O	native
সুবাতাস	sh u b a t a sh	native
সুবাদ	sh u b a d	native
সুবাদার	sh u b a d a r	native
সুবাদে	sh u b a d e	native
সুবাদেই	sh u b a d e i	native
সুবাধে	sh u b a dh e	native
সুবার	sh u b a r	native
সুবাস	sh u b a sh	loanword
সুবাসিত	sh u b a sh i t O	loanword
সুবাসে	sh u b a sh e	loanword
সুবাস্তু	sh u b a st u	loanword
সুবিখ্যাত	sh u b i k kh a t O	native
সুবিচার	sh u b i ch a r	native
সুবিচারের	sh u b i ch a r e r	native
সুবিজ্ঞাত	sh u b i g g A t O	tatsama
সুবিদ	sh u b i d	native
সুবিদবাজার	sh u b i d b a j a r	native
সুবিদবাজারে	sh u b i d b a j a r e	native
সুবিধা	sh u b i dh a	native
সুবিধাই	sh u b i dh a i	native
সুবিধাও	sh u b i dh a O	native
সুবিধাকে	sh u b i dh a k e	native
সুবিধাগুলো	sh u b i dh a g u l O	native
সুবিধাজনক	sh u b i dh a j o n O k	native
সুবিধাজনকভাবে	sh u b i dh a j o n o k bh a b e	compound
সুবিধাজুক্ত	sh u b i dh a j u kt O	native
সুবিধাটা	sh u b i dh a T a	native
সুবিধাটি	sh u b i dh a T i	native
সুবিধাটুকু	sh u b i dh a T u k u	native
সুবিধাদি	sh u b i dh a d i	native
সুবিধাদির	sh u b i dh a d i r	native
সুবিধান	sh u b i dh a n	native
সুবিধাপ্রাপ্ত	sh u b i dh a pr a p t o	compound
সুবিধাপ্রাপ্তদের	sh u b i dh a pr a p t o d e r	compound
সুবিধাপ্রাপ্তির	sh u b i dh a pr a p t i r	compound
সুবিধাবঞ্চিত	sh u b i dh a b O n ch i t O	native
সুবিধাবঞ্চিতদের	sh u b i dh a b O n ch i t O d e r	compound
সুবিধাবাদ	sh u b i dh a b a d	native
সুবিধাবাদি	sh u b i dh a b a d i	native
সুবিধাবাদিতা	sh u b i dh a b a d i t a	native
সুবিধাবাদিদের	sh u b i dh a b a d i d e r	compound
সুবিধাবাদের	sh u b i dh a b a d e r	native
সুবিধাভোগি	sh u b i dh a bh O g i	native
সুবিধাভোগিও	sh u b i dh a bh O g i O	native
সুবিধাভোগিদের	sh u b i dh a bh O g i d e r	compound
সুবিধাভোগির	sh u b i dh a bh O g i r	native
সুবিধাভোগিরা	sh u b i dh a bh O g i r a	native
সুবিধামতো	sh u b i dh a m o t O	native
সুবিধার	sh u b i dh a r	native
সুবিধার্থে	sh u b i dh a r th e	native
সুবিধার্থেই	sh u b i dh a r t e i	native
সুবিধাসংক্রান্ত	sh u b i dh a sh o ng kr a nt O	compound
সুবিধাসংবলিত	sh u b i dh a sh o ng b O l i t O	native
সুবিধাসম্পন্ন	sh u b i dh a sh o mp O nn O	compound
সুবিধাসহ	sh u b i dh a sh o h O	native
সুবিধায়	sh u b i dh a y	native
সুবিধি	sh u b i dh i	native
সুবিধে	sh u b i dh e	native
সুবিধেমতো	sh u b i dh e m o t O	native
সুবিধের	sh u b i dh e r	native
সুবিনের	sh u b i n e r	native
সুবিন্যস্ত	sh u b i n A st O	native
সুবিন্যাস	sh u b i n A sh	native
সুবিনয়	sh u b i n o y	native
সুবিপুল	sh u b i p u l	native
সুবিবেচক	sh u b i b e ch o k	native
সুবিবেচনা	sh u b i b e ch o n a	native
সুবিবেচনাপ্রসুত	sh u b i b e ch o n a pr o sh u t o	compound
সুবিবেচনার	sh u b i b e ch o n a r	native
সুবিমল	sh u b i m o l	native
সুবির	sh u b i r	native
সুবিরের	sh u b i r e r	native
সুবিশাল	sh u b i sh a l	native
সুবিস্তির্ন	sh u b i st i r n O	native
সুবিস্তৃত	sh u b i st ri t O	tatsama
সুবিহিত	sh u b i h i t O	native
সুবুদ্ধি	sh u b u d dh i	tatsama
সুবুদ্ধির	sh u b u d dh i r	tatsama
সুবৃশ্টি	sh u b ri sh T i	tatsama
সুবৃহৎ	sh u b ri h o t	tatsama
সুবে	sh u b e	native
সুবেদ	sh u b e d	native
সুবেদার	sh u b e d a r	native
সুবেদারকে	sh u b e d a r k e	native
সুবেদারের	sh u b e d a r e r	native
সুবেশ	sh u b e sh	native
সুবোধ	sh u b O dh	native
সুবোধ্য	sh u b O d dh O	native
সুবোল	sh u b O l	native
সুব্যক্ত	sh u b A kt O	native
সুব্যবস্থা	sh u b A b O sth a	native
সুব্যবস্থাপনা	sh u b j o b o sh t a p o n a	compound
সুব্যবস্থাপনার	sh u b j o b o sh t a p o n a r	compound
সুব্রত	sh u br O t O	native
সুব্রতকে	sh u br o t o k e	native
সুব্রতা	sh u br O t a	native
সুব্রতের	sh u br o t e r	native
সুব্রহ্মন্য	sh u br O m h O n n O	tatsama
সুব্রামনিয়াম	sh u br a m o n i y a m	native
সুব্রামানিয়াম	sh u br a m a n i y a m	compound
সুব্রাহ্মন	sh u br a m h O n	tatsama
সুভগ	sh u bh o g O	native
সুভদ্র	sh u bh o d r O	native
সুভদ্রা	sh u bh o d r a	native
সুভব্য	sh u bh O b b O	native
সুভা	sh u bh a	native
সুভাগিনি	sh u bh a g i n i	native
সুভালাভালি	sh u bh a l a bh a l i	native
সুভাশ	sh u bh a sh	native
সুভাশচন্দ্র	sh u bh a sh ch o ndr O	native
সুভাশিত	sh u bh a sh i t	native
সুভাশিনি	sh u bh a sh i n i	native
সুভাশিনির	sh u bh a sh i n i r	native
সুভাশের	sh u bh a sh e r	native
সুভাস	sh u bh a sh	native
সুভাসচন্দ্র	sh u bh a sh ch o ndr O	native
সুভিক্ষ	sh u bh i kkh O	tatsama
সুভেশ	sh u bh e sh	native
সুভ্রু	sh u bh r u	native
সুমংগল	sh u m o ng g O l	native
সুমত	sh u m o t	native
সুমতি	sh u m O t i	native
সুমতিবালা	sh u m o t i b a l a	native
সুমধুর	sh u m O dh u r	native
সুমধ্যম	sh u m O d dh O m	native
সুমন	sh u m O n	native
সুমনই	sh u m o n o i	native
সুমনকুমার	sh u m o n k u m a r	native
সুমনকে	sh u m o n k e	native
সুমনসহ	sh u m O n sh o h O	native
সুমনা	sh u m O n a	native
সুমনাকে	sh u m O n a k e	native
সুমনার	sh u m o n a r	native
সুমনের	sh u m O n e r	native
সুমনোহর	sh u m o n O h o r	native
সুমন্ত	sh u m o nt o	native
সুমন্ত্র	sh u m o nt r O	native
সুমন্ত্রনা	sh u m o nt r O n a	native
সুমন্দ	sh u m o nd O	native
সুমরন	sh u m o r o n o	native
সুমরো	sh u m r O	native
সুমসাম	sh u m o sh a m	native
সুমহান	sh u m o h a n	native
সুমা	sh u m a	native
সুমাইয়া	sh u m a i y a	native
সুমাইয়াকে	sh u m a i y a k e	native
সুমাত্রা	sh u m a tr a	native
সুমাত্রার	sh u m a tr a r	native
সুমাত্রায়	sh u m a tr a y	native
সুমার	sh u m a r	native
সুমালি	sh u m a l i	native
সুমি	sh u m i	native
সুমিকে	sh u m i k e	native
সুমিত	sh u m i t	native
সুমিতমো	sh u m i t o m O	native
সুমিতা	sh u m i t a	native
সুমিতার	sh u m i t a r	native
সুমিত্রা	sh u m i tr a	native
সুমির	sh u m i r	native
সুমিশ্ট	sh u m i sh T O	native
সুমুখ	sh u sh u kh o	native
সুমুদ্দুর	sh u m u d d u r	native
সুমুন্দি	sh u m u nd i	native
সুমেদ	sh u m e d	native
সুমেধাঃ	sh u m e dh a h	tatsama
সুমেল	sh u m e l	native
সুময়	sh u m o y	native
সুরংগি	sh u r O ng g i	native
সুরই	sh u r i	native
সুরও	sh u r O	native
সুরকার	sh u r O k a r	native
সুরকারও	sh u r o k a r O	native
সুরকারদের	sh u r o k a r d e r o	native
সুরকারি	sh u r k a r i	native
সুরকারের	sh u r O k a r e r	native
সুরকি	sh u r k i	native
সুরকির	sh u r k i r	native
সুরক্ষা	sh u r o kkh a	tatsama
সুরক্ষাই	sh u r o kkh a i	tatsama
সুরক্ষাও	sh u r o kkh a O	tatsama
সুরক্ষাসহ	sh u r o kkh a sh o h O	tatsama
সুরক্ষায়	sh u r o kkh a y o	tatsama
সুরক্ষিত	sh u r O kkh i t O	tatsama
সুরজ	sh u r o j	native
সুরজিত	sh u r j i t	native
সুরজিত্	sh u r j i t	native
সুরঞ্জনকে	sh u r o n j O n k e	native
সুরঞ্জনের	sh u r o n j O n e r	native
সুরঞ্জিত	sh u r O n j i t	native
সুরঞ্জিতকে	sh u r o n j i t k e	native
সুরঞ্জিতের	sh u r O n j i t e r	native
সুরটা	sh u r T a	native
সুরটি	sh u r T i	native
সুরত	sh u r O t	native
সুরতহাল	sh u r O t h a l	native
সুরতহালে	sh u r t h a l e	native
সুরতহালের	sh u r o t h a l e r	native
সুরতি	sh u r O t i	native
সুরধুনি	sh u r o dh o n i	native
সুরব	sh u r o b	native
সুরবল্লি	sh u r O b O l l i	native
সুরবালা	sh u r b a l a	native
সুরবালার	sh u r b a l a r	native
সুরবাহার	sh u r b a h a r	native
সুরভি	sh u r bh i	native
সুরভিত	sh u r O bh i t O	native
সুরমা	sh u r m a	native
সুরমার	sh u r m a r	native
সুরমায়	sh u r m a y	native
সুরমুর্ছনা	sh u r m u r chh o n a	native
সুরম্য	sh u r O m m O	native
সুররিয়ালিজম	sh u r r i y a l i j o m	native
সুরস	sh u r o sh	native
সুরসম্রাট	sh u r sh o m r a T	native
সুরসাল	sh u r o sh a l O	native
সুরসিক	sh u r O sh i k	native
সুরস্রশ্টাদের	sh u r sh r o sh T a d e r	compound
সুরা	sh u r a	native
সুরাংগা	sh u r a ng g	native
সুরাইয়া	sh u r a i y a	native
সুরাইয়ার	sh u r a i y a r	native
সুরাখ	sh u r a kh	native
সুরাজ	sh u r a j	native
সুরাজপুর	sh u r a j o p u r o	native
সুরাট	s u r a T	proper_noun
সুরাত	sh u r a t	native
সুরার	sh u r a r	native
সুরারোপ	sh u r a r O p	native
সুরারোপিত	sh u r a r O p i t O	native
সুরালাপ	sh u r a l a p	native
সুরাসুর	sh u r a sh u r	native
সুরাহা	sh u r a h a	native
সুরাহায়	sh u r a h a y	native
সুরি	sh u r i	native
সুরিচালা	sh u r i ch a l a	native
সুরিটোলা	sh u r i T O l a	native
সুরিন	sh u r i n	native
সুরিনামের	sh u r i n a m e r	native
সুরির	sh u r i r	native
সুরিয়া	sh u r i y a	native
সুরু	sh u r u	native
সুরুক	sh u r u k	native
সুরুচি	sh u r u ch i	native
সুরুজের	sh u r u j e r o	native
সুরুপ	sh u r u p	native
সুরুয়া	sh u r u y a	native
সুরে	sh u r e	native
সুরেই	sh u r e i	native
সুরেখা	sh u r e kh a	native
সুরেন	sh u r e n	native
সুরেনু	sh u r e n u	native
সুরেন্দর	sh u r e nd o r o	native
সুরেন্দ্র	sh u r e ndr O	native
সুরেন্দ্রনাথ	sh u r e ndr o n a th o	native
সুরের	sh u r e r	native
সুরেলা	sh u r e l a	native
সুরেশ	sh u r e sh	native
সুরেশ্বর	sh u r e sh sh o r	tatsama
সুরোত্তম	sh u r O tt o m	native
সুরোৎসব	sh u r O t sh o b	native
সুর্খ	sh u r kh	native
সুর্মা	sh u r m a	native
সুর্য	sh u r j O	native
সুর্যকান্ত	sh u r j O k a nt o	native
সুর্যকিরন	sh u r j O k i r o n	native
সুর্যকে	sh u r j O k e	native
সুর্যগ্রহন	sh u r j O gr o h o n o	native
সুর্যগ্রহনের	sh u r j O gr o h o n e r o	native
সুর্যটা	sh u r j O t a	native
সুর্যটাও	sh u r j O T a O	native
সুর্যতাপ	sh u r j O t a p	native
সুর্যতাপে	sh u r j O t a p e	native
সুর্যতাপের	sh u r j O t a p e r o	native
সুর্যদেব	sh u r j O d e b	native
সুর্যমুখি	sh u r j O m u kh i	native
সুর্যমুখির	sh u r j O m u kh i r	native
সুর্যরশ্মি	sh u r j O r O sh sh i	native
সুর্যরশ্মির	sh u r j O r o sh m i r	native
সুর্যসন্তান	sh u r j O sh o nt a n	native
সুর্যসন্তানদের	sh u r j O sh o nt a n d e r	compound
সুর্যসেন	sh u r j O sh e n	native
সুর্যসেনকে	sh u r j O sh e n k e	native
সুর্যসেনের	sh u r j O sh e n e r	native
সুর্যস্নান	sh u r j O sn a n	native
সুর্যাগ্নির	sh u r j a g n i r o	native
সুর্যালোক	sh u r j a l O k	native
সুর্যালোকে	sh u r j a l O k e	native
সুর্যালোকের	sh u r j a l O k e r	native
সুর্যাস্ত	sh u r j a st O	native
সুর্যাস্তের	sh u r j a st e r	native
সুর্যে	sh u r j e	native
সুর্যের	sh u r j e r	native
সুর্যোদয়	sh u r j O d o y	native
সুর্যোদয়কে	sh u r j O d o y k e	native
সুর্যোদয়ের	sh u r j O d o y e r	native
সুর্য্য	sh u r j O	native
সুর্য্যের	sh u r j e r	native
সুল	sh u l	native
সুলক্ষন	sh u l o kkh O n	tatsama
সুলক্ষিত	sh u l O kkh i t O	tatsama
সুলগ্ন	sh u l o g n O	native
সুলতান	sh u l t a n	native
সুলতানকে	sh u l t a n k e	native
সুলতানগঞ্জ	sh u l o t a n j O	native
সুলতানদের	sh u l t a n d e r	native
সুলতানপুর	sh u l t a n p u r	native
সুলতানপুরের	sh u l o t a n p u r e r o	native
সুলতানস	sh u l o t a n o sh o	native
সুলতানা	sh u l t a n a	native
সুলতানাও	sh u l o t a n a O	native
সুলতানাকে	sh u l t a n a k e	native
সুলতানার	sh u l t a n a r	native
সুলতানাসহ	sh u l o t a n a sh o h O	native
সুলতানি	sh u l t a n i	native
সুলতানুজ্জামান	sh u l t a n u j j a m a n	compound
সুলতানুল	sh u l o t a n u l o	native
সুলতানের	sh u l t a n e r	native
সুলভ	sh u l o bh	native
সুলভমুল্যে	sh u l o bh m u l o l e	native
সুলভে	sh u l o bh e	native
সুলম্ব	sh u l o mb O	native
সুললিত	sh u l O l i t O	native
সুলাইমান	sh u l a i m a n	native
সুলাইমানের	sh u l a i m a n e r o	native
সুলায়মান	sh u l a y m a n o	native
সুলিখিত	sh u l i kh i t O	native
সুলিভান	sh u l i bh a n	native
সুলিমান	sh u l i m a n	native
সুলু	sh u l u	native
সুলুক	sh u l u k	native
সুলুপ	sh u l u p	native
সুলে	sh u l e	native
সুলেইমান	sh u l e i m a n	native
সুলেইমানকে	sh u l e i m a n k e	native
সুলেইমানের	sh u l e i m a n e r	native
সুলেখ	sh u l e kh	native
সুলেখক	sh u l e kh o k	native
সুলেখা	sh u l e kh a	native
সুলোচন	sh u l O ch O n	native
সুলোচনা	sh u l O ch O n a	native
সুলোহিত	sh u l O h i t	native
সুশক্ত	sh u sh o kt o	native
সুশম	sh u sh o m	native
সুশমকরন	sh u sh o m o k o r o n	native
সুশমভাবে	sh u sh o m o bh a b e	native
সুশমা	sh u sh o m a	native
সুশমাকে	sh u sh o m a k e	native
সুশমামন্ডিত	sh u sh o m a m o n D i t o	native
সুশমার	sh u sh O m a r	native
সুশান	sh u sh a n o	native
সুশান্ত	sh u sh a nt O	native
সুশান্তের	sh u sh a nt e r	native
সুশাসন	sh u sh a sh O n	native
সুশাসনও	sh u sh a sh o n O	native
সুশাসনকে	sh u sh a sh o n k e	native
সুশাসনবিশয়ক	sh u sh a sh o n b i sh o y o k	native
সুশাসনসহ	sh u sh a sh o n sh o h O	native
সুশাসনে	sh u sh a sh o n e	native
সুশাসনের	sh u sh a sh O n e r	native
সুশাসনেরও	sh u sh a sh o n e r O	native
সুশাসিত	sh u sh a sh i t O	native
সুশি	sh u sh i	native
সুশিক্ষা	sh u sh i kkh a	tatsama
সুশিক্ষার	sh u sh i kkh a r	tatsama
সুশিক্ষায়	sh u sh i kkh a y	tatsama
সুশিক্ষিত	sh u sh i kkh i t O	tatsama
সুশিত	sh u sh i t O	native
সুশিতমি	sh u sh i t o m i	native
সুশিতল	sh u sh i t o l	native
সুশির	sh u sh i r	native
সুশিল	sh u sh i l	native
সুশিলগাতি	sh u sh i l g a t i	native
সুশিলতা	sh u sh i l o t a	native
সুশিলসমাজ	sh u sh i l sh o m a j	native
সুশিলসমাজের	sh u sh i l sh o m a j e r	native
সুশিলের	sh u sh i l e r	native
সুশুপ্ত	sh u sh u p t O	native
সুশুম	sh u sh u m	native
সুশুম্না	sh u sh u m n a	native
সুশৃংখল	sh u sh sh ri ng kh o l	tatsama
সুশৃংখলভাবে	sh u sh r i ng kh o l bh a b e	tatsama
সুশোভন	sh u sh O bh O n	native
সুশোভিত	sh u sh O bh i t O	native
সুশোশিত	sh O sh O sh i t O	native
সুশ্ঠ	sh u sh Th o	native
সুশ্ঠু	sh u sh Th u	native
সুশ্ঠুও	sh u sh Th u O	native
সুশ্ঠুতা	sh u sh Th u t a	native
সুশ্ঠুভাবে	sh u sh Th u bh a b e	native
সুশ্পশ্ট	sh u sh p o sh T O	native
সুশ্রব	sh r o sh r O b O	native
সুশ্রাব্য	sh u sh r a b b O	native
সুশ্রি	sh u sh r i	native
সুশ্রুত	sh u sh r u t O	native
সুশ্রোনি	sh r o sh r O n i	native
সুশ্লিশ্ট	sh u sh l i sh T O	native
সুসং	sh u sh o ng	native
সুসংগঠিত	sh u sh o ng g O Th i t O	native
সুসংগঠিতভাবে	sh u sh o ng g o Th i t bh a b e	native
সুসংজত	sh u sh o ng j o t O	native
সুসংবাদটা	sh u sh o ng b a d T a	native
সুসংবাদটি	sh u sh o ng b a d T i	native
সুসংবাদের	sh u sh o ng b a d e r	native
সুসংবৃত	sh u sh o ng b ri t O	tatsama
সুসংবৃদ্ধ	sh u sh o ng b ri d dh O	tatsama
সুসংরব্ধ	sh u sh o ng r o b dh O	native
সুসংস্থিত	sh u sh o ng O sh k ri t O	native
সুসংহতকরন	sh u sh o ng h o t o k o r o n	native
সুসজ্জ	sh u sh o j j O	native
সুসজ্জিত	sh u sh O j j i t O	native
সুসন্তান	sh u sh o nt a n	native
সুসভ্য	sh u sh o b bh O	native
সুসম	sh u sh o m	native
সুসমঞ্জস	sh u sh o m O n j o sh O	native
সুসমন্বিত	sh u sh o m o n n i t o	native
সুসমন্বিতভাবে	sh u sh o m o n n i t o bh a b e	compound
সুসমন্বয়	sh u sh o m o n n o y	native
সুসমাপ্ত	sh u sh o m a p t O	native
সুসমাহিত	sh u sh o m a h i t O	native
সুসমৃদ্ধ	sh u sh o m r i d dh O	tatsama
সুসম্পন্ন	sh u sh o mp O nn O	native
সুসম্পর্ক	sh u sh o mp o r k O	native
সুসম্পর্কের	sh u sh o mp O r k e r	native
সুসম্বন্ধ	sh u sh o m o b o ndh O	native
সুসময়	sh u sh O m o y	native
সুসময়ে	sh u sh o m o y e	native
সুসময়ের	sh u sh o m o y e r	native
সুসর	sh u sh o r	native
সুসহ	sh u sh o h O	native
সুসাংবাদিকতার	sh u sh a ng b a d i k t a r	compound
সুসাধ্য	sh u sh a d dh O	native
সুসান	sh u sh a n	native
সুসার	sh u sh a r	native
সুসারিত	sh u sh a r i t O	native
সুসিক্ত	sh u sh i kt O	native
সুসিদ্ধ	sh u sh i d dh O	tatsama
সুসিলো	sh u sh i l O	native
সুসুনিয়া	sh u sh u n i a	native
সুসুরা	sh u sh u r a	native
সুস্ত	sh u st	native
সুস্থ	sh u sth O	native
সুস্থই	sh u sth O i	native
সুস্থও	sh u sth O O	native
সুস্থতা	sh u sth O t a	native
সুস্থতাই	sh u sth o t a i	native
সুস্থতাকে	sh u sth o t a k e	native
সুস্থতার	sh u sth O t a r	native
সুস্থধারার	sh u sth o dh a r a r	native
সুস্থিত	sh u sth i t O	native
সুস্থিতি	sh u sth i t i	native
সুস্থির	sh u sth i r	native
সুস্থে	sh u sth e	native
সুস্থ্য	sh u sth O	native
সুস্নাত	sh u sn a t O	native
সুস্নিগ্ধ	sh u sn i g dh O	native
সুস্পর্শ	sh u s p o r sh O	loanword
সুস্পশ্ট	sh u s p o sh T O	loanword
সুস্পশ্টতা	sh u s p o sh T o t a	loanword
সুস্পশ্টভাবে	sh u s p o sh T O bh a b e	loanword
সুস্পশ্টভাবেই	sh u s p o sh T o bh a b e i	loanword
সুস্বন	sh u sh sh o n	tatsama
সুস্বপ্ন	sh u sh o sh o p n O	tatsama
সুস্বর	sh u sh sh o r	tatsama
সুস্বাগত	sh u sh sh a g O t O	tatsama
সুস্বাদ	sh u sh sh a d	tatsama
সুস্বাদু	sh u sh sh a d u	tatsama
সুস্বাস্থ্য	sh u sh a sth O	tatsama
সুস্বাস্থ্যের	sh u sh a sth e r	tatsama
সুস্মিত	sh u sh m i t O	native
সুস্মিতা	sh u sh m i t a	native
সুহস্ত	sh u h o st O	native
সুহা	sh u h a	native
সুহাগ	sh u h a g	native
সুহানা	sh u h a n a	native
সুহানার	sh u h a n a r	native
সুহারিও	sh u h a r i O	native
সুহার্তোর	sh u h a r t O r	native
সুহালা	sh u h a l a	native
সুহাস	sh u h a sh	native
সুহাসিনি	sh u h a sh i n i	native
সুহিত	sh u h i t	native
সুহিলপুর	sh u h i l p u r	native
সুহুদ	sh u h u d	native
সুহুদদের	sh u h u d d e r	native
সুহুদের	sh u h u d e r	native
সুহৃদ	sh u r i d O	tatsama
সুহৃদকে	sh u r i d O k e	tatsama
সুহৃদ্সম্মিত	sh u r i d sh O mm i t	tatsama
সুহৃদয়	sh u r i d o y	tatsama
সুহেল	sh u h e l	native
সুড়	sh u r sh u r	native
সুড়ংগ	sh u r o ng g	native
সুড়ংগপথ	sh u r o ng g p o th	native
সুড়ংগপথে	sh u r o ng g p o th e	native
সুড়ংগে	sh u r o ng g e	native
সুড়ংগের	sh u r o ng g e r	native
সুড়সুড়ি	sh u r sh u r i	native
সুড়ি	sh u r i	native
সুয়াগাজি	sh u y a g a j i	native
সুয়াচান	sh u y a ch a n	native
সুয়াজো	sh u y a j O	native
সুয়াজোর	sh u y a j O r	native
সুয়াপুর	sh u y a p u r	native
সুয়ারেজ	sh u y a r e j	native
সুয়ারেজকে	sh u y a r e j k e	native
সুয়ারেজদের	sh u y a r e j d e r	native
সুয়ারেজের	sh u y a r e j e r	native
সুয়েজ	sh u y e j	native
সুয়েলো	sh u y e l O	native
সুয়েলোকে	sh u y e l O k e	native
সুয়েলোর	sh u y e l O r	native
সুয়োমোটো	sh u y O m O T O	native
সুয়োরানি	sh u y O r a n i	native
সুয়োশি	sh u y O sh i	native
সৃজক	sh ri j o k	tatsama
সৃজন	sh ri j o n	tatsama
সৃজনশিল	sh ri j o n sh i l	tatsama
সৃজনশিলতা	sh ri j o n sh i l o t a	tatsama
সৃজনশিলতাকে	sh ri j o n sh i l o t a k e	tatsama
সৃজনশিলতার	sh ri j o n sh i l o t a r	tatsama
সৃজনশিলতায়	sh ri j o n sh i l o t a y o	tatsama
সৃজনশিলভাবে	sh ri j o n sh i l bh a b e	tatsama
সৃজনি	sh ri j o n i	tatsama
সৃজনে	sh ri j o n e	tatsama
সৃজনের	sh ri j o n e r	tatsama
সৃজা	sh ri j a	tatsama
সৃজিতের	sh ri j i t e r	tatsama
সৃত	sh ri t O	tatsama
সৃতি	sh ri t i	tatsama
সৃপ্ত	sh ri p t O	tatsama
সৃশ্ট	sh ri sh T O	tatsama
সৃশ্টি	sh ri sh T i	tatsama
সৃশ্টিই	sh ri sh T i i	tatsama
সৃশ্টিও	sh ri sh T i O	tatsama
সৃশ্টিকর্তা	sh ri sh T i k o r t a	tatsama
সৃশ্টিকর্তাকে	sh ri sh T i k o r t a k e	tatsama
সৃশ্টিকর্তার	sh ri sh T i k o r t a r	tatsama
সৃশ্টিকর্ম	sh ri sh T i k o r m o	tatsama
সৃশ্টিকর্মের	sh ri sh T i k o r m e r	tatsama
সৃশ্টিকারি	sh ri sh T i k a r i	tatsama
সৃশ্টিকারিদের	sh ri sh T i k a r i d e r	tatsama
সৃশ্টিকুলের	sh ri sh T i k u l e r	tatsama
সৃশ্টিকে	sh ri sh T i k e	tatsama
সৃশ্টিচরন	sh ri sh T i ch o r o n	tatsama
সৃশ্টিজগতের	sh ri sh T i j o g o t e r	tatsama
সৃশ্টিজিবকে	sh ri sh T i j i b o k e	tatsama
সৃশ্টিজিবের	sh ri sh T i j i b e r	tatsama
সৃশ্টিতত্ত্ব	sh ri sh T i t o t	tatsama
সৃশ্টিতে	sh ri sh T i t e	tatsama
সৃশ্টিমুলক	sh ri sh T i m u l o k	tatsama
সৃশ্টির	sh ri sh T i r	tatsama
সৃশ্টিরও	sh ri sh T i r O	tatsama
সৃশ্টিরহস্য	sh ri sh T i r o h o sh sh o	tatsama
সৃশ্টিশিল	sh ri sh T i sh i l	tatsama
সৃশ্টিশিলতা	sh ri sh T i sh i l o t a	tatsama
সৃশ্টিশিলতাকে	sh ri sh T i sh i l o t a k e	tatsama
সৃশ্টিশিলতার	sh ri sh T i sh i l o t a r	tatsama
সৃশ্টিশিলতায়	sh ri sh T i sh i l o t a y	tatsama
সৃশ্টিসহ	sh ri sh T i sh o h O	tatsama
সৃশ্টিসুখের	sh ri sh T i sh u kh e r	tatsama
