এজাত্রা	e j a tr a	native
এজাবত্	e j a b o t	native
এজাবত্কালে	e j a b t k a l e	native
এজাবত্কালের	e j a b t k a l e r	native
এজাবৎকাল	e j a b t k a l	native
এজাবৎকালে	e j a b t k a l e	native
এমপিপুত্র	e m p i p u tr O	native
এমপিরাও	e m p i r a O	proper_noun
এমপিসহ	e m p i sh o h O	proper_noun
এমফিল	e m ph i l	proper_noun
এমবা	e m b a	native
এমবালুলা	e m b a l u l a	native
এমবি	e m b i	native
এমবিলিয়নথ	e m b i l i y o n th	native
এমবিলিয়নথ্	e m b i l i y o n th	native
এমব্রেসেবল	e m br e s e b o l	loanword
এমভি	e m bh i	native
এমরান	e m r a n	proper_noun
এমসি	e m sh i	native
এমা	e m a	native
এমাজ	e m a j	native
এমানা	e m a n a	native
এমানুয়েল	e m a n u y e l	native
এমামুল	e m a m u l	native
এমার	e m a r	native
এমারত	e m a r o t	native
এমারসন	e m a r sh o n	native
এমিকাস	e m i k a sh	native
এমিরেটস	e m i r e T o s	proper_noun
এমিরেটসের	e m i r e T s e r	proper_noun
এমিল	e m i l	native
এমিলি	e m i l i	native
এমিশন	e m i sh o n	native
এমুখো	e m u kh O	native
এমুন	e m u n	native
এমেকা	e m e k a	native
এমেকাকে	e m e k a k e	native
এমেকার	e m e k a r	native
এম্বার	e mb a r	proper_noun
এম্বারকেশন	e mb a r k e sh o n	native
এম্বেসি	e mb e sh i	native
এম–ডি	e m D i	native
এরআগে	e r a g e	native
এরআগেও	e r a g e O	native
এরই	e r i	native
এরইমধ্যে	e r i m O d dh e	native
এরকম	e r o k O m	native
এরকা	e r k a	native
এরকেন	e r k e n	native
এরচেয়ে	e r o ch e y e	native
এরদোগান	e r d O g a n	native
এরদোগানকে	e r d O g a n k e	native
এরদোগানের	e r d O g a n e r	native
এরদোয়ান	e r d O y a n	native
এরন্ডা	e r o n D a	native
এরপর	e r p o r	native
এরপরই	e r p o r i	native
এরপরে	e r p o r e	native
এরপরেই	e r p O r e i	native
এরপরেও	e r p o r e O	native
এরপরের	e r p o r e r	native
এরফলে	e r ph o l e	native
এরমধ্যে	e r m O d dh e	native
এরমধ্যেই	e r m O d dh e i	native
এররস	e r r o sh	native
এরিস	e r i sh	native
এরিসের	e r i sh e r	native
এরিয়া	e r i y a	native
এরিয়ার	e r i y a r	native
এরিয়ায়	e r i y a y	native
এরিয়েল	e r i y e l	proper_noun
এরে	e r e	native
এরেকাত	e r e k a t	native
এরেন	e r e n	native
এল	e l	native
এল.এম.এস.	e l e m e sh	native
এলআর	e l a r	native
এলই	e l i	native
এলএন	e l e n	native
এলএম	e l e m	native
এলকপ	e l k o p	native
এলকে	e l k e	native
এলকোহল	e l k O h o l	loanword
এলগাদির	e l g a d i r	native
এলগার	e l g a r	native
এলজাম	e l j a m	native
এলটন	e l T o n	native
এলডোরাডো	e l D O r a D O	native
এলতলা	e l t o l a	native
এলন	e l o n	native
এলপিআরে	e l p i a r e	proper_noun
এলবারাদি	e l b a r a d i	native
এলবারাদির	e l b a r a d i r	native
এলবির	e l b i r	native
এলভিন	e l bh i n	proper_noun
এলভিস	e l bh i s	proper_noun
এলম	e l o m	native
এলসবার্গ	e l o sh b a r g	native
এলসি	e l sh i	native
এলসির	e l sh i r	native
এলা	e l a	native
এলাইচ	e l a i ch	native
এলাইন	e l a i n	native
এলাইনমেন্ট	e l a i n m e n T	loanword
এলাকা	e l a k a	native
এলাকাই	e l a k a i	native
এলাকাগুলো	e l a k a g u l O	native
এলাকাগুলোকে	e l a k a g u l O k e	native
এলাকাগুলোতে	e l a k a g u l O t e	native
এলাকাগুলোতেও	e l a k a g u l O t e O	native
এলাকাগুলোর	e l a k a g u l O r	native
এলাকাগুলোয়	e l a k a g u l O y	native
এলাকাছাড়া	e l a k a chh a r a	native
এলাকাজুড়ে	e l a k a j u r e	native
এলাকাটা	e l a k a T a	native
এলাকাটি	e l a k a T i	native
এলাকাটিকে	e l a k a T i k e	native
এলাকাটির	e l a k a T i r	native
এলাকাতে	e l a k a t e	native
এলাকাতেই	e l a k a t e i	native
এলাকাতেও	e l a k a t e O	native
এলাকাধিন	e l a k a dh i n	native
এলাকাবাসি	e l a k a b a s i	loanword
এলাকাবাসিই	e l a k a b a s i i	loanword
এলাকাবাসিও	e l a k a b a s i O	loanword
এলাকাবাসিকে	e l a k a b a s i k e	loanword
এলাকাবাসিদের	e l a k a b a s i d e r	loanword
এলাকাবাসির	e l a k a b a s i r	loanword
এলাকাবাসিরা	e l a k a b a s i r a	loanword
এলাকাবাসিসহ	e l a k a b a sh i sh o h O | e l a k a b a sh i sh o h O	loanword
এলাকাবিশেশে	e l a k a b i sh e sh e	native
এলাকাভিত্তিক	e l a k a bh i tt i k	native
এলাকাভিত্তিতে	e l a k a bh i tt i t e	compound
এলাকারই	e l a k a r i	native
এলাকাসংলগ্ন	e l a k a sh o ng l o g n o	native
এলাকাসহ	e l a k a sh o h O	native
এলাকাড়ি	e l a k a r i	native
এলাকায়	e l a k a y o	native
এলাকায়ই	e l a k a y i	native
এলাকায়ও	e l a k a y O	native
এলাচগুড়া	e l a ch g u r a	native
এলাজ	e l a j	native
এলান	e l a n	native
এলানো	e l a n O	native
এলানোর	e l a n O r	native
এলাম	e l a m	native
এলার্ট	e l a r T	native
এলার্ম	e l a r m O	loanword
এলাহাবাদ	e l a h a b a d	native
এলাহাবাদে	e l a h a b a d e	native
এলাহাবাদের	e l a h a b a d e r	native
এলাহি	e l a h i	native
এলাহিকে	e l a h i k e	native
এলাহির	e l a h i r	native
এলি	e l i	native
এলিজা	e l i j a	native
এলিজাবেথে	e l i j a b e th e	native
এলিজাবেথের	e l i j a b e th e r	native
এলিট	e l i T	native
এলিটা	e l i T a	native
এলিন	e l i n	native
এলিনা	e l i n a	native
এলিনার	e l i n a r	native
এলিভেটর	e l i bh e T o r	native
এলিমেন্টস	e l i m e n T o sh	native
এলিস	e l i s	proper_noun
এলিসন	e l i sh o n	native
এলিসি	e l i sh i	native
এলিসের	e l i sh e r	native
এলিয়ট	e l i y o T	native
এলিয়টের	e l i y o T e r o	native
এলিয়ন	e l i y o n	native
এলিয়াস	e l i y a sh	native
এলুয়েট	e l u y e T	native
এলে	e l e	native
এলেই	e l e i	native
এলেও	e l e O	native
এলেকা	e l e k a	native
এলেনা	e l e n a	native
এলেবেলে	e l e b e l e	native
এলো	e l O	native
এলোপাতাড়ি	e l O p a t a r i	native
এলোপাতাড়িভাবে	e l O p a t a r i bh a b e	compound
এলোপাথারি	e l O p a th a r i	native
এলোপ্যাথিক	e l O p A th i k	native
এলোমেলো	e l O m e l O	native
এলোমেলোভাবে	e l O m e l O bh a b e	native
এল্টন	e l T o n	native
এলয়	e l o y	native
এশ	e sh | e sh o	native
এশতেহার	e sh t e h a r	native
এশা	e sh a	native
এশার	e sh a r	native
এশারা	e sh a r a	native
এশিয়	e sh i O | e sh i y o	native
এশিয়দের	e sh i y o d e r	native
এশিয়াজুড়ে	e sh i y a j u r e	native
এশিয়াটিক	e sh i a T i k	native
এশিয়াটিকের	e sh i y a T i k e r	native
এশিয়াডে	e sh i y a D e	native
এশিয়াতেই	e sh i y a t e i	native
এশিয়াতেও	e sh i y a t e O	native
এশিয়াবিশয়ক	e sh i y a b i sh o y o k	native
এশিয়াসহ	e sh i y a sh o h O	native
এশিয়ায়	e sh i y a y	native
এশে–ঘা	e sh e gh a	native
এসঅ্যান্ডপি	e s e j a n D p i	loanword
এসঅ্যান্ডপির	e s e j a n D p i r	loanword
এসই	e sh i	native
এসএ	e sh e	native
এসএন	e sh e n	native
এসএম	e sh e m	native
এসএস	e sh e sh	native
এসও	e sh O	native
এসকল	e sh o k O l	native
এসকান্দার	e sh k a nd a r	native
এসকাপ	e sh k a p	native
এসকাপের	e sh k a p e r	native
এসকাবেটর	e sh k a b e T o r	native
এসকে	e sh k e	native
এসকেন্দার	e sh k e nd a r	native
এসকোবার	e sh k O b a r	native
এসকোয়্যার	e sh k O y A r	native
এসছেন	e sh chh e n	native
এসজি	e sh j i	native
এসজে	e sh j e	native
এসটু	e sh T u	native
এসতিবালিস	e sh t i b a l i sh	native
এসতেখারা	e sh t e kh a r a	native
এসপানা	e sh p a n a	native
এসপানিওলকে	e sh p a n i O l k e	native
এসপানিওলের	e sh p a n i O l e r	native
এসপি	e sh p i	native
এসপির	e sh p i r	native
এসপিসহ	e sh p i sh o h O	proper_noun
এসপ্যানিওলের	e sh p A n i O l e r	native
এসপ্রেসো	e sh pr e sh O	native
এসফল্ট	e sh ph o l T	native
এসবও	e sh o b O	native
এসবকে	e sh o b k e	native
এসবকেও	e sh o b k e O	native
এসবি	e sh b i	native
এসবির	e sh b i r	native
এসবে	e sh o b e	native
এসবেও	e sh o b e O	native
এসবের	e sh o b e r	native
এসবেরই	e sh o b e r i	native
এসমস্ত	e sh o m O st O	native
এসমে	e sh m e	native
এসময়	e sh O m O y o	native
এসময়ের	e sh O m o y e r	native
এসলাম	e sh l a m	native
এসসি	e sh sh i	native
এসার	e sh a r	native
এসারের	e sh a r e r	native
এসি	e sh i	native
এসিআই	e sh i a i	native
এসিআইয়ের	e sh i a i y e r	native
এসিআর	e sh i a r	native
এসিএম	e sh i e m	native
এসিএস	e sh i e sh	native
এসিও	e sh i O	native
এসিডদগ্ধ	e sh i D d o g dh	native
এসিডদগ্ধদের	e sh i D d o g dh d e r	native
এসিডি	e sh i D i	native
এসিডিক	e sh i D i k	native
এসিডিটি	e s i D i T i	loanword
এসিতে	e sh i t e	native
এসিপিইউপিবির	e sh i p i i u p i b i r	native
এসিপিইউবি	e sh i p i i u b i	native
এসিপিইউবির	e sh i p i i u b i r	native
এসিভি	e sh i bh i	native
এসির	e sh i r	native
এসিল্যান্ড	e sh i l A n D	native
এসিস	e sh i sh	native
এসিসি	e sh i sh i	native
এসিসিএ	e sh i sh i e	native
এসিসিএর	e sh i sh i e r	native
এসিসির	e sh i sh i r	native
এসিয়েন	e sh i y e n	native
এসিয়েনকে	e sh i y e n k e	native
এসেও	e sh e O	native
এসেক্স	e s e k s o	loanword
এসেছ	e sh e chh O	native
এসেছি	e sh e chh i	native
এসেছিল	e sh e chh i l O	native
এসেছিলাম	e sh e chh i l a m	native
এসেছিলে	e sh e chh i l e	native
এসেছিলেন	e sh e chh i l e n	native
এসেছিলো	e sh e chh i l O	native
এসেছিস	e sh e chh i sh	native
এসেছে	e sh e chh e	native
এসেছেই	e sh e chh e i	native
এসেছেন	e sh e chh e n	native
এসেছো	e sh e chh O	native
এসেনশিয়াল	e sh e n sh i y a l	native
এসো	e sh O	native
এসোচেম	e sh O ch e m	native
এস্তাদা	e st a d a	native
এস্তুদিয়ান্তেস	e st o d i y a nt e sh	compound
এস্তুদিয়ান্তেসের	e st o d i y a nt e sh e r	compound
এস্তেকবাল	e st e k b a l	native
এস্তেবান	e st e b a n	native
এস্তেমাল	e st e m a l	native
এস্তেলাহ	e st e l a h	native
এস্তেহার	e st e h a r	native
এস্তোনিয়া	e st O n i y a	native
এস্তোনিয়ার	e st O n i y a r	native
এস্রাজ	e sh r a j	native
এহ	e h O	native
এহছানুল	e h chh a n u l	native
এহছানে	e h chh a n e	native
এহতেশাম	e h t e sh a m	native
এহতেশামকে	e h t e sh a m k e	native
এহতেশামুল	e h t e sh a m u l	native
এহন	e h o n	native
এহনও	e h o n O	native
এহসান	e h s a n	proper_noun
এহসানউল্লাহ	e h sh a n u l l a h	native
এহসানুর	e h sh a n u r	native
এহসানুল	e h sh a n u l	native
এহসানুল্লাহ	e h sh a n u l l a h	native
এহসানের	e h sh a n e r	native
এহসার	e h sh a r	native
এহা	e h a	native
এহানে	e h a n e	native
এহি	e h i	native
এহিয়া	e h i y a	native
এহুদ	e h u d o	native
এহেন	e h e n O	native
এহেরাম	e h e r a m	native
এহো	e h O	native
এহোন	e h O n	native
এ্যাই	A i	native
এ্যাওয়ার্ড	A O y a r D O	loanword
এ্যানি	A n i	proper_noun
এ্যানিকে	A n i k e	proper_noun
এ্যানির	A n i r	proper_noun
এ্যানিসহ	A n i sh o h O	proper_noun
এ্যাপাসার	A p a s a r	proper_noun
এ্যাপি	A p i	proper_noun
এ্যাপিকে	A p i k e	proper_noun
এ্যাপির	A p i r	proper_noun
এ্যালবামের	A l b a m e r	loanword
এ্যালা	A l a	native
এড়	e r o	native
এড়া	o j a r a	native
এড়াটে	e r a T e	native
এড়াতে	e r a t e	native
এড়াতেই	e r a t e i	native
এড়ানো	o j a r a n O	native
এড়ানোর	e r a n O r	native
এড়াবে	e r a b e	native
এড়াবেন	e r a b e n	native
এড়াল	e r a l	native
এড়ায়	e r a y	native
এড়ায়নি	e r a y n i	native
এড়িয়ে	e r i y e	native
এড়িয়েও	e r i y e O	native
এড়িয়েছে	e r i y e chh e	native
এড়িয়েছেন	e r i y e chh e n	native
এড়েন্দা	e r e nd a	native
এড়োপাতালি	e r O p a t a l i	native
এয়াকিউয়াতলুয়োকুটল	e y a k i u y a t o l u y O k u T o l	compound
এয়াকুত	e y a k u t	native
এয়াকুব	e y a k u b	native
এয়াজুজ	e y a j u j	native
এয়ার	e a r	native
এয়ারওয়েজ	e a r O y e j	native
এয়ারওয়েজে	e y a r O y e j e	native
এয়ারওয়েজের	e y a r O y e j e r	native
এয়ারকন্ডিশন	e y a r k o n D i sh o n	native
এয়ারকন্ডিশনার	e y a r k o n D i sh o n a r	compound
এয়ারকন্ডিশনারের	e y a r k o n D i sh o n a r e r	compound
এয়ারগান	e y a r g a n	native
এয়ারটেল	e y a r T e l	native
এয়ারপোর্ট	e a r p O r T	native
এয়ারপোর্টগুলোতে	e y a r p O r T o g u l O t e	compound
এয়ারপোর্টে	e y a r p O r T	native
এয়ারপোর্টের	e y a r p O r T e r	native
এয়ারবাসের	e y a r b a s e r	loanword
এয়ারলাইন	e y a r l a i n	native
এয়ারলাইনস	e a r l a i n sh	native
এয়ারলাইনসকে	e y a r l a i n o sh k e	native
এয়ারলাইনসগুলো	e y a r l a i n o sh g u l O	compound
এয়ারলাইনসগুলোর	e y a r l a i n o sh g u l O r	compound
এয়ারলাইনসে	e y a r l a i n o sh e	native
এয়ারলাইনসের	e y a r l a i n o sh e r	native
এয়ারি	e y a r i	native
এয়ারের	e y a r e r	native
এয়ার–কন্ডিশন	e y a r k o n D i sh o n	native
ও	O	native
ও.	O k e	native
ওংকার	O sh k a r	native
ওঃ	O h	tatsama
ওআইসি	O a i s i	proper_noun
ওআইসির	O a i s i r	proper_noun
ওআকিনবিশ	O y a k i n o b i sh	native
ওআদা	O y a d a	native
ওআর	O a r	native
ওআরজি	O a r j i	proper_noun
ওআরজির	O a r j i r	proper_noun
ওআরসি	O a r s i	proper_noun
ওই	O i	native
ওইক	O i k O	native
ওইকতান	O i k O t a n	native
ওইকতানে	O i k o t a n e	native
ওইকপত্য	O i k O p O t t O	native
ওইকপদিক	O i k O p O d i k	native
ওইকপদ্য	O i k O p O d d O	native
ওইকবদ্ধ	O i k o b o d dh o	tatsama
ওইকবাদন	O i k O b a d O n	native
ওইকমত্য	O i k o m o t t o | O i k O m o t t O	native
ওইকমত্যে	O i k o m o t t o | O i k O m O t t e	native
ওইকমত্যের	O i k o m o t t e r	native
ওইকরাজ্য	O i k O r a j j O	native
ওইকল্য	O i k O l l O	native
ওইকাগ্র্য	O i k a g gr O	native
ওইকাত্ম্য	O i k a t t O	native
ওইকান্তিক	O i k a nt i k	native
ওইকান্তিকতা	O i k a nt i k o t a	native
ওইকার	O i k a r	native
ওইকাহিক	O i k a h i k	native
ওইকিক	O i k i k	native
ওইক্য	O i k k O	native
ওইক্যই	O i k k o i	native
ওইক্যকে	O i k k o k e	native
ওইক্যজোট	O i k k o j O T	native
ওইক্যজোটের	O i k k o j O T e r | O i k k O j O T e r	native
ওইক্যটি	O i k k o T i	native
ওইক্যপরিশদ	O i k k o p o r i sh o d	native
ওইক্যপরিশদের	O i k k o p o r i sh o d e r	native
ওইক্যবদ্ধ	O i k k o b o d dh o	tatsama
ওইক্যবদ্ধভাবে	O i k k o b o d dh o bh a b e	tatsama
ওইক্যবদ্ধভাবেই	O i k k o b o d dh o bh a b e i	tatsama
ওইক্যবাক্যে	O i k k o b a k k e	native
ওইক্যবোধ	O i k k o b O dh	native
ওইক্যমত	O i k k O m o t	native
ওইক্যমতের	O i k k o m o t e r	native
ওইক্যমত্য	O i k k o m o t t o	native
ওইক্যে	O i k k e	native
ওইক্যের	O i k k e r	native
ওইক্ষব	O i kkh o b O	tatsama
ওইখানে	O i kh a n e	native
ওইখানেই	O i kh a n e i	native
ওইগুলো	O i g u l O	native
ওইচ্ছিক	O i ch chh i k	native
ওইটা	O i T a	native
ওইটাই	O i T a i	native
ওইটুকু	O i T u k u	native
ওইটুকুই	O i T u k u i	native
ওইতরেয়	O i t o r e y O	native
ওইতিহাসিক	O i t i h a sh i k	native
ওইতিহাসিকদের	O i t i h a sh i k d e r	native
ওইতিহাসিকভাবে	O i t i h a sh i k bh a b e	compound
ওইতিহাসিকভাবেই	O i t i h a sh i k bh a b e i	compound
ওইতিহাসিকরা	O i t i h a sh i k r a	native
ওইতিহাসিকেরা	O i t i h a sh i k e r a	native
ওইতিহ্য	O i t i j jh O	native
ওইতিহ্যই	O i t i j j o i	native
ওইতিহ্যও	O i t i j j o O | O i t i j jh O O	native
ওইতিহ্যকে	O i t i j j o k e | O i t i j jh O k e	native
ওইতিহ্যগত	O i t i j j o g o t | O i t i j jh O g o t O	native
ওইতিহ্যগতভাবে	O i t i j j o g o t o bh a b e	compound
ওইতিহ্যগতভাবেই	O i t i j j o g o t o bh a b e i	compound
ওইতিহ্যটির	O i t i j j o T i r	native
ওইতিহ্যনির্ভর	O i t i j j o n i r bh o r	compound
ওইতিহ্যবাহি	O i t i j j o b a h i	native
ওইতিহ্যবিশয়ক	O i t i j j o b i sh o y o k	native
ওইতিহ্যমন্ডিত	O i t i j j o m o n D i t o	compound
ওইতিহ্যময়	O i t i j j o m o y	native
ওইতিহ্যিক	O i t i j jh i k	native
ওইতিহ্যে	O i t i j j e | O i t i j jh e	native
ওইতিহ্যের	O i t i j j e r | O i t i j jh e r	native
ওইদিন	O i d i n	native
ওইদিনই	O i d i n i	native
ওইদিনের	O i d i n e r	native
ওইন্দ্র	O i ndr O	native
ওইন্দ্রজালিক	O i ndr o j a l i k	native
ওইন্দ্রিলা	O i ndr i l a	native
ওইন্দ্রিয়	O i ndr i y O	native
ওইবার	O i b a r	native
ওইভাবে	O i bh a b e	native
ওইভাবেই	O i bh a b e i	native
ওইরাবত	O i r a b o t	native
ওইরুপ	O i r u p	native
ওইরেয়	O i r e y O	native
ওইশি	O i sh i	native
ওইশিক	O i sh i k	native
ওইশিগ্রন্থ	O i sh i gr o n th o	native
ওইশ্টিক	O i sh T i k	native
ওইশ্বরিক	O i sh sh o r i k | O i sh sh O r i k	tatsama
ওইশ্বরিয়া	O i sh sh o r i y a	tatsama
ওইশ্বরিয়াকে	O i sh sh o r i y a k e	tatsama
ওইশ্বরিয়ার	O i sh sh o r i y a r	tatsama
ওইশ্বর্য	O i sh sh o r j | O i sh sh o r j O	tatsama
ওইশ্বর্যমন্ডিত	O i sh sh o r j m o n D i t o	tatsama
ওইশ্বর্যের	O i sh sh o r j e r | O i sh sh O r j e r	tatsama
ওইসন	oi sh o n	native
ওইসব	O i sh o b	native
ওইসিডি	O i s i D i	proper_noun
ওইসে	oi sh e	native
ওইস্লামিক	O i sh l a m i k	native
ওইহলোউকিক	O i h O l O u k i k	native
ওইহিক	O i h i k	native
ওইহিত্যবাহি	O i h i t t o b a h i	native
ওউ	O u	native
ওউকার	O u k a r	native
ওউখদ	O u kh o d	native
ওউগ্র্য	O u g gr O	native
ওউচিত্য	O u ch i t t O	native
ওউজসিক	O u j O sh i k	native
ওউজ্জ্বল্য	O u j j O l l O	tatsama
ওউজ্জ্বল্যে	O u j j o l l e	tatsama
ওউজ্জ্বল্যের	O u j j o l l e r	tatsama
ওউড্র	O u D r O	loanword
ওউত্সুক্য	O u t sh u k k o	native
ওউদক	O u d o k	native
ওউদনিক	O u d O n i k	native
ওউদরিক	O u d O r i k	native
ওউদার্য	O u d a r j O	native
ওউদার্যের	O u d a r j e r	native
ওউদাসিন্য	O u d a sh i n n o	native
ওউদাসিন্যও	O u d a sh i n n o O	native
ওউদেহ	O u d e h	native
ওউদ্ধত্য	O u d dh o t t O	tatsama
ওউদ্ধত্যও	O u d dh o t t o O	tatsama
ওউদ্ধত্যপুর্ন	O u d dh o t t o p u r n o	tatsama
ওউদ্ধত্যের	O u d dh o t t e r	tatsama
ওউপকুলিক	O u p O k u l i k	native
ওউপদেশিক	O u p O d e sh i k	native
ওউপধার্মিকতা	O u p O dh a r m i k o t a	native
ওউপনিধিক	O u p O n i dh i k	native
ওউপনিবেশিক	O u p O n i b e sh i k	native
ওউপনিবেশিকতার	O u p o n i b e sh i k o t a r	compound
ওউপনিবেশিকদের	O u p o n i b e sh i k d e r	compound
ওউপনিশদ	O u p O n i sh o d	native
ওউপনিশদিক	O u p O n i sh O d i k	native
ওউপন্যাসিক	O u p O n n a sh i k | O u p o n j a sh i k	native
ওউপন্যাসিকের	O u p o n n a sh i k e r	native
ওউপপত্তিক	O u p O p O tt i k	native
ওউপমিক	O u p o m i k	native
ওউপম্য	O u p O m m O	native
ওউপল	O u p o l	native
ওউপসর্গ	O u p O sh o r g O	native
ওউপসর্গিক	O u p O sh o r g i k	native
ওউপাধিক	O u p a dh i k o	native
ওউপয়িক	O u p O y i k	native
ওউর	O u r	native
ওউরস্য	O u r o sh sh O	native
ওউর্ধ্বদেহ	O u r dh O d e h O	tatsama
ওউর্ধ্বদেহি	O u r dh O d e h i	tatsama
ওউর্ধ্বদেহিক	O u r dh O d e h i k o	tatsama
ওউর্ন	O u r n O	native
ওউর্ননাভ	O u r n O n a bh O	native
ওউর্ব	O u r b O	native
ওউর্বর	O u r b O r	native
ওউর্বশেয়	O u r o b O sh e y O	native
ওউরৎ	ou r o t	native
ওউলুক	O u l u k	native
ওউশধ	O u sh o dh	native
ওউশধাজিব	O u sh O dh a j i b	native
ওউশধালয়	O u sh o dh a l o y	native
ওউশধালয়ের	O u sh o dh a l o y e r	native
ওউশধি	O u sh o dh i	native
ওউশধিগুন	O u sh o dh i g u n	native
ওউশধিসহ	O u sh o dh i sh o h O	native
ওউশধিয়	O u sh O dh i y O	native
ওউশধের	O u sh o dh e r	native
ওউশর	O u sh o r	native
ওউশস	O u sh o sh	native
ওউশির	ou sh i r	native
ওউশ্ট্র	O u sh T r O	loanword
ওউশ্ট্রক	O u sh T r O k	loanword
ওউশ্ট্ররথ	O u sh T r O r o th	loanword
ওউশ্ঠ্য	O u sh Th O	native
ওউশ্ন	O u sh n O	native
ওউশ্নিক	O u sh n i k	native
ওউশ্ন্য	O u sh n O	native
ওউশ্ম্য	O u sh m O	native
ওউৎকট্য	O u t k O T T O	native
ওউৎকন্ঠ্য	O u t k o n Th O	native
ওউৎকর্ষ	O u t k o r sh O	tatsama
ওউৎকোচিক	O u t k O ch i k	native
ওউৎপাতিক	O u t p a t i k	native
ওউৎসর্গিক	O u t sh O r g i k	native
ওউৎসুক্য	O u t sh u k k O | O u t sh u k k o	native
ওউড়ব	O u r o b	native
ওউড়ুপিক	O u r u p i k	native
ওএনএলএফ	O e n e l e ph	proper_noun
ওএনজিসি	O e n j i s i	proper_noun
ওএনজিসির	O e n j i s i r	proper_noun
ওএমআরডিএম	O e m a r D i e m	proper_noun
ওএমএস	O e m e s	proper_noun
ওএমএসসহ	O e m e sh sh o h O	proper_noun
ওএমএসে	O e m e s e	proper_noun
ওএমএসের	O e m e s e r	proper_noun
ওএলইডি	O e l i D i	proper_noun
ওএলপিসির	O e l p i s i r	proper_noun
ওএস	O e sh	native
ওএসএক্স	O e s e k s O	proper_noun
ওএসএন	O e s e n	proper_noun
ওএসডি	O e s D i	proper_noun
ওএসডির	O e s D i r	proper_noun
ওএসের	O e sh e r	native
ওওয়াদা	O u O y a d a	native
ওক	O k	native
ওকলাহোমা	O k l a h O m a	native
ওকস	O k sh	native
ওকাদা	O k a d a	native
ওকাদার	O k a d a r	native
ওকাম্পো	O k a mp O	native
ওকাম্পোর	O k a mp O r	native
ওকার	O k a r	native
ওকারা	O k a r a	native
ওকালতনামা	O k a l o t n a m a	native
ওকালতনামায়	O k a l o t n a m a y	native
ওকালতি	O k a l O t i	native
ওকালতিতে	O k a l o t i t e	native
ওকালতির	O k a l o t i r	native
ওকি	O k i	native
ওকিনাওয়া	O k i n a O y a	native
ওকিনাওয়ার	O k i n a O y a r	native
ওকে	O k e	native
ওকেই	O k e i	proper_noun
ওকেও	O k e O	proper_noun
ওকোনজো	O k O n j O	native
ওকোলা	O k O l a	native
ওকড়া	O k r a	native
ওখদ	O kh o d	native
ওখান	O kh a n	native
ওখানে	O kh a n e	native
ওখানেই	O kh a n e i	native
ওখানেও	O kh a n e O	native
ওখানের	O kh a n e r	native
ওখড়ানো	O kh r a n O	native
ওগর	O g o r	native
ওগা	O g a	native
ওগাতা	O g a t a	native
ওগুলো	O g u l O	native
ওগুলোই	O g u l O i	native
ওগুলোকে	O g u l O k e	native
ওগুলোতে	O g u l O t e	native
ওঘ	O g o	native
ওচলা	O ch l a	native
ওছা	O u ch a	native
ওছিলা	O sh i l a	native
ওছিয়ত	O sh i O t	native
ওজ	O j O	native
ওজঃ	O j O	tatsama
ওজনই	O j O n i	native
ওজনজন্ত্র	O j o n j o n t r o	native
ওজনটা	O j o n T a	native
ওজনদার	O j O n d a r	native
ওজনাধিক্য	O j O n a dh i k k O	native
ওজনিয়াক	O j o n i y a k	native
ওজনিয়াকি	O j o n i y a k i	native
ওজনিয়াকিকে	O j o n i y a k i k e	native
ওজনিয়াকির	O j o n i y a k i r	native
ওজনিয়াকের	O j o n i y a k e r	native
ওজনে	O j o n e	native
ওজনেও	O j O n e O	native
ওজনের	O j O n e r	native
ওজর	O j O r	native
ওজস্	O j o sh	native
ওজস্বল	O j O sh sh o l	tatsama
ওজস্বি	O j O sh sh i	tatsama
ওজাওয়া	O j a O y a	native
ওজাওয়াকে	O j a O y a k e	native
ওজাওয়ার	O j a O y a r	native
ওজার	O j a r	native
ওজারত	O j a r o t	native
ওজারের	O j a r e r	native
ওজায়ের	O j a y e r	native
ওজিফা	O j i ph a	native
ওজিল	O j i l	proper_noun
ওজিলকে	O j i l k e	proper_noun
ওজিলের	O j i l e r	proper_noun
ওজু	O j u	native
ওজুদ	O j u d	native
ওজুফা	O j u ph a	native
ওজুর	O j u r	native
ওজুহনামা	O j u h n a m a	native
ওজুহাত	O j u h a t	native
ওজেবাদ	O j e b a d	native
ওজোগুন	O j O g u n	native
ওজোন	O j O n	native
ওজোপাডিকো	O j O p a D i k O	native
ওজোপাডিকোর	O j O p a D i k O r	native
ওঝা	O jh a	native
ওঝাকে	O jh a k e	native
ওঝার	O jh a r	native
ওটমার	O T m a r	native
ওটমিল	O T m i l	native
ওটস	O T sh	native
ওটাই	O T a i	native
ওটাও	O T a O	native
ওটাকে	O T a k e	native
ওটাতে	O T a t e	native
ওটাতেই	O T a t e i	native
ওটামেন্ডি	O T a m e n D i	native
ওটার	O T a r	native
ওটারই	O T a r i	native
ওটি	O T i	native
ওটিই	O T i i	proper_noun
ওটিজি	O T i j i	proper_noun
ওটিপিসি	O T i p i s i	proper_noun
ওটিপিসির	O T i p i s i r	proper_noun
ওটির	O T i r	native
ওটিসিতে	O T i s i t e	proper_noun
ওটু	O T u	native
ওটুকু	O T u k u	native
ওটুকুই	O T u k u i	native
ওটুর	O T u r	native
ওটেলিনি	O T e l i n i	native
ওঠ	O Th	native
ওঠবন্দি	O Th b o nd i	native
ওঠবস	O Th b o sh	native
ওঠবোস	O Th b O sh	native
ওঠসার	O Th sh a r	native
ওঠা	O Th a	native
ওঠাই	O Th a i	native
ওঠাও	O Th a O	native
ওঠাকে	O Th a k e	native
ওঠাচ্ছে	O Th a ch chh e	native
ওঠাটাই	O Th a T a i	native
ওঠাতে	O Th a t e	native
ওঠান	O Th a n	native
ওঠানামা	O Th a n a m a	native
ওঠানামাও	O Th a n a m a O	native
ওঠানামাকে	O Th a n a m a k e	native
ওঠানামার	O Th a n a m a r	native
ওঠানামায়	O Th a n a m a y	native
ওঠানোর	O Th a n O r	native
ওঠাবসা	O Th a b o sh a	native
ওঠাবেন	O Th a b e n	native
ওঠার	O Th a r	native
ওঠারও	O Th a r O	native
ওঠালে	O Th a l e	native
ওঠায়	O Th a y	native
ওঠেন	O Th e n	native
ওঠেননি	O Th e n n i	native
ওঠেনি	O Th e n i	native
ওঠো	O Th O	native
ওডভার	O D bh a r	native
ওড়ানো	O r a n O	native
ওডা	O D a	native
ওডি	O D i	native
ওডিআই	O D i a i	proper_noun
ওডিকলোন	O D i k l O n	native
ওডিনের	O D i n e r	proper_noun
ওডিশা	O D i sh a	proper_noun
ওডিশার	O D i sh a r	proper_noun
ওডিশায়	O D i sh a y	proper_noun
ওডিসি	O D i s i	proper_noun
ওডে	O D e	native
ওডেস্ক	O D e s k	loanword
ওডেস্কের	O D e s k e r	loanword
ওঢ্র	O Dh r o	native
ওত	O t	native
ওতজির	O t o j i r	native
ওতন	O t o n	native
ওতুনবায়েভা	O t u n b a y e bh a	native
ওতুনবায়েভাকে	O t u n b a y e bh a k e	native
ওতুনবায়েভার	O t u n b a y e bh a r	native
ওতে	O t e	native
ওতেই	O t e i	native
ওতো	O t O	native
ওত্	O t	native
ওথেলো	O th e l O	native
ওদন	O d O n	native
ওদা	O d a	native
ওদিকে	O d i k e	native
ওদু	O d u	native
ওদুম্বে	O d u mb e	native
ওদুম্বের	O d u mb e r	native
ওদের	O d e r	native
ওদেরই	O d e r i	native
ওদেরকে	O d e r k e	native
ওধার	O dh a r	native
ওন	O n	native
ওনলি	O n l i	native
ওনাগাওয়া	O n a g a O y a	native
ওনাদের	O n a d e r	native
ওনার	O n a r	native
ওনারা	O n a r a	native
ওনারাও	O n a r a O	native
ওপর	O p o r	native
ওপরও	O p o r O	native
ওপরওয়ালা	O p o r O y a l a	native
ওপরওয়ালাকে	O p o r O y a l a k e	native
ওপরওয়ালার	O p o r O y a l a r	native
ওপরটা	O p o r T a	native
ওপরতলা	O p o r t o l a	native
ওপরতলার	O p o r t o l a r	native
ওপরতলায়	O p o r t o l a y	native
ওপরেই	O p O r e i	native
ওপরেও	O p O r e O	native
ওপরের	O p O r e r	native
ওপার	O p a r	native
ওপারেই	O p a r e i	native
ওপারেতে	O p a r e t e	native
ওপারের	O p a r e r	native
ওপাশে	O p a sh e	native
ওপাশের	O p a sh e r	native
ওপাড়া	O p a r a	native
ওপিএইচআইর	O p i e i ch a i r	proper_noun
ওপিএম	O p i e m	proper_noun
ওপিঠ	O p i Th	native
ওপিনিয়ন	O p i n i y o n	native
ওপেক	O p e k	native
ওপেকের	O p e k e r	native
ওপেক্স	O p e k s	loanword
ওপেক্সের	O p e k s e r	loanword
ওপেনজয়ি	O p e n j o y i	native
ওপেনার	O p e n a r	native
ওপেনারই	O p e n a r o i	native
ওপেনারকে	O p e n a r k e	native
ওপেনারদের	O p e n a r d e r	native
ওপেনাররা	O p e n a r r a	native
ওপেনারের	O p e n a r e r	native
ওপেনিং	O p e n i ng	native
ওপেনিংয়ে	O p e n i ng y e	native
ওপেনিংয়ের	O p e n i ng y e r	native
ওপেনে	O p e n e	native
ওপেনের	O p e n e r	native
ওপেরা	O p e r a	native
ওফ	O ph	native
ওফা	O ph a	native
ওফাত	O ph a t	native
ওফাতের	O ph a t e r	native
ওফাদার	e ph a d a r	native
ওফোড়	O ph O r	native
ওফ্	O ph	native
ওবা	O b a	native
ওবাইদুর	O b a i d u r	native
ওবাইদুল	O b a i d u l	native
ওবামাকে	O b a m a k e	native
ওবামাকেও	O b a m a k e O	native
ওবামার	O b a m a r	native
ওবামাস	O b a m a sh	native
ওবামাসহ	O b a m a sh o h O	native
ওবায়দা	O b a y d a	native
ওবায়দুর	O b a y d u r	native
ওবায়দুল	O b a y d u l	native
ওবায়দুলের	O b a y d u l e r	native
ওবায়দুল্লাহ	O b a y d u l l a h	native
ওবায়দুল্লাহর	O b a y d u l l a h o r	native
ওবায়েদ	O b a y e d	native
ওবায়েদুর	O b a y e d u r	native
ওবায়েদুল	O b a y e d u l	native
ওবায়েদুল্লাহ	O b a y e d u l l a h	native
ওবায়েদের	O b a y e d e r	native
ওবি	O b i	native
ওবিসি	O b i s i	proper_noun
ওবুইয়া	O b u i y a	native
ওবেইদ	O b e i d	native
ওবেইদি	O b e i d i	native
ওবেরয়	O b e r o y	native
ওবেসিটি	O b e sh i T i	native
ওভাবে	O bh a b e	native
ওভাবেই	O bh a b e i	native
ওভার	O bh a r	native
ওভারই	O bh a r i	native
ওভারও	O bh a r O	native
ওভারকোট	O bh a r k O T	native
ওভারগুলোতে	O bh a r g u l O t e	native
ওভারটা	O bh a r T a	native
ওভারটাই	O bh a r T a i	native
ওভারটাইম	O bh a r T a i m	native
ওভারটাইমের	O bh a r T a i m e r	native
ওভারটার	O bh a r T a r	native
ওভারটেক	O bh a r T e k	native
ওভারড্রাফট	O bh a r D r a ph T	loanword
ওভারপাস	O bh a r p a sh	native
ওভারপাসের	O bh a r p a sh e r	native
ওভারপ্রতি	O bh a r pr O t i	native
ওভারব্রিজে	O bh a r b ri j e	native
ওভারব্রিজের	O bh a r b ri j e r	native
ওভারলে	O bh a r l e	native
ওভারলোড	O bh a r l O D	native
ওভারসাইট	O bh a r sh a i T	native
ওভারসিজ	O bh a r sh i j	native
ওভারসিজের	O bh a r sh i j e r	native
ওভারসিস	O bh a r sh i sh	native
ওভারহেড	O bh a r h e D	native
ওভারি	O bh a r i	native
ওভারেই	O bh a r e i	native
ওভারেও	O bh a r e O	native
ওভাল	O bh a l	native
ওভালেই	O bh a l e i	native
ওভালের	O bh a l e r	native
ওভি	O bh i	native
ওভেনে	O bh e n e	native
ওভেনের	O bh e n e r	native
ওমদা	O m d a	native
ওমন	O m O n	native
ওমনি	O m n i	native
ওমপ্রকাশ	O m pr o k a sh	native
ওমর	O m O r	native
ওমরকে	O m O r k e	native
ওমরপুর	O m o r p u r	native
ওমরসহ	O m o r sh o h O	native
ওমরা	O m r a	native
ওমরাও	O m r a O	native
ওমরার	O m r a r	native
ওমরের	O m O r e r	native
ওমলেট	O m l e T	native
ওমা	O m a	native
ওমান	O m a n	native
ওমানি	O m a n i	native
ওমানে	O m a n e	native
ওমানের	O m a n e r	native
ওমাম	O m a m o	native
ওমারি	O m a r i	native
ওমি	O m i	native
ওমুক	O m u k	native
ওমুকের	O m u k e r	native
ওমেগা	O m e g a	native
ওমেদ	O m e d	native
ওমেন	O m e n	native
ওমেনস	O m e n sh	native
ওমেনের	O m e n e r	native
ওমেন্স	O m e n s	loanword
ওমের	O m e r	native
ওম্বুরি	O mb u r i	native
ওম্যান	O m A n	native
ওর	O r o | O r	native
ওরই	O r o i	native
ওরও	O r O	native
ওরফে	O r o ph e	native
ওরমোক	O r m O k	native
ওরস	O r O sh	native
ওরসা	O r sh a	native
ওরসের	O r sh e r	native
ওরস্যালাইনসহ	O r sh A l a i n sh h	native
ওরা	O r a	native
ওরাই	O r a i	native
ওরাও	O r a O	native
ওরাকজাইয়ের	O r a k j a i y e r	native
ওরাকল	O r a k o l	native
ওরাকলের	O r a k o l e r	native
ওরাম	O r a m	native
ওরামকে	O r a m k e	native
ওরামের	O r a m e r	native
ওরাল	O r a l	native
ওরাসকম	O r a sh k o m	native
ওরাসকমের	O r a sh k o m e r	native
ওরি	O r i	native
ওরিয়ন	O r i O n	native
ওরিয়েন্ট	O r i y e n T	native
ওরিয়েন্টাল	O r i y e n T a l	native
ওরিয়েন্টেড	O r i y e n T e D	native
ওরিয়েন্টেশন	O r i y e n T e sh o n	native
ওরেল	O r e l	native
ওরো	O r O	native
ওরোকজাইয়ে	O r O k j a i y e	native
ওরোপ	O r O p	native
ওর্তেগা	O r t e g a	native
ওর্ফে	O r ph e	native
ওল	O l	native
ওলকপি	O l k O p i	native
ওলগা	O l g a	native
ওলট	O l O T	native
ওলটপালট	O l o T p a l o T	native
ওলন	O l o n	native
ওলন্ড	O l o n D	native
ওলন্দাজ	O l O nd a j	native
ওলন্দাজদের	O l o nd a j o d e r	native
ওলপার্টের	O l p a r T e r	native
ওলফ	O l o ph	native
ওলফৎ	O l ph o t	native
ওলমা	O l m a	native
ওলসেংকি	O l sh e ng k i	native
ওলসেন	O l sh e n	native
ওলা	O l a	native
ওলাদ	O l a d	native
ওলাদকে	O l a d k e	native
ওলাদের	O l a d e r	native
ওলান	O l a n	native
ওলানো	O l a n O	native
ওলাবিবি	O l a b i b i	native
ওলাম	O l a m	native
ওলামাদের	O l a m a d e r	native
ওলামার	O l a m a r	native
ওলামারা	O l a m a r a	native
ওলামাসহ	O l a m a sh o h O	native
ওলামায়ে	O l a m a y e	native
ওলামেলা	O l a m e l a	native
ওলালেকান	O l a l e k a n	native
ওলাহন	O l a h o n	native
ওলি	O l i	native
ওলিং	O l i ng	native
ওলিউর	O l i u r	native
ওলে	O l e	native
ওলেগ	O l e g	native
ওলেগেদারার	O l e g e d a r a r	native
ওলো	O l O	native
ওলোংগা	O l O ng g a	native
ওলোংগার	O l O ng g a r	native
ওল্টাচ্ছেন	O l T a ch chh e n	native
ওল্টাতে	O l T a t e	native
ওল্টানো	O l T a n O	native
ওল্ড	O l D	native
ওশ	O sh	native
ওশধ	O sh o dh	native
ওশধি	O sh O dh i | O sh o dh i	native
ওশান	O sh a n	native
ওশানো	O sh a n O	native
ওশানোগ্রাফি	O sh a n O gr a ph i	loanword
ওশানোগ্রাফির	O sh a n O gr a ph i r	loanword
ওশুধ	O sh u dh	native
ওশুধই	O sh u dh i	native
ওশুধও	O sh u dh O	native
ওশুধকে	O sh u dh k e	native
ওশুধগুলো	O sh u dh g u l O	native
ওশুধগুলোর	O sh u dh g u l O r	native
ওশুধটা	O sh u dh T a	native
ওশুধটি	O sh u dh T i	native
ওশুধটির	O sh u dh T i r	native
ওশুধনিতি	O sh u dh n i t i	native
ওশুধনিতির	O sh u dh n i t i r	native
ওশুধপত্র	O sh u dh p o tr O | O sh u dh p o tr o	native
ওশুধপত্রের	O sh u dh p o tr e r	native
ওশুধপথ্য	O sh u dh p o t th O | O sh u dh p o t th o	native
ওশুধপ্রজুক্তি	O sh u dh pr o j u kt i	compound
ওশুধশিল্প	O sh u dh sh i l p O | O sh u dh sh i l p o	native
ওশুধশিল্পে	O sh u dh sh i l p e	native
ওশুধশিল্পের	O sh u dh sh i l p e r	native
ওশুধসহ	O sh u dh sh o h O | O sh u dh sh o h O	native
ওশুধসামগ্রি	O sh u dh sh a m o gr i	native
ওশুধি	O sh u dh i	native
ওশুধে	O sh u dh e	native
ওশুধেও	O sh u dh e O	native
ওশুধের	O sh u dh e r	native
ওশে	O sh e	native
ওশেন	O sh e n	native
ওশেনিয়া	O sh e n i y a	native
ওশেনিয়ান	O sh e n i y a n	native
ওশেনিয়ার	O sh e n i y a r	native
ওশেনোগ্রাফি	O sh e n O gr a ph i	loanword
ওশোর	O sh O r	native
ওশ্ঠ	O sh Th O | O sh Th o	native
ওশ্ঠপুট	O sh Th O p u T	native
ওশ্ঠব্রন	O sh Th O br O n	native
ওশ্ঠাগত	O sh Th a g o t O | O sh Th a g o t o	native
ওশ্ঠাধর	O sh Th a dh o r	native
ওসব	O sh o b	native
ওসবে	O sh o b e	native
ওসবের	O sh o b e r	native
ওসমান	O sh m a n	native
ওসমানই	O sh m a n o i	native
ওসমানকে	O sh m a n k e	native
ওসমানপুর	O sh m a n p u r	native
ওসমানসহ	O sh m a n sh o h O	native
ওসমানিকে	O sh m a n i k e	native
ওসমানিনগর	O sh m a n i n o g O r | O sh m a n i n o g o r	native
ওসমানির	O sh m a n i r	native
ওসমানিয়া	O sh m a n i y a	native
ওসমানের	O sh m a n e r	native
ওসা	O sh a	native
ওসাকার	O sh a k a r	native
ওসাকায়	O sh a k a y	native
ওসান	O sh a n	native
ওসামা	O sh a m a	native
ওসামাকে	O sh a m a k e	native
ওসামার	O sh a m a r	native
ওসামু	O sh a m u	native
ওসার	O sh a r	native
ওসারা	O sh a r a	native
ওসাসুনা	O sh a sh u n a	native
ওসাসুনাকে	O sh a sh u n a k e	native
ওসাসুনার	O sh a sh u n a r	native
ওসি	O sh i	native
ওসিআর	O s i a r	proper_noun
ওসিএজি	O s i e j i	proper_noun
ওসিএল	O s i e l	proper_noun
ওসিএলের	O s i e l e r	proper_noun
ওসিকে	O s i k e	proper_noun
ওসিদের	O sh i d e r	native
ওসির	O sh i r	native
ওসিরা	O s i r a	proper_noun
ওসিসহ	O sh i sh o h O	proper_noun
ওসিসিতে	O s i s i t e	proper_noun
ওসিসির	O s i s i r	proper_noun
ওসোরিও	O sh O r i O	native
ওস্তরা	O st O r a	native
ওস্তাদ	O st a d	native
ওস্তাদকে	O st a d k e	native
ওস্তাদদের	O st a d d e r	native
ওস্তাদেরা	O st a d e r a	native
ওসৎ	O sh o t	native
ওহম	O h o m	native
ওহাইও	O h a i O	native
ওহাইওর	O h a i O r	native
ওহাইয়ো	O h a i y O	native
ওহাব	O h a b	native
ওহাবকে	O h a b k e	native
ওহাবি	O h a b i	native
ওহাবের	O h a b e r	native
ওহি	O h i	native
ওহিদ	O h i d	native
ওহিদুজ্জামান	O h i d u j j a m a n	native
ওহিদুর	O h i d u r	native
ওহিদুল	O h i d u l	native
ওহিদুল্লা	O h i d u l l a	native
ওহিদুল্লার	O h i d u l l a r	native
ওহে	O h e	native
ওহেদুল্লাহ্	O h e d u l l a h	native
ওহো	O h O	native
ওহোদ	O h O d	native
ওহ্	O h	native
ওৎ	O t	native
ওৎসুচি	O t sh u ch i	native
ওড়	O r	native
ওড়নাটি	O r n a T i	native
ওড়নার	O r n a r	native
ওড়নায়	O r n a y	native
ওড়ফুল	O r ph u l	native
ওড়া	O r a	native
ওড়াউড়ি	O r a u r i	native
ওড়াউড়ির	O r a u r i r	native
ওড়াচ্ছিলেন	O r a ch chh i l e n	native
ওড়াচ্ছে	O r a ch chh e	native
ওড়াচ্ছেন	O r a ch chh e n o	native
ওড়াতে	O r a t e	native
ওড়ান	O r a n	native
ওড়ানো	O r a n O	native
ওড়ানোর	O r a n O r	native
ওড়াবে	O r a b e	native
ওড়ামুড়ি	O r a m u r i	native
ওড়ার	O r a r	native
ওড়ালাম	O r a l a m	native
ওড়ালেন	O r a l e n	native
ওড়ায়	O r a y	native
ওড়িশা	O r i sh a	native
ওড়িশার	O r i sh a r	native
ওড়িয়া	O r i y a	native
ওড়ে	O r e	native
ওড়েনি	O r e n i	native
ওয়	O y	native
ওয়া	O y a	native
ওয়াং	O a ng	native
ওয়াংখেড়ে	O y a ng kh e r e	native
ওয়াংখেড়েতে	O y a ng kh e r e t e	native
ওয়াংখেড়ের	O y a ng kh e r e r	native
ওয়াংগারি	O y a ng g a r i	native
ওয়াংগারির	O y a ng g a r i r o	native
ওয়াংচুক	O y a ng ch u k	native
ওয়াংচুকের	O y a ng ch u k e r	native
ওয়াংমো	O y a ng m O	native
ওয়াংয়ের	O y a ng y e r	native
ওয়াই	O a i	native
ওয়াইএমসিএ	O y a i e m sh i e	native
ওয়াইএমসিএর	O y a i e m sh i e r	native
ওয়াইওমিংয়ের	O y a i O m i ng y e r	native
ওয়াইজ	O y a i j	native
ওয়াইজঘাট	O y a i j gh a T	native
ওয়াইজঘাটে	O y a i j gh a T	native
ওয়াইজঘাটের	O y a i j gh a T e r	native
ওয়াইজের	O y a i j e r	native
ওয়াইট	O y a i T	native
ওয়াইটিএন	O y a i T i e n	native
ওয়াইড	O y a i D	native
ওয়াইডব্লিউসিএ	O y a i D bl i u s i e	loanword
ওয়াইন	O y a i n	native
ওয়াইনহাউজ	O y a i n h a u j	native
ওয়াইনহাউজের	O y a i n h a u j e r	native
ওয়াইপস	O y a i p sh	native
ওয়াইফ	O y a i ph	native
ওয়াইফাং	O y a i ph a ng	native
ওয়াইফাই	O a i ph a i	native
ওয়াইফাইয়ের	O y a i ph a i y e r	native
ওয়াইম্যাক্স	O y a i m A k s o	loanword
ওয়াইম্যাক্সের	O y a i m A k s e r	loanword
ওয়াইল্ড	O y a i l D o	native
ওয়াইল্ডলাইফ	O y a i l D o l a i ph o	native
ওয়াইল্ডের	O y a i l D e r	native
ওয়াইস	O y a i sh	native
ওয়াইসি	O y a i sh i	native
ওয়াও	O y a O	native
ওয়াওয়া	O y a O y a	native
ওয়াক	O y a k	native
ওয়াকআউট	O y a k a u T	native
ওয়াকআউটে	O y a k a u T e	native
ওয়াকআউটের	O y a k a u T e r	native
ওয়াকওভার	O y a k O bh a r	native
ওয়াকওয়ে	O y a k o O y e	native
ওয়াকফ	O y a k ph	native
ওয়াকম্যান	O y a k m A n o	native
ওয়াকম্যানের	O y a k m A n e r	native
ওয়াকস	O y a k sh	native
ওয়াকা	O y a k a	native
ওয়াকারকে	O y a k a r k e	native
ওয়াকারের	O y a k a r e r	native
ওয়াকাস	O y a k a sh	native
ওয়াকিং	O y a k i ng	native
ওয়াকিটকি	O y a k i T o k i	native
ওয়াকিবহাল	O y a k i b h a l	native
ওয়াকিল	O y a k i l	native
ওয়াকিলুর	O y a k i l u r	native
ওয়াক্কাস	O y a k k a sh	native
ওয়াক্ত	O y a kt	native
ওয়াক্ফ	O y a k ph	native
ওয়াক্স	O y a k s	loanword
ওয়াগ	O y a g	native
ওয়াগদের	O y a g d e r	native
ওয়াগন	O y a g o n	native
ওয়াগনে	O y a g o n e	native
ওয়াগনের	O y a g o n e r	native
ওয়াগরা	O y a g o r a	native
ওয়াগা	O y a g a	native
ওয়াগাহ	O y a g a h	native
ওয়াচ	O y a ch	native
ওয়াচগার্ড	O y a ch g a r D o	native
ওয়াচডগ	O y a ch D o g	native
ওয়াচডগের	O y a ch D o g e r	native
ওয়াচের	O y a ch e r	native
ওয়াছেল	O y a chh e l	native
ওয়াজ	O y a j	native
ওয়াজিউদ্দিন	O y a j i u d d i n	native
ওয়াজিউল্লাহ	O y a j i u l l a h	native
ওয়াজিদ	O y a j i d	native
ওয়াজিফ	O y a j i ph	native
ওয়াজিব	O y a j i b	native
ওয়াজিরিস্তান	O y a j i r i st a n	native
ওয়াজিরিস্তানে	O y a j i r i st a n e	compound
ওয়াজিরিস্তানের	O y a j i r i st a n e r	compound
ওয়াজেদ	O a j e d	native
ওয়াজেদুল	O y a j e d u l	native
ওয়াজেদের	O y a j e d e r	native
ওয়াট	O y a T	native
ওয়াটলিং	O y a T l i ng	native
ওয়াটলিংকে	O y a T l i ng k e	native
ওয়াটসন	O y a T sh o n	native
ওয়াটসনও	O y a T sh o n O	native
ওয়াটসনকে	O y a T sh o n k e	native
ওয়াটসনরা	O y a T sh o n r a	native
ওয়াটসনের	O y a T sh o n o r a	native
ওয়াটা	O a T a	native
ওয়াটার	O y a T a r	native
ওয়াটারকে	O y a T a r k e	native
ওয়াটারগেট	O y a T a r g e T	native
ওয়াটারবোর্ডিং	O y a T a r b O r D i ng	compound
ওয়াটারলু	O y a T a r l u	native
ওয়াটারস	O y a T a r sh	native
ওয়াটারে	O y a T a r e	native
ওয়াটারের	O y a T a r e r	native
ওয়াটার্স	O y a T a r sh	native
ওয়াটের	O y a T e r	native
ওয়াডে	O y a D e	native
ওয়াতান	O y a t a n	native
ওয়াতানাবে	O y a t a n a b e	native
ওয়াতানাবের	O y a t a n a b e r	native
ওয়াতারা	O y a t a r a	native
ওয়াতারাকে	O y a t a r a k e	native
ওয়াতারার	O y a t a r a r	native
ওয়াত্তানাইয়াগর্ন	O y a tt a n a i y a g o r n	compound
ওয়াদা	O y a d a	native
ওয়াদাও	O y a d a O	native
ওয়াদার	O y a d a r	native
ওয়াদুদ	O y a d u d	native
ওয়াদুদকে	O y a d u d k e	native
ওয়াদুদসহ	O y a d u d sh o h O	native
ওয়াদুদের	O y a d u d e r	native
ওয়াদেকার	O y a d e k a r	native
ওয়াদ্দেদার	O y a d d e d a r	native
ওয়াদ্দেদারের	O y a d d e d a r e r	native
ওয়াধন	O y a dh o n	native
ওয়াধেরাকে	O y a dh e r a k e	native
ওয়ান	O a n	native
ওয়ানওয়ে	O y a n O y e	native
ওয়ানকে	O y a n k e	native
ওয়ানডে	O y a n D e	native
ওয়ানডেই	O y a n D e i	native
ওয়ানডেও	O y a n D e O	native
ওয়ানডেটা	O y a n D e T a	native
ওয়ানডেটি	O y a n D e T i	native
ওয়ানডেটিতে	O y a n D e T i t e	native
ওয়ানডেতে	O y a n D e t e	native
ওয়ানডেতেই	O y a n D e t e i	native
ওয়ানডেতেও	O y a n D e t e O	native
ওয়ানডের	O y a n D e r	native
ওয়াননি	O y a n n i	native
ওয়াননোট	O y a n n O T	loanword
ওয়ানম্যান	O y a n m A n	native
ওয়ানস্টপ	O y a n sh T o p	loanword
ওয়ানা	O y a n a	native
ওয়ানি	O y a n i	native
ওয়ানে	O y a n e	native
ওয়ানের	O y a n e r	native
ওয়ান্ট	O y a n T	native
ওয়ান্টস	O y a n T sh	native
ওয়ান্টেড	O y a n T D	native
ওয়ান্ডার	O y a n D a r	native
ওয়ান্ডারফুল	O y a n D a r ph u l	native
ওয়ান্ডারল্যান্ড	O y a n D a r l A n D	compound
ওয়ান্ডারল্যান্ডে	O y a n D a r l A n D e	compound
ওয়ান্ডারল্যান্ডের	O y a n D a r l A n D e r	compound
ওয়ান্ডারার্সের	O y a n D a r a r sh e r	compound
ওয়ান্ডার্স	O y a n D a r sh	native
ওয়ান্স	O y a n s	loanword
ওয়াপদা	O y a p d a	native
ওয়াপদার	O y a p d a r	native
ওয়াপস	O y a p O sh	native
ওয়াপসাইট	O y a p sh a i T	native
ওয়াফদ	O y a ph o d	native
ওয়াফা	O y a ph a	native
ওয়াব্রাং	O y a br a ng	native
ওয়ামিক	O y a m i k	native
ওয়ার	O y a r	native
ওয়ারউইক	O y a r u i k	native
ওয়ারউইকের	O y a r u i k e r	native
ওয়ারক	O y a r o k	native
ওয়ারক্র্যাফট	O y a r k r a ph T	loanword
ওয়ারদাক	O y a r d a k	native
ওয়ারনার	O y a r n a r	native
ওয়ারনারের	O y a r n a r e r	native
ওয়ারপো	O y a r p O	native
ওয়ারফাল্লা	O y a r ph a l l a	native
ওয়ারবট	O y a r b o T	native
ওয়ারলেস	O y a r l e sh	native
ওয়ারলেসের	O y a r l e sh e r	native
ওয়ারল্যাস	O y a r l A sh	native
ওয়ারস	O y a r sh	native
ওয়ারসি	O y a r sh i	native
ওয়ারহেড	O y a r h e D	native
ওয়ারানি	O y a r a n i	native
ওয়ারি	O y a r i	native
ওয়ারিতে	O y a r i t e	native
ওয়ারিদ	O y a r i d	native
ওয়ারিদকে	O y a r i d k e	native
ওয়ারিদের	O y a r i d e r	native
ওয়ারিন	O y a r i n	native
ওয়ারির	O y a r i r	native
ওয়ারিশ	O y a r i sh	native
ওয়ারিশসুত্রে	O y a r i sh sh u tr e	native
ওয়ারিস	O y a r i sh	native
ওয়ারিসের	O y a r i sh e r	native
ওয়ারিয়র্স	O y a r i y o r sh	native
ওয়ারিয়র্সকে	O y a r i y o r sh k e	native
ওয়ারিয়র্সে	O y a r i y o r sh e	native
ওয়ারিয়র্সের	O y a r i y o r sh e r	native
ওয়ারেছ	O y a r e chh	native
ওয়ারেছি	O y a r e chh i	native
ওয়ারেন	O y a r e n	native
ওয়ারেন্ট	O y a r e n T	native
ওয়ারেন্টি	O y a r e n T i	native
ওয়ারেন্টিসহ	O y a r e n T i sh o h O	native
ওয়ারেন্টে	O y a r e n T e	native
ওয়ারেন্টের	O y a r e n T e r o	native
ওয়ারেস	O y a r e sh	native
ওয়ারেসাত	O y a r e sh a t	native
ওয়ার্ক	O a r k	native
ওয়ার্কআউট	O a r k a u T	native
ওয়ার্কওভার	O y a r k O bh a r	native
ওয়ার্কচার্জড	O y a r k ch a r j o D	native
ওয়ার্কশপ	O y a r k sh o p	native
ওয়ার্কশপে	O y a r k sh o p e	native
ওয়ার্কশপের	O y a r k sh o p e r	native
ওয়ার্কস	O a r k sh	native
ওয়ার্কসের	O y a r k sh e r	native
ওয়ার্কার	O y a r k a r	native
ওয়ার্কার্স	O a r k a r sh	native
ওয়ার্কিং	O y a r k i ng	native
ওয়ার্কের	O y a r k e r	native
ওয়ার্ডকে	O y a r D k e	native
ওয়ার্ডগুলোতে	O y a r D g u l O t e	native
ওয়ার্ডগুলোর	O y a r D g u l O r	native
ওয়ার্ডপ্রেস	O y a r D pr e sh	native
ওয়ার্ডবয়	O y a r D b o y	native
ওয়ার্ডভিত্তিক	O y a r D bh i tt i k	compound
ওয়ার্ডরোব	O y a r D r O b	native
ওয়ার্ডস	O y a r D sh	native
ওয়ার্ডসভা	O y a r D sh o bh a	native
ওয়ার্ডসভার	O y a r D sh o bh a r	native
ওয়ার্ডসের	O y a r D sh e r	native
ওয়ার্ডে	O y a r D e	native
ওয়ার্ডেই	O y a r D e i	native
ওয়ার্ডেও	O y a r D e O	native
ওয়ার্ডের	O y a r D e r	native
ওয়ার্দা	O y a r d a	native
ওয়ার্ন	O y a r n	native
ওয়ার্নকে	O y a r n k e	native
ওয়ার্নার	O y a r n a r	native
ওয়ার্নারকে	O y a r n a r k e	native
ওয়ার্নারের	O y a r n a r e r	native
ওয়ার্নিং	O y a r n i ng	native
ওয়ার্নের	O y a r n e r	native
ওয়ার্ম	O y a r m	native
ওয়ার্মআপ	O y a r m a p	native
ওয়ার্মআপের	O y a r m a p e r	native
ওয়ার্মটি	O y a r m T i	native
ওয়ার্ল্ড	O y a r l D	native
ওয়ার্ল্ডওয়াইড	O y a r l D O y a i D	compound
ওয়ার্ল্ডকাপ	O a r l D k a p	native
ওয়ার্ল্ডকে	O y a r l D k e	native
ওয়ার্ল্ডটেল	O y a r l D T e l	native
ওয়ার্ল্ডটেলের	O y a r l D T e l e r	compound
ওয়ার্ল্ডস	O y a r l D sh	native
ওয়ার্ল্ডে	O y a r l D e	native
ওয়ার্ল্ডের	O y a r l D e r	native
ওয়ার্ল্ভ্র	O y a r l bh r o	native
ওয়ার্স	O y a r sh	native
ওয়ার্সা	O y a r sh a	native
ওয়াল	O y a l	native
ওয়ালকট	O y a l k o T	native
ওয়ালকটকে	O y a l k o T k e	native
ওয়ালকটের	O y a l k o T e r	native
ওয়ালটন	O y a l T o n	native
ওয়ালটনের	O y a l T o n e r	native
ওয়ালটার	O y a l T a r	native
ওয়ালথাম	O y a l th a m	native
ওয়ালদো	O y a l d O	native
ওয়ালপেপার	O y a l p e p a r	native
ওয়ালমার্ট	O a l m a r T	native
ওয়ালমার্টের	O y a l m a r T e r	native
ওয়ালশ	O y a l sh	native
ওয়ালশের	O y a l sh e r	native
ওয়ালস	O y a l sh	native
ওয়ালস্ট্রিট	O y a l s T r i T	loanword
ওয়ালস্ট্রিটে	O y a l s T r i T e	loanword
ওয়ালস্ট্রিটের	O y a l s T r i T e r	loanword
ওয়ালার	O y a l a r	native
ওয়ালি	O y a l i	native
ওয়ালিউর	O y a l i u r	native
ওয়ালিউল	O y a l i u l	native
ওয়ালিউল্লাহ	O y a l i u l l a h	native
ওয়ালিউল্লাহকে	O y a l i u l l a h k e	compound
ওয়ালিউল্লাহর	O y a l i u l l a h r o	native
ওয়ালিউল্লাহ্র	O y a l i u l l a h r o	compound
ওয়ালিক	O y a l i k	native
ওয়ালিকে	O y a l i k e	native
ওয়ালিদ	O y a l i d	native
ওয়ালিদকে	O y a l i d k e	native
ওয়ালিদা	O y a l i d a	native
ওয়ালিদে	O y a l i d e	native
ওয়ালিদের	O y a l i d e r	native
ওয়ালিমা	O y a l i m a	native
ওয়ালির	O y a l i r	native
ওয়ালিয়া	O y a l i y a	native
ওয়ালে	O y a l e	native
ওয়ালেট	O y a l e T	native
ওয়ালেদ	O y a l e d	native
ওয়ালের	O y a l e r	native
ওয়ালেস	O y a l e sh	native
ওয়ালেসকে	O y a l e sh k e	native
ওয়ালেসের	O y a l e sh e r	native
ওয়াল্ট	O y a l T	native
ওয়াল্টন	O y a l T o n	native
ওয়াল্টার	O y a l T a r	native
ওয়াল্টারকে	O y a l T a r k e	native
ওয়াল্টার্স	O y a l T a r sh	native
ওয়াল্ডনার	O y a l D n a r	native
ওয়াশ	O y a sh	native
ওয়াশান্তি	O y a sh a nt i	native
ওয়াশি	O y a sh i	native
ওয়াশিং	O y a sh i ng	native
ওয়াশিংটন	O a sh i ng T o n	native
ওয়াশিংটনকে	O y a sh i ng T o n k e	native
ওয়াশিংটনভিত্তিক	O y a sh i ng T o n bh i tt i k	compound
ওয়াশিংটনসহ	O y a sh i ng T o n sh o h O	native
ওয়াশিংটনে	O y a sh i ng T o n e	native
ওয়াশিংটনের	O y a sh i ng T o n e r	native
ওয়াশিমা	O y a sh i m a	native
ওয়াশিমার	O y a sh i m a r	native
ওয়াসওয়াসা	O y a sh O y a sh a	native
ওয়াসকরনি	O y a sh k o r o n i	native
ওয়াসফিয়া	O a sh ph i a	native
ওয়াসফিয়ার	O y a sh ph i y a r	native
ওয়াসল	O y a sh l	native
ওয়াসলকে	O y a sh l k e	native
ওয়াসলে	O y a sh l e	native
ওয়াসলের	O y a sh l e r	native
ওয়াসা	O y a sh a	native
ওয়াসাকে	O y a sh a k e	native
ওয়াসার	O y a sh a r	native
ওয়াসাসহ	O y a sh a sh o h O	native
ওয়াসায়	O y a sh a y	native
ওয়াসি	O y a sh i	native
ওয়াসিউদ্দিন	O y a sh i u d d i n	native
ওয়াসিফ	O y a sh i ph	native
ওয়াসিফকে	O y a sh i ph k e	native
ওয়াসিফের	O y a sh i ph e r	native
ওয়াসিম	O y a sh i m	native
ওয়াসিমকে	O y a sh i m k e	native
ওয়াসিমুল	O a sh i m u l	native
ওয়াসিমের	O y a sh i m e r	native
ওয়াসিল	O y a sh i l	native
ওয়াসেক	O y a sh e k	native
ওয়াসেল	O y a sh e l	native
ওয়াস্তা	O y a st a	native
ওয়াস্তে	O y a st e	native
ওয়াহ	O y a h	native
ওয়াহকে	O y a h k e	native
ওয়াহর	O y a h o r	native
ওয়াহহাব	O y a h h a b	native
ওয়াহাব	O y a h a b	native
ওয়াহাবি	O y a h a b i	native
ওয়াহাবের	O y a h a b e r	native
ওয়াহিদ	O a h i d	native
ওয়াহিদউদ্দিন	O y a h i d o u d d i n	native
ওয়াহিদকে	O y a h i d k e	native
ওয়াহিদসহ	O y a h i d sh o h O	native
ওয়াহিদা	O y a h i d a	native
ওয়াহিদুজ্জামান	O y a h i d u j j a m a n	compound
ওয়াহিদুজ্জামানকে	O y a h i d u j j a m a n k e	compound
ওয়াহিদুজ্জামানের	O y a h i d u j j a m a n e r	compound
ওয়াহিদুর	O y a h i d u r	native
ওয়াহিদুল	O y a h i d u l	native
ওয়াহিদের	O y a h i d e r	native
ওয়াহিশি	O y a h i sh i	native
ওয়াহেদ	O y a h e d	native
ওয়াহেদুজ্জামান	O y a h e d u j j a m a n	compound
ওয়াহেদুজ্জামানের	O y a h e d u j j a m a n e r	compound
ওয়াহেদুর	O y a h e d u r	native
ওয়াহেদুল	O y a h e d u l	native
ওয়াহেদের	O y a h e d e r	native
ওয়াহ্হাব	O y a h h a b	native
ওয়ায়েজ	O y a y e j	native
ওয়ায়েল	O y a y e l	native
ওয়ায়েস	O y a y e sh	native
ওয়ে	O y e	native
ওয়েং	O y e ng	native
ওয়েংগার	O y e ng g a r	native
ওয়েংগারকে	O y e ng g a r o k e	native
ওয়েংগারের	O y e ng g a r e r	native
ওয়েই	O y e i	native
ওয়েইন	O y e i n	native
ওয়েইনবাম	O y e i n b a m	native
ওয়েইনার	O y e i n a r	native
ওয়েইমিন	O y e i m i n	native
ওয়েউং	O y e u ng	native
ওয়েক	O y e k	native
ওয়েকলিন	O y e k l i n	native
ওয়েকুন	O y e k u n	native
ওয়েগা	O y e g a	native
ওয়েজ	O y e j	native
ওয়েজবোর্ড	O y e j b O r D	native
ওয়েজবোর্ডের	O y e j o b O r D e r	native
ওয়েট	O y e T	native
ওয়েটল্যান্ডস	O y e T l A n D sh	native
ওয়েটারকে	O y e T a r k e	native
ওয়েটারদের	O y e T a r d e r	native
ওয়েটিং	O y e T i ng r u m	native
ওয়েটিংয়ের	O y e T i ng y e r	loanword
ওয়েড	O y e D	native
ওয়েডল	O y e D o l	native
ওয়েডস	O y e D sh	native
ওয়েডিং	O y e D i ng	native
ওয়েডের	O y e D e r	native
ওয়েতজির	O y e t j i r	native
ওয়েতাহা	O y e t a h a	native
ওয়েতাহাকে	O y e t a h a k e	native
ওয়েতাহার	O y e t a h a r	native
ওয়েদার	O y e d a r	native
ওয়েদারপ্রুফ	O y e d a r pr u ph o	native
ওয়েদারলির	O y e d a r o l i r	native
ওয়েন	O y e n	native
ওয়েনের	O y e n e r	native
ওয়েন্ডি	O y e n D i	native
ওয়েফাক	O y e ph a k	native
ওয়েব	O y e b	native
ওয়েবকে	O y e b k e	native
ওয়েবক্যাম	O y e b k A m	loanword
ওয়েবপেজ	O y e b p e j	native
ওয়েবভিত্তিক	O y e b bh i tt i k	native
ওয়েবমেট্রিক্স	O y e b m e T r i k s	loanword
ওয়েবলিংক	O y e b l i ng k	native
ওয়েবসাইটই	O y e b sh a i T i	native
ওয়েবসাইটও	O y e b sh a i T O	native
ওয়েবসাইটকে	O y e b sh a i T k e	native
ওয়েবসাইটগুলো	O y e b sh a i T g u l O	native
ওয়েবসাইটগুলোতে	O y e b sh a i T g u l O t e	compound
ওয়েবসাইটগুলোতেও	O y e b sh a i T g u l O t e O	compound
ওয়েবসাইটগুলোর	O y e b sh a i T g u l O r	compound
ওয়েবসাইটটি	O y e b sh a i T T i	native
ওয়েবসাইটটিতে	O y e b sh a i T T i t e	native
ওয়েবসাইটটির	O y e b sh a i T T i r	native
ওয়েবসাইটসহ	O y e b sh a i T sh o h O	native
ওয়েবসাইটির	O y e b sh a i T i r	native
ওয়েবসাইটে	O y e b sh a i T e	native
ওয়েবসাইটেই	O y e b sh a i T e i	native
ওয়েবসাইটেও	O y e b sh a i T e O	native
ওয়েবসাইটের	O y e b sh a i T e r	native
ওয়েবসাইটেরও	O y e b sh a i T e r O	native
ওয়েবসেনস	O y e b sh e n sh	native
ওয়েবার	O y e b a r	native
ওয়েবি	O y e b i	native
ওয়েবে	O y e b e	native
ওয়েবের	O y e b e r	native
ওয়েভ	O y e bh	native
ওয়েভার	O y e bh a r	native
ওয়েভি	O y e bh i	native
ওয়েভিং	O y e bh i ng	native
ওয়েভির	O y e bh i r	native
ওয়েভের	O y e bh e r	native
ওয়েমার	O y e m a r	native
ওয়েম্বলি	O y e mb l i	native
ওয়েম্বলিতে	O y e mb l i t e	native
ওয়েম্বলির	O y e mb l i r	native
ওয়েরলান	O y e r l a n	native
ওয়ের্ডার	O y e r D a r	native
ওয়েল	O y e l	native
ওয়েলকাম	O y e l k a m	native
ওয়েলডন	O y e l D o n	native
ওয়েলথ	O y e l th	native
ওয়েলফেয়ার	O y e l ph e a r	loanword
ওয়েলবেক	O y e l b e k	native
ওয়েলশ	O y e l sh	native
ওয়েলস	O y e l sh	native
ওয়েলসে	O y e l sh e	native
ওয়েলসের	O y e l sh e r	native
ওয়েলিংটন	O y e l i ng T o n	native
ওয়েলিংটনে	O y e l i ng T o n e	native
ওয়েলিংটনের	O y e l i ng T o n e r	native
ওয়েলিকাদা	O y e l i k a d a	native
ওয়েলিয়াং	O y e l i y a ng	native
ওয়েলেগেদারার	O y e l e g e d a r a r	native
ওয়েলেসলি	O y e l e sh l i	native
ওয়েল্ডিং	O y e l D i ng	native
ওয়েল্ডিংয়ের	O y e l D i ng y e r	loanword
ওয়েস	O y e sh	native
ওয়েসফার্মারস	O y e sh ph a r m a r sh	native
ওয়েসলি	O y e sh l i	native
ওয়েসিস	O y e sh i sh	native
ওয়েসেলস	O y e sh e l o sh	native
ওয়েস্কা	O y e s k a	loanword
ওয়েস্ট	O y e sh T	loanword
ওয়েস্টউড	O y e s T u D	loanword
ওয়েস্টএন্ড	O y e sh T e n D	loanword
ওয়েস্টন	O y e s T o n	loanword
ওয়েস্টফিল্ডের	O y e s T ph i l D e r	loanword
ওয়েস্টমন্ট	O y e sh T m o n T	loanword
ওয়েস্টমন্টের	O y e sh T m o n T e r	loanword
ওয়েস্টমিনস্টার	O y e sh T m i n o sh T a r	loanword
ওয়েস্টমিনিস্টার	O y e s T m i n i s T a r	loanword
ওয়েস্টহাম	O y e s T h a m	loanword
ওয়েস্টহামের	O y e s T h a m e r	loanword
ওয়েস্টার	O y e s T a r	loanword
ওয়েস্টারমান	O y e s T a r m a n	loanword
ওয়েস্টারম্যান	O y e sh T a r m A n	loanword
ওয়েস্টারম্যানকে	O y e sh T a r m A n k e	loanword
ওয়েস্টারম্যানের	O y e sh T a r m A n e r	loanword
ওয়েস্টার্ন	O y e sh T a r n	loanword
ওয়েস্টিন	O y e s T i n	loanword
ওয়েস্টিনে	O y e s T i n e	loanword
ওয়েস্টিনের	O y e s T i n e r	loanword
ওয়েস্টের	O y e s T e r	loanword
ওয়্যার	O y A r	native
ওয়্যারলেস	O e j a r l e sh	native
ওয়্যারলেসে	O y A r l e sh e	native
ওয়্যারলেসের	O y A r l e sh e r	native
ওয়্যারস	O y A r sh	native
ওয়্যারহাউস	O y A r h a u sh	native
ওয়্যারহাউসে	O y A r h a u sh e	native
ওয়্যারিং	O y A r i ng	native
ওয়্যারের	O y A r e r	native
ক	k o	native
কং	k o ng	native
কংক	k o ng k O	native
কংকন	k o ng k o n	native
কংকনা	k o ng k o n a	native
কংকনি	k o ng k O n i	native
কংকনের	k o ng k o n e r	native
কংকমুখ	k o ng k O m u kh	native
কংকর	k o ng k o r	native
কংকরোল	k o ng k O r O l	native
কংকাল	k o ng k a l	native
কংকালটা	k o ng k a l T a	native
কংকালসার	k o ng k a l sh a r	native
কংকালে	k o ng k a l e	native
কংকালের	k o ng k a l e r	native
কংকুরা	k O ng k u r a	native
কংক্রিট	k o ng k ri T	native
কংক্রিটে	k o ng k ri T e	native
কংক্রিটের	k o ng k ri T e r	native
কংগনা	k o ng g o n a	native
কংগনার	k o ng g o n a r	native
কংগো	k o ng g O	native
কংগোতে	k o ng g O t e	native
কংগোর	k o ng g O r	native
কংগোয়	k o ng g O y	native
কংগ্রেশনাল	k o ng gr e sh o n a l	native
কংগ্রেস	k o ng gr e sh	native
কংগ্রেসই	k o ng gr e sh i	native
কংগ্রেসও	k o ng gr e sh O	native
কংগ্রেসকে	k o ng gr e sh k e	native
কংগ্রেসদলিয়	k o ng gr e sh d o l i y o	native
কংগ্রেসনেতা	k o ng gr e sh n e t a	native
কংগ্রেসবিরোধি	k o ng gr e sh b i r O dh i	compound
কংগ্রেসম্যান	k o ng gr e sh m A n	native
কংগ্রেসম্যানদের	k o ng gr e sh m A n d e r	compound
কংগ্রেসম্যানরা	k o ng gr e sh m A n r a	compound
কংগ্রেসম্যানের	k o ng gr e sh m A n e r	compound
কংগ্রেসে	k o ng gr e sh e	native
কংগ্রেসের	k o ng gr e sh e r	native
কংলাক	k o ng l a k	native
কংস	k o ng sh O	native
কংসক	k o ng sh O k	native
কংসনগর	k o ng sh o n o g o r	native
কংসবনিক	k o ng sh O b O n i k	native
কংসের	k o ng sh e r	native
কং্গো	k o ng g O	native
কআ	k o y a	native
কই	k O i	native
কইও	k o i O	native
কইখালি	k O i kh a l i	native
কইছি	k O i chh i	native
কইছিল	k O i chh i l O	native
কইছে	k O i chh e	native
কইজুরি	k O i j u r i	native
কইত	k O i t O	native
কইতর	k O i t o r	native
কইতাম	k o i t a m	native
কইতে	k O i t e	native
কইন্যা	k o i n n a	native
কইন্যার	k o i n n a r	native
কইবর্ত	k O i b o r t O	native
কইবল্যধাম	k O i b O l l O dh a m	native
কইবেন	k o i b e n	native
কইমু	k o i m u	native
কইর	k O i r	native
কইরছে	k o i r chh e	native
কইরা	k O i r a	native
কইরালা	k O i r a l a	native
কইরালার	k O i r a l a r	native
কইরে	k O i r e	native
কইরেন	k O i r e n	native
কইরো	k o i r O	native
কইর্যা	k o i r j a	native
কইরয়্যা	k o i r o y A	native
কইল	k o i l o	native
কইলাম	k O i l a m	native
কইলাশ	k O i l a sh	native
কইলাস	k O i l a sh	native
কইলে	k O i l e	native
কইলো	k o i l O	native
কইশলা	k O i sh o l a	native
কইশলার	k O i sh O l a r	native
কইশোর	k O i sh O r	native
কইশোরে	k O i sh O r e	native
কইয়া	k o i y a	native
কইয়ে	k O i y e	native
কইয়ের	k o i y e r	native
কইয়্যা	k o i y a	native
কউতর	k o u t o r	native
কও	k o O	native
কওছার	k o O chh a r	native
কওমি	k o O m i	native
কওমের	k o O m e r	native
কওলা	k o O l a	native
কওসর	k o O sh o r	native
কওয়া	k o O y a	native
ককখটি	k o k kh o T i	native
ককটেল	k o k T e l	native
ককটেলগুলো	k o k T e l g u l O	native
ককটেলসদৃশ	k o k T e l sh o d ri sh	tatsama
ককটেলসহ	k o k T e l sh o h O	native
ককটেলে	k o k T e l e	native
ককটেলের	k o k T e l e r	native
ককপিট	k o k p i T	native
ককবার্ন	k o k b a r n	native
ককসিডাইনিয়া	k o k sh i D a i n i y a	native
ককসিস	k o k sh i sh	native
ককসিসের	k o k sh i sh e r	native
ককানো	k o k a n O	native
ককাস	k o k a sh	native
ককাসে	k o k a sh e	native
ককাসের	k o k a sh e r	native
ককুঞ্জল	k o k u nj o l	tatsama
ককুন্দর	k O k u nd o r	native
ককের	k o k e r	native
ককেশাস	k o k e sh a sh	native
ককেশাসের	k o k e sh a sh e r	native
ককেশিয়	k o k e sh i y	native
ককেসাস	k o k e sh a sh	native
কক্কাস	k o k k a sh	native
কক্বরক	k o k b o r k	native
কক্বরকে	k o k b o r k e	native
কক্ষই	k o kkh o i	tatsama
কক্ষও	k o kkh o O	tatsama
কক্ষকে	k o kkh o k e	tatsama
কক্ষগুলোতে	k o kkh o g u l O t e	tatsama
কক্ষচ্যুত	k o kkh o ch chh u t	tatsama
কক্ষটিকে	k o kkh o T i k e	tatsama
কক্ষটির	k O kkh O T i r	tatsama
কক্ষনো	k o kkh o n O	tatsama
কক্ষপথে	k O kkh O p o th e	tatsama
কক্ষবিশিশ্ট	k O kkh O b i sh i sh T O | k o kkh o b i sh i sh T o	tatsama
কক্ষসংকট	k o kkh o sh o ng k o T	tatsama
কক্ষসহ	k o kkh o sh o h O	tatsama
কক্ষে	k o kkh e	tatsama
কক্ষেই	k o kkh e i	tatsama
কক্ষেও	k o kkh e O	tatsama
কক্সবাজার	k o k s b a j a r	loanword
কক্সবাজারকে	k o k s b a j a r k e	loanword
কক্সবাজারগামি	k o k s b a j a r g a m i	loanword
কক্সবাজারসহ	k o k s b a j a r sh o h O	loanword
কক্সবাজারে	k o k s b a j a r e	loanword
কক্সবাজারের	k o k s b a j a r e r	loanword
কখনই	k o kh O n O i	native
কখনওই	k o kh O n O i	native
কখনোই	k o kh O n O i	native
কখনোবা	k o kh O n O b a	native
কখনোসখনো	k o kh o n O sh o kh o n O	native
কখানোই	k o kh a n O i	native
কগনিজেন্স	k o g n i j e n s	loanword
কগনিটিভ	k o g n i T i bh	native
কগিন	k o g i n o	native
কচংগন	k o ch o ng g o n	native
কচকচি	k o ch k O ch i	native
কচটানো	k o ch ch a n O	native
কচমচ	k o ch m o ch	native
কচমা	k o ch m a	native
কচলানো	k o ch l a n O	native
কচলা–কচলি	k o ch l a k o ch l i	native
কচলে	k O ch l e	native
কচাকচি	k o ch a k O ch i	native
কচানো	k o ch a n O	native
কচাল	k o ch a l	native
কচাৎ	k o ch a t	native
কচায়ন	k o ch a y O n	native
কচি	k O ch i	native
কচিকাচা	k O ch i k a ch a	native
কচিকাচার	k o ch i k a ch a r | k O ch i k a ch a r	native
কচিখালি	k O ch i kh a l i | k o ch i kh a l i	native
কচিখালির	k o ch i kh a l i r	native
কচুকাটা	k O ch u k a T a	native
কচুক্ষেত	k o ch u kh e t	tatsama
কচুক্ষেতে	k o ch u kh e t e	tatsama
কচুক্ষেতের	k o ch u kh e t e r	tatsama
কচুগাছ	k o ch u g a chh	native
কচুপাত্রা	k o ch u p a tr a	native
কচুমুখি	k o ch u m u kh i	native
কচুর	k O ch u r	native
কচুরি	k O ch u r i	native
কচুরিপানা	k O ch u r i p a n a	native
কচুরিপানার	k O ch u r i p a n a r	native
কচুরিপানায়	k o ch u r i p a n a y	native
কচুয়া	k O ch u y a	native
কচুয়ার	k o ch u y a r	native
কচুয়ায়	k o ch u y a y	native
কচেবারো	k o ch e b a r O	native
কচ্ছ	k o ch chh O	native
কচ্ছপগতিতে	k o ch chh o p g o t i t e	native
কচ্ছপগুলো	k o ch chh O p g u l O	native
কচ্ছপটি	k o ch chh o p T i	native
কচ্ছপটির	k o ch chh o p T i r	native
কচ্ছপসহ	k o ch chh o p T i sh o h O	native
কচ্ছপিয়া	k o ch chh o p i y a	native
কচ্ছপের	k o ch chh O p e r	native
কচ্ছু	k o ch chh u	native
কচড়া	k o ch r a	native
কছম	k o sh o m	native
কছর	k o sh o r	native
কছরত	k o sh r o t	native
কছিফ	k O chh i ph	native
কছু	k O chh u	native
কছুর	k o ch u r	native
কছেল্লা	k o chh e l l a	native
কজ	k o j	native
কজওয়ে	k o j O y e	native
কজনা	k o j o n a	native
কজনে	k o j o n e	native
কজনের	k o j O n e r	native
কজনেরই	k o j o n e r i	native
কজলা	k o j l a	native
কজিয়া	k o j i y a	native
কজেস	k o j e sh	native
কজ্জল	k o j j o l	native
কজ্জলি	k o j j O l i	native
কঞ্চি	k O nch i	tatsama
কঞ্চিপাড়া	k o nch i p a r a	tatsama
কঞ্চিবাড়ি	k o nch i b a r i	tatsama
কঞ্চির	k o nch i r	tatsama
কঞ্চুকি	k O nch u k i	tatsama
কঞ্চুল	k o nch u l	tatsama
কঞ্জ	k o nj O	tatsama
কঞ্জুমারস	k o nj u m a r sh	tatsama
কঞ্জুস	k o nj u sh	tatsama
কট	k o T	native
কটক	k o T o k	native
কটকট	k o T k o T	native
কটকবালা	k o T k o b a l a	native
কটকা	k o T k a	native
কটকি	k o T k i	native
কটকেনা	k o T k e n a	native
কটন	k o T O n	native
কটনসহ	k o T O n sh o h O	native
কটনের	k o T O n e r	native
কটমট	k o T m o T	native
কটলার	k o T l a r	native
কটলারের	k o T l a r e r	native
কটা	k o T a	native
কটাক্ষপাত	k o T a kkh O p a t	tatsama
কটাক্ষপুর্ন	k o T a kkh o p u r n o	tatsama
কটাক্ষমুলক	k o T a kkh o m u l o k	tatsama
কটাক্ষে	k o T a kkh e	tatsama
কটাক্ষের	k o T a kkh e r	tatsama
কটাখ	k o T a kh	native
কটাল	k o T a l	native
কটাস	k o T a sh	native
কটাহ	k o T a h O	native
কটাৎ	k o T a t	native
কটায়	k o T a y o	native
কটি	k O T i	native
কটিই	k o T i i	native
কটিতে	k O T i t e	native
কটিতেই	k o T i t e i	native
কটির	k o T i r	native
কটিরই	k o T i r i	native
কটিয়াদি	k o T i y a d i	native
কটিয়াদিতে	k o T i y a d i t e	native
কটু	k O T u	native
কটুকথা	k o T u k o th a	native
কটুক্তির	k O T u kt i r | k o T u kt i r	native
কটুবাক্য	k o T u b a k k o	native
কটেজ	k o T e j	native
কটেজগুলো	k o T e j g u l O	native
কটেজগুলোতে	k o T e j g u l O t e	native
কটেজে	k o T e j e	native
কটেজের	k o T e j e r	native
কটোরা	k o T O r a	native
কট্টর	k o T T o r	native
কট্টরপন্থিদের	k o T T O r p O n th i d e r | k o T T o r p o n th i d e r	compound
কট্টরপন্থিরা	k o T T o r p o n th i r a	native
কঠিনই	k O Th i n i	native
কঠিনও	k O Th i n O	native
কঠিনতম	k O Th i n t o m O	native
কঠিনতর	k O Th i n t o r O	native
কঠিনভাবে	k O Th i n bh a b e	native
কঠিনিকৃত	k O Th i n i k r i t O	tatsama
কঠিনিভুত	k O Th i n i bh u t O	native
কঠিনের	k o Th i n e r	native
কঠিনেরে	k o Th i n e r e	native
কঠিনেরেই	k o Th i n e r e i	native
কঠিয়া	k O Th i y a	native
কঠোরই	k o Th O r i	native
কঠোরতম	k o Th O r t o m o	native
কঠোরতর	k o Th O r t o r o	native
কঠোরতা	k o Th O r o t a	native
কড	k o D	native
কডা	k o D a	native
কড্ডা	k o D D a	native
কড্ডার	k o D D a r	native
কতই	k o t O i	native
কতক	k o t O k	native
কতকগুলো	k o t O k g u l O	native
কতকটা	k o t O k T a	native
কতকিছু	k o t O k i chh u	native
কতকিছুই	k o t o k i chh u i	native
কতক্ষন	k o t o kkh o n | k o t O kkh O n	tatsama
কতক্ষনে	k o t o kkh o n e	tatsama
কতক্ষনের	k o t o kkh o n e r | k o t O kkh o n e r	tatsama
কতজনই	k o t o j o n i	native
কতজনকে	k o t O j o n k e	native
কতটাই	k o t o T a i	native
কতটুক	k o t o T u k	native
কতটুকুই	k o t O T u k u i	native
কততম	k o t O t o m O	native
কতদুর	k o t O d u r | k o t o d u r	native
কতবার	k o t O b a r	native
কতবারই	k o t o b a r i	native
কতভাবেই	k o t O bh a b e i	native
কতশত	k o t o sh o t o	native
কতসংখ্যক	k o t o sh o ng kh o k	native
কতহু	k o t o h u	native
কতি	k O t i	native
কতিপয়	k O t i p o y	native
কতিপয়ের	k o t i p o y e r	native
কতৃপক্ষ	k o r t r i p o kkh o	tatsama
কতেক	k o t e k	native
কতোখানি	k o t O kh a n i	native
কতোটা	k o t O T a	native
কতোটুকু	k o t O T u k u	native
কত্ত	k o tt O	native
কত্তাম	k o tt a m	native
কত্তি	k o tt i	native
কত্তো	k o tt O	native
কত্থক	k o t th o k	native
কথ	k o th	native
কথকতা	k o th O k o t a	native
কথঞ্চিৎ	k o th O nch i t	tatsama
কথন	k o th O n	native
কথনে	k o th O n e	native
কথনের	k o th O n e r	native
কথাই	k o th a i	native
কথাও	k O th a u	native
কথাকলি	k o th a k O l i	native
কথাকাটাকাটির	k o th a k a T a k a T i r	native
কথাকেই	k o th a k e i	native
কথাকেও	k o th a k e O	native
কথাগুলোই	k o th a g u l O i	native
কথাগুলোর	k o th a g u l O r	native
কথাচ্ছলে	k o th a ch chh o l e	native
কথাটা	k o th a T a	native
কথাটাই	k o th a T a i	native
কথাটাও	k o th a T a O	native
কথাটাকে	k o th a T a k e	native
কথাটাতে	k o th a T a t e	native
কথাটার	k o th a T a r	native
কথাটায়	k o th a T a y	native
কথাটিই	k o th a T i i	native
কথাটিও	k o th a T i O	native
কথাটিকে	k o th a T i k e	native
কথাটিতে	k o th a T i t e	native
কথাটির	k o th a T i r	native
কথাটুকু	k o th a T u k u	native
কথাতে	k o th a t e	native
কথাতেই	k o th a t e i	native
কথাবন্ধু	k o th a b O ndh u	tatsama
কথাবন্ধুদের	k o th a b o ndh u d e r	tatsama
কথাবন্ধুরা	k o th a b o ndh u r a	tatsama
কথাবার্তা	k o th a b a r t a	native
কথাবার্তাই	k o th a b a r t a i	native
কথাবার্তাকে	k o th a b a r t a k e	native
কথাবার্তাতেও	k o th a b a r t a t e O	native
কথাবার্তার	k o th a b a r t a r	native
কথাবার্তায়	k o th a b a r t a y	native
কথাবার্তায়ও	k o th a b a r t a y O	native
কথামত	k o th a m O t O	native
কথামতোই	k o th a m o t O i	native
কথামালার	k o th a m a l a r	native
কথামালায়	k o th a m a l a y	native
কথাশিল্পি	k o th a sh i l p i	native
কথাসাহিত্য	k o th a sh a h i t t O	native
কথাসাহিত্যিকদের	k o th a sh a h i t t i k d e r	compound
কথাসাহিত্যিকের	k o th a sh a h i t t i k e r	compound
কথাসাহিত্যে	k o th a sh a h i t t e	native
কথাসাহিত্যের	k o th a sh a h i t t e r	native
কথায়	k o th a y o	native
কথায়ই	k o th a y i	native
কথায়ও	k o th a y O	native
কথিকা	k O th i k a	native
কথিকায়	k o th i k a y	native
কথিত	k O th i t O	native
কথিতমতে	k o th i t o m o t e	native
কথিহু	k O th i h u	native
কথুকি	k O th u k i	native
কথো	k o th O	native
কথোপকথন	k o th O p O k o th O n	native
কথোপকথনে	k o th O p O k o th O n e	native
কথোপকথনের	k o th O p O k o th O n e r	native
কথ্য	k O t th O	native
কথ্যকাহিনি	k o t th o k a h i n i	native
কথ্যভাশা	k o t th o bh a sh a	native
কথ্যভাশায়	k o t th o bh a sh a y	native
কদ	k o d	native
কদক্ষর	k o d O kkh o r	tatsama
কদন্ন	k o d o nn O	native
কদবেল	k o d b e l	native
কদভ্যাস	k o d O b bh A sh	native
কদম	k o d O m	native
কদমও	k o d o m O	native
কদমগাছের	k o d o m g a chh e r	native
কদমতলা	k o d O m t o l a	native
কদমতলার	k o d o m t o l a r	native
কদমতলায়	k o d o m t o l a y	native
কদমতলি	k o d O m t O l i | k o d o m t o l i	native
কদমতলিতে	k o d o m t o l i t e	native
কদমতলির	k o d O m t O l i r | k o d o m t o l i r	native
কদমপুর	k o d o m p u r	native
কদমফুল	k o d o m ph u l	native
কদমবুসি	k o d O m b u sh i	native
কদমরসুল	k o d o m r o sh u l	native
কদমে	k o d O m e	native
কদমের	k o d O m e r	native
কদম্ব	k o d o mb O	native
কদর	k o d O r	native
কদরের	k o d O r e r	native
কদর্থ	k o d r o th O	native
কদাকার	k o d a k a r	native
কদাচ	k o d a ch	native
কদাচিত্	k o d a ch i t	native
কদাপি	k o d a p i	native
কদাহার	k o d a h a r	native
কদিন	k o d i n	native
কদিনে	k o d i n e	native
কদিনেই	k o d i n e i	native
কদু	k O d u	native
কদুক্তি	k o d u kt i	native
কদুত্তর	k o d u tt o r	native
কদুরখিল	k o d u r kh i l	native
কদুশ্ন	k o d u sh n O	native
কদুৎসাহি	k o d u t sh a h i	native
কদ্দিন	k o d d i n	native
কদ্দুস	k o d d u sh	native
কন	k o n k o n o | k o n	native
কনওয়ে	k o n O y e	native
কনক	k o n O k	native
কনকচাপা	k o n o k ch a p a | k o n O k ch a p a	native
কনকচাপার	k o n o k ch a p a r | k o n O k ch a p a r	native
কনকন	k o n k o n	native
কনকর্ড	k o n k o r D	native
কনকর্ডিয়া	k o n k o r D i y a	native
কনকলতা	k o n O k l o t a	native
কনকাম্ভোজ	k o n O k a m bh O j	native
কনকারেন্ট	k o n k a r e n T	native
কনকেভিটি	k o n k e bh i T i	native
কনকো	k o n k O	native
কনকোফিলিপসের	k o n k O ph i l i p sh e r	native
কনক্যাকাফ	k o n k e k a ph	native
কনক্রিট	k o n kr i T	native
কনজাংটিভাইটিস	k o n j a ng T i bh a i T i sh	compound
কনজারভেটিভ	k o n j a r bh e T i bh	native
কনজারভেটিভদের	k o n j a r bh e T i bh d e r	compound
কনজারভেটিভরা	k o n j a r bh e T i bh r a	native
কনজিউমার	k o n j i u m a r	native
কনজুমার	k O n j u m a r	native
কনজুমারস	k o n j u m a r sh	native
কনজ্যুমার	k o n j u m a r	native
কনজ্যুমারস	k o n j u m a r sh	native
কনটাক্ট	k o n T a k T	native
কনটিনজেন্ট	k o n T i n j e n T	native
কনটিনজেন্টের	k o n T i n j e n T e r	loanword
কনটিনিউড	k o n T i n i u D	native
কনটেইনার	k o n T e i n a r	native
কনটেইনারগুলো	k o n T e i n a r g u l O	native
কনটেইনারটি	k O n T e i n a r T i	native
কনটেইনারপ্রতি	k o n T e i n a r pr o t i	compound
কনটেইনারবাহি	k o n T e i n a r b a h i	native
কনটেইনারস	k o n T e i n a r sh	native
কনটেইনারে	k o n T e i n a r e	native
কনটেইনারের	k o n T e i n a r e r	native
কনটেইনার্স	k o n T e i n a r sh	native
কনটেক্সট	k o n T e k s T	loanword
কনটেন্ট	k o n T e n T	native
কনটেন্টটি	k o n T e n T T i	native
কনটেন্টটির	k o n T e n T T i r	native
কনটেন্টের	k o n T e n T e r	native
কনটেম্পট	k o n T e mp T	loanword
কনটেম্পরারি	k o n T e mp r a r i	loanword
কনটেস্ট	k o n T e sh T	loanword
কনটেস্টে	k o n T e s T e	loanword
কনট্যাক্ট	k o n T A k T	native
কনট্রাস্ট	k o n T r a sh T	loanword
কনট্রোলস	k o n T r O l sh	loanword
কনডম	k o n D O m	native
কনডমের	k o n D O m e r	native
কনডাক্ট	k o n D a k T	native
কনডেনসড	k o n D e n sh o D	native
কনডেনসেট	k o n D e n sh e T	native
কনডেন্স	k o n D e n s	loanword
কনডেম	k o n D e m	native
কনফারমেশন	k o n ph a r m e sh o n	native
কনফারেন্স	k o n ph a r e n s	loanword
কনফারেন্সিং	k o n ph a r e n s i ng	loanword
কনফারেন্সিংয়ের	k o n ph a r e n s i ng y e r	loanword
কনফারেন্সে	k o n ph a r e n s e	loanword
কনফার্ম	k o n ph a r m	native
কনফার্মিং	k o n ph a r m i ng	loanword
কনফার্মেশন	k o n ph a r m e sh O n	native
কনফিউজড	k o n ph i u j D	native
কনফিগার	k o n ph i g a r	native
কনফিগারেশনের	k o n ph i g a r e sh o n e r	native
কনফিডেনসিয়াল	k o n ph i D e n s i y a l	loanword
কনফিডেন্স	k o n ph i D e n s	loanword
কনফুসিয়াস	k o n ph u sh i y a sh	native
কনফেকশনারিতে	k o n ph e k sh o n a r i t e	native
কনফেকশনারির	k o n ph e k sh o n a r i r	native
কনফেডারেশন	k o n ph e D a r e sh o n	native
কনফেডারেশনস	k o n ph e D a r e sh o n sh	native
কনফেডারেশন্স	k o n ph e D a r e sh o n s	loanword
কনফ্লিক্ট	k o n ph l i k T	loanword
কনভারশন	k o n bh a r sh o n	native
কনভারসন	k o n bh a r sh o n	native
কনভার্ট	k o n bh a r T	native
কনভার্টেবল	k o n bh a r T e b o l	native
কনভার্স	k o n bh a r sh	native
কনভার্সন	k o n bh a r sh o n	native
কনভেনশনগুলো	k o n bh e n sh o n g u l O	native
কনভেনশনটি	k o n bh e n sh o n T i	native
কনভেনশনটিতে	k o n bh e n sh o n T i t e	native
কনভেনশনে	k o n bh e n sh o n e	native
কনভেশন	k o n bh e sh o n	native
কনভোকেশন	k o n bh O k e sh o n	native
কনভয়	k o n bh o y	native
কনমেবল	k o n m e b o l	native
কনর	k o n o r	native
কনরাড	k o n r a D	native
কনরাডের	k o n r a D e r	native
কনরার্ড	k o n r a r D	native
কনরের	k o n r e r	native
কনসপাইরেসি	k o n sh p a i r e sh i	native
কনসারটেশিয়ন	k o n sh a r T e sh i y o n	native
কনসারটেশিয়নের	k o n sh a r T e sh i y o n e r	compound
কনসার্টটি	k o n sh a r T T i	native
কনসার্টে	k o n sh a r T e	native
কনসার্টের	k o n sh a r T e r	native
কনসার্ন	k o n sh a r n	native
কনসাল	k o n sh a l	native
কনসালটিং	k o n sh a l T i ng	native
কনসালটেটিভ	k o n sh a l T e T i bh	native
কনসালটেন্ট	k o n sh a l T e n T	native
কনসালটেন্সি	k o n s a l T e n s i	loanword
কনসালটেশন	k o n sh a l T e sh o n	native
কনসালট্যান্ট	k o n sh a l T A n T	native
কনসালট্যান্টরা	k o n sh a l T e n T o r a	compound
কনসালট্যান্টস	k o n sh a l T e n T o sh	compound
কনসালট্যান্টসহ	k o n sh a l T e n T sh o h O	compound
কনসালট্যান্টের	k o n sh a l T e n T e r	compound
কনসালট্যান্সি	k o n s a l T e n s i	loanword
কনসালট্যান্সির	k o n s a l T e n s i r	loanword
কনসাল্ট	k o n sh a l T	native
কনসিভ	k o n sh i bh	native
কনসিলার	k o n sh i l a r	native
কনসুলার	k o n sh u l a r	native
কনসুলেট	k o n sh u l e T	native
কনসুলেটে	k o n sh u l e T e	native
কনসুলেটের	k o n sh u l e T e r	native
কনসেপসিওন	k o n sh e p sh i O n	native
কনসেপ্ট	k o n sh e p T	native
কনসোর্টিয়াম	k o n sh O r T i y a m	native
কনসোর্টিয়ামের	k o n sh O r T i y a m e r	compound
কনসোল	k o n sh O l	native
কনসোলটি	k o n sh O l T i	native
কনসোলটির	k o n sh O l T i r	native
কনস্টিটিউশন	k o n s T i T i u sh o n	loanword
কনস্টিটিউশনাল	k o n sh T i T i u sh o n a l	loanword
কনস্টেবল	k o n s T e b o l	loanword
কনস্টেবলকে	k o n O sh T e b O l k e	loanword
কনস্টেবলরা	k o n sh T e b o l r a	loanword
কনস্টেবলসহ	k o n sh T e b o l sh o h O	loanword
কনস্ট্রাকশনকে	k o n sh T r a k sh o n k e	loanword
কনস্ট্রাকশনে	k o n sh T r a k sh o n e	loanword
কনস্ট্রাকশনের	k o n sh T r a k sh o n e r	loanword
কনস্যুলার	k o n sh u l a r	native
কনস্যুলেট	k o n sh u l e T	native
কনস্যুলেটে	k o n sh u l e T e	native
কনা	k o n a	native
কনাগুলো	k o n a g u l O	native
কনাদ	k o n a d	native
কনার	k o n a r	native
কনায়	k o n a y	native
কনি	k o n i	native
কনিক	k O n i k	native
কনিকা	k o n i k a | k O n i k a	native
কনিকাগুলোর	k o n i k a g u l O r	native
কনিকার	k o n i k a r | k O n i k a r	native
কনিনিকা	k O n i n i k a	native
কনিশ্ক	k o n i sh k o	native
কনিশ্ঠ	k o n i sh Th O | k o n i sh Th o	native
কনিশ্ঠতম	k O n i sh Th O t o m O | k o n i sh Th o t o m o	native
কনিশ্ঠদের	k o n i sh Th o d e r	native
কনিশ্ঠা	k O n i sh Th a	native
কনিশ্ঠার	k o n i sh Th a r	native
কনিয়সি	k O n i y O sh i	native
কনিয়ান	k O n i y a n	native
কনুইতে	k o n u i t e	native
কনুইয়ে	k o n u i y e	native
কনুইয়ের	k o n u i y e r	native
কনেকে	k O n e k e	native
কনেঠ	k o n e Th	native
কনেদের	k o n e d e r	native
কনেপক্ষ	k O n e p o kkh O	tatsama
কনেল	k o n e l	native
কনোকো	k o n O k O	native
কনোকোফিলিপস	k o n O k O ph i l i p sh	native
কনোকোফিলিপসকে	k o n O k O ph i l i p sh k e	compound
কনোকোফিলিপসের	k o n O k O ph i l i p sh e r	compound
কনোকোর	k o n O k O r	native
কন্টক	k o n T O k	native
কন্টকাকির্ন	k o n T o k a k i r n o | k o n T O k a k i r n O	native
কন্টকি	k o n T O k i	native
কন্টকিত	k o n T o k i t o	native
কন্টি	k O n T i	native
কন্টিকা	k O n T i k a	native
কন্টিকারি	k O n T i k a r i	native
কন্টিনজেন্ট	k o n T i n j e n T	native
কন্টিনিউ	k o n T i n i u	native
কন্টিনিউড	k o n T i n i u D	native
কন্টিনেন্ট	k o n T i n e n T	native
কন্টিনেন্টাল	k o n T i n e n T a l	native
কন্টেইনার	k o n T e i n a r	native
কন্টেইনারটি	k o n T e i n a r T i	native
কন্টেইনারস	k o n T e i n a r sh	native
কন্টেইনারে	k o n T e i n a r e	native
কন্টেন্ট	k o n T e n T	native
কন্ট্যাক্ট	k o n T A k T	native
কন্ট্যাক্টমিউজিক	k o n T a k T m i u j i k	compound
কন্ট্রাকদারি	k o n T r a k d a r i	loanword
কন্ট্রাক্টর	k o n T r a k T o r	loanword
কন্ট্রাক্টরদের	k o n T r a k T o r d e r	loanword
কন্ট্রাস্ট	k o n T r a sh T	loanword
কন্ট্রোভার্সিয়াল	k o n T r O bh a r s i y a l	loanword
কন্ট্রোল	k o n T r O l	loanword
কন্ট্রোলড	k o n T r O l D	loanword
কন্ট্রোলরুম	k o n T r O l r u m	loanword
কন্ট্রোলার	k o n T r O l a r	loanword
কন্ট্রোলারদের	k o n T r O l a r d e r	loanword
কন্ট্রোলাররা	k o n T r O l a r r a	loanword
কন্ট্রোলে	k o n T r O l e	loanword
কন্ট্রোলের	k o n T r O l e r	loanword
কন্ঠই	k o n Th O i	native
কন্ঠও	k o n Th o O | k o n Th O	native
কন্ঠকে	k o n Th o k e | k o n Th O k e	native
কন্ঠটা	k o n Th o T a | k o n Th O T a	native
কন্ঠটি	k o n Th O T i	native
কন্ঠনালিতে	k o n Th o n a l i t e	native
কন্ঠনালির	k o n Th O n a l i r	native
কন্ঠভোটে	k o n Th o bh O T e | k o n Th O bh O T e	native
কন্ঠরোধ	k o n Th o r O dh | k o n Th O r O dh	native
কন্ঠরোধের	k o n Th o r O dh e r	native
কন্ঠশিল্পি	k o n Th o sh i l p i | k o n Th O sh i l p i	native
কন্ঠশিল্পিদের	k o n Th O sh i l p i d e r	compound
কন্ঠশিল্পির	k o n Th o sh i l p i r | k o n Th O sh i l p i r	native
কন্ঠসোইনিক	k o n Th o sh O i n i k	native
কন্ঠস্বর	k o n Th o sh o r | k o n Th O sh o r	tatsama
কন্ঠস্বরও	k o n Th o sh o r O	tatsama
কন্ঠস্বরকে	k o n Th o sh o r k e	tatsama
কন্ঠস্বরে	k o n Th o sh o r e | k o n Th O sh o r e	tatsama
কন্ঠস্বরের	k o n Th o sh o r e r | k o n Th O sh o r e r	tatsama
কন্ঠা	k O n Th a	native
কন্ঠি	k O n Th i	native
কন্ঠিনালা	k o n Th i n a l a	native
কন্ঠিরব	k O n Th i r o b	native
কন্ঠে	k o n Th e	native
কন্ঠেই	k o n Th e i	native
কন্ঠেও	k o n Th e O	native
কন্ঠের	k o n Th e r	native
কন্ঠ্য	k o n Th O	native
কন্ডন	k o n D o n	native
কন্ডাক্ট	k o n D a k T	native
কন্ডাক্টর	k o n D a k T O r	native
কন্ডারি	g o n D a r i	native
কন্ডিশন	k o n D i sh O n	native
কন্ডিশনকে	k o n D i sh o n k e	native
কন্ডিশনটা	k o n D i sh o n T a	native
কন্ডিশনার	k o n D i sh o n a r	native
কন্ডিশনারের	k o n D i sh o n a r e r	native
কন্ডিশনিং	k o n D i sh O n i ng	native
কন্ডিশনে	k o n D i sh o n e	native
কন্ডিশনেও	k o n D i sh o n e O	native
কন্ডিশনের	k o n D i sh O n e r	native
কন্ডোল	k o n D O l	native
কন্ডোলিৎসা	k o n D O l i t sh a	native
কন্থা	k o n th a	native
কন্দক	k o nd o k	native
কন্দর	k o nd o r	native
কন্দর্প	k o nd o r p O	native
কন্দল	k o nd o l	native
কন্দলি	k o nd O l i	native
কন্দাল	k o nd a l	native
কন্দিল	k O nd i l	native
কন্দু	k O nd u	native
কন্ধ	k o ndh O	tatsama
কন্ধর	k o ndh o r	tatsama
কন্নার	k o nn a r	native
কন্নাল	k o nn a l	native
কন্ব	k o n n O	native
কন্যা	k O n n a	native
কন্যাই	k o n n a i	native
কন্যাকা	k O n n a k a	native
কন্যাকে	k O n n a k e	native
কন্যাটি	k o n n a T i	native
কন্যাদায়গ্রস্ত	k o n n a d a y gr o st o	compound
কন্যান	k O n n a n	native
কন্যার	k O n n a r	native
কন্যাশিশু	k O n n a sh i sh u	native
কন্যাশিশুকে	k O n n a sh i sh u k e	native
কন্যাশিশুর	k O n n a sh i sh u r	native
কন্যাসন্তান	k O n n a sh o nt a n	native
কন্যাসন্তানদের	k o n n a sh o nt a n d e r	compound
কন্সার্ন	k o n s a r n	loanword
কনয়া	k o n o y a	native
কপ	k o p	native
কপচানো	k o p ch a n O	native
কপট	k o p O T	native
কপটতা	k o p o T o t a	native
কপটতার	k o p o T o t a r	native
কপটিক	k o p T i k	native
কপর্দ	k o p O r d O	native
কপর্দক	k o p O r d o k	native
কপর্দকশুন্য	k o p o r d o k sh u n n o	native
কপর্দি	k o p O r d i	native
কপাকপ	k o p a k o p	native
কপাট	k o p a T	native
কপাটক	k o p a T o k	native
কপাবিক	k o p a b i k	native
কপারের	k o p a r e r	native
কপালকুন্ডলা	k o p a l k u n D o l a	native
কপালগুনে	k o p a l g u n e	native
কপালটা	k o p a l T a	native
কপালি	k o p a l i	native
কপালিয়ায়	k o p a l i y a y	native
কপালেই	k o p a l e i	native
কপালেও	k o p a l e O	native
কপালের	k o p a l e r	native
কপাৎ	k o p a t	native
কপি	k o p i	native
কপিই	k o p i i	native
কপিও	k O p i O	native
কপিকল	k o p i k o l	native
কপিগুলো	k o p i g u l O	native
কপিঞ্জল	k O p i nj o l	tatsama
কপিটি	k o p i T i	native
কপিতে	k o p i t e	native
কপিত্থ	k O p i t th O	native
কপির	k o p i r	native
কপিরাইট	k o p i r a i T	native
কপিল	k O p i l	native
কপিলকে	k o p i l k e	native
কপিলমুনি	k O p i l m u n i	native
কপিলমুনি-পাইকগাছা	k O p i l m u n i p a i k g a chh a	compound
কপিলা	k O p i l a	native
কপিলার	k O p i l a r	native
কপিলের	k O p i l e r	native
কপিশ	k O p i sh	native
কপিয়ার	k o p i y a r	native
কপুর	k O p u r	native
কপোতাক্ষ	k o p O t a kkh O	tatsama
কপোতাক্ষে	k o p O t a kkh e	tatsama
কপোতাক্ষের	k o p O t a kkh e r	tatsama
কপোতি	k o p O t i	native
কপোরেশনের	k o p O r e sh o n e r	native
কপোল	k o p O l	native
কপ্টার	k o p T a r	native
কপ্নি	k o p n i	native
কফ	k o ph	native
কফকো	k o ph k O	native
কফিতে	k o ph i t e	native
কফিন	k o ph i n	native
কফিনটি	k o ph i n T i	native
কফিনে	k o ph i n e	native
কফিনের	k o ph i n e r	native
কফির	k o ph i r	native
কফিল	k O ph i l	native
কফিলউদ্দিন	k o ph i l u d d i n	native
কফিলউদ্দিনের	k o ph i l u d d i n e r	proper_noun
কফিলের	k o ph i l e r	proper_noun
কফিশপে	k o ph i sh o p e	native
কফের	k o ph e r	native
কব	k o b	native
কবচ	k o b O ch	native
কবজ	k o b O j	native
কবজা	k o b j a	native
কবজায়	k o b j a y	native
কবজি	k O b j i	native
কবজিতে	k O b j i t e	native
কবজিবন্ধনি	k o b j i b o ndh o n i	tatsama
কবজির	k O b j i r	native
কবর	k o b O r	native
কবরও	k o b o r O	native
কবরগুলো	k o b O r g u l O	native
কবরটি	k o b O r T i	native
কবরস্থ	k o b O r O sth O	native
কবরস্থানসংলগ্ন	k o b o r sth a n sh o ng l o g n o	compound
কবরস্থানে	k o b O r sth a n e	native
কবরস্থানের	k o b O r sth a n e r	native
কবরি	k o b O r i | k o b o r i	native
কবরিকে	k o b O r i k e | k o b o r i k e	native
কবরির	k o b O r i r | k o b o r i r	native
কবরে	k o b O r e	native
কবরের	k o b O r e r	native
কবল	k o b O l	native
কবলা	k o b l a	native
কবলিত	k o b O l i t O	native
কবাখালি	k o b a kh a l i	native
কবাট	k o b a T	native
কবাটের	k o b a T e r	native
কবাব	k o b a b	native
কবাবচিনি	k o b a b ch i n i	native
কবার	k o b a r	native
কবারই	k o b a r i	native
কবিই	k O b i i	native
কবিও	k O b i O	native
কবিকে	k O b i k e	native
কবিকেও	k o b i k e O	native
কবিগান	k o b i g a n	native
কবিগানের	k O b i g a n e r	native
কবিগুরু	k O b i g u r u	native
কবিগুরুকে	k o b i g u r u k e	native
কবিজিবনের	k O b i j i b o n e r	native
কবিতাংশ	k O b i t a ng sh O	native
কবিতাংশটুকু	k O b i t a ng sh O T u k u	native
কবিতাংশে	k O b i t a ng sh e	native
কবিতাংশের	k O b i t a ng sh e r	native
কবিতাই	k O b i t a i	native
কবিতাও	k O b i t a O	native
কবিতাকন্ঠ	k o b i t a k o n Th o	native
কবিতাখানি	k o b i t a kh a n i	native
কবিতাগুচ্ছ	k o b i t a g u ch chh o	native
কবিতাগুলো	k O b i t a g u l O	native
কবিতাগুলোতে	k O b i t a g u l O t e	native
কবিতাগুলোর	k O b i t a g u l O r	native
কবিতাগ্রন্থ	k o b i t a gr o n th o	native
কবিতাগ্রন্থের	k o b i t a gr o n th e r	compound
কবিতাটা	k O b i t a T a	native
কবিতাটি	k O b i t a T i	native
কবিতাটিও	k o b i t a T i O	native
কবিতাটির	k O b i t a T i r	native
কবিতাতেই	k o b i t a t e i	native
কবিতাপাঠের	k o b i t a p a Th e r	native
কবিতার	k O b i t a r	native
কবিতাসংবলিত	k o b i t a sh o ng b o l i t o	native
কবিতায়	k o b i t a y	native
কবিতিকা	k O b i t i k a	native
কবিত্ব	k O b i tt O	tatsama
কবিত্বের	k O b i tt e r	tatsama
কবিপত্নি	k o b i p o t n i	native
কবিবন্ধু	k o b i b o ndh u	tatsama
কবিরই	k o b i r i	native
কবিরউদ্দিন	k o b i r u d d i n	native
কবিরও	k o b i r O	native
কবিরকে	k O b i r k e | k o b i r k e	native
কবিরত্ন	k o b i r o t n o	native
কবিরপুর	k o b i r p u r	native
কবিরপুরে	k o b i r p u r e	native
কবিরপুরের	k o b i r p u r e r	native
কবিরহাট	k o b i r h a T	native
কবিরহাটে	k o b i r h a T e	native
কবিরহাটের	k o b i r h a T e r	native
কবিরা	k O b i r a	native
কবিরাজ	k O b i r a j	native
কবিরাজকে	k o b i r a j k e	native
কবিরাজপাড়া	k o b i r a j p a r a	native
কবিরাজি	k O b i r a j i	native
কবিরাজের	k O b i r a j e r	native
কবিলা	k O b i l a	native
কবিশ্রেশ্ঠ	k o b i sh r e sh Th o	native
কবিসহ	k o b i sh o h O	native
কবিয়াল	k o b i y a l	native
কবুতরকে	k O b u t o r k e	native
কবুতরটি	k O b u t o r T i	native
কবুলান	k o b u l a n	native
কবুলিয়ত	k o b u k i O t	native
কবুলের	k O b u l e r	native
কবেই	k o b e i	native
কবেকার	k o b e k a r	native
কবোশ্ন	k o b O sh n O	native
কব্জা	k o b j a	native
কব্জি	k O b j i	native
কব্জিতে	k O b j i t e	native
কব্জির	k o b j i r	native
কব্য	k O b b O	native
কবয়ি	k o b O y i	native
কভার	k o bh a r	native
কভারেজ	k o bh a r e j	native
কভারের	k o bh a r e r	native
কভার্ড	k o bh a r D	native
কভার্ডভ্যান	k o bh a r D bh A n	native
কভু	k O bh u	native
কভেন্ট্রি	k o bh e n T ri	loanword
কভেন্ট্রির	k o bh e n T ri r	loanword
কমই	k o m i	native
কমও	k o m O	native
কমকর্তা	k o m k o r t a	native
কমকর্তার	k o m k o r t a r	native
কমকাস্ট	k o m k a sh T	loanword
কমকে	k o m k e	native
কমছিল	k o m chh i l	native
কমছেই	k O m chh e i	native
কমজগত	k o m j o g o t	native
কমজগৎ	k o m j o g o t	native
কমজাত	k o m j a t	native
কমজোর	k o m j O r	native
কমজোরি	k o m j O r i	native
কমটেক	k o m T e k	native
কমঠ	k o m o Th	native
কমডোর	k o m D O r	native
কমত	k O m t O	native
কমতি	k O m t i	native
কমতির	k O m t i r	native
কমদামি	k o m d a m i	native
কমদামে	k o m d a m e	native
কমন	k o m O n	native
কমনওয়েলথ	k o m o n O y e l th	native
কমনওয়েলথভুক্ত	k o m o n O y e l th bh u kt o	compound
কমনওয়েলথে	k o m o n O y e l th e	native
কমনওয়েলথের	k o m o n O y e l th e r	native
কমনজর	k o m n o j o r	native
কমনরুম	k o m o n r u m	native
কমনরুমে	k o m o n r u m e	native
কমনস	k o m o n sh	native
কমনসেন্স	k o m O n s e n s	loanword
কমনসের	k o m o n sh e r	native
কমনিয়	k o m O n i y O	native
কমনে	k o m n e	native
কমন্ডলু	k o m O n D O l u	native
কমন্স	k o m O n s	loanword
কমন্সেও	k o m o n s e O	loanword
কমন্সের	k o m O n s e r	loanword
কমপাল	k o m p a l	native
কমপিউটার	k o m p i u T a r	native
কমপিউটারের	k o m p i u T a r e r	native
কমপেনসেশন	k o m p e n sh e sh o n	native
কমপোক্ত	k o m p O kt O	native
কমপ্যাক	k o m p A k o	native
কমপ্যাক্ট	k o m p A k T	native
কমপ্রিহেনসিভ	k o m pr i h e n sh i bh	native
কমপ্রেসার	k o m pr e sh a r	native
কমপ্লায়েন্স	k o m p l a y e n s	loanword
কমপ্লায়েন্সের	k o m p l a y e n s e r	loanword
কমপ্লিট	k o m p l i T	loanword
কমপ্লিশন	k o m p l i sh O n	loanword
কমপ্লেইন্টস	k o m p l e i n T sh	loanword
কমপ্লেক্সকে	k o m p l e k s k e	loanword
কমপ্লেক্সটি	k o m p l e k s T i	loanword
কমপ্লেক্সসংলগ্ন	k o m p l e k s o sh o ng l o g n o	loanword
কমপ্লেক্সসহ	k o m p l e k s sh o h O	loanword
কমপ্লেক্সে	k o m p l e k s e	loanword
কমফোর্ট	k o m ph O r T	native
কমব	k o m b o	native
কমবে	k O m b e	native
কমবো	k o m b O	native
কমব্যাটিং	k o m b A T i ng	native
কমবয়সি	k o m b o y o sh i	native
কমমুল্যে	k o m m u l l e	native
কমর	k O m o r	native
কমরউদ্দিন	k o m O r u d d i n	native
কমরেড	k o m r e D	native
কমরেডকে	k o m r e D k e	native
কমরেডদের	k o m r e D d e r	native
কমরেডরা	k o m r e D r a	native
কমরেডের	k o m r e D e r	native
কমল	k o m O l	native
কমলকে	k o m o l k e	native
কমলগঞ্জ	k o m O l g o nj	tatsama
কমলগঞ্জে	k o m O l g o nj e	tatsama
কমলগঞ্জের	k o m O l g o nj e r	tatsama
কমলনগর	k o m O l n o g O r	native
কমলনগরের	k o m o l n o g o r e r	native
কমলপুর	k o m O l p u r	native
কমলবাবু	k o m o l b a b u	native
কমলাকান্ত	k o m O l a k a nt O	native
কমলাকান্তের	k o m l a k a nt e r	native
কমলাক্ষ	k o m o l a k k o	tatsama
কমলাক্ষের	k o m o l a k k e r	tatsama
কমলাপুর	k o m O l a p u r	native
কমলাপুরে	k o m o l a p u r e	native
কমলাপুরের	k o m O l a p u r e r	native
কমলার	k o m O l a r	native
কমলালেবু	k o m O l a l e b u	native
কমলিকা	k o m O l i k a	native
কমলিনি	k o m O l i n i	native
কমলেই	k o m o l e i	native
কমলেও	k O m l e O	native
কমলেশ	k o m o l e sh	native
কমসংখ্যক	k o m sh o ng kh O k	native
কমসুচির	k o m sh u ch i r	native
কমসে	k o m sh e k o m	native
কমহার	k o m h a r o	native
কমা	k o m a	native
কমাই	k o m a i	native
কমাও	k o m a O	native
কমাচ্ছে	k o m a ch chh e	native
কমাতেই	k o m a t e i	native
কমাতেও	k o m a t e O	native
কমান	k o m a n	native
কমানডেন্ট	k o m a n D e n T	native
কমানো	k o m a n O	native
কমানোই	k o m a n O i	native
কমানোতে	k o m a n O t e	native
কমানোর	k m a n O r	native
কমানোরও	k o m a n O r O	native
কমানোয়	k o m a n O y	native
কমান্ড	k o m a n D	native
কমান্ডকে	k o m a n D k e	native
কমান্ডার	k o m a n D a r	native
কমান্ডারকে	k o m a n D a r k e	native
কমান্ডারদের	k o m a n D a r d e r	native
কমান্ডাররা	k o m a n D a r r a	native
কমান্ডারস	k o m a n D a r sh	native
কমান্ডারসহ	k o m a n D a r sh o h O	native
কমান্ডারের	k o m a n D a r e r	native
কমান্ডার্স	k o m a n D a r sh	native
কমান্ডিং	k o m a n D i ng	native
কমান্ডে	k o m a n D e	native
কমান্ডেন্ট	k o m a n D e n T	native
কমান্ডের	k o m a n D e r	native
কমান্ডো	k o m a n D O	native
কমান্ডোদের	k o m a n D O d e r	native
কমান্ডোর	k o m a n D O r	native
কমান্ডোরা	k O m a n D O r a	native
কমান্ড্যান্ট	k o m a n D e n T	native
কমাব	k o m a b o	native
কমাবে	k o m a b e	native
কমাবেন	k o m a b e n	native
কমার	k o m a r	native
কমার্শিয়াল	k o m a r sh i a l	native
কমার্স	k o m a r sh	native
কমার্সে	k o m a r sh e	native
কমাল	k o m a l	native
কমালে	k o m a l e	native
কমালেই	k o m a l e i	native
কমালেও	k o m a l e O	native
কমাস	k o m a sh	native
কমায়	k o m a y	native
কমায়নি	k o m a y n i	native
কমিউটার	k o m i u T a r	loanword
কমিউনিকেটর	k o m i u n i k e T o r	loanword
কমিউনিকেশন	k o m i u n i k e sh o n	loanword
কমিউনিকেশনস	k o m i u n i k e sh O n s	loanword
কমিউনিকেশনসের	k o m i u n i k e sh o n sh e r	loanword
কমিউনিকেশনের	k o m i u n i k e sh O n e r	loanword
কমিউনিকেশন্স	k O m i u n i k e sh O n s	loanword
কমিউনিজম	k o m i u n i j O m	loanword
কমিউনিজমের	k o m i u n i j o m e r	loanword
কমিউনিটি	k o m i u n i T i	loanword
কমিউনিটিকে	k o m i u n i T i k e	loanword
কমিউনিটিতে	k O m i u n i T i t e	loanword
কমিউনিটির	k o m i u n i T i r	loanword
কমিউনিস্ট	k O m i u n i sh T	loanword
কমিউনিস্টও	k o m i u n i sh T O	loanword
কমিউনিস্টদের	k O m i u n i s T d e r	loanword
কমিউনিস্টরা	k o m i u n i sh T r a	loanword
কমিউনিস্টরাও	k o m i u n i sh T r a O	loanword
কমিউনিস্টের	k o m i u n i sh T e r	loanword
কমিক	k o m i k	loanword
কমিকস	k o m i k sh	loanword
কমিকসের	k o m i k s e r	loanword
কমিটমেন্ট	k o m i T m e n T	loanword
কমিটি	k o m i T i	loanword
কমিটিই	k o m i T i i	loanword
কমিটিও	k o m i T i O	loanword
কমিটিকেই	k o m i T i k e i	loanword
কমিটিকেও	k o m i T i k e O	loanword
কমিটিগুলো	k o m i T i g u l O	loanword
কমিটিগুলোও	k o m i T i g u l O O	loanword
কমিটিগুলোকে	k o m i T i g u l O k e	loanword
কমিটিগুলোতে	k o m i T i g u l O t e	loanword
কমিটিগুলোর	k o m i T i g u l O r	loanword
কমিটিতে	k o m i T i t e	loanword
কমিটিতেই	k o m i T i t e i	loanword
কমিটিতেও	k o m i T i t e O	loanword
কমিটিরই	k o m i T i r i	loanword
কমিটিরও	k o m i T i r O	loanword
কমিটেড	k o m i T e D	loanword
কমিন	k O m i n	native
কমিশনই	k o m i sh o n i	loanword
কমিশনও	k o m i sh O n O	loanword
কমিশনকে	k o m i sh o n k e	loanword
কমিশনকেই	k o m i sh o n k e i	loanword
কমিশনকেও	k o m i sh o n k e O	loanword
কমিশনগুলোতে	k o m i sh o n g u l O t e	loanword
কমিশনগুলোর	k o m i sh o n g u l O r	loanword
কমিশনটি	k o m i sh o n T i	loanword
কমিশনপ্রাপ্ত	k o m i sh o n pr a p t o	loanword
কমিশনভোগি	k o m i sh o n bh O g i	loanword
কমিশনভোগিদের	k o m i sh o n bh O g i d e r	loanword
কমিশনস	k o m i sh o n s	loanword
কমিশনারও	k o m i sh o n a r O	loanword
কমিশনাররা	k o m i sh o n a r r a	loanword
কমিশনারসহ	k o m i sh O n a r sh o h O	loanword
কমিশনারেট	k o m i sh O n a r e T	loanword
কমিশনারেটের	k O m i sh o n a r e T e r	loanword
কমিশনারের	k o m i sh O n a r e r	loanword
কমিশনারেরা	k o m i sh o n a r e r a	loanword
কমিশনিং	k o m i sh o n i ng	loanword
কমিশনে	k o m i sh o n e	loanword
কমিশনেও	k o m i sh o n e O	loanword
কমিশনের	k o m i sh O n e r	loanword
কমিশনেরই	k o m i sh o n e r i	loanword
কমিশনেরও	k o m i sh o n e r O	loanword
কমিশিয়ার	k o m i sh i y a r	native
কমিসার	k o m i sh a r	native
কমিসেরিয়েট	k O m i sh e r i y e T	native
কমিয়ে	k o m i y e	native
কমিয়েআনতে	k o m i y e a n t e	native
কমিয়েই	k o m i y e i	native
কমিয়েও	k o m i y e O	native
কমিয়েছি	k o m i y e chh i	native
কমিয়েছে	k o m i y e chh e	native
কমিয়েছেন	k o m i y e chh e n	native
কমু	k O m u	native
কমুক	k o m u k	native
কমেই	k o m e i	native
কমেও	k o m e O	native
কমেছিল	k O m e chh i l O	native
কমেছে	k O m e chh e	native
কমেট	k o m e T	native
কমেনি	k o m e n i	native
কমেন্টস	k o m e n T sh	native
কমেন্টে	k o m e n T e	native
কমেন্টেটর	k o m e n T e T o r	native
কমের	k o m e r	native
কমেলা	k o m e l a	native
কমোডটি	k o m O D T i	loanword
কমোডর	k o m O D O r	loanword
কমোডিটি	k o m O D i T i	loanword
কমোডিটিজ	k o m O D i T i j	loanword
কমোডের	k o m O D e r	loanword
কমোডোর	k o m O D O r	loanword
কমোরোভস্কি	k o m O r O bh o s k i	proper_noun
কম্পট্রোলার	k o mp T r O l a r	loanword
কম্পন	k o mp O n	native
কম্পনকাল	k o mp o n k a l	native
কম্পনে	k o mp O n e	native
কম্পনের	k o mp O n e r	native
কম্পরাম	k o mp o r a m	native
কম্পাংক	k o mp a ng k o	native
কম্পাংকে	k o mp a ng k e	native
কম্পাইলার	k o mp a i l a r	loanword
কম্পাউন্ড	k o mp a u n D	loanword
কম্পাউন্ডার	k O mp a u n D a r	loanword
কম্পাউন্ডারি	k o mp a u n D a r i	loanword
কম্পাউন্ডে	k o mp a u n D e	loanword
কম্পাউন্ডের	k o mp a u n D e r	loanword
কম্পানি	k o mp a n i	loanword
কম্পানিকে	k o mp a n i k e	loanword
কম্পানিগুলো	k o mp a n i g u l O	loanword
কম্পানিগুলোকে	k o mp a n i g u l O k e	loanword
কম্পানিগুলোর	k O mp a n i g u l O r	loanword
কম্পানিটির	k o mp a n i T i r	loanword
কম্পানিতে	k o mp a n i t e	loanword
কম্পানির	k o mp a n i r	loanword
কম্পান্বিত	k O mp a n n i t O	native
কম্পার্টমেন্ট	k o mp a r T m e n T	loanword
কম্পার্টমেন্টে	k o mp a r T m e n T e	loanword
কম্পাসের	k o mp a s e r	loanword
কম্পিউটারই	k o mp i u T a r i	loanword
কম্পিউটারও	k o mp i u T a r O	loanword
কম্পিউটারকে	k o mp i u T a r k e	loanword
কম্পিউটারগুলো	k o mp i u T a r g u l O	loanword
কম্পিউটারগুলোতে	k o mp i u T a r g u l O t e	loanword
কম্পিউটারটি	k O mp i u T a r T i	loanword
কম্পিউটারটির	k o mp i u T a r T i r	loanword
কম্পিউটারনির্ভর	k o mp i u T a r n i r bh o r	loanword
কম্পিউটারবিজ্ঞান	k o mp i u T a r b i g g a n	loanword
কম্পিউটারবিশয়ক	k o mp i u T a r b i sh o y o k	loanword
কম্পিউটারভিত্তিক	k o mp i u T a r bh i tt i k	loanword
কম্পিউটারস	k o mp i u T a r sh	loanword
কম্পিউটারসহ	k o mp i u T a r sh o h O	loanword
কম্পিউটারহল	k o mp i u T a r h o l	loanword
কম্পিউটারাইজড	k o mp i u T a r a i j o D	loanword
কম্পিউটারাইজেশন	k o mp i u T a r a i j e sh o n	loanword
কম্পিউটারায়ন	k o mp i u T a r a y o n	loanword
কম্পিউটারায়নের	k o mp i u T a r a y o n e r	loanword
কম্পিউটারে	k o mp i u T a r e	loanword
কম্পিউটারেই	k o mp i u T a r e i	loanword
কম্পিউটারেও	k o mp i u T a r e O	loanword
কম্পিউটারের	k o mp i u T a r e r	loanword
কম্পিউটার্স	k o mp i u T a r sh	loanword
কম্পিউটার্সে	k o mp i u T a r sh e	loanword
কম্পিউটার্সের	k o mp i u T a r sh e r	loanword
কম্পিউটিং	k o mp i u T i ng	loanword
কম্পিউটিংয়ের	k o mp i u T i ng y e r	loanword
কম্পিটারের	k o mp i T a r e r	native
কম্পিত	k O mp i t O	native
কম্পোজ	k o mp O j	loanword
কম্পোজার	k o mp O j a r	loanword
কম্পোজিট	k o mp O j i T	loanword
কম্পোজিটর	k o mp O j i T o r	loanword
কম্পোজিটার	k o mp O j i T a r	loanword
কম্পোজিটের	k o mp O j i T e r	loanword
কম্পোজিশন	k o mp O j i sh o n	loanword
কম্পোজিশনে	k o mp O j i sh O n e	loanword
কম্পোজিশনের	k o mp O j i sh o n e r	loanword
কম্পোনেন্ট	k o mp O n e n T	loanword
কম্পোশ্ট	k o mp O sh T	loanword
কম্প্যাক্ট	k o m p A k T	loanword
কম্প্র	k o m p r O	loanword
কম্প্রেসর	k o m p r e s o r	loanword
কম্প্রোমাইজ	k o m p r O m a i j	loanword
কম্ফর্টার	k o m ph o r T a r	loanword
কম্ব	k o mb	loanword
কম্বাইন্ড	k o mb a i n D	loanword
কম্বিং	k o mb i ng	loanword
কম্বিনেশন	k o mb i n e sh o n	loanword
কম্বিনেশনে	k o mb i n e sh o n e	loanword
কম্বিনেশনের	k o mb i n e sh o n e r	loanword
কম্বু	k O mb u	loanword
কম্বোডিয়া	k o mb O D i y a	proper_noun
কম্বোডিয়ার	k o mb O D i a r	proper_noun
কম্বোডিয়ায়	k o mb O D i y a y	proper_noun
কম্যুটার	k o m u T a r	loanword
কম্র	k o m r O	native
করই	k o r o i	native
করক	k o r o k	native
করকচ	k o r k o ch	native
করকচি	k o r k O ch i	native
করকমিশনার	k o r k o m i sh o n a r	native
করকর	k o r k o r	native
করকা	k o r O k a	native
করকাঠামো	k o r k a Th a m O	native
করকাপাত	k o r O k a p a t	native
করকে	k o r k e	native
করখেলাপি	k o r kh e l a p i	native
করগাও	k o r g a O	native
করগেট	k o r g e T	native
করচ	k o r O ch	native
করচা	k o r ch a	native
করছ	k O r chh O	native
করছিনা	k o r chh i n a	native
করছিল	k O r chh i l O	native
করছিলা	k o r chh i l a	native
করছিলেন	k O r chh i l e n	native
করছিলো	k O r chh i l O	native
করছিস	k O r chh i sh	native
করছে	k O r chh e	native
করছেই	k o r chh e i	native
করছেও	k o r chh e O	native
করছেটা	k o r chh e T a	native
করজালে	k o r j a l e	native
করজালের	k o r j a l e r	native
করজোগ্য	k o r j O g g O | k o r j O g g o	native
করজোড়	k o r j O r a	native
করজোড়ে	k o r j O r e	native
করটিয়া	k o r T i y a	native
করটেক্স	k o r T e k s	loanword
করত	k O r t O	native
করতই	k o r o t o i	native
করতল	k o r o t o l	native
করতলগত	k o r o t o l g o t o	native
করতা	k o r t a	native
করতাছি	k o r t a chh i	native
করতাছিল	k o r t a chh i l o	native
করতাছে	k O r t a sh e	native
করতাম	k O r t a m	native
করতার	k o r O t a r	native
করতালি	k o r O t a l i	native
করতালির	k o r O t a l i r	native
করতাড়ন	k o r t a r o n	native
করতিছে	k o r t i chh e	native
করতেই	k O r t e i	native
করতেও	k O r t e O	native
করতেছি	k O r t e chh i	native
করতেছে	k O r t e chh e	native
করতেন	k O r t e n	native
করতেপারবেন	k O r t e p a r b e n	native
করতেপারেন	k O r t e p a r e n	native
করতেহবে	k O r t e h o b e	native
করতোয়া	k o r t O y a	native
করতোয়ার	k o r t O y a r	native
করদ	k o r O d	native
করদাতা	k o r d a t a	native
করদাতাই	k o r d a t a i	native
করদাতাকে	k o r d a t a k e	native
করদাতাদের	k o r d a t a d e r	native
করদাতার	k o r d a t a r	native
করদাতারা	k o r d a t a r a	native
করদায়	k o r d a y	native
করন	k o r o n | k o r O n	native
করনা	k o r o n a	native
করনাই	k o r o n a i	native
করনিক	k o r o n i k	native
করনিতির	k o r n i t i r	native
করনিয়	k o r o n i y o	native
করনিয়ও	k o r o n i y o O	native
করনিয়গুলো	k o r o n i y o g u l O	native
করনিয়টা	k o r o n i y o T a	native
করনিয়ের	k o r o n i y e r	native
করনে	k o r o n e | k o r O n e	native
করনেটকে	k o r n e T k e	native
করনেটের	k o r n e T e r	native
করনের	k o r o n e r | k o r O n e r	native
করন্ড	k o r O n D O	native
করন্ডক	k o r O n D o k	native
করপত্র	k o r O p o tr O	native
করপরবর্তি	k o r p o r O b O r t i	native
করপাস	k o r p a sh	native
করপিড়ন	k o r O p i r o n	native
করপোরাল	k o r p O r a l	native
করপোরেট	k o r p O r e T	loanword
করপোরেটবিশয়ক	k o r p O r e T b i sh o y o k	loanword
করপোরেটে	k o r p O r e T e	loanword
করপোরেটের	k o r p O r e T e r	loanword
করপোরেশন	k o r p O r e sh o n	loanword
করপোরেশনই	k o r p O r e sh o n i	loanword
করপোরেশনও	k o r p O r e sh o n O	loanword
করপোরেশনকে	k o r p O r e sh o n k e	loanword
করপোরেশনকেও	k o r p O r e sh o n k e O	loanword
করপোরেশনগুলো	k o r p O r e sh o n g u l O	loanword
করপোরেশনগুলোকে	k o r p O r e sh o n g u l O k e	loanword
করপোরেশনগুলোতে	k o r p O r e sh o n g u l O t e	loanword
করপোরেশনসহ	k o r p O r e sh O n sh o h O	loanword
করপোরেশনে	k o r p O r e sh o n e	loanword
করপোরেশনেই	k o r p O r e sh o n e i	loanword
করপোরেশনেও	k o r p O r e sh o n e O	loanword
করপোরেশনের	k o r p O r e sh o n e r	loanword
করপোরেশনেরও	k o r p O r e sh o n e r O	loanword
করপোরেশেনের	k o r p O r e sh e n e r	native
করপ্রদানকারি	k o r pr o d a n k a r i	native
করপ্রপিড়িত	k o r o pr o p i r i t o	native
করবই	k O r b O i	native
করবও	k o r b o O	native
করবছর	k o r b o chh o r	native
করবর্ষ	k o r b o r sh o	tatsama
করবর্ষে	k o r b o r sh e	tatsama
করবর্ষের	k o r b o r sh e r	tatsama
করবহির্ভুত	k o r b o h i r bh u t o	native
করবান্ধব	k o r b a ndh o b	tatsama
করবার	k O r b a r	native
করবাল	k o r O b a l	native
করবি	k o r O b i | k o r b i	native
করবিশয়ক	k o r b i sh o y o k	native
করবে	k O r b e	native
করবেই	k O r b e i	native
করবেও	k o r b e O	native
করবেটা	k o r b e T a	native
করবেনটা	k o r b e n T a	native
করবেনা	k O r b e n a	native
করবো	k O r b O	native
করব্যবস্থা	k o r b A b O sth a	native
করব্যবস্থাকে	k o r b j o b o sth a k e	native
করব্যবস্থার	k o r b j o b o sth a r	native
করভ	k o r O bh O	native
করভি	k o r bh i	native
করম	k o r o m	native
করমচাদ	k o r o m ch a d	native
করমজল	k o r O m j o l	native
করমজলে	k o r O m j o l e	native
করমজা	k o r o m j a	native
করমর্দনের	k o r m o r d o n e r	native
করমুক্ত	k o r m u kt O	native
করমুক্তির	k o r m u kt i r	native
করমেলায়	k o r m e l a y	native
করর	k o r o r	native
কররুহ	k o r o r u h O	native
করল	k O r l O	native
করলই	k o r l o i	native
করলাম	k O r l a m	native
করলার	k o r l a r	native
করলেই	k O r l e i	native
করলেও	k O r l e O	native
করলেনই	k o r l e n i	native
করলেনও	k o r l e n O	native
করলো	k O r l O	native
করল্যাছড়ি	k o r o l l a chh o r i	native
করস	k o r O sh	native
করসংক্রান্ত	k o r sh o ng kr a nt o	native
করসহ	k o r sh o h O	native
করসি	k o r sh i	native
করসুত্র	k o r sh u tr o	native
করহ	k o r o h o	native
করহার	k O r h a r	native
করাই	k o r a i	native
করাইতে	k o r a i t e	native
করাইল	k o r a i l	native
করাইয়া	k o r a i y a	native
করাও	k o r a O	native
করাকে	k o r a k e	native
করাকেই	k o r a k e i	native
করাকেও	k o r a k e O	native
করাঘাত	k o r a gh a t	native
করাচি	k o r a ch i	native
করাচিতে	k o r a ch i t e	native
করাচিতেই	k o r a ch i t e i	native
করাচির	k o r a ch i r	native
করাচ্ছিল	k o r a ch chh i l o	native
করাচ্ছিলেন	k o r a ch chh i l e n	native
করাচ্ছে	k o r a ch chh e	native
করাচ্ছেন	k o r a ch chh e n	native
করাজাবে	k o r a j a b e	native
করাটা	k o r a T a	native
করাটাই	k o r a T a i	native
করাটাও	k o r a T a O	native
করাটাকেই	k o r a T a k e i	native
করাতকল	k o r a t k o l	native
করাতকলগুলো	k o r a t k o l g u l O	native
করাতকলগুলোতে	k o r a t k o l g u l O t e	native
করাতকলগুলোর	k o r a t k o l g u l O r	native
করাতকলটি	k o r a t k o l T i	native
করাতকলে	k o r a t k o l e	native
করাতি	k o r a t i	native
করাতিটোলার	k o r a t i T O l a r	native
করাতেই	k o r a t e i	native
করাতেও	k o r a t e O	native
করাতেন	k o r a t e n	native
করাদন্ড	k o r a d o n D o	native
করাদের	k o r a d e r	native
করানোই	k o r a n O i	native
করানোটা	k o r a n O T a	native
করানোটাই	k o r a n O T a i	native
করানোর	k o r a n O r	native
করানোসহ	k o r a n O sh o h O	native
করানোয়	k o r a n O y	native
করাপশন	k o r a p sh O n	native
করাপ্টস	k o r a p T sh	native
করাব	k o r a b O	native
করাবেন	k o r a b e n	native
করাবো	k o r a b O	native
করামাত্র	k o r a m a tr o	native
করার	k o r a r	native
করারই	k o r a r i	native
করারও	k o r a r O	native
করারদাদ	k o r a r d a d	native
করাল	k o r a l	native
করালাম	k o r a l a m	native
করালে	k o r a l e	native
করালেই	k o r a l e i	native
করালেও	k o r a l e O	native
করালেন	k o r a l e n	native
করাসংক্রান্ত	k o r a sh o ng kr a nt o	native
করাসহ	k o r a sh o h O	native
করায়	k o r a y	native
করায়ও	k o r a y O	native
করায়ত্ত	k o r a y O tt O	native
করায়নি	k o r a y n i	native
করি	k O r i | k o r i	native
করিঅরি	k O r i y O r i	native
করিই	k o r i i	native
করিও	k O r i O	native
করিকর	k O r i k o r	native
করিছিনু	k o r i chh i n u	native
করিছে	k O r i chh e	native
করিডর	k O r i D O r	native
করিডরগুলো	k o r i D o r g u l O	native
করিডরগুলোর	k o r i D o r g u l O r	native
করিডরটি	k o r i D o r T i	native
করিডরসহ	k o r i D o r sh o h O	native
করিডরে	k o r i D O r e	native
করিডরের	k o r i D O r e r	native
করিডোর	k o r i D O r	native
করিডোরের	k O r i D O r e r	native
করিতাম	k O r i t a m	native
করিতে	k O r i t e	native
করিতেছ	k O r i t e chh O	native
করিতেছি	k O r i t e chh i	native
করিতেছিল	k O r i t e chh i l O	native
করিতেছে	k O r i t e chh e	native
করিতেন	k O r i t e n	native
করিনার	k a r i n a r	native
করিনি	k o r i n i | k O r i n i	native
করিন্থিয়ানস	k o r i n th i y a n sh	native
করিন্থিয়ানসে	k o r i n th i y a n sh e	native
করিন্থিয়ানসের	k o r i n th i y a n sh e r	compound
করিব	k O r i b O	native
করিবার	k O r i b a r	native
করিবে	k O r i b e	native
করিম	k O r i m | k o r i m	native
করিমউল্লাহ	k o r i m u l l a h	native
করিমও	k O r i m O	native
করিমকে	k O r i m k e	native
করিমগঞ্জ	k O r i m g o nj	tatsama
করিমগঞ্জে	k O r i m g o nj e	tatsama
করিমগঞ্জের	k O r i m g o nj e r	tatsama
করিমন	k O r i m o n	native
করিমনসহ	k o r i m o n sh o h O	native
করিমনে	k o r i m o n e	native
করিমনের	k o r i m o n e r	native
করিমপুর	k O r i m p u r	native
করিমবাংলা	k O r i m b a ng l a	native
করিমসহ	k O r i m sh o h O	native
করিমা	k o r i m a	native
করিমুল্লাহ	k o r i m u l l a h	native
করিমের	k O r i m e r | k o r i m e r	native
করির	k O r i r	native
করিল	k O r i l O	native
করিলা	k o r i l a	native
করিলে	k O r i l e	native
করিলেও	k O r i l e O	native
করিলেন	k O r i l e n	native
করিশ	k O r i sh	native
করিস	k O r i sh	native
করিহ	k o r i h	native
করিয়া	k o r i y a	native
করিয়াছ	k o r i y a chh o	native
করিয়াছি	k o r i y a chh i	native
করিয়াছিল	k o r i y a chh i l o	native
করিয়াছিলাম	k o r i y a chh i l a m	native
করিয়াছিলেন	k o r i y a chh i l e n	native
করিয়াছে	k o r i y a chh e	native
করিয়াছেন	k o r i y a chh e n	native
করিয়ে	k O r i y e	native
করিয়েই	k o r i y e i	native
করিয়েও	k o r i y e O	native
করিয়েছি	k o r i y e chh i	native
করিয়েছিল	k o r i y e chh i l o	native
করিয়েছিলাম	k o r i y e chh i l a m	native
করিয়েছিলেন	k o r i y e chh i l e n	native
করিয়েছে	k o r i y e chh e	native
করিয়েছেন	k o r i y e chh e n	native
করুন	k o r u n | k O r u n	native
করুনতম	k o r u n t o m o	native
করুনভাবে	k o r u n bh a b e	native
করুনা	k o r u n a | k O r u n a	native
করুনানিধি	k o r u n a n i dh i	native
করুনানিধির	k o r u n a n i dh i r	native
করুনাময়	k o r u n a m o y	native
করুনাময়ি	k O r u n a m O i	native
করুনাময়ের	k o r u n a m o y e r	native
করুনার	k o r u n a r | k O r u n a r	native
করুনারত্নে	k O r u n a r o t n e	native
করুনারত্নের	k O r u n a r o t n e r	native
করুনায়	k o r u n a y	native
করু–চোউহান	k O r u ch O u h a n	native
করে	k o r e	native
করেই	k O r e i	native
করেইনি	k o r e i n i	native
করেছি	k O r e chh i	native
করেছিলে	k O r e chh i l e	native
করেছিলো	k O r e chh i l O	native
করেছিস	k O r e chh i sh	native
করেছেই	k o r e chh e i	native
করেছেনই	k o r e chh e n i	native
করেছেনও	k o r e chh e n O	native
করেছো	k O r e chh O	native
করেতে	k O r e t e	native
করেনইনি	k o r e n i n i	native
করেনও	k o r e n O	native
করেনতিনি	k o r e n t i n i	native
করেননি	k o r e n n i	native
করেনি	k o r e n i	native
করের	k o r e r	native
করেলা	k o r e l a	native
করেসপনডেন্ট	k o r e sh p o n D e n T	native
করেসপনডেন্টস	k o r e sh p o n D e n T sh	native
করেসপন্ডেন্ট	k o r e sh p o n D e n T	native
করেয়া	k o r e y a	native
করেয়ার	k o r e y a r	native
করোগেটেড	k o r O g e T e D	native
করোটি	k o r O T i	native
করোটির	k o r O T i r	native
করোনারি	k o r O n a r i	native
করোনি	k o r O n i	native
করোনেশন	k o r O n e sh o n	native
করোমা	k o r O m a	native
করোলা	k o r O l a	native
কর্কটের	k o r k o T e r	native
কর্কশ	k o r k o sh	native
কর্জ	k o r j O	native
কর্টানা	k o r T a n a	native
কর্টানার	k o r T a n a r	native
কর্ডন	k o r D o n	native
কর্ডের	k o r D e r	native
কর্তকর্তা	k o r t o k o r t a	native
কর্তনসহ	k o r t o n sh o h O	native
কর্তনে	k o r t o n e	native
কর্তনের	k o r t O n e r	native
কর্তব	k o r t o b	native
কর্তব্য	k o r t O b b O	native
কর্তব্যই	k o r t o b b o i	native
কর্তব্যকর্মে	k o r t o b b o k o r m e	native
কর্তব্যকাজে	k o r t o b b o k a j e	native
কর্তব্যটি	k o r t o b b o T i	native
কর্তব্যনিশ্ঠ	k o r t o b b o n i sh Th o	native
কর্তব্যনিশ্ঠা	k o r t o b b o n i sh o Th a	compound
কর্তব্যপরায়ন	k o r t o b b o p o r a y o n	native
কর্তব্যপরায়নতা	k o r t o b b o p o r a y o n o t a	compound
কর্তব্যবোধসহ	k o r t o b b o b O dh sh o h O	native
কর্তব্যবোধের	k o r t o b b o b O dh e r	native
কর্তব্যরত	k O r t O b b O r o t O	native
কর্তব্যে	k O r t O b b e	native
কর্তব্যের	k O r t O b b e r	native
কর্তা	k o r t a	native
কর্তাকে	k o r t a k e	native
কর্তাদের	k o r t a d e r	native
কর্তাব্যক্তি	k o r t a b A kt i	native
কর্তাব্যক্তিকে	k o r t a b e kt i k e	compound
কর্তাব্যক্তিদের	k o r t a b e kt i d e r	compound
কর্তাব্যক্তির	k o r t a b A kt i r	compound
কর্তাব্যক্তিরা	k o r t a b e kt i r a	compound
কর্তাভজা	k o r t a bh o j a	native
কর্তারা	k o r t a r a	native
কর্তারাই	k o r t a r a i	native
কর্তারাও	k o r t a r a O	native
কর্তাল	k o r t a l	native
কর্তালি	k o r t a l i	native
কর্তিত	k O r t i t O	native
কর্তৃক	k o r t ri k	tatsama
কর্তৃকারক	k O r t ri k a r O k	tatsama
কর্তৃত্ব	k o r t r i t t o	tatsama
কর্তৃত্বও	k o r t ri tt o O	tatsama
কর্তৃত্বকে	k o r t ri tt o k e	tatsama
কর্তৃত্বপরায়ন	k o r t ri tt o p o r a y o n	tatsama
কর্তৃত্বপরায়নতা	k o r t ri tt o p o r a y o n o t a	tatsama
কর্তৃত্ববহির্ভুত	k o r t ri tt o b o h i r bh u t o	tatsama
কর্তৃত্ববাদি	k o r t ri tt o b a d i	tatsama
কর্তৃত্বময়	k o r t ri tt o m o y	tatsama
কর্তৃত্বহিন	k o r t ri tt o h i n	tatsama
কর্তৃত্বাধিন	k o r t ri tt a dh i n	tatsama
কর্তৃত্বে	k O r t ri tt e	tatsama
কর্তৃত্বের	k o r t ri tt e r	tatsama
কর্তৃপক্ষই	k o r t ri p o kkh o i	tatsama
কর্তৃপক্ষও	k o r t ri p o kkh o O	tatsama
কর্তৃপক্ষকেই	k o r t ri p o kkh o k e i	tatsama
কর্তৃপক্ষকেও	k O r t ri p o kkh O k e O	tatsama
কর্তৃপক্ষগুলো	k o r t ri p o kkh o g u l O	tatsama
কর্তৃপক্ষগুলোর	k o r t ri p o kkh o g u l O r	tatsama
কর্তৃপক্ষসহ	k o r t ri p o kkh o sh o h O	tatsama
কর্তৃপক্ষিয়	k o r t ri p o kkh i y	tatsama
কর্তৃপক্ষে	k o r t ri p o kkh e	tatsama
কর্তৃপক্ষের	k o r t ri p o kkh e r	tatsama
কর্তৃপক্ষেরই	k o r t ri p o kkh e r i	tatsama
কর্তৃপদকে	k O r t ri p o d k e	tatsama
কর্তৃবাচ্য	k O r t ri b a ch ch O	tatsama
কর্ত্রি	k O r | k o r t ri	native
কর্ত্রির	k o r t ri r	native
কর্দম	k o r d o m	native
কর্ন	k o r n o | k o r n O	native
কর্নকুহরে	k o r n o k u h o r e	native
কর্নধার	k o r n o dh a r | k o r n O dh a r	native
কর্নধারদের	k o r n o dh a r d e r	native
কর্নধারেরা	k o r n o dh a r e r a	native
কর্নপাত	k o r n o p a t | k o r n O p a t	native
কর্নপাড়া	k o r n o p a r a	native
কর্নফুলি	k o r n o ph u l i | k o r n O ph u l i	native
কর্নফুলিতে	k o r n o ph u l i t e	native
কর্নফুলির	k o r n o ph u l i r | k o r n O ph u l i r	native
কর্নফ্লাওয়ার	k o r n ph l a O y a r	loanword
কর্নাট	k o r n a T o	native
কর্নাটক	k o r n a T o k	native
কর্নাটকে	k o r n a T o k e	native
কর্নাটকের	k o r n a T o k e r	native
কর্নার	k o r n a r	native
কর্নারটি	k o r n a r T i	native
কর্নারড	k o r n a r D	native
কর্নারের	k o r n a r e r	native
কর্নিকা	k o r n i k a	native
কর্নিকার	k O r n i k a r	native
কর্নিলিয়াস	k o r n i l i y a sh	native
কর্নিয়া	k o r n i y a	native
কর্নিয়াজনিত	k o r n i y a j o n i t o	native
কর্নিয়ান	k o r n i y a n	native
কর্নিয়ার	k o r n i y a r	native
কর্নেট	k o r n e T	native
কর্নের	k o r n e r	native
কর্নেল	k o r n e l	native
কর্নেলকে	k o r n e l k e	native
কর্নেলিয়াস	k o r n e l i y a sh	native
কর্নেলের	k o r n e l e r	native
কর্প	k o r p	native
কর্পর	k o r p o r	native
কর্পস	k o r p o sh	native
কর্পুর	k O r p u r	native
কর্পুরের	k o r p u r e r	native
কর্পোরাল	k o r p O r a l	native
কর্পোরেট	k o r p O r e T	native
কর্পোরেশন	k o r p O r e sh o n	native
কর্পোরেশনকে	k o r p O r e sh o n k e	native
কর্পোরেশনে	k o r p O r e sh o n e	native
কর্পোরেশনের	k o r p O r e sh o n e r	native
কর্মই	k o r m O i	native
কর্মকতা	k o r m O k o t a	native
কর্মকমিশন	k o r m O k o m i sh O n	native
কর্মকমিশনকে	k o r m O k o m i sh o n k e	native
কর্মকমিশনে	k o r m O k o m i sh o n e	native
কর্মকর্তাই	k o r m O k o r t a i	native
কর্মকর্তাও	k o r m O k o r t a O	native
কর্মকর্তাকেও	k o r m O k o r t a k e O	native
কর্মকর্তাগন	k o r m o k o r t a g o n | k o r m O k o r t a g o n	native
কর্মকর্তাটি	k o r m O k o r t a T i	native
কর্মকর্তাদেরই	k o r m O k o r t a d e r i	compound
কর্মকর্তাদেরকে	k o r m O k o r t a d e r k e	compound
কর্মকর্তার	k o r m O k o r t a r	native
কর্মকর্তারই	k o r m O k o r t a r i	native
কর্মকর্তারও	k o r m O k o r t a r O	native
কর্মকর্তারা	k o r m O k o r t a r a	native
কর্মকর্তারাই	k o r m O k o r t a r a i	native
কর্মকর্তারাসহ	k o r m O k o r t a r a sh o h O	compound
কর্মকর্তাসহ	k o r m O k o r t a sh o h O	native
কর্মকাঠামো	k o r m O k a Th a m O	native
কর্মকান্ড	k o r m o k a n D o | k o r m O k a n D O	native
কর্মকান্ডই	k o r m o k a n D o i | k o r m O k a n D O i	native
কর্মকান্ডও	k o r m o k a n D o O | k o r m O k a n D O O	native
কর্মকান্ডকে	k o r m o k a n D o k e | k o r m O k a n D O k e	native
কর্মকান্ডকেও	k o r m O k a n D o k e O	native
কর্মকান্ডগুলো	k o r m O k a n D o g u l O	compound
কর্মকান্ডটি	k o r m O k a n D o T i	native
কর্মকান্ডবিশয়ক	k o r m O k a n D o b i sh o y o k	compound
কর্মকান্ডসহ	k o r m O k a n D o sh o h O	native
কর্মকান্ডে	k o r m o k a n D e | k o r m O k a n D e	native
কর্মকান্ডেও	k o r m o k a n D e O | k o r m O k a n D e O	native
কর্মকান্ডের	k o r m o k a n D e r | k o r m O k a n D e r	native
কর্মকান্ডেরও	k o r m O k a n D e r O	native
কর্মকারকে	k o r m O k a r k e	native
কর্মকারের	k o r m O k a r e r	native
কর্মকাল	k o r m O k a l	native
কর্মকালিন	k o r m O k a l i n	native
কর্মকে	k o r m O k e	native
কর্মকোউশল	k o r m O k O u sh o l | k o r m o k O u sh o l	native
কর্মকোউশলে	k o r m O k O u sh o l e	native
কর্মকোউশলের	k o r m O k O u sh o l e r	native
কর্মক্লান্ত	k o r m O kl a nt o	native
কর্মক্ষমতা	k o r m O kkh o m O t a	tatsama
কর্মক্ষেত্রে	k o r m O k k e tr e	tatsama
কর্মক্ষেত্রেই	k o r m O k k e tr e i	tatsama
কর্মক্ষেত্রেও	k o r m O kh e tr e O	tatsama
কর্মগুলো	k o r m O g u l O	native
কর্মঘন্টা	k o r m o gh o n T a | k o r m O gh o n T a	native
কর্মঘন্টাও	k o r m O gh o n T a O	native
কর্মঘন্টার	k o r m o gh o n T a r | k o r m O gh o n T a r	native
কর্মচঞ্চল	k o r m O ch o nch o l	tatsama
কর্মচারিই	k o r m O ch a r i i	native
কর্মচারিও	k o r m O ch a r i O | k o r m o ch a r i O	native
কর্মচারিকে	k o r m O ch a r i k e | k o r m o ch a r i k e	native
কর্মচারিকেও	k o r m O ch a r i k e O	native
কর্মচারিদের	k o r m O ch a r i d e r | k o r m o ch a r i d e r	native
কর্মচারিদেরও	k o r m O ch a r i d e r O | k o r m o ch a r i d e r	native
কর্মচারির	k o r m O ch a r i r | k o r m o ch a r i r	native
কর্মচারিরা	k o r m O ch a r i r a | k o r m o ch a r i r a	native
কর্মচারিরাই	k o r m O ch a r i r a i | k o r m o ch a r i r a i	native
কর্মচারিরাও	k o r m O ch a r i r a O | k o r m o ch a r i r a O	native
কর্মচারিসহ	k o r m O ch a r i sh o h O | k o r m o ch a r i sh o h O	native
কর্মচ্যুত	k o r m O ch chh u t o	native
কর্মজজ্ঞ	k o r m O j O g g O | k o r m o j o g g o	tatsama
কর্মজজ্ঞকে	k o r m O j o g g o k e	tatsama
কর্মজজ্ঞে	k o r m O j o g g e | k o r m o j o g g e	tatsama
কর্মজজ্ঞের	k o r m O j O g g e r | k o r m o j o g g e r	tatsama
কর্মজিবন	k o r m O j i b O n | k o r m o j i b o n	native
কর্মজিবনে	k o r m O j i b o n e | k o r m o j i b o n e	native
কর্মজিবনেও	k o r m O j i b o n e O	native
কর্মজিবনের	k o r m O j i b O n e r | k o r m o j i b o n e r	native
কর্মজিবি	k o r m O j i b i | k o r m o j i b i	native
কর্মজিবিদের	k o r m O j i b i d e r | k o r m o j i b i d e r	native
কর্মজিবিরা	k o r m O j i b i r a | k o r m o j i b i r a	native
কর্মঠ	k o r m O Th O	native
কর্মত	k o r m O t o	native
কর্মতত্পরতা	k o r m O t o t p o r o t a	native
কর্মতৎপর	k o r m O t o t p o r	native
কর্মতৎপরতা	k o r m O t o t p o r O t a	native
কর্মতৎপরতার	k o r m O t o t p o r o t a r	native
কর্মতৎপরতায়	k o r m O t o t p o r o t a y	native
কর্মদক্ষতা	k o r m O d o kkh O t a	tatsama
কর্মদক্ষতার	k o r m O d o kkh O t a r	tatsama
কর্মদল	k o r m O d o l	native
কর্মদিবস	k o r m O d i b O sh	native
কর্মদিবসে	k o r m O d i b o sh e	native
কর্মদিবসেই	k o r m O d i b o sh e i	native
কর্মদিবসের	k o r m O d i b O sh e r	native
কর্মধা	k o r m O dh a	native
কর্মধারার	k o r m O dh a r a r	native
কর্মধারায়	k o r m O dh a r a y	native
কর্মধারয়	k o r m O dh a r o y	native
কর্মনিশ্ঠা	k o r m O n i sh Th a	native
কর্মপথে	k o r m O p o th e	native
কর্মপদ্ধতি	k o r m O p o d dh O t i	tatsama
কর্মপদ্ধতিও	k o r m O p o d dh o t i O	tatsama
কর্মপদ্ধতির	k o r m O p o d dh o t i r	tatsama
কর্মপন্থার	k o r m O p o n th a r	native
কর্মপরায়ন	k o r m O p o r a y o n	native
কর্মপরিকল্পনাও	k o r m O p o r i k o l p o n a O	compound
কর্মপরিকল্পনাকে	k o r m O p o r i k o l p o n a k e	compound
কর্মপরিকল্পনাগুলো	k o r m O p o r i k o l p o n a g u l O	compound
কর্মপরিকল্পনার	k o r m O p O r i k o l p O n a r	compound
কর্মপরিকল্পনায়	k o r m O p o r i k o l p o n a y	compound
কর্মপরিধি	k o r m O p O r i dh i	native
কর্মপরিধির	k o r m O p o r i dh i r	native
কর্মপরিবেশের	k o r m O p O r i b e sh e r	native
কর্মপরিশদ	k o r m O p O r i sh o d | k o r m o p o r i sh o d	native
কর্মপরিশদের	k o r m O p O r i sh o d e r | k o r m o p o r i sh o d e r	native
কর্মপ্রক্রিয়া	k o r m O pr o kr i y a	compound
কর্মপ্রচেশ্টা	k o r m O pr o ch e sh T a	compound
কর্মপ্রতিশ্ঠানে	k o r m O pr o t i sh Th a n e	compound
কর্মপ্রধান	k o r m O pr o dh a n	native
কর্মপ্রবচনিয়	k o r m O pr O b O ch O n i y O	native
কর্মপ্রবাহের	k o r m O pr o b a h e r	native
কর্মপ্রাপ্তির	k o r m O pr a p t i r	compound
কর্মপ্রয়াস	k o r m O pr o y a sh	native
কর্মবিমুখ	k o r m O b i m u kh	native
কর্মবিমুখতা	k o r m O b i m u kh o t a	native
কর্মবিরতি	k o r m O b i r O t i	native
কর্মবিরতিতে	k o r m O b i r O t i t e	native
কর্মবিরতিসহ	k o r m O b i r o t i sh o h O	native
কর্মব্যস্ত	k o r m O b A st O	native
কর্মব্যস্ততা	k o r m O b A st O t a	native
কর্মব্যস্ততার	k o r m O b A st O t a r	compound
কর্মমুখি	k o r m O m u kh i | k o r m o m u kh i	native
কর্মময়	k o r m O m o y o	native
কর্মরত	k o r m O r o t O	native
কর্মরতদের	k o r m O r o t o d e r	native
কর্মশক্তির	k o r m O sh o kt i r	native
কর্মশালাও	k o r m O sh a l a O	native
কর্মশালাটি	k o r m O sh a l a T i	native
কর্মশালাটির	k o r m O sh a l a T i r	native
কর্মশালার	k o r m O sh a l a r	native
কর্মশালারও	k o r m O sh a l a r O	native
কর্মশালায়	k o r m O sh a l a y	native
কর্মসংস্থান	k o r m O sh o ng sth a n	native
কর্মসংস্থানও	k o r m O sh o ng sth a n O	native
কর্মসংস্থানবিশয়ক	k o r m O sh o ng sth a n b i sh o y o k	compound
কর্মসংস্থানমন্ত্রি	k o r m O sh o ng sth a n m O n | k o r m o sh o ng sth a n m o nt ri	compound
কর্মসংস্থানমন্ত্রির	k o r m O sh o ng sth a n m o nt ri r	compound
কর্মসংস্থানসচিব	k o r m O sh o ng sth a n sh o ch i b	compound
কর্মসংস্থানসহ	k o r m O sh o ng sth a n sh o h O	compound
কর্মসংস্থানেরও	k o r m O sh o ng sth a n e r O	compound
কর্মসম্পর্ক	k o r m O sh o mp o r k o	native
কর্মসম্পাদন	k o r m O sh o mp a d o n	native
কর্মসম্পাদনের	k o r m O sh o mp a d o n e r	compound
কর্মসহায়ক	k o r m O sh o h a y o k	native
কর্মসাধনা	k o r m O sh a dh o n a	native
কর্মসুচি	k o r m O sh u ch i | k o r m o sh u ch i	native
কর্মসুচিই	k o r m O sh u ch i i | k o r m o sh u ch i i	native
কর্মসুচিও	k o r m O sh u ch i O | k o r m o sh u ch i O	native
কর্মসুচিকে	k o r m O sh u ch i k e | k o r m o sh u ch i k e	native
কর্মসুচিগুলো	k o r m O sh u ch i g u l O | k o r m o sh u ch i g u l O	native
কর্মসুচিগুলোতে	k o r m O sh u ch i g u l O t e	compound
কর্মসুচিগুলোর	k o r m O sh u ch i g u l O r	compound
কর্মসুচিটি	k o r m O sh u ch i T i | k o r m o sh u ch i T i	native
কর্মসুচিতে	k o r m O sh u ch i t e | k o r m o sh u ch i t e	native
কর্মসুচিতেই	k o r m O sh u ch i t e i	native
কর্মসুচিতেও	k o r m O sh u ch i t e O | k o r m o sh u ch i t e O	native
কর্মসুচিভিত্তিক	k o r m O sh u ch i bh i tt i k	compound
কর্মসুচির	k o r m O sh u ch i r | k o r m o sh u ch i r	native
কর্মসুচিরও	k o r m O sh u ch i r O	native
কর্মসুচিসংক্রান্ত	k o r m O sh u ch i sh o ng kr a nt o	compound
কর্মসুচিসহ	k o r m O sh u ch i sh o h O	native
কর্মসুচিস্থলে	k o r m O sh u ch i sth o l e	compound
কর্মসুত্রে	k o r m O sh u tr e | k o r m o sh u tr e	native
কর্মসৃজন	k o r m O sh ri j o n	tatsama
কর্মস্থল	k o r m O sth o l	native
কর্মস্থলগামি	k o r m O sth o l g a m i	native
কর্মস্থলেই	k o r m O sth o l e i	native
কর্মস্থলের	k o r m O sth o l e r	native
কর্মস্বাধিনতার	k o r m O sh a dh i n o t a r	tatsama
কর্মহিন	k o r m O h i n | k o r m o h i n	native
কর্মহিনতা	k o r m O h i n o t a	native
কর্মহিনতার	k o r m O h i n o t a r	native
কর্মহিনের	k o r m O h i n e r	native
কর্মাকর্ম	k o r m a k o r m O	native
কর্মাধ্যক্ষ	k o r m a d dh O k k O	tatsama
কর্মানুবন্ধ	k o r m a n u b o ndh O	tatsama
কর্মান্তর	k o r m a nt o r	native
কর্মার	k o r m a r	native
কর্মাস	k o r m a sh	native
কর্মি	k O r m i | k o r m i	native
কর্মিই	k O r m i i | k o r m i i	native
কর্মিও	k O r m i O | k o r m i O	native
কর্মিক	k O r m i k	native
কর্মিকে	k O r m i k e | k o r m i k e	native
কর্মিকেও	k O r m i k e O | k o r m i k e O	native
কর্মিটি	k o r m i T i	native
কর্মিতে	k o r m i t e	native
কর্মিদের	k O r m i d e r | k o r m i d e r	native
কর্মিদেরই	k o r m i d e r i	native
কর্মিদেরও	k O r m i d e r O | k o r m i d e r O	native
কর্মিবাহিনি	k O r m i b a h i n i | k o r m i b a h i n i	native
কর্মিবাহিনির	k o r m i b a h i n i r	native
কর্মির	k O r m i r | k o r m i r	native
কর্মিরা	k O r m i r a | k o r m i r a	native
কর্মিরাই	k O r m i r a i | k o r m i r a i	native
কর্মিরাও	k O r m i r a O | k o r m i r a O	native
কর্মিরাসহ	k o r m i r a sh o h O	native
কর্মিশুন্য	k o r m i sh u n n o	native
কর্মিশ্ঠ	k O r m i sh Th O	native
কর্মিসংখ্যা	k o r m i sh o ng kh a	native
কর্মিসভা	k O r m i sh o bh a	native
কর্মিসভার	k o r m i sh o bh a r	native
কর্মিসভায়	k o r m i sh o bh a y	native
কর্মিসহ	k O r m i sh o h O | k o r m i sh o h O	native
কর্মে	k o r m e	native
কর্মেই	k o r m e i	native
কর্মের	k o r m e r	native
কর্মোদ্যম	k o r m O d d o m	native
কর্মোদ্যোগ	k o r m O d d O g	native
কর্য	k o r j o	native
কর্যক্রমের	k o r j o kr o m e r	native
কর্ষ	k o r sh O	tatsama
কলং	k o l O ng	native
কলংক	k o l o ng k O	native
কলংকজনক	k o l o ng k o j o n o k	native
কলংকতিলক	k o l o ng k o t i l o k	native
কলংকমুক্ত	k o l o ng k o m u kt o	native
কলংকমুক্তির	k o l o ng k o m u kt i r	native
কলংকমোচন	k o l o ng k o m O ch o n	native
কলংকময়	k o l o ng k o m o y	native
কলংকশ	k o l O ng k o sh	native
কলংকি	k o l O ng k i	native
কলংকিত	k o l o ng k i t o | k o l O ng k i t O	native
কলংকে	k o l o ng k e	native
কলংকের	k o l o ng k e r	native
কলই	k o l i	native
কলও	k o l O	native
কলকল	k o l k o l	native
কলকলিয়া	k o l k o l i y a	native
কলকা	k o l k a	native
কলকাকলি	k o l O k a k O l i	native
কলকাকলিতে	k o l O k a k O l i t e | k o l k a k o l i t e	native
কলকাঠি	k o l k a Th i	native
কলকাতা	k O l k a t a	native
কলকাতাই	k o l k a t a i	native
কলকাতাও	k o l k a t a O	native
কলকাতাতে	k O l k a t a t e	native
কলকাতাতেই	k O l k a t a t e i	native
কলকাতাবাসি	k o l k a t a b a s i	loanword
কলকাতাবাসির	k o l k a t a b a s i r	loanword
কলকাতার	k O l k a t a r	native
কলকাতারই	k o l k a t a r i	native
কলকাতাসহ	k O l k a t a sh o h O	native
কলকাতায়	k O l k a t a y o	native
কলকাতায়ও	k o l k a t a y O	native
কলকারখানা	k o l k a r kh a n a	native
কলকারখানাই	k o l k a r kh a n a i	native
কলকারখানাগুলো	k o l k a r kh a n a g u l O	compound
কলকারখানার	k o l k a r kh a n a r	native
কলকারখানাসহ	k o l k a r kh a n a sh o h O	native
কলকারখানায়	k o l k a r kh a n a y	native
কলকি	k o l k i	native
কলকে	k o l k e	native
কলক্কল	k o l o k k o l	native
কলগার্ল	k o l g a r l	native
কলগি	k O l g i	native
কলঘর	k o l gh o r	native
কলঘোশ	k o l O gh O sh	native
কলচার্জ	k o l ch a r j	native
কলজে	k o l j e	native
কলটেপা	k o l T e p a	native
কলতান	k o l O t a n	native
কলতানে	k o l O t a n e	native
কলতাবাজার	k o l t a b a j a r	native
কলত্র	k o l O tr O	native
কলধোউত	k o l O dh O u t O	native
কলধ্বনি	k o l dh o n i	tatsama
কলন	k o l O n	native
কলন্তর	k o l o nt o r	native
কলপ	k o l O p	native
কলপাড়ে	k o l p a r e	native
কলপিত	k o l O p i t O	native
কলব	k o l o b	native
কলবল	k o l b o l	native
কলবলি	k o l b O l i	native
কলবাহিনি	k o l b a h i n i	native
কলবিংক	k o l O b i ng k O	native
কলবেল	k o l b e l	native
কলবেলের	k o l b e l e r	native
কলভ	k o l o b O	native
কলমও	k o l o m O	native
কলমজোদ্ধা	k o l o m j O d dh a	tatsama
কলমটি	k o l O m T i	native
কলমদর	k o l o m d o r	native
কলমদানি	k o l O m d a n i	native
কলমপতি	k o l o m p o t i	native
কলমসোইনিক	k o l o m sh O i n i k	native
কলমা	k o l m a	native
কলমাকান্দা	k o l m a k a nd a	native
কলমানি	k o l O m a n i	native
কলমানির	k o l m a n i r	native
কলমি	k O l m i	native
কলমে	k o l O m e	native
কলমেই	k o l O m e i	native
কলমের	k o l O m e r	native
কলমেশ্বর	k o l o m e sh o r	tatsama
কলম্ব	k o l o mb O	native
কলম্বাস	k o l O mb a sh	loanword
কলম্বাসের	k o l O mb a sh e r	loanword
কলম্বিয়া	k o l o mb i y a	native
কলম্বিয়াকে	k o l o mb i y a k e	native
কলম্বিয়ান	k o l o mb i y a n	native
কলম্বিয়ার	k o l O mb i a r	native
কলম্বিয়াের	k o l o mb i y a r	native
কলম্বিয়ায়	k o l o mb i y a y	native
কলম্বোকে	k o l o mb i y a k e	native
কলম্বোতে	k o l O mb O t e	native
কলম্বোর	k o l O mb O r	native
কলম্বোয়	k o l o mb O y	native
কলরেট	k o l r e T	native
কললিস্ট	k o l l i sh T	loanword
কলস	k o l O sh	native
কলসকাঠি	k o l o sh k a Th i	native
কলসি	k O l sh i	native
কলসিতে	k O l sh i t e	native
কলসির	k O l sh i r	native
কলসে	k o l sh e	native
কলসেন্টার	k o l s e n T a r	loanword
কলসেন্টারের	k o l s e n T a r e r	loanword
কলসের	k o l O sh e r	native
কলহ	k o l O h O	native
কলহপ্রবন	k o l o h pr o b o n	native
কলহসহ	k o l o h sh o h O	native
কলহান্তরিতা	k o l O h a nt O r i t a	native
কলহাস্য	k o l h a sh sh O	native
কলহে	k o l O h e	native
কলহের	k o l O h e r	native
কলাই	k o l a i	native
কলাউজান	k o l a u j a n	native
কলাও	k o l a O	native
কলাকুশলি	k o l a k u sh O l i | k o l a k u sh o l i	native
কলাকুশলিকে	k o l a k u sh o l i k e	native
কলাকুশলিদের	k o l a k u sh O l i d e r | k o l a k u sh o l i d e r	native
কলাকুশলির	k o l a k u sh o l i r	native
কলাকুশলিরা	k o l a k u sh O l i r a | k o l a k u sh o l i r a	native
কলাকোউশল	k o l a k O O sh o l | k o l a k O u sh o l	native
কলাকোউশলে	k o l a k O u sh o l e	native
কলাকোউশলের	k o l a k O u sh o l e r	native
কলাকোপা	k o l a k O p a	native
কলাগাছি	k o l a g a chh i	native
কলাগাছিয়া	k o l a g a chh i y a	native
কলাগাছিয়ার	k o l a g a chh i y a r	native
কলাগুলো	k o l a g u l O	native
কলাটা	k o l a T a	native
কলাতলি	k o l a t O l i | k o l a t o l i	native
কলাতলিতে	k o l a t o l i t e	native
কলাতলির	k o l a t o l i r	native
কলাতিয়া	k o l a t i y a	native
কলানাথ	k o l a n a th	native
কলানুনাদি	k o l a n u n a d i	native
কলাপ	k o l a p	native
কলাপসিবল	k o l a p sh i b o l	native
কলাপাতা	k o l a p a t a	native
কলাপাতায়	k o l a p a t a y	native
কলাপাড়া	k o l a p a r a	native
কলাপাড়ার	k o l a p a r a r	native
কলাপাড়ায়	k o l a p a r a y	native
কলাপি	k o l a p i	native
কলাবতি	k o l a b o t i	native
কলাবধু	k o l a b o dh u	native
কলাবাগানসহ	k o l a b a g a n sh o h O	native
কলাবাগানে	k o l a b a g a n e	native
কলাবাগানের	k o l a b a g a n e r	native
কলাবাড়ি	k o l a b a r i	native
কলাবাড়িয়া	k o l a b a r i y a	native
কলাভবন	k o l a bh o b o n	native
কলাভবনের	k o l a bh o b o n e r	native
কলাম	k o l a m	native
কলামজুড়ে	k o l a m j u r e	native
কলামটি	k o l a m T i	native
কলামটিতে	k o l a m T i t e	native
কলামনিস্ট	k o l a m n i sh T	loanword
কলামলেখক	k o l a m l e kh O k	native
কলামলেখকদের	k o l a m l e kh o k d e r	native
কলামিস্ট	k o l a m i sh T	loanword
কলামিস্টদের	k o l a m i s T d e r	loanword
কলামে	k o l a m e	native
কলামেই	k o l a m e i	native
কলামের	k o l a m e r	native
কলাম্বিয়া	k o l a mb i y a	native
কলাম্বিয়ার	k o l a mb i y a r	native
কলার	k o l a r	native
কলারওয়ালা	k o l a r O y a l a	native
কলারাডো	k o l a r a D O	native
কলারের	k o l a r e r	native
কলারোয়া	k o l a r O y a	native
কলারোয়ার	k o l a r O y a r	native
কলারোয়ায়	k o l a r O y a y	native
কলায়	k o l a y	native
কলি	k O l i	native
কলিং	k o l i ng	native
কলিংউড	k o l i ng u D	native
কলিংউডই	k o l i ng u D i	native
কলিংউডকে	k o l i ng u D k e	native
কলিংউডের	k o l i ng u D e r	native
কলিংগ	k O l i ng g O	native
কলিংবেল	k o l i ng b e l	native
কলিকা	k O l i k a	native
কলিকাতা	k O l i k a t a	native
কলিকাতার	k O l i k a t a r	native
কলিকাবয়সি	k O l i k a b o y O sh i	native
কলিকালে	k o l i k a l e	native
কলিগ	k o l i g	native
কলিজার	k O l i j a r	native
কলিজিয়াম	k o l i j i y a m	native
কলিঞ্জ	k O l i nj O	tatsama
কলিদার	k o l i d a r	native
কলিন	k o l i n	native
কলিন্সের	k o l i n s e r	loanword
কলিম	k O l i m	native
কলিমউল্লাহ	k o l i m u l l a h	native
কলিমকে	k o l i m k e	native
কলিমুর	k O l i m u r	native
কলিমুরের	k O l i m u r e r	native
কলিমুল্লাহ	k o l i m u l l a h	native
কলিমের	k o l i m e r	native
কলু	k O l u	native
কলুই	k O l u i	native
কলুর	k O l u r	native
কলুশ	k O l u sh	native
কলুশতা	k o l u sh o t a	native
কলুশতামুক্ত	k o l u sh o t a m u kt o	native
কলুশমুক্ত	k O l u sh m u kt O | k o l u sh m u kt o	native
কলুশিত	k O l u sh i t O | k o l u sh i t o	native
কলে	k o l e	native
কলেজই	k o l e j i	native
কলেজও	k o l e j O	native
কলেজকে	k o l e j k e	native
কলেজগামি	k o l e j g a m i	native
কলেজগুলো	k o l e j g u l O	native
কলেজগুলোও	k o l e j g u l O O	native
কলেজগুলোকে	k o l e j g u l O k e	native
কলেজগুলোতে	k o l e j g u l O t e	native
কলেজগুলোতেও	k o l e j g u l O t e O	native
কলেজগুলোয়	k o l e j g u l O y	native
কলেজগেট	k o l e j g e T	native
কলেজগেটে	k o l e j g e T e	native
কলেজছাত্রকে	k o l e j chh a tr O k e	native
কলেজছাত্রি	k o l e j chh a tr i	native
কলেজছাত্রিকে	k o l e j chh a tr i k e	native
কলেজছাত্রির	k o l e j chh a tr i r	native
কলেজছাত্রের	k o l e j chh a tr e r	native
কলেজজিবন	k o l e j j i b O n | k o l e j j i b o n	native
কলেজজিবনে	k o l e j j i b O n e | k o l e j j i b o n e	native
কলেজজিবনের	k o l e j j i b o n e r	native
কলেজটি	k o l e j T i	native
কলেজটিও	k o l e j T i O	native
কলেজটিকে	k o l e j T i k e	native
কলেজটির	k o l e j T i r	native
কলেজপাড়া	k o l e j p a r a	native
কলেজপাড়ার	k o l e j p a r a r	native
কলেজপাড়ায়	k o l e j p a r a y	native
কলেজপড়ুয়া	k o l e j p o r u y a	native
কলেজমাঠে	k o l e j m a Th e	native
কলেজমাঠের	k o l e j m a Th e r	native
কলেজশিক্ষক	k o l e j sh i kkh O k	tatsama
কলেজশিক্ষকের	k o l e j sh i k k o k e r	tatsama
কলেজশিক্ষার্থি	k o l e j sh i k k a r th i	tatsama
কলেজসংলগ্ন	k o l e j sh o ng l o g n o	native
কলেজসহ	k o l e j sh o h O	native
কলেজহাসপাতালে	k o l e j h a sh p a t a l e	compound
কলেজিয়েট	k o l e j i y e T	native
কলেজে	k o l e j e	native
কলেজেই	k o l e j e i	native
কলেজেও	k o l e j e O	native
কলেজের	k o l e j e r	native
কলেজেরই	k o l e j e r i	native
কলেজেরও	k o l e j e r O	native
কলেজেস	k o l e j e sh	native
কলেবর	k o l e b o r	native
কলেবরে	k o l e b o r e	native
কলেমা	k o l e m a	native
কলের	k o l e r	native
কলেরাকে	k o l e r a k e	native
কলেরার	k o l e r a r	native
কলেরায়	k o l e r a y	native
কলেরির	k o l e r i r	native
কলেস্টেরল	k o l e sh T e r o l	loanword
কলোচ্ছলিত	k o l O ch chh O l i t O	native
কলোনির	k o l O n i r	native
কলোনিসহ	k o l O n i sh o h O	native
কলোনিয়াল	k o l O n i y a l	native
কলোম	k o l O m	native
কলোরাডো	k o l O r a D O	native
কলোসিয়াম	k o l O sh i y a m	native
কলোড়া	k o l O r a	native
কল্ক	k o l k O	native
কল্কা	k o l k a	native
কল্কি	k O l k i	native
কল্কে	k o l k e	native
কল্পকথা	k o l p o k o th a	native
কল্পকাহিনি	k o l p O k a h i n i | k o l p o k a h i n i	native
কল্পকাহিনিতে	k o l p o k a h i n i t e	native
কল্পকাহিনির	k o l p O k a h i n i r	native
কল্পতরু	k o l p O t O r u	native
কল্পন	k o l p O n	native
কল্পনাই	k o l p O n a i	native
কল্পনাও	k o l p O n a O	native
কল্পনাকে	k o l p O n a k e	native
কল্পনাকেও	k o l p O n a k e O	native
কল্পনাটা	k o l p o n a T a	native
কল্পনাতিত	k o l p O n a t i t | k o l p o n a t i t	native
কল্পনাতে	k o l p o n a t e	native
কল্পনাতেই	k o l p o n a t e i	native
কল্পনাতেও	k o l p O n a t e O	native
কল্পনাপ্রসুত	k o l p O n a pr O sh u t O | k o l p o n a pr o sh u t o	native
কল্পনাবিলাস	k o l p o n a b i l a sh	native
কল্পনাবিলাসি	k o l p o n a b i l a sh i	native
কল্পনামাত্র	k o l p o n a m a tr o	native
কল্পনার	k o l p O n a r	native
কল্পনারও	k o l p O n a r O	native
কল্পনাশক্তি	k o l p O n a sh O kt i	native
কল্পনাশক্তির	k o l p o n a sh o kt i r	native
কল্পনায়	k o l p o n a y	native
কল্পনায়ও	k o l p o n a y O	native
কল্পবিজ্ঞান	k o l p O b i g g a n	tatsama
কল্পবিজ্ঞানের	k o l p o b i g g a n e r	tatsama
কল্পান্ত	k o l p a nt O	native
কল্পারম্ভ	k o l p a r o m bh O	native
কল্পি	k O l p i	native
কল্পিত	k O l p i t O	native
কল্প্য	k O l p O	native
কল্মশ	k o l m o sh	native
কল্মাশ	k o l m a sh	native
কল্য	k O l l O	native
কল্যকার	k O l l O k a r	native
কল্যবর্ত	k O l l O b o r t O	native
কল্যান	k o l l a n	native
কল্যানই	k o l l a n i	native
কল্যানকর	k o l l a n k o r | k O l l a n k o r	native
কল্যানকলস	k o l l a n k o l o sh	native
কল্যানকামি	k o l l a n k a m i	native
কল্যানকে	k o l l a n k e	native
কল্যানকেন্দ্র	k o l l a n k e ndr o	compound
কল্যানচিন্তা	k o l l a n ch i nt a	native
কল্যানদি	k o l l a n d i	native
কল্যানধর্মি	k o l l a n dh o r m i	native
কল্যাননির্ভর	k o l l a n n i r bh o r	native
কল্যানপুর	k o l l a n p u r | k O l l a n p u r	native
কল্যানপুরে	k o l l a n p u r e | k O l l a n p u r e	native
কল্যানপুরের	k o l l a n p u r e r | k O l l a n p u r e r	native
কল্যানভিত্তিক	k o l l a n bh i tt i k	compound
কল্যানমন্ত্রি	k o l l a n m o nt r i | k O l l a n m O n	compound
কল্যানমুখি	k o l l a n m u kh i | k O l l a n m u kh i	native
কল্যানমুলক	k o l l a n m u l o k | k O l l a n m u l O k	native
কল্যানময়	k o l l a n m o y	native
কল্যানময়তা	k o l l a n m o y o t a	native
কল্যানরাশ্ট্র	k o l l a n r a sh T r	loanword
কল্যানার্থে	k o l l a n a r th e	native
কল্যানি	k o l l a n i | k O l l a n i	native
কল্যানিয়েশু	k O l A n i y e sh u	native
কল্যানে	k o l l a n e | k O l l a n e	native
কল্যানেই	k o l l a n e i | k O l l a n e i	native
কল্যানের	k o l l a n e r | k O l l a n e r	native
কল্লা	k o l l a	native
কল্লোল	k o l l O l	native
কল্লোলের	k o l l O l e r	native
কশ	k o sh	native
কশছিলেন	k o sh chh i l e n	native
কশছে	k O sh chh e | k o sh chh e	native
কশছেন	k O sh chh e n | k o sh chh e n	native
কশতে	k O sh t e | k o sh t e	native
কশন	k o sh O n	native
কশফ	k o sh ph	native
কশলে	k o sh l e	native
কশা	k o sh a	native
কশাকশি	k o sh a k O sh i | k o sh a k o sh i	native
কশাকশিতে	k o sh a k O sh i t e | k o sh a k o sh i t e	native
কশাকশির	k o sh a k O sh i r | k o sh a k o sh i r	native
কশাঘাত	k o sh a gh a t	native
কশাঘাতে	k o sh a gh a t e	native
কশাতে	k o sh a t e	native
কশান	k o sh a n	native
কশানি	k o sh a n i	native
কশানো	k o sh a n O	native
কশার	k o sh a r	native
কশায়	k o sh a y	native
কশি	k o sh i	native
কশিত	k O sh i t O	native
কশিদা	k O sh i d a	native
কশিয়ে	k o sh i y e	native
কশুর	k o sh u r	native
কশে	k O sh e | k o sh e	native
কশেই	k O sh e i | k o sh e i	native
কশেছে	k o sh e chh e	native
কশেরুকা	k o sh e r u k a	native
কশ্ট	k o sh T O | k o sh T o	native
কশ্টই	k o sh T O i | k o sh T o i	native
কশ্টও	k o sh T O O | k o sh T o O	native
কশ্টকর	k o sh T O k o r | k o sh T o k o r	native
কশ্টকরই	k o sh T o k o r i	native
কশ্টকল্পনা	k o sh T o k o l p o n a	native
কশ্টকল্পিত	k o sh T o k o l p i t o	native
কশ্টকে	k o sh T O k e | k o sh T o k e	native
কশ্টগুলো	k o sh T O g u l O | k o sh T o g u l O	native
কশ্টটা	k o sh T O T a | k o sh T o T a	native
কশ্টটাই	k o sh T o T a i	native
কশ্টটুকু	k o sh T o T u k u	native
কশ্টদায়ক	k o sh T o d a y o k	native
কশ্টসহিশ্নু	k o sh T o sh o h i sh o n u	native
কশ্টসাধ্য	k o sh T O sh a d dh O | k o sh T o sh a dh dh o	native
কশ্টসাপেক্ষ	k o sh T o sh a p e kkh o	tatsama
কশ্টার্জিত	k o sh T a r j i t O | k o sh T a r j i t o	native
কশ্টি	k O sh T i	native
কশ্টিপাথরে	k o sh T i p a th o r e	native
কশ্টে	k o sh T e	native
কশ্টের	k o sh T e r	native
কশ্টেরই	k o sh T e r i	native
কশ্টেসৃশ্টে	k o sh T e sh ri sh T e	tatsama
কশ্যপ	k o sh sh O p	native
কস	k o sh	native
কসকো	k o sh k O	native
কসপি	k o sh o p i	native
কসবা	k o sh b a	native
কসবার	k o sh b a r	native
কসবায়	k o sh b a y	native
কসবি	k o sh b i	native
কসম	k o sh O m	native
কসমস	k o sh m o sh	native
কসমসের	k o sh m o sh e r	native
কসমিক	k o sh m i k	native
কসমেটিকস	k o sh m e T i k sh	native
কসমেটিকসের	k o sh m e T i k sh e r	native
কসমেটিকের	k o sh m e T i k e r	native
