টি	T i	native
টিট	T i T o	native
টিম	T i m	loanword
টিস্যুকালচার	T i s u k a l ch a r	native
টিস্যুগুলো	T i s u g u l O	native
টিস্যুতে	T i s u t e	native
টিস্যুর	T i s u r	native
টিয়া	T i y a	native
টিয়াগো	T i y a g O	proper_noun
টিয়ার	T i y a r	native
টিয়ারগ্যাস	T i y a r g A s	loanword
টিয়ারশেল	T i y a r sh e l	native
টি–	T i T i a i	native
টুং	T u ng	native
টুংগিপাড়া	T u ng g i p a r a	proper_noun
টুংগিপাড়ায়	T u ng g i p a r a y o	proper_noun
টুংগিপাড়া	T u ng g i p a r a	proper_noun
টুংগিপাড়ার	T u ng g i p a r a r	proper_noun
টুংগিপাড়ায়	T u ng g i p a r a y o	proper_noun
টুংটাং	T u ng T a ng	native
টুং্গিপাড়ায়	T u ng g i p a r a y o	proper_noun
টুই	T u i	native
টুইংকল	T u i n k o l	proper_noun
টুইংকেল	T u i ng k e l	proper_noun
টুইউ	T u i u	native
টুইজার	T u i j a r	loanword
টুইট	T u i T	loanword
টুইটও	T u i T O	loanword
টুইটগুলো	T u i T g u l O	loanword
টুইটটি	T u i T T i	loanword
টুইটস	T u i T o s	loanword
টুইটহার্টস	T u i T h a r T o s	loanword
টুইটার	T u i T a r	proper_noun
টুইটারও	T u i T a r o O	proper_noun
টুইটারকে	T u i T a r k e	proper_noun
টুইটারসহ	T u i T a r sh o h O	proper_noun
টুইটারে	T u i T a r e	proper_noun
টুইটারেও	T u i T a r e O	proper_noun
টুইটারের	T u i T a r e r	proper_noun
টুইটে	T u i T e	loanword
টুইটেই	T u i T e i	loanword
টুইটের	T u i T e r	loanword
টুইন	T u i n	loanword
টুইনমস	T u i n m o s	loanword
টুইল	T u i l	loanword
টুইলাইট	T u i l a i T	loanword
টুইশনি	T u i sh o n i	loanword
টুইস্ট	T u i s T	loanword
টুইয়ু	T u i y u	native
টুওয়ার্ডস	T u O y a r D s	loanword
টুক	T u k	native
টুকটাক	T u k T a k	native
টুকটুকিকে	T u k T u k i k e	native
টুকটুকির	T u k T u k i r	native
টুকটুকে	T u k T u k e	native
টুকরাগুলো	T u k r a g u l O	native
টুকরাটা	T u k r a T a	native
টুকরাটি	T u k r a T i	native
টুকরায়	T u k r a y o	native
টুকরি	T u k r i	native
টুকরিতে	T u k r i t e	native
টুকরো	T u k r O	native
টুকরোগুলো	T u k r O g u l O	native
টুকরোটি	T u k r O T i	native
টুকরোর	T u k r O r	native
টুকলি	T u k l i	native
টুকাই	T u k a i	native
টুকি	T u k i	native
টুকিটাকি	T u k i T a k i	native
টুকু	T u k u	native
টুকুই	T u k u i	native
টুকুকে	T u k u k e	native
টুকুসহ	T u k u sh o h O	native
টুগবুগুনি	T u g b u g u n i	native
টুগেদার	T u g e d a r	loanword
টুজি	T u j i	loanword
টুট	T u T	native
টুটপাড়া	T u T p a r a	native
টুটসি	T u T s i	proper_noun
টুটসিদের	T u T s i d e r	proper_noun
টুটসিরা	T u T s i r a	proper_noun
টুটা	T u T a	native
টুটাং	T u T a ng	native
টুটি	T u T i	native
টুটু	T u T u	native
টুটুল	T u T u l	proper_noun
টুটুলকে	T u T u l k e	proper_noun
টুটুলের	T u T u l e r	proper_noun
টুটে	T u T e	native
টুডি	T u D i	loanword
টুডু	T u D u	proper_noun
টুডেকে	T u D e k e	loanword
টুডের	T u D e r	loanword
টুতে	T u t e	native
টুথ	T u th	loanword
টুথপিক	T u th p i k	loanword
টুথপেস্ট	T u th p e s T	loanword
টুথব্রাশের	T u th o br a sh e r	loanword
টুন	T u n	native
টুনটুনি	T u n T u n i	native
টুনটুনির	T u n T u n i r	native
টুনি	T u n i	native
টুনিকে	T u n i k e	native
টুনির	T u n i r	native
টুনিরহাট	T u n i r h a T	native
টুন্ডা	T u n D a	native
টুপ	T u p	native
টুপটাপ	T u p T a p	native
টুপভুজং	T u p bh u j o ng	native
টুপা	T u p a	native
টুপিটা	T u p i T a	native
টুপিটি	T u p i T i	native
টুপিতে	T u p i t e	native
টুপিপ্রতি	T u p i pr o t i	native
টুপির	T u p i r	native
টুপুর	T u p u r	native
টুবটুব	T u b T u b	native
টুভালুর	T u bh a l u r	proper_noun
টুমটাম	T u m T a m	native
টুমটুমি	T u m T u m i	native
টুমরো	T u m r O	loanword
টুমিলেহ	T u m i l e h	native
টুম্পার	T u mp a r	proper_noun
টুম্ব	T u mb	native
টুর	T u r	loanword
টুরি	T u r i	native
টুরিজম	T u r i j o m	loanword
টুর্ডি	T u r D i	native
টুর্ডিকে	T u r D i k e	native
টুর্ডির	T u r D i r	native
টুর্নামেন্টও	T u r n a m e n T O	loanword
টুর্নামেন্টকে	T u r n a m e n T k e	compound
টুর্নামেন্টটা	T u r n a m e n T T a	compound
টুর্নামেন্টটির	T u r n a m e n T T i r	compound
টুর্নামেন্টে	T u r n a m e n T	loanword
টুর্নামেন্টেই	T u r n a m e n T e i	compound
টুর্নামেন্টেও	T u r n a m e n T O	compound
টুর্নামেন্টেরই	T u r n a m e n T e r i	compound
টুলকিট	T u l k i T	loanword
টুলকিটের	T u l k i T e r	loanword
টুলটুল	T u l T u l	native
টুলটুলি	T u l T u l i	native
টুলস	T u l s	loanword
টুলি	T u l i	native
টুলির	T u l i r	native
টুলু	T u l u	proper_noun
টুলুর	T u l u r	proper_noun
টুলে	T u l e	native
টুলের	T u l e r	native
টুলো	T u l O	native
টুসটুস	T u sh T u sh	native
টুসন	T u s a n	proper_noun
টুসনের	T u s a n e r	proper_noun
টুসি	T u sh i	native
টুয়ার্ডস	T u y a r D s o	loanword
টুয়েন্টি	T u y e n T i	loanword
টুয়েন্টিফোর	T u y e n T i ph O r	loanword
টুয়েন্টিয়েথ	T u y e n T i y e th o	loanword
টুয়েলভ	T u y e l bh	loanword
টে	T e	native
টেংগরি	T e ng g r i	native
টেংগারচর	T e ng g a r ch o r	native
টেইট	T e i T	proper_noun
টেইটকে	T e i T k e	proper_noun
টেইল	T e i l	loanword
টেইলর	T e i l o r	loanword
টেইলরকে	T e i l o r k e	loanword
টেইলরের	T e i l o r e r	loanword
টেইলার	T e i l a r	loanword
টেকটনিক	T e k T o n i k	loanword
টেকটোনিক	T e k T O n i k	loanword
টেকনাফসহ	T e k n a ph sh o h O	native
টেকনিক	T e k n i k	loanword
টেকনিকের	T e k n i k e r	loanword
টেকনিক্যাল	T e k n i k a l	loanword
টেকনিক্যালি	T e k n i k A l i	loanword
টেকনিশিয়ান	T e k n i sh i y a n	loanword
টেকনিশিয়ানরা	T e k n i sh i y a n r a	loanword
টেকনো	T e k n O	loanword
টেকনোএজ	T e k o n O e j	loanword
টেকনোক্র্যাট	T e k n O k r A T	loanword
টেকনোক্র্যাটদের	T e k n O k r A T d e r	loanword
টেকনোনিডস	T e k n O n i D s	loanword
টেকনোলজি	T e k n O l O j i	loanword
টেকনোলজিকে	T e k n O l o j i k e	loanword
টেকনোলজিক্যাল	T e k n O l O j i k A l	compound
টেকনোলজিতে	T e k n O l o j i t e	loanword
টেকনোলজির	T e k n O l o j i r	loanword
টেকনোলজিস	T e k n O l o j i s	loanword
টেকনোলজিসের	T e k n O l o j i s e r	loanword
টেকভ্যালি	T e k bh A l i	loanword
টেকসইভাবে	T e k sh o i bh a b e	native
টেকা	T e k a	native
টেকাতে	T e k a t e	native
টেকানো	T e k a n O	native
টেকানোর	T e k a n O r	native
টেকার	T e k a r	native
টেকারদের	T e k a r d e r	native
টেকারি	T e k a r i	native
টেকাল	T e k a l	native
টেকি	T e k i	native
টেকিং	T e k i ng	native
টেকেননি	T e k e n n i	native
টেকেনি	T e k e n i	native
টেকের	T e k e r	native
টেকেরবাজার	T e k e r b a j a r	native
টেকেরহাট	T e k e r h a T	native
টেকো	T e k O	native
টেক্কর	T e k k o r	native
টেক্কা	T e k k a	native
টেক্সটাইল	T e k s T a i l	loanword
টেখে	T e kh e	native
টেগর	T e g o r	proper_noun
টেগামুখ	T e g a m u kh	native
টেজন	T e j o n	native
টেটন	T e T o n	native
টেটা	T e T a	native
টেটারি	T e T a r i	native
টেটিয়া	T e T i y a	native
টেন	T e n	loanword
টেনবি	T e n b i	native
টেনশনে	T e n sh o n e	loanword
টেনশনের	T e n sh O n e r	loanword
টেনশান	T e n sh a n	loanword
টেনা	T e n a	native
টেনিস	T e n i s	loanword
টেনিসকে	T e n i s k e	loanword
টেনিসে	T e n i s e	loanword
টেনে	T e n e	native
টেনেও	T e n e O	native
টেনেছিলেন	T e n e chh i l e n	native
টেনের	T e n e r	native
টেনেহিচড়ে	T e n e h i ch r e	native
টেন্টে	T e n T e	loanword
টেন্ডাই	T e n D a i	native
টেন্ডারবাজ	T e n D a r b a j	native
টেন্ডারবাজির	T e n D a r b a j i r	native
টেন্ডারবাজিসহ	T e n D a r b a j i sh o h O	compound
টেন্ডারবাজেরা	T e n D a r b a j e r a	compound
টেন্ডারে	T e n D a r e	native
টেন্ডুলকার	T e n D u l k a r	proper_noun
টেন্ডুলকারই	T e n D u l k a r o i	proper_noun
টেন্ডুলকারও	T e n D u l k a r O	proper_noun
টেন্ডুলকারকে	T e n D u l k a r k e	proper_noun
টেন্ডুলকারকেই	T e n D u l k a r k e i	compound
টেন্ডুলকারকেও	T e n D u l k a r k e O	compound
টেন্ডুলকারসহ	T e n D u l k a r sh o h O	native
টেন্ডুলকারের	T e n D u l k a r e r	proper_noun
টেন্ডুলকারেরই	T e n D u l k a r e r i	compound
টেন্ডুলকারেরও	T e n D u l k a r e r O	compound
টেপকো	T e p k O	native
টেপকোকে	T e p k O k e	native
টেপকোর	T e p k O r	native
টেপা	T e p a	native
টেপাখোলা	T e p a kh O l a	native
টেপার	T e p a r	native
টেপি	T e p i	native
টেপে	T e p e	native
টেবিলওয়্যার	T e b i l O y A r	loanword
টেবিলসহ	T e b i l sh o h O	loanword
টেবিলেই	T e b i l e i	loanword
টেবিলেও	T e b i l e O	loanword
টেবুনিয়া	T e b u n i y a	native
টেবুলেশন	T e b u l e sh o n	loanword
টেমস	T e m s	proper_noun
টেম্পল	T e mp O l	loanword
টেম্পোচালক	T e mp O ch a l k o	native
টেম্পোজাত্রি	T e mp O j a tr i	native
টেম্বা	T e mb a	native
টেরই	T e r i	native
টেরও	T e r O	native
টেরর	T e r r o	loanword
টেরা	T A r a	native
টেরাকোটার	T e r a k O T a r	loanword
টেরাবাইট	T e r a b a i T	loanword
টেরাবাইটের	T e r a b a i T	loanword
টেরাহার্টজ	T e r a h a r T o j	loanword
টেরি	T e r i	native
টেরিকে	T e r i k e	native
টেরিজা	T e r i j a	proper_noun
টেরিটরিয়াল	T e r i T r i y a l	loanword
টেরিটাওয়েল	T e r i T a O y e l	loanword
টেরিটোরিয়াল	T e r i T O r i y a l	loanword
টেরিবল	T e r i b o l	loanword
টেরির	T e r i r	native
টেরিস্ট্রিয়াল	T e r i s T i y a l	loanword
টেরে	T e r e	native
টেরেসে	T e r e s e	loanword
টেরোরিজম	T e r O r i j o m	loanword
টেল	T e l	native
টেলর	T e l o r	native
টেলা	T e l a	native
টেলার	T e l a r	native
টেলি	T e l i	loanword
টেলিকম	T e l i k o m	loanword
টেলিকমিউনিকেশন	T e l i k o m i u n i k e sh o n	compound
টেলিকমিউনিকেশনস	T e l i k o m i u n i k e sh o n s	compound
টেলিকমিনিউকেশনস	T e l i k o m i n i u k e sh o n s	compound
টেলিছবি	T e l i chh O b i	compound
টেলিছবিটি	T e l i chh O b i T i	compound
টেলিছবিটির	T e l i chh O b i T i r	compound
টেলিছবির	T e l i chh O b i r	compound
টেলিজোগাজোগ	T e l i j O g a j O g	compound
টেলিজোগাজোগব্যবস্থা	T e l i j O g a j O g b A b O sth a	compound
টেলিজোগাজোগমন্ত্রি	T e l i j O g a j O g m O nt ri	compound
টেলিজোগাজোগমন্ত্রিকে	T e l i j O g a j O g m O nt ri k e	compound
টেলিজোগাজোগমন্ত্রির	T e l i j O g a j O g m O nt ri r	compound
টেলিজোগাজোগসচিব	T e l i j O g a j O g sh o ch i b	compound
টেলিজোগাজোগসহ	T e l i j O g a j O g sh o h O	compound
টেলিজোগাজোগসেবা	T e l i j O g a j O g sh e b a	compound
টেলিজোগাজোগে	T e l i j O g a j O g e	compound
টেলিজোগাজোগের	T e l i j O g a j O g e r	compound
টেলিটককে	T e l i T o k k e	proper_noun
টেলিটকের	T e l i T k e r	proper_noun
টেলিনর	T e l i n o r	proper_noun
টেলিনরের	T e l i n o r e r	proper_noun
টেলিসার্ভিসেস	T e l i s a r bh i s e s	compound
টেলে	T e l e	native
টেলের	T e l e r	native
টেল্ক	T e l k	loanword
টেল্লো	T e l l O	native
টেশিস	T e s i s	loanword
টেশিসের	T e s i s e r	loanword
টেস	T e s	proper_noun
টেসকো	T e s k O	proper_noun
টেসলা	T e s l a	proper_noun
টেসলার	T e s l a r	proper_noun
টেসা	T e s a	proper_noun
টেসি	T e s i	proper_noun
টেসোরো	T e s O r O	proper_noun
টেসোরোর	T e s O r O r	proper_noun
টেসোরোরে	T e s O r O r e	proper_noun
টেহা	T e h a	native
টেড়ড়া	T e r r a	native
টেয়	T e y o	native
টো	T O	native
টোং	T O ng	native
টোংগার	T O ng g a r	native
টোং্গার	T O ng g a r	native
টোক	T O k	native
টোকচা	T O k ch a	native
টোকরা	T O k r a	native
টোকলা	T O k l a	native
টোকাই	T O k a i	native
টোকাইরা	T O k a i r a	native
টোকাইয়ের	T O k a i y e r	native
টোকায়	T O k a y	native
টোকিও	T O k i O	proper_noun
টোকিওতে	T O k i O t e	proper_noun
টোকিওসহ	T O k i O sh o h O	proper_noun
টোকেন	T O k e n	loanword
টোকেনের	T O k e n e r	loanword
টোকো	T O k O	native
টোগান	T O g a n	native
টোগো	T O g O	proper_noun
টোগোর	T O g O r	proper_noun
টোচিগি	T O ch i g i	native
টোটক	T O T o k	native
টোটকা	T O T k a	native
টোটা	T O T a	native
টোটাল	T O T a l	loanword
টোটালি	T O T a l i	loanword
টোটেনহামকে	T O T e n h a m k e	proper_noun
টোটেনহামের	T O T e n h a m e r	proper_noun
টোটেনহ্যাম	T O T e n h A m	proper_noun
টোটেম	T O T e m	loanword
টোটেমের	T O T e m e r	loanword
টোডা	T O D a	native
টোন	T O n	loanword
টোনাটুনির	T O n a T u n i r	native
টোনিং	T O n i ng	loanword
টোপ	T O p	native
টোপর	T O p o r	native
টোপলা	T O p l a	native
টোপা	T O p a	native
টোপানো	T O p a n O	native
টোপি	T O p i	native
টোপিও	T O p i O	native
টোফেল	T O ph e l	proper_noun
টোবাকো	T O b a k O	loanword
টোবাগো	T O b a g O	proper_noun
টোবাগোর	T O b a g O r	proper_noun
টোভ	T O bh o	native
টোমালিন	T O m a l i n	native
টোমাস	T O m a s	proper_noun
টোরা	T O r a	native
টোরাগড়	T O r a g o r	native
টোরি	T O r i	proper_noun
টোরিদের	T O r i d e r	proper_noun
টোরিরা	T O r i r a	proper_noun
টোরে	T O r e	native
টোরেস	T O r e s	proper_noun
টোলমুক্ত	T O l m u kt O	native
টোলা	T O l a	native
টোলারবাগ	T O l a r b a g o	native
টোলি	T O l i	native
টোলের	T O l e r	native
টোসা	T O s a	proper_noun
টোস্টের	T O s T e r	loanword
টোয়ত	T O y o t O	native
টোয়াইন	T O y a i n	native
টোয়াইলাইট	T O y a i l a i T	loanword
টোয়ান	T O y a n	native
টোয়াব	T O y a b	native
টোয়ালাইট	T O y a l a i T	loanword
টোয়েন	T O y e n	native
টোয়েনের	T O y e n e r	native
টোয়েন্টি	T O y e n T i	native
টোয়েন্টিই	T O y e n T i i	loanword
টোয়েন্টিও	T O y e n T i O	loanword
টোয়েন্টিকে	T O y e n T i k e	loanword
টোয়েন্টিটা	T O y e n T i T a	loanword
টোয়েন্টিটি	T O y e n T i T i	loanword
টোয়েন্টিতে	T O y e n T i t e	loanword
টোয়েন্টিতেই	T O y e n T i t e i	loanword
টোয়েন্টিতেও	T O y e n T i t e O	loanword
টোয়েন্টিফোর	T O y e n T i ph O r	loanword
টোয়েন্টিফোরের	T O y e n T i ph O r e r	compound
টোয়েন্টির	T O y e n T i r	loanword
টোয়েফল	T O y e ph o l	native
ট্যা	T A	native
ট্যাং	T A ng	native
ট্যাংকগুলোর	T A ng k o g u l O r	loanword
ট্যাংকটির	T A ng k o T i r	loanword
ট্যাংকবহর	T A ng k o b o h o r	loanword
ট্যাংকলরি	T A ng k l o r i	native
ট্যাংকলরিতে	T A ng k l o r i t e	native
ট্যাংকলরির	T A ng k l o r i r	native
ট্যাংকস	T A ng k o s	loanword
ট্যাংকসহ	T A ng k o sh o h O	loanword
ট্যাংকার	T A ng k a r	loanword
ট্যাংকারগুলো	T A ng k a r g u l O	loanword
ট্যাংকি	T A ng k i	loanword
ট্যাংকির	T A ng k i r	loanword
ট্যাংকের	T A ng k e r	loanword
ট্যাংগস	T A ng g s	loanword
ট্যাংগো	T A ng g O	loanword
ট্যাংরা	T A ng r a	native
ট্যাক	T A k	native
ট্যাকটিকস	T A k T i k s	loanword
ট্যাকটিকাল	T A k T i k a l	loanword
ট্যাকল	T A k O l	loanword
ট্যাকলে	T A k l e	loanword
ট্যাকশাল	T A k sh a l	native
ট্যাকা	T A k a	native
ট্যাকার	T A k a r	native
ট্যাকো	T A k O	native
ট্যাক্স	T A k s	loanword
ট্যাক্সি	T A k s i	loanword
ট্যাক্সিক্যাবে	T A k s i k A b e	loanword
ট্যাক্সিক্যাবের	T A k s i k A b e r	loanword
ট্যাক্সিচালক	T A k s i ch a l O k	loanword
ট্যাক্সিচালককে	T A k s i ch a l o k k e	loanword
ট্যাক্সিচালকদের	T A k s i ch a l o k d e r	loanword
ট্যাক্সিতে	T A k s i t e	loanword
ট্যাক্সির	T A k s i r	loanword
ট্যাক্সের	T A k s e r	loanword
ট্যাগ	T A g	loanword
ট্যাচ	T A ch	loanword
ট্যাটন	T A T o n	native
ট্যাটা	T A T a	proper_noun
ট্যাটুর	T A T u r	loanword
ট্যান	T A n	loanword
ট্যানারিগুলো	T A n a r i g u l O	loanword
ট্যানারিতে	T A n a r i t e	loanword
ট্যানারির	T A n a r i r	loanword
ট্যানারিশিল্প	T A n a r i sh i l p o	compound
ট্যানার্স	T A n a r s	loanword
ট্যান্ডন	T A n D o n	native
ট্যান্ডল	T A n D o l	native
ট্যাপ	T A p	loanword
ট্যাপা	T A p a	loanword
ট্যাপার	T A p a r	loanword
ট্যাপারি	T A p a r i	loanword
ট্যাপে	T A p e	loanword
ট্যাব	T A b	loanword
ট্যাবটি	T A b T i	loanword
ট্যাবটিতে	T A b T i t e	loanword
ট্যাবটির	T A b T i r	loanword
ট্যাবলেটও	T A b l e T o O	loanword
ট্যাবলেটকে	T A b l e T k e	loanword
ট্যাবলেটগুলো	T A b l e T g u l O	loanword
ট্যাবলেটগুলোর	T A b l e T g u l O r	compound
ট্যাবলেটটি	T A b l e T T i	loanword
ট্যাবলেটটিতে	T A b l e T T i t e	loanword
ট্যাবলেটটির	T A b l e T T i r	loanword
ট্যাবলেটে	T A b l e T e	loanword
ট্যাবলেটেই	T A b l e T e i	loanword
ট্যাবলেটের	T A b l e T e r	loanword
ট্যাবলয়েড	T A b l o y e D	loanword
ট্যাবলয়েডকে	T A b l o y e D k e	loanword
ট্যাবলয়েডগুলোর	T A b l o y e D g u l O r	compound
ট্যাবলয়েডটি	T A b l o y e D T i	loanword
ট্যাবলয়েডটির	T A b l o y e D T i r	loanword
ট্যাবলয়েডে	T A b l o y e D e	loanword
ট্যাবলয়েডের	T A b l o y e D e r	loanword
ট্যাবু	T A b u	loanword
ট্যাবে	T A b e	loanword
ট্যাবের	T A b e r	loanword
ট্যামট্যাম	T A m T A m	native
ট্যামাই	T A m a i	native
ট্যারা	T A r a	native
ট্যারিফ	T A r i ph	loanword
ট্যালকম	T A l k o m	loanword
ট্যালি	T A l i	loanword
ট্যালেন্ট	T A l e n T	loanword
ট্যালেন্টপুল	T A l e n T p u l	loanword
ট্যাস	T A s	proper_noun
ট্যাসট্যাস	T A sh T A sh	native
ট্যাসেল	T A s e l	loanword
ট্যায়ার	T A y a r	proper_noun
ট্যা–ফো	T A ph O	native
ট্যুইট	T u i T	loanword
ট্যুইটার	T u i T a r	proper_noun
ট্যুইটারে	T u i T a r e	proper_noun
ট্যুর	T u r	loanword
ট্যুরস	T u r s	loanword
ট্যুরিজমের	T u r i j o m e r	loanword
ট্যুরিস্ট	T j u r i s T	loanword
ট্যুরের	T u r e r	loanword
ট্রট	T r o T	loanword
ট্রটকে	T r o T k e	loanword
ট্রটের	T r o T e r	loanword
ট্রন্সট্র্যামার	T r o n s T r A m a r	loanword
ট্রপিকানা	T r o p i k a n a	loanword
ট্রপিক্যাল	T r o p i k A l	loanword
ট্রফি	T r o ph i	loanword
ট্রফিই	T r o ph i i	loanword
ট্রফিও	T r o ph i O	loanword
ট্রফিটা	T r O ph i T a	loanword
ট্রফিটাই	T r o ph i T a i	loanword
ট্রফিটার	T r o ph i T a r	loanword
ট্রফিটায়	T r o ph i T a y o	loanword
ট্রফিটি	T r o ph i T i	loanword
ট্রফিতে	T r o ph i t e	loanword
ট্রফির	T r o ph i r	loanword
ট্রমা	T r o m a	loanword
ট্রলারকে	T r o l a r k e	loanword
ট্রলারগুলো	T r o l a r g u l O	loanword
ট্রলারগুলোকে	T r o l a r g u l O k e	loanword
ট্রলারগুলোর	T r o l a r g u l O r	loanword
ট্রলারচালক	T r o l a r ch a l o k	loanword
ট্রলারজোগে	T r o l a r j O g e	loanword
ট্রলারটি	T r o l a r T i	loanword
ট্রলারটিও	T r o l a r T i O	loanword
ট্রলারটিকে	T r o l a r T i k e	loanword
ট্রলারটির	T r O l a r T i r	loanword
ট্রলারডুবিতে	T r o l a r D u b i t e	loanword
ট্রলারডুবির	T r o l a r D u b i r	loanword
ট্রলারপ্রতি	T r o l a r pr o t i	loanword
ট্রলারমালিক	T r o l a r m a l i k	loanword
ট্রলারমালিকদের	T r o l a r m a l i k d e r	loanword
ট্রলারসহ	T r o l a r sh o h O	loanword
ট্রলারে	T r o l a r e	loanword
ট্রলারেই	T r o l a r e i	loanword
ট্রলারের	T r o l a r e r	loanword
ট্রলি	T r O l i	loanword
ট্রলিতে	T r o l i t e	loanword
ট্রলির	T r o l i r	loanword
ট্রাংক	T r a ng k	loanword
ট্রাংকুলাইজ	T r a ng k u l a i j	loanword
ট্রাংকে	T r a ng k e	loanword
ট্রাই	T r a i	loanword
ট্রাইক	T r a i k	loanword
ট্রাইকের	T r a i k e r	loanword
ট্রাইগ্লিসারাইড	T r a i g l i s a r a i D	loanword
ট্রাইপড	T r a i p o D	loanword
ট্রাইব	T r a i b	loanword
ট্রাইবাল	T r a i b a l	loanword
ট্রাইবুনাল	T r a i b u n a l	loanword
ট্রাইবুন্যাল	T r a i b u n a l	loanword
ট্রাইবু্যনালে	T r a i b u j o n a l e	loanword
ট্রাইব্যুনাল	T r a i b b u n a l	loanword
ট্রাইব্যুনালই	T r a i b b u n a l o i	loanword
ট্রাইব্যুনালও	T r a i b b u n a l o O	loanword
ট্রাইব্যুনালকে	T r a i b b u n a l k e	loanword
ট্রাইব্যুনালটি	T r a i b b u n a l T i	loanword
ট্রাইব্যুনালস	T r a i b b u n a l s	loanword
ট্রাইব্যুনালে	T r a i b b u n a l e	loanword
ট্রাইব্যুনালের	T r a i b b u n a l e r	loanword
ট্রাইয়ের	T r a i y e r	loanword
ট্রাউজার	T r a u j a r	loanword
ট্রাউজারের	T r a u j a r e r	loanword
ট্রাকই	T r a k i	loanword
ট্রাকও	T r a k O	loanword
ট্রাকগুলোর	T r a k g u l O r	loanword
ট্রাকচাপায়	T r a k ch a p a y	loanword
ট্রাকচালক	T r a k ch a l O k	loanword
ট্রাকচালককে	T r a k ch a l o k k e	loanword
ট্রাকচালকদের	T r a k ch a l o k d e r	loanword
ট্রাকচালকের	T r a k ch a l O k e r	loanword
ট্রাকচালকেরা	T r a k ch a l o k e r a	loanword
ট্রাকজোগে	T r a k j O g e	loanword
ট্রাকটার্মিনাল	T r a k T a r m i n a l	loanword
ট্রাকটি	T r a k T i	loanword
ট্রাকটিকে	T r a k T i k e	loanword
ট্রাকটিতে	T r a k T i t e	loanword
ট্রাকড্রাইভার	T r a k D r a i bh a r	loanword
ট্রাকড্রাইভারের	T r a k D r a i bh a r e r	loanword
ট্রাকপ্রতি	T r a k pr o t i	loanword
ট্রাকবোঝাই	T r a k b O jh a i	loanword
ট্রাকবোমা	T r a k b O m a	loanword
ট্রাকভর্তি	T r a k bh O r t i	loanword
ট্রাকমালিক	T r a k m a l i k	loanword
ট্রাকমালিকদের	T r a k m a l i k d e r	loanword
ট্রাকমালিকেরা	T r a k m a l i k e r a	loanword
ট্রাকশ্রমিক	T r a k sh r o m i k o	loanword
ট্রাকসহ	T r a k sh o h O	loanword
ট্রাকস্ট্যান্ড	T r a k s T A n D	loanword
ট্রাকস্ট্যান্ডে	T r a k s T A n D e	loanword
ট্রাকস্ট্যান্ডের	T r a k s T A n D e r	loanword
ট্রাকে	T r a k e	loanword
ট্রাকেও	T r a k e O	loanword
ট্রাক্টর	T r a k T o r	loanword
ট্রাক্টরটি	T r a k T o r T i	loanword
ট্রাক্টরে	T r a k T o r e	loanword
ট্রাক্টরের	T r a k T o r e r	loanword
ট্রাজেডি	T r a j e D i	loanword
ট্রাজেডির	T r a j e D i r	loanword
ট্রানজিট	T r a n j i T	loanword
ট্রানজিটও	T r a n j i T O	loanword
ট্রানজিটকে	T r a n j i T k e	loanword
ট্রানজিটবিশয়ক	T r a n j i T b i sh o y o k	loanword
ট্রানজিটসংক্রান্ত	T r a n j i T sh o ng kr a nt O	loanword
ট্রানজিটসহ	T r a n j i T sh o h O	loanword
ট্রানজিটসুবিধা	T r a n j i T sh u b i dh a	loanword
ট্রানজিটে	T r a n j i T e	loanword
ট্রানজিটের	T r a n j i T e r	loanword
ট্রানজিশন	T r a n j i sh n	loanword
ট্রানজিশনাল	T r a n j i sh n a l	loanword
ট্রানজিস্টার	T r a n j i s T a r	loanword
ট্রানজেকশন	T r a n j e k sh o n	loanword
ট্রানন্সেট	T r a n s e n T	loanword
ট্রানশিপমেন্ট	T r a n sh i p m e n T	loanword
ট্রানশিপমেন্টের	T r a n sh i p m e n T e r	loanword
ট্রানসেন্ড	T r a n s e n D	loanword
ট্রান্স	T r a n s	loanword
ট্রান্সকম	T r a n s k o m	loanword
ট্রান্সকমের	T r a n s k o m e r	loanword
ট্রান্সক্রিপশন	T r a n s k ri p sh o n	loanword
ট্রান্সক্রিপ্ট	T r a n s k ri p T	loanword
ট্রান্সটেক	T r a n s T e k	loanword
ট্রান্সট্রোমার	T r a n s T r O m a r	loanword
ট্রান্সপারেন্ট	T r a n s p a r e n T	loanword
ট্রান্সপারেন্সি	T r a n s p a r e n s i	loanword
ট্রান্সপোর্ট	T r a n s p O r T	loanword
ট্রান্সপোর্টের	T r a n s p O r T e r	loanword
ট্রান্সপোর্টেশন	T r a n s p O r T e sh o n	loanword
ট্রান্সপ্লান্টেশন	T r a n s p l a n T e sh o n	loanword
ট্রান্সফরমার	T r a n s ph o r o m a r	loanword
ট্রান্সফরমারটি	T r a n s ph o r o m a r T i	loanword
ট্রান্সফরমারস	T r a n s ph o r o m a r o s	loanword
ট্রান্সফরমারে	T r a n s ph o r o m a r e	loanword
ট্রান্সফরমারের	T r a n s ph o r o m a r e r	loanword
ট্রান্সফরমেশন	T r a n s ph o r o m e sh o n	loanword
ট্রান্সফরমেশনের	T r a n s ph o r o m e sh o n e r	loanword
ট্রান্সফর্মার	T r a n s ph o r m a r	loanword
ট্রান্সফার	T r a n s ph a r	loanword
ট্রান্সফারের	T r a n s ph a r e r	loanword
ট্রান্সফিউশন	T r a n s ph i u sh o n	loanword
ট্রান্সমিটারটি	T r a n s m i T a r T i	loanword
ট্রান্সমিটারের	T r a n s m i T a r e r	loanword
ট্রান্সলেট	T r a n s l e T	loanword
ট্রান্সলেটর	T r a n s l e T e r	loanword
ট্রান্সলেটরে	T r a n s l e T r e	loanword
ট্রান্সলেটরের	T r a n s l e T r e r	loanword
ট্রান্সলেশন	T r a n s l e sh o n	loanword
ট্রান্সশিপমেন্ট	T r a n s sh i p m e n T	loanword
ট্রান্সশিপমেন্টের	T r a n s sh i p m e n T e r	loanword
ট্রান্সসেন্ড	T r a n s e n D	loanword
ট্রাফালগার	T r a ph a l g a r	loanword
ট্রাফিকব্যবস্থা	T r a ph i k b A b O sth a	loanword
ট্রাফিকিং	T r a ph i k i ng	loanword
ট্রাফিকে	T r a ph i k e	loanword
ট্রাফোর্ড	T r a ph O r D	loanword
ট্রাফোর্ডে	T r a ph O r D e	loanword
ট্রাফোর্ডের	T r a ph O r D e r	loanword
ট্রাবল	T r a b O l	loanword
ট্রাভিস	T r a bh i s	proper_noun
ট্রাভেল	T r a bh e l	loanword
ট্রাভেলস	T r a bh e l s	loanword
ট্রাভেলসের	T r a bh e l s e r	loanword
ট্রাভেলিং	T r a bh e l i ng	loanword
ট্রাভেলের	T r a bh e l e r	loanword
ট্রাম	T r a m	loanword
ট্রামিয়েল	T r a l i y e l	loanword
ট্রামে	T r a m e	loanword
ট্রাম্প	T r a mp	loanword
ট্রাম্পকার্ড	T r a mp k a r D	loanword
ট্রাম্পার	T r a mp a r	loanword
ট্রাশ্ট	T r a sh T	loanword
ট্রাস্ট	T r a s T	loanword
ট্রাস্টকে	T r a s T k e	loanword
ট্রাস্টিজ	T r a s T i j	loanword
ট্রাস্টিজের	T r a s T i j e r	loanword
ট্রাস্টির	T r a s T i r	loanword
ট্রাস্টে	T r a s T e	loanword
ট্রাস্টের	T r a s T e r	loanword
ট্রাস্ট্রি	T r a s T i	loanword
ট্রায়াং্গুলার	T r a i a ng g u l a r	loanword
ট্রায়াল	T r a y a l	loanword
ট্রায়ালে	T r a y a l e	loanword
ট্রায়ালের	T r a y a l e r	loanword
ট্রিউন	T r i u n	loanword
ট্রিগার	T r i g a r	loanword
ট্রিগারে	T r i g a r e	loanword
ট্রিট	T r i T	loanword
ট্রিটি	T r i T i	loanword
ট্রিনিটি	T r i n i T i	loanword
ট্রিপ	T r i p	loanword
ট্রিপটোফ্যান	T r i p T O ph A n	loanword
ট্রিপল	T r i p O l	loanword
ট্রিপস	T r i p o s	loanword
ট্রিপে	T r i p e	loanword
ট্রিপের	T r i p e r	loanword
ট্রিবিউন	T r i b i u n	loanword
ট্রিবিউনকে	T r i b i u n k e	loanword
ট্রিবিউনের	T r i b i u n e r	loanword
ট্রিলিয়ন	T r i l i y o n	loanword
ট্রিলিয়নে	T r i l i y o n e	loanword
ট্রিলিয়নের	T r i l i y o n e r	loanword
ট্রু	T r u	loanword
ট্রুথ	T r u th	loanword
ট্রুপ	T r u p	loanword
ট্রুভাডা	T r u bh a D a	loanword
ট্রুভাডার	T r u bh a D a r	loanword
ট্রুম্যান	T r u m A n	loanword
ট্রুম্যানের	T r u m A n e r	loanword
ট্রেইন	T r e i n	loanword
ট্রেইনার	T r e i n a r	loanword
ট্রেইনি	T r e i n i	loanword
ট্রেইল	T r e i l	loanword
ট্রেইলর	T r e i l o r	loanword
ট্রেইলারগুলো	T r e i l a r g u l O	loanword
ট্রেইলে	T r e i l e	loanword
ট্রেক	T r e k	loanword
ট্রেগো	T r e g O	loanword
ট্রেজার	T r e j a r	loanword
ট্রেজারার	T r e j a r a r	loanword
ট্রেডওয়েল	T r e D O y e l	loanword
ট্রেডমার্কস	T r e D m a k s	loanword
ট্রেডমিল	T r e D m i l	loanword
ট্রেডমিলে	T r e D m i l e	loanword
ট্রেডার	T r e D a r	loanword
ট্রেনগুলোতে	T r e n g u l O t e	loanword
ট্রেনচালক	T r e n ch a l o k o	loanword
ট্রেনচালকের	T r e n ch a l o k e r	loanword
ট্রেনজাত্রি	T r e n j a tr i	loanword
ট্রেনজাত্রিদের	T r e n j a tr i d e r	loanword
ট্রেনজোগে	T r e n j O g e	loanword
ট্রেনার	T r e n a r	loanword
ট্রেনিংসহ	T r e n i ng sh o h O	loanword
ট্রেনে	T r e n e	loanword
ট্রেনেও	T r e n e O	loanword
ট্রেনেরই	T r e n e r i	loanword
ট্রেনেরও	T r e n e r O	loanword
ট্রেন্ডজ	T r e n D j o	loanword
ট্রেন্ডস	T r e n D s o	loanword
ট্রেবল	T r e b o l	loanword
ট্রেবলজয়ি	T r e b o l j o y i	loanword
ট্রেভর	T r e bh o r	loanword
ট্রেলর	T r e l o r	loanword
ট্রেলার	T r e l a r	loanword
ট্রেসকোথিক	T r e s k O th i k	proper_noun
ট্রেসকোথিকের	T r e s k O th i k e r	proper_noun
ট্রেসলার	T r e s l a r	proper_noun
ট্রেসি	T r e s i	proper_noun
ট্রেসিয়ের	T r e s i y e r	proper_noun
ট্রোজান	T r O j a n	loanword
ট্রোজানটি	T r O j a n T i	loanword
ট্রোজানের	T r O j a n e r	loanword
ট্র্যাক	T r A k	loanword
ট্র্যাকস্যুট	T r A k s u T	loanword
ট্র্যাকার	T r A k a r	loanword
ট্র্যাকিং	T r A k i ng	loanword
ট্র্যাকিংয়ের	T r A k i ng y e r	loanword
ট্র্যাকে	T r A k e	loanword
ট্র্যাকের	T r A k e r	loanword
ট্র্যাজিক	T r A j i k	loanword
ট্র্যাজেডিই	T r A j e D i i	loanword
ট্র্যাজেডিতে	T r A j e D i t e	loanword
ট্র্যাজেডির	T r A j e D i r	loanword
ট্র্যাডিশন	T r A D i sh o n	loanword
ট্র্যাডিশনাল	T r A D i sh O n a l	loanword
ট্র্যানজিশনাল	T r A n j i sh o n a l	loanword
ট্র্যাপ	T r A p	loanword
ট্র্যাফিক	T r A ph i k	loanword
ট্র্যাফোর্ড	T r A ph O r D	loanword
ট্র্যাফোর্ডে	T r A ph O r D e	loanword
ট্র্যাব	T r A b	loanword
ট্র্যাভেল	T r A bh e l	loanword
ট্র্যাভেলস	T r A bh e l o s	loanword
টয়	T o y	loanword
টয়লেট	T o y l e T	loanword
টয়লেটে	T o y l e T e	loanword
টয়লেটের	T o y l e T e r	loanword
টয়লেট্রিজ	T o y l e T r i j	loanword
টয়লেট্রিজের	T o y l e T r i j e r	loanword
টয়া	T o y a	native
টয়ে	T o y e	loanword
টয়োটা	T O y O T a	proper_noun
টয়োটার	T o y O T a r	proper_noun
টয়োদা	T o y O d a	proper_noun
ট–বর্গ	T o b o r g O	native
ট–বাজার	T o b a j a r	native
ঠ	Th o	native
ঠং	Th o ng	native
ঠকঠক	Th o k Th o k	native
ঠকবে	Th o k b e	native
ঠকা	Th o k a	native
ঠকাচ্ছে	Th o k a ch chh e	native
ঠকান	Th o k a n	native
ঠকানো	Th o k a n O	native
ঠকানোর	Th o k a n O r	native
ঠকায়	Th o k a y	native
ঠকিয়ে	Th o k i y e	native
ঠকেন	Th o k e n	native
ঠক্কর	Th o k k o r	native
ঠক্কুর	Th O k k u r	native
ঠগ	Th o g	native
ঠগি	Th O g i	native
ঠন	Th o n	native
ঠমক	Th o m O k	native
ঠসক	Th o sh O k	native
ঠসা	Th o sh a	native
ঠা	Th a	native
ঠাই	Th a i	native
ঠাক	Th a k	native
ঠাকঠমক	Th a k Th o m O k	native
ঠাকরুন	Th a k o r u n	native
ঠাকরে	Th a k r e	native
ঠাকরের	Th a k r e r	native
ঠাকুমা	Th a k u m a	native
ঠাকুর	Th a k u r	native
ঠাকুরই	Th a k u r o i	native
ঠাকুরও	Th a k u r o O	native
ঠাকুরকে	Th a k u r k e	native
ঠাকুরগাও	Th a k u r g a O	native
ঠাকুরগাওয়ে	Th a k u r g a O y e	native
ঠাকুরগাওয়ের	Th a k u r g a O y e r	native
ঠাকুরগার	Th a k u r g a r	native
ঠাকুরদা	Th a k u r d a	native
ঠাকুরদার	Th a k u r d a r	native
ঠাকুরপাড়া	Th a k u r p a r a	native
ঠাকুরপো	Th a k u r p O	native
ঠাকুরবাড়িতে	Th a k u r b a r i t e	native
ঠাকুরবাড়ি	Th a k u r b a r i	native
ঠাকুরবাড়িতে	Th a k u r b a r i t e	native
ঠাকুরবাড়ির	Th a k u r b a r i r o	native
ঠাকুরমা	Th a k u r m a	native
ঠাকুরমার	Th a k u r m a r	native
ঠাকুরের	Th a k u r e r	native
ঠাকুরেরও	Th a k u r e r O	native
ঠাঞি	Th a n n i	tatsama
ঠাট	Th a T	native
ঠাটারিবাজার	Th a T a r i b a j a r	native
ঠাট্টাচ্ছলে	Th a T T a ch chh o l e	native
ঠাট্টাপোরা	Th a T T a p O r a	native
ঠাট্টার	Th a T T a r	native
ঠাট্টায়	Th a T T a y o	native
ঠাঠা	Th a Th a	native
ঠান	Th a n	native
ঠান্ডাই	Th a n D a i	native
ঠান্ডাও	Th a n D a O	native
ঠান্ডাজনিত	Th a n D a j O n i t O	native
ঠান্ডার	Th a n D a r	native
ঠান্ডায়	Th a n D a y o	native
ঠান্ডু	Th a n D u	native
ঠাম	Th a m	native
ঠার	Th a r	native
ঠাস	Th a sh	native
ঠাসা	Th a sh a	native
ঠাসাঠাসি	Th a sh a Th a sh i	native
ঠাহর	Th a h O r	native
ঠাড়	Th a r	native
ঠায়	Th a y	native
ঠিক	Th i k	native
ঠিকই	Th i k i	native
ঠিকও	Th i k O	native
ঠিকঠাক	Th i k Th a k	native
ঠিকঠাকই	Th i k Th a k i	native
ঠিকঠাকভাবে	Th i k Th a k bh a b e	native
ঠিকঠাকভাবেই	Th i k Th a k bh a b e i	native
ঠিকঠাকমতো	Th i k Th a k m o t O	native
ঠিকঠিকভাবে	Th i k Th i k bh a b e	native
ঠিকঠিকানা	Th i k Th i k a n a	native
ঠিকভাবেই	Th i k bh a b e i	native
ঠিকমত	Th i k m o t O	native
ঠিকমতোই	Th i k m o t O i	native
ঠিকরনো	Th i k r o n O	native
ঠিকরে	Th i k r e	native
ঠিকা	Th i k a	native
ঠিকাদার	Th i k a d a r	native
ঠিকাদারই	Th i k a d a r i	native
ঠিকাদারও	Th i k a d a r O	native
ঠিকাদারকে	Th i k a d a r k e	native
ঠিকাদাররা	Th i k a d a r r a	native
ঠিকাদারসহ	Th i k a d a r sh o h O	native
ঠিকাদারি	Th i k a d a r i	native
ঠিকাদারিপ্রতিশ্ঠান	Th i k a d a r i pr O t i sh Th a n	compound
ঠিকাদারির	Th i k a d a r i r	native
ঠিকানাও	Th i k a n a O	native
ঠিকানাটি	Th i k a n a T i	native
ঠিকানাবিহিন	Th i k a n a b i h i n	native
ঠিকানার	Th i k a n a r	native
ঠিকানাসংবলিত	Th i k a n a sh o ng b o l i t	native
ঠিকানাসহ	Th i k a n a sh o h O	native
ঠিকানাহিন	Th i k a n a h i n	native
ঠিকানায়	Th i k a n a y	native
ঠিকারি	Th i k a r i	native
ঠিকি	Th i k i	native
ঠিকে	Th i k e	native
ঠিলা	Th i l a	native
ঠিশমিশ	Th i sh m i sh	native
ঠুং	Th u ng	native
ঠুংরি	Th u ng r i	native
ঠুক	Th u k	native
ঠুকঠাক	Th u k Th a k	native
ঠুকতে	Th u k t e	native
ঠুকরে	Th u k r e	native
ঠুকলেন	Th u k l e n	native
ঠুকা	Th u k a	native
ঠুকেছিল	Th u k e chh i l O	native
ঠুকেছেন	Th u k e chh e n	native
ঠুটো	Th u T O	native
ঠুন	Th u n	native
ঠুনি	Th u n i	native
ঠুমকি	Th u m k i	native
ঠুমরি	Th u m r i	native
ঠুলি	Th u l i	native
ঠুস	Th u sh	native
ঠুসি	Th u sh i	native
ঠেং	Th e ng	native
ঠেংে	Th e ng e	native
ঠেক	Th e k	native
ঠেকছিল	Th e k chh i l	native
ঠেকছে	Th e k chh e	native
ঠেকত	Th e k t o	native
ঠেকতে	Th e k t e	native
ঠেকবে	Th e k b e	native
ঠেকরা	Th e k r a	native
ঠেকল	Th e k l O	native
ঠেকাই	Th e k a i	native
ঠেকাও	Th e k a O	native
ঠেকাতে	Th e k a t e	native
ঠেকাতেই	Th A k a t e i	native
ঠেকাতেও	Th A k a t e O	native
ঠেকান	Th A k a n O	native
ঠেকানা	Th e k a n a	native
ঠেকানো	Th A k a n O	native
ঠেকানোয়	Th e k a n O y	native
ঠেকাব	Th e k a b	native
ঠেকাবেন	Th e k a b e n	native
ঠেকাল	Th e k a l o	native
ঠেকালে	Th e k a l e	native
ঠেকালেন	Th e k a l e n	native
ঠেকায়	Th e k a y 	native
ঠেকি	Th e k i	native
ঠেকিয়ে	Th e k i y e	native
ঠেকিয়েই	Th e k i y e i	native
ঠেকিয়েছে	Th e k i y e chh e	native
ঠেকিয়েছেন	Th e k i y e chh e n	native
ঠেকেছিল	Th e k e chh i l o	native
ঠেকেনি	Th e k e n i	native
ঠেকো	Th e k O	native
ঠেল	Th e l	native
ঠেলছে	Th e l o chh e	native
ঠেলতে	Th e l t e	native
ঠেললে	Th e l o l e	native
ঠেলাগাড়ি	Th e l a g a r i	native
ঠেলাগাড়িচালক	Th e l a g a r i ch a l o k	native
ঠেলাগাড়িতে	Th e l a g a r i t e	native
ঠেলাগাড়ির	Th e l a g a r i r	native
ঠেলাঠেলি	Th A l a Th e l i	native
ঠেলাঠেলির	Th e l a Th e l i r	native
ঠেলার	Th e l a r	native
ঠেলায়	Th e l a y o	native
ঠেলে	Th e l e	native
ঠেলেই	Th e l e i	native
ঠেলেন	Th e l e n	native
ঠেস	Th e sh	native
ঠেসারা	Th e sh a r a	native
ঠেসে	Th e sh e	native
ঠোংগা	Th O ng g a	native
ঠোংা	Th O ng g a	native
ঠোংায়	Th O ng y a y o	native
ঠোকনা	Th O k n a	native
ঠোকর	Th O k O r	native
ঠোকা	Th O k a	native
ঠোকাঠুকি	Th O k a Th u k i	native
ঠোকার	Th O k a r	native
ঠোক্কর	Th O k k o r	native
ঠোট	Th O T	native
ঠোটকাটা	Th O T k a T a	native
ঠোটকে	Th O T k e	native
ঠোটজোড়া	Th O T j O r a	native
ঠোটা	Th O T a	native
ঠোটে	Th O T e	native
ঠোটের	Th O T e r	native
ঠোস	Th O sh	native
ঠোসা	Th O sh a	native
ঠ্যাংগে	Th A ng g e	native
ঠ্যাংয়ের	Th A ng y e r	native
ঠ্যালা	Th A l a	native
ঠ্যেকো	Th e k O	native
ঠ–ব্যঞ্জনবর্নমালার	Th o b A n j o n b o r n o m a l a r	compound
ড	D o	native
ডংক	D o ng k O	native
ডংকা	D o ng k a	native
ডঃ	D o k T o r	tatsama
ডউয়া	D O u y a	native
ডওর	D o y O r	native
ডওরা	D o O r a	native
ডক	D o k	native
ডকইয়ার্ড	D o k i y a r D	loanword
ডকইয়ার্ডে	D o k i y a r D e	loanword
ডকইয়ার্ডের	D o k i y a r D e r	loanword
ডকট্রিন	D o k T r i n	loanword
ডকবুস	D o k b u s	loanword
ডকার	D o k a r	native
ডকিং	D o k i ng	native
ডকুমেন্টরি	D O k u m e n T O r i	loanword
ডকুমেন্টস	D o k u m e n T s	native
ডকুমেন্টারি	D o k u m e n T a r i	loanword
ডকুমেন্টে	D o k u m e n T e	loanword
ডকুমেন্টেশন	D o k u m e n T e sh o n	loanword
ডকেট	D o k e T	loanword
ডকোমোর	D o k O m O r	proper_noun
ডক্টর	D o k T O r	loanword
ডক্টরস	D o k T O r s	loanword
ডক্টরাল	D o k T O r a l	loanword
ডক্টরেট	D o k T O r e T	loanword
ডগ	D o g	native
ডগডগ	D o g D o g	native
ডগমগ	D o g m o g	native
ডগর	D o g o r	native
ডগলা	D o g l a	native
ডগলাস	D o g l a s	proper_noun
ডগলাসের	D o g l a s e r	proper_noun
ডগার	D o g a r	native
ডগায়	D o g a y o	native
ডগিডগি	D O g i D O g i	native
ডজন	D o j O n	loanword
ডজনখানেক	D o j O n kh a n e k	loanword
ডজনের	D o j o n e r	loanword
ডট	D o T	loanword
ডটকম	D o T k o m	loanword
ডটকমকে	D o T k o m k e	loanword
ডটকমকেবলেন	D o T k o m k e b O l e n	loanword
ডটকমে	D o T k o m e	loanword
ডটবিডি	D o T b i D i	proper_noun
ডটা	D o T a	native
ডটার	D o T a r	native
ডটের	D o T e r	loanword
ডড	D o D	native
ডডনং	D o D o n o ng	native
ডনকে	D o n k e	native
ডনিলন	D o n i l o n	native
ডনোভান	D o n O bh a n	native
ডনোভানের	D o n O bh a n e r	native
ডন্ড	D o n D O	native
ডবকা	D o b k a	native
ডবল	D o b O l	native
ডবলা	D o b o l a	native
ডবলিউ–টি	D O b l i u T i	loanword
ডব্লিউ	D O bl i u	loanword
ডব্লিউইএফ	D O bl i u i e ph	loanword
ডব্লিউইডিবিতে	D O bl i u i D i b e t e	loanword
ডব্লিউইডিবির	D O bl i u i D i b i r	loanword
ডব্লিউএইচও	D O bl i u e i ch O	loanword
ডব্লিউএইচওর	D O bl i u e i ch O r	loanword
ডব্লিউএক্স	D O bl i u e k s	loanword
ডব্লিউএফপি	D O bl i u e ph p i	loanword
ডব্লিউএফপির	D O bl i u e ph p i r	loanword
ডব্লিউএমও	D O bl i u e m O	loanword
ডব্লিউএমডি	D O bl i u e m D i	loanword
ডব্লিউএসআইএসের	D O bl i u e s a i e s e r	loanword
ডব্লিউটিএ	D O bl i u T i e	loanword
ডব্লিউটিও	D o bl i u T i O	loanword
ডব্লিউটিওতে	D O bl i u T i O t e	loanword
ডব্লিউটিওর	D O bl i u T i O r	loanword
ডব্লিউটিসি	D O bl i u T i s i	loanword
ডব্লিউডব্লিউএফ	D O bl i u D bl i u e ph	loanword
ডব্লিউপি	D O bl i u p i	loanword
ডব্লিউপিআই	D O bl i u p i a i	loanword
ডব্লিউবি	D O bl i u b i	loanword
ডব্লিউবিবি	D O bl i u b i b i	loanword
ডব্লিউভিএ	D a bl i u bh i e	loanword
ডব্লিউর	D O bl i u r	loanword
ডব্লিউসিও	D O bl i u s i O	loanword
ডব্লিউসিওর	D O bl i u s i O r	loanword
ডব্লিউসিজি	D O bl i u s i j i	loanword
ডব্লিউসিডি	D O bl i u s i D i	loanword
ডব্লু	D o bl u	loanword
ডব্লুটিএ	D o bl u T i e	loanword
ডমর	D o m o r	native
ডমিনিক	D O m i n i k	proper_noun
ডমিনিকা	D o m i n i k a	proper_noun
ডমিনিকায়	D o m i n i k a y	proper_noun
ডমিনিয়ন	D o m i n i y o n	loanword
ডমিনেট	D O m i n e T	loanword
ডমিনো	D o m i n O	loanword
ডমিনোর	D o m i n O r	loanword
ডমিনোসের	D o m i n O s e r	proper_noun
ডমেনেখ	D o m e n e kh	native
ডমেনেখকে	D o m e n e kh k e	native
ডমেনেখের	D o m e n e kh e r	native
ডমেস্টিক	D o m e s T i k	loanword
ডম্পক	D o mp o k	native
ডম্ফ	D o m ph O	native
ডরজেল	D o r j e l	native
ডরমিটরি	D o r m i T r i	loanword
ডরমেটরি	D o r m e T O r i	loanword
ডরমেটরিতে	D o r m e T O r i t e	loanword
ডরা	D o r a	native
ডরায়	D o r a y	native
ডরিন	D o r i n	proper_noun
ডরিস	D o r i s	proper_noun
ডরে	D o r e	native
ডরেপর	D o r e p o r	native
ডরোথি	D o r O th i	proper_noun
ডর্টমুন্ড	D o r T m u n D	proper_noun
ডর্টমুন্ডের	D o r T m u n D e r	proper_noun
ডল	D o l	native
ডলক	D o l O k	native
ডলতে	D o l t e	native
ডলন	D o l O n	native
ডলনা	D o l n a	native
ডলফিন	D o l ph i n	loanword
ডলফিনটি	D o l ph i n T i	loanword
ডলফিনদের	D o l ph i n d e r	loanword
ডলফিনের	D o l ph i n e r	loanword
ডলবি	D o l b i	proper_noun
ডলস	D o l s	loanword
ডলা	D o l a	native
ডলার-এ	D o l a r e	loanword
ডলারই	D o l a r i	loanword
ডলারও	D o l a r O	loanword
ডলারকে	D o l a r k e	loanword
ডলারসহ	D o l a r sh o h O	loanword
ডলারে	D o l a r e	loanword
ডলারেই	D o l a r e i	loanword
ডলারেও	D o l a r e O	loanword
ডলারের	D o l a r e r	loanword
ডলারেরও	D o l a r e r O	loanword
ডলি	D o l i	native
ডলিকে	D o l i k e	native
ডলিন	D o l i n	native
ডলু	D O l u	native
ডলুছড়া	D o l u chh o r a	native
ডলুছড়ার	D o l u chh o r a r	native
ডলুরা	D o l u r a	native
ডলে	D o l e	native
ডলের	D o l e r	native
ডল্লক	D o l l o k	native
ডস	D o s	loanword
ডহর	D o h O r	native
ডহা	D o h a	native
ড়	r o	native
ডা	D a	native
ডাংগাপাড়া	D a ng g a p a r a	native
ডাংগি	D a ng g i	native
ডাংগুলি	D a ng g u l i	native
ডাংপিটে	D a ng p i T e	native
ডাংর	D a ng o r	native
ডাংরা	D a ng r a	native
ডাংশ	D a ng o sh	native
ডাংা	D a ng g a	native
ডাংার	D a ng g a r	native
ডাংায়	D a ng g a y o	native
ডাং্গা	D a ng g a	native
ডাঅর	D a y O r	native
ডাই	D a i	native
ডাইং	D a i ng	native
ডাইংয়ের	D a i ng y e r	native
ডাইঅক্সাইড	D a i o k s a i D	loanword
ডাইক্লোফেনাক	D a i kl O ph e n a k	loanword
ডাইক্লোফেনাকের	D a i kl O ph e n a k e r	compound
ডাইজেস্ট	D a i j e s T	loanword
ডাইজেস্টিভ	D a i j e s T i bh	loanword
ডাইন	D a i n	native
ডাইনামিক	D a i n a m i k	loanword
ডাইনামিকস	D a i n a m i k s	loanword
ডাইনামিকসের	D a i n a m i k s e r	loanword
ডাইনি	D a i n i	native
ডাইনিং	D a i n i ng	loanword
ডাইনিংয়ে	D a i n i ng y e	loanword
ডাইনিংয়ের	D a i n i ng y e r	loanword
ডাইনে	D a i n e	native
ডাইনোসর	D a i n O s o r	loanword
ডাইনোসরদের	D a i n O s o r d e r	loanword
ডাইনোসররা	D a i n O s o r r a	loanword
ডাইনোসরের	D a i n O s o r e r	loanword
ডাইবার	D a i b a r	native
ডাইভ	D a i bh	loanword
ডাইভার	D a i bh a r	loanword
ডাইভারশন	D a i bh a r sh o n	loanword
ডাইভারসন	D a i bh a r s o n	loanword
ডাইভারসিটি	D a i bh a r s i T i	loanword
ডাইভারসিফিকেশন	D a i bh a r s i ph i k e sh o n	compound
ডাইভার্সিটি	D a i bh a r s i T i	loanword
ডাইভিং	D a i bh i ng	loanword
ডাইভে	D a i bh e	loanword
ডাইমেনশন	D a i m e n sh O n	loanword
ডাইমেনশনাল	D a i m e n sh o n a l	loanword
ডাইরি	D a i r i	loanword
ডাইরেকশন	D a i r e k sh o n	loanword
ডাইরেকশনাল	D a i r e k sh o n a l	loanword
ডাইরেক্ট	D a i r e k T	loanword
ডাইরেক্টর	D a i r e k T o r	loanword
ডাইল	D a i l	native
ডাইস	D a i s	loanword
ডাইসে	D a i s e	loanword
ডাইসের	D a i s e r	loanword
ডাইয়িং	D a i y i ng	native
ডাউ	D a u	proper_noun
ডাউকি	D a u k i	native
ডাউন	D a u n	native
ডাউনলোডের	D a u n l O D e r	loanword
ডাউনস	D a u n s	loanword
ডাউনি	D a u n i	native
ডাউনিং	D a u n i ng	native
ডাউনে	D a u n e	native
ডাউনের	D a u n e r	native
ডাউল	D a u l	native
ডাও	D a O	native
ডাওর	D a O r	native
ডাকও	D a k O	native
ডাকওয়ার্থ	D a k O y a r th	proper_noun
ডাকওয়ার্থের	D a k O y a r th e r	proper_noun
ডাকঘরগুলোতে	D a k gh o r g u l O t e	native
ডাকঘরটি	D a k gh o r T i	native
ডাকঘরে	D a k gh o r e	native
ডাকঘরের	D a k gh o r e r	native
ডাকছি	D a k chh i	native
ডাকছিল	D a k chh i l O	native
ডাকছে	D a k chh e	native
ডাকছেন	D a k chh e n	native
ডাকজোগে	D a k j O g e	native
ডাকটি	D a k T i	native
ডাকটিকিটও	D a k T i k i T o O	native
ডাকটিকিটে	D a k T i k i T e	native
ডাকটিকিটের	D a k T i k i T e r	native
ডাকতাম	D a k t a m	native
ডাকতার	D a k t a r	native
ডাকতে	D a k t e	native
ডাকতেই	D a k t e i	native
ডাকতোর	D a k t O r	native
ডাকনামের	D a k n a m e r	native
ডাকপাড়া	D a k p a r a	native
ডাকপিয়ন	D a k p i y	native
ডাকব	D a k b O	native
ডাকবাংলা	D a k b a ng l a	native
ডাকবাংলো	D a k b a ng l O	native
ডাকবাংলোতে	D a k b a ng l O t e	native
ডাকবাংলোর	D a k b a ng l O r	native
ডাকবাংলোয়	D a k b a ng l O y	native
ডাকব্যবস্থা	D a k b A b O sth a	native
ডাকব্যবস্থার	D a k b A b O sth a r	native
ডাকমন্ত্রি	D a k m O nt ri	native
ডাকল	D a k l O	native
ডাকলাম	D a k l a m	native
ডাকলে	D a k l e	native
ডাকলেই	D a k l e i	native
ডাকলেও	D a k l e O	native
ডাকলেন	D a k l e n	native
ডাকসংক্রান্তি	D a k sh o ng kr a nt i	compound
ডাকসাইটে	D a k sh a i T e	native
ডাকসু	D a k sh u	native
ডাকসুতে	D a k sh u t e	native
ডাকসুর	D a k sh u r	native
ডাকসুসহ	D a k sh u sh o h O	native
ডাকা	D a k a	native
ডাকাইত	D a k a i t	native
ডাকাও	D a k a O	native
ডাকাকে	D a k a k e	native
ডাকাডাকি	D a k a D a k i	native
ডাকাডাকির	D a k a D a k i r	native
ডাকাতও	D a k a t o O	native
ডাকাতকে	D a k a t k e	native
ডাকাতদল	D a k a t d o l	native
ডাকাতদলের	D a k a t d o l e r	native
ডাকাতদের	D a k a t d e r	native
ডাকাতপাড়া	D a k a t p a r a	native
ডাকাতরা	D a k a t r a	native
ডাকাতসর্দার	D a k a t sh o r d a r	native
ডাকাতসহ	D a k a t sh o h O	native
ডাকাতি	D a k a t i	native
ডাকাতিই	D a k a t i i	native
ডাকাতিকালে	D a k a t i k a l e	native
ডাকাতিতে	D a k a t i t e	native
ডাকাতির	D a k a t i r	native
ডাকাতিসহ	D a k a t i sh o h O	native
ডাকাতিয়া	D a k a t i y a	native
ডাকাতের	D a k a t e r	native
ডাকাতেরা	D a k a t e r a	native
ডাকাবুকো	D a k a b u k O	native
ডাকার	D a k a r	native
ডাকায়	D a k a y	native
ডাকি	D a k i	native
ডাকিনি	D a k i n i	native
ডাকিয়া	D a k i y a	native
ডাকুক	D a k u k	native
ডাকুন	D a k u n	native
ডাকুয়া	D a k u y a	native
ডাকে	D a k e	native
ডাকেই	D a k e i	native
ডাকেও	D a k e O	native
ডাকেন	D a k e n	native
ডাকেননি	D a k e n n i	native
ডাকেনি	D a k e n i	native
ডাকের	D a k e r	native
ডাকো	D a k O	native
ডাকোটা	D a k O T a	native
ডাক্তর	D a kt a r	native
ডাক্তারই	D a kt a r i	loanword
ডাক্তারও	D a kt a r O	loanword
ডাক্তারকে	D a kt a r k e	loanword
ডাক্তারখানা	D a kt a r kh a n a	loanword
ডাক্তারদের	D a kt a r d e r	loanword
ডাক্তারবাড়ির	D a kt a r b a r i r	compound
ডাক্তাররা	D a kt a r r a	loanword
ডাক্তাররাও	D a kt a r r a O	loanword
ডাক্তারি	D a kt a r i	loanword
ডাক্তারের	D a kt a r e r	loanword
ডাগ	D a g	native
ডাগআউট	D a g a u T	loanword
ডাগআউটে	D a g a u T e	loanword
ডাগর	D a g O r	native
ডাগল	D a g O l	native
ডাচ	D a ch	proper_noun
ডাচদের	D a ch d e r	proper_noun
ডাচের	D a ch e r	proper_noun
ডাচেস	D a ch e s	loanword
ডাচ্রা	D a ch r a	native
ডাজ	D a j	native
ডাট	D a T	native
ডাটন	D a T o n	native
ডাটনা	D a T n a	native
ডাটা	D a T a	loanword
ডাটাবেইসে	D a T a b e i s e	loanword
ডাটাবেজ	D a T a b e j	loanword
ডাটাবেজে	D a T a b e j e	loanword
ডাটার	D a T a r	loanword
ডাটায়	D a T a y	loanword
ডাটি	D a T i	native
ডাটেয়া	D a T e y a	native
ডাটো	D a T O	native
ডাডলি	D a D l i	proper_noun
ডান	D a n	native
ডানকান	D a n k a n	proper_noun
ডানকুনি	D a n k u n i	native
ডানজা	D a n j a	native
ডানতির	D a n t i r	native
ডানদিক	D a n d i k	native
ডানদিকের	D a n d i k e r	native
ডানপন্থিদের	D a n p o n th i d e r	native
ডানপন্থিরা	D a n p o n th i r a	native
ডানপাশে	D a n p a sh e	native
ডানপিটে	D a n p i T e	native
ডানবার	D a n b a r	native
ডানবারের	D a n b a r e r	native
ডানলপ	D a n l o p	proper_noun
ডানস্ক	D a n o s k	loanword
ডানহাত	D a n h a t	native
ডানহাতি	D a n h a t i	native
ডানহিল	D a n h i l	proper_noun
ডানহ্যামের	D a n h a m e r	proper_noun
ডানায়	D a n a y	native
ডানি	D a n i	native
ডানিডার	D a n i D a r	proper_noun
ডানেডিন	D a n e D i n e	proper_noun
ডানের	D a n e r	native
ডানো	D a n O	native
ডানোভানের	D a n O bh a n e r	proper_noun
ডান্ডা	D a n D a	native
ডান্ডাবেড়ি	D a n D a b e r i	native
ডান্ডি	D a n D i	native
ডান্স	D a n s	loanword
ডাপ	D a p	native
ডাব	D a b	native
ডাবর	D a b O r	native
ডাবরা	D a b r a	native
ডাবল	D a b O l	loanword
ডাবলস	D a b O l s	loanword
ডাবলসের	D a b O l s e r	loanword
ডাবলি	D a b l i	native
ডাবলিন	D a b l i n	proper_noun
ডাবলিনে	D a b l i n e	proper_noun
ডাবলিনের	D a b l i n e r	proper_noun
ডাবলু	D a b l u	loanword
ডাবলুকে	D a b l u k e	loanword
ডাবু	D a b u	native
ডাবুশ	D a b u sh	native
ডাবের	D a b e r	native
ডাব্বা	D a b b a	native
ডাব্বাওয়ালারা	D a b b a O y a l a r a	compound
ডাব্লিউ	D a bl i u	loanword
ডাভিনিয়া	D a bh i n i y a	native
ডামর	D a m O r	native
ডামাডোল	D a m a D O l	native
ডামাডোলে	D a m a D O l e	native
ডামাডোলের	D a m a D O l e r	native
ডামুড্ড্যা	D a m u D D a	native
ডামুড্যা	D a m u D A	native
ডামুড্যায়	D a m u D A y	native
ডাম্পটি	D a mp T i	native
ডাম্পিংয়	D a mp i ng y e r	native
ডাম্বুলার	D a mb u l a r	native
ডাম্বুলায়	D a mb u l a y	native
ডার	D a r	native
ডারউইন	D a r u i n	proper_noun
ডারউইনের	D a r u i n e r	proper_noun
ডারপা	D a r p a	proper_noun
ডারবান	D a r b a n	proper_noun
ডারবানে	D a r b a n e	proper_noun
ডারবানের	D a r b a n e r	proper_noun
ডারবো	D a r b O	native
ডারলিং	D a r l i ng	loanword
ডারহাম	D a r h a m	proper_noun
ডারা	D a r a	native
ডারি	D a r i	native
ডার্ট	D a r T o	loanword
ডার্টিংটন	D a r T i ng T o n	proper_noun
ডার্টিয়ার	D a r T i y a r	native
ডার্নব্যাচ	D a r n b A ch	native
ডার্বি	D a r b i	loanword
ডার্বিতে	D a r b i t e	loanword
ডার্বির	D a r b i r	loanword
ডার্বিশায়ার	D a r b i sh a y a r	proper_noun
ডার্মাটাইটিস	D a r m a T a i T i s	loanword
ডার্লিং	D a r l i ng	loanword
ডার্লিংটন	D a r l i ng T o n	proper_noun
ডালই	D a l o i	native
ডালও	D a l O	native
ডালকুত্তা	D a l k u tt a	native
ডালগুলো	D a l g u l O	native
ডালগ্লিশ	D a l g i l sh	proper_noun
ডালচিনি	D a l ch i n i	native
ডালডা	D a l D a	native
ডালডার	D a l D a r	native
ডালপালা	D a l p a l a	native
ডালপালার	D a l p a l a r	native
ডালপুরি	D a l p u r i	native
ডালভাংা	D a l bh a ng g a	native
ডালভাত	D a l bh a t	native
ডালমিয়া	D a l m i y a	native
ডালমিয়ার	D a l m i y a r	native
ডালরিম্পল	D a l r i mp o l	proper_noun
ডালসহ	D a l sh o h O	native
ডালহোউসি	D a l h O u s i	proper_noun
ডালা	D a l a	native
ডালাপালা	D a l a p a l a	native
ডালার	D a l a r	native
ডালাসে	D a l a s e	proper_noun
ডালাসের	D a l a s e r	proper_noun
ডালায়	D a l a y	native
ডালি	D a l i	native
ডালিতে	D a l i t e	native
ডালিম	D a l i m	native
ডালিমের	D a l i m e r	native
ডালিয়া	D a l i y a	native
ডালিয়ায়	D a l i y a y	native
ডালু	D a l u	native
ডালে	D a l e	native
ডালেম	D a l e m	native
ডালের	D a l e r	native
ডাল্টনের	D a l T o n e r	proper_noun
ডাশ	D a sh	native
ডাস	D a sh	native
ডাসার	D a sh a r	native
ডাস্ট	D a s T	loanword
ডাস্টবিন	D a s T b i n	loanword
ডাস্টবিনে	D a s T b i n e	loanword
ডাস্টার	D a s T a r	loanword
ডাস্টিন	D a s T i n	proper_noun
ডাহ	D a h	native
ডাহা	D a h a	native
ডাহুক	D a h u k	native
ডাড়	D a r	native
ডাড়া	D a r a	native
ডাড়ানো	D a r a n O	native
ডাড়িকা	D a r i k a	native
ডাড়ুকা	D a r u k a	native
ডায়না	D a y n a	proper_noun
ডায়নাম,	D a y n a m O	native
ডায়নামাইটস	D a y n a m a i T s	loanword
ডায়নামাইটসের	D a y n a m a i T s e r	loanword
ডায়নামিক	D a y n a m i k	loanword
ডায়নামিকস	D a y n a m i k s	loanword
ডায়নামিকসের	D a y n a m i k s e r	loanword
ডায়নোসর	D a y n O s o r	loanword
ডায়মন্ড	D a y m o n D	loanword
ডায়মন্ডকে	D a y m o n D k e	loanword
ডায়রিতে	D a y r i t e	loanword
ডায়রিয়া	D a y r i y a	loanword
ডায়রিয়াজনিত	D a y r i y a j o n i t	loanword
ডায়রিয়ার	D a y r i y a r	loanword
ডায়রিয়াসহ	D a y r i y a sh o h O	loanword
ডায়রিয়ায়	D a y r i y a	loanword
ডায়লগ	D a y l o g	loanword
ডায়লগের	D a y l o g e r	loanword
ডায়াগনস্টিক	D a y a g o n o s T i k	loanword
ডায়াগনোসিস	D a y a g o n O s i s	loanword
ডায়াগ্রাম	D a y a gr a m	loanword
ডায়ানা	D a y a n a	proper_noun
ডায়ানাকে	D a y a n a k e	proper_noun
ডায়ানার	D a y a n a r	proper_noun
ডায়াপার	D a y a p a r	loanword
ডায়াবেটিক	D a y a b e T i k	loanword
ডায়াবেটিস	D a y a b e T i s	loanword
ডায়াবেটিসসহ	D a y a b e T i s sh o h O	loanword
ডায়াবেটিসে	D a y a b e T i s e	loanword
ডায়াবেটিসের	D a y a b e T i s e r	loanword
ডায়ামানডিস	D a y a m a n D i s	proper_noun
ডায়ার্কি	D a y a r k i	loanword
ডায়াল	D a y a l o g	loanword
ডায়ালগের	D a y a l o g e r	loanword
ডায়ালাইসিস	D a y a l a i s i s	loanword
ডায়ালাইসিসের	D a y a l a i s i s e r	loanword
ডায়ালার	D a y a l a r	loanword
ডায়াস	D a y a s	proper_noun
ডায়িং	D a y i ng	loanword
ডায়িংয়ের	D a y i ng y e r	loanword
ডায়েট	D a y e T	loanword
ডায়েরি	D a y e r i	loanword
ডায়েরিও	D a y e r i O	loanword
ডায়েরিটা	D a y e r i T a	loanword
ডায়েরিটি	D a y e r i T i	loanword
ডায়েরিতে	D a y e r i t e	loanword
ডায়েরিভুক্ত	D a y e r i bh u kt o	loanword
ডায়েরির	D a y e r i r	loanword
ডায়োড	D a O D	loanword
ডি	D i	native
ডিংকা	D i ng k a	native
ডিংগাডোবা	D i ng g a D O b a	native
ডিংাতে	D i ng g a t e	native
ডিংানো	D i ng g a n O	native
ডিংানোর	D i ng g a n O r	native
ডিংি	D i ng i	native
ডিংিয়ে	D i ng g i y e	native
ডিঅ্যাকটিভেট	D i o j a k T i bh e T	loanword
ডিআইআইটি	D i a i a i T i	loanword
ডিআইআইটির	D i a i a i T i r	loanword
ডিআইইউ	D i a i i u	loanword
ডিআইইউর	D i a i i u r	loanword
ডিআইএন	D i a i e n	loanword
ডিআইএম	D i a i e m	loanword
ডিআইও	D i a i O	loanword
ডিআইজি	D i a i j i	loanword
ডিআইজিকে	D i a i j i k e	loanword
ডিআইজির	D i a i j i r	loanword
ডিআইজিসহ	D i a i j i sh o h O	loanword
ডিআইটি	D i a i T i	loanword
ডিআইটির	D i a i T i r	loanword
ডিআইবিএস	D i a i b i e s	loanword
ডিআর	D i a r	loanword
ডিআরইউ	D i a r i u	loanword
ডিআরইউতে	D i a r i u t e	loanword
ডিআরইউর	D i a r i u r	loanword
ডিআরইউয়ের	D i a r i u y e r	loanword
ডিআরএস	D i a r e s	loanword
ডিআরএসের	D i a r e s e r	loanword
ডিইউ	D i i u	loanword
ডিইউজে	D i i u j e	loanword
ডিইউজের	D i i u j e r	loanword
ডিইউপি	D i i u p i	loanword
ডিইউসিইসিপির	D i i u s i i s i p i r	loanword
ডিইএমইউ	D i i e m i u	loanword
ডিইপিজেড	D i i p i j e D	loanword
ডিইপিজেডের	D i i p i j e D e r	loanword
ডিইসি	D i i s i	loanword
ডিউ	D i u	loanword
ডিউক	D i u k	loanword
ডিউককে	D i u k k e	loanword
ডিউকের	D i u k e r	loanword
ডিউজ	D i u j	loanword
ডিউটি	D i u T i	loanword
ডিউটিতে	D i u T i t e	loanword
ডিউটির	D i u T i r	loanword
ডিএ	D i e	loanword
ডিএই	D i e i	loanword
ডিএইচ	D i e i ch	loanword
ডিএইচএল	D i e i ch e l	loanword
ডিএজি	D i e j i	loanword
ডিএডি	D i e D i	loanword
ডিএনএর	D i e n e r	loanword
ডিএনএস	D i e n e s	loanword
ডিএনডির	D i e n D i r	loanword
ডিএনসি	D i e n s i	loanword
ডিএনসির	D i e n s i r	loanword
ডিএনসিসি	D i e n s i s i	loanword
ডিএনসিসির	D i e n s i s i r	loanword
ডিএনের	D i e n e r	loanword
ডিএপি	D i e p i	loanword
ডিএফআইডি	D i e ph a i D i	loanword
ডিএফআইডির	D i e ph a i D i r	loanword
ডিএফএ	D i e ph e	loanword
ডিএফএর	D i e ph e r	loanword
ডিএফও	D i e ph O	loanword
ডিএফপি	D i e ph p i	loanword
ডিএভি	D i e bh i	loanword
ডিএম	D i e m	loanword
ডিএমকে	D i e m k e	loanword
ডিএমকের	D i e m k e r	loanword
ডিএমটি	D i e m T i	loanword
ডিএমডি	D i e m D i	loanword
ডিএমডিপি	D i e m D i p i	loanword
ডিএমডিপির	D i e m D i p i r	loanword
ডিএমপিকে	D i e m p i k e	loanword
ডিএমপিতে	D i e m p i t e	loanword
ডিএমপির	D i e m p i r	loanword
ডিএমসি	D i e m s i	loanword
ডিএমসিএইচ	D i e m s i e i ch	loanword
ডিএমসিএইচকে	D i e m s i e i ch k e	loanword
ডিএমসির	D i e m s i r	loanword
ডিএল	D i e l	loanword
ডিএলআর	D i e l a r	loanword
ডিএলআরের	D i e l a r e r	loanword
ডিএলসি	D i e l s i	loanword
ডিএস	D i e s	loanword
ডিএসআই	D i e s a i	loanword
ডিএসই	D i e s i	loanword
ডিএসইএক্স	D i e s i e k s	loanword
ডিএসইএস	D i e s i e s	loanword
ডিএসইকে	D i e s i k e	loanword
ডিএসইতে	D i e s i t e	loanword
ডিএসইর	D i e s i r	loanword
ডিএসইসির	D i e s i s i r	loanword
ডিএসইয়ের	D i e s i y e r	loanword
ডিএসএম	D i e s e m	loanword
ডিএসএল	D i e s e l	loanword
ডিএসএলআর	D i e s e l a r	loanword
ডিএসটি	D i e s T i	loanword
ডিএসপি	D i e s p i	loanword
ডিএসবির	D i e s b i r	loanword
ডিএসসি	D i e s s i	loanword
ডিএসসিএসসি	D i e s s i e s s i	loanword
ডিএসসিসি	D i e s s i s i	loanword
ডিএসসিসির	D i e s s i s i r	loanword
ডিও	D i O	loanword
ডিওএইচএস	D i O e i ch e s	loanword
ডিওএইচএসে	D i O e i ch e s e	loanword
ডিওএইচএসের	D i O e i ch e s e r	loanword
ডিওন	D i O n	proper_noun
ডিওর	D i O r	loanword
ডিক	D i k	native
ডিকটা	D i k T a	native
ডিকটেটর	D i k T e T o r	loanword
ডিকনস্ট্রাকশন	D i k n o s T a k sh o n	loanword
ডিকশনারি	D i k sh O n a r i	loanword
ডিকশনারিতে	D i k sh o n a r i t e	loanword
ডিকাবের	D i k a b e r	native
ডিকি	D i k i	loanword
ডিকেন্টর	D i k e n T o r	native
ডিকেন্সের	D i k e n s e r	loanword
ডিক্টেটর	D i k T e T o r	loanword
ডিক্যাপ্রিও	D i k A pr i O	proper_noun
ডিক্রি	D i kr i	loanword
ডিক্রিতে	D i kr i t e	loanword
ডিক্রির	D i kr i r	loanword
ডিক্রিরচর	D i kr i r ch o r	loanword
ডিক্লে	D i kl e	loanword
ডিক্লেয়ার	D i kl e y a r	loanword
ডিক্স	D i k s	loanword
ডিক্সন	D i k s o n	loanword
ডিগডিগ	D i g D i g	native
ডিগদড়ি	D i g d O r i	native
ডিগবাজির	D i g b a j i r	native
ডিগল	D i g o l	native
ডিগার	D i g a r	native
ডিগ্রিও	D i gr i O	loanword
ডিগ্রিটি	D i gr i T i	loanword
ডিগ্রিধারি	D i gr i dh a r i	loanword
ডিগ্রিধারিকে	D i gr i dh a r i k e	loanword
ডিগ্রিধারিদের	D i gr i dh a r i d e r	compound
ডিগ্রিধারিরা	D i gr i dh a r i r a	loanword
ডিগ্রিপ্রাপ্ত	D i gr i pr a p t O	compound
ডিগ্রিপ্রাপ্তদের	D i gr i pr a p t d e r	compound
ডিগ্রির	D i gr i r	loanword
ডিগ্রিরও	D i gr i r o O	loanword
ডিগ্রিসহ	D i gr i sh o h O	loanword
ডিজঅনার	D i j o n a r	loanword
ডিজঅর্ডার	D i j o r D a r	loanword
ডিজঅর্ডারস	D i j o r D a r s	loanword
ডিজঅ্যাপিয়ারেন্স	D i j o j a p i y a r e n s	loanword
ডিজঅ্যাবলের	D i j o j a b o l e r	loanword
ডিজঅ্যাবল্ড	D i j o j a b o l D	loanword
ডিজঅ্যাবিলিটি	D i j o j a b i l i T i	compound
ডিজন	D i j o n	proper_noun
ডিজনি	D i j n i	proper_noun
ডিজনির	D i j n i r	proper_noun
ডিজমেনোরিয়া	D i j m e n O r i y a	loanword
ডিজাইন	D i j a i n	loanword
ডিজাইনও	D i j a i n O	loanword
ডিজাইনটা	D i j a i n T a	loanword
ডিজাইনটি	D i j a i n T i	loanword
ডিজাইনভেদে	D i j a i n bh e d e	loanword
ডিজাইনাদের	D i j a i n a d e r	loanword
ডিজাইনার	D i j a i n a r	loanword
ডিজাইনারদের	D i j a i n a r d e r	loanword
ডিজাইনাররা	D i j a i n a r r a	loanword
ডিজাইনারস	D i j a i n a r o s	loanword
ডিজাইনারের	D i j a i n a r e r	loanword
ডিজাইনিং	D i j a i n i ng	loanword
ডিজাইনে	D i j a i n e	loanword
ডিজাইনেও	D i j a i n e O	loanword
ডিজাইনের	D i j a i n e r	loanword
ডিজাস্টার	D i j a s T a r	loanword
ডিজায়ার	D i j a y a r	loanword
ডিজি	D i j i	loanword
ডিজিএফআই	D i j i e ph a i	loanword
ডিজিএফআইকে	D i j i e ph a i k e	loanword
ডিজিএফআইয়ের	D i j i e ph a i y e r	loanword
ডিজিএফটি	D i j i e ph T i	loanword
ডিজিএমকে	D i j i e m k e	loanword
ডিজিকে	D i j i k e	loanword
ডিজিজ	D i j i j	loanword
ডিজিজেস	D i j i j e s	loanword
ডিজিটাইজ	D i j i T a i j	loanword
ডিজিটাইমস	D i j i T a i m o s	proper_noun
ডিজিটালউদ্ভাবনি	D i j i T a l u d bh a b n i	compound
ডিজিটালএক্সপো	D i j i T a l e k s p O	loanword
ডিজিটালকরনের	D i j i T a l k o r o n e r	loanword
ডিজিটালবাংলাদেশ	D i j i T a l b a ng l a d e sh	compound
ডিজিটালাইজ	D i j i T a l a i j	loanword
ডিজিটালাইজড	D i j i T a l a i j D	loanword
ডিজিটালাইজেশন	D i j i T a l a i j e sh o n	compound
ডিজিটালাইজেশনের	D i j i T a l a i j e sh O n e r	compound
ডিজিটালি	D i j i T a l i	loanword
ডিজিটালে	D i j i T a l e	loanword
ডিজিটালের	D i j i T a l e r	loanword
ডিজিটেক	D i j i T e k	proper_noun
ডিজির	D i j i r	loanword
ডিজিস	D i j i s	loanword
ডিজুস	D i j u s	proper_noun
ডিজে	D i j e	loanword
ডিজের	D i j e r	loanword
ডিজেল	D i j e l	loanword
ডিজেলচালিত	D i j e l ch a l i t O	loanword
ডিজেলসহ	D i j e l sh o h O	loanword
ডিজেলে	D i j e l e	loanword
ডিজেলের	D i j e l e r	loanword
ডিটাচমেন্ট	D i T a ch m e n T	loanword
ডিটারজেন্টের	D i T a r j e n T e r	loanword
ডিটিআইএস	D i T i a i e s	loanword
ডিটিএইচ	D i T i e i ch	loanword
ডিটিও	D i T i O	loanword
ডিটিসিবি	D i T i s i b i	loanword
ডিটিসিবির	D i T i s i b i r	loanword
ডিটুএইচ	D i T u e i ch	loanword
ডিটেইল	D i T e i l	loanword
ডিটেইলড	D i T e i l D	loanword
ডিটেইল্ড	D i T e i l D	loanword
ডিটেকটিভ	D i T e k T i bh	loanword
ডিটেকশন	D i T e k sh O n	loanword
ডিটেক্টর	D i T e k T o r	loanword
ডিটেক্টরের	D i T e k T o r e r	loanword
ডিটেক্টিভ	D i T e k T i bh	loanword
ডিটেনশন	D i T e n sh O n	loanword
ডিড	D i D	native
ডিডকা	D i D k a	native
ডিডি	D i D i	native
ডিডিআর	D i D i a r	loanword
ডিডিআরএ	D i D i a r o e	loanword
ডিডিজি	D i D i j i	loanword
ডিডিটি	D i D i T i	loanword
ডিডেলাস	D i D e l a s	proper_noun
ডিডো	D i D O	proper_noun
ডিডোর	D i D O r	proper_noun
ডিন	D i n	loanword
ডিনকে	D i n k e	loanword
ডিনদের	D i n d e r	loanword
ডিনরা	D i n r a	loanword
ডিনস	D i n s	loanword
ডিনসেল	D i n s e l	proper_noun
ডিনামাইট	D i n a m a i T	loanword
ডিনার	D i n a r	loanword
ডিনারসেটসহ	D i n a r s e T sh o h O	loanword
ডিনারের	D i n a r e r	loanword
ডিনেট	D i n e T	native
ডিনেটের	D i n e T e r	native
ডিনের	D i n e r	loanword
ডিন্ডিম	D i n D i m	native
ডিন্ডির	D i n D i r	native
ডিন্ডিশ	D i n D i sh	native
ডিপ	D i p	native
ডিপওয়াটার	D i p O y a T a r	loanword
ডিপজল	D i p j o l	proper_noun
ডিপজলের	D i p j o l e r	proper_noun
ডিপজিটরি	D i p j i T o r i	loanword
ডিপজিসন	D i p O j i s o n	loanword
ডিপথিরিয়া	D i p th i r i y a	loanword
ডিপারচার	D i p a r ch a r	loanword
ডিপার্টমেন্ট	D i p a r T m e n T	loanword
ডিপার্টমেন্টে	D i p a r T m e n T e	compound
ডিপার্টমেন্টের	D i p a r T m e n T e r	compound
ডিপি	D i p i	loanword
ডিপিআই	D i p i a i	loanword
ডিপিই	D i p i i	loanword
ডিপিএইচই	D i p i e i ch i	loanword
ডিপিএমজি	D i p i e m j i	loanword
ডিপিএস	D i p i e s	loanword
ডিপিজে	D i p i j e	loanword
ডিপিজের	D i p i j e r	loanword
ডিপিডিসি	D i p i D i s i	loanword
ডিপিডিসির	D i p i D i s i r	loanword
ডিপিপি	D i p i p i	loanword
ডিপিসি	D i p i s i	loanword
ডিপুটি	D i p u T i	loanword
ডিপের	D i p e r	loanword
ডিপো	D i p O	loanword
ডিপোজিট	D i p O j i T	loanword
ডিপোজিটরি	D i p O j i T o r i	loanword
ডিপোজিটের	D i p O j i T e r	loanword
ডিপোটি	D i p O T i	loanword
ডিপোতে	D i p O t e	loanword
ডিপোর	D i p O r	loanword
ডিপ্রেশন	D i pr e sh o n	loanword
ডিপ্লোমা	D i p l O m a	loanword
ডিপ্লোমাধারি	D i p l O m a dh a r i	loanword
ডিপ্লোমেটিক	D i p l O m e T i k	loanword
ডিপ্লোম্যাটিক	D i p l O m A T i k	loanword
ডিপ্লোম্যাসি	D i p l O m A s i	loanword
ডিফরেন্ট	D i ph r e n T	loanword
ডিফল্ট	D i ph o l T	loanword
ডিফাইন	D i ph a i n	loanword
ডিফারেন্ট	D i ph a r e n T	loanword
ডিফেন্ড	D i ph e n D	loanword
ডিফেন্ডার	D i ph e n D a r	loanword
ডিফেন্ডারকে	D i ph e n D a r k e	loanword
ডিফেন্ডারদের	D i ph e n D a r d e r	loanword
ডিফেন্ডাররা	D i ph e n D a r r a	loanword
ডিফেন্ডারের	D i ph e n D a r e r	loanword
ডিফেন্ডিং	D i ph e n D i ng	loanword
ডিফেন্স	D i ph e n s	loanword
ডিফেন্সকে	D i ph e n s o k e	loanword
ডিফেন্সিভ	D i ph e n s i bh	loanword
ডিফেন্সের	D i ph e n s e r	loanword
ডিফো	D i ph O	native
ডিবর	D i b o r	native
ডিবি	D i b i	loanword
ডিবিএইচ	D i b i e i ch	loanword
ডিবিএইচের	D i b i e i ch e r	loanword
ডিবিএল	D i b i e l	loanword
ডিবিকে	D i b i k e	loanword
ডিবিবিএল	D i b i b i e l	loanword
ডিবির	D i b i r	loanword
ডিবেঞ্চার	D i b e nch a r	tatsama
ডিবেট	D i b e T	loanword
ডিবেটরস	D i b e T r o s	loanword
ডিবেটরসের	D i b e T r o s e r	loanword
ডিব্বা	D i b b a	native
ডিভা	D i bh a	loanword
ডিভাইডার	D i bh a i D a r	loanword
ডিভাইডারের	D i bh a i D a r e r	loanword
ডিভাইন	D i bh a i n	loanword
ডিভাইনের	D i bh a i n e r	loanword
ডিভাইস	D i bh a i s	loanword
ডিভাইসগুলো	D i bh a i s g u l O	loanword
ডিভাইসগুলোতে	D i bh a i s g u l O t e	loanword
ডিভাইসগুলোর	D i bh a i s g u l O r	loanword
ডিভাইসটি	D i bh a i s T i	loanword
ডিভাইসটিতে	D i bh a i s T i t e	loanword
ডিভাইসটির	D i bh a i s T i r	loanword
ডিভাইসে	D i bh a i s e	loanword
ডিভাইসেও	D i bh a i s e O	loanword
ডিভাইসের	D i bh a i s e r	loanword
ডিভাইসেস	D i bh a i s e s	loanword
ডিভান	D i bh a n	loanword
ডিভি	D i bh i	loanword
ডিভিআই	D i bh i a i	loanword
ডিভিএম	D i bh i e m	loanword
ডিভিডি	D i bh i D i	loanword
ডিভিডিও	D i bh i D i O	loanword
ডিভিডিতে	D i bh i D i t e	loanword
ডিভিডির	D i bh i D i r	loanword
ডিভিডেন্ট	D i bh i D e n T	loanword
ডিভিডেন্ড	D i bh i D e n D	loanword
ডিভিবি	D i bh i b i	loanword
ডিভিবির	D i bh i b i r	loanword
ডিভির	D i bh i r	loanword
ডিভিশন	D i bh i sh O n	loanword
ডিভিশনকে	D i bh i sh o n k e	loanword
ডিভিশনাল	D i bh i sh o n a l	loanword
ডিভিশনের	D i bh i sh o n e r	loanword
ডিভোর্স	D i bh O r s	loanword
ডিভোর্সের	D i bh O r s e r	loanword
ডিমও	D i m O	native
ডিমওয়ালা	D i m o O y a l a	native
ডিমক	D i m o k	native
ডিমকে	D i m k e	native
ডিমগুলো	D i m g u l O	native
ডিমগুলোকে	D i m g u l O k e	native
ডিমটা	D i m T a	native
ডিমন	D i m o n	native
ডিমপাড়া	D i m p a r a	native
ডিমলা	D i m l a	native
ডিমলার	D i m l a r	native
ডিমাই	D i m a i	native
ডিমান্ড	D i m a n D	loanword
ডিমারেজ	D i m a r e j	loanword
ডিমিউচুয়ালাইজেশন	D i m i u ch u y a l a i j e sh o n	compound
ডিমিউচুয়ালাইজেশনের	D i m i u ch u y a l a i j e sh o n e r	compound
ডিমিউচ্যুয়ালাইজেশন	D i m i u ch j u y a l a i j e sh o n	compound
ডিমে	D i m e	native
ডিমেট	D i m e T	native
ডিমের	D i m e r	native
ডিম্পল	D i mp O l	native
ডিম্ব	D i mb o	native
ডিম্বাকার	D i mb a k a r	native
ডিম্বাকৃতি	D i mb a k r i t i	tatsama
ডিম্বাকৃতির	D i mb a k ri t i r	tatsama
ডিম্বানু	D i mb a n u	native
ডিম্বানুর	D i mb a n u r	native
ডিম্বিকা	D i mb i k a	native
ডিম্যাট	D i m A T	loanword
ডির	D i r	native
ডিরেকশন	D i r e k sh o n	loanword
ডিরেক্ট	D i r e k T	loanword
ডিরেক্টর	D i r e k T o r	loanword
ডিরেক্টরকে	D i r e k T o r k e	loanword
ডিরেক্টরস	D i r e k T o r s	loanword
ডিরেক্টরি	D i r e k T O r i	loanword
ডিরেক্টরেট	D i r e k T o r T	loanword
ডিরেক্টরের	D i r e k T o r e r	loanword
ডিরেল	D i r e l o	loanword
ডিরোজিও	D i r O j i O	proper_noun
ডিরোজিওর	D i r O j i O r	proper_noun
ডির্ক	D i r k	proper_noun
ডিল	D i l	loanword
ডিলন	D i l o n	proper_noun
ডিলমা	D i l m a	proper_noun
ডিলাইট	D i l a i T	loanword
ডিলাক্স	D i l a k s	loanword
ডিলাক্সের	D i l a k s e r	loanword
ডিলান	D i l a n	proper_noun
ডিলানি	D i l a n i	proper_noun
ডিলানের	D i l a n e r	proper_noun
ডিলারকে	D i l a r k e	loanword
ডিলারদের	D i l a r d e r	loanword
ডিলাররা	D i l a r r a	loanword
ডিলাররাও	D i l a r r a O	loanword
ডিলারশিপ	D i l a r sh i p	loanword
ডিলারের	D i l a r e r	loanword
ডিলিজেন্স	D i l i j e n s	loanword
ডিলিট	D i l i T	loanword
ডিলে	D i l e	loanword
ডিশ	D i sh	loanword
ডিশে	D i sh e	loanword
ডিস	D i s	loanword
ডিসঅর্ডার	D i s o r D a r	loanword
ডিসঅর্ডারের	D i s o r D a r e r	loanword
ডিসকভার	D i s k o bh a r	loanword
ডিসকভারি	D i s k o bh a r i	loanword
ডিসকভারির	D i s k o bh a r i r	loanword
ডিসকানেক্ট	D i s k a n e k T	loanword
ডিসকাশন	D i s k a sh O n	loanword
ডিসকো	D i s k O	loanword
ডিসকোর্স	D i s k O r s	loanword
ডিসচার্জ	D i s ch a r j	loanword
ডিসটেন্স	D i s T e n s	loanword
ডিসট্যান্ট	D i s T A n T	loanword
ডিসট্রফি	D i s T r o ph i	loanword
ডিসপিউট	D i sh p i u T	loanword
ডিসপেনসারি	D i sh p e n sh a r i	loanword
ডিসপেনসিংয়ের	D i sh p e n sh i ng y e r	loanword
ডিসপেপসিয়া	D i sh p e p sh i y a	loanword
ডিসপোজেবল	D i sh p O j e b o l	loanword
ডিসপ্লে	D i sh p l e	loanword
ডিসপ্লেজুক্ত	D i sh p l e j u kt O	loanword
ডিসপ্লের	D i sh p l e r	loanword
ডিসমিস	D i s m i s	loanword
ডিসমিসাল	D i s m i s a l	loanword
ডিসমিসালের	D i s m i s a l e r	loanword
ডিসিআর	D i s i a r	loanword
ডিসিকে	D i s i k e	loanword
ডিসিটি	D i s i T i	loanword
ডিসিডিবি	D i s i D i b i	loanword
ডিসিতে	D i s i t e	loanword
ডিসিদের	D i s i d e r	loanword
ডিসিপ্লিন	D i s i p l i n	loanword
ডিসিপ্লিনারি	D i s i p l i n a r i	loanword
ডিসিপ্লিনে	D i s i p l e n e	loanword
ডিসিভিত্তিক	D i s i bh i tt i k	loanword
ডিসির	D i s i r	loanword
ডিসিরা	D i s i r a	loanword
ডিসিশন	D i s i sh O n	loanword
ডিসিসি	D i s i s i	loanword
ডিসিসিআই	D i s i s i a i	loanword
ডিসিসিআইর	D i s i s i a i r	loanword
ডিসিসিআইয়ের	D i s i s i a i y e r	loanword
ডিসিসিকে	D i s i s i k e	loanword
ডিসিসিতে	D i s i s i t e	loanword
ডিসিসিসহ	D i s i s i sh o h O	loanword
ডিসেজের	D i s e j e r	loanword
ডিসেন্ট	D i s e n T	loanword
ডিসেম্বর	D i s e mb o r	loanword
ডিসেম্বরও	D i s e mb o r o O	loanword
ডিসেম্বরকে	D i s e mb o r k e	loanword
ডিসেম্বরভিত্তিক	D i s e mb o r bh i t o t i k	compound
ডিসেম্বরেই	D i s e mb o r e i	loanword
ডিসেম্বরেও	D i s e mb o r e O	loanword
ডিসেম্বরের	D i s e mb o r e r	loanword
ডিস্ক	D i s k	loanword
ডিস্কে	D i s k e	loanword
ডিস্কের	D i s k e r	loanword
ডিস্কো	D i s k O	loanword
ডিস্টার্ব	D i s T a r b	loanword
ডিস্টিংশনসহ	D i s T i ng sh o n sh o h O	loanword
ডিস্টিলারি	D i s l a r i	loanword
ডিস্ট্রিক	D i s T r i k	loanword
ডিস্ট্রিক্ট	D i s T r i k T	loanword
ডিস্ট্রিবিউটর	D i s T i b i u T o r	loanword
ডিস্ট্রিবিউটরস	D i s T i b i u T o r s	loanword
ডিস্ট্রিবিউটেড	D i s T i b i u T e D	loanword
ডিস্ট্রিবিউশন	D i s T i b i u sh o n	loanword
ডিস্ট্রিবিউশনস	D i s T i b i u sh o n o s	loanword
ডিস্ট্রিবিউশনের	D i s T i b i u sh o n e r	loanword
ডিহাইড্রেশন	D i h a i D r e sh o n	loanword
ডিহি	D i h i	native
ডিয়াগো	D i y a g O	proper_noun
ডিয়াজ	D i y a j	proper_noun
ডিয়াজের	D i y a j e r	proper_noun
ডিয়ানি	D i y a n i	native
ডিয়াবি	D i y a b i	native
ডিয়ার	D i y a r	loanword
ডিয়েগো	D i y e g O	proper_noun
ডিয়েগোর	D i y e g O r	proper_noun
ডি–এম	D i e m	loanword
ডু	D u	native
ডুংগা	D u ng g a	native
ডুংুর	D u ng u r	native
ডুইফেনইক	D u i ph e n i k	native
ডুইবা	D u i b a	native
ডুকরা	D u k r a	native
ডুকরে	D u k r e	native
ডুকাকিস	D u k a k i s	proper_noun
ডুগডুগ	D u g D u g	native
ডুগান	D u g a n	native
ডুগানের	D u g a n e r	native
ডুডল	D u D O l	loanword
ডুডলটি	D u D o l T i	loanword
ডুডলে	D u D o l e	loanword
ডুন্ডুভ	D u n D u bh	native
ডুপার	D u p a r	native
ডুপিয়ান	D u p i y a n	native
ডুপ্লিকেট	D u p l i k e T	loanword
ডুপ্লেক্স	D u p l e k s	loanword
ডুপ্লেসিস	D u p l e s i s	loanword
ডুবছে	D u b chh e	native
ডুবডুবি	D u b D u b i	native
ডুবতে	D u b t e	native
ডুবন্ত	D u b o nt O	native
ডুবব	D u b o b	native
ডুববে	D u b o b e	native
ডুবলে	D u b o l e	native
ডুবানো	D u b a n O	native
ডুবানোর	D u b a n O r	native
ডুবি	D u b i	native
ডুবির	D u b i r	native
ডুবিয়ে	D u b i y e	native
ডুবিয়েই	D u b i y e i	native
ডুবিয়েছিল	D u b i y e chh i l	native
ডুবিয়েছিলেন	D u b i y e chh i l e n	native
ডুবিয়েছে	D u b i y e chh e	native
ডুবিয়েছেন	D u b i y e chh e n	native
ডুবুরি	D u b u r i	native
ডুবুরিদের	D u b u r i d e r	native
ডুবুরির	D u b u r i r	native
ডুবুরিরা	D u b u r i r a	native
ডুবুরিসহ	D u b u r i sh o h O	native
ডুবে	D u b e	native
ডুবেছে	D u b e chh e	native
ডুবো	D u b O	native
ডুবোচর	D u b O ch o r	native
ডুবোচরের	D u b O ch o r e r	native
ডুবোজাহাজ	D u b O j a h a j	native
ডুবোজাহাজটি	D u b O j a h a j T i	native
ডুবোতেলে	D u b O t e l e	native
ডুম	D u m	native
ডুমকি	D u m k i	native
ডুমনি	D u m o n i	native
ডুমরাই	D u m o r a i	native
ডুমরিয়া	D u m o r i y a	native
ডুমিনি	D u m i n i	native
ডুমিনিকে	D u m i n i k e	native
ডুমিনির	D u m i n i r	native
ডুমুর	D u m u r	native
ডুমুরিয়া	D u m u r i y a	native
ডুমুরিয়ার	D u m u r i y a r	native
ডুমুরিয়ায়	D u m u r i y a y	native
ডুমুরের	D u m u r e r	native
ডুমো	D u m O	native
ডুম্বুর	D u mb u r	native
ডুরি	D u r i	native
ডুরে	D u r e	native
ডুলাহাজারা	D u l a h a j a r a	native
ডুলিকা	D u l i k a	native
ডুলু	D u l u	native
ডুয়াইন	D u y a i n	proper_noun
ডুয়ার্স	D u y a r s	proper_noun
ডুয়ার্সে	D u y a r s e	proper_noun
ডুয়ার্সের	D u y a r s e r	proper_noun
ডুয়াল	D u y a l	loanword
ডুয়িং	D u y i ng	loanword
ডুয়েট	D u y e T	loanword
ডুয়েটের	D u y e T e r	loanword
ডুয়েল	D u y e l	loanword
ডুয়ো	D u y O	loanword
ডে	D e	loanword
ডেংগর	D e ng g o r	native
ডেংগা	D e ng g a	native
ডেংগু	D e ng g u	loanword
ডেংগুর	D e ng g u r	loanword
ডেইজি	D e i j i	proper_noun
ডেইজিকে	D e i j i k e	proper_noun
ডেইজির	D e i j i r	proper_noun
ডেইরি	D e i r i	loanword
ডেইরিপন্য	D e i r i p o n o O	loanword
ডেইল	D e i l	native
ডেইলি	D e i l i	loanword
ডেইলে	D e i l e	loanword
ডেউইন	D e u i n	native
ডেকচি	D e k o ch i	native
ডেকচিতে	D e k ch i t e	native
ডেকটি	D e k o T i	native
ডেকা	D e k a	native
ডেকান	D e k a n	proper_noun
ডেকানের	D e k a n e r	proper_noun
ডেকার	D e k a r	native
ডেকারের	D e k a r e r	native
ডেকুরা	D e k u r a	native
ডেকে	D e k e	native
ডেকেই	D e k e i	native
ডেকেও	D e k e O	native
ডেকেছি	D e k e chh i	native
ডেকেছিলাম	D e k e chh i l a m o	native
ডেকেছিলে	D e k e chh i l e	native
ডেকেছিলেন	D e k e chh i l e n	native
ডেকেছে	D e k e chh e	native
ডেকেছেন	D e k e chh e n	native
ডেকের	D e k e r	native
ডেকোর	D e k O r	loanword
ডেকোরেটর	D e k O r e T o r	loanword
ডেকোরেটরের	D e k O r e T o r e r	loanword
ডেকোরেটিভ	D e k O r e T i bh	loanword
ডেকোরেশনের	D e k O r e sh o n e r	loanword
ডেগরা	D e g r a	native
ডেজালিয়েন	D e j a l i y e n	native
ডেট	D e T	loanword
ডেটল	D e T o l	proper_noun
ডেটলাইন	D e T l a i n	loanword
ডেটাবেইজ	D e T a b e i j	loanword
ডেটাবেইস	D e T a b e i s	loanword
ডেটাবেইসে	D e T a b e i s e	loanword
ডেটাবেইসের	D e T a b e i s e r	loanword
ডেটাসফট	D e T a s o ph T	proper_noun
ডেটে	D e T e	loanword
ডেটোনেটর	D e T O n e T o r	loanword
ডেট্রয়েটের	D e T r O y e T e r	loanword
ডেড	D e D	loanword
ডেতে	D e t e	native
ডেথ	D e th	loanword
ডেথলি	D e th l i	loanword
ডেথে	D e th e	loanword
ডেন	D e n	loanword
ডেনড্রন	D e n D r o n	loanword
ডেনড্রাইট	D e n D r a i T	loanword
ডেনপাসার	D e n p a s a r	proper_noun
ডেনভার	D e n bh a r	proper_noun
ডেনভারে	D e n bh a r e	proper_noun
ডেনভারের	D e n bh a r e r	proper_noun
ডেনমার্ক	D e n m a r k	proper_noun
ডেনসন	D e n s o n	proper_noun
ডেনসিটি	D e n s i T i	loanword
ডেনসো	D e n s O	proper_noun
ডেনি	D e n i	proper_noun
ডেনিং	D e n i ng	native
ডেনিমস	D e n i m o s	loanword
ডেনিশ	D A n i sh	loanword
ডেনিস	D e n i s	proper_noun
ডেনিয়েল	D e n i y e l	proper_noun
ডেন্ডাবর	D e n D a b o r	native
ডেপ	D e p	native
ডেপথ	D e p o th	loanword
ডেপল	D e p o l	native
ডেপুটেশনে	D e p u T e sh o n e	loanword
ডেপুরা	D e p u r a	native
ডেফকন	D e ph k o n	loanword
ডেফকনের	D e ph k o n e r	loanword
ডেফোডিল	D e ph O D i l	loanword
ডেবরা	D e b r a	proper_noun
ডেবারমিন	D e b a r m i n	native
ডেবিট	D e b i T	loanword
ডেব্ট	D e b T o	loanword
ডেব্যু	D e b u	loanword
ডেভ	D e bh	proper_noun
ডেভন	D e bh o n	proper_noun
ডেভনের	D e bh o n e r	proper_noun
ডেভি	D e bh i	proper_noun
ডেভিট	D e bh i T	proper_noun
ডেভিডকে	D e bh i D k e	proper_noun
ডেভির	D e bh i r	proper_noun
ডেভিল	D e bh i l	loanword
ডেভিলরা	D e bh i l r a	loanword
ডেভিলস	D e bh i l s	loanword
ডেভিলসকে	D e bh i l s k e	loanword
ডেভিলসের	D e bh i l s e r	loanword
ডেভিস	D e bh i s	proper_noun
ডেভিসকে	D e bh i s k e	proper_noun
ডেভিসন	D e bh i s o n	proper_noun
ডেভিসের	D e bh i s e r	proper_noun
ডেভিয়ানা	D e bh i y a n a	native
ডেভিয়েশন	D e bh i y e sh o n	loanword
ডেভেলপ	D e bh e l o p	loanword
ডেভেলপমেন্টাল	D e bh e l o p m e n T a l o	compound
ডেভেলপারস	D e bh e l o p a r s	loanword
ডেমক্রেসিওয়াচ	D e m o kr e s i O y a ch	compound
ডেমদের	D e m d e r	native
ডেমরা	D A m r a	native
ডেমরার	D A m r a r	native
ডেমা	D e m a	native
ডেমিরেল	D e m i r e l	native
ডেমিয়েন	D e m i y e n	proper_noun
ডেমু	D e m u	loanword
ডেমো	D e m O	loanword
ডেমোক্র্যাট	D e m O k r A T	loanword
ডেমোক্র্যাটরা	D e m O k r A T r a	loanword
ডেমোক্র্যাটরাও	D e m O k r A T r a O	loanword
ডেমোক্র্যাটসরা	D e m O kr A T s r a	loanword
ডেমোক্র্যাটিক	D e m O k r A T i k	loanword
ডেমোক্র্যাসি	D e m O kr A s i	loanword
ডেম্বা	D e mb a	proper_noun
ডের	D e r	native
ডেরডিয়োক	D e r D i y O k	native
ডেরা	D e r a	native
ডেরার	D e r a r	native
ডেরায়	D e r a y	native
ডেরেক	D e r e k	proper_noun
ডেল	D e l	proper_noun
ডেলও	D e l O	proper_noun
ডেলওয়্যার	D e l O y A r	proper_noun
ডেলকো	D e l k O	proper_noun
ডেলটা	D e l T a	loanword
ডেলা	D e l a	native
ডেলাওয়ার	D e l a O y a r	proper_noun
ডেলিগেশন	D e l i g e sh o n	loanword
ডেলিগেশনের	D e l i g e sh o n e r	loanword
ডেলিশিয়া	D e l i sh i y a	native
ডেলো	D e l O	native
ডেল্টায়	D e l T a y	loanword
ডেস	D e s	proper_noun
ডেসকাট	D e s k a T	proper_noun
ডেসকাটের	D e s k a T e r	proper_noun
ডেসটিনি	D e s T i n i	proper_noun
ডেসটিনিকে	D e s T i n i k e	proper_noun
ডেসটিনির	D e s T i n i r	proper_noun
ডেসট্রাকশন	D e s T r a k sh o n	loanword
ডেসমন্ড	D e s m o n D	proper_noun
ডেসা	D e s a	loanword
ডেসার	D e s a r	loanword
ডেসালিয়ান	D e s a l i y a n	proper_noun
ডেসালিয়েন	D e s a l i y e n	proper_noun
ডেসিবল	D e s i b o l	loanword
ডেসিবেল	D e s i b e l	loanword
ডেসিমা	D e s i m a	proper_noun
ডেসিলিটার	D e s i l i T a r	loanword
ডেহান	D e h a n	native
ডেহুয়া	D e h u y a	native
ডেহেরি	D e h e r i	native
ডেড়েমুশে	D e r e m u sh e	native
ডেয়ার	D e a r	loanword
ডেয়ারডেভিলস	D e y a r D e bh i l o s	loanword
ডেয়ারডেভিলসকে	D e y a r D e bh i l o s k e	loanword
ডেয়ারডেভিলসের	D e y a r D e bh i l o s e r	loanword
ডেয়ে	D e y e	native
ডোংগর	D O ng g O r	native
ডোংা	D O ng g a	native
ডোইরে	D O i r e	native
ডোউরিন	D ou r i n	native
ডোউয়াতলা	D ou y a t o l a	native
ডোকরানো	D O k r a n O	native
ডোকলা	D O k l a	loanword
ডোজ	D O j	loanword
ডোটা	D O T a	loanword
ডোনা	D O n a	proper_noun
ডোনান্ট	D O n a n T	native
ডোনার	D O n a r	loanword
ডোনাল্ড	D O n a l D	proper_noun
ডোনাল্ডের	D O n a l D e r	proper_noun
ডোপ	D O p	loanword
ডোপামিন	D O p a m i n	loanword
ডোপিং	D O p i ng	loanword
ডোবর	D O b O r o	native
ডোবা	D O b a	native
ডোবাচ্ছেন	D O b a ch chh e n	native
ডোবান	D O b a n	native
ডোবানো	D O b a n O	native
ডোবানোর	D O b a n O r	native
ডোবার	D O b a r	native
ডোবালেন	D O b a l e n	native
ডোবায়	D O b a y	native
ডোবে	D O b e	native
ডোবেনি	D O b e n i	native
ডোভার	D O bh a r	proper_noun
ডোভারে	D O bh a r e	proper_noun
ডোম	D O m	native
ডোমকাক	D O m k a k	native
ডোমচিল	D O m ch i l	native
ডোমনা	D O m n a	native
ডোমরা	D O m o r a	native
ডোমসার	D O m s a r	proper_noun
ডোমার	D O m a r	native
ডোমারে	D O m a r e	native
ডোমারের	D O m a r e r	native
ডোমিনাস	D O m i n a s	proper_noun
ডোমিনিক	D O m i n i k	proper_noun
ডোমিনিকান	D O m i n i k a n	proper_noun
ডোমিনিকায়	D O m i n i k a y	proper_noun
ডোমিনিয়ন	D O m i n i O n	loanword
ডোমিনো	D O m i n O	loanword
ডোমেইন	D O m e i n	loanword
ডোমেইনে	D O m e i n e	loanword
ডোমেইনের	D O m e i n e r	loanword
ডোমের	D O m e r	native
ডোমেস্টিক	D O m e s T i k	loanword
ডোম্ব	D O mb o	native
ডোর	D O r	native
ডোরবেল	D O r b e l	loanword
ডোরসেট	D O r s e T	proper_noun
ডোরা	D O r a	native
ডোরাকাটা	D O r a k a T a	native
ডোরিন	D O r i n	proper_noun
ডোরিস	D O r i s	proper_noun
ডোরেমন	D O r e m o n	proper_noun
ডোরেমনের	D O r e m o n e r	proper_noun
ডোল	D O l	native
ডোলা	D O l a	native
ডোসা	D O s a	loanword
ডোসাকে	D O s a k e	loanword
ডোহার্টি	D O h a r T i	proper_noun
ডোহার্টির	D O h a r T i r	proper_noun
ডোয়াইন	D O y a i n	proper_noun
ডোয়েন	D O y e n	proper_noun
ড্যাং	D A ng	native
ড্যাংগা	D A ng g a	native
ড্যাকরা	D A k r a	native
ড্যাক্স	D A k s	loanword
ড্যাট	D A T	native
ড্যাড	D A D	loanword
ড্যাডি	D A D i	loanword
ড্যান	D A n	proper_noun
ড্যানকে	D A n k e	proper_noun
ড্যানি	D A n i	proper_noun
ড্যানিশ	D A n i sh	loanword
ড্যানিয়েল	D A n i y e l	proper_noun
ড্যানের	D A n e r	proper_noun
ড্যানো	D A n O	native
ড্যান্ডি	D A n D i	loanword
ড্যান্স	D A n s	loanword
ড্যান্সার	D A n s a r	loanword
ড্যান্সিং	D A n s i ng	loanword
ড্যাপ	D A p	native
ড্যাপকে	D A p k e	native
ড্যাপে	D A p e	native
ড্যাপের	D A p e r	native
ড্যাফোডিল	D A ph O D i l	loanword
ড্যাফোডিলের	D A ph O D i l e r	loanword
ড্যাব	D A b	native
ড্যাবড্যাব	D A b D A b	native
ড্যাবরা	D A b r a	native
ড্যাবের	D A b e r	native
ড্যাম	D A m	loanword
ড্যামটি	D A m T i	loanword
ড্যামটির	D A m o T i r	loanword
ড্যামন	D A m o n	proper_noun
ড্যামি	D A m i	loanword
ড্যামিয়েন	D A m i y e n	proper_noun
ড্যামেজ	D A m e j	loanword
ড্যামের	D A m e r	loanword
ড্যারিল	D A r i l	proper_noun
ড্যারিয়াস	D A r i y a s	proper_noun
ড্যারেন	D A r e n	proper_noun
ড্যারেল	D A r e l	proper_noun
ড্যালা	D A l a	native
ড্যাশ	D A sh	loanword
ড্যাশবোর্ডের	D A sh o b O r D e r	loanword
ড্যাশিং	D A sh i ng	loanword
ড্যাস	D A s	loanword
ড্যাসিং	D A s i ng	loanword
ড্রই	D r o i	loanword
ড্রইংরুম	D r o i ng r u m	loanword
ড্রইংরুমে	D r o i ng r u m e	loanword
ড্রইংরুমের	D r o i ng r u m e r	loanword
ড্রটা	D r o T a	loanword
ড্রপড	D r o p D	loanword
ড্রপবক্স	D r o p b o k s	loanword
ড্রপসিন	D r o p o s i n	proper_noun
ড্রর	D r o r	loanword
ড্রাই	D r a i	loanword
ড্রাইডক	D r a i D o k	loanword
ড্রাইডেন	D r a i D e n	loanword
ড্রাইডেনের	D r a i D e n e r	loanword
ড্রাইভ	D r a i bh	loanword
ড্রাইভার	D r a i bh a r	loanword
ড্রাইভারও	D r a i bh a r O	loanword
ড্রাইভারকে	D r a i bh a r k e	loanword
ড্রাইভারদের	D r a i bh a r d e r	loanword
ড্রাইভাররা	D r a i bh a r r a	loanword
ড্রাইভারস	D r a i bh a r s	loanword
ড্রাইভারের	D r a i bh a r e r	loanword
ড্রাইভিং	D r a i bh i ng	loanword
ড্রাইভে	D r a i bh e	loanword
ড্রাইভের	D r a i bh e r	loanword
ড্রাইসেল	D r a i s e l	loanword
ড্রাইসেলস	D r a i s e l s	loanword
ড্রাকুলা	D r a k u l a	loanword
ড্রাগন	D r a g o n	loanword
ড্রাগনের	D r a g O n e r	loanword
ড্রাগিস্ট	D r a g i s T	loanword
ড্রাগের	D r a g e r	loanword
ড্রাফট	D r a ph o T	loanword
ড্রাফটসহ	D r a ph o T sh o h O	loanword
ড্রাফটিং	D r a ph T i ng	loanword
ড্রাফটের	D r a ph T e r	loanword
ড্রামগুলো	D r a m g u l O	loanword
ড্রামভর্তি	D r a m bh o r t i	loanword
ড্রামস	D r a m s	loanword
ড্রামে	D r a m e	loanword
ড্রামের	D r a m e r	loanword
ড্রাহোজাল	D r a h O j a l	loanword
ড্রায়ার	D r a y a r	loanword
ড্রায়ারের	D r a y a r e r	loanword
ড্রিং	D r i ng	loanword
ড্রিংক	D r i ng k	loanword
ড্রিংকস	D r i ng k s	loanword
ড্রিংকসের	D r i ng k s e r	loanword
ড্রিংকিং	D r i ng k i ng	loanword
ড্রিংকের	D r i ng k e r	loanword
ড্রিংয়ের	D r i ng y e r	loanword
ড্রিউ	D r i u	loanword
ড্রিক	D r i k	loanword
ড্রিপ	D r i p	loanword
ড্রিবলিংয়ের	D r i b l i ng y e r	loanword
ড্রিমল্যান্ড	D r i m l A n D	loanword
ড্রিমস্পার্ক	D r i m s p a r o k	loanword
ড্রিল	D r i l	loanword
ড্রিলিং	D r i l i ng	loanword
ড্রুক	D r u k	loanword
ড্রেইসার	D r e i s a r	proper_noun
ড্রেক	D r e k	loanword
ড্রেনথে	D r e n th e	loanword
ড্রেসডেন	D r e s D e n	proper_noun
ড্রেসার	D r e s a r	loanword
ড্রেসিংরুমমুখি	D r e s i ng r u m m u kh i	loanword
ড্রেসিডেল	D r e s i D e l	proper_noun
ড্রেসে	D r e s e	loanword
ড্রোন	D r O n	loanword
ড্রোনগুলো	D r O n g u l O	loanword
ড্রোনটিকে	D r O n T i k e	loanword
ড্রোনে	D r O n e	loanword
ড্র্যাগ	D r A g o	loanword
ড্রয়ার	D r o y a r	loanword
ড্রয়ারে	D r o y a r e	loanword
ড্রয়িং	D r o y i ng	loanword
ড্রয়িংরুমে	D r o y i ng r u m e	loanword
ড্রয়িংরুমের	D r o y i ng r u m e r	loanword
ড্রয়ে	D r o y e	loanword
ড্রয়েড	D r o y e D	loanword
ড্রয়ের	D r o y e r	loanword
ডয়চে	D o y o ch e	proper_noun
ডয়ন	D o y O n	native
ডয়েচে	D o y e ch e	proper_noun
ডয়েসকেট	D o y e s k e T	proper_noun
ঢ	Dh o	native
ঢংটা	Dh o ng T a	native
ঢংে	Dh o ng e	native
ঢংেই	Dh o ng e i	native
ঢংের	Dh o ng e r	native
ঢংয়ে	Dh o ng y e	native
ঢংয়ের	Dh o ng y e r	native
ঢকার	Dh o k a r	native
ঢকাস	Dh o k a sh	native
ঢক্ক	Dh o k k O	native
ঢক্কা	Dh o k k a	native
ঢনঢনে	Dh o n Dh o n e	native
ঢনা	Dh o n a	native
ঢপ	Dh o p	native
ঢরঢর	Dh o r o Dh o r o	native
ঢল	Dh o l	native
ঢলক	Dh o l O k	native
ঢলকি	Dh O l k i	native
ঢলঢল	Dh o l O Dh o l O	native
ঢলতা	Dh o l t a	native
ঢলন	Dh o l O n	native
ঢলা	Dh o l a	native
ঢল্ক	Dh o l k	native
ঢসকা	Dh o sh k a	native
ঢসকিয়া	Dh o sh k i y a	native
ঢসন	Dh o sh O n	native
ঢ়	r o	native
ঢাংগাতি	Dh a ng g a t i	native
ঢাই	Dh a i	native
ঢাউস	Dh a u sh	native
ঢাক	Dh a k	native
ঢাকতে	Dh a k t e	native
ঢাকতেই	Dh a k t e i	native
ঢাকন	Dh a k o n	native
ঢাকনা	Dh a k n a	native
ঢাকনাটা	Dh a k n a T a	native
ঢাকনাবিহিন	Dh a k n a b i h i n	native
ঢাকনার	Dh a k n a r	native
ঢাকনাসহ	Dh a k n a sh o h O	native
ঢাকনি	Dh a k n i	native
ঢাকলে	Dh a k l e	native
ঢাকাই	Dh a k a i	native
ঢাকাইয়া	Dh a k a i y a	native
ঢাকাও	Dh a k a O	native
ঢাকাকে	Dh a k a k e	native
ঢাকাকেন্দ্রিক	Dh a k a k e nd ri k	compound
ঢাকাকেন্দ্রিকতা	Dh a k a k e nd o r i k t a	compound
ঢাকাগামি	Dh a k a g a m i	native
ঢাকাতে	Dh a k a t e	native
ঢাকাতেই	Dh a k a t e i	native
ঢাকাতেও	Dh a k a t e O	native
ঢাকাথেকে	Dh a k a th e k e	native
ঢাকাফোন	Dh a k a ph O n	loanword
ঢাকাফোনের	Dh a k a ph O n e r	loanword
ঢাকাবাসি	Dh a k a b a sh i	loanword
ঢাকাবাসিকে	Dh a k a b a sh i k e	loanword
ঢাকাবাসিদের	Dh a k a b a sh i d e r	loanword
ঢাকাবাসির	Dh a k a b a sh i r	loanword
ঢাকাভিত্তিক	Dh a k a bh i tt i k	native
ঢাকামুখি	Dh a k a m u kh i	native
ঢাকামেডিকেল	Dh a k a m e D i k e l	compound
ঢাকার	Dh a k a r	native
ঢাকারই	Dh a k a r o i	native
ঢাকাসহ	Dh a k a sh o h O	native
ঢাকাস্থ	Dh a k a sth O	native
ঢাকায়	Dh a k a y o	native
ঢাকায়ই	Dh a k a y o i	native
ঢাকায়ও	Dh a k a y o O	native
ঢাকি	Dh a k i	native
ঢাকুনি	Dh a k u n i	native
ঢাকুরিয়া	Dh a k u r i a	native
ঢাকে	Dh a k e	native
ঢাকের	Dh a k e r	native
ঢাকেশ্বরি	Dh a k e sh b o r i	tatsama
ঢাকোপাড়া	Dh a k O p a r a	native
ঢাচা	Dh a ch a	native
ঢাট	Dh a T	native
ঢাপা	Dh a p a	native
ঢাবস	Dh a b O sh	native
ঢাবিতে	Dh a b i t e	native
ঢাবির	Dh a b i r	native
ঢামন	Dh a m O n o	native
ঢামেক	Dh a m e k	native
ঢামেকে	Dh a m e k e	native
ঢামেকের	Dh a m e k e r	native
ঢালকা	Dh a l k a	native
ঢালকানগর	Dh a l k a n o g o r	native
ঢালচরে	Dh a l ch o r e	native
ঢালচরের	Dh a l ch o r e r	native
ঢালছি	Dh a l chh i	native
ঢালছে	Dh a l chh e	native
ঢালতে	Dh a l t e	native
ঢালসহ	Dh a l sh o h O	native
ঢালস্বরুপ	Dh a l sh b o r u p o	tatsama
ঢালাই	Dh a l a i	native
ঢালাইয়ের	Dh a l a i y e r	native
ঢালাও	Dh a l a O	native
ঢালাওভাবে	Dh a l a O bh a b e	native
ঢালার	Dh a l a r	native
ঢালারচর	Dh a l a r ch o r	native
ঢালারচরে	Dh a l a r ch o r e	native
ঢালারচরের	Dh a l a r ch o r e r	native
ঢালি	Dh a l i	native
ঢালিউড	Dh a l i u D	proper_noun
ঢালিউডে	Dh a l i u D e	proper_noun
ঢালিউডের	Dh a l i u D e r	proper_noun
ঢালিকান্দি	Dh a l i k a nd i	native
ঢালির	Dh a l i r	native
ঢালু	Dh a l u	native
ঢালুতে	Dh a l u t e	native
ঢালুন	Dh a l u n	native
ঢালেন	Dh a l e n	native
ঢালের	Dh a l e r	native
ঢাহায়	Dh a h a y o	native
ঢিকরানো	Dh i k r a n O	native
ঢিট	Dh i T	native
ঢিঠ	Dh i Th	native
ঢিড	Dh i D	native
ঢিঢি	Dh i Dh i	native
ঢিপ	Dh i p	native
ঢিপুনি	Dh i p u n i	native
ঢিপেশোকা	Dh i p e sh O k a	native
ঢিপ্	Dh i p	native
ঢিবরি	Dh i b r i	native
ঢিবলে	Dh i b l e	native
ঢিবি	Dh i b i	native
ঢিবিকে	Dh i b i k e	native
ঢিবিটির	Dh i b i T i r	native
ঢিবিতে	Dh i b i t e	native
ঢিবির	Dh i b i r	native
ঢিমে	Dh i m e	native
ঢিমেতেতালায়	Dh i m e t e t a l a y o	native
ঢিল	Dh i l	native
ঢিলটি	Dh i l T i	native
ঢিলা	Dh i l a	native
ঢিলে	Dh i l e	native
ঢিলেঢালা	Dh i l e Dh a l a	native
ঢিলেমি	Dh i l e m i	native
ঢিলের	Dh i l e r	native
ঢিশা	Dh i sh a	native
ঢিসুম	Dh i sh u m	native
ঢু	Dh u	native
ঢুইকা	Dh u i k a	native
ঢুক	Dh u k	native
ঢুকছি	Dh u k chh i	native
ঢুকছিল	Dh u k chh i l O	native
ঢুকছিলেন	Dh u k chh i l e n	native
ঢুকছে	Dh u k chh e	native
ঢুকছেন	Dh u k chh e n	native
ঢুকত	Dh u k t	native
ঢুকতে	Dh u k t e	native
ঢুকতেই	Dh u k t e i	native
ঢুকতেও	Dh u k t e O	native
ঢুকব	Dh u k b	native
ঢুকবে	Dh u k b e	native
ঢুকবেন	Dh u k b e n	native
ঢুকল	Dh u k l	native
ঢুকলাম	Dh u k l a m	native
ঢুকলেই	Dh u k l e i	native
ঢুকলেও	Dh u k l e O	native
ঢুকলেন	Dh u k l e n	native
ঢুকলো	Dh u k l O	native
ঢুকানো	Dh u k a n O	native
ঢুকানোর	Dh u k a n O r	native
ঢুকার	Dh u k a r	native
ঢুকায়া	Dh u k a y a	native
ঢুকিয়ে	Dh u k i y e	native
ঢুকিয়েছে	Dh u k i y e chh e	native
ঢুকিয়েছেন	Dh u k i y e chh e n	native
ঢুকে	Dh u k e	native
ঢুকেই	Dh u k e i	native
ঢুকেও	Dh u k e O	native
ঢুকেছি	Dh u k e chh i	native
ঢুকেছিলাম	Dh u k e chh i l a m o	native
ঢুকেছিলেন	Dh u k e chh i l e n	native
ঢুকেছেন	Dh u k e chh e n	native
ঢুন্ঢন	Dh u n Dh o n	native
ঢুপ	Dh u p	native
ঢুপি	Dh u p i	native
ঢুরা	Dh u r a	native
ঢুল	Dh u l	native
ঢুলকি	Dh u l k i	native
ঢুলুঢুলু	Dh u l u Dh u l u	native
ঢুশ	Dh u sh	native
ঢুস	Dh u sh	native
ঢুসুম	Dh u sh u m	native
ঢেউকে	Dh e u k e	native
ঢেউগুলো	Dh e u g u l O	native
ঢেউটিন	Dh e u T i n	native
ঢেউটিনের	Dh e u T i n e r	native
ঢেউয়ে	Dh e u y e	native
ঢেউয়ের	Dh e u y e r	native
ঢেকিতে	Dh e k i t e	native
ঢেকির	Dh e k i r	native
ঢেকুর	Dh e k u r	native
ঢেকে	Dh e k e	native
ঢেকেছে	Dh e k e chh e	native
ঢেটা	Dh e T a	native
ঢেপ	Dh e p	native
ঢেপা	Dh e p a	native
ঢেপুয়া	Dh e p u y a	native
ঢেমনা	Dh A m n a	native
ঢেমনি	Dh e m n i	native
ঢেমসা	Dh e m sh a	native
ঢের	Dh e r	native
ঢেলা	Dh e l a	native
ঢেলে	Dh e l e	native
ঢেলেছে	Dh e l e chh e	native
ঢেলেছেন	Dh e l e chh e n	native
ঢেসা	Dh e sh a	native
ঢেড়	Dh e r	native
ঢেড়া	Dh e r a	native
ঢেড়ি	Dh e r i	native
ঢো	Dh O	native
ঢোউকন	Dh O u k O n	native
ঢোউল	Dh O u l	native
ঢোক	Dh O k	native
ঢোকা	Dh O k a	native
ঢোকাও	Dh O k a O	native
ঢোকাচ্ছে	Dh O k a ch chh e	native
ঢোকান	Dh O k a n	native
ঢোকাবেন	Dh O k a b e n	native
ঢোকামাত্র	Dh O k a m a tr	native
ঢোকামাত্রই	Dh O k a m a tr o i	native
ঢোকালেন	Dh O k a l e n	native
ঢোকায়	Dh O k a y	native
ঢোকে	Dh O k e	native
ঢোকেন	Dh O k e n	native
ঢোকেননি	Dh O k e n n i	native
ঢোপা	Dh O p a	native
ঢোলতা	Dh O l t a	native
ঢোলবাদক	Dh O l b a d o k	native
ঢোলভাংগা	Dh O l bh a ng g a	native
ঢোলা	Dh O l a	native
ঢোলাই	Dh O l a i	native
ঢোলে	Dh O l e	native
ঢোলের	Dh O l e r	native
ঢোসর	Dh O sh o r	native
ঢোসা	Dh O sh a	native
ঢোড়ন	Dh O r O n	native
ঢোড়া	Dh O r a	native
ঢোয়া	Dh O y a	native
ঢ্যাংা	Dh A ng g a	native
ঢ্যাডড়া	Dh A D r a	native
ঢ্যাপসা	Dh A p sh a	native
ঢ্যামনা	Dh A m n a	native
ঢ্যারা	Dh A r a	native
ঢ্যালা	Dh A l a	native
ঢ্যাড়স	Dh A r o sh	native
ঢ্যাড়া	Dh A r a	native
ত	t o	native
তং	t o ng	native
তংখা	t o ng kh a	native
তংলা	t o ng l a	native
তই	t O i	native
তইখন	t O i kh o n	native
তইজস	t O i j O sh	native
তইজসপত্র	t O i j o sh p o tr O	native
তইজসপত্রের	t O i j o sh p o tr e r	native
তইমুর	t O i m u r	native
তইরি	t O i r i	native
তইরিই	t O i r i i	native
তইরিও	t O i r i O	native
তইরিকৃত	t O i r i k ri t O	tatsama
তইরিকে	t O i r i k e	native
তইরিতে	t O i r i t e	native
তইরিতেই	t O i r i t e i	native
তইরিতেও	t O i r i t e O	native
তইরির	t O i r i r	native
তইরিরও	t O i r i r O	native
তইরিসহ	t O i r i sh o h O	native
তইল	t O i l	native
তইলক্ষেত্র	t O i l kh e tr O	tatsama
তইলচিত্র	t O i l O ch i tr O	native
তইলবিজ	t O i l b i j	native
তইলাক্ত	t O i l a kt O	native
তউরেত	t o u r e t	native
তওংগর	t o y O ng g o r	native
তওজা	t o O j a	native
তওত	t o y O t	native
তওফিক	t O u ph i k	native
তওবা	t o u b a	native
তওবার	t o O b a r	native
তওহিদের	t o O h i d e r	native
তওয়াক্কুল	t o O y a k k u l	native
তওয়াফ	t o O y a ph	native
তক	t o k	native
তকছির	t o k o chh i r	native
তকতক	t o k t o k	native
তকমা	t o k m a	native
তকমার	t o k m a r	native
তকরার	t o k r a r	native
তকলি	t O k l i	native
তকল্লুফ	t o k O l l u ph	native
তকাবি	t o k a b i	native
তকাব্বরি	t o k a b b o r i	native
তক্কে	t o k k e	native
তক্কেতক্কে	t o k k e t o k k e	native
তক্ত	t o kt o	native
তক্তা	t o kt a	native
তক্তাগুলো	t o kt a g u l O	native
তক্তার	t o kt a r	native
তক্তি	t O kt i	native
তক্দির	t o k d i r	native
তক্র	t o kr O	native
তক্ষক	t o kkh O k	tatsama
তক্ষকের	t o kkh O k e r	tatsama
তক্ষশিলা	t O kkh O sh i l a	tatsama
তখনই	t o kh O n i	native
তখনও	t o kh O n O	native
তখনকার	t o kh O n k a r	native
তখনি	t o kh O n i	native
তখনো	t o kh O n O	native
তখমা	t o kh m a	native
তগর	t o g o r	native
তছরুপ	t o chh r u p	native
তছরুপের	t o chh o r u p e r	native
তছলিম	t O chh l i m	native
তছু	t O chh u	native
তজকিরা	t O j k i r a	native
তজদি	t o j d i	native
তজদিক	t o j d i k	native
তজুমদ্দিন	t O j u m O d d i n	native
তজুমদ্দিনে	t o j u m o d d i n e	native
তজুমদ্দিনের	t o j u m o d d i n e r	native
তজ্জনিত	t o j j O n i t O	native
তজ্জন্য	t o j j O n n O	native
তজ্জাত	t o j j a t O	native
তঞ্চ	t o nch O	tatsama
তঞ্চংগ্যারা	t o n ch o ng g a r a	tatsama
তঞ্চক	t o nch o k	tatsama
তঞ্জেব	t o nj e b	tatsama
তট	t o T	native
তটরেখা	t o T r e kh a	native
তটাঘাত	t o T a gh a t	native
তটান্ত	t o T a nt O	native
তটারুড়	t o T a r u r O	native
তটি	t O T i	native
তটিনি	t O T i n i	native
তড়িত-পরিমাপক	t O r i t p O r i m a p O k	compound
তড়িৎ	t O r i t	native
ততঃ	t o t O h	tatsama
ততকাল	t o t o k a l	native
ততক্ষন	t o t O kkh O n	tatsama
ততক্ষনই	t o t O kkh o n i	tatsama
ততক্ষনে	t o t O kkh o n e	tatsama
ততখানি	t o t O kh a n i	native
ততগুলো	t o t O g u l O	native
ততটাই	t o t O T a i	native
ততটি	t o t O T i	native
ততটুকুই	t o t O T u k u i	native
ততদিন	t o t O d i n	native
ততদিনে	t o t O d i n e	native
ততদুর	t o t O d u r o	native
ততধিক	t o t O dh i k o	native
ততবার	t o t O b a r	native
ততবারই	t o t O b a r o i	native
ততি	t o t i	native
ততেক	t o t e k	native
ততোই	t o t O i	native
ততোদিন	t o t O d i n	native
ততোধিক	t o t O dh i k	native
তত্কালিন	t o t k a l i n	native
তত্কালে	t o t k a l e	native
তত্ক্ষনাত্	t o t kh o n a t	tatsama
তত্তুল্য	t o tt u l l O	native
তত্ত্বও	t o t t O O	tatsama
তত্ত্বকথা	t o t t O k o th a	tatsama
তত্ত্বকে	t o t t O k e	tatsama
তত্ত্বগত	t o t t O g o t O	tatsama
তত্ত্বগতভাবে	t o t t O g o t O bh a b e	tatsama
তত্ত্বগুলো	t o t t O g u l O	tatsama
তত্ত্বটা	t o t t O T a	tatsama
তত্ত্বটি	t o t t O T i	tatsama
তত্ত্ববধায়ক	t o t t a b o dh a y o k	tatsama
তত্ত্ববিদেরা	t o t t O b i d e r a	tatsama
তত্ত্বানুসন্ধান	t o t t a n u sh o ndh a n	tatsama
তত্ত্বাবধান	t o t t a b o dh a n	tatsama
তত্ত্বাবধানকারি	t o t t a b o dh a n k a r i	tatsama
তত্ত্বাবধানেই	t o t t a b o dh a n e i	tatsama
তত্ত্বাবধানের	t o t t a b o dh a n e r	tatsama
তত্ত্বাবধারক	t o t t a b o dh a r O k	tatsama
তত্ত্বাবধারন	t o t t a b o dh a r o n	tatsama
তত্ত্বাবধায়ক	t o t t a b o dh a y O k	tatsama
তত্ত্বাবধায়ককে	t o tt a b o dh a y o k	tatsama
তত্ত্বাবধায়কদের	t o t t a b o dh a y o k d e r	tatsama
তত্ত্বাবধায়কব্যবস্থা	t o tt a b o dh a y o k b A b O sth a	tatsama
তত্ত্বাবধায়কব্যবস্থার	t o tt a b o dh a y o k b A b O sth a r	tatsama
তত্ত্বাবধায়কসহ	t o t t a b o dh a y o k sh o h O	tatsama
তত্ত্বাবধায়কের	t o t t a b o dh a y o k e r	tatsama
তত্ত্বাবধায়নে	t o t t a b o dh a y o n e	tatsama
তত্ত্বাবোধ	t o t t a b O dh	tatsama
তত্ত্বার্থ	t o t t a r th O	tatsama
তত্ত্বালোচনা	t o t t a l O ch o n a	tatsama
তত্ত্বিয়	t O t t i y O	tatsama
তত্ত্বিয়ভাবে	t o t t i y o bh a b e	tatsama
তত্ত্বে	t o t t e	tatsama
তত্পর	t o t p o r	native
তত্পরতা	t o t p o r O t a	native
তত্পরতার	t o t p o r o t a r	native
তত্পরতায়	t o t p o r o t a y o	native
তত্ব	t o tt O	tatsama
তত্বাবধানে	t o tt a b o dh a n e	tatsama
তত্র	t o tr O	native
তত্রাচ	t o tr a ch O	native
তত্রাপি	t o tr a p i	native
তত্সংলগ্ন	t o t sh o ng l o g n O	native
তত্সম	t o t sh o m O	native
তত্সহ	t o t sh o h O	native
তথইবচ	t o th O i b o ch O	native
তথাকথিত	t o th a k O th i t O	native
তথাগত	t o th a g o t O	native
তথাপি	t o th a p i	native
তথাপিও	t o th a p i O	native
তথাস্তু	t o th a st u	native
তথি	t O th i	native
তথোইব	t o th O i b O	native
তথোইবচ	t o th O i b o ch	native
তথ্যই	t O t th O i	native
তথ্যও	t O t th O O	native
তথ্যকনিকা	t o t th O k o n i k a	native
তথ্যকেন্দ্র	t O t th O k e ndr O	native
তথ্যকেন্দ্রে	t O t th O k e ndr e	native
তথ্যকেন্দ্রের	t o t th O k e ndr e r	compound
তথ্যকোশ	t O t th O k O sh	native
তথ্যকোশে	t O t th O k O sh e	native
তথ্যকোশের	t o t th O k O sh e r	native
তথ্যগত	t O t th o g O t O	native
তথ্যগুলো	t O t th O g u l O	native
তথ্যগুলোকে	t o t th O g u l O k e	native
তথ্যগুলোর	t o t th O g u l O r	native
তথ্যচিত্র	t O t th O ch i tr O	native
তথ্যচিত্রও	t o t th O ch i tr O O	native
তথ্যচিত্রগুলো	t o t th O ch i tr O g u l O	compound
তথ্যচিত্রটি	t O t th O ch i tr O T i	native
তথ্যচিত্রটির	t o t th O ch i tr O T i r o	native
তথ্যচিত্রে	t O t th O ch i tr e	native
তথ্যচিত্রের	t o t th O ch i tr e r	native
তথ্যছক	t o t th o chh o k	native
তথ্যটা	t O t th O T a	native
তথ্যটিও	t o t th O T i O	native
তথ্যদাতার	t o t th O d a t a r	native
তথ্যনির্ভর	t O t th O n i r bh o r	native
তথ্যপদ্ধতি	t o t th O p o d dh O t i	tatsama
তথ্যপুর্ন	t O t th O p u r n O	native
তথ্যপ্রজুক্তি	t O t th O pr O j u kt i	compound
তথ্যপ্রজুক্তিকে	t o t th O pr o j u kt i k e	compound
তথ্যপ্রজুক্তিকেন্দ্র	t o t th O pr o j u kt i k e ndr o	compound
তথ্যপ্রজুক্তিগত	t o t th O pr o j u kt i g o t o	compound
তথ্যপ্রজুক্তিতে	t O t th O pr O j u kt i t e	compound
তথ্যপ্রজুক্তিনির্ভর	t O t th O pr O j u kt i n i r bh o r	compound
তথ্যপ্রজুক্তিবিদ	t o t th O pr O j u kt i b i d	compound
তথ্যপ্রজুক্তিবিদদের	t o t th O pr o j u kt i b i d d e r	compound
তথ্যপ্রজুক্তিবিশয়ক	t o t th O pr o j u kt i b i sh o y o k	compound
তথ্যপ্রজুক্তিভিত্তিক	t o t th O pr o j u kt i bh i tt i k	compound
তথ্যপ্রজুক্তিমন্ত্রি	t o t th O pr o j u kt i m o nt ri	compound
তথ্যপ্রজুক্তির	t O t th O pr O j u kt i r	compound
তথ্যপ্রজুক্তিশিল	t o t th O pr o j u kt i sh i l	compound
তথ্যপ্রজুক্তিশিল্পের	t o t th O pr o j u kt i sh i l p e r	compound
তথ্যপ্রজুক্তিসংক্রান্ত	t o t th O pr o j u kt i sh o ng kr a nt o	compound
তথ্যপ্রজুক্তিসমৃদ্ধ	t o t th O pr o j u kt i sh o m r i d dh O	tatsama
তথ্যপ্রজুক্তিসহ	t o t th O pr o j u kt i sh o h O	compound
তথ্যপ্রজুক্তিসেবা	t o t th O pr o j u kt i sh e b a	compound
তথ্যপ্রবাহ	t o t th O pr o b a h o	native
তথ্যপ্রবাহে	t o t th O pr o b a h e	native
তথ্যপ্রবাহের	t o t th O pr o b a h e r	native
তথ্যপ্রমান	t O t th O pr O m a n	native
তথ্যপ্রমানও	t o t th O pr o m a n O	native
তথ্যপ্রমানসহ	t o t th O pr o m a n sh o h O	native
তথ্যপ্রমানে	t o t th O pr o m a n e	native
তথ্যপ্রমানের	t o t th O pr o m a n e r	native
তথ্যপ্রাপ্তির	t o t th O pr a p t i r	compound
তথ্যপ্রার্থি	t o t th O pr a r th i	native
তথ্যবহুল	t o t th O b O h u l	native
তথ্যবিজ্ঞান	t o t th O b i g g A n	tatsama
তথ্যবিনিময়	t o t th O b i n i m o y o	native
তথ্যবিবরনি	t o t th O b i b o r o n i	native
তথ্যবিবরনিতে	t o t th O b i b o r o n i t e	native
তথ্যবিভ্রাট	t o t th O b i bh r a T	native
তথ্যবিশয়ক	t o t th O b i sh o y o k	native
তথ্যব্যবস্থা	t o t th O b A b O sth a	native
তথ্যব্যবস্থার	t o t th O b A b O sth a r	compound
তথ্যব্যাংক	t o t th O b A ng k	loanword
তথ্যভান্ডার	t O t th O bh a n D a r	native
তথ্যভান্ডারে	t o t th O bh a n D a r e	native
তথ্যভান্ডারের	t o t th O bh a n D a r e r	compound
তথ্যমতে	t O t th O m o t e	native
তথ্যমন্ত্রি	t O t th O m o n t r i	native
তথ্যমন্ত্রিকে	t O t th O m o n t r i k e	compound
তথ্যমন্ত্রির	t O t th O m o n t r i r	native
তথ্যমাধ্যম	t o t th O m a dh j o m	native
তথ্যমাধ্যমের	t o t th O m a dh j o m e r	native
তথ্যমুলক	t o t th O m u l o k	native
তথ্যসংক্রান্ত	t o t th O sh o ng kr a nt o	compound
তথ্যসংগ্রহ	t o t th O sh o ng gr o h o	native
তথ্যসংবলিত	t O t th O sh o ng b O l i t O	native
তথ্যসচিব	t O t th O sh O ch i b	native
তথ্যসচিবের	t o t th O sh o ch i b e r	native
তথ্যসন্ত্রাস	t o t th O sh o n t r a sh	native
তথ্যসমাজ	t o t th O sh o m a j	native
তথ্যসমৃদ্ধ	t o t th O sh o m r i d dh o	tatsama
তথ্যসহ	t o t th O sh o h O	native
তথ্যসুত্র	t O t th O sh u tr O	native
তথ্যসুবিধা	t o t th O sh u b i dh a	native
তথ্যসেবা	t O t th O sh e b a	native
তথ্যসেবাকেন্দ্র	t o t th O sh e b a k e ndr o	compound
তথ্যসেবাকেন্দ্রে	t o t th O sh e b a k e ndr e	compound
তথ্যসেবাকেন্দ্রের	t o t th O sh e b a k e ndr e r	compound
তথ্যসেবার	t o t th O sh e b a r	native
তথ্যাদিও	t o t th A d i O	native
তথ্যানুজায়ি	t o t th A n u j a y i	native
তথ্যানুসন্ধান	t O t th a n u sh o ndh a n	compound
তথ্যানুসারে	t O t th a n u sh a r e	native
তথ্যাবলি	t O t th a b O l i	native
তথ্যাবলির	t o t th A b o l i r	native
তথ্যাভিজ্ঞ	t o t th a bh i g g O	tatsama
তথ্যেও	t o t th e O	native
তদতিরিক্ত	t o d O t i r i kt O	native
তদনন্তর	t o d o n o nt o r	native
তদনুজায়ি	t o d O n u j a y i	native
তদনুরুপ	t o d O n u r u p o	native
তদন্তই	t o d O nt O i	native
তদন্তও	t o d O nt O	native
তদন্তকাজ	t o d o nt o k a j	native
তদন্তকাজে	t o d o nt o k a j e	native
তদন্তকাজের	t o d o nt o k a j e r	native
তদন্তকারি	t o d O nt O k a r i	native
তদন্তকারিদের	t o d O nt O k a r i d e r	native
তদন্তকারিরা	t o d O nt O k a r i r a	native
তদন্তকালে	t o d O nt O k a l e	native
তদন্তকে	t o d o nt o k e	native
তদন্তকেন্দ্রের	t o d o nt o k e ndr e r	compound
তদন্তদলের	t o d o nt o d o l e r	native
তদন্তনাধিন	t o d o nt o n a dh i n	native
তদন্তপুর্বক	t o d O nt O p u r b O k	native
তদন্তভার	t o d O nt O bh a r	native
তদন্তসংক্রান্ত	t o d o nt o sh o ng kr a nt o	compound
তদন্তসংশ্লিশ্ট	t o d O nt O sh o ng sh l i sh T O	compound
তদন্তসহ	t o d o nt o sh o h O	native
তদন্তসাপেক্ষ	t o d o nt o sh a p e kkh o	tatsama
তদন্তসাপেক্ষে	t o d o nt o sh a p e kkh e	tatsama
তদন্তাধিন	t o d O nt a dh i n	native
তদন্তেই	t o d O nt e i	native
তদন্তেও	t o d O nt e O	native
তদন্তের	t o d O nt e r	native
তদন্তেরও	t o d o nt e r O	native
তদন্ত–তদারক	t o d O nt O t o d a r o k	native
তদন্য	t o d O n n O	native
তদবধি	t o d O b O dh i	native
তদবস্থ	t o d O b o sth O	native
তদবির	t O d b i r	native
তদবিরও	t O d b i r O	native
তদবিরকারি	t o d b i r k a r i	native
তদবিরকারিদের	t o d b i r k a r i d e r	native
তদবিরে	t O d b i r e	native
তদর্থ	t o d o r th O	native
তদর্থক	t o d o r th o k	native
তদর্পন	t o d o r p o n	native
তদসংলগ্ন	t o d o sh o ng l o g n o	native
তদা	t o d a	native
তদাত্মা	t o d a t t a	native
তদানিং	t o d a n i ng	native
তদানিন্তন	t o d a n i nt o n	native
তদারক	t o d a r o k	native
তদারককারি	t o d a r O k k a r i	native
তদারকিও	t o d a r o k i O	native
তদারকিতে	t o d a r O k i t e	native
তদারকির	t o d a r O k i r	native
তদারকিসহ	t o d a r o k i sh o h O	native
তদারকে	t o d a r o k e	native
তদারকের	t o d a r o k e r	native
তদিক	t o d i k	native
তদিয়	t o d i y O	native
তদুত্তরে	t o d u tt o r e	native
তদুপলক্ষে	t o d u p O l O kkh e	tatsama
তদুর্ধ্ব	t o d u r dh O	tatsama
তদেক	t o d e k O	native
তদের	t o d e r	native
তদ্	t o d	native
তদ্গত	t o d g o t O	native
তদ্দন্ডে	t o d d o n D e	native
তদ্দরুন	t o d d O r u n	native
তদ্দর্শনে	t o d d o r sh o n e	native
তদ্দিন	t o d d i n	native
তদ্দ্বারা	t o d d a r a	native
তদ্ধিত	t o d dh i t	tatsama
তদ্ধেতু	t o d dh e t	tatsama
তদ্বিধ	t o d b i dh O	native
তদ্বির	t O d b i r	native
তদ্বিশয়ক	d b i sh o y O k	native
তদ্বৎ	t o d b o	native
তদ্ভব	t o d bh o b	native
তদ্ভাব	t o d bh a b	native
তদ্ভিন্ন	t o d bh i nn O	native
তদ্রুপ	t o d r u p	native
তন	t o n	native
তনজিহি	t o n j i h i	native
তনাদি	t o n a d i	native
তনিমা	t O n i m a	native
তনু	t O n u	native
তনুজা	t O n u j a	native
তনুজার	t O n u j a r	native
তনুময়	t o n u m o y o	native
তনুশ্রি	t o n u sh r i	native
তন্ডক	t o n D O k	native
তন্ডা	t o n D a	native
তন্ডি	t O n D i	native
তন্ডুল	t O n D u l	native
তন্তু	t O nt u	native
তন্ত্র	t o n t r O	native
তন্ত্রাবাপ	t o n t r a b a p	native
তন্ত্রি	t O n t r i	native
তন্ত্রিতে	t o n t r i t e	native
তন্দুর	t O nd u r	native
তন্দুরস্ত	t O nd u r o st	native
তন্দুরস্তি	t o nd u r st i	native
তন্দুরি	t O nd u r i	native
তন্দুরে	t o nd u r e	native
তন্দ্রার	t o ndr a r	native
তন্ন	t o nn O	native
তন্নতন্ন	t o nn O t o nn O	native
তন্নিবন্ধন	t o nn i b o ndh o n	tatsama
তন্বংগি	t o n n o ng g i	native
তন্বি	t O n n i	native
তন্বির	t O n n i r	native
তন্মধ্যে	t o n m O d dh e	native
তন্মন	t o n m o n	native
তন্মাত্র	t o n m a tr O	native
তন্ময়	t o n m o y	native
তন্ময়ের	t o n m o y e r	native
তনয়	t o n o y o	native
তনয়া	t o n o y a	native
তপ	t o p O	native
তপতি	t o p O t i	native
তপন	t o p O n	native
তপনকুমার	t o p o n k u m a r	native
তপনকে	t o p o n k e	native
তপনিয়	t o p O n i y O	native
তপনের	t o p O n e r	native
তপসি	t o p o sh i	native
তপসিল	t o p sh i l	native
তপসে	t o p sh e	native
তপস্বি	t o p O sh i	tatsama
তপাত্যয়	t o p a t t o y	native
তপাস	t o p a sh	native
তপু	t O p u	native
তপুকে	t o p u k e	native
তপুর	t O p u r	native
তপোধন	t o p O dh o n	native
তপোবন	t o p O b o n	native
তপোবল	t o p O b o l	native
তপোভংগ	t o p O bh o ng g O	native
তপোমুর্তি	t o p O m u r t i	native
তপোময়	t o p O m o y	native
তপোলক	t o p O l O k	native
তপ্ত	t o p t O	native
তপ্তপোশ;	t o p t O p O sh	native
তফরা	t o ph r a	native
তফশিল	t o ph sh i l	native
তফশিলি	t o ph sh i l i	native
তফসির	t o ph sh i r	native
তফসিল	t O ph sh i l	native
তফসিলভুক্ত	t O ph sh i l bh u kt O	native
তফসিলি	t o ph sh i l i	native
তফসিলে	t O ph sh i l e	native
তফসিলের	t o ph sh i l e r	native
তফাজ্জল	t O ph a j j O l	native
তফাত	t o ph a t	native
তফাতটা	t o ph a t T a	native
তফাতে	t o ph a t e	native
তফাত্	t o ph a t	native
তফাৎ	t o ph a t	native
তফিজ	t o ph i j	native
তফিল	t o ph i l	native
তফু	t o ph u	native
তব	t o b O	native
তবক	t o b O k	native
তবধরি	t o b o dh O r i	native
তবন	t o b O n	native
তবল	t o b O l	native
তবলাবাদক	t o b l a b a d o k	native
তবলার	t o b l a r	native
তবলায়	t o b l a y o	native
তবলিয়া	t o b l i y a	native
তবল্লক	t o b o l l o k	native
তবাদি	t o b a d i	native
তবারক	t o b a r o k	native
তবাহি	t o b a h i	native
তবিব	t o b i b	native
তবিবর	t o b i b o r	native
তবিবুর	t o b i b u r	native
তবিল	t o b i l	native
তবিয়তে	t o b i y o t e	native
তবিয়তেই	t o b i y o t e i	native
তবু	t O b u	native
তবে	t o b e	native
তবেই	t o b e i	native
তমদ্দুন	t O m O d d u n	native
তমবিহ	t o m b i h	native
তমরদ্দি	t o m o r o d d i	native
তমরুদ্দিন	t o m o r u d d i n	native
তমস	t o m O sh	native
তমসা	t o m O sh a	native
তমসাচ্ছন্ন	t o m o sh a ch chh o nn O	native
তমসুক	t o m o sh u k	native
তমস্ত্রস্নু	t o m O sh o tr O sn u	native
তমস্বি	t o m O sh sh i	tatsama
তমস্বিনি	t o m O sh sh i n i	tatsama
তমাকে	t o m a k e	native
তমাদি	t o m a d i	native
তমাম	t o m a m	native
তমার	t o m a r	native
তমালতলা	t o m a l t o l a	native
তমালিকা	t o m a l i k a	native
তমালের	t o m a l e r	native
তমি	t o m i	native
তমিজ	t a m i j	native
তমিজউদ্দিন	t O m i j u d d i n	native
তমিস্র	t O m i sh r O	native
তমু	t O m u	native
তমুক	t O m u k	native
তমোগুন	t o m O g u n	native
তমোমনি	t o m O m O n i	native
তমোহর	t o m O h o r	native
তমোহরের	t o m O h o r e r	native
তমোহা	t o m O h a	native
তম্বু	t o mb u	native
তর	t o r O	native
তরংগ	t o r o ng g o	native
তরংগদোইর্ঘ্য	t o r o ng g o d O i r gh o	native
তরংগদোইর্ঘ্যের	t o r o ng g o d O i r gh e r	compound
তরংগায়িত	t o r o ng g a y i t o	native
তরংগে	t o r o ng g e	native
তরংগের	t o r o ng g e r	native
তরং্গ	t o r O ng g O	native
তরইতে	t o r o i t e	native
তরক	t o r k	native
তরকারিতে	t o r k a r i t e	native
তরকারির	t o r k a r i r	native
তরকে	t o r k e	native
তরজমা	t o r j O m a	native
তরতফাত	t o r t o ph a t	native
তরতর	t o r t o r	native
তরতাজা	t o r t a j a	native
তরন	t O r O n	native
তরনি	t o r o n i	native
তরপত	t o r p o t	native
তরপদি	t o r p O d i	native
তরপন্য	t o r o p o n n o	native
তরফ	t o r O ph	native
তরফদার	t o r O ph d a r	native
তরফদারকে	t o r o ph d a r k e	native
তরফদারের	t o r o ph d a r e r	native
তরফা	t o r ph a	native
তরফে	t o r o ph e	native
তরফেই	t o r o ph e i	native
তরফেও	t o r o ph e O	native
তরফের	t o r o ph e r	native
তরবারি	t o r O b a r i	native
তরবারির	t o r O b a r i r	native
তরমুজখেত	t o r m u j	native
তরমুজচাশি	t o r m u j ch a sh i	native
তরমুজে	t O r m u j e	native
তরমুজের	t O r m u j e r	native
তরল	t o r O l	native
তরলং	t o r l o ng	native
তরলিকৃত	t o r o l i k r i t o	tatsama
তরলে	t o r O l e	native
তরলের	t o r O l e r	native
তরশু	t O r o sh u	native
তরসা	t o r sh a	native
তরসি	t o r o sh i	native
তরস্ত	t o r O st O	native
তরস্থান	t o r sth a n	native
তরা	t o r a	native
তরাই	t O r a i	native
তরানা	t o r a n a	native
তরানো	t o r a n O	native
তরান্বিত	t o r a n n i t O	native
তরাশ	t o r a sh	native
তরাস	t o r a sh	native
তরি	t O r i	native
তরিক	t O r i k	native
তরিকত	t O r i k o t	native
তরিকা	t O r i k a	native
তরিকার	t o r i k a r	native
তরিকায়	t o r i k a y o	native
তরিকুল	t O r i k u l	native
তরিকুলের	t O r i k u l e r	native
তরিত	t O r i t O	native
তরিতরকারি	t O r i t o r k a r i	native
তরিতরকারির	t o r i t o r k a r i r	native
তরিতে	t o r i t e	native
তরিত্র	t O r i tr O	native
তরিবৎ	t o r i b o t	native
তরির	t o r i r	native
তরু	t O r u	native
তরুই	t o r u i	native
তরুট	t O r u T	native
তরুন	t O r u n	native
তরুনই	t O r u n i	native
তরুনও	t o r u n O	native
তরুনকে	t O r u n k e	native
তরুনকেও	t o r u n k e O	native
তরুনটি	t O r u n T i	native
তরুনটিকে	t o r u n T i k e	native
তরুনটির	t o r u n T i r	native
তরুনতর	t O r u n t o r O	native
তরুনদের	t O r u n d e r	native
তরুনদেরই	t o r u n d e r i	native
তরুনদেরও	t O r u n d e r O	native
তরুনরা	t O r u n r a	native
তরুনরাই	t O r u n r a i	native
তরুনরাও	t O r u n r a O	native
তরুনসমাজ	t O r u n sh o m a j	native
তরুনসমাজকে	t O r u n sh o m a j k e	native
তরুনসমাজের	t o r u n sh o m a j e r	native
তরুনি	t O r u n i	native
তরুনিই	t O r u n i i	native
তরুনিকে	t O r u n i k e	native
তরুনিটি	t O r u n i T i	native
তরুনিটির	t o r u n i T i r	native
তরুনিদের	t O r u n i d e r	native
তরুনির	t O r u n i r	native
তরুনিরা	t O r u n i r a	native
তরুনিরাই	t O r u n i r a i	native
তরুনিরাও	t O r u n i r a O	native
তরুনিসহ	t O r u n i sh o h O	native
তরুনের	t O r u n e r	native
তরুনেরা	t O r u n e r a	native
তরুনেরাই	t O r u n e r a i	native
তরুনেরাও	t O r u n e r a O	native
তরুপল্লব	t o r u p o l l o b	native
তরুর	t O r u r	native
তরুলতা	t O r u l o t a	native
তরুলিয়া	t o r u l i y a	native
তরে	t o r e	native
তরোয়াল	t o r O y a l	native
তর্ক	t o r k O	native
তর্কজুদ্ধ	t o r k o j u d dh o	tatsama
তর্কজুদ্ধে	t o r k o j u d dh e	tatsama
তর্কজুদ্ধের	t o r k o j u d dh e r	tatsama
তর্কবাগিশ	t o r k O b a g i sh	native
তর্কবিতর্কে	t o r k o b i t o r k e	native
তর্কবিতর্কের	t o r k o b i t o r k e r	native
তর্কাতর্কি	t o r k a t O r k i	native
তর্কাতর্কিও	t o r k a t o r k i O	native
তর্কাতর্কির	t o r k a t O r k i r	native
তর্কিত	t o r k i t o	native
তর্কু	t O r k u	native
তর্কের	t o r k e r	native
তর্ক্ষু	t o r kkh u	tatsama
তর্জন	t o r j O n	native
তর্জনি	t o r j o n i	native
তর্জনিতে	t o r j o n i t e	native
তর্জনির	t o r j o n i r	native
তর্জমা	t o r j O m a	native
তর্জমান	t o r j O m a n o	native
তর্জা	t o r j a	native
তর্জিত	t O r j i t O	native
তর্তিব	t o r t i b	native
তর্পন	t o r p O n	native
তর্পি	t O r p i	native
তর–জল	j o r j o l	native
তর–তম	t o r O t o m O	native
তল	t o l	native
তলওয়ার	t o l O y a r	native
তলক	t o l O k	native
তলগুলো	t o l g u l O	native
তলতল	t o l t o l	native
তলত্র	t o l O tr O	native
তলদেশে	t o l O d e sh e	native
তলব	t o l O b	native
তলবানা	t o l b a n a	native
তলবের	t o l O b e r	native
তলস্তয়	t o l o st o y o	native
তলস্তয়ের	t o l o st o y e r	native
তলা	t o l a	native
তলাইয়া	t o l a i y a	native
তলাইয়্যা	t o l a i y a	native
তলাও	t o l a O	native
তলাগুলো	t o l a g u l O	native
তলাগুলোর	t o l a g u l O r	native
তলাটি	t o l a T i	native
তলাতল	t o l a t o l	native
তলানিতে	t o l a n i t e	native
তলানির	t o l a n i r	native
তলানো	t o l a n O	native
তলাপাত্র	t o l a p a tr O	native
তলাবিশিশ্ট	t o l a b i sh i sh T O	native
তলাবিহিন	t o l a b i h i n	native
তলাভিঘাত	t o l a bh i gh a t	native
তলার	t o l a r	native
তলায়	t o l a y o	native
তলায়ও	t o l a y o O	native
তলিত	t O l i t O	native
তলিয়ে	t o l i y e	native
তলে	t o l e	native
তলোয়ার	t o l O y a r	native
তলোয়ারহিন	t o l O y a r h i n	native
তলোয়ারের	t o l O y a r e r	native
তল্প	t o l p O	native
তল্পিবাহক	t O l p i b a h O k	native
তল্ল	t o l l O	native
তল্লাক	t o l l a k	native
তল্লাটে	t o l l a T e	native
তল্লাবাশ	t o l l a b a sh	native
তল্লাশি	t o l l a sh i	native
তল্লাশিচোউকি	t o l l a sh i ch O u k i	native
তল্লাশিতে	t o l l a sh i t e	native
তল্লাশির	t o l l a sh i r	native
তল্লাসি	t o l l a sh i	native
তল্লিকা	t O l l i k a	native
তশলা	t o sh l a	native
তশাহ্হুদ	t o sh a h h u d	native
তশ্ট	t o sh T O	native
তসনস	t o sh n o sh	native
তসবি	t O sh b i	native
তসর	t o sh O r	native
তসরিফ	t o sh r i ph	native
তসরিফা	t O sh r i ph a	native
তসরের	t o sh O r e r	native
তসলা	t o sh l a	native
তসলিমা	t O sh l i m a	native
তসলিমাকে	t O sh l i m a k e	native
তসলিমার	t O sh l i m a r	native
তসিকুল	t o sh i k u l	native
তসিকুলের	t o sh i k u l e r	native
তসিল	t o sh i l	native
তস্কর	t o s k o r	loanword
তস্ত	t o st O	native
তস্য	t o sh sh O	native
তহ	t o h	native
তহন	t o h O n	native
তহবন্দ	t o h b o nd	native
তহবিল	t o h O b i l	native
তহবিলও	t o h O b i l O	native
তহবিলটা	t o h o b i l T a	native
তহবিলটি	t o h o b i l T i	native
তহবিলটিতে	t o h o b i l T i t e	native
তহবিলটির	t o h o b i l T i r	native
তহবিলসহ	t o h o b i l sh o h O	native
তহমিনা	t o h o m i n a	native
তহশিল	t o h O sh i l	native
তহশিলদার	t o h O sh i l d a r	native
তহশিলা	t o h o sh i l a	native
তহিদুল	t o h i d u l	native
তহু	t o h u	native
তহুরা	t O h u r a	native
তহুরাকে	t o h u r a k e	native
তহুরার	t o h u r a r	native
তহুরা–শরাব	t O h u r a sh o r a b	native
তহুরি	t o h u r i	native
তহুস	t o h u sh	native
তাং	t a ng	native
তাংড়ানো	t a ng r a n O	native
তাআলা	t a a l a	native
তাআলার	t a a l a r	native
তাইওয়ান	t a i O a n	native
তাইওয়ানকে	t a i O y a n k e	native
তাইওয়ানভিত্তিক	t a i O y a n bh i tt i k	compound
তাইওয়ানি	t a i O y a n i	native
তাইওয়ানে	t a i O y a n e	native
তাইওয়ানের	t a i O a n e r	native
তাইজুল	t a i j u l	native
তাইজুলকে	t a i j u l k e	native
তাইজুলের	t a i j u l e r	native
তাইজ্জব	t a i j j o b	native
তাইতো	t a i t O	native
তাইদ	t a i d	native
তাইদাদ	t a i d a d o	native
তাইপ	t a i p	native
তাইপে	t a i p e	native
তাইপেতে	t a i p e t e	native
তাইপের	t a i p e r	native
তাইমুর	t a i m u r	native
তাইমোশেংকো	t a i m O sh e ng k O	native
তাইলে	t a i l e	native
তাইয়িপ	t a i y i p	native
তাইয়ুং	t a i y u ng	native
তাইয়েপ	t a i y e p	native
তাইয়েবা	t a i y e b a	native
তাইয়েবাকে	t a i y e b a k e	native
তাইয়েবার	t a i y e b a r	native
তাইয়েবাসহ	t a i y e b a sh o h O	loanword
তাইয়্যেব	t a i y e b	native
তাইয়্যেবার	t a i y e b a r	native
তাউত	t a u t	native
তাও	t a O	native
তাওই	t a O i	native
তাওক্কাল	t a O k k a l	native
তাওফিক	t a O ph i k	native
তাওবা	t a O b a	native
তাওরাত	t a O r a t	native
তাওহিদ	t a O h i d	native
তাওহিদা	t a O h i d a	native
তাওহিদের	t a O h i d e r	native
তাওয়া	t a O y a	native
তাওয়াককুল	t a O y a k k u l	native
তাওয়াক্কুল	t a O y a k k u l	native
তাওয়াফ	t a O y a ph	native
তাওয়ার	t a O y a r	native
তাওয়ায়	t a O y a y o	native
তাওয়ের	t a O y e r	native
তাক	t a k	native
তাকওয়া	t a k O y a	native
তাকওয়াভিত্তিক	t a k O y a bh i tt i k	compound
তাকওয়ার	t a k O y a r	native
তাকত	t a k o t	native
তাকদ	t a k o d	native
তাকদির	t a k d i r	native
তাকদুম	t a k d u m	native
তাকবির	t a k b i r	native
তাকবিরে	t a k b i r e	native
তাকসিন	t a k sh i n	native
তাকসিম	t a k sh i m	native
তাকাই	t a k a i	native
তাকাইনি	t a k a i n i	native
তাকাচ্ছি	t a k a ch chh i	native
তাকাচ্ছিল	t a k a ch chh i l o	native
তাকাচ্ছিলেন	t a k a ch chh i l e n	native
তাকাত	t a k a t O	native
তাকাতে	t a k a t e	native
তাকাতেই	t a k a t e i	native
তাকাতেন	t a k a t e n	native
তাকাদা	t a k a d a	native
তাকান	t a k a n	native
তাকাননি	t a k a n n i	native
তাকানোটা	t a k a n O T a	loanword
তাকানোতে	t a k a n O t e	native
তাকাফুল	t a k a ph u l	native
তাকাব	t a k a b O	native
তাকাবে	t a k a b e	native
তাকাব্বুরি	t a k a b b u r i	native
তাকাল	t a k a l O	native
তাকালাম	t a k a l a m	native
তাকালেই	t a k a l e i	native
তাকালেও	t a k a l e O	native
তাকালেন	t a k a l e n	native
তাকাশি	t a k a sh i	native
তাকায়	t a k a y	native
তাকায়নি	t a k a y n i	native
তাকিয়া	t a k i y a	native
তাকিয়ে	t a k i y e	native
তাকিয়েই	t a k i y e i	native
তাকিয়েছিল	t a k i y e chh i l o	native
তাকিয়েছিলাম	t a k i y e chh i l a m	native
তাকিয়েছিলেন	t a k i y e chh i l e n	native
তাকিয়েছে	t a k i y e chh e	native
তাকিয়েছেন	t a k i y e chh e n	native
তাকে	t a k e	native
তাকেই	t a k e i	native
তাকেও	t a k e O	native
তাকের	t a k e r	native
তাকেশি	t a k e sh i	native
তাকেসহ	t a k e sh o h O	native
তাকেসি	t a k e s i	proper_noun
তাকো	t a k O	native
তাখার	t a kh a r	native
তাখাল্লুস	t a kh a l l u sh o	native
তাগত	t a g o t	native
তাগবাগ	t a g b a g	native
তাগাদা	t a g a d a	native
তাগাদাপত্র	t a g a d a p o tr O	native
তাগারি	t a g a r i	native
তাগি	t a g i	native
তাগিদ	t a g i d	native
তাগিদই	t a g i d i	native
তাগিদও	t a g i d O	native
তাগিদটা	t a g i d T a	native
তাগিদে	t a g i d e	native
তাগিদেই	t a g i d e i	native
তাগিদের	t a g i d e r	native
তাগে	t a g e	native
তাগো	t a g O	native
তাচ্ছল্য	t a ch chh o l l o	native
তাচ্ছিল্য	t a ch chh i l l O	native
তাচ্ছিল্যভরে	t a ch chh i l l O bh o r e	native
তাচ্ছিল্যের	t a ch chh i l l e r	native
তাছলিমা	t a chh l i m a	native
তাছাওফ	t a chh a O ph	native
তাছাড়া	t a chh a r a	native
তাছের	t a chh e r	native
তাজ	t a j	native
তাজউদ্দিনকে	t a j u d d i n k e	native
তাজউদ্দিনদের	t a j u d d i n d e r	native
তাজউদ্দিনসহ	t a j u d d i n sh o h O	native
তাজউদ্দিনের	t a j u d d i n e r	native
তাজকে	t a j k e	native
তাজনগর	t a j n o g o r	native
তাজনি	t a j O n i	native
তাজপুর	t a j p u r	native
তাজবিদ	t a j b i d	native
তাজমহল	t a j m o h O l	native
তাজমহলকে	t a j m o h o l k e	native
তাজমহলে	t a j m o h O l e	native
তাজমেরি	t a j m e r i	native
তাজরিন	t a j r i n	native
তাজরিনের	t a j r i n e r	native
তাজহাট	t a j h a T	native
তাজা	t a j a	native
তাজাকিস্তান	t a j a k i st a n	native
তাজাল্লি	t a j a l l i	native
তাজি	t a j i	native
তাজিক	t a j i k	native
তাজিকদের	t a j i k d e r	native
তাজিকরা	t a j i k r a	native
তাজিকিস্তান	t a j i k i st a n	native
তাজিকিস্তানের	t a j i k i st a n e r	compound
তাজিন	t a j i n	native
তাজিম	t a j i m	native
তাজিয়া	t a j i y a	native
তাজু	t a j u	native
তাজুরা	t a j u r a	native
তাজুলকে	t a j u l k e	native
তাজুলের	t a j u l e r	native
তাজে	t a j e	native
তাজেদা	t a j e d a	native
তাজের	t a j e r	native
তাজ্জব	t a j j O b	native
তাঞ্জানিয়া	t a n j a n i a	tatsama
তাঞ্জানিয়ার	t a nj a n i y a r	tatsama
তাঞ্জানিয়ায়	t a nj a n i y a y	tatsama
তাঞ্জাম	t a nj a m	tatsama
তাঞ্জিলুর	t a nj i l u r	tatsama
তাড্যমান	t a D D O m a n	native
তাত	t a t	native
তাতই	t a t i	native
তাতকল	t a t k o l	native
তাতকলে	t a t k o l e	native
তাতকলের	t a t k o l e r	native
তাতপল্লি	t a t p o l l i	native
তাতবস্ত্র	t a t b o s t r O	native
তাতবস্ত্রের	t a t b o s t r e r	native
তাতমালিক	t a t m a l i k	native
তাতশালার	t a t sh a l a r	native
তাতশিল্প	t a t sh i l p O	native
তাতশিল্পকে	t a t sh i l p o k e	native
তাতশিল্পে	t a t sh i l p e	native
তাতশিল্পের	t a t sh i l p e r	native
তাতশ্রমিক	t a t sh r o m i k	native
তাতসমৃদ্ধ	t a t sh o m r i d dh o	tatsama
তাতা	t a t a	native
তাতানো	t a t a n O	native
তাতার	t a t a r	native
তাতারা	t a t a r a	native
তাতারি	t a t a r i	native
তাতাল	t a t a l	native
তাতি	t a t i	native
তাতিকে	t a t i k e	native
তাতিদের	t a t i d e r	native
তাতিপাড়া	t a t i p a r a	native
তাতিবাজার	t a t i b a j a r	native
তাতিবাজারে	t a t i b a j a r e	native
তাতিবাজারের	t a t i b a j a r e r	native
তাতির	t a t i r	native
তাতিরা	t a t i r a	native
তাতিয়ে	t a t i y e	native
তাতেই	t a t e i	native
তাতের	t a t e r	native
তাতো	t a t O	native
তাত্ক্ষনিক	t a t kh o n i k	tatsama
তাত্ক্ষনিকভাবে	t a t kh o n i k bh a b e	tatsama
তাত্ত্বিক	t a t t i k	tatsama
তাত্ত্বিকদের	t a t t i k d e r	tatsama
তাত্ত্বিকভাবে	t a t t i k bh a b e	tatsama
তাত্পর্য	t a t p o r j o	native
তাত্পর্যপুর্ন	t a t p o r j O p u r n O	compound
তাত্পর্যবহ	t a t p o r j o b o h o	native
তাত্পর্যমন্ডিত	t a t p o r j o m o n D i t o	compound
তাত্পর্যময়	t a t p o r j o m o y	native
তাত্পর্যের	t a t p o r j e r	native
তাথই	t a th O i	native
তাথোই	t a th O i	native
তাথোইকে	t a th O i k e	native
তাথ্যিক	t a t th i k	native
তাদমুর	t a d m u r	native
তাদাত্ম্য	t a d a t t O	native
তাদৃশ	t a d r i sh O	tatsama
তাদের	t a d e r	native
তাদেরই	t a d e r i	native
তাদেরকে	t a d e r k e	native
তাদেরকেই	t a d e r k e i	native
তাদেরকেও	t a d e r k e O	native
তাদেরটা	t a d e r T a	native
তাধিয়া	t a dh i y a	native
তান	t a n	native
তানকর্তব	t a n k o r t O b	native
তানজানিয়া	t a n j a n i y a	native
তানজানিয়ার	t a n j a n i y a r	native
তানজানিয়ায়	t a n j a n i y a y	native
তানজিদ	t a n j i d	native
তানজিন	t a n j i n	native
তানজিনা	t a n j i n a	native
তানজিনাকে	t a n j i n a k e	native
তানজিনের	t a n j i n e r	native
তানজিম	t a n j i m	native
তানজিমা	t a n j i m a	native
তানজিমুল	t a n j i m u l	native
তানজিমের	t a n j i m e r	native
তানজির	t a n j i r	native
তানজিল	t a n j i l	native
তানজিলার	t a n j i l a r	native
তানতাওয়ি	t a n t a O y i	native
তানতাবি	t a n t a b i	native
তানতাবির	t a n t a b i r	native
তানপুরা	t a n p u r a	native
তানব	t a n O b	native
তানবির	t a n o b i r	native
তানবিরুল	t a n b i r u l	native
তানভির	t a n bh i r	native
তানভিরকে	t a n bh i r k e	native
তানভিরসহ	t a n bh i r sh o h O	native
তানভিরুজ্জামান	t a n bh i r u j j a m a n	compound
তানভিরুল	t a n bh i r u l	native
তানভিরের	t a n bh i r e r	native
তানসিন	t a n sh i n	native
তানসেন	t a n sh e n	native
তানসেনের	t a n sh e n e r	native
তানহা	t a n h a	native
তানহার	t a n h a r	native
তানা	t a n a	native
তানাকা	t a n a k a	native
তানাকার	t a n a k a r	native
তানাজা	t a n a j a	native
তানায়েম	t a n a y e m	native
তানি	t a n i	native
তানিগাকি	t a n i g a k i	native
তানিন	t a n i n	native
তানিম	t a n i m	native
তানিমকে	t a n i m k e	native
তানিমা	t a n i m a	native
তানিয়া	t a n i y a	native
তানিয়াকে	t a n i y a k e	native
তানিয়ার	t a n i y a r	native
তানে	t a n e	native
তানোর	t a n O r	native
তানোরে	t a n O r e	native
তানোরের	t a n O r e r	native
তান্ডব	t a n D o b	native
তান্ডবলিলা	t a n D o b l i l a	native
তান্ডবে	t a n D o b e	native
তান্ডবের	t a n D O b e r	native
তান্তব	t a nt O b O	native
তান্নি	t a nn i	native
তান্নির	t a nn i r	native
তাপক	t a p O k	native
তাপদাহে	t a p O d a h e	native
তাপন	t a p O n	native
তাপনিয়	t a p O n i y O	native
তাপপ্রবাহ	t a pr O b a h O	native
তাপপ্রবাহের	t a pr O b a h e r	native
তাপবিদ্যুৎ	t a p b i d d u t	native
তাপবিদ্যুৎকেন্দ্রের	t a p b i d d u t k e ndr o	compound
তাপমাত্রাও	t a p m a tr a O	native
তাপমাত্রায়	t a p m a tr a y o	native
তাপর	t a p o r	native
তাপশক্তি	t a p sh O kt i	native
তাপস	t a p O sh	native
তাপসকে	t a p o sh k e	native
তাপসসহ	t a p o sh sh o h O	native
তাপসি	t a p O sh i	native
তাপসের	t a p O sh e r	native
তাপা	t a p a	native
তাপি	t a p i	native
তাপিত	t a p i t O	native
তাপিয়	t a p i y o	native
তাপু	t a p u	native
তাপুকে	t a p u k e	native
তাপুর	t a p u r	native
তাপে	t a p e	native
তাপেই	t a p e i	native
তাপের	t a p e r	native
তাফতা	t a ph t a	native
তাফসির	t a ph sh i r	native
তাফসিরুল	t a ph sh i r u l	native
তাফসিরে	t a ph sh i r e	native
তাফাজ্জল	t a ph a j j o l	native
তাফাজ্জাল	t a ph a j j a l	native
তাফাজ্জুল	t a ph a j j u l	native
তাফারেল	t a ph a r e l	native
তাফাল	t a ph a l	native
তাফালবাড়িয়া	t a ph a l b a r i y a	native
তাব	t a b	native
তাবত	t a b O t	native
তাবত্	t a b o t	native
তাবরিজ	t a b r i j	native
তাবরেজ	t a b r e j	native
তাবলিগ	t a b l i g	native
তাবলিগি	t a b l i g i	native
তাবলিগের	t a b l i g e r	native
তাবলেরচর	t a b l e r ch o r	native
তাবা	t a b a	native
তাবারানি	t a b a r a n i	native
তাবারেজ	t a b a r e j	native
তাবারেজের	t a b a r e j e r	native
তাবাসসুম	t a b a sh sh u m	loanword
তাবাসসুমের	t a b a sh sh u m e r	loanword
তাবাসুম	t a b a sh u m	loanword
তাবাস্সুম	t a b a sh sh u m	loanword
তাবিজ	t a b i j	native
তাবিজের	t a b i j e r	native
তাবিথের	t a b i th e r	native
তাবিদ	t a b i d	native
তাবিন	t a b i n	native
তাবির	t a b i r	native
তাবু	t a b u	native
তাবুতে	t a b u t e	native
তাবুর	t a b u r	native
তাবুসহ	t a b u sh o h O	native
তাবে	t a b e	native
তাবেই	t a b e i	native
তাবেদার	t a b e d a r	native
তাবেদারদের	t a b e d a r d e r	native
তাবেদারি	t a b e d a r i	native
তাবোল	t a b O l	native
তাবৎ	t a b O t	native
তাবড়	t a b o r	native
তাভা	t a bh a	native
তামজিদ	t a m j i d	native
তামদারি	t a m d a r i	native
তামপাট	t a m p a T	native
তামরস	t a m r o sh	native
তামলি	t a m l i	native
তামস	t a m O sh	native
তামসি	t a m O sh i	native
তামসিক	t a m o sh i k	native
তামাং	t a m a ng	native
তামাংয়ের	t a m a ng y e r	native
তামাই	t a m a i	native
তামাকচাশি	t a m a k ch a sh i	native
তামাকচাশিদের	t a m a k ch a sh i d e r	native
তামাকচুল্লি	t a m a k ch u l l i	native
তামাকচুল্লিতে	t a m a k ch u l l i t e	compound
তামাকজনিত	t a m a k j O n i t O	native
তামাকজাত	t a m a k j a t	native
তামাকবিরোধি	t a m a k b i r O dh i	native
তামাকমুক্ত	t a m a k m u kt O	native
তামাকুমন্ডি	t a m a k u m o n D i	native
তামাকে	t a m a k e	native
তামাকের	t a m a k e r	native
তামাটে	t a m a T e	native
তামাদি	t a m a d i	native
তামান্নাকে	t a m a nn a k e	native
তামান্নার	t a m a nn a r	native
তামাবিল	t a m a b i l	native
তামাম	t a m a m	native
তামার	t a m a r	native
তামারা	t a m a r a	native
তামাশবিন	t a m a sh b i n	native
তামাশা	t a m a sh a	native
তামাশার	t a m a sh a r	native
তামাশায়	t a m a sh a y o	native
তামি	t a m i	native
তামিমই	t a m i m i	native
তামিমকে	t a m i m k e	native
তামিমদের	t a m i m d e r	native
তামিমরা	t a m i m r a	native
তামিমি	t a m i m i	native
তামিমের	t a m i m e r	native
তামিমেরও	t a m i m e r O	native
তামিরুল	t a m i r u l	native
তামিল	t a m i l	native
তামিলকে	t a m i l k e	native
তামিলনাড়ু	t a m i l n a r u	native
তামিলনাড়ুতে	t a m i l n a r u t e	native
তামিলনাড়ুর	t a m i l n a r u r	native
তামিলরা	t a m i l r a	native
তামিলের	t a m i l e r	native
তামিস্র	t a m i sh r O	native
তামুক	t a m u k	native
তামেচা	t a m e ch a	native
তামেশু	t a m e sh u	native
তাম্বাচুড়া	t a mb a ch u r a	native
তাম্বু	t a mb u	native
তাম্বুরা	t a mb u r a	native
তাম্বুল	t a mb u l	native
তাম্বুলখানা	t a mb u l kh a n a	native
তাম্বুলপুর	t a mb u l p u r	native
তাম্বুলবুনিয়া	t a mb u l b u n i y a	compound
তাম্র	t a m r O	native
তাম্রদ্বার	t a m r O d a r	native
তাম্রলিপি	t a m r O l i p i	native
তাম্রা	t a m r a	native
তাম্রাক্ষ	t a m r a kkh O	tatsama
তাম্রাভ	t a m bh r a bh O	native
তাম্রাশ্ম	t a m r a sh sh O	native
তাম্রিক	t a m r i k	native
তার	t a r	native
তারই	t a r i	native
তারও	t a r O	native
তারক	t a r O k	native
তারকশ	t a r k o sh	native
তারকা	t a r O k a	native
তারকাও	t a r O k a O	native
তারকাকে	t a r O k a k e	native
তারকাখচিত	t a r O k a kh O ch i t O	native
তারকাখ্যাতি	t a r O k a kh A t i	native
তারকাখ্যাতির	t a r o k a kh A t i r	native
তারকাজুটি	t a r o k a j u T i	native
তারকাটা	t a r O k a T a	native
তারকাদের	t a r O k a d e r	native
তারকাদেরও	t a r O k a d e r O	native
তারকাবহুল	t a r O k a b O h u l	native
তারকাবিশিশ্ট	t a r o k a b i sh i sh T o	native
তারকার	t a r O k a r a	native
তারকারই	t a r o k a r i	native
তারকারা	t a r O k a r a	native
তারকারাই	t a r o k a r a i	native
তারকারাও	t a r O k a r a O	native
তারকারি	t a r O k a r i	native
তারকাশিল্পি	t a r o k a sh i l p i	native
তারকাসমৃদ্ধ	t a r o k a sh o m r i d dh o	tatsama
তারকায়	t a r o k a y o	native
তারকি	t a r O k i	native
তারকিত	t a r k i t	native
তারকিনি	t a r k i n i	native
তারকেশ্বর	t a r k e sh sh o r	tatsama
তারগুলো	t a r g u l O	native
তারচেয়ে	t a r ch e y e	native
তারচেয়েও	t a r ch e y e O	native
তারজন্ত্র	t a r j o n t r O	native
তারতম্য	t a r t o m m O	native
তারতম্যও	t a r t o m m O	native
তারতম্যের	t a r t o m m e r	native
তারদেল্লি	t a r d e l l i	native
তারন	t a r O n	native
তারপর	t a r p o r	native
তারপরও	t a r p o r O	native
তারপরে	t a r p o r e	native
তারপরেই	t a r p o r e i	native
তারপরেও	t a r p O r e O	native
তারপরের	t a r p o r e r	native
তারপাশায়	t a r p a sh a y o	native
তারপিন	t a r p i n	native
তারবার্তা	t a r b a r t a	native
তারবার্তাগুলো	t a r b a r t a g u l O	compound
তারবার্তাগুলোতে	t a r b a r t a g u l O t e	compound
তারবার্তাগুলোর	t a r b a r t a g u l O r	compound
তারবার্তাটি	t a r b a r t a T i	native
তারবার্তাটিতে	t a r b a r t a T i t e	compound
তারবার্তাটির	t a r b a r t a T i r	native
তারবার্তার	t a r b a r t a r	native
তারবার্তায়	t a r b a r t a y o	native
তারবালা	t a r b a l a	native
তারবিশিশ্ট	t a r b i sh i sh T O	native
তারবিহিন	t a r b i h i n	native
তারমানে	t a r m a n e	native
তারল্য	t a r O l l O	native
তারল্যপ্রবাহ	t a r o l l o pr o b a h o	native
তারল্যপ্রবাহকে	t a r o l l o pr o b a h o k e	compound
তারল্যপ্রবাহের	t a r o l l o pr o b a h e r	compound
তারল্যসংকট	t a r o l l o sh o ng k o T	native
তারল্যসংকটে	t a r o l l o sh o ng k o T e	native
তারল্যসংকটের	t a r o l l o sh o ng k o T e r	native
তারল্যের	t a r o l l e r	native
তারসহ	t a r sh o h O	native
তারস্বর	t a r sh o r	tatsama
তারস্বরে	t a r sh o r e	tatsama
তারহিন	t a r h i n	native
তারহুনি	t a r h u n i	native
তারহোউনি	t a r h O u n i	native
তারাই	t a r a i	native
তারাউজিয়াল	t a r a u j i y a l	native
তারাও	t a r a O	native
তারাওয়া	t a r a O a	native
তারাকান্দা	t a r a k a nd a	native
তারাকান্দি	t a r a k a nd i	native
তারাকে	t a r a k e	native
তারাগঞ্জ	t a r a g o nj	tatsama
তারাগঞ্জে	t a r a g o nj e	tatsama
তারাগুনিয়া	t a r a g u n i y a	native
তারাজ	t a r a j	native
তারাজু	t a r a j u	native
তারাজুল	t a r a j u l	native
তারাতো	t a r a t O	native
তারাদের	t a r a d e r	native
তারান	t a r a n	native
তারানকো	t a r a n k O	native
তারানকোকে	t a r a n k O k e	native
তারানকোর	t a r a n k O r	native
তারানা	t a r a n a	native
তারানেহ	t a r a n e h o	native
তারানেহর	t a r a n e h o r	native
তারাপদ	t a r a p o d	native
তারাব	t a r a b o	native
তারাবাজি	t a r a b a j i	native
তারাবি	t a r a b i	native
তারাবির	t a r a b i r	native
তারাবিহর	t a r a b i h r	native
তারাবুনিয়া	t a r a b u n i y a	native
তারাবো	t a r a b O	native
তারাভরা	t a r a bh o r a	native
তারাভ্র	t a r a b bh r O	native
তারামন	t a r a m o n	native
তারার	t a r a r	native
তারারা	t a r a r a	native
তারাশংকর	t a r a sh o ng k O r	native
তারাসহ	t a r a sh o h O	native
তারায়	t a r a y o	native
তারি	t a r i	native
তারিক	t a r i k	native
তারিকুজ্জামান	t a r i k u j j a m a n	compound
তারিকুজ্জামানকে	t a r i k u j j a m a n k e	compound
তারিকুজ্জামানের	t a r i k u j j a m a n e r	compound
তারিকুর	t a r i k u r	native
তারিকুল	t a r i k u l	native
তারিকুলের	t a r i k u l e r	native
তারিকের	t a r i k e r	native
তারিখ	t a r i kh	native
তারিখও	t a r i kh O	native
তারিখকে	t a r i kh k e	native
তারিখগুলো	t a r i kh g u l O	native
তারিখটি	t a r i kh T i	native
তারিখটিও	t a r i kh T i O	native
তারিখবৃহস্পতিবার	t a r i kh b ri h o s p O t i b a r	tatsama
তারিখসহ	t a r i kh sh o h O	native
তারিখে	t a r i kh e	native
তারিখেই	t a r i kh e i	native
তারিখেও	t a r i kh e O	native
তারিখের	t a r i kh e r	native
তারিন	t a r i n	native
তারিনকে	t a r i n k e	native
তারিনি	t a r i n i	native
তারিনের	t a r i n e r	native
তারিন্দা	t a r i nd a	native
তারিপ	t a r i p	native
তারিফ	t a r i ph	native
তারিফুজ্জামান	t a r i ph u j j a m a n	compound
তারিফুর	t a r i ph u r	native
তারিয়ে	t a r i y e	native
তারুটিয়া	t a r u T i y a	native
তারুন	t a r u n	native
তারুনি	t a r u n i	native
তারুনির	t a r u n i r	native
তারুন্য	t a r u n n O	native
তারুন্যই	t a r u n n O i	native
তারুন্যকে	t a r u n n O k e	native
তারুন্যদিপ্ত	t a r u n n O d i p t O	native
তারুন্যনির্ভর	t a r u n n O n i r bh o r	compound
তারুন্যে	t a r u n n e	native
তারুন্যের	t a r u n n e r	native
তারে	t a r e	native
তারেই	t a r e i	native
তারেক	t a r e k	native
তারেককে	t a r e k k e	native
তারেকসহ	t a r e k sh o h O	native
তারেকুল	t a r e k u l	native
তারেকের	t a r e k e r	native
তারেখ	t a r e kh	native
তারের	t a r e r	native
তারে–নারে	t a r e n a r e	native
তার্কিক	t a r k i k	native
তার্কিকদের	t a r k i k d e r	native
তার্কিকেরা	t a r k i k e r a	native
তার্ক্ষ	t a r kh O	tatsama
তার্ক্ষ্য	t a r kh j o	tatsama
তার্য	t a r j O	native
তালই	t a l o i	native
তালক	t a l o k	native
তালকি	t a l O k i	native
তালকিন	t a l k i n	native
তালগাছ	t a l g a chh	native
তালগাছটার	t a l g a chh T a r	native
তালগাছটি	t a l g a chh T i	native
তালগাছে	t a l g a chh e	native
তালগাছের	t a l g a chh e r	native
তালগোল	t a l g O l	native
তালতলা	t a l t o l a	native
তালতলার	t a l t o l a r	native
তালতলায়	t a l t o l a y o	native
তালতলি	t a l t o l i	native
তালতলিকে	t a l t o l i k e	native
তালতলিতে	t a l t o l i t e	native
তালতলির	t a l t o l i r	native
তালপট্টি	t a l p O T T i	native
তালপট্টির	t a l p o T T i r	native
তালপাখা	t a l p a kh a	native
তালপাতা	t a l p a t a	native
তালপাতার	t a l p a t a r	native
তালপুকুর	t a l p u k u r	native
তাহ	t a h	native
তাহাকে	t a h a k e	native
তাহাদের	t a h a d e r	native
তাহার	t a h a r	native
তাহারা	t a h a r a	native
তাহি	t a h i	native
ন	n o	native
নই	n O i	native
নকর	n o k a r	native
নকাররুপিনি	n o k a r o r u p i n i	native
নাম্বা	n a mb a	native
নাল	n a l	native
নালিক	n a l i k o	native
নিচ্	n i ch	native
নিজন্ত	n i j o nt O	native
নেহ	n e h O	native
ন–ফলা	n o ph o l a	native
