এতদ্ব্যতিত	E t o d b j t i t	native
এতবার	E t b a r	native
এতলা	E t l a	native
এতসব	E t sh o b	native
এতসবের	E t sh o b e r	native
এতহি	E t h i	native
এতহু	E t h u	native
এতাবৎ	E t a b O t	native
এতালা	e t a l a	native
এতিম	e t i m	native
এতিমখানা	e t i m kh a n a	native
এতিমখানার	e t i m kh a n a r	native
এতিমখানায়	e t i m kh a n a y	native
এতিমের	e t i m e r	native
এতে	E t O e	native
এতেই	E t O e i	native
এতেও	E t O e O	native
এতেরি	e t e r i	native
এতেলা	e t e l a	native
এতোই	E t O i	native
এতোগুলো	E t O g u l O	native
এতোটা	E t O T a	native
এতোটাই	E t O T a i	native
এতোদিন	E t O d i n	native
এত্তটুকুন	E t T u k u n	native
এত্তহাদ	e tt h a d	native
এত্তেফাক	e tt e ph a k	native
এত্তো	E tt O	native
এথনিক	E th n i k	native
এথা	e th a	native
এথাসি	e th a sh i	native
এথিকস	e th i k o sh	native
এথিক্যাল	e th i k k a l	native
এথিক্স	e th i k s O	native
এথিন	e th i n	native
এথেনা	e th e n a	native
এদানো	e d a n O	native
এদিক	e d i k	native
এদিকটায়	e d i k T a y	native
এদিকেই	e d i k e i	native
এদিকেও	e d i k e O	native
এদিকের	e d i k e r	native
এদিন	e d i n	native
এদিনই	e d i n O i	native
এদিনও	e d i n o O	native
এদিনসন	e d i n sh O n	native
এদিনে	e d i n e	native
এদিনেই	e d i n e i	native
এদিনের	e d i n e r	native
এদুয়ার্দো	e d u y a r d O	native
এদেরও	e d e r o O	native
এদেশ	e d e sh	native
এদেশকে	e d e sh k e	native
এদেশিয়	e d e sh i y	native
এদেশে	e d e sh e	native
এদেশের	e d e sh e r	native
এদ্দাৎ	e d d a t	native
এদ্দিন	e d d i n	native
এদ্দিনে	e d d i n e	native
এধার	e dh a r	native
এনএ	e n O e	native
এনএর	e n e r	native
এনএস	e n e sh	native
এনএসিবি	e n e sh i b i	native
এনএসিবির	e n e sh i b i r	native
এনকাউন্টার	e n k a u n T a r	native
এনকাউন্টারে	e n k a u n T a r e	native
এনকাউন্টারের	e n k a u n T a r e r	native
এনকার	e n k a r	native
এনকুরুনজিজা	e n k u r u n j i j a	native
এনকে	e n k e	native
এনকেলাব	e n k e l a b	native
এনকোর	e n k O r	native
এনকোয়ারি	e n k O y a r i	native
এনগেজড	e n g e j o D	native
এনগোজি	e n g O j i	native
এনগ্যাজেট	e n g A j e T	native
এনছান	e n chh a n	native
এনছানের	e n chh a n e r	native
এনজাইনা	e n j a i n a	native
এনজি	e n j i	native
এনজিওস	e n j i O sh	native
এনজিগুলোর	e n j i g u l O r	native
এনজেলস	e n j e l o sh	native
এনজো	e n j O	native
এনজোকে	e n j O k e	native
এনজয়	e n j o y	native
এনটি	e n T i	native
এনটিনি	e n T i n i	native
এনটিনির	e n T i n i r	native
এনডাউমেন্ট	e n D a u m e n T O	native
এনডেনজারড	e n D e n j a r o D	native
এনডোলাইট	e n D O l a i T	native
এনবিআরে	e n b i a r e	native
এনভারমেন্টাল	e n bh a r m e n T a l	native
এনভায়রনমেন্ট	e n bh a y r n m e n T O	native
এনভায়রনমেন্টাল	e n bh a y r n m e n T a l	native
এনভিল	e n bh i l	native
এনভয়	e n bh o y	native
এনরিকে	e n r i k e	native
এনশাআল্লাহ	e n sh a a l l a h	native
এনসাফ	e n sh a ph	native
এনসি	e n sh i	native
এনা	e n a	native
এনাইয়ামা	e n a i y a m a	native
এনাবল	e n a b O l	native
এনাম	e n a m	native
এনামুর	e n a m u r	native
এনামুল	e n a m u l	native
এনামুলকে	e n a m u l k e	native
এনার	e n a r	native
এনালগ	e n a l o g	native
এনালাইসিস	e n a l a i sh i sh	native
এনায়েত	e n a y e t	native
এনায়েতউল্লাহ	e n a y e t u l l a h	native
এনায়েতনগর	e n a y e t n g O r	native
এনায়েতপুর	e n a y e t p u r	native
এনায়েতপুরে	e n a y e t p u r e	native
এনায়েতবাজার	e n a y e t b a j a r	native
এনায়েতুর	e n a y e t u r	native
এনায়েতুল্লাহ	e n a y e t u l l a h	native
এনি	e n i	native
এনিমেল	e n i m e l	native
এনিমেশন	e n i m e sh o n	native
এনিম্যাল	e n i m m a l	native
এনিয়ে	e n i y e	native
এনে	e n e	native
এনেই	e n e i	native
এনেও	e n e O	native
এনেছ	e n e chh	native
এনেছি	e n e chh i	native
এনেছিলাম	e n e chh i l a m	native
এনেছিলেন	e n e chh i l e n	native
এনেছিস	e n e chh i sh	native
এনেছে	e n e chh e	native
এনেছেন	e n e chh e n	native
এনের	e n e r	native
এনেল	e n e l	native
এনেসথেসিয়া	e n e sh th e sh i y a	native
এন্টনি	e n T n i	native
এন্টনির	e n T n i r	native
এন্টার	e n T a r	native
এন্টারপ্রাইজ	e n T a r pr a i j	native
এন্টারপ্রাইজকে	e n T a r pr a i j k e	native
এন্টারপ্রাইজসহ	e n T a r pr a i j sh o h O	native
এন্টারপ্রাইজে	e n T a r pr a i j e	native
এন্টারপ্রাইজের	e n T a r pr a i j e r	native
এন্টারপ্রাইজেস	e n T a r pr a i j e sh	native
এন্টালি	e n T a l i	native
এন্টি	e n T i	native
এন্টিবডি	e n T i b o D i	native
এন্টিবায়োটিক	e n T i b a y O T i k	native
এন্টিভাইরাস	e n T i bh a i r a sh	native
এন্ট্রাপ্রেনিউরস	e n T r a pr e n i u r o sh	native
এন্ট্রি	e n T r i	native
এন্ড	e n D O	native
এন্ডার	e n D a r	native
এন্ডাররা	e n D a r r a	native
এন্ডারস	e n D a r o sh	native
এন্ডারসন	e n D a r sh O n	native
এন্ডারসনের	e n D a r sh O n e r	native
এন্ডি	e n D i	native
এন্ডে	e n D O e	native
এন্ডের	e n D O e r	native
এন্ডোমেট্রিওসিস	e n D O m e T r i O sh i sh	native
এন্ড্রু	e n D r u	native
এন্তাকাল	e nt a k a l	native
এন্তাজ	e nt a j	native
এন্তার	e nt a r	native
এন্তেজাম	e nt e j a m	native
এন্থনি	e n th n i	native
এন্শা	e n sh a	native
এপর্যন্ত	e p o r j o nt O	native
এপসন	E p sh O n	native
এপার	e p a r	native
এপারে	e p a r e	native
এপাশ	e p a sh	native
এপাশে	e p a sh e	native
এপাশ–ওপাশ	e p a sh | O p a sh	compound
এপাড়া	e p a r a	native
এপিঠ	e p i Th	native
এপিঠ–ওপিঠ	e p i Th | O p i Th	compound
এপির	e p i r	native
এপিল	e p i l	native
এপিয়া	e p i y a	native
এপেক	e p e k	native
এপ্রিলে	e pr i l e	native
এপ্রিলেই	e pr i l e i	native
এপ্লিক	e p l i k	native
এপ্লিকেশন	e p l i k e sh o n	native
এফএস	E ph e sh	native
এফসি	E ph sh i	native
এফোড়–ওফোড়	e ph O r | O ph O r	compound
এফোরটেক	e ph O r T e k	native
এফোর্ট	e ph O r T O	native
এব	e b	native
এবংবাংলাদেশের	E b O ng b a ng l a d e sh e r	native
এবংবিধ	E b O ng b i dh	native
এবছরও	e b o chh O r O	native
এবতেদায়ি	E b t e d a y i	native
এবদো	E b d O	native
এবদোর	E b d O r	native
এবমস্তু	E b m st u	native
এবম্প্রকার	E b o m p r k a r	native
এবরা	E b r a	native
এবাদ	e b a d	native
এবাদত	e b a d o t	native
এবাদতের	e b a d o t e r	native
এবাদুর	e b a d u r	native
এবাদুরকে	e b a d u r k e	native
এবাদুরের	e b a d u r e r	native
এবাদুল্লাহ	e b a d u l l a h	native
এবার	e b a r	native
এবারই	e b a r O i	native
এবারও	e b a r o O	native
এবারকার	e b a r k a r	native
এবারে	e b a r e	native
এবারেও	e b a r e O	native
এবারের	e b a r e r	native
এবারেরটা	e b a r e r T a	native
এবারেরটি	e b a r e r T i	native
এবারো	e b a r O	native
এবি	e b i	native
এবে	e b e	native
এবোট	e b O T	native
এবোটাবাদ	e b O T a b a d	native
এবোলা	e b O l a	native
এবোলার	e b O l a r	native
এব্যাপারে	e b b a p a r e	native
এবড়ো	E b r O	native
এবড়োখেবড়ো	E b r O kh e b r O	native
এবড়োথেবড়ো	E b r O th e b r O	native
এভরা	E bh r a	native
এভরার	E bh r a r	native
এভরি	E bh r i	native
এভাবেই	e bh a b e i	native
এভাবেও	e bh a b e O	native
এভার	e bh a r	native
এভারটন	e bh a r T O n	native
এভারটনের	e bh a r T O n e r	native
এভারেজ	e bh a r e j	native
এভারেডি	e bh a r e D i	native
এভারেশ্টের	e bh a r e sh T e r	native
এভিনিউ	e bh i n i u	native
এভিনিউতে	e bh i n i u t e	native
এভিনিউর	e bh i n i u r	native
এভিনিউয়ে	e bh i n i u y e	native
এভিনিউয়ের	e bh i n i u y e r	native
এভিল	e bh i l	native
এভিয়ান	e bh i y a n	native
এভিয়েন	e bh i y e n	native
এভিয়েশন	e bh i y e sh o n	native
এভিয়েশনের	e bh i y e sh o n e r	native
এভেটা	e bh e T a	native
এভেনিউ	e bh e n i u	native
এভয়েল	E bh y e l	native
এম	e m	native
এম.	e m	native
এমএন	e m e n	native
এমএল	e m e l	native
এমএস	e m e sh	native
এমকম	e m k O m	native
এমকে	e m k e	native
এমচিপের	e m ch i p e r	native
এমজে	e m j e	native
এমত	e m o t	native
এমতাবস্থায়	e m t a b sth a y	native
এমতি	e m t i	native
এমদাদ	e m d a d	native
এমদাদুর	e m d a d u r	native
এমদাদুল	e m d a d u l	native
এমপিপুত্র	e m p i p u tr O	native
এমপিরাও	e m p i r a O	native
এমপিসহ	e m p i sh o h O	native
এমফিল	e m ph i l	native
এমবা	e m b a	native
এমবালুলা	e m b a l u l a	native
এমবি	e m b i	native
এমবিলিয়নথ	e m b i l i y n o th	native
এমবিলিয়নথ্	e m b i l i y n o th	native
এমব্রেসেবল	e m br e sh e b o l	native
এমভি	e m bh i	native
এমরান	e m r a n	native
এমসি	e m sh i	native
এমা	e m a	native
এমাজ	e m a j	native
এমানা	e m a n a	native
এমানুয়েল	e m a n u y e l	native
এমামুল	e m a m u l	native
এমার	e m a r	native
এমারত	e m a r o t	native
এমারসন	e m a r sh O n	native
এমিকাস	e m i k a sh	native
এমিরেটস	e m i r e T o sh	native
এমিরেটসের	e m i r e T o sh e r	native
এমিল	e m i l	native
এমিলি	e m i l i	native
এমিশন	e m i sh o n	native
এমুখো	e m u kh O	native
এমুন	e m u n	native
এমেকা	e m e k a	native
এমেকাকে	e m e k a k e	native
এমেকার	e m e k a r	native
এম্বার	e mb a r	native
এম্বারকেশন	e mb a r k e sh o n	native
এম্বেসি	e mb e sh i	native
এম–ডি	e m | D i	compound
এজাত্রা	e j a tr a	native
এজাবত্	e j a b o t	native
এজাবত্কালে	e j a b t k a l e	native
এজাবত্কালের	e j a b t k a l e r	native
এজাবৎকাল	e j a b t k a l	native
এজাবৎকালে	e j a b t k a l e	native
এরআগে	e r a g e	native
এরআগেও	e r a g e O	native
এরই	e r O i	native
এরইমধ্যে	e r O i m O d dh e	native
এরকম	e r k O m	native
এরকা	e r k a	native
এরকেন	e r k E n O	native
এরচেয়ে	e r ch e y e	native
এরন্ডা	e r n D a	native
এরদোগান	e r d O g a n	native
এরদোগানকে	e r d O g a n k e	native
এরদোগানের	e r d O g a n e r	native
এরদোয়ান	e r d O y a n	native
এরপর	e r p O r	native
এরপরই	e r p O r i	native
এরপরে	e r p o r e	native
এরপরেই	e r p O r e i	native
এরপরেও	e r p O r e O	native
এরপরের	e r p o r e r	native
এরফলে	e r ph o l e	native
এরমধ্যে	e r m O d dh e	native
এরমধ্যেই	e r m O d dh e i	native
এররস	e r r o sh	native
এরিস	e r i sh	native
এরিসের	e r i sh e r	native
এরিয়া	e r i y a	native
এরিয়ার	e r i y a r	native
এরিয়ায়	e r i y a y	native
এরিয়েল	e r i y e l	native
এরে	e r e	native
এরেকাত	e r e k a t	native
এরেন	e r e n	native
এল	e l	native
এল.এম.এস.	e l | e m | e sh	compound
এলআর	e l a r	native
এলই	e l O i	native
এলএন	e l e n	native
এলএম	e l e m	native
এলকপ	e l k o p	native
এলকে	e l k e	native
এলকোহল	e l k O h o l	native
এলগাদির	e l g a d i r	native
এলগার	e l g a r	native
এলটন	e l T O n	native
এলডোরাডো	e l D O r a D O	native
এলতলা	e l t l a	native
এলন	e l o n	native
এলপিআরে	e l p i a r e	native
এলবারাদি	e l b a r a d i	native
এলবারাদির	e l b a r a d i r	native
এলবির	e l b i r	native
এলভিন	e l bh i n	native
এলভিস	e l bh i sh	native
এলম	e l o m	native
এলজাম	e l j a m	native
এলসবার্গ	e l sh b a r g O	native
এলসি	e l sh i	native
এলসির	e l sh i r	native
এলা	e l a	native
এলাইচ	e l a i ch	native
এলাইন	e l a i n	native
এলাইনমেন্ট	e l a i n m e n T O	native
এলাকা	e l a k a	native
এলাকাড়ি	e l a k a r i	native
এলাকাই	e l a k a i	native
এলাকাগুলো	e l a k a g u l O	native
এলাকাগুলোকে	e l a k a g u l O k e	native
এলাকাগুলোতে	e l a k a g u l O t e	native
এলাকাগুলোতেও	e l a k a g u l O t e O	native
এলাকাগুলোর	e l a k a g u l O r	native
এলাকাগুলোয়	e l a k a g u l O y	native
এলাকাছাড়া	e l a k a chh a r a	native
এলাকাজুড়ে	e l a k a j u r e	native
এলাকাটা	e l a k a T a	native
এলাকাটি	e l a k a T i	native
এলাকাটিকে	e l a k a T i k e	native
এলাকাটির	e l a k a T i r	native
এলাকাতে	e l a k a t e	native
এলাকাতেই	e l a k a t e i	native
এলাকাতেও	e l a k a t e O	native
এলাকাধিন	e l a k a dh i n	native
এলাকাবাসি	e l a k a b a sh i	native
এলাকাবাসিও	e l a k a b a sh i O	native
এলাকাবাসিকে	e l a k a b a sh i k e	native
এলাকাবাসিদের	e l a k a b a sh i d e r	native
এলাকাবাসির	e l a k a b a sh i r	native
এলাকাবাসিরা	e l a k a b a sh i r a	native
এলাকাবাসিসহ	e l a k a b a sh i sh o h O	native
এলাকাবাসিই	e l a k a b a sh i i	native
এলাকাবিশেশে	e l a k a b i sh e sh e	native
এলাকাভিত্তিক	e l a k a bh i tt i k	native
এলাকাভিত্তিতে	e l a k a bh i tt i t e	native
এলাকারই	e l a k a r O i	native
এলাকাসংলগ্ন	e l a k a sh O ng l O g n O	native
এলাকাসহ	e l a k a sh o h O	native
এলাকায়	e l a k a y	native
এলাকায়ই	e l a k a y O i	native
এলাকায়ও	e l a k a y o O	native
এলাচগুড়া	e l a ch g u r a	native
এলাজ	e l a j	native
এলান	e l a n	native
এলানো	e l a n O	native
এলানোর	e l a n O r	native
এলাম	e l a m	native
এলার্ট	e l a r T O	native
এলার্ম	e l a r m O	native
এলাহাবাদ	e l a h a b a d	native
এলাহাবাদে	e l a h a b a d e	native
এলাহাবাদের	e l a h a b a d e r	native
এলাহি	e l a h i	native
এলাহিকে	e l a h i k e	native
এলাহির	e l a h i r	native
এলি	e l i	native
এলিজা	e l i j a	native
এলিজাবেথে	e l i j a b e th e	native
এলিজাবেথের	e l i j a b e th e r	native
এলিট	e l i T	native
এলিটা	e l i T a	native
এলিন	e l i n	native
এলিনা	e l i n a	native
এলিনার	e l i n a r	native
এলিভেটর	e l i bh e T o r	native
এলিমেন্টস	e l i m e n T o sh	native
এলিস	e l i sh	native
এলিসন	e l i sh o n	native
এলিসি	e l i sh i	native
এলিসের	e l i sh e r	native
এলিয়ট	e l i y o T	native
এলিয়টের	e l i y o T e r	native
এলিয়ন	e l i y o n	native
এলিয়াস	e l i y a sh	native
এলুয়েট	e l u y e T	native
এলে	e l e	native
এলেই	e l e i	native
এলেও	e l e O	native
এলেকা	e l e k a	native
এলেনা	e l e n a	native
এলেবেলে	e l e b e l e	native
এলো	e l O	native
এলোপাতাড়ি	e l O p a t a r i	native
এলোপাতাড়িভাবে	e l O p a t a r i bh a b e	native
এলোপাথারি	e l O p a th a r i	native
এলোপ্যাথিক	e l O p a th i k	native
এলোমেলো	e l O m e l O	native
এলোমেলোভাবে	e l O m e l O bh a b e	native
এল্টন	e l T o n	native
এলয়	e l o y	native
এশ	e sh	native
এশতেহার	E sh t e h a r	native
এশা	e sh a	native
এশার	e sh a r	native
এশারা	e sh a r a	native
এশিয়	e sh i y	native
এশিয়াজুড়ে	e sh i y a j u r e	native
এশিয়াটিক	e sh i y a T i k	native
এশিয়াটিকের	e sh i y a T i k e r	native
এশিয়াডে	e sh i y a D e	native
এশিয়াতেই	e sh i y a t e i	native
এশিয়াতেও	e sh i y a t e O	native
এশিয়াবিশয়ক	e sh i y a b i sh o y O k	native
এশিয়াসহ	e sh i y a sh o h O	native
এশিয়ায়	e sh i y a y	native
এশিয়দের	e sh i y d e r	native
এশে–ঘা	e sh e | gh a	compound
এসঅ্যান্ডপি	E sh o o j a n D p i	native
এসঅ্যান্ডপির	E sh o o j a n D p i r	native
এসই	e sh i	native
এসএ	E sh O e	native
এসএন	E sh e n	native
এসএম	E sh e m	native
এসএস	E sh e sh	native
এসও	e sh O	native
এসকল	E sh k O l	native
এসকান্দার	E sh k a nd a r	native
এসকাপ	E sh k a p	native
এসকাপের	E sh k a p e r	native
এসকাবেটর	E sh k a b e T o r	native
এসকে	e sh k e	native
এসকেন্দার	E sh k e nd a r	native
এসকোবার	E sh k O b a r	native
এসকোয়্যার	E sh k O y a r	native
এসছেন	E sh chh e n	native
এসজি	E sh j i	native
এসজে	E sh j e	native
এসটু	E sh T u	native
এসতিবালিস	E sh t i b a l i sh	native
এসতেখারা	E sh t e kh a r a	native
এসপানা	E sh p a n a	native
এসপানিওলকে	E sh p a n i O l k e	native
এসপানিওলের	E sh p a n i O l e r	native
এসপি	E sh p i	native
এসপির	E sh p i r	native
এসপিসহ	E sh p i sh o h O	native
এসপ্যানিওলের	E sh p a n i O l e r	native
এসপ্রেসো	e sh pr e sh O	native
এসফল্ট	E sh ph o l T O	native
এসবও	e sh o b O	native
এসবকে	e sh o b k e	native
এসবকেও	e sh o b k e O	native
এসবি	E sh b i	native
এসবির	E sh b i r	native
এসবে	e sh o b e	native
এসবেও	e sh o b e O	native
এসবের	e sh o b e r	native
এসবেরই	e sh o b e r i	native
এসমস্ত	E sh m o st O	native
এসমে	E sh m e	native
এসময়	E sh m o y	native
এসময়ের	E sh m o y e r	native
এসলাম	E sh l a m	native
এসসি	E sh sh i	native
এসার	e sh a r	native
এসারের	e sh a r e r	native
এসি	e sh i	native
এসিআই	e sh i a i	native
এসিআইয়ের	e sh i a i y e r	native
এসিআর	e sh i a r	native
এসিএম	e sh i e m	native
এসিএস	e sh i e sh	native
এসিও	e sh i O	native
এসিডদগ্ধ	e sh i D d o g dh O	native
এসিডদগ্ধদের	e sh i D d o g dh d e r	native
এসিডি	e sh i D i	native
এসিডিক	e sh i D i k	native
এসিডিটি	e sh i D i T i	native
এসিতে	e sh i t e	native
এসিপিইউপিবির	e sh i p i i u p i b i r	native
এসিপিইউবি	e sh i p i i u b i	native
এসিপিইউবির	e sh i p i i u b i r	native
এসিভি	e sh i bh i	native
এসির	e sh i r	native
এসিল্যান্ড	e sh i l l a n D O	native
এসিস	e sh i sh	native
এসিসি	e sh i sh i	native
এসিসিএ	e sh i sh i e	native
এসিসিএর	e sh i sh i e r	native
এসিসির	e sh i sh i r	native
এসিয়েন	e sh i y e n	native
এসিয়েনকে	e sh i y e n k e	native
এসেও	e s e O	native
এসেক্স	e sh e k s O	native
এসেছ	e sh e chh	native
এসেছি	e sh e chh i	native
এসেছিল	e sh e chh i l O	native
এসেছিলাম	e sh e chh i l a m	native
এসেছিলে	e sh e chh i l e	native
এসেছিলেন	e sh e chh i l e n	native
এসেছিলো	e sh e chh i l O	native
এসেছিস	e sh e chh i sh	native
এসেছে	e sh e chh e	native
এসেছেই	e sh e chh e i	native
এসেছেন	e sh e chh e n	native
এসেছো	e sh e chh O	native
এসেনশিয়াল	e sh e n sh i y a l	native
এসো	e sh O	native
এসোচেম	e sh O ch e m	native
এস্তাদা	e st a d a	native
এস্তুদিয়ান্তেস	e st u d i y a nt e sh	native
এস্তুদিয়ান্তেসের	e st u d i y a nt e sh e r	native
এস্তেকবাল	e st e k b a l	native
এস্তেবান	e st e b a n	native
এস্তেমাল	e st e m a l	native
এস্তেলাহ	e st e l a h	native
এস্তেহার	e st e h a r	native
এস্তোনিয়া	e st O n i y a	native
এস্তোনিয়ার	e st O n i y a r	native
এস্রাজ	e s r a j	native
এহ	e h	native
এহছানুল	E h chh a n u l	native
এহছানে	E h chh a n e	native
এহতেশাম	E h t e sh a m	native
এহতেশামকে	E h t e sh a m k e	native
এহতেশামুল	E h t e sh a m u l	native
এহন	E h o n	native
এহনও	E h o n O	native
এহসান	E h sh a n	native
এহসানউল্লাহ	E h sh a n u l l a h	native
এহসানুর	E h sh a n u r	native
এহসানুল	E h sh a n u l	native
এহসানুল্লাহ	E h sh a n u l l a h	native
এহসানের	E h sh a n e r	native
এহসার	E h sh a r	native
এহা	e h a	native
এহানে	e h a n e	native
এহি	e h i	native
এহিয়া	e h i y a	native
এহুদ	e h u d	native
এহেন	e h e n	native
এহেরাম	e h e r a m	native
এহো	e h O	native
এহোন	e h O n	native
এ্যাই	A i	native
এ্যাওয়ার্ড	A O y a r D O	native
এ্যানি	A n i	native
এ্যানিকে	A n i k e	native
এ্যানির	A n i r	native
এ্যানিসহ	A n i sh o h O	native
এ্যাপাসার	A p a sh a r	native
এ্যাপি	A p i	native
এ্যাপিকে	A p i k e	native
এ্যাপির	A p i r	native
এ্যালবামের	A l b a m e r	native
এ্যালা	A l a	native
এড়	e r	native
এড়া	e r a	native
এড়াটে	e r a T e	native
এড়াতে	e r a t e	native
এড়াতেই	e r a t e i	native
এড়ানো	e r a n O	native
এড়ানোর	e r a n O r	native
এড়াবে	e r a b e	native
এড়াবেন	e r a b e n	native
এড়াল	e r a l	native
এড়ায়	e r a y	native
এড়ায়নি	e r a y n i	native
এড়িয়ে	e r i y e	native
এড়িয়েও	e r i y e O	native
এড়িয়েছে	e r i y e chh e	native
এড়িয়েছেন	e r i y e chh e n	native
এড়েন্দা	e r e nd a	native
এড়োপাতালি	e r O p a t a l i	native
এয়াকিউয়াতলুয়োকুটল	E y a k i u y a t l u y O k u T o l	native
এয়াকুত	e y a k u t	native
এয়াকুব	e y a k u b	native
এয়াজুজ	e y a j u j	native
এয়ার	e y a r	native
এয়ারওয়েজ	e y a r O y e j	native
এয়ারওয়েজে	e y a r O y e j e	native
এয়ারওয়েজের	e y a r O y e j e r	native
এয়ারকন্ডিশন	e y a r k n D i sh o n	native
এয়ারকন্ডিশনার	e y a r k n D i sh n a r	native
এয়ারকন্ডিশনারের	e y a r k n D i sh n a r e r	native
এয়ারগান	e y a r g a n	native
এয়ারটেল	e y a r T e l	native
এয়ারপোর্ট	e y a r p O r T O	native
এয়ারপোর্টগুলোতে	e y a r p O r T g u l O t e	native
এয়ারপোর্টে	e y a r p O r T e	native
এয়ারপোর্টের	e y a r p O r T e r	native
এয়ারবাসের	e y a r b a sh e r	native
এয়ারলাইন	e y a r l a i n	native
এয়ারলাইনস	e y a r l a i n o sh	native
এয়ারলাইনসকে	e y a r l a i n o sh k e	native
এয়ারলাইনসগুলো	e y a r l a i n o sh g u l O	native
এয়ারলাইনসগুলোর	e y a r l a i n o sh g u l O r	native
এয়ারলাইনসে	e y a r l a i n o sh e	native
এয়ারলাইনসের	e y a r l a i n o sh e r	native
এয়ারি	e y a r i	native
এয়ারের	e y a r e r	native
এয়ার–কন্ডিশন	e y a r | k O n D i sh o n	compound
কেচো	k E ch O	native
কেদে	k e d e	native
কেদেই	k e d e i	native
কেদেছি	k e d e chh i	native
কেদেছিল	k e d e chh i l O	native
কেদেছিলাম	k e d e chh i l a m	native
কেদেছিলেন	k e d e chh i l e n	native
কেদেছে	k e d e s e	native
কেদেছেন	k e d e chh e n	native
কেদো	k E d O	native
কেপে	k e p e	native
কেড়ে	k e r e	native
কেড়েলি	k e r e l i	native
কেয়ে	k e y e	native
কেঅট	k e o T	native
কেই	k e i	native
কেইকো	k e i k O	native
কেইট	k e i T	native
কেইটা	k e i T a	native
কেইটাকে	k e i T a k e	native
কেইটার	k e i T a r	native
কেইতা	k e i t a	native
কেইথ	k e i th	native
কেইন	k e i n	native
কেইনস	k e i n o sh	native
কেইনসিয়	k e i n sh i y	native
কেইনসের	k e i n o sh e r	native
কেইব	k e i b	native
কেইবা	k e i b a	native
কেইস	k e i sh	native
কেইসুকে	k e i sh u k e	native
কেউ	k e u	native
কেউই	k e u i	native
কেউও	k e u O	native
কেউকেটা	k e u k e T a	native
কেউটিল	k e u T i l	native
কেউটিয়া	k e u T i y a	native
কেউটে	k e u T e	native
কেউবা	k e u b a	native
কেউর	k e u r	native
কেএম	k e e m	native
কেও	k e O	native
কেওক্রাডং	k e O kr a D O ng	native
কেওড়া	k e O r a	native
কেওড়াগাছ	k e O r a g a chh	native
কেওড়াজল	k e O r a j O l	native
কেওড়াতলা	k e O r a t l a	native
কেওড়াবুনিয়া	k e O r a b u n i y a	native
কেওয়াটখালি	k e O y a T kh a l i	native
কেকা	k E k a	native
কেকেআরে	k e k e a r e	native
কেংগারু	k e ng g a r u	native
কেচাপ	k e ch a p	native
কেচোর	k E ch O r	native
কেচ্ছা	k e ch chh a	native
কেচ্ছাকাহিনি	k e ch chh a k a h i n i	native
কেজ	k e j	native
কেজরিওয়াল	k e j r i O y a l	native
কেজিপ্রতি	k e j i pr O t i	native
কেজিরও	k e j i r O	native
কেজেল	k e j e l	native
কেজো	k E j O	native
কেট	k e T	native
কেটকে	k e T k e	native
কেটা	k e T a	native
কেটি	k e T i	native
কেটির	k e T i r	native
কেটে	k e T e	native
কেটেই	k e T e i	native
কেটেও	k e T e O	native
কেটেছি	k e T e chh i	native
কেটেছিল	k e T e chh i l O	native
কেটেছিলেন	k e T e chh i l e n	native
কেটেছে	k e T e chh e	native
কেটের	k e T e r	native
কেটো	k E T O	native
কেঠো	k e Th O	native
কেঠোকাটি	k e Th O k a T i	native
কেডস	k e D o sh	native
কেড়ে	k e r e	native
কেতকি	k e t k i	native
কেতকির	k e t k i r	native
কেতা	k e t a	native
কেতাদুরস্ত	k e t a d u r o st O	native
কেতাব	k e t a b	native
কেতাবে	k e t a b e	native
কেতার	k e t a r	native
কেতু	k e t u	native
কেতুত	k e t u t	native
কেদার	k e d a r	native
কেদারনাথ	k e d a r n a th	native
কেদারা	k e d a r a	native
কেদারায়	k e d a r a y	native
কেদারিকা	k e d a r i k a	native
কেনই	k E n O i	native
কেনইবা	k E n i b a	native
কেনজি	k E n j i	native
কেনর	k E n O r	native
কেনসিংটন	k E n sh i ng T o n	native
কেনা	k e n a	native
কেনাই	k e n a i	native
কেনাও	k e n a O	native
কেনাকাটাও	k e n a k a T a O	native
কেনাকাটার	k e n a k a T a r	native
কেনাকাটাশহ	k e n a k a T a sh o h	native
কেনাকাটায়	k e n a k a T a y	native
কেনাকে	k e n a k e	native
কেনাটা	k e n a T a	native
কেনাডার	k e n a D a r	native
কেনানের	k e n a n e r	native
কেনাবেচা	k e n a b e ch a	native
কেনাবেচাও	k e n a b e ch a O	native
কেনাবেচাকে	k e n a b e ch a k e	native
কেনাবেচায়	k e n a b e ch a y	native
কেনার	k e n a r	native
কেনারও	k e n a r O	native
কেনার্ড	k e n a r D O	native
কেনাশহ	k e n a sh o h	native
কেনায়	k e n a y	native
কেনি	k e n i	native
কেনিকে	k e n i k e	native
কেনির	k e n i r	native
কেনিয়া	k e n i y a	native
কেনিয়াকে	k e n i y a k e	native
কেনিয়াতে	k e n i y a t e	native
কেনিয়ান	k e n i y a n	native
কেনিয়ানদের	k e n i y a n o d e r	native
কেনিয়ার	k e n i y a r	native
কেনিয়ায়	k e n i y a y	native
কেনে	k E n O e	native
কেনেডি	k e n e D i	native
কেনেথ	k e n e th	native
কেনেন	k e n e n	native
কেনেননি	k e n E n n i	native
কেনেনি	k e n e n i	native
কেন্টাকি	k e n T a k i	native
কেন্দ	k e nd O	native
কেন্দুলির	k e nd u l i r	native
কেন্দুয়া	k e nd u y a	native
কেন্দুয়ায়	k e nd u y a y	native
কেন্দ্রই	k e ndr O i	native
কেন্দ্রকে	k e ndr O k e	native
কেন্দ্রকেই	k e ndr O k e i	native
কেন্দ্রগুলোকে	k e ndr O g u l O k e	native
কেন্দ্রগুলোতে	k e ndr O g u l O t e	native
কেন্দ্রগুলোর	k e ndr O g u l O r	native
কেন্দ্রগুলোয়	k E ndr g u l O y	native
কেন্দ্রঘোশিত	k E ndr gh O sh i t	native
কেন্দ্রটি	k e ndr O T i	native
কেন্দ্রটিকে	k e ndr O T i k e	native
কেন্দ্রটিতে	k e ndr O T i t e	native
কেন্দ্রটির	k e ndr O T i r	native
কেন্দ্রবিন্দু	k E ndr b i nd u	native
কেন্দ্রবিন্দুতে	k E ndr b i nd u t e	native
কেন্দ্রভাগে	k E ndr bh a g e	native
কেন্দ্রভিত্তিক	k E ndr bh i tt i k	native
কেন্দ্রভুমি	k E ndr bh u m i	native
কেন্দ্রশাসিত	k E ndr sh a sh i t	native
কেন্দ্রসংলগ্ন	k E ndr sh O ng l O g n O	native
কেন্দ্রসচিব	k e ndr O sh O ch i b	native
কেন্দ্রসহ	k e ndr O sh o h O	native
কেন্দ্রস্থল	k E ndr o sth o l	native
কেন্দ্রস্থলে	k E ndr o sth o l e	native
কেন্দ্রস্থলেই	k E ndr o sth o l e i	native
কেন্দ্রিকতা	k e ndr i k t a	native
কেন্দ্রিভুত	k e ndr i bh u t	native
কেন্দ্রিয়	k e ndr i y	native
কেন্দ্রিভবন	k e ndr i bh b O n	native
কেন্দ্রিয়ভাবে	k e ndr i y bh a b e	native
কেন্দ্রেই	k e ndr e i	native
কেন্দ্রের	k e ndr e r	native
কেপ	k e p	native
কেপটাউন	k e p T a u n	native
কেপটাউনে	k e p T a u n e	native
কেপটাউনের	k e p T a u n e r	native
কেপলার	k e p l a r	native
কেপলারের	k e p l a r e r	native
কেপল্যান্ড	k e p l l a n D O	native
কেপি	k e p i	native
কেবট	k e b o T	native
কেবল	k e b o l	native
কেবলমাত্র	k e b l m a tr O	native
কেবলস	k e b l o sh	native
কেবলার	k e b l a r	native
কেবলের	k e b o l e r	native
কেবা	k E b a	native
কেবার	k E b a r	native
কেবি	k e b i	native
কেবিনে	k e b i n e	native
কেবিনেটে	k e b i n e T e	native
কেবেল	k e b e l	native
কেবেলর	k e b e l o r	native
কেভস	k e bh o sh	native
কেভি	k e bh i	native
কেভিতোভা	k e bh i t O bh a	native
কেভিতোভার	k e bh i t O bh a r	native
কেভিন	k e bh i n	native
কেভিনের	k e bh i n e r	native
কেভির	k e bh i r	native
কেম	k e m	native
কেমত	k E m o t	native
কেমনভাবে	k E m n bh a b e	native
কেমনে	k E m o n e	native
কেমার	k e m a r	native
কেমিকাল্স	k e m i k a l sh O	native
কেমিকেলস	k e m i k e l o sh	native
কেমিকোউশল	k e m i k O u sh o l	native
কেমিক্যালস	k e m i k k a l o sh	native
কেমিক্যালসের	k e m i k k a l o sh e r	native
কেমিক্যালে	k e m i k A l e	native
কেমো	k e m O	native
কেমোথেরাপি	k e m O th e r a p i	native
কেমোথেরাপির	k e m O th e r a p i r	native
কেমোর	k e m O r	native
কের	k e r	native
কেরকেটা	k E r k e T a	native
কেরাজ	k e r a j	native
কেরাত	k e r a t	native
কেরানি	k e r a n i	native
কেরানির	k e r a n i r	native
কেরানিহাট	k e r a n i h a T	native
কেরাম	k e r a m	native
কেরামত	k e r a m o t	native
কেরামতি	k e r a m t i	native
কেরামতিয়া	k e r a m t i y a	native
কেরামন	k e r a m O n	native
কেরালা	k e r a l a	native
কেরালার	k e r a l a r	native
কেরালায়	k e r a l a y	native
কেরি	k e r i	native
কেরিকে	k e r i k e	native
কেরির	k e r i r	native
কেরু	k e r u	native
কেরুনতলি	k e r u n t l i	native
কেরুল	k e r u l	native
কেল	k e l	native
কেলগ	k E l o g	native
কেলভিন	k E l bh i n	native
কেলা	k e l a	native
কেলানো	k e l a n O	native
কেলি	k e l i	native
কেলিশহর	k e l i sh o h O r	native
কেলু	k e l u	native
কেলে	k e l e	native
কেলেংকারি	k e l e ng k a r i	native
কেলেংকার	k e l e ng k a r	native
কেল্লা	k e l l a	native
কেল্লার	k e l l a r	native
কেল্লায়	k e l l a y	native
কেশ	k e sh	native
কেশকালা	k e sh k a l a	native
কেশব	k e sh o b	native
কেশবচন্দ্র	k e sh b ch O ndr O	native
কেশবপুর	k e sh b p u r	native
কেশবপুরে	k e sh b p u r e	native
কেশবপুরের	k e sh b p u r e r	native
কেশবানন্দ	k e sh b a n o nd O	native
কেশর	k e sh o r	native
কেশরহাট	k e sh r h a T	native
কেশাকেশি	k e sh a k e sh i	native
কেশাগ্র	k e sh a gr O	native
কেশি(–শিন্)	k e sh i | sh i n	compound
কেশে	k e sh e	native
কেশেল	k e sh e l	native
কেশ্ট	k e sh T O	native
কেশ্টার	k e sh T a r	native
কেসম	k e sh o m	native
কেসমত	k e sh m o t	native
কেসাস	k e sh a sh	native
কেসে	k e sh e	native
কেহ	k e h	native
কেহই	k e h O i	native
কেহনা	k e h n a	native
কেড়া	k E r a	native
কেড়ি	k e r i	native
কেড়েছিল	k e r e chh i l O	native
কেড়েছিলেন	k e r e chh i l e n	native
কেড়েছে	k e r e chh e	native
কেড়েছেন	k e r e chh e n	native
কেয়টখালি	k e y T kh a l i	native
কেয়া	k e y a	native
কেয়াইন	k e y a i n	native
কেয়াকাদি	k e y a k a d i	native
কেয়াকে	k e y a k e	native
কেয়াপাতা	k e y a p a t a	native
কেয়াপেজা	k e y a p E j a	native
কেয়াবন	k e y a b O n	native
কেয়ামত	k e y a m o t	native
কেয়ামতের	k e y a m o t e r	native
কেয়ামুল্লাহ	k e y a m u l l a h	native
কেয়ারগিভার	k e y a r g i bh a r	native
কেয়ারটেকার	k e y a r T e k a r	native
কেয়ারটেকারের	k e y a r T e k a r e r	native
কেয়ারি	k e y a r i	native
কেয়ারে	k e y a r e	native
কেয়ার্ন	k e y a r n O	native
কেয়ার্নস	k e y a r n o sh	native
কেয়ার্নের	k e y a r n e r	native
কেয়ুর	k e y u r	native
ক্রেডিবল	kr e D i b o l	native
ক্রেডেনশিয়াল	kr e D e n sh i y a l	native
ক্রেতব্য	kr e t o b b O	native
ক্রেতা	kr e t a	native
ক্রেতাও	kr e t a O	native
ক্রেতাদের	kr e t a d e r	native
ক্রেতাদেরও	kr e t a d e r O	native
ক্রেতাপ্রতিশ্ঠান	kr e t a pr t i sh Th a n	native
ক্রেতার	kr e t a r	native
ক্রেতারা	kr e t a r a	native
ক্রেতারাই	kr e t a r a i	native
ক্রেতারাও	kr e t a r a O	native
ক্রেতাশুন্য	kr e t a sh u n n O	native
ক্রেতাসাধারনকে	kr e t a sh a dh a r n k e	native
ক্রেতাসাধারনের	kr e t a sh a dh a r n e r	native
ক্রেতাহিন	kr e t a h i n	native
ক্রেস	kr e sh	native
ক্লেশকর	kl e sh k O r	native
খেদংগ	kh e d o ng g	native
গেমসটা	g E m o sh T a	native
গেমসটি	g E m o sh T i	native
গেমসে	g E m o sh e	native
গেমসের	g E m o sh e r	native
গেমার	g e m a r	native
গেমারকে	g e m a r k e	native
গেমাররা	g e m a r r a	native
গেমে	g e m e	native
গের	g e r	native
গেরন	g E r o n	native
গেরলিও	g E r l i O	native
গেরস্ত	g E r o st O	native
গেরস্থালি	g E r sth a l i	native
গেরস্থালির	g E r sth a l i r	native
গেরহার্ড	g E r h a r D O	native
গেরাকুল	g e r a k u l	native
গেরানি	g e r a n i	native
গেরামে	g e r a m e	native
গেরি	g e r i	native
গেরিলারা	g e r i l a r a	native
গেরুবাজ	g e r u b a j	native
গেরুয়া	g e r u y a	native
গেরোনিমো	g e r O n i m O	native
গেরোবাজ	g e r O b a j	native
গেরোর	g e r O r	native
গের্দ	g e r d O	native
গের্দা	g E r d a	native
গেল	g e l	native
গেলই	g e l i	native
গেলবার	g E l b a r	native
গেলমান	g E l m a n	native
গেলসন	g E l sh O n	native
গেহু	g e h u	native
গেড়েছিল	g e r e chh i l O	native
গেড়েছিলেন	g e r e chh i l e n	native
গেড়েছে	g e r e chh e	native
গেড়েছেন	g e r e chh e n	native
গেয়	g e y	native
গেয়ান	g e y a n	native
গেয়েই	g e y e i	native
গেয়েও	g e y e O	native
গেয়েছি	g e y e chh i	native
গেয়েছিলাম	g e y e chh i l a m	native
গেয়েছিলেন	g e y e chh i l e n	native
গেয়েছে	g e y e chh e	native
গেয়েছেন	g e y e chh e n	native
গ্যেটের	g e T e r	native
গ্রে	gr e	native
গ্রেটন	gr e T o n	native
গ্রেটব্যাচ	gr e T b A ch	native
গ্রেটব্যাচের	gr e T b A ch e r	native
গ্রেডভুক্ত	gr e D bh u kt O	native
গ্রেপ্তারও	gr e p t a r o O	native
গ্রেপ্তারকরা	gr e p t a r k o r a	native
গ্রেপ্তাররা	gr e p t a r r a	native
গ্রেপ্তারশহ	gr e p t a r sh o h	native
গ্রেপ্তারেরও	gr e p t a r e r o O	native
গ্রের	gr e r	native
গ্লেন	g l e n	native
গ্লেনকোরের	g l E n k O r e r	native
গ্লেন্ডা	g l E n D a	native
গ্লেসনির	g l e sh n i r	native
ঘেচি	gh e ch i	native
ঘেটু	gh e T u	native
ঘেটেও	gh e T e O	native
ঘেশ	gh e sh	native
ঘেশতে	gh e sh t e	native
ঘেশা	gh e sh a	native
ঘেশাঘেশি	gh e sh a gh e sh i	native
ঘেশে	gh e sh e	native
ঘেশেই	gh e sh e i	native
ঘেংরাল	gh e ng r a l	native
ঘেইত	gh e i t	native
ঘেউ	gh e u	native
ঘেচু	gh e ch u	native
ঘেচড়া	gh e ch r a	native
ঘেটি	gh e T i	native
ঘেটুপুত্র	gh e T u p u tr O	native
ঘেটেল	gh e T e l	native
ঘেন	gh e n	native
ঘেন্না	gh E nn a	native
ঘেমে	gh e m e	native
ঘের	gh e r	native
ঘেরটি	gh e r T i	native
ঘেরমালিক	gh E r m a l i k	native
ঘেরা	gh e r a	native
ঘেরাও	gh e r a O	native
ঘেরাওয়ের	gh e r a O y e r	native
ঘেরাটোপ	gh e r a T O p	native
ঘেরাটোপে	gh e r a T O p e	native
ঘেরাটোপের	gh e r a T O p e r	native
ঘেরে	gh e r e	native
ঘেসে	gh e sh e	native
ঘেসেড়া	gh e sh e r a	native
ঘেসো	gh E sh O	native
ঘেসড়ানি	gh e sh r a n i	native
ঘেয়ো	gh E y O	native
চে	ch e	native
চেচাচ্ছে	ch e ch a ch chh e	native
চেচাতে	ch e ch a t e	native
চেচানো	ch e ch a n O	native
চেচামেচি	ch e ch a m e ch i	native
চেচামেচিতে	ch e ch a m e ch i t e	native
চেচামেচির	ch e ch a m e ch i r	native
চেচিয়ে	ch e ch i y e	native
চেচড়া	ch e ch r a	native
চেছে	ch e chh e	native
চেং	ch e ng	native
চেংদু	ch e ng d u	native
চেংড়া	ch E ng r a	native
চেইনে	ch e i n e	native
চেওনান	ch e O n a n	native
চেক-ইনের	ch e k | i n e r	compound
চেকআপ	ch e k a p	native
চেকআপের	ch e k a p e r	native
চেকও	ch e k o O	native
চেকটি	ch e k T i	native
চেকনাই	ch e k n a i	native
চেকবই	ch e k b O i	native
চেকস	ch e k o sh	native
চেকার	ch e k a r	native
চেকারের	ch e k a r e r	native
চেকিং	ch e k i ng	native
চেকে	ch e k e	native
চেকের	ch e k e r	native
চেকোস্লোভাকিয়া	ch e k O s l O bh a k i y a	native
চেখভের	ch e kh bh e r	native
চেখে	ch e kh e	native
চেংগি	ch e ng g i	native
চেংগিস	ch e ng g i sh	native
চেংগুটিয়া	ch e ng g u T i y a	native
চেচনিয়া	ch e ch n i y a	native
চেচনিয়ার	ch e ch n i y a r	native
চেচনিয়ায়	ch e ch n i y a y	native
চেচান	ch e ch a n	native
চেচেন	ch e ch e n	native
চেজ	ch e j	native
চেজার	ch e j a r	native
চেটিয়া	ch e T i y a	native
চেটিয়াকে	ch e T i y a k e	native
চেটিয়ার	ch e T i y a r	native
চেটে	ch e T e	native
চেটেপুটে	ch e T e p u T e	native
চেতক	ch e t o k	native
চেতকি	ch e t k i	native
চেতন	ch e t o n	native
চেতনা	ch e t n a	native
চেতনাই	ch e t n a i	native
চেতনাও	ch e t n a O	native
চেতনাগত	ch e t n a g o t	native
চেতনাগতভাবে	ch e t n a g t bh a b e	native
চেতনাটি	ch e t n a T i	native
চেতনানাশক	ch e t n a n a sh o k	native
চেতনাবিরোধি	ch e t n a b i r O dh i	native
চেতনাবোধ	ch e t n a b O dh	native
চেতনাসংবলিত	ch e t n a sh O ng b l i t	native
চেতনাসম্পন্ন	ch e t n a sh o mp o nn O	native
চেতনায়	ch e t n a y	native
চেতা	ch E t a	native
চেত্তা	ch E tt a	native
চেদি	ch e d i	native
চেনজার	ch E n j a r	native
চেনা	ch e n a	native
চেনাই	ch e n a i	native
চেনাতে	ch e n a t e	native
চেনান	ch e n a n	native
চেনানো	ch e n a n O	native
চেনানোর	ch e n a n O r	native
চেনাব	ch e n a b	native
চেনাবে	ch e n a b e	native
চেনালেন	ch e n a l e n	native
চেনি	ch e n i	native
চেনিকে	ch e n i k e	native
চেনির	ch e n i r	native
চেন্নাই	ch e nn a i	native
চেন্নাইকে	ch e nn a i k e	native
চেন্নাইতে	ch e nn a i t e	native
চেন্নাইয়ে	ch e nn a i y e	native
চেন্নাইয়ের	ch e nn a i y e r	native
চেপটা	ch e p T a	native
চেপা	ch E p a	native
চেপে	ch e p e	native
চেপেই	ch e p e i	native
চেপেছে	ch e p e chh e	native
চেপ্টা	ch E p T a	native
চেব	ch e b	native
চেবেল্লা	ch e b e l l a	native
চেমচায়না	ch E m ch a y n a	native
চেমন	ch E m o n	native
চেম্বারও	ch e mb a r o O	native
চেম্বারকে	ch e mb a r k e	native
চেম্বারগুলোর	ch e mb a r g u l O r	native
চেম্বারশহ	ch e mb a r sh o h	native
চেম্বারস	ch e mb a r o sh	native
চেম্বারে	ch e mb a r e	native
চের	ch e r	native
চেরনোবিল	ch E r n O b i l	native
চেরনোবিলে	ch E r n O b i l e	native
চেরনোবিলের	ch E r n O b i l e r	native
চেরা	ch e r a	native
চেরাংঘাটা	ch e r a ng gh a T a	native
চেরাই	ch e r a i	native
চেরাগআলি	ch e r a g a l i	native
চেরাগি	ch e r a g i	native
চেরাগের	ch e r a g e r	native
চেরাডাংগি	ch e r a D a ng g i	native
চেরি	ch e r i	native
চেরিপুরি	ch e r i p u r i	native
চেরিল	ch e r i l	native
চেরুকুরি	ch e r u k u r i	native
চেরেনকোভ	ch e r e n k O bh	native
চেরয়াট	ch E r y a T	native
চেল	ch e l	native
চেলসি	ch E l sh i	native
চেলসিও	ch E l sh i O	native
চেলসিকে	ch E l sh i k e	native
চেলসির	ch E l sh i r	native
চেলি	ch e l i	native
চেল্লাচেল্লি	ch e l l a ch e l l i	native
চেল্লানো	ch e l l a n O	native
চেশ্টা	ch e sh T a	native
চেশ্টাই	ch e sh T a i	native
চেশ্টাও	ch e sh T a O	native
চেশ্টাকালে	ch e sh T a k a l e	native
চেশ্টাকে	ch e sh T a k e	native
চেশ্টাটা	ch e sh T a T a	native
চেশ্টাটাই	ch e sh T a T a i	native
চেশ্টাতেই	ch e sh T a t e i	native
চেশ্টার	ch e sh T a r	native
চেশ্ঠা	ch E sh Th a	native
চেশ্ট	ch e sh T O	native
চেশ্টক	ch e sh T o k	native
চেশ্টমান	ch e sh T m a n	native
চেশ্টাকারি	ch e sh T a k a r i	native
চেশ্টাকারিদের	ch e sh T a k a r i d e r	native
চেশ্টাকারিরা	ch e sh T a k a r i r a	native
চেশ্টাচরিত্র	ch E sh T a ch O r i tr O	native
চেশ্টাটি	ch e sh T a T i	native
চেশ্টাটুকু	ch e sh T a T u k u	native
চেশ্টাতেও	ch e sh T a t e O	native
চেশ্টানো	ch e sh T a n O	native
চেশ্টারও	ch e sh T a r o O	native
চেশ্টারত	ch e sh T a r o t	native
চেশ্টাশহ	ch e sh T a sh o h	native
চেশ্টায়	ch e sh T a y	native
চেশ্টায়ও	ch e sh T a y o O	native
চেস	ch e sh	native
চেসল	ch e sh o l	native
চেসিস	ch e sh i sh	native
চেহারা	ch e h a r a	native
চেহারাই	ch e h a r a i	native
চেহারাও	ch e h a r a O	native
চেহারাকে	ch e h a r a k e	native
চেহারাগুলো	ch e h a r a g u l O	native
চেহারাটাই	ch e h a r a T a i	native
চেহারাটি	ch e h a r a T i	native
চেহারার	ch e h a r a r	native
চেহারারও	ch e h a r a r o O	native
চেহারায়	ch e h a r a y	native
চেহেল	ch e h e l	native
চেহেলগাজি	ch e h e l g a j i	native
চেোউধুরি	ch e u dh u r i	native
চেয়	ch e y	native
চেয়াপারসনের	ch e y a p a r sh n e r	native
চেয়াম্যান	ch e y a m m a n	native
চেয়ারই	ch e y a r O i	native
চেয়ারকে	ch e y a r k e	native
চেয়ারকোচের	ch e y a r k O ch e r	native
চেয়ারগুলো	ch e y a r g u l O	native
চেয়ারটা	ch e y a r T a	native
চেয়ারটায়	ch e y a r T a y	native
চেয়ারটি	ch e y a r T i	native
চেয়ারটিতে	ch e y a r T i t e	native
চেয়ারপারসন	ch e y a r p a r sh O n	native
চেয়ারপারসনই	ch e y a r p a r sh O n i	native
চেয়ারপারসনকে	ch e y a r p a r sh O n k e	native
চেয়ারপারসনশহ	ch e y a r p a r sh n sh o h	native
চেয়ারপারসনের	ch e y a r p a r sh O n e r	native
চেয়ারম্যানই	ch e y a r m m a n O i	native
চেয়ারম্যানও	ch e y a r m m a n o O	native
চেয়ারম্যানকেও	ch e y a r m m a n k e O	native
চেয়ারম্যানঘাটে	ch e y a r m m a n gh a T e	native
চেয়ারম্যানপ্রার্থি	ch e y a r m m a n pr a r th i	native
চেয়ারম্যানশহ	ch e y a r m m a n sh o h	native
চেয়ারম্যানেরও	ch e y a r m m a n e r o O	native
চেয়ারে	ch e y a r e	native
চেয়ারের	ch e y a r e r	native
চেয়াড়ি	ch e y a r i	native
চেয়ে	ch e y e	native
চেয়েই	ch e y e i	native
চেয়েও	ch e y e O	native
চেয়েচিন্তে	ch e y e ch i nt e	native
চেয়েছ	ch e y e chh	native
চেয়েছি	ch e y e chh i	native
চেয়েছিনু	ch e y e chh i n u	native
চেয়েছিল	ch e y e chh i l O	native
চেয়েছিলাম	ch e y e chh i l a m	native
চেয়েছিলেন	ch e y e chh i l e n	native
চেয়েছে	ch e y e chh e	native
চেয়েছেন	ch e y e chh e n	native
ছেউড়িয়া	chh e u r i y a	native
ছেউড়িয়ায়	chh e u r i y a y	native
ছেক	chh e k	native
ছেকা	chh E k a	native
ছেকে	chh e k e	native
ছেচা	chh E ch a	native
ছেচোড়	chh e ch O r	native
ছেদা	chh E d a	native
ছেদে	chh e d e	native
ছেদো	chh E d O	native
ছেড়া	chh e r a	native
ছেড়াকে	chh e r a k e	native
ছেড়াছিড়ি	chh e r a chh i r i	native
ছেড়াদ্বিপ	chh e r a d i p	native
ছেড়াদ্বিপে	chh e r a d i p e	native
ছেড়াদ্বিপের	chh e r a d i p e r	native
ছেড়ার	chh e r a r	native
ছেড়ে	chh e r e	native
ছেংগারচর	chh e ng g a r ch O r	native
ছেউড়িয়াতে	chh e u r i y a t e	native
ছেচকি	chh e ch k i	native
ছেচল্লিশ	chh e ch O l l i sh	native
ছেচল্লিশের	chh e ch O l l i sh e r	native
ছেড়ে	chh e r e	native
ছেতো	chh E t O	native
ছেত্তা	chh E tt a	native
ছেদ	chh e d	native
ছেদন	chh e d o n	native
ছেনি	chh e n i	native
ছেনোরা	chh e n O r a	native
ছেনোরাকে	chh e n O r a k e	native
ছেনোরার	chh e n O r a r	native
ছেনোরিয়া	chh e n O r i y a	native
ছেপারা	chh e p a r a	native
ছেপে	chh e p e	native
ছেপেছি	chh e p e chh i	native
ছেপেছিল	chh e p e chh i l O	native
ছেপেছিলাম	chh e p e chh i l a m	native
ছেপেছে	chh e p e chh e	native
ছেপেছেন	chh e p e chh e n	native
ছেফলা	chh e ph l a	native
ছেব	chh e b	native
ছেবল	chh e b o l	native
ছেবড়	chh e b o r	native
ছেমহলা	chh E m h l a	native
ছেমোচাপা	chh e m O ch a p a	native
ছেমড়া	chh E m r a	native
ছেরি	chh e r i	native
ছেলিয়া	chh e l i y a	native
ছেলেই	chh e l e i	native
ছেলেও	chh e l e O	native
ছেলেকে	chh e l e k e	native
ছেলেকেই	chh e l e k e i	native
ছেলেকেও	chh e l e k e O	native
ছেলেখেলা	chh e l e kh E l a	native
ছেলেখেলাই	chh e l e kh E l a i	native
ছেলেগুলো	chh e l e g u l O	native
ছেলেগুলোর	chh e l e g u l O r	native
ছেলেটাকে	chh e l e T a k e	native
ছেলেটার	chh e l e T a r	native
ছেলেটিই	chh e l e T i i	native
ছেলেটির	chh e l e T i r	native
ছেলেতে	chh e l e t e	native
ছেলেদের	chh e l e d e r	native
ছেলেদেরই	chh e l e d e r O i	native
ছেলেদেরও	chh e l e d e r o O	native
ছেলেধরা	chh e l e dh o r a	native
ছেলেধরার	chh e l e dh o r a r	native
ছেলেপুলে	chh e l e p u l e	native
ছেলেপুলেদের	chh e l e p u l e d e r	native
ছেলেপুলের	chh e l e p u l e r	native
ছেলেপুলেরা	chh e l e p u l e r a	native
ছেলেপেলে	chh e l e p e l e	native
ছেলেবেলা	chh e l e b e l a	native
ছেলেবেলায়	chh e l e b e l a y	native
ছেলেমানুশ	chh e l e m a n u sh	native
ছেলেমানুশি	chh e l e m a n u sh i	native
ছেলেমেয়ে	chh e l e m e y e	native
ছেলেমেয়েই	chh e l e m e y e i	native
ছেলেমেয়েও	chh e l e m e y e O	native
ছেলেমেয়েকে	chh e l e m e y e k e	native
ছেলেমেয়েগুলো	chh e l e m e y e g u l O	native
ছেলেমেয়েগুলোর	chh e l e m e y e g u l O r	native
ছেলেমেয়েদের	chh e l e m e y e d e r	native
ছেলেমেয়েদেরও	chh e l e m e y e d e r o O	native
ছেলেমেয়ের	chh e l e m e y e r	native
ছেলেমেয়েরা	chh e l e m e y e r a	native
ছেলেমেয়েরাই	chh e l e m e y e r a i	native
ছেলেমেয়েরাও	chh e l e m e y e r a O	native
ছেলেমেয়েশহ	chh e l e m e y e sh o h	native
ছেলেরই	chh e l e r O i	native
ছেলেরও	chh e l e r o O	native
ছেলেরাই	chh e l e r a i	native
ছেলেরাও	chh e l e r a O	native
ছেলেশিশু	chh e l e sh i sh u	native
ছেলেশিশুদের	chh e l e sh i sh u d e r	native
ছেলেশিশুর	chh e l e sh i sh u r	native
ছেলেশিশুরা	chh e l e sh i sh u r a	native
ছেলেসন্তান	chh e l e sh o nt a n	native
ছেলেসন্তানের	chh e l e sh o nt a n e r	native
ছেলেসহ	chh e l e sh o h O	native
ছেলেহারা	chh e l e h a r a	native
ছেলো	chh E l O	native
ছেশট্টি	chh e sh T T i	native
ছেশট্টিতে	chh e sh T T i t e	native
ছেশট্টির	chh e sh T T i r	native
ছেহের	chh e h e r	native
ছেহেরা	chh e h e r a	native
ছেড়েই	chh e r e i	native
ছেড়েও	chh e r e O	native
ছেড়েছি	chh e r e chh i	native
ছেড়েছিল	chh e r e chh i l O	native
ছেড়েছিলাম	chh e r e chh i l a m	native
ছেড়েছিলেন	chh e r e chh i l e n	native
ছেড়েছুড়ে	chh e r e chh u r e	native
ছেড়েছে	chh e r e chh e	native
ছেড়েছেন	chh e r e chh e n	native
ছেড়ো	chh E r O	native
ছেয়া	chh e y a	native
ছেয়ানি	chh e y a n i	native
ছেয়াল	chh e y a l	native
ছেয়ে	chh e y e	native
জে	j e	native
জেকো	j e k O	native
জেআর	j e a r	native
জেই	j e i	native
জেইন	j e i n	native
জেইস	j e i sh	native
জেইসন	j e i sh o n	native
জেএল	j e e l	native
জেও	j e O	native
জেওন	j e O n	native
জেক	j e k	native
জেকব	j e k o b	native
জেকস	j e k o sh	native
জেকেউ	j e k e u	native
জেকের	j e k e r	native
জেকোন	j e k O n	native
জেকোনও	j e k O n o O	native
জেকোনো	j e k O n O	native
জেকোনোভাবে	j e k O n O bh a b e	native
জেকোনোভাবেই	j e k O n O bh a b e i	native
জেখান	j e kh a n	native
জেখানকার	j e kh a n k a r	native
জেখানে	j e kh a n e	native
জেখানেই	j e kh a n e i	native
জেগু	j e g u	native
জেগুলি	j e g u l i	native
জেগুলো	j e g u l O	native
জেগুলোকে	j e g u l O k e	native
জেগুলোতে	j e g u l O t e	native
জেগুলোর	j e g u l O r	native
জেগে	j e g e	native
জেগেই	j e g e i	native
জেগেছে	j e g e chh e	native
জেচে	j e ch e	native
জেজে	j e j e	native
জেট	j e T	native
জেটা	j e T a	native
জেটাই	j e T a i	native
জেটাকে	j e T a k e	native
জেটাতে	j e T a t e	native
জেটার	j e T a r	native
জেটিঘাট	j e T i gh a T	native
জেটিঘাটে	j e T i gh a T e	native
জেটুকু	j e T u k u	native
জেঠা	j E Th a	native
জেডি	j e D i	native
জেডিপিসি	j e D i p i sh i	native
জেডু	j e D u	native
জেত	j e t	native
জেতব্য	j e t o b b O	native
জেতা	j e t a	native
জেতাই	j e t a i	native
জেতাকে	j e t a k e	native
জেতাটা	j e t a T a	native
জেতাটাই	j e t a T a i	native
জেতাতে	j e t a t e	native
জেতানো	j e t a n O	native
জেতানোর	j e t a n O r	native
জেতাবে	j e t a b e	native
জেতাবেন	j e t a b e n	native
জেতাম	j e t a m	native
জেতার	j e t a r	native
জেতারই	j e t a r i	native
জেতায়	j e t a y	native
জেতে	j e t e	native
জেতেই	j e t e i	native
জেতেও	j e t e O	native
জেতেননি	j e t e n n i	native
জেতেনি	j e t e n i	native
জেতেপারে	j e t e p a r e	native
জেতো	j E t O	native
জেথা	j e th a	native
জেদ	j e d	native
জেদং	j e d O ng	native
জেদটা	j e d T a	native
জেদান	j e d a n	native
জেদি	j e d i	native
জেদিক	j e d i k	native
জেদিকে	j e d i k e	native
জেদিন	j e d i n	native
জেদির	j e d i r	native
জেদে	j e d e	native
জেদের	j e d e r	native
জেদ্দার	j e d d a r	native
জেদ্দায়	j e d d a y	native
জেন	j e n	native
জেনতেন	j E n t e n	native
জেনতেনভাবে	j E n t e n bh a b e	native
জেনস	j E n o sh	native
জেনসেন	j E n sh e n	native
জেনানা	j e n a n a	native
জেনানি	j e n a n i	native
জেনার	j e n a r	native
জেনারালাই	j e n a r a l a i	native
জেনারেলশহ	j e n a r e l sh o h	native
জেনারেশনের	j e n a r e sh o n e r	native
জেনারো	j e n a r O	native
জেনি	j e n i	native
জেনিটর	j e n i T o r	native
জেনিটিক্যালি	j e n i T i k k a l i	native
জেনিথ	j e n i th	native
জেনিথের	j e n i th e r	native
জেনিরো	j e n i r O	native
জেনিরোতে	j e n i r O t e	native
জেনিরোর	j e n i r O r	native
জেনিস	j e n i sh	native
জেনিসিস	j e n i sh i sh	native
জেনেইরোর	j e n e i r O r	native
জেনেটিকস	j e n e T i k o sh	native
জেনেটিক্যালি	j e n e T i k k a l i	native
জেনেত্তি	j e n e tt i	native
জেনেবুঝে	j e n e b u jh e	native
জেনেবুঝেই	j e n e b u jh e i	native
জেনেভা	j e n e bh a	native
জেনেভাভিত্তিক	j e n e bh a bh i tt i k	native
জেনেভায়	j e n e bh a y	native
জেনেরিওতে	j e n e r i O t e	native
জেনেশুনেই	j e n e sh u n e i	native
জেনেশুনেও	j e n e sh u n e O	native
জেনেসিস	j e n e sh i sh	native
জেনো	j e n O	native
জেনোভ্যালি	j e n O b bh a l i	native
জেনোমিকস	j e n O m i k o sh	native
জেনোসাইড	j e n O sh a i D	native
জেন্টস	j e n T o sh	native
জেন্টস্	j e n T o sh	native
জেন্ড	j e n D O	native
জেন্ডারবোইশম্য	j e n D a r b O i sh o m m O	native
জেন্দ	j e nd O	native
জেন্দাগানি	j e nd a g a n i	native
জেন্দান	j e nd a n	native
জেবঘড়ি	j e b gh r i	native
জেবলি	j e b l i	native
জেবসন	j e b sh O n	native
জেবসনের	j e b sh O n e r	native
জেবার	j e b a r	native
জেবি	j e b i	native
জেবিন	j e b i n	native
জেবু	j e b u	native
জেবুন	j e b u n	native
জেবুননেছা	j e b u n n e chh a	native
জেবুন্নাহার	j e b u nn a h a r	native
জেবুন্নেছা	j e b u nn e chh a	native
জেবুন্নেসা	j e b u nn e sh a	native
জেবেল	j e b e l	native
জেভাবে	j e bh a b e	native
জেভাবেই	j e bh a b e i	native
জেভি	j e bh i	native
জেভিয়ার	j e bh i y a r	native
জেমকন	j E m k O n	native
জেমন	j E m o n	native
জেমনই	j E m o n i	native
জেমনটা	j e m O n T a	native
জেমনটি	j E m o n T i	native
জেমনভাবে	j E m n bh a b e	native
জেমনি	j E m n i	native
জেমনিভাবে	j E m n i bh a b e	native
জেমস	j E m o sh	native
জেমসের	j E m o sh e r	native
জেমাহ	j e m a h	native
জেম্স	j e m sh O	native
জেরকম	j e r o k O m	native
জেরবার	j E r b a r	native
জেরম	j E r o m	native
জেরাত	j e r a t	native
জেরার	j e r a r	native
জেরার্ড	j e r a r D O	native
জেরার্ডো	j e r a r D O	native
জেরার্দো	j e r a r d O	native
জেরাল্ড	j e r a l D O	native
জেরায়	j e r a y	native
জেরিনা	j e r i n a	native
জেরুজালেমশহ	j e r u j a l e m sh o h	native
জেরুপ	j e r u p	native
জেরে	j e r e	native
জেরেই	j e r e i	native
জেরোনিমো	j e r O n i m O	native
জেরোনিমোর	j e r O n i m O r	native
জেরোম	j e r O m	native
জেরোমে	j e r O m e	native
জেলকোড	j E l k O D	native
জেলখাটা	j E l kh a T a	native
জেলখানা	j E l kh a n a	native
জেলখানার	j E l kh a n a r	native
জেলখানায়	j E l kh a n a y	native
জেলজিবন	j E l j i b o n	native
জেলজুলুম	j E l j u l u m	native
জেলদ	j E l o d	native
জেলহত্যার	j e l h O t t a r	native
জেলহাজত	j E l h a j o t	native
জেলাপর্যায়ে	j e l a p r a y e	native
জেলাপ্রশাসক	j e l a pr sh a sh o k	native
জেলাবাসির	j e l a b a sh i r	native
জেলাভিত্তিক	j e l a bh i tt i k	native
জেলায়	j e l a y	native
জেলায়ই	j e l a y O i	native
জেলায়ও	j e l a y o O	native
জেলায়া	j e l a y a	native
জেলেই	j e l e i	native
জেলেও	j e l e O	native
জেলেকে	j e l e k e	native
জেলেখালি	j e l e kh a l i	native
জেলেদেরও	j e l e d e r o O	native
জেলেনা	j e l e n a	native
জেলেপল্লি	j e l e p l l i	native
জেলেপাড়া	j e l e p a r a	native
জেলেপাড়ার	j e l e p a r a r	native
জেলেপাড়ায়	j e l e p a r a y	native
জেলেপ্রতি	j e l e pr O t i	native
জেলেরা	j e l e r a	native
জেলেরাই	j e l e r a i	native
জেলেরাও	j e l e r a O	native
জেলেসহ	j e l e sh o h O	native
জেলো	j E l O	native
জেল্লা	j E l l a	native
জেশ্চার	j e sh ch a r	native
জেশ্ঠ্য	j e sh Th j O	native
জেসকল	j e sh k O l	native
জেসন	j e sh o n	native
জেসপার	j e sh p a r	native
জেসব	j e sh o b	native
জেসমস্ত	j e sh o m O st O	native
জেসাস	j e sh a sh	native
জেসি	j e sh i	native
জেসিকা	j e sh i k a	native
জেসিকার	j e sh i k a r	native
জেসির	j e sh i r	native
জেহাদ	j e h a d	native
জেহান	j e h a n	native
জেহেতু	j e h e t u	native
জেহেন	j e h e n O	native
জেয়	j e y	native
জেয়াদ	j e y a d	native
জ্যেশ্ঠ	j e sh Th O	native
জ্যেশ্ঠতা	j e sh Th t a	native
জ্যেশ্ঠতার	j e sh Th t a r	native
জ্যেশ্ঠতম	j e sh Th t o m	native
জ্যেশ্ঠদের	j e sh Th d e r	native
জ্যেশ্ঠরা	j e sh Th r a	native
জ্যেশ্ঠি	j e sh Th i	native
ঝেটিয়ে	jh e T i y e	native
ঝেং	jh e ng	native
ঝেংয়ের	jh e ng y e r	native
ঝেজিয়াং	jh e j i y a ng	native
ঝের্ঝরিক	jh e r jh r i k	native
ঝেড়ে	jh e r e	native
টে	T e	native
টেকা	T e k a	native
টেকি	T e k i	native
টেটা	T e T a	native
টেপি	T e p i	native
টেংগারচর	T e ng g a r ch O r	native
টেইট	T e i T	native
টেইটকে	T e i T k e	native
টেইল	T e i l	native
টেইলর	T e i l o r	native
টেইলরকে	T e i l o r k e	native
টেইলরের	T e i l o r e r	native
টেইলার	T e i l a r	native
টেকটনিক	T e k T n i k	native
টেকটোনিক	T e k T O n i k	native
টেকনাফসহ	T e k n a ph sh o h O	native
টেকনিক	T e k n i k	native
টেকনিকের	T e k n i k e r	native
টেকনিক্যাল	T e k n i k k a l	native
টেকনিক্যালি	T e k n i k k a l i	native
টেকনিশিয়ান	T e k n i sh i y a n	native
টেকনিশিয়ানরা	T e k n i sh i y a n r a	native
টেকনো	T e k n O	native
টেকনোএজ	T e k n O e j	native
টেকনোক্র্যাট	T e k n O k r a T	native
টেকনোক্র্যাটদের	T e k n O k r a T d e r	native
টেকনোনিডস	T e k n O n i D o sh	native
টেকনোলজি	T e k n O l j i	native
টেকনোলজিকে	T e k n O l j i k e	native
টেকনোলজিক্যাল	T e k n O l j i k k a l	native
টেকনোলজিতে	T e k n O l j i t e	native
টেকনোলজির	T e k n O l j i r	native
টেকনোলজিস	T e k n O l j i sh	native
টেকনোলজিসের	T e k n O l j i sh e r	native
টেকভ্যালি	T e k b bh a l i	native
টেকসইভাবে	T e k sh i bh a b e	native
টেকাতে	T e k a t e	native
টেকানো	T e k a n O	native
টেকানোর	T e k a n O r	native
টেকার	T e k a r	native
টেকারদের	T e k a r d e r	native
টেকারি	T e k a r i	native
টেকাল	T e k a l	native
টেকিং	T e k i ng	native
টেকেননি	T e k e n n i	native
টেকেনি	T e k e n i	native
টেকের	T e k e r	native
টেকেরবাজার	T e k e r b a j a r	native
টেকেরহাট	T e k e r h a T	native
টেকো	T E k O	native
টেক্কর	T e k k o r	native
টেক্কা	T E k k a	native
টেক্সটাইল	T e k s T a i l	native
টেখে	T e kh e	native
টেগর	T e g o r	native
টেগামুখ	T e g a m u kh	native
টেংগরি	T e ng g r i	native
টেজন	T e j o n	native
টেটন	T e T o n	native
টেটারি	T e T a r i	native
টেটিয়া	T e T i y a	native
টেন	T e n	native
টেনবি	T E n b i	native
টেনশনে	T e n sh o n e	native
টেনশনের	T e n sh o n e r	native
টেনশান	T E n sh a n	native
টেনা	T e n a	native
টেনিস	T e n i sh	native
টেনিসকে	T e n i sh k e	native
টেনিসে	T e n i sh e	native
টেনে	T e n e	native
টেনেও	T e n e O	native
টেনেছিলেন	T e n e chh i l e n	native
টেনের	T e n e r	native
টেনেহিচড়ে	T e n e h i ch r e	native
টেন্টে	T e n T e	native
টেন্ডাই	T e n D a i	native
টেন্ডারবাজ	T e n D a r b a j	native
টেন্ডারবাজির	T e n D a r b a j i r	native
টেন্ডারবাজিসহ	T e n D a r b a j i sh o h O	native
টেন্ডারবাজেরা	T e n D a r b a j e r a	native
টেন্ডারে	T e n D a r e	native
টেন্ডুলকার	T e n D u l k a r	native
টেন্ডুলকারই	T e n D u l k a r O i	native
টেন্ডুলকারও	T e n D u l k a r o O	native
টেন্ডুলকারকে	T e n D u l k a r k e	native
টেন্ডুলকারকেই	T e n D u l k a r k e i	native
টেন্ডুলকারকেও	T e n D u l k a r k e O	native
টেন্ডুলকারসহ	T e n D u l k a r sh o h O	native
টেন্ডুলকারের	T e n D u l k a r e r	native
টেন্ডুলকারেরই	T e n D u l k a r e r O i	native
টেন্ডুলকারেরও	T e n D u l k a r e r o O	native
টেপকো	T e p k O	native
টেপকোকে	T e p k O k e	native
টেপকোর	T e p k O r	native
টেপা	T e p a	native
টেপাখোলা	T e p a kh O l a	native
টেপার	T e p a r	native
টেপে	T e p e	native
টেবিলওয়্যার	T e b i l O y a r	native
টেবিলসহ	T e b i l sh o h O	native
টেবিলেই	T e b i l e i	native
টেবিলেও	T e b i l e O	native
টেবুনিয়া	T e b u n i y a	native
টেবুলেশন	T e b u l e sh o n	native
টেমস	T E m o sh	native
টেম্পল	T e mp o l	native
টেম্পোচালক	T E mp O ch a l O k	native
টেম্পোজাত্রি	T e mp O j a tr i	native
টেম্বা	T E mb a	native
টেরই	T e r i	native
টেরও	T e r O	native
টেরর	T e r r	native
টেরা	T e r a	native
টেরাকোটার	T e r a k O T a r	native
টেরাবাইট	T e r a b a i T	native
টেরাবাইটের	T e r a b a i T e r	native
টেরাহার্টজ	T e r a h a r T o j	native
টেরি	T e r i	native
টেরিকে	T e r i k e	native
টেরিজা	T e r i j a	native
টেরিটরিয়াল	T e r i T r i y a l	native
টেরিটাওয়েল	T e r i T a O y e l	native
টেরিটোরিয়াল	T e r i T O r i y a l	native
টেরিবল	T e r i b o l	native
টেরির	T e r i r	native
টেরিস্ট্রিয়াল	T e r i s T r i y a l	native
টেরে	T e r e	native
টেরেসে	T e r e sh e	native
টেরোরিজম	T e r O r i j o m	native
টেল	T e l	native
টেলর	T e l r	native
টেলা	T E l a	native
টেলার	T E l a r	native
টেলি	T e l i	native
টেলিকম	T e l i k o m	native
টেলিকমিউনিকেশন	T e l i k m i u n i k e sh o n	native
টেলিকমিউনিকেশনস	T e l i k m i u n i k e sh n o sh	native
টেলিকমিনিউকেশনস	T e l i k m i n i u k e sh n o sh	native
টেলিছবি	T e l i chh O b i	native
টেলিছবিটি	T e l i chh O b i T i	native
টেলিছবিটির	T e l i chh O b i T i r	native
টেলিছবির	T e l i chh O b i r	native
টেলিজোগাজোগ	T e l i j O g a j O g	native
টেলিটককে	T e l i T o k k e	native
টেলিটকের	T e l i T o k e r	native
টেলিনর	T e l i n o r	native
টেলিনরের	T e l i n o r e r	native
টেলিজোগাজোগব্যবস্থা	T e l i j O g a j O g b A b O sth a	native
টেলিজোগাজোগমন্ত্রি	T e l i j O g a j O g m O n t r i	native
টেলিজোগাজোগমন্ত্রিকে	T e l i j O g a j O g m O n t r i k e	native
টেলিজোগাজোগমন্ত্রির	T e l i j O g a j O g m O n t r i r	native
টেলিজোগাজোগসচিব	T e l i j O g a j O g sh O ch i b	native
টেলিজোগাজোগসহ	T e l i j O g a j O g sh o h O	native
টেলিজোগাজোগসেবা	T e l i j O g a j O g sh e b a	native
টেলিজোগাজোগে	T e l i j O g a j O g e	native
টেলিজোগাজোগের	T e l i j O g a j O g e r	native
টেলিসার্ভিসেস	T e l i sh a r bh i sh e sh	native
টেলে	T e l e	native
টেলের	T e l e r	native
টেল্ক	T e l k O	native
টেল্লো	T E l l O	native
টেশিস	T e sh i sh	native
টেশিসের	T e sh i sh e r	native
টেস	T e sh	native
টেসকো	T e sh k O	native
টেসলা	T e sh l a	native
টেসলার	T e sh l a r	native
টেসা	T E sh a	native
টেসি	T e sh i	native
টেসোরো	T e sh O r O	native
টেসোরোর	T e sh O r O r	native
টেসোরোরে	T e sh O r O r e	native
টেহা	T E h a	native
টেড়ড়া	T e r r a	native
টেয়	T e y	native
ট্রেইন	T r e i n	native
ট্রেইনার	T r e i n a r	native
ট্রেইনি	T r e i n i	native
ট্রেইল	T r e i l	native
ট্রেইলর	T r e i l o r	native
ট্রেইলারগুলো	T r e i l a r g u l O	native
ট্রেইলে	T r e i l e	native
ট্রেক	T r e k	native
ট্রেগো	T r E g O	native
ট্রেজার	T r e j a r	native
ট্রেজারার	T r e j a r a r	native
ট্রেডওয়েল	T r e D O y e l	native
ট্রেডমার্কস	T r e D m a r k o sh	native
ট্রেডমিল	T r e D m i l	native
ট্রেডমিলে	T r e D m i l e	native
ট্রেডার	T r e D a r	native
ট্রেনগুলোতে	T r e n g u l O t e	native
ট্রেনচালক	T r e n ch a l O k	native
ট্রেনচালকের	T r e n ch a l O k e r	native
ট্রেনজাত্রি	T r E n j a tr i	native
ট্রেনজাত্রিদের	T r E n j a tr i d e r	native
ট্রেনজোগে	T r E n j O g e	native
ট্রেনার	T r e n a r	native
ট্রেনিংসহ	T r e n i ng sh o h O	native
ট্রেনে	T r e n e	native
ট্রেনেও	T r e n e O	native
ট্রেনেরই	T r e n e r O i	native
ট্রেনেরও	T r e n e r o O	native
ট্রেন্ডজ	T r e n D o j	native
ট্রেন্ডস	T r e n D o sh	native
ট্রেবল	T r e b o l	native
ট্রেবলজয়ি	T r e b l j y i	native
ট্রেভর	T r e bh o r	native
ট্রেলর	T r E l o r	native
ট্রেলার	T r e l a r	native
ট্রেসকোথিক	T r e sh k O th i k	native
ট্রেসকোথিকের	T r e sh k O th i k e r	native
ট্রেসলার	T r e sh l a r	native
ট্রেসি	T r e sh i	native
ট্রেসিয়ের	T r e sh i y e r	native
ঠেং	Th e ng	native
ঠেক	Th e k	native
ঠেকছিল	Th e k chh i l O	native
ঠেকছে	Th e k chh e	native
ঠেকত	Th e k o t	native
ঠেকতে	Th e k t e	native
ঠেকবে	Th e k b e	native
ঠেকরা	Th e k r a	native
ঠেকল	Th e k o l	native
ঠেকাই	Th E k a i	native
ঠেকাও	Th E k a O	native
ঠেকাতে	Th E k a t e	native
ঠেকাতেই	Th E k a t e i	native
ঠেকাতেও	Th E k a t e O	native
ঠেকান	Th e k a n	native
ঠেকানা	Th e k a n a	native
ঠেকানো	Th e k a n O	native
ঠেকানোয়	Th e k a n O y	native
ঠেকাব	Th e k a b	native
ঠেকাবেন	Th e k a b e n	native
ঠেকাল	Th e k a l	native
ঠেকালে	Th e k a l e	native
ঠেকালেন	Th e k a l e n	native
ঠেকায়	Th e k a y	native
ঠেকি	Th e k i	native
ঠেকিয়ে	Th e k i y e	native
ঠেকিয়েই	Th e k i y e i	native
ঠেকিয়েছে	Th e k i y e chh e	native
ঠেকিয়েছেন	Th e k i y e chh e n	native
ঠেকেছিল	Th e k e chh i l O	native
ঠেকেনি	Th e k e n i	native
ঠেকো	Th E k O	native
ঠেংে	Th e ng	native
ঠেল	Th e l	native
ঠেলছে	Th E l chh e	native
ঠেলতে	Th e l t e	native
ঠেললে	Th E l l e	native
ঠেলাগাড়ি	Th e l a g a r i	native
ঠেলাগাড়িচালক	Th e l a g a r i ch a l O k	native
ঠেলাগাড়িতে	Th e l a g a r i t e	native
ঠেলাগাড়ির	Th e l a g a r i r	native
ঠেলাঠেলি	Th e l a Th e l i	native
ঠেলাঠেলির	Th e l a Th e l i r	native
ঠেলার	Th E l a r	native
ঠেলায়	Th e l a y	native
ঠেলে	Th e l e	native
ঠেলেই	Th e l e i	native
ঠেলেন	Th e l e n	native
ঠেস	Th e sh	native
ঠেসারা	Th e sh a r a	native
ঠেসে	Th e sh e	native
ঠ্যেকো	Th j E k O	native
ডে	D e	native
ডেপল	D e p o l	native
ডেড়েমুশে	D e r e m u sh e	native
ডেয়ে	D e y e	native
ডেংগু	D e ng g u	native
ডেইজি	D e i j i	native
ডেইজিকে	D e i j i k e	native
ডেইজির	D e i j i r	native
ডেইরি	D e i r i	native
ডেইরিপন্য	D e i r i p O n n O	native
ডেইল	D e i l	native
ডেইলি	D e i l i	native
ডেইলে	D e i l e	native
ডেউইন	D e u i n	native
ডেকচি	D e k ch i	native
ডেকচিতে	D e k ch i t e	native
ডেকটি	D e k T i	native
ডেকা	D e k a	native
ডেকান	D e k a n	native
ডেকানের	D e k a n e r	native
ডেকার	D e k a r	native
ডেকারের	D e k a r e r	native
ডেকুরা	D e k u r a	native
ডেকে	D e k e	native
ডেকেই	D e k e i	native
ডেকেও	D e k e O	native
ডেকেছি	D e k e chh i	native
ডেকেছিলাম	D e k e chh i l a m	native
ডেকেছিলে	D e k e chh i l e	native
ডেকেছিলেন	D e k e chh i l e n	native
ডেকেছে	D e k e chh e	native
ডেকেছেন	D e k e chh e n	native
ডেকের	D e k e r	native
ডেকোর	D e k O r	native
ডেকোরেটর	D e k O r e T o r	native
ডেকোরেটরের	D e k O r e T o r e r	native
ডেকোরেটিভ	D e k O r e T i bh	native
ডেকোরেশনের	D e k O r e sh o n e r	native
ডেগরা	D e g r a	native
ডেংগর	D e ng g o r	native
ডেংগা	D E ng g a	native
ডেংগুর	D e ng g u r	native
ডেজালিয়েন	D e j a l i y e n	native
ডেট	D e T	native
ডেটল	D e T o l	native
ডেটলাইন	D e T l a i n	native
ডেটাবেইজ	D e T a b e i j	native
ডেটাবেইস	D e T a b e i sh	native
ডেটাবেইসে	D e T a b e i sh e	native
ডেটাবেইসের	D e T a b e i sh e r	native
ডেটাসফট	D e T a sh ph o T	native
ডেটে	D e T e	native
ডেটোনেটর	D e T O n e T o r	native
ডেড	D e D	native
ডেতে	D e t e	native
ডেথ	D e th	native
ডেথলি	D e th l i	native
ডেথে	D e th e	native
ডেন	D e n	native
ডেনড্রন	D E n o D r o n	native
ডেনড্রাইট	D E n D r a i T	native
ডেনপাসার	D E n p a sh a r	native
ডেনভার	D E n bh a r	native
ডেনভারে	D E n bh a r e	native
ডেনভারের	D E n bh a r e r	native
ডেনমার্ক	D E n m a r k O	native
ডেনসন	D E n sh O n	native
ডেনসিটি	D E n sh i T i	native
ডেনসো	D E n sh O	native
ডেনি	D e n i	native
ডেনিং	D e n i ng	native
ডেনিমস	D e n i m o sh	native
ডেনিশ	D e n i sh	native
ডেনিস	D e n i sh	native
ডেনিয়েল	D e n i y e l	native
ডেন্ডাবর	D e n D a b o r	native
ডেপ	D e p	native
ডেপথ	D e p o th	native
ডেপুটেশনে	D e p u T e sh n e	native
ডেপুরা	D e p u r a	native
ডেফকন	D e ph k O n	native
ডেফকনের	D e ph k O n e r	native
ডেফোডিল	D e ph O D i l	native
ডেবরা	D e b r a	native
ডেবারমিন	D e b a r m i n	native
ডেবিট	D e b i T	native
ডেব্ট	D e b T O	native
ডেব্যু	D e b b u	native
ডেভ	D e bh	native
ডেভন	D e bh o n	native
ডেভনের	D e bh o n e r	native
ডেভি	D e bh i	native
ডেভিট	D e bh i T	native
ডেভিডকে	D e bh i D o k e	native
ডেভির	D e bh i r	native
ডেভিল	D e bh i l	native
ডেভিলরা	D e bh i l r a	native
ডেভিলস	D e bh i l o sh	native
ডেভিলসকে	D e bh i l o sh k e	native
ডেভিলসের	D e bh i l o sh e r	native
ডেভিস	D e bh i sh	native
ডেভিসকে	D e bh i sh k e	native
ডেভিসন	D e bh i sh o n	native
ডেভিসের	D e bh i sh e r	native
ডেভিয়ানা	D e bh i y a n a	native
ডেভিয়েশন	D e bh i y e sh o n	native
ডেভেলপ	D e bh e l o p	native
ডেভেলপমেন্টাল	D e bh e l p m e n T a l	native
ডেভেলপারস	D e bh e l p a r o sh	native
ডেমক্রেসিওয়াচ	D E m kr e sh i O y a ch	native
ডেমদের	D E m d e r	native
ডেমরা	D e m o r a	native
ডেমরার	D e m o r a r	native
ডেমা	D E m a	native
ডেমিরেল	D e m i r e l	native
ডেমু	D e m u	native
ডেমো	D e m O	native
ডেমোক্র্যাট	D e m O k r a T	native
ডেমোক্র্যাটরা	D e m O k r a T r a	native
ডেমোক্র্যাটরাও	D e m O k r a T r a O	native
ডেমোক্র্যাটসরা	D e m O k r a T sh r a	native
ডেমোক্র্যাটিক	D e m O k r a T i k	native
ডেমোক্র্যাসি	D e m O k r a sh i	native
ডেম্বা	D E mb a	native
ডের	D e r	native
ডেরডিয়োক	D E r D i y O k	native
ডেরা	D e r a	native
ডেরার	D e r a r	native
ডেরায়	D e r a y	native
ডেরেক	D e r e k	native
ডেল	D e l	native
ডেলও	D e l O	native
ডেলওয়্যার	D E l O y a r	native
ডেলকো	D E l k O	native
ডেলটা	D e l T a	native
ডেলা	D e l a	native
ডেলাওয়ার	D e l a O y a r	native
ডেলিগেশন	D e l i g e sh o n	native
ডেলিগেশনের	D e l i g e sh o n e r	native
ডেলিশিয়া	D e l i sh i y a	native
ডেলো	D E l O	native
ডেল্টায়	D e l T a y	native
ডেস	D e sh	native
ডেসকাট	D e sh k a T	native
ডেসকাটের	D e sh k a T e r	native
ডেসটিনি	D e sh T i n i	native
ডেসটিনিকে	D e sh T i n i k e	native
ডেসটিনির	D e sh T i n i r	native
ডেসট্রাকশন	D e sh T r a k sh O n	native
ডেসমন্ড	D e sh m o n D O	native
ডেসা	D e sh a	native
ডেসার	D e sh a r	native
ডেসালিয়ান	D e sh a l i y a n	native
ডেসালিয়েন	D e sh a l i y e n	native
ডেসিবল	D e sh i b o l	native
ডেসিবেল	D e sh i b e l	native
ডেসিমা	D e sh i m a	native
ডেসিলিটার	D e sh i l i T a r	native
ডেহান	D e h a n	native
ডেহুয়া	D e h u y a	native
ডেহেরি	D e h e r i	native
ডেয়ার	D e y a r	native
ডেয়ারডেভিলস	D e y a r D e bh i l o sh	native
ডেয়ারডেভিলসকে	D e y a r D e bh i l o sh k e	native
ডেয়ারডেভিলসের	D e y a r D e bh i l o sh e r	native
ড্রেইসার	D r e i sh a r	native
ড্রেক	D r e k	native
ড্রেনথে	D r E n th e	native
ড্রেসডেন	D r e sh D e n	native
ড্রেসার	D r e sh a r	native
ড্রেসিংরুমমুখি	D r e sh i ng r u m m u kh i	native
ড্রেসিডেল	D r e sh i D e l	native
ড্রেসে	D r e sh e	native
ঢেকিতে	Dh e k i t e	native
ঢেকুর	Dh e k u r	native
ঢেটা	Dh E T a	native
ঢেড়	Dh e r	native
ঢেড়া	Dh E r a	native
ঢেউকে	Dh e u k e	native
ঢেউগুলো	Dh e u g u l O	native
ঢেউটিন	Dh e u T i n	native
ঢেউটিনের	Dh e u T i n e r	native
ঢেউয়ে	Dh e u y e	native
ঢেউয়ের	Dh e u y e r	native
ঢেকির	Dh e k i r	native
ঢেকে	Dh e k e	native
ঢেকেছে	Dh e k e chh e	native
ঢেপ	Dh e p	native
ঢেপা	Dh E p a	native
ঢেপুয়া	Dh e p u y a	native
ঢেমনা	Dh E m n a	native
ঢেমনি	Dh E m n i	native
ঢেমসা	Dh E m sh a	native
ঢের	Dh e r	native
ঢেলা	Dh E l a	native
ঢেলে	Dh e l e	native
ঢেলেছে	Dh e l e chh e	native
ঢেলেছেন	Dh e l e chh e n	native
ঢেসা	Dh E sh a	native
ঢেড়ি	Dh e r i	native
নেহ	n e h	native
তেজগাও	t e j g a O	native
তেতুল	t e t u l	native
তেতুলগাছের	t e t u l g a chh e r	native
তেতুলঝাড়া	t e t u l jh a r a	native
তেতুলতলা	t e t u l t l a	native
তেতুলবাড়িয়া	t e t u l b a r i y a	native
তেতুলিয়া	t e t u l i y a	native
তেতুলিয়ার	t e t u l i y a r	native
তেতুলিয়ায়	t e t u l i y a y	native
তেতুলের	t e t u l e r	native
তেতো	t E t O	native
তেসি	t e sh i	native
তেই	t e i	native
তেইশ	t e i sh	native
তেইশে	t e i sh e	native
তেউ	t e u	native
তেউটে	t e u T e	native
তেউনি	t e u n i	native
তেএ	t e e	native
তেও	t e O	native
তেওতা	t e O t a	native
তেওর	t e O r	native
তেওরা	t e O r a	native
তেওড়	t e O r	native
তেওয়ারির	t e O y a r i r	native
তেকাটা	t e k a T a	native
তেকাঠা	t e k a Th a	native
তেকে	t e k e	native
তেকোনা	t e k O n a	native
তেগ	t e g	native
তেগারি	t e g a r i	native
তেগুসিগালপা	t e g u sh i g a l p a	native
তেজই	t e j O i	native
তেজকুনিপাড়া	t e j k u n i p a r a	native
তেজকুনি	t e j k u n i	native
তেজকুনিপাড়ার	t e j k u n i p a r a r	native
তেজগাওসহ	t e j g a O sh o h O	native
তেজগাওয়ে	t e j g a O y e	native
তেজগাওয়ের	t e j g a O y e r	native
তেজদাসকাঠি	t e j d a sh k a Th i	native
তেজন	t e j o n	native
তেজপাতার	t e j p a t a r	native
তেজব	t e j o b	native
তেজবর	t e j o b r	native
তেজবেত	t e j b e t	native
তেজস্ক্রিয়	t e j sh k r i y	native
তেজস্ক্রিয়তা	t e j sh k r i y t a	native
তেজস্ক্রিয়তার	t e j sh k r i y t a r	native
তেজস্ক্রিয়তায়	t e j sh k r i y t a y	native
তেজস্ক্রিয়া	t e j sh k r i y a	native
তেজস্ক্রিয়ার	t e j sh k r i y a r	native
তেজস্ক্রিয়ায়	t e j sh k r i y a y	native
তেজাব	t e j a b	native
তেজি	t e j i	native
তেজি–মন্দি	t e j i | m O nd i	compound
তেজিয়ান	t e j i y a n	native
তেজেন্দ্র	t e j e ndr O	native
তেজো	t e j O	native
তেজোগর্ভ	t e j O g o r bh O	native
তেজোদিপ্ত	t e j O d i p t O	native
তেজোহিন	t e j O h i n	native
তেতলা	t e t l a	native
তেতাম্বা	t e t a mb a	native
তেতাল্লিশ	t e t a l l i sh	native
তেতাস	t e t a sh	native
তেতুইতলা	t e t u i t l a	native
তেতে	t e t e	native
তেত্রিশ	t e tr i sh	native
তেথর	t e th o r	native
তেন	t e n	native
তেনশ্রি	t E n s r i	native
তেনা	t e n a	native
তেনাদের	t e n a d e r	native
তেনারা	t e n a r a	native
তেনুয়া	t e n u y a	native
তেন্ডুলকর	t e n D u l k O r	native
তেপান্তর	t e p a nt o r	native
তেপায়া	t e p a y a	native
তেপ্পান্ন	t e p p a nn O	native
তেবাড়িয়া	t e b a r i y a	native
তেবাড়িয়ায়	t e b a r i y a y	native
তেভাগা	t e bh a g a	native
তেভাগার	t e bh a g a r	native
তেভার	t e bh a r	native
তেভেজও	t e bh e j o O	native
তেভেজরা	t e bh e j r a	native
তেভেস	t e bh e sh	native
তেমত	t E m o t	native
তেমন	t E m o n	native
তেমনই	t E m o n i	native
তেমনটাই	t E m O n T a i	native
তেমনটি	t E m o n T i	native
তেমনটিই	t E m o n T i i	native
তেমনভাবে	t E m n bh a b e	native
তেমনভাবেই	t E m n bh a b e i	native
তেমনি	t E m n i	native
তেমনিই	t E m n i i	native
তেমনিভাবে	t E m n i bh a b e	native
তেমবা	t E m b a	native
তেমোরজাদা	t e m O r j a d a	native
তের	t e r	native
তেরই	t e r i	native
তেরঘর	t E r gh O r	native
তেরঘরে	t E r gh O r e	native
তেরঘরের	t e r gh o r e r	native
তেরছা	t E r chh a	native
তেরশ্রি	t E r s r i	native
তেরাই	t e r a i	native
তেরাত্তির	t e r a tt i r	native
তেরি	t e r i	native
তেরিজ	t e r i j	native
তেরিশ	t e r i sh	native
তেরে	t e r e	native
তেরেকি	t e r e k i	native
তেরেজা	t e r e j a	native
তেরেট	t e r e T	native
তেরেসা	t e r e sh a	native
তেরেসাকে	t e r e sh a k e	native
তেরেসোপোলিস	t e r e sh O p O l i sh	native
তেরোখাদা	t e r O kh a d a	native
তেরোর	t E r O r	native
তেলআবিব	t E l a b i b	native
তেলকল	t E l k O l	native
তেলকাড়া	t E l k a r a	native
তেলকুপ	t E l k u p	native
তেলকে	t e l k e	native
তেলখেকো	t E l kh e k O	native
তেলগুলো	t e l g u l O	native
তেলচালিত	t E l ch a l i t	native
তেলচিত্র	t E l ch i tr O	native
তেলজাতিয়	t E l j a t i y	native
তেলজুক্ত	t E l j u kt O	native
তেলটা	t e l T a	native
তেলটি	t e l T i	native
তেলট্যাংকারটি	t e l T A ng k a r T i	native
তেলতেলে	t E l t e l e	native
তেলনির্ভর	t E l n i r bh o r	native
তেলপ্রবাহ	t E l o pr b a h	native
তেলপড়া	t E l p r a	native
তেলবাহি	t E l b a h i	native
তেলবিজ	t E l b i j	native
তেলভিত্তিক	t E l bh i tt i k	native
তেলমজুদ	t E l m j u d	native
তেলমন্ত্রি	t e l m O n t r i	native
তেলমুক্ত	t E l m u kt O	native
তেলমো	t E l m O	native
তেলরং	t E l o r O ng	native
তেলরংে	t E l o r O ng	native
তেলরংের	t E l o r O ng r o	native
তেলশিল্পের	t E l sh i l p e r	native
তেলসম্পদ	t E l sh o mp o d	native
তেলা	t e l a	native
তেলাওয়াত	t e l a O y a t	native
তেলাওয়াতের	t e l a O y a t e r	native
তেলাপিয়া	t e l a p i y a	native
তেলাপোকাকে	t e l a p O k a k e	native
তেলাপোকাদের	t e l a p O k a d e r	native
তেলাপোকার	t e l a p O k a r	native
তেলাপোকারা	t e l a p O k a r a	native
তেলায়ত	t e l a y o t	native
তেলি	t e l i	native
তেলিখালি	t e l i kh a l i	native
তেলিগাতি	t e l i g a t i	native
তেলিপাড়া	t e l i p a r a	native
তেলুগু	t e l u g u	native
তেলে	t e l e	native
তেলেই	t e l e i	native
তেলেংগানা	t e l e ng g a n a	native
তেলেংগানাকে	t e l e ng g a n a k e	native
তেলেছমাত	t e l e chh m a t	native
তেলেনা	t e l e n a	native
তেলের	t e l e r	native
তেলো	t E l O	native
তেশরা	t e sh r a	native
তেশিরা	t e sh i r a	native
তেশ্টা	t E sh T a	native
তেশট্টি	t e sh T T i	native
তেসরা	t e sh r a	native
তেহজিব	t e h j i b	native
তেহরান	t e h r a n	native
তেহরানকে	t e h r a n k e	native
তেহরানে	t e h r a n e	native
তেহরানের	t e h r a n e r	native
তেহরিক	t e h r i k	native
তেহাই	t e h a i	native
তেহাতি	t e h a t i	native
তেহাত্তর	t e h a tt o r	native
তেহারা	t e h a r a	native
তেহারি	t e h a r i	native
তেহারির	t e h a r i r	native
তেহেলকা	t e h e l k a	native
তেহেলকার	t e h e l k a r	native
তেৎকে	t e t k e	native
তেড়	t e r	native
তেড়ি	t e r i	native
তেড়ে	t e r e	native
তেড়েও	t e r e O	native
তেয়াগ	t e y a g	native
ত্রেজেগে	tr e j e g e	native
ত্রেজেগের	tr e j e g e r	native
ত্রেতা	tr E t a	native
থে	th e	native
থেতলানো	th e t l a n O	native
থেতলে	th e t l e	native
থেং	th e ng	native
থেই	th e i	native
থেইকা	th e i k a	native
থেইক্যা	th e i k A	native
থেইন	th e i n	native
থেও	th e O	native
থেকা	th E k a	native
থেকেই	th e k e i	native
থেকেও	th e k e O	native
থেকেছি	th e k e chh i	native
থেকেছেন	th e k e chh e n	native
থেকো	th E k O	native
থেগামুখ	th e g a m u kh	native
থেতো	th E t O	native
থেন	th e n	native
থেবাকুমার	th e b a k u m a r	native
থেভা	th E bh a	native
থেমে	th e m e	native
থেমেই	th e m e i	native
থেমেছিল	th e m e chh i l O	native
থেমেছে	th e m e chh e	native
থেরন	th E r o n	native
থেরাপি	th e r a p i	native
থেরাপিউটিকস	th e r a p i u T i k o sh	native
থেরাপির	th e r a p i r	native
থেরেসা	th e r e sh a	native
থেলেনি	th e l e n i	native
থেলো	th E l O	native
থেহা	th E h a	native
থ্রেট	th r e T	native
দে	d e	native
দেতো	d E t O	native
দেআসিনি	d e a sh i n i	native
দেই	d e i	native
দেইখা	d e i kh a	native
দেইখ্যা	d e i kh a	native
দেইনি	d e i n i	native
দেইর	d e i r	native
দেউদে	d e u d e	native
দেউরি	d e u r i	native
দেউল	d e u l	native
দেউলিয়া	d e u l i y a	native
দেউলিয়াপনা	d e u l i y a p n a	native
দেউলিয়ার	d e u l i y a r	native
দেউলে	d e u l e	native
দেউলের	d e u l e r	native
দেউড়ি	d e u r i	native
দেউড়িতে	d e u r i t e	native
দেউড়ির	d e u r i r	native
দেও	d e O	native
দেওকলস	d e O k l o sh	native
দেওঘরে	d e O gh r e	native
দেওতা	d e O t a	native
দেওদাশা	d e O d a sh a	native
দেওনারায়ন	d e O n a r a y O n	native
দেওনের	d e O n e r	native
দেওবন্দ	d e O b o nd O	native
দেওবন্দি	d e O b nd i	native
দেওবন্দের	d e O b nd e r	native
দেওভোগ	d e O bh O g	native
দেওভোগে	d e O bh O g e	native
দেওর	d e O r	native
দেওল	d e O l	native
দেওহাটা	d e O h a T a	native
দেওড়া	d e O r a	native
দেওয়াই	d e O y a i	native
দেওয়াও	d e O y a O	native
দেওয়াকে	d e O y a k e	native
দেওয়াকেও	d e O y a k e O	native
দেওয়াটা	d e O y a T a	native
দেওয়াটাই	d e O y a T a i	native
দেওয়াটাও	d e O y a T a O	native
দেওয়াটাকে	d e O y a T a k e	native
দেওয়াতে	d e O y a t e	native
দেওয়াতেই	d e O y a t e i	native
দেওয়াতেও	d e O y a t e O	native
দেওয়ান	d e O y a n	native
দেওয়ানকে	d e O y a n k e	native
দেওয়ানপাড়ার	d e O y a n p a r a r	native
দেওয়ানপাড়ায়	d e O y a n p a r a y	native
দেওয়ানবাগ	d e O y a n b a g	native
দেওয়ানবাড়ি	d e O y a n b a r i	native
দেওয়ানসহ	d e O y a n sh o h O	native
দেওয়ানহাট	d e O y a n h a T	native
দেওয়ানহাটে	d e O y a n h a T e	native
দেওয়ানহাটের	d e O y a n h a T e r	native
দেওয়ানি	d e O y a n i	native
দেওয়ানের	d e O y a n e r	native
দেওয়ানো	d e O y a n O	native
দেওয়ানোর	d e O y a n O r	native
দেওয়ামাত্র	d e O y a m a tr O	native
দেওয়ামাত্রই	d e O y a m a tr o i	native
দেওয়ার	d e O y a r	native
দেওয়ারই	d e O y a r O i	native
দেওয়ারও	d e O y a r o O	native
দেওয়াল	d e O y a l	native
দেওয়ালে	d e O y a l e	native
দেওয়াসংক্রান্ত	d e O y a s o ng k r a n t O	native
দেওয়াসহ	d e O y a sh o h O	native
দেওয়ায়	d e O y a y	native
দেওয়া–নেওয়া	d e O y a | n e O y a	compound
দেকতে	d e k t e	native
দেকে	d e k e	native
দেখছ	d e kh o chh	native
দেখছি	d e kh chh i	native
দেখছিও	d e kh chh i O	native
দেখছিল	d e kh chh i l O	native
দেখছিলাম	d e kh chh i l a m	native
দেখছিলেন	d e kh chh i l e n	native
দেখছিস	d e kh chh i sh	native
দেখতা	d e kh t a	native
দেখতাম	d e kh t a m	native
দেখতি	d e kh t i	native
দেখতেই	d e kh t e i	native
দেখতেও	d e kh t e O	native
দেখতেন	d e kh t e n	native
দেখন	d e kh o n	native
দেখনি	d e kh O n i	native
দেখন–হাসি	d e kh o n | h a sh i	compound
দেখবা	d e kh b a	native
দেখবি	d e kh b i	native
দেখবে	d e kh b e	native
দেখবেনই	d e kh b e n O i	native
দেখভালে	d e kh bh a l e	native
দেখল	d e kh o l	native
দেখলা	d e kh l a	native
দেখলাম	d e kh l a m	native
দেখলুম	d e kh l u m	native
দেখলেই	d e kh l e i	native
দেখলেও	d e kh l e O	native
দেখলেনই	d e kh l e n O i	native
দেখাই	d E kh a i	native
দেখাইতে	d E kh a i t e	native
দেখাইনি	d e kh a i n i	native
দেখাইয়া	d e kh a i y a	native
দেখাও	d E kh a O	native
দেখাক	d e kh a k	native
দেখাকে	d E kh a k e	native
দেখাচ্ছি	d e kh a ch chh i	native
দেখাচ্ছিলেন	d e kh a ch chh i l e n	native
দেখাচ্ছে	d e kh a ch chh e	native
দেখাটা	d E kh a T a	native
দেখাটাই	d E kh a T a i	native
দেখাটাও	d E kh a T a O	native
দেখাত	d e kh a t	native
দেখাতাম	d e kh a t a m	native
দেখাতে	d E kh a t e	native
দেখাতেই	d E kh a t e i	native
দেখাতেন	d e kh a t e n	native
দেখাতো	d e kh a t O	native
দেখাদেখিও	d E kh a d e kh i O	native
দেখাদেখির	d E kh a d e kh i r	native
দেখান	d e kh a n	native
দেখানো	d e kh a n O	native
দেখানোই	d e kh a n O i	native
দেখানোও	d e kh a n O O	native
দেখানোর	d e kh a n O r	native
দেখানোরও	d e kh a n O r o O	native
দেখানোসহ	d e kh a n O sh o h O	native
দেখানোয়	d e kh a n O y	native
দেখাব	d e kh a b O	native
দেখাবার	d e kh a b a r	native
দেখাবে	d e kh a b e	native
দেখাবেন	d e kh a b e n	native
দেখাবো	d e kh a b O	native
দেখামাত্র	d e kh a m a tr O	native
দেখামাত্রই	d e kh a m a tr o i	native
দেখারই	d E kh a r i	native
দেখারও	d E kh a r O	native
দেখাল	d e kh a l	native
দেখালাম	d e kh a l a m	native
দেখালেই	d E kh a l e i	native
দেখালেও	d E kh a l e O	native
দেখাশোনার	d E kh a sh O n a r	native
দেখাশোনায়	d e kh a sh O n a y	native
দেখায়	d e kh a y	native
দেখায়নি	d e kh a y n i	native
দেখি	d e kh i	native
দেখিআ	d e kh i a	native
দেখিওনি	d e kh i O n i	native
দেখিতেছি	d e kh i t e chh i	native
দেখিনা	d e kh i n a	native
দেখিনি	d e kh i n i	native
দেখিবার	d e kh i b a r	native
দেখিল	d e kh i l	native
দেখিলাম	d e kh i l a m	native
দেখিস	d e kh i sh	native
দেখিয়া	d e kh i y a	native
দেখিয়ে	d e kh i y e	native
দেখিয়েই	d e kh i y e i	native
দেখিয়েও	d e kh i y e O	native
দেখিয়েছি	d e kh i y e chh i	native
দেখিয়েছিল	d e kh i y e chh i l O	native
দেখিয়েছিলাম	d e kh i y e chh i l a m	native
দেখিয়েছিলেন	d e kh i y e chh i l e n	native
দেখিয়েছে	d e kh i y e chh e	native
দেখিয়েছেন	d e kh i y e chh e n	native
দেখে	d E kh e	native
দেখেই	d E kh e i	native
দেখেও	d E kh e O	native
দেখেছ	d e kh e chh	native
দেখেছি	d e kh e chh i	native
দেখেছিল	d e kh e chh i l O	native
দেখেছিলাম	d e kh e chh i l a m	native
দেখেছিলেম	d e kh e chh i l e m	native
দেখেছিস	d e kh e chh i sh	native
দেখেছে	d e kh e chh e	native
দেখেছেন	d e kh e chh e n	native
দেখেন	d e kh e n	native
দেখেননি	d e kh e n n i	native
দেখেনি	d e kh e n i	native
দেখেশুনেই	d e kh e sh u n e i	native
দেগু	d e g u	native
দেগুতে	d e g u t e	native
দেগেছেন	d e g e chh e n	native
দেচ্ছে	d e ch chh e	native
দেছ	d e chh	native
দেজা	d e j a	native
দেজান	d e j a n	native
দেন্ডারা	d e n D a r a	native
দেতে	d e t e	native
দেদপ্যমান	d e d o p m a n	native
দেদার	d e d a r	native
দেদারছে	d e d a r chh e	native
দেদারসে	d e d a r sh e	native
দেদিপ্যমান	d e d i p m a n	native
দেদো	d E d O	native
দেধান	d e dh a n	native
দেন	d e n	native
দেনইনি	d E n i n i	native
দেনদরবার	d E n d r b a r	native
দেনদরবারে	d E n d r b a r e	native
দেনদরবারের	d E n d r b a r e r	native
দেননি	d E n n i	native
দেনমোহর	d E n m O h o r	native
দেনমোহরে	d E n m O h o r e	native
দেনা	d e n a	native
দেনাদার	d e n a d a r	native
দেনাপাওনা	d e n a p a O n a	native
দেনায়	d e n a y	native
দেনুয়া	d e n u y a	native
দেনেওয়ালাদের	d e n e O y a l a d e r	native
দেনো	d E n O	native
দেন্ত	d e nt O	native
দেপোর্তিভো	d e p O r t i bh O	native
দেবই	d e b O i	native
দেবও	d e b o O	native
দেবকি	d e b k i	native
দেবকির	d e b k i r	native
দেবকে	d e b k e	native
দেবগন	d e b g O n	native
দেবগনকে	d e b g O n k e	native
দেবজানি	d e b j a n i	native
দেবজানিকে	d e b j a n i k e	native
দেবজানির	d e b j a n i r	native
দেবজ্যোতি	d e b j j O t i	native
দেবতাদের	d e b O t a d e r	native
দেবতারা	d e b t a r a	native
দেবতুল্য	d e b t u l l O	native
দেবদারু	d e b d a r u	native
দেবদাস	d e b d a sh	native
দেবদাসের	d e b d a sh e r	native
দেবদুত	d e b d u t	native
দেবদুলাল	d e b d u l a l	native
দেবদেবি	d e b d e b i	native
দেবদেবির	d e b d e b i r	native
দেবধোলাই	d e b dh O l a i	native
দেবন	d e b o n	native
দেবনাথ	d e b n a th	native
দেবনাথের	d e b n a th e r	native
দেবপ্রসাদ	d e b o pr sh a d	native
দেবপ্রিয়	d e b pr i y	native
দেববর্মন	d e b b o r m o n	native
দেববর্মনের	d e b b o r m o n e r	native
দেবরাজ	d e b r a j	native
দেবরের	d e b o r e r	native
দেবলিনা	d e b l i n a	native
দেবশিশু	d e b sh i sh u	native
দেবশ্রি	d e b s r i	native
দেবহাটা	d e b h a T a	native
দেবা	d e b a	native
দেবাংশু	d e b a ng sh u	native
দেবানন্দ	d e b a n o nd O	native
দেবার	d e b a r	native
দেবারতি	d e b a r t i	native
দেবারি	d e b a r i	native
দেবালয়	d e b a l o y	native
দেবাশিশ	d e b a sh i sh	native
দেবাশিস	d e b a sh i sh	native
দেবাশিশকে	d e b a sh i sh k e	native
দেবাশিশের	d e b a sh i sh e r	native
দেবাশ্রিত	d e b a s r i t	native
দেবায়তন	d e b a y t O n	native
দেবি	d e b i	native
দেবিকে	d e b i k e	native
দেবিদের	d e b i d e r	native
দেবিদ্বার	d e b i d a r	native
দেবিপুর	d e b i p u r	native
দেবির	d e b i r	native
দেবিডুবা	d e b i D u b a	native
দেবিদাস	d e b i d a sh	native
দেবিদ্বারে	d e b i d a r e	native
দেবিরুপে	d e b i r u p e	native
দেবু	d e b u	native
দেবে	d e b e	native
দেবেই	d e b e i	native
দেবেন	d e b e n	native
দেবেনই	d e b e n O i	native
দেবেন্দ্র	d e b e ndr O	native
দেবেন্দ্রনাথ	d e b e ndr n a th	native
দেবেন্দ্রনাথের	d e b e ndr n a th e r	native
দেবেশদা	d e b e sh d a	native
দেবো	d e b O	native
দেবোপম	d e b O p o m	native
দেব্যা	d E b b a	native
দেম	d e m	native
দেমাত্রা	d e m a tr a	native
দের	d e r	native
দেরা	d e r a	native
দেরাজ	d e r a j	native
দেরাদুন	d e r a d u n	native
দেরাদুনে	d e r a d u n e	native
দেরায়	d e r a y	native
দেরি	d e r i	native
দেরিই	d e r i i	native
দেরিতে	d e r i t e	native
দেরিতেই	d e r i t e i	native
দেরির	d e r i r	native
দেরেংগ	d e r e ng g	native
দেল	d e l	native
দেলওয়ার	d E l O y a r	native
দেলকো	d E l k O	native
দেলদুয়ার	d E l d u y a r	native
দেলা	d e l a	native
দেলাওয়ার	d e l a O y a r	native
দেলাসা	d e l a sh a	native
দেলু	d e l u	native
দেলুয়া	d e l u y a	native
দেলে	d e l e	native
দেলোয়ার	d e l O y a r	native
দেলোয়ারকে	d e l O y a r k e	native
দেলোয়ারপন্থি	d e l O y a r p n th i	native
দেলোয়ারসহ	d e l O y a r sh o h O	native
দেলোয়ারা	d e l O y a r a	native
দেলোয়ারের	d e l O y a r e r	native
দেল্লা	d E l l a	native
দেশকালের	d e sh k a l e r	native
দেশকেই	d e sh k e i	native
দেশকেও	d e sh k e O	native
দেশগুলিতে	d e sh g u l i t e	native
দেশগুলোই	d e sh g u l O i	native
দেশগুলোকে	d e sh g u l O k e	native
দেশগুলোকেও	d e sh g u l O k e O	native
দেশগুলোতেই	d e sh g u l O t e i	native
দেশগুলোতেও	d e sh g u l O t e O	native
দেশগুলোর	d e sh g u l O r	native
দেশগুলোরও	d e sh g u l O r o O	native
দেশগুলোসহ	d e sh g u l O sh o h O	native
দেশগুলোয়	d e sh g u l O y	native
দেশছাড়া	d e sh chh a r a	native
দেশজুড়ে	d e sh j u r e	native
দেশজুড়েই	d e sh j u r e i	native
দেশটাই	d e sh T a i	native
দেশটাও	d e sh T a O	native
দেশটাকে	d e sh T a k e	native
দেশটাকেই	d e sh T a k e i	native
দেশটাতে	d e sh T a t e	native
দেশটার	d e sh T a r	native
দেশটায়	d e sh T a y	native
দেশটিই	d e sh T i i	native
দেশটিও	d e sh T i O	native
দেশটিভির	d e sh T i bh i r	native
দেশত্যাগি	d e sh t t a g i	native
দেশত্যাগে	d e sh t A g e	native
দেশত্যাগের	d e sh t A g e r	native
দেশদ্রোহ	d e sh d r O h	native
দেশদ্রোহিতা	d e sh d r O h i t a	native
দেশদ্রোহিতার	d e sh d r O h i t a r	native
দেশদ্রোহি	d e sh d r O h i	native
দেশদ্রোহের	d e sh d r O h e r	native
দেশনা	d e sh n a	native
দেশনেত্রি	d e sh n e tr i	native
দেশপ্রেমি	d e sh pr e m i	native
দেশপ্রেমিক	d e sh pr e m i k	native
দেশপ্রেমিককে	d e sh pr e m i k k e	native
দেশপ্রেমিকদের	d e sh pr e m i k d e r	native
দেশপ্রেমিকের	d e sh pr e m i k e r	native
দেশপ্রেমে	d e sh O pr e m e	native
দেশপ্রেমের	d e sh O pr e m e r	native
দেশবরেন্য	d e sh b r e n n O	native
দেশবাংলা	d e sh b a ng l a	native
দেশবাসি	d e sh b a sh i	native
দেশবাসিকে	d e sh b a sh i k e	native
দেশবাসির	d e sh b a sh i r	native
দেশবাসিসহ	d e sh b a sh i sh o h O	native
দেশবাসিই	d e sh b a sh i i	native
দেশবাসিও	d e sh b a sh i O	native
দেশবাসিকেই	d e sh b a sh i k e i	native
দেশবাসিকেও	d e sh b a sh i k e O	native
দেশবিভাগের	d e sh b i bh a g e r	native
দেশবিরোধি	d e sh b i r O dh i	native
দেশব্যাপি	d e sh b b a p i	native
দেশভাগ	d e sh bh a g	native
দেশভিত্তিক	d e sh bh i tt i k	native
দেশম	d e sh o m	native
দেশমুখ	d e sh m u kh	native
দেশময়	d e sh m o y	native
দেশরত্ন	d e sh r o t n O	native
দেশলাইয়ের	d e sh l a i y e r	native
দেশসমুহ	d e sh sh m u h	native
দেশসমুহে	d e sh sh m u h e	native
দেশসমুহের	d e sh sh m u h e r	native
দেশসেবা	d e sh sh e b a	native
দেশসেবার	d e sh sh e b a r	native
দেশসেবায়	d e sh sh e b a y	native
দেশসেরা	d e sh sh e r a	native
দেশহিন	d e sh h i n	native
দেশা	d e sh a	native
দেশাই	d e sh a i	native
দেশাইয়ের	d e sh a i y e r	native
দেশাচার	d e sh a ch a r	native
দেশাত্মবোধ	d e sh a t t b O dh	native
দেশাত্মবোধক	d e sh a t t b O dh o k	native
দেশাত্মবোধে	d e sh a t t b O dh e	native
দেশানায়েক	d e sh a n a y e k	native
দেশান্তর	d e sh a nt o r	native
দেশান্তরি	d e sh a nt r i	native
দেশান্তরিত	d e sh a nt r i t	native
দেশাল	d e sh a l	native
দেশালের	d e sh a l e r	native
দেশিক	d e sh i k	native
দেশিকোত্তম	d e sh i k O tt o m	native
দেশিত	d e sh i t	native
দেশিদশ	d e sh i d o sh	native
দেশিনি	d e sh i n i	native
দেশিয়	d e sh i y	native
দেশিদশের	d e sh i d o sh e r	native
দেশিয়ভাবে	d e sh i y bh a b e	native
দেশেই	d e sh e i	native
দেশেও	d e sh e O	native
দেশেটির	d e sh e T i r	native
দেশেতে	d e sh e t e	native
দেশের	d e sh e r	native
দেশেরই	d e sh e r O i	native
দেসহ	d e sh o h O	native
দেহ	d e h	native
দেহই	d e h O i	native
দেহও	d e h o O	native
দেহকেই	d e h O k e i	native
দেহকোশ	d e h k O sh	native
দেহকোশে	d e h k O sh e	native
দেহগুলো	d e h g u l O	native
দেহটাকে	d e h T a k e	native
দেহটি	d e h T i	native
দেহটিকে	d e h T i k e	native
দেহত্যাগ	d e h t A g	native
দেহবোমা	d e h b O m a	native
দেহব্যবসা	d e h b A b sh a	native
দেহব্যবসার	d e h b A b sh a r	native
দেহমন	d e h m O n	native
দেহমনে	d e h m O n e	native
দেহা	d e h a	native
দেহাইতে	d e h a i t e	native
দেহাত	d e h a t	native
দেহাতিত	d e h a t i t	native
দেহাত্যয়	d e h a t t o y	native
দেহান্তর	d e h a nt o r	native
দেহাবশেশ	d e h a b sh e sh	native
দেহাবশেশের	d e h a b sh e sh e r	native
দেহাবসান	d e h a b sh a n	native
দেহাভ্যন্তরের	d e h a b bh o nt r e r	native
দেহারা	d e h a r a	native
দেহালা	d e h a l a	native
দেহায়	d e h a y	native
দেহুন্দা	d e h u nd a	native
দেহে	d e h e	native
দেহেও	d e h e O	native
দেহেন	d e h e n O	native
দেড়	d e r	native
দেড়কো	d e r k O	native
দেড়গুন	d e r g u n	native
দেড়টা	d e r T a	native
দেড়টার	d e r T a r	native
দেড়টায়	d e r T a y	native
দেড়টি	d e r T i	native
দেড়শ	d e r o sh	native
দেড়েক	d e r e k	native
দেড়েকের	d e r e k e r	native
দেয়	d e y	native
দেয়ইনি	d e y i n i	native
দেয়নি	d e y n i	native
দেয়া	d e y a	native
দেয়ান	d e y a n	native
দেয়ারফোর	d e y a r ph O r	native
দেয়ালও	d e y a l o O	native
দেয়ালকে	d e y a l k e	native
দেয়ালগুলো	d e y a l g u l O	native
দেয়ালঘেশে	d e y a l gh e sh e	native
দেয়ালঘেরা	d e y a l gh e r a	native
দেয়ালজুড়ে	d e y a l j u r e	native
দেয়ালটা	d e y a l T a	native
দেয়ালটি	d e y a l T i	native
দেয়ালপত্রিকা	d e y a l p tr i k a	native
দেয়ালপত্রিকার	d e y a l p tr i k a r	native
দেয়াললিখন	d e y a l l i kh o n	native
দেয়াললিখনে	d e y a l l i kh o n e	native
দেয়াললিখনের	d e y a l l i kh o n e r	native
দেয়ালসংলগ্ন	d e y a l sh O ng l O g n O	native
দেয়ালসহ	d e y a l sh o h O	native
দেয়ালি	d e y a l i	native
দেয়ালিকা	d e y a l i k a	native
দেয়ালে	d e y a l e	native
দেয়ালেই	d e y a l e i	native
দেয়ালেও	d e y a l e O	native
দেয়ালের	d e y a l e r	native
দেয়াড়া	d e y a r a	native
দ্বেশ	d e sh	native
ধেআই	dh e a i	native
ধেআন	dh e a n	native
ধেই	dh e i	native
ধেনু	dh e n u	native
ধেনো	dh E n O	native
ধেবড়া	dh e b r a	native
ধেরে	dh e r e	native
ধেৎ	dh e t	native
ধেড়ে	dh e r e	native
ধেয়	dh e y	native
ধেয়ান	dh e y a n	native
ধেয়ানি	dh e y a n i	native
ধেয়ে	dh e y e	native
ধ্যেয়	dh y e y	native
নে	n e	native
নেংটি	n e ng T i	native
নেআঅ	n e a o	native
নেআলি	n e a l i	native
নেই	n e i	native
নেইও	n e i O	native
নেইনি	n e i n i	native
নেইমারই	n e i m a r O i	native
নেইমারও	n e i m a r o O	native
নেইমাররা	n e i m a r r a	native
নেইল	n e i l	native
নেউগি	n e u g i	native
নেউছয়	n e u chh o y	native
নেউটা	n e u T a	native
নেউল	n e u l	native
নেউলে	n e u l e	native
নেউলের	n e u l e r	native
নেও	n e O	native
নেওতা	n e O t a	native
নেওয়াই	n e O y a i	native
নেওয়াও	n e O y a O	native
নেওয়াকে	n e O y a k e	native
নেওয়াজ	n e O y a j	native
নেওয়াজকে	n e O y a j k e	native
নেওয়াজের	n e O y a j e r	native
নেওয়াটা	n e O y a T a	native
নেওয়াটাই	n e O y a T a i	native
নেওয়াটাও	n e O y a T a O	native
নেওয়াটাকে	n e O y a T a k e	native
নেওয়াটাকেই	n e O y a T a k e i	native
নেওয়াতেই	n e O y a t e i	native
নেওয়াদের	n e O y a d e r	native
নেওয়ার	n e O y a r	native
নেওয়ারই	n e O y a r O i	native
নেওয়ারও	n e O y a r o O	native
নেওয়াসংক্রান্ত	n e O y a s o ng k r a n t O	native
নেওয়াসহ	n e O y a sh o h O	native
নেওয়ায়	n e O y a y	native
নেক	n e k	native
নেকআমল	n e k a m o l	native
নেকড়া	n e k r a	native
নেকনজরে	n e k n j r e	native
নেকনাম	n e k n a m	native
নেকমরদ	n e k m r o d	native
নেকরা	n e k o r a	native
নেকলেসটা	n e k l e sh T a	native
নেকা	n e k a	native
নেকাব্বরের	n e k a b b o r e r	native
নেকড়েটা	n e k r e T a	native
নেকড়ের	n e k r e r	native
নেগার	n e g a r	native
নেগে	n e g e	native
নেগেটিভ	n e g e T i bh	native
নেগোসিয়েশন	n e g O sh i y e sh o n	native
নেগ্রিমস	n e gr i m o sh	native
নেগ্রিমসে	n e gr i m o sh e	native
নেংরা	n E ng r a	native
নেচেগেয়ে	n e ch e g e y e	native
নেচেছিলেন	n e ch e chh i l e n	native
নেচেছে	n e ch e chh e	native
নেচেছেন	n e ch e chh e n	native
নেছা	n e chh a	native
নেছারউদ্দিন	n e chh a r u d d i n	native
নেছারাবাদ	n e chh a r a b a d	native
নেছারিয়া	n e chh a r i y a	native
নেজ	n e j	native
নেজারত	n e j a r o t	native
নেজুড়ে	n e j u r e	native
নেটং	n e T O ng	native
নেটওয়ার্কও	n e T O y a r k o O	native
নেটওয়ার্ককে	n e T O y a r k k e	native
নেটওয়ার্কগুলো	n e T O y a r k g u l O	native
নেটওয়ার্কগুলোর	n e T O y a r k g u l O r	native
নেটওয়ার্কটি	n e T O y a r k T i	native
নেটওয়ার্কভুক্ত	n e T O y a r k bh u kt O	native
নেটওয়ার্কস	n e T O y a r k o sh	native
নেটওয়ার্কসহ	n e T O y a r k sh o h O	native
নেটওয়ার্কসের	n e T O y a r k o sh e r	native
নেটওয়ার্কিং	n e T O y a r k i ng	native
নেটওয়ার্কিংসহ	n e T O y a r k i ng sh o h O	native
নেটওয়ার্কে	n e T O y a r k e	native
নেটওয়ার্কেও	n e T O y a r k e O	native
নেটওয়ার্কের	n e T O y a r k e r	native
নেটবই	n e T b O i	native
নেটবুক	n e T b u k	native
নেটবুকে	n e T b u k e	native
নেটা	n E T a	native
নেটিংসুবিধা	n e T i ng sh u b i dh a	native
নেটিংসুবিধার	n e T i ng sh u b i dh a r	native
নেটিভ	n e T i bh	native
নেটো	n E T O	native
নেটোর	n E T O r	native
নেঠা	n E Th a	native
নেড	n e D	native
নেত	n e t	native
নেতবিাচক	n e t b i ch o k	native
নেতব্য	n e t o b b O	native
নেতা	n e t a	native
নেতাই	n e t a i	native
নেতাও	n e t a O	native
নেতাকর্মি	n e t a k r m i	native
নেতাকর্মিই	n e t a k r m i i	native
নেতাকর্মিও	n e t a k r m i O	native
নেতাকর্মিকে	n e t a k r m i k e	native
নেতাকর্মিদের	n e t a k r m i d e r	native
নেতাকর্মিদেরকে	n e t a k r m i d e r k e	native
নেতাকর্মির	n e t a k r m i r	native
নেতাকর্মিরা	n e t a k r m i r a	native
নেতাকর্মিরাও	n e t a k r m i r a O	native
নেতাকর্মিসহ	n e t a k r m i sh o h O	native
নেতাকে	n e t a k e	native
নেতাকেই	n e t a k e i	native
নেতাকেও	n e t a k e O	native
নেতাজি	n e t a j i	native
নেতানিয়াহু	n e t a n i y a h u	native
নেতানিয়াহুকে	n e t a n i y a h u k e	native
নেতানিয়াহুর	n e t a n i y a h u r	native
নেতানেত্রি	n e t a n e tr i	native
নেতানেত্রিদের	n e t a n e tr i d e r	native
নেতানেত্রির	n e t a n e tr i r	native
নেতানেত্রিরা	n e t a n e tr i r a	native
নেতানো	n e t a n O	native
নেতার	n e t a r	native
নেতারও	n e t a r O	native
নেতারাই	n e t a r a i	native
নেতারাও	n e t a r a O	native
নেতারাসহ	n e t a r a sh o h O	native
নেতাসহ	n e t a sh o h O	native
নেতায়	n e t a y	native
নেতিবাচকতা	n e t i b a ch k t a	native
নেতিবাচকতার	n e t i b a ch k t a r	native
নেতিবাচকভাবে	n e t i b a ch k bh a b e	native
নেতির	n e t i r	native
নেতিয়ে	n e t i y e	native
নেত্র	n e tr O	native
নেত্রকোনা	n E tr k O n a	native
নেত্রকোনাগামি	n E tr k O n a g a m i	native
নেত্রকোনার	n E tr k O n a r	native
নেত্রকোনাসহ	n E tr k O n a sh o h O	native
নেত্রকোনায়	n E tr k O n a y	native
নেত্রালয়	n e tr a l o y	native
নেত্রালয়ে	n e tr a l o y e	native
নেত্রি	n e tr i	native
নেত্রিই	n e tr i i	native
নেত্রিকে	n e tr i k e	native
নেত্রিদের	n e tr i d e r	native
নেত্রির	n e tr i r	native
নেত্রিরা	n e tr i r a	native
নেত্রিও	n e tr i O	native
নেত্রিদেরও	n e tr i d e r o O	native
নেত্রিরাও	n e tr i r a O	native
নেত্রিসহ	n e tr i sh o h O	native
নেত্রে	n e tr e	native
নেথা	n E th a	native
নেথার	n E th a r	native
নেদারল্যান্ড	n e d a r l l a n D O	native
নেদারল্যান্ডভিত্তিক	n e d a r l l a n D bh i tt i k	native
নেদারল্যান্ডস	n e d a r l l a n D o sh	native
নেদারল্যান্ডসকে	n e d a r l l a n D o sh k e	native
নেদারল্যান্ডসহ	n e d a r l l a n D sh o h O	native
নেদারল্যান্ডসে	n e d a r l l a n D o sh e	native
নেদারল্যান্ডসের	n e d a r l l a n D o sh e r	native
নেন	n e n	native
নেননি	n E n n i	native
নেনি	n e n i	native
নেপ	n e p	native
নেপচুন	n e p ch u n	native
নেপচুনের	n e p ch u n e r	native
নেপথ্যে	n e p O t th O e	native
নেপথ্যেও	n e p O t th O e O	native
নেপথ্যের	n e p O t th O e r	native
নেপলস	n e p l o sh	native
নেপলসে	n e p l o sh e	native
নেপালও	n e p a l o O	native
নেপালকে	n e p a l k e	native
নেপালসহ	n e p a l sh o h O	native
নেপালে	n e p a l e	native
নেপালেই	n e p a l e i	native
নেপালেও	n e p a l e O	native
নেপিডোতে	n e p i D O t e	native
নেপিডোয়	n e p i D O y	native
নেপের	n e p e r	native
নেপোলিটেনো	n e p O l i T e n O	native
নেপোলিতানো	n e p O l i t a n O	native
নেপোলিয়ন	n e p O l i y o n	native
নেপোলিয়নকে	n e p O l i y o n k e	native
নেপোলিয়নের	n e p O l i y o n e r	native
নেপোলিয়ান	n e p O l i y a n	native
নেফাক	n e ph a k	native
নেবা	n E b a	native
নেবার	n E b a r	native
নেবু	n e b u	native
নেবুলাইজার	n e b u l a i j a r	native
নেবে	n e b e	native
নেবেই	n e b e i	native
নেবেন	n e b e n	native
নেবো	n E b O	native
নেভাডা	n e bh a D a	native
নেভাডার	n e bh a D a r	native
নেভাতে	n e bh a t e	native
নেভাদা	n e bh a d a	native
নেভাদায়	n e bh a d a y	native
নেভানোর	n e bh a n O r	native
নেভার	n e bh a r	native
নেভারল্যান্ড	n e bh a r l l a n D O	native
নেভাল	n e bh a l	native
নেভায়	n e bh a y	native
নেভিগেশন	n e bh i g e sh o n	native
নেভিগেশনের	n e bh i g e sh o n e r	native
নেভির	n e bh i r	native
নেভিল	n e bh i l	native
নেভিসের	n e bh i sh e r	native
নেভে	n e bh e	native
নেমক	n E m o k	native
নেমকার্ড	n E m k a r D O	native
নেমস	n E m o sh	native
নেমানজা	n e m a n j a	native
নেমানিয়া	n e m a n i y a	native
নেমে	n e m e	native
নেমেই	n e m e i	native
নেমেছি	n e m e chh i	native
নেমেছিলাম	n e m e chh i l a m	native
নেমেছে	n e m e chh e	native
নেমেছেন	n e m e chh e n	native
নেমের	n e m e r	native
নেমেসিস	n e m e sh i sh	native
নেমৎসভ	n E m t sh o bh	native
নেরপা	n E r p a	native
নেরুদাকে	n e r u d a k e	native
নেরুদার	n e r u d a r	native
নেল	n e l	native
নেলসন	n E l sh O n	native
নেলসনে	n E l sh O n e	native
নেলসনের	n E l sh O n e r	native
নেলসেন	n E l sh e n	native
নেলা	n E l a	native
নেলি	n e l i	native
নেশনস	n e sh n o sh	native
নেশনসের	n e sh n o sh e r	native
নেশনের	n e sh o n e r	native
নেশা	n e sh a	native
নেশাই	n e sh a i	native
নেশাও	n e sh a O	native
নেশাখোর	n e sh a kh O r	native
নেশাগ্রস্ত	n e sh a gr o st O	native
নেশাজাতিয়	n e sh a j a t i y	native
নেশাটা	n e sh a T a	native
নেশাদ্রব্য	n e sh a d r o b b O	native
নেশাদ্রব্যমিশ্রিত	n e sh a d r o b b O m i s r i t O	native
নেশার	n e sh a r	native
নেশাসক্ত	n e sh a sh o kt O	native
নেশায়	n e sh a y	native
নেস	n e sh	native
নেসলে	n e sh l e	native
নেসলের	n e sh l e r	native
নেসা	n e sh a	native
নেসার	n e sh a r	native
নেসারাবাদ	n e sh a r a b a d	native
নেসিরকি	n e sh i r k i	native
নেসেল	n e s e l	native
নেসেসিটি	n e sh e sh i T i	native
নেস্তা	n E st a	native
নেস্ত–নাবুদ	n e st O | n a b u d	compound
নেহরা	n e h r a	native
নেহরাও	n e h r a O	native
নেহরাকে	n e h r a k e	native
নেহরার	n e h r a r	native
নেহরু	n e h r u	native
নেহরুকে	n e h r u k e	native
নেহরুর	n e h r u r	native
নেহা	n e h a	native
নেহাই	n e h a i	native
নেহাত	n e h a t	native
নেহার	n e h a r	native
নেহারই	n e h a r i	native
নেহালে	n e h a l e	native
নেহায়েত	n e h a y e t	native
নেহেরু	n e h e r u	native
নেহেরুর	n e h e r u r	native
নেড়রি	n e r r i	native
নেড়ি	n e r i	native
নেড়িকুত্তা	n e r i k u tt a	native
নেড়ে	n e r e	native
নেড়েছে	n e r e chh e	native
নেড়েছেন	n e r e chh e n	native
নেয়	n e y	native
নেয়নি	n e y n i	native
নেয়াই	n e y a i	native
নেয়াপাতি	n e y a p a t i	native
নেয়ামত	n e y a m o t	native
নেয়ামাল	n e y a m a l	native
নেয়ামুল	n e y a m u l	native
নেয়ামুলকে	n e y a m u l k e	native
নেয়ামৎ	n e y a m o t	native
নেয়াল	n e y a l	native
নেয়ালি	n e y a l i	native
নেয়াড়	n e y a r	native
নেয়ে	n e y e	native
পে	p e	native
পেকো	p E k O	native
পেচা	p e ch a	native
পেচাকোলা	p e ch a k O l a	native
পেচাটিকে	p e ch a T i k e	native
পেচানো	p e ch a n O	native
পেচার	p e ch a r	native
পেচিয়ে	p e ch i y e	native
পেচো	p e ch O	native
পেচোয়া	p e ch O y a	native
পেজা	p E j a	native
পেনপেন	p E n p e n	native
পেপে	p e p e	native
পেপেগাছ	p e p e g a chh	native
পেপের	p e p e r	native
পেড়া	p E r a	native
পেয়াজ	p e y a j	native
পেয়াজকুচি	p e y a j k u ch i	native
পেয়াজবাটা	p e y a j b a T a	native
পেয়াজসহ	p e y a j sh o h O	native
পেয়াজু	p e y a j u	native
পেয়াজের	p e y a j e r	native
পেইজ	p e i j	native
পেইজটি	p e i j T i	native
পেইজে	p e i j e	native
পেইজের	p e i j e r	native
পেইড	p e i D	native
পেইন্ট	p e i n T O	native
পেইন্টস	p e i n T o sh	native
পেইন্টার	p e i n T a r	native
পেক	p e k	native
পেকাটি	p e k a T i	native
পেকানবারুর	p e k a n b a r u r	native
পেকাম্বর	p e k a mb o r	native
পেকুয়া	p e k u y a	native
পেকে	p e k e	native
পেকেছে	p e k e chh e	native
পেখন	p e kh o n	native
পেখম	p e kh o m	native
পেখা	p E kh a	native
পেগম্বর	p e g o mb o r	native
পেগাসাস	p e g a sh a sh	native
পেগাসাসের	p e g a sh a sh e r	native
পেগি	p e g i	native
পেচ	p e ch	native
পেচক	p e ch o k	native
পেচ্ছাব	p e ch chh a b	native
পেছন	p e chh o n	native
পেছনটা	p e chh o n T a	native
পেছনে	p e chh o n e	native
পেছনেই	p e chh o n e i	native
পেছনেও	p e chh o n e O	native
পেছাচ্ছি	p e chh a ch chh i	native
পেছানো	p e chh a n O	native
পেছানোর	p e chh a n O r	native
পেছানোয়	p e chh a n O y	native
পেছাব	p e chh a b	native
পেছাল	p e chh a l	native
পেছু	p e chh u	native
পেছ–পা	p e chh | p a	compound
পেজসহ	p e j sh o h O	native
পেজে	p e j e	native
পেজেও	p e j e O	native
পেটও	p e T o O	native
পেটকে	p e T k e	native
পেটকো	p e T k O	native
পেটটা	p e T T a	native
পেটপুরে	p e T p u r e	native
পেটব্যথার	p e T b A th a r	native
পেটভরে	p e T bh r e	native
পেটভাতা	p e T bh a t a	native
পেটা	p e T a	native
পেটাও	p e T a O	native
পেটাচ্ছিলেন	p e T a ch chh i l e n	native
পেটাচ্ছেন	p e T a ch chh e n	native
পেটাত	p e T a t	native
পেটাতেন	p e T a t e n	native
পেটানোর	p e T a n O r	native
পেটার	p e T a r	native
পেটাল	p e T a l	native
পেটালে	p e T a l e	native
পেটায়	p e T a y	native
পেটি	p e T i	native
পেটিট	p e T i T	native
পেটুক	p e T u k	native
পেটেই	p e T e i	native
পেটেও	p e T e O	native
পেটের	p e T e r	native
পেটেল	p e T e l	native
পেটো	p e T O	native
পেটোয়া	p e T O y a	native
পেট্রন	p E T r o n	native
পেট্রলবোমা	p E T r l b O m a	native
পেট্রলবোমার	p E T r l b O m a r	native
পেট্রলবোমাসহ	p E T r l b O m a sh o h O	native
পেট্রলে	p E T r o l e	native
পেট্রস	p E T r o sh	native
পেট্রা	p e T r a	native
পেট্রাউস	p e T r a u sh	native
পেট্রাউসকে	p e T r a u sh k e	native
পেট্রাউসের	p e T r a u sh e r	native
পেট্রাপোল	p e T r a p O l	native
পেট্রিয়াস	p e T r i y a sh	native
পেট্রেল	p e T r e l	native
পেট্রোকেমিক্যাল	p e T r O k e m i k A l	native
পেট্রোচায়না	p e T r O ch a y n a	native
পেট্রোপন্যসহ	p e T r O p o n n sh o h O	native
পেট্রোবাংলা	p e T r O b a ng l a	native
পেট্রোবাংলাকে	p e T r O b a ng l a k e	native
পেট্রোবাংলার	p e T r O b a ng l a r	native
পেট্রোলবোমার	p e T r O l b O m a r	native
পেডিকিউর	p e D i k i u r	native
পেডিকিওর	p e D i k i O r	native
পেড্রেলস	p e D r e l o sh	native
পেড্রো	p E D r O	native
পেন্ঠি	p e n Th i	native
পেতল	p e t o l	native
পেতা	p e t a	native
পেতাম	p e t a m	native
পেতে	p e t e	native
পেতেই	p e t e i	native
পেতেও	p e t e O	native
পেতেছিল	p e t e chh i l O	native
পেতেছেন	p e t e chh e n	native
পেতো	p E t O	native
পেত্নি	p e t n i	native
পেত্রো	p E tr O	native
পেদা	p E d a	native
পেদাং	p E d a ng	native
পেদ্রোর	p e d r O r	native
পেন	p e n	native
পেনডেন্ট	p E n D e n T O	native
পেনড্রাইভ	p E n D r a i bh	native
পেনদের	p e n o d e r	native
পেনশনভোগি	p E n sh n bh O g i	native
পেনশনভোগিদের	p E n sh n bh O g i d e r	native
পেনশনভোগিরা	p E n sh n bh O g i r a	native
পেনশনার	p E n sh n a r	native
পেনশনারস	p E n sh n a r o sh	native
পেনশনে	p E n sh O n e	native
পেনসিলভানিয়া	p E n sh i l bh a n i y a	native
পেনসিলভানিয়ায়	p E n sh i l bh a n i y a y	native
পেনা	p e n a	native
পেনাল	p e n a l	native
পেনি	p e n i	native
পেনিনসুলা	p e n i n sh u l a	native
পেনিনসুলার	p e n i n sh u l a r	native
পেনিস	p e n i sh	native
পেনে	p e n e	native
পেনেট	p e n e T	native
পেনেটা	p e n E T a	native
পেনেট্টা	p e n e T T a	native
পেনেলোপ	p e n e l O p	native
পেন্টাগন	p e n T a g o n	native
পেন্টাগনও	p e n T a g o n O	native
পেন্টাগনকে	p e n T a g o n k e	native
পেন্টাগনে	p e n T a g o n e	native
পেন্ডাল	p e n D a l	native
পেন্ডিমোনিও	p e n D i m O n i O	native
পেন্নাই	p e nn a i	native
পেপ	p e p	native
পেপল	p e p o l	native
পেপসি	p e p sh i	native
পেপসির	p e p sh i r	native
পেপারওয়েট	p e p a r O y e T	native
পেপারবুক	p e p a r b u k	native
পেপেকে	p e p e k e	native
পেপেতে	p e p e t e	native
পেপ্যাল	p e p a l	native
পেবল	p e b o l	native
পেভমেন্ট	p e bh m e n T O	native
পেভারস	p e bh a r o sh	native
পেভারসের	p e bh a r o sh e r	native
পেম	p e m	native
পেমবা	p E m b a	native
পেমিল	p e m i l	native
পেমেন্ট	p e m e n T O	native
পের	p e r	native
পেরতেক	p E r t e k	native
পেরি	p e r i	native
পেরিফেরাল	p e r i ph e r a l	native
পেরিস	p e r i sh	native
পেরিয়ে	p e r i y e	native
পেরিয়েই	p e r i y e i	native
পেরিয়েও	p e r i y e O	native
পেরিয়েছিল	p e r i y e chh i l O	native
পেরিয়েছে	p e r i y e chh e	native
পেরিয়েছেন	p e r i y e chh e n	native
পেরু	p e r u	native
পেরুতে	p e r u t e	native
পেরুতেই	p e r u t e i	native
পেরুনো	p e r u n O	native
পেরুভিয়ান	p e r u bh i y a n	native
পেরুভিয়	p e r u bh i y	native
পেরুর	p e r u r	native
পেরুলেই	p e r u l e i	native
পেরে	p e r e	native
পেরেই	p e r e i	native
পেরেও	p e r e O	native
পেরেকটা	p e r e k T a	native
পেরেকটি	p e r e k T i	native
পেরেছ	p e r e chh	native
পেরেছি	p e r e chh i	native
পেরেছিল	p e r e chh i l O	native
পেরেছিলাম	p e r e chh i l a m	native
পেরেছিলেন	p e r e chh i l e n	native
পেরেছে	p e r e chh e	native
পেরেছেন	p e r e chh e n	native
পেরেশান	p e r e sh a n	native
পেরেশানি	p e r e sh a n i	native
পেরেশানিতে	p e r e sh a n i t e	native
পেরোতেই	p e r O t e i	native
পেরোনোই	p e r O n O i	native
পেরোবার	p e r O b a r	native
পেরোবে	p e r O b e	native
পেরোল	p e r O l	native
পেরোলে	p e r O l e	native
পেরোলেই	p e r O l e i	native
পেরোলেও	p e r O l e O	native
পেরোলেন	p e r O l e n	native
পেরোয়	p e r O y	native
পেরোয়নি	p e r O y n i	native
পেল	p e l	native
পেলব	p E l o b	native
পেলসি	p E l sh i	native
পেলা	p e l a	native
পেলানো	p e l a n O	native
পেলাম	p e l a m	native
পেলিকান	p e l i k a n	native
পেলিক্যান	p e l i k k a n	native
পেলুম	p e l u m	native
পেলেই	p e l e i	native
পেলেও	p e l e O	native
পেলেকেও	p e l e k e O	native
পেলেগ	p e l e g	native
পেলেন	p e l e n	native
পেলেনেলে	p e l e n e l e	native
পেলো	p e l O	native
পেলোসি	p e l O sh i	native
পেশওয়া	p e sh O y a	native
পেশওয়াজ	p e sh O y a j	native
পেশকশ	p e sh k o sh	native
পেশকার	p e sh k a r	native
পেশকারকে	p e sh k a r k e	native
পেশকারদের	p e sh k a r d e r	native
পেশকাররা	p e sh k a r r a	native
পেশকারি	p e sh k a r i	native
পেশকারের	p e sh k a r e r	native
পেশকালে	p e sh k a l e	native
পেশবা	p e sh b a	native
পেশল	p e sh o l	native
পেশা	p e sh a	native
পেশাই	p e sh a i	native
পেশাও	p e sh a O	native
পেশাকে	p e sh a k e	native
পেশাজিবন	p e sh a j i b o n	native
পেশাজিবনে	p e sh a j i b o n e	native
পেশাজিবি	p e sh a j i b i	native
পেশাজিবির	p e sh a j i b i r	native
পেশাজিবিরা	p e sh a j i b i r a	native
পেশাজিবিরাও	p e sh a j i b i r a O	native
পেশাজিবনের	p e sh a j i b o n e r	native
পেশাজিবিসহ	p e sh a j i b i sh o h O	native
পেশাটাকে	p e sh a T a k e	native
পেশাটি	p e sh a T i	native
পেশাটির	p e sh a T i r	native
পেশাতেই	p e sh a t e i	native
পেশাদার	p e sh a d a r	native
পেশাদারদের	p e sh a d a r d e r	native
পেশাদারি	p e sh a d a r i	native
পেশাদারির	p e sh a d a r i r	native
পেশাদারের	p e sh a d a r e r	native
পেশাব	p e sh a b	native
পেশাবিশয়ক	p e sh a b i sh o y O k	native
পেশাভিত্তিক	p e sh a bh i tt i k	native
পেশার	p e sh a r	native
পেশায়	p e sh a y	native
পেশি	p e sh i	native
পেশিকে	p e sh i k e	native
পেশিবহুল	p e sh i b h u l	native
পেশির	p e sh i r	native
পেশিশক্তির	p e sh i sh O kt i r	native
পেশেন্ট	p e sh e n T O	native
পেশের	p e sh e r	native
পেশোয়ার	p e sh O y a r	native
পেশোয়ারে	p e sh O y a r e	native
পেশোয়ারের	p e sh O y a r e r	native
পেশক	p e sh o k	native
পেশন	p e sh o n	native
পেস	p e sh	native
পেসকোশ	p e sh k O sh	native
পেসার	p e sh a r	native
পেসারই	p e sh a r O i	native
পেসারও	p e sh a r o O	native
পেসারকে	p e sh a r k e	native
পেসারদের	p e sh a r d e r	native
পেসাররা	p e sh a r r a	native
পেসাররাই	p e sh a r r a i	native
পেসাররাও	p e sh a r r a O	native
পেসারের	p e sh a r e r	native
পেসে	p e sh e	native
পেসের	p e sh e r	native
পেসো	p E sh O	native
পেস্তা	p e st a	native
পেস্তাবাদাম	p e st a b a d a m	native
পেস্তাবাদামকুচি	p e st a b a d a m k u ch i	native
পেহেলি	p e h e l i	native
পেোউনে	p e u n e	native
পেোউরসভার	p e u r sh bh a r	native
পেড়লি	p e r l i	native
পেড়ে	p e r e	native
পেড়েছে	p e r e chh e	native
পেয়	p e y	native
পেয়াদা	p e y a d a	native
পেয়ার	p e y a r	native
পেয়ারপুর	p e y a r p u r	native
পেয়ারাগাছ	p e y a r a g a chh	native
পেয়ারাদা	p e y a r a d a	native
পেয়ারাদাকে	p e y a r a d a k e	native
পেয়ারার	p e y a r a r	native
পেয়ারিমোহন	p e y a r i m O h o n	native
পেয়ারে	p e y a r e	native
পেয়ালা	p e y a l a	native
পেয়ে	p e y e	native
পেয়েই	p e y e i	native
পেয়েও	p e y e O	native
পেয়েছ	p e y e chh	native
পেয়েছিল	p e y e chh i l O	native
পেয়েছিলাম	p e y e chh i l a m	native
পেয়েছে	p e y e chh e	native
পেয়েছেন	p e y e chh e n	native
পেয়েছেনই	p e y e chh e n O i	native
পেয়েছেনও	p e y e chh e n o O	native
পেয়ো	p E y O	native
প্রে	pr e	native
প্রেখট	pr e kh o T	native
প্রেখটকে	pr e kh o T k e	native
প্রেজেন্ট	pr e j e n T O	native
প্রেজেন্টার	pr e j e n T a r	native
প্রেজেন্টেশন	pr e j e n T e sh o n	native
প্রেজেন্টেশনের	pr e j e n T e sh o n e r	native
প্রেডনিসোলন	pr e D n i sh O l o n	native
প্রেত	pr e t	native
প্রেতাশোউচ	pr e t a sh O u ch	native
প্রেতিনি	pr e t i n i	native
প্রেতের	pr e t e r	native
প্রেপ্সু	pr e p sh u	native
প্রেব্যাক	pr e b b a k	native
প্রেম	pr e m	native
প্রেমও	pr e m O	native
প্রেমকাহিনি	pr E m k a h i n i	native
প্রেমকাহিনির	pr E m k a h i n i r	native
প্রেমকে	pr e m k e	native
প্রেমঘটিত	pr e m gh O T i t O	native
প্রেমঘন	pr E m gh O n	native
প্রেমচাদ	pr E m ch a d	native
প্রেমচাদের	pr E m ch a d e r	native
প্রেমজি	pr E m j i	native
প্রেমজোগ	pr E m j O g	native
প্রেমটা	pr e m T a	native
প্রেমতলি	pr E m t l i	native
প্রেমতোশ	pr E m t O sh	native
প্রেমনাথ	pr E m n a th	native
প্রেমপত্র	pr E m p O tr O	native
প্রেমবা	pr E m b a	native
প্রেমময়	pr E m m o y	native
প্রেমহিন	pr e m O h i n	native
প্রেমা	pr e m a	native
প্রেমাদাসা	pr e m a d a sh a	native
প্রেমাদাসার	pr e m a d a sh a r	native
প্রেমাদাসায়	pr e m a d a sh a y	native
প্রেমানন্দ	pr e m a n o nd O	native
প্রেমারা	pr e m a r a	native
প্রেমালাপ	pr e m a l a p	native
প্রেমি	pr e m i	native
প্রেমিক	pr e m i k	native
প্রেমিককে	pr e m i k k e	native
প্রেমিকজুগল	pr e m i k j u g o l	native
প্রেমিকজুগলের	pr e m i k j u g o l e r	native
প্রেমিকদের	pr e m i k d e r	native
প্রেমিকরা	pr e m i k o r a	native
প্রেমিকা	pr e m i k a	native
প্রেমিকাকে	pr e m i k a k e	native
প্রেমিকাদের	pr e m i k a d e r	native
প্রেমিকের	pr e m i k e r	native
প্রেমিকেরা	pr e m i k e r a	native
প্রেমিজুগলের	pr e m i j u g l e r	native
প্রেমিদের	pr e m i d e r	native
প্রেমিরা	pr e m i r a	native
প্রেমে	pr e m e	native
প্রেমেই	pr e m e i	native
প্রেমেও	pr e m e O	native
প্রেমের	pr e m e r	native
প্রেমেরই	pr e m e r O i	native
প্রেরককে	pr e r O k k e	native
প্রেরকের	pr e r O k e r	native
প্রেরনকারি	pr E r n k a r i	native
প্রেরনা	pr E r n a	native
প্রেরনাও	pr E r n a O	native
প্রেরনাকে	pr E r n a k e	native
প্রেরনাদাতা	pr E r n a d a t a	native
প্রেরনাদায়ি	pr E r n a d a y i	native
প্রেরনার	pr E r n a r	native
প্রেরনায়	pr E r n a y	native
প্রেরনে	pr e r O n e	native
প্রেরনের	pr e r O n e r	native
প্রেশন	pr e sh o n	native
প্রেশনা	pr e sh n a	native
প্রেশনে	pr e sh o n e	native
প্রেশার	pr e sh a r	native
প্রেশ	pr e sh	native
প্রেশক	pr e sh o k	native
প্রেশিতকের	pr e sh i t k e r	native
প্রেশেনি	pr e sh e n i	native
প্রেশ্ঠ	pr e sh Th O	native
প্রেসক্লাবসংলগ্ন	pr e sh kl a b sh O ng l O g n O	native
প্রেসক্লাবসহ	pr e sh kl a b sh o h O	native
প্রেসনার	pr e sh n a r	native
প্রেসনোট	pr e sh n O T	native
প্রেসনোটে	pr e sh n O T e	native
প্রেসনোটের	pr e sh n O T e r	native
প্রেসম্যান	pr e sh m m a n	native
প্রেসিং	pr e sh i ng	native
প্রেসিডিয়াম	pr e sh i D i y a m	native
প্রেসিডেনশিয়াল	pr e sh i D e n sh i y a l	native
প্রেসিডেন্সিয়াল	pr e sh i D e n s i y a l	native
প্রেসে	pr e sh e	native
প্রেয়	pr e y	native
প্রেয়সি	pr e y sh i	native
প্লে	p l e	native
প্লেইনস	p l e i n o sh	native
প্লেগ	p l e g	native
প্লেটা	p l E T a	native
প্লেটো	p l E T O	native
প্লেটোর	p l E T O r	native
প্লেতেও	p l e t e O	native
প্লেন	p l e n	native
প্লেবুকের	p l e b u k e r	native
প্লেব্যাকে	p l e b b a k e	native
প্লেবয়	p l e b o y	native
প্লেবয়ের	p l e b o y e r	native
প্লেস	p l e sh	native
প্লেসমেন্ট	p l e sh m e n T O	native
প্লেসি	p l e sh i	native
প্লেসিকে	p l e sh i k e	native
প্লেসির	p l e sh i r	native
প্লেসিস	p l e sh i sh	native
প্লেসিসকে	p l e sh i sh k e	native
প্লেসিসের	p l e sh i sh e r	native
প্লেসে	p l e sh e	native
ফেকো	ph E k O	native
ফেদেছিল	ph e d e chh i l O	native
ফেদেছিলেন	ph e d e chh i l e n	native
ফেদেছে	ph e d e s e	native
ফেদেছেন	ph e d e chh e n	native
ফেপে	ph e p e	native
ফেসে	ph e sh e	native
ফেইথ	ph e i th	native
ফেইথফুল	ph e i th ph u l	native
ফেইল	ph e i l	native
ফেইসবুক	ph e i sh b u k	native
ফেইসবুকসহ	ph e i sh b u k sh o h O	native
ফেছক	ph e chh o k	native
ফেটা	ph e T a	native
ফেটানো	ph e T a n O	native
ফেটি	ph e T i	native
ফেটিয়ে	ph e T i y e	native
ফেটেছে	ph e T e chh e	native
ফেডারেল	ph e D a r e l	native
ফেডারেশনও	ph e D a r e sh o n O	native
ফেডারেশনসহ	ph e D a r e sh o n sh o h O	native
ফেতনা	ph e t n a	native
ফেদেরারও	ph e d e r a r o O	native
ফেনক	ph E n o k	native
ফেনসিডিল	ph E n sh i D i l	native
ফেনসিডিলসহ	ph E n sh i D i l sh o h O	native
ফেনসিডিলে	ph E n sh i D i l e	native
ফেনিকা	ph e n i k a	native
ফেনিল	ph e n i l	native
ফেনি–বাতাসা	ph e n i | b a t a sh a	compound
ফের	ph e r	native
ফেরত	ph E r o t	native
ফেরতও	ph E r o t O	native
ফেরতজোগ্য	ph E r t j O g g O	native
ফেরতে	ph e r t e	native
ফেরতের	ph E r o t e r	native
ফেরদাউসুর	ph E r d a u sh u r	native
ফেরদোউস	ph E r d O u sh	native
ফেরদোউসকে	ph E r d O u sh k e	native
ফেরদোউসি	ph E r d O u sh i	native
ফেরদোউসির	ph E r d O u sh i r	native
ফেরদোউসের	ph E r d O u sh e r	native
ফেরদোউসও	ph E r d O u sh o O	native
ফেরা	ph e r a	native
ফেরাই	ph e r a i	native
ফেরাউন	ph e r a u n	native
ফেরাউনের	ph e r a u n e r	native
ফেরাও	ph e r a O	native
ফেরাটাও	ph e r a T a O	native
ফেরাতে	ph e r a t e	native
ফেরাতেই	ph e r a t e i	native
ফেরাদের	ph e r a d e r	native
ফেরান	ph e r a n	native
ফেরানোতে	ph e r a n O t e	native
ফেরানোর	ph e r a n O r	native
ফেরাবে	ph e r a b e	native
ফেরাবেন	ph e r a b e n	native
ফেরার	ph e r a r	native
ফেরারকে	ph e r a r k e	native
ফেরারন	ph e r a r O n	native
ফেরারি	ph e r a r i	native
ফেরারির	ph e r a r i r	native
ফেরারের	ph e r a r e r	native
ফেরাল	ph e r a l	native
ফেরালেও	ph e r a l e O	native
ফেরালেন	ph e r a l e n	native
ফেরায়	ph e r a y	native
ফেরায়নি	ph e r a y n i	native
ফেরিঅলা	ph e r i o l a	native
ফেরিওয়ালারা	ph e r i O y a l a r a	native
ফেরিঘাট	ph e r i gh a T	native
ফেরিঘাটটি	ph e r i gh a T T i	native
ফেরিঘাটসহ	ph e r i gh a T sh o h O	native
ফেরিঘাটে	ph e r i gh a T e	native
ফেরিটিতে	ph e r i T i t e	native
ফেরিপথে	ph e r i p th e	native
ফেরিবোট	ph e r i b O T	native
ফেরু	ph e r u	native
ফেরুয়ারি	ph e r u y a r i	native
ফেরেন	ph e r e n	native
ফেরেননি	ph e r e n n i	native
ফেরেনি	ph e r e n i	native
ফেরেববাজ	ph e r e b b a j	native
ফেরেশতাগন	ph e r e sh t a g O n	native
ফেরেশতাদের	ph e r e sh t a d e r	native
ফেরেশতার	ph e r e sh t a r	native
ফেরেশতারা	ph e r e sh t a r a	native
ফেরো	ph e r O	native
ফেরোমন	ph e r O m o n	native
ফেরৎ	ph E r o t	native
ফেলছিল	ph E l chh i l O	native
ফেলছিলেন	ph E l chh i l e n	native
ফেলছেন	ph E l chh e n	native
ফেলতেই	ph e l t e i	native
ফেলতেও	ph e l t e O	native
ফেলতেন	ph E l t e n	native
ফেলতো	ph E l t O	native
ফেলব	ph E l o b	native
ফেলবেন	ph E l b e n	native
ফেলবো	ph E l b O	native
ফেলল	ph E l o l	native
ফেললাম	ph E l l a m	native
ফেললেই	ph e l l e i	native
ফেললেও	ph e l l e O	native
ফেললেন	ph E l l e n	native
ফেলাই	ph E l a i	native
ফেলাও	ph E l a O	native
ফেলাকে	ph E l a k e	native
ফেলানি	ph e l a n i	native
ফেলানিকে	ph e l a n i k e	native
ফেলানির	ph e l a n i r	native
ফেলানো	ph e l a n O	native
ফেলানোর	ph e l a n O r	native
ফেলার	ph E l a r	native
ফেলারই	ph E l a r i	native
ফেলারও	ph E l a r O	native
ফেলায়	ph e l a y	native
ফেলি	ph e l i	native
ফেলিতে	ph e l i t e	native
ফেলিতেছে	ph e l i t e chh e	native
ফেলিনি	ph e l i n i	native
ফেলিপ	ph e l i p	native
ফেলিল	ph e l i l	native
ফেলিস	ph e l i sh	native
ফেলিসিয়া	ph e l i sh i y a	native
ফেলুক	ph e l u k	native
ফেলুদা	ph e l u d a	native
ফেলুদার	ph e l u d a r	native
ফেলুন	ph e l u n	native
ফেলে	ph e l e	native
ফেলেই	ph e l e i	native
ফেলেও	ph e l e O	native
ফেলেছ	ph e l e chh	native
ফেলেছি	ph e l e chh i	native
ফেলেছিল	ph e l e chh i l O	native
ফেলেছিলাম	ph e l e chh i l a m	native
ফেলেছিলেন	ph e l e chh i l e n	native
ফেলেছে	ph e l e chh e	native
ফেলেছেন	ph e l e chh e n	native
ফেলেন	ph e l e n	native
ফেলেননি	ph e l e n n i	native
ফেলোনি	ph e l O n i	native
ফেলোশিপ	ph e l O sh i p	native
ফেলোশিপের	ph e l O sh i p e r	native
ফেল্পেসর	ph e l p e sh o r	native
ফেল্প্স	ph e l p sh O	native
ফেস	ph e sh	native
ফেসওয়াশ	ph e sh O y a sh	native
ফেসপ্যাক	ph e sh p a k	native
ফেসভ্যালু	ph e sh b bh a l u	native
ফেসিয়াল	ph e sh i y a l	native
ফ্রেন্ডলি	ph r e n D l i	native
ফ্রেন্ডস	ph r e n D o sh	native
ফ্রেন্ডসের	ph r e n D o sh e r	native
বে	b e	native
বেকা	b e k a	native
বেকে	b e k e	native
বেচেও	b e ch e O	native
বেচেছিল	b e ch e chh i l O	native
বেচেছে	b e ch e chh e	native
বেচেছেন	b e ch e chh e n	native
বেচেবর্তে	b e ch e b O r t e	native
বেটে	b e T e	native
বেধা	b E dh a	native
বেধেই	b e dh e i	native
বেধেও	b e dh e O	native
বেধেছি	b e dh e chh i	native
বেধেছিল	b e dh e chh i l O	native
বেধেছিলাম	b e dh e chh i l a m	native
বেধেছিলেন	b e dh e chh i l e n	native
বেধেছেন	b e dh e chh e n	native
বেড়ে	b e r e	native
বেয়ে	b e y e	native
বেংগল	b e ng g o l	native
বেংগালুরু	b e ng g a l u r u	native
বেআইনি	b e a i n i	native
বেআইনিও	b e a i n i O	native
বেআইনিভাবে	b e a i n i bh a b e	native
বেআকুল	b e a k u l	native
বেআলি	b e a l i	native
বেইক	b e i k	native
বেইচা	b e i ch a	native
বেইচ্চা	b e i ch ch a	native
বেইজ	b e i j	native
বেইজড	b e i j o D	native
বেইজ্জতি	b e i j j t i	native
বেইত	b e i t	native
বেইন	b e i n	native
বেইনার	b e i n a r	native
বেইমান	b e i m a n	native
বেইমানি	b e i m a n i	native
বেইমানির	b e i m a n i r	native
বেইল	b e i l	native
বেইলআউট	b e i l a u T	native
বেইলআউটের	b e i l a u T e r	native
বেইলি	b e i l i	native
বেইলির	b e i l i r	native
বেইলিস	b e i l i sh	native
বেইস	b e i sh	native
বেউল	b e u l	native
বেউড়	b e u r	native
বেওয়া	b e O y a	native
বেওয়াকে	b e O y a k e	native
বেওয়ার	b e O y a r	native
বেওয়ারশ	b e O y a r o sh	native
বেওয়ারিশ	b e O y a r i sh	native
বেক	b e k	native
বেককে	b e k k e	native
বেকত	b e k o t	native
বেকন	b e k o n	native
বেকনের	b e k O n e r	native
বেকল	b e k o l	native
বেকসুর	b e k sh u r	native
বেকহাম	b e k h a m	native
বেকহামকে	b e k h a m k e	native
বেকহামের	b e k h a m e r	native
বেকারকে	b e k a r k e	native
বেকারিকে	b e k a r i k e	native
বেকারিতে	b e k a r i t e	native
বেকারির	b e k a r i r	native
বেকারেরা	b e k a r e r a	native
বেকায়দা	b e k a y d a	native
বেকায়দায়	b e k a y d a y	native
বেকিং	b e k i ng	native
বেকুটিয়া	b e k u T i y a	native
বেকুব	b e k u b	native
বেকুবের	b e k u b e r	native
বেকেনবাওয়ার	b e k e n b a O y a r	native
বেকেনবাওয়ারের	b e k e n b a O y a r e r	native
বেখরচা	b e kh r ch a	native
বেখাপ্পা	b e kh a p p a	native
বেখেয়াল	b e kh e y a l	native
বেখেয়ালি	b e kh e y a l i	native
বেগ	b e g	native
বেগই	b e g O i	native
বেগকে	b e g k e	native
বেগজাদি	b e g j a d i	native
বেগতিক	b e g t i k	native
বেগনি	b e g O n i	native
বেগবান	b e g b a n	native
বেগম	b e g o m	native
বেগমই	b e g o m i	native
বেগমও	b e g o m O	native
বেগমকে	b e g o m k e	native
বেগমকেও	b e g o m k e O	native
বেগমদের	b e g o m d e r	native
বেগমপুর	b e g m p u r	native
বেগমসহ	b e g o m sh o h O	native
বেগমের	b e g o m e r	native
বেগর	b e g o r	native
বেগাওয়ান	b e g a O y a n	native
বেগাছ	b e g a chh	native
বেগানা	b e g a n a	native
বেগার	b e g a r	native
বেগুনকে	b e g u n k e	native
বেগুনবাড়ি	b e g u n b a r i	native
বেগুনবাড়িতে	b e g u n b a r i t e	native
বেগুনবাড়ির	b e g u n b a r i r	native
বেগুনসহ	b e g u n sh o h O	native
বেগুনের	b e g u n e r	native
বেগে	b e g e	native
বেগোড়	b e g O r	native
বেঘুম	b e gh u m	native
বেঘোরে	b e gh O r e	native
বেংগলস	b e ng g l o sh	native
বেংগলসের	b e ng g l o sh e r	native
বেংগলি	b e ng g l i	native
বেংগলে	b e ng g o l e	native
বেংগলের	b e ng g o l e r	native
বেংগালুরুকে	b e ng g a l u r u k e	native
বেংগালুরুতে	b e ng g a l u r u t e	native
বেংগালুরুর	b e ng g a l u r u r	native
বেচইন	b e ch i n	native
বেচছি	b e ch chh i	native
বেচতে	b e ch t e	native
বেচমু	b e ch m u	native
বেচা	b e ch a	native
বেচাকেনাও	b e ch a k e n a O	native
বেচাকেনার	b e ch a k e n a r	native
বেচাকেনায়	b e ch a k e n a y	native
বেচানো	b e ch a n O	native
বেচাবিক্রি	b e ch a b i kr i	native
বেচাবিক্রির	b e ch a b i kr i r	native
বেচার	b e ch a r	native
বেচারা	b e ch a r a	native
বেচারাকে	b e ch a r a k e	native
বেচারার	b e ch a r a r	native
বেচারি	b e ch a r i	native
বেচায়	b e ch a y	native
বেচি	b e ch i	native
বেচেছিলেন	b e ch e chh i l e n	native
বেচেন	b e ch e n	native
বেছে	b e chh e	native
বেজ	b e j	native
বেজড	b e j o D	native
বেজন্মা	b e j n m a	native
বেজপাড়া	b e j p a r a	native
বেজপাড়ার	b e j p a r a r	native
বেজমেন্টসহ	b e j m e n T sh o h O	native
বেজহার	b e j h a r	native
বেজাত	b e j a t	native
বেজান	b e j a n	native
বেজার	b e j a r	native
বেজায়	b e j a y	native
বেজি	b e j i	native
বেজুত	b e j u t	native
বেজেই	b e j e i	native
বেজেছিল	b e j e chh i l O	native
বেজেছে	b e j e chh e	native
বেজের	b e j e r	native
বেজোস	b e j O sh	native
বেজোড়	b e j O r	native
বেটন	b e T o n	native
বেটস	b e T o sh	native
বেটা	b e T a	native
বেটাইম	b e T a i m	native
বেটাক	b e T a k	native
বেটাকে	b e T a k e	native
বেটি	b e T i	native
বেটির	b e T i r	native
বেটিল	b e T i l	native
বেটিস	b e T i sh	native
বেটিসের	b e T i sh e r	native
বেটেনকোর্টের	b e T e n k O r T e r	native
বেট্রিজ	b e T r i j	native
বেঠিক	b e Th i k	native
বেড	b e D	native
বেডফোর্ড	b e D ph O r D O	native
বেডরুম	b e D r u m	native
বেডরুমে	b e D r u m e	native
বেড়াকুঠি	b e r a k u Th i	native
বেড়ে	b e r e	native
বেডারা	b e D a r a	native
বেডি	b e D i	native
বেডির	b e D i r	native
বেডে	b e D e	native
বেডের	b e D e r	native
বেঢপ	b e Dh o p	native
বেনি	b e n i	native
বেনিতে	b e n i t e	native
বেনিয়া	b e n i y a	native
বেনিপ্রসাদ	b e n i pr sh a d	native
বেনির	b e n i r	native
বেনু	b e n u	native
বেনুকা	b e n u k a	native
বেন্ডুয়া	b e n D u y a	native
বেত	b e t	native
বেতকান্দি	b e t k a nd i	native
বেতকাশি	b e t k a sh i	native
বেতগাড়ি	b e t g a r i	native
বেতছড়ি	b e t chh r i	native
বেতদবির	b e t d b i r	native
বেতনই	b e t o n i	native
বেতনও	b e t o n O	native
বেতনকাঠামো	b e t n k a Th a m O	native
বেতনকাঠামোতে	b e t n k a Th a m O t e	native
বেতনকাঠামোয়	b e t n k a Th a m O y	native
বেতনক্রম	b e t n o kr o m	native
বেতনটা	b e t o n T a	native
বেতনবোইশম্য	b e t n b O i sh o m m O	native
বেতনবোইশম্যের	b e t n b O i sh o m m O e r	native
বেতনভাতার	b e t O n bh a t a r	native
বেতনভুক	b e t n bh u k	native
বেতনভুক্ত	b e t n bh u kt O	native
বেতনভোগি	b e t n bh O g i	native
বেতনসংক্রান্ত	b e t o n s o ng k r a n t O	native
বেতনসহ	b e t o n sh o h O	native
বেতনা	b e t n a	native
বেতনের	b e t o n e r	native
বেতবাড়িয়া	b e t b a r i y a	native
বেতবুনিয়া	b e t b u n i y a	native
বেতবুনিয়ায়	b e t b u n i y a y	native
বেতল	b e t o l	native
বেতলাই	b e t l a i	native
বেতস	b e t o sh	native
বেতাউকা	b e t a u k a	native
বেতাগ	b e t a g	native
বেতাগি	b e t a g i	native
বেতাগিতে	b e t a g i t e	native
বেতাগির	b e t a g i r	native
বেতানো	b e t a n O	native
বেতাব	b e t a b	native
বেতার	b e t a r	native
বেতারকে	b e t a r k e	native
বেতারকেন্দ্র	b e t a r k e ndr O	native
বেতারকেন্দ্রে	b e t a r k e ndr e	native
বেতারকেন্দ্রের	b e t a r k e ndr e r	native
বেতারজন্ত্র	b e t a r j O n t r O	native
বেতারজন্ত্রের	b e t a r j O n t r O e r	native
বেতারের	b e t a r e r	native
বেতাল	b e t a l	native
বেতিল	b e t i l	native
বেতুয়া	b e t u y a	native
বেতে	b e t e	native
বেতের	b e t e r	native
বেতো	b E t O	native
বেত্তা	b E tt a	native
বেত্র	b e tr O	native
বেত্রাঘাত	b e tr a gh a t	native
বেত্রাঘাতে	b e tr a gh a t e	native
বেত্রাঘাতের	b e tr a gh a t e r	native
বেথনাল	b e th n a l	native
বেথনালগ্রিন	b e th n a l gr i n	native
বেথলেহেম	b e th l e h e m	native
বেথানি	b e th a n i	native
বেথুরি	b e th u r i	native
বেদ	b e d	native
বেদআত	b e d a t	native
বেদকাশি	b e d k a sh i	native
বেদখল	b e d o kh O l	native
বেদখলে	b e d o kh O l e	native
বেদন	b e d o n	native
বেদনা	b e d n a	native
বেদনাই	b e d n a i	native
বেদনাও	b e d n a O	native
বেদনাদায়ক	b e d n a d a y o k	native
বেদনাবিধুর	b e d n a b i dh u r	native
বেদনাবোধ	b e d n a b O dh	native
বেদনাভরা	b e d n a bh r a	native
বেদনারও	b e d O n a r O	native
বেদনার্ত	b e d n a r t O	native
বেদনাশক	b e d n a sh o k	native
বেদনাহত	b e d n a h o t	native
বেদনায়	b e d n a y	native
বেদা	b e d a	native
বেদাগ	b e d a g	native
বেদাংগ	b e d a ng g	native
বেদাত	b e d a t	native
বেদানা	b e d a n a	native
বেদানার	b e d a n a r	native
বেদান্ত	b e d a nt O	native
বেদান্তের	b e d a nt e r	native
বেদারউদ্দিন	b e d a r u d d i n	native
বেদাশ্রয়	b e d a s r o y	native
বেদিত	b e d i t	native
বেদিতব্য	b e d i t o b b O	native
বেদিতে	b e d i t e	native
বেদিমুলে	b e d i m u l e	native
বেদির	b e d i r	native
বেদিন	b e d i n	native
বেদুইন	b e d u i n	native
বেদেদের	b e d e d e r	native
বেদের	b e d e r	native
বেদেরা	b e d e r a	native
বেদ্য	b e d d O	native
বেধ	b e dh	native
বেধড়ক	b e dh r o k	native
বেন	b e n	native
বেনকিউ	b E n k i u	native
বেনকিজার	b E n k i j a r	native
বেনগাজিকে	b e n g a j i k e	native
বেনগাজিতে	b e n g a j i t e	native
বেনগাজিতেও	b e n g a j i t e O	native
বেনগাজিভিত্তিক	b E n g a j i bh i tt i k	native
বেনগাজির	b e n g a j i r	native
বেনগাজিসহ	b e n g a j i sh o h O	native
বেনজিন	b E n j i n	native
বেনজির	b E n j i r	native
বেনডিট	b E n D i T	native
বেনতো	b E n t O	native
বেনাপোলে	b e n a p O l e	native
বেনারশি	b e n a r sh i	native
বেনারস	b e n a r o sh	native
বেনারসি	b e n a r sh i	native
বেনারসিপল্লি	b e n a r sh i p l l i	native
বেনারসিপল্লিতে	b e n a r sh i p l l i t e	native
বেনারসিপল্লির	b e n a r sh i p l l i r	native
বেনারসির	b e n a r sh i r	native
বেনারসে	b e n a r o sh e	native
বেনিআমিন	b e n i a m i n	native
বেনিগনো	b e n i g n O	native
বেনিতেস	b e n i t e sh	native
বেনিত্তেজের	b e n i tt e j e r	native
বেনিন	b e n i n	native
বেনিনে	b e n i n e	native
বেনিনের	b e n i n e r	native
বেনিয়ান	b e n i y a n	native
বেনিনগর	b e n i n g O r	native
বেনুগোপাল	b e n u g O p a l	native
বেনে	b e n e	native
বেনেট	b e n e T	native
বেনেটের	b e n e T e r	native
বেনেডিক্ট	b e n e D i k T O	native
বেনের	b e n e r	native
বেনেরপোতা	b e n e r p O t a	native
বেনো	b E n O	native
বেন্ট	b e n T O	native
বেন্টনার	b e n T n a r	native
বেন্দি	b e nd i	native
বেন্দ্রে	b e ndr e	native
বেপজার	b e p j a r	native
বেপজায়	b e p j a y	native
বেপথু	b e p th u	native
বেপমান	b e p m a n	native
বেপরোয়া	b e p r O y a	native
বেপরোয়াভাবে	b e p r O y a bh a b e	native
বেপার	b e p a r	native
বেপারি	b e p a r i	native
বেপারিকে	b e p a r i k e	native
বেপারির	b e p a r i r	native
বেপারিরা	b e p a r i r a	native
বেপারিপাড়া	b e p a r i p a r a	native
বেপারিপাড়াকেন্দ্রিক	b e p a r i p a r a k e ndr i k	native
বেপারিপাড়ার	b e p a r i p a r a r	native
বেপারিসহ	b e p a r i sh o h O	native
বেপালট	b e p a l O T	native
বেফাস	b e ph a sh	native
বেফাকুল	b e ph a k u l	native
বেফাকুলের	b e ph a k u l e r	native
বেফাকের	b e ph a k e r	native
বেবাক	b e b a k	native
বেবি	b e b i	native
বেবিকর্ন	b e b i k o r n O	native
বেবিকর্নের	b e b i k o r n O e r	native
বেবির	b e b i r	native
বেবিস	b e b i sh	native
বেবে	b e b e	native
বেবেতো	b e b E t O	native
বেবেতোর	b e b E t O r	native
বেভান	b e bh a n	native
বেভার	b e bh a r	native
বেভারলি	b e bh a r l i	native
বেভারিয়া	b e bh a r i y a	native
বেভারেজকে	b e bh a r e j k e	native
বেভুল	b e bh u l	native
বেমকো	b E m k O	native
বেমক্কা	b e m o k k a	native
বেমানান	b e m a n a n	native
বেমার	b e m a r	native
বেমেয়াদি	b e m e y a d i	native
বের	b e r	native
বেরই	b e r i	native
বেরংের	b e r O ng r o	native
বেরন	b E r o n	native
বেরলুসকোনি	b E r l u sh k O n i	native
বেরলুসকোনিকে	b E r l u sh k O n i k e	native
বেরলুসকোনির	b E r l u sh k O n i r	native
বেরসিক	b E r sh i k	native
বেরসিহ	b E r sh i h	native
বেরা	b e r a	native
বেরাইদ	b e r a i d	native
বেরাকুটি	b e r a k u T i	native
বেরাদার	b e r a d a r	native
বেরাম	b e r a m	native
বেরি	b e r i	native
বেরিবেরি	b e r i b e r i	native
বেরির	b e r i r	native
বেরিলি	b e r i l i	native
বেরিশা	b e r i sh a	native
বেরিশার	b e r i sh a r	native
বেরিয়ার	b e r i y a r	native
বেরিয়ে	b e r i y e	native
বেরিয়েই	b e r i y e i	native
বেরিয়েও	b e r i y e O	native
বেরিয়েছিলাম	b e r i y e chh i l a m	native
বেরিয়েছিলেন	b e r i y e chh i l e n	native
বেরিয়েছে	b e r i y e chh e	native
বেরিয়েছেন	b e r i y e chh e n	native
বেরুন	b e r u n	native
বেরুতে	b e r u t e	native
বেরুনি	b e r u n i	native
বেরুবাড়ি	b e r u b a r i	native
বেরুবাড়ির	b e r u b a r i r	native
বেরুবে	b e r u b e	native
বেরুলেই	b e r u l e i	native
বেরে	b e r e	native
বেরেশের	b e r e sh e r	native
বেরেস্তা	b e r e st a	native
বেরেস্তার	b e r e st a r	native
বেরোই	b e r O i	native
বেরোচ্ছিল	b e r O ch chh i l O	native
বেরোচ্ছে	b e r O ch chh e	native
বেরোচ্ছেন	b e r O ch chh e n	native
বেরোত	b e r O t	native
বেরোতেই	b e r O t e i	native
বেরোন	b e r O n	native
বেরোনোর	b e r O n O r	native
বেরোব	b e r O b	native
বেরোবার	b e r O b a r	native
বেরোবে	b e r O b e	native
বেরোবেন	b e r O b e n	native
বেরোলে	b e r O l e	native
বেরোলেই	b e r O l e i	native
বেরোলেন	b e r O l e n	native
বেরোলো	b e r O l O	native
বেরোয়	b e r O y	native
বেরোয়নি	b e r O y n i	native
বেলআউট	b E l a u T	native
বেলক	b E l o k	native
বেলকা	b E l k a	native
বেলকিন	b E l k i n	native
বেলকুচিতে	b e l k u ch i t e	native
বেলকুচির	b e l k u ch i r	native
বেলকে	b e l k e	native
বেলগ	b E l o g	native
বেলচা	b E l ch a	native
বেলচো	b E l ch O	native
বেলছড়ি	b E l chh r i	native
বেলডারেনে	b E l D a r e n e	native
বেলতলা	b E l t l a	native
বেলতলায়	b E l t l a y	native
বেলতলি	b E l t l i	native
বেলতে	b e l t e	native
বেলদার	b E l d a r	native
বেলন	b E l o n	native
বেলনিআলিদের	b E l n i a l i d e r	native
বেলনিআলির	b E l n i a l i r	native
বেলপাতা	b E l p a t a	native
বেলভিউ	b E l bh i u	native
বেলমুক্তা	b E l m u kt a	native
বেলমেন্ট	b E l m e n T O	native
বেলমোপান	b E l m O p a n	native
বেলস	b E l o sh	native
বেলসকে	b E l o sh k e	native
বেলসের	b E l o sh e r	native
বেলহাজ	b E l h a j	native
বেলহাজকে	b E l h a j k e	native
বেলহাসা	b E l h a sh a	native
বেলা	b e l a	native
বেলাও	b e l a O	native
বেলাওল	b e l a O l	native
বেলাকে	b e l a k e	native
বেলাগাও	b e l a g a O	native
বেলাতে	b e l a t e	native
বেলাতেই	b e l a t e i	native
বেলাতেও	b e l a t e O	native
বেলাব	b e l a b	native
বেলাবতে	b e l a b t e	native
বেলাভুমি	b e l a bh u m i	native
বেলাভুমিতে	b e l a bh u m i t e	native
বেলার	b e l a r	native
বেলারুশ	b e l a r u sh	native
বেলারুশের	b e l a r u sh e r	native
বেলাল	b e l a l	native
বেলালউদ্দিন	b e l a l u d d i n	native
বেলালকে	b e l a l k e	native
বেলালুর	b e l a l u r	native
বেলায়	b e l a y	native
বেলায়ই	b e l a y O i	native
বেলায়ও	b e l a y o O	native
বেলায়েত	b e l a y e t	native
বেলির	b e l i r	native
বেলিস	b e l i sh	native
বেলুচ	b e l u ch	native
বেলুচিস্তান	b e l u ch i st a n	native
বেলুচিস্তানে	b e l u ch i st a n e	native
বেলুচিস্তানের	b e l u ch i st a n e r	native
বেলুচ্চি	b e l u ch ch i	native
বেলুন	b e l u n	native
বেলুনটি	b e l u n T i	native
বেলুনে	b e l u n e	native
বেলুনের	b e l u n e r	native
বেলুর	b e l u r	native
বেলে	b e l e	native
বেলেহাজ	b e l e h a j	native
বেল্টসহ	b e l T sh o h O	native
বেল্লাল	b e l l a l	native
বেল্লিক	b e l l i k	native
বেল্লিত	b e l l i t	native
বেশ	b e sh	native
বেশক	b e sh o k	native
বেশকিছু	b e sh k i chh u	native
বেশকিছুদিন	b e sh k i chh u d i n	native
বেশতো	b e sh t O	native
বেশভুশা	b e sh bh u sh a	native
বেশভুশায়	b e sh bh u sh a y	native
বেশরম	b e sh r O m	native
বেশরা	b e sh r a	native
বেশি	b e sh i	native
বেশিই	b e sh i i	native
বেশিও	b e sh i O	native
বেশিকিছু	b e sh i k i chh u	native
বেশিতে	b e sh i t e	native
বেশিদিন	b e sh i d i n	native
বেশিদিনের	b e sh i d i n e r	native
বেশিদুর	b e sh i d u r	native
বেশিবার	b e sh i b a r	native
বেশিরভাগ	b e sh i r bh a g	native
বেশিরভাগই	b e sh i r bh a g i	native
বেশিরভাগের	b e sh i r bh a g e r	native
বেশিরভাগেরই	b e sh i r bh a g e r O i	native
বেশিসংখ্যক	b e sh i sh o ng kh o k	native
বেশুমার	b e sh u m a r	native
বেশে	b e sh e	native
বেশেই	b e sh e i	native
বেশ্টন	b e sh T o n	native
বেশ্টনি	b e sh T n i	native
বেশ্টনিতে	b e sh T n i t e	native
বেশ্টনির	b e sh T n i r	native
বেশ্টিত	b e sh T i t	native
বেশ্ম	b e sh O	native
বেশ্ট	b e sh T O	native
বেস	b e sh	native
বেসক্যাম্প	b e sh k A mp	native
বেসক্যাম্পে	b e sh k A mp e	native
বেসড	b e sh o D	native
বেসনের	b e sh O n e r	native
বেসর	b e sh o r	native
বেসরকারি	b e sh o r k a r i	native
বেসরকারিকরন	b e sh r k a r i k r O n	native
বেসরকারিগুলোর	b e sh o r k a r i g u l O r	native
বেসরকারিভাবে	b e sh o r k a r i bh a b e	native
বেসরকারিকরনের	b e sh r k a r i k r O n e r	native
বেসলার	b e sh l a r	native
বেসাত	b e sh a t	native
বেসাতি	b e sh a t i	native
বেসামরিক	b e sh a m r i k	native
বেসামরিকিকরন	b e sh a m r i k i k r O n	native
বেসামাল	b e sh a m a l	native
বেসার	b e sh a r	native
বেসারত	b e sh a r o t	native
বেসিক	b e sh i k	native
বেসিগাই	b e sh i g a i	native
বেসিস	b e sh i sh	native
বেসিসের	b e sh i sh e r	native
বেসুরো	b e sh u r O	native
বেসে	b e sh e	native
বেসের	b e sh e r	native
বেহদ্দ	b e h o d d O	native
বেহরিং	b e h r i ng	native
বেহাগ	b e h a g	native
বেহাত	b e h a t	native
বেহান	b e h a n	native
বেহার	b e h a r	native
বেহারি	b e h a r i	native
বেহারিব	b e h a r i b	native
বেহালদশা	b e h a l d o sh a	native
বেহালদশার	b e h a l d o sh a r	native
বেহালা	b e h a l a	native
বেহালার	b e h a l a r	native
বেহায়া	b e h a y a	native
বেহিসাবি	b e h i sh a b i	native
বেহুশ	b e h u sh	native
বেহুদা	b e h u d a	native
বেহুলা	b e h u l a	native
বেহুড়া	b e h u r a	native
বেহেশত	b e h e sh o t	native
বেহেশতের	b e h e sh o t e r	native
বেহেসতের	b e h e sh t e r	native
বেহেস্ত	b e h e st O	native
বেহেস্তের	b e h e st e r	native
বেড়	b e r	native
বেড়া	b e r a	native
বেড়াই	b e r a i	native
বেড়াইতে	b e r a i t e	native
বেড়াগুলো	b e r a g u l O	native
বেড়াচ্ছি	b e r a ch chh i	native
বেড়াচ্ছিল	b e r a ch chh i l O	native
বেড়াচ্ছিলেন	b e r a ch chh i l e n	native
বেড়াচ্ছে	b e r a ch chh e	native
বেড়াচ্ছেন	b e r a ch chh e n	native
বেড়াজাল	b e r a j a l	native
বেড়াজালে	b e r a j a l e	native
বেড়াত	b e r a t	native
বেড়াতাম	b e r a t a m	native
বেড়াতে	b e r a t e	native
বেড়াতেও	b e r a t e O	native
বেড়াতেন	b e r a t e n	native
বেড়ান	b e r a n	native
বেড়ানো	b e r a n O	native
বেড়ানোকে	b e r a n O k e	native
বেড়ানোর	b e r a n O r	native
বেড়াব	b e r a b	native
বেড়াবেন	b e r a b e n	native
বেড়ার	b e r a r	native
বেড়াল	b e r a l	native
বেড়ালাম	b e r a l a m	native
বেড়ালে	b e r a l e	native
বেড়ালেও	b e r a l e O	native
বেড়ালেন	b e r a l e n	native
বেড়ালের	b e r a l e r	native
বেড়ায়	b e r a y	native
বেড়ি	b e r i	native
বেড়িবাধ	b e r i b a dh	native
বেড়িবাধও	b e r i b a dh o O	native
বেড়িবাধগুলো	b e r i b a dh g u l O	native
বেড়িবাধগুলোতে	b e r i b a dh g u l O t e	native
বেড়িবাধগুলোর	b e r i b a dh g u l O r	native
বেড়িবাধটি	b e r i b a dh T i	native
বেড়িবাধসংলগ্ন	b e r i b a dh sh O ng l O g n O	native
বেড়িবাধে	b e r i b a dh e	native
বেড়িবাধের	b e r i b a dh e r	native
বেড়িয়ে	b e r i y e	native
বেড়িয়েছি	b e r i y e chh i	native
বেড়িয়েছেন	b e r i y e chh e n	native
বেড়েই	b e r e i	native
বেড়েছিল	b e r e chh i l O	native
বেড়েছে	b e r e chh e	native
বেড়েছেই	b e r e chh e i	native
বেড়েরবাড়ি	b e r e r b a r i	native
বেয়ধি	b e y dh i	native
বেয়াই	b e y a i	native
বেয়াকুল	b e y a k u l	native
বেয়াদব	b e y a d o b	native
বেয়াদবি	b e y a d b i	native
বেয়াদবির	b e y a d b i r	native
বেয়ান	b e y a n	native
বেয়ার	b e y a r	native
বেয়ারা	b e y a r a	native
বেয়ারাম	b e y a r a m	native
বেয়ারের	b e y a r e r	native
বেয়াড়া	b e y a r a	native
বেয়াড়াপনাকে	b e y a r a p n a k e	native
বেয়েই	b e y e i	native
ব্রেসওয়েল	br e sh O y e l	native
ভেউড়	bh e u r	native
ভেপু	bh e p u	native
ভেংচা	bh e ng ch a	native
ভেংচানো	bh e ng ch a n O	native
ভেংচি	bh e ng ch i	native
ভেংে	bh e ng	native
ভেংেই	bh e ng i	native
ভেংেও	bh e ng O	native
ভেংেচুরে	bh e ng ch u r e	native
ভেংেছি	bh e ng chh i	native
ভেংেছিল	bh e ng chh i l O	native
ভেংেছিলেন	bh e ng chh i l e n	native
ভেংেছে	bh e ng chh e	native
ভেংেছেন	bh e ng chh e n	native
ভেইস	bh e i sh	native
ভেউ	bh e u	native
ভেওলা	bh e O l a	native
ভেক	bh e k	native
ভেকু	bh e k u	native
ভেকুটিয়া	bh e k u T i y a	native
ভেখ	bh e kh	native
ভেগাসে	bh e g a sh e	native
ভেগাসের	bh e g a sh e r	native
ভেগে	bh e g e	native
ভেংেছেই	bh e ng chh e i	native
ভেংকট	bh e ng k o T	native
ভেংগসরকার	bh e ng g sh r k a r	native
ভেংগে	bh e ng g e	native
ভেচ	bh e ch	native
ভেজ	bh e j	native
ভেজা	bh e j a	native
ভেজাতে	bh e j a t e	native
ভেজান	bh e j a n	native
ভেজানো	bh e j a n O	native
ভেজার	bh e j a r	native
ভেজাল	bh e j a l	native
ভেজালকারি	bh e j a l k a r i	native
ভেজালকারিকে	bh e j a l k a r i k e	native
ভেজালবিরোধি	bh e j a l b i r O dh i	native
ভেজালমিশ্রিত	bh e j a l m i s r i t O	native
ভেজালমুক্ত	bh e j a l m u kt O	native
ভেজালাম	bh e j a l a m	native
ভেজিটেবল	bh e j i T e b o l	native
ভেজে	bh e j e	native
ভেজেনি	bh e j e n i	native
ভেজ্জাজিওয়া	bh e j j a j i O y a	native
ভেজ্জাজিওয়ার	bh e j j a j i O y a r	native
ভেজ্জাজিভার	bh e j j a j i bh a r	native
ভেট	bh e T	native
ভেটখালি	bh e T kh a l i	native
ভেটা	bh E T a	native
ভেটেরান	bh e T e r a n	native
ভেটোর	bh e T O r	native
ভেট্টরি	bh e T T r i	native
ভেট্টোরি	bh e T T O r i	native
ভেট্টোরিই	bh e T T O r i i	native
ভেট্টোরিকে	bh e T T O r i k e	native
ভেট্টোরিদের	bh e T T O r i d e r	native
ভেট্টোরির	bh e T T O r i r	native
ভেট্টোরিরা	bh e T T O r i r a	native
ভেতর	bh e t o r	native
ভেতরই	bh e t o r i	native
ভেতরও	bh e t o r O	native
ভেতরকার	bh e t r k a r	native
ভেতরটা	bh e t o r T a	native
ভেতরেই	bh e t O r e i	native
ভেতরেও	bh e t O r e O	native
ভেতরের	bh e t o r e r	native
ভেতো	bh E t O	native
ভেত্তা	bh E tt a	native
ভেদ	bh e d	native
ভেদবমি	bh e d b O m i	native
ভেদরেখা	bh e d r e kh a	native
ভেদাভেদ	bh e d a bh e d	native
ভেদাভেদের	bh e d a bh e d e r	native
ভেদুরিয়া	bh e d u r i y a	native
ভেনচার	bh E n ch a r	native
ভেনাস	bh e n a sh	native
ভেনাসকে	bh e n a sh k e	native
ভেনাসের	bh e n a sh e r	native
ভেনিস	bh e n i sh	native
ভেনিসে	bh e n i sh e	native
ভেনিসের	bh e n i sh e r	native
ভেনু	bh e n u	native
ভেনুতে	bh e n u t e	native
ভেনেসা	bh e n e sh a	native
ভেন্টার	bh e n T a r	native
ভেন্টারের	bh e n T a r e r	native
ভেন্টিলেটর	bh e n T i l e T o r	native
ভেন্যু	bh e n n u	native
ভেন্যুগুলো	bh e n n u g u l O	native
ভেন্যুগুলোর	bh e n n u g u l O r	native
ভেন্যুতে	bh e n n u t e	native
ভেন্যুতেই	bh e n n u t e i	native
ভেন্যুর	bh e n n u r	native
ভেপসা	bh e p sh a	native
ভেবেই	bh e b e i	native
ভেবেও	bh e b e O	native
ভেবেচিন্তে	bh e b e ch i nt e	native
ভেবেচিন্তেই	bh e b e ch i nt e i	native
ভেবেছ	bh e b e chh	native
ভেবেছিল	bh e b e chh i l O	native
ভেবেছিলাম	bh e b e chh i l a m	native
ভেবেছিলেন	bh e b e chh i l e n	native
ভেবেছেন	bh e b e chh e n	native
ভেবো	bh E b O	native
ভেবড়ানো	bh e b r a n O	native
ভেমো	bh E m O	native
ভেরডার	bh E r D a r	native
ভেরন	bh E r o n	native
ভেরনকে	bh E r o n k e	native
ভেরনের	bh E r o n e r	native
ভেরাইজন	bh e r a i j o n	native
ভেরি	bh e r i	native
ভেরুয়া	bh e r u y a	native
ভেরে	bh e r e	native
ভেরেন্ডা	bh e r e n D a	native
ভেরেন্ডি	bh e r e n D i	native
ভেরেন্ডির	bh e r e n D i r	native
ভেরোনিকা	bh e r O n i k a	native
ভেল	bh e l	native
ভেলক	bh E l o k	native
ভেলকি	bh E l k i	native
ভেলভেট	bh E l bh e T	native
ভেলর	bh e l r	native
ভেলা	bh e l a	native
ভেলানগর	bh e l a n g O r	native
ভেলার	bh e l a r	native
ভেলায়	bh e l a y	native
ভেলি	bh e l i	native
ভেলিয়া	bh e l i y a	native
ভেলু	bh e l u	native
ভেলুমিয়া	bh e l u m i y a	native
ভেলেগেদারা	bh e l e g e d a r a	native
ভেলের	bh e l e r	native
ভেলোর	bh e l O r	native
ভেশ	bh e sh	native
ভেশজ	bh e sh o j	native
ভেসকা	bh e sh k a	native
ভেসনিনার	bh e sh n i n a r	native
ভেসাল	bh e sh a l	native
ভেসালগুলো	bh e sh a l g u l O	native
ভেসে	bh e sh e	native
ভেসেছিল	bh e sh e chh i l O	native
ভেসেছে	bh e sh e chh e	native
ভেসেছেন	bh e sh e chh e n	native
ভেসেল	bh e sh e l	native
ভেস্ত	bh e st O	native
ভেস্তা	bh E st a	native
ভেস্তে	bh e st e	native
ভেহিকল	bh e h i k o l	native
ভেহিকেল	bh e h i k e l	native
ভেহিক্যাল	bh e h i k k a l	native
ভেহিক্যালস	bh e h i k k a l o sh	native
ভেড়াকে	bh e r a k e	native
ভেড়াতে	bh e r a t e	native
ভেড়ানো	bh e r a n O	native
ভেড়ানোর	bh e r a n O r	native
ভেড়ামারা	bh e r a m a r a	native
ভেড়ামারার	bh e r a m a r a r	native
ভেড়ামারায়	bh e r a m a r a y	native
ভেড়ার	bh e r a r	native
ভেড়ায়	bh e r a y	native
ভেড়ি	bh e r i	native
ভেড়ে	bh e r e	native
ভেয়ান	bh e y a n	native
ভ্যেভ	bh e bh	native
মেইকআপ	m e i k a p	native
মেইকন	m e i k o n	native
মেইকার	m e i k a r	native
মেইজ	m e i j	native
মেইনার	m e i n a r	native
মেইল	m e i l	native
মেইলও	m e i l o O	native
মেইলগুলো	m e i l g u l O	native
মেইলসহ	m e i l sh o h O	native
মেইলে	m e i l e	native
মেইলেও	m e i l e O	native
মেওয়া	m e O y a	native
মেকআপ	m e k a p	native
মেকওভার	m e k O bh a r	native
মেকানিক	m e k a n i k	native
মেকানিকস	m e k a n i k o sh	native
মেকানিক্যাল	m e k a n i k k a l	native
মেকার	m e k a r	native
মেকারকে	m e k a r k e	native
মেকি	m e k i	native
মেখলা	m e kh l a	native
মেখে	m e kh e	native
মেখেছেন	m e kh e chh e n	native
মেগ	m e g	native
মেগরাহি	m e g r a h i	native
মেগরাহিকে	m e g r a h i k e	native
মেগা	m e g a	native
মেগাওয়াট	m e g a O y a T	native
মেগাওয়াটই	m e g a O y a T O i	native
মেগাওয়াটও	m e g a O y a T o O	native
মেগাওয়াটে	m e g a O y a T e	native
মেগাওয়াটের	m e g a O y a T e r	native
মেগাওয়াটেরও	m e g a O y a T e r o O	native
মেগান	m e g a n	native
মেগাপোর্ট	m e g a p O r T O	native
মেগাবাইট	m e g a b a i T	native
মেগাবাইটের	m e g a b a i T e r	native
মেগাসিটি	m e g a sh i T i	native
মেগাহার্টজ	m e g a h a r T o j	native
মেগাহার্টজের	m e g a h a r T o j e r	native
মেঘও	m e gh o O	native
মেঘকে	m e gh k e	native
মেঘগুলো	m e gh g u l O	native
মেঘডুবি	m e gh D u b i	native
মেঘনাগর্ভে	m e gh n a g o r bh e	native
মেঘনাঘাট	m e gh n a gh a T	native
মেঘনাঘাটে	m e gh n a gh a T e	native
মেঘনাদ	m e gh n a d	native
মেঘনাদবধ	m e gh n a d b o dh	native
মেঘনার	m e gh n a r	native
মেঘনায়	m e gh n a y	native
মেঘমল্লার	m e gh m l l a r	native
মেঘমালা	m e gh m a l a	native
মেঘমালাকে	m e gh m a l a k e	native
মেঘমালার	m e gh m a l a r	native
মেঘমুক্ত	m e gh m u kt O	native
মেঘমেদুর	m e gh m e d u r	native
মেঘা	m e gh a	native
মেঘাচ্ছন্ন	m e gh a ch chh o nn O	native
মেঘালয়	m e gh a l o y	native
মেঘালয়ে	m e gh a l o y e	native
মেঘালয়ের	m e gh a l o y e r	native
মেঘে	m e gh e	native
মেঘেন	m e gh e n	native
মেঘেনকে	m e gh e n k e	native
মেঘেরা	m e gh e r a	native
মেচি	m e ch i	native
মেছতা	m e chh t a	native
মেছতার	m e chh t a r	native
মেছবাহ	m e chh b a h	native
মেছের	m e chh e r	native
মেছো	m e chh O	native
মেছোবিড়াল	m e chh O b i r a l	native
মেজনার	m e j n a r	native
মেজবাউর	m e j b a u r	native
মেজবাউল	m e j b a u l	native
মেজবান	m e j b a n	native
মেজবানি	m e j b a n i	native
মেজবানে	m e j b a n e	native
মেজবানের	m e j b a n e r	native
মেজবাহ	m e j b a h	native
মেজবাহুল	m e j b a h u l	native
মেজর	m e j o r	native
মেজরকে	m e j o r k e	native
মেজাজ	m e j a j	native
মেজাজও	m e j a j o O	native
মেজাজটা	m e j a j T a	native
মেজাজটাই	m e j a j T a i	native
মেজে	m e j e	native
মেঝ	m e jh	native
মেঝেতেই	m e jh e t e i	native
মেঝেতেও	m e jh e t e O	native
মেঝের	m e jh e r	native
মেঝেয়	m e jh e y	native
মেটাচ্ছে	m e T a ch chh e	native
মেটাচ্ছেন	m e T a ch chh e n	native
মেটাত	m e T a t	native
মেটাতেই	m e T a t e i	native
মেটান	m e T a n	native
মেটানো	m e T a n O	native
মেটানোই	m e T a n O i	native
মেটাবলিক	m e T a b l i k	native
মেটাবে	m e T a b e	native
মেটাল	m e T a l	native
মেটালেন	m e T a l e n	native
মেটায়	m e T a y	native
মেটেরিয়াল	m e T e r i y a l	native
মেটেরিয়ালস	m e T e r i y a l o sh	native
মেট্রন	m E T r o n	native
মেট্রিকটন	m e T r i k T O n	native
মেঠাই	m e Th a i	native
মেঠে	m e Th e	native
মেঠো	m e Th O	native
মেঠোপথ	m e Th O p o th	native
মেঠোপথে	m e Th O p o th e	native
মেড	m e D	native
মেডিকেল	m e D i k e l	native
মেডিকেলে	m e D i k e l e	native
মেডিটেশন	m e D i T e sh o n	native
মেডিনোভা	m e D i n O bh a	native
মেডিপোর্ট	m e D i p O r T O	native
মেডিসন	m e D i sh o n	native
মেডেনসহ	m e D e n sh o h O	native
মেঢ্র	m e Dh r O	native
মেতেছিল	m e t e chh i l O	native
মেতেছিলেন	m e t e chh i l e n	native
মেতেছে	m e t e chh e	native
মেতেছেন	m e t e chh e n	native
মেথর	m e th o r	native
মেদ	m e d	native
মেদবহুল	m e d b h u l	native
মেদহিন	m e d h i n	native
মেদা	m e d a	native
মেদাওয়ালা	m e d a O y a l a	native
মেদান	m e d a n	native
মেদানের	m e d a n e r	native
মেদি	m e d i	native
মেদিনিমন্ডল	m e d i n i m o n D o l	native
মেদুর	m e d u r	native
মেদেল	m e d e l	native
মেধ	m e dh	native
মেধা	m e dh a	native
মেধাই	m e dh a i	native
মেধাকচ্চপিয়া	m e dh a k o ch ch p i y a	native
মেধাকে	m e dh a k e	native
মেধাক্রম	m e dh a kr o m	native
মেধাতালিকা	m e dh a t a l i k a	native
মেধাতালিকার	m e dh a t a l i k a r	native
মেধাতালিকায়	m e dh a t a l i k a y	native
মেধানুসারে	m e dh a n u sh a r e	native
মেধাবিদের	m e dh a b i d e r	native
মেধাবির	m e dh a b i r	native
মেধাবিরা	m e dh a b i r a	native
মেধাবিকে	m e dh a b i k e	native
মেধাবিদেরই	m e dh a b i d e r O i	native
মেধাবিরাই	m e dh a b i r a i	native
মেধাভিত্তিক	m e dh a bh i tt i k	native
মেধামান	m e dh a m a n	native
মেধার	m e dh a r	native
মেধাশক্তি	m E dh a sh O kt i	native
মেধাশুন্য	m e dh a sh u n n O	native
মেধাশুন্যতা	m e dh a sh u n n t a	native
মেধাসম্পদ	m e dh a sh o mp o d	native
মেধাসম্পন্ন	m e dh a sh o mp o nn O	native
মেধাহিন	m e dh a h i n	native
মেধায়	m e dh a y	native
মেধ্য	m e dh y O	native
মেনকা	m E n k a	native
মেনকাকে	m E n k a k e	native
মেনকার	m E n k a r	native
মেনজ	m E n o j	native
মেননকে	m e n O n k e	native
মেননসহ	m e n O n sh o h O	native
মেনশন	m E n sh O n	native
মেনস	m E n o sh	native
মেনসা	m E n sh a	native
মেনহাজুল	m E n h a j u l	native
মেনা	m e n a	native
মেনানগর	m e n a n g O r	native
মেনারিয়া	m e n a r i y a	native
মেনারিয়ার	m e n a r i y a r	native
মেনার্ড	m e n a r D O	native
মেনি	m e n i	native
মেনিকিউর	m e n i k i u r	native
মেনুর	m e n u r	native
মেনে	m e n e	native
মেনেই	m e n e i	native
মেনেও	m e n e O	native
মেনেছি	m e n e chh i	native
মেনেছিল	m e n e chh i l O	native
মেনেজেসও	m e n e j e sh o O	native
মেনেলাউস	m e n e l a u sh	native
মেনো	m e n O	native
মেনোপজ	m e n O p o j	native
মেন্টাল	m e n T a l	native
মেন্ডেল	m e n D e l	native
মেন্ডোজা	m e n D O j a	native
মেন্ডোজাকে	m e n D O j a k e	native
মেন্ডোজার	m e n D O j a r	native
মেন্দিস	m e nd i sh	native
মেন্যু	m e n n u	native
মেন্যুতে	m e n n u t e	native
মেপে	m e p e	native
মেবাজা	m e b a j a	native
মেমনকে	m e m o n k e	native
মেমি	m e m i	native
মেমোগেট	m e m O g e T	native
মেমোরিয়াল	m e m O r i y a l	native
মেম্বারস	m e mb a r o sh	native
মেরকেল	m E r k e l	native
মেরা	m e r a	native
মেরাং	m E r a ng	native
মেরাজ	m e r a j	native
মেরাজুল	m e r a j u l	native
মেরাজের	m e r a j e r	native
মেরাপ	m e r a p	native
মেরামতও	m e r a m o t O	native
মেরামতকাজ	m e r a m t k a j	native
মেরামতকারি	m e r a m t k a r i	native
মেরামতজোগ্য	m e r a m t j O g g O	native
মেরামতসহ	m e r a m o t sh o h O	native
মেরামতে	m e r a m t e	native
মেরামতের	m e r a m o t e r	native
মেরামতেরও	m e r a m o t e r O	native
মেরিটিমাস	m e r i T i m a sh	native
মেরিনো	m e r i n O	native
মেরিল	m e r i l	native
মেরিস	m e r i sh	native
মেরুকরন	m e r u k r O n	native
মেরুকরনের	m e r u k r O n e r	native
মেরুতে	m e r u t e	native
মেরুদন্ড	m e r u d o n D O	native
মেরুদন্ডহিন	m e r u d o n D h i n	native
মেরুদন্ডে	m e r u d o n D O e	native
মেরুদন্ডের	m e r u d o n D O e r	native
মেরুদন্ডি	m e r u d n D i	native
মেরুপ্রভা	m e r u pr bh a	native
মেরুর	m e r u r	native
মেরুল	m e r u l	native
মেরে	m e r e	native
মেরেই	m e r e i	native
মেরেও	m e r e O	native
মেরেকেটে	m e r e k e T e	native
মেরেছি	m e r e chh i	native
মেরেছিল	m e r e chh i l O	native
মেরেছিলাম	m e r e chh i l a m	native
মেরেছিলেন	m e r e chh i l e n	native
মেরেছে	m e r e chh e	native
মেরেছেন	m e r e chh e n	native
মেরো	m E r O	native
মের্কেল	m e r k e l	native
মেল	m e l	native
মেলবে	m E l b e	native
মেলবেন	m E l b e n	native
মেলবোর্ন	m E l b O r n O	native
মেলবোর্নে	m E l b O r n e	native
মেলবোর্নেই	m E l b O r n e i	native
মেলবোর্নের	m E l b O r n e r	native
মেলভিন	m E l bh i n	native
মেলরোজ	m E l r O j	native
মেলল	m E l o l	native
মেলাই	m E l a i	native
মেলাকে	m E l a k e	native
মেলাগুলো	m E l a g u l O	native
মেলাঘর	m e l a gh O r	native
মেলাঘরে	m e l a gh O r e	native
মেলাংগনে	m e l a ng g n e	native
মেলাচ্ছে	m e l a ch chh e	native
মেলাচ্ছেন	m e l a ch chh e n	native
মেলাজুড়ে	m e l a j u r e	native
মেলাটা	m E l a T a	native
মেলাটি	m E l a T i	native
মেলাটির	m E l a T i r	native
মেলাতেই	m e l a t e i	native
মেলাতেও	m e l a t e O	native
মেলাতেন	m e l a t e n	native
মেলানি	m e l a n i	native
মেলানিন	m e l a n i n	native
মেলানেশিয়া	m e l a n e sh i y a	native
মেলানো	m e l a n O	native
মেলানোই	m e l a n O i	native
মেলানোমা	m e l a n O m a	native
মেলান্দহ	m e l a nd o h	native
মেলান্দহে	m e l a nd o h e	native
মেলাপ্রাংগনে	m e l a pr a ng g n e	native
মেলাবেন	m e l a b e n	native
মেলামাইন	m e l a m a i n	native
মেলামিন	m e l a m i n	native
মেলামিনজুক্ত	m e l a m i n j u kt O	native
মেলামেশা	m e l a m e sh a	native
মেলামেশার	m e l a m e sh a r	native
মেলামেশায়	m e l a m e sh a y	native
মেলার	m E l a r	native
মেলারটেক	m e l a r T e k	native
মেলারটেকে	m e l a r T e k e	native
মেলাল	m e l a l	native
মেলালেন	m e l a l e n	native
মেলাসহ	m E l a sh o h O	native
মেলাস্থলে	m E l a sth o l e	native
মেলায়	m e l a y	native
মেলিন্ডা	m e l i n D a	native
মেলিন্ডার	m e l i n D a r	native
মেলিন্দা	m e l i nd a	native
মেলির	m e l i r	native
মেলিসা	m e l i sh a	native
মেলিয়া	m e l i y a	native
মেলে	m e l e	native
মেলেকেওক	m e l e k e O k	native
মেলেনি	m e l e n i	native
মেলো	m e l O	native
মেলোকে	m e l O k e	native
মেলোডি	m e l O D i	native
মেলোর	m e l O r	native
মেশ	m e sh	native
মেশকাত	m e sh k a t	native
মেশা	m e sh a	native
মেশান	m e sh a n	native
মেশাবেন	m e sh a b e n	native
মেশার	m e sh a r	native
মেশালে	m e sh a l e	native
মেশিনপত্র	m e sh i n p O tr O	native
মেশিনস	m e sh i n o sh	native
মেশিনসহ	m e sh i n sh o h O	native
মেশিনারি	m e sh i n a r i	native
মেশিনেও	m e sh i n e O	native
মেশে	m e sh e	native
মেশশাবকের	m e sh sh a b k e r	native
মেশের	m e sh e r	native
মেসকাত	m e sh k a t	native
মেসগুলোতে	m e sh g u l O t e	native
মেসন	m e sh o n	native
মেসবাউদ্দিন	m e sh b a u d d i n	native
মেসবাহ	m e sh b a h	native
মেসবাহউদ্দিন	m e sh b a h u d d i n	native
মেসবাহুল	m e sh b a h u l	native
মেসবাহ্	m e sh b a h	native
মেসবাড়ি	m e sh b a r i	native
মেসি	m e sh i	native
মেসিই	m e sh i i	native
মেসিও	m e sh i O	native
মেসিকে	m e sh i k e	native
মেসিকেই	m e sh i k e i	native
মেসিকেও	m e sh i k e O	native
মেসিডোনিয়ান	m e sh i D O n i y a n	native
মেসিডোনিয়ার	m e sh i D O n i y a r	native
মেসিতে	m e sh i t e	native
মেসিময়	m e sh i m o y	native
মেসির	m e sh i r	native
মেসিরই	m e sh i r O i	native
মেসিরা	m e sh i r a	native
মেসিসহ	m e sh i sh o h O	native
মেসুত	m e sh u t	native
মেসে	m e sh e	native
মেসো	m E sh O	native
মেহ	m e h	native
মেহতা	m e h t a	native
মেহতাব	m e h t a b	native
মেহতার	m e h t a r	native
মেহন	m e h o n	native
মেহনত	m e h n o t	native
মেহবুব	m e h b u b	native
মেহবুবা	m e h b u b a	native
মেহবুবের	m e h b u b e r	native
মেহমান	m e h m a n	native
মেহমানকে	m e h m a n k e	native
মেহমানপারাশত	m e h m a n p a r a sh o t	native
মেহমানপারাস্ত	m e h m a n p a r a st O	native
মেহমানেরা	m e h m a n e r a	native
মেহরা	m e h r a	native
মেহরান	m e h r a n	native
মেহরাব	m e h r a b	native
মেহরার	m e h r a r	native
মেহসুদ	m e h sh u d	native
মেহসুদকে	m e h sh u d k e	native
মেহসুদের	m e h sh u d e r	native
মেহেরবা	m e h e r b a	native
মেহেরবান	m e h e r b a n	native
মেহেরবানি	m e h e r b a n i	native
মেহেরাব	m e h e r a b	native
মেহেরুন্নেছা	m e h e r u nn e chh a	native
মেহেরুন্নেসা	m e h e r u nn e sh a	native
মেহেরুন্নেসাকে	m e h e r u nn e sh a k e	native
মেহেরুন্নেসার	m e h e r u nn e sh a r	native
মেহেরুল	m e h e r u l	native
মেড়া	m E r a	native
মেয়	m e y	native
মেয়রও	m e y o r O	native
মেয়রকে	m e y o r k e	native
মেয়রপুত্র	m e y r p u tr O	native
মেয়রপ্রার্থি	m e y r pr a r th i	native
মেয়রসহ	m e y o r sh o h O	native
মেয়রের	m e y o r e r	native
মেয়াদ	m e y a d	native
মেয়াদই	m e y a d O i	native
মেয়াদও	m e y a d o O	native
মেয়াদকাল	m e y a d k a l	native
মেয়াদকালে	m e y a d k a l e	native
মেয়াদকালেই	m e y a d k a l e i	native
মেয়াদকালের	m e y a d k a l e r	native
মেয়াদপুর্তিতে	m e y a d p u r t i t e	native
মেয়াদপুর্তির	m e y a d p u r t i r	native
মেয়াদহিন	m e y a d h i n	native
মেয়াদান্তে	m e y a d a nt e	native
মেয়াদি	m e y a d i	native
মেয়াদিকরন	m e y a d i k r O n	native
মেয়াদে	m e y a d e	native
মেয়াদেই	m e y a d e i	native
মেয়াদেও	m e y a d e O	native
মেয়াদের	m e y a d e r	native
মেয়াদোত্তির্ন	m e y a d O tt i r n O	native
মেয়াদোত্তির্নের	m e y a d O tt i r n e r	native
মেয়ার	m e y a r	native
মেয়েই	m e y e i	native
মেয়েও	m e y e O	native
মেয়েক	m e y e k	native
মেয়েকে	m e y e k e	native
মেয়েকেই	m e y e k e i	native
মেয়েকেও	m e y e k e O	native
মেয়েগুলো	m e y e g u l O	native
মেয়েগুলোর	m e y e g u l O r	native
মেয়েছেলে	m e y e chh e l e	native
মেয়েটা	m e y e T a	native
মেয়েটাও	m e y e T a O	native
মেয়েটাকে	m e y e T a k e	native
মেয়েটার	m e y e T a r	native
মেয়েটি	m e y e T i	native
মেয়েটিই	m e y e T i i	native
মেয়েটিও	m e y e T i O	native
মেয়েটিকে	m e y e T i k e	native
মেয়েটিকেই	m e y e T i k e i	native
মেয়েটিকেও	m e y e T i k e O	native
মেয়েটির	m e y e T i r	native
মেয়েটিরও	m e y e T i r o O	native
মেয়েদেরই	m e y e d e r O i	native
মেয়েদেরও	m e y e d e r o O	native
মেয়ের	m e y e r	native
মেয়েরই	m e y e r O i	native
মেয়েরা	m e y e r a	native
মেয়েরাই	m e y e r a i	native
মেয়েরাও	m e y e r a O	native
মেয়েরে	m e y e r e	native
মেয়েলি	m e y e l i	native
মেয়েশিশু	m e y e sh i sh u	native
মেয়েশিশুকে	m e y e sh i sh u k e	native
মেয়েশিশুদের	m e y e sh i sh u d e r	native
মেয়েশিশুর	m e y e sh i sh u r	native
মেয়েশিশুরা	m e y e sh i sh u r a	native
মেয়েসন্তান	m e y e sh o nt a n	native
মেয়েসন্তানকে	m e y e sh o nt a n k e	native
মেয়েসন্তানের	m e y e sh o nt a n e r	native
মেয়েসহ	m e y e sh o h O	native
ম্যেক্সিক-ক্যামিরুন	m e k s i k | k A m i r u n	compound
ম্লেচ্ছ	m l e ch chh O	native
জেকোনোটাই	j e k O n O T a i	native
জেকোনোটি	j e k O n O T i	native
জেকোনোটিই	j e k O n O T i i	native
জেকোনোটিতে	j e k O n O T i t e	native
জেকোনোবারের	j e k O n O b a r e r	native
জেখানটায়	j e kh a n T a y	native
জেটায়	j e T a y	native
জেটুক	j e T u k	native
জেথায়	j e th a y	native
জেদিকেই	j e d i k e i	native
জেদিনই	j e d i n O i	native
জেসবের	j e sh o b e r	native
জেহ্ন	j e n n O	native
জেয়াদা	j e y a d a	native
জেয়ে	j e y e	native
জেয়ো	j E y O	native
রে	r e	native
রেধে	r e dh e	native
রেইকস	r e i k o sh	native
রেইকিয়াভিক	r e i k i y a bh i k	native
রেইড	r e i D	native
রেইডার	r e i D a r	native
রেইডারকে	r e i D a r k e	native
রেইন	r e i n	native
রেইনকোট	r e i n k O T	native
রেইনকোটের	r e i n k O T e r	native
রেইনট্রিসহ	r e i n T r i sh o h O	native
রেইনবো	r e i n b O	native
রেইনা	r e i n a	native
রেইনার	r e i n a r	native
রেইস	r e i sh	native
রেউল	r e u l	native
রেওয়া	r e O y a	native
রেওয়াজ	r e O y a j	native
রেওয়াজই	r e O y a j O i	native
রেওয়াজও	r e O y a j o O	native
রেওয়াজটা	r e O y a j T a	native
রেওয়াজে	r e O y a j e	native
রেওয়াজের	r e O y a j e r	native
রেক	r e k	native
রেকটো	r e k T O	native
রেকর্ড	r e k o r D	native
রেকর্ডই	r e k o r D o i	native
রেকর্ডও	r e k o r D o O	native
রেকর্ডকে	r e k o r D k e	native
রেকর্ডগুলো	r e k o r D g u l O	native
রেকর্ডটা	r e k o r D T a	native
রেকর্ডটাই	r e k o r D T a i	native
রেকর্ডটাও	r e k o r D T a O	native
রেকর্ডটাকে	r e k o r D T a k e	native
রেকর্ডটার	r e k o r D T a r	native
রেকর্ডটি	r e k o r D T i	native
রেকর্ডটিও	r e k o r D T i O	native
রেকর্ডটিকে	r e k o r D T i k e	native
রেকর্ডটির	r e k o r D T i r	native
রেকর্ডধারি	r e k o r D dh a r i	native
রেকর্ডপত্র	r e k o r D p o tr O	native
রেকর্ডবুকে	r e k o r D b u k e	native
রেকর্ডভুক্ত	r e k o r D bh u kt O	native
রেকর্ডরুম	r e k o r D r u m	native
রেকর্ডস	r e k o r D o sh	native
রেকর্ডসংখ্যক	r e k o r D sh o ng kh o k	native
রেকর্ডসহ	r e k o r D sh o h O	native
রেকর্ডসে	r e k o r D o sh e	native
রেকর্ডসের	r e k o r D o sh e r	native
রেকর্ডার	r e k r D a r	native
রেকর্ডারটা	r e k r D a r T a	native
রেকর্ডে	r e k o r D e	native
রেকর্ডেও	r e k o r D e O	native
রেকর্ডের	r e k o r D O e r	native
রেকার	r e k a r	native
রেকারের	r e k a r e r	native
রেকি	r e k i	native
রেকিট	r e k i T	native
রেকোমেনডেশনস	r e k O m e n D e sh n o sh	native
রেক্টর	r e k T o r	native
রেখ	r e kh	native
রেখাকে	r e kh a k e	native
রেখাগুলো	r e kh a g u l O	native
রেখাচিত্র	r e kh a ch i tr O	native
রেখাটা	r e kh a T a	native
রেখাপাত	r e kh a p a t	native
রেখার	r e kh a r	native
রেখায়	r e kh a y	native
রেখে	r e kh e	native
রেখেই	r e kh e i	native
রেখেও	r e kh e O	native
রেখেছিল	r e kh e chh i l O	native
রেখেছিলেন	r e kh e chh i l e n	native
রেখেছিলো	r e kh e chh i l O	native
রেখেছিস	r e kh e chh i sh	native
রেখেছে	r e kh e chh e	native
রেখেছেন	r e kh e chh e n	native
রেখেঢেকে	r e kh e Dh e k e	native
রেগিনা	r e g i n a	native
রেগিস	r e g i sh	native
রেগুলার	r e g u l a r	native
রেগুলেটরের	r e g u l e T o r e r	native
রেগুলেশনে	r e g u l e sh o n e	native
রেগুলেশনের	r e g u l e sh o n e r	native
রেগেমেগে	r e g e m e g e	native
রেংগুন	r e ng g u n	native
রেচক	r e ch o k	native
রেচন	r e ch o n	native
রেজওয়ান	r e j O y a n	native
রেজওয়ানা	r e j O y a n a	native
রেজওয়ানুর	r e j O y a n u r	native
রেজওয়ানুল	r e j O y a n u l	native
রেজগুই	r e j g u i	native
রেজবুল	r e j b u l	native
রেজর	r e j o r	native
রেজল্যুশন	r e j l l u sh o n	native
রেজসকো	r e j sh k O	native
রেজসকোতে	r e j sh k O t e	native
রেজা	r e j a	native
রেজাইনা	r e j a i n a	native
রেজাউন	r e j a u n	native
রেজাউর	r e j a u r	native
রেজাউল	r e j a u l	native
রেজাউলকে	r e j a u l k e	native
রেজাউলসহ	r e j a u l sh o h O	native
রেজাক	r e j a k	native
রেজাকে	r e j a k e	native
রেজানুর	r e j a n u r	native
রেজানুল	r e j a n u l	native
রেজার	r e j a r	native
রেজালা	r e j a l a	native
রেজাসহ	r e j a sh o h O	native
রেজি	r e j i	native
রেজিনা	r e j i n a	native
রেজিনাল	r e j i n a l	native
রেজিশ্ট্রেশন	r e j i sh T r e sh o n	native
রেজিয়া	r e j i y a	native
রেজু	r e j u	native
রেজুলেশন	r e j u l e sh o n	native
রেজুলেশনে	r e j u l e sh o n e	native
রেজুলেশনের	r e j u l e sh o n e r	native
রেজোয়ান	r e j O y a n	native
রেজোয়ানা	r e j O y a n a	native
রেজোয়ানের	r e j O y a n e r	native
রেজ্জাকুল	r e j j a k u l	native
রেজ্যুলেশনের	r e j u l e sh o n e r	native
রেটিনা	r e T i n a	native
রেটিনার	r e T i n a r	native
রেটিনায়	r e T i n a y	native
রেডক্রস	r e D o kr o sh	native
রেডক্রসের	r e D o kr o sh e r	native
রেডদের	r e D d e r	native
রেডন	r e D o n	native
রেডন্যাপ	r e D n n a p	native
রেডমন্ড	r e D m o n D O	native
রেডমন্ডের	r e D m o n D O e r	native
রেডিওকার্বন	r e D i O k a r b o n	native
রেডিওগুলোতে	r e D i O g u l O t e	native
রেডিওতেও	r e D i O t e O	native
রেডিওথেরাপি	r e D i O th e r a p i	native
রেডিট	r e D i T	native
রেডিসন	r e D i sh o n	native
রেডিয়াস	r e D i y a sh	native
রেডিয়েন্ট	r e D i y e n T O	native
রেডিয়েশন	r e D i y e sh o n	native
রেনু	r e n u	native
রেনুকা	r e n u k a	native
রেনুপোনা	r e n u p O n a	native
রেনুর	r e n u r	native
রেত	r e t	native
রেতকাপা	r e t k a p a	native
রেতে	r e t e	native
রেত্যেবি	r e t t e b i	native
রেদওয়ান	r e d O y a n	native
রেদওয়ানুল	r e d O y a n u l	native
রেদওয়ানুলের	r e d O y a n u l e r	native
রেদোয়ান	r e d O y a n	native
রেদোয়ানকে	r e d O y a n k e	native
রেদোয়ানের	r e d O y a n e r	native
রেন	r e n	native
রেনউইক	r E n u i k	native
রেনা	r e n a	native
রেনাটা	r e n a T a	native
রেনাটার	r e n a T a r	native
রেনাতো	r e n a t O	native
রেনাল	r e n a l	native
রেনি	r e n i	native
রেনুকে	r e n u k e	native
রেনেটা	r e n E T a	native
রেনেসা	r e n e sh a	native
রেনেসার	r e n e sh a r	native
রেনো	r e n O	native
রেনোয়া	r e n O y a	native
রেনোয়ার	r e n O y a r	native
রেন্ট	r e n T O	native
রেন্টাল	r e n T a l	native
রেন্টালসহ	r e n T a l sh o h O	native
রেন্টিনা	r e n T i n a	native
রেন্টু	r e n T u	native
রেপাটরি	r e p a T r i	native
রেপুটেশন	r e p u T e sh o n	native
রেপো	r E p O	native
রেপোতে	r E p O t e	native
রেপোর	r E p O r	native
রেপ্লিকা	r e p l i k a	native
রেফারেল	r e ph a r e l	native
রেফায়া	r e ph a y a	native
রেবটেল	r e b T e l	native
রেবটেলের	r e b T e l e r	native
রেবতি	r e b t i	native
রেবতি–রমন	r e b t i | r o m O n	compound
রেবি	r e b i	native
রেবেকা	r e b e k a	native
রেবেকার	r e b e k a r	native
রেভলুশনারি	r e bh l u sh n a r i	native
রেভল্যুশন	r e bh l l u sh o n	native
রেভারেন্ড	r e bh a r e n D O	native
রেভিনিউ	r e bh i n i u	native
রেভুলুশনারি	r e bh u l u sh n a r i	native
রেভোভিচ	r e bh O bh i ch	native
রেমন্ড	r E m o n D O	native
রেমা	r e m a	native
রেমুনারেশন	r e m u n a r e sh o n	native
রেমো	r E m O	native
রের	r e r	native
রেলওয়ে	r E l O y e	native
রেলওয়েকে	r E l O y e k e	native
রেলওয়েতে	r E l O y e t e	native
রেলওয়ের	r E l O y e r	native
রেলওয়েসহ	r E l O y e sh o h O	native
রেলকোচ	r E l k O ch	native
রেলজোগাজোগ	r E l j O g a j O g	native
রেলপথকে	r e l p o th k e	native
রেলপথমন্ত্রি	r e l p o th m O n t r i	native
রেলপথে	r e l p o th e	native
রেলপথেই	r e l p o th e i	native
রেলপথের	r e l p o th e r	native
রেলব্যবস্থা	r e l b A b O sth a	native
রেলব্যবস্থাকে	r e l b A b O sth a k e	native
রেলব্যবস্থার	r e l b A b O sth a r	native
রেলভবনে	r e l bh o b O n e	native
রেলভিত্তিক	r E l bh i tt i k	native
রেলমন্ত্রি	r e l m O n t r i	native
রেলমন্ত্রিকে	r e l m O n t r i k e	native
রেলমন্ত্রির	r e l m O n t r i r	native
রেলজাত্রিরা	r E l j a tr i r a	native
রেলসংজোগ	r E l sh O ng j O g	native
রেলসচিব	r e l sh O ch i b	native
রেলসেতু	r E l sh e t u	native
রেলসেতুটি	r E l sh e t u T i	native
রেলসেতুতে	r E l sh e t u t e	native
রেলসেতুর	r E l sh e t u r	native
রেলিগেশন	r e l i g e sh o n	native
রেলে	r e l e	native
রেশ	r e sh	native
রেশটা	r e sh T a	native
রেশনব্যবস্থা	r e sh o n b A b O sth a	native
রেশনে	r e sh o n e	native
রেশমবতি	r e sh m b t i	native
রেশমা	r e sh m a	native
রেশমাকে	r e sh m a k e	native
রেশমার	r e sh m a r	native
রেশমের	r e sh o m e r	native
রেশাদুর	r e sh a d u r	native
রেশারেশি	r e sh a r e sh i	native
রেশারেশির	r e sh a r e sh i r	native
রেশিও	r e sh i O	native
রেশিওর	r e sh i O r	native
রেশারেশিতে	r e sh a r e sh i t e	native
রেসকিউ	r e sh k i u	native
রেসপেক্ট	r e sh p e k T O	native
রেসলার	r e sh l a r	native
রেসালা	r e sh a l a	native
রেসাস	r e sh a sh	native
রেসিডেনশিয়াল	r e sh i D e n sh i y a l	native
রেসিডেনসিয়াল	r e sh i D e n sh i y a l	native
রেসিডেন্ট	r e sh i D e n T O	native
রেসিপি	r e sh i p i	native
রেসিপিও	r e sh i p i O	native
রেসিপিগুলো	r e sh i p i g u l O	native
রেসিপিটি	r e sh i p i T i	native
রেসিপির	r e sh i p i r	native
রেসে	r e sh e	native
রেস্তরা	r e st r a	native
রেস্তরার	r e st r a r	native
রেস্তোরা	r e st O r a	native
রেস্তোরাকে	r e st O r a k e	native
রেস্তোরাগুলো	r e st O r a g u l O	native
রেস্তোরাটি	r e st O r a T i	native
রেস্তোরাটির	r e st O r a T i r	native
রেস্তোরার	r e st O r a r	native
রেস্তোরাসহ	r e st O r a sh o h O	native
রেস্তোরায়	r e st O r a y	native
রেস্তোরাও	r e st O r a O	native
রেস্তোরাগুলোতে	r e st O r a g u l O t e	native
রেস্তোরাতে	r e st O r a t e	native
রেহনুমা	r e h n u m a	native
রেহমানসহ	r e h m a n sh o h O	native
রেহা	r e h a	native
রেহাই	r e h a i	native
রেহাইচর	r e h a i ch o r	native
রেহান	r e h a n	native
রেহানা	r e h a n a	native
রেহানাও	r e h a n a O	native
রেহানাকে	r e h a n a k e	native
রেহানার	r e h a n a r	native
রেহানে	r e h a n e	native
রেহানের	r e h a n e r	native
রেহাম	r e h a m	native
রেহেনা	r e h e n a	native
রেহেনুমা	r e h e n u m a	native
রেহেল	r e h e l	native
রেড়ি	r e r i	native
রেড়ো	r E r O	native
রেয়া	r e y a	native
রেয়াত	r e y a t	native
রেয়াতি	r e y a t i	native
রেয়াতের	r e y a t e r	native
রেয়ার	r e y a r	native
রেয়াৎ	r e y a t	native
লে	l e	native
লেংচে	l e ng ch e	native
লেংটা	l e ng T a	native
লেংটার	l e ng T a r	native
লেংথে	l e ng th e	native
লেংড়া	l E ng r a	native
লেআ	l e a	native
লেআউট	l e a u T	native
লেই	l e i	native
লেইক	l e i k	native
লেইখ্যা	l e i kh a	native
লেইগা	l e i g a	native
লেইডেন	l e i D e n	native
লেইন	l e i n	native
লেইমা	l e i m a	native
লেইস	l e i sh	native
লেইসের	l e i sh e r	native
লেওনার্দো	l e O n a r d O	native
লেওনার্দোর	l e O n a r d O r	native
লেকপাড়ে	l e k p a r e	native
লেকপাড়ের	l e k p a r e r	native
লেকশোর	l e k sh O r	native
লেকস	l e k o sh	native
লেকসাইড	l e k sh a i D	native
লেকসার্কাস	l e k sh a r k a sh	native
লেকসিটি	l e k sh i T i	native
লেকারস	l e k a r o sh	native
লেকারের	l e k a r e r	native
লেকিন	l e k i n	native
লেকে	l e k e	native
লেখকও	l e kh o k O	native
লেখকজিবনের	l e kh k j i b n e r	native
লেখকরা	l e kh O k o r a	native
লেখকের	l e kh o k e r	native
লেখকেরা	l e kh k e r a	native
লেখকেরাও	l e kh k e r a O	native
লেখন	l e kh o n	native
লেখনি	l e kh O n i	native
লেখনিতে	l e kh O n i t e	native
লেখনির	l e kh O n i r	native
লেখনিয়	l e kh n i y	native
লেখাই	l E kh a i	native
লেখাও	l E kh a O	native
লেখাগুলো	l E kh a g u l O	native
লেখাগুলোকে	l E kh a g u l O k e	native
লেখাগুলোর	l E kh a g u l O r	native
লেখাচ্ছেন	l e kh a ch chh e n	native
লেখাজোখা	l e kh a j O kh a	native
লেখাটা	l E kh a T a	native
লেখাটার	l E kh a T a r	native
লেখাটিও	l E kh a T i O	native
লেখাটিতে	l E kh a T i t e	native
লেখাতেই	l e kh a t e i	native
লেখাতেও	l e kh a t e O	native
লেখাতেন	l e kh a t e n	native
লেখান	l e kh a n	native
লেখানো	l e kh a n O	native
লেখাপড়া	l e kh a p r a	native
লেখাপড়াই	l e kh a p r a i	native
লেখাপড়াও	l e kh a p r a O	native
লেখাপড়াকে	l e kh a p r a k e	native
লেখাপড়াটা	l e kh a p r a T a	native
লেখাপড়ার	l e kh a p r a r	native
লেখাপড়ায়	l e kh a p r a y	native
লেখাপড়ায়ও	l e kh a p r a y o O	native
লেখার	l E kh a r	native
লেখারও	l E kh a r O	native
লেখাল	l e kh a l	native
লেখালে	l e kh a l e	native
লেখালেখি	l e kh a l e kh i	native
লেখালেখিতে	l e kh a l e kh i t e	native
লেখালেখিরও	l e kh a l e kh i r o O	native
লেখালেন	l e kh a l e n	native
লেখাসংবলিত	l e kh a sh O ng b l i t	native
লেখাসহ	l E kh a sh o h O	native
লেখায়	l e kh a y	native
লেখায়ও	l e kh a y o O	native
লেখি	l e kh i	native
লেখিকা	l e kh i k a	native
লেখিকার	l e kh i k a r	native
লেখিত	l e kh i t	native
লেখেননি	l e kh e n n i	native
লেখেনি	l e kh e n i	native
লেগ	l e g	native
লেগটা	l e g T a	native
লেগুন	l e g u n	native
লেগুনা	l e g u n a	native
লেগুনাকে	l e g u n a k e	native
লেগুনাটি	l e g u n a T i	native
লেগুনাটির	l e g u n a T i r	native
লেগুনার	l e g u n a r	native
লেগুনায়	l e g u n a y	native
লেগুনে	l e g u n e	native
লেগুনের	l e g u n e r	native
লেগে	l e g e	native
লেগেই	l e g e i	native
লেগেও	l e g e O	native
লেগেছি	l e g e chh i	native
লেগেছিল	l e g e chh i l O	native
লেগেছিলেন	l e g e chh i l e n	native
লেগেছে	l e g e chh e	native
লেগেছেন	l e g e chh e n	native
লেগের	l e g e r	native
লেঘারি	l e gh a r i	native
লেংচা	l E ng ch a	native
লেচি	l e ch i	native
লেজ	l e j	native
লেজটা	l e j T a	native
লেজসহ	l e j sh o h O	native
লেজা	l e j a	native
লেজিও	l e j i O	native
লেজুড়	l e j u r	native
লেজে	l e j e	native
লেজেগোবরে	l e j e g O b r e	native
লেজের	l e j e r	native
লেট	l e T	native
লেটন	l e T o n	native
লেটনাইট	l e T n a i T	native
লেটস	l e T o sh	native
লেটা	l e T a	native
লেটার	l e T a r	native
লেটারস	l e T a r o sh	native
লেটারে	l e T a r e	native
লেটার–বক্স	l e T a r | b o k s O	compound
লেটুস	l e T u sh	native
লেঠেল	l e Th e l	native
লেড	l e D	native
লেডিরোজেটা	l e D i r O j e T a	native
লেডিস	l e D i sh	native
লেদ	l e d	native
লেদা	l e d a	native
লেদাপোকা	l e d a p O k a	native
লেদার	l e d a r	native
লেদারের	l e d a r e r	native
লেদু	l e d u	native
লেনকা	l E n k a	native
লেনদেনও	l e n d e n O	native
লেনদেনব্যবস্থা	l e n d e n b A b O sth a	native
লেনদেনজোগ্য	l E n d e n j O g g O	native
লেনদেনসহ	l e n d e n sh o h O	native
লেনদেনেও	l e n d e n e O	native
লেনন	l E n o n	native
লেননের	l E n o n e r	native
লেনবিশিশ্ট	l E n b i sh i sh T O	native
লেনভো	l e n o bh O	native
লেনসহ	l e n sh o h O	native
লেনা	l e n a	native
লেনাদেনা	l e n a d e n a	native
লেনান	l e n a n	native
লেনিনবাদি	l e n i n b a d i	native
লেনেভো	l e n e bh O	native
লেনোভো	l e n O bh O	native
লেনোভোর	l e n O bh O r	native
লেন্ডল	l e n D o l	native
লেন্থ	l e n th O	native
লেন্থে	l e n th e	native
লেন্থের	l e n th e r	native
লেনয়	l E n o y	native
লেপচা	l e p ch a	native
লেপটে	l e p T e	native
লেপন	l e p o n	native
লেপনের	l e p o n e r	native
লেপা	l e p a	native
লেপারস	l e p a r o sh	native
লেপে	l e p e	native
লেপের	l e p e r	native
লেপ্টে	l e p T e	native
লেপ্রসি	l E pr sh i	native
লেফট–রাইট	l e ph o T | r a i T	compound
লেবা	l e b a	native
লেবানন	l e b a n O n	native
লেবাননকে	l e b a n O n k e	native
লেবাননি	l e b a n n i	native
লেবাননে	l e b a n O n e	native
লেবাননের	l e b a n O n e r	native
লেবানিজ	l e b a n i j	native
লেবার	l e b a r	native
লেবারকে	l e b a r k e	native
লেবাররা	l e b a r r a	native
লেবাসধারি	l e b a sh dh a r i	native
লেবাসে	l e b a sh e	native
লেবু	l e b u	native
লেবুখালি	l e b u kh a l i	native
লেবুতলা	l e b u t l a	native
লেবুপাতা	l e b u p a t a	native
লেবুপানি	l e b u p a n i	native
লেবুর	l e b u r	native
লেবুরচর	l e b u r ch O r	native
লেবেলে	l e b e l e	native
লেভ	l e bh	native
লেভাইস	l e bh a i sh	native
লেভান্তের	l e bh a nt e r	native
লেভারকুসেনের	l e bh a r k u sh e n e r	native
লেভিন	l e bh i n	native
লেভেন্তের	l e bh e nt e r	native
লেভেল	l e bh e l	native
লেভেলে	l e bh e l e	native
লেমন	l E m o n	native
লেমাহ	l e m a h	native
লেমিস	l e m i sh	native
লেমু	l e m u	native
লেমুছড়ি	l e m u chh r i	native
লেমুয়া	l e m u y a	native
লের	l e r	native
লেলা	l e l a	native
লেলানো	l e l a n O	native
লেলিয়ে	l e l i y e	native
লেশ	l e sh	native
লেশমাত্র	l e sh m a tr O	native
লেহমাহ	l e h m a h	native
লেহাজ	l e h a j	native
লেহাপড়া	l e h a p r a	native
লেহি	l e h i	native
লেহোরেল	l e h O r e l	native
লেহ্য	l e j j O	native
লেয়ার	l e y a r	native
শে	sh e	native
শেইক	sh e i k	native
শেইড	sh e i D	native
শেইডের	sh e i D e r	native
শেইপ	sh e i p	native
শেইভ	sh e i bh	native
শেইম	sh e i m	native
শেক	sh e k	native
শেকল	sh e k o l	native
শেকলে	sh e k o l e	native
শেট্টি	sh e T T i	native
শেঠ	sh e Th	native
শেঠি	sh e Th i	native
শেঠিকে	sh e Th i k e	native
শেঠির	sh e Th i r	native
শেঠের	sh e Th e r	native
শেড	sh e D	native
শেডগুলো	sh e D g u l O	native
শেডগুলোর	sh e D g u l O r	native
শেডটি	sh e D T i	native
শেডস	sh e D o sh	native
শেডে	sh e D e	native
শেডের	sh e D e r	native
শেন	sh e n	native
শেনজেন	sh E n j e n	native
শেনহুয়া	sh E n h u y a	native
শেপ	sh e p	native
শেপার্ড	sh e p a r D O	native
শেপিয়ার	sh e p i y a r	native
শেপের	sh e p e r	native
শেফা	sh e ph a	native
শেফাউল	sh e ph a u l	native
শেফাক	sh e ph a k	native
শেফারত	sh e ph a r o t	native
শেফার্ড	sh e ph a r D O	native
শেফালি	sh e ph a l i	native
শেবাগ	sh e b a g	native
শেবাগই	sh e b a g O i	native
শেবাগও	sh e b a g o O	native
শেবাগকে	sh e b a g k e	native
শেবাগিয়	sh e b a g i y	native
শেবাগেরই	sh e b a g e r O i	native
শেভ	sh e bh	native
শেভচেংকো	sh e bh ch e ng k O	native
শেভরন	sh e bh r O n	native
শেভরনের	sh e bh r O n e r	native
শেম	sh e m	native
শেজ	sh e j	native
শের	sh e r	native
শেরওয়ানি	sh E r O y a n i	native
শেরওয়ানির	sh E r O y a n i r	native
শেরচান	sh E r ch a n	native
শেরপা	sh E r p a	native
শেরপাকে	sh E r p a k e	native
শেরপাদের	sh E r p a d e r	native
শেরপার	sh E r p a r	native
শেরপারা	sh E r p a r a	native
শেরপাসহ	sh E r p a sh o h O	native
শেরপুর	sh E r p u r	native
শেরপুরে	sh E r p u r e	native
শেরপুরের	sh E r p u r e r	native
শেরশাহ	sh E r sh a h	native
শেরশাহের	sh E r sh a h e r	native
শেরা	sh e r a	native
শেরাওয়াত	sh e r a O y a t	native
শেরাওয়াতের	sh e r a O y a t e r	native
শেরাটন	sh e r a T O n	native
শেরাটনিয়	sh e r a T n i y	native
শেরাটনে	sh e r a T o n e	native
শেরাটনের	sh e r a T O n e r	native
শেরিডান	sh e r i D a n	native
শেরিল	sh e r i l	native
শেরে	sh e r e	native
শেরেবাংলা	sh e r e b a ng l a	native
শেরেবাংলানগর	sh e r e b a ng l a n g O r	native
শেল	sh e l	native
শেলও	sh e l O	native
শেলটেক	sh E l T e k	native
শেলসহ	sh e l sh o h O	native
শেলা	sh E l a	native
শেলি	sh e l i	native
শেলির	sh e l i r	native
শেলে	sh e l e	native
শেলেটকের	sh e l e T k e r	native
শেলেটক্	sh e l e T o k	native
শেলের	sh e l e r	native
শেল্টার	sh e l T a r	native
শেয়াকুল	sh e y a k u l	native
শ্টেজ	sh T e j	native
শ্টেট	sh T e T	native
