word	phoneme	tag
অংগরাজ্য	o ng g O r a j j O	native
অংগারাম্ল	o ng g a r a m l O	native
অংগিকারপত্র	O ng g i k a r p O tr O	native
অংগিকারবদ্ধ	O ng g i k a r b o d dh O	tatsama
অংগিকারাবদ্ধ	O ng g i k a r a b o d dh O	tatsama
অংগুশ্ঠ	O ng g u sh Th O	native
অংশিদারত্ব	O ng sh i d a r O t t O	tatsama
অংশিদারিত্ব	O ng sh i d a r i t t O	tatsama
অংশীদারত্ব	O ng sh i d a r O tt O	tatsama
অংশোইপ্রম্ন	o ng sh O i pr O m n O	native
অং্গ	o ng g o	native
অকথ্য	o k O t th O	native
অকনিশ্ঠ	o k O n i sh Th O	native
অকর্তব্য	o k o r t o b b O	native
অকর্ন	o k o r n O	native
অকর্ম	o k o r m O	native
অকর্মন্য	o k o r m o n n O	native
অকর্মিশ্ঠ	o k O r m i sh Th O	native
অকলমন্দ	o k o l m o nd o	native
অকল্ক	o k o l k O	native
অকল্যান্ড	o k l A n D	native
অকশ্ট	o k o sh T O	native
অকাট্য	o k a T T O	native
অকান্ড	o k a n D O	native
অকাপট্য	o k a p o T T O	native
অকাম্য	o k a m m O	native
অকার্য	o k a r j O	native
অকুন্ঠ	o k u n Th O	native
অকৃতকার্য	o k ri t O k a r j O	tatsama
অকৃতঘ্ন	o k ri t o gh n O	tatsama
অকৃতজ্ঞ	o k ri t o g g O	tatsama
অকৃতার্থ	o k ri t a r th O	tatsama
অকৃতিত্ব	o k ri t i tt O	tatsama
অকৃত্য	o k ri t t O	tatsama
অকৃশ্ট	o k ri sh T O	tatsama
অকৃশ্ন	o k ri sh n O	tatsama
অক্ত	o kt O	native
অক্রুদ্ধ	O kr u d dh O	tatsama
অক্লান্ত	o kl a nt O	native
অক্লিশ্ট	O kl i sh T O	native
অক্ষ	o kkh O	tatsama
অক্ষরজ্ঞানসম্পন্ন	o kkh o r g A n sh o mp o nn o	tatsama
অক্ষরবৃত্ত	o kkh o r b ri tt O	tatsama
অক্ষরানন্দ	o kkh r a n o nd O	tatsama
অক্ষিন্ন	O kkh i nn O	tatsama
অক্ষুন্ন	o kkh u nn O	tatsama
অক্ষোভ্য	o kkh O b bh O	tatsama
অক্সফোর্ড	o k s ph O r D	loanword
অক্সিজেনশুন্য	o k s i j e n sh u n n O	loanword
অক্সিডেন্ট	o k s i D e n T	loanword
অখন্ড	o kh o n D o	native
অখর্ব	o kh o r b O	native
অখাদ্য	o kh a d d O	native
অখিদ্য	O kh i d d O	native
অখিন্ন	O kh i nn O	native
অগন্য	o g o n n O	native
অগম্য	o g o m m O	native
অগস্ট	o g a sh T	loanword
অগস্ত্য	o g O st O	native
অগাস্ট	o g a sh T	loanword
অগুরুত্বপুর্ন	O g u r u tt o p u r n o	tatsama
অগ্নিকান্ড	O g n i k a n D O	native
অগ্নিকুন্ড	O g n i k u n D O	native
অগ্নিগর্ভ	O g n i g o r bh O	native
অগ্নিদগ্ধ	O g n i d o g dh O	native
অগ্নিমুল্য	O g n i m u l l O	native
অগ্ন্যস্ত্র	o g n O st r O	native
অগ্র	o gr O	native
অগ্রগতিসংক্রান্ত	o gr O g o t i sh o ng kr a nt o	compound
অগ্রগন্য	o gr O g O n n O	native
অগ্রহনজোগ্য	o gr O h O n j O g g O	native
অগ্রাধিকারপ্রাপ্ত	o gr a dh i k a r pr a p t O	compound
অগ্রাহ্য	o gr a j jh O	native
অগ্র্য	o g gr O	native
অঘৃন্য	o gh r i n n O	tatsama
অচরিতার্থ	o ch O r i t a r th O	native
অচিন্ত্য	O ch i nt O	native
অচুর্ন	O ch u r n O	native
অচেশ্ট	o ch e sh T O	native
অচোইতন্য	o ch O i t o n n O	native
অচ্ছ	o ch chh O	native
অচ্ছিদ্র	O ch chh i d r O	native
অচ্ছিন্ন	O ch chh i nn O	native
অচ্ছেদ্য	o ch chh e d d O	native
অছাত্র	o chh a tr O	native
অজত্ন	o j o t n O	native
অজথার্থ	o j O th a r th O	native
অজন্ত	o j o nt O	native
অজস্র	o j O s r O	native
অজামিনজোগ্য	o j a m i n o j O g g o	native
অজির্ন	O j i r n O	native
অজুক্ত	O j u kt O	native
অজুগ্ম	O j u g m O	native
অজোগ্য	o j O g g o	native
অজোধ্য	o j O d dh O	native
অজ্ঞ	o g g O	tatsama
অট্ট	o T T O	native
অডিয়েন্স	o D i y e n s	loanword
অণুবীক্ষণ যন্ত্র	O n u b i kkh o n | j o n t r O	compound
অতথ্য	o t o t th O	native
অতন্দ্র	o t o ndr O	native
অতর্ক	o t o r k O	native
অতলন্ত	o t o l o nt o	native
অতলস্পর্শ	o t o l O s p o r sh O	loanword
অতিক্রান্ত	O t i kr a nt O	native
অতিক্ষুদ্র	O t i kh u d r O	tatsama
অতিগুরুত্বপুর্ন	O t i g u r u tt o p u r n o	tatsama
অতিদরিদ্র	O t i d O r i d r O	native
অতিদারিদ্র্য	O t i d a r i d r O	native
অতিদাহ্য	O t i d a j j O	native
অতিবিপন্ন	O t i b i p o nn O	native
অতিবৃদ্ধ	O t i b r i d dh o	tatsama
অতিরিক্ত	O t i r i kt O	native
অতিশ্ট	O t i sh T O	native
অতিশ্ঠ	o t i sh Th O	native
অতিসংক্ষিপ্ত	O t i sh O ng kkh i p t O	tatsama
অতুচ্ছ	O t u ch chh O	native
অতুশ্ট	O t u sh T O	native
অতৃপ্ত	o t r i p t O	tatsama
অতৃপ্য	o t ri p p O	tatsama
অত্যন্ত	O t t o nt O	native
অত্যল্প	o t t o l p O	native
অত্যাজ্য	o t A j j O	native
অত্যান্ত	o t t a nt O	native
অত্যাশ্চর্য	o t t a sh ch o r j O	native
অত্যাসক্ত	o t t a sh o kt O	native
অত্যাসন্ন	o t t a sh o nn O	native
অত্যুগ্র	O t t u g gr O	native
অত্যুশ্ন	O t t u sh n O	native
অত্যুৎকৃশ্ট	O t t u t k ri sh T O	tatsama
অত্র	o tr O	native
অত্রস্ত	o tr O st O	native
অত্রস্থ	o tr O sth O	native
অথর্ব	o th o r b O	native
অদক্ষ	o d o kkh O	tatsama
অদত্ত	o d o tt O	native
অদন্ত	o d o nt O	native
অদম্য	o d o m m O	native
অদাহ্য	o d a j jh O	native
অদিব্য	O d i b b O	native
অদৃশ্ট	o d ri sh T O	tatsama
অদৃশ্টপুর্ব	o d r i sh T o p u r b o	tatsama
অদৃশ্য	o d ri sh sh O	tatsama
অদৃষ্ট	o d r i sh T O	tatsama
অদ্য	o d d O	native
অধইর্য	o dh O i r j O	native
অধন্য	o dh o n n O	native
অধমর্ন	o dh O m o r n O	native
অধর্ম	o dh o r m O	native
অধিকারসংক্রান্ত	O dh i k a r sh O ng kr a nt O	compound
অধিক্ষেত্র	O dh i kh e tr O	tatsama
অধিগম্য	O dh i g o m m O	native
অধিনস্ত	O dh i n o st O	native
অধিনস্থ	O dh i n o sth O	native
অধিনায়কত্ব	O dh i n a y o k o tt o	tatsama
অধিবর্ষ	O dh i b o r sh O	tatsama
অধিবিদ্যাসংক্রান্ত	O dh i b i d d a sh O ng kr a nt O	compound
অধিবৃত্ত	O dh i b ri tt O	tatsama
অধিবেশনকক্ষ	O dh i b e sh o n k o kkh o	tatsama
অধিভুক্ত	O dh i bh u kt O	native
অধীনস্থ	O dh i n o sth O	native
অধুনালুপ্ত	O dh u n a l u p t O	native
অধৃশ্ট	o dh r i sh T O	tatsama
অধৃশ্য	o dh r i sh sh O	tatsama
অধোইর্য	o dh O i r j O	native
অধ্য	o d dh O	native
অধ্যক্ষ	o d dh O k kh O	tatsama
অধ্যাত্ম	O d dh a t t O	native
অধ্যেতব্য	o d dh e t o b b O	native
অনইক্য	o n O i k k O	native
অনকোলজিস্ট	o n k O l o j i sh T	loanword
অনক্ত	o n o kt O	native
অনগ্ন	o n o g n O	native
অনচ্ছ	o n o ch chh O	native
অনতিক্রম্য	o n O t i kr O m m o	native
অনধিগম্য	o n O dh i g o m m O	native
অননুভুতপুর্ব	o n O n u bh u t O p u r b O	native
অনন্ত	o n o nt O	native
অনন্য	o n o n n O	native
অনপত্য	o n O p O t t O	native
অনপেক্ষ	o n O p e kkh O	tatsama
অনবচ্ছিন্ন	o n O b O ch chh i nn O	native
অনবদ্য	o n O b o d d O	native
অনবরুদ্ধ	o n O b o r u d dh O	tatsama
অনবায়নজোগ্য	o n O b a y o n j O g g o	native
অনভিজ্ঞ	o n O bh i g g O	tatsama
অনভিব্যক্ত	o n O bh i b A kt O	native
অনভ্যস্ত	o n O bh o st O	native
অনর্ঘ	o n o r gh O	native
অনর্থ	o n O r th O	native
অনল্প	o n o l p O	native
অনস্বিকার্য	o n o sh i k a r j O	tatsama
অনাক্রান্ত	o n a kr a nt O	native
অনাচ্ছন্ন	o n a ch chh o nn O	native
অনাঢ্য	o n a D Dh O	native
অনাত্ম	o n a t t O	native
অনাদ্য	o n a d d O	native
অনাদ্যন্ত	o n a d d o nt O	native
অনান্য	o n a n n O	native
অনাপত্তিপত্র	o n a p O tt i p o tr O	native
অনাবশ্য	o n a b o sh sh O	native
অনাবিদ্ধ	o n a b i d dh O	tatsama
অনাবিশ্কার্য	o n a b i sh k a r j O	native
অনাবিশ্ট	o n a b i sh T O	native
অনারোগ্য	o n a r O g g O	native
অনার্য	o n a r j O	native
অনার্য্য	o n a r j O	native
অনার্স	o n a r sh	native
অনালম্ব	o n a l o mb O	native
অনাসক্ত	o n a sh o kt O	native
অনাড়শ্ট	o n a r o sh T O	native
অনায়ত্ত	o n a y o tt O	native
অনিত্য	O n i t t O	native
অনিদ্র	O n i d r O	native
অনিন্দ্য	o n i nd O	native
অনিবদ্ধ	O n i b o d dh O	tatsama
অনিবার্য	O n i b a r j O	native
অনিমিত্ত	O n i m i tt O	native
অনিরাময়জোগ্য	o n i r a m o y j O g g o	native
অনিরুদ্ধ	O n i r u d dh O	tatsama
অনির্দিশ্ট	o n i r d i sh T O	native
অনিশ্ট	o n i sh T o	native
অনিশ্ঠ	O n i sh Th O	native
অনিশ্পন্ন	o n i sh p o nn O	native
অনিষ্পন্ন	o n i sh p o nn O	tatsama
অনুকল্প	O n u k o l p O	native
অনুক্ত	O n u kt O	native
অনুগ্র	O n u g gr O	native
অনুচ্চ	o n u ch ch O	native
অনুজু্ক্ত	O n u j u kt O	native
অনুতপ্ত	O n u t o p t O	native
অনুত্তির্ন	o n u tt i r n O	native
অনুত্তির্য	O n u tt i r o j O	native
অনুদাত্ত	O n u d a tt O	native
অনুদ্দিশ্ট	O n u d d i sh T O	native
অনুদ্ভিন্ন	O n u d bh i nn O	native
অনুধাবনজোগ্য	O n u b a dh o n j O g g o	native
অনুপজুক্ত	o n u p O j u kt O	native
অনুপদিশ্ট	O n u p O d i sh T O	native
অনুপুর্ব	O n u p u r b O	native
অনুপ্ত	O n u p t O	native
অনুপ্রস্থ	O n u pr O sh t O	native
অনুবন্ধ	O n u b o ndh O	tatsama
অনুবাদগ্রন্থ	O n u b a d gr O n th o	native
অনুবিদ্ধ	O n u b i d dh O	tatsama
অনুমতিপত্র	O n u m O t i p o tr O	native
অনুমতিপ্রাপ্ত	O n u m o t i pr a p t o	compound
অনুমোদনজোগ্য	O n u m O d o n j O g g o	native
অনুমোদনপত্র	O n u m O d o n p o tr O	native
অনুমোদনপ্রাপ্ত	O n u m O d o n o pr a p t o	compound
অনুমোদনসংক্রান্ত	O n u m O d o n sh o ng kr a nt o	compound
অনুরক্ত	O n u r o kt O	native
অনুরুদ্ধ	O n u r u d dh O	tatsama
অনুরোধপত্র	O n u r O dh p O tr O	native
অনুর্ধ	O n u r dh O	native
অনুর্ধ্ব	o n u r dh O	tatsama
অনুলম্ব	O n u l o mb O	native
অনুলিপ্ত	O n u l i p t O	native
অনুল্লেখ্য	O n u l l e kh kh o	native
অনুশং্গ	O n u sh O ng g o	native
অনুশদভুক্ত	O n u sh o d bh u kt o	native
অনুশিশ্য	O n u sh i sh sh O	native
অনুশ্ঠিতব্য	O n u sh Th i t o b b O	native
অনুশ্ন	O n u sh n O	native
অনুষঙ্গ	O n u sh o ngg O	tatsama
অনুষ্ঠিতব্য	O n u shTh i t o b b O	tatsama
অনুসরনজোগ্য	O n u sh o r o n j O g g o	native
অনুসর্গ	o n u sh o r g O	native
অনুসিদ্ধান্ত	O n u sh i d dh a nt O	tatsama
অনুসুর্য	O n u sh u r j O	native
অনুৎকর্ষ	O n u t k o r sh O	tatsama
অনেকান্ত	o n e k a nt O	native
অনেস্ট	o n e sh T	loanword
অনোইক্য	o n O i k k O	native
অনোইপুন্য	o n O i p u n n O	native
অনোউচিত্য	o n O u ch i t t O	native
অনোউদার্য	o n O u d a r j O	native
অন্ড	o n D O	native
অন্ত	o nt O	native
অন্তঃকর্ন	o nt O k o r n O	tatsama
অন্তঃসারশুন্য	o nt O sh a r sh u n n O	tatsama
অন্তঃস্থ	o n t O sth O	tatsama
অন্তরিক্ষ	o nt O r i kkh O	tatsama
অন্তর্দ্বন্দ্ব	o nt O r d o nd O	compound
অন্তর্বানিজ্য	o nt O r b a n i j j O	compound
অন্তর্বাশ্প	o nt O r b a sh p O	native
অন্তর্ভুক্ত	o nt O r bh u kt O	native
অন্তর্মাধুর্য	o nt O r m a dh u r j O	compound
অন্তস্থ	o nt o sth O	native
অন্ত্য	o nt O	native
অন্ত্র	o n t r O	native
অন্ধ	o ndh O	tatsama
অন্ধকারাচ্ছন্ন	o ndh O k a r a ch chh o nn O	compound
অন্ধত্ব	o ndh O tt O	tatsama
অন্ধ্র	o n dh r O	tatsama
অন্ন	O nn O	native
অন্বর্থ	o n n o r th O	native
অন্বিশ্ট	O n n i sh T O	native
অন্য	O n n O	native
অন্যত্র	o n n o tr O	native
অন্যন্য	o n n o n n O	native
অন্যপক্ষ	o n n O p o kkh O	tatsama
অন্যমনস্ক	o n n O m o n O s k O	native
অন্যাজ্য	o n n a j j o	native
অন্যান্য	o n n a n n O	native
অন্যাসক্ত	o n n a sh o kt O	native
অপকর্ম	o p O k o r m O	native
অপকর্ষ	o p O k o r sh O	tatsama
অপকৃশ্ট	o p O k ri sh T O	tatsama
অপকেন্দ্র	o p O k e ndr O	native
অপক্ব	o p O k k O	native
অপছন্দ	o p O chh O nd O	native
অপত্য	o p o t t O	native
অপথ্য	o p o t th O	native
অপদস্ত	o p O d o st o	native
অপদস্থ	o p O d o sth O	native
অপদার্থ	o p O d a r th O	native
অপন্য	o p o n n O	native
অপবর্গ	o p O b o r g O	native
অপবিত্র	o p O b i tr O	native
অপরপক্ষ	o p O r p o kkh o	tatsama
অপরাধকর্ম	o p O r a dh k o r m o	native
অপরাধমুক্ত	o p O r a dh m u kt o	native
অপরাধসংক্রান্ত	o p o r a dh sh o ng kr a nt o	compound
অপরাধিচক্র	o p O r a dh i ch o kr O	native
অপরামর্শ	o p O r a m o r sh O	native
অপরাস্ত	o p O r a st O	native
অপরাহ্ন	o p o r a h n o	native
অপরিচ্ছন্ন	o p O r i ch chh o nn O	native
অপরিচ্ছিন্ন	o p O r i ch chh o nn O	native
অপরিতৃপ্ত	o p O r i t r i p t O	tatsama
অপরিত্যাজ্য	o p O r i t A j j O	native
অপরিপক্ক	o p O r i p o k k O	native
অপরিপক্ব	o p O r i p o k k O	native
অপরিপুর্ন	o p O r i p u r n O	native
অপরিবর্তনজোগ্য	o p o r i b o r t o n o j O g g o	compound
অপরিশুদ্ধ	o p O r i sh u d dh O	tatsama
অপরিশোধ্য	o p O r i sh O dh dh o	native
অপরিহার্য	o p O r i h a r j O	native
অপরোক্ষ	o p O r O kkh O	tatsama
অপর্যাপ্ত	o p O r j a p t O	native
অপশব্দ	o p O sh o b d O	native
অপসারনজোগ্য	o p O sh a r o n j O g g o	native
অপসারনসংক্রান্ত	o p o sh a r o n sh o ng kr a nt o	compound
অপসিদ্ধান্ত	o p O sh i d dh a nt O	tatsama
অপাচ্য	o p a ch ch O	native
অপাঠ্য	o p a Th Th O	native
অপাত্র	o p a tr O	native
অপারেশন্স	o p a r e sh o n s	loanword
অপিনদ্ধ	O p i n o d dh O	tatsama
অপুচ্ছ	O p u ch chh O	native
অপুর্ন	o p u r n O	native
অপুর্ব	o p u r b O	native
অপুশ্ট	o p u sh T O	native
অপূর্ণ	o p u r n O	tatsama
অপূর্ব	o p u r b O	native
অপোগন্ড	o p O g o n D O	native
অপ্ট	o p T O	native
অপ্রকম্প	o pr O k o mp O	native
অপ্রকাশ্য	o pr O k a sh sh O	native
অপ্রকৃতিস্থ	o pr O k r i t i sth O	tatsama
অপ্রগল্ভ	o pr O g o l bh O	native
অপ্রজত্ন	o pr O j o t n O	native
অপ্রজুক্ত	o pr O j u kt O	native
অপ্রতর্ক্য	o pr O t o r k O	native
অপ্রতিরোধ্য	o p r O t i r O d dh O	native
অপ্রতিশ্ঠ	o pr O t i sh Th O	native
অপ্রত্যক্ষ	o pr O t t o kkh O	tatsama
অপ্রধৃশ্য	o pr O dh r i sh sh O	tatsama
অপ্রমত্ত	o pr O m o tt O	native
অপ্রশস্ত	o pr O sh O st O	native
অপ্রশিক্ষনপ্রাপ্ত	o pr O sh i kkh o n pr a p t o	tatsama
অপ্রসন্ন	o pr O sh o nn O	native
অপ্রসিদ্ধ	o pr O sh i d dh O	tatsama
অপ্রাচুর্য	o pr a ch u r o j O	native
অপ্রাপ্ত	o pr a p t O	native
অপ্রাপ্তবয়স্ক	o pr a p t o b o y o s k o	loanword
অপ্রাপ্য	o pr a p p O	native
অফিসকক্ষ	o ph i s k o kkh O	loanword
অফিসসংলগ্ন	o ph i s sh O ng l O g n O	loanword
অফিসার্স	o ph i s a r s	loanword
অফুরন্ত	O ph u r o nt O	native
অফেনাস্ট	o ph e n a sh T	loanword
অফেরতজোগ্য	o ph e r o t j O g g O	native
অফেরতযোগ্য	o ph e r o t j O g g O	native
অবকাশজাপনকেন্দ্র	o b o k a sh o j a p o n k e ndr O	compound
অবক্ষিপ্ত	o b O kkh i p t O	tatsama
অবচ্ছিন্ন	o b O ch chh i nn O	native
অবজেক্ট	o b O e k T	native
অবজ্ঞাপুর্ন	o b O g g a p u r n o	tatsama
অবতরনকেন্দ্র	o b O t o r o n k e ndr O	native
অবতির্ন	o b O t i r n O	native
অবদ্ধ	o b o d dh O	tatsama
অবদ্য	o b o d d O	native
অবধ্য	o b O d dh O	native
অবনম্র	o b O n o m r O	native
অবন্ত	o b o nt O	native
অবন্ধ্য	o b O n d dh O	tatsama
অববুদ্ধ	o b O b u d dh O	tatsama
অবমুক্ত	o b O m u kt O	native
অবরুদ্ধ	o b O r u d dh O	tatsama
অবরেন্য	o b O r e n n O	native
অবলম্ব	o b O l o mb O	native
অবলিপ্ত	o b O l i p t O	native
অবলুপ্ত	o b O l u p t O	native
অবশিশ্ট	o b o sh i sh T o	native
অবশিষ্ট	o b O sh i s T O	tatsama
অবশ্য	o b o sh sh O	native
অবশ্যকর্তব্য	o b O sh sh O k O r t O b b O	native
অবশ্যপাঠ্য	o b O sh sh O p a T Th O	native
অবসন্ন	o b O sh O nn O	native
অবসরপ্রাপ্ত	o b O sh o r pr a p t O	native
অবসাদগ্রস্ত	o b O sh a d gr O st O	native
অবস্থানপত্র	o b O sth a n p o tr O	native
অবস্থাপন্ন	o b O sth a p o nn O	native
অবস্থাসম্পন্ন	o b O sth a sh o mp O nn O	compound
অবাচ্য	o b a ch ch O	native
অবাধ্য	o b a d dh O	native
অবার্য	o b a r j O	native
অবিচ্ছন্ন	O b i ch chh o nn O	native
অবিচ্ছিন্ন	O b i ch chh i nn O	native
অবিচ্ছেদ্য	O b i ch chh e d d O	native
অবিজুক্ত	O b i j u kt O	native
অবিজ্ঞ	O b i g g O	tatsama
অবিদগ্ধ	O b i d o g dh O	native
অবিদ্ধ	O b i d dh O	tatsama
অবিন্যস্ত	O b i n n o st O	native
অবিপন্ন	O b i p o nn O	native
অবিভক্ত	O b i bh o kt O	native
অবিভাজ্য	o b i bh a j j O	native
অবিমিশ্র	O b i m i s r O	native
অবিমৃশ্য	O b i m ri sh sh O	tatsama
অবিরুদ্ধ	O b i r u d dh O	tatsama
অবিলম্ব	O b i l o mb O	native
অবিশহ্য	O b i sh O j jh O	native
অবিশ্বস্ত	O b i sh sh o st O	tatsama
অবিশ্বাস্য	O b i sh sh a sh sh O	tatsama
অবিশ্রান্ত	O b i s r a nt O	native
অবিস্তির্ন	O b i st i r n O	native
অবেক্ত	o b e kt O	native
অবোধ্য	o b O d dh o	native
অব্জ	o b j O	native
অব্দ	o b d O	native
অব্যক্ত	o b A kt O	native
অব্যর্থ	o b b A r th O	native
অব্যাহতিপত্র	o b b a h o t i p o tr O	native
অব্যাহতিপ্রাপ্ত	o b b a h o t i pr a p t o	compound
অব্যুৎপন্ন	O b b u t p O nn O	native
অভক্ত	o bh o kt O	native
অভগ্ন	o bh o g n O	native
অভদ্র	o bh o d r O	native
অভব্য	o bh O b b O	native
অভয়ারণ্য	o bh o y a r o n n O	tatsama
অভাগ্য	o bh a g g O	native
অভাবগ্রস্ত	o bh a b o gr O st O	native
অভাব্য	o bh a b b O	native
অভিকর্ষ	O bh i k o r sh O	tatsama
অভিকেন্দ্র	O bh i k e ndr O	native
অভিগ্রস্ত	O bh i g gr O st O	native
অভিজুক্ত	O bh i j u kt O	native
অভিজোগকেন্দ্র	O bh i j O g k e ndr O	compound
অভিজোগপত্র	O bh i j O g p o tr O	native
অভিজোগপত্রভুক্ত	O bh i j O g p o tr O bh u kt O	compound
অভিজোগসংক্রান্ত	O bh i j O g sh O ng kr a nt O	compound
অভিজ্ঞ	O bh i g g O	tatsama
অভিজ্ঞতালব্ধ	O bh i g g o t a l o b dh o	tatsama
অভিজ্ঞতাসংক্রান্ত	O bh i g g o t a sh o ng kr a nt o	tatsama
অভিজ্ঞতাসমৃদ্ধ	O bh i g g o t a sh o m r i d dh o	tatsama
অভিজ্ঞতাসম্পন্ন	O bh i g g O t a sh o mp O nn O	tatsama
অভিজ্ঞানপত্র	O bh i g g a n p o tr O	tatsama
অভিনন্দনজোগ্য	O bh i n o nd o n j O g g o	compound
অভিনন্দনপত্র	O bh i n o nd o n p o tr O	native
অভিনবত্ব	O bh i n o b O tt O	tatsama
অভিন্ন	O bh i nn O	native
অভিপন্ন	O bh i p o nn O	native
অভিবাসনসংক্রান্ত	O bh i b a sh o n sh o ng kr a nt o	compound
অভিব্যাপ্ত	O bh i b A p t O	native
অভিভাবকত্ব	O bh i bh a b O k o tt O	tatsama
অভিশপ্ত	O bh i sh o p t O	native
অভিশাপমুক্ত	O bh i sh a p m u kt O	native
অভিশিক্ত	O bh i sh i kt O	native
অভিশ্ট	o bh i sh T O	native
অভিষ্ট	O bh i shT O	tatsama
অভিসন্দর্ভ	O bh i sh o nd o r bh O	native
অভুক্ত	O bh u kt O	native
অভুতপুর্ব	o bh u t O p u r b O	native
অভোজ্য	o bh O j j O	native
অভ্যস্ত	o b bh o st O	native
অভ্র	o bh r O	native
অভ্রান্ত	o b bh r a nt O	native
অভয়ারন্য	o bh o y a r o n n o	native
অমনুশ্য	o m O n u sh sh O	native
অমনুশ্যত্ব	o m O n u sh sh O tt O	tatsama
অমন্দ	o m o nd O	native
অমরত্ব	o m O r o tt O	tatsama
অমর্ত্য	o m O r t O	native
অমাত্য	o m a t t O	native
অমান্য	o m a n n O	native
অমুখ্য	O m u k kh O	native
অমুত্র	O m u tr O	native
অমুর্ত	O m u r t O	native
অমুল্য	o m u l l O	native
অমেধ্য	o m e d dh O	native
অমেয়ানন্দ	o m e y a n o nd O	native
অম্র	o m r O	native
অম্ল	o m l O	native
অম্লাক্ত	o m l a kt O	native
অযত্ন	o j o t n O	native
অরক্ষ্য	o r o kkh O	tatsama
অরঘট্ট	o r O gh o T T O	native
অরচার্ড	o r o ch a r D	loanword
অরণ্য	o r O n n O	tatsama
অরন্য	o r O n n O	native
অরবিন্দ	o r O b i nd O	native
অরলিন্স	o r o l i n s o	loanword
অরিত্র	O r i tr O	native
অরিশ্ট	O r i sh T O	native
অরেঞ্জ	o r e nj	tatsama
অর্ক	o r k O	native
অর্গ	o r g O	native
অর্ঘ	o r gh O	native
অর্ঘ্য	o r gh O	native
অর্ডন্যান্স	o r D o n n a n s	loanword
অর্ডিনেন্স	o r D i n e n s	loanword
অর্ডিন্যান্স	o r D i n A n s	loanword
অর্থ	o r th O	native
অর্থকশ্ট	o r th O k o sh T O	native
অর্থজুক্ত	o r th O j u kt o	native
অর্থদন্ড	o r th O d o n D O	native
অর্থপুর্ন	o r th O p u r n O	native
অর্থবরাদ্দ	o r th O b o r a d d o	native
অর্থবিত্ত	o r th O b i tt O	native
অর্থভাগ্য	o r th O bh a g g O	native
অর্থমুল্য	o r th O m u l l O	native
অর্থশাস্ত্র	o r th O sh a s t r O	native
অর্থসংক্রান্ত	o r th O sh o ng kr a nt o	compound
অর্থসাহাজ্য	o r th O sh a h a j j O	native
অর্থসাহায্য	o r th O sh a h a j j O	native
অর্থায়নপুশ্ট	o r th a y o n p u sh T o	native
অর্থোডক্স	o r th O D o k s	loanword
অর্থোপেডিক্স	o r th O p e D i k s	loanword
অর্ধ	o r dh O	native
অর্ধনগ্ন	o r dh O n o g n O	native
অর্ধভুক্ত	o r dh O bh u kt o	native
অর্ধলক্ষ	o r dh O l o kkh O	tatsama
অর্ধসত্য	o r dh O sh O t t O	native
অর্ধসমাপ্ত	o r dh O sh o m a p t O	native
অর্ধাবশিশ্ট	o r dh a b O sh i sh T O	native
অর্ধার্ধ	o r dh a r dh O	native
অল্প	o l p O	native
অল্পস্বল্প	o l p O sh o l p O	tatsama
অশুদ্ধ	o sh u d dh O	tatsama
অশ্রুসিক্ত	O s r u sh i kt O	loanword
অসংখ্য	o sh O ng kh O	native
অসংলগ্ন	o sh o ng l o g n O	native
অসতর্ক	o sh o t O r k O	native
অসহ্য	o sh O j jh O	native
অস্ত	o st O	native
অস্তিত্ব	O st i tt O	tatsama
অস্ত্রশস্ত্র	o s t r O sh o s t r O	native
অস্বচ্ছ	o sh O ch chh O	tatsama
অ্যাকাউন্টেন্ট	A k a u n T e n T	loanword
অ্যাম্বুলেন্স	A mb u l e n s	loanword
অ্যালার্ম	A l a r m	loanword
আকণ্ঠ	a k o n Th O	tatsama
আকৃষ্ট	a k ri shT O	tatsama
আখন্দ	a kh o nd	native
আগষ্ট	a g O s T	loanword
আজন্ম	a j o n m O	native
আদিত্য	a d i t t O	native
আধিপত্য	a dh i p o t t O	native
আনন্দ	a n O nd O	native
আনুকূল্য	a n u k u l l O	native
আপসযোগ্য	a p O sh j O g g O	native
আবাদজোগ্য	a b a d j O g g O	native
আবাল্য	a b a l l O	native
আবাসনশিল্প	a b a sh o n sh i l p o	tatsama
আবিদ্ধ	a b i d dh O	tatsama
আবিশ্ট	a b i sh T O	native
আবৃত্ত	a b ri tt O	tatsama
আবেগপুর্ন	a b e g p u r n O	native
আবেগাক্রান্ত	a b e g a kr a nt O	native
আবেদনপত্র	a b e d O n p o tr O	native
আব্দ	a b d O	native
আব্রহ্ম	a br O m m O	tatsama
আভিজাত্য	a bh i j a t t O	native
আভিমুখ্য	a bh i m u k kh O	native
আমদানিজোগ্য	a m d a n i j O g g o	native
আমদানিপন্য	a m d a n i p o n n o	native
আমদানিমুল্য	a m d a n i m u l l o	native
আমদানিশুল্ক	a m d a n i sh u l k o	native
আমদ্রপ্ত	a m d r O p t	native
আমন্ড	a m O n D	native
আমন্ত্রনপত্র	a m O nt r O n p o tr O	native
আমরক্ত	a m o r o kt o	native
আমর্ষ	a m o r sh O	tatsama
আমলজোগ্য	a m o l j O g g o	native
আমলযোগ্য	a m O l j O g g O	native
আমলাতন্ত্র	a m l a t o n t r O	native
আমসত্ত্ব	a m sh o t t O	tatsama
আমান্ন	a m a nn O	native
আমিশসমৃদ্ধ	a m i sh sh o m r i d dh o	tatsama
আয়তক্ষেত্র	a y O t O kkh e tr O	tatsama
আরজুমান্দ	a r j u m a nd	native
আরনল্ড	a r n o l D	native
আরন্য	a r o n n o	native
আরব্ধ	a r O b dh O	native
আরব্য	a r O b b O	native
আরম্ভ	a r O m bh O	native
আরাধ্য	a r a d dh O	native
আরোগ্য	a r O g g O	native
আরোপজোগ্য	a r O p j O g g o	native
আর্ক	a r k	loanword
আর্কিটেক্ট	a r k i T e k T	loanword
আর্কিভিস্ট	a r k i bh i sh T	loanword
আর্গুমেন্ট	a r g u m e n T	loanword
আর্চ	a r ch	loanword
আর্ট	a r T	loanword
আর্টিস্ট	a r T i s T	loanword
আর্ত	a r t O	native
আর্থ	a r th	native
আর্দ্র	a r d r O	native
আর্ধ	a r dh O	native
আর্ন	a r n	native
আর্নল্ড	a r n o l D	native
আর্নার্স	a r n a r sh	native
আর্নেস্ট	a r n e s T	loanword
আর্ম	a r m	native
আর্মব্যান্ড	a r m b A n D	native
আর্মার্ড	a r m a r D	loanword
আর্য	a r j O	native
আর্য্য	a r j O	native
আর্ল	a r l	native
আর্ষ	a r sh O	tatsama
আর্সেনিকজুক্ত	a r sh e n i k j u kt O	compound
আর্সেনিকমুক্ত	a r sh e n i k m u kt o	compound
আর্সেনিকযুক্ত	a r s e n i k j u kt O	loanword
আর্স্ট	a r s T o	loanword
আলজিয়ার্স	a l j i a r sh	proper_noun
আলট্রাসাউন্ড	a l T r a s a u n D o	loanword
আলবার্ট	a l b a r T	native
আলমন্ড	a l m o n D	proper_noun
আলম্ব	a l o mb O	proper_noun
আলস্য	a l O sh sh O	native
আলহাজ্ব	a l h a j	tatsama
আলাবক্স	a l a b o k s	loanword
আলিয়াঞ্জ	a l i a n j	tatsama
আলেক্স	a l e k s	loanword
আলেখ্য	a l e k kh O	native
আলোকচিত্র	a l O k ch i tr O	native
আলোকবর্ষ	a l O k b o r sh O	tatsama
আলোচ্য	a l O ch ch O	native
আল্ট্রাসাউন্ড	a l T r a s a u n D	loanword
আল্লাহপ্রদত্ত	a l l a h pr O d o tt O	native
আল্লাহ্র	a l l a h r O	native
আশংকামুক্ত	a sh o ng k a m u kt O	native
আশজুক্ত	a sh j u kt O	native
আশাতিরিক্ত	a sh a t i r i kt o	native
আশির্বাদধন্য	a sh i r b a d dh o n n o	native
আশির্বাদপুশ্ট	a sh i r b a d p u sh T O	compound
আশুগঞ্জ	a sh u g o nj	tatsama
আশুশ্ক	a m u sh k O	native
আশ্চর্য	a sh ch O r j O	native
আশ্বস্ত	a sh sh o st O	tatsama
আশ্রয়কেন্দ্র	a s r o y k e ndr O	native
আশ্লিশ্ট	a sh l i sh T O	native
আসক্ত	a sh o kt O	native
আসনবিশিশ্ট	a sh O n b i sh i sh T O	native
আসন্ন	a sh O nn O	native
আসবাবপত্র	a sh b a b p o tr O	native
আসমুদ্র	a sh O m u d r O	native
আসাদগঞ্জ	a s a d g o nj	proper_noun
আসামাত্র	a sh a m a tr O	native
আসামিপক্ষ	a sh a m i p o kkh O	tatsama
আসিক্ত	a sh i kt O	native
আসিদ্ধ	a sh i d dh O	tatsama
আসিয়ানভুক্ত	a sh i y a n bh u kt o	native
আস্ক	a s k	loanword
আস্ত	a st O	native
আস্থাপুর্ন	a sth a p u r n o	native
আস্য	a sh sh O	native
আড়ম্বরপুর্ন	a r o mb o r o p u r n o	native
আড়শ্ট	a r O sh T O	native
আয়করমুক্ত	a y o k o r m u kt o	native
আয়করসংক্রান্ত	a y o k o r sh o ng kr a nt o	compound
আয়ত্ত	a y O tt O	native
আয়বোইশম্য	a y b oi sh o m m o	native
আয়াক্স	a y a k s o	loanword
আয়ারল্যান্ড	a y a r l A n D	native
আয়ার্স	a y a r sh	native
আয়ুশ্য	a y u sh sh O	native
আয়োডিনজুক্ত	a y O D i n j u kt o	loanword
ইংগিতপুর্ন	i ng g i t p u r n o	native
ইংল্যান্ড	i ng l A n D	proper_noun
ইইউভুক্ত	i i u bh u kt o	native
ইউজার্স	i u j a r sh	native
ইউটার্ন	i u T a r n	native
ইউনিটভুক্ত	i u n i T bh u kt o	loanword
ইউনিট্রেন্ড	i u n i T r e n D	loanword
ইউনিফর্ম	i u n i ph o r m	native
ইউনিভার্স	i u n i bh a r sh	native
ইউনিয়নভুক্ত	i u n i y o n bh u kt o	native
ইউরেনিয়ামসমৃদ্ধ	i u r e n i y a m sh o m r i d dh o	tatsama
ইউরোজোনভুক্ত	i u r O j O n bh u kt O	native
ইউরোবন্ড	i u r O b o n D o	native
ইউরোভুক্ত	i u r O bh u kt o	native
ইউসুফগঞ্জ	i u sh u ph g o nj o	tatsama
ইএক্স	i e k s O	proper_noun
ইকনমিস্ট	i k o n o m i sh T	loanword
ইকুইডিসট্যান্স	i k u i D i s T A n s	loanword
ইকুইনক্স	i k u i n o k s	loanword
ইকুইপমেন্ট	i k u i p m e n T	native
ইকোটেক্স	i k O T e k s	loanword
ইকোনমিক্স	i k O n O m i k s	loanword
ইকোনমিস্ট	i k O n o m i s T	loanword
ইকোনোমিস্ট	i k O n O m i sh T	loanword
ইকোপার্ক	i k O p a r k	native
ইচ্ছাপত্র	i ch chh a p o tr O	native
ইজারাতন্ত্র	i j a r a t o n t r O	native
ইজারাভুক্ত	i j a r a bh u kt o	native
ইজারামুল্য	i j a r a m u l l o	native
ইজারাসংক্রান্ত	i j a r a sh o ng kr a nt o	compound
ইজিপ্ট	i j i p T o	native
ইঞ্জিনবিশিশ্ট	i nj i n b i sh i sh T o	compound
ইঞ্জিনিয়ার্স	i n j i n i y a r sh o	loanword
ইতঃক্ষিপ্ত	i t o kkh i p t O	tatsama
ইতিবৃত্ত	i t i b ri tt O	tatsama
ইতিহাসসমৃদ্ধ	i t i h a sh sh o m r i d dh o	tatsama
ইদকার্ড	i d k a r D	loanword
ইদবস্ত্র	i d b o s t r O	native
ইনকোর্স	i n k O r sh o	loanword
ইনক্রিমেন্ট	i n k ri m e n T	native
ইনচার্জ	i n ch a r j	loanword
ইনজুরিমুক্ত	i n j u r i m u kt o	native
ইনটেলিজেন্স	i n T e l i j e n s	loanword
ইনডিপেনডেন্ট	i n D i p e n D e n T	loanword
ইনডিপেনডেন্স	i n D i p e n D e n s o	loanword
ইনডিপেন্ডেন্ট	i n D i p e n D e n T	compound
ইনডিপেন্ডেন্স	i n D i p e n D e n s o	loanword
ইনডেক্স	i n D e k s	loanword
ইনডেস্ক	i n D e s k	loanword
ইনফরমেটিক্স	i n ph o r o m e T i k s	loanword
ইনফর্ম	i n ph o r m	loanword
ইনবক্স	i n b o k s	loanword
ইনবিল্ট	i n b i l T	native
ইনভেস্টমেন্ট	i n bh e sh T m e n T	loanword
ইনল্যান্ড	i n l A n D	native
ইনশিওরেন্স	i n s i O r e n s	loanword
ইনসলভেন্ট	i n s o l bh e n T	loanword
ইনসার্জেন্ট	i n s a r j e n T	loanword
ইনসিওরেন্স	i n s i O r e n s	loanword
ইনস্ট্যান্ট	i n s T A n T	loanword
ইনস্ট্রুমেন্ট	i n sh T r u m e n T	loanword
ইনস্যুরেন্স	i n s u r e n s	loanword
ইনোসেন্ট	i n O sh e n T	native
ইন্টারফ্যাক্স	i n T a r ph A k s	loanword
ইন্টারেস্ট	i n T a r e sh T	loanword
ইন্টার্ন	i n T a r n	loanword
ইন্টিলিজেন্স	i n T i l i j e n s	loanword
ইন্টেলিজেন্ট	i n T e l i j e n T	native
ইন্টেলিজেন্স	i n T e l i j e n s	loanword
ইন্ডাইট্মেন্ট	i n D a i T m e n T	compound
ইন্ডিপেনডেন্ট	i n D i p e n D e n T	loanword
ইন্ডিপেন্ডেন্ট	i n D i p e n D e n T	compound
ইন্দ্র	i ndr O	native
ইন্দ্রত্ব	i ndr O tt o	tatsama
ইন্দ্রলুপ্ত	i ndr O l u p t O	native
ইন্সপায়ার্ড	i n s p a y a r D o	loanword
ইন্সুরেন্স	i n s u r e n s	loanword
ইন্স্যুরেন্স	i n s u r e n s	loanword
ইফতারপুর্ব	i ph t a r p u r b O	native
ইফেক্ট	i ph e k T	native
ইভান্স	i bh a n s a	loanword
ইভেন্ট	i bh e n T	loanword
ইমপিচমেন্ট	i m p i ch m e n T	native
ইমপেক্স	i m p e k s	loanword
ইমপোর্ট	i m p O r T	native
ইমপ্যাক্ট	i m p A k T	native
ইমপ্রুভমেন্ট	i m pr u bh m e n T	native
ইমপ্লান্ট	i m p l a n T	loanword
ইমসন্স	i m s o n s	loanword
ইমামগঞ্জ	i m a m g o nj	tatsama
ইমিগ্র্যান্ট	i m i g r A n T	loanword
ইম্পর্টেন্ট	i mp o r T e n T	native
ইম্পর্ট্যান্ট	i mp o r T A n T	compound
ইম্পোর্টার্স	i mp O r T a r sh	native
ইয়ার্ড	i a r D	loanword
ইলাক্স	i l a k s	loanword
ইলিয়টগঞ্জ	i l i y o T g o nj	proper_noun
ইলেকট্রনিক্স	i l e k T r O n i k s	loanword
ইলেক্ট্রনিক্স	i l e k T r O n i k s	loanword
ইল্ড	i l D	native
ইল্যান্স	i l A n s	loanword
ইশদুশ্ন	i sh o d u sh n O	native
ইশান্ত	i sh a nt	native
ইশ্ট	i sh T	native
ইশ্টানিশ্ট	i sh T a n i sh T O	native
ইশ্টাপুর্ত	i sh T a p u r t O	native
ইশ্বরগঞ্জ	i sh sh O r g o nj	tatsama
ইশ্বরচন্দ্র	i sh sh o r ch o ndr O	tatsama
ইষ্ট	i shT	tatsama
ইসলামধর্ম	i s l a m dh o r m o	native
ইসু্য	i sh u j	native
ইস্ট	i sh T	loanword
ইস্টওয়েস্ট	i sh T O y e sh T	loanword
ইস্টল্যান্ড	i sh T l A n D	loanword
ইস্টার্ন	i s T a r n	loanword
ইস্যুমুল্য	i sh u m u l l o	native
ইয়র্ক	i o r k	native
ইয়ার্ন	i y a r n	loanword
ইয়ার্স	i y a r sh	loanword
ইয়েল্প	i y e l p	proper_noun
ইয়োম্যান্স	i y O m m a n s	loanword
ঈষদুষ্ণ	i sh o d u sh n O	tatsama
উইকেটশুন্য	u i k e T sh u n n O	loanword
উইকেন্ড	u i k e n D	loanword
উইথড্র	u i th D r O	loanword
উইন্ড	u i n D	loanword
উইন্ডওয়ার্ড	u i n D o O y a r D	loanword
উইন্ডশিল্ড	u i n D sh i l D	loanword
উইন্ডিশ্চ	u i n D i sh ch	loanword
উইভার্স	u i bh a r sh	loanword
উইমেন্স	u i m e n s	loanword
উইলকক্স	u i l k o k s o	loanword
উইলার্ড	u i l a r D	loanword
উইল্ডার্স	u i l D a r sh o	loanword
উক্ত	u kt O	native
উক্ত্যক্ত	u kt o kt o	native
উগ্র	u gr O	native
উচ্চ	u ch ch O	native
উচ্চকক্ষ	u ch ch O k o kkh O	tatsama
উচ্চকণ্ঠ	u ch ch O k o n Th O	tatsama
উচ্চকন্ঠ	u ch ch O k o n Th O	native
উচ্চক্ষমতাসম্পন্ন	u ch ch O kh o m O t a sh o mp O nn O	tatsama
উচ্চগতিসম্পন্ন	u ch ch O g o t i sh o mp o nn o	compound
উচ্চতাবিশিশ্ট	u ch ch O t a b i sh i sh T o	compound
উচ্চতাসম্পন্ন	u ch ch O t a sh o mp o nn o	compound
উচ্চন্ড	u ch ch O n D O	native
উচ্চপদস্থ	u ch ch O p o d o sth o	native
উচ্চবাচ্য	u ch ch O b a ch ch O	native
উচ্চবিত্ত	u ch ch O b i tt O	native
উচ্চমধ্য	u ch ch O m O d dh O	native
উচ্চমধ্যবিত্ত	u ch ch O m O d dh O b i tt O	compound
উচ্চমানসম্পন্ন	u ch ch O m a n sh o mp o nn o	compound
উচ্চমুল্য	u ch ch O m u l l O	native
উচ্চমূল্য	u ch ch O m u l l O	native
উচ্চাং্গ	u ch ch a ng g O	native
উচ্চাঙ্গ	u ch ch a ngg O	native
উচ্ছন্ন	u ch ch o nn o	native
উচ্ছিন্ন	u ch chh i nn O	native
উচ্ছিলিন্ধ্র	u ch chh i l i n dh r O	tatsama
উচ্ছিশ্ট	u ch chh i sh T O	native
উচ্ছেদজোগ্য	u ch chh e d j O g g o	native
উঞ্ছ	u n chh o	tatsama
উঠন্ত	u Th o nt O	native
উডওয়ার্ড	u D O y a r D	proper_noun
উডল্যান্ড	u D l A n D	proper_noun
উড়ন্ত	u r O nt O	native
উত্কর্ষ	u t k o r sh o	tatsama
উত্কৃশ্ট	u t k ri sh T O	tatsama
উত্তপ্ত	u tt o p t O	native
উত্তমর্ন	u tt O m o r n O	native
উত্তরপত্র	u tt O r p o tr O	native
উত্তরপুর্ব	u tt O r p u r b O	native
উত্তরাখন্ড	u tt O r a kh o n D O	native
উত্তরাস্য	u tt O r a sh sh O	native
উত্তির্ন	u tt i r n O	native
উত্তেজনাপুর্ন	u tt e j O n a p u r n O	compound
উত্তোলনজোগ্য	u tt O l o n j O g g o	native
উত্ত্যক্ত	u tt o kt O	native
উত্থ	u t th O	native
উত্পন্ন	u t p o nn O	native
উত্পাদনকেন্দ্র	u t p a d o n k e ndr O	compound
উত্ফুল্ল	u t ph u l l o	native
উত্যক্ত	u t t O kt O	native
উত্স	u t sh O	native
উত্সর্গ	u t sh o r g O	native
উদগ্র	u d o gr O	native
উদভ্রান্ত	u d bh r a nt O	native
উদাত্ত	u d a tt O	native
উদির্ন	u d i r n O	native
উদ্গির্ন	u d g i r n O	native
উদ্দন্ড	u d d o n D O	native
উদ্দিপ্ত	u d d i p t O	native
উদ্দিশ্ট	u d d i sh T O	native
উদ্দেশ্য	u d d e sh sh O	native
উদ্দেশ্যপুর্ন	u d d e sh sh o p u r n o	compound
উদ্দেশ্যসম্পন্ন	u d d e sh sh o sh o mp o nn o	compound
উদ্ধারকেন্দ্র	u d dh a r k e ndr O	tatsama
উদ্ধুদ্ধ	u d dh u d dh o	tatsama
উদ্ধৃত্ত	u d b r i tt O	tatsama
উদ্বর্ত	u d b o r t O	native
উদ্বিগ্ন	u d b i g n O	native
উদ্বুদ্ধ	u d b u d dh O	tatsama
উদ্বৃত্ত	u d b ri tt O	tatsama
উদ্বৃত্তপত্র	u d b ri tt o p o tr O	tatsama
উদ্ব্যক্ত	u d b A kt O	native
উদ্ব্যস্ত	u d b A st O	native
উদ্ভিজ্জ	u d bh i j j O	native
উদ্ভিন্ন	u d bh i nn O	native
উদ্ভ্রান্ত	u d bh r a nt O	native
উদ্যানতত্ত্ব	u d d a n t o t t O	tatsama
উদ্যানসংলগ্ন	u d d a n sh o ng l o g n o	native
উদ্র	u d r O	native
উদ্রিক্ত	u d r i kt O	native
উদয়াস্ত	u d o y a st o	native
উন্নদ্ধ	u nn o d dh O	tatsama
উন্নিদ্র	u nn i d r O	native
উন্নয়নকেন্দ্র	u nn o y o n k e ndr O	compound
উন্নয়নসংক্রান্ত	u nn o y o n sh o ng kr a nt o	compound
উন্মগ্ন	u n m o g n O	native
উন্মত্ত	u n m o tt O	native
উন্মন্থ	u n m o n th o	native
উন্মার্গ	u n m a r g O	native
উন্মুক্ত	u n m u kt O	native
উন্মুদ্র	u n m u d r O	native
উপউপাচার্য	u p O u p a ch a r j o	native
উপকন্ঠ	u p O k o n Th O	native
উপকান্ত	u p O k a nt O	native
উপকুলসংলগ্ন	u p O k u l sh o ng l o g n o	native
উপকেন্দ্র	u p O k e ndr O	native
উপচার্য	u p O ch a r j o	native
উপজিব্য	u p O j i b b O	native
উপজুক্ত	u p O j u kt O	native
উপদিশ্ট	u p O d i sh T O	native
উপধর্ম	u p O dh o r m O	native
উপন্যস্ত	u p O n n o st O	native
উপপাদ্য	u p O p a d d O	native
উপপ্রকল্প	u p O pr O k o l p o	native
উপবিশ্ট	u p O b i sh T O	native
উপভোগ্য	u p O bh O g g O	native
উপরত্ন	u p O r o t n O	native
উপরিউক্ত	u p O r i u kt O	native
উপরিস্থ	u p O r i sth o	native
উপরুদ্ধ	u p O r u d dh O	tatsama
উপরোক্ত	u p O r O kt O	native
উপর্যুক্ত	u p O r j u kt O	native
উপলক্ষ	u p O l O kkh O	tatsama
উপলক্ষ্য	u p O l O kkh O	tatsama
উপলব্ধ	u p O l o b dh O	native
উপলভ্য	u p O l O b bh O	native
উপলিপ্ত	u p O l i p t O	native
উপশান্ত	u p O sh a nt o	native
উপশিশ্য	u p O sh i sh sh O	native
উপসর্গ	u p O sh o r g O	native
উপসৃশ্ট	u p O sh r i sh T O	tatsama
উপস্থ	u p O sth O	native
উপস্বত্ব	u p O sh o tt O	tatsama
উপস্বাস্থ্য	u p O sh a s th o	tatsama
উপাচার্য	u p a ch a r j O	native
উপাত্ত	u p a tt O	native
উপাধ্যক্ষ	u p a d dh O kkh O	tatsama
উপান্ত	u p a nt O	native
উপারম্ভ	u p a r o m bh O	native
উপাস্য	u p a sh sh O	native
উপেন্দ্র	u p e ndr O	native
উপ্ত	u p t O	native
উপ–মহাধ্যক্ষ	u p O m o h a d dh O kkh O	tatsama
উভয়পক্ষ	u bh o y p o kkh	tatsama
উমেশচন্দ্র	u m e sh ch o ndr O	native
উম্মুক্ত	u mm u kt O	native
উর্ধ্ব	u r dh O	tatsama
উর্ধ্বমুল্য	u r dh o m u l l o	tatsama
উলে্লখ্য	u l e l o kh j o	native
উল্কাপিন্ড	u l k a p i n D o	native
উল্টিনগঞ্জ	u l T i n g o nj	tatsama
উল্ফ	u l ph	native
উল্লম্ব	u l l o mb O	native
উল্লাহ্র	u l l a h r O	native
উল্লেখজোগ্য	u l l e kh j O g g o	native
উল্লেখ্য	u l l e k kh O	native
উল্লেখ্যজোগ্য	u l l e k kh o j O g g o	compound
উশ্ট্র	u sh T r O	tatsama
উশ্ন	u sh n o	native
উহ্য	u j j O	native
উৎকন্ঠ	u t k o n Th O	native
উৎকর্ন	u t k o r n O	native
উৎকর্ষ	u t k o r sh O	tatsama
উৎকির্ন	u t k i r n O	native
উৎকৃশ্ট	u t k ri sh T O	tatsama
উৎকৃষ্ট	u t k r i sh T O	tatsama
উৎক্রান্ত	u t kr a nt O	native
উৎক্ষিপ্ত	u t kh i p t O	tatsama
উৎক্ষেপনজোগ্য	u t k sh e p o n j O g g o	tatsama
উৎপন্ন	u t p o nn O	native
উৎপাদনকেন্দ্র	u t p a d o n k e ndr O	compound
উৎপাদনমুল্য	u t p a d o n m u l l o	native
উৎপাদনসংক্রান্ত	u t p a d o n sh o ng kr a nt o	compound
উৎপিশ্ট	u t p i sh T O	native
উৎপুর্ন	u t p u r n O	native
উৎফুল্ল	u t ph u l l O	native
উৎসর্গ	u t sh o r g O	native
উৎসাহমুল্য	u t sh a h o m u l l o	native
উৎসিক্ত	u t sh i kt O	native
উৎসৃশ্ট	u t sh r i sh T O	tatsama
উড়ন্ত	u r o nt O	native
ঊষ্ণ	u sh n O	tatsama
এইজন্য	e i j O n n O	native
এইমাত্র	e i m a tr O	native
এওয়ার্ড	e O y a r D	loanword
একখন্ড	E k kh o n D O	native
একগুচ্ছ	E k g u ch chh O	native
একচেঞ্জ	e k ch e nj	loanword
একচ্ছত্র	E k O ch chh o tr O	native
একজনমাত্র	E k j O n m a tr O	native
একটামাত্র	E k T a m a tr O	native
একটিমাত্র	e k T i m a tr O	native
একতাবদ্ধ	E k O t a b o d dh O	tatsama
একত্র	e k O tr O	native
একদন্ড	E k d o n D O	native
একনায়কতন্ত্র	E k n a y O k t o n t r O	native
একনায়কত্ব	E k n a y O k o tt O	tatsama
একনিশ্ঠ	E k O n i sh Th O	native
একপক্ষ	E k p O kkh O	tatsama
একপ্রান্ত	E k pr a nt O	native
একমাত্র	E k m a tr O	native
একমুহুর্ত	E k m u h u r t O	native
একলপ্ত	E k l o p t O	native
একলব্য	E k l o b b O	native
একসম্য	E k sh o m m O	native
একসেপটেন্স	e k s e p T e n s	loanword
একাউন্ট	e k a u n T	loanword
একাউন্টেন্ট	e k a u n T e n T	loanword
একাকিত্ব	e k a k i tt O	tatsama
একাকীত্ব	E k a k i tt O	tatsama
একাগ্র	E k a gr O	native
একাত্ম	E k a t t O	native
একাধিপত্য	E k a dh i p o t t O	native
একান্ত	E k a nt O	native
একান্ন	E k a nn O	native
একোদ্দিশ্ট	e k O d d i sh T O	native
এক্স	e k s	loanword
এক্সএফএক্স	e k s O e ph e k s O	loanword
এক্সচেঞ্জ	e k s ch e nj	loanword
এক্সপাঞ্জ	e k s p a nj O	loanword
এক্সপার্ট	e k s p a r T	loanword
এক্সপেরিমেন্ট	e k s p e r i m e n T O	loanword
এক্সপেরিয়েন্স	e k s p e r i y e n s	loanword
এক্সপোর্ট	e k s p O r T	loanword
এক্সপোর্টার্স	e k s p O r T a r s	loanword
এক্সবক্স	e k s b o k s	loanword
এক্সসেন্স	e k s s e n s	loanword
এক্সিলেন্স	e k s i l e n s O	loanword
এক্সেলেন্স	e k s e l e n s O	loanword
এখতিয়ারভুক্ত	e kh t i y a r bh u kt O	native
এখতিয়ারসম্পন্ন	e kh t i y a r sh o mp O nn O	native
এগমন্ট	e g m o n T	loanword
এগেইনস্ট	e g e i n s T	loanword
এগ্রিমেন্ট	e gr i m e n T	loanword
এজন্য	e j O n n O	native
এজলাসকক্ষ	e j l a s k o kkh O	loanword
এজহারভুক্ত	e j h a r bh u kt O	loanword
এজাহারভুক্ত	e j a h a r bh u kt O	native
এজেন্ট	e j e n T	loanword
এডওয়ার্ড	e D O y a r D O	proper_noun
এডপ্ট	e D o p T	loanword
এডভান্স	e D bh a n s	loanword
এডমন্ড	E D m o n D	loanword
এডমুন্ড	e D m u n D	proper_noun
এডিনবার্গ	e D i n b a r g	proper_noun
এতথ্য	e t O t th O	native
এত্ত	E tt O	native
এথিক্স	e th i k s	loanword
এথেন্স	e th e n s	loanword
এনএক্স	e n e k s O	loanword
এনক্রিপ্ট	e n kr i p T O	loanword
এনগেজমেন্ট	e n g e j m e n T	loanword
এনডাউমেন্ট	e n D a u m e n T	loanword
এনডোর্সমেন্ট	e n D O r s m e n T	loanword
এনফোর্সমেন্ট	e n ph O r s m e n T O	loanword
এনভায়রনমেন্ট	e n bh a y r o n m e n T	loanword
এনরোলমেন্ট	e n r O l m e n T	loanword
এনহ্যান্সমেন্ট	e n j j a n s m e n T O	loanword
এনালিস্ট	e n a l i s T	loanword
এনেক্স	e n e k s O	loanword
এন্টান্স	e n T a n s O	loanword
এন্টারটেইনমেন্ট	e n T a r T e i n m e n T	loanword
এন্ট্রান্স	e n T r a n s O	loanword
এন্ড	e n D	native
এপর্যন্ত	e p O r j O nt O	native
এপেক্স	e p e k s O	loanword
এপ্রান্ত	e pr a nt O	native
এফেক্ট	e ph e k T	loanword
এফোর্ট	e ph O r T	loanword
এভারেস্ট	e bh a r e s T O	loanword
এভারেস্টশৃং্গ	e bh a r e s T sh ri ng g o	loanword
এভারেস্টশৃঙ্গ	e bh a r e s T s ri ngg O	proper_noun
এভিডেন্স	e bh i D e n s	loanword
এমআইসিক্স	e m a i s i k s	loanword
এমএক্স	e m e k s O	loanword
এমএলএক্স	e m e l e k s O	loanword
এমপাওয়ারমেন্ট	e m p a O y a r m e n T	loanword
এমপিওভুক্ত	e m p i O bh u kt O	loanword
এমপিপুত্র	e m p i p u tr O	loanword
এমপ্লয়মেন্ট	e m p l o y m e n T	loanword
এমপ্লয়ার্স	e m o p l y a r s	loanword
এমারল্ড	e m a r l D	loanword
এমেক্স	e m e k s	loanword
এরজন্য	e r j O n n O	native
এরিল্ড	e r i l D	proper_noun
এলএএক্স	e l e e k s	loanword
এলসবার্গ	e l o s b a r g	proper_noun
এলাইনমেন্ট	e l a i n m e n T	loanword
এলাউন্স	e l a u n s	loanword
এলাকাসংলগ্ন	e l a k a sh o ng l o g n o	native
এলার্ট	e l a r T	loanword
এলার্ম	e l a r m	loanword
এলায়েন্স	e l a y e n s	loanword
এলিগেন্স	e l i g e n s	loanword
এলিফেন্ট	e l i ph e n T O	loanword
এলিফ্যান্ট	e l i ph a n T	loanword
এলিমেন্ট	e l i m e n T	loanword
এলিয়েন্স	e l i y e n s	loanword
এসংক্রান্ত	e sh o ng kr a nt O	native
এসকর্ট	e s k o r T	loanword
এসফল্ট	e s ph o l T	loanword
এসমস্ত	e sh o m O st O	native
এসিডদগ্ধ	e s i D d o g dh O	loanword
এসিডসংক্রান্ত	e s i D sh o ng kr a nt O	loanword
এসিল্যান্ড	e s i l A n D	loanword
এসেক্স	e s e k s o	loanword
এসেন্স	e s e n s	loanword
এস্টাবলিশমেন্ট	e s T a b l i sh m e n T	loanword
এ্যাওয়ার্ড	A O y a r D O	loanword
এয়ারপোর্ট	e a r p O r T	loanword
এয়ারফোর্স	e y a r ph O r s	loanword
এয়ারলাইন্স	e y a r l a i n s O	loanword
ঐক্য	oi k k O	native
ঐতিহ্য	oi t i j j O	native
ওইকপত্য	O i k O p O t t O	native
ওইকপদ্য	O i k O p O d d O	native
ওইকবদ্ধ	O i k o b o d dh o	tatsama
ওইকমত্য	O i k O m o t t O	native
ওইকরাজ্য	O i k O r a j j O	native
ওইকল্য	O i k O l l O	native
ওইকাগ্র্য	O i k a g gr O	native
ওইকাত্ম্য	O i k a t t O	native
ওইক্য	O i k k O	native
ওইক্যবদ্ধ	O i k k o b o d dh o	tatsama
ওইক্যমত্য	O i k k o m o t t o	native
ওইতিহ্য	O i t i j jh O	native
ওইন্দ্র	O i ndr O	native
ওইশিগ্রন্থ	O i sh i gr O n th o	native
ওইশ্বর্য	O i sh sh o r j	tatsama
ওউগ্র্য	O u g gr O	native
ওউচিত্য	O u ch i t t O	native
ওউজ্জ্বল্য	O u j j O l l O	tatsama
ওউড্র	O u D r O	loanword
ওউত্সুক্য	O u t sh u k k o	native
ওউদার্য	O u d a r j O	native
ওউদাসিন্য	O u d a sh i n n O	native
ওউদ্ধত্য	O u d dh o t t O	tatsama
ওউদ্ধত্যপুর্ন	O u d dh o t t o p u r n o	tatsama
ওউপম্য	O u p O m m O	native
ওউপসর্গ	O u p O sh o r g O	native
ওউরস্য	O u r o sh sh O	native
ওউর্ন	O u r n O	native
ওউর্ব	O u r b O	native
ওউশ্ট্র	O u sh T r O	loanword
ওউশ্ঠ্য	O u sh Th O	native
ওউশ্ন	O u sh n O	native
ওউশ্ন্য	O u sh n O	native
ওউশ্ম্য	O u sh m O	native
ওউৎকট্য	O u t k O T T O	native
ওউৎকন্ঠ্য	O u t k o n Th O	native
ওউৎকর্ষ	O u t k o r sh O	tatsama
ওউৎসুক্য	O u t sh u k k O	native
ওএসএক্স	O e s e k s O	loanword
ওজনজন্ত্র	O j o n j o n t r O	native
ওজনাধিক্য	O j O n a dh i k k O	native
ওডেস্ক	O D e s k	loanword
ওঢ্র	O Dh r O	native
ওনার্স	O n a r s	loanword
ওপেক্স	O p e k s	loanword
ওমেন্স	O m e n s	loanword
ওয়ার্ড	O y a r D	loanword
ওরিয়েন্ট	O r i y e n T	loanword
ওলন্ড	O l o n D	native
ওল্ড	O l D	loanword
ওশুধপত্র	O sh u dh p o tr O	native
ওশুধপথ্য	O sh u dh p o t th O	native
ওশুধশিল্প	O sh u dh sh i l p O	native
ওশ্ঠ	O sh Th O	native
ওয়াইম্যাক্স	O y a i m A k s o	loanword
ওয়াইল্ড	O y a i l D o	loanword
ওয়াক্ত	O y a kt	native
ওয়াক্ফ	O y a k ph	native
ওয়াক্স	O y a k s	loanword
ওয়াচগার্ড	O y a ch g a r D o	loanword
ওয়াটার্স	O y a T a r s	loanword
ওয়াত্তানাইয়াগর্ন	O y a tt a n a i y a g o r n	proper_noun
ওয়ান্ট	O y a n T	loanword
ওয়ান্ডারল্যান্ড	O y a n D a r l A n D	loanword
ওয়ান্ডার্স	O y a n D a r s	loanword
ওয়ান্স	O y a n s	loanword
ওয়ারিয়র্স	O y a r i y o r s	loanword
ওয়ারেন্ট	O y a r e n T	loanword
ওয়ার্ক	O a r k	loanword
ওয়ার্কার্স	O a r k a r s	loanword
ওয়ার্ন	O y a r n	loanword
ওয়ার্ম	O y a r m	loanword
ওয়ার্ল্ড	O y a r l D	loanword
ওয়ার্ল্ভ্র	O y a r l bh r O	native
ওয়ার্স	O y a r s	loanword
ওয়ালমার্ট	O a l m a r T	proper_noun
ওয়ালিউল্লাহ্র	O y a l i u l l a h r O	compound
ওয়াল্ট	O y a l T	proper_noun
ওয়াল্টার্স	O y a l T a r s	proper_noun
ওয়েজবোর্ড	O y e j b O r D	loanword
ওয়েবমেট্রিক্স	O y e b m e T r i k s	loanword
ওয়েস্ট	O y e s T	loanword
ওয়েস্টএন্ড	O y e s T e n D	loanword
ওয়েস্টমন্ট	O y e s T m o n T	loanword
ওয়েস্টার্ন	O y e s T a r n	loanword
কইবর্ত	k O i b o r t O	native
ককবার্ন	k o k b a r n	native
কক্ষ	k o kkh O	tatsama
কক্ষবিশিশ্ট	k o kkh O b i sh i sh T O	tatsama
কক্ষবিশিষ্ট	k O kkh O b i sh i shT O	tatsama
কক্স	k o k s	loanword
কগনিজেন্স	k o g n i j e n s	loanword
কচ্ছ	k o ch chh O	native
কঞ্জ	k o nj O	tatsama
কটাক্ষ	k o T a kkh O	tatsama
কটাক্ষপুর্ন	k o T a kkh o p u r n o	tatsama
কটুবাক্য	k o T u b a k k o	native
কতৃপক্ষ	k O r t r i p o kkh o	tatsama
কত্ত	k o tt O	native
কথাচিত্র	k o th a ch i tr O	native
কথাসাহিত্য	k o th a sh a h i t t O	native
কথ্য	k O t th O	native
কদন্ন	k o d o nn O	native
কদম্ব	k o d o mb O	native
কদর্থ	k o d r o th O	native
কদর্য	k o d O r j O	native
কদুশ্ন	k o d u sh n O	native
কনকর্ড	k o n k o r D	proper_noun
কনকারেন্ট	k o n k a r e n T	loanword
কনটাক্ট	k o n T a k T	loanword
কনটিনজেন্ট	k o n T i n j e n T	loanword
কনটেইনার্স	k o n T e i n a r s	loanword
কনটেন্ট	k o n T e n T	loanword
কনটেস্ট	k o n T e s T	loanword
কনট্যাক্ট	k o n T A k T	loanword
কনট্রাস্ট	k o n T r a s T	loanword
কনডাক্ট	k o n D a k T	loanword
কনডেন্স	k o n D e n s	loanword
কনফারেন্স	k o n ph a r e n s	loanword
কনফার্ম	k o n ph a r m	loanword
কনফিডেন্স	k o n ph i D e n s	loanword
কনফেডারেশন্স	k o n ph e D a r e sh o n s	loanword
কনফ্লিক্ট	k o n ph l i k T	loanword
কনভার্ট	k o n bh a r T	loanword
কনভার্স	k o n bh a r s	loanword
কনরার্ড	k o n r a r D	proper_noun
কনসার্ট	k o n s a r T	loanword
কনসার্ন	k o n s a r n	loanword
কনসালটেন্ট	k o n s a l T e n T	loanword
কনসালট্যান্ট	k o n s a l T A n T	loanword
কনসাল্ট	k o n s a l T	loanword
কনসেপ্ট	k o n s e p T	loanword
কনিশ্ক	k o n i sh k o	native
কনিশ্ঠ	k o n i sh Th O	native
কনেপক্ষ	k O n e p o kkh O	tatsama
কন্টকাকির্ন	k o n T O k a k i r n O	native
কন্টাক্ট	k o n T A k T	loanword
কন্টিনজেন্ট	k o n T i n j e n T	loanword
কন্টিনেন্ট	k o n T i n e n T	loanword
কন্টেন্ট	k o n T e n T	loanword
কন্ট্যাক্ট	k o n T A k T	loanword
কন্ট্রাক্ট	k o n T r a k T	loanword
কন্ট্রাস্ট	k o n T r a s T	loanword
কন্ঠ	k o n Th O	native
কন্ঠ্য	k o n Th O	native
কন্ডাক্ট	k o n D a k T	loanword
কন্দ	k o nd O	native
কন্দর্প	k o nd o r p O	native
কন্ধ	k o ndh O	tatsama
কন্ব	k o n n O	native
কন্যাদায়গ্রস্ত	k o n n a d a y gr O st o	compound
কন্সার্ন	k o n s a r n	loanword
কপর্দ	k o p O r d O	native
কপর্দকশুন্য	k o p o r d o k sh u n n o	native
কপিত্থ	k O p i t th O	native
কপোতাক্ষ	k o p O t a kkh O	tatsama
কবন্ধ	k o b o ndh O	tatsama
কবরস্থ	k o b O r O sth O	native
কবরস্থানসংলগ্ন	k o b o r sth a n sh o ng l o g n o	compound
কবিতাকন্ঠ	k O b i t a k o n Th o	native
কবিতাগুচ্ছ	k O b i t a g u ch chh o	native
কবিতাগ্রন্থ	k O b i t a gr O n th o	native
কবিত্ব	k O b i tt O	tatsama
কবিরত্ন	k O b i r o t n o	native
কবিশ্রেশ্ঠ	k o b i s r e sh Th o	native
কবোশ্ন	k o b O sh n O	native
কব্য	k O b b O	native
কভার্ড	k o bh a r D	loanword
কমকাস্ট	k o m k a s T	loanword
কমনওয়েলথভুক্ত	k o m O n O y e l th bh u kt o	loanword
কমনসেন্স	k o m O n s e n s	loanword
কমন্স	k o m O n s	loanword
কমপোক্ত	k o m p O kt O	native
কমপ্যাক্ট	k o m p A k T	loanword
কমপ্লায়েন্স	k o m p l a y e n s	loanword
কমপ্লেক্স	k o m p l e k s	loanword
কমপ্লেক্সসংলগ্ন	k o m p l e k s sh o ng l o g n O	loanword
কমফোর্ট	k o m ph O r T	loanword
কমলগঞ্জ	k o m O l g o nj	tatsama
কমলাকান্ত	k o m O l a k a nt O	native
কমলাক্ষ	k o m o l a k k o	tatsama
কমানডেন্ট	k o m a n D e n T	loanword
কমান্ড	k o m a n D	loanword
কমান্ডার্স	k o m a n D a r s	loanword
কমান্ডেন্ট	k o m a n D e n T	loanword
কমান্ড্যান্ট	k o m a n D e n T	loanword
কমার্স	k o m a r s	loanword
কমিউনিকেশন্স	k o m i u n i k e sh o n s	loanword
কমিউনিস্ট	k O m i u n i s T	loanword
কমিটমেন্ট	k o m i T m e n T	loanword
কমিশনপ্রাপ্ত	k o m i sh o n pr a p t o	loanword
কমেন্ট	k o m e n T	loanword
কম্পাউন্ড	k o mp a u n D	loanword
কম্পার্টমেন্ট	k o mp a r T m e n T	loanword
কম্পিউটার্স	k o mp i u T a r s	loanword
কম্পোনেন্ট	k o mp O n e n T	loanword
কম্পোশ্ট	k o mp O sh T	loanword
কম্পোস্ট	k o mp O s T	loanword
কম্প্যাক্ট	k o m p A k T	loanword
কম্প্র	k o m p r O	loanword
কম্ব	k o mb	loanword
কম্বাইন্ড	k o mb a i n D	loanword
কম্ম	k o mm O	native
কম্র	k o m r O	native
করজোগ্য	k o r j O g g O	native
করটেক্স	k o r T e k s	loanword
করন্ড	k o r O n D	loanword
করপত্র	k o r O p o tr O	native
করবর্ষ	k o r b o r sh o	tatsama
করমুক্ত	k o r m u kt O	native
করসংক্রান্ত	k o r sh o ng kr a nt o	native
করসুত্র	k o r sh u tr O	native
করাদন্ড	k o r a d o n D o	native
করামাত্র	k o r a m a tr O	native
করাসংক্রান্ত	k o r a sh o ng kr a nt o	native
করায়ত্ত	k o r a y O tt O	native
করিমগঞ্জ	k O r i m g o nj	proper_noun
করেসপনডেন্ট	k o r e s p o n D e n T	loanword
করেসপন্ডেন্ট	k o r e s p o n D e n T	loanword
কর্ক	k o r k	native
কর্জ	k o r j O	native
কর্ড	k o r D	loanword
কর্তব্য	k o r t O b b O	native
কর্তব্যনিশ্ঠ	k o r t o b b o n i sh Th o	native
কর্তৃত্ব	k o r t r i t t o	tatsama
কর্তৃপক্ষ	k O r t ri p o kkh O	tatsama
কর্তৃবাচ্য	k O r t ri b a ch ch O	tatsama
কর্দমাক্ত	k o r d O m a kt O	native
কর্ন	k o r n O	native
কর্নফ্লেক্স	k o r n ph l e k s	loanword
কর্প	k o r p	native
কর্ম	k o r m O	native
কর্মকর্তাবৃন্দ	k o r m O k o r t a b ri nd O	tatsama
কর্মকাণ্ড	k o r m O k a n D O	tatsama
কর্মকান্ড	k o r m O k a n D O	native
কর্মক্লান্ত	k o r m O kl a nt o	native
কর্মক্ষেত্র	k o r m O kh e t r O	tatsama
কর্মচাঞ্চল্য	k o r m O ch a nch O l l O	tatsama
কর্মজজ্ঞ	k o r m O j O g g O	tatsama
কর্মব্যস্ত	k o r m O b A st O	native
কর্মসম্পর্ক	k o r m O sh o mp o r k o	native
কর্মসুচিসংক্রান্ত	k o r m O sh u ch i sh o ng kr a nt o	compound
কর্মাকর্ম	k o r m a k o r m O	native
কর্মাধ্যক্ষ	k o r m a d dh O k k O	tatsama
কর্মানুবন্ধ	k o r m a n u b o ndh O	tatsama
কর্মিশুন্য	k O r m i sh u n n o	native
কর্মিশ্ঠ	k O r m i sh Th O	native
কর্ম্ম	k o r m m O	native
কর্য	k o r j o	native
কর্ষ	k o r sh O	tatsama
কলংকমুক্ত	k o l o ng k o m u kt o	native
কলগার্ল	k o l g a r l	loanword
কলচার্জ	k o l ch a r j	native
কলত্র	k o l O tr O	native
কলম্ব	k o l o mb O	proper_noun
কললিস্ট	k o l l i s T	loanword
কলহাস্য	k o l h a sh sh O	native
কলামনিস্ট	k o l a m n i s T	loanword
কলামিস্ট	k o l a m i s T	loanword
কলিঞ্জ	k O l i nj O	tatsama
কলিন্স	k o l i n s	proper_noun
কলুশতামুক্ত	k o l u sh o t a m u kt o	native
কলুশমুক্ত	k O l u sh m u kt O	native
কলেজছাত্র	k o l e j chh a tr O	native
কলেজসংলগ্ন	k o l e j sh o ng l o g n o	loanword
কল্ক	k o l k O	native
কল্প	k o l p O	native
কল্পনামাত্র	k o l p o n a m a tr O	native
কল্পান্ত	k o l p a nt O	native
কল্পারম্ভ	k o l p a r o m bh O	native
কল্প্য	k O l p O	native
কল্য	k O l l O	native
কল্যবর্ত	k O l l O b o r t O	native
কল্যানকেন্দ্র	k o l l a n k e ndr O	compound
কল্যানরাশ্ট্র	k o l l a n r a sh T r O	loanword
কশ্ট	k o sh T O	native
কশ্টসাধ্য	k o sh T O sh a d dh O	native
কশ্টসাপেক্ষ	k o sh T o sh a p e kkh o	tatsama
কষ্ট	k o shT O	tatsama
কষ্টসাধ্য	k o shT O sh a d dh O	tatsama
কসমেটিক্স	k o sh m e T i k s	loanword
কস্ট	k o s T	loanword
কস্ত	k o st	native
কস্য	k O sh sh O	native
কহতব্য	k o h O t O b b O	native
কাংক্ষ	k a ng kh O	tatsama
কাইনেক্ট	k a i n e k T	loanword
কাইন্ড	k a i n D	loanword
কাউন্ট	k a u n T	native
কাউন্টারপাঞ্চ	k a u n T a r p a nch	compound
কাগজপত্র	k a g O j p o tr O	native
কাজকর্ম	k a j k o r m O	native
কাটওয়ার্ক	k a T O y a r k	native
কাটব্য	k a T O b b O	native
কাটাজুক্ত	k a T a j u kt O	native
কাট্য	k a T T O	native
কাঠামোবদ্ধ	k a Th a m O b o d dh O	tatsama
কাঠামোসংক্রান্ত	k a Th a m O sh o ng kr a nt o	compound
কাঠালবিচিসেদ্ধ	k a Th a l b i ch i sh e d dh o	tatsama
কাঠিন্য	k a Th i n n O	native
কাতর্য	k a t o r j o	native
কাতালগঞ্জ	k a t a l g o nj	tatsama
কাদম্ব	k a d O mb O	native
কাদিরগঞ্জ	k a d i r g o nj	tatsama
কানন্দ	k a n O nd O	native
কানেক্ট	k a n e k T	loanword
কান্ট	k a n T	native
কান্ড	k a n D O	native
কান্ডজ্ঞানসম্পন্ন	k a n D o g g A n sh o mp o nn O	tatsama
কান্ত	k a nt O	native
কান্দ	k a nd O	native
কান্দর্প	k a nd o r p O	native
কাব্য	k a b b O	native
কাব্যগ্রন্থ	k a b b O gr O n th O	native
কাব্যনাট্য	k a b b O n a T T O	native
কাভার্ড	k a bh a r D	loanword
কামবর্ত্ম	k a m b o r t O	native
কামান্ড	k a m a n D o	native
কামান্দ	k a m a nd	native
কামান্ধ	k a m a ndh O	tatsama
কামারখন্দ	k a m a r kh o nd O	native
কামার্ত	k a m a r t O	native
কামাল্য	k a m a l l O	native
কামাসক্ত	k a m a sh o kt O	native
কামিন্স	k a m i n s	loanword
কাম্প	k a mp	native
কাম্ফ	k a m ph o	native
কাম্য	k a m m O	native
কারখানাসংলগ্ন	k a r kh a n a sh o ng l o g n o	compound
কারদন্ড	k a r o d o n D o	native
কারমুক্ত	k a r m u kt o	native
কারাকক্ষ	k a r a k o kkh o	tatsama
কারাকর্তৃপক্ষ	k a r a k O r t ri p o kkh O	tatsama
কারাদণ্ড	k a r a d o n D O	tatsama
কারাদন্ড	k a r a d o n D O	native
কারাদন্ডপ্রাপ্ত	k a r a d o n D O pr a p t O	compound
কারাধ্যক্ষ	k a r a dh O kkh O	tatsama
কারামুক্ত	k a r a m u kt O	native
কারারুদ্ধ	k a r a r u d dh O	tatsama
কারাসুত্র	k a r a sh u tr O	native
কারুকার্য	k a r u k a r j O	native
কারুন্য	k a r u n n O	native
কারুপন্য	k a r u p o n n O	native
কারুশিল্প	k a r u sh i l p o	native
কারেক্ট	k a r e k T	native
কারেন্ট	k a r e n T	native
কার্ক	k a r k	native
কার্কশ্য	k a r k O sh sh O	native
কার্ট	k a r T	native
কার্টুনিস্ট	k a r T u n i s T	loanword
কার্ড	k a r D	loanword
কার্ডিওলজিস্ট	k a r D i O l o j i r	loanword
কার্প	k a r p	native
কার্পন্য	k a r p O n n O	native
কার্ব	k a r b	loanword
কার্বাইডজুক্ত	k a r b a i D j u kt o	loanword
কার্য	k a r j O	native
কার্যক্রমসংক্রান্ত	k a r j o kr O m o sh o ng kr a nt o	compound
কার্যপত্র	k a r j O p o tr O	native
কার্যালয়সংলগ্ন	k a r j a l o y sh o ng l o g n o	compound
কার্য্য	k a r j o	native
কার্ল	k a r l	native
কার্শ্য	k a r sh sh o	native
কার্ষ্ন	k a r sh o n O	tatsama
কার্ষ্ন্য	k a r sh n O	tatsama
কালচিহ্ন	k a l ch i n n O	native
কালপৃশ্ঠ	k a l p r i sh Th O	tatsama
কালবিলম্ব	k a l b i l o mb O	native
কালভার্ট	k a l bh a r T	native
কালিকচ্ছ	k a l i k o ch chh o	native
কালিগঞ্জ	k a l i g o n j	native
কালিমামুক্ত	k a l i m a m u kt o	native
কালিমালিপ্ত	k a l i m a l i p t O	native
কালোত্তির্ন	k a l O tt i r n O	native
কাশ্ঠ	k a sh Th O	native
কাশ্ঠমুল্য	k a sh Th o m u l l o	native
কাস্ট	k a s T	loanword
কাস্টার্ড	k a s T a r D o	loanword
কাস্টার্স	k a s T a r s	loanword
কাহিনিচিত্র	k a h i n i ch i tr O	native
কাহ্ন	k a n n O	native
কাহ্ফ	k a h ph	native
কায়দাদুরস্ত	k a y d a d u r o st	native
কায়স্থ	k a y o sth o	native
কায়েওকুমনার্দ	k a y e O k u m n a r d o	compound
কায়েদাসংশ্লিশ্ট	k a y e d a sh o ng sh l i sh T o	compound
কিংকর্তব্য	k i ng k o r t O b b O	native
কিংবদন্তিতুল্য	k i ng b o d O nt i t u l l O	compound
কিংসফোর্ড	k i ng s ph O r D	proper_noun
কিউএনএক্স	k i u e n e k s	loanword
কিউলেক্স	k i u l e k s	loanword
কিছুমাত্র	k i chh u m a tr O	native
কিটতত্ত্ব	k i T t o t t O	tatsama
কিটনাশকজুক্ত	k i T n a sh o k j u kt o	native
কিট্স	k i T s	proper_noun
কিন্ট	k i n T	native
কিন্ত	k i nt u	native
কিন্ব	k i n n O	native
কিবোর্ড	k i b O r D	loanword
কিবোর্ডিস্ট	k i b O r D i s T	loanword
কিরনচন্দ্র	k i r o n ch o ndr O	native
কির্ক	k i r k	proper_noun
কির্তিস্তম্ভ	k i r t i st O m bh O	native
কির্ন	k i r n O	native
কিলবার্ন	k i l b a r n	proper_noun
কিল্ড	k i l D	native
কিশোরগঞ্জ	k i sh O r g o nj	tatsama
কিশোরিগঞ্জ	k i sh O r i g o nj	tatsama
কিয়স্ক	k i y o s k o	loanword
কীবোর্ড	k i b O r D	native
কীর্তিস্তম্ভ	k i r t i st O m bh O	native
কুইন্স	k u i n s	loanword
কুইন্সল্যান্ড	k u i n s l A n D	loanword
কুকর্ম	k u k o r m O	native
কুখাদ্য	k u kh a d d o	native
কুচক্র	k u ch o kr O	native
কুচরিত্র	k u ch O r i tr O	native
কুচাগ্র	k u ch a g gr O	native
কুঞ্জ	k u nj O	tatsama
কুটতর্ক	k u T o t o r k o	native
কুটস্থ	k u T o sth O	native
কুটার্থ	k u T a r th O	native
কুটিরশিল্প	k u T i r sh i l p O	native
কুটুম্ব	k u T u mb o	native
কুতর্ক	k u t o r k O	native
কুদ্স	k u d s	native
কুন্ঠ	k u n Th O	native
কুন্ড	k u n D O	native
কুন্ত	k u nt O	native
কুন্দ	k u nd O	native
কুপথ্য	k u p O t th O	native
কুপরামর্শ	k u p o r a m o r sh O	native
কুপাত্র	k u p a tr O	native
কুপুত্র	k u p u tr O	native
কুপোশ্য	k u p O sh sh O	native
কুপ্য	k u p p O	native
কুবিন্দ	k u b i nd O	native
কুব্জ	k u b j O	native
কুম্ভ	k u m bh O	native
কুম্ভকর্ন	k u m bh O k o r n O	native
কুরুক্ষেত্র	k u r u kh e tr O	tatsama
কুরুচিপুর্ন	k u r u ch i p u r n O	native
কুরুবিন্দ	k u r u b i nd O	native
কুর্চ	k u r ch O	native
কুর্ট	k u r T	proper_noun
কুর্ম	k u r m O	native
কুলগ্ন	k u l o g n O	native
কুলত্থ	k u l o t th O	native
কুলম্ব	k u l o mb O	native
কুলাচার্য	k u l a ch a r o j O	native
কুশাগ্র	k u sh a g gr O	native
কুশ্ঠ	k u sh Th o	native
কুষ্ঠ	k u shTh O	tatsama
কুসংসর্গ	k u sh o ng sh o r g O	native
কুসংস্কারমুক্ত	k u sh o ng s k a r m u kt o	loanword
কুসংস্কারাচ্ছন্ন	k u sh o ng s k a r a ch chh O nn O	loanword
কুসুমাস্তির্ন	k u sh u m a st i r n o	compound
কুস্বপ্ন	k u sh o p n O	tatsama
কুৎসাপুর্ন	k u t sh a p u r n o	native
কুৎস্য	k u t sh sh o	native
কুয়াকাটাসংলগ্ন	k u y a k a T a sh o ng l o g n o	compound
কুয়াশাচ্ছন্ন	k u y a sh a ch chh o nn o	native
কৃচ্ছ্র	k ri ch chh r O	tatsama
কৃতকর্ম	k ri t o k o r m O	tatsama
কৃতকার্য	k ri t O k a r j O	tatsama
কৃতজ্ঞ	k r i t O g g O	tatsama
কৃতবিদ্য	k ri t o b i d d o	tatsama
কৃতান্ত	k ri t a nt O	tatsama
কৃতার্থ	k ri t a r th o	tatsama
কৃতার্থম্মন্য	k ri t a r th O mm o n n O	tatsama
কৃতিত্ব	k ri t i tt O	tatsama
কৃতিত্বপুর্ন	k ri t i t t O p u r n O	tatsama
কৃত্ত	k ri tt O	tatsama
কৃত্য	k ri t t O	tatsama
কৃদন্ত	k ri d o nt O	tatsama
কৃশিক্ষেত্র	k ri sh i kkh e tr O	tatsama
কৃশিতথ্য	k ri sh i t o th th o	tatsama
কৃশিদ্রব্য	k ri sh i d r O b b O	tatsama
কৃশিপন্য	k ri sh i p O n n O	tatsama
কৃশিসংক্রান্ত	k ri sh i sh o ng kr a nt o	tatsama
কৃশ্ট	k ri sh T O	tatsama
কৃশ্ন	k ri sh n o	tatsama
কৃশ্নকান্ত	k ri sh n o k o l i r	tatsama
কৃশ্নচন্দ্র	k ri sh n o ch o ndr O	tatsama
কৃশ্নবর্ন	k ri sh n o b o r n o	tatsama
কৃশ্য	k ri sh sh O	tatsama
কৃষিপণ্য	k r i sh i p O n n O	tatsama
কৃষ্ণ	k ri shN O	tatsama
কৃষ্ণচন্দ্র	k ri shN O ch o ndr O	tatsama
কেতাদুরস্ত	k e t a d u r o st o	native
কেদারগঞ্জ	k e d a r g o nj	tatsama
কেনার্ড	k e n a r D	proper_noun
কেনাসংক্রান্ত	k e n a sh o ng kr a nt O	loanword
কেন্ট	k e n T	proper_noun
কেন্দ	k e nd O	native
কেন্দ্র	k e ndr O	native
কেন্দ্রসংলগ্ন	k e ndr O sh o ng l o g n o	compound
কেপল্যান্ড	k e p l e n D	proper_noun
কেবলমাত্র	k A b O l m a tr O	native
কেব্ল	k e bl	loanword
কেমিকাল্স	k e m i k a l s	native
কেমিস্ট	k e m i s T	loanword
কেরানিগঞ্জ	k e r a n i g o nj	tatsama
কেশবচন্দ্র	k e sh o b ch o ndr O	native
কেশবানন্দ	k e sh o b a n o nd o	native
কেশাগ্র	k e sh a g gr O	native
কেশ্ট	k e sh T O	native
কেয়ার্ন	k e y a r n o	native
কোইবর্ত	k O i b o r t o	native
কোইবল্য	k O i b o l l o	native
কোউটিল্য	k O u T i l l O	native
কোউতুকপুর্ন	k O u t u k p u r n O	native
কোউমার্য	k O u m a r j O	native
কোউর্ম	k O u r m O	native
কোউলিন্য	k O u l i n n O	native
কোউশলপত্র	k O u sh o l p o tr O	native
কোউশলমাত্র	k O u sh o l m a tr O	native
কোউসুম্ভ	k O u sh u m bh O	native
কোচবাক্স	k O ch b a k s O	loanword
কোটামুক্ত	k O T a m u kt O	native
কোদন্ড	k O d o n D O	native
কোন্দলমুক্ত	k O nd o l m u kt o	native
কোবাল্ট	k O b a l T	loanword
কোমেরসান্ত	k O m e r sh a nt o	native
কোম্পানিগঞ্জ	k O mp a n i g o nj	loanword
কোরন্ড	k O r o n D o	native
কোর্ট	k O r T	loanword
কোর্টসংলগ্ন	k O r T sh o ng l o g n o	loanword
কোর্স	k O r s	loanword
কোলাহলপুর্ন	k O l a h o l p u r n o	native
কোলাহলমুক্ত	k O l a h o l m u kt o	native
কোলেস্টেরলমুক্ত	k O l e s T e r o l m u kt o	loanword
কোল্ড	k O l D	loanword
কোশাধ্যক্ষ	k O sh a dh dh o kkh o	tatsama
কোশ্ঠ	k O sh Th O	native
কোশ্ঠকাঠিন্য	k O sh Th O k a Th i n n O	native
কোশ্ন	k O sh n O	native
কোষ্ঠকাঠিন্য	k O shTh O k a Th i n n O	tatsama
কোস্ট	k O s T	loanword
কোস্টগার্ড	k O s T g a r D	loanword
কোয়ার্টারগার্ড	k O y a r T a r g a r D	compound
কোয়াশমেন্ট	k O y a sh m e n T	loanword
কোয়েস্ট	k O y e s T o	loanword
ক্ত	t k o	native
ক্যাটাগরিভুক্ত	k A T a g o r i bh u kt o	loanword
ক্যাটালিস্ট	k A T a l i s T	loanword
ক্যাডটেক্স	k A D T e k s	loanword
ক্যাডারভুক্ত	k A D a r bh u kt o	loanword
ক্যানওয়েস্ট	k A n O y e s T	proper_noun
ক্যান্ট	k A n T	loanword
ক্যান্টনমেন্ট	k A n T O n m e n T	loanword
ক্যান্সার বিশেষজ্ঞ	k A n s a r | b i sh e sh o g g O	compound
ক্যাম্প	k A mp	loanword
ক্যাম্পসংলগ্ন	k A mp sh o ng l o g n o	compound
ক্যাম্পাসসংলগ্ন	k A mp a s sh o ng l o g n O	compound
ক্যালরিজুক্ত	k A l O r i j u kt O	loanword
ক্যালরিযুক্ত	k A l O r i j u kt O	loanword
ক্যাশবাক্স	k A sh b a k s O	loanword
ক্রটিপুর্ন	kr O T i p u r n o	native
ক্রফোর্ড	kr O ph O r D	proper_noun
ক্রব্য	kr O b b O	native
ক্রমোৎকর্ষ	kr O m O t k o r o sh O	tatsama
ক্রাইস্ট	kr a i s T o	loanword
ক্রাইস্টচার্চ	kr a i s T ch a r ch	loanword
ক্রান্ত	kr a nt O	native
ক্রিকেটবিশ্ব	k ri k e T b i sh sh O	loanword
ক্রিকেটভক্ত	k ri k e T bh o kt O	loanword
ক্রিকেটার্স	k ri k e T a r s	loanword
ক্রিসেন্ট	k ri s e n T	loanword
ক্রিড়াচক্র	k ri r a ch o kr O	native
ক্রিড়ানোইপুন্য	k ri r a n O i p u n n e	compound
ক্রিড়াব্যক্তিত্ব	k ri r a b e kt i t t O	tatsama
ক্রুদ্ধ	kr u d dh O	tatsama
ক্রুশবিদ্ধ	kr u sh b i d dh O	tatsama
ক্রেতব্য	kr e t o b b O	native
ক্রেতাশুন্য	kr e t a sh u n n O	native
ক্রেতাশূন্য	kr e t a sh u n n O	native
ক্রেস্ট	kr e s T	loanword
ক্রোউঞ্চ	kr O u nch O	tatsama
ক্রোউর্য	kr O u r j O	native
ক্রোধান্ধ	kr O dh a ndh o	tatsama
ক্রোড়পত্র	kr O r p o tr O	native
ক্রয়কেন্দ্র	kr o y k e ndr O	native
ক্রয়মুল্য	kr o y o m u l l o	native
ক্রয়সংক্রান্ত	kr o y o sh o ng kr a nt o	compound
ক্লাইটার্স	kl a i T a r s	proper_noun
ক্লাইমেক্স	kl a i m e k s	loanword
ক্লাইম্ব	kl a i mb	loanword
ক্লাইম্যাক্স	kl a i m e k s	loanword
ক্লাইস্টার্স	kl a i s T a r s	proper_noun
ক্লান্ত	kl a nt O	native
ক্লারেন্স	kl a r e n s o	loanword
ক্লার্ক	kl a r k	loanword
ক্লায়েন্ট	kl a y e n T	native
ক্লিনহার্ট	kl i n h a r T	loanword
ক্লিন্ট	kl i n T	loanword
ক্লিন্ন	kl i nn O	loanword
ক্লিফোর্ড	kl i ph O r D	loanword
ক্লিভল্যান্ড	kl i bh l A n D	native
ক্লিশ্ট	kl i sh T o	native
ক্লিয়ারেন্স	kl i y a r e n s	loanword
ক্লেমেন্ট	kl e m e n T	loanword
ক্লোইব্য	kl O i b b O	native
ক্লোরোপ্লাস্ট	kl O r O p l a s T	loanword
ক্ষ	kh o	tatsama
ক্ষতচিহ্ন	kh o t O ch i n h O	tatsama
ক্ষতিগ্রস্ত	kh O t i gr O st O	tatsama
ক্ষতিগ্রস্থ	kh O t i gr O sth O	tatsama
ক্ষত্র	kh o tr O	tatsama
ক্ষন্তব্য	kh O nt O b b O	tatsama
ক্ষন্নিবৃত্ত	kh O nn i b r i tt O	tatsama
ক্ষমতাকেন্দ্র	kh o m O t a k e ndr O	tatsama
ক্ষমতাপ্রাপ্ত	kh o m O t a pr a p t O	tatsama
ক্ষমতাশুন্য	kh o m O t a sh u n n o	tatsama
ক্ষমতাসংক্রান্ত	kh o m O t a sh o ng kr a nt o	tatsama
ক্ষমতাসম্পন্ন	kh o m O t a sh o mp o nn O	tatsama
ক্ষমাপ্রাপ্ত	kh o m a pr a p t o	tatsama
ক্ষম্য	kh o m m O	tatsama
ক্ষাত্র	kh a tr O	tatsama
ক্ষান্ত	kh a nt O	tatsama
ক্ষারজুক্ত	kh a r j u kt O	tatsama
ক্ষারযুক্ত	kh a r j u kt O	tatsama
ক্ষিপ্ত	kh i p t O	tatsama
ক্ষিপ্র	kh i p r O	tatsama
ক্ষুদ্ধ	kh u d dh O	tatsama
ক্ষুদ্র	kh u d r O	tatsama
ক্ষুদ্রশিল্প	kh u d r O sh i l p o	tatsama
ক্ষুদ্রাতিক্ষুদ্র	kh u d r O t i kh u d r O	tatsama
ক্ষুধামান্দ্য	kh u dh a m a nd o	tatsama
ক্ষুধামুক্ত	kh u dh a m u kt o	tatsama
ক্ষুধার্ত	kh u dh a r t O	tatsama
ক্ষুন্ন	kh u nn O	tatsama
ক্ষুন্ন্ন	kh u nn o	tatsama
ক্ষুব্ধ	kh u b dh O	tatsama
ক্ষেত্র	kh e tr O	tatsama
ক্ষেপণাস্ত্র	kh e p O n a s t r O	tatsama
ক্ষেপনাস্ত্র	kh e p o n a s t r O	tatsama
ক্ষোউদ্র	kh O u d r O	tatsama
ক্ষয়প্রাপ্ত	kh o y pr a p t O	tatsama
কড়ংকস্য	k o r o ng k O sh sh O	native
কড়ম্ব	k o r o mb O	native
কয়লাক্ষেত্র	k o y o l a kh e tr O	tatsama
ক–বর্গ	k o b o r g O	native
খঞ্জ	kh o nj O	tatsama
খণ্ডবাক্য	kh o n D O b a k k O	tatsama
খতিয়ানভুক্ত	kh O t i y a n bh u kt o	native
খনকজন্ত্র	kh o n o k j o n t r O	native
খননক্ষেত্র	kh o n o n kh e tr O	tatsama
খননজন্ত্র	kh o n O n j o nt r O	native
খননযন্ত্র	kh o n O n j o n t r O	native
খনিজসমৃদ্ধ	kh o n i j sh o m ri d dh o	tatsama
খনিত্র	kh O n i tr O	native
খনিসমৃদ্ধ	kh o n i sh o m ri d dh o	tatsama
খন্ড	kh o n D O	native
খন্ডচিত্র	kh o n D O ch i tr O	native
খন্ডজুদ্ধ	kh o n D O j u d dh O	tatsama
খন্ডবাক্য	kh o n D O b a k k O	native
খন্ডবিখন্ড	kh o n D O b i kh o n D o	native
খন্ড্য	kh o n D D o	native
খন্দ	kh o nd O	native
খপুশ্প	kh o p u sh p O	native
খবরপত্র	kh o b o O p o tr O	native
খমধ্য	kh o m O d dh O	native
খরচসাপেক্ষ	kh o r O ch sh a p e kkh o	tatsama
খর্ব	kh o r b O	native
খলিলগঞ্জ	kh O l i l g o nj o	proper_noun
খল্ল	kh o l l O	native
খাওন্দ	kh a O nd	native
খাতভুক্ত	kh a t bh u kt o	native
খাতসংশ্লিশ্ট	kh a t sh o ng sh l i sh T o	native
খাতাপত্র	kh a t a p o tr O	native
খাতুনগঞ্জ	kh a t u n g o nj	tatsama
খাদ্য	kh a d d O	native
খাদ্যদ্রব্য	kh a d d O d r O b b O	native
খাদ্যপন্য	kh a d d O p O n n O	native
খাদ্যমুল্য	kh a d d O m u l l o	native
খাদ্যশস্য	kh a d d O sh O sh sh O	native
খাদ্যশিল্প	kh a d d O sh i l p o	native
খাদ্যসাহাজ্য	kh a d d O sh a h a j j O	native
খানগঞ্জ	kh a n g o nj	tatsama
খানাখন্দ	kh a n a kh o nd O	native
খামেন্দ	kh a m e nd	native
খারিজসংক্রান্ত	kh a r i j sh o ng kr a nt o	compound
খালসংলগ্ন	kh a l sh o ng l o g n o	native
খালাসপ্রাপ্ত	kh a l a sh pr a p t o	native
খালিত্য	kh a l i t t O	native
খিন্ন	kh i nn O	native
খুচরামুল্য	kh u ch r a m u l l o	native
খুদ্দ	kh u d d O	native
খুরপ্র	kh u r pr O	native
খুশবন্ত	kh u sh b o nt o	native
খেতাবপ্রাপ্ত	kh e t a b pr a p t O	native
খেলোয়াড়বিশিশ্ট	kh E l O y a r b i sh i sh T O	native
খেয়াঘাটসংলগ্ন	kh e y a gh a T sh o ng l o g n O	native
খোর্দ্দ	kh O r d d o	native
খোশগল্প	kh O sh g o l p O	native
খোস্ত	kh O st o	native
খ্যাতিসম্পন্ন	kh A t i sh o mp O nn O	compound
খ্রিশ্ট	kh r i sh T O	loanword
খ্রিশ্টধর্ম	kh r i sh T O dh o r m O	loanword
খ্রিশ্টপুর্ব	kh r i sh T O p u r b O	loanword
খ্রিশ্টাব্দ	kh r i sh T a b d O	loanword
খ্রিষ্টাব্দ	kh r i s T a b d O	tatsama
খ্রিস্ট	kh r i s T	loanword
খ্রিস্টধর্ম	kh r i s T O dh o r m O	loanword
খ্রিস্টপুর্ব	kh r i s T O p u r b O	loanword
খ্রিস্টপূর্ব	kh r i sh T O p u r b O	loanword
খ্রিস্টাব্দ	kh r i s T a b d O	loanword
খড়্গ	kh o r g O	native
খড়্গহস্ত	kh o r g h o st o	native
খ–বাশ্প	kh o b a sh p O	native
গজস্কন্ধ	g o j O s k o ndh O	loanword
গজেন্দ্র	g o j e ndr O	native
গঞ্জ	g o nj	tatsama
গঠনতন্ত্র	g o Th O n t o n t r O	native
গঠনসংক্রান্ত	g o Th o n sh o ng kr a nt o	native
গণপ্রতিনিধিত্ব	g o n O pr O t i n i dh i tt O	tatsama
গণ্য	g O n n O	tatsama
গতিসম্পন্ন	g O t i sh o mp O nn O	native
গদ্য	g O d d O	native
গনকক্ষ	g o n O k o kkh o	tatsama
গনকন্ঠ	g o n O k o n Th o	native
গনচিত্র	g o n O ch i tr O	native
গনতদন্ত	g o n O t o d o nt o	native
গনতন্ত্র	g o n O t o nt r O	native
গননাট্য	g o n o n a T T o	native
গনপুর্ত	g o n O p u r t O	native
গনপ্রতিনিধিত্ব	g o n O pr O t i n i dh i t t O	tatsama
গনফ্রন্ট	g o n O ph r O n T	loanword
গনবিচ্ছিন্ন	g o n O b i ch chh i nn o	native
গনস্বাস্থ্য	g o n O sh a sth O	tatsama
গনিতজ্ঞ	g O n i t o g g O	tatsama
গন্ড	g o n D O	native
গন্ডিবদ্ধ	g O n D i b o d dh O	tatsama
গন্তব্য	g O nt O b b O	native
গন্ধ	g o ndh O	tatsama
গন্ধজুক্ত	g o ndh O j u kt O	native
গন্ধযুক্ত	g o ndh O j u kt O	tatsama
গন্ধর্ব	g o ndh o r b O	tatsama
গন্য	g o n n o	native
গন্যমান্য	g o n n o m a n n o	native
গপ্প	g o p p O	native
গবচন্দ্র	g o b ch o ndr O	native
গবর্নমেন্ট	g o b o r n o m e n T o	native
গবর্মেন্ট	g o b o r m e n T o	native
গবাক্ষ	g o b a kkh O	tatsama
গবেশনাকর্ম	g o b e sh o n a k o r m o	native
গবেশনাকেন্দ্র	g o b e sh o n a k e ndr O	compound
গবেশনাগ্রন্থ	g o b e sh o n a gr O n th o	native
গবেশনাপত্র	g o b e sh o n a p o tr O	native
গবেশনাপ্রবন্ধ	g o b e sh o n a pr O b o ndh o	compound
গবেশনাভুক্ত	g o b e sh o n a bh u kt o	native
গবেশনালব্ধ	g o b e sh o n a l o b dh O	native
গবেষণালব্ধ	g o b e sh o n a l o b dh O	tatsama
গব্য	g O b b O	native
গভমেন্ট	g o bh m e n T	native
গভর্নমেন্ট	g o bh o r n m e n T o	native
গভর্নেন্স	g o bh O r n e n s	loanword
গভর্ন্যান্স	g o bh O r n A n s	loanword
গভার্ন	g o bh a r n	loanword
গমিশ্ট	g O m i sh T O	native
গম্বুজবিশিশ্ট	g o mb u j o b i sh i sh T o	compound
গম্য	g O m m O	native
গরপছন্দ	g o r o p o chh o nd o	native
গরিশ্ঠ	g O r i sh Th O	native
গরিষ্ঠ	g O r i shTh O	tatsama
গরুত্মন্ত	g O r u t m o nt O	native
গর্ত	g o r t O	native
গর্দ	g o r d o	native
গর্ব	g o r b O	native
গর্ভ	g o r bh O	native
গর্ভস্থ	g o r bh O sth O	native
গলগন্ড	g o l O g o n D O	native
গলদঘর্ম	g o l O d O gh o r m O	native
গলদ্ঘর্ম	g o l O d gh o r m O	native
গলাবন্ধ	g o l a b o ndh o	tatsama
গল্প	g o l p O	native
গল্পগুচ্ছ	g o l p O g u ch chh o	native
গল্পগ্রন্থ	g o l p O gr O n th O	native
গল্ফ	g o l ph	loanword
গস্ত	g o st O	native
গাইডেন্স	g a i D e n s o	loanword
গাইনোকলজিস্ট	g a i n O k o l o j i s T o	loanword
গাড়ির কাগজপত্র	g a r i r | k a g O j p o tr O	compound
গাতব্য	g a t o b b O	native
গাত্র	g a tr O	native
গানপত্য	g a n O p O t t O	native
গানাঢ্য	g u n a Dh Dh O	native
গান্ধিভক্ত	g a ndh i bh o kt o	tatsama
গাম্ভির্য	g a m bh i r j O	native
গারফিল্ড	g a r ph i l D	proper_noun
গার্গ	g a r g a	proper_noun
গার্ট	g a r T	native
গার্টেনবার্গ	g a r T e n b a r g	native
গার্ড	g a r D	loanword
গার্মেন্ট	g a r m e n T	loanword
গার্ল	g a r l	loanword
গার্লফ্রেন্ড	g a r l ph r e n D	loanword
গার্হপত্য	g a r h O p o t t O	native
গার্হস্থ	g a r h o sth o	native
গার্হস্থ্য	g a r h O s th O	native
গালগপ্প	g a l g o p p o	native
গালগল্প	g a l g o l p O	native
গালমন্দ	g a l m o nd O	native
গাল্ফ	g a l p o	loanword
গাশ্ত	g a sh t O	native
গিগাহার্জ	g i g a h a r j	loanword
গিটারিস্ট	g i T a r i s T	loanword
গিতিকাব্য	g i t i k a b b o	native
গিতিনাট্য	g i t i n a T T O	native
গিতিসত্র	g i t i sh o tr O	native
গিনসবার্গ	g i n s b a r g o	proper_noun
গিন্সবার্গ	g i n s o b a r g o	loanword
গিফ্ট	g i ph T	loanword
গিরিন্দ্র	r i r i ndr O	native
গিরিশচন্দ্র	g i r i sh ch o ndr O	proper_noun
গির্দ	g i r d O	native
গির্ন	g i r n O	native
গিলক্রিস্ট	g i l kr i s T	loanword
গিলবার্ট	g i l b a r T	proper_noun
গিলার্ড	g i l a r D	proper_noun
গিল্ড	g i l D	loanword
গিয়ার্ট	g i y a r T o	native
গুচ্ছ	g u ch chh O	native
গুঞ্জ	g u nj O	tatsama
গুটিবসন্ত	g u T i b o sh o nt o	native
গুনমুগ্ধ	g u n m u g dh o	native
গুনসম্পন্ন	g u n sh o mp O nn O	native
গুনোৎকর্ষ	g u n O t k o r sh O	tatsama
গুপিজন্ত্র	g u p i j o n t r O	native
গুপ্ত	g u p t O	native
গুম্ফ	g u m ph O	native
গুরত্ব	g u r o tt o	tatsama
গুরত্বপুর্ন	g u r o t p u r n o	tatsama
গুরুকান্ত	g u r u k a nt o	native
গুরুত্ব	g u r u tt O	tatsama
গুরুত্বপর্ন	g u r u tt o p o r n o	tatsama
গুরুত্বপুর্ন	g u r u t t O p u r n O	tatsama
গুরুত্বপূর্ণ	g u r u tt O p u r n O	tatsama
গুরুত্বপূর্ন	g u r u tt O p u r n O	tatsama
গুরুত্ব্বপুর্ন	g u r u tw b o p u r n o	tatsama
গুরুদন্ড	g u r u d o n D O	native
গুরুদায়িত্ব	g u r u d a y i tt o	tatsama
গুর্জ	g u r j o	native
গুলঞ্চ	g u l O nch O	tatsama
গুলিবদ্ধ	g u l i b o d dh o	tatsama
গুলিবিদ্ধ	g u l i b i d dh O	tatsama
গুল্ফ	g u l ph O	native
গুল্ম	g u l m O	native
গুহ্য	g u j jh O	native
গৃধ্র	g r i dh r O	tatsama
গৃহজুদ্ধ	g ri h o j u d dh o	tatsama
গৃহবন্দিত্ব	g ri h O b O nd i tt o	tatsama
গৃহভৃত্য	g ri h O bh ri t t o	tatsama
গৃহস্থ	g ri h O sth O	tatsama
গৃহিতব্য	g ri h i t o b b o	tatsama
গৃহ্য	g r i j jh O	tatsama
গেজেটভুক্ত	g e j e T bh u kt O	native
গেটসংলগ্ন	g e T sh o ng l o g n O	loanword
গেটিসবার্গ	g e T i s b a r g	proper_noun
গেরস্ত	g e r o sh th o	native
গেরহার্ড	g e r o h a r D	proper_noun
গের্দ	g e r d o	proper_noun
গেলফান্ড	g e l ph a n D	loanword
গেস্ট	g e s T	loanword
গোউরচন্দ্র	g O u r o ch o ndr O	native
গোউরবদিপ্ত	g O u r o b d i p t o	native
গোউড়গোবিন্দ	g O u r o g O b i nd o	native
গোকর্ন	g O k o r n O	native
গোখাদ্য	g O kh a d d o	native
গোত্র	g O tr O	native
গোপনসংক্রান্ত	g O p o n sh o ng kr a nt o	compound
গোপালকৃশ্ন	g O p a l k ri sh n o	tatsama
গোপালগঞ্জ	g O p a l g o nj	tatsama
গোপ্য	g O p p o	native
গোবিন্দ	g O b i nd O	native
গোবিন্দগঞ্জ	g O b i nd O g o nj	tatsama
গোবিন্দচন্দ্র	g O b i nd o ch o ndr O	compound
গোবুচন্দ্র	g O b u ch o ndr O	native
গোবোইদ্য	g O b O i d d o	native
গোমুত্র	g O m u tr O	native
গোর্খাল্যান্ড	g O r kh a l A n D	proper_noun
গোলজোগপুর্ন	g O l a j O g p u r n O	native
গোলপোস্ট	g O l p O s T	loanword
গোলশুন্য	g O l sh u n n o	native
গোলশূন্য	g O l sh u n n O	native
গোলসর্ব	g O l sh o r b O	native
গোলাপগঞ্জ	g O l a p g o nj	tatsama
গোলার্ধ	g O l a r dh O	native
গোল্ড	g O l D	native
গোল্ডবার্গ	g O l D b a r g	proper_noun
গোশ্ঠ	g O sh Th O	native
গোশ্ঠিস্বার্থ	g O sh Th i sh a r th o	tatsama
গোস্ট	g O sh T	loanword
গোস্ত	g O st O	native
গোয়ালন্দ	g O y a l o nd o	native
গ্দানস্ক	g d a n o s k	loanword
গ্যালান্স	g A l a n s	loanword
গ্যাসক্ষেত্র	g A s kh e tr O	tatsama
গ্যাসফিল্ড	g A s ph i l D	loanword
গ্যাসশুন্য	g A s o sh u n n o	loanword
গ্যাসসমৃদ্ধ	g A s sh o m r i d dh O	tatsama
গ্রন্থ	gr O n th O	native
গ্রহণযোগ্য	gr O h O n j O g g O	tatsama
গ্রহনজোগ্য	gr O h O n j O g g O	native
গ্রহনযোগ্য	gr O h O n j O g g O	native
গ্রহনসংক্রান্ত	gr O h o n sh o ng kr a nt o	compound
গ্রহাচার্য	gr O h a ch a r j O	native
গ্রাউন্ড	gr a u n D	loanword
গ্রান্ট	gr a n T	native
গ্রান্ড	gr a n D	loanword
গ্রাফিক্স	gr a ph i k s	loanword
গ্রাফিক্স কার্ড	gr a ph i k s | k a r D	compound
গ্রামগঞ্জ	gr a m g o nj	tatsama
গ্রামসংলগ্ন	gr a m sh o ng l o g n o	native
গ্রাম্য	gr a m m O	native
গ্রাহ্য	gr a j j O	native
গ্রিনকার্ড	g ri n k a r D	loanword
গ্রিনফিল্ড	gr i n ph i l D	loanword
গ্রিনল্যান্ড	g ri n l A n D	loanword
গ্রিনহান্ট	gr i n h a n T	loanword
গ্রিন্ট	gr i n T	loanword
গ্রিল্ড	g ri l D	loanword
গ্রিশ্ম	gr i sh sh o	native
গ্রীষ্ম	gr i sh sh O	tatsama
গ্রুপপর্ব	gr u p p o r b O	native
গ্রুপভুক্ত	gr u p bh u kt o	native
গ্রেটেস্ট	gr e T e s T	loanword
গ্রেডভুক্ত	gr e D bh u kt o	loanword
গ্রেডিয়েন্ট	gr e D i y e n T	loanword
গ্রেপ্তারসংক্রান্ত	gr e p t a r sh o ng kr a nt O	loanword
গ্র্যান্ট	g r A n T	loanword
গ্র্যান্ড	g r A n D	loanword
গ্র্যান্ডমাস্টার্স	g r A n D m a s T a r s	loanword
গ্লানিমুক্ত	g l a n i m u kt o	native
গ্ল্যান্ড	g l A n D	loanword
গ্স	g s o	native
গড়ুলি–মন্ত্র	g O r u l i m o nt r O	native
গয়ংগচ্ছ	g o y O ng g o ch chh O	native
ঘট্ট	gh o T T O	native
ঘনত্ব	gh o n O tt O	tatsama
ঘনবদ্ধ	gh o n o b o d dh o	tatsama
ঘনবসতিপুর্ন	gh o n O b o sh O t i p u r n O	native
ঘনবসতিপূর্ণ	gh o n O b o sh O t i p u r n O	tatsama
ঘনিশ্ট	gh O n i sh T O	native
ঘনিশ্ঠ	gh O n i sh Th O	native
ঘনিষ্ট	gh O n i shT O	tatsama
ঘন্ট	gh o n T O	native
ঘন্টাকর্ন	gh o n T a k o r n O	native
ঘরট্ট	gh o r o T T o	native
ঘর্ম	gh o r m O	native
ঘর্মক্লান্ত	gh o r m o kl a nt o	native
ঘর্মাক্ত	gh o r m a kt O	native
ঘর্ম্য	gh o r m O	native
ঘাটসংলগ্ন	gh a T sh o ng l o g n o	native
ঘাত্য	gh a t t O	native
ঘুমন্ত	gh u m o nt O	native
ঘুর্ন	gh u r n O	native
ঘুর্নাবর্ত	gh u r n a b o r t O	native
ঘৃতাক্ত	gh ri t a kt O	tatsama
ঘৃতান্ন	gh ri t a nn O	tatsama
ঘৃন্য	gh ri n n o	tatsama
ঘৃশ্ট	gh ri sh T O	tatsama
ঘেটুপুত্র	gh e T u p u tr O	native
ঘোরগ্রস্ত	gh O r gr O sh o st o	native
ঘোশনাপত্র	gh O sh o n a p o tr O	native
ঘোশনাসংক্রান্ত	gh O sh o n a sh o ng kr a nt o	compound
ঘোষণাপত্র	gh O sh O n a p o tr O	tatsama
ঘোস্ট	gh O sh T	loanword
চইতন্য	ch O i t o n n O	native
চইত্র	ch O i tr O	native
চক্র	ch o kr O	native
চক্রান্ত	ch o kr a nt O	native
চক্রাবর্ত	ch o kr a b o r t O	native
চক্ষ	ch O kkh O	tatsama
চক্ষুবিশেশজ্ঞ	ch o kkh u b i sh e sh o g g o	tatsama
চট্ট	ch o T T o	native
চট্টগ্রামসংক্রান্ত	ch o T T o gr a m sh o ng kr a nt o	compound
চতুরশ্ব	ch O t u r o sh sh O	tatsama
চতুরস্র	ch O t u r o s r O	native
চতুর্থ	ch O t u r th O	native
চতুর্বর্গ	ch O t u r b o r g O	native
চতুর্বর্ন	ch O t u r b o r n O	native
চতুশ্ক	ch O t u sh k O	native
চতুশ্কন্ধ	ch O t u sh k O ndh O	tatsama
চতুশ্পার্শ্ব	ch O t u sh p a r sh O	tatsama
চন্ড	ch o n D O	native
চন্দ	ch o nd O	native
চন্দ্র	ch o ndr O	native
চন্দ্রগঞ্জ	ch o ndr O g o nj	tatsama
চন্দ্রগুপ্ত	ch o ndr O g u p t O	native
চন্নামেত্ত	ch o nn a m e tt a	native
চমৎকারিত্ব	ch o m o t k a r i tt o	tatsama
চরমপত্র	ch o r o m p o tr O	native
চরমভাবাপন্ন	ch o r o m bh a b a p o nn o	native
চরমোৎকর্ষ	ch o r O m O t k o r sh O	tatsama
চরসংলগ্ন	ch o r sh o ng l o g n o	native
চরানন্দ	ch o r a n o nd o	native
চরিতার্থ	ch O r i t a r th O	native
চরিত্র	ch O r i tr O	native
চর্চাকেন্দ্র	ch o r ch a k e ndr O	native
চর্ব	ch o r b o	native
চর্বিজুক্ত	ch O r b i j u kt O	native
চর্ব্য	ch o r b b o	native
চর্ম	ch o r m O	native
চর্য	ch o r j O	native
চলচিত্র	ch o l O ch i tr O	native
চলচ্চিত্র	ch o l O ch ch i tr O	native
চলচ্চিত্রকেন্দ্র	ch o l O ch ch i tr O k e ndr O	compound
চলচ্চিত্রশিল্প	ch o l O ch ch i tr O sh i l p o	compound
চলচ্চিত্রসংশ্লিশ্ট	ch o l O ch ch i tr O sh o ng sh l i sh T o	compound
চলন্ত	ch o l O nt O	native
চল্লিশোর্ধ	ch O l l i sh O r dh O	native
চল্লিশোর্ধ্ব	ch O l l i sh O r dh O	tatsama
চাইল্ড	ch a i l D	native
চাইয়াপর্ন	ch a i y a p o r n	native
চাওয়ামাত্র	ch a O y a m a tr O	native
চাকচিক্য	ch a k ch i k k O	native
চাকরিসংক্রান্ত	ch a k r i sh o ng kr a nt o	compound
চাকাজুক্ত	ch a k a j u kt O	native
চাঞ্চল্য	ch a nch o l l O	tatsama
চাতুর্বর্ন্য	ch a t u r m o r n O	native
চাতুর্মাস্য	ch a t u r m a sh sh O	native
চাতুর্য	ch a t u r j o	native
চানক্য	ch a n O k k O	native
চান্দ	ch a nd	native
চান্দ্র	ch a ndr O	native
চান্দ্রবর্ষ	ch a ndr O b o r sh o	tatsama
চান্স	ch a n s	loanword
চাপমুক্ত	ch a p m u kt O	native
চাপাইনবাবগঞ্জ	ch a p a i n o b a b g o nj	compound
চামুক্ষ	ch a m u kkh O	tatsama
চামড়াশিল্প	ch a m r a sh i l p o	native
চারনক্ষেত্র	ch a r o n kh e tr O	tatsama
চারিত্র	ch a r i tr O	native
চারিত্র্য	ch a r i t r o	native
চার্চ	ch a r ch	native
চার্জ	ch a r j	loanword
চার্জশিটভুক্ত	ch a r j sh i T bh u kt O	loanword
চার্জার্স	ch a r j a r s	native
চার্ট	ch a r T	loanword
চার্টার্ড	ch a r T a r D	loanword
চার্ম	ch a r m O	native
চার্ল	ch a r l o	native
চালকের লাইসেন্স	ch a l O k e r | l a i s e n s	compound
চালচিত্র	ch a l ch i tr O	native
চালাচ্ছ	ch a l a ch chh o	native
চালেঞ্জ	ch a l e nj	tatsama
চাশজোগ্য	ch a sh j O g g O	native
চাশাবাদজোগ্য	ch a sh a b a d j O g g o	native
চাষযোগ্য	ch a sh j O g g O	tatsama
চাহিদাপত্র	ch a h i d a p o tr O	native
চাহিদাসম্পন্ন	ch a h i d a sh o mp o nn O	native
চিংফোর্ড	ch i ng ph O r D	native
চিকিত্সাকেন্দ্র	ch i k i t sh a k e ndr O	compound
চিকিৎসাকেন্দ্র	ch i k i t sh a k e ndr O	compound
চিকিৎসাপত্র	ch i k i t sh a p o tr O	native
চিকিৎসাশাস্ত্র	ch i k i t sh a sh a s t r O	compound
চিকিৎসাসংক্রান্ত	ch i k i t sh a sh o ng kr a nt O	compound
চিকিৎসাসংশ্লিশ্ট	ch i k i t sh a sh o ng sh l i sh T o	compound
চিঠিপত্র	ch i Th i p o tr O	native
চিতাভস্ম	ch i t a bh o sh m o	native
চিত্ত	ch i tt O	native
চিত্র	ch i tr O	native
চিত্রকর্ম	ch i tr O k o r m O	native
চিত্রকল্প	ch i tr O k o l p O	native
চিত্রগুপ্ত	ch i tr O g u p t O	native
চিত্রনাট্য	ch i tr O n a T T O	native
চিত্রশিল্প	ch i tr O sh i l p o	native
চিদানন্দ	ch i d a n o nd O	native
চিনিজুক্ত	ch i n i j u kt O	native
চিনিশিল্প	ch i n i sh i l p o	native
চিন্তাগ্রস্ত	ch i nt a gr O st o	native
চিন্তামুক্ত	ch i nt a m u kt O	native
চিপ্স	ch i p s	native
চিরকৃতজ্ঞ	ch i r k ri t o g g o	tatsama
চিরসত্য	ch i r o sh o t t o	native
চিরানন্দ	ch i r a n o nd O	native
চিরান্ধ	ch i r a ndh O	tatsama
চিরাভ্যস্ত	ch i r a b bh O st O	native
চির্ন	ch i r n O	native
চিহ্ন	ch i n n O	native
চিহ্নমাত্র	ch i n h o m a tr O	native
চিয়ার্স	ch i y a r sh	native
চুক্তিপত্র	ch u kt i p o tr O	native
চুক্তিবদ্ধ	ch u kt i b o d dh O	tatsama
চুক্তিভুক্ত	ch u kt i bh u kt o	native
চুক্তিমুল্য	ch u kt i m u l l o	native
চুড়ান্ত	ch u r a nt O	native
চুম্বকত্ব	ch u mb O k o tt O	tatsama
চুর্ন	ch u r n o	native
চুর্নবিচুর্ন	ch u r n o b i ch u r n o	native
চুশব্দ	ch u sh o b d O	native
চুশ্য	ch u sh sh o	native
চুড়ান্ত	ch u r a nt o	native
চুয়ান্ন	ch u y a nn O	native
চূড়ান্ত	ch u r a nt O	native
চেইঞ্জ	ch e i nj	loanword
চেকপোস্ট	ch e k p O s T	loanword
চেঞ্জ	ch e nj O	loanword
চেতনাসম্পন্ন	ch e t o n a sh o mp o nn o	native
চেম্বার্স	ch e mb a r s	loanword
চেশ্ট	ch e sh T o	native
চেশ্টাচরিত্র	ch e sh T a ch o r i tr O	native
চেস্ট	ch e s T	loanword
চৈত্র	ch oi tr O	proper_noun
চোইতন্য	ch O i t o n n o	native
চোইত্য	ch O i t t O	native
চোইত্র	ch O i tr O	native
চোউদ্দ	ch O u d d o	native
চোউম্বকত্ব	ch O u mb o k o tt o	tatsama
চোউর্য	ch O u r j O	native
চোকার্স	ch O k a r s	native
চোরাইপন্য	ch O r a i p o n n o	native
চোশ্য	ch O sh sh o	native
চোস্ত	ch O st O	native
চোয়ালবদ্ধ	ch O y a l b o d dh o	tatsama
চৌদ্দ	ch ou d d O	native
চ্যাম্প	ch A mp	native
চ্যাম্পিয়ন্স	ch A mp i y o n s	loanword
চ্যালেঞ্জ	ch A l e nj	loanword
চ্যালেঞ্জজোগ্য	ch A l e nj j O g g o	compound
চ্যালেঞ্জপুর্ন	ch A l e nj p u r n o	compound
চ্যালেঞ্জার্স	ch A l e nj a r s	loanword
ছতিছন্ন	chh O t i chh o nn O	native
ছত্র	chh o tr O	native
ছদ্ম	chh o d d O	tatsama
ছন্দ	chh o nd O	native
ছন্দবন্ধ	chh o nd O b o ndh O	tatsama
ছন্দোবদ্ধ	chh o nd O b o d dh O	tatsama
ছন্ন	chh o nn O	native
ছবিজুক্ত	chh O b i j u kt O	native
ছবিবিশিশ্ট	chh O b i b i sh i sh T O	native
ছবিযুক্ত	chh O b i j u kt O	native
ছাড়পত্র	chh a r p o tr O	native
ছাত্র	chh a tr O	native
ছাত্রত্ব	chh a tr O tt O	tatsama
ছাত্রনেতৃত্ব	chh a tr O n e tr i t t o	tatsama
ছাত্রফ্রন্ট	chh a tr O ph r O n T	loanword
ছাত্রিবৃন্দ	chh a tr i b ri nd o	tatsama
ছান্দ	chh a nd O	native
ছান্দোগ্য	chh a nd O g g O	native
ছাপচিত্র	chh a p ch i tr O	native
ছাপ্পান্ন	chh a p p a nn O	native
ছালিক্য	chh a l i k k O	native
ছাড়পত্র	chh a r p o tr O	native
ছিদ্র	chh i d r O	native
ছিদ্রজুক্ত	chh i d r O j u kt O	native
ছিন্ড	chh i n D O	native
ছিন্ন	chh i nn O	native
ছিন্নবিচ্ছিন্ন	chh i nn o b i ch chh i nn o	compound
ছিন্নভিন্ন	chh i nn O bh i nn O	native
ছুটন্ত	chh u T O nt O	native
ছেলেপক্ষ	chh e l e p o kkh O	tatsama
ছোটগল্প	chh O T O g o l p O	native
ছোট্ট	chh O T T o	native
ছয়তলাবিশিশ্ট	chh o y t o l a b i sh i sh T o	native
জংগলাকির্ন	j o ng g o l a k i r n o	native
জংগিবাদমুক্ত	j o ng g i b a d m u kt o	native
জংগিমুক্ত	j o ng g i m u kt o	native
জংগিসংশ্লিশ্ট	j o ng g i sh o ng sh l i sh T o	compound
জইশ্ঠ্য	j O i sh Th O	native
জকিগঞ্জ	j o k i g o nj o	tatsama
জক্ষ	j O kkh O	tatsama
জগঝম্প	j o g O jh o mp O	native
জগদিশচন্দ্র	j o g o d i sh ch o ndr O	native
জগদীশচন্দ্র	j o g O d i sh ch o ndr O	native
জগদ্বরেন্য	j o g O d b o r e n n O	native
জগবন্ধ	j o g b o ndh i	tatsama
জগানন্দ	j o g a n o nd O	native
জগ্ধ	j o g dh O	native
জঘন্য	j o gh O n n O	native
জজকোর্ট	j o j k O r T	native
জজুর্বেন্দ্র	j o j u r b e ndr O	native
জজ্ঞ	j o g g O	tatsama
জটিলতামুক্ত	j o T i l o t a m u kt o	native
জড়জন্ত্র	j o r o j o nt r O	native
জতিন্দ্র	j o t i ndr O	native
জতুপর্ন	j o t u p o r n o	native
জত্ত	j o tt o	native
জত্ন	j o t n O	native
জত্র	j o tr O	native
জত্রতত্র	j o tr O t o tr O	native
জত্সামান্য	j o t sh a m a n j o	native
জথাজোগ্য	j o th a j O g g O	native
জথার্থ	j o th a r th O	native
জথাসাধ্য	j o th a sh a d dh O	native
জথেচ্ছ	j o th e ch chh O	native
জথেশ্ট	j o th e sh T O	native
জথেশ্ঠ	j o th e sh Th O	native
জথোক্ত	j o th O kt O	native
জথোপজুক্ত	j o th O p O j u kt O	native
জদ্ভবিশ্য	j o d bh O b i sh sh O	native
জনকন্ঠ	j o n O k o n Th O	native
জনগুরুত্ব	j o n o g u r u tt o	tatsama
জনগুরুত্বপুর্ন	j o n O g u r u t t O p u r n O	tatsama
জনগুরুত্বপূর্ণ	j o n O g u r u tt O p u r n O	tatsama
জনগুরুত্বসম্পন্ন	j o n o g u r u tt o sh o mp o nn o	tatsama
জনঘনত্ব	j o n o gh o n o tt o	tatsama
জনজুদ্ধ	j o n O j u d dh O	tatsama
জনপ্রতিনিধিত্ব	j o n o pr O t i n i dh i tt o	tatsama
জনবসতিপুর্ন	j o n o b o sh o t i p u r n o	native
জনবিচ্ছিন্ন	j o n O b i ch chh i nn O	native
জনমানবশুন্য	j o n o m a n o b sh u n n o	native
জনশুন্য	j o n O sh u n n O	native
জনশূন্য	j o n O sh u n n O	native
জনসংখ্যাতত্ত্ব	j o n o sh o ng kh a t o t t o	tatsama
জনসংখ্যাধিক্য	j o n o sh o ng kh a dh i k k o	compound
জনসংশ্লিশ্ট	j o n o sh o ng sh l i sh T o	native
জনসমুদ্র	j o n O sh O m u d r O	native
জনসম্পৃক্ত	j o n O sh O mp ri kt O	tatsama
জনস্বার্থ	j o n O sh a r th O	tatsama
জনস্বার্থসংশ্লিশ্ট	j o n o sh a r th o sh o ng sh l i sh T o	tatsama
জনস্বাস্থ্য	j o n o sh a s th o	tatsama
জনাকির্ন	j o n a k i r n O	native
জনান্ত	j o n a nt O	native
জনারন্য	j o n a r O n n O	native
জনিত্র	j O n i tr O	native
জন্ত্র	j o n t r O	native
জন্ম	j o n m O	native
জন্মবর্ষ	j o n m o b o r sh o	tatsama
জন্মবৃত্তান্ত	j o n m o b ri tt a nt o	tatsama
জন্মরহস্য	j o n m o r o h o sh sh o	native
জন্মলগ্ন	j o n m o l o g n O	native
জন্মশতবর্ষ	j o n m O sh o t O b o r sh O	tatsama
জন্মসুত্র	j o n m o sh u tr O	native
জন্মান্ধ	j o n m a ndh O	tatsama
জন্মাবচ্ছিন্ন	j o n m a b O ch chh i nn O	compound
জন্য	j O n n O	native
জন্স	j o n s	loanword
জবরদস্ত	j o b o r d o st o	native
জবাবদিহিপুর্ন	j o b a b d i h i p u r n o	compound
জব্দ	j o b d O	native
জব্ধ	j o b d o	native
জমিজমাসংক্রান্ত	j O m i j o m a sh o ng kr a nt O	compound
জমিসংক্রান্ত	j O m i sh o ng kr a nt O	native
জরথুস্ত	j o r O th u st	native
জরাগ্রস্ত	j o r a gr O st o	native
জরাজির্ন	j o r a j i r n O	native
জরাজীর্ণ	j o r a j i r n O	tatsama
জরাসন্ধ	j o r a sh o ndh O	tatsama
জরিপপত্র	j o r i p p o tr O	native
জরিপভুক্ত	j o r i p bh u kt o	native
জর্জ	j o r j	proper_noun
জলছত্র	j o l chh o tr O	native
জলজ্যান্ত	j o l O j A nt O	native
জলন্ত	j o l O nt O	native
জলবসন্ত	j o l b o sh O nt O	native
জলবায়ুবিপন্ন	j o l o b a y u b i p o nn o	native
জলবিদ্যুেকন্দ্র	j o l o b i d d u t k e ndr O	compound
জলবিদ্যুৎকেন্দ্র	j o l o b i d d u t k e ndr O	compound
জলমগ্ন	j o l m o g n O	native
জলসিমাসংলগ্ন	j o l sh i m a sh o ng l o g n o	native
জলাবদ্ধ	j o l a b o d dh O	tatsama
জলাবদ্ধতামুক্ত	j o l a b o d dh O t a m u kt O	tatsama
জলাবর্ত	j o l a b o r t O	native
জলার্দ্র	j o l a r d r O	native
জল্প	j o l p O	native
জশবন্ত	j o sh b O nt O	native
জশোবন্ত	j o sh O b o nt o	native
জাঁকজমকপূর্ণ	j a~ k j o m O k p u r n O	tatsama
জাওয়ামাত্র	j a O y a m a tr O	native
জাকজমকপুর্ন	j a k j o m O k p u r n O	native
জাকারবার্গ	j a k a r b a r g	native
জাগজজ্ঞ	j a g j o g g j o	tatsama
জাচাইজোগ্য	j a ch a i j O g g o	native
জাচ্ছ	j a ch chh o	native
জাজ্ঞবল্ক্য	j a g g O b o l k O	tatsama
জাজ্ঞিকান্ন	j a g o g i k o nn O	tatsama
জাজ্য	j a j j o	native
জাতব্য	j a t O b b O	native
জাথাতথ্য	j a th a t O t th O	native
জাথার্থ্য	j a th a r th O	native
জানজটপুর্ন	j a n j o T o p u r n o	native
জানজটমুক্ত	j a n j o T m u kt o	native
জানবাহনশুন্য	j a n b a h o n sh u n j o	native
জাপ্য	j a p p O	native
জাবজ্জিবনপ্রাপ্ত	j a b o j j i b o n pr a p t o	compound
জাম্য	j a m m O	native
জাহিনটেক্স	j a h i n T e k s	loanword
জিশুখ্রিশ্ট	j i sh u kh i r sh T o	loanword
জীবনচিত্র	j i b o n ch i tr O	native
জীবনবৃত্তান্ত	j i b O n b ri tt a nt O	tatsama
জীবনযুদ্ধ	j i b o n j u d dh O	tatsama
জীবনরহস্য	j i b o n r o h O sh sh O	native
জীবনাদর্শ	j i b O n a d o r sh O	native
জীববৈচিত্র্য	j i b O b oi ch i t r O	native
জীবাণুযুক্ত	j i b a n u j u kt O	tatsama
জুক্ত	j u kt o	native
জুক্তফ্রন্ট	j u kt o ph r O n T	loanword
জুক্তবর্ন	j u kt o b o r n o	native
জুক্তরাজ্য	j u kt o r a j j o	native
জুক্তরাশ্ট্র	j u kt o r a sh T r O	loanword
জুক্তিগ্রাহ্য	j u kt i gr a j j o	compound
জুক্তিজুক্ত	j u kt i j u kt o	native
জুক্তিতর্ক	j u kt i t o r k o	native
জুক্তিপুর্ন	j u kt i p u r n o	native
জুগান্ত	j u g a nt o	native
জুগ্ম	j u g m o	native
জুথবদ্ধ	j u th o b o d dh o	tatsama
জুদ্ধ	j u d dh O	tatsama
জুদ্ধক্ষেত্র	j u d dh O kh e tr O	tatsama
জুদ্ধপুর্ব	j u d dh O p u r b o	tatsama
জুদ্ধবিধ্বস্ত	j u d dh O b i dh b o st o	tatsama
জুদ্ধসংক্রান্ত	j u d dh O sh o ng kr a nt o	tatsama
জুদ্ধাস্ত্র	j u d dh a st r O	tatsama
জুবনাশ্ব	j u b O n a sh sh O	tatsama
জুবরত্ন	j u b o r o t n o	native
জেএক্স	j e e k s O	loanword
জেফিরলুকাস্ট	j e ph i r l u k a s T	loanword
জেভিয়ার্স	j e bh i y a r s O	loanword
জেসমস্ত	j e sh o m o st o	native
জেহ্ন	j e n h O	native
জোউগপদ্য	j O u g O p O d d O	native
জোউনকর্ম	j O u n o k o r m o	native
জোউবরাজ্য	j O u b O r a j j O	native
জোগদানপত্র	j O g d a n p o tr O	native
জোগসুত্র	j O g sh u tr O	native
জোগাজোগসংক্রান্ত	j O g a j O g sh o ng kr a nt o	compound
জোগেন্দ্র	j O g e ndr O	native
জোগ্য	j O g g O	native
জোগ্যতাসম্পন্ন	j O g g o t a sh o mp o nn o	compound
জোটনিরপেক্ষ	j O T n i r O p e kkh O	tatsama
জোটভুক্ত	j O T bh u kt O	native
জোত্র	j O tr O	native
জ্ঞানগর্ভ	g E n g o r bh O	tatsama
জ্ঞানশূন্য	g A n sh u n n O	tatsama
জ্যান্ত	j A nt O	native
জ্যৈষ্ঠ	j oi shTh O	proper_noun
জৎসামান্য	j o t sh a m a n n o	native
ঝুঁকিমুক্ত	jh u~ k i m u kt O	native
ঝুলন্ত	jh u l o nt O	native
টার্ন	T a r n	loanword
টার্ফ	T a r ph	loanword
টাস্কফোর্স	T a s k ph O r s	loanword
টুইস্ট	T u i s T	loanword
টুথপেস্ট	T u th p e s T	loanword
টুম্ব	T u mb	native
টুরিস্ট	T u r i s T	loanword
টুর্নামেন্ট	T u r n a m e n T	native
টেইলার্স	T e i l a r s O	loanword
টেকক্রাঞ্চ	T e k kr a nch O	proper_noun
টেকনোলজিস্ট	T e k n O l o j i s T	loanword
টেকস্ট	T e k o s T	loanword
টেক্স	T e k s O	loanword
টেক্সমার্ট	T e k s m a r T	loanword
টেটাবিদ্ধ	T e T a b i d dh O	tatsama
টেন্ট	T e n T	loanword
টেম্পেস্ট	T e mp e s T	loanword
টেম্পোস্ট্যান্ড	T e mp O s T A n d	loanword
টেররিস্ট	T e r O r i s T	loanword
টেরেন্স	T e r e n s	loanword
টেরোরিস্ট	T e r O r i s T	loanword
টেলিকনফারেন্স	T e l i k n ph a r e n s	loanword
টেলিকমিউনিকেশন্স	T e l i k o m i u n i k e sh o n s	loanword
টেলিঘনত্ব	T e l i gh o n O tt O	tatsama
টেলিফিল্ম	T e l i ph i l m	loanword
টেলেক্স	T e l e k s	loanword
টেল্ক	T e l k	loanword
টেস্ট	T e s T	loanword
টেস্টামেন্ট	T e s T a m e n T O	loanword
টোলমুক্ত	T O l m u kt O	native
টোস্ট	T O s T	loanword
ট্যাক্স	T A k s	loanword
ট্যানারিশিল্প	T A n a r i sh i l p o	compound
ট্যানার্স	T A n a r s	loanword
ট্যালেন্ট	T A l e n T	loanword
ট্যুরিস্ট	T j u r i s T	loanword
ট্রাকস্ট্যান্ড	T r a k s T A n D	loanword
ট্রানজিটসংক্রান্ত	T r a n j i T sh o ng kr a nt O	loanword
ট্রানশিপমেন্ট	T r a n sh i p m e n T	loanword
ট্রানসেন্ড	T r a n s e n D	loanword
ট্রান্স	T r a n s	loanword
ট্রান্সক্রিপ্ট	T r a n s k ri p T	loanword
ট্রান্সপারেন্ট	T r a n s p a r e n T	loanword
ট্রান্সপোর্ট	T r a n s p O r T	loanword
ট্রান্সপ্লান্ট	T r a n s p l a n T	loanword
ট্রান্সশিপমেন্ট	T r a n s sh i p m e n T	loanword
ট্রান্সসেন্ড	T r a n s e n D	loanword
ট্রাফোর্ড	T r a ph O r D	loanword
ট্রাম্প	T r a mp	loanword
ট্রাম্পকার্ড	T r a mp k a r D	loanword
ট্রাশ্ট	T r a sh T	loanword
ট্রাস্ট	T r a s T	loanword
ট্রিটমেন্ট	T r i T m e n T	loanword
ট্রেঞ্চ	T r e nch	loanword
ট্রেডমার্ক	T r e D m a r k	loanword
ট্রেডার্স	T r e D a r s O	loanword
ট্রেন্ট	T r e n T	loanword
ট্রেন্ড	T r e n D	loanword
ট্র্যাফোর্ড	T r A ph O r D	loanword
ট–বর্গ	T o b o r g O	native
ডকইয়ার্ড	D o k i y a r D	loanword
ডকুমেন্ট	D o k u m e n T	loanword
ডন্ড	D o n D O	native
ডব্লিউএক্স	D O bl i u e k s	loanword
ডম্ফ	D o m ph O	native
ডর্টমুন্ড	D o r T m u n D	proper_noun
ডাইজেস্ট	D a i j e s T	loanword
ডাইরেক্ট	D a i r e k T	loanword
ডাকওয়ার্থ	D a k O y a r th	proper_noun
ডানস্ক	D a n o s k	loanword
ডান্স	D a n s	loanword
ডাম্প	D a mp	loanword
ডার্ক	D a r k	loanword
ডার্ট	D a r T o	loanword
ডাস্ট	D a s T	loanword
ডায়মন্ড	D a y m o n D	loanword
ডায়েরিভুক্ত	D a y e r i bh u kt o	loanword
ডিএসইএক্স	D i e s i e k s	loanword
ডিওডোরেন্ট	D i O D O r e n T	loanword
ডিক্স	D i k s	loanword
ডিগ্রিপ্রাপ্ত	D i gr i pr a p t O	compound
ডিজঅ্যাপিয়ারেন্স	D i j o j a p i y a r e n s	loanword
ডিজঅ্যাবল্ড	D i j o j a b o l D	loanword
ডিটাচমেন্ট	D i T a ch m e n T	loanword
ডিটারজেন্ট	D i T a r j e n T	loanword
ডিটেইল্ড	D i T e i l D	loanword
ডিপার্টমেন্ট	D i p a r T m e n T	loanword
ডিফরেন্ট	D i ph r e n T	loanword
ডিফল্ট	D i ph o l T	loanword
ডিফারেন্ট	D i ph a r e n T	loanword
ডিফেন্ড	D i ph e n D	loanword
ডিফেন্স	D i ph e n s	loanword
ডিভিডেন্ট	D i bh i D e n T	loanword
ডিভিডেন্ড	D i bh i D e n D	loanword
ডিভোর্স	D i bh O r s	loanword
ডিমান্ড	D i m a n D	loanword
ডিম্ব	D i mb o	native
ডিরেক্ট	D i r e k T	loanword
ডির্ক	D i r k	proper_noun
ডিলাক্স	D i l a k s	loanword
ডিলিজেন্স	D i l i j e n s	loanword
ডিসকাউন্ট	D i s k a u n T	loanword
ডিসকানেক্ট	D i s k a n e k T	loanword
ডিসকোর্স	D i s k O r s	loanword
ডিসচার্জ	D i s ch a r j	loanword
ডিসটেন্স	D i s T e n s	loanword
ডিসট্যান্ট	D i s T A n T	loanword
ডিসট্রিক্ট	D i s T r i k T	loanword
ডিসপ্লেজুক্ত	D i sh p l e j u kt O	loanword
ডিসেন্ট	D i s e n T	loanword
ডিস্ক	D i s k	loanword
ডিস্টার্ব	D i s T a r b	loanword
ডিস্ট্রিক্ট	D i s T r i k T	loanword
ডুপ্লেক্স	D u p l e k s	loanword
ডুবন্ত	D u b o nt O	native
ডুয়ার্স	D u y a r s	proper_noun
ডেইরিপন্য	D e i r i p o n o O	loanword
ডেজার্ট	D e j a r T	loanword
ডেঞ্চ	D e nch O=	loanword
ডেনমার্ক	D e n m a r k	proper_noun
ডেন্টিস্ট	D e n T i s T	loanword
ডেফার্ড	D e ph a r D	loanword
ডেব্ট	D e b T o	loanword
ডেভলপমেন্ট	D e bh l o p m e n T	loanword
ডেভেলপমেন্ট	D e bh e l o p m e n T	loanword
ডেভেলপার্স	D e bh e l p a r s	loanword
ডেসমন্ড	D e s m o n D	proper_noun
ডেস্ক	D e s k	loanword
ডোনান্ট	D O n a n T	native
ডোনাল্ড	D O n a l D	proper_noun
ডোন্ট	D O n T	loanword
ডোম্ব	D O mb o	native
ড্যাক্স	D A k s	loanword
ড্যান্স	D A n s	loanword
ড্র	D r O	native
ড্রপবক্স	D r O p b o k s	loanword
ড্রাগিস্ট	D r a g i s T	loanword
ড্রিমল্যান্ড	D r i m l A n D	loanword
ড্রিমস্পার্ক	D r i m s p a r o k	loanword
ঢক্ক	Dh o k k O	native
ঢল্ক	Dh o l k	native
ঢাকাস্থ	Dh a k a sth O	native
ঢোকামাত্র	Dh O k a m a tr O	native
ঢোলসমুদ্র	Dh O l sh O m u d r O	native
ণত্ব	n o tt O	tatsama
তইজসপত্র	t O i j o sh p o tr O	native
তইলক্ষেত্র	t O i l kh e tr O	tatsama
তইলচিত্র	t O i l O ch i tr O	native
তইলাক্ত	t O i l a kt O	native
তক্ত	t o kt o	native
তক্র	t o kr O	native
তজ্জন্য	t o j j O n n O	native
তঞ্চ	t o nch O	tatsama
তটস্থ	t o T O sth O	native
তটান্ত	t o T a nt O	native
তত্তুল্য	t o tt u l l O	native
তত্ত্ব	t o t t O	tatsama
তত্ত্বার্থ	t o t t a r th O	tatsama
তত্ব	t o tt O	tatsama
তত্র	t o tr O	native
তত্সংলগ্ন	t o t sh o ng l o g n O	native
তথ্য	t O t th O	native
তথ্যকেন্দ্র	t O t th O k e ndr O	native
তথ্যচিত্র	t O t th O ch i tr O	native
তথ্যপুর্ন	t O t th O p u r n O	native
তথ্যপ্রজুক্তিকেন্দ্র	t o t th O pr O j u kt i k e ndr O	compound
তথ্যপ্রজুক্তিসংক্রান্ত	t o t th O pr O j u kt i sh o ng kr a nt o	compound
তথ্যপ্রজুক্তিসমৃদ্ধ	t o t th O pr O j u kt i sh o m r i d dh O	tatsama
তথ্যসংক্রান্ত	t o t th O sh o ng kr a nt o	compound
তথ্যসমৃদ্ধ	t o t th O sh o m r i d dh o	tatsama
তথ্যসুত্র	t O t th O sh u tr O	native
তথ্যসেবাকেন্দ্র	t o t th O sh e b a k e ndr O	compound
তথ্যাভিজ্ঞ	t o t th a bh i g g O	tatsama
তদতিরিক্ত	t o d O t i r i kt O	native
তদন্ত	t o d O nt O	native
তদন্তসংক্রান্ত	t o d o nt o sh o ng kr a nt o	compound
তদন্তসংশ্লিশ্ট	t o d O nt O sh o ng sh l i sh T O	compound
তদন্তসাপেক্ষ	t o d o nt o sh a p e kkh o	tatsama
তদন্য	t o d O n n O	native
তদবস্থ	t o d O b o sth O	native
তদর্থ	t o d o r th O	native
তদসংলগ্ন	t o d o sh o ng l o g n o	native
তদুর্ধ্ব	t o d u r dh O	tatsama
তদ্ভিন্ন	t o d bh i nn O	native
তন্ত্র	t o n t r O	native
তন্দুরস্ত	t O nd u r o st	native
তন্দ্রাচ্ছন্ন	t o ndr a ch chh o nn O	native
তন্ন	t o nn O	native
তন্নতন্ন	t o nn O t o nn O	native
তন্মাত্র	t o n m a tr O	native
তপ্ত	t o p t O	native
তফসিলভুক্ত	t O ph sh i l bh u kt O	native
তমসাচ্ছন্ন	t o m o sh a ch chh o nn O	native
তমিস্র	t O m i s r O	native
তরংগদোইর্ঘ্য	t o r o ng g o d O i r gh o	native
তরং্গ	t o r O ng g O	native
তরঙ্গ	t o r O ngg O	native
তরপন্য	t o r o p o n n o	native
তরস্ত	t o r O st O	native
তরিত্র	t O r i tr O	native
তর্ক	t o r k O	native
তর্কজুদ্ধ	t o r k o j u d dh o	tatsama
তর্কবিতর্ক	t o r k O b i t o r k O	native
তলত্র	t o l O tr O	native
তলাপাত্র	t o l a p a tr O	native
তলাবিশিশ্ট	t o l a b i sh i sh T O	native
তল্প	t o l p O	native
তল্ল	t o l l O	native
তশ্ট	t o sh T O	native
তস্ত	t o st O	native
তস্য	t o sh sh O	native
তহবন্দ	t o h b o nd	native
তাঁতবস্ত্র	t a~ t b o s t r O	native
তাগাদাপত্র	t a g a d a p o tr O	native
তাচ্ছল্য	t a ch chh o l l o	native
তাচ্ছিল্য	t a ch chh i l l O	native
তাতবস্ত্র	t a t b o s t r O	native
তাতশিল্প	t a t sh i l p O	native
তাতসমৃদ্ধ	t a t sh o m r i d dh o	tatsama
তাত্পর্য	t a t p o r j o	native
তাত্পর্যপুর্ন	t a t p o r j O p u r n O	compound
তাদাত্ম্য	t a d a t t O	native
তাপবিদ্যুৎকেন্দ্র	t a p b i d d u t k e ndr O	native
তাপমাত্র	t a p m a tr O	native
তামাকমুক্ত	t a m a k m u kt O	native
তামিস্র	t a m i s r O	native
তাম্র	t a m r O	native
তাম্রাক্ষ	t a m r a kkh O	tatsama
তাম্রাশ্ম	t a m r a sh sh O	native
তারকাবিশিশ্ট	t a r o k a b i sh i sh T o	native
তারকাসমৃদ্ধ	t a r o k a sh o m r i d dh o	tatsama
তারজন্ত্র	t a r j o n t r O	native
তারতম্য	t a r t o m m O	native
তারবিশিশ্ট	t a r b i sh i sh T O	native
তারল্য	t a r O l l O	native
তারাগঞ্জ	t a r a g o nj	tatsama
তারাভ্র	t a r a b bh r O	native
তারুণ্য	t a r u n n O	tatsama
তারুন্য	t a r u n n O	native
তারুন্যদিপ্ত	t a r u n n O d i p t O	native
তার্ক্ষ	t a r kh O	tatsama
তার্ক্ষ্য	t a r kh j o	tatsama
তার্য	t a r j O	native
তালব্য	t a l O b b O	native
তালাকপ্রাপ্ত	t a l a k pr a p t O	native
তালাবদ্ধ	t a l a b o d dh O	tatsama
তালাবন্ধ	t a l a b o ndh O	tatsama
তালিকাবদ্ধ	t a l i k a b o d dh o	tatsama
তালিকাভুক্ত	t a l i k a bh u kt O	native
তাশখন্দ	t a sh kh o nd	native
তাসখন্দ	t a sh kh o nd	native
তাস্কর্য	t a sh k o r j O	loanword
তাহেরপুত্র	t a h e r p u tr O	native
তাৎকাল্য	t a t k a l l O	native
তাৎপর্য	t a t p o r j O	native
তাৎপর্যপুর্ন	t a t p o r j O p u r n O	native
তাড়িপত্র	t a r i t o p o tr O	native
তিংন্ত	t i ng o nt O	native
তিক্ত	t i kt O	native
তিক্ষ্ন	t i kh n O	tatsama
তিগ্ম	t i g m O	native
তিগ্রস্ত	t i gr O st O	native
তিতিবিরক্ত	t i t i b i r o kt o	native
তিপ্পান্ন	t i p p a nn O	native
তিব্র	t i br O	native
তিরবিদ্ধ	t i r b i d dh o	tatsama
তির্থ	t i r th O	native
তির্থক্ষেত্র	t i r th O kh e tr O	tatsama
তির্ন	t i r n O	native
তিলার্ধ	t i l a r dh O	native
তিশ্ঠ	t i sh Th O	native
তিশ্য	t i sh sh O	native
তীক্ষ্ণ	t i k h n O	tatsama
তীর্থ	t i r th O	native
তীর্থক্ষেত্র	t i r th O kh e t r O	tatsama
তুংগভদ্র	t u ng g O bh o d r O	native
তুক্ক	t u k k O	native
তুচ্ছ	t u ch chh O	native
তুচ্ছতাচ্ছিল্য	t u ch chh O t a ch chh i l l O	native
তুন্ড	t u n D O	native
তুন্ন	t u nn O	native
তুম্ভ	t u m bh o	native
তুরঞ্জ	t u r o nj O	tatsama
তুরন্ত	t u r o nt O	native
তুরস্ক	t u r O sh k O	proper_noun
তুর্য	t u r j O	native
তুল্য	t u l l O	native
তুল্যমুল্য	t u l l O m u l l O	native
তুশ্ট	t u sh T O	native
তৃপ্ত	t r i p t O	tatsama
তৃশ্নার্ত	t ri sh n a r t O	tatsama
তৃশ্য	t ri sh sh O	tatsama
তেজেন্দ্র	t e j e ndr O	native
তেজোগর্ভ	t e j O g o r bh O	native
তেজোদিপ্ত	t e j O d i p t O	native
তেপ্পান্ন	t a p p a nn o	native
তেরস্পর্শ	t E r o s p o r sh O	loanword
তেলক্ষেত্র	t e l kh e t r O	tatsama
তেলচিত্র	t e l ch i tr O	native
তেলজুক্ত	t e l j u kt O	native
তেলমুক্ত	t e l m u kt O	native
তেলসমৃদ্ধ	t e l sh o m ri d dh O	tatsama
তোইক্ষ্ন্য	t O i kh n O	tatsama
তোইজসপত্র	t O i j o sh p o tr O	native
তোইলক্ষেত্র	t O i l k sh e tr O	tatsama
তোইলচিত্র	t O i l o ch i tr O	native
তোইলাক্ত	t O i l a kt O	native
তোউর্য	t O u r j O	native
তোজিরাকর্ন	t O j i r a k o r n o	native
তোরাবগঞ্জ	t O r a b g o nj	tatsama
তোল্য	t O l l O	native
ত্ব	t o	tatsama
ত্যক্ত	t A k t O	native
ত্যক্তবিরক্ত	t A kt O b i r O kt O	native
ত্যক্তলজ্জ	t A kt O l o j j O	native
ত্যাজ্য	t A j j O	native
ত্যাজ্যপুত্র	t A j j O p u tr O	native
ত্র	tr O	native
ত্রস্ত	tr O st O	native
ত্রানসাহাজ্য	tr a n sh a h a j j O	native
ত্রিত্ব	tr i tt O	tatsama
ত্রিরত্ন	t ri r o t n O	native
ত্রিশোর্ধ্ব	tr i sh O r dh O	tatsama
ত্রুটিজুক্ত	tr u T i j u kt O	native
ত্রুটিপুর্ন	tr u T i p u r n O	native
ত্রুটিমুক্ত	tr u T i m u kt O	native
ত্রোইগুন্য	tr O i g u n n O	native
ত্রোইবিদ্য	tr O i b i d d O	native
ত্রোইলোক্য	tr O i l O k k O	native
ত্র্যস্র	tr O s r O	native
তৎসংলগ্ন	t O t sh o ng l O g n O	native
থর্প	th o r p o	native
থাইল্যান্ড	th a i l A n D	loanword
থাউজেন্ড	th a u j e n D	loanword
থানাসংলগ্ন	th a n a sh o ng l o g n O	native
থান্ট	th a n T	loanword
থান্ডারবোল্ট	th a n D a r b O l T	native
থাম্ব	th a mb	native
থার্ড	th a r D	loanword
থার্মেক্স	th a r m e k s	loanword
থিমপার্ক	th i m p a r k	loanword
থুর্ত	th u r t O	native
থেরাপিস্ট	th e r a p i s T	loanword
থ্রাস্ট	th r a s T	loanword
দংশ্ট্র	d o ng sh T r O	loanword
দইত্য	d O i t t O	native
দইন্য	d O i n n O	native
দইর্ঘ	d O i r gh O	native
দইর্ঘ্য	d O i r gh O	native
দক্ষ	d o kkh O	tatsama
দক্ষজজ্ঞ	d o kkh o j o g g O	tatsama
দক্ষতাপুর্ন	d o kkh o t a p u r n O	tatsama
দক্ষতাসম্পন্ন	d o kkh o t a sh o mp o nn O	tatsama
দক্ষিণপূর্ব	d O kkh i n p u r b O	tatsama
দক্ষিন-পুর্ব	d O kkh i n p u r b O	tatsama
দক্ষিনপুর্ব	d O kkh i n p u r b O	tatsama
দক্ষিনান্ত	d O kkh i n a nt O	tatsama
দক্ষিনাবর্ত	d O kkh i n a b o r t O	tatsama
দক্ষিনাস্য	d o kkh i n a sh sh o	tatsama
দখলদারমুক্ত	d o kh o l d a r m u kt O	native
দখলদারিত্ব	d o kh O l d a r i tt O	tatsama
দখলমুক্ত	d o kh O l m u kt O	native
দখলসংক্রান্ত	d o kh o l sh o ng kr a nt O	native
দখলস্বত্ব	d o kh o l sh o tt O	tatsama
দগ্ধ	d o g dh O	native
দণ্ড	d o n D O	tatsama
দত্ত	d o tt O	native
দধ্যম্ল	d O dh dh o m l O	native
দন্ড	d o n D O	native
দন্ডকারন্য	d o n D o k a r o n n O	native
দন্ডজোগ্য	d o n D o j O g g O	native
দন্ডপ্রাপ্ত	d o n D O pr a p t O	native
দন্ডাদেশপ্রাপ্ত	d o n D a d e sh pr a p t o	compound
দন্ডার্হ	d o n D a r h o	native
দন্ড্য	d O n D O	native
দন্ত	d o nt O	native
দন্ত্য	d o nt O	native
দপ্প	d o p p o	native
দমনসংক্রান্ত	d o m o n sh o ng kr a nt O	native
দমবন্ধ	d o m b o ndh O	tatsama
দম্প	d o mp O	native
দম্ফ	d o m ph O	native
দম্ভ	d o m bh O	native
দম্য	d O m m O	native
দরখাস্ত	d o r kh a st O	native
দরখ্ত	d o r o kh t o	native
দরপত্র	d o r p o tr O	native
দরিদ্র	d O r i d r O	native
দরিদ্র্য	d o r i d r O	native
দরিয়াপ্ত	d o r i y a p t	native
দরোবস্ত	d o r O b o st	native
দর্প	d o r p O	native
দর্ভ	d o r bh O	native
দর্শ	d o r sh O	native
দর্শনশাস্ত্র	d o r sh O n sh a s t r O	native
দলতন্ত্র	d o l t o n t r O	native
দলনিরপেক্ষ	d o l n i r O p e kkh O	tatsama
দলবদ্ধ	d o l b o d dh O	tatsama
দলভুক্ত	d o l bh u kt O	native
দলিলপত্র	d O l i l p o tr O	native
দলিয়করনমুক্ত	d o l i y o k o r o n m u kt O	native
দশ্ট	d o sh T O	native
দাওয়াতপত্র	d a O y a t p o tr O	native
দাক্ষিনাত্য	d a kkh i n a t t O	tatsama
দাক্ষিন্য	d a kkh i n n O	tatsama
দাক্ষ্য	d a kkh O	tatsama
দাতজুক্ত	d a t j u kt O	native
দাতব্য	d a t O b b O	native
দাত্র	d a tr O	native
দানপত্র	d a n p o tr O	native
দান্ত	d a nt O	native
দাপ্য	d a p p O	native
দামেস্ক	d a m e sh k	loanword
দাম্পত্য	d a mp O t t O	native
দায়িত্ব	d a y i tt O	tatsama
দায়ীত্ব	d a y i tt O	tatsama
দারস্থ	d a r O sth O	native
দারিদ্র	d a r i d r O	native
দারিদ্র্য	d a r i d r O	native
দারিদ্র্যমুক্ত	d a r i d r O m u kt O	compound
দার্ঢ্য	d a r Dh Dh O	native
দালালচক্র	d a l a l ch o kr O	native
দাশগুপ্ত	d a sh g u p t O	native
দাসগুপ্ত	d a sh g u p t O	native
দাসত্ব	d a sh o tt O	tatsama
দাস্ত	d a st O	native
দাস্য	d a sh sh O	native
দাহ্য	d a j jh O	native
দায়জুক্ত	d a y j u kt o	native
দায়দায়িত্ব	d a y d a y i tt o	tatsama
দায়বদ্ধ	d a y b o d dh O	tatsama
দায়মুক্ত	d a y m u kt O	native
দায়িত্ব	d a y i tt O	tatsama
দায়িত্বপুর্ন	d a y i tt o p u r n O	tatsama
দায়িত্বপ্রাপ্ত	d a y i tt O pr a p t O	tatsama
দায়িত্বমুক্ত	d a y i tt o m u kt O	tatsama
দিগন্ত	d i g o nt O	native
দিগ্দিগন্ত	d i g d i g o nt O	native
দিগ্ধ	d i g dh O	native
দিগ্ভ্রান্ত	d i g bh r a nt o	native
দিচ্ছ	d i ch chh O	native
দিনেশচন্দ্র	d i n e sh ch o ndr O	native
দিপকচন্দ্র	d i p o k ch o ndr O	native
দিপকেন্দ্র	d i p k e ndr O	native
দিপ্ত	d i p t O	native
দিপ্য	d i p p O	native
দিপ্র	d i pr O	native
দিবাজত্ন	d i b a j o t n O	native
দিবাজত্নকেন্দ্র	d i b a j o t n O k e ndr O	compound
দিবাস্বপ্ন	d i b a sh o p n O	tatsama
দিব্ব	d i b b o	native
দিব্য	d i b b O	native
দির্ঘ	d i r gh O	native
দির্ন	d i r n O	native
দিশ্ট	d i sh T O	native
দীপ্ত	d i p t O	native
দুঃখকশ্ট	d u k kh O k o sh T o	tatsama
দুঃসাধ্য	d u sh sh a d dh O	tatsama
দুঃস্থ	d u sth O	tatsama
দুঃস্বপ্ন	d u sh sh o p n O	tatsama
দুগ্ধ	d u g dh o	native
দুগ্ধপোশ্য	d u g dh O p O sh sh O	native
দুগ্ধশিল্প	d u g dh O sh i l p O	native
দুদকসংক্রান্ত	d u d o k sh o ng kr a nt O	compound
দুদন্ড	d u d o n D O	native
দুপক্ষ	d u p O kkh O	tatsama
দুরক্ষ	d u r O kkh O	tatsama
দুরত্ব	d u r o tt O	tatsama
দুরদুরান্ত	d u r d u r a nt O	native
দুরদৃশ্ট	d u r O d d ri sh T O	tatsama
দুরদৃশ্টিসম্পন্ন	d u r d ri sh T i sh o mp O nn O	tatsama
দুরন্ত	d u r O nt O	native
দুরপ্রাচ্য	d u r pr a ch ch o	native
দুরবস্থ	d u r O b o sth O	native
দুরস্ত	d u r o st O	native
দুরাধর্ষ	d u r a dh o r sh O	tatsama
দুরান্ত	d u r a nt O	native
দুরারাধ্য	d u r a r a d dh O	native
দুরারোগ্য	d u r a r O g g O	native
দুরুক্ত	d u r u kt O	native
দুরুস্ত	d u r u st o	native
দুর্গ	d u r g O	native
দুর্গন্ধ	d u r g o ndh O	tatsama
দুর্গন্ধজুক্ত	d u r g o ndh O j u kt O	compound
দুর্গন্ধমুক্ত	d u r g o ndh O m u kt O	tatsama
দুর্ঘটনামুক্ত	d u r gh o T o n a m u kt O	compound
দুর্ঘটনাসংক্রান্ত	d u r gh o T o n a sh o ng kr a nt O	compound
দুর্দর্শ	d u r d o r sh O	native
দুর্দশাগ্রস্ত	d u r d o sh a gr O st O	compound
দুর্দান্ত	d u r d a nt O	native
দুর্ধর্ষ	d u r dh o r sh O	tatsama
দুর্নিতিগ্রস্ত	d u r n i t i gr O st O	compound
দুর্নিতিমুক্ত	d u r n i t i m u kt O	compound
দুর্নিতিসংক্রান্ত	d u r n i t i sh o ng kr a nt O	compound
দুর্নিমিত্ত	d u r n i m i tt O	native
দুর্নিরিক্ষ্য	d u r n i r i kkh O	tatsama
দুর্নীতিমুক্ত	d u r n i t i m u kt O	native
দুর্বর্ন	d u r b o r n O	native
দুর্বাক্য	d u r b a k k O	native
দুর্বাচ্য	d u r b a ch ch O	native
দুর্বৃত্ত	d u r b ri tt O	tatsama
দুর্বোধ্য	d u r b O d dh O	native
দুর্ভাগ্য	d u r bh a g g O	native
দুর্ভিক্ষ	d u r bh i kkh O	tatsama
দুর্ভেদ্য	d u r bh e d d O	native
দুর্মুল্য	d u r m u l l O	native
দুর্মোচ্য	d u r m O ch ch O	native
দুর্যোগপুর্ন	d u r j O g p u r n O	native
দুর্লংঘ্য	d u r l o ng gh o	native
দুর্লক্ষ্য	d u r l o kkh O	tatsama
দুর্লেখ্য	d u r l e k kh O	native
দুশনজুক্ত	d u sh o n j u kt O	native
দুশনমুক্ত	d u sh o n m u kt O	native
দুশু্ব	d u sh u b	native
দুশ্কর্ম	d u sh k o r m O	native
দুশ্কার্য	d u sh k a r j O	native
দুশ্চরিত্র	d u sh ch o r i tr O	native
দুশ্চিকিৎস্য	d u t ch i k i t sh O	native
দুশ্চিন্তাগ্রস্ত	d u sh ch i nt a gr O st O	native
দুশ্চিন্তামুক্ত	d u sh ch i nt a m u kt O	compound
দুশ্ছেদ্য	d u sh chh e d d O	native
দুশ্ট	d u sh T O	native
দুশ্টচক্র	d u sh T o ch o kr O	native
দুশ্পর্শ	d u sh p o r sh O	native
দুশ্প্রাপ্য	d u sh pr a p p O	native
দুষ্কর্ম	d u sh k o r m O	tatsama
দুষ্ট	d u shT O	tatsama
দুস্থ	d u sth O	native
দুহ্য	d u j j o	native
দূরত্ব	d u r O tt O	tatsama
দূরন্ত	d u r O nt O	native
দূরান্ত	d u r a nt O	native
দূরারোগ্য	d u r a r O g g O	native
দূর্গ	d u r g O	native
দূষণমুক্ত	d u sh o n m u kt O	tatsama
দৃপ্ত	d ri p t O	tatsama
দৃশ্ট	d ri sh T O	tatsama
দৃশ্টান্ত	d ri sh T a nt O	tatsama
দৃশ্টিগ্রাহ্য	d ri sh T i gr a j j O	tatsama
দৃশ্য	d ri sh sh O	tatsama
দৃশ্যকল্প	d ri sh sh O k o l p O	tatsama
দৃশ্যচিত্র	d ri sh sh o ch i tr O	tatsama
দৃষ্ট	d ri shT O	tatsama
দৃষ্টান্ত	d r i sh T a n t O	tatsama
দৃষ্টিগ্রাহ্য	d r i sh T i g r a j j O	tatsama
দৃড়চিত্ত	d ri r O ch i tt o	tatsama
দৃড়তাপুর্ন	d ri r O t a p u r n O	tatsama
দৃড়প্রতিজ্ঞ	d ri r O pr O t i g g o	tatsama
দৃড়সংকল্প	d ri r O sh o ng k o l p o	tatsama
দেউলিয়াত্ব	d e u l i y a tt O	tatsama
দেওবন্দ	d e O b o nd	native
দেওয়ানগঞ্জ	d e O y a n g o nj	tatsama
দেওয়ামাত্র	d E O y a m a tr O	native
দেওয়াসংক্রান্ত	d E O y a sh o ng kr a nt O	compound
দেখামাত্র	d E kh a m a tr O	native
দেন্ত	d e nt O	native
দেবতুল্য	d e b t u l l o	native
দেবানন্দ	d e b a n o nd o	native
দেবিগঞ্জ	d e b i g o nj	tatsama
দেবেন্দ্র	d e b e ndr O	native
দেশবরেন্য	d e sh b o r e n n O	native
দেশরত্ন	d e sh r o t n O	native
দেহতত্ত্ব	d e h O t o t t O	tatsama
দেহভস্ম	d e h bh o sh sh O	loanword
দেয়ালসংলগ্ন	d e y a l sh o ng l o g n O	native
দৈর্ঘ্য	d oi r gh O	native
দোইত্য	d O i t t o	native
দোইন্য	d O i n n o	native
দোইর্ঘ্য	d O i r gh o	native
দোউত্য	d ou u t t O	native
দোউরাত্ম	d O u r a t t O	native
দোউরাত্ম্য	d O u r a t t O	native
দোউর্গত্য	d O u r g o t t O	native
দোউর্গন্ধ্য	d O u r g o n dh O	tatsama
দোউর্জন্য	d O u r j O n n O	native
দোউর্বল্য	d ou u r b O l l O	native
দোউর্ভাগ্য	d O u r bh a g g O	native
দোউর্মনস্য	d ou u r m o n O sh sh O	native
দোউহিত্র	d O u h i tr O	native
দোরস্ত	d O r o st o	native
দোর্দন্ড	d O r d o n D O	native
দোলমঞ্চ	d O l m o nch o	tatsama
দোশমুক্ত	d O sh m u kt O	native
দোস্ত	d O st O	native
দ্বন্দ	d o nd O	native
দ্বন্দ্ব	d o n d O	native
দ্বারস্থ	d a r O sth O	native
দ্বিকক্ষবিশিশ্ট	d i k o kkh o b i sh i sh T O	tatsama
দ্বিজাতিতত্ত্ব	d i j a t i t o t t o	tatsama
দ্বিতিয়পত্র	d i t i y o p o tr O	native
দ্বিতিয়ার্ধ	d i t i y a r dh O	native
দ্বিত্ব	d i tt O	tatsama
দ্বিধাগ্রস্ত	d i dh a gr O st O	native
দ্বিধাদ্বন্দ্ব	d i dh a d o n d O	compound
দ্বিধাবিভক্ত	d i dh a b i bh O kt O	native
দ্বিপপুঞ্জ	d i p p u nj O	tatsama
দ্বিপরাশ্ট্র	d i p r a sh T r O	loanword
দ্বিরুক্ত	d i r u kt O	native
দ্বিশ্ট	d i sh T O	native
দ্বীপপুঞ্জ	d i p p u nj O	tatsama
দ্বেশান্ধ	d e sh a ndh O	tatsama
দ্বোইরাজ্য	d O i r a j j O	native
দ্ব্যর্থ	d A r th O	native
দ্য	d a	native
দ্র	d r O	native
দ্রব্য	d r O b b O	native
দ্রব্যমুল্য	d r O b b O m u l l O	native
দ্রব্যমুল্যসংক্রান্ত	d r O b b O m u l l o sh o ng kr a nt O	compound
দ্রশ্টব্য	d r O sh T O b b O	native
দ্রাব্য	d r a b b o	native
দ্রুতগতিসম্পন্ন	d r u t O g O t i sh o mp O nn O	compound
দ্রোনাচার্য	d r O n a ch a r j O	native
দ্রড়িশ্ঠ	d r O r i sh Th O	native
দয়াগঞ্জ	d o y a g o nj	tatsama
দয়ানন্দ	d o y a n o nd o	native
ধইর্য	dh O i r j O	native
ধইর্য্য	dh O i r j O	native
ধনতন্ত্র	dh o n o t o n t r O	native
ধনধান্য	dh o n O dh a n n O	native
ধনাঢ্য	dh o n a D Dh O	native
ধন্ড	d o n D O	native
ধন্ধ	dh o n d o	tatsama
ধন্ব	dh o n n o	native
ধন্য	dh O n n O	native
ধন্যবাদার্হ	dh o n n o b a d a r j o	native
ধম্ম	dh o mm o	native
ধর্তব্য	dh o r t O b b O	native
ধর্ম	dh o r m O	native
ধর্মকর্ম	dh o r m O k o r m O	native
ধর্মগঞ্জ	dh o r m O g o nj	tatsama
ধর্মগ্রন্থ	dh o r m O gr O n th O	native
ধর্মজুদ্ধ	dh o r m O j u d dh o	tatsama
ধর্মতত্ত্ব	dh o r m O t o t t O	tatsama
ধর্মনিরপেক্ষ	dh o r m O n i r O p e kkh O	tatsama
ধর্মপুত্র	dh o r m O p u tr O	native
ধর্মবর্ন	dh o r m O b o r n o	native
ধর্মমুক্ত	dh o r m O m u kt O	native
ধর্মশাস্ত্র	dh o r m O sh a s t r O	native
ধর্মসংক্রান্ত	dh o r m O sh o ng kr a nt O	compound
ধর্মাচার্য	dh o r m a ch a r j O	native
ধর্মাধর্ম	dh o r m a dh o r m O	native
ধর্মাধ্যক্ষ	dh o r m a d dh O kkh O	tatsama
ধর্মান্ধ	dh o r m a ndh O	tatsama
ধর্মার্থ	dh o r m a r th O	native
ধর্মেন্দ্র	dh o r m e ndr O	native
ধর্ম্ম	dh o r mm O	native
ধর্ম্য	dh o r m O	native
ধাতস্থ	dh a t O sth O	native
ধাত্র	dh a tr O	native
ধানমন্ডিস্থ	dh a n m O n D i sth O	native
ধানুশ্ক	dh a n u sh k O	native
ধান্দ	dh a nd O	native
ধান্য	dh a n n O	native
ধারকর্জ	dh a r k o r j o	native
ধারণাপত্র	dh a r O n a p o tr O	tatsama
ধারনক্ষমতাসম্পন্ন	dh a r o n kh o m o t a sh o mp o nn o	tatsama
ধারনসংক্রান্ত	dh a r o n sh o ng kr a nt O	compound
ধারনাপত্র	dh a r O n a p o tr O	native
ধারাবিশিশ্ট	dh a r a b i sh i sh T o	native
ধারাভাশ্য	dh a r a bh a sh sh O	native
ধারাভাষ্য	dh a r a bh a sh sh O	tatsama
ধার্তরাশ্ট্র	dh a r t O r a sh T r O	loanword
ধার্য	dh a r j O	native
ধার্য্য	dh a r j O	native
ধার্ষ্ট্য	dh a r shT O	tatsama
ধিরেন্দ্র	dh i r e ndr O	native
ধিরোদাত্ত	dh i r O d a tt O	native
ধীরেন্দ্র	dh i r e ndr O	native
ধুমপানমুক্ত	dh u m p a n m u kt O	native
ধুম্র	dh u m r O	native
ধুর্ত	dh u r t O	native
ধূর্ত	dh u r t O	native
ধৃতরাশ্ট্র	dh ri t O r a sh T r O	tatsama
ধৃতাস্ত্র	dh ri t a s t r O	tatsama
ধৃশ্ট	dh ri sh T O	tatsama
ধৃশ্টতাপুর্ন	dh ri sh T O t a p u r n O	tatsama
ধৃশ্টদ্যুম্ন	dh ri sh T O d u m n O	tatsama
ধৃশ্য	dh ri sh sh O	tatsama
ধোইর্য	dh O i r j o	native
ধোইর্য্য	dh O i r j o	native
ধোপদুরস্ত	dh O p d u r o st o	native
ধ্বংসজজ্ঞ	dh o ng sh O j O g g O	tatsama
ধ্বংসপ্রাপ্ত	dh o ng sh O p r a p t O	native
ধ্বনিতত্ত্ব	dh O n i t o t t O	tatsama
ধ্বস্ত	dh o st O	tatsama
ধ্বান্ত	dh a nt O	tatsama
ধ্যানমগ্ন	dh A n m o g n O	native
ধ্যানস্থ	dh A n o sth o	native
ধ্রোউব্য	dh r O u b b O	native
নইঃশব্দ্য	n O i sh o b d O	tatsama
নইকট্য	n O i k o T T O	native
নইপুন্য	n O i p u n n O	native
নইবেদ্য	n O i b e d d O	native
নইরাজ্য	n O i r a j j O	native
নইরাশ্য	n O i r a sh sh O	native
নকলমুক্ত	n o k o l m u kt O	native
নকুট্য	n o k u T T O	native
নক্ত	n o kt O	native
নক্র	n o kr O	native
নক্ষত্র	n o kkh o tr O	tatsama
নক্ষত্রপুঞ্জ	n o kkh o tr O p u nj o	tatsama
নগণ্য	n o g O n n O	tatsama
নগন্য	n o g O n n O	native
নগরকেন্দ্র	n o g O r k e ndr O	native
নগররাশ্ট্র	n o g O r r a sh T r O	loanword
নগরসংলগ্ন	n o g O r sh o ng l o g n O	native
নগেন্দ্র	n o g e ndr O	native
নগ্ন	n o g n O	native
নতুনত্ব	n O t u n o tt O	tatsama
নত্ব	n o tt O	tatsama
নথিপত্র	n O th i p o tr O	native
নথিবদ্ধ	n o th i b o d dh o	tatsama
নথিভুক্ত	n o th i bh u kt O	native
নদিকৃত্য	n o d i k ri t t o	tatsama
নদিগর্ভ	n o d i g o r bh o	native
নদিবক্ষ	n o d i b o kkh o	tatsama
নদিবিশেশজ্ঞ	n o d i b i sh e sh o g g o	tatsama
নদিসংলগ্ন	n O d i sh o ng l o g n O	native
নদ্ধ	n o d dh O	tatsama
নন্দ	n o nd O	native
নন্দনতত্ত্ব	n o nd O n t o t t O	tatsama
নন্দ্য	n O nd O	native
নবজন্ম	n o b o j o n m o	native
নবদিগন্ত	n o b o d i g o nt o	native
নবনাট্য	n o b o n a T T o	native
নবনিজুক্ত	n o b O n i j u kt O	native
নববর্ষ	n o b O b o r sh O	tatsama
নববসন্ত	n o b O b o sh O nt O	native
নবরত্ন	n o b O r o t n O	native
নবলব্ধ	n o b o l o b dh o	native
নবসৃশ্ট	n o b o sh ri sh T o	tatsama
নবান্ন	n o b a nn O	native
নবাবগঞ্জ	n o b a b g o nj	tatsama
নবায়নজোগ্য	n o b a y o n j O g g O	native
নবিগঞ্জ	n O b i g o nj	tatsama
নবিনচন্দ্র	n O b i n ch o ndr O	native
নবীনচন্দ্র	n O b i n ch o ndr O	native
নবোদ্ভিন্ন	n o b O d bh i nn O	native
নব্য	n O b b O	native
নভেলিস্ট	n O bh e l i s T	loanword
নমশুদ্র	n o m o sh u d r O	native
নমস্য	n o m O sh sh O	native
নম্বরপত্র	n o mb O r p o tr O	native
নম্য	n o m m o	native
নম্র	n o m r O	native
নরডিস্ক	n o r D i s k	loanword
নরবার্ট	n o r b a r T	native
নরেন্দ্র	n o r e ndr O	native
নরেশচন্দ্র	n o r e sh ch o ndr O	native
নর্থ	n o r th	native
নর্থইস্ট	n o r th i sh T	loanword
নর্থওয়েস্ট	n o r th O y e sh T	loanword
নর্দার্ন	n o r d a r n	native
নর্ম	n o r m O	native
নলিনিকান্ত	n o l i n i k a nt o	native
নশ্ট	n o sh T O	native
নাইটগার্ড	n a i T g a r D	loanword
নাইমেক্স	n a i m e k s	loanword
নাগরিকত্ব	n a g O r i k o tt O	tatsama
নাগাল্যান্ড	n a g a l A n D	native
নাগেন্দ্র	n a g e ndr O	native
নাজিরগঞ্জ	n a j i r g o nj	tatsama
নাজ্য	n a j j o	native
নাট্য	n a T T O	native
নাট্যকেন্দ্র	n a T T O k e ndr O	native
নাট্যতত্ত্ব	n a T T O t o t t O	tatsama
নাট্যব্যক্তিত্ব	n a T T O b A kt i t t O	tatsama
নাট্যমঞ্চ	n a T T O m o nch O	tatsama
নাতাঞ্জ	n a t a nj o	tatsama
নাতিদির্ঘ	n a t i d i r gh O	native
নাতিশিতোশ্ন	n a t i sh i t O sh n O	native
নাবাধ্যক্ষ	n a b a d dh O kkh O	tatsama
নাব্য	n a b b O	native
নামগন্ধ	n a m g o ndh O	tatsama
নামজুক্ত	n a m j u kt O	native
নামপত্র	n a m p o tr O	native
নামমাত্র	n a m m a tr O	native
নামসর্বস্ব	n a m sh o r b o sh sh O	tatsama
নামেমাত্র	n a m e m a tr O	native
নাম্ব	n a mb O	native
নারায়ণগঞ্জ	n a r a y O n g o nj	proper_noun
নারায়নগঞ্জ	n a r a y o n g o nj	tatsama
নারায়নচন্দ্র	n a r a y o n ch o ndr O	native
নারিকন্ঠ	n a r i k o n Th o	native
নারিগ্রন্থ	n a r i gr O n th o	native
নারিত্ব	n a r i tt O	tatsama
নারিমঞ্চ	n a r i m o nch o	tatsama
নারিসদস্য	n a r i sh o d o sh sh O	native
নারিস্বাস্থ্য	n a r i sh a s th O	tatsama
নার্ভ	n a r bh	native
নার্স	n a r s	loanword
নাশ্য	n a sh sh o	native
না্ম	n a m	native
নায়নার্স	n a y n a r sh	native
না–দুরস্ত	n a d u r O st O t	native
নিঃশব্দ	n i sh sh o b d O	tatsama
নিঃশর্ত	n i sh sh o r t O	tatsama
নিঃস্ব	n i sh sh O	tatsama
নিঃস্বার্থ	n i sh sh a r th O	tatsama
নিউইয়র্ক	n i u i o r k	native
নিউজপ্রিন্ট	n i u j pr i n T	loanword
নিউজিল্যন্ড	n i u j i l A n D	native
নিউজিল্যান্ড	n i u j i l A n D	native
নিউরোডেভেলপমেন্ট	n i u r O D e bh e l o p m e n T	compound
নিকটস্থ	n i k o T o sth O	native
নিকুঞ্জ	n i k u nj O	tatsama
নিকৃত্ত	n i k ri tt O	tatsama
নিকৃশ্ট	n i k r i sh T O	tatsama
নিক্ষিপ্ত	n i kkh i p t O	tatsama
নিক্ষেপনজোগ্য	n i kkh e p O n j O g g O	tatsama
নিখর্ব	n i kh o r b O	native
নিগন্থ	n i g o n th o	native
নিগমানন্দ	n i g o m a n o nd o	native
নিগির্ন	n i g i r n O	native
নিঘ্ন	n i gh n O	native
নিচ্ছ	n i ch chh O	native
নিচ্ছিদ্র	n i ch chh i d r O	native
নিচ্ছিন্দ	n i ch chh i nd o	native
নিজন্ত	n i j o nt O	native
নিজস্ব	n i j O sh sh O	tatsama
নিজুক্ত	n i j u kt O	native
নিজোজ্য	n i j O j j o	native
নিতম্ব	n i t o mb O	native
নিতাইগঞ্জ	n i t a i g o nj	tatsama
নিতান্ত	n i t a nt O	native
নিতিনিশ্ঠ	n i t i n i sh Th o	native
নিতিবাক্য	n i t i b a k k o	native
নিতিবিরুদ্ধ	n i t i b i r u d dh o	tatsama
নিতিভ্রশ্ট	n i t i bh r O sh T o	native
নিতিসংক্রান্ত	n i t i sh o ng kr a nt O	compound
নিত্ত	n i tt O	native
নিত্য	n i t t O	native
নিত্যপন্য	n i t t O p O n n O	native
নিত্যব্যবহার্য	n i t t O b A b O h a r j O	compound
নিত্যানন্দ	n i t t a n o nd O	native
নিধনজজ্ঞ	n i dh o n j O g g O	tatsama
নিধার্য	n i dh a r j O	native
নিন্দ	n i nd o	native
নিন্দ্য	n i nd O	native
নিপোর্ট	n i p O r T	native
নিবদ্ধ	n i b o d dh O	tatsama
নিবন্ধ	n i b o ndh O	tatsama
নিবন্ধনপত্র	n i b o ndh o n p o tr O	tatsama
নিবন্ধনভুক্ত	n i b o ndh o n bh u kt O	tatsama
নিবন্ধনসংক্রান্ত	n i b o ndh o n sh o ng kr a nt O	compound
নিবর্ত	n i b o r t O	native
নিবিশ্ট	n i b i sh T O	native
নিবৃত্ত	n i b b ri tt O	tatsama
নিমগ্ন	n i m o g n O	native
নিমচন্দ্র	n i m ch o ndr O	native
নিমন্ত্রণপত্র	n i m O n t r O n p o tr O	tatsama
নিমন্ত্রনপত্র	n i m O n t r O n p o tr O	compound
নিমিত্ত	n i m i tt O	native
নিমিশ্ল	n i m i sh l O	native
নিম্ন	n i m n O	native
নিম্নকক্ষ	n i m n O k O kkh O	tatsama
নিম্নকন্ঠ	n i m n o k o n Th o	native
নিম্নপদস্থ	n i m n o p o d o sth o	native
নিম্নবর্গ	n i m n o b o r g o	native
নিম্নবিত্ত	n i m n O b i tt O	native
নিম্নমধ্য	n i m n O m O d dh O	native
নিম্নমধ্যবিত্ত	n i m n O m O d dh O b i tt O	native
নিম্নোক্ত	n i m n O kt O	native
নিরক্ত	n i r o kt O	native
নিরক্ষ	n i r O kkh O	tatsama
নিরক্ষরতামুক্ত	n i r o kkh o r o t a m u kt O	tatsama
নিরক্ষরমুক্ত	n i r o kkh o r m u kt O	tatsama
নিরন্ধ্র	n i r o n dh r O	tatsama
নিরন্ন	n i r o nn O	native
নিরপেক্ষ	n i r O p e kkh O	tatsama
নিরবচ্ছিন্ন	n i r o b O ch chh i nn O	native
নিরবদ্য	n o r O b O d d O	native
নিরবিচ্ছিন্ন	n i r O b i ch chh i nn O	native
নিরভ্র	n i r o b bh r O	native
নিরর্থ	n i r o r th O	native
নিরস্ত	n i r o st O	native
নিরস্ত্র	n i r o s t r O	native
নিরানন্দ	n i r a n o nd O	native
নিরাপত্তাকেন্দ্র	n i r a p o tt a k e ndr O	compound
নিরাপত্তাসংক্রান্ত	n i r a p o tt a sh o ng kr a nt O	compound
নিরাপত্তাসংশ্লিশ্ট	n i r a p o tt a sh o ng sh l i sh T o	compound
নিরাময়কেন্দ্র	n i r a m o y k e ndr O	compound
নিরাময়জোগ্য	n i r a m o y j O g g o	native
নিরালম্ব	n i r a l o mb O	native
নিরালস্য	n i r a l O sh sh O	native
নিরাসক্ত	n i r a sh O kt O	native
নিরিক্ষাকেন্দ্র	n i r i kkh a k e ndr O	tatsama
নিরুক্ত	n i r u kt O	native
নিরুদ্দিশ্ট	n i r u d d i sh T O	native
নিরুদ্ধ	n i r u d dh O	tatsama
নিরুপদ্র	n i r u p O d r O b	native
নির্গন্ধ	n i r g o ndh O	tatsama
নির্গ্রন্থ	n i r g r O n th O	native
নির্ঘন্ট	n i r gh o n T O	native
নির্দিশ্ট	n i r d i sh T O	native
নির্দেশকমুল্য	n i r d e sh o k m u l l O	compound
নির্দ্বন্দ্ব	n i r d o nd O	native
নির্ধারনসংক্রান্ত	n i r dh a r o n sh o ng kr a nt O	compound
নির্ধার্য	n i r dh a r j O	native
নির্নিমিত্ত	n i r n i m i tt O	native
নির্বন্ধ	n i r b o ndh O	tatsama
নির্বর্ষ	n i r b o r sh O	tatsama
নির্বাচনজোগ্য	n i r b a ch o n j O g g o	compound
নির্বাচনপুর্ব	n i r b a ch o n p u r b o	compound
নির্বাচনসংক্রান্ত	n i r b a ch o n sh o ng kr a nt O	compound
নির্বাচনসংশ্লিশ্ট	n i r b a ch o n sh o ng sh l i sh T o	compound
নির্বাচনসর্বস্ব	n i r b a ch o n sh o r b o sh sh o	tatsama
নির্বাচ্য	n i r b a ch ch O	native
নির্বিকল্প	n i r o i b o k o l p O	native
নির্বিঘ্ন	n i r b i gh n O	native
নির্বিন্ন	n i r b i nn O	native
নির্ভরজোগ্য	n i r bh o r j O g g O	native
নির্মানশিল্প	n i r m a n sh i l p o	native
নির্মানসংক্রান্ত	n i r m a n sh o ng kr a nt O	compound
নির্মাল্য	n i r m a l l O	native
নির্মিতব্য	n i r m i t o b b O	native
নির্মুক্ত	n i r m u kt O	native
নির্মোচ্য	n i r m O ch ch O	native
নির্যাতনমুক্ত	n i r j a t o n m u kt O	compound
নির্লজ্জ	n i r l o j j O	native
নির্লিপ্ত	n i r l i p t O	native
নিলকন্ঠ	n i l k o n Th O	native
নিলকান্ত	n i l k a nt o	native
নিলগঞ্জ	n i l g o nj	tatsama
নিলাভ্র	n i l a b bh r O	native
নিলামজোগ্য	n i l a m j O g g o	native
নিশন্ন	n i sh o nn O	native
নিশিকান্ত	n i sh i k a nt O	native
নিশিক্ত	n i sh i kt O	native
নিশিদ্ধ	n i sh i d dh O	tatsama
নিশুপ্ত	n i sh u p t O	native
নিশ্ক	n i sh k O	native
নিশ্কম্প	n i sh k o mp O	native
নিশ্কর্ষ	n i sh k o r sh O	tatsama
নিশ্ক্রান্ত	n i sh k r a nt O	native
নিশ্চিন্ত	n i sh ch i nt O	native
নিশ্চিহ্ন	n i sh ch i n h O	native
নিশ্চেশ্ট	n i sh ch e sh T O	native
নিশ্চয়তাপত্র	n i sh ch o y o t a p o tr O	native
নিশ্ছিদ্র	n i sh chh i d r O	native
নিশ্ঠ	n i sh Th O	native
নিশ্পত্তিজোগ্য	n i sh p o tt i j O g g o	compound
নিশ্পত্র	n i sh p o tr O	native
নিশ্পন্ন	n i sh p O nn O	native
নিশ্পিশ্ট	n i sh p i sh T O	native
নিশ্যন্দ	n i sh sh o nd o	native
নিষিদ্ধ	n i sh i d dh O	tatsama
নিসকেন্স	n i sh k e n s	loanword
নিসর্গ	n i sh o r g O	native
নিসৃশ্ট	n i sh sh ri sh T O	tatsama
নিস্তব্ধ	n i st o b dh O	native
নিহিলিস্ট	n i h i l i s T o	loanword
নিয়ন্ত্রনকক্ষ	n i y o n t r O n k o kkh o	tatsama
নিয়ন্ত্রনকেন্দ্র	n i y o n t r O n k e ndr O	compound
নিয়ন্ত্রনজন্ত্র	n i y o n t r O n j o n t r O	compound
নিয়ন্ত্রনজোগ্য	n i y o n t r O n j O g g o	compound
নিয়ন্ত্রনমুক্ত	n i y o n t r O n m u kt O	compound
নিয়ন্ত্রনসংক্রান্ত	n i y o n t r O n sh o ng kr a nt O	compound
নিয়মবদ্ধ	n i y o m b o d dh o	tatsama
নিয়মসিদ্ধ	n i y o m sh i d dh o	tatsama
নিয়োগপত্র	n i y O g p o tr O	native
নিয়োগপ্রাপ্ত	n i y O g pr a p t o	native
নিয়োগসংক্রান্ত	n i y O g sh o ng kr a nt O	compound
নুডল্স	n u D o l s	native
নুতনচন্দ্র	n u t o n ch o ndr O	native
নুরেমবার্গ	n u r e m b a r g	native
নুল্যান্ড	n u l A n D	native
নৃতত্ত্ব	n ri t o t t O	tatsama
নৃত্ত	n ri tt o	tatsama
নৃত্য	n ri t t O	tatsama
নৃত্যনাট্য	n ri t t O n a T T O	tatsama
নৃত্যশিল্প	n ri t t o sh i l p o	tatsama
নেওয়াসংক্রান্ত	n E O y a sh o ng kr a nt O	compound
নেটওয়ার্ক	n e T y a r k	native
নেটওয়ার্ক	n e T O a r k	native
নেটওয়ার্কভুক্ত	n e T o O y a r k bh u kt O	compound
নেতব্য	n e t O b b O	native
নেতৃত্ব	n e t ri tt O	tatsama
নেতৃত্বশুন্য	n e t ri tt O sh u n n O	tatsama
নেতৃত্বশূন্য	n e t ri tt O sh u n n O	tatsama
নেতৃবৃন্দ	n e t ri b ri nd O	tatsama
নেত্র	n e tr O	native
নেদারল্যান্ড	n e d a r l A n D	native
নেপথ্য	n e p O t th O	native
নেভারল্যান্ড	n e bh a r l A n D	native
নেমকার্ড	n e m k a r D o	loanword
নেমন্তন্ন	n e m O nt O nn O	native
নেশাগ্রস্ত	n e sh a gr O st O	native
নেশাদ্রব্য	n e sh a d r O b b O	native
নেশাসক্ত	n e sh a sh o kt o	native
নেস্ট	n e s T	loanword
নোইঃশব্দ	n O i sh sh o b d o	tatsama
নোইকট্য	n O i k o T T o	native
নোইকশ্য	n O i k O sh sh O	native
নোইজুজ্য	n O i j u j j O	native
নোইতিকতাপুর্ন	n O i t i k o t a p u r n o	compound
নোইতিকতাসম্পন্ন	n O i t i k o t a sh o mp o nn o	compound
নোইপুন্য	n O i p u n n O	native
নোইবিদ্দ	n O i b i d d O	native
নোইবেদ্য	n O i b e d d o	native
নোইমিশারন্য	n O i m i sh a r O n n O	native
নোইরাজ্য	n O i r a j j o	native
নোইরাশ্য	n O i r a sh sh o	native
নোইর্গুন্য	n O i r g u n n O	native
নোইশব্দ	n O i sh o b d e	native
নোউবানিজ্য	n O u b a n i j j o	native
নোম্যান্স	n O m A n s	loanword
ন্যস্ত	n A st O	native
ন্যাজ্য	n A j j O	native
ন্যাজ্যপ্রাপ্য	n A j j o pr a p p o	compound
ন্যাজ্যমুল্য	n A j j O m u l l O	native
ন্যাটওয়েস্ট	n A T O y e s T	proper_noun
ন্যাটোভুক্ত	n A T O bh u kt O	native
ন্যায্যমূল্য	n A j j O m u l l O	native
ন্যাশনালিস্ট	n A sh n a l i s T	loanword
ন্যায়নিশ্ঠ	n A y n i sh Th o	native
ন্যায়রত্ন	n A y r o t n o	native
ন্যুব্জ	n u b j O	native
ন্যুরেমবার্গ	n u r e m b a r g	native
নয়নানন্দ	n o y O n a n O nd O	native
নয়নোপান্ত	n o y o n O p a nt O	native
নয়াদিগন্ত	n o y a d i g o nt o	native
পংকিলতামুক্ত	p o ng k i l o t a m u kt O	native
পংগুত্ব	p o ng g u tt o	tatsama
পকেটস্থ	p o k e T o sth O	native
পক্ব	p o k k O	native
পক্ষ	p o kkh O	tatsama
পক্ষপাতদুশ্ট	p o kkh o p a t d u sh o T o	tatsama
পক্ষপাতপুর্ন	p o kkh o p a t p u r n o	tatsama
পক্ষপাতমুক্ত	p o kkh o p a t m u kt O	tatsama
পক্ষপাতিত্ব	p o kkh O p a t i tt O	tatsama
পক্ষভুক্ত	p o kkh o bh u kt O	tatsama
পক্ষাঘাতগ্রস্ত	p o kkh a gh a t gr O st O	tatsama
পক্ষান্ত	p O kkh a nt O	tatsama
পক্ষাপক্ষ	p O kkh a p O kkh O	tatsama
পক্ষ্ম	p O kkh O	tatsama
পক্স	p o k s	native
পচ্য	p O ch ch O	native
পছন্দ	p o chh O nd O	native
পঞ্চ	p o nch O	tatsama
পঞ্চরত্ন	p o nch o r o t n o	tatsama
পঞ্চস্তম্ভ	p o nch o st o m bh o	tatsama
পঞ্চানন্দ	p o nch a n o nd O	tatsama
পঞ্চান্ন	p o nch a nn O	tatsama
পঞ্চাম্র	p o nch a m r O	tatsama
পঞ্চাম্ল	p o nch a m l O	tatsama
পঞ্চাশোর্ধ	p o nch a sh O r dh O	tatsama
পঞ্চাশোর্ধ্ব	p o n ch a sh O r dh O	tatsama
পঞ্চাস্য	p o nch a sh sh O	tatsama
পটচিত্র	p o T ch i tr O	native
পটস্থ	p o T O sth O	native
পট্ট	p o T T O	native
পড়ন্ত	p o r O nt O	native
পণ্য	p O n n O	tatsama
পতত্র	p o t O tr O	native
পতিত্ব	p o t i tt o	tatsama
পত্র	p o tr O	native
পথভ্রশ্ট	p o th O bh r O sh T O	native
পথ্য	p O t th O	native
পদকপ্রাপ্ত	p o d O k pr a p t O	native
পদচিহ্ন	p o d O ch i n h O	native
পদত্যাগপত্র	p o d O t t A g p o tr O	native
পদপিশ্ট	p o d O p i sh T O	native
পদমর্যাদাসম্পন্ন	p o d o m o r j a d a sh o mp o nn o	compound
পদস্থ	p o d O sth O	native
পদার্থ	p O d a r th O	native
পদার্থজুক্ত	p o d a r th o j u kt O	native
পদোন্নতিপ্রাপ্ত	p o d O nn o t i pr a p t o	compound
পদোন্নতিসংক্রান্ত	p o d O nn o t i sh o ng kr a nt O	compound
পদ্ধতিসংক্রান্ত	p o d dh o t i sh o ng kr a nt O	tatsama
পদ্ম	p o d d O	native
পদ্মাক্ষ	p o d d a kkh O	tatsama
পদ্য	p O d d O	native
পন্ট	p o n T	native
পন্ড	p o n D O	native
পন্ডার্স	p o n D a r sh	native
পন্ত	p o nt o	native
পন্থ	p o n th O	native
পন্য	p O n n O	native
পন্যদ্রব্য	p o n n o d r O b b O	native
পন্যমুল্য	p O n n O m u l l O	native
পপকর্ন	p o p k o r n	native
পবিত্র	p O b i tr O	native
পম্প	p o mp o	native
পয়মন্ত	p o y m o nt o	native
পয়স্য	p o y O sh sh O	native
পয়েন্ট	p o y e n T	loanword
পয়োবর্জ্য	p o y O b o r j O	native
পরচ্ছন্দ	p o r O ch chh o nd O	native
পরচ্ছিদ্র	p o r O ch chh i d r O	native
পরতন্ত্র	p o r O t o n t r O	native
পরত্র	p o r O tr O	native
পরধর্ম	p o r O dh o r m O	native
পরপুশ্ট	p o r O p u sh T O	native
পরবন্ধ	p o r b O ndh O	tatsama
পরব্রহ্ম	p o r O br O m h O	tatsama
পরমানন্দ	p o r O m a n o nd O	native
পরমানুকেন্দ্র	p o r o m a n u k e ndr O	compound
পরমানুমুক্ত	p o r o m a n u m u kt O	native
পরমান্ন	p o r O m a nn O	native
পরমার্থ	p o r O m a r th O	native
পররাশ্ট্র	p o r O r a sh T r O	loanword
পররাষ্ট্র	p o r O r a sh T r O	tatsama
পরশ্ব	p o r O sh sh O	tatsama
পরস্ব	p o r O sh sh O	tatsama
পরাক্রান্ত	p o r a kr a nt O	native
পরানগঞ্জ	p o r a n g o nj	tatsama
পরান্ন	p o r a nn O	native
পরাবর্ত	p o r a b o r t O	native
পরাবৃত্ত	p o r a b ri tt O	tatsama
পরামর্শ	p o r a m o r sh O	native
পরামর্শকেন্দ্র	p o r a m o r sh o k e ndr O	compound
পরামর্ষ	p o r a m o r sh O	tatsama
পরার্থ	p o r a r th O	native
পরার্ধ	p o r a r dh O	native
পরাস্ত	p o r a st O	native
পরাহ্ন	p o r a n h O	native
পরায়ত্ত	p o r a y O tt O	native
পরিকর্ম	p O r i k o r m O	native
পরিকল্পনাপত্র	p o r i k o l p o n a p o tr O	compound
পরিকল্পনাসংক্রান্ত	p o r i k o l p o n a sh o ng kr a nt O	compound
পরিকির্ন	p O r i k i r n O	native
পরিকেন্দ্র	p O r i k e ndr O	native
পরিক্লিশ্ট	p O r i kl i sh T O	native
পরিক্ষাকক্ষ	p O r i kkh a k o kkh O	tatsama
পরিক্ষাকেন্দ্র	p O r i kkh a k e ndr O	tatsama
পরিক্ষাসংক্রান্ত	p O r i kkh a sh o ng kr a nt O	tatsama
পরিক্ষিপ্ত	p O r i kkh i p t O	tatsama
পরিচয়পত্র	p O r i ch o y p o tr O	native
পরিচর্যাকেন্দ্র	p o r i ch o r j a k e ndr O	compound
পরিচালনাসংক্রান্ত	p o r i ch a l o n a sh o ng kr a nt O	compound
পরিচ্ছন্ন	p O r i ch chh o nn O	native
পরিচয়পত্র	p o r i ch o y p o tr O	native
পরিচয়পর্ব	p o r i ch o y p o r b o	native
পরিতপ্ত	p O r i t o p t O	native
পরিতুশ্ট	p O r i t u sh T O	native
পরিতৃপ্ত	p O r i t ri p t O	tatsama
পরিত্যক্ত	p O r i t A kt O	native
পরিত্যাক্ত	p O r i t A kt O	native
পরিত্যাজ্য	p O r i t A j j O	native
পরিদৃশ্ট	p O r i d ri sh T O	tatsama
পরিধানজোগ্য	p O r i dh a n j O g g O	native
পরিনদ্ধ	p O r i n o d dh O	tatsama
পরিপক্ক	p O r i p o k k O	native
পরিপক্ব	p O r i p o k k O	native
পরিপত্র	p O r i p o tr O	native
পরিপাকজন্ত্র	p o r i p a k j o n t r O	native
পরিপাকতন্ত্র	p O r i p a k t o n t r O	native
পরিপার্শ্ব	p o r i p a r sh o	tatsama
পরিপুর্ন	p o r i p u r n o	native
পরিপুশ্ট	p o r i p u sh T o	native
পরিপৃক্ত	p O r i p ri kt O	tatsama
পরিবন্ধ	p O r i b o ndh O	tatsama
পরিবর্ত	p O r i b o r t O	native
পরিবর্তনজোগ্য	p o r i b o r t o n j O g g o	compound
পরিবর্তনযোগ্য	p O r i b o r t O n j O g g O	native
পরিবর্তনসংক্রান্ত	p o r i b o r t o n sh o ng kr a nt O	compound
পরিবহনসংশ্লিশ্ট	p o r i b o h o n sh o ng sh l i sh T o	compound
পরিবারতন্ত্র	p o r i b a r t o n t r O	native
পরিবারবর্গ	p O r i b a r b o r g O	native
পরিবারভুক্ত	p O r i b a r bh u kt O	native
পরিবৃত্ত	p O r i b ri tt O	tatsama
পরিবেশসংক্রান্ত	p o r i b e sh sh o ng kr a nt O	compound
পরিব্যাপ্ত	p O r i b b A p t O	native
পরিভুক্ত	p O r i bh u kt O	native
পরিমাপজোগ্য	p o r i m a p j O g g o	native
পরিমোক্ষ	p O r i m O kkh O	tatsama
পরিশদভুক্ত	p o r i sh o d bh u kt O	native
পরিশদসংক্রান্ত	p o r i sh o d sh o ng kr a nt O	compound
পরিশদসংলগ্ন	p o r i sh o d sh o ng l o g n o	native
পরিশব্দ	p o r i sh o b d o	native
পরিশিশ্ট	p O r i sh i sh T O	native
পরিশুদ্ধ	p O r i sh u d dh O	tatsama
পরিশুশ্ক	p O r i sh u sh k O	native
পরিশোধজোগ্য	p o r i sh O dh j O g g o	native
পরিশোধনজন্ত্র	p o r i sh O dh o n j o n t r O	compound
পরিশোধযোগ্য	p O r i sh O dh j O g g O	native
পরিশ্রমলব্ধ	p o r i s r O m l o b dh o	native
পরিশ্রমসাধ্য	p o r i s r O m sh a d dh o	native
পরিশ্রান্ত	p O r i s r a nt O	native
পরিসংখ্য	p O r i sh O ng kh a	native
পরিসভ্য	p O r i sh O bh bh O	native
পরিসুস্থ	p O r i sh u sth O	native
পরিহারজোগ্য	p o r i h a r j O g g o	native
পরিহার্য	p O r i h a r j O	native
পরিয়ন্ত	p O r i y O nt O	native
পরোক্ষ	p o r O kkh O	tatsama
পরোপজিব্য	p o r O p O j i b b O	native
পরোয়ানাভুক্ত	p o r O y a n a bh u kt O	native
পর্ন	p o r n	native
পর্নোচিত্র	p o r n O ch i tr O	native
পর্ব	p o r b O	native
পর্য	p o r j o	native
পর্যটকশুন্য	p o r j O T o k sh u n n O	native
পর্যটনকেন্দ্র	p o r j O T o n k e ndr O	compound
পর্যটনবর্ষ	p o r j o T o n b o r sh o	tatsama
পর্যটনশিল্প	p o r j O T o n sh i l p O	native
পর্যটনসংক্রান্ত	p o r j o T o n sh o ng kr a nt O	compound
পর্যন্ত	p O r j O nt O	native
পর্যপুর্ন	p o r j o p u r n o	native
পর্যস্ত	p O r j O st O	native
পর্যাপ্ত	p o r j a p t O	native
পর্যাবৃত্ত	p O r j a b ri tt O	tatsama
পর্যালোচনাসংক্রান্ত	p o r j a l O ch o n a sh o ng kr a nt O	compound
পর্যায়ভুক্ত	p o r j a y bh u kt O	native
পর্যুদস্ত	p O r j u d O st O	native
পর্য্যন্ত	p O r j O nt O	native
পলান্ন	p o l a nn O	native
পলিটিক্স	p o l i T i k s	loanword
পলোগ্রাউন্ড	p o l O gr a u n D o	native
পশুখাদ্য	p O sh u kh a d d O	native
পশুত্ব	p o sh u tt o	tatsama
পশ্চার্ধ	p o sh ch a r dh O	native
পশ্চিমবং্গ	p O sh ch i m b o ng g O	native
পশ্চিমবঙ্গ	p O sh ch i m b o ngg O	native
পশ্ট	p o sh T O	native
পসন্দ	p o sh o nd o	native
পসন্ন	p o sh o nn o	native
পাউন্ড	p a u n D	loanword
পাওয়ামাত্র	p a O y a m a tr O	native
পাওয়ার্ড	p a O y a r D	loanword
পাকাপোক্ত	p a k a p O kt O	native
পাচারসংক্রান্ত	p a ch a r sh o ng kr a nt O	compound
পাচ্ছ	p a ch chh O	native
পাচ্য	p a ch ch O	native
পাঞ্চ	p a nch	tatsama
পাঞ্চজন্য	p a nch O j o n n O	tatsama
পাটজাতদ্রব্য	p a T j a t d r O b b O	native
পাটজাতপন্য	p a T j a t p o n n o	native
পাটপণ্য	p a T p o n n O	tatsama
পাটপন্য	p a T p o n n O	native
পাটলিপুত্র	p a T O l i p u tr O	native
পাটশিল্প	p a T sh i l p o	native
পাঠকক্ষ	p a Th k o kkh o	tatsama
পাঠচক্র	p a Th ch o kr O	native
পাঠজোগ্য	p a Th j O g g o	native
পাঠ্য	p a T Th O	native
পাতিত্য	p a t i t t O	native
পাতিব্রত্য	p a t i br O t t O	native
পাত্র	p a tr O	native
পাত্রপক্ষ	p a tr O p O kkh O	tatsama
পাত্রস্থ	p a tr O sth o	native
পাত্রিপক্ষ	p a tr i p O kkh O	tatsama
পাথরখন্ড	p a th o r kh o n D o	native
পাদুকাশিল্প	p a d u k a sh i l p o	native
পাদ্য	p a d d O	native
পানজোগ্য	p a n j O g g O	native
পানাসক্ত	p a n a sh o kt O	native
পানিচক্র	p a n i ch o kr O	native
পানিবিশেশজ্ঞ	p a n i b i sh e sh o g g o	tatsama
পানিশমেন্ট	p a n i sh m e n T	native
পানিশুন্য	p a n i sh u n n O	native
পানিসংক্রান্ত	p a n i sh o ng kr a nt O	compound
পান্ট	p a n T	loanword
পান্ডিত্য	p a n D i t t O	native
পান্ড্য	p a n D O	native
পান্থ	p a n th O	native
পান্থকুঞ্জ	p a n th O k u nj O	tatsama
পাপবিদ্ধ	p a p b i d dh o	tatsama
পাপমুক্ত	p a p m u kt O	native
পাবন্দ	p a b o nd O	native
পাবর্ত্য	p a r b o t t o	native
পাবলিকেশন্স	p a b l i k e sh o n s	loanword
পাবলিশার্স	p a b l i sh a r s	native
পাম্প	p a mp	native
পাম্পসংলগ্ন	p a mp sh o ng l o g n o	native
পারকিনসন্স	p a r k i n s o n s	loanword
পারক্য	p a r O k k O	native
পারটেক্স	p a r T e k s	loanword
পারতন্ত্র্য	p a r O t o nt r O	native
পারদেশ্য	p a r O d e sh sh O	native
পারফরমেন্স	p a r ph o r m e n s	loanword
পারফরম্যান্স	p a r ph o r m A n s	loanword
পারফর্ম	p a r ph o r m	native
পারফর্মেন্স	p a r ph o r m e n s	loanword
পারফেকশনিস্ট	p a r ph e k sh o n i s T	loanword
পারফেক্ট	p a r ph A k T	native
পারবশ্য	p a r O b O sh sh O	native
পারমানেন্ট	p a r m a n e n T	loanword
পারমাফ্রস্ট	p a r o m a ph r O s T	loanword
পারম্পর্য	p a r O mp O r j O	native
পারশ্য	p a r o sh sh o	native
পারসেন্ট	p a r s e n T	loanword
পারস্য	p a r O sh sh O	native
পারিন্দ্র	p a r i ndr O	native
পারিপাট্য	p a r i p a T T O	native
পারিব্রজ্য	p a r i br O j j O	native
পারুশ্য	p a r u sh sh O	native
পার্ক	p a r k	native
পার্কসংলগ্ন	p a r k sh o ng l o g n o	native
পার্ট	p a r T	loanword
পার্টনার্স	p a r T n a r s	native
পার্থ	p a r th O	native
পার্থক্য	p a r th O k k O	native
পার্বত্য	p a r b O t t O	native
পার্মানেন্ট	p a r m a n e n T	native
পার্ল	p a r l	native
পার্লামেন্ট	p a r l a m e n T	native
পার্শ	p a r sh O p O r i b o r t O n	native
পার্শ্ব	p a r sh O	tatsama
পার্শ্বচরিত্র	p a r sh o ch o r i tr O	tatsama
পার্স	p a r s	loanword
পার্সেন্ট	p a r s e n T	loanword
পালনসংক্রান্ত	p a l o n sh o ng kr a nt O	compound
পালমার্স	p a l m a r s	proper_noun
পালিত্য	p a l i t t O	native
পাল্প	p a l p	native
পাল্য	p a l l O	native
পাশন্ড	p a sh o n D o	native
পাশ্চাত্য	p a sh ch a t t O	native
পাসওয়ার্ড	p a s O y a r D	loanword
পাসওয়ার্ড	p a s O y a r D	loanword
পাসপোর্ট	p a s p O r T	loanword
পাস্ট	p a s T	loanword
পায়রাবন্দ	p a y r a b o nd O	native
পিইএমইএক্স	p i i e m i e k s	loanword
পিএবিএক্স	p i e b i e k s	loanword
পিকচার্স	p i k ch a r s	loanword
পিকার্ড	p i k a r D	loanword
পিগমেন্ট	p i g m e n T	native
পিচন্ড–চিন্ড	p i ch o n D O ch i n D O	native
পিচ্ছ	p i ch chh O	native
পিটার্স	p i T a r s	proper_noun
পিটার্সবার্গ	p i T a r s b a r g	proper_noun
পিড্য	p i D D O m a n	native
পিণ্ড	p i n D O	tatsama
পিতৃতুল্য	p i t r i t u l l o	tatsama
পিতৃত্ব	p i t ri tt O	tatsama
পিতৃপ্রদত্ত	p i t r i pr O d o tt o	tatsama
পিত্ত	p i tt O	native
পিত্র্য	p i t r O	native
পিনদ্ধ	p i n o d dh O	tatsama
পিন্ড	p i n D O	native
পিপল্স	p i p o l s	native
পিপাসার্ত	p i p a sh a r t O	native
পিরগঞ্জ	p i r g o nj	tatsama
পিশ্ট	p i sh T O	native
পিষ্ট	p i shT O	tatsama
পিসবোর্ড	p i s o b O r D o	native
পিয়ার্স	p i y a r s	proper_noun
পুচ্ছ	p u ch chh O	native
পুজিবাজারসংক্রান্ত	p u j i b a j a r sh o ng kr a nt O	compound
পুজিবাজারসংশ্লিশ্ট	p u j i b a j a r sh o ng sh l i sh T o	compound
পুজ্য	p u j j O	native
পুঞ্জ	p u nj O	tatsama
পুণ্য	p u n n O	tatsama
পুতপবিত্র	p u t o p o b i tr O	native
পুত্র	p u tr O	native
পুনঃতদন্ত	p u n o t o d o nt o	tatsama
পুনঃদরপত্র	p u n o d o r p o tr O	tatsama
পুনঃনবায়নজোগ্য	p u n o n o b a y o n j O g g o	tatsama
পুনর্জন্ম	p u n O r j o n m O	native
পুনর্বাসনকেন্দ্র	p u n o r b a sh o n k e ndr O	compound
পুনর্বাসনসংক্রান্ত	p u n o r b a sh o n sh o ng kr a nt O	compound
পুনর্বিন্যস্ত	p u n o r b i n n o st o	compound
পুনর্ব্যক্ত	p u n O r b A kt O	native
পুনশ্চ	p u n O sh ch O	native
পুন্য	p u n n O	native
পুন্যকর্ম	p u n n O k o r m o	native
পুরকায়স্থ	p u r O k a y O sth O	native
পুরন্ত	p u r o nt O	native
পুরস্কারপ্রাপ্ত	p u r O sh k a r pr a p t O	native
পুরাতত্ত্ব	p u r a t o t t O	tatsama
পুরাধ্যক্ষ	p u r a d dh O kkh O	tatsama
পুরুত্ব	p u r u tt O	tatsama
পুরুশতন্ত্র	p u r u sh t o n t r O	native
পুরুশশুন্য	p u r u sh sh u n n o	native
পুর্ত	p u r t O	native
পুর্ন	p u r n O	native
পুর্নচন্দ্র	p u r n o ch o ndr O	native
পুর্নদইর্ঘ্য	p u r n O d O i r gh O	native
পুর্নদোইর্ঘ্য	p u r n o d O i r gh o	compound
পুর্নবয়স্ক	p u r n o b o y o s k o	loanword
পুর্নাং্গ	p u r n a ng g O	native
পুর্নানন্দ	p u r n a n o nd O	native
পুর্ব	p u r b O	native
পুর্ববৃত্তান্ত	p u r b o b r i tt a nt o	tatsama
পুর্বশর্ত	p u r b O sh O r t O	native
পুর্বাহ্ন	p u r b a n h O	native
পুর্বোক্ত	p u r b O kt O	native
পুলভুক্ত	p u l bh u kt O	native
পুলিন্দ	p u l i nd O	native
পুলিশসদস্য	p u l i sh sh o d o sh sh o	loanword
পুশ্ট	p u sh T O	native
পুশ্টিগুনসম্পন্ন	p u sh T i g u n sh o mp o nn o	compound
পুশ্টিজুক্ত	p u sh T i j u kt O	native
পুশ্টিমানসমৃদ্ধ	p u sh T i m a n sh o m r i d dh o	tatsama
পুশ্টিমানসম্পন্ন	p u sh T i m a n sh o mp o nn o	compound
পুশ্টিসমৃদ্ধ	p u sh T i sh o m ri d dh O	tatsama
পুশ্প	p u sh p O	native
পুশ্পগুচ্ছ	p u sh p O g u ch chh O	native
পুশ্পমাল্য	p u sh p o m a l l o	native
পুশ্পার্ঘ্য	p u sh p a r gh O	native
পুষ্ট	p u shT O	tatsama
পুষ্পগুচ্ছ	p u sh p O g u ch chh O	tatsama
পুষ্পার্ঘ্য	p u sh p a r gh O	tatsama
পুস্ত	p u st O	native
পূণ্য	p u n n O	tatsama
পূর্ব	p u r b O	native
পূর্বশর্ত	p u r b O sh O r t O	native
পূর্বোক্ত	p u r b O kt O	native
পৃক্ত	p ri kt O	tatsama
পৃথগন্ন	p ri th o g o nn O	tatsama
পৃথিবিপৃশ্ঠ	p ri th i b i p r i sh Th o	tatsama
পৃশ্ট	p ri sh T O	tatsama
পৃশ্ঠ	p ri sh Th O	tatsama
পেইন্ট	p e i n T	native
পেটেন্ট	p e T e n T	loanword
পেট্রলপাম্প	p e T r O l p a mp	loanword
পেট্রোলপাম্প	p e T r o l p a mp	loanword
পেনডেন্ট	p e n D e n T	loanword
পেনশনার্স	p e n sh o n a r s	loanword
পেভমেন্ট	p e bh m e n T	native
পেমেন্ট	p e m e n T	native
পেশাদারিত্ব	p e sh a d a r i tt O	tatsama
পেশেন্ট	p e sh e n T	native
পেস্ট	p e s T O	loanword
পোউগন্ড	p ou g o n D o	native
পোউছামাত্র	p O u chh a m a tr O	native
পোউত্র	p O u tr O	native
পোউন্ড্র	p ou n D r O	loanword
পোউরোহিত্য	p O u r O h i t t O	native
পোউর্ব	p O u r b O	native
পোউর্বপর্য	p O u r b a p o r j O	native
পোক্ত	p O kt O	native
পোতাধ্যক্ষ	p O t a d dh O kkh O	tatsama
পোর্ট	p O r T	native
পোর্ট-অ-প্রিন্স	p O r T O p ri n s	loanword
পোর্টারফিল্ড	p O r T a r ph i l D	native
পোলট্রিশিল্প	p O l T r i sh i l p O	loanword
পোলার্ড	p O l a r D	proper_noun
পোলিওমুক্ত	p O l i O m u kt O	native
পোল্যান্ড	p O l A n D	native
পোশাকপন্য	p O sh a k p o n n o	native
পোশাকশিল্প	p O sh a k sh i l p O	native
পোশ্ট	p O sh T	native
পোশ্য	p O sh sh O	native
পোস্ট	p O s T	loanword
পোস্টকার্ড	p O s T k a r D	loanword
পোস্ত	p O st O	native
প্ত	p t o	native
প্যন্ট	p A n T	native
প্যাকার্ড	p A k a r D	loanword
প্যাক্ট	p A k T	native
প্যাচওয়ার্ক	p A ch O y a r k	native
প্যাটার্ন	p A T a r n	native
প্যাটেন্ট	p A T e n T	native
প্যাথলজিস্ট	p A th O l O j i s T	loanword
প্যানেলভুক্ত	p A n e l bh u kt O	native
প্যান্ট	p A n T	loanword
প্যারাডক্স	p A r a D o k s	loanword
প্যারামাউন্ট	p A r a m a u n T	native
প্যারেন্ট	p A r e n T	native
প্র	pr O	native
প্রকর্ষ	pr O k o r sh O	tatsama
প্রকল্প	pr O k O l p O	native
প্রকল্পভুক্ত	pr O k o l p o bh u kt o	native
প্রকল্পসংক্রান্ত	pr O k o l p o sh o ng kr a nt O	compound
প্রকল্পসংলগ্ন	pr O k o l p o sh o ng l o g n o	compound
প্রকল্পসংশ্লিশ্ট	pr O k o l p o sh o ng sh l i sh T o	compound
প্রকান্ড	pr O k a n D O	native
প্রকাশজোগ্য	pr O k a sh o j O g g O	native
প্রকাশনাশিল্প	pr O k a sh o n a sh i l p o	compound
প্রকাশিতব্য	pr O k a sh i t O b b O	native
প্রকাশ্য	pr O k a sh sh O	native
প্রকিউরমেন্ট	pr O k i u r m e n T	loanword
প্রকির্ন	pr O k i r n O	native
প্রকৃতিপ্রদত্ত	pr O k r i t i pr O d o tt o	tatsama
প্রকৃতিবিরুদ্ধ	pr O k r i t i b i r u d dh o	tatsama
প্রকৃশ্ট	pr O k r i sh T O	tatsama
প্রকোশ্ঠ	pr O k O sh Th O	native
প্রক্ষিপ্ত	pr O kkh i p t O	tatsama
প্রগন্ড	pr O g o n D O	native
প্রগল্ভ	pr O g o l bh O	native
প্রচন্ড	pr O ch o n D O	native
প্রচারকেন্দ্র	pr O ch a r k e ndr O	compound
প্রচারজন্ত্র	pr O ch a r j o n t r O	native
প্রচারনাসংক্রান্ত	pr O ch a r o n a sh o ng kr a nt O	compound
প্রচারপত্র	pr O ch a r p o tr O	native
প্রচারিতব্য	pr O ch a r i t o b b O	native
প্রচার্য	pr O ch a r j O	native
প্রচ্ছন্ন	pr O ch chh o nn O	native
প্রজত্ন	pr O j o t n O	native
প্রজননকেন্দ্র	pr O j o n o n k e ndr O	compound
প্রজননক্ষেত্র	pr O j o n o n o kh e tr O	tatsama
প্রজননস্বাস্থ্য	pr O j o n O n sh a s th O	tatsama
প্রজন্ম	pr O j o n m O	native
প্রজাতন্ত্র	pr O j a t o n t r O	native
প্রজাস্বত্ব	pr O j a sh o tt O	tatsama
প্রজুক্ত	pr O j u kt O	native
প্রজুক্তিজ্ঞানসম্পন্ন	pr O j u kt i j ny a n sh o mp o nn O	tatsama
প্রজুক্তিপন্য	pr O j u kt i p o n n O	compound
প্রজুক্তিসংক্রান্ত	pr O j u kt i sh o ng kr a nt o	compound
প্রজুক্তিসংশ্লিশ্ট	pr O j u kt i sh o ng sh l i sh Th o	compound
প্রজুক্তিসমৃদ্ধ	pr O j u kt i sh o m ri d dh O	tatsama
প্রজুক্তিসম্পন্ন	pr O j u kt i sh o mp o nn O	compound
প্রজেক্ট	pr O j e k T	loanword
প্রজোজ্য	pr O j O j j O	native
প্রজ্ঞানানন্দ	pr O g g a n a n o nd O	tatsama
প্রটেক্ট	pr O T e k T	native
প্রডাক্ট	pr O D a k T	native
প্রতপ্ত	pr O t o p t O	native
প্রতর্ক	pr O t o r k o	native
প্রতাপাদিত্য	pr O t a p a d i t t O	native
প্রতারকচক্র	pr O t a r o k ch o kr O	native
প্রতারনাপুর্ন	pr O t a r o n a p u r n O	compound
প্রতিকর্ম	pr O t i k o r m O	native
প্রতিকর্ষ	pr O t i k o r sh O	tatsama
প্রতিচিত্র	pr O t i ch i tr O	native
প্রতিজোগিতাপুর্ন	pr O t i j O g i t a p u r n O	compound
প্রতিজোগিতাবিরুদ্ধ	pr O t i j O g i t a b i r u d dh O	tatsama
প্রতিজ্ঞ	pr O t i g g O	tatsama
প্রতিজ্ঞাবদ্ধ	pr O t i g g a b o d dh O	tatsama
প্রতিদত্ত	pr O t i d o tt O	native
প্রতিদিশ্ট	pr O t i d i sh T O	native
প্রতিদ্বন্দ্বিতাপুর্ন	pr O t i d d O nd i t a p u r n O	compound
প্রতিনিধিত্ব	pr O t i n i dh i tt O	tatsama
প্রতিনিবৃত্ত	pr O t i n i b ri tt O	tatsama
প্রতিপক্ষ	pr O t i p o kkh O	tatsama
প্রতিপন্ন	pr O t i p o nn O	native
প্রতিপাদ্য	pr O t i p a d d O	native
প্রতিবন্ধিত্ব	pr O t i b o ndh i tt O	tatsama
প্রতিবাদপত্র	pr O t i b a d p o tr O	native
প্রতিবিম্ব	pr O t i b i mb O	native
প্রতিবেদনসংক্রান্ত	pr O t i b e d o n sh o ng kr a nt O	compound
প্রতিমুহুর্ত	pr O t i m u h u r t O	native
প্রতিরক্ষাসংশ্লিশ্ট	pr O t i r o kkh a sh o ng sh l i sh T o	tatsama
প্রতিরুদ্ধ	pr O t i r u d dh O	tatsama
প্রতিরোধজুদ্ধ	pr O t i r O dh j u d dh O	tatsama
প্রতিরোধজোগ্য	pr O t i r O dh j O g g O	compound
প্রতিরোধযোগ্য	pr O t i r O dh j O g g O	native
প্রতিরোধসংক্রান্ত	pr O t i r O dh sh o ng kr a nt O	compound
প্রতিশব্দ	pr O t i sh o b d O	native
প্রতিশিদ্ধ	pr O t i sh i d dh o	tatsama
প্রতিশ্টম্ভ	pr O t i sh T o m bh O	native
প্রতিশ্ঠালগ্ন	pr O t i sh Th a l o g n O	compound
প্রতিশ্রুতিবদ্ধ	pr O t i s r u t i b o d dh O	tatsama
প্রতিসর্গ	pr O t i sh o r g O	native
প্রতিস্থাপনজোগ্য	pr O t i sth a p o n j O g g O	compound
প্রতিহার্য	pr O t i h a r j O	native
প্রত্ন	pr O t n O	native
প্রত্নতত্ত্ব	pr O t n O t o t t O	tatsama
প্রত্য	pr O t t O	native
প্রত্যক্ষ	pr O t t O kkh O	tatsama
প্রত্যন্ত	pr O t t o nt O	native
প্রত্যর্পনজোগ্য	pr O t t O r p o n j O g g O	compound
প্রত্যাসন্ন	pr O t t a sh o nn O	native
প্রত্যাহারজোগ্য	pr O t t a h a r j O g g O	compound
প্রত্যাহারসংক্রান্ত	pr O t t a h a r sh o ng kr a nt O	compound
প্রত্যুৎপন্ন	pr O t t u t p o nn O	native
প্রত্যয়দিপ্ত	pr O t t O y d i p t O	native
প্রত্যয়নপত্র	pr O t t O y n p o tr O	native
প্রথমপত্র	pr O th O m p o tr O	native
প্রথমার্ধ	pr O th O m a r dh O	native
প্রথমোক্ত	pr O th O m O kt O	native
প্রথাবদ্ধ	pr O th a b o d dh O	tatsama
প্রথাসিদ্ধ	pr O th a sh i d dh O	tatsama
প্রদত্ত	pr O d o tt O	native
প্রদানকেন্দ্র	pr O d a n k e ndr O	compound
প্রদানসংক্রান্ত	pr O d a n o sh o ng kr a nt O	compound
প্রদিপ্ত	pr O d i p t O	native
প্রদিশ্ট	pr O d i sh T O	native
প্রদুশ্ট	pr O d u sh T	native
প্রদৃপ্ত	pr O d ri p t O	tatsama
প্রদ্যুম্ন	pr O d u m n O	native
প্রধানমন্ত্রিত্ব	pr O dh a n m O nt ri t t O	tatsama
প্রধান্য	pr O dh a n n O	native
প্রনশ্ট	pr O n o sh T O	native
প্রনিধানজোগ্য	pr O n i dh a n j O g g O	compound
প্রনয়নসংক্রান্ত	pr O n o y o n sh o ng kr a nt O	compound
প্রপঞ্চ	pr O p o nch O	tatsama
প্রপন্ন	pr O p o nn O	native
প্রপোউত্র	pr O p O u tr O	native
প্রফুল্ল	pr O ph u l l O	native
প্রফুল্লচন্দ্র	pr O ph u l l O ch o ndr O	compound
প্রবন্ধ	pr O b O ndh O	tatsama
প্রবন্ধগ্রন্থ	pr O b o ndh O gr O n th O	compound
প্রবর্ত	pr O b o r t O	native
প্রবিশ্ট	pr O b i sh T O	native
প্রবিষ্ট	pr O b i shT O	tatsama
প্রবুদ্ধ	pr O b u d dh O	tatsama
প্রবৃত্ত	pr O b ri tt O	tatsama
প্রবৃদ্ধ	pr O b ri d dh O	tatsama
প্রবেশপত্র	pr O b e sh p o tr O	native
প্রবেশমুল্য	pr O b e sh m u l l O	native
প্রভাবমুক্ত	pr O bh a b m u kt O	native
প্রভিডেন্ট	pr O bh i D e n T	loanword
প্রভিডেন্স	pr O bh i D e n s	loanword
প্রভিন্ন	pr O bh i nn O	native
প্রভিন্স	pr O bh i n s	loanword
প্রভুত্ব	pr O bh u tt O	tatsama
প্রভোস্ট	pr O bh O s T	loanword
প্রমত্ত	pr O m O tt O	native
প্রমানজোগ্য	pr O m a n j O g g O	native
প্রমানপত্র	pr O m a n p o tr O	native
প্রমানসাপেক্ষ	pr O m a n sh a p e kkh O	tatsama
প্রমান্য	pr O m a n n O	native
প্রমুর্ত	pr O m u r t O	native
প্রযোজ্য	pr O j O j j O	native
প্রলম্ব	pr O l O mb O	native
প্রলুব্ধ	pr O l u b dh O	native
প্রশংসাজোগ্য	pr O sh o ng sh a j O g g O	native
প্রশংসাধন্য	pr O sh o ng sh a dh O n n O	native
প্রশংসাপত্র	pr O sh o ng sh a p o tr O	native
প্রশংসাবাক্য	pr O sh o ng sh a b a k k O	native
প্রশস্ত	pr O sh o st O	native
প্রশস্য	pr O sh O sh sh O	native
প্রশান্ত	pr O sh a nt O	native
প্রশাসনজন্ত্র	pr O sh a sh o n j o n t r O	compound
প্রশাসনসংক্রান্ত	pr O sh a sh o n sh o ng kr a nt O	compound
প্রশিক্ষনকেন্দ্র	pr O sh i kkh o n k e ndr O	tatsama
প্রশিক্ষনপ্রাপ্ত	pr O sh i kkh o n pr a p t O	tatsama
প্রশিক্ষনলব্ধ	pr O sh i kkh O n l o b dh O	tatsama
প্রশিক্ষনসংক্রান্ত	pr O sh i kkh O n sh o ng kr a nt O	tatsama
প্রশিশ্য	pr O sh i sh sh O	native
প্রশ্টব্য	pr O sh T O b b O	native
প্রশ্ন	pr O sh n O	native
প্রশ্নচিহ্ন	pr O sh n O ch i n h O	native
প্রশ্নপত্র	pr O sh n O p o tr O	native
প্রশ্নবিদ্ধ	pr O sh n O b i d dh O	tatsama
প্রশ্নসাপেক্ষ	pr O sh n O sh a p e kkh O	tatsama
প্রশ্নোত্তরপর্ব	pr O sh n O tt O r p r o b O	compound
প্রসক্ত	pr O sh o kt O	native
প্রসন্ন	pr O sh o nn O	native
প্রসবপুর্ব	pr O sh o b p u r b O	native
প্রসিক্ত	pr O sh i kt O	native
প্রসিদ্ধ	pr O sh i d dh O	tatsama
প্রসুপ্ত	pr O sh u p t O	native
প্রসেসরজুক্ত	pr O sh e sh o r j u kt O	native
প্রস্ত	pr O st O	native
প্রস্তুতিপর্ব	pr O st u t i p o r b O	compound
প্রস্থ	pr O sth O	native
প্রহৃশ্ট	pr O h ri sh T O	tatsama
প্রাইজবন্ড	pr a i j b o n D	native
প্রাইমার্ক	pr a i m a r k	native
প্রাকাম্য	pr a k a m m O	native
প্রাখর্য	pr a kh o r j O	native
প্রাগল্ভ্য	pr a g o l bh O	native
প্রাগার্য	pr a g a r j O	native
প্রাগুক্ত	pr a g u kt O	native
প্রাচুর্য	pr a ch u r j O	native
প্রাচ্য	p r a ch ch O	native
প্রাজাপত্য	pr a j a p O t t O	native
প্রাজ্ঞ	pr a g g O	tatsama
প্রাণচাঞ্চল্য	pr a n ch a nch o l l O	tatsama
প্রাতিকুল্য	pr a t i k u l l O	native
প্রাধান্য	pr a dh a n n O	native
প্রাধ্যক্ষ	pr a d dh O kkh O	tatsama
প্রানকেন্দ্র	pr a n k e ndr O	native
প্রানচাঞ্চল্য	pr a n ch a nch o l l O	compound
প্রানদন্ড	pr a n d o n D O	native
প্রানবইচিত্র্য	pr a n b O i ch i t r O	compound
প্রানবন্ত	pr a n O b o nt O	native
প্রানবোইচিত্র্য	pr a n b O i ch i t r O	compound
প্রানান্ত	pr a n a nt O	native
প্রানোত্সর্গ	pr a n O t sh o r g O	native
প্রানোৎসর্গ	pr a n O t sh o r g O	native
প্রান্ত	pr a nt O	native
প্রাপ্ত	pr a p t O	native
প্রাপ্তবয়স্ক	pr a p t O b O y o O s k O	loanword
প্রাপ্য	pr a p p O	native
প্রাপ্র	pr O p p O	native
প্রাবল্য	pr a b O l l O	native
প্রাবিন্য	pr a b i n n O	native
প্রামাণ্যচিত্র	pr a m a n n O ch i tr O	tatsama
প্রামান্য	pr a m a n n O	native
প্রামান্যচিত্র	pr a m a n n O ch i tr O	compound
প্রারব্ধ	pr a r o b dh O	native
প্রারম্ভ	pr a r o m bh O	native
প্রাশস্ত্য	pr a sh O st O	native
প্রাহ্ন	pr a n h O	native
প্রায়শ্চিত্ত	pr a y O sh ch i tt O	native
প্রায়োপবিশ্ট	pr a y O p O b i sh T O	native
প্রিঞ্জ	pr i nj	tatsama
প্রিতিপুর্ন	pr i t i p u r n O	native
প্রিন্ট	pr i n T	loanword
প্রিন্টার্স	pr i n T a r s	loanword
প্রিন্স	p ri n s	loanword
প্রিফেক্ট	pr i ph e k T	native
প্রিসিডেন্স	p ri s i D e n s	loanword
প্রিয়পাত্র	pr i y o p a tr O	native
প্রেজেন্ট	pr e j e n T	native
প্রেফারেন্স	pr e ph a r e n s	loanword
প্রেমকৃশ্ন	pr e m k ri sh n O	tatsama
প্রেমপত্র	pr e m p o tr O	native
প্রেমানন্দ	pr e m a n o nd O	native
প্রেমেন্দ্র	pr e m e ndr O	native
প্রেশ্ঠ	pr e sh Th O	native
প্রেসক্লাবসংলগ্ন	pr e s kl a b o sh o ng l o g n O	compound
প্রেসবক্স	pr e s b o k s	loanword
প্রেসিডেন্ট	pr e s i D e n T	loanword
প্রোক্ত	pr O kt O	native
প্রোজেক্ট	pr O j e k T	native
প্রোটিনজুক্ত	pr O T i n j u kt O	native
প্রোটিনসমৃদ্ধ	pr O T i n sh O m r i d dh O	tatsama
প্রোটেক্ট	pr O T e k T	native
প্রোটেস্টান্ট	pr O T e s T a n T	loanword
প্রোডাক্ট	pr O D a k T	native
প্রোদ্ভিন্ন	pr O d bh i nn O	native
প্রয়োগজোগ্য	pr O y O g j O g g O	native
প্রয়োজনাতিরিক্ত	pr O y O j o n a t i r i kt O	compound
প্লক্ষ	p l O kkh O	tatsama
প্লাকার্ড	p l a k a r D	loanword
প্লাটফর্ম	p l E T ph o r m	loanword
প্লান্ট	p l a n T	loanword
প্লাস্টিকপন্য	p l a s T i k p o n n O	loanword
প্লেইন্স	p l e i n s	loanword
প্লেসমেন্ট	p l e s m e n T	loanword
প্লেয়ার্স	p l e y a r s	loanword
প্ল্যাকার্ড	p l A k a r D	loanword
প্ল্যাটফর্ম	p l A T ph O r m	loanword
প্ল্যানার্স	p l A n a r s	loanword
প্ল্যান্ট	p l A n T	loanword
ফকল্যান্ড	ph o k l A n D	proper_noun
ফক্স	ph o k s	loanword
ফজিলতপুর্ন	ph o j i l o t p u r n O	native
ফটকসংলগ্ন	ph o T O k sh o ng l o g n O	native
ফটোজার্নালিস্ট	ph o T O j a r n a l i s T	loanword
ফনিক্স	ph O n i k s	loanword
ফন্ট	ph o n T	native
ফরওয়ার্ড	ph o r O y a r D	loanword
ফরমালিনজুক্ত	ph o r m a l i n j u kt O	native
ফরমালিনমুক্ত	ph o r m a l i n m u kt O	native
ফরাশগঞ্জ	ph a r a sh g o nj	tatsama
ফরিদগঞ্জ	ph O r i d g o nj	tatsama
ফরেক্স	ph o r e k s	loanword
ফরেনার্স	ph o r e n a r s	loanword
ফরেস্ট	ph o r e s T	loanword
ফরোখ্ত	ph o r O kh t	native
ফরোয়ার্ড	ph o r O y a r D	loanword
ফর্ক	ph o r k	loanword
ফর্দ	ph o r d O	native
ফর্ম	ph o r m	native
ফলন্ত	ph o l o nt o	native
ফল্ট	ph o l T	native
ফাইনগোল্ড	ph a i n g O l D	proper_noun
ফাইনালিস্ট	ph a i n a l i s T	loanword
ফাইন্ড	ph a i n D	loanword
ফাইন্যান্স	ph a i n A n s	loanword
ফাইলপত্র	ph a i l p o tr O	loanword
ফাউন্ড	ph a u n D	loanword
ফাকিসংক্রান্ত	ph a k i sh o ng kr a nt O	compound
ফান্ট	ph a n T o	loanword
ফান্ড	ph a n D	loanword
ফান্দ	ph a nd	native
ফাবার্গ	ph a b a r g	proper_noun
ফায়দাতন্ত্র	ph a y o d a t o n t r O	native
ফায়ারফক্স	ph a y a r ph o k s	loanword
ফায়ার্স	ph a y a r s	loanword
ফারইশ্ট	ph a r i sh T	loanword
ফারইস্ট	ph a r i s T	loanword
ফারমার্স	ph a r m a r s	loanword
ফার্ক	ph a r k	native
ফার্ডিনান্ড	ph a r D i n a n D	proper_noun
ফার্থ	ph a r th	proper_noun
ফার্দিনান্দ	ph a r d i n a nd	proper_noun
ফার্ন	ph a r n	loanword
ফার্ম	ph a r m	loanword
ফার্মগেটসংলগ্ন	ph a r m g e T sh o ng l o g n O	compound
ফার্মাসিস্ট	ph a r m a s i s T	loanword
ফার্স	ph a r s	loanword
ফার্স্ট	ph a r s T	loanword
ফার্স্ব	ph a r sh o	tatsama
ফাসিকাশ্ঠ	ph a sh i k a sh Th o	native
ফাস্ট	ph a s T	loanword
ফাস্টেস্ট	ph a s T e s T	loanword
ফিংগারপ্রিন্ট	ph i ng g a r pr i n T	compound
ফিগার্স	ph i g a r s	loanword
ফিজিওথেরাপিস্ট	ph i j i O th e r a p i s T	loanword
ফিজিক্স	ph i j i k s	loanword
ফিজিসিস্ট	ph i j i s i s T	loanword
ফিঞ্চ	ph i nch	tatsama
ফিটেস্ট	ph i T e s T	loanword
ফিনল্যান্ড	ph i n l A n D	proper_noun
ফিনান্স	ph i n a n s	loanword
ফিনিক্স	ph i n i k s	loanword
ফিন্যান্স	ph i n A n s	loanword
ফিলামেন্ট	ph i l a m e n T	loanword
ফিলিপিন্স	ph i l i p i n s	loanword
ফিল্ড	ph i l D	loanword
ফিল্ম	ph i l m	loanword
ফিস্ক	ph i s k	loanword
ফিস্ট	ph i s T	loanword
ফুটওয়ার্ক	ph u T O y a r k	loanword
ফুটন্ত	ph u T O nt O	native
ফুটবলবিশ্ব	ph u T b o l b i sh sh O	tatsama
ফুডকার্ট	ph u D k a r T	loanword
ফুলকোর্ট	ph u l k O r T	loanword
ফুলন্ত	ph u l o nt o	native
ফুলপ্যান্ট	ph u l p A n T	loanword
ফুল্ল	ph u l l O	native
ফেঞ্চুগঞ্জ	ph e nch u g o nj	proper_noun
ফেডএক্স	ph e D e k s	loanword
ফেব্রিক্স	ph e br i k s	loanword
ফেরতজোগ্য	ph e r o t j O g g o	native
ফেলিক্স	ph e l i k s	loanword
ফেল্প্স	ph e l p s	proper_noun
ফেস্ট	ph e s T	loanword
ফোক্ট্স	ph O k T sh	native
ফোমেন্ট	ph O m e n T	loanword
ফোর্ট	ph O r T	loanword
ফোর্ড	ph O r D	proper_noun
ফোর্থ	ph O r th	loanword
ফোর্স	ph O r s	loanword
ফ্যাক্ট	ph A k T	loanword
ফ্যাক্স	ph A k s	loanword
ফ্যাটজুক্ত	ph A T j u kt O	native
ফ্যাসিস্ট	ph A s i s T	loanword
ফ্রজন্দ	ph r O j o nd a	loanword
ফ্রন্ট	ph r O n T	loanword
ফ্রন্টিয়ার্স	ph r O n T i y a r s	loanword
ফ্রস্ট	ph r O s T	loanword
ফ্রাংকফুর্ট	ph r a ng k ph u r T	loanword
ফ্রাঞ্জ	ph r a nj	loanword
ফ্রান্স	ph r a n s	loanword
ফ্রিল্যান্স	ph r i l A n s	loanword
ফ্রিহ্যান্ড	ph r i h A n D	loanword
ফ্রেঞ্চ	ph r e nch	loanword
ফ্রেন্ড	ph r e n D	loanword
ফ্রেন্ডলিস্ট	ph r e n D l i s T	loanword
ফ্রেন্স	ph r e n s	loanword
ফ্রেমওয়ার্ক	ph r e m O y a r k	loanword
ফ্রোক্ত	ph r O kt O	loanword
ফ্লাইটচোউদ্দ	ph l a i T ch O u d d O	loanword
ফ্লাওয়ার্স	ph l a O y a r s	loanword
ফ্লাগস্ট্যান্ড	ph l a g s T A n D	loanword
ফ্লাস্ক	ph l a s k	loanword
ফ্লেক্স	ph l e k s	loanword
ফ্লোরেন্ত	ph l O r e nt	loanword
ফ্লোরেন্স	ph l O r e n s	loanword
ফ্লোরোসেন্ট	ph l O r O s e n T	loanword
বংকিমচন্দ্র	b o ng k i m ch o ndr O	native
বংগাব্দ	b o ng g a b d o	native
বংশ্য	b o ng sh sh o	native
বইকল্য	b O i k O l l O	native
বইচিত্র	b O i ch i tr O	native
বইচিত্র্যপুর্ন	b O i ch i t r O p u r n O	compound
বইদ্য	b O i d d O	native
বইপত্র	b O i p o tr O	native
বইপরিত্য	b O i p O r i t t O	native
বইরাগ্য	b O i r a g g O	native
বইশম্য	b O i sh o m m O	native
বইশিশ্ট	b O i sh i sh T O	native
বইশিশ্ট্য	b O i sh i sh T O	native
বইশিশ্ট্যপুর্ন	b O i sh i sh T O p u r n O	compound
বইশ্য	b O i sh sh O	native
বকজন্ত্র	b o k j o n t r O	native
বকশিগঞ্জ	b o k o sh i g o nj	tatsama
বক্তব্য	b o kt O b b O	native
বক্ত্র	b o k t r O	native
বক্র	b o kr O	native
বক্ষ	b o kkh O	tatsama
বক্স	b o k s	loanword
বখ্ত	b o kh t	native
বখ্শ	b o kh sh o	native
বখ্স	b o kh sh	native
বঙ্গ	b o ngg O	native
বজ্র	b o j r O	native
বজ্রকন্ঠ	b o j r O k o n Th o	native
বঞ্চনামুক্ত	b o nch o n a m u kt o	tatsama
বটবৃক্ষ	b o T b ri kkh O	tatsama
বডিগার্ড	b o D i g a r D	loanword
বড্ড	b o D D O	native
বত্ত	b o tt O	native
বদরগঞ্জ	b o d O r g o nj	tatsama
বদলিসংক্রান্ত	b o d l i sh o ng kr a nt o	compound
বদস্ত	b o d o st	native
বদান্য	b o d a n n O	native
বদ্ধ	b o d dh O	tatsama
বনসংলগ্ন	b o n sh o ng l o g n o	native
বনান্ত	b o n a nt O	native
বন্টনসংক্রান্ত	b o n T o n sh o ng kr a nt o	compound
বন্ঠ	b o n Th O	native
বন্ড	b o n D	loanword
বন্দ	b o nd O	native
বন্দিত্ব	b O nd i tt O	tatsama
বন্দীত্ব	b O nd i tt O	tatsama
বন্দুকজুদ্ধ	b O nd u k j u d dh O	tatsama
বন্দোবস্ত	b o nd O b O st O	native
বন্দোবস্তজোগ্য	b o nd O b o st o j O g g o	compound
বন্দ্য	b o nd O	native
বন্ধ	b o ndh O	tatsama
বন্ধুত্ব	b O ndh u tt O	tatsama
বন্ধুত্বপুর্ন	b O ndh u tt O p u r n O	tatsama
বন্ধুভাবাপন্ন	b O ndh u bh a b a p o nn O	compound
বন্ধুরাশ্ট্র	b O ndh u r a sh T r O	loanword
বন্ধ্য	b o n dh O	tatsama
বন্ধ্যত্ব	b o n dh O tt O	tatsama
বন্ধ্যাত্ব	b o n dh a tt O	tatsama
বন্ন	b o nn O	native
বন্য	b O n n O	native
বন্যাক্রান্ত	b o n n a kr a nt o	native
বন্যামুক্ত	b o n n a m u kt o	native
বন্যার্ত	b O n n a r t O	native
বপ্তব্য	b o p t O b b O	native
বপ্র	b o pr O	native
বম্ব	b o mb	loanword
বম্বার্ড	b O mb a r D	loanword
বম্ভ	b o m bh O	native
বয়ঃপ্রাপ্ত	b o y o pr a p t o	tatsama
বয়ফ্রেন্ড	b o y ph r e n D	loanword
বয়স্ক	b o y O s k O	loanword
বয়স্য	b o y O sh sh O	native
বয়োজির্ন	b o y O j i r n O	native
বয়োজ্যেশ্ঠ	b o y O j e sh Th O	native
বয়োপ্রাপ্ত	b o y O pr a p t o	native
বয়োবৃদ্ধ	b o y O b ri d dh O	tatsama
বরখাস্ত	b o r kh a st O	native
বরঞ্চ	b o r O nch O	tatsama
বরদাস্ত	b o r d a st	native
বরন্ড	b o r o n D O	native
বরপক্ষ	b o r p o kkh O	tatsama
বরপুত্র	b o r p u tr O	native
বরফখন্ড	b o r o ph kh o n D o	native
বরফাচ্ছন্ন	b o r O ph a ch chh o nn O	native
বরমাল্য	b o r m a l l o	native
বরাদ্দ	b o r a d d O	native
বরাদ্দপত্র	b o r a d d o p o tr O	native
বরাদ্দপ্রাপ্ত	b o r a d d o pr a p o t o	compound
বরার্ট	b o r a r T	native
বরিশ্ঠ	b O r i sh Th O	native
বরেণ্য	b o r e n n O	tatsama
বরেন্দ্র	b o r e ndr O	native
বরেন্য	b o r e n n O	native
বর্গ	b o r g O	native
বর্গক্ষেত্র	b o r g O kkh e tr O	tatsama
বর্জ্য	b o r j O	native
বর্জ্যজুক্ত	b o r j o j u kt o	native
বর্জ্যমুক্ত	b o r j o m u kt o	native
বর্ডার্স	b o r D a r s	loanword
বর্ত্ম	b o r t O	native
বর্ন	b o r n O	native
বর্নবইশম্য	b o r n O b O i sh O m m O	native
বর্নবোইশম্য	b o r n o b O i sh o m m o	native
বর্নাঢ্য	b o r n a D Dh O	native
বর্ব	b o r b O	native
বর্ম	b o r m O	native
বর্য	b o r j O	native
বর্ষ	b o r sh O	tatsama
বর্ষারন্য	b o r sh a r o n n o	tatsama
বর্ষিশ্ঠ	b O r sh i sh T O	tatsama
বর্হ	b o r h O	native
বলক্ষ	b o l O kkh O	tatsama
বলপয়েন্ট	b o l p o y e n T	loanword
বলবেজোগ্য	b o l b e j O g g o	native
বলবৎজোগ্য	b o l j O g g o	native
বলাধিক্য	b o l a dh i k k O	native
বলাধ্যক্ষ	b o l a d dh O kkh O	tatsama
বলাবাহুল্য	b o l a b a h u l l O	native
বলিন্দ্র	b O l i ndr O	native
বলিবর্দ	b o l O b i r d O	native
বলিশ্ঠ	b o l i sh Th o	native
বল্ক	b o l k	native
বল্গ	b o l g o	native
বল্য	b O l l O	native
বশ্য	b O sh sh O	native
বসওয়ার্থ	b o s O y a r th	proper_noun
বসতিপুর্ন	b o sh o t i p u r n o	native
বসন্ত	b o sh O nt O	native
বসন্তমুক্ত	b o sh o nt o m u kt o	native
বসবাসজোগ্য	b o sh O b a sh j O g g O	loanword
বসবাসযোগ্য	b o sh O b a sh j O g g O	native
বস্ক	b o s k	loanword
বস্তব্য	b o st O b b O	native
বস্তুনিশ্ঠ	b O st u n i sh Th o	native
বস্তুনিষ্ঠ	b O st u n i shTh o	tatsama
বস্ত্র	b o s t r O	native
বস্ত্রপন্য	b o s t r O p o n n o	native
বস্ত্রশিল্প	b o s t r O sh i l p O	native
বহনজোগ্য	b o h O n j O g g O	native
বহিঃসমর্পনজোগ্য	b o h i sh o m o r p o n j O g g o	tatsama
বহিঃস্থ	b o h i sth o	tatsama
বহিত্র	b O h i tr O	native
বহির্বানিজ্য	b O h i r b a n i j j O	native
বহির্বিশ্ব	b O h i r b i sh sh O	tatsama
বহিশ্কান্ত	b O h i sh k r a nt O	native
বহিস্থ	b o h i sth o	native
বহুতলবিশিশ্ট	b O h u t o l b i sh i sh T O	native
বহুধাবিভক্ত	b o h u dh a b i bh o kt o	native
বহুমুত্র	b O h u m u tr O	native
বহুমুল্য	b O h u m u l l O	native
বহুমূল্য	b O h u m u l l O	native
বহুস্তরবিশিশ্ট	b o h u st o r b i sh i sh T o	compound
বহ্বারম্ভ	b o O bh a r o m bh O	native
বাংগালিত্ব	b a ng g a l i tt O	tatsama
বাংনিশ্ঠ	b a ng n i sh Th O	native
বাংমাত্র	b a ng m a tr O	native
বাংলাদেশ-ইংল্যান্ড	b a ng l a d e sh i ng l A n D	compound
বাংলাদেশসংক্রান্ত	b a ng l a d e sh sh o ng kr a nt o	compound
বাংালিত্ব	b a ng g a l i t t o	tatsama
বাইকার্স	b a i k a r s	loanword
বাউন্স	b a u n s	loanword
বাকজুদ্ধ	b a k j u d dh o	tatsama
বাকরুদ্ধ	b a k r u d dh O	tatsama
বাকল্যান্ড	b a k l A n D	proper_noun
বাকেরগঞ্জ	b a k e r g o nj	tatsama
বাক্য	b a k k O	native
বাক্যতত্ত্ব	b a k k O t o t t O	tatsama
বাক্রুদ্ধ	b a kr u d dh o	tatsama
বাক্স	b a k s O	loanword
বাগইবদগ্ধ	b a g b i d o g dh O	native
বাগদত্ত	b a g d o tt o	native
বাগাড়ম্বরপুর্ন	b a g a r mb o r p u r n o	compound
বাগ্যুদ্ধ	b a g j u d dh O	tatsama
বাচ্য	b a ch ch O	native
বাছাইপর্ব	b a chh a i p o r b O	native
বাজারচিত্র	b a j a r ch i tr O	native
বাজারমুল্য	b a j a r m u l l O	native
বাজারসংক্রান্ত	b a j a r sh o ng kr a nt o	compound
বাজারসংলগ্ন	b a j a r sh o ng l o g n O	native
বাজারসংশ্লিশ্ট	b a j a r sh o ng sh l i sh T o	compound
বাজেটসংক্রান্ত	b a j e T sh o ng kr a nt o	compound
বাজেয়াপ্ত	b a j e y a p t o	native
বাজ্জ	b a j j o	native
বাঞ্জ	b E nj O	tatsama
বাড়ন্ত	b a r O nt O	native
বাড়বকুন্ড	b a r o b k u n D o	native
বাড়বাড়ন্ত	b a r b a r o nt o	native
বাড়ানোসংক্রান্ত	b a r a n O sh o ng kr a nt o	compound
বাড়িভাড়াসংক্রান্ত	b a r i bh a r a sh o ng kr a nt o	compound
বাড়িসংক্রান্ত	b a r i sh o ng kr a nt o	compound
বাড়িসংলগ্ন	b a r i sh o ng l o g n o	native
বাড্স	b a D sh	loanword
বাতগর্ভ	b a t g o r bh O	native
বাতাবর্ত	b a t a b o r t O	native
বাতিকগ্রস্ত	b a t i k gr O st o	native
বাতিলজোগ্য	b a t i l j O g g o	native
বাতিলসংক্রান্ত	b a t i l sh o ng kr a nt o	compound
বাদশাগঞ্জ	b a d sh a g o nj	tatsama
বাদিত্র	b a d i tr O	native
বাদিপক্ষ	b a d i p o kkh o	tatsama
বাদীপক্ষ	b a d i p O kkh O	tatsama
বাদ্য	b a d d O	native
বাদ্যজন্ত্র	b a d d O j o n t r O	native
বাদ্যযন্ত্র	b a d d O j o n t r O	native
বাধসংলগ্ন	b a dh sh o ng l o g n o	native
বাধাগ্রস্ত	b a dh a gr O st O	native
বাধাগ্রস্থ	b a dh a gr O sth O	native
বাধাপ্রাপ্ত	b a dh a pr a p t O	native
বাধাবিঘ্ন	b a dh a b i gh n o	native
বাধামুক্ত	b a dh a m u kt o	native
বাধ্য	b a d dh O	native
বানদন্ড	b a n d o n D O	native
বানপ্রস্থ	b a n pr O sth O	native
বানস্পত্য	b a n O s p O t t O	loanword
বানিজ্য	b a n i j j O	native
বানিজ্যকেন্দ্র	b a n i j j O k e ndr O	compound
বানিজ্যবোইশম্য	b a n i j j o b O i sh o m m o	compound
বানিজ্যসংক্রান্ত	b a n i j j o sh o ng kr a nt o	compound
বানিবদ্ধ	b a n i b o d dh o	tatsama
বান্ত	b a nt O	native
বান্দ	b a nd	native
বাপেক্স	b a p e k s	loanword
বাপ্পাদিত্য	b a p p a d i t t o	native
বাবুগঞ্জ	b a b u g o nj	tatsama
বাব্ব	b a b b o	native
বামফ্রন্ট	b a m ph r O n T	loanword
বামাবর্ত	b a b a b o r t O	native
বায়ান্ন	b a y a nn o	native
বায়ার্ড	b a y a r D	proper_noun
বায়ার্ন	b a y a r n	proper_noun
বায়ার্স	b a y a r s	loanword
বায়ুমানজন্ত্র	b a y u m a n j o n t r O	compound
বায়ুশুন্য	b a y u sh u n n o	native
বায়োইনফরমেটিক্স	b a y O i n ph o r m e T i k s	loanword
বারটেক্স	b a r T e k s	loanword
বারটোল্ড	b a r T O l D	proper_noun
বারনার্ড	b a r n a r D	proper_noun
বারিন্দ্র	b a r i ndr O	native
বারেন্দ্র	b a r e ndr O	native
বার্ক	b a r k	proper_noun
বার্গ	b a r g	proper_noun
বার্গক্যাম্প	b a r g k A mp	loanword
বার্জ	b a r j	loanword
বার্ট	b a r T	proper_noun
বার্ট্রান্ড	b a r T r a n D	loanword
বার্ড	b a r D	loanword
বার্থ	b a r th	loanword
বার্ধক্য	b a r dh O k k O	native
বার্ন	b a r n	loanword
বার্নার্ড	b a r n a r D	proper_noun
বার্নার্স	b a r n a r s	proper_noun
বার্ম	b a r m	loanword
বার্য	b a r j O	native
বার্হস্পত্য	b a r h O s p O t t O	loanword
বালখিল্য	b a l kh i l l O	native
বালাগঞ্জ	b a l a g o nj	tatsama
বালার্ক	b a l a r k	native
বালিগঞ্জ	b a l i g o nj	tatsama
বাল্ক	b a l k	loanword
বাল্ব	b a l b	loanword
বাল্য	b a l l O	native
বাশ্প	b a sh p O	native
বাশ্পরুদ্ধ	b a sh p o r u d dh o	tatsama
বাষ্প	b a sh p O	tatsama
বাসজোগ্য	b a sh j O g g O	loanword
বাসনপত্র	b a sh O n p o tr O	native
বাসনাপুর্ন	b a sh o n a p u r n o	loanword
বাসন্ত	b a sh o nt o	loanword
বাসস্ট্যান্ড	b a s s T A n D	loanword
বাসস্ট্যান্ডসংলগ্ন	b a s s T A n D sh o ng l o g n o	loanword
বাস্ট	b a s T	loanword
বাস্টার্ড	b a s T a r D	loanword
বাস্তবচিত্র	b a st O b ch i tr O	loanword
বাস্তবায়নজোগ্য	b a st o b a y o n j O g g o	compound
বাস্তবায়নসংক্রান্ত	b a st o b a y o n sh o ng kr a nt o	compound
বাস্তব্য	b a st O b b O	loanword
বাস্তুতন্ত্র	b a st u t o n t r O	native
বাহান্ন	b a h a nn O	native
বাহুবিশিশ্ট	b a h u b i sh i sh T o	native
বাহুল্য	b a h u l l O	native
বাহ্য	b a j j O	native
বাৎসল্য	b a t sh O l l O	native
বিএমএক্স	b i e m e k s	loanword
বিওপ্র	b i O pr O	native
বিকচ্ছ	b i k o ch chh O	native
বিকর্ন	b i k o r n O	native
বিকর্ম	b i k o r m O	native
বিকর্ষ	b i k o r sh O	tatsama
বিকল্প	b i k o l p O	native
বিকারগ্রস্ত	b i k a r gr O st O	native
বিকির্ন	b i k i r n o	native
বিকৃশ্ট	b i k r i sh T O	tatsama
বিক্রমাদিত্য	b i kr O m a d i t t O	native
বিক্রয়কেন্দ্র	b i kr o y k e ndr O	compound
বিক্রয়জোগ্য	b i kr o y j O g g o	native
বিক্রয়মুল্য	b i kr o y m u l l o	native
বিক্রয়লব্ধ	b i kr o y l o b dh o	native
বিক্রিজোগ্য	b i kr i j O g g o	native
বিক্রিলব্ধ	b i kr i l o b dh o	native
বিক্রিসংক্রান্ত	b i kr i sh o ng kr a nt o	compound
বিক্রেতাশুন্য	b i kr e t a sh u n n o	compound
বিক্ষিপ্ত	b i kkh i p t O	tatsama
বিক্ষুদ্ধ	b i kkh u d dh o	tatsama
বিক্ষুব্ধ	b i kkh u b dh O	tatsama
বিখন্ড	b i kh o n D o	native
বিগ্ন	b i g n O	native
বিঘ্ন	b i gh n O	native
বিচরনক্ষেত্র	b i ch o r o n kh e tr O	tatsama
বিচারকক্ষ	b i ch a r k o kkh o	tatsama
বিচারকর্ম	b i ch a r k o r m o	native
বিচারকার্য	b i ch a r k a r j O	native
বিচারপুর্ব	b i ch a r p u r b o	native
বিচারবুদ্ধিসম্পন্ন	b i ch a r b u d dh i sh o mp o nn o	tatsama
বিচারমঞ্চ	b i ch a r m o nch o	tatsama
বিচারসংক্রান্ত	b i ch a r sh o ng kr a nt o	compound
বিচার্য	b i ch a r j O	native
বিচিত্র	b i ch i tr O	native
বিচিত্রবির্য	b i ch i tr O b i r j O	native
বিচুর্ন	b i ch u r n O	native
বিচ্ছিন্ন	b i ch chh i nn O	native
বিছানাপত্র	b i chh a n a p o tr O	native
বিছিন্ন	b i chh i nn o	native
বিজঘ্ন	b i j o gh n o	native
বিজমন্ত্র	b i j m o n t r O	native
বিজয়চিহ্ন	b i j o y ch i n n o	native
বিজল্প	b i j o l p O	native
বিজুক্ত	b i j u kt O	native
বিজ্ঞ	b i g g O	tatsama
বিজ্ঞানমনস্ক	b i g g a n m O n O s k O	tatsama
বিজ্ঞানসমগ্র	b i g g a n sh o m o gr O	tatsama
বিজ্ঞাপনচিত্র	b i g g a p O n ch i tr O	tatsama
বিজ্ঞাপনসংক্রান্ত	b i g g a p o n sh o ng kr a nt o	tatsama
বিতরনকেন্দ্র	b i t o r o n k e ndr O	native
বিতর্ক	b i t o r k O	native
বিতর্কমুক্ত	b i t o r k o m u kt o	native
বিতশ্রদ্ধ	b i t O s r O d dh O	tatsama
বিতির্ন	b i t i r n O	native
বিতিহোত্র	b i t i h O tr O	native
বিতৃশ্ন	b i t r i sh n a	tatsama
বিত্ত	b i tt O	native
বিদগ্ধ	b i d o g dh O	native
বিদর্ভ	b i d o r bh O	native
বিদির্ন	b i d i r n O	native
বিদ্ধ	b i d dh O	tatsama
বিদ্বিশ্ট	b i d d i sh T O	native
বিদ্বেশপুর্ন	b i d d e sh p u r n O	native
বিদ্বৎকল্প	b i d d o t k o l p O	native
বিদ্যালয়সংলগ্ন	b i d d a l o y sh o ng l o g n o	compound
বিদ্যুকেন্দ্র	b i d d u t k e ndr O	compound
বিদ্যুত্স্পৃশ্ট	b i d d u t s p ri sh T o	tatsama
বিদ্যুৎকেন্দ্র	b i d d u t k e ndr O	compound
বিদ্যুৎবিচ্ছিন্ন	b i d d u t b i ch chh i nn O	compound
বিদ্যুৎসংক্রান্ত	b i d d u t sh o ng kr a nt o	compound
বিদ্যুৎস্পৃশ্ট	b i d d u t s p ri sh T O	tatsama
বিদ্রোহসংক্রান্ত	b i d r O h o sh o ng kr a nt o	compound
বিধানসংক্রান্ত	b i dh a n sh o ng kr a nt o	compound
বিধিবদ্ধ	b i dh i b o d dh O	tatsama
বিধ্বস্ত	b i d dh o st O	tatsama
বিনম্র	b i n o m r O	native
বিনশ্ট	b i n o sh T O	native
বিনষ্ট	b i n o shT O	tatsama
বিনিক্ষিপ্ত	b i n i kkh i p t O	tatsama
বিনিজুক্ত	b i n i j u kt O	native
বিনিদ্র	b i n i d r O	native
বিনিময়জোগ্য	b i n i m o y j O g g o	native
বিনিময়মুল্য	b i n i m o y m u l l o	native
বিনিময়সংক্রান্ত	b i n i m o y sh o ng kr a nt o	compound
বিনিয়োগজোগ্য	b i n i y O g j O g g o	native
বিনিয়োগসংক্রান্ত	b i n i y O g sh o ng kr a nt o	compound
বিনির্বৃত্ত	b i n i r b ri tt O	tatsama
বিনির্মুক্ত	b i n i r m u kt O	native
বিনোদনকেন্দ্র	b i n O d O n k e ndr O	compound
বিন্দুমাত্র	b i nd u m a tr O	native
বিন্ধ্য	b i n dh O	tatsama
বিন্ন	b i nn o	native
বিন্যস্ত	b i n n O st O	native
বিপক্ষ	b i p o kkh O	tatsama
বিপণিকেন্দ্র	b i p O n i k e ndr O	tatsama
বিপদগ্রস্ত	b i p o d gr O st O	native
বিপদমুক্ত	b i p o d m u kt O	native
বিপদাপন্ন	b i p O d a p o nn O	native
বিপননকেন্দ্র	b i p o n o n k e ndr O	native
বিপনিকেন্দ্র	b i p o n i k e ndr O	native
বিপন্ন	b i p o nn O	native
বিপর্যস্ত	b i p o r j o st O	native
বিপ্র	b i pr O	native
বিপ্রকর্ষ	b i pr O k o r sh O	tatsama
বিপ্রকৃশ্ট	b i pr O k ri sh T O	tatsama
বিপ্রজুক্ত	b i pr O j u kt O	native
বিপ্রলব্ধ	b i pr O l o b dh O	native
বিপ্রলম্ভ	b i pr O l o m bh O	native
বিবর্ত	b i b o r t O	native
বিবর্ন	b i b o r n O	native
বিবস্ত্র	b i b o s t r O	native
বিবাদিভুক্ত	b i b a d i bh u kt O	native
বিবাহজোগ্য	b i b a h O j O g g O	native
বিবাহযোগ্য	b i b a h O j O g g O	native
বিবিক্ত	b i b i kt O	native
বিবৃত্ত	b i b ri tt O	tatsama
বিবেকসম্পন্ন	b i b e k sh o mp o nn o	native
বিবেকানন্দ	b i b e k a n o nd O	native
বিবেচনাজোগ্য	b i b e ch o n a j O g g o	native
বিবেচ্য	b i b e ch ch O	native
বিভক্ত	b i bh o kt O	native
বিভত্স	b i bh o t sh o	native
বিভন্ন	b i bh o nn o	native
বিভাগসংক্রান্ত	b i bh a g sh o ng kr a nt o	compound
বিভাজ্য	b i bh a j j O	native
বিভিন্ন	b i bh i nn O	native
বিভিন্ন্ন	b i bh i n n o n	native
বিভ্রান্ত	b i bh r a nt e	native
বিমর্ষ	b i m o r sh O	tatsama
বিমানবন্দরসংলগ্ন	b i m a n b o nd o r sh o ng l o g n o	compound
বিমাসংক্রান্ত	b i m a sh o ng kr a nt o	compound
বিমিশ্র	b i m i s r O	native
বিমুক্ত	b i m u kt O	native
বিমুগ্ধ	b i m u g dh O	native
বিমুর্ত	b i m u r t O	native
বিমৃশ্ট	b i m ri sh T O	tatsama
বিম্ব	b i mb O	native
বিয়ন্ড	b i y o n D	loanword
বিয়ন্স	b i y o n s	loanword
বিয়ের কার্ড	b i y e r | k a r D	compound
বিয়েসংক্রান্ত	b i y e sh o ng kr a nt o	compound
বিয়োগান্ত	b i y O g a nt o	native
বিযুক্ত	b i j u kt O	native
বিরক্ত	b i r O kt O	native
বিরগঞ্জ	b i r g o nj	tatsama
বিরত্ব	b i r O tt O	tatsama
বিরত্বপুর্ন	b i r O tt O p u r n O	tatsama
বিরশ্রেশ্ঠ	b i r s r e sh Th O	native
বিরুদ্ধ	b i r u d dh O	tatsama
বিরুপাক্ষ	b i r u p a kkh O	tatsama
বিরেন্দ্র	b i r e ndr O	native
বিরোধপুর্ন	b i r O dh p u r n O	native
বিরোধসংক্রান্ত	b i r O dh sh o ng kr a nt o	compound
বিরোধিপক্ষ	b i r O dh i p o kkh O	tatsama
বির্য	b i r j O	native
বিলজ্জ	b i l o j j O	native
বিলবোর্ড	b i l b O r D	loanword
বিলভদ্র	b i l bh o d r O	native
বিলম্ব	b i l O mb O	native
বিলসংক্রান্ত	b i l sh o ng kr a nt o	native
বিলসংলগ্ন	b i l sh o ng l o g n o	native
বিলাসদ্রব্য	b i l a sh d r O b b o	native
বিলাসপন্য	b i l a sh p o n n o	native
বিলিপ্ত	b i l i p t O	native
বিলুপ্ত	b i l u p t O	native
বিল্ট	b i l T	loanword
বিল্ড	b i l D	loanword
বিল্ডার্স	b i l D a r s	loanword
বিল্ব	b i l l O	native
বিশচক্র	b i sh ch o kr O	native
বিশন্ন	b i sh o nn O	native
বিশবাশ্প	b i sh b a sh p O	native
বিশবৃক্ষ	b i sh b ri kkh O	tatsama
বিশমুক্ত	b i sh m u kt O	native
বিশমোশ্ন	b i sh m O sh n o	native
বিশয়বোইচিত্র্য	b i sh o y b o i ch i t r o	compound
বিশয়সংক্রান্ত	b i sh o y sh o ng kr a nt o	compound
বিশল্য	b i sh O l l O	native
বিশাক্ত	b i sh a kt O	native
বিশাদগ্রস্ত	b i sh a d gr O st O	native
বিশালত্ব	b i sh a l o tt O	tatsama
বিশির্ন	b i sh i r n O	native
বিশিশ্ট	b i sh i sh T O	native
বিশুদ্ধ	b i sh u d dh O	tatsama
বিশুশ্ক	b i sh u sh k O	native
বিশেশজ্ঞ	b i sh e sh o g g O	tatsama
বিশেশত্ব	b i sh e sh o tt O	tatsama
বিশেশ্য	b i sh e sh sh O	native
বিশেষজ্ঞ	b i sh e sh o g g O	tatsama
বিশেষ্য	b i sh e sh sh O	tatsama
বিশ্টব্ধ	b i sh T o b dh O	native
বিশ্টম্ভ	b i sh T o m bh O	native
বিশ্টিভদ্র	b i sh T i bh o d r O	native
বিশ্ব	b i sh sh O	tatsama
বিশ্বওইতিহ্য	b i sh sh O O i t i j jh O	tatsama
বিশ্বজুদ্ধ	b i sh sh o j u d dh o	tatsama
বিশ্বধর্ম	b i sh sh o dh o r m o	tatsama
বিশ্ববরেন্য	b i sh sh O b o r e n n O	tatsama
বিশ্ববাণিজ্য	b i sh sh O b a n i j j O	tatsama
বিশ্ববানিজ্য	b i sh sh O b a n i j j O	tatsama
বিশ্ববিদ্যালয়ছাত্র	b i sh sh o b i d d a l o y chh a tr O	tatsama
বিশ্ববিদ্যালয়সংলগ্ন	b i sh sh o b i d d a l o y sh o ng l o g n o	tatsama
বিশ্বব্রহ্মান্ড	b i sh sh o br O m m a n D o	tatsama
বিশ্বভ্রাতৃত্ব	b i sh sh o bh a t r i t t o	tatsama
বিশ্বরেকর্ড	b i sh sh O r e k O r D	tatsama
বিশ্বসাহিত্য	b i sh sh o sh a h i t t o	tatsama
বিশ্বস্ত	b i sh sh o st O	tatsama
বিশ্বস্বাস্থ্য	b i sh sh O sh a sh th O	tatsama
বিশ্বামিত্র	b i sh sh a m i tr O	tatsama
বিশ্বাসজোগ্য	b i sh sh a sh j O g g O	tatsama
বিশ্বাস্য	b i sh sh a sh sh o	tatsama
বিশ্য	b i sh sh O	native
বিশ্রদ্ধ	b i s r O d dh O	tatsama
বিশ্রম্ভ	b i s r O m bh O	native
বিশ্রান্ত	b i s r a nt O	native
বিশ্লিশ্ট	b i sh l i sh T o	native
বিশ্লেশনসংক্রান্ত	b i sh l e sh o n sh o ng kr a nt o	compound
বিষবৃক্ষ	b i sh b r i k kh O	tatsama
বিষাদগ্রস্ত	b i sh a d gr O st O	tatsama
বিসর্গ	b i sh o r g O	native
বিসর্প	b i sh o r p O	native
বিসৃশ্ট	b i sh sh ri sh T O	tatsama
বিস্ট	b i s T	loanword
বিস্ত	b i st O	native
বিস্তির্ন	b i st i r n O	native
বিস্ফোরকদ্রব্য	b i sh ph O r O k d r O b b O	compound
বিস্মরনজোগ্য	b i sh ph O r o n j O g g o	native
বিস্রস্ত	b i s r O st O	native
বিহাইন্ড	b i h a i n D	loanword
বীরগঞ্জ	b i r g o nj	proper_noun
বীরেন্দ্র	b i r e ndr O	native
বুকমার্ক	b u k m a r k	loanword
বুক্ক	b u k k O	native
বুখারেস্ট	b u kh a r e s T	loanword
বুজুর্গ	b u j u r g O	proper_noun
বুড়িগঞ্জ	b u r i g o nj	tatsama
বুড্ডিস্ট	b u D D i s T	loanword
বুদাপেস্ট	b u d a p e s T	proper_noun
বুদ্ধ	b u d dh O	tatsama
বুদ্ধত্ব	b u d dh o tt O	tatsama
বুদ্ধিদিপ্ত	b u d dh i d i p t O	tatsama
বুদ্ধিমত্তাসম্পন্ন	b u d dh i m o tt a sh o mp o nn o	tatsama
বুদ্ধিসম্পন্ন	b u d dh i sh o mp O nn O	tatsama
বুদ্ধিস্ট	b u d dh i s T	loanword
বুয়েন্স	b u y e n s	loanword
বুর্জ	b u r j	native
বুলন্দ	b u l o nd O	native
বুলেটবিদ্ধ	b u l e T b i d dh O	tatsama
বুস্ট	b u s T	loanword
বৃক্ক	b ri k k O	tatsama
বৃক্ষ	b r i k kh O	tatsama
বৃক্ষশুন্য	b ri kkh o sh u n n o	tatsama
বৃত্ত	b ri tt O	tatsama
বৃত্তান্ত	b ri tt a nt O	tatsama
বৃত্তাবদ্ধ	b ri tt a b o d dh o	tatsama
বৃত্তিপ্রাপ্ত	b ri tt i pr a p t O	tatsama
বৃত্য	b ri t t O	tatsama
বৃত্র	b ri tr O	tatsama
বৃদ্ধ	b ri d dh O	tatsama
বৃদ্ধিপ্রাপ্ত	b ri d dh i pr a p t O	tatsama
বৃদ্ধিসংক্রান্ত	b ri d dh i sh o ng kr a nt o	tatsama
বৃন্ত	b ri nt O	tatsama
বৃন্দ	b ri nd O	tatsama
বৃশ্য	b ri sh sh O	tatsama
বেইজিস্ট	b e i j i s T	loanword
বেকারত্ব	b e k a r o tt O	tatsama
বেক্সটেক্স	b e k s T e k s	loanword
বেগমগঞ্জ	b e g o m g o nj	tatsama
বেজমেন্ট	b e j m e n T	loanword
বেঞ্চ	b e nch	loanword
বেঞ্চমার্ক	b e nch m a r k	loanword
বেঞ্জ	b e nj	tatsama
বেডফোর্ড	b e D ph O r D	proper_noun
বেড়িবাধসংলগ্ন	b e r i b a dh o sh o ng l o g n o	compound
বেতনবোইশম্য	b e t o n b O i sh o m m o	native
বেতনভুক্ত	b e t O n bh u kt O	native
বেতনসংক্রান্ত	b e t o n sh o ng kr a nt o	compound
বেতারকেন্দ্র	b e t a r k e ndr O	native
বেতারজন্ত্র	b e t a r j o n t r O	native
বেত্র	b e tr O	native
বেদনার্ত	b e d O n a r t O	native
বেদান্ত	b e d a nt O	native
বেদিতব্য	b e d i t O b b O	native
বেদ্য	b e d d O	native
বেনেডিক্ট	b e n e D i k T	proper_noun
বেন্ট	b e n T	proper_noun
বেবিকর্ন	b e b i k o r n	native
বের্ন	b e r n	loanword
বেলফাস্ট	b E l ph a s T	loanword
বেলমেন্ট	b e l m e n T	proper_noun
বেল্ট	b e l T	loanword
বেশ্ট	b e sh T O	native
বেশ্ম	b e sh sh O	native
বেসক্যাম্প	b e s k A mp	loanword
বেস্ট	b e sh T	loanword
বেহদ্দ	b e h o d d o	native
বেহেস্ত	b e h e st	native
বোইকল্য	b O i k o l l o	native
বোইকুন্ঠ	b O i k u n Th O	native
বোইক্লব্য	b O i kl O b b O	native
বোইগুন্য	b O i g u n n O	native
বোইচক্ষন্য	b O i ch O kkh O n n O	tatsama
বোইচিত্ত্য	b O i ch i tt O	native
বোইচিত্র্য	b O i ch i t r O	native
বোইচিত্র্যপুর্ন	b O i ch i t r O p u r n O	compound
বোইজয়ন্ত	b O i j o y O nt O	native
বোইজাত্য	b O i j a t t O	native
বোইঠকসংশ্লিশ্ট	b O i Th o k sh o ng sh l i sh T o	compound
বোইদর্ভ	b O i d o r bh O	native
বোইদুর্য	b O i d u r j O	native
বোইদ্য	b O i d d o	native
বোইধতাসংক্রান্ত	b O i dh o t a sh o ng kr a nt o	compound
বোইধব্য	b O i dh O b b O	native
বোইধর্ম্য	b O i dh o r m O	native
বোইধুর্য	b O i dh u r j O	native
বোইধ্য	b O i d dh O	native
বোইপরিত্য	b O i p o r i t t o	native
বোইফল্য	b O i ph O l l O	native
বোইমনস্য	b O i m o n O sh sh O	native
বোইয়র্থ্য	b O i o r th O	native
বোইয়াঘ্র	b O i y a g gh r O	native
বোইরাগ্য	b O i r a g g o	native
বোইরিভাবাপন্ন	b O i r i bh a b a p o nn o	compound
বোইরুপ্য	b O i r u p p O	native
বোইলক্ষন্য	b O i l O kkh O n n O	tatsama
বোইশদ্য	b O i sh O d d O	native
বোইশম্য	b O i sh o m m o	native
বোইশম্যপুর্ন	b O i sh o m m o p u r n o	native
বোইশিশ্ট্য	b O i sh i sh T o	native
বোইশিশ্ট্যজুক্ত	b O i sh i sh T o j u kt o	compound
বোইশিশ্ট্যপুর্ন	b O i sh i sh T o p u r n o	compound
বোইশিশ্ট্যসম্পন্ন	b O i sh i sh T o sh o mp o nn o	compound
বোইশ্য	b O i sh sh o	native
বোইসাদৃশ্য	b O i sh a d ri sh sh O	tatsama
বোউদ্ধ	b O u d dh O	tatsama
বোউদ্ধধর্ম	b O u d dh O dh o r m O	tatsama
বোওর্ড	b O O r D	loanword
বোকায়ের্ট	b O k a y e r T	native
বোচাগঞ্জ	b O ch a g o nj	tatsama
বোটোক্স	b O T O k s	loanword
বোধগম্য	b O dh O g o m m O	native
বোধজোগ্য	b O dh j O g g o	native
বোধসম্পন্ন	b O dh sh o mp o nn o	native
বোধিসত্ত্ব	b O dh i sh o t t O	tatsama
বোফর্স	b O ph o r s	proper_noun
বোফোর্স	b O ph O r s	proper_noun
বোমাবিশেশজ্ঞ	b O m a b i sh e sh o g g o	tatsama
বোর্ড	b O r D	loanword
বোর্শবার্গ	b O r sh b a r g	native
বোল্ট	b O l T	loanword
বোল্ড	b O l D	loanword
ব্যংগচিত্র	b A ng g o ch i tr O	native
ব্যংগ্য	b A ng g O	native
ব্যক্ত	b A kt O	native
ব্যক্তিত্ব	b A kt i tt O	tatsama
ব্যক্তিত্বসম্পন্ন	b A kt i tt O sh o mp O nn O	tatsama
ব্যক্তিবর্গ	b A kt i b o r g o	native
ব্যক্তিস্বার্থ	b A kt i sh a r th e	tatsama
ব্যগ্র	b A gr O	native
ব্যঞ্জনজুক্ত	b A nj o n j u kt o	tatsama
ব্যঞ্জনবর্ণ	b A nj O n b o r n O	tatsama
ব্যঞ্জনবর্ন	b A nj o n b o r n o	tatsama
ব্যতিব্যস্ত	b A t i b A st O	native
ব্যতিরিক্ত	b e t i r i kt O	native
ব্যথামুক্ত	b A th a m u kt O	native
ব্যবচ্ছিন্ন	b A b o ch chh i nn O	native
ব্যবসাকেন্দ্র	b A b O sh a k e ndr O	compound
ব্যবসাবানিজ্য	b A b sh a b a n i j j O	compound
ব্যবসাসংক্রান্ত	b A b sh a sh o ng kr a nt O	compound
ব্যবস্থাপত্র	b A b O sth a p o tr O	native
ব্যবস্থাপনাসংক্রান্ত	b A b o sth a p o n a sh o ng kr a nt o	compound
ব্যবহারজোগ্য	b A b O h a r j O g g O	native
ব্যবহারসংক্রান্ত	b A b o h a r sh o ng kr a nt o	compound
ব্যবহার্য	b A b O h a r j O	native
ব্যয়সংক্রান্ত	b A y sh o ng kr a nt o	compound
ব্যয়সাধ্য	b A y o sh a d dh o	native
ব্যয়সাপেক্ষ	b A y k o sh a p e kkh e	tatsama
ব্যর্থ	b A r th O	native
ব্যর্থরাশ্ট্র	b A r th o r a sh T r O	loanword
ব্যস্ত	b A st O	native
ব্যাংকার্স	b A ng k a r s	loanword
ব্যাং্ক	b A ng k	native
ব্যাকওয়ার্ড	b A k O y a r D	loanword
ব্যাককোম্ব	b A k k O mb	loanword
ব্যাকগ্রাউন্ড	b A k gr a u n D	compound
ব্যাক্ত	b A kt O	native
ব্যাঘ্র	b A g gh r O	native
ব্যাটলফিল্ড	b A T o l ph i l D	loanword
ব্যাত্ত	b A tt o	native
ব্যাদত্ত	b A d o tt o	native
ব্যাধিগ্রস্ত	b A dh i gr O st o	native
ব্যান্ড	b A n D	loanword
ব্যাপটিস্ট	b A p T i s T	loanword
ব্যাপ্টিস্ট	b A p T i s T	loanword
ব্যাপ্ত	b A p t O	native
ব্যার্থ	b A r th O	native
ব্যালান্স	b A l a n s	loanword
ব্যালাস্ট	b A l a s T	loanword
ব্যালেন্স	b A l e n s	loanword
ব্যাসক্ত	b A sh o kt O	native
ব্যাসবাক্য	b A sh b a k k O	native
ব্যাসার্ধ	b A sh a r dh O	native
ব্যাস্ত	b A st O	loanword
ব্রংকহর্স্ট	br O ng k h o r s T	proper_noun
ব্রজেন্দ্র	br O j e ndr O	native
ব্রডকাস্ট	br O D k a s T	loanword
ব্রডব্যান্ড	br O D b A n D	loanword
ব্রহ্ম	br O m h O	tatsama
ব্রহ্মচর্য	br O m m o ch o r j o	tatsama
ব্রহ্মপুত্র	br O m h O p u tr O	tatsama
ব্রহ্মান্ড	br O m m a n D o	tatsama
ব্রাউনফিল্ড	br a u n ph i l D	loanword
ব্রাঞ্চ	br a nch	tatsama
ব্রাডফোর্ড	br a D ph O r D	proper_noun
ব্রাত্য	br a t t O	native
ব্রাদার্স	br a d a r s	loanword
ব্রান্ড	br a n D	loanword
ব্রান্ডেনবার্গ	br a n D e n b a r g	compound
ব্রায়ান্ট	br a y a n T	proper_noun
ব্রাসেল্স	br a s e l s	proper_noun
ব্রাহ্ম	br a m m o	tatsama
ব্রাহ্মন্য	br a m h O n n O	tatsama
ব্রিকফিল্ড	br i k ph i l D	loanword
ব্রিকসভুক্ত	b ri k s bh u kt O	loanword
ব্রিক্স	b ri k s	loanword
ব্রিডার্স	br i D a r s	loanword
ব্রিলিয়ান্ট	br i l i y a n T	loanword
ব্রেকডান্স	br e k D a n s	loanword
ব্রেকফাস্ট	br e k ph a s T	loanword
ব্রেকার্স	br e k a r s	loanword
ব্রেন্ট	br e n T	loanword
ব্রেস্ট	br e s T	loanword
ব্রোঞ্জ	br O nj	loanword
ব্র্যাঞ্চ	b r A nch	loanword
ব্র্যান্ড	b r A n D	loanword
ব্ল	bl o	loanword
ব্লকপ্রিন্ট	bl o k pr i n T	loanword
ব্লন্ড	bl o n D	loanword
ব্লাইন্ড	bl a i n D	loanword
ব্লাস্ট	bl a s T	loanword
ব্লিজার্ড	bl i j a r D	loanword
ব্লুপ্রিন্ট	bl u pr i n T	loanword
ব্লুমবার্গ	bl u m b a r g	loanword
ব্লুয়েন্ত	bl u y e nt o	loanword
ব্লু–ফিল্ম	bl u ph i l m	loanword
ব্লেজার্স	bl e j a r s O	loanword
ব্লেন্ড	bl e n D	loanword
ব্ল্যাকবক্স	b l A k b o k s	loanword
ব্ল্যাকবার্ন	b l A k b a r n	loanword
ব্ল্যাকবোর্ড	b l A k b O r D o	loanword
ব্ল্যাকলিস্ট	bl A k l i s T	loanword
ব্ল্যাস্ট	bl A s T	loanword
ভংগ্য	bh o ng g O	native
ভইরব-টু-কিশোরগঞ্জ	bh O i r o b T u k i sh O r g o n j	compound
ভক্ত	bh o kt O	native
ভক্ষ	bh O kkh O	tatsama
ভগবদ্দত্ত	bh o g o b o d d o tt O	native
ভগবদ্ভক্ত	bh o g o b o d bh o kt O	native
ভগ্ন	bh o g n O	native
ভচক্র	bh o ch o kr O	native
ভজেনসিয়েনিস্ক	bh o j e n s i y e n i s k o	proper_noun
ভট্ট	bh o T T O	native
ভট্টাচার্য	bh o T T a ch a r j o	native
ভট্টাচার্য্য	bh o T T a ch a r j O	native
ভদন্ত	bh o d o nt O	native
ভদ্র	bh o d r O	native
ভদ্রস্থ	bh o d r O sth O	native
ভন্ড	bh o n D O	native
ভবনসংলগ্ন	bh o b o n sh o ng l o g n o	native
ভবনসংশ্লিশ্ট	bh o b o n sh o ng sh l i sh T o	native
ভবানিগঞ্জ	bh o b a n i g o nj	tatsama
ভবিতব্য	bh O b i t o b b O	native
ভবিশ্য	bh O b i sh sh O	native
ভবিশ্যৎসাপেক্ষ	bh o b i sh sh o t sh a p e kkh o	tatsama
ভব্য	bh O b b O	native
ভয়শুন্য	bh o y sh u n n o	native
ভয়ার্ত	bh o y a r t o	native
ভরকেন্দ্র	bh o r k e ndr O	native
ভরন্ত	bh o r O nt O	native
ভর্গ	bh o r g O	native
ভর্তব্য	bh o r t O b b O	native
ভর্তিজুদ্ধ	bh O r t i j u d dh O	tatsama
ভর্তিজোগ্য	bh o r t i j O g g o	native
ভর্তিবানিজ্য	bh o r t i b a n i j j o	native
ভর্তিযুদ্ধ	bh O r t i j u d dh O	tatsama
ভর্তিসংক্রান্ত	bh O r t i sh o ng kr a nt O	compound
ভলান্টিয়ার্স	bh o l a n T i y a r s	loanword
ভল্ট	bh o l T	loanword
ভস্ম	bh o sh sh O	tatsama
ভাইরাসজুক্ত	bh a i r a s j u kt o	loanword
ভাইরাসমুক্ত	bh a i r a s m u kt o	loanword
ভাক্ত	bh a kt O	native
ভাগ্য	bh a g g O	native
ভাজ্য	bh a j j O	native
ভাতাসংক্রান্ত	bh a t a sh o ng kr a nt o	compound
ভাদ্র	bh a d r O	proper_noun
ভান্ড	bh a n D	native
ভাবগাম্ভির্য	bh a b g a m bh i r j O	native
ভাবগাম্ভির্যপুর্ন	bh a b g a m bh i r j o p u r n o	compound
ভাববাচ্য	bh a b b a ch ch O	native
ভাবশিশ্য	bh a b sh i sh sh o	native
ভাবাদর্শ	bh a b a d o r sh O	native
ভাবার্থ	bh a b a r th o	native
ভাবিসাপেক্ষ	bh a b i sh a p e kkh o	tatsama
ভাব্য	bh a b b O	native
ভায়োলেন্স	bh a y O l e n s	loanword
ভারটেক্স	bh a r T e k s	loanword
ভারতচন্দ্র	bh a r O t ch o ndr O	native
ভারতবর্ষ	bh a r o t b o r sh o	tatsama
ভারতরত্ন	bh a r O t r o t n O	native
ভারপ্রাপ্ত	bh a r pr a p t O	native
ভারমুক্ত	bh a r m u kt O	native
ভারসাম্য	bh a r sh a m m O	native
ভারসাম্যপুর্ন	bh a r sh a m m O p u r n O	compound
ভারাক্রান্ত	bh a r a kr a nt O	native
ভারিত্ব	bh a r i tt o	tatsama
ভার্জ	bh a r j	loanword
ভার্ট	bh a r T	loanword
ভালোত্ব	bh a l O tt o	tatsama
ভালোমন্দ	bh a l O m o nd O	native
ভাল্ব	bh a l b	loanword
ভাশাতত্ত্ব	bh a sh a t o t t O	tatsama
ভাশাবিশেশজ্ঞ	bh a sh a b i sh e sh o g g o	tatsama
ভাশ্য	bh a sh sh O	native
ভাস্কর্য	bh a sh k o r j O	native
ভিউয়ার্স	bh i u y a r s	loanword
ভিএক্স	bh i e k s	loanword
ভিক্ষাপাত্র	bh i kkh a p a tr O	tatsama
ভিজিলেন্স	bh i j i l A n s	loanword
ভিজিল্যান্স	bh i j i l A n s	loanword
ভিডিওচিত্র	bh i D i O ch i tr O	loanword
ভিডিওদৃশ্য	bh i D i O d ri sh sh o	loanword
ভিতসন্ত্রস্ত	bh i t O sh o n t r O st O	native
ভিত্ত	bh i tt O	native
ভিত্তিমুল্য	bh i tt i m u l l O	native
ভিত্তিমূল্য	bh i tt i m u l l O	native
ভিত্তিসম্পন্ন	bh i tt i sh o mp o nn o	compound
ভিদ্য	bh i d d O	native
ভিনসেন্ট	bh i n s e n T	proper_noun
ভিন্ন	bh i nn O	native
ভিন্স	bh i n s	loanword
ভিমগঞ্জ	bh i m g o nj	tatsama
ভিলিয়ার্স	bh i l i y a r s	proper_noun
ভিল্ডার্স	bh i l D a r s	proper_noun
ভিশ্ম	bh i sh m O	native
ভিসাসংক্রান্ত	bh i s a sh o ng kr a nt O	compound
ভিস্ত	bh i st O	native
ভীতসন্ত্রস্ত	bh i t O sh o n t r O st O	native
ভুকম্প	bh u k o mp O	native
ভুক্ত	bh u kt O	native
ভুখন্ড	bh u kh o n D O	native
ভুগর্ভ	bh u g o r bh o	native
ভুগর্ভস্থ	bh u g o r bh O sth O	native
ভুগ্ন	bh u g n O	native
ভুজিশ্য	bh u j i sh sh O	native
ভুতত্ত্ব	bh u t o t t O	tatsama
ভুতপুর্ব	bh u t o p u r b o	native
ভুতাপেক্ষ	bh u t a p e kkh o	tatsama
ভুতার্থ	bh u t a r th O	native
ভুপৃশ্ঠ	bh u p ri sh Th O	tatsama
ভুপেন্দ	bh u p e nd o	native
ভুমিকম্প	bh u m i k o mp O	native
ভুমিকম্পবিধ্বস্ত	bh u m i k o mp o b i d dh o st o	tatsama
ভুমিন্দ্র	bh u m i ndr O	native
ভুমিশ্ট	bh u m i sh T O	native
ভুমিশ্ঠ	bh u m i sh Th O	native
ভুমিসংক্রান্ত	bh u m i sh o ng kr a nt O	compound
ভুমিসংশ্লিশ্ট	bh u m i sh o ng sh l i sh Th o	compound
ভুয়িশ্ঠ	bh u y i sh Th O	native
ভুর্জ	bh u r j O	native
ভুস্বর্গ	bh u sh o r g O	tatsama
ভূকম্প	bh u k o mp O	native
ভূখণ্ড	bh u kh o n D O	tatsama
ভূপৃষ্ঠ	bh u p r i sh Th O	tatsama
ভূমিকম্প	bh u m i k o mp O	native
ভৃত্য	bh ri t t O	tatsama
ভৃশ্ট	bh r i sh T o	tatsama
ভেজালমুক্ত	bh e j a l m u kt O	native
ভেটেরান্স	bh e T e r a n s O	loanword
ভেদরগঞ্জ	bh e d r g o nj O	tatsama
ভেস্ট	bh e s T	loanword
ভেস্ত	bh e st O	native
ভোইক্ষ	bh O i kkh o	tatsama
ভোকালিস্ট	bh O k a l i s T	loanword
ভোক্তব্য	bh O kt O b b O	native
ভোগার্হ	bh O g a r h O	native
ভোগাসক্ত	bh O g a sh o kt O	native
ভোগোইশ্বর্য	bh O g O i sh sh o r j O	tatsama
ভোগ্য	bh O g g O	native
ভোগ্যপন্য	bh O g g O p O n n O	native
ভোজ্য	bh O j j O	native
ভোটকক্ষ	bh O T k o kkh O	tatsama
ভোটকেন্দ্র	bh O T k e ndr O	native
ভোটারজোগ্য	bh O T a r j O g g O	native
ভোটারযোগ্য	bh O T a r j O g g O	native
ভোটারশুন্য	bh O T a r sh u n n o	native
ভোর্টিগার্ন	bh O r T i g a r n	proper_noun
ভোলাগঞ্জ	bh O l a g o nj	tatsama
ভোল্ট	bh O l T	loanword
ভ্যানগার্ড	bh A n g a r D	loanword
ভ্যানডারবিল্ট	bh A n D a r b i l T	compound
ভ্যালেন্টাইন্স	bh A l e n T a i n s	loanword
ভ্রমনসংক্রান্ত	bh r O m o n sh o ng kr a nt o	compound
ভ্রমান্ধ	bh r O m a ndh O	tatsama
ভ্রশ্ট	bh r O sh T O	native
ভ্রষ্ট	bh r O shT O	tatsama
ভ্রাতুশ্পুত্র	bh r a t u sh p u tr O	compound
ভ্রাতুষ্পুত্র	bh r a t u sh p u tr O	tatsama
ভ্রাতৃত্ব	bh r a t r i t t o	tatsama
ভ্রাতৃত্বপুর্ন	bh r a t r i t t o p u r n o	tatsama
ভ্রান্ত	bh r a nt O	native
মইত্র	m O i tr O	native
মকরন্দ	m o k O r o nd O	native
মক্স	m o k s	loanword
মগ্ন	m o g n O	native
মজুরিবোইশম্য	m o j u r i b O i sh o m m o	native
মজুরিসংক্রান্ত	m o j u r i sh o ng kr a nt o	compound
মঞ্চ	m o nch O	tatsama
মঞ্চস্থ	m o nch O sth O	tatsama
মডার্ন	m o D a r n	loanword
মতইক্য	m o t O i k k O	native
মতপার্থক্য	m o t O p a r th O k k O	native
মতাদর্শ	m o t a d o r sh O	native
মতানইক্য	m o t a n O i k k O	native
মতানোইক্য	m o t a n O i k k o	native
মতিন্দ্র	m o t i ndr O	native
মতোইক্য	m o t O i k k o	native
মত্ত	m o tt O	native
মত্স্য	m o t sh O	native
মদদপুশ্ট	m o d O d p u sh T O	native
মদদপুষ্ট	m o d O d p u shT O	tatsama
মদনগঞ্জ	m o d o n g o nj	tatsama
মদোন্মত্ত	m o d O n m o tt o	native
মদ্য	m o d d O	native
মদ্র	m o d r O	native
মধ্য	m O d dh O	native
মধ্যপ্রাচ্য	m O d dh O p r a ch ch O	native
মধ্যবয়স্ক	m o d dh o b o y o s k o	loanword
মধ্যবিত্ত	m O d dh O b i tt O	native
মধ্যাহ্ন	m O d dh a n n O	native
মনঃকশ্ট	m o n o k o sh T o	tatsama
মনঃক্ষুন্ন	m o n O kh u nn O	tatsama
মনঃস্থ	m o n o sth o	tatsama
মনশ্চাঞ্চল্য	m o n O sh ch a nch O l l O	tatsama
মনস্ক	m o n o s k O	loanword
মনস্তত্ত্ব	m o n O st o t t O	tatsama
মনস্থ	m o n O sth O	native
মনিন্দ্র	m o n i ndr O	native
মনিবন্ধ	m O n i b o ndh O	tatsama
মনিয়ন্দ	m o n i y o nd o	native
মনুমেন্ট	m O n u m e n T	loanword
মনুশ্য	m O n u sh m O	native
মনুশ্যত্ব	m O n u sh sh o tt O	tatsama
মনুশ্যবর্জ্য	m o n u sh sh o b o r j o	native
মনুশ্যসৃশ্ট	m O n u sh sh O sh ri sh T O	tatsama
মনুষ্যসৃষ্ট	m O n u sh sh O s ri shT O	tatsama
মনোকশ্ট	m o n O k o sh T O	native
মনোগ্রামজুক্ত	m o n O gr a m o j u kt o	compound
মনোজ্ঞ	m o n O g g o	tatsama
মনোনয়নপত্র	m o n O n o y o n p o tr O	native
মনোফিলামেন্ট	m O n O ph i l a m e n T	loanword
মনোভাবাপন্ন	m o n O bh a b a p o nn o	native
মনোমালিন্য	m o n O m a l i n n O	native
মনোয়নপত্র	m o n O y o n p o tr O	native
মনোরাজ্য	m o n O r a j j O	native
মনোসেক্স	m o n O s e k s	loanword
মনোহরগঞ্জ	m o n O h o r g o nj	tatsama
মন্ড	m o n D O	native
মন্তব্য	m o nt O b b O	native
মন্ত্র	m o n t r O	native
মন্ত্রনালয়সংক্রান্ত	m o n t r O n a l o y sh o ng kr a nt o	compound
মন্ত্রমুগ্ধ	m o n t r O m u g dh O	native
মন্ত্রিত্ব	m O nt ri t t O	tatsama
মন্ত্রিপুত্র	m o nt ri p u tr O	native
মন্থ	m o n th O	native
মন্দ	m o nd O	native
মন্দাক্রান্ত	m o nd a kr a nt o	native
মন্দ্র	m o ndr O	native
মমতাজগঞ্জ	m o m o t a j g o nj	tatsama
মমত্ব	m o m O tt O	tatsama
ময়নাতদন্ত	m o y n a t o d o nt o	native
মরণাপন্ন	m o r O n a p O nn O	tatsama
মরনাপন্ন	m o r O n a p O nn O	native
মরন্ত	m o r O nt O	native
মর্গ	m o r g	native
মর্ত্য	m o r t o	native
মর্ম	m o r m O	native
মর্মার্থ	m o r m a r th O	native
মর্যাদাপুর্ন	m o r j a d a p u r n O	native
মর্যাদাসম্পন্ন	m o r j a d a sh o mp o nn O	compound
মলমুত্র	m o l m u tr O	native
মল্ল	m o l l O	native
মল্লজুদ্ধ	m o l l O j u d dh O	tatsama
মসজিদসংলগ্ন	m O sh j i d sh o ng l o g n O	native
মসলাজুক্ত	m o sh l a j u kt O	native
মস্ক	m o s k	loanword
মস্ত	m o st O	native
মস্তিশ্ক	m O st i sh k O	native
মস্তিষ্ক	m O st i sh k O	tatsama
মস্তিস্ক	m O st i s k O	loanword
মহত্ত্ব	m o h O t t O	tatsama
মহন্ত	m o h O nt O	native
মহাকর্ষ	m o h a k o r sh O	tatsama
মহাকাব্য	m o h a k a b b O	native
মহাকুশ্ঠ	m o h a k u sh Th O	native
মহাগুরুত্বপুর্ন	m o h a g u r u t t o p u r n o	tatsama
মহাগ্রন্থ	m o h a gr O n th O	native
মহাজজ্ঞ	m o h a j o g g O	tatsama
মহাজুদ্ধ	m o h a j u d dh O	tatsama
মহাজোটভুক্ত	m o h a j O T bh u kt o	native
মহাঢ্য	m a h a Dh Dh O	native
মহানন্দ	m o h a n o nd o	native
মহান্ত	m o h a nt O	native
মহাপদ্ম	m o h a p o d d O	tatsama
মহাপবিত্র	m o h a p o b i tr O	native
মহাপাত্র	m o h a p a tr O	native
মহাবাক্য	m o h a b a k k O	native
মহাবিপন্ন	m o h a b i p O nn O	native
মহাবিরক্ত	m o h a b i r o kt o	native
মহাবিশ্ব	m o h a b i sh sh O	tatsama
মহাবোইদ্য	m o h a b O i d d O	native
মহাব্যস্ত	m o h a b A st O	native
মহামাত্য	m o h a m a t t O	native
মহামাত্র	m o h a m a tr O	native
মহামান্য	m o h a m a n n O	native
মহামুল্য	m o h a m u l l O	native
মহাযুদ্ধ	m o h a j u d dh O	tatsama
মহারত্ন	m o h a r o t n O	native
মহারন্য	m o h a r O n n O	native
মহারহস্য	m o h a r o h O sh sh O	native
মহারাশ্ট্র	m o h a r a sh T r O	loanword
মহারুদ্র	m o h a r u d r O	native
মহার্ঘ	m o h a r gh O	native
মহার্ঘ্য	m o h a r gh O	native
মহাশুন্য	m o h a sh u n n O	native
মহাশূন্য	m o h a sh u n n O	native
মহাসড়কসংলগ্ন	m o h a sh o r o k sh o ng l o g n o	native
মহাসত্ত্ব	m o h a sh o tt O	tatsama
মহাসমুদ্র	m o h a sh O m u d r O	native
মহিন্দানন্দ	m o h i nd a n o nd o	native
মহিমাগঞ্জ	m O h i m a g o n j	native
মহেন্দ্র	m o h e ndr O	native
মহেশচন্দ্র	m o h e sh ch o ndr O	native
মাংসপিন্ড	m a ng sh o p i n D o	native
মাইক্রোফাইন্যান্স	m a i kr O ph a i n A n s	loanword
মাইক্রোফিন্যান্স	m a i kr O ph i n A n s	loanword
মাইক্রোম্যাক্স	m a i kr O m A k s	loanword
মাইন্ড	m a i n D	loanword
মাইল্ড	m a i l D	loanword
মাউন্ট	m a u n T	loanword
মাওয়িস্ট	m a O y i s T	loanword
মাগুরখন্ড	m a g u r kh o n D o	native
মাছশুন্য	m a chh sh u n n o	native
মাজারসংলগ্ন	m a j a r sh o ng l o g n o	native
মাঞ্জিশ্ঠ	m a n j i sh Th O	native
মাঠকর্ম	m a Th k o r m O	native
মাঠসংলগ্ন	m a Th sh o ng l o g n o	native
মাতৃত্ব	m a t r i t t O	tatsama
মাতৃদুগ্ধ	m a t ri d u g dh O	tatsama
মাতৃস্বাস্থ্য	m a t r i sh a s th O	tatsama
মাত্র	m a tr O	native
মাত্রাতিরিক্ত	m a tr a t i r i kt O	compound
মাত্রাবৃত্ত	m a tr a b ri tt O	tatsama
মাদকদ্রব্য	m a d O k d r O b b O	native
মাদকমুক্ত	m a d O k m u kt O	native
মাদকসংক্রান্ত	m a d o k sh o ng kr a nt o	compound
মাদকাসক্ত	m a d O k a sh O kt O	native
মাদারগঞ্জ	m a d a r g o n j	native
মাদারবোর্ড	m a d a r b O r D	loanword
মাদারল্যান্ড	m a d a r l A n D	loanword
মাদ্রাসাছাত্র	m a d r a sh a chh a tr O	compound
মাদ্রাসাসংলগ্ন	m a d r a sh a sh o ng l o g n o	compound
মাধবকুন্ড	m a dh O b k u n D O	native
মাধুর্য	m a dh u r j O	native
মাধ্ব	m a d dh O	tatsama
মানচিত্র	m a n ch i tr O	native
মানচিহ্ন	m a n ch i n n o	native
মানদন্ড	m a n d o n D O	native
মানপত্র	m a n p o tr O	native
মানবচরিত্র	m a n o b ch o r i tr O	native
মানবধর্ম	m a n O b dh o r m O	native
মানববর্জ্য	m a n O b b o r j O	native
মানববর্ম	m a n o b b o r m o	native
মানবসৃশ্ট	m a n O b sh r i sh T O	tatsama
মানবসৃষ্ট	m a n O b s ri shT O	tatsama
মানবস্বাস্থ্য	m a n o b sh a sth o	tatsama
মানবেন্দ্র	m a n O b e ndr O	native
মানসংক্রান্ত	m a n sh o ng kr a nt o	native
মানসম্পন্ন	m a n sh o mp O nn O	native
মানসিক স্বাস্থ্য	m a n O sh i k | sh a s th O	compound
মানসিকতাসম্পন্ন	m a n o sh i k o t a sh o mp o nn o	compound
মানিকগঞ্জ	m a n i k g o n j	native
মানিক্য	m a n i k k O	native
মানিপ্লান্ট	m a n i p l a n T	loanword
মানোত্তির্ন	m a n O tt i r n o	native
মান্দ	m a nd o	native
মান্দ্য	m a nd O	native
মান্য	m a n n O	native
মামলাভুক্ত	m a m o l a bh u kt o	native
মামলাসংক্রান্ত	m a m o l a sh o ng kr a nt o	compound
মারনাস্ত্র	m a r O n a st r O	native
মার্ক	m a r k	native
মার্ক্স	m a r k s	loanword
মার্ক্সিস্ট	m a r k s i s T	loanword
মার্গ	m a r g	native
মার্চ	m a r ch	native
মার্চপাস্ট	m a r ch p a s T	loanword
মার্চেন্ট	m a r ch e n T	loanword
মার্জনাজোগ্য	m a r j o n a j O g g o	native
মার্ট	m a r T	loanword
মার্তন্ড	m a r t o n D O	native
মার্শ	m a r sh	loanword
মার্স	m a r sh	native
মালঞ্চ	m a l O nch O	tatsama
মালপত্র	m a l p o tr O	native
মালিকপক্ষ	m a l i k p o kkh o	tatsama
মালিকানাসংক্রান্ত	m a l i k a n a sh o ng kr a nt o	compound
মালিন্য	m a l i n n O	native
মাল্টিপ্লেক্স	m a l T i p l e k s	loanword
মাল্য	m a l l O	native
মাসান্ত	m a sh a nt O	native
মাস্ক	m a s k	loanword
মাস্ট	m a s T	loanword
মাস্টারকার্ড	m a s T a r k a r D	loanword
মাস্টারমাইন্ড	m a s T a r m a i n D	loanword
মাস্টার্স	m a s T a r s	loanword
মাহাত্ম্য	m a h a t t O	native
মাহিগঞ্জ	m a h i g o nj	proper_noun
মাহিন্দ	m a h i nd O	native
মাহিশ্য	m a h i sh sh O	native
মাহেন্দ্র	m a h e ndr O	native
মাৎসর্য	m a t sh o r j o	native
মাৎস্য	m a t sh O	native
মিক্স	m i k s	loanword
মিছিলপুর্ব	m i chh i l p u r b o	native
মিটফোর্ড	m i T ph O r D	proper_noun
মিঠাগঞ্জ	m i Th a g o n j	native
মিডটার্ম	m i D T a r m	loanword
মিডফিল্ড	m i D ph i l D	loanword
মিডলসেক্স	m i D o l s e k s	loanword
মিডল্যান্ড	m i D l A n D	proper_noun
মিত্র	m i tr O	native
মিত্রপক্ষ	m i tr O p o kkh o	tatsama
মিত্ররাশ্ট্র	m i tr O r a sh T r O	loanword
মিনারসংলগ্ন	m i n a r sh o ng l o g n o	native
মিনিস্টার্স	m i n i s T a r s	loanword
মিন্ট	m i n T	loanword
মিন্স্ক	m i n s k	loanword
মিরগঞ্জ	m i r g o n j	native
মির্জাগঞ্জ	m i r j a g O n j	native
মিলনকেন্দ্র	m i l o n k e ndr O	native
মিলফোর্ড	m i l ph O r D	proper_noun
মিলিট্যান্ট	m i l i T e n T	loanword
মিলিন্দ	m i l i nd	native
মিলিব্যান্ড	m i l i b A n D	proper_noun
মিল্ক	m i l k	loanword
মিশ্ট	m i sh T O	native
মিশ্টান্ন	m i sh T a nn O	native
মিশ্র	m i s r O	native
মুকুন্দ	m u k u nd O	native
মুক্ত	m u kt O	native
মুক্তকচ্ছ	m u kt o k o ch chh o	native
মুক্তকন্ঠ	m u kt o k o n Th o	native
মুক্তবানিজ্য	m u kt O b a n i j j O	native
মুক্তমঞ্চ	m u kt o m o n ch o	native
মুক্তিজুদ্ধ	m u kt i j u d dh O	tatsama
মুক্তিজুদ্ধসংক্রান্ত	m u kt i j u d dh o sh o ng kr a nt o	tatsama
মুক্তিপ্রাপ্ত	m u kt i pr a p t O	native
মুখচিত্র	m u kh ch i tr O	native
মুখপত্র	m u kh O p a tr O	native
মুখপাত্র	m u kh O p a tr O	native
মুখবন্ধ	m u kh O b o ndh O	native
মুখমাত্র	m u kh m a tr O	native
মুখস্থ	m u kh o sth O	native
মুখ্য	m u k kh O	native
মুগ্ধ	m u g dh O	native
মুচকুন্দ	m u ch k u nd O	native
মুচুকুন্দ	m u ch u k u nd O	native
মুছলন্দ	m u sh l o nd o	native
মুঞ্জ	m u n j O	native
মুঠোফোনসংক্রান্ত	m u Th O ph O n sh o ng kr a nt o	compound
মুড়িঘন্ট	m u r i gh o n T o	native
মুত্র	m u tr O	native
মুদ্গ	m u d O	native
মুদ্রনজন্ত্র	m u d r O n j o nt r O	native
মুদ্রনশিল্প	m u d r O n sh i l p o	native
মুন্সিগঞ্জ	m u n s i g o n j	loanword
মুভমেন্ট	m u bh m e n T	loanword
মুভার্স	m u bh a r sh	native
মুমুর্ষ	m u m u r sh O	native
মুমূর্ষ	m u m u r sh O	tatsama
মুর্খ	m u r kh O	native
মুর্গ	m u r g o	native
মুর্ত	m u r t O	native
মুর্ধন্য	m u r dh O n n O	native
মুলধনসম্পন্ন	m u l dh o n sh o mp o nn o	native
মুলপ্রবন্ধ	m u l pr O b o ndh o	native
মুলমন্ত্র	m u l m o nt r O	native
মুলসুত্র	m u l sh u tr O	native
মুল্য	m u l l O	native
মুল্যবোধসম্পন্ন	m u l l o b O dh sh o mp o nn o	compound
মুশ্ক	m u sh k O	native
মুশ্টিবদ্ধ	m u sh T i b o d dh O	tatsama
মুষ্টিযুদ্ধ	m u shT i j u d dh O	tatsama
মুসকসংক্রান্ত	m u sh o k sh o ng kr a nt o	compound
মুহুরিগঞ্জ	m u h u r i g o n j	native
মুহুর্ত	m u h u r t O	native
মুহূর্ত	m u h u r t O	native
মূখ্য	m u k kh O	native
মৃত্যুদন্ড	m ri t t u d o n D O	tatsama
মৃত্যুদন্ডপ্রাপ্ত	m ri t t u d o n D O pr a p t O	tatsama
মৃত্যুদন্ডাদেশপ্রাপ্ত	m ri t t u d o n D a d e sh pr a p t o	tatsama
মৃত্যুদৃশ্য	m ri t t u d i sh O	tatsama
মৃত্যুরহস্য	m ri t t u r O h sh O	tatsama
মৃত্যুসংক্রান্ত	m ri t t u sh o ng kr a nt O	tatsama
মৃদুমন্দ	m ri d u m o nd O	tatsama
মৃৎশিল্প	m ri t sh i l p O	tatsama
মেইনটেন্যান্স	m e i n T e n n a n s O	loanword
মেকানিক্স	m e k a n i k s O	loanword
মেগাপোর্ট	m e g a p O r T	loanword
মেঘমুক্ত	m e gh m u kt O	native
মেঘাচ্ছন্ন	m e gh a ch chh o nn O	native
মেট্রিক্স	m e T r i k s O	loanword
মেডিপোর্ট	m e D i p O r T	loanword
মেঢ্র	m e Dh r O	native
মেথডিস্ট	m e th D i s T	loanword
মেধাশুন্য	m e dh a sh u n n O	native
মেধাসম্পন্ন	m e dh a sh o mp O nn O	native
মেধাস্বত্ব	m e dh a sh o tt O	tatsama
মেধ্য	m e d dh O	native
মেনল্যান্ড	m e n l A n D	loanword
মেনার্ড	m e n a r D	proper_noun
মেম্বার্স	m e mb a r s O	loanword
মেয়রপুত্র	m e y o r p u tr O	native
মেয়াদোত্তির্ন	m e y a d O tt i r n o	compound
মেরামতজোগ্য	m e r a m o t j O g g o	native
মেরিনার্স	m e r i n a r s	loanword
মেরিল্যান্ড	m e r i l l a n D	loanword
মেরুদণ্ড	m e r u d o n D O	tatsama
মেরুদন্ড	m e r u d o n D O	native
মেলবোর্ন	m e l b O r n	native
মেলামিনজুক্ত	m e l a m i n j u kt o	native
মেশিনপত্র	m e sh i n p o tr O	loanword
মেসার্স	m e s a r s	loanword
মেস্ক	m e s k	loanword
মেহমানপারাস্ত	m e h m a n o p a r a st o	compound
মেহেন্দিগঞ্জ	m e h e nd i g o nj	tatsama
মেয়াদসংক্রান্ত	m e y a d sh o ng kr a nt o	loanword
মেয়েপক্ষ	m e y e p o kkh O	tatsama
মোইত্র	m O i tr O	native
মোইত্রিপুর্ন	m O i tr i p u r n o	native
মোউখর্য	m O u kh o r j O	native
মোউদ্গল্য	m O u d g O l l O	native
মোউবাক্স	m O u b a k s o	loanword
মোউর্য	m O u r j O	native
মোউলিকত্ব	m O u l i k o t t O	tatsama
মোউলিন্য	m o u l i n n O	native
মোওয়ার্ট	m O O y a r T	native
মোকাবিলাসংক্রান্ত	m O k a b i l a sh o ng kr a nt O	compound
মোক্ষ	m O kkh O	tatsama
মোজার্ট	m O j a r T	proper_noun
মোড়সংলগ্ন	m O r sh o ng l o g n o	native
মোবারকগঞ্জ	m O b a r o k g o n j o	native
মোমেন্ট	m O m e n T	loanword
মোরেলগঞ্জ	m O r e l g o n j	native
মোর্স	m O r sh	native
মোল্ড	m O l D	loanword
মোল্লাতন্ত্র	m O l l a t o nt r O	native
মোসলেমগঞ্জ	m O sh l e m g o n j	native
মোস্ট	m O s T	loanword
মোহগ্রস্ত	m O h O gr O st O	native
মোহনগঞ্জ	m O h O n g o n j	native
মোহনাসংলগ্ন	m O h n a sh o ng l o g n o	native
মোহন্ত	m O h o nt o	native
মোহমান্দ	m O h m a nd o	native
মোহাচ্ছন্ন	m O h a ch chh O nn O	native
মোহান্ত	m O h a nt o	native
মোহান্ধ	m O h a ndh	native
মোহাবিশ্ট	m O h a b i sh T O	native
ম্যাকডোনাল্ড	m A k D O n a l D	proper_noun
ম্যাক্স	m A k s	loanword
ম্যাগনিফিসেন্ট	m A g n i ph i sh e n T o	compound
ম্যাচপুর্ব	m A ch p u r b O	native
ম্যাচপূর্ব	m A ch p u r b O	loanword
ম্যাট্রিক্স	m A T r i k s	loanword
ম্যাডক্স	m A D o k s	loanword
ম্যাথমেটিক্স	m A th m e T i k s	loanword
ম্যানুফ্যাকচারার্স	m A n u ph A k ch a r a r sh	compound
ম্যানেজমেন্ট	m A n e j m e n T	loanword
ম্যানেজম্যান্ট	m A n e j m A n T	compound
ম্যান্ডেটপ্রাপ্ত	m A n D e T pr a p t o	compound
ম্যান্স	m A n s	loanword
ম্যারিগোল্ড	m A r i g O l D	loanword
ম্যালিগন্যান্ট	m A l i g n A n T	compound
ম্লেচ্ছ	m l e ch chh O	native
মৎস্য	m o t sh O	native
যত্ন	j o t n O	native
যত্রতত্র	j o tr O t o tr O	native
যথাযোগ্য	j o th a j O g g O	native
যথেষ্ঠ	j o th e shTh O	tatsama
যন্ত্র	j o n t r O	native
যশবন্ত	j o sh b O nt O	native
যাত্রাশিল্প	j a tr a sh i l p O	native
যানজটমুক্ত	j a n j o T m u kt O	native
যুক্ত	j u kt O	native
যুদ্ধ	j u d dh O	tatsama
যুদ্ধক্ষেত্র	j u d dh O kh e tr O	tatsama
যুদ্ধবিধ্বস্ত	j u d dh O b i d dh o s t O	tatsama
যোগ্যতাসম্পন্ন	j O g g O t a sh o mp O nn O	native
রংগমঞ্চ	r o ng g o m o n ch o	native
রক্ত	r o kt O	native
রক্তবর্ন	r o kt O b o r n O	native
রক্তশুন্য	r o kt o sh u n n o	native
রক্তাক্ত	r o kt a kt O	native
রক্ষ	r O kkh O	tatsama
রক্ষাসংক্রান্ত	r o kkh a sh o ng kr a nt o	tatsama
রক্ষ্য	r O kkh O	tatsama
রচনাসমগ্র	r o ch O n a sh o m O gr O	native
রজনিকান্ত	r o j o n i k a nt o	native
রজার্স	r o j a r sh	native
রণক্ষেত্র	r o n O kh e t r O	tatsama
রত্ন	r o t n O	native
রত্নতুল্য	r o t n o t u l l o	native
রথিন্দ্র	r o th i ndr O	native
রদারফোর্ড	r o d a r ph O r D	proper_noun
রনক্ষেত্র	r o n O kh e tr O	tatsama
রন্ড	r o n D O	native
রন্ধ্র	r o ndh r O	native
রপ্ত	r o p t O	native
রপ্তানিজোগ্য	r o p t a n i j O g g O	native
রপ্তানিপন্য	r o p t a n i p o n n o	native
রপ্তানিমুল্য	r o p t a n i m u l l o	native
রপ্তানিযোগ্য	r o p t a n i j O g g O	native
রপ্তানিসংক্রান্ত	r o p t a n i sh o ng kr a nt o	compound
রবার্ট	r o b a r T	native
রবিখন্দ	r O b i kh o nd O	native
রবিচন্দ্র	r O b i ch o ndr O	native
রবিতির্থ	r o b i t i r th o	native
রবিন্দ্র	r O b i ndr O	native
রবিন্দ্রভক্ত	r o b i ndr O bh o kt o	native
রবিশস্য	r O b i sh O sh sh O	native
রব্ধ	r o b dh O	native
রমাকান্ত	r o m a k a nt O	native
রমাগঞ্জ	r o m a g o n j	native
রমেন্দ্র	r o m e ndr O	native
রমেশচন্দ্র	r o m e sh ch o ndr O	native
রম্য	r o m m O	native
রয়টার্স	r o y o T a r s	proper_noun
রয়মান্স	r o y m a n s o	loanword
রসেন্দ্র	r o sh e ndr O	native
রসোত্তির্ন	r o sh O tt i r n O	native
রস্ক	r o s k	loanword
রহমতগঞ্জ	r o h O m o t g o nj	proper_noun
রহস্য	r o h O sh sh O	native
রাইকার্ড	r a i k a r D	loanword
রাইকার্স	r a i k a r sh	native
রাইটার্স	r a i T a r s	loanword
রাইডার্স	r a i D a r s	loanword
রাইনহার্ট	r a i n o h a r T e	proper_noun
রাউন্ড	r a u n D	loanword
রাকাতবিশিশ্ট	r a k a t b i sh i sh T o	native
রাগান্ধ	r a g a ndh O	native
রাজকার্য	r a j k a r j O	native
রাজগঞ্জ	r a j g o nj	proper_noun
রাজতন্ত্র	r a j t o n t r O	native
রাজত্ব	r a j O tt O	tatsama
রাজদত্ত	r a j d o tt O	native
রাজদন্ড	r a j d o n D O	native
রাজদন্ত	r a j d o nt O	native
রাজধানিসংলগ্ন	r a j dh a n i sh o ng l o g n o	compound
রাজনিতিজ্ঞ	r a j n i t i g g O	tatsama
রাজনিতিমুক্ত	r a j n i t i m u kt o	native
রাজনিতিশুন্য	r a j n i t i sh u n n o	native
রাজনিতিসংশ্লিশ্ট	r a j n i t i sh o ng sh l i sh T o	compound
রাজন্য	r a j O n n O	native
রাজন্যবর্গ	r a j o n n o b o r g o	native
রাজপট্ট	r a j p o T T O	native
রাজপুত্র	r a j p u tr O	native
রাজপুশ্প	r a j p u sh p O	native
রাজবর্ত্ম	r a j b o r t O	native
রাজভক্ত	r a j bh O kt O	native
রাজভৃত্য	r a j bh ri t t O	tatsama
রাজভোগ্য	r a j bh O g g O	native
রাজমান্য	r a j m a n n O	native
রাজমার্গ	r a j m a r g O	native
রাজসর্প	r a j sh o r p O	native
রাজস্ব	r a j O sh sh O	tatsama
রাজস্বসংক্রান্ত	r a j o sh sh o ng kr a nt o	tatsama
রাজাকারমুক্ত	r a j a k a r m u kt o	native
রাজেন্দ্র	r a j e ndr O	native
রাজ্য	r a j j O	native
রাত্র	r a tr O	native
রাত্র্যন্ধ	r a tr O ndh O	native
রাদারফোর্ড	r a d a r ph O r D	proper_noun
রাদ্ধ	r a d dh O	tatsama
রাধাকান্ত	r a dh a k a nt o	native
রাধাকৃশ্ন	r a dh a k ri sh n O	tatsama
রাধাগোবিন্দ	r a dh a g O b i nd O	native
রাধাপদ্ম	r a dh a p o d d O	tatsama
রাধেকৃশ্ন	r a dh e k r i sh n O	tatsama
রানার্স	r a n a r sh	native
রানিগঞ্জ	r a n i g o n j	native
রাপোপোর্ট	r a p O p O r T	proper_noun
রামকান্ত	r a m k a nt O	native
রামকৃশ্ন	r a m k ri sh n O	tatsama
রামগঞ্জ	r a m g o n j	native
রামচন্দ্র	r a m ch o ndr O	native
রামভক্ত	r a m bh o kt O	native
রামরাজত্ব	r a m r a j O t t O	tatsama
রামরাজ্য	r a m r a j j O	native
রামসফেল্ড	r a m s ph e l D	proper_noun
রামেন্দ্র	r a m e ndr O	native
রাম্দ	r a m d	native
রায়গঞ্জ	r a y g o n j o	native
রাশ্ট্র	r a sh T r O	loanword
রাশ্ট্রজন্ত্র	r a sh T r O j o nt r O	loanword
রাশ্ট্রধর্ম	r a sh T r O dh o r m O	loanword
রাশ্ট্রনিজুক্ত	r a sh T r O n i j u kt O	loanword
রাশ্ট্রপক্ষ	r a sh T r O p o kkh O	tatsama
রাশ্ট্রায়ত্ত	r a sh T r a y O tt O	loanword
রাশ্ট্রায়াত্ত	r a sh T r a y a tt o	loanword
রাষ্ট্র	r a sh T r O	tatsama
রাষ্ট্রধর্ম	r a sh T r O dh o r m O	tatsama
রাষ্ট্রপক্ষ	r a sh T r O p o kkh O	tatsama
রাষ্ট্রযন্ত্র	r a sh T r O j o n t r O	tatsama
রাসনৃত্য	r a sh n ri t t o	tatsama
রাস্তাসংলগ্ন	r a st a sh o ng l o g n o	native
রাহিত্য	r a h i t t O	native
রিকন্ডিশন্ড	r i k o n D i sh O n D	loanword
রিকয়ারমেন্ট	r i k o y a r m e n T	loanword
রিকশাচিত্র	r i k sh a ch i tr O	native
রিকোয়েস্ট	r i k O y e sh T	loanword
রিক্ত	r i kt O	native
রিক্থ	r i k th o	native
রিক্রুটমেন্ট	r i kr u T m e n T	loanword
রিক্ষ	r i kkh O	tatsama
রিচমন্ড	r i ch m o n D	proper_noun
রিচার্জ	r i ch a r j	native
রিচার্ট	r i ch a r T	native
রিচার্ড	r i ch a r D	proper_noun
রিচার্স	r i ch a r sh	native
রিজার্ভ	r i j a r bh	native
রিজেন্ট	r i j e n T	loanword
রিটায়ার্ড	r i T a y a r D e	loanword
রিটার্ন	r i T a r n	loanword
রিডার্স	r i D a r s	loanword
রিতুপর্ন	r i t u p o r n o	native
রিদ্ধ	r i d dh	tatsama
রিনগ্রস্ত	r i n gr O st o	native
রিনজোগ্য	r i n j O g g o	native
রিনতথ্য	r i n t o th j o	native
রিনপত্র	r i n p o tr O	native
রিনমুক্ত	r i n m u kt o	native
রিনসংক্রান্ত	r i n sh o ng kr a nt o	native
রিপোটার্স	r i p O T a r s	loanword
রিপোর্ট	r i p O r T	loanword
রিপোর্টার্স	r i p O r T a r s	loanword
রিপ্লেসমেন্ট	r i p l e s m e n T	loanword
রিফকিন্ড	r i ph k i n D	proper_noun
রিফর্ম	r i ph o r m	native
রিফাইনার্স	r i ph a i n a r sh	native
রিফান্ড	r i ph a n D	loanword
রিফ্লেক্স	r i ph l e k s	loanword
রিবাউন্ড	r i b a u n D	loanword
রিভার্স	r i bh a r s	loanword
রিভেঞ্জ	r i bh e n j	native
রিমান্ড	r i m a n D	loanword
রিমিক্স	r i m i k s	loanword
রিলাক্স	r i l a k s	loanword
রিলায়ান্স	r i l a y a n s	loanword
রিলায়েন্স	r i l a y a n s	loanword
রিল্যাক্স	r i l A k s	loanword
রিশিকান্ত	r i sh i k a nt o	native
রিশ্ট	r i sh T O	native
রিশ্য	r i sh sh O	native
রিসাইকেল্ড	r i s a i k e l D	loanword
রিসার্চ	r i sh a r ch	native
রিসার্স	r i sh a r sh	native
রিসোর্ট	r i s O r T	loanword
রিসোর্স	r i s O r s	loanword
রিস্ক	r i s k	loanword
রিস্ট	r i s T	loanword
রিস্টব্যান্ড	r i s T b A n D	loanword
রিস্টার্ট	r i s T a r T	loanword
রুক্ষ	r u kkh O	tatsama
রুক্ষ্ম	r u kkh O	tatsama
রুগ্ন	r u g n O	native
রুচ্য	r u ch ch O	native
রুজভেল্ট	r u j bh e l T	proper_noun
রুদ্ধ	r u d dh O	tatsama
রুদ্র	r u d r O	native
রুপকল্প	r u p O k o l p O	native
রুপগঞ্জ	r u p g o n j	native
রুপবইচিত্র্য	r u p O b O i ch i tr O	native
রুপবিশেশজ্ঞ	r u p b i sh e sh o g g O	tatsama
রুপান্তরজোগ্য	r u p a nt o r j O g g o	compound
রুপার্ট	r u p a r T	proper_noun
রুপার্ড	r u p a r D	proper_noun
রুপ্য	r u p p O	native
রুশ্ট	r u sh T O	native
রুষ্ট	r u shT O	tatsama
রেকর্ড	r e k O r D	loanword
রেকর্ডপত্র	r e k o r D p o tr O	loanword
রেকর্ডভুক্ত	r e k o r D bh u kt o	loanword
রেক্স	r e k s	loanword
রেখাচিত্র	r e kh a ch i tr O	native
রেজাল্ট	r e j a l T	loanword
রেজিমেন্ট	r e j i m e n T	loanword
রেজিলিয়ান্স	r e j i l i y a n s	loanword
রেজিসটেন্স	r e j i s T e n s	loanword
রেজিস্টার্ড	r e j i s T a r D O	loanword
রেজিস্ট্যান্ট	r e j i s T A n T	loanword
রেজিস্ট্রার্ড	r e j i s T r a r D	loanword
রেজোনেন্স	r e j O n e n s O	loanword
রেঞ্জ	r e nj	loanword
রেঞ্জসংলগ্ন	r e nj sh o ng l o g n O	loanword
রেঞ্জার্স	r e nj a r s	loanword
রেডক্রিসেন্ট	r e D kr i s e n T	proper_noun
রেডফক্স	r e D ph o k s	loanword
রেডমন্ড	r e D m o n D o	proper_noun
রেডিওলজিস্ট	r e D i O l j i s T	loanword
রেডিমিক্স	r e D i m i k s	loanword
রেডিয়েন্ট	r e D i y e n T	loanword
রেনকোয়েস্ট	r e n k O y e s T O	loanword
রেন্ট	r e n T	loanword
রেফারেন্স	r e ph a r e n s	loanword
রেফার্ড	r e ph a r D	loanword
রেভারেন্ড	r e bh a r e n D	loanword
রেমন্ড	r e m o n D	proper_noun
রেমিটেন্স	r e m i T e n s	loanword
রেমিট্যান্স	r e m i T T a n s	loanword
রেসকোর্স	r e s k O r s	loanword
রেসপন্স	r e sh p o n s	loanword
রেসপেক্ট	r e s p e k T	loanword
রেসার্ভ	r e s a r bh	loanword
রেসিডেন্ট	r e sh i D e n T	loanword
রেস্ট	r e s T	loanword
রেস্টুরেন্ট	r e s T u r e n T	loanword
রোউদ্র	r O u d r O	native
রোউপ্য	r O O p p O	native
রোউপ্যচুর্ন	r O u p p O ch u r n O	native
রোগগ্রস্ত	r O g gr O st o	native
রোগতত্ত্ব	r O g t o tt o	tatsama
রোগবিশেশজ্ঞ	r O g o b i sh e sh o g g o	tatsama
রোগমুক্ত	r O g m u kt O	native
রোগসংক্রান্ত	r O g sh o ng kr a nt o	native
রোগাক্রান্ত	r O g a kr a nt	native
রোগিপক্ষ	r O g i p o kkh o	tatsama
রোচ্য	r O ch ch O	native
রোজেনফেল্ড	r O j e n ph e l D	proper_noun
রোজেনবার্গ	r O j e n b a r g	native
রোটারেক্ট	r O T a r e k T	proper_noun
রোডমার্চ	r O D m a r ch	loanword
রোডসংলগ্ন	r O D sh o ng l o g n	loanword
রোডস্থ	r O D O sth O	loanword
রোধসংক্রান্ত	r O dh sh o ng kr a nt o	native
রোনাল্ড	r O n a l D	proper_noun
রোমাঞ্চ	r O m a n ch o	native
রোমান্স	r O m a n s	loanword
রোম্যান্স	r O m a n s	loanword
রোলান্ড	r O l a n D o	proper_noun
রোল্ড	r O l D	loanword
রোশাবিশ্ট	r O sh a b i sh T O	native
রোশ্ট	r O sh T	native
রোস্ট	r O s T	loanword
রোহিতাশ্ব	r O h i t a sh sh O	tatsama
র্থ	th o r	native
র্যান্ড	r o j a n D	loanword
র্যাম্প	r A mp	native
র‍্যাম্প	r A mp	native
লংকাকান্ড	l o ng k a k a n D o	native
লংগেস্ট	l o ng g e s T	loanword
লংঘনসংক্রান্ত	l o ng gh o n sh o ng kr a nt o	compound
লংমার্চ	l o ng m a r ch	native
লং্গেস্ট	l o ng g e s T	loanword
লঅন্ত	l o o nt o	native
লইয়ার্স	l o i y a r sh	native
লক্ষ	l o kkh O	tatsama
লক্ষনমাত্র	l o kkh o n m a tr O	tatsama
লক্ষ্মিকান্ত	l o kkh i k a nt o	tatsama
লক্ষ্মিচন্দ্র	l o kkh i ch o ndr O	tatsama
লক্ষ্য	l o kkh O	tatsama
লক্ষ্যভ্রশ্ট	l o kkh O bh r O sh T O	tatsama
লক্ষ্যভ্রষ্ট	l o kkh O bh r O shT O	tatsama
লক্ষ্যাদর্শ	l o kkh A d o r sh o	tatsama
লগ্ন	l o g n O	native
লঘিশ্ঠ	l O gh i sh Th O	native
লঘিষ্ঠ	l O gh i shTh O	tatsama
লঘুদন্ড	l o gh u d o n o D o	native
লজমেন্ট	l o j m e n T	native
লজেন্স	l o j e n s	loanword
লঞ্চ	l o nch	tatsama
লতাগুল্ম	l o t a g u l m O	native
লন্ডভন্ড	l o n D o bh o n D O	native
লপ্ত	l o p t O	native
লবঙ্গ	l o b O ngg O	native
লবণযুক্ত	l o b O n j u kt O	tatsama
লবণাক্ত	l o b O n a kt O	tatsama
লবনজুক্ত	l o b O n j u kt O	native
লবনশিল্প	l o b o n sh i l p o	native
লবনাক্ত	l o b O n a kt O	native
লবিস্ট	l o b i s T	loanword
লব্জ	l o b j	native
লব্ধ	l o b dh O	native
লব্ধপ্রতিশ্ঠ	l o b dh o pr O t i sh Th o	native
লভ্যাংশপত্র	l o b bh a ng sh o p o tr O	native
লম্প	l o mp o	native
লম্ফ	l o m ph O	native
লম্ফঝম্ফ	l o m ph o jh o m ph o	native
লম্ব	l o mb O	native
লরেন্ট	l o r e n T	proper_noun
লরেন্ত	l o r e nt	native
লরেন্স	l o r e n s	loanword
লর্ড	l o r D	loanword
লর্ডহার্ডিঞ্জ	l o r D h a r o D i n j	compound
লস্ট	l o s T	loanword
লাংগলবন্দ	l a ng g o l b o nd o	native
লাইটপোস্ট	l a i T p O s T	loanword
লাইন্স	l a i n s	loanword
লাইফগার্ড	l a i ph g a r D	loanword
লাইভস্ট্যান্ড	l a i bh s T A n D	loanword
লাইসেন্স	l a i s e n s	loanword
লাইসেন্সপ্রাপ্ত	l a i s e n s pr a p t O	loanword
লাউঞ্জ	l a u n j	native
লাক্স	l a k s	loanword
লাগার্দ	l a g a r d	native
লাঞ্চ	l a n ch	native
লাঠিচার্জ	l a Th i ch a r j	native
লাফার্জ	l a ph a r j	proper_noun
লাবন্য	l a b O n n O	native
লাম্পট্য	l a mp o T T O	native
লাম্ব	l a mb o	native
লায়ন্স	l a y o n s	loanword
লার্জ	l a r j	native
লার্ন	l a r n o	native
লার্স	l a r sh	native
লালকার্ড	l a l k a r D	loanword
লালকৃশ্ন	l a l k ri sh n O	tatsama
লালকৃষ্ণ	l a l k ri shN O	tatsama
লালশার্ট	l a l sh a r T	native
লালিত্য	l a l i t t O	native
লাল্জ	l a l j	native
লাস্ট	l a s T	loanword
লিংগবোইশম্য	l i ng g o b O i sh o m m o	native
লিং্ক	l i ng k	native
লিওনার্ড	l i O n a r D o	proper_noun
লিখিতব্য	l i kh i t O b b O	native
লিগামেন্ট	l i g a m e n T	loanword
লিজেন্ড	l i j e n D	loanword
লিঞ্চ	l i n ch	native
লিডার্স	l i D a r o s	loanword
লিনাক্স	l i n a k s	loanword
লিপিবদ্ধ	l i p i b o d dh O	tatsama
লিপ্ত	l i p t O	native
লিফশুলত্স	l i ph sh u l t sh	native
লিফ্ট	l i ph T	loanword
লিস্ট	l i s T	loanword
লুক্সেমবার্গ	l u k s e m b a r g	loanword
লুক্সেমবুর্গ	l u k s e m b u r g o	loanword
লুপ্ত	l u p t O	native
লুব্ধ	l u b dh o	native
লুব্রিকেন্ট	l u br i k e n T	loanword
লুব্রিক্যান্ট	l u br i k A n T	loanword
লুমিনেসেন্ট	l u m i n e s e n T	loanword
লুমেন্স	l u m e n s	loanword
লেক্সমার্ক	l e k s m a r k	loanword
লেখকবৃন্দ	l e kh o k b ri nd O	tatsama
লেখ্য	l e k kh O	native
লেটার্স	l e T a r s O	loanword
লেটার–বক্স	l e T a r b o k s	loanword
লেটেস্ট	l e T e s T	loanword
লেনদেনজোগ্য	l e n d e n j O g g o	native
লেনদেনসংক্রান্ত	l e n d e n sh o ng kr a nt o	loanword
লেনবিশিশ্ট	l e n b i sh i sh T O	native
লেনিনিস্ট	l e n i n i s T	loanword
লেন্থ	l e n th	native
লেন্স	l e n s	loanword
লেন্সজুক্ত	l e n s j u kt O	loanword
লেপার্স	l e p a r s	loanword
লেফটেন্যান্ট	l e ph T e n A n T	loanword
লেফ্ট	l e ph T O	loanword
লেশমাত্র	l e sh m a tr O	native
লেহ্য	l e h j o	native
লোউল্য	l O u l l O	native
লোউল–মর্ম	l O u l O m o r m O	native
লোউহপন্য	l O u h o p o n n o	native
লোকওইতিহ্য	l O k oi t i j j o	native
লোকজুক্ত	l O k j u kt o	native
লোকতন্ত্র	l O k o t o nt r O	native
লোকনাট্য	l O k O n a T T O	native
লোকনৃত্য	l O k O n ri t t O	tatsama
লোকবাদ্যজন্ত্র	l O k O b a d d O j o nt r O	compound
লোকবাদ্যযন্ত্র	l O k O b a d d O j o n t r O	native
লোকশিল্প	l O k O sh i l p O	native
লোকসাহিত্য	l O k O sh a h i t t O	native
লোকাকির্ন	l O k a k i r n O	native
লোকারণ্য	l O k a r O n n O	tatsama
লোকারন্য	l O k a r O n n O	native
লোকালবোর্ড	l O k a l b O r D	loanword
লোডশেডিংমুক্ত	l O D sh e D i ng m u kt o	compound
লোভান্ধ	l O bh a ndh o	native
লোশ্ট্র	l O sh T r O	loanword
লোহিত্য	l O u h i t t O	native
ল্যান্ড	l A n D	loanword
ল্যান্ডমার্ক	l A n D m a r k	loanword
ল্যান্ডলাইন্স	l A n D l a i n s	loanword
ল্যান্স	l A n s	loanword
ল্যামবার্ট	l A m b a r T	proper_noun
ল্যাম্প	l A mp	native
ল্যাম্পপোস্ট	l A mp p O s T	loanword
ল্যাম্পার্ড	l A mp p a r D	proper_noun
ল্যাম্ব	l A mb	native
ল্যেফটেন্যান্ট	l l e ph T e n n A n T	loanword
শংকামুক্ত	sh o ng k a m u kt o	native
শংখশিল্প	sh o ng kh o sh i l p o	native
শইথিল্য	sh O i th i l l O	native
শকাব্দ	sh o k a b d o	native
শকুন্ত	sh O k u nt O	native
শক্ত	sh o kt O	native
শক্তপোক্ত	sh o kt O p O kt O	native
শক্তিকেন্দ্র	sh o kt i k e ndr O	native
শক্তিবর্গ	sh o kt i b o r g o	native
শক্তিসম্পন্ন	sh O kt i sh o mp O nn O	native
শক্য	sh O k k O	native
শক্র	sh o kr O	native
শঙ্খ	sh o ng kh O	native
শজ্যাবিশিশ্ট	sh O j j a b i sh i sh T O	native
শট্কর্ম	sh o T k o r m O	native
শট্চক্র	sh o T ch o kr O	native
শট্প্রজ্ঞ	sh o T pr O g g O	tatsama
শট্শাস্ত্র	sh o T sh a st r O	native
শঠতাপুর্ন	sh o Th t a p u r n o	native
শড়জন্ত্র	sh o r O j o nt r O	native
শড়োইশ্বর্য	sh o r O i sh sh o r j O	tatsama
শতবর্ষ	sh o t O b o r sh O	native
শতরঞ্জ	sh o t o r o n j o	native
শতলক্ষ	sh o t o l o kkh o	tatsama
শত্ব	sh o t t O	tatsama
শত্রুঘ্ন	sh O tr u gh n O	native
শত্রুপক্ষ	sh O tr u p o kkh O	tatsama
শত্রুভাবাপন্ন	sh O tr u bh a b a p o nn O	compound
শত্রুমুক্ত	sh O tr u m u kt O	native
শত্রুরাশ্ট্র	sh o tr u r a sh T r O	loanword
শনাক্ত	sh o n a kt O	native
শন্ড	sh o n D O	native
শন্ঢ	sh o n Dh O	native
শপথবাক্য	sh o p O th b a k k O	native
শপার্স	sh o p a r s	loanword
শপ্ত	sh o p t O	native
শব্দ	sh o b d O	native
শব্দগুচ্ছ	sh o b d O g u ch chh O	native
শব্দজন্ত্র	sh o b d o j o nt r O	native
শব্দবন্ধ	sh o b d o b o ndh o	native
শব্দার্থ	sh o b d a r th O	native
শম্ব	sh o mb O	native
শম্ভুগঞ্জ	sh o m bh u g o n j o	native
শয়নকক্ষ	sh o y o n k o kkh o	tatsama
শরচ্চন্দ্র	sh o r O ch ch o ndr O	native
শরত্চন্দ্র	sh o r o t ch o n o d r O	native
শরনাপন্ন	sh o r O n a p o nn O	native
শরমিন্দ	sh o r m i nd o	native
শর্ট	sh o r o T	loanword
শর্টকার্ট	sh o r o T k a r T	loanword
শর্টফিল্ম	sh o r T ph i l m	loanword
শর্ত	sh o r t O	native
শর্তজুক্ত	sh o r t O j u kt O	native
শর্তমুক্ত	sh o r t o m u kt o	native
শর্তসাপেক্ষ	sh o r t o sh a p e kkh o	tatsama
শর্ব	sh o r b O	native
শর্ম	sh o r m O	native
শরৎচন্দ্র	sh o r O t ch o ndr O	native
শলাপরামর্শ	sh o l a p o r a m o r sh O	native
শল্য	sh o l l O	native
শশব্যস্ত	sh o sh o b A st o	native
শশিকান্ত	sh o sh O k i nt O	native
শশিগঞ্জ	sh o sh i g o n j o	native
শশ্টিকান্ন	sh O sh T i k a nn O	native
শশ্টিক্য	sh O sh T i k k O	native
শশ্ঠ	sh o sh Th O	native
শস্ত্র	sh o st r O	native
শস্য	sh O sh sh O	native
শহরসংলগ্ন	sh o h o r sh o ng l o g n o	native
শহিদুল্লাহ্র	sh o h i d u l l a h r O	native
শাকান্ন	sh a k a nn o	native
শাক্ত	sh a kt O	native
শাক্য	sh a k k O	native
শাটোর্ধ	sh a T O r dh O	native
শাটোর্ধ্ব	sh a T O r dh O	tatsama
শাঠ্য	sh a Th Th O	native
শানি্ত	sh a n i t o	native
শান্ডিল্য	sh a n D i l l O	native
শান্ত	sh a nt O	native
শান্তশিশ্ট	sh a nt O sh i sh T O	native
শান্তশিষ্ট	sh a nt O sh i shT O	tatsama
শান্তিপুর্ন	sh a nt i p u r n O	native
শাপান্ত	sh a p a nt o	native
শাব্দ	sh a b d O	native
শায়েস্তাগঞ্জ	sh a y e st a g o n j	native
শার্ক	sh a r k	native
শার্ট	sh a r T	loanword
শার্প	sh a r p	native
শার্ল	sh a r l	native
শাসকচক্র	sh a sh o k ch o kr O	native
শাসনকার্য	sh a sh o n k a r j o	native
শাসনতন্ত্র	sh a sh O nt o nt r O	native
শাসনসংক্রান্ত	sh a sh o n sh o ng kr a nt o	compound
শাসি্ত	sh a sh i t	native
শাস্তিজোগ্য	sh a st i j O g g O	native
শাস্তিপ্রাপ্ত	sh a st i p a r p t o	compound
শাস্তিযোগ্য	sh a st i j O g g O	native
শাস্ত্র	sh a s t r O	native
শাস্ত্রজ্ঞ	sh a st r O g g O	tatsama
শাস্ত্রীয় নৃত্য	sh a s t r i y O | n ri t t O	compound
শাস্য	sh a sh sh o	native
শিকস্ত	sh i k o st O	native
শিক্ষকবৃন্দ	sh i kkh o k b ri nd O	tatsama
শিক্ষকশুন্য	sh i kkh o k sh u n n o	tatsama
শিক্ষাকেন্দ্র	sh i kkh a k e ndr O	tatsama
শিক্ষাক্ষেত্র	sh i kkh a kh e tr O	tatsama
শিক্ষাবর্ষ	sh i kkh a b o r sh O	tatsama
শিক্ষাবোর্ড	sh i kkh a b O r D	tatsama
শিক্ষার্থিশুন্য	sh i kkh a r th i sh u n n o	tatsama
শিক্ষাসংক্রান্ত	sh i kkh a sh o ng kr a nt o	tatsama
শিক্ষাসংশ্লিশ্ট	sh i kkh a sh o ng sh l i sh T O	tatsama
শিক্ষাসংশ্লিষ্ট	sh i kkh a sh o ng s l i shT O	tatsama
শিঘ্র	sh i gh r O	native
শিড়্গ	sh i r g O	native
শিতবস্ত্র	sh i t b o st r O	native
শিতার্ত	sh i t a r t O	native
শিথিলজোগ্য	sh i th i l j O g g O	native
শিথিলযোগ্য	sh i th i l j O g g O	native
শিপইয়ার্ড	sh i p i a r D	loanword
শিপমেন্ট	sh i p m e n T	loanword
শিপার্স	sh i p a r sh	native
শিপ্র	sh i pr O	native
শিবগঞ্জ	sh i b g o n j	native
শিবেন্দ্র	sh i b e ndr O	native
শিরোধার্য	sh i r O dh a r j O	native
শির্ন	sh i r n O	native
শির্ষ	sh i r sh O	native
শিলভদ্র	sh i l bh o d r O	native
শিলাখন্ড	sh i l a kh o n D o	native
শিলিংফোর্ড	sh i l i ng ph O r D	native
শিলিন্ধ্র	sh i l i ndh r O	native
শিল্ড	sh i l D	loanword
শিল্প	sh i l p O	native
শিল্পকর্ম	sh i l p O k o r m o	native
শিল্পপন্য	sh i l p o p o n n o	native
শিল্পপার্ক	sh i l p O p a r k	native
শিল্পবর্জ্য	sh i l p o b o r j j o	native
শিল্পমানসম্পন্ন	sh i l p o m a n sh o mp o nn o	compound
শিল্পসমৃদ্ধ	sh i l p o sh o m r i d dh o	tatsama
শিল্পাচার্য	sh i l p a ch a r j O	native
শিশর্ক	sh i sh r o k	native
শিশুখাদ্য	sh i sh u kh a d d O	native
শিশুপার্ক	sh i sh u p a r k	native
শিশুপুত্র	sh i sh u p u tr O	native
শিশুবিশেশজ্ঞ	sh i sh u b i sh e sh o g g O	tatsama
শিশুবিশেষজ্ঞ	sh i sh u b i sh e sh o g g O	tatsama
শিশুর জন্ম	sh i sh u r | j o n m O	compound
শিশুরোগ বিশেষজ্ঞ	sh i sh u r O g | b i sh e sh o g g O	compound
শিশুসংক্রান্ত	sh i sh u sh o ng kr a nt o	compound
শিশুসাহিত্য	sh i sh u sh a h i t t O	native
শিশুস্বাস্থ্য	sh i sh u sh a sth O	tatsama
শিশ্ট	sh i sh T O	native
শিশ্ন	sh i sh n O	native
শিশ্য	sh i sh sh O	native
শিশ্যত্ব	sh i sh sh o t t O	tatsama
শিষ্য	sh i sh sh O	tatsama
শীঘ্র	sh i gh r O	native
শীর্ষ	sh i r sh O	tatsama
শুক্ত	sh u kt O	native
শুক্র	sh u kr O	native
শুক্ল	sh u kl O	native
শুদ্ধ	sh u d dh O	tatsama
শুদ্র	sh u d r O	native
শুধুমাত্র	sh u dh u m a tr O	native
শুন্ড	sh u n D O	native
শুন্য	sh u n n O	native
শুন্যগর্ভ	sh u n n o g o r bh o	native
শুভবোধসম্পন্ন	sh u bh o b O dh sh o mp o nn o	compound
শুভ্র	sh u bh r O	native
শুম্ভনিশুম্ভ	sh u m bh O n i sh u m bh O	native
শুরাসদস্য	sh u m a sh o d o sh sh o	native
শুল্ক	sh u l k O	native
শুল্কপার্থক্য	sh u l k o p a r th o k k o	compound
শুল্কমুক্ত	sh u l k O m u kt O	native
শুল্কসংক্রান্ত	sh u l k o sh o ng kr a nt o	compound
শুশ্ক	sh u sh k O	native
শুস্ক	sh u s k O	loanword
শূদ্র	sh u d r O	native
শূন্য	sh u n n O	native
শৃংখলমুক্ত	sh ri ng kh o l a m u kt o	tatsama
শৃংখলাপুর্ন	sh ri ng kh o l a p u r n o	tatsama
শৃংখলাবদ্ধ	sh ri ng kh o l a b o d dh o	tatsama
শৃংখলাসংক্রান্ত	sh ri ng kh o l a sh o ng kr a nt o	tatsama
শৃং্গ	sh ri ng g O	tatsama
শেকহ্যান্ড	sh e k j A n D O	loanword
শেপার্ড	sh e p a r D	proper_noun
শেফার্ড	sh e ph a r D	proper_noun
শেফিল্ড	sh e ph i l D O	proper_noun
শেশকৃত্য	sh e sh k ri t O	tatsama
শেশপর্যন্ত	sh e sh p O r j O nt O	native
শেশোক্ত	sh e sh O kt O	native
শেষকৃত্য	sh e sh k r i t t O	tatsama
শেষোক্ত	sh e sh O kt O	tatsama
শেয়ারবাজারসংক্রান্ত	sh e y a r b a j a r s o ng k r a n t O	native
শেয়ারমুল্য	sh e y a r m u l l O	native
শেয়ারসংক্রান্ত	sh e y a r sh o ng kr a nt O	native
শোইত্য	sh O i t t O	native
শোইথিল্য	sh oi th i l l o	native
শোইলেন্দ্র	sh O i l e ndr O	native
শোউক্ল্য	sh O u kl O	native
শোউন্ড	sh O u n D O	native
শোউর্য	sh O u r j O	native
শোকগ্রস্ত	sh O k O gr O st O	native
শোকসন্তপ্ত	sh O k sh o nt o p t O	native
শোকস্তব্ধ	sh O k st o b dh o	native
শোকাচ্ছন্ন	sh O k a ch chh o nn o	native
শোকার্ত	sh O k a r t O	native
শোচ্য	sh O ch chh o	native
শোধনজন্ত্র	sh O dh o n j o nt r O	native
শোনামাত্র	sh O n a m a tr O	native
শোর্ড	sh O r D	native
শোশনমুক্ত	sh O sh o n m u kt o	native
শ্ট্যান্ডার্ড	sh T A n D a r D	compound
শ্ট্যাম্প	s T A mp	loanword
শ্ঠ	sh Th o	native
শ্ব	sh o h	tatsama
শ্বদন্ত	sh o d o nt O	tatsama
শ্বাসকশ্ট	sh a sh k o sh T O	tatsama
শ্বাসকষ্ট	sh a sh k o shT O	tatsama
শ্বাসজন্ত্র	sh a sh j o nt r O	tatsama
শ্বাসরুদ্ধ	sh a sh r u d dh O	tatsama
শ্বেতপত্র	sh e t p o tr O	tatsama
শ্বেতশুভ্র	sh e t O sh u bh r O	tatsama
শ্যামগঞ্জ	sh A m g o n j o	native
শ্রদ্ধাপুর্ন	s r O d dh a p u r n o	tatsama
শ্রদ্ধার্ঘ	s r O d dh a r gh o	tatsama
শ্রদ্ধার্ঘ্য	s r O d dh a r gh O	tatsama
শ্রবণযন্ত্র	s r O b O n j o n t r O	tatsama
শ্রবনজন্ত্র	s r O b o n j o nt r O	native
শ্রবনজোগ্য	s r O b O n j O g g O	native
শ্রমমুল্য	s r O m o m u l l o	native
শ্রমসাধ্য	s r O m O sh a d dh O	native
শ্রমিকপক্ষ	s r O m i k p o kkh o	tatsama
শ্রাদ্ধ	s r a d dh O	tatsama
শ্রান্ত	s r a n t O	native
শ্রিকান্ত	s ri k a nt O	native
শ্রিকৃশ্ন	s ri k ri sh n O	tatsama
শ্রিচোইতন্য	s r i ch O i t o n n o	native
শ্রিজুক্ত	s r i j u kt O	native
শ্রিরামকৃশ্ন	s r i r a m k i r sh n o	tatsama
শ্রিশান্ত	s ri sh a nt O	native
শ্রিহট্ট	s r i h o T T o	native
শ্রীকৃষ্ণ	s r i k r i sh n O	tatsama
শ্রেণীভুক্ত	s r e n i bh u k t O	tatsama
শ্রেনিকক্ষ	s r e n i k o kkh O	tatsama
শ্রেনিচরিত্র	s r e n i ch O r i tr O	native
শ্রেনিজুদ্ধ	s r e n i j u d dh O	tatsama
শ্রেনিবইশম্য	s r e n i b O i sh o m m O	native
শ্রেনিবদ্ধ	s r e n i b o d dh O	tatsama
শ্রেনিবিভক্ত	s r e n i b i bh o kt O	native
শ্রেনিবোইশম্য	s r e n i b O i sh o m m O	native
শ্রেনিভুক্ত	s r e n i bh u kt O	native
শ্রেশ্ঠ	s r e sh Th O	native
শ্রেশ্ঠত্ব	s r e sh Th o tt O	tatsama
শ্রোতব্য	s r O t O b b O	native
শ্রোত্র	s r O tr O	native
শ্লিশ্ট	sh l i sh T O	native
ষষ্ঠ	sh o shTh O	tatsama
সংকটপুর্ন	sh o ng k o T p u r n o	native
সংকটমুক্ত	sh o ng k o T m u kt o	native
সংকটাপন্ন	sh o ng k O T a p o nn O	native
সংকটাপুর্ন	sh o ng k o T a p u r n o	native
সংকল্প	sh o ng k o l p O	native
সংকল্পবদ্ধ	sh o ng k o l p O b o d dh O	tatsama
সংকির্ন	sh o ng k i r n O	native
সংকেতাবদ্ধ	sh o ng k e t a b o d dh o	tatsama
সংক্রান্ত	s o ng k r a n t O	native
সংক্রুদ্ধ	sh o ng kr u d dh o	tatsama
সংক্ষিপ্ত	sh O ng kh i p t O	tatsama
সংক্ষুব্ধ	sh o ng kh u b dh O	tatsama
সংখ্যাগরিশ্ঠ	sh o ng kh a g o r i sh Th o	native
সংখ্যাগরিষ্ঠ	sh o ng kh a g O r i shTh O	tatsama
সংখ্যাতত্ত্ব	sh o ng kh a t o tt O	tatsama
সংখ্যাতিরিক্ত	sh o ng kh a t i r i kt o	compound
সংখ্যাধিক্য	sh o ng kh a dh i k k O	native
সংখ্যালঘিশ্ঠ	sh o ng kh a l o gh i sh Th o	native
সংগতিপুর্ন	sh o ng g o t i p u r n o	native
সংগিতজ্ঞ	sh o ng g i t o g g O	tatsama
সংগিতব্যক্তিত্ব	sh o ng g i tw j o kt i t t o	tatsama
সংগুপ্ত	sh o ng g u p t o	native
সংগ্রহমুল্য	sh o ng gr O h o m u l l o	native
সংঘবদ্ধ	sh o ng gh o b o d dh o	tatsama
সংঘর্ষ	sh o ng gh o r sh O	tatsama
সংঘাতপুর্ন	sh o ng gh a t p u r n O	native
সংঘাতমুক্ত	sh o ng gh a t m u kt o	native
সংঘৃশ্ট	sh o ng gh r i sh T o	tatsama
সংজুক্ত	sh o ng j u kt O	native
সংপৃক্ত	sh o ng p r i kt O	tatsama
সংবর্ত	sh o ng b o r t O	native
সংবাদপত্র	sh o ng b a d p o tr O	native
সংবাদপত্রশিল্প	sh o ng b a d p o tr O sh i l p o	compound
সংবাদভাশ্য	sh o ng b a d bh a sh sh o	native
সংবিগ্ন	sh o ng b i g n o	native
সংবিধানপ্রদত্ত	sh o ng b i dh a n pr O d o tt o	compound
সংবিধানবিশেশজ্ঞ	sh o ng b i dh a n b i sh e sh g g o	tatsama
সংবিধানসংক্রান্ত	sh o ng b i dh a n sh o ng kr a nt o	compound
সংবিধিবদ্ধ	sh o ng b i dh i b o d dh O	tatsama
সংবিভক্ত	sh o ng b i bh o kt O	native
সংবিশ্ট	sh o ng b i sh T O	native
সংবৃত্ত	sh o ng b ri tt O	tatsama
সংবেদ্য	sh o ng b e d d O	native
সংরক্ষনজোগ্য	sh o ng r o kkh o n j O g g o	tatsama
সংরক্ষনসংক্রান্ত	sh o ng r o kkh o n sh o ng kr a nt o	tatsama
সংরব্ধ	sh o ng r o b dh O	native
সংরুদ্ধ	sh o ng r u d dh O	tatsama
সংলগ্ন	sh o ng l o g n O	native
সংলিপ্ত	sh o ng l i p t O	native
সংশয়পুর্ন	sh o ng sh o y p u r n o	native
সংশয়মুক্ত	sh o ng sh o y m u kt o	native
সংশয়াকির্ন	sh o ng sh o y a k i r n o	native
সংশিশ্ট	sh o ng sh i sh T O	native
সংশি্লশ্ট	sh o ng sh i l sh T o	native
সংশোধনজোগ্য	sh o ng sh O dh o n j O g g o	native
সংশোধনসংক্রান্ত	sh o ng sh O dh o n sh o ng kr a nt o	compound
সংশোধনিসংক্রান্ত	sh o ng sh O dh o n i sh o ng kr a nt o	compound
সংশ্লিশ্ট	sh o ng sh l i sh T O	native
সংশ্লিশ্ঠ	sh o ng sh l i sh Th O	native
সংশ্লিষ্ট	sh o ng sh l i sh T O	tatsama
সংশ্লিষ্ঠ	sh o ng s l i shTh O	tatsama
সংশ্ল্লিশ্ট	sh o ng sh l i sh T o	native
সংসক্ত	sh o ng sh o kt O	native
সংসদকক্ষ	sh o ng sh o d k o kkh o	tatsama
সংসর্গ	sh o ng sh o r g O	native
সংসারধর্ম	sh o ng sh a r dh o r m o	native
সংসিক্ত	sh o ng sh i kt O	native
সংসিদ্ধ	sh o ng sh i d dh O	tatsama
সংসৃশ্ট	sh o ng sh r i sh T O	tatsama
সংস্কারমুক্ত	sh o ng s k a r m u kt o	loanword
সংস্কারসংক্রান্ত	sh o ng s k a r sh o ng kr a nt o	loanword
সংস্পর্শ	sh o ng s p o r sh O	loanword
সংস্পৃশ্ট	sh o ng O s p r i sh T O	tatsama
সংহর্ষ	sh o ng h o r sh O	native
সং্গিতং্গ	sh O ng g i t o ng g O	native
সং্গিতজ্ঞ	sh O ng g i t o g g O	tatsama
সইন্য	sh O i n n O	native
সকান্ড	sh o k a n D O	native
সকুল্য	sh o k u l l O	native
সকৃতজ্ঞ	sh o k i r t o g g o	tatsama
সক্ত	sh o kt O	native
সখ্য	sh O k kh O	native
সগর্ভ	sh o g o r bh O	native
সগোত্র	sh o g O tr O	native
সগ্গ	sh o g g O	native
সঙ্গীতজ্ঞ	s O ng g i t o g g O	tatsama
সচিত্র	sh o ch i tr O	native
সচেশ্ট	sh o ch e sh T O	native
সচ্চরিত্র	sh o ch ch O r i tr O	native
সচ্চিদানন্দ	sh O ch ch i d a n o nd O	native
সজত্ন	sh o j o t n O	native
সজ্জ	sh o j j O	native
সঞ্চয়পত্র	sh o n ch o y o p o tr O	native
সততাপুর্ন	sh o t o t a p u r n o	native
সতবর্গ	sh o t b o r g O	native
সতর্ক	sh o t O r k O	native
সতিত্ব	sh o t i t t O	tatsama
সতির্থ	sh o t i r th O	native
সতিশচন্দ্র	sh o t i sh ch o ndr O	native
সতীত্ব	sh o t i tt O	tatsama
সতৃশ্ন	sh o t ri sh n O	tatsama
সত্কর্ম	sh o t k o r o m e	native
সত্তরোর্ধ্ব	sh O tt O r O r dh O	tatsama
সত্তাবিশিশ্ট	sh o tt a b i sh i sh T o	native
সত্ত্ব	sh o tt O	tatsama
সত্য	sh O t t O	native
সত্যনিশ্ঠ	sh o t t o n i sh Th o	native
সত্যানন্দ	sh o t t a n n o nd o	native
সত্যাসত্য	sh O t t a sh O t t O	native
সত্যেন্দ্র	sh o t t e ndr O	native
সদরসংলগ্ন	sh o d o r sh o ng l o g n o	native
সদর্প	sh o d o r p O	native
সদস্য	sh o d O sh sh O	native
সদস্যবিশিশ্ট	sh o d o sh sh o b i sh i sh T o	native
সদস্যবৃন্দ	sh o d o sh sh O b r i n d O	tatsama
সদস্যভুক্ত	sh o d o sh sh o bh u kt t o	native
সদস্যরাশ্ট্র	sh o d o sh sh o r a sh T r O	loanword
সদানন্দ	sh o d a n o nd O	native
সদাব্যস্ত	sh o d a b A st o	native
সদাসতর্ক	sh o d a sh o t o r k o	native
সদাহাস্য	sh o d a h a sh sh o	native
সদুদ্দেশ্য	sh o d u d d e sh sh O	native
সদ্ধর্ম	sh o d dh o r m O	tatsama
সদ্বৃত্ত	sh o d b ri tt O	tatsama
সদ্ম	sh o d d O	tatsama
সদ্য	sh o d d O	native
সদ্যবিলুপ্ত	sh o d d o b i l u p t o	native
সদ্যসমাপ্ত	sh o d d O sh o m a p t O	native
সনদপত্র	sh o n O d p o tr O	native
সনদপ্রাপ্ত	sh o n O d pr a p t O	native
সনাক্ত	sh o n a kt O	native
সনির্বন্ধ	sh o n i r b o ndh O	native
সন্ত	sh o nt O	native
সন্তপ্ত	sh o nt o p t O	native
সন্তানতুল্য	sh o nt a nt u l l o	native
সন্তুশ্ট	sh o nt u sh T O	native
সন্ত্রস্ত	sh o n t r O st O	native
সন্ত্রাসমুক্ত	sh o n t r a sh m u kt O	native
সন্দ	sh o nd O	native
সন্দর্ভ	sh o nd o r bh O	native
সন্দিগ্ধ	sh O nd i g dh O	native
সন্দিশ্ট	sh O nd i sh T O	native
সন্দেহমুক্ত	sh o nd e h o m u kt o	native
সন্ধ	sh k o ndh O	native
সন্নদ্ধ	sh o nn o d dh O	tatsama
সন্নস্ত	sh O nn o st O	native
সন্নিকর্ষ	sh O nn i k o r sh O	native
সন্নিবদ্ধ	sh O nn i b o d dh O	tatsama
সন্নিবৃত্ত	sh O nn i b ri tt O	tatsama
সন্মার্গ	sh o n m a r g O	native
সন্স	s o n s	loanword
সপক্ষ	sh o p o kkh O	tatsama
সপত্ন	sh o p o t n O	native
সপিন্ড	sh o p i n D O	native
সপ্ত	sh o p t O	native
সপ্তাশ্চর্য	sh o p t a sh ch o r j o	native
সপ্তাশ্ব	sh o p t a sh sh O	tatsama
সফটেক্স	s o ph T e k s	loanword
সফরসংক্রান্ত	sh o ph o r sh o ng kr a nt o	native
সফ্ট	s o ph T	loanword
সবর্ন	sh o b o r n O	native
সবিকল্প	sh o b i k o l p O	native
সবুজপত্র	sh O b u j p o tr O	native
সবেমাত্র	sh o b e m a tr O	native
সব্য	sh O b b O	native
সভাকক্ষ	sh o bh a k o kkh O	tatsama
সভাপতিত্ব	sh o bh a p O t i t t O	tatsama
সভামঞ্চ	sh o bh a m o n ch o	native
সভাসুত্র	sh o bh a sh u tr O	native
সভ্য	sh O b bh O	native
সমকক্ষ	sh o m O k o kkh O	tatsama
সমক্ষ	sh o m O kkh O	tatsama
সমগুরুত্ব	sh o m o g u r u t t o	tatsama
সমগ্র	sh o m O gr O	native
সমঝোতাপত্র	sh o m o jh O t a p o tr O	native
সমঝোতাপুর্ন	sh o m o jh O t a p u r n o	native
সমতাপুর্ন	sh o m o t a p u r n o	native
সমতুল্য	sh o m O t u l l O	native
সমত্ত	sh o m o tt o	native
সমদুরত্ব	sh o m o d u r o t t o	tatsama
সমনস্ক	sh o m o n O s k O	loanword
সমপদস্থ	sh o m O p o d O sth O	native
সমপর্যায়ভুক্ত	sh o m o p o r j a y m u kt o	compound
সমপৃশ্ঠ	sh o m O p ri sh Th O	tatsama
সমপ্রদায়ভুক্ত	sh o m p r O d a y bh u kt o	compound
সমবস্থ	sh o m O b o sh t O	native
সমমর্যাদাসম্পন্ন	sh o m o m o r j a d a sh o mp o nn o	compound
সমমুল্য	sh o m O m u l l O	native
সময়সাপেক্ষ	sh o m o y sh a p e kkh e	tatsama
সমরাস্ত্র	sh o m O r a st r O	native
সমরেন্দ্র	sh o m o r e ndr O	native
সমর্থ	sh o m O r th O	native
সমর্থনজোগ্য	sh o m O r th O n j O g g O	native
সমর্থনপুশ্ট	sh o m O r th O n p u sh T O	native
সমসুত্র	sh o m O sh u tr O	native
সমস্ত	sh o m O st O	native
সমস্বামিত্ব	sh o m O sh a m i t t O	tatsama
সমস্য	sh o m O sh sh O	native
সমস্যাগ্রস্ত	sh o m O sh sh a gr O st O	native
সমস্যাজুক্ত	sh o m o sh sh a j u kt o	native
সমস্যামুক্ত	sh o m o sh sh a m u kt o	native
সমাকির্ন	sh o m a k i r n O	native
সমাক্রান্ত	sh o m a kr a nt O	native
সমাক্ষ	sh o m a kkh O	tatsama
সমাচ্ছন্ন	sh o m a ch chh O nn O	native
সমাজকর্ম	sh o m a j k o r m O	native
সমাজতত্ত্ব	sh o m a j t o tt O	tatsama
সমাজতন্ত্র	sh o m a j t o n t r O	native
সমাজবদ্ধ	sh o m a j b o d dh O	tatsama
সমাজমনস্ক	sh o m a j m o n o s k o	loanword
সমাধানজোগ্য	sh o m a dh a n j O g g o	native
সমাধিক্ষেত্র	sh o m a dh i kh e tr O	tatsama
সমাধিস্থ	sh o m a dh i sth O	native
সমাপ্ত	sh o m a p t O	native
সমাপ্য	sh o m a p p o	native
সমাবিশ্ট	sh o m a b i sh T O	native
সমারম্ভ	sh o m a r o m bh O	native
সমালোচনাপুর্ন	sh o m a l O ch o n a p u r n o	compound
সমাসক্ত	sh o m a sh O kt O	native
সমাসন্ন	sh o m a sh O nn O	native
সমাসবদ্ধ	sh o m a sh b o d dh O	tatsama
সমিক্ষ	sh O m i kkh O	tatsama
সমিদ্ধ	sh O m i d dh O	tatsama
সমুচ্চ	sh O m u ch ch O	native
সমুচ্চার্য	sh O m u ch ch a r j O	native
সমুচ্ছিন্ন	sh O m u ch chh i nn O	native
সমুদ্গির্ন	sh O m u d g i r n O	native
সমুদ্ভ্রান্ত	sh O m u d bh r a nt O	native
সমুদ্র	sh O m u d r O	native
সমুদ্রপৃশ্ঠ	sh O m u d r O p ri sh Th O	tatsama
সমুদ্রবক্ষ	sh o m u d r O b o kkh o	tatsama
সমুদ্রসিমান্ত	sh o m u d r O sh i m a nt o	compound
সমুদ্রসিমাসংক্রান্ত	sh o m u d r O sh i m a sh o ng kr a nt o	compound
সমুদ্রসোইকতসংলগ্ন	sh o m u d r O sh O i k o t sh o ng l o g n o	compound
সমুন্দ	sh O m u nd O	native
সমুৎকর্ন	sh O m u t k o r n O	native
সমুৎকির্ন	sh O m u t k i r n O	native
সমৃদ্ধ	sh o m r i d dh O	tatsama
সমোশ্ন	sh o m O sh n o	native
সম্পত্তিসংক্রান্ত	sh o mp o tt i sh o ng kr a nt o	compound
সম্পদমুল্য	sh o mp o d m u l l o	native
সম্পন্ন	sh o mp O nn O	native
সম্পর্ক	sh o mp O r k O	native
সম্পর্কজুক্ত	sh o mp O r k O j u kt O	native
সম্পুর্ন	sh o mp u r n O	native
সম্পূর্ন	sh o mp u r n O	native
সম্পৃক্ত	s o mp ri kt O	tatsama
সম্পোশ্য	sh o mp O sh sh O	native
সম্প্রচার কেন্দ্র	sh o m p r O ch a r | k e ndr O	compound
সম্প্রদায়ভুক্ত	sh o mp r O d a y bh u kt o	loanword
সম্প্রাপ্ত	sh o mp r a p t O	loanword
সম্বদ্ধ	sh o mb o d dh O	tatsama
সম্বন্ধ	sh o mb o ndh O	native
সম্বাদপত্র	sh o mb a d p o tr O	native
সম্বুদ্ধ	sh O mb u d dh O	tatsama
সম্ভাব্য	sh o m bh a b b O	native
সম্ভ্রান্ত	sh o m bh r a nt O	native
সম্মতিপত্র	sh o mm O t i p o tr O	native
সম্মাননাপত্র	sh o mm a n O n a p o tr O	native
সম্মুখজুদ্ধ	sh o mm u kh j u d dh o	tatsama
সম্মেলনকক্ষ	sh o mm e l o n k o kkh o	tatsama
সম্মেলনকেন্দ্র	sh o mm e l o n k e ndr O	compound
সরকারপক্ষ	sh o r k a r p o kkh O	tatsama
সরকারসংক্রান্ত	sh o r k a r sh o ng kr a nt o	compound
সরাচিত্র	sh o r a ch i tr O	native
সরোজগঞ্জ	sh o r O j g o n j	native
সর্গ	sh o r g O	native
সর্জ্য	sh O r j O	native
সর্ত	sh o r t o	native
সর্প	sh o r p O	native
সর্ব	sh o r b O	native
সর্বকনিশ্ঠ	sh o r b O k O n i sh Th O	native
সর্বজনগ্রাহ্য	sh o r b o j o n gr a h j o	compound
সর্বজনমান্য	sh o r b o j o n sh a m a n n o	native
সর্বজেশ্ঠ	sh o r b o j e sh Th o	native
সর্বজ্ঞ	sh o r b O g g O	tatsama
সর্বত্র	sh o r b O tr O	native
সর্বনিম্ন	sh o r b O n i m n O	native
সর্বশান্ত	sh o r b O sh a nt O	native
সর্বশ্রেশ্ঠ	sh o r b O s r e sh Th O	native
সর্বস্ব	sh o r b o sh sh o	tatsama
সর্বস্বান্ত	sh o r b O sh a nt O	tatsama
সর্বানন্দ	sh o r b a n o nd o	native
সর্বোচ্চ	sh o r b O ch ch o	native
সর্বোত্কৃশ্ট	sh o r b O t k i r sh T o	tatsama
সর্বোৎকৃশ্ট	sh o r b O t k ri sh T O	tatsama
সর্বোৎকৃষ্ট	sh o r b O t k ri shT O	tatsama
সর্ব্বোচ্চ	sh o r b O ch ch O	native
সলজ্জ	sh o l o j j O	native
সলাপরামর্শ	sh o l a p o r a m o r sh o	native
সলিউশন্স	s o l i u sh o n s	loanword
সল্ট	s o l T	loanword
সশব্দ	sh o sh o b d O	native
সশস্ত্র	sh o sh O st r O	native
সশিশ্য	sh o sh i sh sh O	native
সশ্রদ্ধ	sh o s r O d dh O	tatsama
সসংজ্ঞ	sh o sh o ng g O	tatsama
সসত্ত্ব	sh o sh o tt O	tatsama
সসপেন্ড	s o s p e n D	loanword
সসোইন্য	sh o sh O i n n O	native
সহউপাচার্য	sh o h o u p a ch a r j o	native
সহজপাচ্য	sh o h O j p a ch ch O	native
সহজপ্রাপ্য	sh o h o j pr a p p o	native
সহজবোধ্য	sh o h O j b O d dh O	native
সহজলভ্য	sh o h O j l O b bh O	native
সহজসাধ্য	sh o h O j sh a d dh O	native
সহজোগিতাপুর্ন	sh o h o j O g i t a p u r n o	compound
সহর্ষ	sh o h o r sh O	native
সহস্র	sh o h O s r O	native
সহস্রাব্দ	sh o h o sh r a b d o	native
সহায়তাপুশ্ট	sh o h a y o t a p u sh T o	native
সহাস্য	sh o h a sh sh O	native
সহিংসতাপুর্ন	sh o h i ng sh o t a p u r n o	native
সহিংসতামুক্ত	sh o h i ng sh o t a m u kt o	native
সহিংসপুর্ন	sh o h i ng sh o t a p u r n o	native
সহ্য	sh o j jh O	native
সাংকর্ষ	sh a ng k o r sh o	native
সাংখ্য	sh a ng kh O	native
সাংবাদিকবৃন্দ	sh a ng b a d i k b i r nd o	tatsama
সাংসদপুত্র	sh a ng sh o d p u tr O	native
সাইকোথেরাপিস্ট	s a i k O th e r a p i s T	loanword
সাইকোলজিস্ট	s a i k O l o j i s T	loanword
সাইক্লিস্ট	s a i kl i s T o	loanword
সাইথইস্ট	s a i th i s T	loanword
সাইনবোর্ড	s a i n b O r D	loanword
সাইনোফার্ম	sh a i n O ph a r m	native
সাইন্স	s a i n s	loanword
সাইলেন্ট	s a i l e n T	loanword
সাইলেন্স	s a i l e n s	loanword
সাউথইস্ট	s a u th i s T	loanword
সাউথওয়ার্ক	sh a u th O y a r k	native
সাউদারল্যান্ড	sh a u d a r l A n D	compound
সাউদার্ন	sh a u d a r n	native
সাউন্ড	s a u n D	loanword
সাউন্ডবক্স	s a u n D b o k s	loanword
সাওয়ান্ত	sh a O y a nt o	native
সাকুল্য	sh a k u l l o	native
সাক্ষরজ্ঞানসম্পন্ন	sh a kkh o r j ny a n sh o mp o nn o	tatsama
সাক্ষ্য	sh a kkh O	tatsama
সাজাত্য	sh a j a t t O	native
সাজাপ্রাপ্ত	sh a j a pr a p t O	native
সাজুজ্য	sh a j u j j O	native
সাজুজ্যপুর্ন	sh a j u j j o p u r n o	native
সাড়াশব্দ	sh a r a sh o b d o	native
সাতত্য	sh a t O t t O	native
সাতসমুদ্র	sh a t sh o m u d r O	native
সাতান্ন	sh a t a nn O	native
সাদৃশ্য	sh a d r i sh sh O	tatsama
সাদৃশ্যপুর্ন	sh a d ri sh sh O p u r n O	tatsama
সাধনচন্দ্র	sh a dh o n ch o ndr O	native
সাধনানন্দ	sh a dh o n a nd o	native
সাধর্ম্য	sh a dh o r m O	native
সাধারনত্ব	sh a dh a r o n t t o	tatsama
সাধিত্র	sh a dh i tr O	native
সাধুবাদজোগ্য	sh a dh u b a d j O g g o	native
সাধ্য	sh a d dh O	native
সানন্দ	sh a n O nd O	native
সানবার্ন	sh a n b a r n	native
সানরাইজার্স	sh a n r a i j a r sh	native
সানসার্ন	sh a n sh a r n	native
সানসিল্ক	sh a n sh i l k	native
সানুকম্প	sh a n u k o mp O	native
সানুবন্ধ	sh a n u b o ndh O	native
সান্ডারল্যান্ড	sh a n D a r l A n D	compound
সান্ত	sh a nt O	native
সান্দ্র	sh a ndr O	native
সান্ধ্য	sh a ndh O	tatsama
সান্নিধ্য	sh a nn i d dh O	native
সাপেক্ষ	sh a p e kkh O	tatsama
সাপোর্ট	s a p O r T	loanword
সাপ্লায়ার্স	s a p l a y a r s	loanword
সাপ্লিমেন্ট	s a p l i m e n T	loanword
সাফটাভুক্ত	s a ph T a bh u kt o	proper_noun
সাফল্য	sh a ph O l l O	native
সাবজেক্ট	s a b j e k T	loanword
সাবর্ন	sh a b o r n O	native
সাব্যস্ত	sh a b b O st O	native
সামগ্র্য	sh a m O g gr O	native
সামঞ্জস্য	sh a m O n j O sh sh O	native
সামঞ্জস্যপুর্ন	sh a m o n j o sh sh o p u r n o	compound
সামন্ত	sh a m O nt O	native
সামন্ততন্ত্র	sh a m o nt o t o nt r O	native
সাময়িকপত্র	sh a m o y i k p o tr O	native
সামরিকতন্ত্র	sh a m o r i k t o nt r O	native
সামর্থ	sh a m O r th O	native
সামর্থ্য	sh a m O r th O	native
সামান্য	sh a m a n n O	native
সামিন্ত	sh a m i nt o	native
সামিপ্য	sh a m i p p O	native
সামুদ্র	sh a m u d r O	native
সাম্প্রদায়িকতামুক্ত	sh a mp r O d a y i k o t a m u kt o	loanword
সাম্য	sh a m m O	native
সাম্রাজ্য	sh a m r a j j O	native
সায়ংকৃত্য	sh a y O ng k ri t t O	tatsama
সায়াহ্ন	sh a y a n n O	native
সায়েন্টিস্ট	s a y e n T i s T	loanword
সায়েন্স	s a y e n s	loanword
সাযুজ্য	sh a j u j j O	native
সারগর্ভ	sh a r g o r bh o	native
সারচার্জ	sh a r ch a r j	native
সারমর্ম	sh a r m o r m O	native
সারল্য	sh a r O l l O	native
সারাবিশ্ব	sh a r a b i sh sh O	tatsama
সারিবদ্ধ	sh a r i b o d dh O	tatsama
সারুপ্য	sh a r u p p O	native
সার্ক	sh a r k	native
সার্কভুক্ত	sh a r k bh u kt O	native
সার্চ	s a r ch	loanword
সার্জেন্ট	s a r j e n T	loanword
সার্ট	sh a r T	loanword
সার্ড	sh a r D	loanword
সার্ত্র	sh a r tr O	native
সার্থ	sh a r th O	native
সার্ধ	sh a r dh O	native
সার্ধশতবর্ষ	sh a r dh o sh o t o b o r sh o	native
সার্ন	sh a r n	native
সার্ফ	sh a r ph	native
সার্ব	sh a r b	native
সার্বভোউমত্ব	sh a r b O bh O O m O t t O	tatsama
সার্ভ	sh a r bh	native
সার্ভিলেন্স	s a r bh i l e n s	loanword
সার্ভিল্যান্স	s a r bh i l e n s	loanword
সার্ভেন্ট	s a r bh e n T	loanword
সালোক্য	sh a l O k k O	native
সাসপেন্ড	s a s p e n D	loanword
সাসপেন্স	s a s p e n s	loanword
সাসেক্স	s a s e k s	loanword
সাস্ক	s a s k	loanword
সাস্ট	s a s T	loanword
সাহচর্য	sh a h O ch O r j O	native
সাহসিকতাপুর্ন	sh a h o sh i k o t a p u r n o	compound
সাহাজ্য	sh a h a j j O	native
সাহাজ্যপুশ্ট	sh a h a j j O p u sh T O	native
সাহাজ্যপ্রাপ্ত	sh a h a j j o pr a p t o	compound
সাহিত্য	sh a h i t t O	native
সাহিত্যকর্ম	sh a h i t t O k o r m O	native
সিএসসিএক্স	s i e s s i e k s	loanword
সিকস্ত	sh i k o st o	native
সিকুয়েন্স	s i k u y e n s	loanword
সিকোয়েন্স	s i k O y e n s o	loanword
সিক্ত	sh i kt O	native
সিক্থ	sh i k th o	native
সিক্স	s i k s	loanword
সিটবেল্ট	s i T b e l T	loanword
সিডন্স	s i D o n s	loanword
সিডর্ফ	s i D o r ph	proper_noun
সিতাকুন্ড	sh i t a k u n D O	native
সিদ্ধ	sh i d dh O	tatsama
সিদ্ধহস্ত	sh i d dh O h o st O	tatsama
সিদ্ধান্ত	sh i d dh a nt o	tatsama
সিদ্ধান্তসংক্রান্ত	sh i d dh a nt o sh o ng kr a nt o	tatsama
সিদ্ধার্থ	sh i d dh a r th O	tatsama
সিদ্ধিরগঞ্জ	sh i d dh i r g o n j	tatsama
সিনথেটিক্স	s i n th e T i k s	loanword
সিনেপ্লেক্স	s i n e p l e k s	loanword
সিন্ধ	sh i ndh O	native
সিন্ধান্ত	sh i d dh a nt o	native
সিমকার্ড	s i m k a r D	loanword
সিমন্ত	sh i m o nt O	native
সিমন্স	s i m o n s	loanword
সিমাতিরিক্ত	sh i m a t i r i kt	native
সিমানাভুক্ত	sh i m a n a bh u kt	native
সিমানাসংক্রান্ত	sh i m a n a sh o ng kr a nt o	compound
সিমান্ত	sh i m a nt O	native
সিমান্তসংক্রান্ত	sh i m a nt o sh o ng kr a nt o	compound
সিমান্তসংলগ্ন	sh i m a nt O sh o ng l O g n O	compound
সিমাবদ্ধ	sh i m a b o d dh O	tatsama
সিমাসংক্রান্ত	sh i m a sh o ng kr a nt o	compound
সিমেক্স	s i m e k s o	loanword
সিমেন্ট	s i m e n T	loanword
সিমেন্স	s i m e n s	loanword
সিয়ার্স	sh i y a r sh	native
সিরাজগঞ্জ	sh i r a j g o n j	native
সিরিঞ্জ	sh i r i n j	native
সিরিনধর্ন	sh i r i n dh o r n	native
সির্ত	sh i r t	native
সিলিকাসমৃদ্ধ	sh i l i k a sh o m r i d d o	tatsama
সিলেক্ট	s i l e k T	loanword
সিল্ক	sh i l k	native
সিস্ট	s i s T	loanword
সিস্টার্স	s i s T a r s	loanword
সীতাকুন্ড	sh i t a k u n D O	proper_noun
সুইজারল্যান্ড	sh u i j a r l A n D	compound
সুইটহার্ট	s u i T h a r T	loanword
সুউচ্চ	sh u u ch ch O	native
সুকন্ঠ	sh u k o n Th O	native
সুকর্ম	sh u k o r m O	native
সুকান্ত	sh u k a nt O	native
সুক্ত	sh u kt O	native
সুক্ষ্ম	sh u kkh O	tatsama
সুক্ষ্মাতিসুক্ষ্ম	sh u kkh a t i sh u kkh O	tatsama
সুখপাঠ্য	sh u kh O p a T Th O	native
সুখাদ্য	sh u kh a d d O	native
সুখোইশ্বর্য	sh O kh O i sh sh o r j O	tatsama
সুখোশ্ন	sh u kh O sh n O	native
সুগন্ধ	sh u g o ndh O	native
সুগন্ধজুক্ত	sh u g o ndh O j u kt O	native
সুগন্ধিজুক্ত	sh u g O ndh i j u kt O	native
সুগুপ্ত	sh u g u p t O	native
সুচনাপর্ব	sh u ch o n a p o r b o	native
সুচনালগ্ন	sh u ch o n a l o g n o	native
সুচিকর্ম	sh u ch i k o r m O	native
সুচিত্র	sh u ch i tr O	native
সুচিপত্র	sh u ch i p o tr O	native
সুচিশিল্প	sh u ch i sh i l p o	native
সুচ্য	sh u ch chh o	native
সুচ্যগ্র	sh u ch ch O g gr O	native
সুজোগ্য	sh u j O g g O	native
সুতিক্ত	sh u t i kt O	native
সুতিক্ষ্ন	sh u t i kh n O	tatsama
সুতিব্র	sh u t i br O	native
সুত্র	sh u tr O	native
সুদক্ষ	sh u d o kkh O	tatsama
সুদন্ত	sh u d o nt O	native
সুদমুক্ত	sh u d m u kt O	native
সুদিপ্ত	sh u d i p t O	native
সুদির্ঘ	sh u d i r gh O	native
সুদৃশ্ট	sh u d ri sh T O	tatsama
সুদৃশ্য	sh u d r i sh sh O	tatsama
সুদ্ধ	sh u d dh O	tatsama
সুধিন্দ্র	sh u dh i ndr O	native
সুনন্দ	sh u n o nd O	native
সুনাব্য	sh u n a b b O	native
সুনামগঞ্জ	sh u n a m g o n j	native
সুনিদ্র	sh u n i d r O	native
সুনির্দিশ্ট	sh u n i r d i sh T O	native
সুনেত্র	sh u n e tr O	native
সুন্দরগঞ্জ	sh u nd O r g o n j	native
সুন্দরবনসংলগ্ন	sh u nd O r b o n sh o ng l o g n o	compound
সুপক্ব	sh u p o k k O	native
সুপত্র	sh u p o tr O	native
সুপথ্য	sh u p O t th O	native
সুপদ্য	sh u p O d d O	native
সুপরামর্শ	sh u p o r a m o r sh O	native
সুপর্ন	sh u p o r n O	native
সুপাচ্য	sh u p a ch ch O	native
সুপাত্র	sh u p a tr O	native
সুপারফাস্ট	s u p a r ph a s T	loanword
সুপারিনটেনডেন্ট	sh u p a r i n T e n D e n T	compound
সুপারিন্টেন্ডেন্ট	sh u p a r i n T e n D e n T	compound
সুপারিশপত্র	sh u p a r i sh p o tr O	native
সুপারিশসংক্রান্ত	sh u p a r i sh sh o ng kr a nt	compound
সুপার্শ্ব	sh u p a r sh O	tatsama
সুপুত্র	sh u p u tr O	native
সুপ্ত	sh u p t O	native
সুপ্র	sh u pr O	native
সুপ্রজুক্ত	sh u pr O j u kt O	native
সুপ্রশস্ত	sh u pr O sh o st	native
সুপ্রসন্ন	sh u pr O sh O nn O	native
সুপ্রাপ্য	sh u pr a p p O	native
সুপ্রিমকোর্ট	s u pr i m k O r T	loanword
সুবন্ত	sh u b o nt O	native
সুবন্দোবস্ত	sh u b o nd O b o st o	native
সুবন্ধ	sh u b o n t O	native
সুবন্ন	sh u b o nn O	native
সুবর্ন	sh u b o r n O	native
সুবাক্য	sh u b a k k O	native
সুবিধাজুক্ত	sh u b i dh a j u kt O	native
সুবিধাপ্রাপ্ত	sh u b i dh a pr a p t o	compound
সুবিধাসংক্রান্ত	sh u b i dh a sh o ng kr a nt O	compound
সুবিধাসম্পন্ন	sh u b i dh a sh o mp O nn O	compound
সুবিন্যস্ত	sh u b i n A st O	native
সুবিস্তির্ন	sh u b i st i r n O	native
সুবোধ্য	sh u b O d dh O	native
সুব্যক্ত	sh u b A kt O	native
সুব্রহ্মন্য	sh u br O m h O n n O	tatsama
সুভদ্র	sh u bh o d r O	native
সুভব্য	sh u bh O b b O	native
সুভাশচন্দ্র	sh u bh a sh ch o ndr O	native
সুভাসচন্দ্র	sh u bh a sh ch o ndr O	native
সুভিক্ষ	sh u bh i kkh O	tatsama
সুমন্ত	sh u m o nt o	native
সুমন্ত্র	sh u m o nt r O	native
সুমন্দ	sh u m o nd O	native
সুমিশ্ট	sh u m i sh T O	native
সুরম্য	sh u r O m m O	native
সুরেন্দ্র	sh u r e ndr O	native
সুর্খ	sh u r kh	native
সুর্য	sh u r j O	native
সুর্যকান্ত	sh u r j O k a nt o	native
সুর্যাস্ত	sh u r j a st O	native
সুর্য্য	sh u r j O	native
সুলগ্ন	sh u l o g n O	native
সুলতানগঞ্জ	sh u l o t a n j O	native
সুলম্ব	sh u l o mb O	native
সুশক্ত	sh u sh o kt o	native
সুশান্ত	sh u sh a nt O	native
সুশুপ্ত	sh u sh u p t O	native
সুশ্ঠ	sh u sh Th o	native
সুশ্পশ্ট	sh u sh p o sh T O	native
সুশ্রাব্য	sh u s r a b b O	native
সুশ্লিশ্ট	sh u sh l i sh T O	native
সুষ্ঠ	sh u shTh O	tatsama
সুসংবদ্ধ	sh u sh o ng b o d dh O	tatsama
সুসংবৃদ্ধ	sh u sh o ng b ri d dh O	tatsama
সুসংরব্ধ	sh u sh o ng r o b dh O	native
সুসজ্জ	sh u sh o j j O	native
সুসভ্য	sh u sh o b bh O	native
সুসমাপ্ত	sh u sh o m a p t O	native
সুসমৃদ্ধ	sh u sh o m r i d dh O	tatsama
সুসম্পন্ন	sh u sh o mp O nn O	native
সুসম্পর্ক	sh u sh o mp o r k O	native
সুসম্বন্ধ	sh u sh o m o b o ndh O	native
সুসাধ্য	sh u sh a d dh O	native
সুসিক্ত	sh u sh i kt O	native
সুসিদ্ধ	sh u sh i d dh O	tatsama
সুস্ত	sh u st	native
সুস্থ	sh u sth O	native
সুস্থ্য	sh u sth O	native
সুস্নিগ্ধ	sh u sn i g dh O	native
সুস্পর্শ	sh u s p o r sh O	loanword
সুস্পশ্ট	sh u s p o sh T O	loanword
সুস্বপ্ন	sh u sh o sh o p n O	tatsama
সুস্বাস্থ্য	sh u sh a sth O	tatsama
সুহস্ত	sh u h o st O	native
সূচিকর্ম	sh u ch i k o r m O	native
সূচিপত্র	sh u ch i p o tr O	native
সূর্য	sh u r j O	native
সৃপ্ত	sh ri p t O	tatsama
সৃশ্ট	sh ri sh T O	tatsama
সৃশ্টিকর্ম	sh ri sh T i k o r m o	tatsama
সৃশ্টিতত্ত্ব	sh ri sh T i t o t	tatsama
সৃশ্টিরহস্য	sh ri sh T i r o h o sh sh o	tatsama
সেইজন্য	sh e i j O n n O	native
সেইন্ট	s e i n T	loanword
সেইফগার্ড	s e i ph g a r D	loanword
সেকহ্যান্ড	sh e k h a n D	loanword
সেকেন্ড	s e k e n D	loanword
সেকেন্ডহ্যান্ড	s e k e n D h A n D	loanword
সেক্স	s e k s	loanword
সেক্সওয়ার্কার্স	s e k s O y a r k a r s	loanword
সেগমেন্ট	s e g m e n T	loanword
সেচজন্ত্র	sh e ch j O n t r O	native
সেচজোগ্য	sh e ch j O g g O	native
সেচপাম্প	sh e ch p a mp	native
সেচপ্রকল্প	sh e ch pr O k O l p O	native
সেজন্য	sh e j O n n O	native
সেটেলমেন্ট	s e T e l m e n T	loanword
সেতাবগঞ্জ	sh e t a b g o nj	tatsama
সেতুবন্ধ	sh e t u b o ndh O	tatsama
সেতুসংলগ্ন	sh e t u sh O ng l o g n O	native
সেদ্ধ	sh e d dh O	tatsama
সেনগুপ্ত	sh e n g u p t O	proper_noun
সেনসেক্স	s e n s e k s	proper_noun
সেনাক্যাম্প	sh e n a k A mp	native
সেনাধ্যক্ষ	sh e n a d dh O kkh O	tatsama
সেনামুক্ত	sh e n a m u kt O	native
সেনাসদস্য	sh e n a sh o d O sh sh O	native
সেনাসুত্র	sh e n a sh u tr O	native
সেন্ট	s e n T	loanword
সেন্ড	s e n D	loanword
সেন্ত	sh e nt O	native
সেন্স	s e n s	loanword
সেন্সরবোর্ড	s e n s O r b O r D	loanword
সেপ্র	sh e pr O	native
সেফগার্ড	s e ph g a r D O	loanword
সেবাকর্ম	sh e b a k o r m O	native
সেবাকেন্দ্র	sh e b a k e ndr O	native
সেবাজত্ন	sh e b a j o t n O	native
সেবামুল্য	sh e b a m u l l O	native
সেবাসংক্রান্ত	sh e b a s o ng k r a n t O	native
সেমিফাইনালিস্ট	s e m i ph a i n a l i s T	loanword
সেরাকন্ঠ	s e r a k o n Th O	proper_noun
সেলাইকেন্দ্র	sh e l a i k e ndr O	native
সেলার্স	s e l a r s	loanword
সেল্ট	s e l T O	loanword
সেল্ফ	s e l ph	loanword
সেশনজটমুক্ত	sh e sh o n j o T m u kt O	loanword
সেস্ত	s e st	loanword
সোইকতসংলগ্ন	sh O i k o t sh o ng l o g n o	native
সোইনাপত্য	sh O i n a p o t t O	native
সোইন্য	sh O i n n o	native
সোইন্যসামন্ত	sh O i n n o sh a m o nt o	native
সোউকর্য	sh O u k O r j O	native
সোউকুমার্য	sh O u k u m a r j O	native
সোউক্ষ্ম্য	sh O u kkh O	tatsama
সোউখ্য	sh O u k kh O	native
সোউজন্য	sh O u j O n n O	native
সোউজাত্য	sh O u j a t t O	native
সোউন্দর্য	sh O u nd o r j O	native
সোউন্দর্য্য	sh O u nd O r j O	native
সোউপর্ন	sh O u p o r n O	native
সোউবর্ন	sh O u b o r n O	native
সোউভাগিন্য	sh O u bh a g i n n O	native
সোউভাগ্য	sh O u bh a g g O	native
সোউভ্রাতৃত্ব	sh O u bh a t r i t t o	tatsama
সোউভ্রাত্র	sh O u bh r a tr O	native
সোউমনস্য	sh O u m o n O sh sh O	native
সোউমিত্র	sh O u m i tr O	native
সোউমেন্দ্র	sh O u m e ndr O	native
সোউম্য	sh O u m m O	native
সোউরবিদ্যুৎকেন্দ্র	sh O u r o b i d d u t k e ndr O	compound
সোউরাজ্য	sh O u r a j j O	native
সোউরাশ্ট্র	sh O u r a sh T r O	loanword
সোউরেন্দ্র	sh O u r e ndr O	native
সোউসাদৃশ্য	sh O u sh a d ri sh sh O	tatsama
সোউহার্দ্য	sh O u h a r d O	native
সোউহার্দ্যপুর্ন	sh O u h a r d O p u r n O	compound
সোপর্দ	sh O p O r d O	native
সোবার্স	s O b a r s	proper_noun
সোমত্ত	sh O m o tt O	native
সোয়ার্স	s O y a r s	proper_noun
সোর্ড	s O r D	loanword
সোর্স	sh O r s	loanword
সোশালিস্ট	s O sh a l i s T	loanword
সোশ্যালিস্ট	s O sh A l i s T	loanword
সোস্ত	sh O st	native
সোস্যালিস্ট	s O sh A l i s T	loanword
সোৎকন্ঠ	sh O t k o n Th O	native
স্কটল্যান্ড	s k o T l A n D	loanword
স্কন্দ	s k o nd O	loanword
স্কলার্স	s k o l a r s	loanword
স্কার্ট	s k a r T	loanword
স্কার্ফ	s k a r ph	loanword
স্কুলছাত্র	s k u l chh a tr O	native
স্কুলসংলগ্ন	s k u l sh o ng l o g n o	loanword
স্কেলপ্রাপ্ত	s k E l pr a p t O	loanword
স্কোরকার্ড	s k O r k a r D	loanword
স্কোরবোর্ড	s k O r b O r D	loanword
স্ক্রিনজুক্ত	s kr i n j u kt o	loanword
স্ক্রিনপ্রিন্ট	s k r i n pr i n T	loanword
স্ক্রিপ্ট	s kr i p T	loanword
স্ক্র্যাচকার্ড	s kr A ch k a r D	loanword
স্টর্ম	s T o r m	loanword
স্টলটেনবার্গ	s T o l T e n b a r g	proper_noun
স্টাইলিস্ট	s T a i l i s T	loanword
স্টানফোর্ড	s T a n ph O r D	proper_noun
স্টান্ট	s T a n T	loanword
স্টান্ডার্ড	s T a n D a r D	loanword
স্টামফোর্ড	s T a m ph O r D	proper_noun
স্টাম্প	s T a mp	loanword
স্টারডাস্ট	s T a r D a s T	loanword
স্টার্ক	s T a r k	proper_noun
স্টার্চ	s T a r ch	loanword
স্টার্ট	s T a r T	loanword
স্টার্ন	s T a r n	loanword
স্টিকারজুক্ত	s T i k a r j u kt o	loanword
স্টিফেন্স	s T i ph e n s	proper_noun
স্টুটগার্ট	s T u T g a r T	proper_noun
স্টুডেন্ট	s T u D e n T	loanword
স্টুয়ার্ট	s T u y a r T	proper_noun
স্টুয়ার্ড	s T u y a r D	loanword
স্টেকেলেনবার্গ	s T e k e l e n b a r g O	loanword
স্টেটমেন্ট	s T e T m e n T	loanword
স্টেডিয়ামসংলগ্ন	s T e D i y a m sh o ng l o g n O	loanword
স্টেশনসংলগ্ন	s T e sh o n sh O ng l O g n O	loanword
স্টোর্স	s T O r s	loanword
স্টোলটেনবার্গ	s T O l T e n b a r g	proper_noun
স্ট্যানফোর্ড	s T A n ph O r D	proper_noun
স্ট্যান্ট	s T A n T	loanword
স্ট্যান্ড	s T A n d	loanword
স্ট্যান্ডার্ড	s T A n D a r D	loanword
স্ট্যাফোর্ড	s T A ph O r D	proper_noun
স্ট্যামফোর্ড	s T A m ph O r D	loanword
স্ট্যাম্প	s T A mp	loanword
স্ট্যার্ক	s T A r k	proper_noun
স্ট্র	s T r O	loanword
স্ট্রিটফিল্ড	s T r i T ph i l D	loanword
স্ট্রোকবিশিশ্ট	s T r O k b i sh i sh T o	loanword
স্ট্র্যান্ড	s T r A n D	loanword
স্তনাগ্র	st o n a g r O	native
স্তন্য	st o n n O	native
স্তব্ধ	st o b dh O	native
স্তম্ব	st o mb O	native
স্তম্ভ	st o m bh O	native
স্তরবিশিশ্ট	st o r b i sh i sh T O	native
স্তুতিবাক্য	st u t i b a k k O	native
স্তোত্র	st O tr O	native
স্থগিতসংক্রান্ত	sth o g i t o sh o ng kr a nt o	compound
স্থলসিমান্ত	sth o l O sh i m a nt O	native
স্থলাভিশিক্ত	sth o l a bh i sh i kt O	native
স্থলাভিষিক্ত	sth o l a bh i sh i kt O	tatsama
স্থাতব্য	sth a t O b b O	native
স্থানান্তরজোগ্য	sth a n a nt o r j O g g O	compound
স্থাপত্য	sth a p O t t O	native
স্থাপনসংক্রান্ত	sth a p o n sh o ng kr a nt o	compound
স্থাপনাশিল্প	sth a p o n a sh i l p o	native
স্থায়িত্ব	sth a y i t t o	tatsama
স্থিতিপত্র	sth i t i p o tr O	native
স্থিরচিত্র	sth i r ch i tr O	native
স্থোইর্য	sth O i r j O	native
স্থোউল্য	sth O u l l O	native
স্নায়ুকেন্দ্র	sn a y u k e ndr O	compound
স্নায়ুজুদ্ধ	sn a y u j u d dh o	tatsama
স্নায়ুতন্ত্র	sn a y u t o nt r O	native
স্নায়ুরোগ বিশেষজ্ঞ	sn a y u r O g | b i sh e sh o g g O	compound
স্নিগ্ধ	sn i g dh O	native
স্নেহধন্য	sn e h O dh O n n O	native
স্পঞ্জ	s p o nj	loanword
স্পর্শ	s p o r sh O	loanword
স্পশ্ট	s p o sh T O	loanword
স্পষ্ট	s p o shT o	loanword
স্পার্ক	s p a r k	loanword
স্পার্ম	s p a r m	loanword
স্পিনার্স	s p i n a r s	loanword
স্পিয়ার্স	s p i y a r s	proper_noun
স্পিলবার্গ	s p i l b a r g	loanword
স্পৃশ্ট	s p ri sh T O	tatsama
স্পেন্ট	s p e n T	loanword
স্পেন্স	s p e n s	loanword
স্পেন্সের্স	s p e n s e r s	loanword
স্পেশালিস্ট	s p e sh a l i s T O	loanword
স্পেসএক্স	s p e s e k s	proper_noun
স্পেয়ার্স	s p e y a r s O	loanword
স্পোর্ট	s p O r T	loanword
স্প্যানিয়ার্ড	s p A n i y a r D	loanword
স্প্রিন্ট	s p o r i n T	loanword
স্ফুর্ত	sh ph u r t O	native
স্ব	sh o	tatsama
স্বইরতন্ত্র	sh O i r O t o nt r O	tatsama
স্বকল্প	sh o k o l p o	tatsama
স্বচ্ছ	sh o ch chh O	tatsama
স্বচ্ছন্দ	sh o ch chh o nd O	tatsama
স্বচ্ছন্দ্য	sh o ch chh o nd O	tatsama
স্বতঃপ্রবৃত্ত	sh o t O pr O b ri tt O	tatsama
স্বতঃসিদ্ধ	sh o t O sh i d dh O	tatsama
স্বতঃস্ফুর্ত	sh o t O sh ph u r t o	tatsama
স্বতন্ত্র	sh o t o n t r O	tatsama
স্বত্ত্ব	sh o t t O	tatsama
স্বত্ব	sh o tt O	tatsama
স্বধর্ম	sh o dh o r m O	tatsama
স্বনামধন্য	sh o n a m dh O n n O	tatsama
স্বপক্ষ	sh o p O kkh O	tatsama
স্বপত্য	sh o p O t t O	tatsama
স্বপ্ন	sh o p n O	tatsama
স্বভাববিরুদ্ধ	sh o bh a b b i r u d dh o	tatsama
স্বয়ংসম্পুর্ন	sh o y o ng sh o mp u r n o	tatsama
স্বরবর্ন	sh o r o b o r n o	tatsama
স্বরাজ্য	sh o r a j j O	tatsama
স্বরাশ্ট্র	sh o r a sh T r O	tatsama
স্বর্গ	sh o r g O	tatsama
স্বর্গরাজ্য	sh o r g O r a j j O	tatsama
স্বর্ন	sh o r n O	tatsama
স্বর্নপদকপ্রাপ্ত	sh o r n o p o d o k pr a p t o	tatsama
স্বর্বোইদ্য	sh o r b O i d d O	tatsama
স্বল্প	sh o l p O	tatsama
স্বল্পদইর্ঘ্য	sh o l p O d O i r gh O	tatsama
স্বল্পদোইর্ঘ্য	sh o l p o d O i r gh O	tatsama
স্বল্পসমৃদ্ধ	sh o l p o sh o m ri d dh o	tatsama
স্বস্থ	sh o sth O	tatsama
স্বাক্ষ্য	sh a kkh O	tatsama
স্বাচ্ছন্দ্য	sh a sh chh O nd O	tatsama
স্বাতন্ত্র্য	sh a t O nt r O	tatsama
স্বাদজুক্ত	sh a d j u kt O	tatsama
স্বাদবিশিশ্ট	sh a d b i sh i sh T O	tatsama
স্বাদবিশিষ্ট	sh a d b i sh i shT O	tatsama
স্বাদযুক্ত	sh a d j u kt O	tatsama
স্বাধিনতাজুদ্ধ	sh a dh i n O t a j u d dh O	tatsama
স্বাধিনতাপ্রাপ্ত	sh a dh i n o t a pr a p t o	tatsama
স্বাধিনতাস্তম্ভ	sh a dh i n o t a st o m bh o	tatsama
স্বামিপরিত্যক্ত	sh a m i p o r i t e kt o	tatsama
স্বায়ত্ত	sh a y O tt O	tatsama
স্বার্থ	sh a r th O	tatsama
স্বার্থসংশ্লিশ্ট	sh a r th O sh o ng sh l i sh T O	tatsama
স্বার্থসংশ্লিষ্ট	sh a r th O sh o ng sh l i shT O	tatsama
স্বাস্থ্য	sh a s th O	tatsama
স্বাস্থ্যকেন্দ্র	sh a sth O k e ndr O	tatsama
স্বাস্থ্যসংক্রান্ত	sh a sth o sh o ng kr a nt o	tatsama
স্বাস্থ্যসংশ্লিশ্ট	sh a sth o sh o ng sh l i sh T o	tatsama
স্বাস্থ্যসেবাকেন্দ্র	sh a sth o sh e b a k e ndr O	tatsama
স্বিকার্য	sh i k a r j O	tatsama
স্বিকৃতিপ্রাপ্ত	sh i k r i t i pr a p t O	tatsama
স্বিন্ন	sh i nn O	tatsama
স্বীকৃতিপ্রাপ্ত	sh i k r i t i p r a p t O	tatsama
স্বোইরতন্ত্র	sh O i r o t o nt r O	tatsama
স্মরনজোগ্য	sh o r o n j O g g O	native
স্মরনাপন্ন	sh o r o n a p o nn o	native
স্মর্তব্য	s h o r t O b b O	loanword
স্মারকগ্রন্থ	sh a r o k gr O n th o	native
স্মারকচিহ্ন	sh a r o k ch i n h o	native
স্মারকপত্র	sh a r o k p o tr O	native
স্মারকস্তম্ভ	sh a r o k st o m bh o	native
স্মার্ট	s m a r T	loanword
স্মার্টকার্ড	s m a r T k a r D	loanword
স্মার্টেক্স	s m a r T e k s	proper_noun
স্মার্ত	sh a r t O	native
স্মার্ফ	s m a r ph	loanword
স্মৃতিচিহ্ন	sh ri t i ch i n h O	tatsama
স্মৃতিধন্য	s r i t i dh O n n O	loanword
স্মৃতিস্তম্ভ	s ri t i st o m bh O	tatsama
স্য	sh o	native
স্যন্দ	sh O nd O	native
স্যাক্স	s A k s	loanword
স্যানফোর্ড	s A n ph O r D	proper_noun
স্যান্ড	s A n D	loanword
স্যান্ডবার্গ	s A n D b a r g	proper_noun
স্যামন্ড	s A m o n D	proper_noun
স্যালমন্ড	s A l m o n D	proper_noun
স্রশ্টব্য	s r O sh T O b b O	native
স্রস্ত	s r O st O	native
সৎকর্ম	sh o t k o r m O	native
সৎকার্য	sh o t k a r j o	native
হংসান্ড	h o ng sh a n D O	native
হকার্স	h o k a r s	loanword
হচ্ছ	h O ch chh O	native
হজ্জ	h o j	native
হজ্ব	h o j	native
হট্ট	h o T T O	native
হড্ড	h o D D O	native
হতদরিদ্র	h o t O d O r i d r O	native
হতভম্ব	h o t O bh o mb O	native
হতভাগ্য	h o t O bh a g g O	native
হত্যাকান্ড	h O t t a k a n D O	native
হত্যাজজ্ঞ	h O t t a j O g g O	tatsama
হন্তদন্ত	h o nt O d o nt O	native
হন্তব্য	h o nt O b b O	native
হন্য	h O n n O	native
হপকিন্স	h o p k i n s	loanword
হবিগঞ্জ	h O b i g o n j	native
হব্য	h O b b O	native
হরলিক্স	h o r l i k s	loanword
হরিশচন্দ্র	h O r i sh ch o ndr O	proper_noun
হরিশ্চন্দ্র	h O r i sh ch o ndr O	native
হর্ন	h o r n	loanword
হর্যশ্ব	h o r j O sh sh O	tatsama
হর্ষ	h o r sh O	native
হর্স	h o r s	loanword
হলন্ত	h o l o nt o	native
হলমার্ক	h o l m a r k	loanword
হল্য	h o l l o	native
হল্যান্ড	h o l A n D	proper_noun
হসন্ত	h o sh o nt o	native
হস্ত	h o st O	native
হস্তশিল্প	h o st O sh i l p O	native
হস্তান্তরজোগ্য	h o st a nt O r j O g g O	compound
হাইকমান্ড	h a i k o m a n D	loanword
হাইকোর্ট	h a i k O r T	loanword
হাইড্র	h a i D r O	loanword
হাইপারফরম্যান্স	h a i p a r ph O r m A n s	loanword
হাইবেঞ্চ	h a i b e n ch	loanword
হাটহদ্দ	h a T h o d d O	native
হাট্য	h a T T O	native
হানাদারমুক্ত	h a n a d a r m u kt O	native
হান্ট	h a n T	loanword
হাফপ্যান্ট	h a ph p A n T	loanword
হাফসিল্ক	h a ph s i l k	loanword
হামদর্দ	h a m d o r d	native
হামবুর্গ	h a m b u r g	proper_noun
হারবার্ট	h a r b a r T	proper_noun
হারিদ্র	h a r i d r O	native
হার্ট	h a r T a	loanword
হার্ড	h a r D	loanword
হার্ডডিস্ক	h a r D D i s k	loanword
হার্ডবোর্ড	h a r D b O r D	loanword
হার্ডিঞ্জ	h a r D i nj	proper_noun
হার্দ্য	h a r d dh o	native
হার্ফ	h a r ph	native
হার্ভেস্ট	h a r bh e s T	loanword
হার্য	h a r j O	native
হার্শ	h a r sh	native
হাল্ক	h a l k	native
হাস্য	h a sh sh O	native
হিংস্য	h i ng sh sh o	native
হিংস্র	h i ng s r O	native
হিন্দ	h i nd	native
হিন্দুত্ব	h i nd u tt O	tatsama
হিন্দুধর্ম	h i nd u dh o r m O	native
হিন্দুরাশ্ট্র	h i nd u r a sh T r O	loanword
হিমাং্ক	h i m a ng k O	native
হিরন্য	h i r O n n O	native
হিসেবেএভারেস্ট	h i sh e b e e bh a r e s T	loanword
হুন্ড	h u n D O	native
হৃদজন্ত্র	r i d j o nt r O	tatsama
হৃদপিণ্ড	r i d p i n D O	tatsama
হৃদপিন্ড	r i d p i n D O	tatsama
হৃদরোগ বিশেষজ্ঞ	ri d r O g | b i sh e sh o g g O	compound
হৃদিপদ্ম	r i d i p o d d O	tatsama
হৃদ্য	r i d d O	tatsama
হৃশ্ট	r i sh T O	tatsama
হৃশ্টপুশ্ট	r i sh T O p u sh T O	tatsama
হৃৎপিন্ড	r i t p i n D O	tatsama
হেইঞ্জ	h e i nj	loanword
হেইন্স	h e i n s O	proper_noun
হেডস্কার্ফ	h e D s k a r ph	loanword
হেফ্জ	h e ph j	native
হেমচন্দ্র	h e m ch o ndr O	native
হেমন্ত	h e m o nt O	native
হেরম্ব	h e r o mb O	native
হেরাল্ড	h e r a l D O	native
হেল্প	h e l p	loanword
হেস্তনেস্ত	h e st O n e st O	native
হোইমন্ত	h O i m O nt O	native
হোত্র	h O tr O	native
হোমল্যান্ড	h O m l A n D	loanword
হোস্ট	h O s T	loanword
হ্যাজার্ড	h A j a r D	proper_noun
হ্যান্ড	h A n D	loanword
হ্যান্ডপেইন্ট	h A n D p e i n T	compound
হ্যান্স	h A n s	loanword
হ্যামন্ড	h A m o n D	proper_noun
হ্যাম্প	h A mp	native
হ্যারল্ড	h A r O l D	proper_noun
হ্রস্ব	r O sh sh O	tatsama
