সময়	sh o m o y	native
সুন্দর	sh u nd O r	native
সকাল	sh o k a l	native
সন্তান	sh o nt a n	native
সমাজ	sh o m a j	native
সবাই	sh o b a i	native
সংসার	sh o ng sh a r	native
সাইকেল	s a i k e l	loanword
সিনেমা	s i n e m a	loanword
সেকেন্ড	s e k e n D	loanword
সেন্টার	s e n T a r	loanword
সোফা	s O ph a	loanword
সুপার	s u p a r	loanword
সালাম	s a l a m	loanword
সাহেব	sh a h e b	native
সিলেট	s i l e T	proper_noun
সেলিম	s e l i m	proper_noun
সাকলাইন	s a k l a i n	proper_noun
বিজ্ঞান	b i g g a n	tatsama
জ্ঞান	g A n	tatsama
সন্ধ্যা	sh o n dh a	tatsama
বিশ্ব	b i sh sh O	tatsama
স্বাধীনতা	sh a dh i n o t a	tatsama
আমি	a m i	native
তুমি	t u m i	native
সে	sh e	native
আমরা	a m r a	native
তোমরা	t O m r a	native
তারা	t a r a	native
ভালো	bh a l O	native
খারাপ	kh a r a p	loanword_nativized
বাংলাদেশ	b a ng l a d e sh	proper_noun
ঢাকা	Dh a k a	proper_noun
মানুষ	m a n u sh	tatsama
পানি	p a n i	native
ক্ষমা	kkh o m a	tatsama
রক্ত	r o kt O	native
শক্তি	sh O kt i	native
করছি	k O r chh i	native
বাংলা	b a ng l a	native
আমার	a m a r	native
নাম	n a m	native
কম	k o m	native
ভাত	bh a t	native
তথ্য	t O t th O	native
মাথা	m a th a	native
চোখ	ch O kh	native
কান	k a n	native
নাক	n a k	native
মুখ	m u kh	native
হাত	h a t	native
পা	p a	native
বুক	b u k	native
পেট	p e T	native
গলা	g o l a	native
মা	m a	native
বাবা	b a b a	native
ভাই	bh a i	native
বোন	b O n	native
ছেলে	chh e l e	native
মেয়ে	m e y e	native
স্বামী	sh a m i	tatsama
স্ত্রী	s t r i	native
দাদা	d a d a	native
নানা	n a n a	native
মাছ	m a chh	native
মাংস	m a ng sh O	native
ডাল	D a l	native
তরকারি	t o r k a r i	loanword_nativized
দুধ	d u dh	native
চা	ch a	native
রুটি	r u T i	native
ডিম	D i m	native
তেল	t e l	native
লবণ	l o b O n	tatsama
এক	E k	native
দুই	d u i	native
তিন	t i n	native
চার	ch a r	native
পাঁচ	p a~ ch	native
ছয়	chh o y	native
সাত	sh a t	native
আট	a T	native
নয়	n o y	native
দশ	d o sh	native
লাল	l a l	native
নীল	n i l	native
সবুজ	sh O b u j	loanword_nativized
হলুদ	h O l u d	native
কালো	k a l O	native
সাদা	sh a d a	native
বেগুনি	b e g u n i	native
কমলা	k o m l a	native
খাওয়া	kh a O y a	native
যাওয়া	j a O y a	native
আসা	a sh a	native
করা	k o r a	native
বলা	b o l a	native
দেখা	d E kh a	native
শোনা	sh O n a	native
পড়া	p o r a	native
লেখা	l E kh a	native
ঘুমানো	gh u m a n O	native
বড়	b o r O	native
ছোট	chh O T O	native
গরম	g o r O m	loanword_nativized
ঠান্ডা	Th a n D a	native
নতুন	n O t u n	native
পুরনো	p u r O n O	native
ভারী	bh a r i	native
হালকা	h a l k a	native
চট্টগ্রাম	ch o T T O gr a m	proper_noun
রাজশাহী	r a j sh a h i	proper_noun
খুলনা	kh u l n a	proper_noun
বরিশাল	b O r i sh a l	proper_noun
ময়মনসিংহ	m o y m O n sh i ng	proper_noun
বাড়ি	b a r i	native
আমি ভালো আছি	a m i | bh a l O | a chh i	compound
তুমি কেমন আছো	t u m i | k E m o n | a chh O	compound
সে বাড়ি যাচ্ছে	sh e | b a r i | j a ch chh e	compound
স্কুল	s k u l	loanword
নারায়ণগঞ্জ	n a r a y O n g o nj	proper_noun
বিশ্ববিদ্যালয়	b i sh sh O b i d d a l o y	tatsama
ব্যথা	b A th a	native
বন্যা	b o n n a	native
গ্রীষ্ম	gr i sh sh O	tatsama
জ্বর	j o r	native
চিকিৎসা	ch i k i t sh a	native
কলেজ	k o l e j	loanword
কম্পিউটার	k o mp i u T a r	loanword
মোবাইল	m O b a i l	loanword
ডাক্তার	D a kt a r	loanword_nativized
টেলিভিশন	T e l i bh i sh o n	loanword
ইন্টারনেট	i n T a r n e T	loanword
রেডিও	r e D i O	native
দেওয়া	d e O y a	native
নেওয়া	n e O y a	native
রাখা	r a kh a	native
ধরা	dh o r a	native
ছাড়া	chh a r a	native
পাওয়া	p a O y a	native
হওয়া	h o O y a	native
জানা	j a n a	native
রংপুর	r o ng p u r	proper_noun
কুমিল্লা	k u m i l l a	proper_noun
বৃষ্টি	b ri shT i	tatsama
রোদ	r O d	native
মেঘ	m e gh	native
ঝড়	jh o r	native
শীত	sh i t	native
গরু	g O r u	native
ছাগল	chh a g O l	native
মুরগি	m u r g i	loanword_nativized
কুকুর	k u k u r	native
বিড়াল	b i r a l	native
হাতি	h a t i	native
বাঘ	b a gh	native
সাপ	sh a p	native
পাখি	p a kh i	native
শিক্ষক	sh i kkh o k	tatsama
ছাত্র	chh a tr O	native
পরীক্ষা	p O r i kkh a	tatsama
বই	b O i	native
কলম	k o l O m	native
হাসপাতাল	h a sh p a t a l	loanword_nativized
ওষুধ	O sh u dh	tatsama
রোগ	r O g	native
দুপুর	d u p u r	native
বিকেল	b i k e l	native
রাত	r a t	native
আজ	a j	native
কাল	k a l	native
পরশু	p O r sh u	native
এখন	E kh O n	native
তখন	t o kh O n	native
শূন্য	sh u n n O	native
এগারো	E g a r O	native
বারো	b a r O	native
তেরো	t E r O	native
চৌদ্দ	ch ou d d O	native
পনেরো	p O n e r O	native
ষোলো	sh O l O	tatsama
সতেরো	sh o t e r O	native
আঠারো	a Th a r O	native
উনিশ	u n i sh	native
কুড়ি	k u r i	native
ত্রিশ	tr i sh	native
চল্লিশ	ch O l l i sh	native
পঞ্চাশ	p o nch a sh	tatsama
ষাট	sh a T	tatsama
সত্তর	sh O tt O r	native
আশি	a sh i	native
নব্বই	n O b b O i	native
একশ	E k sh O	native
শত	sh o t O	native
হাজার	h a j a r	loanword_nativized
লক্ষ	l o kkh O	tatsama
কোটি	k O T i	native
প্রথম	pr O th O m	native
দ্বিতীয়	d i t i y O	native
দ্বিধা	d i dh a	native
দ্বিগুণ	d i g u n	tatsama
তৃতীয়	t ri t i y O	tatsama
চতুর্থ	ch O t u r th O	native
পঞ্চম	p o nch O m	tatsama
ষষ্ঠ	sh o shTh O	tatsama
সপ্তম	sh o p t O m	native
অষ্টম	o shT O m	tatsama
নবম	n o b O m	native
দশম	d o sh O m	native
কে	k e	native
কি	k i	native
কী	k i	native
কোথায়	k O th a y	native
কখন	k o kh O n	native
কেন	k E n O	native
কীভাবে	k i bh a b e	native
কত	k o t O	native
কার	k a r	native
কোনটা	k O n T a	native
রবিবার	r O b i b a r	proper_noun
সোমবার	sh O m b a r	proper_noun
মঙ্গলবার	m O ngg O l b a r	proper_noun
বুধবার	b u dh b a r	proper_noun
বৃহস্পতিবার	b ri h O sh p O t i b a r	proper_noun
শুক্রবার	sh u kr O b a r	proper_noun
শনিবার	sh O n i b a r	proper_noun
বৈশাখ	b oi sh a kh	proper_noun
জ্যৈষ্ঠ	j oi shTh O	proper_noun
আষাঢ়	a sh a r	proper_noun
শ্রাবণ	s r a b o n	proper_noun
ভাদ্র	bh a d r O	proper_noun
আশ্বিন	a sh sh i n	proper_noun
কার্তিক	k a r t i k	proper_noun
অগ্রহায়ণ	o gr O h a y O n	proper_noun
পৌষ	p ou sh	proper_noun
মাঘ	m a gh	proper_noun
ফাল্গুন	ph a l g u n	proper_noun
চৈত্র	ch oi tr O	proper_noun
খুশি	kh u sh i	loanword_nativized
দুঃখ	d u k kh O	tatsama
রাগ	r a g	native
ভয়	bh o y	native
ভালোবাসা	bh a l O b a sh a	native
আনন্দ	a n O nd O	native
দুশ্চিন্তা	d u sh ch i nt a	native
লজ্জা	l o j j a	native
ইঞ্জিনিয়ার	i nj i n i y a r	loanword
ব্যবসায়ী	b A b o sh a y i	native
কৃষক	k ri sh o k	tatsama
জেলে	j e l e	native
পুলিশ	p u l i sh	loanword_nativized
উকিল	u k i l	loanword_nativized
রাঁধুনি	r a~ dh u n i	native
দর্জি	d O r j i	loanword_nativized
চেয়ার	ch e y a r	loanword_nativized
টেবিল	T e b i l	loanword_nativized
খাট	kh a T	native
আলমারি	a l m a r i	loanword_nativized
দরজা	d o r j a	loanword_nativized
জানালা	j a n a l a	loanword_nativized
ছাদ	chh a d	native
দেয়াল	d e y a l	native
শাড়ি	sh a r i	native
পাঞ্জাবি	p a nj a b i	tatsama
জামা	j a m a	loanword_nativized
প্যান্ট	p A n T	loanword
জুতা	j u t a	native
টুপি	T u p i	native
গাড়ি	g a r i	native
বাস	b a s	loanword
ট্রেন	T r e n	loanword_nativized
বিমান	b i m a n	native
নৌকা	n ou k a	native
রিকশা	r i k sh a	loanword_nativized
নদী	n O d i	native
পাহাড়	p a h a r	native
সাগর	sh a g O r	native
বন	b o n	native
মাটি	m a T i	native
আকাশ	a k a sh	native
চাঁদ	ch a~ d	native
সূর্য	sh u r j O	native
ধন্যবাদ	dh O n n O b a d	native
দুঃখিত	d u h kh i t O	tatsama
শুভ সকাল	sh u bh O | sh o k a l	compound
শুভ রাত্রি	sh u bh O | r a tr i	compound
২৩	t e i sh	native
৬৭	sh a t sh O T T i	native
৩৪০৯	t i n | h a j a r | ch a r sh O | n o y	compound
তিনি MBBS পাশ করেছেন	t i n i | e m | b i | b i | e s | p a sh | k O r e chh e n	compound
সে HSC পরীক্ষা দিয়েছে	sh e | e i ch | e s | s i | p O r i kkh a | d i y e chh e	compound
Engr. করিম আসবেন	i nj i n i y a r | k O r i m | a sh b e n	compound
এস	e s	unknown
শ্বশুর	sh O sh u r	tatsama
শাশুড়ি	sh a sh u r i	native
ভাসুর	bh a sh u r	native
ননদ	n o n O d	native
দেবর	d e b o r	native
জা	j a	native
ভাগ্নে	bh a g n e	native
ভাগ্নি	bh a g n i	native
ভাতিজা	bh a t i j a	native
ভাতিজি	bh a t i j i	native
খালা	kh a l a	loanword_nativized
চাচা	ch a ch a	loanword_nativized
চাচি	ch a ch i	native
মামা	m a m a	native
মামি	m a m i	native
ফুফু	ph u ph u	loanword_nativized
ফুফা	ph u ph a	loanword_nativized
শ্যালক	sh A l o k	native
শ্যালিকা	sh A l i k a	native
নাতি	n a t i	native
ফুটবল	ph u T b o l	loanword
ক্রিকেট	kr i k e T	loanword
দাবা	d a b a	native
ব্যাডমিন্টন	b A D m i n T o n	loanword
সাঁতার	sh a~ t a r	native
দৌড়	d ou r	native
ভলিবল	bh O l i b o l	loanword
হকি	h O k i	loanword
গান	g a n	native
নাচ	n a ch	native
নাটক	n a T o k	native
বাঁশি	b a~ sh i	native
তবলা	t o b l a	loanword_nativized
হারমোনিয়াম	h a r m O n i y a m	native
ঢোল	Dh O l	native
একতারা	E k t a r a	native
আম	a m	native
কাঁঠাল	k a~ Th a l	native
কলা	k o l a	native
আপেল	a p e l	native
আঙ্গুর	a ngg u r	loanword_nativized
তরমুজ	t O r m u j	loanword_nativized
পেঁপে	p E~ p e	loanword_nativized
লিচু	l i ch u	loanword_nativized
নারিকেল	n a r i k e l	native
খেজুর	kh e j u r	native
আলু	a l u	native
পেঁয়াজ	p e~ y a j	native
রসুন	r O sh u n	native
আদা	a d a	native
টমেটো	T o m e T O	native
বেগুন	b e g u n	native
করলা	k o r O l a	native
ফুলকপি	ph u l k o p i	native
বাঁধাকপি	b a~ dh a k o p i	native
শসা	sh o sh a	native
উত্তর	u tt O r	native
দক্ষিণ	d O kkh i n	tatsama
পূর্ব	p u r b O	native
পশ্চিম	p O sh ch i m	native
ওপরে	O p O r e	native
নিচে	n i ch e	native
ডানে	D a n e	native
বামে	b a m e	native
সামনে	sh a m n e	native
পিছনে	p i chh O n e	native
বৃত্ত	b ri tt O	tatsama
বর্গক্ষেত্র	b o r g O kkh e tr O	tatsama
ত্রিভুজ	tr i bh u j	native
আয়তক্ষেত্র	a y O t O kkh e tr O	tatsama
রেখা	r e kh a	native
কোণ	k O n	tatsama
কাঠ	k a Th	native
লোহা	l O h a	native
পাথর	p a th O r	native
কাগজ	k a g O j	loanword_nativized
প্লাস্টিক	p l a s T i k	loanword
কাচ	k a ch	native
সোনা	sh O n a	native
রূপা	r u p a	native
তামা	t a m a	native
মসজিদ	m O sh j i d	loanword_nativized
মন্দির	m O nd i r	native
গির্জা	g i r j a	loanword_nativized
নামাজ	n a m a j	loanword_nativized
পূজা	p u j a	native
আল্লাহ	a l l a h	proper_noun
রোজা	r O j a	native
ঈদ	i d	loanword_nativized
কনুই	k O n u i	native
হাঁটু	h a~ T u	native
গোড়ালি	g O r a l i	native
কপাল	k o p a l	native
ভ্রু	bh r u	native
চুল	ch u l	native
দাঁত	d a~ t	native
জিহ্বা	j i b b a	native
নখ	n o kh	native
ঘাড়	gh a r	native
হাঁড়ি	h a~ r i	native
কড়াই	k o r a i	native
থালা	th a l a	native
বাটি	b a T i	loanword_nativized
গ্লাস	g l a s	loanword
চামচ	ch a m o ch	native
ছুরি	chh u r i	native
চুলা	ch u l a	native
বাতাস	b a t a sh	native
ঢেউ	Dh e u	native
সমুদ্র	sh O m u d r O	native
দ্বীপ	d i p	native
মরুভূমি	m O r u bh u m i	native
উপত্যকা	u p O t t o k a	native
হ্রদ	r o d	native
সপ্তাহ	sh o p t a h	native
মাস	m a sh	native
বছর	b o chh O r	native
শতাব্দী	sh o t a b d i	native
মুহূর্ত	m u h u r t O	native
ভোর	bh O r	native
গোধূলি	g O dh u l i	native
অংক	o ng k O	native
ইতিহাস	i t i h a sh	native
ভূগোল	bh u g O l	native
ব্যাকরণ	b A k o r O n	tatsama
সাহিত্য	sh a h i t t O	native
দর্শন	d o r sh O n	native
অর্থনীতি	o r th O n i t i	native
ঈর্ষা	i r sh a	tatsama
গর্ব	g o r b O	native
অহংকার	o h O ng k a r	native
উৎসাহ	u t sh a h O	native
হতাশা	h o t a sh a	native
বিরক্তি	b i r O kt i	native
কুৎসিত	k u t sh i t	native
লম্বা	l o mb a	native
খাটো	kh a T O	native
মোটা	m O T a	native
চিকন	ch i k o n	native
শক্ত	sh o kt O	native
নরম	n o r O m	loanword_nativized
পরিষ্কার	p O r i sh k a r	tatsama
নোংরা	n O ng r a	native
বালিশ	b a l i sh	loanword_nativized
কম্বল	k o mb O l	native
পর্দা	p o r d a	loanword_nativized
আয়না	a y n a	native
ঘড়ি	gh O r i	native
নার্স	n a r s	loanword
সাংবাদিক	sh a ng b a d i k	native
লেখক	l e kh o k	native
শিল্পী	sh i l p i	native
নাপিত	n a p i t	native
কামার	k a m a r	native
কুমার	k u m a r	native
বিমানবন্দর	b i m a n b o nd O r	native
স্টেশন	s T e sh o n	loanword
টিকেট	T i k e T	loanword
পাসপোর্ট	p a s p O r T	loanword
ভ্রমণ	bh r O m O n	tatsama
পর্যটক	p o r j o T o k	native
হ্যাঁ	h A~	native
না	n a	native
মন্দ	m o nd O	native
স্বাগতম	sh a g O t o m	tatsama
বিদায়	b i d a y	native
এবং	e b O ng	native
কিন্তু	k i nt u	native
অথবা	o th O b a	native
যদি	j O d i	native
তাহলে	t a h o l e	native
কারণ	k a r O n	tatsama
তাই	t a i	native
যেহেতু	j e h e t u	native
ব্যাগ	b A g	loanword
স্কেল	s k e l	loanword
রাবার	r a b a r	loanword
পেন্সিল	p e n s i l	loanword
চক	ch o k	loanword
বোর্ড	b O r D	loanword
টাকা	T a k a	loanword_nativized
পয়সা	p o y sh a	native
ব্যাংক	b A ng k	loanword
নোট	n O T	loanword
দাঁড়ানো	d a~ r a n O	native
বসা	b o sh a	native
শোয়া	sh O y a	native
হাঁটা	h a~ T a	native
দৌড়ানো	d ou r a n O	native
লাফানো	l a ph a n O	native
আকার	a k a r	native
ওজন	O j o n	loanword_nativized
উচ্চতা	u ch ch O t a	native
দৈর্ঘ্য	d oi r gh O	native
শব্দ	sh o b d O	native
ভাষা	bh a sh a	tatsama
অক্ষর	o kkh O r	tatsama
দয়া করে	d o y a | k O r e	compound
মাফ করবেন	m a ph | k O r b e n	compound
মক্কা	m o k k a	proper_noun
মগ্ন	m o g n O	native
ভগ্ন	bh o g n O	native
শঙ্কা	sh o ng k a	native
লঙ্কা	l o ng k a	native
শঙ্খ	sh o ng kh O	native
ইচ্ছা	i ch chh a	native
দণ্ড	d o n D O	tatsama
উত্থান	u t th a n	native
যুদ্ধ	j u d dh O	tatsama
বিশুদ্ধ	b i sh u d dh O	tatsama
সিদ্ধ	sh i d dh O	tatsama
গন্ডগোল	g o n D O g O l	native
নিম্ন	n i m n O	native
কল্প	k o l p O	native
অল্প	o l p O	native
গুল্ম	g u l m O	native
স্ফটিক	s ph o T i k	loanword
চিহ্ন	ch i n n O	native
ব্রাহ্মণ	br a m m O n	tatsama
লক্ষ্মী	l O kkh i	tatsama
পদ্ম	p o d d O	native
স্বাস্থ্য	sh a s th O	tatsama
রাষ্ট্র	r a sh T r O	tatsama
তত্ত্ব	t o t t O	tatsama
ঐক্য	oi k k O	native
সংখ্যা	sh o ng kh a	native
যুক্তি	j u kt i	native
সন্দেহ	sh O nd e h O	native
গ্রন্থ	gr O n th O	native
লক্ষ্য	l o kkh O	tatsama
বিশ্লেষণ	b i s l e sh o n	tatsama
সমস্যা	sh o m O sh sh a	native
স্পর্শ	s p o r sh O	loanword
স্বপ্ন	sh o p n O	tatsama
দৃষ্টি	d ri shT i	tatsama
সৃষ্টি	s ri shT i	tatsama
কৃষ্ণ	k ri shN O	tatsama
ব্যবস্থা	b A b O sth a	native
প্রতিষ্ঠান	pr O t i shTh a n	tatsama
উদ্দেশ্য	u d d e sh sh O	native
অন্ধ	o ndh O	tatsama
সন্ধি	sh O ndh i	tatsama
কক্ষ	k o kkh O	tatsama
পক্ষ	p o kkh O	tatsama
রক্ষা	r o kkh a	tatsama
দক্ষ	d o kkh O	tatsama
বক্তা	b o kt a	native
মন্ত্রী	m O n t r i	native
আমার নাম রহিম।	a m a r | n a m | r O h i m	compound
তোমার নাম কী?	t O m a r | n a m | k i	compound
আমি বাংলাদেশ থেকে এসেছি।	a m i | b a ng l a d e sh | th e k e | e sh e chh i	compound
আপনার সাথে দেখা করে ভালো লাগলো।	a p n a r | sh a th e | d E kh a | k O r e | bh a l O | l a g l O	compound
আমি ভালো আছি, তুমি কেমন আছ?	a m i | bh a l O | a chh i | t u m i | k E m o n | a chh o	compound
তোমার বয়স কত?	t O m a r | b o y o sh | k o t O	compound
আমি একজন ছাত্র।	a m i | E k j o n | chh a tr O	compound
তুমি কোথা থেকে এসেছ?	t u m i | k O th a | th E k e | e sh e chh O	compound
এটা আমার বন্ধু।	e T a | a m a r | b O ndh u	compound
আমরা একসাথে পড়ি।	a m r a | E k sh a th e | p O r i	compound
আমি প্রতিদিন সকালে উঠি।	a m i | pr O t i d i n | sh o k a l e | u Th i	compound
আমি সকালে দাঁত মাজি।	a m i | sh o k a l e | d a~ t | m a j i	compound
আমি নাস্তা করে স্কুলে যাই।	a m i | n a st a | k O r e | s k u l e | j a i	compound
আমি বিকেলে খেলতে যাই।	a m i | b i k e l e | kh E l t e | j a i	compound
আমি রাতে তাড়াতাড়ি ঘুমাই।	a m i | r a t e | t a r a t a r i | gh u m a i	compound
আমি প্রতিদিন গোসল করি।	a m i | pr O t i d i n | g O s o l | k O r i	compound
আমি সকালে হাঁটতে যাই।	a m i | sh o k a l e | h a~ T t e | j a i	compound
আমি রাতের খাবার খেয়ে পড়তে বসি।	a m i | r a t e r | kh a b a r | kh e y e | p O r t e | b O sh i	compound
আমি প্রতিদিন বই পড়ি।	a m i | pr O t i d i n | b O i | p O r i	compound
আমি সপ্তাহে একদিন বিশ্রাম নিই।	a m i | sh o p t a h e | E k d i n | b i s r a m | n i i	compound
আমার ভাই প্রতিদিন অফিসে যায়।	a m a r | bh a i | pr O t i d i n | o ph i s e | j a y	compound
আমার বোন গান শেখে।	a m a r | b O n | g a n | sh e kh e	compound
আমরা রবিবারে বাজারে যাই।	a m r a | r O b i b a r e | b a j a r e | j a i	compound
সে প্রতিদিন দেরি করে ওঠে।	sh e | pr O t i d i n | d E r i | k O r e | O Th e	compound
তুমি কয়টায় ঘুম থেকে ওঠ?	t u m i | k o y T a y | gh u m | th e k e | O Th O	compound
তুমি কোথায় যাচ্ছ?	t u m i | k O th a y | j a ch chh O	compound
তুমি কি ভাত খেয়েছ?	t u m i | k i | bh a t | kh e y e chh o	compound
তোমার মোবাইল নম্বর কত?	t O m a r | m O b a i l | n o mb o r | k o t O	compound
এখন কয়টা বাজে?	E kh O n | k o y T a | b a j e	compound
তুমি কোন ক্লাসে পড়?	t u m i | k O n | kl a s e | p o r O	compound
তুমি কেন কাঁদছ?	t u m i | k E n O | k a~ d chh O	compound
এটা কার বই?	e T a | k a r | b O i	compound
তুমি কি আমাকে সাহায্য করবে?	t u m i | k i | a m a k e | sh a h a j j O | k O r b e	compound
আজ কী বার?	a j | k i | b a r	compound
তোমার প্রিয় খাবার কী?	t O m a r | pr i y O | kh a b a r | k i	compound
তুমি কবে ঢাকা যাবে?	t u m i | k o b e | Dh a k a | j a b e	compound
এই রাস্তাটা কোথায় যায়?	e i | r a st a T a | k O th a y | j a y	compound
তুমি কি বাংলা বুঝতে পার?	t u m i | k i | b a ng l a | b u jh t e | p a r O	compound
আমরা কখন বের হব?	a m r a | k o kh O n | b e r | h o b O	compound
তোমার বাসা কোথায়?	t O m a r | b a sh a | k O th a y	compound
আজকে আবহাওয়া খুব সুন্দর।	a j k e | a b o h a O y a | kh u b | sh u nd O r	compound
বৃষ্টি হচ্ছে, ছাতা নিয়ে যাও।	b ri shT i | h O ch chh e | chh a t a | n i y e | j a O	compound
আজ খুব গরম পড়েছে।	a j | kh u b | g o r O m | p O r e chh e	compound
শীতকালে খুব ঠান্ডা লাগে।	sh i t k a l e | kh u b | Th a n D a | l a g e	compound
আকাশে অনেক মেঘ জমেছে।	a k a sh e | o n e k | m e gh | j O m e chh e	compound
আজ রোদ উঠেছে।	a j | r O d | u Th e chh e	compound
বাইরে খুব বাতাস বইছে।	b a i r e | kh u b | b a t a sh | b O i chh e	compound
কাল ঝড় হতে পারে।	k a l | jh o r | h O t e | p a r e	compound
গ্রীষ্মকালে খুব গরম পড়ে।	gr i sh sh o k a l e | kh u b | g o r O m | p o r e	compound
বর্ষাকালে অনেক বৃষ্টি হয়।	b o r sh a k a l e | o n e k | b ri shT i | h o y	compound
তার বাবা একজন ডাক্তার।	t a r | b a b a | E k j o n | D a kt a r	compound
আমার মা রান্না করছেন।	a m a r | m a | r a nn a | k o r chh e n	compound
আমাদের পরিবারে পাঁচজন সদস্য।	a m a d e r | p O r i b a r e | p a~ ch j o n | sh o d O sh sh O	compound
আমার দাদা অনেক গল্প জানেন।	a m a r | d a d a | o n e k | g o l p O | j a n e n	compound
আমার ছোট বোন স্কুলে যায়।	a m a r | chh O T O | b O n | s k u l e | j a y	compound
আমার বড় ভাই বিদেশে থাকে।	a m a r | b o r O | bh a i | b i d e sh e | th a k e	compound
আমরা সবাই একসাথে থাকি।	a m r a | sh o b a i | E k sh a th e | th a k i	compound
আমার নানি খুব ভালো রান্না করেন।	a m a r | n a n i | kh u b | bh a l O | r a nn a | k o r e n	compound
আমার চাচা ব্যবসা করেন।	a m a r | ch a ch a | b A b sh a | k o r e n	compound
পরিবারের সবাই আজ বাসায় আছে।	p O r i b a r e r | sh o b a i | a j | b a sh a y | a chh e	compound
আমাদের স্কুলে অনেক ছাত্র আছে।	a m a d e r | s k u l e | o n e k | chh a tr O | a chh e	compound
আমি বাংলা ভাষা শিখছি।	a m i | b a ng l a | bh a sh a | sh i kh chh i	compound
শিক্ষক আজ নতুন পাঠ পড়ালেন।	sh i kkh o k | a j | n O t u n | p a Th | p o r a l e n	compound
আমার পরীক্ষা আগামীকাল।	a m a r | p O r i kkh a | a g a m i k a l	compound
আমি প্রতিদিন হোমওয়ার্ক করি।	a m i | pr o t i d i n | h O m y a r k | k O r i	compound
আমার স্কুলব্যাগ ভারী।	a m a r | s k u l b A g | bh a r i	compound
ছাত্ররা মাঠে খেলছে।	chh a tr O r a | m a Th e | kh E l chh e	compound
আমাদের ক্লাস সকাল আটটায় শুরু হয়।	a m a d e r | kl a s | sh o k a l | a T T a y | sh u r u | h o y	compound
আমি অংক ভালো পারি না।	a m i | o ng k O | bh a l O | p a r i | n a	compound
শিক্ষক আমাদের গল্প বলেন।	sh i kkh o k | a m a d e r | g o l p O | b o l e n	compound
আমার খুব খিদে পেয়েছে।	a m a r | kh u b | kh i d e | p e y e chh e	compound
আমি ভাত আর মাছ খাই।	a m i | bh a t | a r | m a chh | kh a i	compound
মা আজ ইলিশ মাছ রান্না করেছেন।	m a | a j | i l i sh | m a chh | r a nn a | k O r e chh e n	compound
আমি মিষ্টি খেতে ভালোবাসি।	a m i | m i shT i | kh e t e | bh a l O b a sh i	compound
আমার এই তরকারি পছন্দ না।	a m a r | e i | t o r k a r i | p o chh O nd O | n a	compound
আমরা প্রতিদিন তিনবার খাই।	a m r a | pr o t i d i n | t i n b a r | kh a i	compound
আজকে বাসায় বিরিয়ানি রান্না হয়েছে।	a j k e | b a sh a y | b i r i y a n i | r a nn a | h O y e chh e	compound
আমি ঝাল খাবার পছন্দ করি।	a m i | jh a l | kh a b a r | p o chh O nd O | k O r i	compound
তুমি কি চা খাবে?	t u m i | k i | ch a | kh a b e	compound
রাতে হালকা খাবার খাওয়া ভালো।	r a t e | h a l k a | kh a b a r | kh a O y a | bh a l O	compound
তার শরীর ভালো নেই।	t a r | sh O r i r | bh a l O | n e i	compound
আমার মাথা ব্যথা করছে।	a m a r | m a th a | b A th a | k O r chh e	compound
তুমি ডাক্তার দেখিয়েছ?	t u m i | D a kt a r | d e kh i y e chh O	compound
আমার জ্বর হয়েছে।	a m a r | j o r | h O y e chh e	compound
নিয়মিত ব্যায়াম করা ভালো।	n i y O m i t O | b A y a m | k o r a | bh a l O	compound
সে হাসপাতালে ভর্তি হয়েছে।	sh e | h a sh p a t a l e | bh O r t i | h O y e chh e	compound
ওষুধ সময়মতো খাওয়া দরকার।	O sh u dh | sh o m o y m O t O | kh a O y a | d o r k a r	compound
আমার পেট ব্যথা করছে।	a m a r | p e T | b A th a | k O r chh e	compound
তুমি পর্যাপ্ত ঘুমাও।	t u m i | p o r j a p t O | gh u m a O	compound
সুস্থ থাকতে হলে ভালো খাবার খেতে হবে।	sh u sth O | th a k t e | h O l e | bh a l O | kh a b a r | kh e t e | h o b e	compound
আমরা আগামীকাল বাজারে যাব।	a m r a | a g a m i k a l | b a j a r e | j a b O	compound
আমি একটা নতুন গাড়ি কিনেছি।	a m i | E k T a | n O t u n | g a r i | k i n e chh i	compound
সে গতকাল ঢাকা গিয়েছিল।	sh e | g o t O k a l | Dh a k a | g i y e chh i l O	compound
আমরা বাসে করে স্কুলে যাই।	a m r a | b a s e | k O r e | s k u l e | j a i	compound
টিকেটের দাম কত?	T i k e T e r | d a m | k o t O	compound
আমি নতুন জামা কিনতে চাই।	a m i | n O t u n | j a m a | k i n t e | ch a i	compound
আমরা ট্রেনে করে চট্টগ্রাম যাব।	a m r a | T r E n e | k O r e | ch o T T O gr a m | j a b O	compound
বাজারে আজ অনেক ভিড়।	b a j a r e | a j | o n e k | bh i r	compound
আমি দোকান থেকে কিছু কিনব।	a m i | d O k a n | th E k e | k i chh u | k i n b O	compound
বিমানবন্দর এখান থেকে অনেক দূরে।	b i m a n b o nd O r | e kh a n | th e k e | o n e k | d u r e	compound
আমি তোমাকে ভালোবাসি।	a m i | t O m a k e | bh a l O b a sh i	compound
সে অনেক বুদ্ধিমান।	sh e | o n e k | b u d dh i m a n	compound
আমি আজ খুব খুশি।	a m i | a j | kh u b | kh u sh i	compound
তার কথা শুনে আমি অবাক হয়েছি।	t a r | k o th a | sh u n e | a m i | o b a k | h O y E chh i	compound
আমি ভয় পাচ্ছি।	a m i | bh o y | p a ch chh i	compound
তুমি রাগ করো না।	t u m i | r a g | k O r O | n a	compound
আমি জানতাম তুমি আসবে।	a m i | j a n t a m | t u m i | a sh b e	compound
যদি বৃষ্টি হয়, আমরা বাসায় থাকব।	j O d i | b ri shT i | h o y | a m r a | b a sh a y | th a k b O	compound
আমি মনে করি এটা ঠিক।	a m i | m O n e | k O r i | e T a | Th i k	compound
তুমি চেষ্টা করলে অবশ্যই পারবে।	t u m i | ch e shT a | k O r l e | o b O sh sh O i | p a r b e	compound
সে বলল যে সে আসবে না।	sh e | b o l l O | j e | sh e | a sh b e | n a	compound
আমি যখন ছোট ছিলাম, তখন এখানে থাকতাম।	a m i | j o kh O n | chh O T O | chh i l a m | t o kh O n | e kh a n e | th a k t a m	compound
তুমি যদি আমাকে সাহায্য কর, আমি খুশি হব।	t u m i | j O d i | a m a k e | sh a h a j j o | k o r O | a m i | kh u sh i | h o b O	compound
আমার মনে হয় আজ বৃষ্টি হবে।	a m a r | m O n e | h o y | a j | b ri shT i | h o b e	compound
দয়া করে দরজা বন্ধ করো।	d o y a | k O r e | d o r j a | b o ndh O | k o r O	compound
এখানে বসো।	e kh a n e | b o sh O	compound
জোরে কথা বলো না।	j O r e | k o th a | b O l O | n a	compound
তাড়াতাড়ি করো।	t a r a t a r i | k o r O	compound
আস্তে চলো।	a st e | ch o l O	compound
আমার দিকে তাকাও।	a m a r | d i k e | t a k a O	compound
এই কাজটা করে দাও।	e i | k a j T a | k O r e | d a O	compound
আলো নিভিয়ে দাও।	a l O | n i bh i y e | d a O	compound
জানালা খুলে দাও।	j a n a l a | kh u l e | d a O	compound
একটু অপেক্ষা করো।	e k T u | o p e kkh a | k o r O	compound
সাবধানে যাও।	sh a b dh a n e | j a O	compound
সময়ের কাজ সময়ে করা উচিত।	sh o m o y e r | k a j | sh o m o y e | k o r a | u ch i t	compound
পরিশ্রম সাফল্যের চাবিকাঠি।	p O r i s r o m | sh a ph o l l e r | ch a b i k a Th i	compound
সব ভালো তার শেষ ভালো যার।	sh o b | bh a l O | t a r | sh e sh | bh a l O | j a r	compound
অতি লোভে তাঁতি নষ্ট।	O t i | l O bh e | t a~ t i | n o shT O	compound
যেমন কর্ম তেমন ফল।	j E m o n | k o r m O | t E m o n | ph o l	compound
নিজের পায়ে নিজে কুড়াল মারা।	n i j e r | p a y e | n i j e | k u r a l | m a r a	compound
আপন ভালো পাগলেও বোঝে।	a p O n | bh a l O | p a g O l e O | b O jh e	compound
চোরের মায়ের বড় গলা।	ch O r e r | m a y e r | b o r O | g o l a	compound
একতাই বল।	E k O t a i | b o l	compound
স্বাস্থ্যই সম্পদ।	sh a s th o i | sh o mp o d	compound
সিদ্ধ ডিম খেতে ভালো লাগে।	sh i d dh O | D i m | kh e t e | bh a l O | l a g e	compound
যুদ্ধ সবসময় ক্ষতিকর।	j u d dh O | sh o b sh o m o y | kkh O t i k o r	compound
আমার স্বাস্থ্য ভালো না।	a m a r | sh a s th O | bh a l O | n a	compound
আমি সমস্যায় পড়েছি।	a m i | sh o m O sh sh a y | p O r E chh i	compound
তার দৃষ্টি অনেক তীক্ষ্ণ।	t a r | d ri shT i | o n e k | t i k h n O	compound
আমাদের উদ্দেশ্য ভালো ছিল।	a m a d e r | u d d e sh sh O | bh a l O | chh i l o	compound
সে অন্ধ হয়ে গেছে।	sh e | o ndh O | h O y e | g e chh e	compound
আমি একটা গ্রন্থ পড়ছি।	a m i | E k T a | gr O n th O | p O r chh i	compound
তোমার লক্ষ্য কী?	t O m a r | l o kkh O | k i	compound
আমাদের দেশ স্বাধীন।	a m a d e r | d e sh | sh a dh i n	compound
মন্ত্রী আজ ভাষণ দিলেন।	m O n t r i | a j | bh a sh O n | d i l e n	compound
কৃষ্ণ রঙের গাড়ি সুন্দর।	k ri shN O | r o ng e r | g a r i | sh u nd O r	compound
এই ফুলটা পদ্ম।	e i | ph u l T a | p o d d O	compound
আমি একটা রাষ্ট্র সম্পর্কে পড়ছি।	a m i | E k T a | r a sh T r O | sh o mp O r k e | p O r chh i	compound
তার কথায় আমি সন্দেহ করি।	t a r | k o th a y | a m i | sh o nd e h O | k O r i	compound
প্রতিষ্ঠানটি অনেক পুরনো।	pr O t i shTh a n T i | o n e k | p u r O n O	compound
নিঃশ্বাস নিতে কষ্ট হচ্ছে।	n i h sh sh a sh | n i t e | k o shT O | h O ch chh e	compound
ব্যাস	b A sh	native
কাপ	k a p	native
ক্যাপ	k A p	loanword
বানিজ্য	b a n i j j O	native
জ্যান্ত	j A nt O	native
গ্রাহ্য	gr a j j O	native
অসহ্য	o sh O j jh O	native
সহ্য	sh o j jh O	native
গ্রাহ্যতা	gr a j j O t a	native
পহেলা বৈশাখ	p o h e l a | b oi sh a kh	compound
ঈদুল ফিতর	i d u l | ph i t o r	compound
ঈদুল আযহা	i d u l | a j h a	compound
দুর্গাপূজা	d u r g a p u j a	native
বড়দিন	b o r O d i n	native
নববর্ষ	n o b O b o r sh O	tatsama
মেলা	m E l a	native
সংস্কৃতি	sh o ng s k ri t i	tatsama
ঐতিহ্য	oi t i j j O	native
পোশাক	p O sh a k	loanword_nativized
কাটা	k a T a	native
ভাজা	bh a j a	native
মেশানো	m e sh a n O	native
ঢালা	Dh a l a	native
পরিবেশন	p O r i b e sh O n	native
গরম করা	g o r O m | k o r a	compound
ধোয়া	dh O y a	native
কুচি	k u ch i	native
সেদ্ধ	sh e d dh O	tatsama
মসলা	m o sh l a	loanword_nativized
কোম্পানি	k O mp a n i	native
চাকরি	ch a k r i	loanword_nativized
বেতন	b e t o n	native
মিটিং	m i T i ng	loanword
প্রকল্প	pr O k O l p O	native
গ্রাহক	gr a h O k	native
বিক্রয়	b i kr o y	native
বাজেট	b a j e T	native
কর্মচারী	k o r m O ch a r i	native
পদত্যাগ	p O d O t t a g	native
পরমাণু	p o r O m a n u	tatsama
অণু	O n u	tatsama
মহাকর্ষ	m o h a k o r sh O	tatsama
গ্রহ	gr o h O	native
নক্ষত্র	n o kkh o tr O	tatsama
বিবর্তন	b i b o r t O n	native
জীবাণু	j i b a n u	tatsama
রাসায়নিক	r a sh a y O n i k	native
আবিষ্কার	a b i sh k a r	tatsama
পরীক্ষাগার	p O r i kkh a g a r	tatsama
সংগীত	sh O ng g i t	native
চিত্রকলা	ch i tr O k o l a	native
ভাস্কর্য	bh a sh k o r j O	native
কবিতা	k O b i t a	native
উপন্যাস	u p O n n a sh	native
চলচ্চিত্র	ch o l O ch ch i tr O	native
শিল্পকলা	sh i l p O k o l a	native
নৃত্য	n ri t t O	tatsama
দ্রুত	d r u t O	native
ধীরে	dh i r e	native
সহজ	sh o h o j	native
কঠিন	k O Th i n	native
উজ্জ্বল	u j j o l	native
অন্ধকার	o ndh O k a r	tatsama
শান্ত	sh a nt O	native
ব্যস্ত	b A st O	native
স্বাভাবিক	sh a bh a b i k	tatsama
অস্বাভাবিক	o sh sh a bh a b i k	tatsama
বনভূমি	b o n O bh u m i	native
জলপ্রপাত	j o l O pr O p a t	native
মহাসাগর	m o h a sh a g O r	native
দ্বীপপুঞ্জ	d i p p u nj O	tatsama
আগ্নেয়গিরি	a g n e y O g i r i	native
ভূমিকম্প	bh u m i k o mp O	native
বজ্রপাত	b o j r O p a t	native
রংধনু	r o ng dh O n u	native
সফটওয়্যার	s o ph T O y A r	loanword
ওয়েবসাইট	O y e b s a i T	loanword
ডেটা	D e T a	native
নেটওয়ার্ক	n e T y a r k	native
প্রোগ্রাম	pr O gr a m	native
ডিজিটাল	D i j i T a l	native
ভার্চুয়াল	bh a r ch u y a l	native
পাসওয়ার্ড	p a s O y a r D	loanword
সরকার	sh o r k a r	loanword_nativized
আইন	a i n	loanword_nativized
নির্বাচন	n i r b a ch O n	native
সংবিধান	sh o ng b i dh a n	native
মন্ত্রণালয়	m o n t r O n a l O y	tatsama
আদালত	a d a l o t	loanword_nativized
বিচারক	b i ch a r O k	native
নাগরিক	n a g O r i k	native
মাথায় হাত দেওয়া	m a th a y | h a t | d e O y a	compound
মন ভালো করা	m o n | bh a l O | k o r a	compound
সময় নষ্ট করা	sh o m o y | n o shT O | k o r a	compound
চোখে পড়া	ch O kh e | p o r a	compound
কান দেওয়া	k a n | d e O y a	compound
হাত লাগানো	h a t | l a g a n O	compound
মাথা ঘামানো	m a th a | gh a m a n O	compound
মনে রাখা	m O n e | r a kh a	compound
সমাধান	sh o m a dh a n	native
উদাহরণ	u d a h o r O n	tatsama
পরিকল্পনা	p O r i k o l p O n a	native
সুযোগ	sh u j O g	native
চ্যালেঞ্জ	ch A l e nj	loanword
অভিজ্ঞতা	o bh i g g o t a	tatsama
যোগ্যতা	j O g g o t a	native
মূল্যবোধ	m u l l O b O dh	native
দায়িত্ব	d a y i tt O	tatsama
সম্ভাবনা	sh o m bh a b o n a	native
তুই কোথায় যাস?	t u i | k O th a y | j a sh	compound
তুই কি খেয়েছিস?	t u i | k i | kh e y e chh i sh	compound
তুই আমার সাথে আয়।	t u i | a m a r | sh a th e | a y	compound
তুই একটু বস।	t u i | e k T u | b o sh	compound
তুই কেন কাঁদছিস?	t u i | k E n O | k a~ d chh i sh	compound
তুই কি জানিস?	t u i | k i | j a n i sh	compound
তুই ভালো আছিস তো?	t u i | bh a l O | a chh i sh | t O	compound
তুই আমাকে ভুলে গেছিস?	t u i | a m a k e | bh u l e | g e chh i sh	compound
তুই কবে আসবি?	t u i | k o b e | a sh b i	compound
তুই এখন কী করছিস?	t u i | E kh O n | k i | k o r chh i sh	compound
আপনি কেমন আছেন?	a p n i | k E m o n | a chh e n	compound
আপনি কোথায় থাকেন?	a p n i | k O th a y | th a k e n	compound
আপনি কি চা খাবেন?	a p n i | k i | ch a | kh a b e n	compound
দয়া করে একটু বসুন।	d o y a | k O r e | e k T u | b O sh u n	compound
আপনার নাম কী?	a p n a r | n a m | k i	compound
আপনি কি আমাকে সাহায্য করবেন?	a p n i | k i | a m a k e | sh a h a j j O | k O r b e n	compound
আপনি কখন আসবেন?	a p n i | k o kh O n | a sh b e n	compound
আপনি কি এখানে নতুন?	a p n i | k i | e kh a n e | n O t u n	compound
ধন্যবাদ, আপনি অনেক সাহায্য করেছেন।	dh O n n O b a d | a p n i | o n e k | sh a h a j j O | k O r e chh e n	compound
আপনি কি ডাক্তার দেখিয়েছেন?	a p n i | k i | D a kt a r | d e kh i y e chh e n	compound
একদিন এক কৃষক মাঠে কাজ করছিল।	E k d i n | E k | k ri sh o k | m a Th e | k a j | k o r chh i l O	compound
সে অনেক দূর থেকে হেঁটে এসেছিল।	sh e | o n e k | d u r | th e k e | h e~ T e | e sh e chh i l O	compound
রাতে আকাশে অসংখ্য তারা দেখা যাচ্ছিল।	r a t e | a k a sh e | o sh o ng kh O | t a r a | d E kh a | j a ch chh i l O	compound
নদীর পাশে একটা পুরনো মন্দির ছিল।	n O d i r | p a sh e | E k T a | p u r O n O | m O nd i r | chh i l O	compound
বৃষ্টি থামার পর রংধনু উঠল।	b ri shT i | th a m a r | p o r | r o ng dh O n u | u Th l O	compound
শিশুটি মাঠে দৌড়ে খেলছিল।	sh i sh u T i | m a Th e | d ou r e | kh e l chh i l O	compound
পাখিরা গাছের ডালে বসে গান গাইছিল।	p a kh i r a | g a chh e r | D a l e | b O sh e | g a n | g a i chh i l O	compound
তারা সারাদিন কাজ করে ক্লান্ত হয়ে পড়েছিল।	t a r a | sh a r a d i n | k a j | k O r e | kl a nt O | h O y e | p O r E chh i l O	compound
গ্রামের মানুষ সহজ জীবনযাপন করত।	gr a m e r | m a n u sh | sh o h O j | j i b O n j a p O n | k o r t O	compound
সূর্য অস্ত যাওয়ার সময় আকাশ লাল হয়ে গেল।	sh u r j O | o st O | j a O y a r | sh o m o y | a k a sh | l a l | h O y e | g e l O	compound
সে ধীরে ধীরে ঘরে ফিরে এলো।	sh e | dh i r e | dh i r e | gh o r e | ph i r e | e l O	compound
বাচ্চারা নতুন বইয়ের গন্ধ পছন্দ করে।	b a ch ch a r a | n O t u n | b O i y e r | g o ndh O | p o chh O nd O | k o r e	compound
শীতের সকালে কুয়াশা চারদিকে ছড়িয়ে ছিল।	sh i t e r | sh o k a l e | k u y a sh a | ch a r d i k e | chh O r i y e | chh i l O	compound
তারা একসাথে অনেক পরিকল্পনা করেছিল।	t a r a | E k sh a th e | o n e k | p O r i k o l p O n a | k O r e chh i l O	compound
গল্পটা শুনে সবাই অবাক হয়ে গেল।	g o l p O T a | sh u n e | sh o b a i | o b a k | h O y e | g e l O	compound
আমাদের কোম্পানি নতুন প্রকল্প শুরু করেছে।	a m a d e r | k o mp a n i | n O t u n | pr O k O l p O | sh u r u | k O r e chh e	compound
তার বেতন এই মাসে বেড়েছে।	t a r | b e t O n | e i | m a sh e | b e r e chh e	compound
মিটিংটা আগামীকাল দুপুরে হবে।	m i T i ng T a | a g a m i k a l | d u p u r e | h o b e	compound
আমরা একটা নতুন ওয়েবসাইট তৈরি করছি।	a m r a | E k T a | n O t u n | O y e b s a i T | t oi r i | k O r chh i	compound
তোমার পাসওয়ার্ড মনে আছে?	t O m a r | p a s O y a r D | m O n e | a chh e	compound
এই সফটওয়্যারটা ব্যবহার করা সহজ।	e i | s o ph T y A r T a | b A b O h a r | k o r a | sh o h O j	compound
আমাদের বাজেট সীমিত।	a m a d e r | b a j e T | sh i m i t O	compound
গ্রাহকরা আমাদের সেবায় সন্তুষ্ট।	gr a h O k r a | a m a d e r | sh e b a y | sh o nt u shT O	compound
প্রযুক্তি প্রতিদিন পরিবর্তিত হচ্ছে।	pr O j u kt i | pr O t i d i n | p O r i b O r t i t O| h O ch chh e	compound
তার চাকরি হারানোর ভয় আছে।	t a r | ch a k r i | h a r a n O r | bh o y | a chh e	compound
তার কথা শুনে আমার মাথায় হাত পড়ল।	t a r | k o th a | sh u n e | a m a r | m a th a y | h a t | p O r l O	compound
গান শুনে তার মন ভালো হয়ে গেল।	g a n | sh u n e | t a r | m o n | bh a l O | h O y e | g e l O	compound
এভাবে সময় নষ্ট কোরো না।	e bh a b e | sh o m o y | n o shT O | k O r O | n a	compound
জিনিসটা হঠাৎ চোখে পড়ল।	j i n i sh T a | h o Th a t | ch O kh e | p o r l o	compound
আমার কথায় একটু কান দাও।	a m a r | k o th a y | e k T u | k a n | d a O	compound
সবাই মিলে কাজে হাত লাগাল।	sh o b a i | m i l e | k a j e | h a t | l a g a l O	compound
এটা নিয়ে বেশি মাথা ঘামিও না।	e T a | n i y e | b E sh i | m a th a | gh a m i O | n a	compound
এই কথাটা মনে রেখো।	e i | k o th a T a | m O n e | r E kh O	compound
বিজ্ঞানীরা নতুন একটি গ্রহ আবিষ্কার করেছেন।	b i g g a n i r a | n O t u n | e k T i | gr o h O | a b i sh k a r | k O r e chh e n	compound
পরমাণু অত্যন্ত ক্ষুদ্র একটি কণা।	p o r O m a n u | o t t O nt O | kkh u d r O | e k T i | k o n a	compound
জীবাণু খালি চোখে দেখা যায় না।	j i b a n u | kh a l i | ch O kh e | d E kh a | j a y | n a	compound
আমরা পরীক্ষাগারে নতুন পরীক্ষা করছি।	a m r a | p O r i kkh a g a r e | n O t u n | p O r i kkh a | k O r chh i	compound
বিবর্তনের ধারণা বিজ্ঞানে গুরুত্বপূর্ণ।	b i b o r t O n e r | dh a r O n a | b i g g a n e | g u r u tt p u r n O	compound
শিক্ষার্থীরা মহাকাশ নিয়ে আগ্রহী।	sh i kkh a r th i r a | m o h a k a sh | n i y e | a gr o h i	compound
রাসায়নিক পদার্থ সাবধানে ব্যবহার করতে হয়।	r a sh a y O n i k | p o d a r th O | sh a b dh a n e | b A b O h a r | k O r t e | h o y	compound
নক্ষত্রেরা রাতের আকাশে জ্বলজ্বল করে।	n o kkh tr e r a | r a t e r | a k a sh e | j o l j o l | k o r e	compound
এই আবিষ্কার বিজ্ঞানের জগতে নতুন দরজা খুলে দিয়েছে।	e i | a b i sh k a r | b i g g n e r | j o g O t e | n O t u n | d o r j a | kh u l e | d i y e chh e	compound
মহাকর্ষ বলের কারণে জিনিস মাটিতে পড়ে।	m o h a k o r sh O | b o l e r | k a r O n e | j i n i sh | m a T i t e | p o r e	compound
মরা	m o r a	native
বলতে	b O l t e	native
করতে	k O r t e	native
ধরতে	dh O r t e	native
দেবতা	d e b O t a	native
দেশ	d e sh	native
খেলা	kh E l a	native
কেমন	k E m o n	native
প্রজাপতি	pr O j a p O t i	native
মাকড়সা	m a k O r sh a	native
কচ্ছপ	k o ch chh O p	native
ভিতরে	bh i t O r e	native
স্ক্যানার	s k A n a r	loanword
ভ্যান	bh A n	loanword
স্থপতি	sth o p O t i	native
মাংসপেশি	m a ng sh O p e sh i	native
আর্দ্রতা	a d r O t a	native
নগদ	n o g O d	loanword_nativized
কেঁচো	k e~ ch O	native
পরে	p o r e	native
লঞ্চ	l o nch	tatsama
স্রোত	s r O t	native
মশা	m o sh a	native
মাছি	m a chh i	native
পিঁপড়া	p i~ p r a	native
মৌমাছি	m ou m a chh i	native
তেলাপোকা	t e l a p O k a	native
জোনাকি	j O n a k i	native
শামুক	sh a m u k	native
চাষ	ch a sh	tatsama
কৃষি	k ri sh i	tatsama
ফসল	ph o sh O l	native
ধান	dh a n	native
গম	g o m	native
লাঙল	l a ng O l	native
সেচ	sh e ch	native
সার	sh a r	native
বীজ	b i j	native
খামার	kh a m a r	loanword_nativized
হাতুড়ি	h a t u r i	native
করাত	k o r a t	native
পেরেক	p e r e k	loanword_nativized
সুই	sh u i	native
সুতা	sh u t a	native
কাঁচি	k a~ ch i	native
দড়ি	d O r i	native
বালতি	b a l t i	native
ঝাড়ু	jh a r u	native
তোয়ালে	t O y a l e	native
সাবান	sh a b a n	loanword_nativized
শ্যাম্পু	sh A mp u	loanword
চিরুনি	ch i r u n i	native
ব্রাশ	br a sh	loanword
আতর	a t o r	native
পুকুর	p u k u r	native
ইলিশ	i l i sh	loanword_nativized
কাঁকড়া	k a~ k r a	native
চিংড়ি	ch i ng r i	native
ব্যাঙ	b A ng	native
বাইরে	b a i r e	native
মাঝে	m a jh e	native
পাশে	p a sh e	native
কাছে	k a chh e	native
দূরে	d u r e	native
আগে	a g e	native
কালি	k a l i	native
ফাইল	ph a i l	loanword
প্রিন্টার	pr i n T a r	loanword
আরে	a r e	native
বাহ	b a h	native
আহা	a h a	native
উফ	u ph	native
ছি	chh i	native
আচ্ছা	a ch chh a	loanword_nativized
হায়	h a y	native
গাছ	g a chh	native
পাতা	p a t a	native
শিকড়	sh i k o r	native
ফুল	ph u l	native
কুঁড়ি	k u~ r i	native
বাগান	b a g a n	native
অটোরিকশা	o T O r i k sh a	loanword_nativized
ফেরি	ph e r i	loanword
জাহাজ	j a h a j	loanword_nativized
ট্রাক	T r a k	loanword
তাঁতি	t a~ t i	native
ওয়েটার	O y e T a r	loanword
মুদ্রা	m u d r a	native
বাকি	b a k i	loanword_nativized
খুচরা	kh u ch r a	loanword_nativized
দোকানদার	d O k a n d a r	loanword_nativized
হাড়	h a r	native
শিরা	sh i r a	native
মস্তিষ্ক	m O st i sh k O	tatsama
ফুসফুস	ph u sh ph u sh	native
কিডনি	k i D n i	native
কুয়াশা	k u y a sh a	native
শিলাবৃষ্টি	sh i l a b ri shT i	tatsama
খসখসে	kh o sh kh o sh e	native
স্ট্যান্ড	s T A n d	loanword
টুর্নামেন্ট	T u r n a m e n T	native
বাদ্যযন্ত্র	b a d d O j o n t r O	native
অর্কেস্ট্রা	o r k e s T r a	loanword
কনসার্ট	k o n s a r T	loanword
কখনো কখনো	k o kh O n O | k o kh O n O	compound
অবশেষে	o b O sh e sh e	tatsama
সুতরাং	sh u t O r a ng	native
পুত্রবধূ	p u tr O b O dh u	native
বিচারপতি	b i ch a r p O t i	native
লাইসেন্স	l a i s e n s	loanword
সমভূমি	sh o m O bh u m i	native
পর্বতমালা	p o r b O t m a l a	native
হিমবাহ	h i m b a h O	native
অববাহিকা	o b O b a h i k a	native
পাললিক	p a l O l i k	native
মালনদী	m a l n O d i	native
পার্স	p a r s	loanword
কতটুকু	k o t O T u k u	native
মসৃণ	m O s ri n	tatsama
ঘন	gh o n O	native
সিংহ	sh i ng h O	native
শেলফ	sh e l ph	native
শতাংশ	sh o t a ng sh O	native
আয়তন	a y O t O n	native
সবসময়	sh o b sh o m o y	native
অতএব	o t O e b	native
বরং	b o r O ng	native
অন্যথায়	o n n O th a y	native
অথচ	o th O ch O	native
বৈমাত্রেয়	b oi m a tr e y O	native
বোতল	b O t O l	loanword_nativized
বদ্বীপ	b o d i p	native
পয়েন্ট	p o y e n T	native
পরিচয়পত্র	p O r i ch o y p o tr O	native
দুর্বলতা	d u r b o l O t a	native
অস্থিরতা	o sth i r o t a	native
ক্ষুধামন্দা	kkh u dh a m o nd a	tatsama
ঘড়ির কাঁটা	gh O r i | k a~ T a	compound
আত্মবিশ্বাস	a t t O b i sh sh a sh	tatsama
খেলোয়াড়	kh E l O y a r	native
শেখা	sh e kh a	native
চেষ্টা করা	ch e shT a | k o r a	compound
লবঙ্গ	l o b O ngg O	native
জেব্রা	j e br a	loanword
একাকীত্ব	E k a k i tt O	tatsama
প্রশান্তি	pr O sh a nt i	native
দূরত্ব	d u r O tt O	tatsama
প্রতিযোগিতা	pr O t i j O g i t a	native
একেবারে	E k e b a r e	native
মাথা নত করা	m a th a | n o t O | k o r a	compound
শ্বশুরবাড়ি	sh O sh u r b a r i	tatsama
দেয়ালঘড়ি	d e y a l gh O r i	native
প্রশিক্ষক	pr O sh i kkh o k	tatsama
ফলে	ph o l e	native
অনুশোচনা	O n u sh O ch O n a	native
ঈর্ষান্বিত	i r sh a n n i t O	tatsama
বজ্রবৃষ্টি	b o j r O b ri shT i	tatsama
জলোচ্ছ্বাস	j o l O ch chh a sh	native
সার্চ	s a r ch	loanword
প্যাথলজিস্ট	p A th O l O j i s T	loanword
ড্র	D r o	native
প্রতিদ্বন্দ্বী	pr o t i d O n d i	native
পুনর্ব্যবহার	p u n o r b E b O h a r	native
জলবায়ু	j o l O b a y u	native
শোকসভা	sh O k sh o bh a	native
পুনর্মিলনী	p u n O r m i l O n i	native
বিশেষ্য	b i sh e sh sh O	tatsama
পণ্য	p O n n O	tatsama
সরবরাহ	sh o r b o r a h O	loanword_nativized
বাজারজাতকরণ	b a j a r j a t k o r O n	tatsama
সিগন্যাল	s i g n a l	loanword
দুর্ঘটনা	d u r gh o T O n a	native
স্ট্যাম্প	s T A mp	loanword
ব্রেসলেট	br e s l e T	loanword
অক্টোপাস	o k T O p a s	loanword
ছাগলছানা	chh a g o l chh a n a	native
উপবাস	u p O b a sh	native
ধর্মগ্রন্থ	dh o r m O gr o n th O	native
সন্ন্যাসী	sh o n n a sh i	native
চমকে ওঠা	ch O m k e | O Th a	compound
সাহসী	sh a h O sh i	native
আগ্রহী	a gr o h i	native
সংসদ	sh o ng sh O d	native
সার্জন	s a r j o n	loanword
ফার্মাসিস্ট	ph a r m a s i s T	loanword
দন্তচিকিৎসক	d o nt O ch i k i t sh o k	native
দর্শক	d o r sh O k	native
জন্মদিন	j o n m O d i n	native
অন্নপ্রাশন	o nn O pr a sh o n	native
সংবর্ধনা	sh o ng b o r dh O n a	native
সর্বনাম	sh o r b O n a m	native
একাধিক	E k a dh i k	native
অসংখ্য	o sh O ng kh O	native
সন্ধ্যাবেলা	sh O n dh a b e l a	tatsama
পরের সপ্তাহ	p o r e r | sh o p t a h O	compound
গত মাস	g o t O | m a sh	compound
মহাসড়ক	m o h a sh o r o k	native
চালক	ch a l O k	native
বিস্ময়	b i sh sh o y	native
স্কার্ফ	s k a r ph	loanword
চিত্রকর	ch i tr O k o r	native
হস্তশিল্প	h o st O sh i l p O	native
প্রবাল	pr O b a l	native
বেসিন	b e s i n	loanword
টিস্যু	T i sh u	loanword
তোশক	t O sh O k	loanword_nativized
অলস	o l O sh	native
বেল্ট	b e l T	loanword
প্রার্থনা	pr a r th O n a	native
তীর্থযাত্রা	t i r th O j a tr a	native
পরিশ্রমী	p O r i s r O m i	native
শেখানো	sh e kh a n O	native
হারানো	h a r a n O	native
খোঁজা	kh O~ j a	native
লুকানো	l u k a n O	native
ধরা পড়া	dh o r a | p o r a	compound
পালানো	p a l a n O	native
চিৎকার করা	ch i t k a r | k o r a	compound
হাসানো	h a sh a n O	native
কাঁদানো	k a~ d a n O	native
ফেলা	ph E l a	native
তোলা	t O l a	native
ভাঙা	bh a ng a	native
জোড়া লাগানো	j O r a | l a g a n O	compound
পাতলা	p a t l a	native
ম্লান	m l a n	native
স্বচ্ছ	sh o ch chh O	tatsama
তীক্ষ্ণ	t i k h n O	tatsama
ভোঁতা	bh O~ t a	native
হলুদ গুঁড়া	h O l u d | g u~ r a	compound
মরিচ	m O r i ch	native
জিরা	j i r a	native
ধনে	dh O n e	native
এলাচ	e l a ch	native
দারুচিনি	d a r u ch i n i	native
তেজপাতা	t e j p a t a	native
আদা রসুন	a d a | r O sh u n	compound
চিনি	ch i n i	loanword_nativized
গুড়	g u r	native
ময়দা	m o y d a	native
কাক	k a k	native
কোকিল	k O k i l	native
চড়ুই	ch O r u i	native
শালিক	sh a l i k	native
ময়না	m o y n a	native
টিয়া	T i y a	native
বাজপাখি	b a j p a kh i	native
পেঁচা	p E~ ch a	native
হাঁস	h a~ sh	native
হরিণ	h O r i n	tatsama
বানর	b a n O r	native
শিয়াল	sh i y a l	native
ভালুক	bh a l u k	native
জিরাফ	j i r a ph	native
নেকড়ে	n e k r e	native
কাঠবিড়ালি	k a Th b i r a l i	native
দোলনা	d O l n a	native
আলনা	a l n a	native
জানালার পর্দা	j a n a l a r | p o r d a	compound
ড্রয়ার	D r o y a r	native
ওয়ারড্রোব	O y a r D r O b	native
লুঙ্গি	l u ngg i	native
গামছা	g a m chh a	native
ওড়না	O r n a	native
হিজাব	h i j a b	loanword
মোজা	m O j a	loanword_nativized
চশমা	ch o sh m a	loanword_nativized
জ্বর আসা	j o r | a sh a	compound
মাথা ঘোরা	m a th a | gh O r a	compound
বমি বমি ভাব	b O m i | b O m i | bh a b	compound
শ্বাসকষ্ট	sh a sh k o shT O	tatsama
অনিদ্রা	o n i d r a	native
চুলকানি	ch u l k a n i	native
ফোলা	ph O l a	native
উদ্বেগ	u d b e g	native
উদ্বোধন	u d b O dh O n	native
উদ্বাস্তু	u d b a st u	native
উদ্বেল	u d b e l	native
উদ্বৃত্ত	u d b ri tt O	tatsama
উদ্বুদ্ধ	u d b u d dh O	tatsama
স্বস্তি	sh O st i	tatsama
কৌতূহল	k ou t u h o l	native
শান্তি	sh a nt i	native
যোগ	j O g	native
বিয়োগ	b i y O g	native
গুণ	g u n	tatsama
ভাগ	bh a g	native
গড়	g o r	native
পরিমাপ	p O r i m a p	native
গোল	g O l	native
চ্যাম্পিয়ন	ch A mp i y o n	loanword
মাঠ	m a Th	native
সুর	sh u r	native
তাল	t a l	native
গায়ক	g a y o k	native
গায়িকা	g a y i k a	native
সংগীতশিল্পী	sh O ng g i t sh i l p i	native
ধীরে ধীরে	dh i r e | dh i r e	compound
হঠাৎ	h o Th a t	native
প্রায়	pr a y	native
সত্যিই	sh O t t i i	native
নিশ্চয়ই	n i sh ch y O i	native
হয়তো	h o y t O	native
যদিও	j O d i O	native
তবুও	t O b u O	native
গোলাপি	g O l a p i	native
বেগুনি রং	b e g u n i | r o ng	compound
আকাশি	a k a sh i	native
ধূসর	dh u sh o r	native
সোনালি	sh O n a l i	native
রূপালি	r u p a l i	native
রং	r o ng	native
ঢং	Dh o ng	native
কমলা রং	k o m l a | r o ng	compound
হালকা নীল	h a l k a | n i l	compound
জামাই	j a m a i	native
নাতনি	n a t n i	native
সৎভাই	sh o t bh a i	native
সৎবোন	sh o t b O n	native
মাথা নাড়া	m a th a | n a r a	compound
হাত নাড়া	h a t | n a r a	compound
চোখ মারা	ch O kh | m a r a	compound
কাঁধ ঝাঁকানো	k a~ dh | jh a~ k a n O	compound
আঙুল দেখানো	a ng u l | d e kh a n O	compound
আইনজীবী	a i n j i b i	native
সাক্ষী	sh a kkh i	tatsama
অভিযোগ	o bh i j O g	native
জামিন	j a m i n	loanword_nativized
চুক্তি	ch u kt i	native
ঝুড়ি	jh u r i	native
কৌটা	k ou T a	native
ছাতা	chh a t a	native
মোমবাতি	m O m b a t i	loanword_nativized
দেশলাই	d e sh l a i	native
টর্চলাইট	T o r ch l a i T	loanword
ব্যাটারি	b A T a r i	loanword
তালা	t a l a	native
জলাভূমি	j o l a bh u m i	native
চাবি	ch a b i	loanword_nativized
ছবি	chh O b i	native
ফ্রেম	ph r e m	loanword
সিঁড়ি	sh i~ r i	native
বারান্দা	b a r a nd a	loanword_nativized
কোনটি	k O n T i	native
কাদের	k a d e r	loanword_nativized
কোথাকার	k O th a k a r	native
কীসের	k i sh e r	native
কয়টি	k o y T i	native
রান্না করা	r a nn a | k o r a	compound
ভাজা করা	bh a j a | k o r a	compound
সেদ্ধ করা	sh e d dh O | k o r a	compound
পোড়ানো	p O r a n O	native
কুচি করা	k u ch i | k o r a	compound
ঢাকা দেওয়া	Dh a k a | d e O y a	compound
ঠান্ডা করা	Th a n D a | k o r a	compound
পরিবেশন করা	p O r i b e sh o n | k o r a	compound
মসলা দেওয়া	m o sh l a | d e O y a	compound
মায়া	m a y a	native
ঘৃণা	gh ri n a	tatsama
আফসোস	a ph sh O sh	loanword_nativized
আগ্রহ	a gr o h	native
লজ্জাবোধ	l o j j a b O dh	native
সহানুভূতি	sh o h a n u bh u t i	native
নিরাশা	n i r a sh a	native
টর্নেডো	T O r n e D O	loanword
ঘূর্ণিঝড়	gh u r n i jh o r	tatsama
খরা	kh o r a	native
তুষারপাত	t u sh a r p a t	tatsama
রোদেলা	r O d e l a	native
মেঘলা	m e gh l a	native
বাদল	b a d O l	native
ভোট	bh O T	loanword
প্রার্থী	pr a r th i	native
দল	d o l	native
নীতি	n i t i	native
প্রশাসন	pr o sh a sh O n	native
কূটনীতি	k u T n i t i	native
হিসাব	h i sh a b	native
জমা	j o m a	native
উত্তোলন	u tt O l o n	native
সুদ	sh u d	loanword_nativized
ঋণ	ri n	tatsama
বিনিয়োগ	b i n i y O g	native
শেয়ার	sh e y a r	loanword
মুনাফা	m u n a ph a	loanword_nativized
লোকসান	l O k sh a n	loanword_nativized
ইমেইল	i m e i l	loanword
ডাউনলোড	D a u n l O D	loanword
আপলোড	a p l O D	loanword
চিকিৎসক	ch i k i t sh o k	native
মনোবিজ্ঞানী	m o n O b i g g a n i	tatsama
ধাত্রী	dh a tr i	native
স্টেডিয়াম	s T e D i y a m	loanword
রেফারি	r e ph a r i	loanword
জয়	j o y	native
পরাজয়	p o r a j o y	native
অনুশীলন	o n u sh i l o n	native
কোচ	k O ch	loanword
জার্সি	j a r s i	loanword
পরিবেশ	p O r i b e sh	native
দূষণ	d u sh o n	tatsama
বাস্তুতন্ত্র	b a st u t o n t r O	native
বনায়ন	b o n a y O n	native
সংরক্ষণ	sh o ng r o kkh o n	tatsama
প্রাকৃতিক	pr a k ri t i k	tatsama
টেকসই	T e k sh O i	native
বিয়ে	b i y e	native
বাগদান	b a g d a n	native
বিশেষণ	b i sh e sh o n	tatsama
ক্রিয়া	kr i y a	native
বাক্য	b a k k O	native
অনুবাদ	O n u b a d	native
উচ্চারণ	u ch ch a r o n	tatsama
বানান	b a n a n	native
অর্ধেক	o r dh e k	native
সিকি	sh i k i	loanword_nativized
পৌনে	p ou n e	native
সাড়ে	sh a r e	native
কমবেশি	k o m b e sh i	loanword_nativized
কয়েকটি	k O y e k T i	native
সকালবেলা	sh o k a l b e l a	native
দুপুরবেলা	d u p u r b e l a	native
মধ্যরাত	m o dh y r a t	native
প্রত্যুষ	pr o t t u sh	tatsama
গোধূলিবেলা	g O dh u l i b e l a	native
আগামী বছর	a g a m i | b o chh O r	compound
আকাশ কুসুম	a k a sh | k u sh u m	compound
চোখের বালি	ch O kh e r | b a l i	compound
হাতেনাতে	h a t e n a t e	native
মাথায় আকাশ ভেঙে পড়া	m a th a y | a k a sh | bh e ng e | p o r a	compound
চোখে সরষে ফুল দেখা	ch O kh e | sh o r sh e | ph u l | d E kh a	compound
ব্যবসা	b A b sh a	native
চাহিদা	ch a h i d a	native
শাখা	sh a kh a	native
মালিক	m a l i k	loanword_nativized
ট্রাফিক	T r a ph i k	loanword
ফুটপাত	ph u T p a t	loanword_nativized
গতিরোধক	g O t i r O dh o k	native
জ্যাম	j A m	native
ডাক	D a k	native
খাম	kh a m	native
চিঠি	ch i Th i	loanword_nativized
পার্সেল	p a r s e l	loanword
ঠিকানা	Th i k a n a	native
পোস্টকোড	p O s T k O D	loanword
বার্তা	b a r t a	native
গয়না	g o y n a	native
দুল	d u l	native
আংটি	a ng T i	native
হার	h a r	native
চুড়ি	ch u r i	native
বুনন	b u n o n	native
সেলাই	sh e l a i	native
নকশা	n o k sh a	native
কারুকাজ	k a r u k a j	native
তিমি	t i m i	native
হাঙর	h a ng O r	native
জেলিফিশ	j e l i ph i sh	native
শৈবাল	sh oi b a l	native
মহিষ	m O h i sh	tatsama
ভেড়া	bh E r a	native
গাধা	g a dh a	native
উট	u T	native
শূকর	sh u k o r	loanword
ফ্রিজ	ph r i j	loanword
ওভেন	O bh e n	loanword
মাইক্রোওয়েভ	m a i kr O O y e bh	loanword
ব্লেন্ডার	bl e n D a r	loanword
টোস্টার	T O s T a r	loanword
কেটলি	k e T l i	native
প্রেসার কুকার	pr e sh a r | k u k a r	compound
কল	k o l	native
শাওয়ার	sh a O y a r	loanword
টয়লেট	T o y l e T	loanword
পুরোহিত	p u r O h i t	native
ইমাম	i m a m	loanword_nativized
চাদর	ch a d O r	loanword_nativized
মশারি	m o sh a r i	native
লেপ	l e p	native
হ্যাঙ্গার	h A ngg a r	loanword
ঝাঁপ দেওয়া	jh a~ p | d e O y a	compound
হেলান দেওয়া	h e l a n | d e O y a	compound
গুনগুন করা	g u n g u n | k o r a	compound
আওয়াজ করা	a O y a j | k o r a	compound
হেঁচকি তোলা	h e~ ch k i | t O l a	compound
হাই তোলা	h a i | t O l a	compound
ভীতু	bh i t u	native
চতুর	ch O t u r	native
বোকা	b O k a	native
উদার	u d a r	native
কৃপণ	k ri p o n	tatsama
ফড়িং	ph O r i ng	native
উইপোকা	u i p O k a	native
ঘুণপোকা	gh u n p O k a	tatsama
গুবরে পোকা	g u b r e | p O k a	compound
চিত্রনাট্য	ch i tr O n a T T O	native
পুরস্কার	p u r O sh k a r	native
লেন্স	l e n s	loanword
ফ্ল্যাশ	ph l A sh	loanword
অ্যালবাম	A l b a m	loanword
এক্সপোজার	e k s p O j a r	loanword
মসলিন	m O s l i n	loanword
রসগোল্লা	r o sh O g O l l a	native
হৃদরোগ	ri d r O g	tatsama
ক্যান্সার	k A n s a r	loanword
আর্থ্রাইটিস	a r th r a i T i s	loanword
স্মৃতি	s ri t i	loanword
স্মরণ	sh o r O n	tatsama
স্মারক	sh a r O k	native
স্মিত	s m i t O	loanword
স্পষ্ট	s p o shT o	loanword
সালোকসংশ্লেষণ	sh a l O k sh o ng s l e sh o n	tatsama
বংশ	b o ng sh O	native
বংশী	b O ng sh i	native
হংস	h o ng sh O	native
হংসী	h O ng sh i	native
বংশগতি	b o ng sh O g O t i	native
সিমকার্ড	s i m k a r D	loanword
ব্যালেন্স	b A l e n s	loanword
ব্যাটসম্যান	b A T s m A n	loanword
গায়েহলুদ	g a y e h O l u d	native
অপরাধী	o p O r a dh i	native
রাজমিস্ত্রি	r a j m i s t r i	loanword_nativized
ডিটারজেন্ট	D i T a r j e n T	loanword
গ্লাভস	g l a bh s	loanword
জলহস্তী	j o l O h O st i	native
দোলনচাঁপা	d O l O n ch a~ p a	native
ভ্যাট	bh A T	loanword
আর্দ্রতামাপক	a r d r O t a m a p o k	native
উৎকণ্ঠা	u t k o n Th a	tatsama
মমতা	m o m O t a	native
লাইফজ্যাকেট	l a i ph j A k e T	loanword
ইস্ত্রি	i s t r i	loanword_nativized
সাংবাদিকতা	sh a ng b a d i k o t a	native
সম্পাদকীয়	sh o mp a d O k i y O	native
তসবিহ	t O s b i h	loanword
অ্যাম্বুলেন্স	A mb u l e n s	loanword
প্রাথমিক	pr a th O m i k	native
উদ্ধারকর্মী	u d dh a r k O r m i	tatsama
লালনপালন	l a l O n p a l O n	native
হুইলচেয়ার	u i l ch e y a r	loanword
সময়সূচি	sh o m o y sh u ch i	native
আসলে	a sh O l e	loanword_nativized
নমনীয়	n o m O n i y O	native
নির্ভরশীল	n i r bh o r sh i l	native
বিনয়ী	b i n O y i	native
ফোকাস	ph O k a s	loanword
সন্দেশ	sh o nd e sh	native
ডায়াবেটিস	D a y a b e T i s	loanword
গর্জন	g o r j O n	native
কলরব	k o l O r o b	native
শব্দহীন	sh o b d O h i n	native
উপগ্রহ	u p O gr O h O	native
কক্ষপথ	k o kkh O p o th	tatsama
সেন্টিমিটার	s e n T i m i T a r	loanword
মৌল	m ou l O	native
যৌগ	j ou g O	native
দ্রবণ	d r O b O n	tatsama
অ্যাসিড	A s i D	loanword
ঘর্ষণ	gh o r sh O n	tatsama
শোষণ	sh o sh O n	tatsama
মেসেজ	m e s e j	loanword
মিসড	m i s D	loanword
পোস্ট	p O s T	loanword
ইনিংস	i n i ng s	loanword
সিমেন্ট	s i m e n T	loanword
সেমিস্টার	s e m i s T a r	loanword
থিসিস	th i s i s	loanword
ক্যাম্পাস	k A mp a s	loanword
রিসেপশন	r i s e p sh o n	loanword
স্পঞ্জ	s p o nj	loanword
জীবাণুনাশক	j i b a n u n a sh O k	tatsama
অজগর	o j O g O r	native
অনুতাপ	O n u t a p	native
বিরহ	b i r o h O	native
কম্পাস	k o mp a s	loanword
শ্রমিক	s r O m i k	native
মুদ্রণ	m u d r O n	tatsama
প্রকাশক	pr O k a sh o k	native
সম্পাদক	sh o mp a d O k	native
প্রচ্ছদ	pr O ch chh o d	native
সংস্করণ	sh o ng sh k o r O n	tatsama
পাস	p a s	loanword
কাস্টমস	k a s T O m s	loanword
সংবাদপত্র	sh o ng b a d p o tr O	native
প্রতিবেদন	pr O t i b e d O n	native
প্রদীপ	pr O d i p	native
অগ্নিনির্বাপক	O g n i n i r b a p o k	native
শর্ট সার্কিট	sh o r T | s a r k i T	loanword
বলব	b O l b O	native
অভিনেতা	O bh i n e t a	native
অভিনেত্রী	O bh i n e tr i	native
দৃশ্য	d ri sh sh O	tatsama
কফি	k o ph i	loanword
অ্যালার্জি	A l a r j i	loanword
গ্রহাণু	gr o h a n u	tatsama
আমেরিকা	A m e r i k a	proper_noun
পাউন্ড	p a u n D	loanword
অভিকর্ষ	O bh i k o r sh O	tatsama
তরঙ্গ	t o r O ngg O	native
চুম্বকত্ব	ch u mb O k o tt O	tatsama
কমেন্ট	k o m e n T	loanword
তদন্ত	t o d O nt O	native
অ্যালোভেরা	A l O bh e r a	loanword
কৃতজ্ঞতা	k ri t o g g o t a	tatsama
স্বস্তিবোধ	sh O st i b O dh	tatsama
উচ্চ রক্তচাপ	u ch ch O | r o kt O ch a p	compound
প্রাথমিক চিকিৎসা	pr a th O m i k | ch i k i t sh a	compound
বোর্ডিং পাস	b O r D i ng | p a s	compound
কী বলব	k i | b O l b O	compound
পরিচালক	p O r i ch a l o k	native
প্রযোজক	pr o j O j o k	native
সংলাপ	sh o ng l a p	native
প্রিমিয়ার	pr i m i y a r	loanword
টিকিট কাউন্টার	T i k i T | k a u n T a r	compound
ক্যামেরা	k A m e r a	loanword
ফটোগ্রাফার	ph o T O gr a ph a r	loanword
ফ্রেমিং	ph r e m i ng	loanword
সুতি	sh u t i	native
রেশম	r e sh o m	loanword_nativized
পশম	p o sh O m	loanword_nativized
জর্জেট	j O r j e T	loanword
খদ্দর	kh o d d o r	native
তাঁত	t a~ t	native
ভুট্টা	bh u T T a	native
যব	j o b	native
বাজরা	b a j r a	native
জোয়ার	j O y a r	native
ছোলা	chh O l a	native
মসুর ডাল	m O sh u r | D a l	compound
দই	d O i	native
মাখন	m a kh O n	native
পনির	p O n i r	loanword_nativized
ঘি	gh i	native
ছানা	chh a n a	native
ক্রিম	kr i m	loanword
শরবত	sh o r b o t	loanword_nativized
চিনি ছাড়া চা	ch i n i | chh a r a | ch a	compound
ডাবের পানি	D a b e r | p a n i	compound
আখের রস	a kh e r | r o sh	compound
জিলাপি	j i l a p i	loanword_nativized
হালুয়া	h a l u y a	native
পায়েস	p a y e sh	native
মিষ্টি দই	m i shT i | d O i	compound
পিঠা	p i Th a	native
হাঁপানি	h a~ p a n i	native
মাইগ্রেন	m a i gr e n	loanword
চিৎকার	ch i t k a r	native
গুঞ্জন	g u nj o n	tatsama
ছায়াপথ	chh a y a p o th	native
নভোযান	n o bh O j a n	native
মহাকাশচারী	m o h a k a sh ch a r i	native
ধূমকেতু	dh u m k e t u	native
ভারত	bh a r o t	proper_noun
পাকিস্তান	p a k i st a n	proper_noun
নেপাল	n e p a l	proper_noun
চীন	ch i n	proper_noun
ইউরোপ	i u r O p	proper_noun
আফ্রিকা	a ph r i k a	proper_noun
এশিয়া	e sh i y a	proper_noun
বাঙালি	b a ng a l i	native
ইংরেজ	i ng r e j	loanword_nativized
আরবি ভাষা	a r b i | bh a sh a	compound
হিন্দি ভাষা	h i nd i | bh a sh a	compound
চীনা ভাষা	ch i n a | bh a sh a	compound
জাপানি ভাষা	j a p a n i | bh a sh a	compound
ডলার	D o l a r	loanword
ইউরো	i u r O	loanword
রুপি	r u p i	loanword
ইয়েন	i y e n	loanword
দিরহাম	d i r h a m	loanword
কিলোমিটার	k i l O m i T a r	loanword
মিটার	m i T a r	loanword
গ্রাম	gr a m	loanword
লিটার	l i T a r	loanword
ডিগ্রি	D i gr i	loanword
বিক্রিয়া	b i kr i y a	native
ক্ষার	kkh a r	tatsama
বল	b o l	native
ভরবেগ	bh o r b e g	native
কোষ	k O sh	tatsama
জিন	j i n	loanword
ক্রোমোজোম	kr O m O j O m	loanword
শ্বসন	sh o sh o n	tatsama
চার্জার	ch a r j a r	loanword
রিংটোন	r i ng T O n	loanword
লাইক	l a i k	loanword
ফলোয়ার	ph o l O y a r	loanword
প্রোফাইল	pr O ph a i l	loanword
বোলার	b O l a r	loanword
উইকেট	u i k e T	loanword
ছক্কা	chh o k k a	native
আম্পায়ার	a mp a y a r	loanword
বর	b o r	native
কনে	k O n e	native
বরযাত্রী	b o r j a tr i	native
কাবিননামা	k a b i n n a m a	native
আশীর্বাদ	a sh i r b a d	native
মামলা	m a m l a	loanword_nativized
রায়	r a y	native
সাক্ষ্য	sh a kkh O	tatsama
জরিমানা	j O r i m a n a	loanword_nativized
চোর	ch O r	native
ডাকাত	D a k a t	loanword_nativized
গ্রেপ্তার	gr e p t a r	loanword_nativized
থানা	th a n a	native
ইট	i T	native
বালু	b a l u	native
রড	r o D	loanword
ভিত্তি	bh i tt i	native
অধ্যাপক	o dh y a p o k	native
ভর্তি	bh O r t i	native
স্কলারশিপ	s k o l a r sh i p	loanword
বুকিং	b u k i ng	loanword
মেনু	m e n u	loanword
বিল	b i l	native
টিপ	T i p	native
মোছা	m O chh a	loanword_nativized
বাগান করা	b a g a n | k o r a	compound
সার দেওয়া	sh a r | d e O y a	compound
পানি দেওয়া	p a n i | d e O y a	compound
কলম করা	k o l O m | k o r a	compound
আগাছা	a g a chh a	native
টব	T o b	loanword_nativized
চিতাবাঘ	ch i t a b a gh	native
গণ্ডার	g o n D a r	tatsama
কুমির	k u m i r	native
ময়ূর	m O y u r	native
গিরগিটি	g i r g i T i	loanword_nativized
টিকটিকি	T i k T i k i	native
তুলসী	t u l sh i	native
নিম	n i m	native
হলুদ চাষ	h O l u d | ch a sh	compound
পুদিনা পাতা	p u d i n a | p a t a	compound
রুই	r u i	native
কাতলা	k a t l a	native
পাবদা	p a b d a	native
শোল	sh O l	native
টেংরা	T E ng r a	native
পুঁটি	p u~ T i	native
বোয়াল	b O y a l	native
জবা	j o b a	native
গোলাপ	g O l a p	loanword_nativized
চাঁপা	ch a~ p a	native
বেলি	b e l i	native
শিউলি	sh i u l i	native
বীমা	b i m a	loanword_nativized
প্রিমিয়াম	pr i m i y a m	loanword
কর	k o r	native
আয়কর	a y k O r	native
রশিদ	r O sh i d	loanword_nativized
কাস্তে	k a st e	native
কোদাল	k O d a l	native
জোয়াল	j O y a l	native
নিড়ানি	n i r a n i	native
ঝাঁঝরি	jh a~ jh r i	native
থার্মোমিটার	th a r m O m i T a r	loanword
ব্যারোমিটার	b A r O m i T a r	loanword
বাতাসের গতি	b a t a sh e r | g O t i	compound
ঠেলা	Th E l a	native
টানা	T a n a	native
নামানো	n a m a n O	native
ছুড়ে ফেলা	chh u r e | ph E l a	compound
গড়িয়ে দেওয়া	g O r i y e | d e O y a	compound
পাল	p a l	native
মাস্তুল	m a st u l	loanword_nativized
নোঙর	n O ng o r	loanword_nativized
জেলে নৌকা	j e l e | n ou k a	compound
খনি	kh O n i	native
কয়লা	k o y l a	native
ইস্পাত	i s p a t	loanword
কারখানা	k a r kh a n a	loanword_nativized
উৎপাদন	u t p a d O n	native
পাণ্ডুলিপি	p a n D u l i p i	tatsama
ইমিগ্রেশন	i m i gr e sh o n	loanword
লাগেজ	l a g e j	native
ফ্লাইট	ph l a i T	native
কাপড় ধোয়া	k a p o r | dh O y a	compound
বাসন মাজা	b a sh O n | m a j a	compound
ঘর মোছা	gh o r | m O chh a	compound
ধুলা ঝাড়া	dh u l a | jh a r a	compound
কাপড় ইস্ত্রি করা	k a p o r | i s t r i | k o r a	compound
গোল্লাছুট	g O l l a chh u T	native
কানামাছি	k a n a m a chh i	native
লুডু	l u D u	loanword
দাড়িয়াবান্ধা	d a r i y a b a ndh a	tatsama
মার্বেল খেলা	m a r b e l | kh E l a	compound
শিরোনাম	sh i r O n a m	native
জায়নামাজ	j a y n a m a j	loanword_nativized
মালা	m a l a	native
ধূপ	dh u p	native
জরুরি বিভাগ	j O r u r i | b i bh a g	compound
মেরামত	m e r a m o t	loanword_nativized
প্লাম্বার	p l a mb a r	loanword
ইলেকট্রিশিয়ান	i l e k T r i sh i y a n	loanword
ফিউজ	ph i u j	loanword
পাইপ লিক	p a i p | l i k	compound
খেলনা	kh E l n a	native
ডায়াপার	D a y a p a r	loanword
ফিডার	ph i D a r	loanword
শিশুখাদ্য	sh i sh u kh a d d O	native
ওয়াকার	O y a k a r	loanword
বার্ধক্য	b a r dh O k k O	native
যত্ন	j o t n O	native
যাই হোক	j a i | h O k	compound
মানে	m a n e	loanword_nativized
সত্যি বলতে	sh O t t i | b o l t e	compound
কঠোর	k o Th O r	native
স্বাধীন	sh a dh i n	tatsama
একগুঁয়ে	e k g u~ y e	native
কেজি	k e j i	native
মিসড কল	m i s D | k o l	compound
ফিসফিস	ph i sh ph i sh	native
লস্যি	l O sh sh i	native
ওষুধের সময়সূচি	O sh u dh e r | sh o m o y sh u ch i	compound
বঁটি	b O~ T i	native
বিদ্যালয়	b i d d a l o y	native
খাতা	kh a t a	native
সেতার	sh e t a r	loanword_nativized
গোলরক্ষক	g O l r o kkh o k	tatsama
শাটলকক	sh a T o l k o k	native
কলিজা	k O l i j a	native
মেরুদণ্ড	m e r u d o n D O	tatsama
স্নায়ু	sn a y u	native
ধমনী	dh o m O n i	native
কুমোর	k u m O r	native
ভাশুর	bh a sh u r	native
চেয়ারম্যান	ch e y a r m A n	loanword
মেয়র	m e y O r	loanword
সচিব	sh O ch i b	native
চেক	ch e k	loanword
কীবোর্ড	k i b O r D	native
মাউস	m a u s	loanword
স্ক্রিন	s k r i n	loanword
সালোয়ার	s a l O y a r	loanword
গেঞ্জি	g e nj i	tatsama
গহনা	g o h O n a	native
কানের দুল	k a n e r | d u l	compound
নাকফুল	n a k ph u l	native
আমগাছ	a m g a chh	native
বটগাছ	b o T g a chh	native
নারিকেল গাছ	n a r i k e l | g a chh	compound
বাঁশ	b a~ sh	native
সেগুন	sh e g u n	native
শাল	sh a l	loanword_nativized
বক	b o k	native
পটল	p o T O l	native
লাউ	l a u	native
মুলা	m u l a	native
পেয়ারা	p e y a r a	native
আনারস	a n a r o sh	loanword_nativized
ধনিয়া	dh O n i y a	native
রান্না	r a nn a	native
বাটা	b a T a	native
হিংসা	h i ng sh a	native
করুণা	k O r u n a	tatsama
সম্প্রচার	sh o m p r O ch a r	native
ব্যাট	b A T	loanword
স্টাম্প	s T a mp	loanword
হেলমেট	h e l m e T	loanword
র‌্যাকেট	r A k e T	loanword
নেট	n e T	loanword
মোড়	m O r	native
ফ্লাইওভার	ph l a i O bh a r	loanword
ডাকঘর	D a k gh o r	native
ডাকটিকিট	D a k T i k i T	native
কুরিয়ার	k u r i y a r	loanword
বন উজাড়	b o n | u j a r	compound
বৃক্ষরোপণ	b ri kkh O r O p O n	tatsama
প্যাথলজি	p A th O l O j i	native
রেডিওলজি	r e D i O l O j i	native
ইনজেকশন	i n j e k sh o n	loanword
মানসিক স্বাস্থ্য	m a n O sh i k | sh a s th O	compound
অবসাদ	o b O sh a d	native
লোকনৃত্য	l O k O n ri t t O	tatsama
ক্যানভাস	k A n bh a s	loanword
কুমোরপাড়া	k u m O r p a r a	native
স্বাধীনতা সংগ্রাম	sh a dh i n o t a | sh o ng gr a m	compound
দমকল বাহিনী	d o m k o l | b a h i n i	compound
উপকূল	u p O k u l	native
সফটওয়্যার প্রকৌশলী	s o ph T o y a r | pr o k ou sh O l i	compound
সম্পাদনা	sh o mp a d o n a	native
পরিচালনা	p O r i ch a l O n a	native
কবরস্থান	k o b O r sth a n	loanword_nativized
শোকযাত্রা	sh O k O j a tr a	native
প্রতিবন্ধী	pr O t i b O ndh i	tatsama
শ্রবণযন্ত্র	s r O b O n j o n t r O	tatsama
বীজতলা	b i j t o l a	native
কীটনাশক	k i T n a sh O k	native
বনরক্ষী	b o n r O kkh i	tatsama
বিমানচালক	b i m a n ch a l O k	native
লাইটহাউস	l a i T h a u s	loanword
রেললাইন	r e l l a i n	loanword_nativized
প্ল্যাটফর্ম	p l A T ph O r m	loanword
সিগন্যাল বাতি	s i g n a l | b a t i	compound
উপস্থাপক	u p O sth a p O k	native
খাঁচাবন্দি	kh a~ ch a b O nd i	native
সৌরশক্তি	sh ou r O sh O kt i	native
পারমাণবিক শক্তি	p a r O m a n O b i k | sh O kt i	compound
বর্জ্য ব্যবস্থাপনা	b o r j O | b A b O sth a p o n a	compound
অস্ত্রোপচার	o s t r O p o ch a r	native
প্রসাধনী	pr O sh a dh O n i	native
সুগন্ধি	sh u g O ndh i	tatsama
এলবিডব্লিউ	e l b i D o bl i u	loanword
অফসাইড	o ph s a i D	loanword
আইসিইউ	a i s i i u	loanword
ওয়ার্ড	O y a r D	loanword
ফার্মেসি	ph a r m e s i	loanword
সিরাপ	s i r a p	loanword
মনোবিদ	m O n O b i d	native
সুইমিংপুল	s u i m i ng p u l	loanword
গোলক নিক্ষেপ	g O l O k | n i kkh e p	compound
টেবিল টেনিস	T e b i l | T e n i s	compound
শাস্ত্রীয় নৃত্য	sh a s t r i y O | n ri t t O	compound
ভাস্কর	bh a sh k o r	native
রায়ের কপি	r a y e r | k o p i	compound
সুনামি	s u n a m i	loanword
কৃষ্ণগহ্বর	k ri shN O g o h O b b o r	tatsama
সার্ভার	s a r bh a r	loanword
কার্ট	k a r T	native
শ্মশান	sh o sh a n	native
গোলাঘর	g O l a gh o r	native
গোয়ালঘর	g O y a l gh o r	native
দুধ দোহন	d u dh | d O h O n	compound
বন্দর	b o nd O r	loanword_nativized
সম্প্রচার কেন্দ্র	sh o m p r O ch a r | k e ndr O	compound
গ্রন্থাগার	gr O n th a g a r	native
গ্রন্থাগারিক	gr O n th a g a r i k	native
অভয়ারণ্য	o bh o y a r o n n O	tatsama
বায়ুশক্তি	b a y u sh O kt i	native
পানি শোধন	p a n i | sh O dh O n	compound
রক্তদান	r o kt O d a n	native
অঙ্গদান	o ngg O d a n	native
সেলুন	s e l u n	loanword
সেঞ্চুরি	s e nch u r i	loanword
টসের ফল	T o s e r | ph o l	compound
পদক	p o d O k	native
নৃত্যশিল্পী	n ri t t O sh i l p i	tatsama
নৃত্যনাট্য	n ri t t O n a T T O	tatsama
চিত্রশিল্পী	ch i tr O sh i l p i	native
রং তুলি	r o ng | t u l i	compound
প্রবন্ধ	pr O b O ndh O	tatsama
রিফান্ড	r i ph a n D	loanword
হর্ন	h o r n	loanword
বিয়ের কার্ড	b i y e r | k a r D	compound
বগি	b o g i	loanword_nativized
প্রদর্শনী	pr O d O r sh O n i	native
হোমিওপ্যাথি	h O m i O p A th i	native
অপারেশন থিয়েটার	o p a r e sh o n | th i y e T a r	compound
বড়ি	b O r i	native
মলম	m o l O m	loanword_nativized
ড্রপ	D r o p	loanword
দাঁতের ডাক্তার	d a~ t e r | D a kt a r	compound
চোখের ডাক্তার	ch O kh e r | D a kt a r	compound
দাঁতের মাজন	d a~ t e r | m a j O n	compound
পরামর্শ	p o r a m o r sh O	native
চাপ	ch a p	native
সাঁতারু	sh a~ t a r u	native
দৌড়বিদ	d ou r b i d	native
লাফ	l a ph	native
বর্শা নিক্ষেপ	b o r sh a | n i kkh e p	compound
দাবার ঘুঁটি	d a b a r | gh u~ T i	compound
কবাডি	k o b a D i	native
ক্যারাম	k A r a m	loanword_nativized
লুডুর গুটি	l u D u r | g u T i	compound
তাস	t a sh	loanword_nativized
কুংফু	k u ng ph u	loanword
কারাতে	k a r a t e	loanword
জুডো	j u D O	loanword
মুষ্টিযুদ্ধ	m u shT i j u d dh O	tatsama
কুস্তি	k u st i	loanword_nativized
তুলি	t u l i	native
নকশিকাঁথা	n o k sh i k a~ th a	native
বাঁশের কাজ	b a~ sh e r | k a j	compound
গল্প	g o l p O	native
ছন্দ	chh o nd O	native
ইতিহাসবিদ	i t i h a sh b i d	native
ভোটার	bh O T a r	loanword
রাজনীতিবিদ	r a j n i t i b i d	native
কারাগার	k a r a g a r	native
ভূমিধস	bh u m i dh o sh	native
মালভূমি	m a l bh u m i	native
উল্কা	u l k a	native
মহাবিশ্ব	m o h a b i sh sh O	tatsama
প্রোগ্রামার	pr O gr a m a r	loanword
রাউটার	r a u T a r	loanword
অ্যাপ্লিকেশন	A p l i k e sh o n	loanword
অনলাইন কেনাকাটা	o n l a i n | k e n a k a T a	compound
চেকআউট	ch e k a u T	loanword
রিভিউ	r i bh i u	loanword
ডেলিভারি	D e l i bh a r i	loanword
শুটিং স্পট	sh u T i ng | s p o T	compound
মঞ্চ	m o nch O	tatsama
সংলাপ বলা	sh o ng l a p | b o l a	compound
অভিনয়	o bh i n o y	native
গায়ে হলুদ	g a y e | h O l u d	compound
বাসর ঘর	b a sh O r | gh o r	compound
যৌতুক	j ou t u k	native
কনেযাত্রী	k O n e j a tr i	native
দাফন	d a ph O n	loanword_nativized
কুলখানি	k u l kh a n i	native
শিশুর জন্ম	sh i sh u r | j o n m O	compound
বেবি ফুড	b e b i | ph u D	compound
খেলনা গাড়ি	kh E l n a | g a r i	compound
টিকা	T i k a	native
বৃদ্ধাশ্রম	b ri d dh a s r o m	tatsama
লাঠি	l a Th i	native
ফসল কাটা	ph o sh O l | k a T a	compound
সার প্রয়োগ	sh a r | pr o y O g	compound
মুরগির খামার	m u r g i r | kh a m a r	compound
পশুখাদ্য	p O sh u kh a d d O	native
খাঁচা	kh a~ ch a	native
জাল	j a l	native
মাছ ধরা	m a chh | dh o r a	compound
ট্রলার	T r o l a r	loanword
গাছ কাটা	g a chh | k a T a	compound
পোশাক কারখানা	p O sh a k | k a r kh a n a	compound
সেলাই মেশিন	sh e l a i | m e sh i n	compound
বোতাম	b O t a m	loanword_nativized
রং করা	r o ng | k o r a	compound
প্যাকেজিং	p A k e j i ng	loanword
রপ্তানি	r o p t a n i	loanword_nativized
আমদানি	a m d a n i	loanword_nativized
শেয়ার বাজার	sh e y a r | b a j a r	compound
ফ্ল্যাট	ph l A T	loanword
প্লট	p l o T	loanword
দালান	d a l a n	loanword_nativized
ভিত্তি প্রস্তর	bh i tt i | pr O st o r	compound
কাঠমিস্ত্রি	k a Th m i s t r i	native
ঝালাই কর্মী	jh a l a i | k O r m i	compound
রং মিস্ত্রি	r o ng | m i s t r i	compound
ইঞ্জিন	i nj i n	loanword
চাকা	ch a k a	native
ব্রেক	br e k	loanword
হেডলাইট	h e D l a i T	loanword
প্যাডেল	p A D e l	loanword
রানওয়ে	r a n O y e	loanword
নাবিক	n a b i k	native
টাওয়ার	T a O y a r	loanword
সংকেত	sh O ng k e t	native
সাক্ষাৎকার	sh a kkh a t k a r	tatsama
ছাপাখানা	chh a p a kh a n a	native
বাঁধাই	b a~ dh a i	native
সূচিপত্র	sh u ch i p o tr O	native
জাদুঘর	j a d u gh o r	native
চিড়িয়াখানা	ch i r i y a kh a n a	loanword_nativized
মহামারী	m o h a m a r i	native
টিকাদান	T i k a d a n	native
সংক্রামক রোগ	sh o ng kr a m o k | r O g	compound
ফিজিওথেরাপি	ph i j i O th e r a p i	loanword
আয়ুর্বেদ	a y u r b e d	native
যোগব্যায়াম	j O g b a y a m	native
ধ্যান	dh A n	native
জিমনেসিয়াম	j i m n e sh i y a m	loanword
ডাম্বেল	D a mb e l	loanword
চুল কাটা	ch u l | k a T a	compound
মেহেদি	m e h e d i	loanword_nativized
রান আউট	r a n | a u T	compound
পেনাল্টি	p e n a l T i	native
অলিম্পিক	o l i mp i k	native
শরণার্থী	sh o r O n a r th i	tatsama
বহিরাগমন	b O h i r a g o m O n	native
লেনদেন	l e n d e n	loanword_nativized
জীববৈচিত্র্য	j i b O b oi ch i t r O	native
সমীকরণ	sh O m i k o r O n	tatsama
গুণফল	g u n ph o l	tatsama
ভাগফল	bh a g ph o l	native
মাদারবোর্ড	m a d a r b O r D	loanword
ক্যালরি	k A l O r i	loanword
চটপটি	ch o T p O T i	native
উপজেলা পরিষদ	u p O j e l a | p O r i sh o d	compound
পৌরসভা	p ou r O sh o bh a	native
পুলিশ কমিশনার	p u l i sh | k o m i sh o n a r	compound
সীমান্তরক্ষী	sh i m a nt O r O kkh i	tatsama
শহরায়ন	sh o h O r a y O n	native
গাড়ির কাগজপত্র	g a r i r | k a g O j p o tr O	compound
চালকের লাইসেন্স	ch a l O k e r | l a i s e n s	compound
এয়ার কন্ডিশনার	e y a r | k o n D i sh o n a r	compound
উপস্থাপনা	u p O sth a p O n a	native
কার্যবিবরণী	k a r j O b i b o r O n i	tatsama
গবেষণা	g o b e sh O n a	tatsama
তত্ত্বাবধায়ক	t o t t a b o dh a y o k	tatsama
প্রকাশনা	pr O k a sh O n a	native
সানগ্লাস	s a n g l a s	loanword
হৃদরোগ বিশেষজ্ঞ	ri d r O g | b i sh e sh o g g O	compound
গ্রিনহাউস	gr i n h a u s	loanword
কনফেকশনারি	k o n ph e k sh O n a r i	native
সরবরাহ শৃঙ্খল	sh o r b o r a h O | s ri ng kh o l	compound
ভিসা	bh i s a	loanword
ছাড়পত্র	chh a r p o tr O	native
খাদ্যশৃঙ্খল	kh a d d O s ri ng kh o l	loanword
আবাসস্থল	a b a sh sth o l	native
দ্রাবক	d r a b O k	native
অণুবীক্ষণ যন্ত্র	O n u b i kkh o n | j o n t r O	compound
দোলক	d O l O k	native
বর্গমূল	b o r g O m u l	native
ভগ্নাংশ	bh o g n a ng sh O	native
অনুপাত	O n u p a t	native
প্রসেসর	pr o s e s o r	loanword
হার্ডডিস্ক	h a r D D i s k	loanword
গ্রাফিক্স কার্ড	gr a ph i k s | k a r D	compound
পাওয়ার সাপ্লাই	p a O y a r | s a p l a i	compound
দর্শনীয় স্থান	d o r sh O n i y O | sth a n	compound
ভ্রমণ ভাতা	bh r O m O n | bh a t a	compound
অভয়ারণ্য ভ্রমণ	o bh o y a r o n n O | bh r O m O n	compound
জাতীয় পতাকা	j a t i y O | p o t a k a	compound
জাতীয় সংগীত	j a t i y O | sh O ng g i t	compound
জাতীয় ফুল	j a t i y O | ph u l	compound
জাতীয় পাখি	j a t i y O | p a kh i	compound
জাতীয় প্রতীক	j a t i y O | pr O t i k	compound
জেলা প্রশাসক	j e l a | pr O sh a sh o k	compound
আশ্রয়কেন্দ্র	a s r o y k e ndr O	native
স্বেচ্ছাসেবক	sh e ch chh a sh e b O k	tatsama
ক্ষতিগ্রস্ত	kh O t i gr o st O	tatsama
দাতব্য সংস্থা	d a t O b b O | sh o ng sth a	compound
অনুদান	O n u d a n	native
ক্ষুদ্রঋণ	kkh u d r O ri n	tatsama
সমিতি	sh o m i t i	native
নিবন্ধন নম্বর	n i b o ndh o n | n o mb O r	compound
গ্যাস সংযোগ	g A s | sh o ng j O g	compound
মিক্সার	m i k s a r	loanword
অভিসন্দর্ভ	O bh i sh o nd o r bh O	native
স্যান্ডেল	s A n D e l	loanword
মানিব্যাগ	m a n i b A g	loanword
হাতব্যাগ	h a t b A g	native
চর্মরোগ	ch o r m O r O g	native
ক্যান্সার বিশেষজ্ঞ	k A n s a r | b i sh e sh o g g O	compound
রক্তের গ্রুপ	r o kt e r | gr u p	compound
অঙ্গ প্রতিস্থাপন	o ngg O | pr O t i sth a p O n	compound
পয়ঃনিষ্কাশন	p o y O n i sh k a sh o n	tatsama
জৈব সার	j oi b O | sh a r	compound
স্যানিটেশন	s A n i T e sh o n	loanword
মধু সংগ্রহ	m O dh u | sh o ng gr o h O	compound
এজেন্ট	e j e n T	loanword
বিপন্ন প্রজাতি	b i p o nn O | pr O j a t i	compound
শর্করা	sh o r k o r a	native
নর্দমা	n o r d O m a	native
গ্রহীতা	gr o h i t a	native
আবর্জনা	a b O r j O n a	native
জীবন বীমা	j i b O n | b i m a	compound
স্বাস্থ্য বীমা	sh a s th O | b i m a	compound
দলিল	d O l i l	loanword_nativized
উইল	u i l	loanword
মুক্তার নামা	m u kt a r | n a m a	compound
অছি	o chh i	native
অভিবাসন	o bh i b a sh O n	native
মোবাইল ব্যাংকিং	m O b a i l | b A ng k i ng	compound
পিন কোড	p i n | k O D	compound
পূর্বাভাস	p u r b a bh a sh	native
বায়ুচাপ	b a y u ch a p	native
তাপমাত্রা	t a p m a tr a	native
দমকা হাওয়া	d o m k a | h a O y a	compound
টেস্টটিউব	T e s T T i u b	loanword
বিকার	b i k a r	native
চুম্বক	ch u mb o k	native
ভিডিও গেম	bh i D i O | g e m	compound
জয়স্টিক	j o y s T i k	loanword
পুতুল	p u t u l	native
ঘুড়ি	gh u r i	native
লাটিম	l a T i m	native
মার্বেল	m a r b e l	loanword
প্রোটিন	pr O T i n	loanword
ভিটামিন	bh i T a m i n	native
আঁশ	a~ sh	native
ফুচকা	ph u ch k a	native
ঝালমুড়ি	jh a l m u r i	native
চাটনি	ch a T n i	loanword_nativized
গাইড	g a i D	loanword
হোটেল বুকিং	h O T e l | b u k i ng	compound
সচিবালয়	sh O ch i b a l o y	native
ইউনিয়ন পরিষদ	i u n i y o n | p O r i sh o d	compound
সেনাবাহিনী	sh e n a b a h i n i	native
নৌবাহিনী	n ou b a h i n i	native
বিমানবাহিনী	b i m a n b a h i n i	native
ত্রাণ	tr a n	tatsama
এনজিও	e n j i O	native
গ্রামীণ রাস্তা	gr a m i n | r a st a	compound
বস্তি	b O st i	native
আবাসিক এলাকা	a b a sh i k | e l a k a	compound
ট্রাফিক জ্যাম	T r a ph i k | j A m	compound
জরিমানার রশিদ	j O r i m a n a r | r O sh i d	compound
বিদ্যুৎ বিল	b i d d u t | b i l	compound
পানির বিল	p a n i r | b i l	compound
মিটার রিডিং	m i T a r | r i D i ng	compound
লোডশেডিং	l O D sh e D i ng	loanword
ওয়াশিং মেশিন	O y a sh i ng | m e sh i n	compound
সভাকক্ষ	sh o bh a k o kkh O	tatsama
বৃত্তি	b ri tt i	tatsama
স্নায়ুরোগ বিশেষজ্ঞ	sn a y u r O g | b i sh e sh o g g O	compound
শিশুরোগ বিশেষজ্ঞ	sh i sh u r O g | b i sh e sh o g g O	compound
রক্ত সঞ্চালন	r o kt O | sh o nch a l o n	compound
দাতা	d a t a	native
ময়লার গাড়ি	m o y l a r | g a r i	compound
ছাদ বাগান	chh a d | b a g a n	compound
মৌচাক	m ou ch a k	native
রেশম চাষ	r e sh o m | ch a sh	compound
বেকারি	b e k a r i	loanword
হিমাগার	h i m a g a r	native
আচার	a ch a r	native
পাইকারি বাজার	p a i k a r i | b a j a r	compound
খুচরা বিক্রেতা	kh u ch r a | b i kr e t a	compound
গুদাম	g u d a m	loanword_nativized
শুল্ক	sh u l k O	native
সবিশেষ	sh o b i sh e sh	tatsama
ধারাভাষ্যকারদের	dh a r a bh a sh sh O k a r d e r	tatsama
রশিদসহ	r O sh i d sh o h O	native
গলফে	g o l ph e	native
আশংকাজনক	a sh O ng k a j o n O k	native
তানজিব	t a n j i b	native
পরেরটা	p o r e r T a	native
স্বপ্নেও	sh o p n e O	tatsama
উদ্দেশ্যপ্রণোদিতভাবে	u d d e sh sh O pr O n O d i t O bh a b e	tatsama
রমজানের	r o m j a n e r	native
পরিচিতি	p O r i ch i t i	native
অপরাধবোধ	o p O r a dh b O dh	native
চিন্তাভাবনাও	ch i nt a bh a b n a O	native
ইহকালীন	i h O k a l i n	native
রেগুলেটরি	r e g u l e T o r i	native
জাঁতাকলে	j a t a k o l e	native
সেনাপ্রধান	sh e n a pr O dh a n	native
সঞ্চালনে	sh o nch a l o n e	tatsama
আস্তিক	a st i k	native
কতটা	k o t O T a	native
ব্যাপকভিত্তিক	b E p O k bh i tt i k	native
সুস্থভাবে	sh u sth O bh a b e	native
কারচুপি	k a r ch u p i	native
বলাকা	b o l a k a	native
রুশদি	r u sh d i	proper_noun
জলযানের	j o l O j a n e r	native
থলিতে	th O l i t e	native
হোমসের	h O m s e r	loanword
ফিটফাট	ph i T ph a T	native
অনতিবিলম্বে	o n O t i b i l o mb e	native
ফরিদগঞ্জে	ph O r i d g o nj e	proper_noun
আসাদুজ্জামান	a s a d u j j a m a n	loanword
প্রবাহে	pr O b a h e	native
মিলনমেলার	m i l O n m E l a r	native
কষ্টসাধ্য	k o shT O sh a d dh O	tatsama
সাংবাদিকের	sh a ng b a d i k e r	native
ড্রেসিংরুম	D r e s i ng r u m	loanword
অন্তরালে	o nt O r a l e	native
ডরিটোস	D o r i T O s	loanword
ক্লার্ককে	kl a r k k e	loanword
ছাত্রছাত্রী	chh a tr O chh a tr i	native
সুযোগের	sh u j O g e r	native
রাজকুমারকে	r a j k u m a r k e	native
মিয়া	m i y a	native
মহাপরিচালকের	m o h a p O r i ch a l O k e r	native
সুস্মিতার	sh u sh m i t a r	proper_noun
বছরপূর্তি	b o chh O r p u r t i	native
জাতকদের	j a t O k d e r	native
সুস্পষ্টভাবে	sh u s p o shT O bh a b e	loanword
শহরসহ	sh o h O r sh o h O	native
ডলির	D o l i r	proper_noun
সমাজকল্যাণ	sh o m a j k O l l a n	tatsama
রোমান্সের	r O m a n s e r	loanword
প্রতিটিকে	pr O t i T i k e	native
আর্টিস্ট	a r T i s T	loanword
মূসা	m u s a	loanword
প্যালেস	p A l e s	loanword
সংযোজন	s o ng j O j o n	loanword
পেরিস্কোপ	p e r i s k O p	loanword
মাশরুম	m a sh r u m	loanword
ধারণা	dh a r O n a	tatsama
কানকো	k a n k O	native
কথা	k o th a	native
ডিসকাউন্ট	D i s k a u n T	loanword
নবীজির	n O b i j i r	native
প্রতিরোধক্ষমতা	pr O t i r O dh kh o m O t a	tatsama
সলোমন	s o l O m o n	proper_noun
ফেস্টিভালের	ph e s T i bh a l e r	loanword
কালশীর	k a l sh i r	native
আচরণগুলো	a ch O r o n g u l O	tatsama
প্রধানমন্ত্রীকে	pr O dh a n m O n t r i k e	native
পরিজনদের	p O r i j o n d e r	native
ট্রাককে	T r a k k e	loanword
অনুভবে	O n u bh o b e	native
মাল্টিপ্লেক্স	m a l T i p l e k s	loanword
ফ্রিল্যান্সাররা	ph r i l A n s a r r a	loanword
বেসবল	b e s b o l	loanword
প্রশাসকেরা	pr O sh a sh o k e r a	native
কারবারির	k a r b a r i r	native
সচিবও	sh O ch i b O	native
ইসলামপন্থীরা	i s l a m p O n th i r a	loanword
মারধোর	m a r dh O r	native
ফনিক্স	ph O n i k s	loanword
ব্যবহারও	b E b O h a r O	native
যতখানি	j o t O kh a n i	native
প্রতিজনের	pr O t i j o n e r	native
মহাজ্ঞানী	m o h a g A n i	tatsama
গুটিসুটি	g u T i sh u T i	native
মামলাটি	m a m l a T i	native
মিনোক্সিডিল	m i n O k s i D i l	loanword
মহিম	m O h i m	native
মারকুটে	m a r k u T e	native
অসমর্থিত	o sh o m O r th i t O	native
পলেস্তারা	p o l e st a r a	native
উদ্ঘাটনের	u d gh a T O n e r	native
সন্ত্রাসবাদ	sh o n t r a sh b a d	native
ইনিংসে	i n i ng s e	loanword
বিস্ফারিত	b i sh ph a r i t O	native
এসপিএফ	e s p i e ph	loanword
নখের	n o kh e r	native
বাদশাহদের	b a d sh a h d e r	native
প্লান্টস	p l a n T s	loanword
বসলো	b O sh l O	native
তহবিলকে	t o h O b i l k e	native
খাদ্যনিরাপত্তা	kh a d d O n i r a p o tt a	native
আদমের	a d O m e r	native
স্কার্ভি	s k a r bh i	loanword
ইচ্ছামতো	i ch chh a m o t O	native
স্পেসিফিকেশন	s p e s i ph i k e sh O n	loanword
সহজলভ্যতা	sh o h O j l o b bh O t a	native
কেন্দ্রগুলো	k e ndr O g u l O	native
মানিকতলা	m a n i k t o l a	native
তথ্যটি	t O t th O T i	native
নার্সারী	n a r s a r i	native
ইলাস্ট্রেশনের	i l a s T r e sh o n e r	loanword
ধর্মহীন	dh o r m O h i n	native
আমলযোগ্য	a m O l j O g g O	native
পরষ্পরের	p o r O sh p o r e r	tatsama
পরিপাকতন্ত্র	p O r i p a k t o n t r O	native
শেষমেশ	sh e sh m e sh	tatsama
এমপিওভুক্তি	e m p i O bh u kt i	native
পরিবারটির	p O r i b a r T i r	native
চকিতে	ch O k i t e	native
উপনিবেশের	u p O n i b e sh e r	native
পরিমিত	p O r i m i t O	native
চন্দ্রমুখী	ch O ndr O m u kh i	native
বটতলা	b o T t o l a	native
লাখটাকা	l a kh T a k a	native
পোটলা	p O T l a	native
হ্যালুসিনেশন	h A l u s i n e sh o n	loanword
দরিদ্রতম	d O r i d r O t o m O	native
মারহাবা	m a r h a b a	loanword
সুসংহত	sh u sh o ng h o t O	native
ঝলকানিতে	jh o l k a n i t e	native
বালকদের	b a l O k d e r	native
অপঘাতে	o p O gh a t e	native
কেবলি	k e b O l i	native
ভবনে	bh o b O n e	native
ফটকের	ph o T O k e r	native
বিশ্বাসযোগ্যতার	b i sh sh a sh j O g g O t a r	tatsama
পলিসি	p o l i s i	loanword
কনটেন্টে	k o n T e n T e	native
অন্ধ্রপ্রদেশ	o n dh r O pr O d e sh	tatsama
পরিস্কার	p O r i sh k a r	native
কমিটির	k o m i T i r	loanword
শ্যামনগরের	sh A m n o g O r e r	proper_noun
বোধবুদ্ধি	b O dh b u d dh i	tatsama
যেখানকার	j e kh a n k a r	native
মাংসের	m a ng sh e r	native
প্রাচ্যধারার	pr a ch ch O dh a r a r	native
আইনজীবি	a i n j i b i	native
সাংসারিক	sh a ng sh a r i k	native
কমিশনারদের	k o m i sh o n a r d e r	loanword
অবহেলাজনিত	o b O h e l a j O n i t O	native
স্থবিরতা	sth O b i r o t a	native
স্টালিনের	s T a l i n e r	proper_noun
বহির্মুখী	b O h i r m u kh i	native
আরাধনা	a r a dh O n a	native
মৃদুস্বরে	m ri d u sh o r e	tatsama
সুরঞ্জন	sh u r o nj o n	tatsama
মতভেদ	m o t O bh e d	native
বাসিন্দা	b a sh i nd a	native
নিঃস্বার্থভাবে	n i sh sh a r th O bh a b e	tatsama
ফোরলান	ph O r l a n	native
বিএসজেএ	b i e s j e e	loanword
জালনোট	j a l n O T	native
মহম্মদপুর	m o h O mm O d p u r	proper_noun
নীতিনির্ধারকেরা	n i t i n i r dh a r O k e r a	native
মিশেলকে	m i sh e l k e	proper_noun
শাস্তিযোগ্য	sh a st i j O g g O	native
সুযোগটা	sh u j O g T a	native
সনাৎ	s o n a t	loanword
সন্ত্রাসে	sh o n t r a sh e	native
তৎসম	t o t sh o m O	native
মেহেদীর	m e h e d i r	native
ফেরে	ph e r e	native
টেক	T e k	loanword
রাজীন	r a j i n	native
চানাচুর	ch a n a ch u r	native
এলেন	e l e n	native
তিমুর	t i m u r	native
অতিরঞ্জিত	O t i r O nj i t O	tatsama
অনবরত	o n O b o r O t O	native
ভগ্নাংশের	bh o g n a ng sh e r	native
পালাজো	p a l a j O	loanword
নানী	n a n i	native
রক্তও	r o kt O O	native
ঘট	gh o T	native
ফাহিমের	ph a h i m e r	proper_noun
মালঞ্চ	m a l O nch O	tatsama
উঠুন	u Th u n	native
নাচুনে	n a ch u n e	native
বিশেষের	b i sh e sh e r	tatsama
কাশবন	k a sh b O n	native
মোডে	m O D e	native
ভাষাগুলোর	bh a sh a g u l O r	tatsama
বাঁ	b a	native
বাজ	b a j	native
অপূর্ণ	o p u r n O	tatsama
বিওএ	b i O e	loanword
বগল	b o g O l	native
রহমতগঞ্জ	r o h O m o t g o nj	proper_noun
শাদি	sh a d i	native
ধক	dh o k	native
ফিরোজা	ph i r O j a	proper_noun
উত্তোলিত	u tt O l i t O	native
বান্দার	b a nd a r	native
বিষের	b i sh e r	tatsama
শিফট	sh i ph T	loanword
অধ্যুষিত	O d dh u sh i t O	tatsama
মর্জিনার	m O r j i n a r	proper_noun
টিকিটই	T i k i T i	loanword
উত্পত্তি	u t p O tt i	native
কাজীপুর	k a j i p u r	proper_noun
আপা	a p a	native
খেলত	kh e l t O	native
তোষণ	t O sh O n	tatsama
কারুশিল্পের	k a r u sh i l p e r	native
ম্যান্ডেলাকে	m A n D e l a k e	proper_noun
ওঠাটা	O Th a T a	native
লালে	l a l e	native
নামকরন	n a m k o r O n	native
ইং	i ng	loanword
বৃশ্চিক	b ri sh ch i k	tatsama
লেলিহান	l e l i h a n	native
আশির	a sh i r	native
বিহারিরা	b i h a r i r a	native
বাধ্য	b a d dh O	native
ঘেরের	gh e r e r	native
রেফার	r e ph a r	loanword
ডিজিটে	D i j i T e	loanword
লিগের	l i g e r	loanword
বাহামা	b a h a m a	native
যুগের	j u g e r	native
পাচ্ছিলেন	p a ch chh i l e n	native
নোবেল	n O b e l	native
মাখামাখা	m a kh a m a kh a	native
গোবিন্দগঞ্জের	g O b i nd O g o nj e r	proper_noun
খোলেন	kh O l e n	native
চালানোর	ch a l a n O r	native
লাইনও	l a i n O	loanword
আদিত্য	a d i t t O	native
অনাহারে	o n a h a r e	native
মিং	m i ng	loanword
জিন্দাল	j i nd a l	native
মাপা	m a p a	native
ভিক্ষুরা	bh i kkh u r a	tatsama
মোছাম্মৎ	m O s a mm o t	proper_noun
বাহ্য	b a j j O	native
আজাদও	a j a d O	proper_noun
ব্যারাকের	b A r a k e r	loanword
রোমার	r O m a r	proper_noun
কান্ত	k a nt O	native
ভার্জিন	bh a r j i n	loanword
রুপোলি	r u p O l i	native
দূর্যোগ	d u r j O g	native
লেখাটি	l E kh a T i	native
দ্রব্যাদি	d r O b b a d i	native
গ্রহণও	gr O h O n O	tatsama
শ্রেণিগত	sh r e n i g o t O	tatsama
শিক্ষাদানের	sh i kkh a d a n e r	tatsama
মূলতঃ	m u l O t O	tatsama
কোলার	k O l a r	native
নেহাৎ	n e h a t	native
আঠা	a Th a	native
খামির	kh a m i r	native
ঘোলা	gh O l a	native
রাজুর	r a j u r	native
টিপের	T i p e r	native
মালামাল	m a l a m a l	native
আর্জি	a r j i	native
ভাবছ	bh a b chh O	native
এজিং	e j i ng	loanword
কৃষিজীবী	k ri sh i j i b i	tatsama
কোলাহল	k O l a h o l	native
জিতেগা	j i t e g a	loanword
হাটা	h a T a	native
মিল	m i l	native
ইলেকট্রিক্যাল	i l e k T r i k A l	loanword
তুলুন	t u l u n	native
গুরুত্বর	g u r u tt O r	tatsama
বেটার	b e T a r	loanword
শেপে	sh e p e	loanword
ফুটেজ	ph u T e j	loanword
বিং	b i ng	loanword
লেডি	l e D i	loanword
লিও	l i O	loanword
দুর্ভিক্ষের	d u r bh i kkh e r	tatsama
বন্দীদের	b O nd i d e r	native
খেলারই	kh e l a r i	native
কেবলই	k e b O l i	native
ক্ষুধা	kh u dh a	tatsama
নুতন	n u t o n	native
মাচেরানোর	m a ch e r a n O r	native
ফেবারিটের	ph e b a r i T e r	loanword
বারান্দার	b a r a nd a r	native
গণতন্ত্রপন্থী	g o n O t o n t r O p O n th i	tatsama
কর্মকর্তা	k o r m O k o r t a	native
ক্যান্ডি	k A n D i	loanword
নবীনগরের	n O b i n o g O r e r	native
অস্থির	o sth i r	native
জিপিএস	j i p i e s	loanword
আটটির	a T T i r	native
হোস্টেল	h O s T e l	loanword
মিশ্রণে	m i s r o n e	tatsama
বস্ত্রহরণ	b o s t r O h o r O n	tatsama
সপ্তমবারের	sh o p t O m b a r e r	native
আবদুল্লাহপুর	a b d u l l a h p u r	proper_noun
উদ্দীপনামূলক	u d d i p o n a m u l O k	native
সিইটিপি	s i i T i p i	loanword
কাস্টমারের	k a s T O m a r e r	loanword
সিনো	s i n O	loanword
সতেরশো	sh O t e r O sh O	native
তাজিকিস্তানকে	t a j i k i st a n k e	native
বাবলির	b a b l i r	native
ডাস্টবিনের	D a s T b i n e r	loanword
পরিনীতি	p O r i n i t i	native
সহকর্মীদের	sh o h O k O r m i d e r	native
নাতনিদের	n a t n i d e r	native
ব্রিটনির	br i T n i r	native
গবেষণালব্ধ	g o b e sh o n a l o b dh O	tatsama
আলোকপাত	a l O k p a t	native
যুদ্ধটা	j u d dh O T a	tatsama
কলাবাগান	k o l a b a g a n	native
সিরোসিসে	s i r O s i s e	loanword
নীরবতা	n i r o b o t a	native
স্লোগানও	s l O g a n O	native
পাথরে	p a th O r e	native
রাজধানী	r a j dh a n i	native
বকশীবাজারে	b O k sh i b a j a r e	proper_noun
স্টপেজ	s T o p e j	loanword
নতুবা	n O t u b a	native
স্টোরি	s T O r i	loanword
ফিকশনের	ph i k sh O n e r	native
গোলপোস্টে	g O l p O s T e	loanword
মিলতে	m i l t e	native
সাবিত	s a b i t	loanword
কঠোরতার	k o Th O r o t a r	native
রেঞ্জারস	r e nj a r s	loanword
মিনিস্টার	m i n i s T a r	loanword
ডাকতেন	D a k t e n	native
পলিমারের	p o l i m a r e r	native
প্রতীতি	pr O t i t i	native
ধাপগুলোতে	dh a p g u l O t e	native
গণআন্দোলনের	g o n O a nd O l O n e r	tatsama
ধর্মান্ধতা	dh o r m a ndh O t a	tatsama
জনবহুল	j o n O b O h u l	native
প্রধানমন্ত্রী	pr O dh a n m O n t r i	native
ভদ্রমহিলা	bh o d r O m O h i l a	native
রাস্তাটির	r a st a T i r	native
মনস্থির	m O n O sth i r	native
উন্নতজাতের	u nn O t O j a t e r	native
ফ্রেস	ph r e sh	loanword
পশুপাখিদের	p O sh u p a kh i d e r	native
কলির	k O l i r	native
রিকশাভ্যান	r i k sh a bh A n	native
অলংকারের	o l O ng k a r e r	native
সেবনে	sh e b O n e	native
কবিতাটিতে	k O b i t a T i t e	native
কলমটা	k o l O m T a	native
যুক্তরাষ্ট্রকে	j u kt O r a sh T r O k e	tatsama
মিরপুরে	m i r p u r e	native
মানবপাচারকারীরা	m a n O b p a ch a r k a r i r a	native
সংস্কৃতিকর্মীরা	sh o ng s k ri t i k O r m i r a	loanword
মিনহাজুল	m i n h a j u l	proper_noun
পারফরমার	p a r ph o r m a r	loanword
হ্রাসের	r a sh e r	native
নজিরবিহীন	n O j i r b i h i n	native
ফলাফলের	ph o l a ph o l e r	native
মূলনীতির	m u l n i t i r	native
অসম্মান	o sh o mm a n	native
সংলাপও	sh o ng l a p O	native
সম্ভাবনার	sh o m bh a b o n a r	native
বিচারকে	b i ch a r O k e	native
পার্কটি	p a r k T i	native
সার্কেলে	s a r k e l e	loanword
সীমান্তচুক্তি	sh i m a nt O ch u kt i	native
লিমনকে	l i m O n k e	proper_noun
গগনের	g o g O n e r	native
বজলুল	b O j l u l	proper_noun
এবিসিডি	e b i s i D i	loanword
ডালাস	D a l a s	proper_noun
কাঁদতে	k a d t e	native
দিকগুলো	d i k g u l O	native
পার্ককে	p a r k k e	native
স্কেলিং	s k e l i ng	loanword
মানভেদে	m a n bh e d e	native
খবরেও	kh o b O r e O	native
খোসা	kh O sh a	native
অপতৎপরতার	o p O t o t p o r O t a r	native
গেটআপে	g e T a p e	native
রিকশাচিত্র	r i k sh a ch i tr O	native
আহম্মেদকে	a h O mm e d k e	proper_noun
ফরিদের	ph O r i d e r	proper_noun
তাণ্ডবে	t a n D o b e	tatsama
চাঁদগুলো	ch a d g u l O	native
হাসনাহেনা	h a s n a h e n a	loanword
রবার্ট	r o b a r T	native
ঘটনাকে	gh o T O n a k e	native
রিসিপশনের	r i s i p sh o n e r	loanword
পরগণার	p o r g o n a r	tatsama
ইস্কুলে	i s k u l e	loanword_nativized
সপ্তমী	sh o p t O m i	native
কারাফটকে	k a r a ph o T O k e	native
অর্থসংগতি	o r th O sh o ng g O t i	native
মারমুখী	m a r m u kh i	native
ছাত্রশিবির	chh a tr O sh i b i r	native
তাহসিন	t a h s i n	proper_noun
নিষ্কাশনের	n i sh k a sh o n e r	tatsama
সেটও	s e T O	loanword
যন্ত্রপাতিও	j o n t r O p a t i O	native
কার্ডসহ	k a r D sh o h O	native
লুটছে	l u T chh e	native
মজিরন	m O j i r o n	proper_noun
কনফারেন্সের	k o n ph a r e n s e r	loanword
হঠকারিতা	h o Th O k a r i t a	native
জ্বলবে	j O l b e	native
মিষ্টতা	m i sh T O t a	tatsama
লঘু	l O gh u	native
আইনজীবীর	a i n j i b i r	native
পিসে	p i sh e	loanword
অভিবাসনপ্রত্যাশীদের	O bh i b a sh O n pr O t t a sh i d e r	native
সমশের	sh o m sh e r	proper_noun
সাহিত্যের	sh a h i t t e r	native
ম্যানেজারদের	m A n e j a r d e r	native
জুতাসহ	j u t a sh o h O	native
কোলেস্টেরল	k O l e s T e r o l	loanword
সুনামের	sh u n a m e r	loanword
জমাবেন	j o m a b e n	native
রজনীতে	r o j O n i t e	native
সারসংক্ষেপ	sh a r sh o ng kh e p	tatsama
সমূলে	sh o m u l e	native
শ্বাসকষ্টের	sh a sh k o shT e r	tatsama
বাঁশখালীর	b a sh kh a l i r	proper_noun
ইসকো	i s k O	loanword
ট্যাক্সে	T A k s e	loanword
বিপন্নতা	b i p o nn O t a	native
করাতে	k o r a t e	native
চোরাকারবারি	ch O r a k a r b a r i	native
প্লাটফরমে	p l a T ph o r m e	loanword
পেপটিক	p e p T i k	loanword
ততোটা	t o t O T a	native
লবণযুক্ত	l o b O n j u kt O	tatsama
শতবার্ষিকী	sh o t O b a r sh i k i	tatsama
যুক্তরাষ্ট্রেরও	j u kt O r a sh T r e r O	tatsama
পরিস্থিতিকে	p O r i sth i t i k e	native
মরদেহে	m o r O d e h e	native
মজনু	m O j n u	native
এইচডিপি	e i ch D i p i	loanword
বকশিবাজার	b O k sh i b a j a r	proper_noun
সাদী	s a d i	loanword
চিকিত্সাধীন	ch i k i t s a dh i n	loanword
ডিগবাজি	D i g b a j i	native
স্থিরচিত্র	sth i r ch i tr O	native
দুএকটি	d u e k T i	native
প্যাকগুলো	p A k g u l O	native
গুরুদুয়ারা	g u r u d u a r a	native
মনুষ্যসৃষ্ট	m O n u sh sh O s ri shT O	tatsama
পারিবারিকভাবে	p a r i b a r i k bh a b e	native
খলিলুল্লাহ	kh O l i l u l l a h	proper_noun
অস্থিরতাকে	o sth i r o t a k e	native
সেটটি	s e T T i	loanword
বিবিরহাট	b i b i r h a T	proper_noun
সংহতি	sh o ng h O t i	native
রংগুলো	r o ng g u l O	native
দখলকৃত	d o kh O l k ri t O	tatsama
পুরস্কারপ্রাপ্ত	p u r O sh k a r pr a p t O	native
বহরে	b o h O r e	native
বিবৃত	b i b ri t O	tatsama
পাতাটির	p a t a T i r	native
কার্ডিফের	k a r D i ph e r	proper_noun
পুরাকীর্তি	p u r a k i r t i	native
দর্প	d o r p O	native
রিক্রুটিং	r i kr u T i ng	loanword
ডিকে	D i k e	native
রাকাতের	r a k a t e r	loanword
শারাপোভার	sh a r a p O bh a r	proper_noun
চুক্তিকে	ch u kt i k e	native
গাছিরা	g a chh i r a	native
রাখল	r a kh l O	native
নেপালিরা	n e p a l i r a	native
রিও	r i O	loanword
মাখেন	m a kh e n	native
থাকাকালীনই	th a k a k a l i n i	native
নূতন	n u t o n	native
চল্লিশের	ch O l l i sh e r	native
নিষ্ক্রিয়	n i sh k r i O	tatsama
পুলিশকর্মী	p u l i sh k O r m i	native
বাংকার	b a ng k a r	loanword
মার্শ	m a r sh	loanword
নেপথ্য	n e p O t th O	native
ঢোকাতে	Dh O k a t e	native
চার্টের	ch a r T e r	native
নিরুত্তাপ	n i r u tt a p	native
দিঘীর	d i gh i r	native
মূত্রের	m u tr e r	native
গ্যাবার্ডিনের	g A b a r D i n e r	loanword
আর্টারি	a r T a r i	loanword
জানেনা	j a n e n a	native
শোনেনি	sh O n e n i	native
রুমে	r u m e	native
হারেন	h a r e n	native
এঁটেল	e T e l	native
শামিম	sh a m i m	native
নম্বরপ্লেট	n o mb O r p l e T	loanword_nativized
শুভাশুভ	sh u bh a sh u bh O	native
হিজল	h i j O l	native
তামিম	t a m i m	native
ডুবেছিল	D u b e chh i l O	native
চাষিকে	ch a sh i k e	tatsama
বিদ্যুতের	b i d d u t e r	native
মুবারক	m u b a r o k	native
ভবনই	bh o b O n i	native
আপনজন	a p O n j O n	native
মোনাজাত	m O n a j a t	native
গাদ্দাফির	g a d d a ph i r	native
শেঠী	sh e Th i	native
কাতার	k a t a r	loanword
এজে	e j e	loanword
ওটা	O T a	native
নীলাচল	n i l a ch o l	native
বিঁধে	b i dh e	native
অমিলও	o m i l O	native
দেহরক্ষীর	d e h O r O kkh i r	tatsama
পোর্তো	p O r t O	native
ছালামের	s a l a m e r	native
উম্মার	u mm a r	loanword
পেনাল্টিতে	p e n a l T i t e	loanword
এমই	e m i	loanword
ক্লিনার	kl i n a r	loanword
বর্বর	b o r b o r	native
অনুভূতিকে	O n u bh u t i k e	native
ছাগু	chh a g u	native
এপিক	e p i k	loanword
ডেলের	D e l e r	loanword
খেলাপাগল	kh E l a p a g O l	native
নাথুরাম	n a th u r a m	native
উল্কি	u l k i	native
চিত্রপট	ch i tr O p o T	native
রাজেউন	r a j e u n	native
কার্ল	k a r l	native
ডাঙ্গা	D a ngg a	native
আচ্ছাদন	a ch chh a d O n	native
গঞ্জ	g o nj	tatsama
বুঝে	b u jh e	native
কৃশ	k ri sh O	tatsama
অতিবাহিত	o t i b a h i t O	native
আমারও	a m a r O	native
জেগেছিল	j e g e chh i l O	native
তাঁরই	t a r i	native
লুটেরা	l u T e r a	native
জিলানি	j i l a n i	native
ঘরবন্দি	gh o r b O nd i	native
শোনাতেন	sh O n a t e n	native
গ্রান্ড	gr a n D	loanword
দ্বিগুণের	d i g u n e r	tatsama
কোম্পানিও	k O mp a n i O	loanword
কেন্দ্রীভূত	k e ndr i bh u t O	native
মেরুন	m e r u n	native
পাঠচক্র	p a Th ch o kr O	native
ফর্মাল	ph o r m a l	native
হাঁফ	h a ph	loanword
পালাতে	p a l a t e	native
শিক্ষানুরাগী	sh i kkh a n u r a g i	tatsama
শোভিত	sh O bh i t O	native
মেনেছেন	m e n e chh e n	native
খোলা	kh O l a	native
দারুন	d a r u n	native
নৃতাত্ত্বিক	n ri t a t t i k	tatsama
প্রশ্নপত্রের	pr O sh n O p o tr e r	native
পুষ্টির	p u shT i r	tatsama
ট্যাংক	T A ng k	loanword
মালদ্বীপে	m a l d i p e	native
আল্লাহপ্রদত্ত	a l l a h pr O d o tt O	native
পত্নীর	p O t n i r	native
বন্দীত্ব	b O nd i tt O	tatsama
আল্লাহরই	a l l a h r i	proper_noun
প্রদর্শীত	pr O d O r sh i t O	native
নাঈমের	n a i m e r	native
ফাঁদে	ph a~ d e	native
রোমশ	r O m O sh	native
ধর্তব্যের	dh o r t o b b e r	native
ড্রাগ	D r a g	loanword
তাবুক	t a b u k	native
মুকুটের	m u k u T e r	native
আপে	a p e	native
বক্কর	b o k k O r	native
পাঁচালি	p a ch a l i	native
গোপীবাগ	g O p i b a g	proper_noun
ভাবাদর্শ	bh a b a d o r sh O	native
মুড	m u D	loanword
ক্লোরোফিল	kl O r O ph i l	loanword
বেশ্যা	b e sh sh a	native
অনুমান	O n u m a n	native
আলিকে	a l i k e	native
উঠেই	u Th e i	native
নেকাব্বর	n e k a b b o r	native
খেতাব	kh e t a b	native
মাছটি	m a chh T i	native
মিসকিনদের	m i s k i n d e r	loanword
আলোচনাকে	a l O ch O n a k e	native
অর্থসম্পদ	o r th O sh o mp o d	native
প্রভাবই	pr O bh a b i	native
খ্রিস্টধর্মের	kh r i sh T O dh o r m e r	native
রহিত	r O h i t O	native
বিস্তৃত	b i st r i t O	tatsama
জীবনাচারের	j i b O n a ch a r e r	native
স্যারকে	s a r k e	loanword
তিস্তাচুক্তি	t i st a ch u kt i	native
বধূর	b O dh u r	native
আনসারুল্লাহ	a n s a r u l l a h	loanword
কপিরাইটের	k o p i r a i T e r	native
মাধ্যমটির	m a d dh O m T i r	native
বিশ্বকোষ	b i sh sh O k O sh	tatsama
যুবকটির	j u b o k T i r	native
বিক্ষোভকারী	b i kkh O bh k a r i	tatsama
কুমারখালি	k u m a r kh a l i	native
কর্মসূচির	k o r m O sh u ch i r	native
হানবে	h a n b e	native
ভ্যানচালকের	bh A n ch a l O k e r	native
জানবেন	j a n b e n	native
অপরাপর	o p O r a p o r	native
দশদিন	d o sh d i n	native
বাতাসে	b a t a sh e	native
শাসনব্যবস্থা	sh a sh O n b A b O sth a	native
কোয়ার্টার	k O a r T a r	native
আভাসও	a bh a sh O	native
সূত্রাপুরের	sh u tr a p u r e r	native
তোরণের	t O r O n e r	tatsama
হারুনকে	h a r u n k e	native
হাড্ডিসার	h a D D i sh a r	native
স্মর্তব্য	s h o r t O b b O	loanword
স্বাস্থ্যকর্মীরা	sh a s th O k O r m i r a	tatsama
বাকবিতণ্ডা	b a k b i t o n D a	tatsama
খরুচে	kh O r u ch e	native
উদ্ভাবনে	u d bh a b O n e	native
সরবরাহসহ	sh o r b o r a h O sh o h O	native
ম্যানহাটন	m A n h a T O n	native
প্রতিযোগিতাকে	pr O t i j O g i t a k e	native
বরানগর	b O r a n o g O r	proper_noun
দুর্দান্তভাবে	d u r d a nt O bh a b e	native
ইবনুল	i b n u l	native
বিসর্গ	b i sh o r g O	native
সুযোগটি	sh u j O g T i	native
এথেন্স	e th e n s	loanword
বামপাশে	b a m p a sh e	native
ফুটবলাররা	ph u T b o l a r r a	native
শিলিগুড়ি	sh i l i g u r i	native
হেফাজতকে	h e ph a j O t k e	native
প্লটের	p l o T e r	native
রেশনিং	r e sh O n i ng	loanword
মারধরে	m a r dh o r e	native
জমানো	j o m a n O	native
সেনবাগ	sh e n b a g	native
পটচিত্র	p o T ch i tr O	native
নদীতীরে	n O d i t i r e	native
বধের	b o dh e r	native
থামলেন	th a m l e n	native
স্টিক	s T i k	loanword
ধলা	dh o l a	native
সংস্কারও	sh o ng s k a r O	loanword
শালদুধ	sh a l d u dh	native
নিরুৎসাহী	n i r u t sh a h i	native
জনমানবহীন	j o n O m a n O b h i n	native
স্পিকারও	s p i k a r O	loanword
গর্ভবতীদের	g o r bh O b O t i d e r	native
স্পর্শকাতরতা	s p o r sh O k a t O r o t a	loanword
পদস্থ	p o d O sth O	native
কিবলা	k i b l a	native
তথ্যপ্রযুক্তির	t O t th O pr O j u kt i r	native
অষ্টশীল	o shT O sh i l	tatsama
নড়াচড়ার	n o r a ch o r a r	native
শোরগোল	sh O r g O l	native
পারিবাস	p a r i b a sh	native
বিশ্বনেতা	b i sh sh O n e t a	tatsama
মাসাকাদজা	m a s a k a d j a	loanword
কবীরের	k O b i r e r	native
বিধবার	b i dh O b a r	native
আরেকটিতে	a r e k T i t e	native
হরমোন	h o r m O n	native
সংরক্ষক	sh o ng r o kkh O k	tatsama
বলতেন	b O l t e n	native
জোনস	j O n s	loanword
স্কুলসহ	s k u l sh o h O	loanword
হাঁসের	h a~ sh e r	native
কথাগুলি	k o th a g u l i	native
প্রতিবেশিদের	pr O t i b e sh i d e r	native
পরলোক	p o r O l O k	native
হাদীসের	h a d i s e r	loanword
রহমানকেও	r o h O m a n k e O	proper_noun
আসনই	a sh O n i	native
অর্ধবার্ষিক	o r dh O b a r sh i k	tatsama
বিশ্বনাথ	b i sh sh O n a th	tatsama
আসলো	a sh l O	native
দিনটিকে	d i n T i k e	native
ইমরাউল	i m r a u l	proper_noun
বদলা	b o d l a	native
জন্মবার্ষিকী	j o n m O b a r sh i k i	tatsama
সুজানাকে	s u j a n a k e	loanword
প্রেমিকযুগলের	pr e m i k j u g O l e r	native
নবযুগ	n o b O j u g	native
ইন্টারনেটেও	i n T a r n e T e O	loanword
গৃহস্থালীর	g ri h O sth a l i r	tatsama
গণপতি	g o n O p O t i	tatsama
সেতুটির	sh e t u T i r	native
বটমূলের	b o T O m u l e r	native
প্রদানও	pr O d a n O	native
স্কিম	s k i m	loanword
মূল্যবৃদ্ধির	m u l l O b ri d dh i r	tatsama
মংলার	m o ng l a r	native
হন্ডুরাস	h O n D u r a s	proper_noun
সার্চের	s a r ch e r	loanword
আলমগীর	a l O m g i r	proper_noun
সিফাতি	s i ph a t i	proper_noun
রক্তচাপসহ	r o kt O ch a p sh o h O	native
কথাগুলোকে	k o th a g u l O k e	native
জনির	j o n i r	proper_noun
দুর্বলতাকে	d u r b o l O t a k e	native
ডিসেম্বরে	D i s e mb o r e	loanword
হস্তক্ষেপের	h o sh t O kkh e p e r	tatsama
এমপিথ্রি	e m p i th r i	loanword
বহুমূল্য	b O h u m u l l O	native
যানবাহনগুলোকে	j a n b a h O n g u l O k e	native
সাদ্দামকে	s a d d a m k e	proper_noun
বতসোয়ানার	b o t s O a n a r	proper_noun
মেহজাবিনের	m e h j a b i n e r	native
জনাথন	j o n a th o n	proper_noun
সারতে	sh a r t e	native
দেনমোহরের	d e n m O h O r e r	native
বসাবে	b o sh a b e	native
মিনারটি	m i n a r T i	native
আখড়া	a kh r a	native
কষাকষি	k o sh a k O sh i	tatsama
ম্যাসাজ	m A s a j	loanword
স্মৃতিতে	s r i t i t e	native
লবণচরা	l o b O n ch o r a	tatsama
সিগন্যালের	s i g n a l e r	loanword
হামযা	h a m j a	native
সুপারহিরোর	s u p a r h i r O r	loanword
রেশমি	r e sh m i	native
রূপান্তরিত	r u p a nt O r i t O	native
নিরাপত্তাসহ	n i r a p o tt a sh o h O	native
ছাত্রনেতারা	chh a tr O n e t a r a	native
পরাকাষ্ঠা	p o r a k a shTh a	tatsama
দৃশ্যগুলোতে	d ri sh sh O g u l O t e	tatsama
কক্স	k o k s	loanword
পরিচালকদের	p O r i ch a l O k d e r	native
নিধনে	n i dh o n e	native
ক্যাপটেন	k A p T e n	loanword
বাণিজ্যসচিব	b a n i j j O sh O ch i b	tatsama
সমুদ্রসীমা	sh O m u d r O sh i m a	native
একশো	E k sh O	native
চকে	ch o k e	native
মুক্তিযুদ্ধকালের	m u kt i j u d dh O k a l e r	tatsama
ক্লাবগুলো	kl a b g u l O	loanword
ছোটবোন	chh O T O b O n	native
শরিফকে	sh O r i ph k e	proper_noun
উত্তমকুমার	u tt O m k u m a r	proper_noun
লঞ্চগুলো	l o nch g u l O	tatsama
আটজনকে	a T j o n k e	native
মনিরের	m O n i r e r	native
নবান্ন	n o b a nn O	native
চেতনাবিরোধী	ch e t O n a b i r O dh i	native
চোখমুখ	ch O kh m u kh	native
স্পেল	s p e l	loanword
যোগাযোগসহ	j O g a j O g sh o h O	native
স্ট্রেঞ্জার	s T r e nj a r	loanword
রোকসানা	r O k s a n a	proper_noun
সংগঠনগুলোর	sh o ng g o Th O n g u l O r	native
আপকে	a p k e	native
একনামে	E k n a m e	native
আর্টস	a r T s	loanword
সারাদিন	s a r a d i n	loanword
মজুমদারও	m O j u m d a r O	proper_noun
খেলাচ্ছে	kh E l a ch chh e	native
মুদির	m u d i r	native
রেখাটি	r e kh a T i	native
বেল্টে	b e l T e	loanword
গজব	g o j O b	native
উল্টে	u l T e	native
ছাপার	chh a p a r	native
শাহান	sh a h a n	proper_noun
থেকে	th e k e	native
ওদেরও	O d e r O	native
ডিওডোরেন্ট	D i O D O r e n T	loanword
হজম	h o j O m	native
অনবদ্য	o n O b o d d O	native
জালাল	j a l a l	native
হার্ডিঞ্জ	h a r D i nj	proper_noun
কোম্পানী	k O mp a n i	loanword
জামাতের	j a m a t e r	native
রানারআপ	r a n a r a p	native
আদিকাল	a d i k a l	native
নাজিব	n a j i b	native
মাতৃমৃত্যুর	m a t ri m ri t t u r	tatsama
জিহাদ	j i h a d	loanword
লেখ্য	l e k kh O	native
ডিনারে	D i n a r e	native
ক্রিকেটপ্রেমীদের	kr i k e T pr e m i d e r	native
অক্টাকোর	o k T a k O r	loanword
শক্তিমান	sh O kt i m a n	native
লেখে	l e kh e	native
নগণ্য	n o g O n n O	tatsama
শাহাদত	sh a h a d o t	loanword
ঝোপে	jh O p e	native
চাপাতে	ch a p a t e	native
ইতিবাচক	i t i b a ch O k	native
আতাউর	a t a u r	proper_noun
ক্রুজের	kr u j e r	loanword
কন্ট্রাক্ট	k o n T r a k T	loanword
ফ্যাটে	ph A T e	loanword
রাখিবার	r a kh i b a r	native
দারোগার	d a r O g a r	native
দ্বাদশ	d a d o sh	native
কর্ম	k o r m O	native
তামাক	t a m a k	native
মন্দিরে	m O nd i r e	native
আমিনী	a m i n i	native
কুলার	k u l a r	native
জিতেছিলাম	j i t e chh i l a m	native
চেনার	ch e n a r	native
জেরা	j e r a	native
আহারের	a h a r e r	native
শীতলতম	sh i t O l t o m O	native
প্রকল্পের	pr O k o l p e r	native
চিহ্নিত	ch i n h i t O	native
তাঁদের	t a d e r	native
হৃদ্রোগ	ri d r O g	tatsama
যুদ্ধের	j u d dh e r	tatsama
বোমাটি	b O m a T i	native
বশ	b o sh	native
মুকাররম	m u k a r r o m	native
মারের	m a r e r	native
ফিদে	ph i d e	native
কেন্দ্রিক	k e ndr i k	native
প্রাজ্ঞ	pr a g g O	tatsama
রেটে	r e T e	loanword
মাঝিরা	m a jh i r a	native
কিন	k i n	native
জেহাদি	j e h a d i	loanword
আলীও	a l i O	proper_noun
কিঅঁ	k i o	native
মাতামুহুরী	m a t a m u h u r i	proper_noun
আরো	a r O	native
ঝুলন্ত	jh u l o nt O	native
দার	d a r	native
তাঁতিদের	t a t i d e r	native
অযত্নে	o j o t n e	native
ফ্রেদ	ph r e d	proper_noun
দুলা	d u l a	native
শণ	sh o n	tatsama
ডোনাট	D O n a T	loanword
মাধ্যম	m a d dh O m	native
রীতির	r i t i r	native
মাহিগঞ্জ	m a h i g o nj	proper_noun
লাউড	l a u D	loanword
জর	j o r	native
পাতিলের	p a t i l e r	native
মথ	m o th	native
পাজল	p a j o l	loanword
ব্র্যান	b r A n	loanword
ক্ষুর	kh u r	tatsama
আমিও	a m i O	native
হাজারেরও	h a j a r e r O	native
কোলে	k O l e	native
কাটার	k a T a r	native
অতিরিক্তি	O t i r i kt i	native
ঘূর্ণির	gh u r n i r	tatsama
ছাঁচ	chh a ch	native
দানে	d a n e	native
বুটের	b u T e r	loanword
বারেকের	b a r e k e r	native
হাতব্যাগে	h a t b A g e	loanword
ইনক	i n k	native
পেং	p e ng	loanword
ফিল্ডার	ph i l D a r	loanword
লুবিৎজ	l u b i t j	native
জ্ঞানে	g A n e	tatsama
খালাম্মা	kh a l a mm a	native
যাদুঘর	j a d u gh o r	native
বানাবে	b a n a b e	native
পাচারে	p a ch a r e	native
জানাটা	j a n a T a	native
দংশন	d o ng sh O n	native
কামিজও	k a m i j O	native
নেপালি	n e p a l i	native
দাবীতে	d a b i t e	native
উপদ্বীপের	u p O d i p e r	native
পুষ্ট	p u shT O	tatsama
লালা	l a l a	native
কবন্ধ	k o b o ndh O	tatsama
মেমো	m e m O	loanword
কেতাবি	k e t a b i	native
শুনেছিলেন	sh u n e chh i l e n	native
বর্ষিত	b O r sh i t O	tatsama
নিমিষে	n i m i sh e	tatsama
পালক	p a l O k	native
অতীত	O t i t	native
অতিরিক্ত	O t i r i kt O	native
অতিশয়	O t i sh o y	native
অতিথি	O t i th i	native
অতুলনীয়	o t u l O n i y O	native
অত্যন্ত	O t t o nt O	native
অত্যাচার	o t t a ch a r	native
অত্যাবশ্যক	O t t a b o sh sh O k	native
অত্যুৎসাহী	o t t u t sh a h i	native
অকাল	o k a l	native
অগণিত	o g O n i t O	tatsama
অজানা	o j a n a	native
অধম	o dh O m	native
অনল	o n O l	native
অপমান	o p O m a n	native
অবস্থা	o b O sth a	native
অভাব	o bh a b	native
অমল	o m O l	native
অসুখ	o sh u kh	native
অগ্র	o gr O	native
অগ্রগতি	o gr O g O t i	native
অগ্রণী	o gr O n i	tatsama
অগ্রসর	o gr O sh o r	native
হয়	h o y	native
যায়	j a y	native
খায়	kh a y	native
গায়	g a y	native
পায়	p a y	native
হেয়	h e y O	native
ন্যায়	n A y	native
শ্রেয়	s r e y O	native
অবজ্ঞেয়	o b g g e y O	tatsama
মত	m o t	native
জাত	j a t	native
যত	j o t O	native
পথ	p o th	native
তত	t o t O	native
গত	g o t O	native
কর্ম্ম	k o r m m O	native
এসআর	e s a r	loanword
এমএসসি	e m e s s i	loanword
সিসমোগ্রাফ	s i s m O gr a ph	loanword
বিএফডিসিতে	b i e ph D i s i t e	loanword
সুন্নিদের	s u nn i d e r	loanword
সন্ত্রাসীদের	sh o n t r a sh i d e r	native
সাম্যের	sh a m m e r	native
সাম্প্রতিকতম	sh a m p r O t i k t o m O	native
ফ্যানপেজে	ph A n p e j e	loanword
সীতার	sh i t a r	native
সামঞ্জস্যতা	sh a m O nj O sh sh O t a	tatsama
ফোনসেট	ph O n s e T	loanword
সুজাত	sh u j a t	native
ওসিসি	O s i s i	loanword
অক্টোপাসের	o k T O p a s e r	loanword
রেসার্ভ	r e s a r bh	loanword
আসিফের	a s i ph e r	proper_noun
পেহ্লাদের	p e h l a d e r	native
আসান	a s a n	loanword
ভাগ্যিস	bh a g g i sh	native
স্পেক্ট্রা	s p e k T r a	loanword
বিএসআরএম	b i e s a r e m	loanword
সিন্ডিকেট	s i n D i k e T	loanword
ভালোবাসি	bh a l O b a sh i	native
দীর্ঘতম	d i r gh O t o m O	native
সুরভী	sh u r O bh i	native
খাস	kh a sh	native
কার্যভার	k a r j O bh a r	native
ক্যানসারসহ	k A n s a r sh o h O	loanword
সুষ্ঠ	sh u shTh O	tatsama
অপ্পো	o p p O	native
লস	l o s	loanword
হাসিখুশি	h a sh i kh u sh i	native
প্রশ্বাস	pr O sh sh a sh	tatsama
সাদাসিধে	sh a d a sh i dh e	native
প্রাইস	pr a i s	loanword
সিবান্দাকে	s i b a nd a k e	loanword
শামসুর	sh a m s u r	loanword
সুবিধাভোগী	sh u b i dh a bh O g i	native
ডেমোক্র্যাটস	D e m O k r A T s	loanword
ব্যাটসম্যানেরা	b A T s m A n e r a	loanword
ডিসট্রিক্ট	D i s T r i k T	loanword
সুকি	s u k i	loanword
স্থুল	sth u l O	native
চালানটি	ch a l a n T i	native
ট্রেন্ড	T r e n D	loanword
মহানগর	m o h a n o g O r	native
ভেবে	bh e b e	native
তুলনাহীন	t u l O n a h i n	native
মুস্তফার	m u st O ph a r	proper_noun
পাকাপোক্ত	p a k a p O kt O	native
মেহজাবিন	m e h j a b i n	proper_noun
চিরকুটের	ch i r k u T e r	native
চিনতাম	ch i n t a m	native
একটু	e k T u	native
জন্মদিনে	j o n m O d i n e	native
কেলার	k e l a r	proper_noun
জানাত	j a n a t O	native
টেস্ট	T e s T	loanword
অনুমোদনও	o n u m O d O n O	native
পেহলি	p E h l i	loanword
ইসমাত	i s m a t	loanword
ভোটকেন্দ্রের	bh O T k e ndr e r	native
বিপন	b i p o n	native
টেলিছবিতে	T e l i chh O b i t e	native
বিতর্কটি	b i t o r k O T i	native
ফোল্ডারের	ph O l D a r e r	loanword
প্লাতিনি	p l a t i n i	proper_noun
মনিরাকে	m O n i r a k e	proper_noun
শিশুপুত্রকে	sh i sh u p u tr O k e	native
বানালো	b a n a l O	native
কম্পিটিশন	k o mp i T i sh o n	loanword
বিস্তারিত	b i st a r i t O	native
বৃত্তটির	b r i tt O T i r	tatsama
শুরুও	sh u r u O	native
নির্মাণকে	n i r m a n k e	tatsama
রেজ্যুলেশন	r e j u l e sh o n	loanword
জনগণনার	j o n O g o n O n a r	tatsama
এজেন্সি	e j e n s i	loanword
বাতিলও	b a t i l O	native
বিমাক্ষেত্রের	b i m a kh e tr e r	tatsama
সদস্যসহ	sh o d O sh sh O sh o h O	native
পাঁচজনই	p a~ ch j O n i	native
স্তরের	st o r e r	native
গুলিসহ	g u l i sh o h O	native
রাগই	r a g i	native
দীপের	d i p e r	native
কর্তৃপক্ষ	k O r t r i p o kkh O	tatsama
কান্তা	k a nt a	native
ভাষণটি	bh a sh O n T i	tatsama
সমীহের	sh O m i h e r	native
কুশলাদি	k u sh O l a d i	native
গুদামটি	g u d a m T i	native
শার্মিলা	sh a r m i l a	proper_noun
ন্যাকামি	n A k a m i	native
পালনই	p a l O n i	native
কুটুম	k u T u m	native
মহিউদ্দিনের	m O h i u d d i n e r	proper_noun
উপন্যাসটি	u p O n n a sh T i	native
গণ্ডারের	g O n D a r e r	tatsama
কালিকাপুর	k a l i k a p u r	proper_noun
নবকুমারের	n o b O k u m a r e r	native
শরীরেও	sh O r i r e O	native
জ্যাসন	j A s o n	proper_noun
বার্বি	b a r b i	proper_noun
তালাল	t a l a l	native
নেতারা	n e t a r a	native
ব্যাপারটার	b A p a r T a r	native
ভালোবাসব	bh a l O b a sh b O	native
রফিকুলের	r O ph i k u l e r	proper_noun
ভিন	bh i n	native
ছেলেটা	chh e l e T a	native
মোচার	m O ch a r	native
চিত্রনাট্যকারের	ch i tr O n a T T O k a r e r	native
মনমাতানো	m O n m a t a n O	native
টেলরের	T e l O r e r	proper_noun
হেনস্তার	h e n O st a r	native
অবসকিওর	o b s k i O r	loanword
প্রযুক্তিপ্রেমীদের	pr O j u kt i pr e m i d e r	native
চিকে	ch i k e	native
চোখটা	ch O kh T a	native
করান	k o r a n	native
জনসংযোগ	j o n O sh o ng j O g	native
কষ্টকর	k o shT O k o r	tatsama
বাচ্চাদের	b a ch ch a d e r	native
কথারই	k o th a r i	native
অজস্র	o j O s r O	native
কস্তা	k o st a	native
সংবাদপত্রগুলোর	sh O ng b a d p o tr O g u l O r	native
তিস্তা	t i st a	proper_noun
পরিবারসহ	p O r i b a r sh o h O	native
পটু	p O T u	native
শরৎকাল	sh o r O t k a l	native
তানজিলা	t a n j i l a	proper_noun
মুজিবকে	m u j i b k e	proper_noun
কোটে	k O T e	loanword
রোমিও	r O m i O	proper_noun
বিচি	b i ch i	native
ভর্তার	bh o r t a r	native
অনি	o n i	proper_noun
ভাগ্য	bh a g g O	native
ওপাল	O p a l	native
দূষণমুক্ত	d u sh o n m u kt O	tatsama
শাখাগুলোতে	sh a kh a g u l O t e	native
আনন্দমোহন	a n O nd O m O h O n	proper_noun
জর্জ	j o r j	proper_noun
ঈদগাহ	i d g a h	proper_noun
অরবিন্দবাবুর	o r O b i nd o b a b u r	proper_noun
সন্তানদের	sh o nt a n d e r	native
ব্রডব্যান্ড	br o D b A n D	loanword
রহস্যটা	r o h O sh sh O T a	native
গোছাতে	g O chh a t e	native
আবহে	a b O h e	native
ফলত	ph O l t O	native
মহাযুদ্ধের	m o h a j u d dh e r	tatsama
অসংগত	o sh o ng g o t O	native
পত্রিকাকে	p O tr i k a k e	native
দ্বিমুখী	d i m u kh i	native
বোসন	b O sh O n	proper_noun
তিনদিনে	t i n d i n e	native
কট্টরপন্থি	k o T T O r p O n th i	native
আদালতসহ	a d a l o t sh o h O	native
টেবিলে	T e b i l e	loanword_nativized
নানাজন	n a n a j o n	native
পাটিতে	p a T i t e	native
রক্তক্ষরণের	r o kt O kh o r O n e r	tatsama
আলামীন	a l a m i n	proper_noun
কারারক্ষীরা	k a r a r O kkh i r a	tatsama
লবিং	l o b i ng	loanword
ব্লাউজটা	bl a u j T a	loanword
পরীক্ষার্থীর	p O r i kkh a r th i r	tatsama
অনুষ্ঠানমালা	O n u shTh a n m a l a	tatsama
কেন্দ্রস্থলের	k e ndr O sth o l e r	native
পাশ্চাত্যের	p a sh ch a t t e r	native
পিপিআর	p i p i a r	loanword
উদ্ধারে	u d dh a r e	tatsama
উলফার	u l ph a r	proper_noun
প্রহরীরা	pr O h O r i r a	native
জার্মানদের	j a r m a n d e r	native
জুডি	j u D i	proper_noun
বর্ষপূর্তি	b o r sh O p u r t i	tatsama
নরেন্দ্রনাথের	n o r e ndr O n a th e r	proper_noun
লালদীঘির	l a l d i gh i r	proper_noun
পক্স	p o k s	native
বাষ্প	b a sh p O	tatsama
দারাজ	d a r a j	native
ব্লটিং	bl o T i ng	loanword
হস্তান্তরিত	h o st a nt O r i t O	native
কাটতি	k a T t i	native
চাকাকে	ch a k a k e	native
চিত্রগ্রাহক	ch i tr O gr a h O k	native
নিতান্ত	n i t a nt O	native
তাবলীগের	t a b l i g e r	native
দৃষ্টান্তের	d ri shT a nt e r	tatsama
জুনকে	j u n k e	proper_noun
আতিফ	a t i ph	proper_noun
প্রতিবেশী	pr O t i b e sh i	native
নার্সারি	n a r s a r i	loanword
বাল	b a l	native
জনও	j o n O	native
লাজুক	l a j u k	native
মাখলুকাত	m a kh l u k a t	loanword
স্বদেশী	sh o d e sh i	tatsama
লালমরিচ	l a l m O r i ch	native
ক্ষণিকের	kh O n i k e r	tatsama
কবিরাও	k O b i r a O	native
ঘটনাটির	gh o T O n a T i r	native
মৃদুমন্দ	m ri d u m o nd O	tatsama
ডিলার	D i l a r	loanword
পর্দাতে	p o r d a t e	native
হাজী	h a j i	native
শোধন	sh O dh O n	native
ধমনীতে	dh o m O n i t e	native
চাপাতির	ch a p a t i r	native
মুখরা	m u kh O r a	native
প্রগতিতে	pr O g O t i t e	native
আলোকসজ্জার	a l O k sh o j j a r	native
শিথিলযোগ্য	sh i th i l j O g g O	native
ফুটবলটা	ph u T b o l T a	loanword
চেঞ্জিং	ch e nj i ng	loanword
চার্টার্ড	ch a r T a r D	loanword
ব্যোমকেশ	b O m k e sh	proper_noun
গর্ভের	g o r bh e r	native
ঢালী	Dh a l i	native
অস্ত্রপচার	o s t r O p o ch a r	native
কাম্প	k a mp	native
সংস্কৃত	sh o ng s k ri t O	tatsama
দলকানা	d o l k a n a	native
তালি	t a l i	native
খুলেছিলেন	kh u l e chh i l e n	native
ভাপা	bh a p a	native
চুকে	ch u k e	native
বাফেটের	b a ph e T e r	loanword
করাটাকে	k o r a T a k e	native
চুপ	ch u p	native
পত্রিকাগুলো	p O tr i k a g u l O	native
সংবাদপত্রগুলোতে	sh o ng b a d p o tr O g u l O t e	native
কোষগুলোর	k O sh g u l O r	tatsama
স্থাপত্য	sth a p O t t O	native
কনানানি	k o n a n a n i	native
শতাংশও	sh o t a ng sh O	native
কনফেডারেট	k o n ph e D a r e T	loanword
লেখালেখিও	l e kh a l e kh i O	native
চলন্ত	ch o l O nt O	native
প্যাকেট	p A k e T	loanword
ট্রিলজি	T r i l o j i	loanword
শার্টসহ	sh a r T sh o h O	loanword
গোলচত্বরে	g O l ch o tt O r e	tatsama
অনিকার	o n i k a r	proper_noun
বন্দুকধারীর	b O nd u k dh a r i r	native
সঞ্চালকের	sh o nch a l o k e r	tatsama
কর্মশক্তি	k o r m O sh O kt i	native
ড্রামাটিক	D r a m a T i k	loanword
পালট	p a l O T	native
বিকাশকে	b i k a sh k e	native
ব্রোঞ্জের	br O nj e r	loanword
দলবদল	d o l b o d O l	native
মূল	m u l	native
অমিল	o m i l	native
দেবযানী	d e b j a n i	native
অংশটি	o ng sh O T i	native
প্যাকে	p A k e	loanword
ইরশাদ	i r sh a d	proper_noun
মডেলভেদে	m o D e l bh e d e	loanword
দিনেরও	d i n e r O	native
ব্যাচ	b A ch	loanword
আহির	a h i r	native
পুরাণের	p u r a n e r	tatsama
তোমাদেরই	t O m a d e r i	native
দশটি	d o sh T i	native
রোমে	r O m e	proper_noun
বাতজ্বর	b a t j o r	native
গ্রাফটা	gr a ph T a	loanword
প্রসবকালীন	pr O sh o b k a l i n	native
গল্পের	g o l p e r	native
মাদকাসক্তির	m a d O k a sh O kt i r	native
নেটের	n e T e r	loanword
কোকেন	k O k e n	loanword
পূত	p u t	native
অসচেতনতা	o sh o ch e t o n O t a	native
উমা	u m a	native
পশ্চিমবঙ্গের	p O sh ch i m b O ngg e r	native
স্থলাভিষিক্ত	sth o l a bh i sh i kt O	tatsama
রোকশানা	r O k sh a n a	proper_noun
ঝিরিঝিরি	jh i r i jh i r i	native
বিপক্ষের	b i p o kkh e r	tatsama
আমানো	a m a n O	native
কবিরসহ	k O b i r sh o h O	native
অপ্রকাশিত	o pr O k a sh i t O	native
মুষ্টির	m u shT i r	tatsama
আজাহার	a j a h a r	proper_noun
জুরিখের	j u r i kh e r	proper_noun
ইবোলা	i b O l a	proper_noun
দখলদারেরা	d o kh O l d a r e r a	native
নিওনাটাল	n i O n a T a l	loanword
কর্মকমিশনের	k o r m O k o m i sh O n e r	native
সম্ভাব্য	sh o m bh a b b O	native
লোশন	l O sh o n	loanword
খননযন্ত্র	kh o n O n j o n t r O	native
সাম্যবাদী	sh a m m O b a d i	native
নির্ঘুম	n i r gh u m	native
সাম্প্রতিককালের	sh a m p r O t i k k a l e r	native
পাকসেনারা	p a k sh e n a r a	native
সাহেদুল	sh a h e d u l	native
ব্ল্যাকবেরি	b l A k b e r i	native
আল্ট্রা	a l T r a	native
চেলসিতে	ch e l s i t e	loanword
জুসার	j u s a r	loanword
রসিকতার	r O sh i k o t a r	native
সাকিবুলের	sh a k i b u l e r	native
সেনাসদস্যরা	sh e n a sh o d O sh sh O r a	native
সেডান	s e D a n	loanword
এমএসএস	e m e s e s	loanword
স্প্রিন্টে	s p r i n T e	loanword
উৎসাহদাতা	u t sh a h O d a t a	native
সেন্সরশিপ	sh e n s o r sh i p	loanword
সুখানুভূতি	sh u kh a n u bh u t i	native
নার্ভাস	n a r bh a s	loanword
স্ক্যান্ডাল	s k A n D a l	loanword
সুরকে	sh u r k e	native
এফডিসি	e ph D i s i	loanword
সারবাহী	sh a r b a h i	native
সুযোগই	sh u j O g i	native
তিনমাসে	t i n m a sh e	native
ডেমোক্র্যাটদের	D e m O k r E T d e r	loanword
সায়েরা	s a e r a	proper_noun
গণঅভ্যুত্থানে	g o n O O b bh u t th a n e	tatsama
কথাসাহিত্যিক	k O th a sh a h i t t i k	native
ম্যানেজমেন্টে	m A n e j m e n T e	loanword
অহিংস	o h i ng sh O	native
সাক্কু	s a k k u	loanword
কমেন্ট্রি	k o m e n T r i	loanword
রোম্যান্স	r O m a n s	loanword
রুস	r u s	loanword
সিহাব	sh i h a b	proper_noun
জিজ্ঞাসা	j i g g a sh a	tatsama
ভালোবাসুন	bh a l O b a sh u n	native
সুরক্ষার	sh u r O kkh a r	tatsama
ঘনবসতিপূর্ণ	gh o n O b o sh O t i p u r n O	tatsama
প্রজেক্টরের	pr O j e k T o r e r	loanword
সার্থক	sh a r th O k	native
মামাতো	m a m a t O	native
দেবতার	d e b O t a r	native
ছন্দপতনে	chh o nd O p o t O n e	native
ভিঞ্চি	bh i nch i	proper_noun
অবধি	o b O dh i	native
বদহজমের	b o d h o j O m e r	native
পাটনি	p a T n i	native
ফলটি	ph o l T i	native
প্রযুক্তিসহ	pr O j u kt i sh o h O	native
অনুমতির	O n u m O t i r	native
ব্রিটিশের	br i T i sh e r	loanword
জর্ডি	j o r D i	proper_noun
নূরী	n u r i	proper_noun
উপার্জনও	u p a r j o n O	native
পদবঞ্চিত	p o d O b O nch i t O	tatsama
নার্সরা	n a r s r a	loanword
আউটার	a u T a r	loanword
মুনমুনের	m u n m u n e r	proper_noun
স্মৃতিচারণমূলক	s ri t i ch a r O n m u l O k	loanword
উদ্যেগ	u d d e g	native
বোঁচকা	b O~ ch k a	native
অনার্সের	o n a r s e r	loanword
করিলাম	k O r i l a m	native
ফী	ph i	loanword
বিশালত্ব	b i sh a l o tt O	tatsama
ঘুমোচ্ছে	gh u m O ch chh e	native
সংস্কৃতিই	sh o ng s k ri t i i	loanword
মিরাজের	m i r a j e r	proper_noun
নর্মাল	n o r m a l	native
মশাকে	m o sh a k e	native
শরণার্থীকে	sh o r O n a r th i k e	tatsama
বেষ্টনীর	b e shT O n i r	tatsama
সংস্কৃতির	sh o ng s k ri t i r	loanword
প্রেমেন্দ্র	pr e m e ndr O	native
গণতন্ত্রী	g o n O t O n t r i	tatsama
বন্ধন	b o ndh O n	tatsama
নির্মলার	n i r m o l a r	proper_noun
মুজাহিদসহ	m u j a h i d sh o h O	loanword
আতাহার	a t a h a r	native
তাণ্ডবের	t a n D O b e r	tatsama
শীতে	sh i t e	native
ঠকাতে	Th o k a t e	native
অতিমাত্রার	O t i m a tr a r	native
শেষটি	sh e sh T i	tatsama
চরমভাবে	ch o r O m bh a b e	native
হবেনই	h o b e n i	native
বাটলারকে	b a T l a r k e	loanword
আরোগ্য	a r O g g O	native
গুনছেন	g u n chh e n	native
বিশ্বশান্তি	b i sh sh O sh a nt i	tatsama
সবজিটি	sh O b j i T i	native
জিয়া	j i a	native
মূল্যহার	m u l l O h a r	native
পলিমাটি	p O l i m a T i	native
পোর্টালের	p O r T a l e r	loanword
মহিমা	m O h i m a	native
আড্ডাও	a D D a O	native
কষতে	k O sh t e	tatsama
গঠনসহ	g o Th O n sh o h O	native
বুঝেছিলেন	b u jh e chh i l e n	native
রিক্তার	r i kt a r	proper_noun
মধ্যবিত্তের	m O d dh O b i tt e r	native
প্রত্যাখ্যানের	pr O t t a k kh a n e r	native
বর্ধিষ্ণু	b O r dh i sh n u	tatsama
বিজলী	b i j l i	native
বোর্ডকে	b O r D k e	loanword
স্মিথ	s m i th	proper_noun
নিরীক্ষা	n i r i kkh a	tatsama
সমাজবাদী	sh o m a j b a d i	native
কষছেন	k O sh chh e n	tatsama
বেকার	b e k a r	native
গভীরতম	g O bh i r t o m O	native
সতীর্থকে	sh o t i r th O k e	native
স্পন্দিত	s p O nd i t O	tatsama
চাপান	ch a p a n	native
মুমুর	m u m u r	native
দশে	d o sh e	native
আদুরিকে	a d u r i k e	native
ফলটা	ph o l T a	native
অধীনস্থ	O dh i n o sth O	native
প্রোগ্রামারদের	pr O gr a m a r d e r	loanword
বিপাশাকে	b i p a sh a k e	proper_noun
অরণ্যের	o r O n n e r	tatsama
ঝিলে	jh i l e	native
পাদদেশের	p a d O d e sh e r	native
বিমর্ষ	b i m o r sh O	tatsama
গণসংযোগকালে	g o n O sh o ng j O g k a l e	tatsama
ঋতুর	ri t u r	native
আন্তজেলা	a nt O j e l a	native
করিতেছিলেন	k O r i t e chh i l e n	native
বিদ্যানিকেতন	b i d d a n i k e t o n	native
কথাগুলোও	k o th a g u l O O	native
তানিশা	t a n i sh a	proper_noun
প্রমান	pr O m a n	native
পুনঃপ্রতিষ্ঠা	p u n O pr O t i shTh a	tatsama
পেতেন	p e t e n	native
জারুল	j a r u l	native
প্রবেশদ্বারে	pr O b e sh d a r e	native
পররাষ্ট্রসচিবের	p o r O r a sh T r O sh O ch i b e r	tatsama
খুন্তি	kh u nt i	native
দক্ষিণের	d O kkh i n e r	tatsama
নহেন	n o h e n	native
সংগঠকরা	sh o ng g o Th O k r a	native
প্রতিকূলে	pr O t i k u l e	native
এর	e r	native
জেতান	j e t a n	native
শারমীন	sh a r m i n	proper_noun
দুর্ভাগ্যক্রমে	d u r bh a g g O kr O m e	native
গৃহযুদ্ধের	g ri h O j u d dh e r	tatsama
ব্যথাটা	b A th a T a	native
উপরিতলের	u p O r i t o l e r	native
চারটা	ch a r T a	native
সরকারি	sh o r k a r i	native
ব্যারিস্টার	b A r i s T a r	loanword
একদিক	E k d i k	native
ওঁর	O~ r	native
খাদ্য	kh a d d O	native
বেলজিয়ামের	b e l j i a m e r	proper_noun
তাৎক্ষনিকভাবে	t a t kh O n i k bh a b e	tatsama
বাষ্পে	b a sh p e	tatsama
প্রতিমন্ত্রীদের	pr O t i m O n t r i d e r	native
শুনছেন	sh u n cch e n	native
দমে	d o m e	native
ঝর্না	jh o r n a	native
আলোকবর্ষ	a l O k b o r sh O	tatsama
স্বাদে	sh a d e	tatsama
শান্তিরক্ষী	sh a nt i r O kkh i	tatsama
ক্রিকেটার	kr i k e T a r	loanword
চিন্তা	ch i nt a	native
ফলাতে	ph o l a t e	native
ইংল্যান্ড	i ng l A n D	proper_noun
কালেকশন	k a l e k sh o n	native
স্থাপনাটি	sth a p O n a T i	native
লগ্নে	l o g n e	native
মাহমুদসহ	m a h m u d sh o h O	proper_noun
ওরকম	O r O k O m	native
তথ্যকে	t O t th O k e	native
জিলা	j i l a	native
লেখালিখি	l e kh a l i kh i	native
দেহটা	d e h O T a	native
লাভালিনের	l a bh a l i n e r	proper_noun
মূর্তিতে	m u r t i t e	native
ছালামকে	s a l a m k e	proper_noun
সপ্তর্ষি	sh o p t O r sh i	tatsama
মাতৃভূমিকে	m a t ri bh u m i k e	tatsama
আমলকিতে	a m l O k i t e	proper_noun
ফর্ক	ph o r k	loanword
দেখলি	d e kh l i	native
শিশুপার্কে	sh i sh u p a r k e	native
বিক্রেতাকে	b i kr e t a k e	native
ভাটিতে	bh a T i t e	native
জীববিজ্ঞানী	j i b b i g g a n i	tatsama
চাঁদনীর	ch a~ d n i r	native
হিল্টনের	h i l T o n e r	proper_noun
সমর্পণ	sh o m O r p o n	tatsama
গমকে	g o m k e	native
চুক্তিই	ch u kt i i	native
ফলিক	ph O l i k	loanword
বিনোদনকেন্দ্রগুলোতে	b i n O d O n k e ndr O g u l O t e	native
ইতালির	i t a l i r	proper_noun
মজুদও	m O j u d O	native
বাদশাহর	b a d sh a h r	native
বলদ	b o l O d	native
পোষ্টার	p O sh T a r	loanword_nativized
বন্দীর	b O nd i r	native
শেরিং	sh e r i ng	loanword
বাগানকে	b a g a n k e	native
নাশিদের	n a sh i d e r	loanword
পরিমন্ডলে	p O r i m o n D O l e	native
ফুলই	ph u l i	native
অগ্নিনির্বাপণ	O g n i n i r b a p O n	tatsama
ঘুরে	gh u r e	native
শহিদদের	sh O h i d d e r	native
ক্রুগার	kr u g a r	loanword
প্রত্যর্পণ	pr O t t o r p o n	tatsama
মাদারচর	m a d a r ch o r	native
দশকের	d o sh O k e r	native
নুরে	n u r e	loanword
পরিকল্পিত	p O r i k O l p i t O	native
প্রপাগান্ডা	pr O p a g a n D a	loanword
গতকালকের	g o t O k a l k e r	native
সংস্কারমূলক	sh o ng s k a r m u l O k	loanword
লতাগুল্ম	l o t a g u l m O	native
প্রত্ননিদর্শন	pr O t n O n i d o r sh o n	native
থিম্পুতে	th i mp u t e	proper_noun
প্রতীকও	pr O t i k O	native
হাশিম	h a sh i m	proper_noun
টোল	T O l	native
সরণি	sh o r O n i	tatsama
জংশনে	j o ng sh o n e	loanword_nativized
স্বপ্নযাত্রা	sh o p n O j a tr a	tatsama
উপমহাদেশে	u p O m o h a d e sh e	native
পাস্তোরে	p a st O r e	native
ওস্তাদের	O st a d e r	native
জাগাবে	j a g a b e	native
লাঞ্চার	l a nch a r	loanword
মুখার্জী	m u kh a r j i	proper_noun
বেশকটি	b e sh k o T i	native
তিলক	t i l o k	native
হামিশ	h a m i sh	native
এমজি	e m j i	loanword
টুকটুক	T u k T u k	native
অথর্ব	o th o r b O	native
রাষ্ট্রগুলোতে	r a sh T r O g u l O t e	tatsama
রিভার্স	r i bh a r s	loanword
লোকসংগীত	l O k O sh O ng g i t	native
প্রজাদের	pr O j a d e r	native
বিভিন্নস্থান	b i bh i nn O sth a n	native
অপসংস্কৃতি	o p O sh o ng s k ri t i	loanword
দক্ষতাও	d o kkh O t a O	tatsama
ইতিহাসটা	i t i h a sh T a	native
রিচমন্ড	r i ch m o n D	proper_noun
বামনিকুটি	b a m O n i k u T i	proper_noun
ঈশ্বরগঞ্জে	i sh sh o r g o nj e	proper_noun
দরখাস্ত	d o r kh a st O	native
অপমানিত	o p O m a n i t O	native
বনভোজন	b o n bh O j O n	native
নাচছেন	n a ch chh e n	native
আমন্ত্রন	a m O n t r o n	native
দুতিন	d u t i n	native
পরিতাপের	p O r i t a p e r	native
আজমির	a j m i r	proper_noun
রাজ্জাককে	r a j j a k k e	native
ভিক্ষাবৃত্তিতে	bh i kkh a b ri tt i t e	tatsama
ভুট্টো	bh u T T O	native
ফেললো	ph e l l O	native
গতরাত	g o t O r a t	native
শাস্ত্রের	sh a s t r e r	native
সম্মানহানির	sh o mm a n h a n i r	native
সজ্জার	sh o j j a r	native
অস্ত্রোপচারের	o s t r O p o ch a r e r	native
যক্ষের	j o kkh e r	tatsama
বসতঘরের	b o sh O t gh o r e r	native
জোহান	j O h a n	proper_noun
রাজ্যটি	r a j j O T i	native
খিলখিল	kh i l kh i l	native
গানটা	g a n T a	native
ফ্লেক্স	ph l e k s	loanword
ইনভেস্টমেন্টের	i n bh e s T m e n T e r	loanword
ড্রোনের	D r O n e r	loanword
সরবরাহের	sh o r b o r a h e r	native
অপরিবর্তিত	o p O r i b O r t i t O	native
রিজেন্সি	r i j e n s i	loanword
বিবর্তিত	b i b o r t i t O	native
বৃদ্ধসহ	b ri d dh O sh o h O	tatsama
রাষ্ট্রপক্ষ	r a sh T r O p o kkh O	tatsama
মাপুতো	m a p u t O	native
কারখানাগুলোর	k a r kh a n a g u l O r	native
প্রান্তিক	pr a nt i k	native
হনন	h o n O n	native
ভারুন	bh a r u n	native
থ্রিলার	th r i l a r	loanword
গুণটা	g u n T a	tatsama
অর্ধডজন	o r dh O D o j O n	native
প্রভূত	pr O bh u t O	native
দেখানোটা	d E kh a n O T a	native
রাজাকারের	r a j a k a r e r	native
নিষ্ঠুরতা	n i shTh u r o t a	tatsama
স্বর্ণালংকারসহ	sh o r n a l o ng k a r sh o h O	tatsama
বেসিল	b e s i l	loanword
মাসুদুর	m a s u d u r	proper_noun
সেসবের	sh e sh o b e r	loanword
কানসাট	k a n s a T	native
ইমপালসের	i m p a l s e r	native
সাততলা	sh a t t o l a	native
আসিবে	a sh i b e	loanword
স্টিফেনস	s T i ph e n s	loanword
সুনিল	sh u n i l	proper_noun
নাসিরই	n a s i r i	native
সামিউল	s a m i u l	native
সিকে	sh i k e	native
সেজো	sh e j O	loanword
ত্বসীন	t o s i n	loanword
স্বাতন্ত্র্যের	sh a t o n t r e r	tatsama
রাসেল	r a s e l	proper_noun
হিসেবের	h i sh e b e r	native
সার্ভিস	s a r bh i s	loanword
ক্রমানুসারে	kr O m a n u sh a r e	loanword
ফ্ল্যাটটি	ph l A T T i	loanword
সিনহা	s i n h a	proper_noun
ব্যবসাকে	b A b sh a k e	native
যাত্রীসেবার	j a tr i sh e b a r	native
সাংখ্য	sh a ng kh O	native
সিম্ফনি	s i m ph O n i	loanword
সাদামাটা	sh a d a m a T a	native
সিরিজের	s i r i j e r	loanword
কার্যপ্রণালী	k a r j O pr O n a l i	tatsama
সুভাষের	sh u bh a sh e r	tatsama
সাতসকালে	sh a t sh o k a l e	native
সামন্ত	sh a m O nt O	native
সিডিএ	s i D i e	loanword
সান্নিধ্যের	sh a nn i d dh e r	native
সানফ্রানসিসকো	s a n ph r a n s i s k O	proper_noun
গ্রিসে	gr i s e	proper_noun
বিএডিসি	b i e D i s i	loanword
মেসেঞ্জারের	m e s e nj a r e r	loanword
সুবিধাবাদীদের	sh u b i dh a b a d i d e r	native
ফাঁসাতে	ph a~ sh a t e	native
মাল্টিপ্ল্যান	m a l T i p l A n	loanword
কেসিং	k e s i ng	loanword
নার্গিস	n a r g i s	proper_noun
বোসের	b O sh e r	loanword
পেনসিলের	p e n s i l e r	loanword
বাসী	b a sh i	native
সুরাহার	sh u r a h a r	native
সীমানার	sh i m a n a r	native
সাপোর্টিং	s a p O r T i ng	loanword
সালিস	sh a l i sh	loanword
অসুবিধাও	o sh u b i dh a O	native
অশ্রুসিক্ত	O s r u sh i kt O	loanword
মুদ্রাস্ফীতি	m u d r a s ph i t i	native
আসাটা	a sh a T a	native
টিভিএস	T i bh i e s	loanword
সুলেমান	s u l e m a n	proper_noun
উচ্ছসিত	u ch chh O sh i t O	native
সামনের	sh a m n e r	native
গোটসে	g O T s e	loanword
ভাসে	bh a sh e	native
বিজেএমসিকে	b i j e e m s i k e	loanword
লেহম্যান	l e h m A n	proper_noun
সাউন্ডের	s a u n D e r	loanword
সুবেহ	s u b e h	native
সেনাকে	sh e n a k e	native
রেসার	r e s a r	loanword
ন্যায্যমূল্য	n A j j O m u l l O	native
সূচি	sh u ch i	native
মোসাদের	m O s a d e r	proper_noun
কার্যতালিকার	k a r j O t a l i k a r	native
সাদিকুর	s a d i k u r	proper_noun
ভেগাস	bh e g a s	loanword
সীতাকুন্ড	sh i t a k u n D O	proper_noun
প্রিসিলা	pr i s i l a	proper_noun
স্ট্র্যাটেজি	s T r A T e j i	loanword
সাহিত্যকর্ম	sh a h i t t O k o r m O	native
সুপারিশও	sh u p a r i sh O	loanword
সেবাকেন্দ্রে	sh e b a k e ndr e	native
অর্থসাহায্য	o r th O sh a h a j j O	native
স্লিভলেস	s l i bh l e s	loanword
বিটিএস	b i T i e s	loanword
সাদিকা	s a d i k a	native
গ্লাসও	g l a s O	loanword
হাসিমুখে	h a sh i m u kh e	native
সেচে	sh e ch e	native
পুরুষশাসিত	p u r u sh sh a sh i t O	tatsama
ক্র্যাফটের	k r A ph T e r	loanword
সৃজিত	s ri j i t	tatsama
ইসিএফ	i s i e ph	loanword
সেঞ্চুরিটি	s e nch u r i T i	loanword
সান্ত্বনার	sh a n t O n a r	tatsama
সানব্লক	s a n bl o k	loanword
টিটেনাস	T i T e n a s	loanword
সেলার	s e l a r	loanword
দৃষ্টিসীমার	d ri shT i sh i m a r	tatsama
উচ্ছ্বাসে	u ch chh a sh e	native
সাক্ষাৎটি	sh a kkh a t T i	tatsama
সেনসেশনাল	s e n s e sh o n a l	loanword
সাদার	sh a d a r	native
স্বাচ্ছন্দ্যে	s a ch chh o n d e	tatsama
সেনগুপ্তের	sh e n g u p t e r	native
সোপানে	sh O p a n e	native
আর্জেন্টিনাও	a r j e n T i n a O	loanword
মহেশখালীতে	m o h e sh kh a l i t e	proper_noun
কাব্যকে	k a b b O k e	native
ভ্রাতুষ্পুত্র	bh r a t u sh p u tr O	tatsama
আসবাব	a sh b a b	native
পাশটা	p a sh T a	native
বাজারভেদে	b a j a r bh e d e	native
করবেনই	k O r b e n i	native
নাথের	n a th e r	native
একি	e k i	native
মডেলই	m o D e l i	loanword
প্রতিদ্বন্দ্বীরা	pr O t i d d O n d i r a	native
মফিদুল	m O ph i d u l	native
দুষছে	d u sh chh e	tatsama
কণিকার	k O n i k a r	tatsama
ফেরেশতা	ph e r e sh t a	native
ধানমণ্ডি	dh a n m O n D i	proper_noun
তদারককারী	t o d a r O k k a r i	native
বটেশ্বরে	b o T e sh sh O r e	tatsama
ব্যাঙের	b A ng e r	native
মাল্টিভিটামিন	m a l T i bh i T a m i n	loanword
গণতান্ত্রিক	g o n O t a n t r i k	tatsama
নামছেন	n a m chh e n	native
গিগাহার্টজের	g i g a h a r T j e r	loanword
ভরতনাট্যম	bh o r O t n a T T O m	native
ভাবছে	bh a b chh e	native
আলোকচিত্রী	a l O k ch i tr i	native
পিকেটাররা	p i k e T a r r a	loanword
আদমশুমারিতে	a d O m sh u m a r i t e	native
হাজারখানেক	h a j a r kh a n e k	native
গতিধারা	g O t i dh a r a	native
মোফাজ্জেল	m O ph a j j e l	proper_noun
জেকে	j e k e	loanword
দলবীর	d o l O b i r	native
পরিবারের	p O r i b a r e r	native
লিখলাম	l i kh l a m	native
অনুশীলনে	O n u sh i l o n e	native
মুনাফাভিত্তিক	m u n a ph a bh i tt i k	native
মৃত্যুবার্ষিকীতে	m ri t t u b a r sh i k i t e	tatsama
দোষারোপের	d O sh a r O p e r	tatsama
যুক্তরাজ্যের	j u kt O r a j j e r	proper_noun
আন্তর্জাতিকে	a nt O r j a t i k e	native
বক্তব্যটি	b O kt O b b O T i	native
উদাহরণস্বরূপ	u d a h o r O n sh O r u p	tatsama
দেরী	d e r i	native
পুলির	p u l i r	native
তাজউদ্দিন	t a j u d d i n	proper_noun
শাসনামলের	sh a sh O n a m O l e r	native
তাঁবুতে	t a~ b u t e	native
পলিথিনের	p o l i th i n e r	loanword
শিশুবিশেষজ্ঞ	sh i sh u b i sh e sh o g g O	tatsama
শরীরি	sh o r i r i	native
গফফার	g o ph ph a r	proper_noun
ক্লিওপেট্রার	kl i O p e T r a r	proper_noun
জীবনকে	j i b O n k e	native
পথশিশুদের	p o th O sh i sh u d e r	native
গুলা	g u l a	native
জামশেদ	j a m sh e d	proper_noun
বেশখানিকটা	b e s kh a n i k T a	native
দুর্নীতিমুক্ত	d u r n i t i m u kt O	native
মুর্শিদাবাদ	m u r sh i d a b a d	proper_noun
রুমাল	r u m a l	native
করারোপ	k o r a r O p	native
রাজধানীতে	r a j dh a n i t e	native
ঘটাতে	gh o T a t e	native
কালচার	k a l ch a r	native
পূর্বপুরুষের	p u r b O p u r u sh e r	tatsama
সদ্যোজাত	sh O d d O j a t	native
জীবপ্রযুক্তিবিদ	j i b pr O j u kt i b i d	native
প্রতিযোগিতাটির	pr O t i j O g i t a T i r	native
কাজটাকে	k a j T a k e	native
জনা	j o n a	native
নাজরীন	n a j r i n	proper_noun
যুক্তরাজ্যভিত্তিক	j u kt O r a j j O bh i tt i k	loanword
মারকারি	m a r k a r i	native
মৃত্যুপুরীতে	m ri t t u p u r i t e	tatsama
রুমাকে	r u m a k e	proper_noun
বালককে	b a l o k k e	native
পর্বতারোহীরা	p o r b O t a r O h i r a	native
আরিফকে	a r i ph k e	proper_noun
পিটার্সবার্গ	p i T a r s b a r g	proper_noun
পরোটার	p o r O T a r	native
প্রামাণ্যচিত্র	pr a m a n n O ch i tr O	tatsama
কাড়ে	k a r e	native
আত্মকেন্দ্রিক	a t t O k e ndr i k	native
চেকপোস্টের	ch e k p O s T e r	loanword
ক্রাইস্টচার্চে	kr a i s T ch a r ch e	loanword
অনির্দিষ্টকালের	o n i r d i shT O k a l e r	tatsama
বারবারার	b a r b a r a r	proper_noun
মনরোভিয়া	m o n r O bh i a	proper_noun
প্রচ্ছন্নভাবে	pr O ch chh o nn O bh a b e	native
নীলক্ষেত	n i l kh e t	tatsama
কানাডিয়ান	k a n a D i a n	native
চুলোর	ch u l O r	native
জবানবন্দীতে	j o b a n b O nd i t e	native
ইসলামীসহ	i s l a m i sh o h O	native
বাদবাকি	b a d b a k i	native
দমকলের	d o m k o l e r	native
পরিবর্তনকারী	p O r i b o r t O n k a r i	native
মদিনা	m O d i n a	proper_noun
মননশীলতা	m o n O n sh i l o t a	native
প্রাণিবিজ্ঞান	pr a n i b i g g a n	tatsama
মানবপাচারে	m a n O b p a ch a r e	native
পৃষ্ঠাসংখ্যা	p r i shTh a sh o ng kh a	tatsama
আরনিং	a r n i ng	loanword
ক্যালিগ্রাফি	k A l i gr a ph i	loanword
ভর্তিচ্ছুদের	bh O r t i ch chh u d e r	native
মহাশক্তিধর	m o h a sh O kt i dh o r	native
পরকাল	p o r O k a l	native
তক্ষুনি	t o kkh u n i	tatsama
হবিগঞ্জের	h O b i g o nj e r	proper_noun
সমাজকল্যাণমূলক	sh o m a j k o l l a n m u l o k	tatsama
বাঁশখালী	b a~ sh kh a l i	proper_noun
সমারোহ	sh o m a r O h O	native
অভিযোগকে	O bh i j O g k e	native
ফেরিতে	ph e r i t e	loanword
আত্মতুষ্টিতে	a t t O t u shT i t e	tatsama
আলজাজিরার	a l j a j i r a r	proper_noun
ঈর্ষার	i r sh a r	tatsama
রক্তিম	r O kt i m	native
প্রতিনিধিত্বের	pr O t i n i dh i tt e r	tatsama
ধুলোর	dh u l O r	native
কাজপাগল	k a j p a g O l	native
এনজিওতে	e n j i O t e	loanword
শান্তিচুক্তির	sh a nt i ch u kt i r	native
বন্দুকের	b O nd u k e r	native
ক্যাডাররা	k A D a r r a	loanword
মাস্কারা	m a s k a r a	loanword
মায়ের	m a e r	native
আনলাম	a n l a m	native
বাংলাভাষীদের	b a ng l a bh a sh i d e r	tatsama
পাপারাজ্জিদের	p a p a r a j j i d e r	native
জেলহত্যা	j e l h O t t a	native
নিমরুদ	n i m r u d	proper_noun
নদীনালা	n O d i n a l a	native
নরহত্যা	n o r O h O t t a	native
অনুগতরা	O n u g o t O r a	native
বন্দেগীর	b o nd e g i r	native
ধারণাটা	dh a r O n a T a	tatsama
স্থাপত্যশিল্পের	sth a p o t t O sh i l p e r	native
অনেকটা	o n e k T a	native
যুদ্ধক্ষেত্র	j u d dh O kh e tr O	tatsama
মেহফুজ	m e h ph u j	proper_noun
যুক্তরাষ্ট্রসহ	j u kt O r a sh T r O sh o h O	tatsama
নটিক্যাল	n O T i k A l	loanword
ফিনল্যান্ড	ph i n l A n D	proper_noun
একান্নবর্তী	e k a nn O b O r t i	native
স্টার্চ	s T a r ch	loanword
ধুপগুড়ি	dh u p g u r i	proper_noun
কিপ	k i p	loanword
কোণগুলো	k O n g u l O	tatsama
টহলে	T o h O l e	native
ইস্তাম্বুলের	i st a mb u l e r	proper_noun
বিত্তবানদের	b i tt O b a n d e r	native
বিজ্ঞাপনচিত্রে	b i g g a p O n ch i tr e	tatsama
আচরণে	a ch O r o n e	tatsama
থ্রিল	th r i l	loanword
সম্ভারে	sh o m bh a r e	native
তাসকিনকে	t a s k i n k e	proper_noun
বিরাটকে	b i r a T k e	native
গতিই	g O t i i	native
জানলেন	j a n l e n	native
বিদ্বেষমূলক	b i d d e sh m u l O k	tatsama
দুরবস্থার	d u r o b o sth a r	native
গুরুত্বপূর্ন	g u r u tt O p u r n O	tatsama
ক্যামেরাগুলো	k A m e r a g u l O	loanword
ভরদ্বাজের	bh o r O d d a j e r	native
পুনঃনিরীক্ষণের	p u n O n i r i kkh o n e r	tatsama
ফরমাল	ph o r m a l	loanword
আকারভেদে	a k a r bh e d e	native
নীরেন্দ্রনাথ	n i r e ndr O n a th	proper_noun
মধ্যপ্রাচ্যকে	m O d dh O pr a ch ch O k e	native
মঞ্চেই	m o nch e i	tatsama
নবাবকে	n o b a b k e	native
দোলযাত্রা	d O l j a tr a	native
আরেকবার	a r e k b a r	native
উপস্থাপন	u p O sth a p O n	native
সংশোধনীতে	sh o ng sh O dh O n i t e	native
চিত্রনির্মাতা	ch i tr O n i r m a t a	native
বুদ্ধিপ্রতিবন্ধী	b u d dh i pr O t i b O ndh i	tatsama
কমিশনারকে	k o m i sh o n a r k e	loanword
মরদেহটি	m o r O d e h O T i	native
প্রাণীটির	pr a n i T i r	tatsama
মরিসকে	m O r i s k e	proper_noun
প্রেসক্লাবের	pr e s kl a b e r	loanword
ধর্মান্ধ	dh o r m a ndh O	tatsama
ফরমের	ph o r m e r	loanword
রেস্টুরেন্টটি	r e s T u r e n T T i	loanword
বিধানসভার	b i dh a n sh o bh a r	native
মথিত	m O th i t O	native
দৃষ্ট	d ri shT O	tatsama
পশলা	p o sh l a	native
শ্রেনী	s r e n i	native
অবচেতনে	o b O ch e t O n e	native
গণভোটকে	g o n O bh O T k e	tatsama
দরবেশের	d o r b e sh e r	native
কাদরীর	k a d r i r	proper_noun
কাঁচাবাজারের	k a~ ch a b a j a r e r	native
সঙ্গে	sh o ngg e	native
জনসাধারণকে	j o n O sh a dh a r O n k e	tatsama
অবধারিতভাবে	o b O dh a r i t O bh a b e	native
জোটনিরপেক্ষ	j O T n i r O p e kkh O	tatsama
ফুঁসতে	ph u~ sh t e	native
সুহৃদের	sh u ri d e r	tatsama
আবদুল্লাহর	a b d u l l a h r	proper_noun
রশিদের	r O sh i d e r	native
সাব্বিরও	s a b b i r O	proper_noun
সাম	s a m	native
দরজি	d O r j i	native
এতক্ষণে	E t O kkh O n e	tatsama
টেনিসের	T e n i s e r	loanword
পদক্ষেপকে	p o d O kkh e p k e	tatsama
হালচাষ	h a l ch a sh	tatsama
সেলুনে	s e l u n e	loanword_nativized
চন্দ্রবিন্দু	ch o ndr O b i nd u	native
খাদ্যদ্রব্যের	kh a d d O d r O b b e r	native
বাহাউদ্দিনের	b a h a u d d i n e r	proper_noun
সাগা	s a g a	native
প্রস্তুতকারক	pr O st u t k a r O k	native
পোস্টারে	p O s T a r e	loanword
মতপার্থক্য	m o t O p a r th O k k O	native
অসীম	o sh i m	native
সেগুলোরও	sh e g u l O r O	native
কাসুন্দি	k a sh u nd i	native
সাহিত্যকে	sh a h i t t O k e	native
দেশগুলোও	d e sh g u l O O	native
সত্যতার	sh O t t O t a r	native
শরিফুল	sh O r i ph u l	proper_noun
ফ্রেমবন্দি	ph r e m b O nd i	loanword_nativized
সিলেকশন	s i l e k sh o n	loanword
ক্যাবলের	k A b O l e r	loanword
মাসলামা	m a s l a m a	loanword
হলুদাভ	h O l u d a bh	native
বিমানবন্দরসহ	b i m a n b o nd O r sh o h O	native
জোসি	j O sh i	proper_noun
সিজদা	sh i j d a	loanword
যুদ্ধবিমানের	j u d dh O b i m a n e r	tatsama
দুষ্কৃতিকারীরা	d u s k r i t i k a r i r a	tatsama
আত্মবিশ্বাসী	a t t O b i sh sh a sh i	tatsama
বহির্বিভাগ	b O h i r b i bh a g	native
সমর্থিতরা	sh o m O r th i t O r a	native
গানটি	g a n T i	native
বিপণিবিতানের	b i p O n i b i t a n e r	tatsama
খোলাসা	kh O l a sh a	native
ধারণাটিকে	dh a r O n a T i k e	tatsama
সমাজকে	sh o m a j k e	native
পুনর্মিলনীতে	p u n o r m i l O n i t e	native
ঘোড়াশাল	gh O r a sh a l	native
একশটি	E k sh O T i	native
স্টাডিজে	s T a D i j e	loanword
হেলিকপ্টারও	h e l i k o p T a r O	loanword
বিন্যাসের	b i n n a sh e r	native
রেসি	r e s i	loanword
কর্মচাঞ্চল্য	k o r m O ch a nch O l l O	tatsama
বালুমহাল	b a l u m o h a l	native
সিরাজের	sh i r a j e r	proper_noun
কর্মক্ষেত্রের	k o r m O kh e tr e r	tatsama
খাবারটি	kh a b a r T i	native
সুধীন	sh u dh i n	native
বাসটি	b a s T i	native
সিসিলিতে	s i s i l i t e	proper_noun
কমতে	k O m t e	native
শরণখোলার	sh o r O n kh O l a r	tatsama
সাবাশ	sh a b a sh	native
জনপ্রতিনিধিসহ	j o n O pr O t i n i dh i sh o h O	native
রয়েছি	r O e chh i	native
চত্বরটি	ch o tt O r T i	tatsama
ভিত্তিপ্রস্তর	bh i tt i pr O st o r	native
রাষ্ট্রদূতের	r a sh T r O d u t e r	tatsama
সানা	s a n a	loanword
সিসা	sh i sh a	loanword
কর্মকর্তাবৃন্দ	k o r m O k o r t a b r i nd O	tatsama
আসেনা	a sh e n a	native
মখমলের	m o kh m o l e r	native
বহুনির্বাচনি	b O h u n i r b a ch O n i	native
ক্যাচিং	k A ch i ng	loanword
এস্কান্দারের	e s k a nd a r e r	native
ট্রাকগুলো	T r a k g u l O	loanword
সিসিটিভি	s i s i T i bh i	loanword
গণভবনে	g o n O bh o b O n e	tatsama
বিদ্রূপাত্মক	b i d r u p a t t o k	native
সোনম	s O n o m	proper_noun
চর্চাকে	ch o r ch a k e	native
পরবে	p O r b e	native
ওদিক	O d i k	native
প্রশ্নোত্তরের	pr O sh n O tt r e r	native
শামসুজ্জামান	sh a m s u j j a m a n	proper_noun
লিফটে	l i ph T e	loanword
মরিয়া	m O r i a	native
কর্মসূচীতে	k o r m O sh u ch i t e	native
সাপঘরে	sh a p gh o r e	native
অগভীর	o g O bh i r	native
ঘাস	gh a sh	native
অনুষ্ঠানস্থলের	O n u shTh a n sth o l e r	tatsama
হলদেটে	h O l d e T e	loanword
সিনা	s i n a	loanword
লোকগুলোকে	l O k g u l O k e	native
অপর্যাপ্ততা	o p O r j a p t O t a	native
সর্বক্ষেত্রে	sh o r b O kh e tr e	tatsama
ঘোষণাপত্র	gh O sh O n a p o tr O	tatsama
পানিনিষ্কাশনের	p a n i n i sh k a sh O n e r	tatsama
অমীমাংসিত	o m i m a ng sh i t O	native
ডিসে	D i sh e	loanword
গিবত	g i b o t	native
ফেঞ্চুগঞ্জ	ph e nch u g o nj	proper_noun
কুমিরকে	k u m i r k e	native
সাকিবের	s a k i b e r	native
গুরুত্বপূর্ণ	g u r u tt O p u r n O	tatsama
সন্তানটিকে	sh o nt a n T i k e	native
বাণিজ্যিকীকরণ	b a n i j j i k i k o r O n	tatsama
সালফার	s a l ph a r	proper_noun
বার্সেলোনাকে	b a r s e l O n a k e	proper_noun
ভোটদান	bh O T d a n	native
খণ্ডিত	kh O n D i t O	tatsama
উৎসেচক	u t sh e ch o k	native
ব্যবসাক্ষেত্রে	b A b sh a kh e tr e	tatsama
বিষপানে	b i sh p a n e	tatsama
পাঁজর	p a~ j O r	native
নিস	n i sh	loanword
আহমেত	a h m e t	proper_noun
এঁকেছিলেন	e~ k e chh i l e n	native
প্রত্যাবর্তনে	pr O t t a b o r t O n e	native
গণসংযোগে	g o n O sh o ng j O g e	tatsama
নির্মাণেরও	n i r m a n e r O	tatsama
মাসাজ	m a s a j	loanword
নৃত্যশিল্পীরা	n r i t t O sh i l p i r a	tatsama
গিটারটি	g i T a r T i	loanword
ইকরাম	i k r a m	proper_noun
ধাক্কাধাক্কির	dh a k k a dh a k k i r	native
ওসমানি	O s m a n i	proper_noun
এদেরমধ্যে	e d e r m O d dh e	native
ঢাকঢোল	Dh a k Dh O l	native
শপের	sh o p e r	loanword
সেলিমও	s e l i m O	proper_noun
জিসেল	j i s e l	proper_noun
কুসুমের	k u sh u m e r	native
পক্ষেও	p O kkh e O	tatsama
স্বত্বাধিকারী	sh o tt a dh i k a r i	tatsama
কীর্তিস্তম্ভ	k i r t i st O m bh O	native
করতালিতে	k o r O t a l i t e	native
সুখবর	sh u kh o b O r	native
অসুবিধার	o sh u b i dh a r	native
একপ্রান্ত	E k pr a nt O	native
লাফার্জ	l a ph a r j	proper_noun
কমার্সের	k o m a r s e r	loanword
মুশফিকুরের	m u sh ph i k u r e r	proper_noun
ব্যবহিত	b A b O h i t O	native
মাদকদ্রব্যসহ	m a d O k d r O b b O sh o h O	native
ওসাকা	O s a k a	proper_noun
স্ট্যান্ডার্ড	s T A n D a r D	loanword
ট্যালেন্টপুলে	T A l e n T p u l e	loanword
সাতই	s a t i	native
মাহেন্দ্রক্ষণ	m a h e ndr O kh o n	tatsama
হাসিকে	h a sh i k e	native
আর্জেন্টিনীও	a r j e n T i n i O	proper_noun
একতলার	E k t o l a r	native
সাযুজ্য	sh a j u j j O	native
কামরূপ	k a m r u p	native
ছাত্রসেনার	chh a tr O sh e n a r	native
ট্যাক্সিক্যাব	T A k sh i k A b	loanword
রেহমান	r e h m a n	proper_noun
আর্জেন্টিনাকে	a r j e n T i n a k e	loanword
সমাদর	sh o m a d o r	native
চিত্রিত	ch i tr i t O	native
আহমেদও	a h m e d O	proper_noun
সারাক্ষণ	sh a r a kkh o n	tatsama
বাদুরতলা	b a d u r t o l a	native
এমেরিটাস	e m e r i T a s	loanword
দেশীদশ	d e sh i d o sh	native
বিদ্যুৎকেন্দ্রগুলোর	b i d d u t k e ndr O g u l O r	native
সূর্যটা	sh u r j O T a	native
সোশাল	s O sh a l	loanword
ম্যানচেস্টারের	m A n ch e s T a r e r	proper_noun
সাম্রাজ্যবাদী	sh a m r a j j O b a d i	native
পার্শ্ববর্তী	p a r sh O b O r t i	tatsama
ধরেছিলেন	dh O r e chh i l e n	native
ইনডোরের	i n D O r e r	loanword
লতিফপুর	l O t i ph p u r	proper_noun
সুদূরপ্রসারী	s u d u r pr O sh a r i	native
এগ্রিকালচার	e gr i k a l ch a r	native
শেখে	sh e kh e	native
মুক্তিযুদ্ধের	m u kt i j u d dh e r	tatsama
একদফা	E k d o ph a	native
আফগানরা	a ph g a n r a	proper_noun
উচ্ছ্বাস	u ch chh a sh	native
সহনশীলতা	sh o h O n sh i l O t a	native
প্রত্যাখ্যাত	pr O t t a kh E t O	native
মহাবিহার	m o h a b i h a r	native
বেজমেন্ট	b e j m e n T	loanword
কফিশপ	k o ph i sh o p	loanword
পৃষ্ঠের	p ri shTh e r	tatsama
গোলকধাঁধা	g O l O k dh a~ dh a	native
স্থিতাবস্থা	sth i t a b O sth a	native
মাদকাসক্তরা	m a d O k a sh O kt O r a	native
আসিলে	a sh i l e	native
কনডেন্সড	k o n D e n s D	loanword
পাথরটি	p a th O r T i	native
সুচিত্রাকে	sh u ch i tr a k e	native
বর্গাকার	b o r g a k a r	native
হাঁটেননি	h a~ T e n n i	native
চিকিৎসাবিজ্ঞানের	ch i k i t sh a b i g g a n e r	tatsama
ঠেকাবে	Th E k a b e	native
জ্ঞানপাপী	g A n p a p i	tatsama
অগ্রাধিকারমূলক	O gr a dh i k a r m u l O k	native
করিতেছেন	k O r i t e chh e n	native
জনসম্মুখে	j o n O s o mm u kh e	native
সীমারেখার	sh i m a r e kh a r	native
সিলের	s i l e r	loanword
সাবেলা	s a b e l a	native
রাখছিল	r a kh chh i l O	native
কর্মঘণ্টা	k o r m O gh o n T a	tatsama
হারবার্ট	h a r b a r T	proper_noun
সপ্তাহগুলোতে	sh o p t a h O g u l O t e	native
টেলিফিল্মটির	T e l i ph i l m T i r	loanword
বসন্তকালে	b o sh O nt O k a l e	native
মফিজের	m O ph i j e r	proper_noun
অস্ত্রশস্ত্র	o s t r O sh o s t r O	native
আরামবাগের	a r a m b a g e r	proper_noun
আজকালের	a j k a l e r	native
কলোরাডোর	k o l O r a D O r	proper_noun
রিসোর্স	r i s O r s	loanword
অপশক্তিকে	o p O sh O kt i k e	native
স্বল্পসংখ্যক	sh o l p O sh o ng kh O k	tatsama
টুর্নামেন্টটি	T u r n a m e n T T i	loanword
গবেষকদলের	g o b e sh O k d o l e r	tatsama
সুরুজ	sh u r u j	native
করমু	k O r m u	native
অলিক	o l i k	native
পদতলে	p o d O t o l e	native
উপনিষদের	u p O n i sh o d e r	tatsama
স্বাস্থ্যহানি	sh a s th O h a n i	tatsama
টিএমএসএস	T i e m e s e s	loanword
লাগছে	l a g chh e	native
সঞ্চালিত	sh o nch a l i t O	tatsama
স্পেসে	s p e s e	loanword
পূর্বঘোষণা	p u r b O gh O sh O n a	tatsama
মাদাগাস্কারের	m a d a g a s k a r e r	proper_noun
রাষ্ট্রশক্তি	r a sh T r O sh O kt i	tatsama
খোরশেদপুর	kh O r sh e d p u r	proper_noun
আসীন	a sh i n	native
শুনতে	sh u n t e	native
রাজাকাররা	r a j a k a r r a	native
ধ্বংস	dh o ng sh O	native
সপ্তাহেও	sh o p t a h e O	native
প্রোপাগান্ডা	pr O p a g a n D a	loanword
জিনপিং	j i n p i ng	loanword
কালারস	k a l a r s	proper_noun
শিল্পাঞ্চলের	sh i l p a nch O l e r	tatsama
সতীর্থরা	sh o t i r th O r a	native
বিসিএল	b i s i e l	loanword
ক্লাসিকোর	kl a s i k O r	loanword
অপ্রাতিষ্ঠানিক	o pr a t i shTh a n i k	tatsama
প্রতিষ্ঠানকে	pr O t i shTh a n k e	tatsama
বুদ্ধিজীবীদের	b u d dh i j i b i d e r	tatsama
ইস্ট্রোজেনের	i s T r O j e n e r	loanword
পরিপাকতন্ত্রের	p O r i p a k t o n t r e r	native
মডেলের	m o D e l e r	loanword
সীতাকুণ্ডের	sh i t a k u n D e r	tatsama
শাহজাহানপুরে	sh a h j a h a n p u r e	proper_noun
জামদানি	j a m d a n i	native
কমানোসহ	k o m a n O sh o h O	native
সুসংবাদ	sh u sh o ng b a d	native
ধরনটি	dh o r O n T i	native
অসংলগ্ন	o sh o ng l o g n O	native
সম্ভ্রান্ত	sh o m bh r a nt O	native
ক্ষমতাসীনদের	kh o m O t a sh i n d e r	tatsama
নিম্নমাধ্যমিক	n i m n O m a d dh O m i k	native
সুনীতা	sh u n i t a	native
কাকে	k a k e	native
অনাহুত	o n a h u t O	native
করবা	k O r b a	native
জাতগুলোর	j a t g u l O r	native
ধর্মসচিব	dh o r m O sh O ch i b	native
এমএসএন	e m e s e n	loanword
অর্থপ্রাপ্তির	o r th O pr a p t i r	native
হ্যারিসনের	h A r i s o n e r	loanword
চতুর্থবারের	ch O t u r th O b a r e r	native
ভুললেন	bh u l l e n	native
সিটির	s i T i r	loanword
প্রশস্তি	pr O sh O st i	native
স্নাতকোত্তর	sn a t O k O tt o r	native
হম্বিতম্বি	h O mb i t O mb i	native
প্রতিদ্বন্দ্বিতামূলক	pr O t i d d O n d i t a m u l O k	native
মাঝেমাঝে	m a jh e m a jh e	native
আকাশচুম্বি	a k a sh ch u mb i	native
ম্যাসাচুসেটসের	m A sh a ch u s e T s e r	loanword
ফ্যান্টাস্টিক	ph A n T a s T i k	loanword
তোমাদেরকে	t O m a d e r k e	native
স্বার্থসংশ্লিষ্ট	sh a r th O sh o ng sh l i shT O	tatsama
সেহেতু	sh e h e t u	native
প্রতিরুদ্ধ	pr O t i r u d dh O	tatsama
পাম্পের	p a mp e r	loanword
খোসাসহ	kh O sh a sh o h O	native
ভিভিএস	bh i bh i e s	loanword
সেভাবে	sh e bh a b e	native
সালেহর	s a l e h O r	proper_noun
বিএনপিতে	b i e n p i t e	loanword
ক্রিকেটারের	kr i k e T a r e r	loanword
রুজি	r u j i	loanword
প্রেক্ষাগৃহে	pr e kkh a g ri h e	tatsama
সর্বনাশা	sh o r b O n a sh a	native
ক্রুসের	kr u s e r	loanword
পাতিলে	p a t i l e	native
রাত্রিতে	r a tr i t e	native
খানম	kh a n O m	native
আবাসিকে	a b a sh i k e	native
রহমানের	r o h m a n e r	proper_noun
সুজিতের	sh u j i t e r	proper_noun
খলিফা	kh O l i ph a	proper_noun
ছাড়ে	chh a r e	native
এগ্রিমেন্ট	e gr i m e n T	loanword
সরকারমন্ত্রী	sh o r k a r m O n t r i	native
হরপ্রসাদ	h o r O pr O sh a d	proper_noun
আধাকাপ	a dh a k a p	native
বিলাতি	b i l a t i	native
কাহিনীকার	k a h i n i k a r	native
ভবিষ্যত	bh O b i sh sh o t	tatsama
ঢঙের	Dh o ng e r	native
ছবিটা	chh O b i T a	native
পেশীর	p e sh i r	native
জিনের	j i n e r	loanword
ম্যাচসেরার	m A ch sh e r a r	loanword
বোধগম্য	b O dh O g o m m O	native
ফিশ	ph i sh	loanword
গোপালভোগ	g O p a l bh O g	native
নাস	n a s	loanword
কদিনের	k o d i n e r	native
পতিতা	p O t i t a	native
জাগরণের	j a g O r O n e r	tatsama
সমিতিগুলোর	sh o m i t i g u l O r	native
কাটাচ্ছেন	k a T a ch chh e n	native
ভালোলাগে	bh a l O l a g e	native
উল্লেখযোগ্যভাবে	u l l e kh j O g g O bh a b e	native
টিএনটি	T i e n T i	loanword
ভালোভাবে	bh a l O bh a b e	native
স্বাচ্ছন্দ্যবোধ	sh a ch chh o n d O b O dh	tatsama
ইলাইফ	i l a i ph	loanword
পাপ	p a p	native
মুসলিমপ্রধান	m u s l i m pr O dh a n	loanword_nativized
মাদুরো	m a d u r O	proper_noun
কালরাত	k a l r a t	native
কাজকে	k a j k e	native
অনিরাপদ	o n i r a p o d	native
পলাশির	p o l a sh i r	native
মেঝেতে	m e jh e t e	native
আন্তঃযোগাযোগ	a nt O j O g a j O g	tatsama
রোলগুলো	r O l g u l O	native
নারকেলের	n a r k e l e r	native
মসুরের	m O sh u r e r	native
কাটাখালী	k a T a kh a l i	native
বরাতে	b o r a t e	native
হাজি	h a j i	native
রক্ষণভাগের	r o kkh O n bh a g e r	tatsama
কন্টাক্ট	k o n T A k T	loanword
ত্রিপুরা	tr i p u r a	proper_noun
জীবে	j i b e	native
মিরকামারী	m i r k a m a r i	native
জু	j u	native
নাট্যম	n a T T O m	native
নেস্ট	n e s T	loanword
গণমাধ্যমসহ	g o n O m a d dh O m sh o h O	tatsama
মির্জাপুর	m i r j a p u r	native
কল্পনা	k o l p O n a	native
আবেদনকে	a b e d O n k e	native
কারসাজিতে	k a r sh a j i t e	native
যুক্ত	j u kt O	native
কলিন্স	k o l i n s	proper_noun
নিমেষে	n i m e sh e	tatsama
করভার	k o r bh a r	native
ছিদ্রের	chh i d r e r	native
এগোতে	e g O t e	native
সিকদারকে	sh i k d a r k e	proper_noun
দাদুর	d a d u r	native
কদুর	k o d u r	native
এডিসন	e D i s o n	proper_noun
রিচার্ডসন	r i ch a r D s o n	proper_noun
জুমের	j u m e r	native
এনরিক	e n r i k	proper_noun
সফরসূচি	s o ph O r sh u ch i	loanword
সিদ্দিকুরের	s i d d i k u r e r	proper_noun
বাজেটিং	b a j e T i ng	loanword
মানহানিকর	m a n h a n i k o r	native
পূর্ণগ্রাস	p u r n O gr a sh	tatsama
ল্যাং	l A ng	loanword
গোশত	g O sh t O	native
সন্তানই	sh o nt a n i	native
তুষারধসে	t u sh a r dh o sh e	tatsama
যুবকটিকে	j u b O k T i k e	native
পার্টিশন	p a r T i sh o n	loanword
পর্যটনমন্ত্রী	p o r j O T o n m O n t r i	native
পিয়ানোটা	p i a n O T a	loanword
কাঁটাতারে	k a~ T a t a r e	native
বলছিলাম	b O l chh i l a m	native
মাগনা	m a g n a	native
আমবাত	a m b a t	native
মোরগা	m O r g a	native
নিপুণের	n i p u n e r	tatsama
ললিতের	l O l i t e r	native
মেলাও	m E l a O	native
ছেলেরে	chh e l e r e	native
মনযোগী	m O n O j O g i	native
জিদ	j i d	native
মারমার	m a r m a r	loanword
মানব	m a n O b	native
স্যুটকেসে	s u T k e s e	loanword
গতিসম্পন্ন	g O t i sh o mp O nn O	native
মেধাবীর	m e dh a b i r	native
অধিদপ্তর	O dh i d o p t O r	native
বন্দরসমূহের	b o nd O r sh O m u h e r	native
চমৎকৃত	ch o m O t k ri t O	tatsama
অনেকদূর	o n e k d u r	native
মাহিকে	m a h i k e	proper_noun
ভেটেরিনারি	bh e T e r i n a r i	loanword
ডিসি	D i s i	loanword
পূর্বাভাসও	p u r b a bh a sh O	native
বারটি	b a r O T i	native
যোনি	j O n i	native
অন্ন	O nn O	native
জাহান্নাম	j a h a nn a m	loanword
নরকের	n o r O k e r	native
কালী	k a l i	native
গেটটি	g e T T i	loanword
সমস্যাটিকে	sh o m O sh sh a T i k e	loanword
ভূমিধসের	bh u m i dh o sh e r	native
সারিবদ্ধ	sh a r i b o d dh O	tatsama
সংখ্যাতত্ত্বের	sh o ng kh a t o t t e r	tatsama
বিমানটিকে	b i m a n T i k e	native
থ্রু	th r u	native
চলমান	ch o l O m a n	native
আরম্ভ	a r O m bh O	native
ত্রাহি	tr a h i	native
কানাডার	k a n a D a r	proper_noun
প্রেসসচিব	pr e s sh O ch i b	native
লোহার	l O h a r	native
জীবনধারা	j i b O n dh a r a	native
রন্ধ্রে	r o n dh r e	tatsama
তাসকিনের	t a s k i n e r	proper_noun
সেও	sh e O	native
নেটবুকের	n e T b u k e r	loanword
সিরকার	s i r k a r	native
শ্রম	s r O m	native
সেনজেন	sh e n j e n	loanword
কোলেস্টেরলের	k O l e s T e r O l e r	loanword
সূর্যালোক	sh u r j a l O k	native
লিপবাম	l i p b a m	loanword
আভিজাত্য	a bh i j a t t O	native
রুমঝুম	r u m jh u m	native
গণযোগাযোগ	g o n O j O g a j O g	tatsama
বাসসহ	b a s sh o h O	loanword
আন্টির	a n T i r	loanword
ইনিংসের	i n i ng s e r	loanword
সংক্রমন	sh o ng kr O m O n	native
জামিনের	j a m i n e r	native
দাদার	d a d a r	native
হীরের	h i r e r	native
ঠিকানাবিহীন	Th i k a n a b i h i n	native
প্রাণঢালা	pr a n Dh a l a	tatsama
সম্যক	sh o m m O k	native
হিমাগারের	h i m a g a r e r	native
লালনগীতি	l a l O n g i t i	native
মাথাব্যাথা	m a th a b A th a	native
বোনটির	b O n T i r	native
কাটের	k a T e r	native
তদবিরের	t O d b i r e r	loanword
পুদিনাপাতা	p u d i n a p a t a	native
মুর	m u r	native
মনোজগতে	m O n O j o g O t e	native
অবকাঠামোগত	o b O k a Th a m O g o t O	native
সোমেশ্বর	sh O m e sh sh o r	tatsama
ইস্তোনিয়ার	i st O n i a r	proper_noun
আলীম	a l i m	loanword
নেকি	n e k i	loanword
রঞ্জন	r o nj O n	tatsama
প্রভাবের	pr O bh a b e r	native
কর্মীবাহিনী	k O r m i b a h i n i	native
কৃষিসহ	k ri sh i sh o h O	tatsama
তোরণে	t O r O n e	tatsama
সফররত	s o ph O r r o t O	loanword
অল্পক্ষণ	o l p O kh o n	tatsama
ওমরাহ	O m r a h	loanword
রাজপুত্রকে	r a j p u tr O k e	native
কলেজটিতে	k o l e j T i t e	native
হ্যামলেট	h A m l e T	loanword
হেলা	h E l a	native
বাস্তববাদী	b a st O b b a d i	native
ক্লার্ক	kl a r k	loanword
সংখ্যাগরিষ্ঠতার	sh o ng kh a g O r i shTh O t a r	tatsama
দপ্তরবিহীন	d o p t O r b i h i n	native
আচরণের	a ch O r o n e r	tatsama
সেলফ	s e l ph	loanword
ম্যারেজ	m A r e j	loanword
মুস্তাফিজুর	m u st a ph i j u r	proper_noun
বর্ম	b o r m O	native
প্লাটফর্মে	p l a T ph o r m e	loanword
দ্রোণ	d r O n	tatsama
ম্যাচকে	m A ch k e	loanword
ম্যাগলেভ	m A g l e bh	proper_noun
হানিওয়েল	h a n i O e l	proper_noun
বিপজ্জনক	b i p O j j o n O k	native
ফিলিস্তিন	ph i l i st i n	native
টুর্নামেন্টের	T u r n a m e n T e r	loanword
ড্রইং	D r o i ng	loanword
হাটে	h a T e	native
প্রতিবেশের	pr O t i b e sh e r	native
প্লাটুন	p l a T u n	loanword
পদবিতে	p o d O b i t e	native
দুধারে	d u dh a r e	native
নির্বাচনের	n i r b a ch O n e r	native
রক্তশূন্যতার	r o kt O sh u n n O t a r	native
সন্স	s o n s	loanword
বন্দরগুলোতে	b o nd O r g u l O t e	native
কাছারি	k a chh a r i	native
চাটারা	ch a T a r a	native
প্রজন্ম	pr O j o n m O	native
পটের	p o T e r	native
বাঁচেন	b a~ ch e n	native
বসু	b O s u	native
শক্তিই	sh O kt i i	native
জমিটি	j O m i T i	loanword
স্বপ্নপূরণের	sh o p n O p u r O n e r	tatsama
খাকি	kh a k i	native
নো	n O	native
শিল্পনগর	sh i l p O n o g O r	native
ভ্রাতা	bh r a t a	native
স্টেডিয়ামে	s T e D i a m e	loanword
করাতের	k o r a t e r	native
তৃষ্ণা	t r i sh n a	tatsama
যন্ত্রশিল্পী	j o n t r O sh i l p i	native
স্থাবর	sth a b O r	native
সদস্যপদ	sh o d O sh sh O p o d	native
হিটস্ট্রোকে	h i T s T r O k e	loanword
রাজ্যপালের	r a j j O p a l e r	native
লাগেজটি	l a g e j T i	loanword
এরজন্য	e r j O n n O	native
মানববিহীন	m a n O b b i h i n	native
ফটোগ্রাফির	ph o T O gr a ph i r	loanword
ফরহাদ	ph o r h a d	loanword
নন্দিত	n O nd i t O	native
দুস্থদের	d u sth O d e r	native
দরদাম	d o r d a m	native
করাহবে	k o r a h o b e	native
অদলবদল	o d O l b o d O l	native
সাহাবি	s a h a b i	native
আকরাম	a k r a m	native
যানটির	j a n T i r	native
শমসের	sh o m sh e r	loanword
হাজতবাসের	h a j O t b a sh e r	native
মৃত্যুপুরী	m ri t t u p u r i	tatsama
রকেটের	r o k e T e r	loanword
ক্যালোরির	k A l O r i r	loanword
খামারে	kh a m a r e	native
ব্রাজিল	br a j i l	loanword
উপজেলাধীন	u p O j e l a dh i n	native
নোটসহ	n O T sh o h O	loanword
ছিটকে	chh i T k e	native
সহিষ্ণুতার	sh o h i sh n u t a r	tatsama
শ্রমিকও	s r O m i k O	native
শ্যানন	sh A n o n	native
কালা	k a l a	native
ট্রিলোজির	T r i l O j i r	loanword
স্বপনকে	sh o p O n k e	tatsama
মাদ্রাসা	m a d r a s a	loanword
প্রাচীরে	pr a ch i r e	native
উম্মাহ	u mm a h	loanword
গহর	g o h O r	native
ইটনা	i T n a	native
প্রোডাকশন	pr O D a k sh o n	loanword
স্ক্যানের	s k A n e r	loanword
মার্কশিট	m a r k sh i T	loanword
জেলাগুলোতে	j e l a g u l O t e	native
আম্রপালির	a m r O p a l i r	native
ন্যাশনালিস্ট	n A sh n a l i s T	loanword
স্বাবলম্বী	sh a b O l O mb i	tatsama
পিকচার্সের	p i k ch a r s e r	loanword
ফিরতে	ph i r t e	native
পানশালা	p a n sh a l a	native
সমুদ্দুর	sh O m u d d u r	native
জানিই	j a n i i	native
নির্ধারক	n i r dh a r O k	native
গ্রাসের	gr a sh e r	native
গ্রাস	gr a sh	native
সোমেশ্বরী	sh O m e sh sh O r i	tatsama
উত্সর্গ	u t sh o r g O	native
বেহাল	b e h a l	native
আত্মশক্তি	a t t O sh O kt i	native
মিথ্যাবাদী	m i t th a b a d i	native
বণিকের	b O n i k e r	tatsama
জাজিরাতুল	j a j i r a t u l	loanword
বলবেন	b O l b e n	native
ইঞ্জেকশনের	i nj e k sh o n e r	loanword
কর্মক্ষম	k o r m O kkh o m	tatsama
পাতাসহ	p a t a sh o h O	native
প্ল্যান্ট	p l A n T	loanword
লবণাক্ততার	l o b O n a kt O t a r	tatsama
কার্যাবলী	k a r j a b O l i	native
কিছুও	k i chh u O	native
ক্রান্তিকাল	kr a nt i k a l	native
ঘনিষ্ঠরা	gh O n i shTh O r a	tatsama
পক্ষকে	p O kkh O k e	tatsama
বিশ্লেষণের	b i s l e sh o n e r	tatsama
দুম	d u m	native
সেমিস্টারের	s e m i s T a r e r	loanword
অনলে	o n O l e	native
ব্রাজিলও	br a j i l O	loanword
রুস্তমপুর	r u st o m p u r	proper_noun
জলোচ্ছ্বাসে	j o l O ch chh a sh e	native
হলফ	h o l O ph	loanword
ডেক	D e k	loanword
প্রতিভা	pr O t i bh a	native
কর্মকর্তরা	k o r m O k o r t O r a	native
তারাপুর	t a r a p u r	proper_noun
ফুয়াদ	ph u a d	proper_noun
লিখলেন	l i kh l e n	native
অধিবাসীকে	O dh i b a sh i k e	native
আবছার	a b chh a r	native
অগুনতি	o g u n O t i	native
স্ক্রিনপ্রিন্ট	s k r i n pr i n T	loanword
মেমন	m e m o n	proper_noun
সেনাসদস্য	sh e n a sh o d O sh sh O	native
শ্রীদেবী	s r i d e b i	proper_noun
হকারের	h o k a r e r	native
কোম্পানিটি	k O mp a n i T i	loanword
প্লেটগুলো	p l e T g u l O	loanword
চ্যালেঞ্জার্স	ch A l e nj a r s	loanword
হালহকিকত	h a l h O k i k o t	loanword
দম্পতিকে	d o mp O t i k e	native
বুমেরাং	b u m e r a ng	loanword
ঢলের	Dh o l e r	native
রমনা	r o m n a	proper_noun
জমজম	j o m j o m	loanword
জঘন্য	j o gh O n n O	native
করিনা	k O r i n a	native
রুহির	r u h i r	native
চর্চার	ch o r ch a r	native
একপলক	E k p o l O k	native
খসে	kh O sh e	loanword
প্রসাধনীর	pr O sh a dh O n i r	native
জারি	j a r i	loanword
নিম্নবর্ণের	n i m n O b o r n e r	tatsama
উত্সবের	u t sh o b e r	native
ক্রেমলিন	kr e m l i n	proper_noun
ধর্মগুরু	dh o r m O g u r u	native
খুনিকে	kh u n i k e	native
হ্যাডিন	h A D i n	proper_noun
কিসের	k i sh e r	loanword
গণমাধ্যমগুলোতে	g o n O m a d dh o m g u l O t e	tatsama
নদনদীতে	n o d n O d i t e	native
প্রিন্সটন	pr i n s T o n	proper_noun
ক্লান্তিকে	kl a nt i k e	native
চেষ্টাটা	ch e shT a T a	tatsama
বিচারের	b i ch a r e r	native
অপহরনের	o p O h o r O n e r	native
মো	m O	native
সম্মোহিত	sh o mm O h i t O	native
উগ্রবাদীদের	u gr O b a d i d e r	native
গ্রীস	gr i s	native
এক্সপেরিমেন্টাল	e k s p e r i m e n T a l	loanword
পাটের	p a T e r	native
জাতান	j a t a n	native
কিনলেন	k i n l e n	native
ক্র্যাক	k r A k	loanword
কিসিমের	k i s i m e r	loanword
হেন	h e n O	native
অভিলাষ	O bh i l a sh	tatsama
বাগচীর	b a g ch i r	proper_noun
দফাদার	d o ph a d a r	proper_noun
ফ্রুট	ph r u T	loanword
ক্যাপিটল	k A p i T o l	loanword
মিঠুকে	m i Th u k e	proper_noun
পিরোজপুরে	p i r O j p u r e	proper_noun
কতা	k o t a	native
বেধে	b e dh e	native
নির্জনে	n i r j o n e	native
ওভালে	O bh a l e	loanword
কোঠার	k O Th a r	loanword
আনেনি	a n e n i	native
উত্তরণে	u tt O r O n e	tatsama
গমের	g o m e r	native
কনভার্টার	k o n bh a r T a r	loanword
আচেহ	a ch e h	native
দিবাকর	d i b a k o r	native
আজহারুল	a j h a r u l	proper_noun
ভগবৎ	bh o g O b o t	native
সনির	s o n i r	proper_noun
সরঞ্জামাদির	sh o r O nj a m a d i r	tatsama
বাদলের	b a d O l e r	proper_noun
সাঁটানো	sh a~ T a n O	native
আক্রমণকে	a kr O m o n k e	tatsama
তৎপরতা	t o t p o r O t a	native
প্রার্থীতা	pr a r th i t a	native
প্রকাশককে	pr O k a sh o k k e	native
পিকেকে	p i k e k e	proper_noun
ফারহানা	ph a r h a n a	proper_noun
চ্যাং	ch A ng	loanword
দর্শনার্থী	d o r sh O n a r th i	native
যাত্রাশিল্প	j a tr a sh i l p O	native
জাহিদুলের	j a h i d u l e r	proper_noun
ডিজিট	D i j i T	loanword
শচিন	sh O ch i n	proper_noun
ইসলামীরও	i s l a m i r O	loanword_nativized
উকিলের	u k i l e r	native
চাপটা	ch a p T a	native
মিশনের	m i sh o n e r	loanword
সমস্যাগুলো	sh o m O sh sh a g u l O	native
গাল	g a l	native
উৎপত্তিস্থলের	u t p O tt i sth o l e r	native
ফ্যাট	ph A T	loanword
প্রচলনও	pr O ch o l O n O	native
মদপানে	m o d p a n e	native
বিত্তশালী	b i tt O sh a l i	native
মোড়ে	m O r e	native
আলামিন	a l a m i n	proper_noun
শূন্যস্থানের	sh u n n O sth a n e r	native
নীলু	n i l u	proper_noun
মস্তক	m o st O k	native
কবি	k O b i	native
বালাঘাটা	b a l a gh a T a	native
দুর্বোধ্য	d u r b O d dh O	native
পাতলু	p a t l u	native
পরিচালন	p O r i ch a l O n	native
এডিশনের	e D i sh o n e r	loanword
উজ্জীবিত	u j j i b i t O	native
প্রারম্ভে	pr a r o m bh e	native
ধনকুবেরের	dh o n k u b e r e r	native
রোল	r O l	loanword
সেন্টারসহ	s e n T a r sh o h O	loanword
মরতে	m O r t e	native
বোতলজাত	b O t O l j a t	native
উদ্ধৃত	u d dh r i t O	tatsama
দৃষ্টিকোণ	d ri shT i k O n	tatsama
উপশহর	u p O sh o h O r	native
জাতিসংঘের	j a t i sh o ng gh e r	native
কাঠমান্ডুতে	k a Th m a n D u t e	native
ক্যাম্পগুলোতে	k A mp g u l O t e	loanword
কাষ্ঠল	k a s Th O l	tatsama
চোটে	ch O T e	native
মাতুব্বরের	m a t u b b o r e r	native
হকারদের	h o k a r d e r	native
মার্টিনের	m a r T i n e r	proper_noun
জারদারি	j a r d a r i	native
সাজিদকে	sh a j i d k e	proper_noun
খেয়াল	kh e a l	native
ক্ষুদ্র	kh u d r O	tatsama
বিপাকে	b i p a k e	native
মিতালি	m i t a l i	proper_noun
এন্তাজুল	e nt a j u l	proper_noun
ঢুকি	Dh u k i	native
নিমো	n i m O	proper_noun
ঘূর্ণিতে	gh u r n i t e	tatsama
কার্জন	k a r j O n	proper_noun
এমনকি	E m O n k i	native
সাবজেক্ট	s a b j e k T	loanword
চোরাচালানী	ch O r a ch a l a n i	native
মিলাদুন্নবীর	m i l a d u nn O b i r	loanword
বুকলেট	b u k l e T	loanword
টের	T e r	loanword
আংটিও	a ng T i O	native
সিএজি	s i e j i	loanword
আলহামদু	a l h a m d u	native
নিতম্ব	n i t o mb O	native
আকাশমণি	a k a sh m O n i	tatsama
ঘণ্টারও	gh o n T a r O	loanword
ফেলত	ph e l t O	native
আটঘর	a T gh o r	native
চিত্তে	ch i tt e	native
শিক্ষাব্যবস্থা	sh i kkh a b A b O sth a	tatsama
শটটি	sh o T T i	loanword
কুচার	k u ch a r	native
একঝলক	E k jh o l O k	native
বাথটাব	b a th T a b	native
উৎসবের	u t sh o b e r	native
আর্সেনিকযুক্ত	a r s e n i k j u kt O	loanword
স্বল্পতার	sh o l p O t a r	tatsama
এলডি	e l D i	loanword
ভাজ	bh a j	native
পরিমাপের	p O r i m a p e r	native
ঠিকাদারদের	Th i k a d a r d e r	native
মুহিদের	m u h i d e r	proper_noun
দরকারই	d o r k a r i	native
সিলেটে	s i l e T e	proper_noun
বাসরঘর	b a sh O r gh o r	native
ফুটা	ph u T a	native
ব্যঞ্জনবর্ণ	b A nj O n b o r n O	tatsama
রেগুলেশন	r e g u l e sh o n	native
দৃষ্টিনন্দন	d r i shT i n o nd O n	tatsama
প্রাসাদের	pr a sh a d e r	native
প্রতিবন্ধকতার	pr O t i b o ndh O k o t a r	tatsama
এতজন	E t O j o n	native
কারণে	k a r O n e	tatsama
আত্মীয়স্বজনরা	a t t i O sh o j O n r a	tatsama
শিব	sh i b	native
পরিবারটি	p O r i b a r T i	native
স্ক্রিপ্টস	s k r i p T s	loanword
এলাচের	e l a ch e r	native
এরশাদ	e r sh a d	proper_noun
গণি	g O n i	tatsama
দেশগুলির	d e sh g u l i r	native
এরফান	e r ph a n	proper_noun
প্রাচুর্যের	pr a ch u r j e r	native
দান	d a n	native
নীহাররঞ্জন	n i h a r r o nj O n	proper_noun
মরকেল	m o r k e l	native
বিতর্কে	b i t o r k e	native
ভিশন	bh i sh o n	loanword
আলেহান্দ্রো	a l e h a ndr O	proper_noun
ক্রিকইনফোর	kr i k i n ph O r	loanword
কার্টার	k a r T a r	proper_noun
বিভাজনের	b i bh a j O n e r	native
আঁকলে	a~ k l e	native
দিদিমা	d i d i m a	native
সাম্প্রতি	sh a m p r O t i	native
বেঞ্চমার্ক	b e nch m a r k	loanword
ধর্মকে	dh o r m O k e	native
তসলিম	t O s l i m	proper_noun
জ্বেলে	j e l e	native
নামাটা	n a m a T a	native
দেবোত্তর	d e b O tt O r	native
হ্যামার	h A m a r	loanword
জন্ডিসে	j o n D i s e	loanword
লবিতে	l o b i t e	native
গলফার	g o l ph a r	proper_noun
করীম	k O r i m	native
ব্যাস্ত	b A st O	loanword
নাগাল্যান্ডের	n a g a l A n D e r	loanword
লেখাতে	l e kh a t e	native
ঘটনাবলী	gh o T O n a b O l i	native
প্রভাবশালীরা	pr O bh a b sh a l i r a	native
কোকিলা	k O k i l a	native
হেল্প	h e l p	loanword
একটিরও	e k T i r O	native
অজিত	o j i t	native
চান্দের	ch a nd e r	native
চালনার	ch a l O n a r	native
কাজের	k a j e r	native
শপিং	sh o p i ng	loanword
সূচিকর্ম	sh u ch i k o r m O	native
ব্যভিচার	b A bh i ch a r	native
ঢাবি	Dh a b i	native
ধরেছে	dh O r e chh e	native
আনন্দও	a n O nd O O	native
অবকাশে	o b O k a sh e	native
পিপিপি	p i p i p i	loanword
বর্গফুটের	b o r g O ph u T e r	native
স্বত্ত্ব	sh o t t O	tatsama
অর্গের	o r g e r	native
শ্রমে	s r o m e	native
মেদিনীপুরে	m e d i n i p u r e	native
ভাষাবিদ	bh a sh a b i d	tatsama
দাউদকান্দি	d a u d k a nd i	proper_noun
ব্যাটসম্যানকে	b A T s m A n k e	loanword
লিমা	l i m a	proper_noun
নাহিদের	n a h i d e r	proper_noun
মাচা	m a ch a	native
রিফাতকে	r i ph a t k e	proper_noun
দেনার	d e n a r	native
মোর	m O r	native
পূর্বানুমান	p u r b a n u m a n	native
ভাবছিলাম	bh a b chh i l a m	native
জ্বালাতে	j a l a t e	native
সাতকর্ণী	sh a t k O r n i	tatsama
এফডিসিতে	e ph D i s i t e	loanword
কাগজে	k a g O j e	native
নিরূপণ	n i r u p o n	tatsama
লাঠিখেলার	l a Th i kh e l a r	native
গালগল্প	g a l g o l p O	native
স্বজনেরা	sh o j O n e r a	tatsama
টপসের	T o p s e r	loanword
বাগদাদী	b a g d a d i	native
ডাণ্ডা	D a n D a	tatsama
ল্যান্ডস্কেপ	l A n D s k e p	loanword
নিশির	n i sh i r	native
দামেস্কের	d a m e s k e r	loanword
অবলম্বনের	o b O l o mb O n e r	native
চুক	ch u k	native
জবুথবু	j O b u th O b u	native
জীবনব্যাপী	j i b O n b A p i	native
বাসেত	b a s e t	loanword
বান্ধবীকে	b a ndh O b i k e	tatsama
জাঁকজমকপূর্ণ	j a~ k j o m O k p u r n O	tatsama
জেদ্দা	j e d d a	proper_noun
নদীগুলো	n O d i g u l O	native
ইরান	i r a n	proper_noun
ডেজ	D e j	loanword
রাজনীতিবিদদের	r a j n i t i b i d d e r	native
মহাদেশের	m o h a d e sh e r	native
জীবনরহস্য	j i b o n r o h O sh sh O	native
পাত্রীদের	p a tr i d e r	native
কৃতী	k ri t i	tatsama
ভাষ্যকার	bh a sh sh O k a r	tatsama
পদদলিত	p o d O d O l i t O	native
সেন্সরবোর্ডের	s e n s O r b O r D e r	loanword
সংগীতের	sh O ng g i t e r	native
বিসিকের	b i s i k e r	loanword
করেছিলুম	k O r e chh i l u m	native
হাঁটাচলা	h a~ T a ch o l a	native
মেলতে	m e l t e	native
ছবিযুক্ত	chh O b i j u kt O	native
এপি	e p i	loanword
বিশ্বব্যাংকের	b i sh sh O b A ng k e r	loanword_nativized
আলসেমি	a l sh e m i	loanword
টিভিনাটকে	T i bh i n a T O k e	loanword_nativized
চ্যাটার্জি	ch A T a r j i	proper_noun
স্বতঃস্ফূর্ততা	s o t O s ph u r t O t a	tatsama
কোর্সটা	k O r s T a	loanword
বছরটা	b o chh O r T a	native
পেট্রোলবোমা	p e T r O l b O m a	loanword
ক্লিনটনের	kl i n T o n e r	proper_noun
কলোনি	k o l O n i	native
ভিগোর	bh i g O r	proper_noun
প্রযোজন	pr O j O j o n	native
ভারসাম্যহীন	bh a r sh a m m O h i n	native
ডিশের	D i sh e r	loanword
সাধুবাদ	sh a dh u b a d	native
ভোকাল	bh O k a l	native
মূত্রথলির	m u tr O th O l i r	native
সন্ধ্যাকালীন	sh O n dh a k a l i n	tatsama
সেজন্যে	sh e j o n n e	native
হরিণাকুণ্ডু	h O r i n a k u n D u	tatsama
পাটনা	p a T n a	native
দুঃস্থদের	d u sth O d e r	tatsama
অত্যধিক	O t t O dh i k	native
পূর্ণদিবস	p u r n O d i b o sh	tatsama
বাজাজের	b a j a j e r	proper_noun
বিএমসি	b i e m s i	loanword
এফিডেভিট	e ph i D e bh i T	loanword
গাঙের	g a ng e r	native
মুক্তিসংগ্রামে	m u kt i sh o ng gr a m e	native
রকিবুল	r O k i b u l	proper_noun
আশাহত	a sh a h o t O	native
ধ্যানে	dh E n e	native
চোরাবালিতে	ch O r a b a l i t e	native
উদ্দীনের	u d d i n e r	proper_noun
দুর্ঘটনাবশত	d u r gh o T O n a b o sh O t O	native
ভাষাবিজ্ঞানের	bh a sh a b i g g a n e r	tatsama
গাবোরোন	g a b O r O n	proper_noun
টিন্টো	T i n T O	proper_noun
ট্র্যাজেডি	T r a j e D i	loanword
দলভুক্ত	d o l bh u kt O	native
আমরান	a m r a n	proper_noun
সখের	sh o kh e r	native
কাটুক	k a T u k	native
সাজেশন	s a j e sh O n	loanword
কিরন	k i r O n	native
ভোটারযোগ্য	bh O T a r j O g g O	native
সেমিনারও	s e m i n a r O	loanword
সফিউল	sh O ph i u l	proper_noun
খাদিজার	kh a d i j a r	proper_noun
ফেলানী	ph e l a n i	proper_noun
শাহাবুদ্দিনের	sh a h a b u d d i n e r	proper_noun
অন্যমেলা	O n n O m e l a	native
সুমেরু	sh u m e r u	native
হাঁপা	h a~ p a	native
উদ্ভাবন	u d bh a b o n	native
পারিব	p a r i b O	native
ভেনেজুয়েলার	bh e n e j u e l a r	proper_noun
আসন	a sh O n	native
এমএলএম	e m e l e m	loanword
বিশ্বস্বাস্থ্য	b i sh sh O sh a sh th O	tatsama
সেটিংসের	sh e T i ng sh e r	loanword
স্বর্ণের	sh o r n e r	tatsama
দা	d a	native
অংশীদার	O ng sh i d a r	native
ভাজার	bh a j a r	native
কাজই	k a j i	native
বিচ্ছিন্নতাবাদীরা	b i ch chh i nn O t a b a d i r a	native
দ্বিখণ্ডিত	d i kh O n D i t O	tatsama
মাকসুদা	m a k s u d a	proper_noun
বেরোলাম	b e r O l a m	native
জেনা	j e n a	native
পরম	p o r O m	native
ফারজানাকে	ph a r j a n a k e	proper_noun
বিশালতার	b i sh a l o t a r	native
যাত্রাদলের	j a tr a d o l e r	native
ব্যাণ্ডদল	b E n D d o l	tatsama
উম্মাহর	u mm a h r	loanword
শ্বাসনালীতে	sh a sh n a l i t e	tatsama
সান্তিয়াগো	s a nt i a g O	proper_noun
কাসেমী	k a sh e m i	native
বচনে	b o ch O n e	native
ওভারটেকিং	O bh a r T e k i ng	loanword
হাউসগুলোতে	h a u s g u l O t e	native
পাঁচেক	p a~ ch e k	native
ফারইস্ট	ph a r i s T	loanword
নেশন	n e sh o n	loanword
ম্যারাডোনাকে	m A r a D O n a k e	proper_noun
নাপোলি	n a p O l i	native
শাহাবুদ্দিন	sh a h a b u d d i n	proper_noun
শিখা	sh i kh a	native
অভাবকে	o bh a b k e	native
বাড্ডা	b a D D a	proper_noun
হিন্দুত্ব	h i nd u tt O	tatsama
কুর্দিরা	k u r d i r a	native
টেরেসা	T e r e s a	loanword
জিওমির	j i O m i r	loanword
প্রশ্নসাপেক্ষ	pr O sh n O sh a p e kkh O	tatsama
তাঁকেসহ	t a~ k e sh o h O	native
নভেল	n O bh e l	loanword
কালীপূজা	k a l i p u j a	native
মিন্ট	m i n T	loanword
গর্ভকালে	g o r bh O k a l e	native
আদনানের	a d n a n e r	proper_noun
ভুলতে	bh u l t e	native
পৃথক	p r i th O k	tatsama
নোলান	n O l a n	proper_noun
চকলেট	ch o k l e T	loanword
অন্যরা	O n n O r a	native
ঘটনার	gh o T O n a r	native
পীঠস্থান	p i Th sth a n	native
মাদকাসক্তদের	m a d O k a sh o kt O d e r	native
কুনাল	k u n a l	native
ক্রেতাশূন্য	kr e t a sh u n n O	native
বাকশাল	b a k sh a l	native
চব্বিশ	ch O b b i sh	native
বানরদের	b a n O r d e r	native
নাফীস	n a ph i s	native
তারকাই	t a r O k a i	native
ব্যক্তিত্বসম্পন্ন	b e kt i tt O sh o mp O nn O	tatsama
রোগটিকে	r O g T i k e	native
শিখবে	sh i kh b e	native
ফেরদাউস	ph e r d a u s	loanword
সর্বশান্ত	sh o r b O sh a nt O	native
সুন্নাতের	s u nn a t e r	loanword
চূড়ান্ত	ch u r a nt O	native
ব্যাগও	b E g O	loanword
ড্রাগস	D r a g s	loanword
কারাভোগের	k a r a bh O g e r	native
দিনও	d i n O	native
প্রাক্কালে	pr a k k a l e	native
লিখ	l i kh O	native
মিল্ক	m i l k	loanword
প্রাচীনকাল	pr a ch i n k a l	native
অবশ্যপাঠ্য	o b O sh sh O p a T Th O	native
গ্রহকে	gr O h O k e	native
নোনা	n O n a	native
থানাকে	th a n a k e	native
গার্ল	g a r l	loanword
রিলি	r i l i	loanword
অলিভার	o l i bh a r	proper_noun
কম্বলের	k o mb O l e r	native
পরিকল্পনার	p O r i k o l p O n a r	native
পিরিচ	p i r i ch	native
অনিকেত	o n i k e t	native
ভোটদানে	bh O T d a n e	native
প্রপাত	pr O p a t	native
সেকারণে	sh e k a r O n e	tatsama
প্রাসাদে	pr a sh a d e	native
শ্রমশক্তিতে	s r O m O sh O kt i t e	native
প্রোগ্রামিং	pr O gr a m i ng	loanword
উন্মাদের	u n m a d e r	native
মেথড	m e th o D	native
টিং	T i ng	loanword
এপ্রিল	e pr i l	proper_noun
এলাকাকে	e l a k a k e	native
কোনরূপ	k O n O r u p	native
লেখাটির	l e kh a T i r	native
শ্রীলংকাকে	s r i l o ng k a k e	proper_noun
নিদ্রাহীনতা	n i d r a h i n O t a	native
সুদূর	sh u d u r	native
বাশার	b a sh a r	proper_noun
ম্যাগ	m A g	loanword
নির্মাণশ্রমিক	n i r m a n s r O m i k	tatsama
চাপের	ch a p e r	native
আকসুর	a k s u r	proper_noun
খেজুরের	kh e j u r e r	native
প্রেরণের	pr e r O n e r	tatsama
ফলসহ	ph o l sh o h O	native
কাকু	k a k u	native
নেতৃত্বশূন্য	n e t r i tt O sh u n n O	tatsama
তন্দ্রা	t o ndr a	native
অমান্যকারীদের	o m a n n O k a r i d e r	native
প্রসার	pr O sh a r	native
বিজ্ঞানসম্মত	b i g g a n sh o mm O t O	tatsama
উদিত	u d i t O	native
চাহিদাকে	ch a h i d a k e	native
প্রভাবশালীর	pr O bh a b sh a l i r	native
স্থাপন	sth a p O n	native
করো	k o r O	native
তাখতে	t a kh t e	native
হাফসিল্ক	h a ph s i l k	loanword
সেলিব্রেশন	s e l i br e sh o n	loanword
মিনি	m i n i	loanword
নারি	n a r i	native
লোরকার	l O r k a r	native
আজকাল	a j k a l	native
পাতিল	p a t i l	native
জানাবার	j a n a b a r	native
হুড	h u D	loanword
গার্মেন্টসে	g a r m e n T s e	loanword
বীথির	b i th i r	native
ডাকবে	D a k b e	native
বেরুনোর	b e r u n O r	native
দুরুল	d u r u l	native
রত্নেশ্বর	r o t n e sh sh o r	tatsama
ম্যাচটিকে	m A ch T i k e	loanword
হ্যাট্রিক	h A T r i k	loanword
শেভিং	sh e bh i ng	loanword
শাহনামা	sh a h n a m a	native
রোজাদাররা	r O j a d a r r a	loanword_nativized
ঢিলেঢালাভাবে	Dh i l e Dh a l a bh a b e	native
মিনার	m i n a r	loanword
রিগা	r i g a	proper_noun
সংশোধনী	sh o ng sh O dh O n i	native
দিবসটিতে	d i b o sh T i t e	native
পেপসিকো	p e p s i k O	proper_noun
রিলিজের	r i l i j e r	loanword
বলধা	b o l dh a	native
আমতা	a m t a	native
বহন	b o h O n	native
সাঁ	sh a~	native
অতো	o t O	native
দবিরুল	d O b i r u l	proper_noun
শিক্ষাপদ	sh i kkh a p o d	tatsama
বন্ধের	b o ndh e r	tatsama
ইচ্ছাটা	i ch chh a T a	native
সংগত	sh o ng g o t O	native
সাইডের	s a i D e r	loanword
রাজশাহীতে	r a j sh a h i t e	native
এককালে	E k k a l e	native
রোবট	r O b O T	loanword
চিকিত্সক	ch i k i t sh o k	native
চপের	ch o p e r	native
দ্বন্দ্বও	d o n d O O	native
অভ্যাসকে	o b bh a sh k e	native
গাছটি	g a chh T i	native
মাজহার	m a j h a r	proper_noun
শরাফী	sh o r a ph i	loanword
ধারাভাষ্যের	dh a r a bh a sh sh e r	tatsama
প্রথমবারে	pr O th O m b a r e	native
বাগি	b a g i	loanword
শিতি	sh i t i	native
গুরুত্ব	g u r u tt O	tatsama
গাদা	g a d a	native
ভরিতে	bh O r i t e	native
বিভ্রাট	b i bh r a T	native
ইশান	i sh a n	native
ডিসকোর্সের	D i s k O r s e r	loanword
সিকান্দর	s i k a nd O r	native
সংগৃহীত	sh o ng g r i h i t O	tatsama
সচকিত	sh o ch O k i t O	native
অভিবাসনের	O bh i b a sh O n e r	native
রমেক	r o m e k	loanword
নামাযের	n a m a j e r	loanword
আঁখির	a~ kh i r	native
মহারানি	m o h a r a n i	native
ডেম	D E m	loanword
বস্ত্রশিল্প	b o s t r O sh i l p O	native
কামরুজ্জামান	k a m r u j j a m a n	proper_noun
দূরত্বে	d u r O tt e	tatsama
স্ট্যান্ডিং	s T A n D i ng	loanword
দখলদারের	d o kh O l d a r e r	native
বিপিসির	b i p i s i r	loanword
প্রযোজকেরা	pr O j O j O k e r a	native
ধরণীর	dh o r O n i r	tatsama
ফাঁকিবাজ	ph a~ k i b a j	native
লুকাস	l u k a s	proper_noun
স্বরূপে	sh O r u p e	tatsama
চুক্তিপত্রে	ch u kt i p o tr e	native
পালং	p a l O ng	native
ভূমিহীন	bh u m i h i n	native
বকুলতলার	b O k u l t o l a r	proper_noun
নম্বরটিও	n o mb O r T i O	loanword_nativized
হাহাহা	h a h a h a	native
বৃষ্টিও	b ri shT i O	tatsama
স্থাপনকারীদের	sth a p O n k a r i d e r	native
জ্বালানোর	j a l a n O r	native
শিখলেন	sh i kh l e n	native
কুফর	k u ph O r	loanword
সারাতেও	sh a r a t e O	native
অটোরিকশাসহ	o T O r i k sh a sh o h O	native
প্রথাগত	pr O th a g o t O	native
সরবরাহকারীর	sh o r b o r a h O k a r i r	native
অনুপ্রবেশকারী	O n u pr O b e sh k a r i	native
জমির	j O m i r	native
চিরচেনা	ch i r O ch e n a	native
করেন	k o r e n	native
অস্কার	o s k a r	proper_noun
বিমানগুলো	b i m a n g u l O	native
বার্তাঃ	b a r t a	native
মানজারুল	m a n j a r u l	proper_noun
ছেলেটিও	chh e l e T i O	loanword
এক্সোর	e k s O r	loanword
হাঁটার	h a~ T a r	native
বেদি	b e d i	native
নগরে	n o g O r e	native
পিতৃভূমি	p i t ri bh u m i	tatsama
বন্য	b O n n O	native
বিলাসে	b i l a sh e	native
উচ্চক্ষমতাসম্পন্ন	u ch ch O kh o m O t a sh o mp O nn O	tatsama
স্টেটকে	s T e T k e	loanword
সুখ্যাতি	sh u k kh A t i	native
পাঙাশ	p a ng a sh	proper_noun
কাঠমান্ডুর	k a Th m a n D u r	proper_noun
একাংশ	E k a ng sh O	native
জরাজীর্ণ	j o r a j i r n O	tatsama
গোসলখানা	g O s O l kh a n a	native
শাসনভার	sh a sh O n bh a r	native
সংবাদপত্রগুলো	sh o ng b a d p o tr O g u l O	native
দেখাদেখি	d E kh a d e kh i	native
ধন্দে	dh o n d e	native
নারীবাদীদের	n a r i b a d i d e r	native
কাবিলের	k a b i l e r	native
চিরকালই	ch i r O k a l i	native
তিকর	t i k O r	native
পাম্পে	p a mp e	loanword
প্রাপ্তিযোগ	pr a p t i j O g	native
অরফানেজ	o r ph a n e j	loanword
সবদিকে	sh o b d i k e	native
ইংরেজিতে	i ng r e j i t e	loanword_nativized
যেত	j e t O	native
মহাভারতের	m o h a bh a r O t e r	native
নিকট	n i k o T	native
জাগরণে	j a g O r O n e	tatsama
বিমানটির	b i m a n T i r	native
সাজ্জাদ	s a j j a d	proper_noun
ক্রিজে	kr i j e	loanword
জুলেখার	j u l e kh a r	proper_noun
করছেন	k O r chh e n	native
দানের	d a n e r	native
রোধকল্পে	r O dh k o l p e	native
ফেনা	ph E n a	native
স্বাগতা	sh a g O t a	tatsama
চক্ষুশূল	ch O kkh u sh u l	tatsama
আযমের	a j O m e r	proper_noun
সেদেশের	sh e d e sh e r	native
চিকিৎসকেরা	ch i k i t sh o k e r a	native
পেন্ডুলামের	p e n D u l a m e r	loanword
স্নানের	sn a n e r	native
তাসিফ	t a s i ph	proper_noun
পাপী	p a p i	native
সিলভারের	s i l bh a r e r	loanword
জর্জো	j o r j O	proper_noun
ড্রিবল	D r i b o l	loanword
সম্মতির	sh o m m O t i r	native
দ্রব্যের	d r O b b e r	native
সার্চে	s a r ch e	loanword
ব্যাকুলতা	b E k u l o t a	native
রাধারমণের	r a dh a r o m O n e r	proper_noun
ঝোপের	jh O p e r	native
ত্রিমুকুট	tr i m u k u T	native
ফিরছিলেন	ph i r chh i l e n	native
প্রধানমন্ত্রীও	p r O dh a n m O n t r i O	native
চুন	ch u n	native
লাইভে	l a i bh e	loanword
বিশেষজ্ঞেরা	b i sh e sh o g g e r a	tatsama
শান্তা	sh a nt a	native
অপারেশনস	o p a r e sh o n s	loanword
বাস্তবিকই	b a s t O b i k i	native
লিকার	l i k a r	loanword
জীবজন্তুর	j i b j O n t u r	native
জিপিএর	j i p i e r	loanword
জর্জের	j o r j e r	proper_noun
নবাবপুরে	n o b a b p u r e	native
হাতিরঝিলে	h a t i r jh i l e	proper_noun
হতেন	h O t e n	native
এলিটার	e l i T a r	loanword
বগলে	b o g O l e	native
দোহা	d O h a	native
বিদেহী	b i d e h i	native
নবাবগঞ্জের	n o b a b g o n j e r	proper_noun
কিসিঞ্জারের	k i s i n j a r e r	proper_noun
বিষ	b i sh	tatsama
রাজপুত্তুর	r a j p u tt u r	native
দ্রুতবিচার	d r u t O b i ch a r	native
ডেকেছিল	D e k e chh i l O	native
কর্মকর্তাদেরও	k o r m O k o r t a d e r O	native
গুজমান	g u j m a n	proper_noun
সাগরের	sh a g O r e r	native
ট্রলারটিতে	T r o l a r T i t e	loanword
গোপীবাগের	g O p i b a g e r	proper_noun
কেন্ট	k e n T	proper_noun
শক	sh o k	loanword
মরলে	m O r l e	native
কাপল	k a p o l	native
তাদেরও	t a d e r O	native
বেফাক	b e ph a k	native
বাজলে	b a j l e	native
তাঁরে	t a~ r e	native
বাকু	b a k u	native
ইন্টেলিজেন্সের	i n T e l i j e n s e r	loanword
কদরে	k o d O r e	native
একজাতীয়	E k j a t i y O	native
সাফল্যে	sh a ph O l l e	native
আবেগঘন	a b e g gh o n O	native
জবেদা	j o b e d a	proper_noun
মিলতো	m i l t O	native
শাহাজান	sh a h a j a n	proper_noun
কর্মজীবীদের	k o r m O j i b i d e r	native
সাহায্যপ্রার্থীর	sh a h a j j O p r a r th i r	native
রণক্ষেত্র	r o n O kh e t r O	tatsama
স্টারডাস্ট	s T a r D a s T	loanword
মোশতাকের	m O sh t a k e r	proper_noun
ঝঞ্ঝাট	jh o n jh a T	tatsama
জের	j e r	loanword
ক্রোমোজম	k r O m O j O m	loanword
ভোটাররাও	bh O T a r r a O	loanword
কাপাসিয়ার	k a p a sh i a r	proper_noun
ফকনারের	ph o k n a r e r	proper_noun
ডুবল	D u b l O	native
ইন্দ্রজিৎ	i n d r O j i t	native
ব্লকের	bl o k e r	loanword
আনছি	a n chh i	native
সীমান্তরক্ষীদের	sh i m a n t O r O k kh i d e r	tatsama
টুনা	T u n a	proper_noun
জগলুলের	j O g l u l e r	proper_noun
মহাতারকা	m o h a t a r O k a	native
আম্বানির	a mb a n i r	proper_noun
যারা	j a r a	loanword
তামিমও	t a m i m O	proper_noun
আফরিন	a ph r i n	proper_noun
সুধীরকে	sh u dh i r k e	proper_noun
ফটোকপির	ph o T O k O p i r	loanword
সদস্যের	sh o d O sh sh e r	native
ঝাপটা	jh a p T a	native
বোরকার	b O r k a r	native
সীম	sh i m	native
ইয়ার্ড	i a r D	loanword
শ্রীবৃদ্ধি	s r i b ri d dh i	tatsama
তল্পিতল্পা	t O l p i t o l p a	native
কিংসের	k i ng s e r	loanword
ইব্রাহিমের	i br a h i m e r	proper_noun
তারওপর	t a r O p O r	native
দৃশ্যধারণ	d r i sh sh O dh a r O n	tatsama
সর্বমহলে	sh o r b O m o h O l e	native
রেডিওর	r e D i O r	loanword
দিদারের	d i d a r e r	proper_noun
ভাবে	bh a b e	native
বিক্রমপুরে	b i k r o m p u r e	proper_noun
পার্থক্যের	p a r th O k k e r	native
নিরূপন	n i r u p o n	native
তান্ত্রিক	t a n t r i k	native
একবছর	E k b o chh O r	native
মানবসৃষ্ট	m a n O b s ri shT O	tatsama
টুডে	T u D e	loanword
শেষটা	sh e sh T a	tatsama
দীঘির	d i gh i r	native
এডেনে	e D e n e	loanword
বিনোদনকেন্দ্রে	b i n O d o n k e n d r e	native
ত্রিকোণমিতি	t r i k O n O m i t i	tatsama
রহিম	r O h i m	loanword
প্রেমী	pr e m i	native
জাদুকর	j a d u k o r	native
ব্যাটিংই	b A T i ng i	loanword
নাসিরুল	n a s i r u l	proper_noun
প্রলোভনের	p r O l O bh O n e r	native
শিল্ডের	sh i l D e r	loanword
সুসংবদ্ধ	sh u sh o ng b o d dh O	tatsama
শুকতারা	sh u k t a r a	native
রাজ্যটিতে	r a j j O T i t e	native
ডকুমেন্ট	D o k u m e n T	loanword
মাহমুদা	m a h m u d a	proper_noun
মিরপুরসহ	m i r p u r sh o h O	proper_noun
যাত্রীসেবা	j a tr i sh e b a	native
ডুগডুগি	D u g D u g i	native
চাভি	ch a bh i	proper_noun
ছেলেবেলার	chh e l e b e l a r	native
এবনে	e b O n e	native
একমত	E k m o t	native
খেমার	kh e m a r	loanword
বেতনভাতা	b e t O n bh a t a	native
লোকদেরও	l O k d e r O	native
বিষাদগ্রস্ত	b i sh a d g r O s t O	tatsama
সানচেস	s a n ch e s	proper_noun
বেতনকাঠামোর	b e t O n k a Th a m O r	native
নিম্নমধ্যবিত্ত	n i m n O m O d dh O b i t t O	native
যোগাযোগব্যবস্থা	j O g a j O g b A b O s th a	native
ক্লিপের	kl i p e r	loanword
ইনবক্স	i n b o k s	loanword
সেন	sh e n	proper_noun
কুকুরটি	k u k u r T i	native
একাদশতম	E k a d o sh t o m O	native
অপটিক্যাল	o p T i k A l	loanword
উঠান	u Th a n	native
লোকসঙ্গীত	l O k O sh O ng g i t	native
রোহিনী	r O h i n i	native
ঝুঁকিমুক্ত	jh u~ k i m u k t O	native
খুকি	kh u k i	native
ইনিংসটাকে	i n i ng s T a k e	loanword
বিশ্বনন্দিত	b i sh sh O n O n d i t O	tatsama
ইনফর্ম	i n ph o r m	loanword
অবকাশই	o b O k a sh i	native
সোহাগ	sh O h a g	native
অবস্ট্রাকটিভ	o b s T r a k T i bh	loanword
চুলকাতে	ch u l k a t e	native
জারিফ	j a r i ph	proper_noun
সোচ্চার	sh O ch ch a r	native
ব্লাক	bl a k	loanword
শিকলে	sh i k o l e	native
দিতেছি	d i t e chh i	native
সিমা	sh i m a	proper_noun
বাবরি	b a b r i	native
পরিকল্পনামন্ত্রী	p O r i k o l p O n a m O n t r i	native
লিখি	l i kh i	native
স্থল	sth o l	native
প্রণেতা	p r O n e t a	tatsama
দেশি	d e sh i	native
বিদ্যুৎবিহীন	b i d d u t b i h i n	native
কদর্য	k o d O r j O	native
ফুলেফেঁপে	ph u l e ph e~ p e	native
ধনসম্পদের	dh o n sh o m p o d e r	native
রডোপিস	r o D O p i s	loanword
জমকালো	j o m k a l O	native
সেলুনের	s e l u n e r	loanword
ক্যানভাসে	k A n bh a s e	loanword
ওষুধগুলোর	O sh u dh g u l O r	tatsama
লুৎফরের	l u t ph o r e r	proper_noun
মারাঠি	m a r a Th i	native
কাঙ্ক্ষিত	k a ng kh i t O	tatsama
বঞ্চিতদের	b O n ch i t O d e r	tatsama
সমন্বিতভাবে	sh o m O n n i t O bh a b e	native
উসমানিয়া	u s m a n i a	loanword
অসুখের	o sh u kh e r	native
থার্টি	th a r T i	loanword
নির্বাহীকে	n i r b a h i k e	native
কাতরাচ্ছে	k a t r a ch chh e	native
সুমীর	sh u m i r	proper_noun
ফুকুশিমার	ph u k u sh i m a r	proper_noun
অনুষ্ঠানরত	O n u sh Th a n r o t O	tatsama
সাঁতরাতে	sh a~ t r a t e	native
শেবাগের	sh e b a g e r	native
বোনে	b O n e	native
বাসন	b a sh O n	native
ভোকেশনাল	bh O k e sh o n a l	loanword
সহজতম	sh o h O j t o m O	native
বর্ণনার	b o r n O n a r	tatsama
শর্তাবলী	sh o r t a b O l i	native
দম	d o m	native
নকআউটে	n o k a u T e	loanword
স্কোরে	s k O r e	loanword
দেবগনের	d e b g o n e r	proper_noun
পিতৃ	p i t ri	tatsama
হাটতে	h a T t e	native
নেতানেত্রীদের	n e t a n e tr i d e r	native
অপকর্ম	o p O k o r m O	native
নামায	n a m a j	native
জারিগানের	j a r i g a n e r	loanword
দীপক	d i p o k	native
ধর্ষণকারীদের	dh o r sh O n k a r i d e r	tatsama
অন্তর্ভুক্তিতে	o n t O r bh u k t i t e	native
চারটিতে	ch a r T i t e	native
উচ্চতম	u ch ch O t o m O	native
অগ্রগতিতে	o g r O g O t i t e	native
রোরো	r O r O	native
ক্যারিশমা	k A r i sh m a	loanword
সংস্কৃতিমনা	sh o ng s k ri t i m o n a	tatsama
মুর্তজাকে	m u r t O j a k e	proper_noun
পারব	p a r b O	native
সোহাগা	sh O h a g a	native
কাপকেক	k a p k e k	native
ডকে	D o k e	native
মনোরঞ্জন	m O n O r o n j O n	tatsama
সংখ্যাকে	sh o ng kh a k e	native
দুর্যোধন	d u r j O dh o n	native
ইকসিডে	i k s i D e	loanword
খরপার্টির	kh o r p a r T i r	loanword
হ্যালসল	h A l s o l	loanword
মাদকাসক্ত	m a d O k a sh O k t O	native
ব্যানারের	b A n a r e r	native
পশ্চিমবাংলার	p O sh ch i m b a ng l a r	proper_noun
মাঝমাঠ	m a jh m a Th	native
নারীও	n a r i O	native
রহমতগঞ্জের	r o h O m o t g o n j e r	proper_noun
নীরজা	n i r j a	native
আবহ	a b o h O	native
মহররম	m o h O r r o m	native
হাটিকুমরুল	h a T i k u m r u l	native
এগারসিন্দুর	E g a r O sh i n d u r	native
সালাহ	s a l a h	loanword
গণপ্রতিনিধিত্ব	g o n O p r O t i n i dh i t t O	tatsama
বার্গারের	b a r g a r e r	loanword
পেয়েছি	p e y e chh i	native
কষ	k o sh	tatsama
শরাফত	sh o r a ph o t	proper_noun
আসলামের	a s l a m e r	proper_noun
নির্ঝর	n i r jh o r	native
চম্পট	ch o mp o T	native
স্বরাষ্ট্রসচিব	sh o r a sh T r O sh O ch i b	tatsama
ইলেকশনে	i l e k sh o n e	loanword
অপরিচিত	o p O r i ch i t O	native
বকশীবাজার	b O k sh i b a j a r	proper_noun
হামাক	h a m a k	native
খাদ্যনালিতে	kh a d d O n a l i t e	native
সমীচীন	sh O m i ch i n	native
সম্পৃক্তদের	sh o m p r i k t O d e r	tatsama
শ্রদ্ধা	s r O d dh a	tatsama
বিচ্ছুরিত	b i ch chh u r i t O	native
ফেরেল	ph e r e l	loanword
মিলি	m i l i	loanword
ফরম্যাটের	ph o r m A T e r	loanword
বিলাসিতা	b i l a sh i t a	native
দূরীকরণ	d u r i k o r O n	tatsama
বুজুর্গ	b u j u r g O	proper_noun
ক্যানোপি	k A n O p i	loanword
গৃহকর্ত্রী	g r i h O k O r t r i	tatsama
শুনেছিলাম	sh u n e chh i l a m	native
ফরমান	ph o r m a n	loanword
আউন্সপ্রতি	a u n s p r O t i	loanword_nativized
রাশি	r a sh i	native
মধুবালার	m O dh u b a l a r	proper_noun
মার্তুনিস	m a r t u n i s	proper_noun
যুগলের	j u g O l e r	native
উপকার	u p O k a r	native
ট্রেতে	T r e t e	loanword
বাজালেন	b a j a l e n	native
শরীফুল	sh O r i ph u l	proper_noun
প্লাস্টার	p l a s T a r	loanword
চাচাশ্বশুর	ch a ch a sh O sh u r	tatsama
কাবাকে	k a b a k e	native
পার্টিকেল	p a r T i k e l	loanword
মূর্খতা	m u r kh O t a	native
জাকিউর	j a k i u r	proper_noun
গলফারদের	g o l ph a r d e r	loanword
বাটনটি	b a T O n T i	native
ওঠানো	O Th a n O	native
আত্মসাত	a t t O sh a t	native
বাকৃবির	b a k ri b i r	proper_noun
কাঠিন্য	k a Th i n n O	native
লোকসংস্কৃতি	l O k O sh o ng s k ri t i	loanword
ঘোষণাকরেন	gh O sh O n a k o r e n	tatsama
নকশার	n o k sh a r	native
এঁটে	e~ T e	native
পরিচালককে	p O r i ch a l O k k e	native
ভুগছি	bh u g chh i	native
সর্বোচ্চটা	sh o r b O ch ch O T a	native
উল্টাপাল্টা	u l T a p a l T a	native
গুরুত্ববহ	g u r u t t O b o h O	tatsama
ব্যপারে	b A p a r e	native
পারনেল	p a r n e l	native
যেথা	j e th a	native
কাটত	k a T t O	native
মেলোডিনির্ভর	m e l O D i n i r bh o r	loanword_nativized
ভাসালেন	bh a sh a l e n	native
কিতাব	k i t a b	loanword
নিশ্চিন্তপুর	n i sh ch i n t O p u r	proper_noun
নিষ্পত্তির	n i sh p O t t i r	tatsama
গোঙানির	g O ng a n i r	native
মাংসাশী	m a ng sh a sh i	native
গ্রেপ্তারদের	gr e p t a r d e r	native
ভাবনাও	bh a b n a O	native
রিচ	r i ch	loanword
সাহাবুদ্দিনের	sh a h a b u d d i n e r	proper_noun
তৃণমূল	t ri n O m u l	tatsama
পারিশ্রমিকও	p a r i s r O m i k O	native
সামিনা	s a m i n a	proper_noun
আসারও	a sh a r O	native
সিএসএ	s i e s e	loanword
লোটার	l O T a r	loanword
থাকতাম	th a k t a m	native
দেবদেবীর	d e b d e b i r	native
এমিলিকে	e m i l i k e	proper_noun
বেলকুচি	b e l k u ch i	native
মূল্যবৃদ্ধি	m u l l O b ri d dh i	tatsama
ব্লগারের	bl o g a r e r	loanword
এভারেস্টশৃঙ্গ	e bh a r e s T s ri ngg O	proper_noun
হত্যাযজ্ঞের	h O t t a j o g g e r	tatsama
চরফ্যাশনের	ch o r ph E sh o n e r	loanword
হর্টিকালচার	h o r T i k a l ch a r	loanword
রুমালের	r u m a l e r	native
কোরআন	k O r a n	loanword
অনন্যা	o n O n n a	native
দেখার	d E kh a r	native
ভিক্ষুককে	bh i kkh u k k e	tatsama
উপকূলে	u p O k u l e	native
ডানার	D a n a r	native
পরাবেন	p o r a b e n	native
কমিটিকে	k o m i T i k e	loanword
ওনার্স	O n a r s	loanword
স্তন	st o n	native
বিত্তবান	b i t t O b a n	native
আগষ্ট	a g O s T	loanword
দখলের	d o kh O l e r	native
মুগ্ধতার	m u g dh O t a r	native
ফকির	ph O k i r	native
ফেলু	ph e l u	proper_noun
ফুটো	ph u T O	loanword
ঠ্যাং	Th A ng	loanword
চাকতির	ch a k t i r	native
কমলালেবুর	k o m l a l e b u r	native
নগরকান্দা	n o g O r k a n d a	native
শীঘ্র	sh i gh r O	native
টুকেরবাজার	T u k e r b a j a r	proper_noun
ইশকুলে	i sh k u l e	native
বন্ধুত্বটা	b O n dh u t t O T a	tatsama
ইকবাল	i k b a l	proper_noun
আসবাবে	a sh b a b e	native
আলপনা	a l p O n a	native
দোকানপাটে	d O k a n p a T e	native
মালতি	m a l O t i	native
কার্টিজ	k a r T i j	loanword
বিক্ষুব্ধ	b i kkh u b dh O	tatsama
ব্যাজ	b A j	loanword
হাশমির	h a sh m i r	proper_noun
তাজুল	t a j u l	native
বার্তাটি	b a r t a T i	native
মাহাবুবুল	m a h a b u b u l	proper_noun
সার্জেন্টদের	s a r j e n T d e r	loanword
জাম্বুরা	j a mb u r a	native
আঁধারে	a~ dh a r e	native
চাঁদাবাজরা	ch a~ d a b a j r a	native
খাদ্যে	kh a d d e	native
গেজেট	g e j e T	loanword
সুনসান	sh u n sh a n	loanword
সাধুদের	sh a dh u d e r	native
রুটগুলোর	r u T g u l O r	native
শোবেন	sh O b e n	native
ফেদেরারকে	ph e d e r a r k e	proper_noun
কৃষকেরা	k ri sh o k e r a	tatsama
তেজিভাব	t e j i bh a b	native
ভ্রূণের	bh r u n e r	tatsama
তোলার	t O l a r	native
শ্রমজীবী	s r O m O j i b i	native
উন	u n	native
জনগুরুত্বপূর্ণ	j o n O g u r u t t O p u r n O	tatsama
জিহাদকে	j i h a d k e	loanword
মাদ্রাজি	m a d r a j i	loanword
বিভাগের	b i bh a g e r	native
অর্থের	o r th e r	native
জুটবে	j u T b e	native
আবিরের	a b i r e r	proper_noun
নিশ্চুপ	n i sh ch u p	native
মুক্তিপ্রাপ্ত	m u kt i pr a p t O	native
অপরাধ	o p O r a dh	native
সংবাদপত্রকে	sh o ng b a d p o t r O k e	native
মিশুর	m i sh u r	proper_noun
জাতিকে	j a t i k e	native
অনুশীলনীর	O n u sh i l O n i r	native
নদীই	n O d i i	native
বিড়ালের	b i r a l e r	native
এতগুলো	E t O g u l O	native
সমীক্ষাটি	sh O m i kkh a T i	tatsama
বিশ্লেষকেরা	b i s l e sh o k e r a	tatsama
কাজেরই	k a j e r i	native
বিষহীন	b i sh h i n	tatsama
লেজটি	l e j T i	native
বিপরীতে	b i p O r i t e	native
হুমানা	h u m a n a	proper_noun
নিরবিচ্ছিন্ন	n i r O b i ch chh i n n O	native
করনি	k o r O n i	native
বিপন্ন	b i p o nn O	native
প্রতিষ্ঠানেরও	p r O t i sh Th a n e r O	tatsama
চরফ্যাশনে	ch o r ph A sh o n e	loanword
ঘুরতেন	gh u r t e n	native
মোটের	m O T e r	loanword
মুহুর্তের	m u h u r t e r	native
মানা	m a n a	native
মৃৎ	m ri t	tatsama
সাপকে	sh a p k e	native
সেলফোন	s e l ph O n	loanword
ক্ষেতলাল	kh e t l a l	proper_noun
সংগঠনও	sh o ng g o Th O n O	native
সুষমাকে	sh u sh m a k e	proper_noun
নেতৃবৃন্দ	n e t ri b ri nd O	tatsama
সারেন্ডার	s a r e n D a r	loanword
টেলিযোগাযোগ	T e l i j O g a j O g	native
আসবি	a sh b i	native
মালিকরা	m a l i k r a	native
আচরণ	a ch O r O n	tatsama
সলিম	s O l i m	proper_noun
টেনেটুনে	T e n e T u n e	loanword
মেরু	m e r u	native
রিমুভ	r i m u bh	loanword
আহমদসহ	a h m o d sh o h O	proper_noun
ক্যানসার	k A n s a r	loanword
মোদীর	m O d i r	proper_noun
ফিও	ph i O	loanword
জুটমিল	j u T m i l	loanword
বাহিনীগুলো	b a h i n i g u l O	native
উম্মুক্ত	u mm u kt O	native
ব্যানারে	b A n a r e	loanword
রাখতাম	r a kh t a m	native
চার্লির	ch a r l i r	proper_noun
বরবটি	b o r b O T i	native
বন্দিদের	b O nd i d e r	native
আনলেন	a n l e n	native
দধি	d O dh i	native
জনবল	j o n O b o l	native
রুষ্ট	r u shT O	tatsama
মারফি	m a r ph i	loanword
বিসিজি	b i s i j i	loanword
বোর্ডগুলোর	b O r D g u l O r	loanword
সন্ত্রাসীসহ	sh o n t r a sh i sh o h O	native
উদ্যোগের	u d d O g e r	native
ফ্রিকিকে	ph r i k i k e	loanword
মালিকানার	m a l i k a n a r	native
অবসরকালীন	o b O sh o r k a l i n	native
সামগ্রীতে	sh a m O g r i t e	native
ক্ষারযুক্ত	kh a r j u k t O	tatsama
যক্ষ্মার	j o kkh a r	tatsama
অশনিসংকেত	o sh O n i sh o ng k e t	native
ক্বারী	k a r i	loanword
সাংবিধানিক	sh a ng b i dh a n i k	native
শোনানো	sh O n a n O	native
সোর্স	sh O r s	loanword
উপদেশমূলক	u p O d e sh m u l O k	native
অর্থঋণ	o r th O r i n	tatsama
স্থলে	sth o l e	native
লাইফস্টাইলের	l a i ph s T a i l e r	loanword
জ্বলজ্বলে	j o l j o l e	native
গ্যাস্ট্রিকজনিত	g A s T r i k j O n i t O	loanword
ধুলাবালিতে	dh u l a b a l i t e	native
বিমানবন্দরটি	b i m a n b o n d O r T i	native
চেস্ট	ch e s T	loanword
প্লুরাল	p l u r a l	native
অজ্ঞাত	o g g a t O	tatsama
মেলান	m e l a n	native
রুজভেল্ট	r u j bh e l T	proper_noun
লিপগ্লস	l i p g l O s	loanword
স্ত্রীবাচক	s t r i b a ch O k	native
বিড়ালগুলো	b i r a l g u l O	native
আদর্শকে	a d O r sh O k e	native
প্রসারী	p r O sh a r i	native
হিরানির	h i r a n i r	native
গোবরের	g O b O r e r	native
বাবুও	b a b u O	native
শ্যালককে	sh A l O k k e	native
লেম্যান	l e m A n	proper_noun
যথারীতি	j o th a r i t i	native
ব্রেন্ট	b r e n T	loanword
গুয়াতেমালা	g u a t e m a l a	native
নিভে	n i bh e	loanword
মহাবিহারের	m o h a b i h a r e r	native
রক্তস্রাব	r o k t O s r a b	native
বিয়াল্লিশ	b i a l l i sh	native
রিলে	r i l e	loanword
শিনা	sh i n a	native
শোল্ডার	sh O l D a r	loanword
কাভারেজ	k a bh a r e j	loanword
সপ্তাহখানেকের	sh o p t a h O kh a n e k e r	native
রেঞ্জার্স	r e n j a r s	loanword
সমানাধিকার	sh o m a n a dh i k a r	native
রূপটি	r u p T i	native
জ্যোতিষী	j O t i sh i	tatsama
মাছসহ	m a chh sh o h O	native
লন্ড্রি	l o n D r i	loanword
ফার্সি	ph a r s i	loanword
ম্যান্ডেট	m A n D e T	loanword
মাসান	m a s a n	loanword
পাবলিশিং	p a b l i sh i ng	loanword
জলরাশিতে	j o l O r a sh i t e	native
সেক্টরের	s e k T o r e r	loanword
অনির্দিষ্টকাল	o n i r d i sh T O k a l	tatsama
ফেটে	ph e T e	loanword
ছাত্রীসহ	chh a t r i sh o h O	native
ন্যাটোর	n A T O r	loanword
ঘটনারই	gh o T O n a r i	native
সাব্বীর	s a b b i r	proper_noun
রাত্রিকালীন	r a tr i k a l i n	native
বীজের	b i j e r	native
নাসার	n a s a r	proper_noun
সামার	s a m a r	loanword
ফুসফুসে	ph u sh ph u sh e	loanword
ধর্ষককে	dh o r sh O k k e	tatsama
নেছার	n e chh a r	proper_noun
যাঁরা	j a~ r a	native
নিমগাছ	n i m g a chh	native
বিপদজনক	b i p o d j o n O k	native
পারোনি	p a r O n i	native
কন্ঠ	k o n Th O	native
মুচি	m u ch i	native
অটোরিক্সার	o T O r i k sh a r	loanword
বক্সিং	b o k s i ng	loanword
পৃথক্	p ri th o k	tatsama
উপপুলিশ	u p O p u l i sh	native
হিমাচল	h i m a ch o l	native
সজাগ	sh o j a g	native
চন্দনা	ch o n d O n a	proper_noun
অনাবশ্যক	o n a b o s h s h O k	native
নরেন	n o r e n	proper_noun
শাহারার	sh a h a r a r	proper_noun
পরিবর্তনসহ	p O r i b o r t O n sh o h O	native
কৃমি	k ri m i	tatsama
অভ্যাস	O b bh a sh	native
নীতিবান	n i t i b a n	native
মাতৃভূমিতে	m a t ri bh u m i t e	tatsama
প্রবেশাধিকারের	p r O b e sh a dh i k a r e r	native
সাল্লাল্লাহু	s a l l a l l a h u	loanword
ক্ষোভের	kh O bh e r	tatsama
ইতিউতি	i t i u t i	native
মান্নাকে	m a nn a k e	proper_noun
সিংহাম	sh i ng h a m	proper_noun
বাঁধলে	b a~ dh l e	native
অনুষ্ঠিত	O n u shTh i t O	tatsama
রশিদপুর	r O sh i d p u r	proper_noun
পেনের	p e n e r	loanword
মন্ত্রীই	m O n t r i i	native
চট্টগ্রামসহ	ch o T T O g r a m sh o h O	loanword
ঘুষখোর	gh u sh kh O r	tatsama
কামানো	k a m a n O	native
সন্ন্যাসীদের	sh O n n a sh i d e r	native
ক্যালিপার	k A l i p a r	loanword
প্রটোকলটি	p r O T O k o l T i	loanword
শপ	sh o p	loanword
পঞ্জিকা	p O nj i k a	tatsama
দলভিত্তিক	d o l bh i tt i k	native
চালু	ch a l u	native
নিবন্ধে	n i b O n dh e	tatsama
মানসম্মত	m a n sh o m m o t O	native
মন্ত্রে	m o n t r e	native
হিল্লা	h i l l a	loanword
জিতছে	j i t chh e	native
হাপিত্যেশ	h a p i t t e sh	native
পুলে	p u l e	loanword
একাত্তরে	e k a t t O r e	native
পতনের	p o t O n e r	native
ইরানকে	i r a n k e	loanword
প্রবাসীদের	p r O b a sh i d e r	native
কেমব্রিজ	k e m b r i j	loanword
মানবপাচারকারীদের	m a n O b p a ch a r k a r i d e r	native
নেয়ার	n e a r	native
দীর্ঘকালের	d i r gh O k a l e r	native
সাহাবাদের	sh a h a b a d e r	native
কাদাপানিতে	k a d a p a n i t e	native
বলো	b o l O	native
অবারিত	o b a r i t O	native
তেলক্ষেত্র	t e l kh e t r O	tatsama
গিটার	g i T a r	loanword
পরত	p O r t O	native
গর্বের	g o r b e r	native
সিমার	sh i m a r	proper_noun
রেষারেষির	r e sh a r e sh i r	tatsama
আবেদনে	a b e d O n e	native
চান	ch a n	native
দাবিতে	d a b i t e	native
ভ্রূণ	bh r u n	tatsama
ফুলগাজী	ph u l g a j i	native
কর্মশালা	k o r m O sh a l a	native
জাহেল	j a h e l	loanword
স্কুটি	s k u T i	loanword
মোসলেহ	m O s l e h	proper_noun
পোলিশ	p O l i sh	loanword
চলন	ch o l O n	native
আলাদা	a l a d a	native
নরডিক	n o r D i k	loanword
সুনীতি	sh u n i t i	native
চেতনার	ch e t O n a r	native
শান	sh a n	native
সংগঠনগুলোকে	sh o ng g o Th O n g u l O k e	native
নিদান	n i d a n	native
রাঘব	r a gh o b	proper_noun
কাঠমাণ্ডুতে	k a Th m a n D u t e	proper_noun
ইচ্ছেগুলো	i ch chh e g u l O	native
অন্যগুলোর	O n n O g u l O r	native
সোনামনির	sh O n a m O n i r	native
বিরোধিতা	b i r O dh i t a	native
ট্রেড	T r e D	loanword
সর্বশ্রোতা	sh o r b O s r O t a	native
মাথাভর্তি	m a th a bh O r t i	native
যিশুর	j i sh u r	loanword_nativized
ফেভারিটের	ph e bh a r i T e r	loanword
নিক্তিতে	n i kt i t e	native
মুভিতে	m u bh i t e	loanword
জানমালের	j a n m a l e r	native
ধূ	dh u	native
আপাকে	a p a k e	native
অবস্থাতে	o b O s th a t e	native
অনুরূপ	O n u r u p	native
রামচন্দ্রপুর	r a m ch o n d r O p u r	proper_noun
শিফটে	sh i ph T e	loanword
অভিযানে	O bh i j a n e	native
নীনা	n i n a	proper_noun
যবনিকা	j o b O n i k a	native
গিয়ার	g i a r	loanword
সুবিদিত	sh u b i d i t O	native
প্রজ্জ্বলিত	p r O j j O l i t O	native
আরও	a r O	native
সরবরাহকৃত	sh o r b o r a h O k ri t O	tatsama
খরচাপাতি	kh o r ch a p a t i	native
ক্যাটস	k A T s	loanword
মজীনা	m O j i n a	proper_noun
সাবরাং	s a b r a ng	proper_noun
স্বাক্ষরে	sh a k kh o r e	tatsama
আরটি	a r T i	loanword
আক্তারুজ্জামান	a kt a r u j j a m a n	proper_noun
খাঁজে	kh a~ j e	native
দশা	d o sh a	native
অনাদর	o n a d O r	native
এমভিএ	e m bh i e	loanword
স্যান্ডির	s A n D i r	proper_noun
কজনই	k o j O n i	native
খেলারাম	kh E l a r a m	proper_noun
গৃহকর্তাকে	g ri h O k o r t a k e	tatsama
কামালও	k a m a l O	proper_noun
ফোটেনি	ph O T e n i	loanword
ট্যুরে	T u r e	loanword
ডিসিসির	D i s i s i r	loanword
কাঁথার	k a~ th a r	native
বাংলাদেশকে	b a ng l a d e sh k e	proper_noun
লালপুর	l a l p u r	proper_noun
বিভক্ত	b i bh o kt O	native
দিনদুপুরে	d i n d u p u r e	native
প্রযুক্তিও	p r O j u k t i O	native
জেতালেন	j e t a l e n	native
পরিশ্রুত	p O r i s r u t O	native
মহাবিশ্বের	m o h a b i sh sh e r	tatsama
মিটাতে	m i T a t e	native
বুসান	b u sh a n	proper_noun
স্কার্টগুলো	s k a r T g u l O	loanword
বুবু	b u b u	native
ক্যালসিয়াম	k A l sh i a m	loanword
লুচির	l u ch i r	native
বাবুর্চিকে	b a b u r ch i k e	native
কমিশন	k o m i sh o n	loanword
দেশভেদে	d e sh bh e d e	native
হার্জেগোভিনা	h a r j e g O bh i n a	proper_noun
ধোপে	dh O p e	native
জীবনবৃত্তান্ত	j i b O n b ri tt a n t O	tatsama
আকুল	a k u l	native
আনাচকানাচে	a n a ch k a n a ch e	native
এসপিজি	e s p i j i	loanword
ডিসিপ্লিনের	D i s i p l i n e r	loanword
ধরনও	dh o r O n O	native
উপদলের	u p O d o l e r	native
বকশিস	b O k sh i sh	native
দ্বিতল	d i t o l	native
পলকে	p o l O k e	native
গোড়ার	g O r a r	native
বাক্যবাণে	b a k k O b a n e	tatsama
লবণাক্ততা	l o b O n a k t O t a	tatsama
পেয়েছিলেন	p e e chh i l e n	native
তম	t o m O	native
ছোলার	chh O l a r	native
মুখোশ	m u kh O sh	native
নফস	n o ph s	loanword
উৎপাদকদের	u t p a d O k d e r	native
খাবারকে	kh a b a r k e	native
মারাত্বক	m a r a tt o k	tatsama
শীর্ষবিন্দু	sh i r sh O b i n d u	tatsama
উপকারই	u p O k a r i	native
ঝকঝকে	jh o k jh o k e	native
লেকটি	l e k T i	loanword
পাচারকারীরা	p a ch a r k a r i r a	native
যাত্রাপথের	j a t r a p o th e r	native
আনসেন্সরড	a n s e n s o r D	loanword
লাপাত্তা	l a p a tt a	native
ট্রেনও	T r e n O	loanword
বসবাসের	b o sh O b a sh e r	native
লিখা	l i kh a	native
স্মুদি	s m u d i	loanword
ব্রীজটি	br i j T i	loanword
সেকশনের	s e k sh o n e r	loanword
মেলাতে	m e l a t e	native
ডাবলসে	D a b O l s e	loanword
মহৎ	m o h O t	native
শিবরাম	sh i b r a m	proper_noun
রাজেশের	r a j e sh e r	proper_noun
সেন্টমার্টিনের	s e n T m a r T i n e r	proper_noun
নাটকে	n a T o k e	native
রাজগঞ্জ	r a j g o n j	proper_noun
লিংকে	l i ng k e	loanword
দেশসমূহে	d e sh sh o m u h e	native
পরামর্শকের	p o r a m o r sh O k e r	native
ট্রেনারের	T r e n a r e r	native
ম্যাচটাতে	m A ch T a t e	native
দিনগুলোর	d i n g u l O r	native
বাঁশবাগানে	b a~ sh b a g a n e	native
মাতালের	m a t a l e r	native
নন্দী	n O nd i	native
ভাঙানোর	bh a ng a n O r	native
সমভাবে	sh o m O bh a b e	native
বিহারিদের	b i h a r i d e r	native
রিটার্নস	r i T a r n s	loanword
ধ্রুপদী	dh r u p O d i	native
হলগুলো	h o l g u l O	loanword
ট্রেডের	T r e D e r	loanword
সিলিকা	s i l i k a	proper_noun
অন্তর্গত	o n t O r g o t O	native
বিকেন্দ্রীকরণ	b i k e n d r i k o r O n	tatsama
যশবন্ত	j o sh b O n t O	native
মৃত্যুরও	m ri t t u r O	tatsama
নসরুল্লাহ	n O s r u l l a h	proper_noun
সংখ্যাগরিষ্ঠতা	sh o ng kh a g O r i sh Th O t a	tatsama
স্বল্পকালীন	sh o l p O k a l i n	tatsama
শত্রু	sh O tr u	native
নির্যাতিতা	n i r j a t i t a	native
রাষ্ট্রদূতসহ	r a sh T r O d u t sh o h O	tatsama
লোহিতের	l O h i t e r	native
দোকানগুলো	d O k a n g u l O	native
রাহী	r a h i	native
ভিসার	bh i s a r	loanword
নারীসমাজ	n a r i sh o m a j	native
মিটিমিটি	m i T i m i T i	loanword
গোমস্তাপুর	g O m O s t a p u r	proper_noun
ফোর	ph O r	loanword
চামচের	ch a m O ch e r	native
মাংসখেকো	m a ng sh O kh e k O	native
জিংকের	j i ng k e r	loanword
যোগ্যতার	j O g g O t a r	native
দরপত্রে	d o r p o t r e	native
খোরাসান	kh O r a s a n	proper_noun
সুদুর	sh u d u r	native
শ্রুতিকে	s r u t i k e	native
জ্ঞাতি	g A t i	tatsama
এঁরা	e~ r a	native
বরফকুচি	b o r O ph k u ch i	native
স্ট্যান্ট	s T A n T	loanword
প্লেস্টেশন	p l e s T e sh o n	loanword
মিনুর	m i n u r	proper_noun
বিজিবির	b i j i b i r	proper_noun
রেফারিদের	r e ph a r i d e r	loanword
কারাগারসহ	k a r a g a r sh o h O	native
শিল্পোদ্যোক্তা	sh i l p O d d O kt a	native
পাঁচেকের	p a~ ch e k e r	native
মনতাজুর	m O n t a j u r	proper_noun
পিটি	p i T i	loanword
স্থাপনাসহ	s th a p O n a sh o h O	native
কাশ্মীরকে	k a sh m i r k e	proper_noun
বনজ	b o n O j	native
ইজতেমা	i j t e m a	loanword
সান্তাহার	sh a nt a h a r	proper_noun
বর্ণমালা	b o r n O m a l a	tatsama
পারবা	p a r b a	native
শিবের	sh i b e r	native
রেজিস্ট্রেশনের	r e j i s T r e sh o n e r	loanword
খানমের	kh a n o m e r	proper_noun
সহমর্মিতা	sh o h O m O r m i t a	native
হাস্যকর	h a sh sh O k o r	native
নার্সিংহোমে	n a r s i ng h O m e	loanword
বাক্সে	b a k sh e	loanword_nativized
দৃষ্টিভঙ্গি	d ri shT i bh O ng g i	tatsama
নির্বাচিতদের	n i r b a ch i t O d e r	native
সূত্রের	sh u tr e r	native
দাঁতমারা	d a~ t m a r a	native
অত্যাধুনিক	O t t a dh u n i k	native
ফুটি	ph u T i	native
তাপবিদ্যুৎকেন্দ্র	t a p b i d d u t k e ndr O	native
সমাধানে	sh o m a dh a n e	native
তিনবছর	t i n b o chh O r	native
সম্পাদনের	sh o m p a d O n e r	native
এসছে	e sh chh e	native
সাপোর্টের	s a p O r T e r	loanword
ফলস	ph o l s	loanword
পথচারীরা	p o th O ch a r i r a	native
বের্ন	b e r n	loanword
খনিজ	kh O n i j 	native
মাদককে	m a d O k k e	native
বরকতে	b o r k O t e	native
রোদেও	r O d e O	native
দক্ষিণপূর্ব	d O kkh i n p u r b O	tatsama
আব্বাসউদ্দীন	a b b a s u d d i n	proper_noun
পার্থিব	p a r th i b	native
মুহাজির	m u h a j i r	loanword
সার্ভিসসহ	s a r bh i s sh o h O	loanword
কেসি	k e s i	loanword
আনলিমিটেড	a n l i m i T e D	loanword
নৃশংসতম	n ri sh o ng sh O t o m O	tatsama
ক্লিনিকে	kl i n i k e	loanword
রাবিড	r a b i D	native
আজিজুর	a j i j u r	proper_noun
ফিলিস্তিনকে	ph i l i st i n k e	proper_noun
সামিরা	s a m i r a	proper_noun
নিরিখে	n i r i kh e	native
জনপ্রতিনিধির	j o n O p r O t i n i dh i r	native
ইসলামবিদ্বেষী	i s l a m b i d d e sh i	loanword_nativized
এবছরের	e b o chh O r e r	native
কারণগুলো	k a r O n g u l O	tatsama
ম্যাচপূর্ব	m A ch p u r b O	loanword
ভর্তা	bh o r t a	native
এগুলোতে	e g u l O t e	native
খুতবা	kh u t b a	loanword
দূতকে	d u t k e	native
প্রেসার	pr e sh a r	loanword
ভস্ম	bh o sh sh O	tatsama
অফিসগামী	o ph i s g a m i	native
আফ্রিকার	a ph r i k a r	proper_noun
অবশেষ	o b O sh e sh	tatsama
জনসভা	j o n O sh o bh a	native
কিট	k i T	loanword
প্রকৃতিপ্রেমীদের	pr O k ri t i pr e m i d e r	tatsama
নাশকতাসহ	n a sh O k o t a sh o h O	native
করেছিল	k O r e chh i l O	native
ণত্ব	n o tt O	tatsama
করানো	k o r a n O	native
আলোচনাটা	a l O ch o n a T a	native
টেস্টকে	T e s T k e	loanword
বাজনার	b a j n a r	native
পর্চার	p o r ch a r	native
দেবযানীর	d e b j a n i r	proper_noun
আত্মগোপনের	a t t O g O p O n e r	native
স্বাস্থ্যকর্মীর	sh a s th O k O r m i r	tatsama
বিভক্তির	b i bh O k t i r	native
ব্যাপ্ত	b A p t O	native
সেক্ষেত্রে	sh e kkh e tr e	tatsama
শবাসন	sh o b a sh O n	native
রাষ্ট্রের	r a sh T r e r	tatsama
পাথরঘাটা	p a th O r gh a T a	proper_noun
অবিশ্বাস্যভাবে	o b i sh sh a sh sh O bh a b e	tatsama
ভাগা	bh a g a	native
অবাক	o b a k	native
ভাষাতে	bh a sh a t e	tatsama
আজমত	a j m o t	proper_noun
নামবে	n a m b e	native
কুবি	k u b i	proper_noun
জলাধারের	j o l a dh a r e r	native
ইজিবাইকের	i j i b a i k e r	loanword
সভাকক্ষে	sh o bh a k O k kh e	tatsama
বীরগঞ্জ	b i r g o n j	proper_noun
অংশবিশেষ	o ng sh O b i sh e sh	tatsama
মুসলিমের	m u s l i m e r	proper_noun
জংলি	j O ng l i	native
