সময়	sh o m o y
সুন্দর	sh u nd O r
সকাল	sh o k a l
সন্তান	sh o nt a n
সমাজ	sh o m a j
সবাই	sh o b a i
সংসার	sh o ng sh a r
সাইকেল	s a i k e l
সিনেমা	s i n e m a
সেকেন্ড	s e k e n D
সেন্টার	s e n T a r
সোফা	s O ph a
সুপার	s u p a r
সালাম	s a l a m
সাহেব	sh a h e b
সিলেট	s i l e T
সেলিম	s e l i m
সাকলাইন	s a k l a i n
বিজ্ঞান	b i g g a n
জ্ঞান	g A n
সন্ধ্যা	sh o n dh a
বিশ্ব	b i sh sh O
স্বাধীনতা	sh a dh i n o t a
আমি	a m i
তুমি	t u m i
সে	sh e
আমরা	a m r a
তোমরা	t O m r a
তারা	t a r a
ভালো	bh a l O
খারাপ	kh a r a p
বাংলাদেশ	b a ng l a d e sh
ঢাকা	Dh a k a
মানুষ	m a n u sh
পানি	p a n i
ক্ষমা	kkh o m a
রক্ত	r o kt O
শক্তি	sh O kt i
করছি	k O r chh i
বাংলা	b a ng l a
আমার	a m a r
নাম	n a m
কম	k o m
ভাত	bh a t
তথ্য	t O t th O
মাথা	m a th a
চোখ	ch O kh
কান	k a n
নাক	n a k
মুখ	m u kh
হাত	h a t
পা	p a
বুক	b u k
পেট	p e T
গলা	g o l a
মা	m a
বাবা	b a b a
ভাই	bh a i
বোন	b O n
ছেলে	chh e l e
মেয়ে	m e y e
স্বামী	sh a m i
স্ত্রী	s t r i
দাদা	d a d a
নানা	n a n a
মাছ	m a chh
মাংস	m a ng sh O
ডাল	D a l
তরকারি	t o r k a r i
দুধ	d u dh
চা	ch a
রুটি	r u T i
ডিম	D i m
তেল	t e l
লবণ	l o b O n
এক	E k
দুই	d u i
তিন	t i n
চার	ch a r
পাঁচ	p a~ ch
ছয়	chh o y
সাত	sh a t
আট	a T
নয়	n o y
দশ	d o sh
লাল	l a l
নীল	n i l
সবুজ	sh O b u j
হলুদ	h O l u d
কালো	k a l O
সাদা	sh a d a
বেগুনি	b e g u n i
কমলা	k o m l a
খাওয়া	kh a O y a
যাওয়া	j a O y a
আসা	a sh a
করা	k o r a
বলা	b o l a
দেখা	d E kh a
শোনা	sh O n a
পড়া	p o r a
লেখা	l E kh a
ঘুমানো	gh u m a n O
বড়	b o r O
ছোট	chh O T O
গরম	g o r O m
ঠান্ডা	Th a n D a
নতুন	n O t u n
পুরনো	p u r O n O
ভারী	bh a r i
হালকা	h a l k a
চট্টগ্রাম	ch o T T O gr a m
রাজশাহী	r a j sh a h i
খুলনা	kh u l n a
বরিশাল	b O r i sh a l
ময়মনসিংহ	m o y m O n sh i ng
বাড়ি	b a r i
আমি ভালো আছি	a m i | bh a l O | a chh i
তুমি কেমন আছো	t u m i | k E m o n | a chh O
সে বাড়ি যাচ্ছে	sh e | b a r i | j a ch chh e
স্কুল	s k u l
নারায়ণগঞ্জ	n a r a y O n g o nj
বিশ্ববিদ্যালয়	b i sh sh O b i d d a l o y
ব্যথা	b A th a
বন্যা	b o n n a
গ্রীষ্ম	gr i sh sh O
জ্বর	j o r
চিকিৎসা	ch i k i t sh a
কলেজ	k o l e j
কম্পিউটার	k o mp i u T a r
মোবাইল	m O b a i l
ডাক্তার	D a kt a r
টেলিভিশন	T e l i bh i sh o n
ইন্টারনেট	i n T a r n e T
রেডিও	r e D i O
দেওয়া	d e O y a
নেওয়া	n e O y a
রাখা	r a kh a
ধরা	dh o r a
ছাড়া	chh a r a
পাওয়া	p a O y a
হওয়া	h o O y a
জানা	j a n a
রংপুর	r o ng p u r
কুমিল্লা	k u m i l l a
বৃষ্টি	b ri shT i
রোদ	r O d
মেঘ	m e gh
ঝড়	jh o r
শীত	sh i t
গরু	g O r u
ছাগল	chh a g O l
মুরগি	m u r g i
কুকুর	k u k u r
বিড়াল	b i r a l
হাতি	h a t i
বাঘ	b a gh
সাপ	sh a p
পাখি	p a kh i
শিক্ষক	sh i kkh o k
ছাত্র	chh a tr O
পরীক্ষা	p O r i kkh a
বই	b O i
কলম	k o l O m
হাসপাতাল	h a sh p a t a l
ওষুধ	O sh u dh
রোগ	r O g
দুপুর	d u p u r
বিকেল	b i k e l
রাত	r a t
আজ	a j
কাল	k a l
পরশু	p O r sh u
এখন	E kh O n
তখন	t o kh O n
শূন্য	sh u n n O
এগারো	E g a r O
বারো	b a r O
তেরো	t E r O
চৌদ্দ	ch ou d d O
পনেরো	p O n e r O
ষোলো	sh O l O
সতেরো	sh o t e r O
আঠারো	a Th a r O
উনিশ	u n i sh
কুড়ি	k u r i
ত্রিশ	tr i sh
চল্লিশ	ch O l l i sh
পঞ্চাশ	p o nch a sh
ষাট	sh a T
সত্তর	sh O tt O r
আশি	a sh i
নব্বই	n O b b O i
একশ	E k sh O
শত	sh o t O
হাজার	h a j a r
লক্ষ	l o kkh O
কোটি	k O T i
প্রথম	pr O th O m
দ্বিতীয়	d i t i y O
দ্বিধা	d i dh a
দ্বিগুণ	d i g u n
তৃতীয়	t ri t i y O
চতুর্থ	ch O t u r th O
পঞ্চম	p o nch O m
ষষ্ঠ	sh o shTh O
সপ্তম	sh o p t O m
অষ্টম	o shT O m
নবম	n o b O m
দশম	d o sh O m
কে	k e
কি	k i
কী	k i
কোথায়	k O th a y
কখন	k o kh O n
কেন	k E n O
কীভাবে	k i bh a b e
কত	k o t O
কার	k a r
কোনটা	k O n T a
রবিবার	r O b i b a r
সোমবার	sh O m b a r
মঙ্গলবার	m O ngg O l b a r
বুধবার	b u dh b a r
বৃহস্পতিবার	b ri h O s p O t i b a r
শুক্রবার	sh u kr O b a r
শনিবার	sh O n i b a r
বৈশাখ	b oi sh a kh
জ্যৈষ্ঠ	j oi shTh O
আষাঢ়	a sh a r
শ্রাবণ	s r a b o n
ভাদ্র	bh a d r O
আশ্বিন	a sh sh i n
কার্তিক	k a r t i k
অগ্রহায়ণ	o gr O h a y O n
পৌষ	p ou sh
মাঘ	m a gh
ফাল্গুন	ph a l g u n
চৈত্র	ch oi tr O
খুশি	kh u sh i
দুঃখ	d u k kh O
রাগ	r a g
ভয়	bh o y
ভালোবাসা	bh a l O b a sh a
আনন্দ	a n O nd O
দুশ্চিন্তা	d u sh ch i nt a
লজ্জা	l o j j a
ইঞ্জিনিয়ার	i nj i n i y a r
ব্যবসায়ী	b A b o sh a y i
কৃষক	k ri sh o k
জেলে	j e l e
পুলিশ	p u l i sh
উকিল	u k i l
রাঁধুনি	r a~ dh u n i
দর্জি	d O r j i
চেয়ার	ch e y a r
টেবিল	T e b i l
খাট	kh a T
আলমারি	a l m a r i
দরজা	d o r j a
জানালা	j a n a l a
ছাদ	chh a d
দেয়াল	d e y a l
শাড়ি	sh a r i
পাঞ্জাবি	p a nj a b i
জামা	j a m a
প্যান্ট	p A n T
জুতা	j u t a
টুপি	T u p i
গাড়ি	g a r i
বাস	b a s
ট্রেন	T r e n
বিমান	b i m a n
নৌকা	n ou k a
রিকশা	r i k sh a
নদী	n O d i
পাহাড়	p a h a r
সাগর	sh a g O r
বন	b o n
মাটি	m a T i
আকাশ	a k a sh
চাঁদ	ch a~ d
সূর্য	sh u r j O
ধন্যবাদ	dh O n n O b a d
দুঃখিত	d u h kh i t O
শুভ সকাল	sh u bh O | sh o k a l
শুভ রাত্রি	sh u bh O | r a tr i
২৩	t e i sh
৬৭	sh a t sh O T T i
৩৪০৯	t i n | h a j a r | ch a r sh O | n o y
তিনি MBBS পাশ করেছেন	t i n i | e m | b i | b i | e s | p a sh | k O r e chh e n
সে HSC পরীক্ষা দিয়েছে	sh e | e i ch | e s | s i | p O r i kkh a | d i y e chh e
Engr. করিম আসবেন	i nj i n i y a r | k O r i m | a sh b e n
এস	e s
শ্বশুর	sh O sh u r
শাশুড়ি	sh a sh u r i
ভাসুর	bh a sh u r
ননদ	n o n O d
দেবর	d e b o r
জা	j a
ভাগ্নে	bh a g n e
ভাগ্নি	bh a g n i
ভাতিজা	bh a t i j a
ভাতিজি	bh a t i j i
খালা	kh a l a
চাচা	ch a ch a
চাচি	ch a ch i
মামা	m a m a
মামি	m a m i
ফুফু	ph u ph u
ফুফা	ph u ph a
শ্যালক	sh A l o k
শ্যালিকা	sh A l i k a
নাতি	n a t i
ফুটবল	ph u T b o l
ক্রিকেট	kr i k e T
দাবা	d a b a
ব্যাডমিন্টন	b A D m i n T o n
সাঁতার	sh a~ t a r
দৌড়	d ou r
ভলিবল	bh O l i b o l
হকি	h O k i
গান	g a n
নাচ	n a ch
নাটক	n a T o k
বাঁশি	b a~ sh i
তবলা	t o b l a
হারমোনিয়াম	h a r m O n i y a m
ঢোল	Dh O l
একতারা	E k t a r a
আম	a m
কাঁঠাল	k a~ Th a l
কলা	k o l a
আপেল	a p e l
আঙ্গুর	a ngg u r
তরমুজ	t O r m u j
পেঁপে	p E~ p e
লিচু	l i ch u
নারিকেল	n a r i k e l
খেজুর	kh e j u r
আলু	a l u
পেঁয়াজ	p e~ y a j
রসুন	r O sh u n
আদা	a d a
টমেটো	T o m e T O
বেগুন	b e g u n
করলা	k o r O l a
ফুলকপি	ph u l k o p i
বাঁধাকপি	b a~ dh a k o p i
শসা	sh o sh a
উত্তর	u tt O r
দক্ষিণ	d O kkh i n
পূর্ব	p u r b O
পশ্চিম	p O sh ch i m
ওপরে	O p O r e
নিচে	n i ch e
ডানে	D a n e
বামে	b a m e
সামনে	sh a m n e
পিছনে	p i chh O n e
বৃত্ত	b ri tt O
বর্গক্ষেত্র	b o r g O kkh e tr O
ত্রিভুজ	tr i bh u j
আয়তক্ষেত্র	a y O t O kkh e tr O
রেখা	r e kh a
কোণ	k O n
কাঠ	k a Th
লোহা	l O h a
পাথর	p a th O r
কাগজ	k a g O j
প্লাস্টিক	p l a s T i k
কাচ	k a ch
সোনা	sh O n a
রূপা	r u p a
তামা	t a m a
মসজিদ	m O sh j i d
মন্দির	m O nd i r
গির্জা	g i r j a
নামাজ	n a m a j
পূজা	p u j a
আল্লাহ	a l l a h
রোজা	r O j a
ঈদ	i d
কনুই	k O n u i
হাঁটু	h a~ T u
গোড়ালি	g O r a l i
কপাল	k o p a l
ভ্রু	bh r u
চুল	ch u l
দাঁত	d a~ t
জিহ্বা	j i b b a
নখ	n o kh
ঘাড়	gh a r
হাঁড়ি	h a~ r i
কড়াই	k o r a i
থালা	th a l a
বাটি	b a T i
গ্লাস	g l a s
চামচ	ch a m o ch
ছুরি	chh u r i
চুলা	ch u l a
বাতাস	b a t a sh
ঢেউ	Dh e u
সমুদ্র	sh O m u d r O
দ্বীপ	d i p
মরুভূমি	m O r u bh u m i
উপত্যকা	u p O t t o k a
হ্রদ	r o d
সপ্তাহ	sh o p t a h
মাস	m a sh
বছর	b o chh O r
শতাব্দী	sh o t a b d i
মুহূর্ত	m u h u r t O
ভোর	bh O r
গোধূলি	g O dh u l i
অংক	o ng k O
ইতিহাস	i t i h a sh
ভূগোল	bh u g O l
ব্যাকরণ	b A k o r O n
সাহিত্য	sh a h i t t O
দর্শন	d o r sh O n
অর্থনীতি	o r th O n i t i
ঈর্ষা	i r sh a
গর্ব	g o r b O
অহংকার	o h O ng k a r
উৎসাহ	u t sh a h O
হতাশা	h o t a sh a
বিরক্তি	b i r O kt i
কুৎসিত	k u t sh i t
লম্বা	l o mb a
খাটো	kh a T O
মোটা	m O T a
চিকন	ch i k o n
শক্ত	sh o kt O
নরম	n o r O m
পরিষ্কার	p O r i sh k a r
নোংরা	n O ng r a
বালিশ	b a l i sh
কম্বল	k o mb O l
পর্দা	p o r d a
আয়না	a y n a
ঘড়ি	gh O r i
নার্স	n a r s
সাংবাদিক	sh a ng b a d i k
লেখক	l e kh o k
শিল্পী	sh i l p i
নাপিত	n a p i t
কামার	k a m a r
কুমার	k u m a r
বিমানবন্দর	b i m a n b o nd O r
স্টেশন	s T e sh o n
টিকেট	T i k e T
পাসপোর্ট	p a s p O r T
ভ্রমণ	bh r O m O n
পর্যটক	p o r j o T o k
হ্যাঁ	h A~
না	n a
মন্দ	m o nd O
স্বাগতম	sh a g O t o m
বিদায়	b i d a y
এবং	e b O ng
কিন্তু	k i nt u
অথবা	o th O b a
যদি	j O d i
তাহলে	t a h o l e
কারণ	k a r O n
তাই	t a i
যেহেতু	j e h e t u
ব্যাগ	b A g
স্কেল	s k e l
রাবার	r a b a r
পেন্সিল	p e n s i l
চক	ch o k
বোর্ড	b O r D
টাকা	T a k a
পয়সা	p o y sh a
ব্যাংক	b A ng k
নোট	n O T
দাঁড়ানো	d a~ r a n O
বসা	b o sh a
শোয়া	sh O y a
হাঁটা	h a~ T a
দৌড়ানো	d ou r a n O
লাফানো	l a ph a n O
আকার	a k a r
ওজন	O j o n
উচ্চতা	u ch ch O t a
দৈর্ঘ্য	d oi r gh O
শব্দ	sh o b d O
ভাষা	bh a sh a
অক্ষর	o kkh O r
দয়া করে	d o y a | k O r e
মাফ করবেন	m a ph | k O r b e n
মক্কা	m o k k a
মগ্ন	m o g n O
ভগ্ন	bh o g n O
শঙ্কা	sh o ng k a
লঙ্কা	l o ng k a
শঙ্খ	sh o ng kh O
ইচ্ছা	i ch chh a
দণ্ড	d o n D O
উত্থান	u t th a n
যুদ্ধ	j u d dh O
বিশুদ্ধ	b i sh u d dh O
সিদ্ধ	sh i d dh O
গন্ডগোল	g o n D O g O l
নিম্ন	n i m n O
কল্প	k o l p O
অল্প	o l p O
গুল্ম	g u l m O
স্ফটিক	s ph o T i k
চিহ্ন	ch i n n O
ব্রাহ্মণ	br a m m O n
লক্ষ্মী	l O kkh i
পদ্ম	p o d d O
স্বাস্থ্য	sh a s th O
রাষ্ট্র	r a sh T r O
তত্ত্ব	t o t t O
ঐক্য	oi k k O
সংখ্যা	sh o ng kh a
যুক্তি	j u kt i
সন্দেহ	sh O nd e h O
গ্রন্থ	gr O n th O
লক্ষ্য	l o kkh O
বিশ্লেষণ	b i s l e sh o n
সমস্যা	sh o m O sh sh a
স্পর্শ	s p o r sh O
স্বপ্ন	sh o p n O
দৃষ্টি	d ri shT i
সৃষ্টি	s ri shT i
কৃষ্ণ	k ri shN O
ব্যবস্থা	b A b O sth a
প্রতিষ্ঠান	pr O t i shTh a n
উদ্দেশ্য	u d d e sh sh O
অন্ধ	o ndh O
সন্ধি	sh O ndh i
কক্ষ	k o kkh O
পক্ষ	p o kkh O
রক্ষা	r o kkh a
দক্ষ	d o kkh O
বক্তা	b o kt a
মন্ত্রী	m O n t r i
আমার নাম রহিম।	a m a r | n a m | r O h i m
তোমার নাম কী?	t O m a r | n a m | k i
আমি বাংলাদেশ থেকে এসেছি।	a m i | b a ng l a d e sh | th e k e | e sh e chh i
আপনার সাথে দেখা করে ভালো লাগলো।	a p n a r | sh a th e | d E kh a | k O r e | bh a l O | l a g l O
আমি ভালো আছি, তুমি কেমন আছ?	a m i | bh a l O | a chh i | t u m i | k E m o n | a chh o
তোমার বয়স কত?	t O m a r | b o y o sh | k o t O
আমি একজন ছাত্র।	a m i | E k j o n | chh a tr O
তুমি কোথা থেকে এসেছ?	t u m i | k O th a | th E k e | e sh e chh O
এটা আমার বন্ধু।	e T a | a m a r | b O ndh u
আমরা একসাথে পড়ি।	a m r a | E k sh a th e | p O r i
আমি প্রতিদিন সকালে উঠি।	a m i | pr O t i d i n | sh o k a l e | u Th i
আমি সকালে দাঁত মাজি।	a m i | sh o k a l e | d a~ t | m a j i
আমি নাস্তা করে স্কুলে যাই।	a m i | n a st a | k O r e | s k u l e | j a i
আমি বিকেলে খেলতে যাই।	a m i | b i k e l e | kh E l t e | j a i
আমি রাতে তাড়াতাড়ি ঘুমাই।	a m i | r a t e | t a r a t a r i | gh u m a i
আমি প্রতিদিন গোসল করি।	a m i | pr O t i d i n | g O s o l | k O r i
আমি সকালে হাঁটতে যাই।	a m i | sh o k a l e | h a~ T t e | j a i
আমি রাতের খাবার খেয়ে পড়তে বসি।	a m i | r a t e r | kh a b a r | kh e y e | p O r t e | b O sh i
আমি প্রতিদিন বই পড়ি।	a m i | pr O t i d i n | b O i | p O r i
আমি সপ্তাহে একদিন বিশ্রাম নিই।	a m i | sh o p t a h e | E k d i n | b i s r a m | n i i
আমার ভাই প্রতিদিন অফিসে যায়।	a m a r | bh a i | pr O t i d i n | o ph i s e | j a y
আমার বোন গান শেখে।	a m a r | b O n | g a n | sh e kh e
আমরা রবিবারে বাজারে যাই।	a m r a | r O b i b a r e | b a j a r e | j a i
সে প্রতিদিন দেরি করে ওঠে।	sh e | pr O t i d i n | d E r i | k O r e | O Th e
তুমি কয়টায় ঘুম থেকে ওঠ?	t u m i | k o y T a y | gh u m | th e k e | O Th O
তুমি কোথায় যাচ্ছ?	t u m i | k O th a y | j a ch chh O
তুমি কি ভাত খেয়েছ?	t u m i | k i | bh a t | kh e y e chh o
তোমার মোবাইল নম্বর কত?	t O m a r | m O b a i l | n o mb o r | k o t O
এখন কয়টা বাজে?	E kh O n | k o y T a | b a j e
তুমি কোন ক্লাসে পড়?	t u m i | k O n | kl a s e | p o r O
তুমি কেন কাঁদছ?	t u m i | k E n O | k a~ d chh O
এটা কার বই?	e T a | k a r | b O i
তুমি কি আমাকে সাহায্য করবে?	t u m i | k i | a m a k e | sh a h a j j O | k O r b e
আজ কী বার?	a j | k i | b a r
তোমার প্রিয় খাবার কী?	t O m a r | pr i y O | kh a b a r | k i
তুমি কবে ঢাকা যাবে?	t u m i | k o b e | Dh a k a | j a b e
এই রাস্তাটা কোথায় যায়?	e i | r a st a T a | k O th a y | j a y
তুমি কি বাংলা বুঝতে পার?	t u m i | k i | b a ng l a | b u jh t e | p a r O
আমরা কখন বের হব?	a m r a | k o kh O n | b e r | h o b O
তোমার বাসা কোথায়?	t O m a r | b a sh a | k O th a y
আজকে আবহাওয়া খুব সুন্দর।	a j k e | a b o h a O y a | kh u b | sh u nd O r
বৃষ্টি হচ্ছে, ছাতা নিয়ে যাও।	b ri shT i | h O ch chh e | chh a t a | n i y e | j a O
আজ খুব গরম পড়েছে।	a j | kh u b | g o r O m | p O r e chh e
শীতকালে খুব ঠান্ডা লাগে।	sh i t k a l e | kh u b | Th a n D a | l a g e
আকাশে অনেক মেঘ জমেছে।	a k a sh e | o n e k | m e gh | j O m e chh e
আজ রোদ উঠেছে।	a j | r O d | u Th e chh e
বাইরে খুব বাতাস বইছে।	b a i r e | kh u b | b a t a sh | b O i chh e
কাল ঝড় হতে পারে।	k a l | jh o r | h O t e | p a r e
গ্রীষ্মকালে খুব গরম পড়ে।	gr i sh sh o k a l e | kh u b | g o r O m | p o r e
বর্ষাকালে অনেক বৃষ্টি হয়।	b o r sh a k a l e | o n e k | b ri shT i | h o y
তার বাবা একজন ডাক্তার।	t a r | b a b a | E k j o n | D a kt a r
আমার মা রান্না করছেন।	a m a r | m a | r a nn a | k o r chh e n
আমাদের পরিবারে পাঁচজন সদস্য।	a m a d e r | p O r i b a r e | p a~ ch j o n | sh o d O sh sh O
আমার দাদা অনেক গল্প জানেন।	a m a r | d a d a | o n e k | g o l p O | j a n e n
আমার ছোট বোন স্কুলে যায়।	a m a r | chh O T O | b O n | s k u l e | j a y
আমার বড় ভাই বিদেশে থাকে।	a m a r | b o r O | bh a i | b i d e sh e | th a k e
আমরা সবাই একসাথে থাকি।	a m r a | sh o b a i | E k sh a th e | th a k i
আমার নানি খুব ভালো রান্না করেন।	a m a r | n a n i | kh u b | bh a l O | r a nn a | k o r e n
আমার চাচা ব্যবসা করেন।	a m a r | ch a ch a | b A b sh a | k o r e n
পরিবারের সবাই আজ বাসায় আছে।	p O r i b a r e r | sh o b a i | a j | b a sh a y | a chh e
আমাদের স্কুলে অনেক ছাত্র আছে।	a m a d e r | s k u l e | o n e k | chh a tr O | a chh e
আমি বাংলা ভাষা শিখছি।	a m i | b a ng l a | bh a sh a | sh i kh chh i
শিক্ষক আজ নতুন পাঠ পড়ালেন।	sh i kkh o k | a j | n O t u n | p a Th | p o r a l e n
আমার পরীক্ষা আগামীকাল।	a m a r | p O r i kkh a | a g a m i k a l
আমি প্রতিদিন হোমওয়ার্ক করি।	a m i | pr o t i d i n | h O m y a r k | k O r i
আমার স্কুলব্যাগ ভারী।	a m a r | s k u l b A g | bh a r i
ছাত্ররা মাঠে খেলছে।	chh a tr r a | m a Th e | kh E l chh e
আমাদের ক্লাস সকাল আটটায় শুরু হয়।	a m a d e r | kl a s | sh o k a l | a T T a y | sh u r u | h o y
আমি অংক ভালো পারি না।	a m i | o ng k O | bh a l O | p a r i | n a
শিক্ষক আমাদের গল্প বলেন।	sh i kkh o k | a m a d e r | g o l p O | b o l e n
আমার খুব খিদে পেয়েছে।	a m a r | kh u b | kh i d e | p e y e chh e
আমি ভাত আর মাছ খাই।	a m i | bh a t | a r | m a chh | kh a i
মা আজ ইলিশ মাছ রান্না করেছেন।	m a | a j | i l i sh | m a chh | r a nn a | k O r e chh e n
আমি মিষ্টি খেতে ভালোবাসি।	a m i | m i shT i | kh e t e | bh a l O b a sh i
আমার এই তরকারি পছন্দ না।	a m a r | e i | t o r k a r i | p o chh O nd O | n a
আমরা প্রতিদিন তিনবার খাই।	a m r a | pr o t i d i n | t i n b a r | kh a i
আজকে বাসায় বিরিয়ানি রান্না হয়েছে।	a j k e | b a sh a y | b i r i y a n i | r a nn a | h O y e chh e
আমি ঝাল খাবার পছন্দ করি।	a m i | jh a l | kh a b a r | p o chh O nd O | k O r i
তুমি কি চা খাবে?	t u m i | k i | ch a | kh a b e
রাতে হালকা খাবার খাওয়া ভালো।	r a t e | h a l k a | kh a b a r | kh a O y a | bh a l O
তার শরীর ভালো নেই।	t a r | sh O r i r | bh a l O | n e i
আমার মাথা ব্যথা করছে।	a m a r | m a th a | b A th a | k O r chh e
তুমি ডাক্তার দেখিয়েছ?	t u m i | D a kt a r | d e kh i y e chh O
আমার জ্বর হয়েছে।	a m a r | j o r | h O y e chh e
নিয়মিত ব্যায়াম করা ভালো।	n i y O m i t O | b A y a m | k o r a | bh a l O
সে হাসপাতালে ভর্তি হয়েছে।	sh e | h a sh p a t a l e | bh O r t i | h O y e chh e
ওষুধ সময়মতো খাওয়া দরকার।	O sh u dh | sh o m o y m O t O | kh a O y a | d o r k a r
আমার পেট ব্যথা করছে।	a m a r | p e T | b A th a | k O r chh e
তুমি পর্যাপ্ত ঘুমাও।	t u m i | p o r j a p t O | gh u m a O
সুস্থ থাকতে হলে ভালো খাবার খেতে হবে।	sh u sth O | th a k t e | h O l e | bh a l O | kh a b a r | kh e t e | h o b e
আমরা আগামীকাল বাজারে যাব।	a m r a | a g a m i k a l | b a j a r e | j a b O
আমি একটা নতুন গাড়ি কিনেছি।	a m i | E k T a | n O t u n | g a r i | k i n e chh i
সে গতকাল ঢাকা গিয়েছিল।	sh e | g o t O k a l | Dh a k a | g i y e chh i l O
আমরা বাসে করে স্কুলে যাই।	a m r a | b a s e | k O r e | s k u l e | j a i
টিকেটের দাম কত?	T i k e T e r | d a m | k o t O
আমি নতুন জামা কিনতে চাই।	a m i | n O t u n | j a m a | k i n t e | ch a i
আমরা ট্রেনে করে চট্টগ্রাম যাব।	a m r a | T r E n e | k O r e | ch o T T O gr a m | j a b O
বাজারে আজ অনেক ভিড়।	b a j a r e | a j | o n e k | bh i r
আমি দোকান থেকে কিছু কিনব।	a m i | d O k a n | th E k e | k i chh u | k i n b O
বিমানবন্দর এখান থেকে অনেক দূরে।	b i m a n b o nd O r | e kh a n | th e k e | o n e k | d u r e
আমি তোমাকে ভালোবাসি।	a m i | t O m a k e | bh a l O b a sh i
সে অনেক বুদ্ধিমান।	sh e | o n e k | b u d dh i m a n
আমি আজ খুব খুশি।	a m i | a j | kh u b | kh u sh i
তার কথা শুনে আমি অবাক হয়েছি।	t a r | k o th a | sh u n e | a m i | o b a k | h O y E chh i
আমি ভয় পাচ্ছি।	a m i | bh o y | p a ch chh i
তুমি রাগ করো না।	t u m i | r a g | k O r O | n a
আমি জানতাম তুমি আসবে।	a m i | j a n t a m | t u m i | a sh b e
যদি বৃষ্টি হয়, আমরা বাসায় থাকব।	j O d i | b ri shT i | h o y | a m r a | b a sh a y | th a k b O
আমি মনে করি এটা ঠিক।	a m i | m O n e | k O r i | e T a | Th i k
তুমি চেষ্টা করলে অবশ্যই পারবে।	t u m i | ch e shT a | k O r l e | o b O sh sh O i | p a r b e
সে বলল যে সে আসবে না।	sh e | b o l l O | j e | sh e | a sh b e | n a
আমি যখন ছোট ছিলাম, তখন এখানে থাকতাম।	a m i | j o kh O n | chh O T O | chh i l a m | t o kh O n | e kh a n e | th a k t a m
তুমি যদি আমাকে সাহায্য কর, আমি খুশি হব।	t u m i | j O d i | a m a k e | sh a h a j j o | k o r O | a m i | kh u sh i | h o b O
আমার মনে হয় আজ বৃষ্টি হবে।	a m a r | m O n e | h o y | a j | b ri shT i | h o b e
দয়া করে দরজা বন্ধ করো।	d o y a | k O r e | d o r j a | b o ndh O | k o r O
এখানে বসো।	e kh a n e | b o sh O
জোরে কথা বলো না।	j O r e | k o th a | b O l O | n a
তাড়াতাড়ি করো।	t a r a t a r i | k o r O
আস্তে চলো।	a st e | ch o l O
আমার দিকে তাকাও।	a m a r | d i k e | t a k a O
এই কাজটা করে দাও।	e i | k a j T a | k O r e | d a O
আলো নিভিয়ে দাও।	a l O | n i bh i y e | d a O
জানালা খুলে দাও।	j a n a l a | kh u l e | d a O
একটু অপেক্ষা করো।	e k T u | o p e kkh a | k o r O
সাবধানে যাও।	sh a b dh a n e | j a O
সময়ের কাজ সময়ে করা উচিত।	sh o m o y e r | k a j | sh o m o y e | k o r a | u ch i t
পরিশ্রম সাফল্যের চাবিকাঠি।	p O r i s r o m | sh a ph o l l e r | ch a b i k a Th i
সব ভালো তার শেষ ভালো যার।	sh o b | bh a l O | t a r | sh e sh | bh a l O | j a r
অতি লোভে তাঁতি নষ্ট।	O t i | l O bh e | t a~ t i | n o shT O
যেমন কর্ম তেমন ফল।	j E m o n | k o r m O | t E m o n | ph o l
নিজের পায়ে নিজে কুড়াল মারা।	n i j e r | p a y e | n i j e | k u r a l | m a r a
আপন ভালো পাগলেও বোঝে।	a p O n | bh a l O | p a g O l e O | b O jh e
চোরের মায়ের বড় গলা।	ch O r e r | m a y e r | b o r O | g o l a
একতাই বল।	E k O t a i | b o l
স্বাস্থ্যই সম্পদ।	sh a s th o i | sh o mp o d
সিদ্ধ ডিম খেতে ভালো লাগে।	sh i d dh O | D i m | kh e t e | bh a l O | l a g e
যুদ্ধ সবসময় ক্ষতিকর।	j u d dh O | sh o b sh o m o y | kkh O t i k o r
আমার স্বাস্থ্য ভালো না।	a m a r | sh a s th O | bh a l O | n a
আমি সমস্যায় পড়েছি।	a m i | sh o m O sh sh a y | p O r e chh i
তার দৃষ্টি অনেক তীক্ষ্ণ।	t a r | d ri shT i | o n e k | t i k h n O
আমাদের উদ্দেশ্য ভালো ছিল।	a m a d e r | u d d e sh sh O | bh a l O | chh i l o
সে অন্ধ হয়ে গেছে।	sh e | o ndh O | h O y e | g e chh e
আমি একটা গ্রন্থ পড়ছি।	a m i | E k T a | gr O n th O | p O r chh i
তোমার লক্ষ্য কী?	t O m a r | l o kkh O | k i
আমাদের দেশ স্বাধীন।	a m a d e r | d e sh | sh a dh i n
মন্ত্রী আজ ভাষণ দিলেন।	m O n t r i | a j | bh a sh O n | d i l e n
কৃষ্ণ রঙের গাড়ি সুন্দর।	k ri shN O | r o ng e r | g a r i | sh u nd O r
এই ফুলটা পদ্ম।	e i | ph u l T a | p o d d O
আমি একটা রাষ্ট্র সম্পর্কে পড়ছি।	a m i | E k T a | r a sh T r O | sh o mp O r k e | p O r chh i
তার কথায় আমি সন্দেহ করি।	t a r | k o th a y | a m i | sh o nd e h O | k O r i
প্রতিষ্ঠানটি অনেক পুরনো।	pr O t i shTh a n T i | o n e k | p u r O n O
নিঃশ্বাস নিতে কষ্ট হচ্ছে।	n i h sh sh a sh | n i t e | k o shT O | h O ch chh e
ব্যাস	b A sh
কাপ	k a p
ক্যাপ	k A p
বানিজ্য	b a n i j j O
জ্যান্ত	j A nt O
গ্রাহ্য	gr a j j O
অসহ্য	o sh O j jh O
সহ্য	sh o j jh O
গ্রাহ্যতা	gr a j j O t a
পহেলা বৈশাখ	p o h e l a | b oi sh a kh
ঈদুল ফিতর	i d u l | ph i t o r
ঈদুল আযহা	i d u l | a j h a
দুর্গাপূজা	d u r g a p u j a
বড়দিন	b o r O d i n
নববর্ষ	n o b O b o r sh O
মেলা	m E l a
সংস্কৃতি	sh o ng sh k ri t i
ঐতিহ্য	oi t i j j O
পোশাক	p O sh a k
কাটা	k a T a
ভাজা	bh a j a
মেশানো	m e sh a n O
ঢালা	Dh a l a
পরিবেশন	p O r i b e sh O n
গরম করা	g o r O m | k o r a
ধোয়া	dh O y a
কুচি	k u ch i
সেদ্ধ	sh e d dh O
মসলা	m o sh l a
কোম্পানি	k O mp a n i
চাকরি	ch a k r i
বেতন	b e t o n
মিটিং	m i T i ng
প্রকল্প	pr O k O l p O
গ্রাহক	gr a h O k
বিক্রয়	b i kr o y
বাজেট	b a j e T
কর্মচারী	k o r m O ch a r i
পদত্যাগ	p O d O t t a g
পরমাণু	p o r O m a n u
অণু	O n u
মহাকর্ষ	m o h a k o r sh O
গ্রহ	gr o h O
নক্ষত্র	n o kkh o tr O
বিবর্তন	b i b o r t O n
জীবাণু	j i b a n u
রাসায়নিক	r a sh a y O n i k
আবিষ্কার	a b i sh k a r
পরীক্ষাগার	p O r i kkh a g a r
সংগীত	sh O ng g i t
চিত্রকলা	ch i tr O k o l a
ভাস্কর্য	bh a sh k o r j O
কবিতা	k O b i t a
উপন্যাস	u p O n n a sh
চলচ্চিত্র	ch o l O ch ch i tr O
শিল্পকলা	sh i l p O k o l a
নৃত্য	n ri t t O
দ্রুত	d r u t O
ধীরে	dh i r e
সহজ	sh o h o j
কঠিন	k O Th i n
উজ্জ্বল	u j j o l
অন্ধকার	o ndh O k a r
শান্ত	sh a nt O
ব্যস্ত	b A st O
স্বাভাবিক	sh a bh a b i k
অস্বাভাবিক	o sh sh a bh a b i k
বনভূমি	b o n O bh u m i
জলপ্রপাত	j o l O pr O p a t
মহাসাগর	m o h a sh a g O r
দ্বীপপুঞ্জ	d i p p u nj O
আগ্নেয়গিরি	a g n e y O g i r i
ভূমিকম্প	bh u m i k o mp O
বজ্রপাত	b o j r O p a t
রংধনু	r o ng dh O n u
সফটওয়্যার	s o ph T O y A r
ওয়েবসাইট	O y e b s a i T
ডেটা	D e T a
নেটওয়ার্ক	n e T y a r k
প্রোগ্রাম	pr O gr a m
ডিজিটাল	D i j i T a l
ভার্চুয়াল	bh a r ch u y a l
পাসওয়ার্ড	p a s O y a r D
সরকার	sh o r k a r
আইন	a i n
নির্বাচন	n i r b a ch O n
সংবিধান	sh o ng b i dh a n
মন্ত্রণালয়	m o n t r O n a l O y
আদালত	a d a l o t
বিচারক	b i ch a r O k
নাগরিক	n a g O r i k
মাথায় হাত দেওয়া	m a th a y | h a t | d e O y a
মন ভালো করা	m o n | bh a l O | k o r a
সময় নষ্ট করা	sh o m o y | n o shT O | k o r a
চোখে পড়া	ch O kh e | p o r a
কান দেওয়া	k a n | d e O y a
হাত লাগানো	h a t | l a g a n O
মাথা ঘামানো	m a th a | gh a m a n O
মনে রাখা	m O n e | r a kh a
সমাধান	sh o m a dh a n
উদাহরণ	u d a h o r O n
পরিকল্পনা	p O r i k o l p O n a
সুযোগ	sh u j O g
চ্যালেঞ্জ	ch A l e nj
অভিজ্ঞতা	o bh i g g o t a
যোগ্যতা	j O g g o t a
মূল্যবোধ	m u l l O b O dh
দায়িত্ব	d a y i tt O
সম্ভাবনা	sh o m bh a b o n a
তুই কোথায় যাস?	t u i | k O th a y | j a sh
তুই কি খেয়েছিস?	t u i | k i | kh e y e chh i sh
তুই আমার সাথে আয়।	t u i | a m a r | sh a th e | a y
তুই একটু বস।	t u i | e k T u | b o sh
তুই কেন কাঁদছিস?	t u i | k E n O | k a~ d chh i sh
তুই কি জানিস?	t u i | k i | j a n i sh
তুই ভালো আছিস তো?	t u i | bh a l O | a chh i sh | t O
তুই আমাকে ভুলে গেছিস?	t u i | a m a k e | bh u l e | g e chh i sh
তুই কবে আসবি?	t u i | k o b e | a sh b i
তুই এখন কী করছিস?	t u i | E kh O n | k i | k o r chh i sh
আপনি কেমন আছেন?	a p n i | k E m o n | a chh e n
আপনি কোথায় থাকেন?	a p n i | k O th a y | th a k e n
আপনি কি চা খাবেন?	a p n i | k i | ch a | kh a b e n
দয়া করে একটু বসুন।	d o y a | k O r e | e k T u | b O sh u n
আপনার নাম কী?	a p n a r | n a m | k i
আপনি কি আমাকে সাহায্য করবেন?	a p n i | k i | a m a k e | sh a h a j j O | k O r b e n
আপনি কখন আসবেন?	a p n i | k o kh O n | a sh b e n
আপনি কি এখানে নতুন?	a p n i | k i | e kh a n e | n O t u n
ধন্যবাদ, আপনি অনেক সাহায্য করেছেন।	dh O n n O b a d | a p n i | o n e k | sh a h a j j O | k O r e chh e n
আপনি কি ডাক্তার দেখিয়েছেন?	a p n i | k i | D a kt a r | d e kh i y e chh e n
একদিন এক কৃষক মাঠে কাজ করছিল।	E k d i n | E k | k ri sh o k | m a Th e | k a j | k o r chh i l O
সে অনেক দূর থেকে হেঁটে এসেছিল।	sh e | o n e k | d u r | th e k e | h e~ T e | e sh e chh i l O
রাতে আকাশে অসংখ্য তারা দেখা যাচ্ছিল।	r a t e | a k a sh e | o sh o ng kh O | t a r a | d E kh a | j a ch chh i l O
নদীর পাশে একটা পুরনো মন্দির ছিল।	n O d i r | p a sh e | E k T a | p u r O n O | m O nd i r | chh i l O
বৃষ্টি থামার পর রংধনু উঠল।	b ri shT i | th a m a r | p o r | r o ng dh O n u | u Th l O
শিশুটি মাঠে দৌড়ে খেলছিল।	sh i sh u T i | m a Th e | d ou r e | kh e l chh i l O
পাখিরা গাছের ডালে বসে গান গাইছিল।	p a kh i r a | g a chh e r | D a l e | b O sh e | g a n | g a i chh i l O
তারা সারাদিন কাজ করে ক্লান্ত হয়ে পড়েছিল।	t a r a | sh a r a d i n | k a j | k O r e | kl a nt O | h O y e | p O r E chh i l O
গ্রামের মানুষ সহজ জীবনযাপন করত।	gr a m e r | m a n u sh | sh o h O j | j i b o n j a p O n | k o r t O
সূর্য অস্ত যাওয়ার সময় আকাশ লাল হয়ে গেল।	sh u r j O | o st O | j a O y a r | sh o m o y | a k a sh | l a l | h O y e | g e l O
সে ধীরে ধীরে ঘরে ফিরে এলো।	sh e | dh i r e | dh i r e | gh o r e | ph i r e | e l O
বাচ্চারা নতুন বইয়ের গন্ধ পছন্দ করে।	b a ch ch a r a | n O t u n | b O i y e r | g o ndh O | p o chh O nd O | k o r e
শীতের সকালে কুয়াশা চারদিকে ছড়িয়ে ছিল।	sh i t e r | sh o k a l e | k u y a sh a | ch a r d i k e | chh O r i y e | chh i l O
তারা একসাথে অনেক পরিকল্পনা করেছিল।	t a r a | E k sh a th e | o n e k | p O r i k o l p O n a | k O r e chh i l O
গল্পটা শুনে সবাই অবাক হয়ে গেল।	g o l p O T a | sh u n e | sh o b a i | o b a k | h O y e | g e l O
আমাদের কোম্পানি নতুন প্রকল্প শুরু করেছে।	a m a d e r | k o mp a n i | n O t u n | pr O k O l p O | sh u r u | k O r e chh e
তার বেতন এই মাসে বেড়েছে।	t a r | b e t O n | e i | m a sh e | b e r e chh e
মিটিংটা আগামীকাল দুপুরে হবে।	m i T i ng T a | a g a m i k a l | d u p u r e | h o b e
আমরা একটা নতুন ওয়েবসাইট তৈরি করছি।	a m r a | E k T a | n O t u n | O y e b s a i T | t oi r i | k O r chh i
তোমার পাসওয়ার্ড মনে আছে?	t O m a r | p a s O y a r D | m O n e | a chh e
এই সফটওয়্যারটা ব্যবহার করা সহজ।	e i | s o ph T y A r T a | b A b O h a r | k o r a | sh o h O j
আমাদের বাজেট সীমিত।	a m a d e r | b a j e T | sh i m i t O
গ্রাহকরা আমাদের সেবায় সন্তুষ্ট।	gr a h O k r a | a m a d e r | sh e b a y | sh o nt u shT O
প্রযুক্তি প্রতিদিন পরিবর্তিত হচ্ছে।	pr O j u kt i | pr O t i d i n | p O r i b O r t i t O| h O ch chh e
তার চাকরি হারানোর ভয় আছে।	t a r | ch a k r i | h a r a n O r | bh o y | a chh e
তার কথা শুনে আমার মাথায় হাত পড়ল।	t a r | k o th a | sh u n e | a m a r | m a th a y | h a t | p O r l O
গান শুনে তার মন ভালো হয়ে গেল।	g a n | sh u n e | t a r | m o n | bh a l O | h O y e | g e l O
এভাবে সময় নষ্ট কোরো না।	e bh a b e | sh o m o y | n o shT O | k O r O | n a
জিনিসটা হঠাৎ চোখে পড়ল।	j i n i sh T a | h o Th a t | ch O kh e | p o r l o
আমার কথায় একটু কান দাও।	a m a r | k o th a y | e k T u | k a n | d a O
সবাই মিলে কাজে হাত লাগাল।	sh o b a i | m i l e | k a j e | h a t | l a g a l O
এটা নিয়ে বেশি মাথা ঘামিও না।	e T a | n i y e | b E sh i | m a th a | gh a m i O | n a
এই কথাটা মনে রেখো।	e i | k o th a T a | m O n e | r E kh O
বিজ্ঞানীরা নতুন একটি গ্রহ আবিষ্কার করেছেন।	b i g g a n i r a | n O t u n | e k T i | gr o h O | a b i sh k a r | k O r e chh e n
পরমাণু অত্যন্ত ক্ষুদ্র একটি কণা।	p o r O m a n u | o t t O nt O | kkh u d r O | e k T i | k o n a
জীবাণু খালি চোখে দেখা যায় না।	j i b a n u | kh a l i | ch O kh e | d E kh a | j a y | n a
আমরা পরীক্ষাগারে নতুন পরীক্ষা করছি।	a m r a | p O r i kkh a g a r e | n O t u n | p O r i kkh a | k O r chh i
বিবর্তনের ধারণা বিজ্ঞানে গুরুত্বপূর্ণ।	b i b o r t O n e r | dh a r O n a | b i g g a n e | g u r u tt p u r n O
শিক্ষার্থীরা মহাকাশ নিয়ে আগ্রহী।	sh i kkh a r th i r a | m o h a k a sh | n i y e | a gr o h i
রাসায়নিক পদার্থ সাবধানে ব্যবহার করতে হয়।	r a sh a y O n i k | p o d a r th O | sh a b dh a n e | b A b O h a r | k O r t e | h o y
নক্ষত্রেরা রাতের আকাশে জ্বলজ্বল করে।	n o kkh tr e r a | r a t e r | a k a sh e | j o l j o l | k o r e
এই আবিষ্কার বিজ্ঞানের জগতে নতুন দরজা খুলে দিয়েছে।	e i | a b i sh k a r | b i g g n e r | j o g O t e | n O t u n | d o r j a | kh u l e | d i y e chh e
মহাকর্ষ বলের কারণে জিনিস মাটিতে পড়ে।	m o h a k o r sh O | b o l e r | k a r O n e | j i n i sh | m a T i t e | p o r e
মরা	m o r a
বলতে	b O l t e
করতে	k O r t e
ধরতে	dh O r t e
দেবতা	d e b O t a
দেশ	d e sh
খেলা	kh E l a
কেমন	k E m o n
প্রজাপতি	pr O j a p O t i
মাকড়সা	m a k O r sh a
কচ্ছপ	k o ch chh O p
ভিতরে	bh i t O r e
স্ক্যানার	s k A n a r
ভ্যান	bh A n
স্থপতি	sth o p O t i
মাংসপেশি	m a ng sh O p e sh i
আর্দ্রতা	a d r O t a
নগদ	n o g O d
কেঁচো	k e~ ch O
পরে	p o r e
লঞ্চ	l o nch
স্রোত	s r O t
মশা	m o sh a
মাছি	m a chh i
পিঁপড়া	p i~ p r a
মৌমাছি	m ou m a chh i
তেলাপোকা	t e l a p O k a
জোনাকি	j O n a k i
শামুক	sh a m u k
চাষ	ch a sh
কৃষি	k ri sh i
ফসল	ph o sh O l
ধান	dh a n
গম	g o m
লাঙল	l a ng O l
সেচ	sh e ch
সার	sh a r
বীজ	b i j
খামার	kh a m a r
হাতুড়ি	h a t u r i
করাত	k o r a t
পেরেক	p e r e k
সুই	sh u i
সুতা	sh u t a
কাঁচি	k a~ ch i
দড়ি	d O r i
বালতি	b a l t i
ঝাড়ু	jh a r u
তোয়ালে	t O y a l e
সাবান	sh a b a n
শ্যাম্পু	sh A mp u
চিরুনি	ch i r u n i
ব্রাশ	br a sh
আতর	a t o r
পুকুর	p u k u r
ইলিশ	i l i sh
কাঁকড়া	k a~ k r a
চিংড়ি	ch i ng r i
ব্যাঙ	b A ng
বাইরে	b a i r e
মাঝে	m a jh e
পাশে	p a sh e
কাছে	k a chh e
দূরে	d u r e
আগে	a g e
কালি	k a l i
ফাইল	ph a i l
প্রিন্টার	pr i n T a r
আরে	a r e
বাহ	b a h
আহা	a h a
উফ	u ph
ছি	chh i
আচ্ছা	a ch chh a
হায়	h a y
গাছ	g a chh
পাতা	p a t a
শিকড়	sh i k o r
ফুল	ph u l
কুঁড়ি	k u~ r i
বাগান	b a g a n
অটোরিকশা	o T O r i k sh a
ফেরি	ph e r i
জাহাজ	j a h a j
ট্রাক	T r a k
তাঁতি	t a~ t i
ওয়েটার	O y e T a r
মুদ্রা	m u d r a
বাকি	b a k i
খুচরা	kh u ch r a
দোকানদার	d O k a n d a r
হাড়	h a r
শিরা	sh i r a
মস্তিষ্ক	m O st i sh k O
ফুসফুস	ph u sh ph u sh
কিডনি	k i D n i
কুয়াশা	k u y a sh a
শিলাবৃষ্টি	sh i l a b ri shT i
খসখসে	kh o sh kh o sh e
স্ট্যান্ড	s T A n d
টুর্নামেন্ট	T u r n a m e n T
বাদ্যযন্ত্র	b a d d O j o n t r O
অর্কেস্ট্রা	o r k e s T r a
কনসার্ট	k o n s a r T
কখনো কখনো	k o kh O n O | k o kh O n O
অবশেষে	o b O sh e sh e
সুতরাং	sh u t O r a ng
পুত্রবধূ	p u tr O b O dh u
বিচারপতি	b i ch a r p O t i
লাইসেন্স	l a i s e n s
সমভূমি	sh o m O bh u m i
পর্বতমালা	p o r b O t m a l a
হিমবাহ	h i m b a h O
অববাহিকা	o b O b a h i k a
পাললিক	p a l O l i k
মালনদী	m a l n O d i
পার্স	p a r s
কতটুকু	k o t O T u k u
মসৃণ	m O s ri n
ঘন	gh o n O
সিংহ	sh i ng h O
শেলফ	sh e l ph
শতাংশ	sh o t a ng sh O
আয়তন	a y O t O n
সবসময়	sh o b sh o m o y
অতএব	o t O e b
বরং	b o r O ng
অন্যথায়	o n n O th a y
অথচ	o th O ch O
বৈমাত্রেয়	b oi m a tr e y O
বোতল	b O t O l
বদ্বীপ	b o d i p
পয়েন্ট	p o y e n T
পরিচয়পত্র	p O r i ch o y p o tr O
দুর্বলতা	d u r b o l O t a
অস্থিরতা	o sth i r o t a
ক্ষুধামন্দা	kkh u dh a m o nd a
ঘড়ির কাঁটা	gh O r i | k a~ T a
আত্মবিশ্বাস	a t t O b i sh sh a sh
খেলোয়াড়	kh E l O y a r
শেখা	sh e kh a
চেষ্টা করা	ch e shT a | k o r a
লবঙ্গ	l o b O ngg O
জেব্রা	j e br a
একাকীত্ব	E k a k i tt O
প্রশান্তি	pr O sh a nt i
দূরত্ব	d u r O tt O
প্রতিযোগিতা	pr O t i j O g i t a
একেবারে	E k e b a r e
মাথা নত করা	m a th a | n o t O | k o r a
শ্বশুরবাড়ি	sh O sh u r b a r i
দেয়ালঘড়ি	d e y a l gh O r i
প্রশিক্ষক	pr O sh i kkh o k
ফলে	ph o l e
অনুশোচনা	O n u sh O ch O n a
ঈর্ষান্বিত	i r sh a n n i t O
বজ্রবৃষ্টি	b o j r O b ri shT i
জলোচ্ছ্বাস	j o l O ch chh a sh
সার্চ	s a r ch
প্যাথলজিস্ট	p A th O l O j i s T
ড্র	D r o
প্রতিদ্বন্দ্বী	pr o t i d O n d i
পুনর্ব্যবহার	p u n o r b A b O h a r
জলবায়ু	j o l O b a y u
শোকসভা	sh O k sh o bh a
পুনর্মিলনী	p u n O r m i l O n i
বিশেষ্য	b i sh e sh sh O
পণ্য	p O n n O
সরবরাহ	sh o r b o r a h O
বাজারজাতকরণ	b a j a r j a t k o r O n
সিগন্যাল	s i g n a l
দুর্ঘটনা	d u r gh o T O n a
স্ট্যাম্প	s T A mp
ব্রেসলেট	br e s l e T
অক্টোপাস	o k T O p a s
ছাগলছানা	chh a g o l chh a n a
উপবাস	u p O b a sh
ধর্মগ্রন্থ	dh o r m O gr o n th O
সন্ন্যাসী	sh o n n a sh i
চমকে ওঠা	ch O m k e | O Th a
সাহসী	sh a h O sh i
আগ্রহী	a gr o h i
সংসদ	sh o ng sh O d
সার্জন	s a r j o n
ফার্মাসিস্ট	ph a r m a s i s T
দন্তচিকিৎসক	d o nt O ch i k i t sh o k
দর্শক	d o r sh O k
জন্মদিন	j o n m O d i n
অন্নপ্রাশন	o nn O pr a sh o n
সংবর্ধনা	sh o ng b o r dh O n a
সর্বনাম	sh o r b O n a m
একাধিক	E k a dh i k
অসংখ্য	o sh O ng kh O
সন্ধ্যাবেলা	sh O n dh a b e l a
পরের সপ্তাহ	p o r e r | sh o p t a h O
গত মাস	g o t O | m a sh
মহাসড়ক	m o h a sh o r o k
চালক	ch a l O k
বিস্ময়	b i sh sh o y
স্কার্ফ	s k a r ph
চিত্রকর	ch i tr O k o r
হস্তশিল্প	h o st O sh i l p O
প্রবাল	pr O b a l
বেসিন	b e s i n
টিস্যু	T i sh u
তোশক	t O sh O k
অলস	o l O sh
বেল্ট	b e l T
প্রার্থনা	pr a r th O n a
তীর্থযাত্রা	t i r th O j a tr a
পরিশ্রমী	p O r i s r O m i
শেখানো	sh e kh a n O
হারানো	h a r a n O
খোঁজা	kh O~ j a
লুকানো	l u k a n O
ধরা পড়া	dh o r a | p o r a
পালানো	p a l a n O
চিৎকার করা	ch i t k a r | k o r a
হাসানো	h a sh a n O
কাঁদানো	k a~ d a n O
ফেলা	ph E l a
তোলা	t O l a
ভাঙা	bh a ng a
জোড়া লাগানো	j O r a | l a g a n O
পাতলা	p a t l a
ম্লান	m l a n
স্বচ্ছ	sh o ch chh O
তীক্ষ্ণ	t i k h n O
ভোঁতা	bh O~ t a
হলুদ গুঁড়া	h O l u d | g u~ r a
মরিচ	m O r i ch
জিরা	j i r a
ধনে	dh O n e
এলাচ	e l a ch
দারুচিনি	d a r u ch i n i
তেজপাতা	t e j p a t a
আদা রসুন	a d a | r O sh u n
চিনি	ch i n i
গুড়	g u r
ময়দা	m o y d a
কাক	k a k
কোকিল	k O k i l
চড়ুই	ch O r u i
শালিক	sh a l i k
ময়না	m o y n a
টিয়া	T i y a
বাজপাখি	b a j p a kh i
পেঁচা	p E~ ch a
হাঁস	h a~ sh
হরিণ	h O r i n
বানর	b a n O r
শিয়াল	sh i y a l
ভালুক	bh a l u k
জিরাফ	j i r a ph
নেকড়ে	n e k r e
কাঠবিড়ালি	k a Th b i r a l i
দোলনা	d O l n a
আলনা	a l n a
জানালার পর্দা	j a n a l a r | p o r d a
ড্রয়ার	D r o y a r
ওয়ারড্রোব	O y a r D r O b
লুঙ্গি	l u ngg i
গামছা	g a m chh a
ওড়না	O r n a
হিজাব	h i j a b
মোজা	m O j a
চশমা	ch o sh m a
জ্বর আসা	j o r | a sh a
মাথা ঘোরা	m a th a | gh O r a
বমি বমি ভাব	b O m i | b O m i | bh a b
শ্বাসকষ্ট	sh a sh k o shT O
অনিদ্রা	o n i d r a
চুলকানি	ch u l k a n i
ফোলা	ph O l a
উদ্বেগ	u d b e g
উদ্বোধন	u d b O dh O n
উদ্বাস্তু	u d b a st u
উদ্বেল	u d b e l
উদ্বৃত্ত	u d b ri tt O
উদ্বুদ্ধ	u d b u d dh O
স্বস্তি	sh O st i
কৌতূহল	k ou t u h o l
শান্তি	sh a nt i
যোগ	j O g
বিয়োগ	b i y O g
গুণ	g u n
ভাগ	bh a g
গড়	g o r
পরিমাপ	p O r i m a p
গোল	g O l
চ্যাম্পিয়ন	ch A mp i y o n
মাঠ	m a Th
সুর	sh u r
তাল	t a l
গায়ক	g a y o k
গায়িকা	g a y i k a
সংগীতশিল্পী	sh O ng g i t sh i l p i
ধীরে ধীরে	dh i r e | dh i r e
হঠাৎ	h o Th a t
প্রায়	pr a y
সত্যিই	sh O t t i i
নিশ্চয়ই	n i sh ch y O i
হয়তো	h o y t O
যদিও	j O d i O
তবুও	t O b u O
গোলাপি	g O l a p i
বেগুনি রং	b e g u n i | r o ng
আকাশি	a k a sh i
ধূসর	dh u sh o r
সোনালি	sh O n a l i
রূপালি	r u p a l i
রং	r o ng
ঢং	Dh o ng
কমলা রং	k o m l a | r o ng
হালকা নীল	h a l k a | n i l
জামাই	j a m a i
নাতনি	n a t n i
সৎভাই	sh o t bh a i
সৎবোন	sh o t b O n
মাথা নাড়া	m a th a | n a r a
হাত নাড়া	h a t | n a r a
চোখ মারা	ch O kh | m a r a
কাঁধ ঝাঁকানো	k a~ dh | jh a~ k a n O
আঙুল দেখানো	a ng u l | d e kh a n O
আইনজীবী	a i n j i b i
সাক্ষী	sh a kkh i
অভিযোগ	o bh i j O g
জামিন	j a m i n
চুক্তি	ch u kt i
ঝুড়ি	jh u r i
কৌটা	k ou T a
ছাতা	chh a t a
মোমবাতি	m O m b a t i
দেশলাই	d e sh l a i
টর্চলাইট	T o r ch l a i T
ব্যাটারি	b A T a r i
তালা	t a l a
জলাভূমি	j o l a bh u m i
চাবি	ch a b i
ছবি	chh O b i
ফ্রেম	ph r e m
সিঁড়ি	sh i~ r i
বারান্দা	b a r a nd a
কোনটি	k O n T i
কাদের	k a d e r
কোথাকার	k O th a k a r
কীসের	k i sh e r
কয়টি	k o y T i
রান্না করা	r a nn a | k o r a
ভাজা করা	bh a j a | k o r a
সেদ্ধ করা	sh e d dh O | k o r a
পোড়ানো	p O r a n O
কুচি করা	k u ch i | k o r a
ঢাকা দেওয়া	Dh a k a | d e O y a
ঠান্ডা করা	Th a n D a | k o r a
পরিবেশন করা	p O r i b e sh o n | k o r a
মসলা দেওয়া	m o sh l a | d e O y a
মায়া	m a y a
ঘৃণা	gh ri n a
আফসোস	a ph sh O sh
আগ্রহ	a gr o h
লজ্জাবোধ	l o j j a b O dh
সহানুভূতি	sh o h a n u bh u t i
নিরাশা	n i r a sh a
টর্নেডো	T O r n e D O
ঘূর্ণিঝড়	gh u r n i jh o r
খরা	kh o r a
তুষারপাত	t u sh a r p a t
রোদেলা	r O d e l a
মেঘলা	m e gh l a
বাদল	b a d O l
ভোট	bh O T
প্রার্থী	pr a r th i
দল	d o l
নীতি	n i t i
প্রশাসন	pr o sh a sh O n
কূটনীতি	k u T n i t i
হিসাব	h i sh a b
জমা	j o m a
উত্তোলন	u tt O l o n
সুদ	sh u d
ঋণ	ri n
বিনিয়োগ	b i n i y O g
শেয়ার	sh e y a r
মুনাফা	m u n a ph a
লোকসান	l O k sh a n
ইমেইল	i m e i l
ডাউনলোড	D a u n l O D
আপলোড	a p l O D
চিকিৎসক	ch i k i t sh o k
মনোবিজ্ঞানী	m o n O b i g g a n i
ধাত্রী	dh a tr i
স্টেডিয়াম	s T e D i y a m
রেফারি	r e ph a r i
জয়	j o y
পরাজয়	p o r a j o y
অনুশীলন	o n u sh i l o n
কোচ	k O ch
জার্সি	j a r s i
পরিবেশ	p O r i b e sh
দূষণ	d u sh o n
বাস্তুতন্ত্র	b a st u t o n t r O
বনায়ন	b o n a y O n
সংরক্ষণ	sh o ng r o kkh o n
প্রাকৃতিক	pr a k ri t i k
টেকসই	T e k sh O i
বিয়ে	b i y e
বাগদান	b a g d a n
বিশেষণ	b i sh e sh o n
ক্রিয়া	kr i y a
বাক্য	b a k k O
অনুবাদ	O n u b a d
উচ্চারণ	u ch ch a r o n
বানান	b a n a n
অর্ধেক	o r dh e k
সিকি	sh i k i
পৌনে	p ou n e
সাড়ে	sh a r e
কমবেশি	k o m b e sh i
কয়েকটি	k O y e k T i
সকালবেলা	sh o k a l b e l a
দুপুরবেলা	d u p u r b e l a
মধ্যরাত	m o dh y r a t
প্রত্যুষ	pr o t t u sh
গোধূলিবেলা	g O dh u l i b e l a
আগামী বছর	a g a m i | b o chh O r
আকাশ কুসুম	a k a sh | k u sh u m
চোখের বালি	ch O kh e r | b a l i
হাতেনাতে	h a t e n a t e
মাথায় আকাশ ভেঙে পড়া	m a th a y | a k a sh | bh e ng e | p o r a
চোখে সরষে ফুল দেখা	ch O kh e | sh o r sh e | ph u l | d E kh a
ব্যবসা	b A b sh a
চাহিদা	ch a h i d a
শাখা	sh a kh a
মালিক	m a l i k
ট্রাফিক	T r a ph i k
ফুটপাত	ph u T p a t
গতিরোধক	g O t i r O dh o k
জ্যাম	j A m
ডাক	D a k
খাম	kh a m
চিঠি	ch i Th i
পার্সেল	p a r s e l
ঠিকানা	Th i k a n a
পোস্টকোড	p O s T k O D
বার্তা	b a r t a
গয়না	g o y n a
দুল	d u l
আংটি	a ng T i
হার	h a r
চুড়ি	ch u r i
বুনন	b u n o n
সেলাই	sh e l a i
নকশা	n o k sh a
কারুকাজ	k a r u k a j
তিমি	t i m i
হাঙর	h a ng O r
জেলিফিশ	j e l i ph i sh
শৈবাল	sh oi b a l
মহিষ	m O h i sh
ভেড়া	bh E r a
গাধা	g a dh a
উট	u T
শূকর	sh u k o r
ফ্রিজ	ph r i j
ওভেন	O bh e n
মাইক্রোওয়েভ	m a i kr O O y e bh
ব্লেন্ডার	bl e n D a r
টোস্টার	T O s T a r
কেটলি	k e T l i
প্রেসার কুকার	pr e sh a r | k u k a r
কল	k o l
শাওয়ার	sh a O y a r
টয়লেট	T o y l e T
পুরোহিত	p u r O h i t
ইমাম	i m a m
চাদর	ch a d O r
মশারি	m o sh a r i
লেপ	l e p
হ্যাঙ্গার	h A ngg a r
ঝাঁপ দেওয়া	jh a~ p | d e O y a
হেলান দেওয়া	h e l a n | d e O y a
গুনগুন করা	g u n g u n | k o r a
আওয়াজ করা	a O y a j | k o r a
হেঁচকি তোলা	h e~ ch k i | t O l a
হাই তোলা	h a i | t O l a
ভীতু	bh i t u
চতুর	ch O t u r
বোকা	b O k a
উদার	u d a r
কৃপণ	k ri p o n
ফড়িং	ph O r i ng
উইপোকা	u i p O k a
ঘুণপোকা	gh u n p O k a
গুবরে পোকা	g u b r e | p O k a
চিত্রনাট্য	ch i tr O n a T T O
পুরস্কার	p u r O sh k a r
লেন্স	l e n s	loanword
ফ্ল্যাশ	ph l A sh	loanword
অ্যালবাম	A l b a m	loanword
এক্সপোজার	e k s p O j a r	loanword
মসলিন	m O s l i n	loanword
রসগোল্লা	r o sh O g O l l a
হৃদরোগ	ri d r O g
ক্যান্সার	k A n s a r	loanword
আর্থ্রাইটিস	a r th r a i T i s	loanword
স্মৃতি	s ri t i
স্মরণ	sh o r O n
স্মারক	sh a r O k
স্মিত	s m i t O
স্পষ্ট	s p o shT o
সালোকসংশ্লেষণ	sh a l O k sh o ng s l e sh o n
বংশ	b o ng sh O
বংশী	b O ng sh i
হংস	h o ng sh O
হংসী	h O ng sh i
বংশগতি	b o ng sh O g O t i
সিমকার্ড	s i m k a r D	loanword
ব্যালেন্স	b A l e n s	loanword
ব্যাটসম্যান	b A T s m A n	loanword
গায়েহলুদ	g a y e h O l u d
অপরাধী	o p O r a dh i
রাজমিস্ত্রি	r a j m i s t r i
ডিটারজেন্ট	D i T a r j e n T	loanword
গ্লাভস	g l a bh s	loanword
জলহস্তী	j o l O h O st i
দোলনচাঁপা	d O l O n ch a~ p a
ভ্যাট	bh A T	loanword
আর্দ্রতামাপক	a r d r O t a m a p o k
উৎকণ্ঠা	u t k o n Th a
মমতা	m o m O t a
লাইফজ্যাকেট	l a i ph j A k e T	loanword
ইস্ত্রি	i s t r i
সাংবাদিকতা	sh a ng b a d i k o t a
সম্পাদকীয়	sh o mp a d O k i y O
তসবিহ	t O s b i h	loanword
অ্যাম্বুলেন্স	A mb u l e n s	loanword
প্রাথমিক	pr a th O m i k
উদ্ধারকর্মী	u d dh a r k O r m i
লালনপালন	l a l O n p a l O n
হুইলচেয়ার	u i l ch e y a r	loanword
সময়সূচি	sh o m o y sh u ch i
আসলে	a sh O l e
নমনীয়	n o m O n i y O
নির্ভরশীল	n i r bh o r sh i l
বিনয়ী	b i n O y i
ফোকাস	ph O k a s	loanword
সন্দেশ	sh o nd e sh
ডায়াবেটিস	D a y a b e T i s	loanword
গর্জন	g o r j O n
কলরব	k o l O r o b
শব্দহীন	sh o b d O h i n
উপগ্রহ	u p O gr O h O
কক্ষপথ	k o kkh O p o th
সেন্টিমিটার	s e n T i m i T a r	loanword
মৌল	m ou l O
যৌগ	j ou g O
দ্রবণ	d r O b O n
অ্যাসিড	A s i D	loanword
ঘর্ষণ	gh o r sh O n
শোষণ	sh o sh O n
মেসেজ	m e s e j	loanword
মিসড	m i s D	loanword
পোস্ট	p O s T	loanword
ইনিংস	i n i ng s	loanword
সিমেন্ট	s i m e n T	loanword
সেমিস্টার	s e m i s T a r	loanword
থিসিস	th i s i s	loanword
ক্যাম্পাস	k A mp a s	loanword
রিসেপশন	r i s e p sh o n	loanword
স্পঞ্জ	s p o nj	loanword
জীবাণুনাশক	j i b a n u n a sh O k
অজগর	o j O g O r
অনুতাপ	O n u t a p
বিরহ	b i r o h O
কম্পাস	k o mp a s	loanword
শ্রমিক	s r O m i k
মুদ্রণ	m u d r O n
প্রকাশক	pr O k a sh o k
সম্পাদক	sh o mp a d O k
প্রচ্ছদ	pr O ch chh o d
সংস্করণ	sh o ng sh k o r O n
পাস	p a s	loanword
কাস্টমস	k a s T O m s	loanword
সংবাদপত্র	sh o ng b a d p o tr O
প্রতিবেদন	pr O t i b e d O n
প্রদীপ	pr O d i p
অগ্নিনির্বাপক	O g n i n i r b a p o k
শর্ট সার্কিট	sh o r T | s a r k i T	loanword
বলব	b O l b O
অভিনেতা	O bh i n e t a
অভিনেত্রী	O bh i n e tr i
দৃশ্য	d ri sh sh O
কফি	k o ph i	loanword
অ্যালার্জি	A l a r j i	loanword
গ্রহাণু	gr o h a n u
আমেরিকা	A m e r i k a	loanword
পাউন্ড	p a u n D	loanword
অভিকর্ষ	O bh i k o r sh O
তরঙ্গ	t o r O ngg O
চুম্বকত্ব	ch u mb O k o tt O
কমেন্ট	k o m e n T	loanword
তদন্ত	t o d O nt O
অ্যালোভেরা	A l O bh e r a	loanword
কৃতজ্ঞতা	k ri t o g g o t a
স্বস্তিবোধ	sh O st i b O dh
উচ্চ রক্তচাপ	u ch ch O | r o kt O ch a p
প্রাথমিক চিকিৎসা	pr a th O m i k | ch i k i t sh a
বোর্ডিং পাস	b O r D i ng | p a s
কী বলব	k i | b O l b O
পরিচালক	p O r i ch a l o k
প্রযোজক	pr o j O j o k
সংলাপ	sh o ng l a p
প্রিমিয়ার	pr i m i y a r
টিকিট কাউন্টার	T i k i T | k a u n T a r
ক্যামেরা	k A m e r a
ফটোগ্রাফার	ph o T O gr a ph a r
ফ্রেমিং	ph r e m i ng
সুতি	sh u t i
রেশম	r e sh o m
পশম	p o sh O m
জর্জেট	j O r j e T
খদ্দর	kh o d d o r
তাঁত	t a~ t
ভুট্টা	bh u T T a
যব	j o b
বাজরা	b a j r a
জোয়ার	j O y a r
ছোলা	chh O l a
মসুর ডাল	m O sh u r | D a l
দই	d O i
মাখন	m a kh O n
পনির	p O n i r
ঘি	gh i
ছানা	chh a n a
ক্রিম	kr i m
শরবত	sh o r b o t
চিনি ছাড়া চা	ch i n i | chh a r a | ch a
ডাবের পানি	D a b e r | p a n i
আখের রস	a kh e r | r o sh
জিলাপি	j i l a p i
হালুয়া	h a l u y a
পায়েস	p a y e sh
মিষ্টি দই	m i shT i | d O i
পিঠা	p i Th a
হাঁপানি	h a~ p a n i
মাইগ্রেন	m a i gr e n
চিৎকার	ch i t k a r
গুঞ্জন	g u nj o n
ছায়াপথ	chh a y a p o th
নভোযান	n o bh O j a n
মহাকাশচারী	m o h a k a sh ch a r i
ধূমকেতু	dh u m k e t u
ভারত	bh a r o t
পাকিস্তান	p a k i st a n
নেপাল	n e p a l
চীন	ch i n
ইউরোপ	i u r O p
আফ্রিকা	a ph r i k a
এশিয়া	e sh i y a
বাঙালি	b a ng a l i
ইংরেজ	i ng r e j
আরবি ভাষা	a r b i | bh a sh a
হিন্দি ভাষা	h i nd i | bh a sh a
চীনা ভাষা	ch i n a | bh a sh a
জাপানি ভাষা	j a p a n i | bh a sh a
ডলার	D o l a r
ইউরো	i u r O
রুপি	r u p i
ইয়েন	i y e n
দিরহাম	d i r h a m
কিলোমিটার	k i l O m i T a r
মিটার	m i T a r
গ্রাম	gr a m
লিটার	l i T a r
ডিগ্রি	D i gr i
বিক্রিয়া	b i kr i y a
ক্ষার	kkh a r
বল	b o l
ভরবেগ	bh o r b e g
কোষ	k O sh
জিন	j i n
ক্রোমোজোম	kr O m O j O m
শ্বসন	sh o sh o n
চার্জার	ch a r j a r
রিংটোন	r i ng T O n
লাইক	l a i k
ফলোয়ার	ph o l O y a r
প্রোফাইল	pr O ph a i l
বোলার	b O l a r
উইকেট	u i k e T
ছক্কা	chh o k k a
আম্পায়ার	a mp a y a r
বর	b o r
কনে	k O n e
বরযাত্রী	b o r j a tr i
কাবিননামা	k a b i n n a m a
আশীর্বাদ	a sh i r b a d
মামলা	m a m l a
রায়	r a y
সাক্ষ্য	sh a kkh O
জরিমানা	j O r i m a n a
চোর	ch O r
ডাকাত	D a k a t
গ্রেপ্তার	gr e p t a r
থানা	th a n a
ইট	i T
বালু	b a l u
রড	r o D
ভিত্তি	bh i tt i
অধ্যাপক	o dh y a p o k
ভর্তি	bh O r t i
স্কলারশিপ	s k o l a r sh i p
বুকিং	b u k i ng
মেনু	m e n u
বিল	b i l
টিপ	T i p
মোছা	m O chh a
বাগান করা	b a g a n | k o r a
সার দেওয়া	sh a r | d e O y a
পানি দেওয়া	p a n i | d e O y a
কলম করা	k o l O m | k o r a
আগাছা	a g a chh a
টব	T o b
চিতাবাঘ	ch i t a b a gh
গণ্ডার	g o n D a r
কুমির	k u m i r
ময়ূর	m O y u r
গিরগিটি	g i r g i T i
টিকটিকি	T i k T i k i
তুলসী	t u l sh i
নিম	n i m
হলুদ চাষ	h O l u d | ch a sh
পুদিনা পাতা	p u d i n a | p a t a
রুই	r u i
কাতলা	k a t l a
পাবদা	p a b d a
শোল	sh O l
টেংরা	T E ng r a
পুঁটি	p u~ T i
বোয়াল	b O y a l
জবা	j o b a
গোলাপ	g O l a p
চাঁপা	ch a~ p a
বেলি	b e l i
শিউলি	sh i u l i
বীমা	b i m a
প্রিমিয়াম	pr i m i y a m
কর	k o r
আয়কর	a y k O r
রশিদ	r O sh i d
কাস্তে	k a st e
কোদাল	k O d a l
জোয়াল	j O y a l
নিড়ানি	n i r a n i
ঝাঁঝরি	jh a~ jh r i
থার্মোমিটার	th a r m O m i T a r
ব্যারোমিটার	b A r O m i T a r
বাতাসের গতি	b a t a sh e r | g O t i
ঠেলা	Th E l a
টানা	T a n a
নামানো	n a m a n O
ছুড়ে ফেলা	chh u r e | ph E l a
গড়িয়ে দেওয়া	g O r i y e | d e O y a
পাল	p a l
মাস্তুল	m a st u l
নোঙর	n O ng o r
জেলে নৌকা	j e l e | n ou k a
খনি	kh O n i
কয়লা	k o y l a
ইস্পাত	i s p a t
কারখানা	k a r kh a n a
উৎপাদন	u t p a d O n
পাণ্ডুলিপি	p a n D u l i p i
ইমিগ্রেশন	i m i gr e sh o n
লাগেজ	l a g e j
ফ্লাইট	ph l a i T
কাপড় ধোয়া	k a p o r | dh O y a
বাসন মাজা	b a sh O n | m a j a
ঘর মোছা	gh o r | m O chh a
ধুলা ঝাড়া	dh u l a | jh a r a
কাপড় ইস্ত্রি করা	k a p o r | i s t r i | k o r a
গোল্লাছুট	g O l l a chh u T
কানামাছি	k a n a m a chh i
লুডু	l u D u
দাড়িয়াবান্ধা	d a r i y a b a ndh a
মার্বেল খেলা	m a r b e l | kh E l a
শিরোনাম	sh i r O n a m
জায়নামাজ	j a y n a m a j
মালা	m a l a
ধূপ	dh u p
জরুরি বিভাগ	j O r u r i | b i bh a g
মেরামত	m e r a m o t
প্লাম্বার	p l a mb a r
ইলেকট্রিশিয়ান	i l e k T r i sh i y a n
ফিউজ	ph i u j
পাইপ লিক	p a i p | l i k
খেলনা	kh E l n a
ডায়াপার	D a y a p a r
ফিডার	ph i D a r
শিশুখাদ্য	sh i sh u kh a d d O
ওয়াকার	O y a k a r
বার্ধক্য	b a r dh o k k O
যত্ন	j o t n O
যাই হোক	j a i | h O k
মানে	m a n e
সত্যি বলতে	sh O t t i | b o l t e
কঠোর	k o Th O r
স্বাধীন	sh a dh i n
একগুঁয়ে	e k g u~ y e
কেজি	k e j i
মিসড কল	m i s D | k o l
ফিসফিস	ph i sh ph i sh
লস্যি	l O sh sh i
ওষুধের সময়সূচি	O sh u dh e r | sh o m o y sh u ch i
বঁটি	b O~ T i
বিদ্যালয়	b i d d a l o y
খাতা	kh a t a
সেতার	sh e t a r
গোলরক্ষক	g O l r o kkh o k
শাটলকক	sh a T o l k o k
কলিজা	k O l i j a
মেরুদণ্ড	m e r u d o n D O
স্নায়ু	sn a y u
ধমনী	dh o m O n i
কুমোর	k u m O r
ভাশুর	bh a sh u r
চেয়ারম্যান	ch e y a r m A n
মেয়র	m e y O r
সচিব	sh O ch i b
চেক	ch e k
কীবোর্ড	k i b O r D
মাউস	m a u s
স্ক্রিন	s k r i n
সালোয়ার	s a l O y a r
গেঞ্জি	g e nj i
গহনা	g o h O n a
কানের দুল	k a n e r | d u l
নাকফুল	n a k ph u l
আমগাছ	a m g a chh
বটগাছ	b o T g a chh
নারিকেল গাছ	n a r i k e l | g a chh
বাঁশ	b a~ sh
সেগুন	sh e g u n
শাল	sh a l
বক	b o k
পটল	p o T O l
লাউ	l a u
মুলা	m u l a
পেয়ারা	p e y a r a
আনারস	a n a r o sh
ধনিয়া	dh O n i y a
রান্না	r a nn a
বাটা	b a T a
হিংসা	h i ng sh a
করুণা	k O r u n a
সম্প্রচার	sh o m p r O ch a r
ব্যাট	b A T
স্টাম্প	s T a mp
হেলমেট	h e l m e T
র‌্যাকেট	r A k e T
নেট	n e T
মোড়	m O r
ফ্লাইওভার	ph l a i O bh a r
ডাকঘর	D a k gh o r
ডাকটিকিট	D a k T i k i T
কুরিয়ার	k u r i y a r
বন উজাড়	b o n | u j a r
বৃক্ষরোপণ	b ri kkh O r O p O n
প্যাথলজি	p A th O l O j i
রেডিওলজি	r e D i O l O j i
ইনজেকশন	i n j e k sh o n
মানসিক স্বাস্থ্য	m a n O sh i k | sh a s th O
অবসাদ	o b O sh a d
লোকনৃত্য	l O k O n ri t t O
ক্যানভাস	k A n bh a s
কুমোরপাড়া	k u m O r p a r a
স্বাধীনতা সংগ্রাম	sh a dh i n o t a | sh o ng gr a m
দমকল বাহিনী	d o m k o l | b a h i n i
উপকূল	u p O k u l
সফটওয়্যার প্রকৌশলী	s o ph T o y a r | pr o k ou sh O l i
সম্পাদনা	sh o mp a d o n a
পরিচালনা	p O r i ch a l O n a
কবরস্থান	k o b O r sth a n
শোকযাত্রা	sh O k O j a tr a
প্রতিবন্ধী	pr O t i b O ndh i
শ্রবণযন্ত্র	s r O b O n j o n t r O
বীজতলা	b i j t o l a
কীটনাশক	k i T n a sh O k
বনরক্ষী	b o n r O kkh i
বিমানচালক	b i m a n ch a l O k
লাইটহাউস	l a i T h a u s
রেললাইন	r e l l a i n
প্ল্যাটফর্ম	p l A T ph O r m
সিগন্যাল বাতি	s i g n a l | b a t i
উপস্থাপক	u p O sth a p O k
খাঁচাবন্দি	kh a~ ch a b O nd i
সৌরশক্তি	sh ou r O sh O kt i
পারমাণবিক শক্তি	p a r O m a n O b i k | sh O kt i
বর্জ্য ব্যবস্থাপনা	b o r j O | b A b O sth a p o n a
অস্ত্রোপচার	o s t r O p o ch a r
প্রসাধনী	pr O sh a dh O n i
সুগন্ধি	sh u g O ndh i
এলবিডব্লিউ	e l b i D o bl i u
অফসাইড	o ph s a i D
আইসিইউ	a i s i i u
ওয়ার্ড	O y a r D
ফার্মেসি	ph a r m e s i
সিরাপ	s i r a p
মনোবিদ	m O n O b i d
সুইমিংপুল	s u i m i ng p u l
গোলক নিক্ষেপ	g O l O k | n i kkh e p
টেবিল টেনিস	T e b i l | T e n i s
শাস্ত্রীয় নৃত্য	sh a s t r i y O | n ri t t O
ভাস্কর	bh a sh k o r
রায়ের কপি	r a y e r | k o p i
সুনামি	s u n a m i
কৃষ্ণগহ্বর	k ri shN O g o h O b b o r
সার্ভার	s a r bh a r
কার্ট	k a r T
শ্মশান	sh o sh a n
গোলাঘর	g O l a gh o r
গোয়ালঘর	g O y a l gh o r
দুধ দোহন	d u dh | d O h O n
বন্দর	b o nd O r
সম্প্রচার কেন্দ্র	sh o m p r O ch a r | k e ndr O
গ্রন্থাগার	gr O n th a g a r
গ্রন্থাগারিক	gr O n th a g a r i k
অভয়ারণ্য	o bh o y a r o n n O
বায়ুশক্তি	b a y u sh O kt i
পানি শোধন	p a n i | sh O dh O n
রক্তদান	r o kt O d a n
অঙ্গদান	o ngg O d a n
সেলুন	s e l u n
সেঞ্চুরি	s e nch u r i
টসের ফল	T o s e r | ph o l
পদক	p o d O k
নৃত্যশিল্পী	n ri t t O sh i l p i
নৃত্যনাট্য	n ri t t O n a T T O
চিত্রশিল্পী	ch i tr O sh i l p i
রং তুলি	r o ng | t u l i
প্রবন্ধ	pr O b O ndh O
রিফান্ড	r i ph a n D
হর্ন	h o r n
বিয়ের কার্ড	b i y e r | k a r D
বগি	b o g i
প্রদর্শনী	pr O d O r sh O n i
হোমিওপ্যাথি	h O m i O p A th i
অপারেশন থিয়েটার	o p a r e sh o n | th i y e T a r
বড়ি	b O r i
মলম	m o l O m
ড্রপ	D r o p
দাঁতের ডাক্তার	d a~ t e r | D a kt a r
চোখের ডাক্তার	ch O kh e r | D a kt a r
দাঁতের মাজন	d a~ t e r | m a j O n
পরামর্শ	p o r a m o r sh O
চাপ	ch a p
সাঁতারু	sh a~ t a r u
দৌড়বিদ	d ou r b i d
লাফ	l a ph
বর্শা নিক্ষেপ	b o r sh a | n i kkh e p
দাবার ঘুঁটি	d a b a r | gh u~ T i
কবাডি	k o b a D i
ক্যারাম	k A r a m
লুডুর গুটি	l u D u r | g u T i
তাস	t a sh
কুংফু	k u ng ph u
কারাতে	k a r a t e
জুডো	j u D O
মুষ্টিযুদ্ধ	m u shT i j u d dh O
কুস্তি	k u st i
তুলি	t u l i
নকশিকাঁথা	n o k sh i k a~ th a
বাঁশের কাজ	b a~ sh e r | k a j
গল্প	g o l p O
ছন্দ	chh o nd O
ইতিহাসবিদ	i t i h a sh b i d
ভোটার	bh O T a r
রাজনীতিবিদ	r a j n i t i b i d
কারাগার	k a r a g a r
ভূমিধস	bh u m i dh o sh
মালভূমি	m a l bh u m i
উল্কা	u l k a
মহাবিশ্ব	m o h a b i sh sh O
প্রোগ্রামার	pr O gr a m a r
রাউটার	r a u T a r
অ্যাপ্লিকেশন	A p l i k e sh o n
অনলাইন কেনাকাটা	o n l a i n | k e n a k a T a
চেকআউট	ch e k a u T
রিভিউ	r i bh i u
ডেলিভারি	D e l i bh a r i
শুটিং স্পট	sh u T i ng | s p o T
মঞ্চ	m o nch O
সংলাপ বলা	sh o ng l a p | b o l a
অভিনয়	o bh i n o y
গায়ে হলুদ	g a y e | h O l u d
বাসর ঘর	b a sh O r | gh o r
যৌতুক	j ou t u k
কনেযাত্রী	k O n e j a tr i
দাফন	d a ph O n
কুলখানি	k u l kh a n i
শিশুর জন্ম	sh i sh u r | j o n m O
বেবি ফুড	b e b i | ph u D
খেলনা গাড়ি	kh E l n a | g a r i
টিকা	T i k a
বৃদ্ধাশ্রম	b ri d dh a s r o m
লাঠি	l a Th i
ফসল কাটা	ph o sh O l | k a T a
সার প্রয়োগ	sh a r | pr o y O g
মুরগির খামার	m u r g i r | kh a m a r
পশুখাদ্য	p O sh u kh a d d O
খাঁচা	kh a~ ch a
জাল	j a l
মাছ ধরা	m a chh | dh o r a
ট্রলার	T r o l a r
গাছ কাটা	g a chh | k a T a
পোশাক কারখানা	p O sh a k | k a r kh a n a
সেলাই মেশিন	sh e l a i | m e sh i n
বোতাম	b O t a m
রং করা	r o ng | k o r a
প্যাকেজিং	p A k e j i ng
রপ্তানি	r o p t a n i
আমদানি	a m d a n i
শেয়ার বাজার	sh e y a r | b a j a r
ফ্ল্যাট	ph l A T
প্লট	p l o T
দালান	d a l a n
ভিত্তি প্রস্তর	bh i tt i | pr O st o r
কাঠমিস্ত্রি	k a Th m i s t r i
ঝালাই কর্মী	jh a l a i | k O r m i
রং মিস্ত্রি	r o ng | m i s t r i
ইঞ্জিন	i nj i n
চাকা	ch a k a
ব্রেক	br e k
হেডলাইট	h e D l a i T
প্যাডেল	p A D e l
রানওয়ে	r a n O y e
নাবিক	n a b i k
টাওয়ার	T a O y a r
সংকেত	sh O ng k e t
সাক্ষাৎকার	sh a kkh a t k a r
ছাপাখানা	chh a p a kh a n a
বাঁধাই	b a~ dh a i
সূচিপত্র	sh u ch i p o tr O
জাদুঘর	j a d u gh o r
চিড়িয়াখানা	ch i r i y a kh a n a
মহামারী	m o h a m a r i
টিকাদান	T i k a d a n
সংক্রামক রোগ	sh o ng kr a m o k | r O g
ফিজিওথেরাপি	ph i j i O th e r a p i
আয়ুর্বেদ	a y u r b e d
যোগব্যায়াম	j O g b a y a m
ধ্যান	dh y A n
জিমনেসিয়াম	j i m n e sh i y a m
ডাম্বেল	D a mb e l
চুল কাটা	ch u l | k a T a
মেহেদি	m e h e d i
রান আউট	r a n | a u T
পেনাল্টি	p e n a l T i
অলিম্পিক	o l i mp i k
শরণার্থী	sh o r O n a r th i
বহিরাগমন	b O h i r a g o m O n
লেনদেন	l e n d e n
জীববৈচিত্র্য	j i b O b oi ch i t r O
সমীকরণ	sh O m i k o r O n
গুণফল	g u n ph o l
ভাগফল	bh a g ph o l
মাদারবোর্ড	m a d a r b O r D
ক্যালরি	k A l O r i
চটপটি	ch o T p O T i
উপজেলা পরিষদ	u p O j e l a | p O r i sh o d
পৌরসভা	p ou r O sh o bh a
পুলিশ কমিশনার	p u l i sh | k o m i sh o n a r
সীমান্তরক্ষী	sh i m a nt O r O kkh i
শহরায়ন	sh o h O r a y O n
গাড়ির কাগজপত্র	g a r i r | k a g O j p o tr O
চালকের লাইসেন্স	ch a l O k e r | l a i s e n s
এয়ার কন্ডিশনার	e y a r | k o n D i sh o n a r
উপস্থাপনা	u p O sth a p O n a
কার্যবিবরণী	k a r j O b i b o r O n i
গবেষণা	g o b e sh O n a
তত্ত্বাবধায়ক	t o t t a b o dh a y o k
প্রকাশনা	pr O k a sh O n a
সানগ্লাস	s a n g l a s
হৃদরোগ বিশেষজ্ঞ	ri d r O g | b i sh e sh o g g O
গ্রিনহাউস	gr i n h a u s
কনফেকশনারি	k o n ph e k sh o n a r i
সরবরাহ শৃঙ্খল	sh o r b o r a h O | s ri ng kh o l
ভিসা	bh i s a
ছাড়পত্র	chh a r p o tr O
খাদ্যশৃঙ্খল	kh a d d O s ri ng kh o l
আবাসস্থল	a b a sh sth o l
দ্রাবক	d r a b O k
অণুবীক্ষণ যন্ত্র	O n u b i kkh o n | j o n t r O
দোলক	d O l O k
বর্গমূল	b o r g O m u l
ভগ্নাংশ	bh o g n a ng sh O
অনুপাত	O n u p a t
প্রসেসর	pr o s e s o r
হার্ডডিস্ক	h a r D D i s k
গ্রাফিক্স কার্ড	gr a ph i k s | k a r D
পাওয়ার সাপ্লাই	p a O y a r | s a p l a i
দর্শনীয় স্থান	d o r sh O n i y O | sth a n
ভ্রমণ ভাতা	bh r O m O n | bh a t a
অভয়ারণ্য ভ্রমণ	o bh o y a r o n n O | bh r O m O n
জাতীয় পতাকা	j a t i y O | p o t a k a
জাতীয় সংগীত	j a t i y O | sh O ng g i t
জাতীয় ফুল	j a t i y O | ph u l
জাতীয় পাখি	j a t i y O | p a kh i
জাতীয় প্রতীক	j a t i y O | pr O t i k
জেলা প্রশাসক	j e l a | pr O sh a sh o k
আশ্রয়কেন্দ্র	a s r o y k e ndr O
স্বেচ্ছাসেবক	sh e ch chh a sh e b O k
ক্ষতিগ্রস্ত	kh O t i gr o st O
দাতব্য সংস্থা	d a t O b b O | sh o ng sth a
অনুদান	O n u d a n
ক্ষুদ্রঋণ	kkh u d r O ri n
সমিতি	sh o m i t i
নিবন্ধন নম্বর	n i b o ndh o n | n o mb O r
গ্যাস সংযোগ	g A s | sh o ng j O g
মিক্সার	m i k s a r
অভিসন্দর্ভ	O bh i sh o nd o r bh O
স্যান্ডেল	s A n D e l
মানিব্যাগ	m a n i b A g
হাতব্যাগ	h a t b A g
চর্মরোগ	ch o r m O r O g
ক্যান্সার বিশেষজ্ঞ	k A n s a r | b i sh e sh o g g O
রক্তের গ্রুপ	r o kt e r | gr u p
অঙ্গ প্রতিস্থাপন	o ngg O | pr O t i sth a p O n
পয়ঃনিষ্কাশন	p o y O n i sh k a sh o n
জৈব সার	j oi b O | sh a r
স্যানিটেশন	s A n i T e sh o n
মধু সংগ্রহ	m O dh u | sh o ng gr o h O
এজেন্ট	e j e n T
বিপন্ন প্রজাতি	b i p o nn O | pr O j a t i
শর্করা	sh o r k o r a
নর্দমা	n o r d O m a
গ্রহীতা	gr o h i t a
আবর্জনা	a b O r j O n a
জীবন বীমা	j i b o n | b i m a
স্বাস্থ্য বীমা	sh a s th O | b i m a
দলিল	d O l i l
উইল	u i l
মুক্তার নামা	m u kt a r | n a m a
অছি	o chh i
অভিবাসন	o bh i b a sh O n
মোবাইল ব্যাংকিং	m O b a i l | b A ng k i ng
পিন কোড	p i n | k O D
পূর্বাভাস	p u r b a bh a sh
বায়ুচাপ	b a y u ch a p
তাপমাত্রা	t a p m a tr a
দমকা হাওয়া	d o m k a | h a O y a
টেস্টটিউব	T e s T T i u b
বিকার	b i k a r
চুম্বক	ch u mb o k
ভিডিও গেম	bh i D i O | g e m
জয়স্টিক	j o y s T i k
পুতুল	p u t u l
ঘুড়ি	gh u r i
লাটিম	l a T i m
মার্বেল	m a r b e l
প্রোটিন	pr O T i n
ভিটামিন	bh i T a m i n
আঁশ	a~ sh
ফুচকা	ph u ch k a
ঝালমুড়ি	jh a l m u r i
চাটনি	ch a T n i
গাইড	g a i D
হোটেল বুকিং	h O T e l | b u k i ng
সচিবালয়	sh O ch i b a l o y
ইউনিয়ন পরিষদ	i u n i y o n | p O r i sh o d
সেনাবাহিনী	sh e n a b a h i n i
নৌবাহিনী	n ou b a h i n i
বিমানবাহিনী	b i m a n b a h i n i
ত্রাণ	tr a n
এনজিও	e n j i O
গ্রামীণ রাস্তা	gr a m i n | r a st a
বস্তি	b O st i
আবাসিক এলাকা	a b a sh i k | e l a k a
ট্রাফিক জ্যাম	T r a ph i k | j A m
জরিমানার রশিদ	j O r i m a n a r | r O sh i d
বিদ্যুৎ বিল	b i d d u t | b i l
পানির বিল	p a n i r | b i l
মিটার রিডিং	m i T a r | r i D i ng
লোডশেডিং	l O D sh e D i ng
ওয়াশিং মেশিন	O y a sh i ng | m e sh i n
সভাকক্ষ	sh o bh a k o kkh O
বৃত্তি	b ri tt i
স্নায়ুরোগ বিশেষজ্ঞ	sn a y u r O g | b i sh e sh o g g O
শিশুরোগ বিশেষজ্ঞ	sh i sh u r O g | b i sh e sh o g g O
রক্ত সঞ্চালন	r o kt O | sh o nch a l o n
দাতা	d a t a
ময়লার গাড়ি	m o y l a r | g a r i
ছাদ বাগান	chh a d | b a g a n
মৌচাক	m ou ch a k
রেশম চাষ	r e sh o m | ch a sh
বেকারি	b e k a r i
হিমাগার	h i m a g a r
আচার	a ch a r
পাইকারি বাজার	p a i k a r i | b a j a r
খুচরা বিক্রেতা	kh u ch r a | b i kr e t a
গুদাম	g u d a m
শুল্ক	sh u l k O
# Batch 1 of Phase B lexicon expansion
# Source: Google Bengali lexicon (CC-BY 4.0), converted to your notation
# 300 words, randomly sampled, not already in your lexicon,
# Bangla-script only, minimum 2 phonemes (excludes alphabet-letter entries)
#
# RISKY: contains স (loanword-register question) or a bare-consonant-before-
#   vowel-cluster shape (the schwa-harmony disagreement zone). Spot-check these.
# SAFE: no flagged pattern. Lower priority given 81.1% baseline agreement.
#
# Format: word<TAB>google_phonemes<TAB>ADD_REGISTER_TAG_HERE
# Before adding to lexicon.tsv: re-tokenize phonemes to match your engine's
#   conjunct merging (e.g. Google 'sh Th' -> your 'shTh'), verify O/o and
#   consonant choices by ear, fill in the register column.
#
# === RISKY (175 words) ===
সবিশেষ	sh o b i sh e sh	
ধারাভাষ্যকারদের	dh a r a bh a sh sh O k a r d e r	
রশিদসহ	r O sh i d sh o h O	
গলফে	g o l ph e	
আশংকাজনক	a sh O ng k a j o n O k	
তানজিব	t a n j i b	
পরেরটা	p o r e r T a	
স্বপ্নেও	sh o p n e O	
উদ্দেশ্যপ্রণোদিতভাবে	u d d e sh sh O pr O n O d i t O bh a b e	
রমজানের	r o m j a n e r	
পরিচিতি	p O r i ch i t i	
অপরাধবোধ	o p O r a dh b O dh	
চিন্তাভাবনাও	ch i nt a bh a b n a O	
ইহকালীন	i h O k a l i n	
রেগুলেটরি	r e g u l e T o r i	
জাঁতাকলে	j a~ t a k o l e	
সেনাপ্রধান	sh e n a pr O dh a n	
সঞ্চালনে	sh o nch a l o n e	
আস্তিক	a st i k	
কতটা	k o t O T a	
ব্যাপকভিত্তিক	b A p O k bh i tt i k	
সুস্থভাবে	sh u sth O bh a b e	
কারচুপি	k a r ch u p i	
বলাকা	b o l a k a	
রুশদি	r u sh d i	
জলযানের	j o l O j a n e r	
থলিতে	th O l i t e	
হোমসের	h O m s e r	
ফিটফাট	ph i T ph a T	
অনতিবিলম্বে	o n O t i b i l o mb e	
ফরিদগঞ্জে	ph O r i d g o nj e	
আসাদুজ্জামান	a s a d u j j a m a n	
প্রবাহে	pr O b a h e	
মিলনমেলার	m i l O n m E l a r	
কষ্টসাধ্য	k o shT O sh a d dh O	
সাংবাদিকের	sh a ng b a d i k e r	
ড্রেসিংরুম	D r e s i ng r u m	
অন্তরালে	o nt O r a l e	
ডরিটোস	D o r i T O s	
ক্লার্ককে	kl a r k k e	
ছাত্রছাত্রী	chh a tr O chh a tr i	
সুযোগের	sh u j O g e r	
রাজকুমারকে	r a j k u m a r k e	
মিয়া	m i a	
মহাপরিচালকের	m o h a p O r i ch a l O k e r	
সুস্মিতার	sh u sh m i t a r	
বছরপূর্তি	b o chh O r p u r t i	
জাতকদের	j a t O k d e r	
সুস্পষ্টভাবে	sh u s p o shT O bh a b e	
শহরসহ	sh o h O r sh o h O	
ডলির	D o l i r	
সমাজকল্যাণ	sh o m a j k O l l a n	
রোমান্সের	r O m a n s e r	
প্রতিটিকে	pr O t i T i k e	
আর্টিস্ট	a r T i s T	
মূসা	m u s a	
প্যালেস	p A l e s	
সংযোজন	s o ng j O j o n	
পেরিস্কোপ	p e r i s k O p	
মাশরুম	m a sh r u m	
ধারণা	dh a r O n a	
কানকো	k a n k O	
কথা	k o th a	
ডিসকাউন্ট	D i s k a u n T	
নবীজির	n O b i j i r	
প্রতিরোধক্ষমতা	pr O t i r O dh kh o m O t a	
সলোমন	s o l O m o n	
ফেস্টিভালের	ph e s T i bh a l e r	
কালশীর	k a l sh i r	
আচরণগুলো	a ch O r o n g u l O	
প্রধানমন্ত্রীকে	pr O dh a n m O n t r i k e	
পরিজনদের	p O r i j o n d e r	
ট্রাককে	T r a k k e	
অনুভবে	O n u bh o b e	
মাল্টিপ্লেক্স	m a l T i p l e k s	
ফ্রিল্যান্সাররা	ph r i l A n s a r r a	
বেসবল	b e s b o l	
প্রশাসকেরা	pr O sh a sh o k e r a	
কারবারির	k a r b a r i r	
সচিবও	sh O ch i b O	
ইসলামপন্থীরা	i s l a m p O n th i r a	
মারধোর	m a r dh O r	
ফনিক্স	ph O n i k s	
ব্যবহারও	b A b O h a r O	
যতখানি	j o t O kh a n i	
প্রতিজনের	pr O t i j o n e r	
মহাজ্ঞানী	m o h a g A n i	
গুটিসুটি	g u T i sh u T i	
মামলাটি	m a m l a T i	
মিনোক্সিডিল	m i n O k s i D i l	
মহিম	m O h i m	
মারকুটে	m a r k u T e	
অসমর্থিত	o sh o m O r th i t O	
পলেস্তারা	p o l e st a r a	
উদ্ঘাটনের	u d gh a T O n e r	
সন্ত্রাসবাদ	sh o n t r a sh b a d	
ইনিংসে	i n i ng s e	
বিস্ফারিত	b i sh ph a r i t O	
এসপিএফ	e s p i e ph	
নখের	n o kh e r	
বাদশাহদের	b a d sh a h d e r	
প্লান্টস	p l a n T s	
বসলো	b O sh l O	
তহবিলকে	t o h O b i l k e	
খাদ্যনিরাপত্তা	kh a d d O n i r a p o tt a	
আদমের	a d O m e r	
স্কার্ভি	s k a r bh i	
ইচ্ছামতো	i ch chh a m o t O	
স্পেসিফিকেশন	s p e s i ph i k e sh o n	
সহজলভ্যতা	sh o h O j l o b bh O t a	
কেন্দ্রগুলো	k e ndr O g u l O	
মানিকতলা	m a n i k t o l a	
তথ্যটি	t O t th O T i	
নার্সারী	n a r s a r i	
ইলাস্ট্রেশনের	i l a s T r e sh o n e r	
ধর্মহীন	dh o r m O h i n	
আমলযোগ্য	a m O l j O g g O	
পরষ্পরের	p o r O sh p o r e r	
পরিপাকতন্ত্র	p O r i p a k t o n t r O	
শেষমেশ	sh e sh m e sh	
এমপিওভুক্তি	e m p i O bh u kt i	
পরিবারটির	p O r i b a r T i r	
চকিতে	ch O k i t e	
উপনিবেশের	u p O n i b e sh e r	
পরিমিত	p O r i m i t O	
চন্দ্রমুখী	ch O ndr O m u kh i	
বটতলা	b o T t o l a	
লাখটাকা	l a kh T a k a	
পোটলা	p O T l a	
হ্যালুসিনেশন	h A l u s i n e sh o n	
দরিদ্রতম	d O r i d r O t o m O	
মারহাবা	m a r h a b a	
সুসংহত	sh u sh o ng h o t O	
ঝলকানিতে	jh o l k a n i t e	
বালকদের	b a l O k d e r	
অপঘাতে	o p O gh a t e	
কেবলি	k e b O l i	
ভবনে	bh o b O n e	
ফটকের	ph o T O k e r	
বিশ্বাসযোগ্যতার	b i sh sh a sh j O g g O t a r	
পলিসি	p o l i s i	
কনটেন্টে	k o n T e n T e	
অন্ধ্রপ্রদেশ	o n dh r O pr O d e sh	
পরিস্কার	p O r i sh k a r	
কমিটির	k o m i T i r	
শ্যামনগরের	sh A m n o g O r e r	
বোধবুদ্ধি	b O dh b u d dh i	
যেখানকার	j e kh a n k a r	
মাংসের	m a ng sh e r	
প্রাচ্যধারার	pr a ch ch O dh a r a r	
আইনজীবি	a i n j i b i	
সাংসারিক	sh a ng sh a r i k	
কমিশনারদের	k o m i sh o n a r d e r	
অবহেলাজনিত	o b O h e l a j O n i t O	
স্থবিরতা	sth O b i r o t a	
স্টালিনের	s T a l i n e r	
বহির্মুখী	b O h i r m u kh i	
আরাধনা	a r a dh O n a	
মৃদুস্বরে	m ri d u sh o r e	
সুরঞ্জন	sh u r o nj o n	
মতভেদ	m o t O bh e d	
বাসিন্দা	b a sh i nd a	
নিঃস্বার্থভাবে	n i sh sh a r th O bh a b e	
ফোরলান	ph O r l a n	
বিএসজেএ	b i e s j e e	
জালনোট	j a l n O T	
মহম্মদপুর	m o h O mm O d p u r	
নীতিনির্ধারকেরা	n i t i n i r dh a r O k e r a	
মিশেলকে	m i sh e l k e	
শাস্তিযোগ্য	sh a st i j O g g O	
সুযোগটা	sh u j O g T a	
সনাৎ	s o n a t	
সন্ত্রাসে	sh o n t r a sh e	
তৎসম	t o t sh o m O	
মেহেদীর	m e h e d i r	
ফেরে	ph e r e	
টেক	T e k	
রাজীন	r a j i n	
চানাচুর	ch a n a ch u r	
এলেন	e l e n	
তিমুর	t i m u r	
অতিরঞ্জিত	O t i r O nj i t O	
অনবরত	o n O b o r O t O	
ভগ্নাংশের	bh o g n a ng sh e r	
পালাজো	p a l a j O	
নানী	n a n i	
রক্তও	r o kt O O	
ঘট	gh o T	
ফাহিমের	ph a h i m e r	
মালঞ্চ	m a l O nch O	
উঠুন	u Th u n	
নাচুনে	n a ch u n e	
বিশেষের	b i sh e sh e r	
কাশবন	k a sh b O n	
মোডে	m O D e	
ভাষাগুলোর	bh a sh a g u l O r	
বাঁ	b a~	
বাজ	b a j	
অপূর্ণ	o p u r n O	
বিওএ	b i O e	
বগল	b o g O l	
রহমতগঞ্জ	r o h O m o t g o nj	
শাদি	sh a d i	
ধক	dh o k	
ফিরোজা	ph i r O j a	
উত্তোলিত	u tt O l i t O	
বান্দার	b a nd a r	
বিষের	b i sh e r	
শিফট	sh i ph T	
অধ্যুষিত	O d dh u sh i t O	
মর্জিনার	m O r j i n a r	
টিকিটই	T i k i T i	
উত্পত্তি	u t p O tt i	
কাজীপুর	k a j i p u r	
আপা	a p a	
খেলত	kh e l t O	
তোষণ	t O sh O n	
কারুশিল্পের	k a r u sh i l p e r	
ম্যান্ডেলাকে	m A n D e l a k e	
ওঠাটা	O Th a T a	
লালে	l a l e	
নামকরন	n a m k o r O n	
ইং	i ng	
বৃশ্চিক	b ri sh ch i k	
লেলিহান	l e l i h a n	
আশির	a sh i r	
বিহারিরা	b i h a r i r a	
বাধ্য	b a d dh O	
ঘেরের	gh e r e r	
রেফার	r e ph a r	
ডিজিটে	D i j i T e	
লিগের	l i g e r	
বাহামা	b a h a m a	
যুগের	j u g e r	
পাচ্ছিলেন	p a ch chh i l e n	
নোবেল	n O b e l	
মাখামাখা	m a kh a m a kh a	
গোবিন্দগঞ্জের	g O b i nd O g o nj e r	
খোলেন	kh O l e n	
চালানোর	ch a l a n O r	
লাইনও	l a i n O	
আদিত্য	a d i t t O	
অনাহারে	o n a h a r e	
মিং	m i ng	
জিন্দাল	j i nd a l	
মাপা	m a p a	
ভিক্ষুরা	bh i kkh u r a	
মোছাম্মৎ	m O s a mm o t	
বাহ্য	b a j j O	
আজাদও	a j a d O	
ব্যারাকের	b A r a k e r	
রোমার	r O m a r	
কান্ত	k a nt O	
ভার্জিন	bh a r j i n	
রুপোলি	r u p O l i	
দূর্যোগ	d u r j O g	
লেখাটি	l E kh a T i	
দ্রব্যাদি	d r O b b a d i	
গ্রহণও	gr O h O n O	
শ্রেণিগত	s r e n i g o t O	
শিক্ষাদানের	sh i kkh a d a n e r	
মূলতঃ	m u l O t O	
কোলার	k O l a r	
নেহাৎ	n e h a t	
আঠা	a Th a	
খামির	kh a m i r	
ঘোলা	gh O l a	
রাজুর	r a j u r	
টিপের	T i p e r	
মালামাল	m a l a m a l	
আর্জি	a r j i	
ভাবছ	bh a b chh O	
এজিং	e j i ng	
কৃষিজীবী	k ri sh i j i b i	
কোলাহল	k O l a h o l	
জিতেগা	j i t e g a	
হাটা	h a T a	
মিল	m i l	
ইলেকট্রিক্যাল	i l e k T r i k A l	
তুলুন	t u l u n	
গুরুত্বর	g u r u tt O r	
বেটার	b e T a r	
শেপে	sh e p e	
ফুটেজ	ph u T e j	
বিং	b i ng	
লেডি	l e D i	
লিও	l i O	
দুর্ভিক্ষের	d u r bh i kkh e r	
বন্দীদের	b O nd i d e r	
খেলারই	kh e l a r i	
কেবলই	k e b O l i	
ক্ষুধা	kh u dh a	
নুতন	n u t o n	
মাচেরানোর	m a ch e r a n O r	
ফেবারিটের	ph e b a r i T e r	
বারান্দার	b a r a nd a r	
গণতন্ত্রপন্থী	g o n O t o n t r O p O n th i	
কর্মকর্তা	k o r m O k o r t a	
ক্যান্ডি	k A n D i
নবীনগরের	n O b i n o g O r e r	
অস্থির	o sth i r	
জিপিএস	j i p i e s	
আটটির	a T T i r	
হোস্টেল	h O s T e l	
মিশ্রণে	m i s r o n e	
বস্ত্রহরণ	b o s t r O h o r O n	
সপ্তমবারের	sh o p t O m b a r e r	
আবদুল্লাহপুর	a b d u l l a h p u r	
উদ্দীপনামূলক	u d d i p o n a m u l O k	
সিইটিপি	s i i T i p i	
কাস্টমারের	k a s T O m a r e r	
সিনো	s i n O	
সতেরশো	sh O t e r O sh O	
তাজিকিস্তানকে	t a j i k i st a n k e	
বাবলির	b a b l i r	
ডাস্টবিনের	D a s T b i n e r	
পরিনীতি	p O r i n i t i	
সহকর্মীদের	sh o h O k O r m i d e r	
নাতনিদের	n a t n i d e r	
ব্রিটনির	br i T n i r	
গবেষণালব্ধ	g o b e sh o n a l o b dh O	
আলোকপাত	a l O k p a t	
যুদ্ধটা	j u d dh O T a	
কলাবাগান	k o l a b a g a n	
সিরোসিসে	s i r O s i s e	
নীরবতা	n i r o b o t a	
স্লোগানও	s l O g a n O	
পাথরে	p a th O r e	
রাজধানী	r a j dh a n i	
বকশীবাজারে	b O k sh i b a j a r e	
স্টপেজ	s T o p e j	
নতুবা	n O t u b a	
স্টোরি	s T O r i	
ফিকশনের	ph i k sh o n e r	
গোলপোস্টে	g O l p O s T e	
মিলতে	m i l t e	
সাবিত	s a b i t	
কঠোরতার	k o Th O r o t a r	
রেঞ্জারস	r e nj a r s	
মিনিস্টার	m i n i s T a r	
ডাকতেন	D a k t e n	
পলিমারের	p o l i m a r e r	
প্রতীতি	pr O t i t i	
ধাপগুলোতে	dh a p g u l O t e	
গণআন্দোলনের	g o n O a nd O l O n e r	
ধর্মান্ধতা	dh o r m a ndh O t a	
জনবহুল	j o n O b O h u l	
প্রধানমন্ত্রী	pr O dh a n m O n t r i	
ভদ্রমহিলা	bh o d r O m O h i l a	
রাস্তাটির	r a st a T i r	
মনস্থির	m O n O sth i r	
উন্নতজাতের	u nn O t O j a t e r	
ফ্রেস	ph r e sh	
পশুপাখিদের	p O sh u p a kh i d e r	
কলির	k O l i r	
রিকশাভ্যান	r i k sh a bh A n	
অলংকারের	o l O ng k a r e r	
সেবনে	sh e b O n e	
কবিতাটিতে	k O b i t a T i t e	
কলমটা	k o l O m T a	
যুক্তরাষ্ট্রকে	j u kt O r a sh T r O k e	
মিরপুরে	m i r p u r e	
মানবপাচারকারীরা	m a n O b p a ch a r k a r i r a	
সংস্কৃতিকর্মীরা	sh o ng s k ri t i k O r m i r a	
মিনহাজুল	m i n h a j u l	
পারফরমার	p a r ph o r m a r	
হ্রাসের	r a sh e r	
নজিরবিহীন	n O j i r b i h i n	
ফলাফলের	ph o l a ph o l e r	
মূলনীতির	m u l n i t i r	
অসম্মান	o sh o mm a n	
সংলাপও	sh o ng l a p O	
সম্ভাবনার	sh o m bh a b o n a r	
বিচারকে	b i ch a r O k e	
পার্কটি	p a r k T i	
সার্কেলে	s a r k e l e	
সীমান্তচুক্তি	sh i m a nt O ch u kt i	
লিমনকে	l i m O n k e	
গগনের	g o g O n e r	
বজলুল	b O j l u l	
এবিসিডি	e b i s i D i	
ডালাস	D a l a s	
কাঁদতে	k a~ d t e	
দিকগুলো	d i k g u l O	
পার্ককে	p a r k k e	
স্কেলিং	s k e l i ng	
মানভেদে	m a n bh e d e	
খবরেও	kh o b O r e O	
খোসা	kh O sh a	
অপতৎপরতার	o p O t o t p o r O t a r	
গেটআপে	g e T a p e	
রিকশাচিত্র	r i k sh a ch i tr O	
আহম্মেদকে	a h O mm e d k e	
ফরিদের	ph O r i d e r	
তাণ্ডবে	t a n D o b e	
চাঁদগুলো	ch a~ d g u l O	
হাসনাহেনা	h a s n a h e n a	
রবার্ট	r o b a r T	
ঘটনাকে	gh o T O n a k e	
রিসিপশনের	r i s i p sh o n e r	
পরগণার	p o r g o n a r	
ইস্কুলে	i s k u l e	
সপ্তমী	sh o p t O m i	
কারাফটকে	k a r a ph o T O k e	
অর্থসংগতি	o r th O sh o ng g O t i	
মারমুখী	m a r m u kh i	
ছাত্রশিবির	chh a tr O sh i b i r	
তাহসিন	t a h s i n	
নিষ্কাশনের	n i sh k a sh o n e r	
সেটও	s e T O	
যন্ত্রপাতিও	j o n t r O p a t i O	
কার্ডসহ	k a r D sh o h O	
লুটছে	l u T chh e	
মজিরন	m O j i r o n	
কনফারেন্সের	k o n ph a r e n s e r	
হঠকারিতা	h o Th O k a r i t a	
জ্বলবে	j O l b e	
মিষ্টতা	m i shT O t a	
লঘু	l O gh u	
আইনজীবীর	a i n j i b i r	
পিসে	p i sh e	
অভিবাসনপ্রত্যাশীদের	O bh i b a sh O n pr O t t a sh i d e r	
সমশের	sh o m sh e r	
সাহিত্যের	sh a h i t t e r	
ম্যানেজারদের	m A n e j a r d e r	
জুতাসহ	j u t a sh o h O	
কোলেস্টেরল	k O l e s T e r o l	
সুনামের	sh u n a m e r	
জমাবেন	j o m a b e n	
রজনীতে	r o j O n i t e	
সারসংক্ষেপ	sh a r sh o ng kh e p	
সমূলে	sh o m u l e	
শ্বাসকষ্টের	sh a sh k o shT e r	
বাঁশখালীর	b a~ sh kh a l i r	
ইসকো	i s k O	
ট্যাক্সে	T A k s e	
বিপন্নতা	b i p o nn O t a	
করাতে	k o r a t e	
চোরাকারবারি	ch O r a k a r b a r i	
প্লাটফরমে	p l a T ph o r m e	
পেপটিক	p e p T i k	
ততোটা	t o t O T a	
লবণযুক্ত	l o b O n j u kt O	
শতবার্ষিকী	sh o t O b a r sh i k i	
যুক্তরাষ্ট্রেরও	j u kt O r a sh T r e r O	
পরিস্থিতিকে	p O r i sth i t i k e	
মরদেহে	m o r O d e h e	
মজনু	m O j n u	
এইচডিপি	e i ch D i p i	
বকশিবাজার	b O k sh i b a j a r	
সাদী	s a d i	
চিকিত্সাধীন	ch i k i t s a dh i n	
ডিগবাজি	D i g b a j i	
স্থিরচিত্র	sth i r ch i tr O	
দুএকটি	d u e k T i	
প্যাকগুলো	p A k g u l O	
গুরুদুয়ারা	g u r u d u a r a	
মনুষ্যসৃষ্ট	m O n u sh sh O s ri shT O	
পারিবারিকভাবে	p a r i b a r i k bh a b e	
খলিলুল্লাহ	kh O l i l u l l a h	
অস্থিরতাকে	o sth i r o t a k e	
সেটটি	s e T T i	
বিবিরহাট	b i b i r h a T	
সংহতি	sh o ng h O t i	
রংগুলো	r o ng g u l O	
দখলকৃত	d o kh O l k ri t O	
পুরস্কারপ্রাপ্ত	p u r O sh k a r pr a p t O	
বহরে	b o h O r e	
বিবৃত	b i b ri t O	
পাতাটির	p a t a T i r	
কার্ডিফের	k a r D i ph e r	
পুরাকীর্তি	p u r a k i r t i	
দর্প	d o r p O	
রিক্রুটিং	r i kr u T i ng	
ডিকে	D i k e	
রাকাতের	r a k a t e r	
শারাপোভার	sh a r a p O bh a r	
চুক্তিকে	ch u kt i k e	
গাছিরা	g a chh i r a	
রাখল	r a kh l O	
নেপালিরা	n e p a l i r a	
রিও	r i O	
মাখেন	m a kh e n	
থাকাকালীনই	th a k a k a l i n i	
নূতন	n u t o n	
চল্লিশের	ch O l l i sh e r	
নিষ্ক্রিয়	n i sh k r i O	
পুলিশকর্মী	p u l i sh k O r m i	
বাংকার	b a ng k a r	
মার্শ	m a r sh	
নেপথ্য	n e p O t th O	
ঢোকাতে	Dh O k a t e	
চার্টের	ch a r T e r	
নিরুত্তাপ	n i r u tt a p	
দিঘীর	d i gh i r	
মূত্রের	m u tr e r	
গ্যাবার্ডিনের	g A b a r D i n e r	
আর্টারি	a r T a r i	
জানেনা	j a n e n a	
শোনেনি	sh O n e n i	
রুমে	r u m e	
হারেন	h a r e n	
এঁটেল	e~ T e l	
শামিম	sh a m i m	
নম্বরপ্লেট	n o mb O r p l e T	
শুভাশুভ	sh u bh a sh u bh O	
হিজল	h i j O l	
তামিম	t a m i m	
ডুবেছিল	D u b e chh i l O	
চাষিকে	ch a sh i k e	
বিদ্যুতের	b i d d u t e r	
মুবারক	m u b a r o k	
ভবনই	bh o b O n i	
আপনজন	a p O n j O n	
মোনাজাত	m O n a j a t	
গাদ্দাফির	g a d d a ph i r	
শেঠী	sh e Th i	
কাতার	k a t a r	
এজে	e j e	
ওটা	O T a	
নীলাচল	n i l a ch o l	
বিঁধে	b i~ dh e	
অমিলও	o m i l O	
দেহরক্ষীর	d e h O r O kkh i r	
পোর্তো	p O r t O	
ছালামের	s a l a m e r	
উম্মার	u mm a r	
পেনাল্টিতে	p e n a l T i t e	
এমই	e m i	
ক্লিনার	kl i n a r	
বর্বর	b o r b o r	
অনুভূতিকে	O n u bh u t i k e	
ছাগু	chh a g u	
এপিক	e p i k	
ডেলের	D e l e r	
খেলাপাগল	kh E l a p a g O l	
নাথুরাম	n a th u r a m	
উল্কি	u l k i	
চিত্রপট	ch i tr O p o T	
রাজেউন	r a j e u n	
কার্ল	k a r l	
ডাঙ্গা	D a ngg a	
আচ্ছাদন	a ch chh a d O n	
গঞ্জ	g o nj	
বুঝে	b u jh e	
কৃশ	k ri sh O	
অতিবাহিত	O t i b a h i t O	
আমারও	a m a r O	
জেগেছিল	j e g e chh i l O	
তাঁরই	t a~ r i	
লুটেরা	l u T e r a	
জিলানি	j i l a n i	
ঘরবন্দি	gh o r b O nd i	
শোনাতেন	sh O n a t e n	
গ্রান্ড	gr a n D	
দ্বিগুণের	d i g u n e r	
কোম্পানিও	k O mp a n i O	
কেন্দ্রীভূত	k e ndr i bh u t O	
মেরুন	m e r u n	
পাঠচক্র	p a Th ch o kr O	
ফর্মাল	ph o r m a l	
হাঁফ	h a~ ph	
পালাতে	p a l a t e	
শিক্ষানুরাগী	sh i kkh a n u r a g i	
শোভিত	sh O bh i t O	
মেনেছেন	m e n e chh e n	
খোলা	kh O l a	
দারুন	d a r u n	
নৃতাত্ত্বিক	n ri t a t t i k	
প্রশ্নপত্রের	pr O sh n O p o tr e r	
পুষ্টির	p u shT i r	
ট্যাংক	T A ng k	
মালদ্বীপে	m a l d i p e	
আল্লাহপ্রদত্ত	a l l a h pr O d o tt O	
পত্নীর	p O t n i r	
বন্দীত্ব	b O nd i tt O	
আল্লাহরই	a l l a h r i	
প্রদর্শীত	pr O d O r sh i t O	
নাঈমের	n a i m e r	
ফাঁদে	ph a~ d e	
রোমশ	r O m O sh	
ধর্তব্যের	dh o r t o b b e r	
ড্রাগ	D r a g	
তাবুক	t a b u k	
মুকুটের	m u k u T e r	
আপে	a p e	
বক্কর	b o k k O r	
পাঁচালি	p a~ ch a l i	
গোপীবাগ	g O p i b a g	
ভাবাদর্শ	bh a b a d o r sh O	
মুড	m u D	
ক্লোরোফিল	kl O r O ph i l	
বেশ্যা	b e sh sh a	
অনুমান	O n u m a n	
আলিকে	a l i k e	
উঠেই	u Th e i	
নেকাব্বর	n e k a b b o r	
খেতাব	kh e t a b	
# Batch 3 of Phase B lexicon expansion
# Source: Google Bengali lexicon (CC-BY 4.0), converted to your notation
# 300 words, continuing the same random sample (no overlap with batch 1/2)
#
# RISKY: contains স or bare-consonant-before-vowel-cluster shape.
# SAFE: no flagged pattern.
#
# Format: word<TAB>google_phonemes<TAB>ADD_REGISTER_TAG_HERE
#
# === RISKY (176 words) ===
মাছটি	m a chh T i	
মিসকিনদের	m i s k i n d e r	
আলোচনাকে	a l O ch O n a k e	
অর্থসম্পদ	o r th O sh o mp o d	
প্রভাবই	pr O bh a b i	
খ্রিস্টধর্মের	kh r i s T O dh o r m e r	
রহিত	r O h i t O	
বিস্তৃত	b i st ri t O	
জীবনাচারের	j i b O n a ch a r e r	
স্যারকে	s a r k e	
তিস্তাচুক্তি	t i st a ch u kt i	
বধূর	b O dh u r	
আনসারুল্লাহ	a n s a r u l l a h	
কপিরাইটের	k o p i r a i T e r	
মাধ্যমটির	m a d dh O m T i r	
বিশ্বকোষ	b i sh sh O k O sh	
যুবকটির	j u b o k T i r	
বিক্ষোভকারী	b i kkh O bh k a r i	
কুমারখালি	k u m a r kh a l i	
কর্মসূচির	k o r m O sh u ch i r	
হানবে	h a n b e	
ভ্যানচালকের	bh A n ch a l O k e r	
জানবেন	j a n b e n	
অপরাপর	o p O r a p o r	
দশদিন	d o sh d i n	
বাতাসে	b a t a sh e	
শাসনব্যবস্থা	sh a sh O n b A b O sth a	
কোয়ার্টার	k O a r T a r	
আভাসও	a bh a sh O	
সূত্রাপুরের	sh u tr a p u r e r	
তোরণের	t O r O n e r	
হারুনকে	h a r u n k e	
হাড্ডিসার	h a D D i sh a r	
স্মর্তব্য	s h o r t O b b O	
স্বাস্থ্যকর্মীরা	sh a s th O k O r m i r a	
বাকবিতণ্ডা	b a k b i t o n D a	
খরুচে	kh o r u ch e	
উদ্ভাবনে	u d bh a b O n e	
সরবরাহসহ	sh o r b o r a h O sh o h O	
ম্যানহাটন	m A n h a T O n	
প্রতিযোগিতাকে	pr O t i j O g i t a k e	
বরানগর	b O r a n o g O r	
দুর্দান্তভাবে	d u r d a nt O bh a b e	
ইবনুল	i b n u l	
বিসর্গ	b i sh o r g O	
সুযোগটি	sh u j O g T i	
এথেন্স	e th e n s	
বামপাশে	b a m p a sh e	
ফুটবলাররা	ph u T b o l a r r a	
শিলিগুড়ি	sh i l i g u r i	
হেফাজতকে	h e ph a j O t k e	
প্লটের	p l o T e r	
রেশনিং	r e sh o n i ng	
মারধরে	m a r dh o r e	
জমানো	j o m a n O	
সেনবাগ	sh e n b a g	
পটচিত্র	p o T ch i tr O	
নদীতীরে	n O d i t i r e	
বধের	b o dh e r	
থামলেন	th a m l e n	
স্টিক	s T i k	
ধলা	dh o l a	
সংস্কারও	sh o ng s k a r O	
শালদুধ	sh a l d u dh	
নিরুৎসাহী	n i r u t sh a h i	
জনমানবহীন	j o n O m a n O b h i n	
স্পিকারও	s p i k a r O	
গর্ভবতীদের	g o r bh O b O t i d e r	
স্পর্শকাতরতা	s p o r sh O k a t O r o t a	
পদস্থ	p o d O sth O	
কিবলা	k i b l a	
তথ্যপ্রযুক্তির	t O t th O pr O j u kt i r	
অষ্টশীল	o shT O sh i l	
নড়াচড়ার	n o r a ch o r a r	
শোরগোল	sh O r g O l	
পারিবাস	p a r i b a sh	
বিশ্বনেতা	b i sh sh O n e t a	
মাসাকাদজা	m a s a k a d j a	
কবীরের	k O b i r e r	
বিধবার	b i dh O b a r	
আরেকটিতে	a r e k T i t e	
হরমোন	h o r m O n	
সংরক্ষক	sh o ng r o kkh O k	
বলতেন	b O l t e n	
জোনস	j O n s	
স্কুলসহ	s k u l sh o h O	
হাঁসের	h a~ sh e r	
কথাগুলি	k o th a g u l i	
প্রতিবেশিদের	pr O t i b e sh i d e r	
পরলোক	p o r O l O k	
হাদীসের	h a d i s e r	
রহমানকেও	r o h O m a n k e O	
আসনই	a sh O n i	
অর্ধবার্ষিক	o r dh O b a r sh i k	
বিশ্বনাথ	b i sh sh O n a th	
আসলো	a sh l O	
দিনটিকে	d i n T i k e	
ইমরাউল	i m r a u l	
বদলা	b o d l a	
জন্মবার্ষিকী	j o n m O b a r sh i k i	
সুজানাকে	s u j a n a k e	
প্রেমিকযুগলের	pr e m i k j u g O l e r	
নবযুগ	n o b O j u g	
ইন্টারনেটেও	i n T a r n e T e O	
গৃহস্থালীর	g ri h O sth a l i r	
গণপতি	g o n O p O t i	
সেতুটির	sh e t u T i r	
বটমূলের	b o T O m u l e r	
প্রদানও	pr O d a n O	
স্কিম	s k i m	
মূল্যবৃদ্ধির	m u l l O b ri d dh i r	
মংলার	m o ng l a r	
হন্ডুরাস	h O n D u r a s	
সার্চের	s a r ch e r	
আলমগীর	a l O m g i r	
সিফাতি	s i ph a t i	
রক্তচাপসহ	r o kt O ch a p sh o h O	
কথাগুলোকে	k o th a g u l O k e	
জনির	j o n i r	
দুর্বলতাকে	d u r b o l O t a k e	
ডিসেম্বরে	D i s e mb o r e	
হস্তক্ষেপের	h o sh t O kkh e p e r	
এমপিথ্রি	e m p i th r i	
বহুমূল্য	b O h u m u l l O	
যানবাহনগুলোকে	j a n b a h O n g u l O k e	
সাদ্দামকে	s a d d a m k e	
বতসোয়ানার	b o t s O a n a r	
মেহজাবিনের	m e h j a b i n e r	
জনাথন	j o n a th o n	
সারতে	sh a r t e	
দেনমোহরের	d e n m O h O r e r	
বসাবে	b o sh a b e	
মিনারটি	m i n a r T i	
আখড়া	a kh r a	
কষাকষি	k o sh a k O sh i	
ম্যাসাজ	m A s a j	
স্মৃতিতে	s r i t i t e	
লবণচরা	l o b O n ch o r a	
সিগন্যালের	s i g n a l e r	
হামযা	h a m j a	
সুপারহিরোর	s u p a r h i r O r	
রেশমি	r e sh m i	
রূপান্তরিত	r u p a nt O r i t O	
নিরাপত্তাসহ	n i r a p o tt a sh o h O	
ছাত্রনেতারা	chh a tr O n e t a r a	
পরাকাষ্ঠা	p o r a k a shTh a	
দৃশ্যগুলোতে	d ri sh sh O g u l O t e	
কক্স	k o k s	
পরিচালকদের	p O r i ch a l O k d e r	
নিধনে	n i dh o n e	
ক্যাপটেন	k A p T e n	
বাণিজ্যসচিব	b a n i j j O sh O ch i b	
সমুদ্রসীমা	sh O m u d r O sh i m a	
একশো	E k sh O	
চকে	ch o k e	
মুক্তিযুদ্ধকালের	m u kt i j u d dh O k a l e r	
ক্লাবগুলো	kl a b g u l O	
ছোটবোন	chh O T O b O n	
শরিফকে	sh O r i ph k e	
উত্তমকুমার	u tt O m k u m a r	
লঞ্চগুলো	l o nch g u l O	
আটজনকে	a T j o n k e	
মনিরের	m O n i r e r	
নবান্ন	n o b a nn O	
চেতনাবিরোধী	ch e t O n a b i r O dh i	
চোখমুখ	ch O kh m u kh	
স্পেল	s p e l	
যোগাযোগসহ	j O g a j O g sh o h O	
স্ট্রেঞ্জার	s T r e nj a r	
রোকসানা	r O k s a n a	
সংগঠনগুলোর	sh o ng g o Th O n g u l O r	
আপকে	a p k e	
একনামে	E k n a m e	
আর্টস	a r T s	
সারাদিন	s a r a d i n	
মজুমদারও	m O j u m d a r O	
#
# === SAFE (124 words) ===
খেলাচ্ছে	kh E l a ch chh e	
মুদির	m u d i r	
রেখাটি	r e kh a T i	
বেল্টে	b e l T e	
গজব	g o j O b	
উল্টে	u l T e	
ছাপার	chh a p a r	
শাহান	sh a h a n	
থেকে	th e k e	
ওদেরও	O d e r O	
ডিওডোরেন্ট	D i O D O r e n T	
হজম	h o j O m	
অনবদ্য	o n O b o d d O	
জালাল	j a l a l	
হার্ডিঞ্জ	h a r D i nj	
কোম্পানী	k O mp a n i	
জামাতের	j a m a t e r	
রানারআপ	r a n a r a p	
আদিকাল	a d i k a l	
নাজিব	n a j i b	
মাতৃমৃত্যুর	m a t ri m ri t t u r	
জিহাদ	j i h a d	
লেখ্য	l e k kh O	
ডিনারে	D i n a r e	
ক্রিকেটপ্রেমীদের	kr i k e T pr e m i d e r	
অক্টাকোর	o k T a k O r	
শক্তিমান	sh O kt i m a n	
লেখে	l e kh e	
নগণ্য	n o g O n n O	
শাহাদত	sh a h a d o t	
ঝোপে	jh O p e	
চাপাতে	ch a p a t e	
ইতিবাচক	i t i b a ch O k	
আতাউর	a t a u r	
ক্রুজের	kr u j e r	
কন্ট্রাক্ট	k o n T r a k T	
ফ্যাটে	ph A T e	
রাখিবার	r a kh i b a r	
দারোগার	d a r O g a r	
দ্বাদশ	d a d o sh	
কর্ম্ম	k o r m O	
তামাক	t a m a k	
মন্দিরে	m O nd i r e	
আমিনী	a m i n i	
কুলার	k u l a r	
জিতেছিলাম	j i t e chh i l a m	
চেনার	ch e n a r	
জেরা	j e r a	
আহারের	a h a r e r	
শীতলতম	sh i t O l t o m O	
প্রকল্পের	pr O k o l p e r	
চিহ্নিত	ch i n n i t O	
তাঁদের	t a~ d e r	
হৃদ্রোগ	ri d r O g	
যুদ্ধের	j u d dh e r	
বোমাটি	b O m a T i	
বশ	b o sh	
মুকাররম	m u k a r r o m	
মারের	m a r e r	
ফিদে	ph i d e	
কেন্দ্রিক	k e ndr i k	
প্রাজ্ঞ	pr a g g O	g O
রেটে	r e T e	
মাঝিরা	m a jh i r a	
কিন	k i n	
জেহাদি	j e h a d i	
আলীও	a l i O	
কিঅঁ	k i o~	
মাতামুহুরী	m a t a m u h u r i	
আরো	a r O	
ঝুলন্ত	jh u l o nt O	
দার	d a r	
তাঁতিদের	t a~ t i d e r	
অযত্নে	o j o t n e	
ফ্রেদ	ph r e d	
দুলা	d u l a	
শণ	sh o n	
ডোনাট	D O n a T	
মাধ্যম	m a d dh O m	
রীতির	r i t i r	
মাহিগঞ্জ	m a h i g o nj	
লাউড	l a u D	
জর	j o r	
পাতিলের	p a t i l e r	
মথ	m o th	
পাজল	p a j o l	
ব্র্যান	b r A n	
ক্ষুর	kh u r	
আমিও	a m i O	
হাজারেরও	h a j a r e r O	
কোলে	k O l e	
কাটার	k a T a r	
অতিরিক্তি	O t i r i kt i	
ঘূর্ণির	gh u r n i r	
ছাঁচ	chh a~ ch	
দানে	d a n e	
বুটের	b u T e r	
বারেকের	b a r e k e r	
হাতব্যাগে	h a t b A g e	
ইনক	i n k	
পেং	p e ng	
ফিল্ডার	ph i l D a r	
লুবিৎজ	l u b i t j	
জ্ঞানে	g A n e	
খালাম্মা	kh a l a mm a	
যাদুঘর	j a d u gh o r	
বানাবে	b a n a b e	
পাচারে	p a ch a r e	
জানাটা	j a n a T a	
দংশন	d o ng sh O n	
কামিজও	k a m i j O	
নেপালি	n e p a l i	
দাবীতে	d a b i t e	
উপদ্বীপের	u p O d i p e r	
পুষ্ট	p u shT O	
লালা	l a l a	
কবন্ধ	k o b o ndh O	
মেমো	m e m O	
কেতাবি	k e t a b i	
শুনেছিলেন	sh u n e chh i l e n	
বর্ষিত	b O r sh i t O	
নিমিষে	n i m i sh e	
পালক	p a l O k	
অতীত	O t i t
অতিরিক্ত	O t i r i kt O
অতিশয়	O t i sh o y
অতিথি	O t i th i
অতুলনীয়	o t u l O n i y O
অত্যন্ত	O t t o nt O
অত্যাচার	o t t a ch a r
অত্যাবশ্যক	O t t a b o sh sh O k
অত্যুৎসাহী	o t t u t sh a h i
অকাল	o k a l
অগণিত	o g O n i t O
অজানা	o j a n a
অধম	o dh O m
অনল	o n O l
অপমান	o p O m a n
অবস্থা	o b O sth a
অভাব	o bh a b
অমল	o m O l
অসুখ	o sh u kh
অগ্র	o gr O
অগ্রগতি	o gr O g O t i
অগ্রণী	o gr O n i
অগ্রসর	o gr O sh o r
হয়	h o y
যায়	j a y
খায়	kh a y
গায়	g a y
পায়	p a y
হেয়	h e y O
ন্যায়	n A y
শ্রেয়	s r e y O
অবজ্ঞেয়	o b g g e y O
মত	m o t
জাত	j a t
যত	j o t O
পথ	p o th
তত	t o t O
গত	g o t O
কর্ম	k o r m O
# Batch 4 of Phase B lexicon expansion
# Uses the IMPROVED risk classifier (actual conjunct table),
# so RISKY here means genuinely uncertain, not just 'contains স'
#
# === RISKY (44 words) ===
এসআর	e s a r	
এমএসসি	e m e s s i	
সিসমোগ্রাফ	s i s m O gr a ph	
বিএফডিসিতে	b i e ph D i s i t e	
সুন্নিদের	s u nn i d e r	
সন্ত্রাসীদের	sh o n t r a sh i d e r	
সাম্যের	sh a m m e r	
সাম্প্রতিকতম	sh a m p r O t i k t o m O	
ফ্যানপেজে	ph A n p e j e	
সীতার	sh i t a r	
সামঞ্জস্যতা	sh a m O nj O sh sh O t a	
ফোনসেট	ph O n s e T	
সুজাত	sh u j a t	
ওসিসি	O s i s i	
অক্টোপাসের	o k T O p a s e r	
রেসার্ভ	r e s a r bh	
আসিফের	a s i ph e r	
পেহ্লাদের	p e h l a d e r	
আসান	a s a n	
ভাগ্যিস	bh a g g i sh
স্পেক্ট্রা	s p e k T r a	
বিএসআরএম	b i e s a r e m	
সিন্ডিকেট	s i n D i k e T	
ভালোবাসি	bh a l O b a sh i	
দীর্ঘতম	d i r gh O t o m O	
সুরভী	sh u r O bh i	
খাস	kh a sh	
কার্যভার	k a r j O bh a r	
ক্যানসারসহ	k A n s a r sh o h O	
সুষ্ঠ	sh u shTh O	
অপ্পো	o p p O	
লস	l o s	
হাসিখুশি	h a sh i kh u sh i	
প্রশ্বাস	pr O sh sh a sh	
সাদাসিধে	sh a d a sh i dh e	
প্রাইস	pr a i s	
সিবান্দাকে	s i b a nd a k e	
শামসুর	sh a m s u r	
সুবিধাভোগী	sh u b i dh a bh O g i	
ডেমোক্র্যাটস	D e m O k r A T s	
ব্যাটসম্যানেরা	b A T s m A n e r a	
ডিসট্রিক্ট	D i s T r i k T	
সুকি	s u k i	
#
# === SAFE (256 words) ===
স্থুল	sth u l O	
চালানটি	ch a l a n T i	
ট্রেন্ড	T r e n D	
মহানগর	m o h a n o g O r	
ভেবে	bh e b e	
তুলনাহীন	t u l O n a h i n	
মুস্তফার	m u st O ph a r	
পাকাপোক্ত	p a k a p O kt O	
মেহজাবিন	m e h j a b i n	
চিরকুটের	ch i r k u T e r	
চিনতাম	ch i n t a m	
একটু	e k T u	
জন্মদিনে	j o n m O d i n e	
কেলার	k e l a r	
জানাত	j a n a t O	
টেস্ট	T e s T	
অনুমোদনও	o n u m O d O n O	
পেহলি	p E h l i	
ইসমাত	i s m a t	
ভোটকেন্দ্রের	bh O T k e ndr e r	
বিপন	b i p o n	
টেলিছবিতে	T e l i chh O b i t e	
বিতর্কটি	b i t o r k O T i	
ফোল্ডারের	ph O l D a r e r	
প্লাতিনি	p l a t i n i	
মনিরাকে	m O n i r a k e	
শিশুপুত্রকে	sh i sh u p u tr O k e	
বানালো	b a n a l O	
কম্পিটিশন	k o mp i T i sh o n	
বিস্তারিত	b i st a r i t O	
বৃত্তটির	b ri tt O T i r	
শুরুও	sh u r u O	
নির্মাণকে	n i r m a n k e	
রেজ্যুলেশন	r e j u l e sh o n	
জনগণনার	j o n O g o n O n a r	
এজেন্সি	e j e n s i	
বাতিলও	b a t i l O	
বিমাক্ষেত্রের	b i m a kh e tr e r	
সদস্যসহ	sh o d O sh sh O sh o h O	
পাঁচজনই	p a~ ch j o n i	
স্তরের	st o r e r	
গুলিসহ	g u l i sh o h O	
রাগই	r a g i	
দীপের	d i p e r	
কর্তৃপক্ষ	k O r t ri p o kkh O	
কান্তা	k a nt a	
ভাষণটি	bh a sh O n T i	
সমীহের	sh O m i h e r	
কুশলাদি	k u sh O l a d i	
গুদামটি	g u d a m T i	
শার্মিলা	sh a r m i l a	
ন্যাকামি	n A k a m i	
পালনই	p a l O n i	
কুটুম	k u T u m	
মহিউদ্দিনের	m O h i u d d i n e r	
উপন্যাসটি	u p O n n a sh T i	
গণ্ডারের	g O n D a r e r	
কালিকাপুর	k a l i k a p u r	
নবকুমারের	n o b O k u m a r e r	
শরীরেও	sh O r i r e O	
জ্যাসন	j A s o n	
বার্বি	b a r b i	
তালাল	t a l a l	
নেতারা	n e t a r a	
ব্যাপারটার	b A p a r T a r	
ভালোবাসব	bh a l O b a sh b O	
রফিকুলের	r O ph i k u l e r	
ভিন	bh i n	
ছেলেটা	chh e l e T a	
মোচার	m O ch a r	
চিত্রনাট্যকারের	ch i tr O n a T T O k a r e r	
মনমাতানো	m O n m a t a n O	
টেলরের	T e l O r e r	
হেনস্তার	h e n O st a r	
অবসকিওর	o b s k i O r	
প্রযুক্তিপ্রেমীদের	pr O j u kt i pr e m i d e r	
চিকে	ch i k e	
চোখটা	ch O kh T a	
করান	k o r a n	
জনসংযোগ	j o n O sh o ng j O g	
কষ্টকর	k o shT O k o r	
বাচ্চাদের	b a ch ch a d e r	
কথারই	k o th a r i	
অজস্র	o j O s r O	
কস্তা	k o st a	
সংবাদপত্রগুলোর	sh O ng b a d p o tr O g u l O r	
তিস্তা	t i st a	
পরিবারসহ	p O r i b a r sh o h O	
পটু	p O T u	
শরৎকাল	sh o r O t k a l	
তানজিলা	t a n j i l a	
মুজিবকে	m u j i b k e	
কোটে	k O T e	
রোমিও	r O m i O	
বিচি	b i ch i	
ভর্তার	bh o r t a r	
অনি	o n i	
ভাগ্য	bh a g g O	
ওপাল	O p a l	
দূষণমুক্ত	d u sh o n m u kt O	
শাখাগুলোতে	sh a kh a g u l O t e	
আনন্দমোহন	a n O nd O m O h O n	
জর্জ	j o r j	
ঈদগাহ	i d g a h	
অরবিন্দবাবুর	o r O b i nd o b a b u r	
সন্তানদের	sh o nt a n d e r	
ব্রডব্যান্ড	br o D b A n D	
রহস্যটা	r o h O sh sh O T a	
গোছাতে	g O chh a t e	
আবহে	a b O h e	
ফলত	ph O l t O	
মহাযুদ্ধের	m o h a j u d dh e r	
অসংগত	o sh o ng g o t O	
পত্রিকাকে	p O tr i k a k e	
দ্বিমুখী	d i m u kh i	
বোসন	b O sh O n	
তিনদিনে	t i n d i n e	
কট্টরপন্থি	k o T T O r p O n th i	
আদালতসহ	a d a l o t sh o h O	
টেবিলে	T e b i l e	
নানাজন	n a n a j o n	
পাটিতে	p a T i t e	
রক্তক্ষরণের	r o kt O kh o r O n e r	
আলামীন	a l a m i n	
কারারক্ষীরা	k a r a r O kkh i r a	
লবিং	l o b i ng	
ব্লাউজটা	bl a u j T a	
পরীক্ষার্থীর	p O r i kkh a r th i r	
অনুষ্ঠানমালা	O n u shTh a n m a l a	
কেন্দ্রস্থলের	k e ndr O sth o l e r	
পাশ্চাত্যের	p a sh ch a t t e r	
পিপিআর	p i p i a r	
উদ্ধারে	u d dh a r e	
উলফার	u l ph a r	
প্রহরীরা	pr O h O r i r a	
জার্মানদের	j a r m a n d e r	
জুডি	j u D i	
বর্ষপূর্তি	b o r sh O p u r t i	
নরেন্দ্রনাথের	n o r e ndr O n a th e r	
লালদীঘির	l a l d i gh i r	
পক্স	p o k s	
বাষ্প	b a sh p O	
দারাজ	d a r a j	
ব্লটিং	bl o T i ng	
হস্তান্তরিত	h o st a nt O r i t O	
কাটতি	k a T t i	
চাকাকে	ch a k a k e	
চিত্রগ্রাহক	ch i tr O gr a h O k	
নিতান্ত	n i t a nt O	
তাবলীগের	t a b l i g e r	
দৃষ্টান্তের	d ri shT a nt e r	
জুনকে	j u n k e	
আতিফ	a t i ph	
প্রতিবেশী	pr O t i b e sh i	
নার্সারি	n a r s a r i	
বাল	b a l	
জনও	j o n O	
লাজুক	l a j u k	
মাখলুকাত	m a kh l u k a t	
স্বদেশী	sh o d e sh i	
লালমরিচ	l a l m O r i ch	
ক্ষণিকের	kh O n i k e r	
কবিরাও	k O b i r a O	
ঘটনাটির	gh o T O n a T i r	
মৃদুমন্দ	m ri d u m o nd O	
ডিলার	D i l a r	
পর্দাতে	p o r d a t e	
হাজী	h a j i	
শোধন	sh O dh O n	
ধমনীতে	dh o m O n i t e	
চাপাতির	ch a p a t i r	
মুখরা	m u kh O r a	
প্রগতিতে	pr O g O t i t e	
আলোকসজ্জার	a l O k sh o j j a r	
শিথিলযোগ্য	sh i th i l j O g g O	
ফুটবলটা	ph u T b o l T a	
চেঞ্জিং	ch e nj i ng	
চার্টার্ড	ch a r T a r D	
ব্যোমকেশ	b O m k e sh	
গর্ভের	g o r bh e r	
ঢালী	Dh a l i	
অস্ত্রপচার	o s t r O p o ch a r	
কাম্প	k a mp	
সংস্কৃত	sh o ng s k ri t O	
দলকানা	d o l k a n a	
তালি	t a l i	
খুলেছিলেন	kh u l e chh i l e n	
ভাপা	bh a p a	
চুকে	ch u k e	
বাফেটের	b a ph e T e r	
করাটাকে	k o r a T a k e	
চুপ	ch u p	
পত্রিকাগুলো	p O tr i k a g u l O	
সংবাদপত্রগুলোতে	sh o ng b a d p o tr O g u l O t e	
কোষগুলোর	k O sh g u l O r	
স্থাপত্য	sth a p O t t O	
কনানানি	k o n a n a n i	
শতাংশও	sh o t a ng sh O	
কনফেডারেট	k o n ph e D a r e T	
লেখালেখিও	l e kh a l e kh i O	
চলন্ত	ch o l O nt O	
প্যাকেট	p A k e T	
ট্রিলজি	T r i l o j i	
শার্টসহ	sh a r T sh o h O	
গোলচত্বরে	g O l ch o tt O r e	
অনিকার	o n i k a r	
বন্দুকধারীর	b O nd u k dh a r i r	
সঞ্চালকের	sh o nch a l o k e r	
কর্মশক্তি	k o r m O sh O kt i	
ড্রামাটিক	D r a m a T i k	
পালট	p a l O T	
বিকাশকে	b i k a sh k e	
ব্রোঞ্জের	br O nj e r	
দলবদল	d o l b o d O l	
মূল	m u l	
অমিল	o m i l	
দেবযানী	d e b j a n i	
অংশটি	o ng sh O T i	
প্যাকে	p A k e	
ইরশাদ	i r sh a d	
মডেলভেদে	m o D e l bh e d e	
দিনেরও	d i n e r O	
ব্যাচ	b A ch	
আহির	a h i r	
পুরাণের	p u r a n e r	
তোমাদেরই	t O m a d e r i	
দশটি	d o sh T i	
রোমে	r O m e	
বাতজ্বর	b a t j o r	
গ্রাফটা	gr a ph T a	
প্রসবকালীন	pr O sh o b k a l i n	
গল্পের	g o l p e r	
মাদকাসক্তির	m a d O k a sh O kt i r	
নেটের	n e T e r	
কোকেন	k O k e n	
পূত	p u t	
অসচেতনতা	o sh o ch e t o n O t a	
উমা	u m a	
পশ্চিমবঙ্গের	p O sh ch i m b O ngg e r	
স্থলাভিষিক্ত	sth o l a bh i sh i kt O	
রোকশানা	r O k s a n a	
ঝিরিঝিরি	jh i r i jh i r i	
বিপক্ষের	b i p o kkh e r	
আমানো	a m a n O	
কবিরসহ	k O b i r sh o h O	
অপ্রকাশিত	o pr O k a sh i t O	
মুষ্টির	m u shT i r	
আজাহার	a j a h a r	
জুরিখের	j u r i kh e r	
ইবোলা	i b O l a	
দখলদারেরা	d o kh O l d a r e r a	
নিওনাটাল	n i O n a T a l	
কর্মকমিশনের	k o r m O k o m i sh o n e r	
সম্ভাব্য	sh o m bh a b b O	
লোশন	l O sh o n	
খননযন্ত্র	kh o n O n j o n t r
সাম্যবাদী	sh a m m O b a d i	
নির্ঘুম	n i r gh u m	
সাম্প্রতিককালের	sh a m p r O t i k k a l e r	
পাকসেনারা	p a k sh e n a r a	
সাহেদুল	sh a h e d u l	
ব্ল্যাকবেরি	b l A k b e r i	
আল্ট্রা	a l T r a	
চেলসিতে	ch e l s i t e	
জুসার	j u s a r	
রসিকতার	r O sh i k o t a r	
সাকিবুলের	sh a k i b u l e r	
সেনাসদস্যরা	sh e n a sh o d O sh sh O r a	
সেডান	s e D a n	
এমএসএস	e m e s e s	
স্প্রিন্টে	s p r i n T e	
উৎসাহদাতা	u t sh a h O d a t a	
সেন্সরশিপ	sh e n s o r sh i p	
সুখানুভূতি	sh u kh a n u bh u t i	
নার্ভাস	n a r bh a s	
স্ক্যান্ডাল	s k A n D a l	
সুরকে	sh u r k e	
এফডিসি	e ph D i s i	
সারবাহী	sh a r b a h i	
সুযোগই	sh u j O g i	
তিনমাসে	t i n m a sh e	
ডেমোক্র্যাটদের	D e m O k r A T d e r	
সায়েরা	s a e r a	
গণঅভ্যুত্থানে	g o n O O b bh u t th a n e	
কথাসাহিত্যিক	k O th a sh a h i t t i k	
ম্যানেজমেন্টে	m A n e j m e n T e	
অহিংস	o h i ng sh O	
সাক্কু	s a k k u	
কমেন্ট্রি	k o m e n T r i	
রোম্যান্স	r O m a n s	
রুস	r u s	
সিহাব	sh i h a b	
জিজ্ঞাসা	j i g g a sh a	
ভালোবাসুন	bh a l O b a sh u n	
সুরক্ষার	sh u r O kkh a r	
ঘনবসতিপূর্ণ	gh o n O b o sh O t i p u r n O	
প্রজেক্টরের	pr O j e k T o r e r	
সার্থক	sh a r th O k	
#
# === SAFE (258 words) ===
মামাতো	m a m a t O	
দেবতার	d e b O t a r	
ছন্দপতনে	chh o nd O p o t O n e	
ভিঞ্চি	bh i nch i	
অবধি	o b O dh i	
বদহজমের	b o d h o j O m e r	
পাটনি	p a T n i	
ফলটি	ph o l T i	
প্রযুক্তিসহ	pr O j u kt i sh o h O	
অনুমতির	O n u m O t i r	
ব্রিটিশের	br i T i sh e r	
জর্ডি	j o r D i	
নূরী	n u r i	
উপার্জনও	u p a r j o n O	
পদবঞ্চিত	p o d O b O nch i t O	
নার্সরা	n a r s r a	
আউটার	a u T a r	
মুনমুনের	m u n m u n e r	
স্মৃতিচারণমূলক	s ri t i ch a r O n m u l O k	
উদ্যেগ	u d d e g	
বোঁচকা	b O~ ch k a	
অনার্সের	o n a r s e r	
করিলাম	k O r i l a m	
ফী	ph i	
বিশালত্ব	b i sh a l o tt O	
ঘুমোচ্ছে	gh u m O ch chh e	
সংস্কৃতিই	sh o ng s k ri t i i	
মিরাজের	m i r a j e r	
নর্মাল	n o r m a l	
মশাকে	m o sh a k e	
শরণার্থীকে	sh o r O n a r th i k e	
বেষ্টনীর	b e shT O n i r	
সংস্কৃতির	sh o ng s k ri t i r	
প্রেমেন্দ্র	pr e m e ndr O	
গণতন্ত্রী	g o n O t O n t r i	
বন্ধন	b o ndh O n	
নির্মলার	n i r m o l a r	
মুজাহিদসহ	m u j a h i d sh o h O	
আতাহার	a t a h a r	
তাণ্ডবের	t a n D O b e r	
শীতে	sh i t e	
ঠকাতে	Th o k a t e	
অতিমাত্রার	O t i m a tr a r	
শেষটি	sh e sh T i	
চরমভাবে	ch o r O m bh a b e	
হবেনই	h o b e n i	
বাটলারকে	b a T l a r k e	
আরোগ্য	a r O g g O	
গুনছেন	g u n chh e n	
বিশ্বশান্তি	b i sh sh O sh a nt i	
সবজিটি	sh O b j i T i	
জিয়া	j i a	
মূল্যহার	m u l l O h a r	
পলিমাটি	p O l i m a T i	
পোর্টালের	p O r T a l e r	
মহিমা	m O h i m a	
আড্ডাও	a D D a O	
কষতে	k O sh t e	
গঠনসহ	g o Th O n sh o h O	
বুঝেছিলেন	b u jh e chh i l e n	
রিক্তার	r i kt a r	
মধ্যবিত্তের	m O d dh O b i tt e r	
প্রত্যাখ্যানের	pr O t t a k kh a n e r	
বর্ধিষ্ণু	b O r dh i shN u	
বিজলী	b i j l i	
বোর্ডকে	b O r D k e	
স্মিথ	s m i th	
নিরীক্ষা	n i r i kkh a	
সমাজবাদী	sh o m a j b a d i	
কষছেন	k O sh chh e n	
বেকার	b e k a r	
গভীরতম	g O bh i r t o m O	
সতীর্থকে	sh o t i r th O k e	
স্পন্দিত	s p O nd i t O	
চাপান	ch a p a n	
মুমুর	m u m u r	
দশে	d o sh e	
আদুরিকে	a d u r i k e	
ফলটা	ph o l T a	
অধীনস্থ	O dh i n o sth O	
প্রোগ্রামারদের	pr O gr a m a r d e r	
বিপাশাকে	b i p a sh a k e	
অরণ্যের	o r O n n e r	
ঝিলে	jh i l e	
পাদদেশের	p a d O d e sh e r	
বিমর্ষ	b i m o r sh O	
গণসংযোগকালে	g o n O sh o ng j O g k a l e	
ঋতুর	ri t u r	
আন্তজেলা	a nt O j e l a	
করিতেছিলেন	k O r i t e chh i l e n	
বিদ্যানিকেতন	b i d d a n i k e t o n	
কথাগুলোও	k o th a g u l O O	
তানিশা	t a n i sh a	
প্রমান	pr O m a n	
পুনঃপ্রতিষ্ঠা	p u n O pr O t i shTh a	
পেতেন	p e t e n	
জারুল	j a r u l	
প্রবেশদ্বারে	pr O b e sh d a r e	
পররাষ্ট্রসচিবের	p o r O r a sh T r O sh O ch i b e r	
খুন্তি	kh u nt i	
দক্ষিণের	d O kkh i n e r	
নহেন	n o h e n	
সংগঠকরা	sh o ng g o Th O k r a	
প্রতিকূলে	pr O t i k u l e	
এর	e r	
জেতান	j e t a n	
শারমীন	sh a r m i n	
দুর্ভাগ্যক্রমে	d u r bh a g g O kr O m e	
গৃহযুদ্ধের	g ri h O j u d dh e r	
ব্যথাটা	b A th a T a	
উপরিতলের	u p O r i t o l e r	
চারটা	ch a r T a	
সরকারি	sh o r k a r i	
ব্যারিস্টার	b A r i s T a r	
একদিক	E k d i k	
ওঁর	O~ r	
খাদ্য	kh a d d O	
বেলজিয়ামের	b e l j i a m e r	
তাৎক্ষনিকভাবে	t a t kh O n i k bh a b e	
বাষ্পে	b a sh p e	
প্রতিমন্ত্রীদের	pr O t i m O n t r i d e r	
শুনছেন	sh u n cch e n	
দমে	d o m e	
ঝর্না	jh o r n a	
আলোকবর্ষ	a l O k b o r sh O	
স্বাদে	sh a d e	
শান্তিরক্ষী	sh a nt i r O kkh i	
ক্রিকেটার	kr i k e T a r	
চিন্তা	ch i nt a	
ফলাতে	ph o l a t e	
ইংল্যান্ড	i ng l A n D	
কালেকশন	k a l e k sh o n	
স্থাপনাটি	sth a p O n a T i	
লগ্নে	l o g n e	
মাহমুদসহ	m a h m u d sh o h O	
ওরকম	O r O k O m	
তথ্যকে	t O t th O k e	
জিলা	j i l a	
লেখালিখি	l e kh a l i kh i	
দেহটা	d e h O T a	
লাভালিনের	l a bh a l i n e r	
মূর্তিতে	m u r t i t e	
ছালামকে	s a l a m k e	
সপ্তর্ষি	sh o p t O r sh i	
মাতৃভূমিকে	m a t ri bh u m i k e	
আমলকিতে	a m l O k i t e	
ফর্ক	ph o r k	
দেখলি	d e kh l i	
শিশুপার্কে	sh i sh u p a r k e	
বিক্রেতাকে	b i kr e t a k e	
ভাটিতে	bh a T i t e	
জীববিজ্ঞানী	j i b b i g g a n i	
চাঁদনীর	ch a~ d n i r	
হিল্টনের	h i l T o n e r	
সমর্পণ	sh o m O r p o n	
গমকে	g o m k e	
চুক্তিই	ch u kt i i	
ফলিক	ph O l i k	
বিনোদনকেন্দ্রগুলোতে	b i n O d O n k e ndr O g u l O t e	
ইতালির	i t a l i r	
মজুদও	m O j u d O	
বাদশাহর	b a d sh a h r	
বলদ	b o l O d	
পোষ্টার	p O shT a r	
বন্দীর	b O nd i r	
শেরিং	sh e r i ng	
বাগানকে	b a g a n k e	
নাশিদের	n a sh i d e r	
পরিমন্ডলে	p O r i m o n D O l e	
ফুলই	ph u l i	
অগ্নিনির্বাপণ	O g n i n i r b a p O n	
ঘুরে	gh u r e	
শহিদদের	sh O h i d d e r	
ক্রুগার	kr u g a r	
প্রত্যর্পণ	pr O t t o r p o n	
মাদারচর	m a d a r ch o r	
দশকের	d o sh O k e r	
নুরে	n u r e	
পরিকল্পিত	p O r i k O l p i t O	
প্রপাগান্ডা	pr O p a g a n D a	
গতকালকের	g o t O k a l k e r	
সংস্কারমূলক	sh o ng s k a r m u l O k	
লতাগুল্ম	l o t a g u l m O	
প্রত্ননিদর্শন	pr O t n O n i d o r sh o n	
থিম্পুতে	th i mp u t e	
প্রতীকও	pr O t i k O	
হাশিম	h a sh i m	
টোল	T O l	
সরণি	sh o r O n i	
জংশনে	j o ng sh o n e	
স্বপ্নযাত্রা	sh o p n O j a tr a	
উপমহাদেশে	u p O m o h a d e sh e	
পাস্তোরে	p a st O r e	
ওস্তাদের	O st a d e r	
জাগাবে	j a g a b e	
লাঞ্চার	l a nch a r	
মুখার্জী	m u kh a r j i	
বেশকটি	b e sh k o T i	
তিলক	t i l o k	
হামিশ	h a m i sh	
এমজি	e m j i	
টুকটুক	T u k T u k	
অথর্ব	o th o r b O	
রাষ্ট্রগুলোতে	r a sh T r O g u l O t e	
রিভার্স	r i bh a r s	
লোকসংগীত	l O k O sh O ng g i t	
প্রজাদের	pr O j a d e r	
বিভিন্নস্থান	b i bh i nn O sth a n	
অপসংস্কৃতি	o p O sh o ng s k ri t i	
দক্ষতাও	d o kkh O t a O	
ইতিহাসটা	i t i h a sh T a	
রিচমন্ড	r i ch m o n D	
বামনিকুটি	b a m O n i k u T i	
ঈশ্বরগঞ্জে	i sh sh o r g o nj e	
দরখাস্ত	d o r kh a st O	
অপমানিত	o p O m a n i t O	
বনভোজন	b o n bh O j O n	
নাচছেন	n a ch chh e n	
আমন্ত্রন	a m O n t r o n	
দুতিন	d u t i n	
পরিতাপের	p O r i t a p e r	
আজমির	a j m i r	
রাজ্জাককে	r a j j a k k e	
ভিক্ষাবৃত্তিতে	bh i kkh a b ri tt i t e	
ভুট্টো	bh u T T O	
ফেললো	ph e l l O	
গতরাত	g o t O r a t	
শাস্ত্রের	sh a s t r e r	
সম্মানহানির	sh o mm a n h a n i r	
সজ্জার	sh o j j a r	
অস্ত্রোপচারের	o s t r O p o ch a r e r	
যক্ষের	j o kkh e r	
বসতঘরের	b o sh O t gh o r e r	
জোহান	j O h a n	
রাজ্যটি	r a j j O T i	
খিলখিল	kh i l kh i l	
গানটা	g a n T a	
ফ্লেক্স	ph l e k s	
ইনভেস্টমেন্টের	i n bh e s T m e n T e r	
ড্রোনের	D r O n e r	
সরবরাহের	sh o r b o r a h e r	
অপরিবর্তিত	o p O r i b O r t i t O	
রিজেন্সি	r i j e n s i	
বিবর্তিত	b i b o r t i t O	
বৃদ্ধসহ	b ri d dh O sh o h O	
রাষ্ট্রপক্ষ	r a sh T r O p o kkh O	
মাপুতো	m a p u t O	
কারখানাগুলোর	k a r kh a n a g u l O r	
প্রান্তিক	pr a nt i k	
হনন	h o n O n	
ভারুন	bh a r u n	
থ্রিলার	th r i l a r	
গুণটা	g u n T a	
অর্ধডজন	o r dh O D o j O n	
প্রভূত	pr O bh u t O	
দেখানোটা	d E kh a n O T a	
রাজাকারের	r a j a k a r e r	
নিষ্ঠুরতা	n i shTh u r o t a
স্বর্ণালংকারসহ	sh o r n a l o ng k a r sh o h O
বেসিল	b e s i l
মাসুদুর	m a s u d u r
সেসবের	sh e sh o b e r
কানসাট	k a n s a T
ইমপালসের	i m p a l s e r
সাততলা	sh a t t o l a
আসিবে	a sh i b e
স্টিফেনস	s T i ph e n s
সুনিল	sh u n i l
নাসিরই	n a s i r i
সামিউল	s a m i u l
সিকে	sh i k e
সেজো	sh e j O
ত্বসীন	t o s i n
স্বাতন্ত্র্যের	sh a t o n t r e r
রাসেল	r a s e l
হিসেবের	h i sh e b e r
সার্ভিস	s a r bh i s
ক্রমানুসারে	kr O m a n u sh a r e
ফ্ল্যাটটি	ph l A T T i
সিনহা	s i n h a
ব্যবসাকে	b A b sh a k e
যাত্রীসেবার	j a tr i sh e b a r
সাংখ্য	sh a ng kh O
সিম্ফনি	s i m ph O n i
সাদামাটা	sh a d a m a T a
সিরিজের	s i r i j e r
কার্যপ্রণালী	k a r j O pr O n a l i
সুভাষের	sh u bh a sh e r
সাতসকালে	sh a t sh o k a l e
সামন্ত	sh a m O nt O
সিডিএ	s i D i e
সান্নিধ্যের	sh a nn i d dh e r
সানফ্রানসিসকো	s a n ph r a n s i s k O
গ্রিসে	gr i s e
বিএডিসি	b i e D i s i
মেসেঞ্জারের	m e s e nj a r e r
সুবিধাবাদীদের	sh u b i dh a b a d i d e r
ফাঁসাতে	ph a~ sh a t e
মাল্টিপ্ল্যান	m a l T i p l A n
কেসিং	k e s i ng
নার্গিস	n a r g i s
বোসের	b O sh e r
পেনসিলের	p e n s i l e r
বাসী	b a sh i
সুরাহার	sh u r a h a r
সীমানার	sh i m a n a r
সাপোর্টিং	s a p O r T i ng
সালিস	sh a l i sh
অসুবিধাও	o sh u b i dh a O
অশ্রুসিক্ত	O s r u sh i kt O
মুদ্রাস্ফীতি	m u d r a s ph i t i
আসাটা	a sh a T a
টিভিএস	T i bh i e s
সুলেমান	s u l e m a n
উচ্ছসিত	u ch chh O sh i t O
সামনের	sh a m n e r
গোটসে	g O T s e
ভাসে	bh a sh e
বিজেএমসিকে	b i j e e m s i k e
লেহম্যান	l e h m A n
সাউন্ডের	s a u n D e r
সুবেহ	s u b e h
সেনাকে	sh e n a k e
রেসার	r e s a r
ন্যায্যমূল্য	n A j j O m u l l O
সূচি	sh u ch i
মোসাদের	m O s a d e r
কার্যতালিকার	k a r j O t a l i k a r
সাদিকুর	s a d i k u r
ভেগাস	bh e g a s
সীতাকুন্ড	sh i t a k u n D O
প্রিসিলা	pr i s i l a
স্ট্র্যাটেজি	s T r A T e j i
সাহিত্যকর্ম	sh a h i t t O k o r m O
সুপারিশও	sh u p a r i sh O
সেবাকেন্দ্রে	sh e b a k e ndr e
অর্থসাহায্য	o r th O sh a h a j j O
স্লিভলেস	s l i bh l e s
বিটিএস	b i T i e s
সাদিকা	s a d i k a
গ্লাসও	g l a s O
হাসিমুখে	h a sh i m u kh e
সেচে	sh e ch e
পুরুষশাসিত	p u r u sh sh a sh i t O
ক্র্যাফটের	k r A ph T e r
সৃজিত	s ri j i t
ইসিএফ	i s i e ph
সেঞ্চুরিটি	s e nch u r i T i
সান্ত্বনার	sh a n t O n a r
সানব্লক	s a n bl o k
টিটেনাস	T i T e n a s
সেলার	s e l a r
দৃষ্টিসীমার	d ri shT i sh i m a r
উচ্ছ্বাসে	u ch chh a sh e
সাক্ষাৎটি	sh a kkh a t T i
সেনসেশনাল	s e n s e sh o n a l
সাদার	sh a d a r
স্বাচ্ছন্দ্যে	s a ch chh o n d e
সেনগুপ্তের	sh e n g u p t e r
সোপানে	sh O p a n e
আর্জেন্টিনাও	a r j e n T i n a O
মহেশখালীতে	m o h e sh kh a l i t e
কাব্যকে	k a b b O k e
ভ্রাতুষ্পুত্র	bh r a t u sh p u tr O
আসবাব	a sh b a b
পাশটা	p a sh T a
বাজারভেদে	b a j a r bh e d e
করবেনই	k O r b e n i
নাথের	n a th e r
একি	e k i
মডেলই	m o D e l i
প্রতিদ্বন্দ্বীরা	pr O t i d d O n d i r a
মফিদুল	m O ph i d u l
দুষছে	d u sh chh e
কণিকার	k O n i k a r
ফেরেশতা	ph e r e sh t a
ধানমণ্ডি	dh a n m O n D i
তদারককারী	t o d a r O k k a r i
বটেশ্বরে	b o T e sh sh O r e
ব্যাঙের	b A ng e r
মাল্টিভিটামিন	m a l T i bh i T a m i n
গণতান্ত্রিক	g o n O t a n t r i k
নামছেন	n a m chh e n
গিগাহার্টজের	g i g a h a r T j e r
ভরতনাট্যম	bh o r O t n a T T O m
ভাবছে	bh a b chh e
আলোকচিত্রী	a l O k ch i tr i
পিকেটাররা	p i k e T a r r a
আদমশুমারিতে	a d O m sh u m a r i t e
হাজারখানেক	h a j a r kh a n e k
গতিধারা	g O t i dh a r a
মোফাজ্জেল	m O ph a j j e l
জেকে	j e k e
দলবীর	d o l O b i r
পরিবারের	p O r i b a r e r
লিখলাম	l i kh l a m
অনুশীলনে	O n u sh i l o n e
মুনাফাভিত্তিক	m u n a ph a bh i tt i k
মৃত্যুবার্ষিকীতে	m ri t t u b a r sh i k i t e
দোষারোপের	d O sh a r O p e r
যুক্তরাজ্যের	j u kt O r a j j e r
আন্তর্জাতিকে	a nt O r j a t i k e
বক্তব্যটি	b O kt O b b O T i
উদাহরণস্বরূপ	u d a h o r O n sh O r u p
দেরী	d e r i
পুলির	p u l i r
তাজউদ্দিন	t a j u d d i n
শাসনামলের	sh a sh O n a m O l e r
তাঁবুতে	t a~ b u t e
পলিথিনের	p o l i th i n e r
শিশুবিশেষজ্ঞ	sh i sh u b i sh e sh o g g O
শরীরি	sh o r i r i
গফফার	g o ph ph a r
ক্লিওপেট্রার	kl i O p e T r a r
জীবনকে	j i b o n k e
পথশিশুদের	p o th O sh i sh u d e r
গুলা	g u l a
জামশেদ	j a m sh e d
বেশখানিকটা	b e s kh a n i k T a
দুর্নীতিমুক্ত	d u r n i t i m u kt O
মুর্শিদাবাদ	m u r sh i d a b a d
রুমাল	r u m a l
করারোপ	k o r a r O p
রাজধানীতে	r a j dh a n i t e
ঘটাতে	gh o T a t e
কালচার	k a l ch a r
পূর্বপুরুষের	p u r b O p u r u sh e r
সদ্যোজাত	sh O d d O j a t
জীবপ্রযুক্তিবিদ	j i b pr O j u kt i b i d
প্রতিযোগিতাটির	pr O t i j O g i t a T i r
কাজটাকে	k a j T a k e
জনা	j o n a
নাজরীন	n a j r i n
যুক্তরাজ্যভিত্তিক	j u kt O r a j j O bh i tt i k
মারকারি	m a r k a r i
মৃত্যুপুরীতে	m ri t t u p u r i t e
রুমাকে	r u m a k e
বালককে	b a l o k k e
পর্বতারোহীরা	p o r b O t a r O h i r a
আরিফকে	a r i ph k e
পিটার্সবার্গ	p i T a r s b a r g
পরোটার	p o r O T a r
প্রামাণ্যচিত্র	pr a m a n n O ch i tr O
কাড়ে	k a r e
আত্মকেন্দ্রিক	a t t O k e ndr i k
চেকপোস্টের	ch e k p O s T e r
ক্রাইস্টচার্চে	kr a i s T ch a r ch e
অনির্দিষ্টকালের	o n i r d i shT O k a l e r
বারবারার	b a r b a r a r
মনরোভিয়া	m o n r O bh i a
প্রচ্ছন্নভাবে	pr O ch chh o nn O bh a b e
নীলক্ষেত	n i l kh e t
কানাডিয়ান	k a n a D i a n
চুলোর	ch u l O r
জবানবন্দীতে	j o b a n b O nd i t e
ইসলামীসহ	i s l a m i sh o h O
বাদবাকি	b a d b a k i
দমকলের	d o m k o l e r
পরিবর্তনকারী	p O r i b o r t O n k a r i
মদিনা	m O d i n a
মননশীলতা	m o n O n sh i l o t a
প্রাণিবিজ্ঞান	pr a n i b i g g a n
মানবপাচারে	m a n O b p a ch a r e
পৃষ্ঠাসংখ্যা	p ri shTh a sh o ng kh a
আরনিং	a r n i ng
ক্যালিগ্রাফি	k A l i gr a ph i
ভর্তিচ্ছুদের	bh O r t i ch chh u d e r
মহাশক্তিধর	m o h a sh O kt i dh o r
পরকাল	p o r O k a l
তক্ষুনি	t o kkh u n i
হবিগঞ্জের	h O b i g o nj e r
সমাজকল্যাণমূলক	sh o m a j k o l l a n m u l o k
বাঁশখালী	b a~ sh kh a l i
সমারোহ	sh o m a r O h O
অভিযোগকে	O bh i j O g k e
ফেরিতে	ph e r i t e
আত্মতুষ্টিতে	a t t O t u shT i t e
আলজাজিরার	a l j a j i r a r
ঈর্ষার	i r sh a r
রক্তিম	r O kt i m
প্রতিনিধিত্বের	pr O t i n i dh i tt e r
ধুলোর	dh u l O r
কাজপাগল	k a j p a g O l
এনজিওতে	e n j i O t e
শান্তিচুক্তির	sh a nt i ch u kt i r
বন্দুকের	b O nd u k e r
ক্যাডাররা	k A D a r r a
মাস্কারা	m a s k a r a
মায়ের	m a e r
আনলাম	a n l a m
বাংলাভাষীদের	b a ng l a bh a sh i d e r
পাপারাজ্জিদের	p a p a r a j j i d e r
জেলহত্যা	j e l h O t t a
নিমরুদ	n i m r u d
নদীনালা	n O d i n a l a
নরহত্যা	n o r O h O t t a
অনুগতরা	O n u g o t O r a
বন্দেগীর	b o nd e g i r
ধারণাটা	dh a r O n a T a
স্থাপত্যশিল্পের	sth a p o t t O sh i l p e r
অনেকটা	o n e k T a
যুদ্ধক্ষেত্র	j u d dh O kh e tr O
মেহফুজ	m e h ph u j
যুক্তরাষ্ট্রসহ	j u kt O r a sh T r O sh o h O
নটিক্যাল	n O T i k A l
ফিনল্যান্ড	ph i n l A n D
একান্নবর্তী	e k a nn O b O r t i
স্টার্চ	s T a r ch
ধুপগুড়ি	dh u p g u r i
কিপ	k i p
কোণগুলো	k O n g u l O
টহলে	T o h O l e
ইস্তাম্বুলের	i st a mb u l e r
বিত্তবানদের	b i tt O b a n d e r
বিজ্ঞাপনচিত্রে	b i g g a p O n ch i tr e
আচরণে	a ch O r o n e
থ্রিল	th r i l
সম্ভারে	sh o m bh a r e
তাসকিনকে	t a s k i n k e
বিরাটকে	b i r a T k e
গতিই	g O t i i
জানলেন	j a n l e n
বিদ্বেষমূলক	b i d d e sh m u l O k
দুরবস্থার	d u r o b o sth a r
গুরুত্বপূর্ন	g u r u tt O p u r n O
ক্যামেরাগুলো	k A m e r a g u l O
ভরদ্বাজের	bh o r O d d a j e r
পুনঃনিরীক্ষণের	p u n O n i r i kkh o n e r
ফরমাল	ph o r m a l
আকারভেদে	a k a r bh e d e
নীরেন্দ্রনাথ	n i r e ndr O n a th
মধ্যপ্রাচ্যকে	m O d dh O pr a ch ch O k e
মঞ্চেই	m o nch e i
নবাবকে	n o b a b k e
দোলযাত্রা	d O l j a tr a
আরেকবার	a r e k b a r
উপস্থাপন	u p O sth a p O n
সংশোধনীতে	sh o ng sh O dh O n i t e
চিত্রনির্মাতা	ch i tr O n i r m a t a
বুদ্ধিপ্রতিবন্ধী	b u d dh i pr O t i b O ndh i
কমিশনারকে	k o m i sh o n a r k e
মরদেহটি	m o r O d e h O T i
প্রাণীটির	pr a n i T i r
মরিসকে	m O r i s k e
প্রেসক্লাবের	pr e s kl a b e r
ধর্মান্ধ	dh o r m a ndh O
ফরমের	ph o r m e r
রেস্টুরেন্টটি	r e s T u r e n T T i
বিধানসভার	b i dh a n sh o bh a r
মথিত	m O th i t O
দৃষ্ট	d ri shT O
পশলা	p o sh l a
শ্রেনী	s r e n i
অবচেতনে	o b O ch e t O n e
গণভোটকে	g o n O bh O T k e
দরবেশের	d o r b e sh e r
কাদরীর	k a d r i r
কাঁচাবাজারের	k a~ ch a b a j a r e r
সঙ্গে	sh o ngg e
জনসাধারণকে	j o n O sh a dh a r O n k e
অবধারিতভাবে	o b O dh a r i t O bh a b e
জোটনিরপেক্ষ	j O T n i r O p e kkh O
ফুঁসতে	ph u~ sh t e
সুহৃদের	sh u ri d e r
আবদুল্লাহর	a b d u l l a h r
রশিদের	r O sh i d e r
সাব্বিরও	s a b b i r O
সাম	s a m
দরজি	d O r j i
এতক্ষণে	E t O kkh O n e
টেনিসের	T e n i s e r
পদক্ষেপকে	p o d O kkh e p k e
হালচাষ	h a l ch a sh
সেলুনে	s e l u n e
চন্দ্রবিন্দু	ch o ndr O b i nd u
খাদ্যদ্রব্যের	kh a d d O d r O b b e r
বাহাউদ্দিনের	b a h a u d d i n e r
সাগা	s a g a
প্রস্তুতকারক	pr O st u t k a r O k
পোস্টারে	p O s T a r e
মতপার্থক্য	m o t O p a r th O k k O
অসীম	o sh i m
সেগুলোরও	sh e g u l O r O
কাসুন্দি	k a sh u nd i
সাহিত্যকে	sh a h i t t O k e
দেশগুলোও	d e sh g u l O O
সত্যতার	sh O t t O t a r
শরিফুল	sh O r i ph u l
ফ্রেমবন্দি	ph r e m b O nd i
সিলেকশন	s i l e k sh o n
ক্যাবলের	k A b O l e r
মাসলামা	m a s l a m a
হলুদাভ	h O l u d a bh
বিমানবন্দরসহ	b i m a n b o nd O r sh o h O
জোসি	j O sh i
সিজদা	sh i j d a
যুদ্ধবিমানের	j u d dh O b i m a n e r
দুষ্কৃতিকারীরা	d u s k ri t i k a r i r a
আত্মবিশ্বাসী	a t t O b i sh sh a sh i
বহির্বিভাগ	b O h i r b i bh a g
সমর্থিতরা	sh o m O r th i t O r a
গানটি	g a n T i
বিপণিবিতানের	b i p O n i b i t a n e r
খোলাসা	kh O l a sh a
ধারণাটিকে	dh a r O n a T i k e
সমাজকে	sh o m a j k e
পুনর্মিলনীতে	p u n o r m i l O n i t e
ঘোড়াশাল	gh O r a sh a l
একশটি	E k sh O T i
স্টাডিজে	s T a D i j e
হেলিকপ্টারও	h e l i k o p T a r O
বিন্যাসের	b i n n a sh e r
রেসি	r e s i
কর্মচাঞ্চল্য	k o r m O ch a nch O l l O
বালুমহাল	b a l u m o h a l
সিরাজের	sh i r a j e r
কর্মক্ষেত্রের	k o r m O kh e tr e r
খাবারটি	kh a b a r T i
সুধীন	sh u dh i n
বাসটি	b a s T i
সিসিলিতে	s i s i l i t e
কমতে	k O m t e
শরণখোলার	sh o r O n kh O l a r
সাবাশ	sh a b a sh
জনপ্রতিনিধিসহ	j o n O pr O t i n i dh i sh o h O
রয়েছি	r O e chh i
চত্বরটি	ch o tt O r T i
ভিত্তিপ্রস্তর	bh i tt i pr O st o r
রাষ্ট্রদূতের	r a sh T r O d u t e r
সানা	s a n a
সিসা	sh i sh a
কর্মকর্তাবৃন্দ	k o r m O k o r t a b ri nd O
আসেনা	a sh e n a
মখমলের	m o kh m o l e r
বহুনির্বাচনি	b O h u n i r b a ch O n i
ক্যাচিং	k A ch i ng
এস্কান্দারের	e s k a nd a r e r
ট্রাকগুলো	T r a k g u l O
সিসিটিভি	s i s i T i bh i
গণভবনে	g o n O bh o b O n e
বিদ্রূপাত্মক	b i d r u p a t t o k
সোনম	s O n o m
চর্চাকে	ch o r ch a k e
পরবে	p O r b e
ওদিক	O d i k
প্রশ্নোত্তরের	pr O sh n O tt r e r
শামসুজ্জামান	sh a m s u j j a m a n
লিফটে	l i ph T e
মরিয়া	m O r i a
কর্মসূচীতে	k o r m O sh u ch i t e
সাপঘরে	sh a p gh o r e
অগভীর	o g O bh i r
ঘাস	gh a sh
অনুষ্ঠানস্থলের	O n u shTh a n sth o l e r
হলদেটে	h O l d e T e
সিনা	s i n a
লোকগুলোকে	l O k g u l O k e
অপর্যাপ্ততা	o p O r j a p t O t a
সর্বক্ষেত্রে	sh o r b O kh e tr e
ঘোষণাপত্র	gh O sh O n a p o tr O
পানিনিষ্কাশনের	p a n i n i sh k a sh O n e r
অমীমাংসিত	o m i m a ng sh i t O
ডিসে	D i sh e
গিবত	g i b o t
ফেঞ্চুগঞ্জ	ph e nch u g o nj
কুমিরকে	k u m i r k e
সাকিবের	s a k i b e r
গুরুত্বপূর্ণ	g u r u tt O p u r n O
সন্তানটিকে	sh o nt a n T i k e
বাণিজ্যিকীকরণ	b a n i j j i k i k o r O n
সালফার	s a l ph a r
বার্সেলোনাকে	b a r s e l O n a k e
ভোটদান	bh O T d a n
খণ্ডিত	kh O n D i t O
উৎসেচক	u t sh e ch o k
ব্যবসাক্ষেত্রে	b A b sh a kh e tr e
বিষপানে	b i sh p a n e
পাঁজর	p a~ j O r
নিস	n i sh
আহমেত	a h m e t
এঁকেছিলেন	e~ k e chh i l e n
প্রত্যাবর্তনে	pr O t t a b o r t O n e
গণসংযোগে	g o n O sh o ng j O g e
নির্মাণেরও	n i r m a n e r O
মাসাজ	m a s a j
নৃত্যশিল্পীরা	n ri t t O sh i l p i r a
গিটারটি	g i T a r T i
ইকরাম	i k r a m
ধাক্কাধাক্কির	dh a k k a dh a k k i r
ওসমানি	O s m a n i
এদেরমধ্যে	e d e r m O d dh e
ঢাকঢোল	Dh a k Dh O l
শপের	sh o p e r
সেলিমও	s e l i m O
জিসেল	j i s e l
কুসুমের	k u sh u m e r
পক্ষেও	p O kkh e O
স্বত্বাধিকারী	sh o tt a dh i k a r i
কীর্তিস্তম্ভ	k i r t i st O m bh O
করতালিতে	k o r O t a l i t e
সুখবর	sh u kh o b O r
অসুবিধার	o sh u b i dh a r
একপ্রান্ত	E k pr a nt O
লাফার্জ	l a ph a r j
কমার্সের	k o m a r s e r
মুশফিকুরের	m u sh ph i k u r e r
ব্যবহিত	b A b O h i t O
মাদকদ্রব্যসহ	m a d O k d r O b b O sh o h O
ওসাকা	O s a k a
স্ট্যান্ডার্ড	s T A n D a r D
ট্যালেন্টপুলে	T A l e n T p u l e
সাতই	s a t i
মাহেন্দ্রক্ষণ	m a h e ndr O kh o n
হাসিকে	h a sh i k e
আর্জেন্টিনীও	a r j e n T i n i O
একতলার	E k t o l a r
সাযুজ্য	sh a j u j j O
কামরূপ	k a m r u p
ছাত্রসেনার	chh a tr O sh e n a r
ট্যাক্সিক্যাব	T A k s i k A b
রেহমান	r e h m a n
আর্জেন্টিনাকে	a r j e n T i n a k e
সমাদর	sh o m a d o r
চিত্রিত	ch i tr i t O
আহমেদও	a h m e d O
সারাক্ষণ	sh a r a kkh o n
বাদুরতলা	b a d u r t o l a
এমেরিটাস	e m e r i T a s
দেশীদশ	d e sh i d o sh
বিদ্যুৎকেন্দ্রগুলোর	b i d d u t k e ndr O g u l O r
সূর্যটা	sh u r j O T a
সোশাল	s O sh a l
ম্যানচেস্টারের	m A n ch e s T a r e r
সাম্রাজ্যবাদী	sh a m r a j j O b a d i
পার্শ্ববর্তী	p a r sh O b O r t i
ধরেছিলেন	dh O r e chh i l e n
ইনডোরের	i n D O r e r
লতিফপুর	l O t i ph p u r
সুদূরপ্রসারী	s u d u r pr O sh a r i
এগ্রিকালচার	e gr i k a l ch a r
শেখে	sh e kh e
মুক্তিযুদ্ধের	m u kt i j u d dh e r
একদফা	E k d o ph a
আফগানরা	a ph g a n r a
উচ্ছ্বাস	u ch chh a sh
সহনশীলতা	sh o h O n sh i l O t a
প্রত্যাখ্যাত	pr O t t a kh A t O
মহাবিহার	m o h a b i h a r
বেজমেন্ট	b e j m e n T
কফিশপ	k o ph i sh o p
পৃষ্ঠের	p ri shTh e r
গোলকধাঁধা	g O l O k dh a~ dh a
স্থিতাবস্থা	sth i t a b O sth a
মাদকাসক্তরা	m a d O k a sh O kt O r a
আসিলে	a sh i l e
কনডেন্সড	k o n D e n s D
পাথরটি	p a th O r T i
সুচিত্রাকে	sh u ch i tr a k e
বর্গাকার	b o r g a k a r
হাঁটেননি	h a~ T e n n i
চিকিৎসাবিজ্ঞানের	ch i k i t sh a b i g g a n e r
ঠেকাবে	Th E k a b e
জ্ঞানপাপী	g A n p a p i
অগ্রাধিকারমূলক	O gr a dh i k a r m u l O k
করিতেছেন	k O r i t e chh e n
জনসম্মুখে	j o n O s o mm u kh e
সীমারেখার	sh i m a r e kh a r
সিলের	s i l e r
সাবেলা	s a b e l a
রাখছিল	r a kh chh i l O
কর্মঘণ্টা	k o r m O gh o n T a
হারবার্ট	h a r b a r T
সপ্তাহগুলোতে	sh o p t a h O g u l O t e
টেলিফিল্মটির	T e l i ph i l m T i r
বসন্তকালে	b o sh O nt O k a l e
মফিজের	m O ph i j e r
অস্ত্রশস্ত্র	o s t r O sh o s t r O
আরামবাগের	a r a m b a g e r
আজকালের	a j k a l e r
কলোরাডোর	k o l O r a D O r
রিসোর্স	r i s O r s
অপশক্তিকে	o p O sh O kt i k e
স্বল্পসংখ্যক	sh o l p O sh o ng kh O k
টুর্নামেন্টটি	T u r n a m e n T T i
গবেষকদলের	g o b e sh O k d o l e r
সুরুজ	sh u r u j
করমু	k O r m u
অলিক	o l i k
পদতলে	p o d O t o l e
উপনিষদের	u p O n i sh o d e r
স্বাস্থ্যহানি	sh a s th O h a n i
টিএমএসএস	T i e m e s e s
লাগছে	l a g chh e
সঞ্চালিত	sh o nch a l i t O
স্পেসে	s p e s e
পূর্বঘোষণা	p u r b O gh O sh O n a
মাদাগাস্কারের	m a d a g a s k a r e r
রাষ্ট্রশক্তি	r a sh T r O sh O kt i
খোরশেদপুর	kh O r sh e d p u r
আসীন	a sh i n
শুনতে	sh u n t e
রাজাকাররা	r a j a k a r r a
ধ্বংস	dh o ng sh O
সপ্তাহেও	sh o p t a h e O
প্রোপাগান্ডা	pr O p a g a n D a
জিনপিং	j i n p i ng
কালারস	k a l a r s
শিল্পাঞ্চলের	sh i l p a nch O l e r
সতীর্থরা	sh o t i r th O r a
বিসিএল	b i s i e l
ক্লাসিকোর	kl a s i k O r
অপ্রাতিষ্ঠানিক	o pr a t i shTh a n i k
প্রতিষ্ঠানকে	pr O t i shTh a n k e
বুদ্ধিজীবীদের	b u d dh i j i b i d e r
ইস্ট্রোজেনের	i s T r O j e n e r
পরিপাকতন্ত্রের	p O r i p a k t o n t r e r
মডেলের	m o D e l e r
সীতাকুণ্ডের	sh i t a k u n D e r
শাহজাহানপুরে	sh a h j a h a n p u r e
জামদানি	j a m d a n i
কমানোসহ	k o m a n O sh o h O
সুসংবাদ	sh u sh o ng b a d
ধরনটি	dh o r O n T i
অসংলগ্ন	o sh o ng l o g n O
সম্ভ্রান্ত	sh o m bh r a nt O
ক্ষমতাসীনদের	kh o m O t a sh i n d e r
নিম্নমাধ্যমিক	n i m n O m a d dh O m i k
সুনীতা	sh u n i t a
কাকে	k a k e
অনাহুত	o n a h u t O
করবা	k O r b a
জাতগুলোর	j a t g u l O r
ধর্মসচিব	dh o r m O sh O ch i b
এমএসএন	e m e s e n
অর্থপ্রাপ্তির	o r th O pr a p t i r
হ্যারিসনের	h A r i s o n e r
চতুর্থবারের	ch O t u r th O b a r e r
ভুললেন	bh u l l e n
সিটির	s i T i r
প্রশস্তি	pr O sh O st i
স্নাতকোত্তর	sn a t O k O tt o r
হম্বিতম্বি	h O mb i t O mb i
প্রতিদ্বন্দ্বিতামূলক	pr O t i d d O n d i t a m u l O k
মাঝেমাঝে	m a jh e m a jh e
আকাশচুম্বি	a k a sh ch u mb i
ম্যাসাচুসেটসের	m A sh a ch u s e T s e r
ফ্যান্টাস্টিক	ph A n T a s T i k
তোমাদেরকে	t O m a d e r k e
স্বার্থসংশ্লিষ্ট	sh a r th O sh o ng sh l i shT O
সেহেতু	sh e h e t u
প্রতিরুদ্ধ	pr O t i r u d dh O
পাম্পের	p a mp e r
খোসাসহ	kh O sh a sh o h O
ভিভিএস	bh i bh i e s
সেভাবে	sh e bh a b e
সালেহর	s a l e h O r
বিএনপিতে	b i e n p i t e
ক্রিকেটারের	kr i k e T a r e r
রুজি	r u j i
প্রেক্ষাগৃহে	pr e kkh a g ri h e
সর্বনাশা	sh o r b O n a sh a
ক্রুসের	kr u s e r
পাতিলে	p a t i l e
রাত্রিতে	r a tr i t e
খানম	kh a n O m
আবাসিকে	a b a sh i k e
রহমানের	r o h m a n e r
সুজিতের	sh u j i t e r
খলিফা	kh O l i ph a
ছাড়ে	chh a r e
এগ্রিমেন্ট	e gr i m e n T
সরকারমন্ত্রী	sh o r k a r m O n t r i
হরপ্রসাদ	h o r O pr O sh a d
আধাকাপ	a dh a k a p
বিলাতি	b i l a t i
কাহিনীকার	k a h i n i k a r
ভবিষ্যত	bh O b i sh sh o t
ঢঙের	Dh o ng e r
ছবিটা	chh O b i T a
পেশীর	p e sh i r
জিনের	j i n e r
ম্যাচসেরার	m A ch sh e r a r
বোধগম্য	b O dh O g o m m O
ফিশ	ph i sh
গোপালভোগ	g O p a l bh O g
নাস	n a s
কদিনের	k o d i n e r
পতিতা	p O t i t a
জাগরণের	j a g O r O n e r
সমিতিগুলোর	sh o m i t i g u l O r
কাটাচ্ছেন	k a T a ch chh e n
ভালোলাগে	bh a l O l a g e
উল্লেখযোগ্যভাবে	u l l e kh j O g g O bh a b e
টিএনটি	T i e n T i
ভালোভাবে	bh a l O bh a b e
স্বাচ্ছন্দ্যবোধ	sh a ch chh o n d O b O dh
ইলাইফ	i l a i ph
পাপ	p a p
মুসলিমপ্রধান	m u s l i m pr O dh a n
মাদুরো	m a d u r O
কালরাত	k a l r a t
কাজকে	k a j k e
অনিরাপদ	o n i r a p o d
পলাশির	p o l a sh i r
মেঝেতে	m e jh e t e
আন্তঃযোগাযোগ	a nt O j O g a j O g
রোলগুলো	r O l g u l O
নারকেলের	n a r k e l e r
মসুরের	m O sh u r e r
কাটাখালী	k a T a kh a l i
বরাতে	b o r a t e
হাজি	h a j i
রক্ষণভাগের	r o kkh O n bh a g e r
কন্টাক্ট	k o n T A k T
ত্রিপুরা	tr i p u r a
জীবে	j i b e
মিরকামারী	m i r k a m a r i
জু	j u
নাট্যম	n a T T O m
নেস্ট	n e s T
গণমাধ্যমসহ	g o n O m a d dh O m sh o h O
মির্জাপুর	m i r j a p u r
কল্পনা	k o l p O n a
আবেদনকে	a b e d O n k e
কারসাজিতে	k a r sh a j i t e
যুক্ত	j u kt O
কলিন্স	k o l i n s
নিমেষে	n i m e sh e
করভার	k o r bh a r
ছিদ্রের	chh i d r e r
এগোতে	e g O t e
সিকদারকে	sh i k d a r k e
দাদুর	d a d u r
কদুর	k o d u r
এডিসন	e D i s o n
রিচার্ডসন	r i ch a r D s o n
জুমের	j u m e r
এনরিক	e n r i k
সফরসূচি	s o ph O r sh u ch i
সিদ্দিকুরের	s i d d i k u r e r
বাজেটিং	b a j e T i ng
মানহানিকর	m a n h a n i k o r
পূর্ণগ্রাস	p u r n O gr a sh
ল্যাং	l A ng
গোশত	g O sh t O
সন্তানই	sh o nt a n i
তুষারধসে	t u sh a r dh o sh e
যুবকটিকে	j u b O k T i k e
পার্টিশন	p a r T i sh o n
পর্যটনমন্ত্রী	p o r j O T o n m O n t r i
পিয়ানোটা	p i a n O T a
কাঁটাতারে	k a~ T a t a r e
বলছিলাম	b O l chh i l a m
মাগনা	m a g n a
আমবাত	a m b a t
মোরগা	m O r g a
নিপুণের	n i p u n e r
ললিতের	l O l i t e r
মেলাও	m E l a O
ছেলেরে	chh e l e r e
মনযোগী	m O n O j O g i
জিদ	j i d
মারমার	m a r m a r
মানব	m a n O b
স্যুটকেসে	s u T k e s e
গতিসম্পন্ন	g O t i sh o mp O nn O
মেধাবীর	m e dh a b i r
অধিদপ্তর	O dh i d o p t O r
বন্দরসমূহের	b o nd O r sh O m u h e r
চমৎকৃত	ch o m O t k r i t O
অনেকদূর	o n e k d u r
মাহিকে	m a h i k e
ভেটেরিনারি	bh e T e r i n a r i
ডিসি	D i s i
পূর্বাভাসও	p u r b a bh a sh O
বারটি	b a r O T i
যোনি	j O n i
অন্ন	O nn O
জাহান্নাম	j a h a nn a m
নরকের	n o r O k e r
কালী	k a l i
গেটটি	g e T T i
সমস্যাটিকে	sh o m O sh sh a T i k e
ভূমিধসের	bh u m i dh o sh e r
সারিবদ্ধ	sh a r i b o d dh O
সংখ্যাতত্ত্বের	sh o ng kh a t o t t e r
বিমানটিকে	b i m a n T i k e
থ্রু	th r u
চলমান	ch o l O m a n
আরম্ভ	a r O m bh O
ত্রাহি	tr a h i
কানাডার	k a n a D a r
প্রেসসচিব	pr e s sh O ch i b
লোহার	l O h a r
জীবনধারা	j i b O n dh a r a
রন্ধ্রে	r o n dh r e
তাসকিনের	t a s k i n e r
সেও	sh e O
নেটবুকের	n e T b u k e r
সিরকার	s i r k a r
শ্রম	s r O m
সেনজেন	sh e n j e n
কোলেস্টেরলের	k O l e s T e r O l e r
সূর্যালোক	sh u r j a l O k
লিপবাম	l i p b a m
আভিজাত্য	a bh i j a t t O
রুমঝুম	r u m jh u m
গণযোগাযোগ	g o n O j O g a j O g
বাসসহ	b a s sh o h O
আন্টির	a n T i r
ইনিংসের	i n i ng s e r
সংক্রমন	sh o ng kr O m O n
জামিনের	j a m i n e r
দাদার	d a d a r
হীরের	h i r e r
ঠিকানাবিহীন	Th i k a n a b i h i n
প্রাণঢালা	pr a n Dh a l a
সম্যক	sh o m m O k
হিমাগারের	h i m a g a r e r
লালনগীতি	l a l O n g i t i
মাথাব্যাথা	m a th a b A th a
বোনটির	b O n T i r
কাটের	k a T e r
তদবিরের	t O d b i r e r
পুদিনাপাতা	p u d i n a p a t a
মুর	m u r
মনোজগতে	m O n O j o g O t e
অবকাঠামোগত	o b O k a Th a m O g o t O
সোমেশ্বর	sh O m e sh sh o r
ইস্তোনিয়ার	i st O n i a r
আলীম	a l i m
নেকি	n e k i
রঞ্জন	r o nj O n
প্রভাবের	pr O bh a b e r
কর্মীবাহিনী	k O r m i b a h i n i
কৃষিসহ	k ri sh i sh o h O
তোরণে	t O r O n e
সফররত	s o ph O r r o t O
অল্পক্ষণ	o l p O kh o n
ওমরাহ	O m r a h
রাজপুত্রকে	r a j p u tr O k e
কলেজটিতে	k o l e j T i t e
হ্যামলেট	h A m l e T
হেলা	h E l a
বাস্তববাদী	b a st O b b a d i
ক্লার্ক	kl a r k
সংখ্যাগরিষ্ঠতার	sh o ng kh a g O r i shTh O t a r
দপ্তরবিহীন	d o p t O r b i h i n
আচরণের	a ch O r o n e r
সেলফ	s e l ph
ম্যারেজ	m A r e j
মুস্তাফিজুর	m u st a ph i j u r
বর্ম	b o r m O
প্লাটফর্মে	p l a T ph o r m e
দ্রোণ	d r O n
ম্যাচকে	m A ch k e
ম্যাগলেভ	m A g l e bh
হানিওয়েল	h a n i O e l
বিপজ্জনক	b i p O j j o n O k
ফিলিস্তিন	ph i l i st i n
টুর্নামেন্টের	T u r n a m e n T e r
ড্রইং	D r o i ng
হাটে	h a T e
প্রতিবেশের	pr O t i b e sh e r
প্লাটুন	p l a T u n
পদবিতে	p o d O b i t e
দুধারে	d u dh a r e
নির্বাচনের	n i r b a ch O n e r
রক্তশূন্যতার	r o kt O sh u n n O t a r
সন্স	s o n s
বন্দরগুলোতে	b o nd O r g u l O t e
কাছারি	k a chh a r i
চাটারা	ch a T a r a
প্রজন্ম	pr O j o n m O
পটের	p o T e r
বাঁচেন	b a~ ch e n
বসু	b O s u
শক্তিই	sh O kt i i
জমিটি	j O m i T i
স্বপ্নপূরণের	sh o p n O p u r O n e r
খাকি	kh a k i
নো	n O
শিল্পনগর	sh i l p O n o g O r
ভ্রাতা	bh r a t a
স্টেডিয়ামে	s T e D i a m e
করাতের	k o r a t e r
তৃষ্ণা	t ri shN a
যন্ত্রশিল্পী	j o n t r O sh i l p i
স্থাবর	sth a b O r
সদস্যপদ	sh o d O sh sh O p o d
হিটস্ট্রোকে	h i T s T r O k e
রাজ্যপালের	r a j j O p a l e r
লাগেজটি	l a g e j T i
এরজন্য	e r j O n n O
মানববিহীন	m a n O b b i h i n
ফটোগ্রাফির	ph o T O gr a ph i r
ফরহাদ	ph o r h a d
নন্দিত	n O nd i t O
দুস্থদের	d u sth O d e r
দরদাম	d o r d a m
করাহবে	k o r a h o b e
অদলবদল	o d O l b o d O l
সাহাবি	s a h a b i
আকরাম	a k r a m
যানটির	j a n T i r
শমসের	sh o m sh e r
হাজতবাসের	h a j O t b a sh e r
মৃত্যুপুরী	m ri t t u p u r i
রকেটের	r o k e T e r
ক্যালোরির	k A l O r i r
খামারে	kh a m a r e
ব্রাজিল	br a j i l
উপজেলাধীন	u p O j e l a dh i n
নোটসহ	n O T sh o h O
ছিটকে	chh i T k e
সহিষ্ণুতার	sh o h i shN u t a r
শ্রমিকও	s r O m i k O
শ্যানন	sh A n o n
কালা	k a l a
ট্রিলোজির	T r i l O j i r
স্বপনকে	sh o p O n k e
মাদ্রাসা	m a d r a s a
প্রাচীরে	pr a ch i r e
উম্মাহ	u mm a h
গহর	g o h O r
ইটনা	i T n a
প্রোডাকশন	pr O D a k sh o n
স্ক্যানের	s k A n e r
মার্কশিট	m a r k sh i T
জেলাগুলোতে	j e l a g u l O t e
আম্রপালির	a m r O p a l i r
ন্যাশনালিস্ট	n A sh n a l i s T
স্বাবলম্বী	sh a b O l O mb i
পিকচার্সের	p i k ch a r s e r
ফিরতে	ph i r t e
পানশালা	p a n sh a l a
সমুদ্দুর	sh O m u d d u r
জানিই	j a n i i
নির্ধারক	n i r dh a r O k
গ্রাসের	gr a sh e r
গ্রাস	gr a sh
সোমেশ্বরী	sh O m e sh sh O r i
উত্সর্গ	u t sh o r g O
বেহাল	b e h a l
আত্মশক্তি	a t t O sh O kt i
মিথ্যাবাদী	m i t th a b a d i
বণিকের	b O n i k e r
জাজিরাতুল	j a j i r a t u l
বলবেন	b O l b e n
ইঞ্জেকশনের	i nj e k sh o n e r
কর্মক্ষম	k o r m O kkh o m
পাতাসহ	p a t a sh o h O
প্ল্যান্ট	p l A n T
লবণাক্ততার	l o b O n a kt O t a r
কার্যাবলী	k a r j a b O l i
কিছুও	k i chh u O
ক্রান্তিকাল	kr a nt i k a l
ঘনিষ্ঠরা	gh O n i shTh O r a
পক্ষকে	p O kkh O k e
বিশ্লেষণের	b i s l e sh o n e r
দুম	d u m
সেমিস্টারের	s e m i s T a r e r
অনলে	o n O l e
ব্রাজিলও	br a j i l O
রুস্তমপুর	r u st o m p u r
জলোচ্ছ্বাসে	j o l O ch chh a sh e
হলফ	h o l O ph
ডেক	D e k
প্রতিভা	pr O t i bh a
কর্মকর্তরা	k o r m O k o r t O r a
তারাপুর	t a r a p u r
ফুয়াদ	ph u a d
লিখলেন	l i kh l e n
অধিবাসীকে	O dh i b a sh i k e
আবছার	a b chh a r
অগুনতি	o g u n O t i
স্ক্রিনপ্রিন্ট	s k r i n pr i n T
মেমন	m e m o n
সেনাসদস্য	sh e n a sh o d O sh sh O
শ্রীদেবী	s r i d e b i
হকারের	h o k a r e r
কোম্পানিটি	k O mp a n i T i
প্লেটগুলো	p l e T g u l O
চ্যালেঞ্জার্স	ch A l e nj a r s
হালহকিকত	h a l h O k i k o t
দম্পতিকে	d o mp O t i k e
বুমেরাং	b u m e r a ng
ঢলের	Dh o l e r
রমনা	r o m n a
জমজম	j o m j o m
জঘন্য	j o gh O n n O
করিনা	k O r i n a
রুহির	r u h i r
চর্চার	ch o r ch a r
একপলক	E k p o l O k
খসে	kh O sh e
প্রসাধনীর	pr O sh a dh O n i r
জারি	j a r i
নিম্নবর্ণের	n i m n O b o r n e r
উত্সবের	u t sh o b e r
ক্রেমলিন	kr e m l i n
ধর্মগুরু	dh o r m O g u r u
খুনিকে	kh u n i k e
হ্যাডিন	h A D i n
কিসের	k i sh e r
গণমাধ্যমগুলোতে	g o n O m a d dh o m g u l O t e
নদনদীতে	n o d n O d i t e
প্রিন্সটন	pr i n s T o n
ক্লান্তিকে	kl a nt i k e
চেষ্টাটা	ch e shT a T a
বিচারের	b i ch a r e r
অপহরনের	o p O h o r O n e r
মো	m O
সম্মোহিত	sh o mm O h i t O
উগ্রবাদীদের	u gr O b a d i d e r
গ্রীস	gr i s
এক্সপেরিমেন্টাল	e k s p e r i m e n T a l
পাটের	p a T e r
জাতান	j a t a n
কিনলেন	k i n l e n
ক্র্যাক	k r A k
কিসিমের	k i s i m e r
হেন	h e n O
অভিলাষ	O bh i l a sh
বাগচীর	b a g ch i r
দফাদার	d o ph a d a r
ফ্রুট	ph r u T
ক্যাপিটল	k A p i T o l
মিঠুকে	m i Th u k e
পিরোজপুরে	p i r O j p u r e
কতা	k o t a
বেধে	b e dh e
নির্জনে	n i r j o n e
ওভালে	O bh a l e
কোঠার	k O Th a r
আনেনি	a n e n i
উত্তরণে	u tt O r O n e
গমের	g o m e r
কনভার্টার	k o n bh a r T a r
আচেহ	a ch e h
দিবাকর	d i b a k o r
আজহারুল	a j h a r u l
ভগবৎ	bh o g O b o t
সনির	s o n i r
সরঞ্জামাদির	sh o r O nj a m a d i r
বাদলের	b a d O l e r
সাঁটানো	sh a~ T a n O
আক্রমণকে	a kr O m o n k e
তৎপরতা	t o t p o r O t a
প্রার্থীতা	pr a r th i t a
প্রকাশককে	pr O k a sh o k k e
পিকেকে	p i k e k e
ফারহানা	ph a r h a n a
চ্যাং	ch A ng
দর্শনার্থী	d o r sh O n a r th i
যাত্রাশিল্প	j a tr a sh i l p O
জাহিদুলের	j a h i d u l e r
ডিজিট	D i j i T
শচিন	sh O ch i n
ইসলামীরও	i s l a m i r O
উকিলের	u k i l e r
চাপটা	ch a p T a
মিশনের	m i sh o n e r
সমস্যাগুলো	sh o m O sh sh a g u l O
গাল	g a l
উৎপত্তিস্থলের	u t p O tt i sth o l e r
ফ্যাট	ph A T
প্রচলনও	pr O ch o l O n O
মদপানে	m o d p a n e
বিত্তশালী	b i tt O sh a l i
মোড়ে	m O r e
আলামিন	a l a m i n
শূন্যস্থানের	sh u n n O sth a n e r
নীলু	n i l u
মস্তক	m o st O k
কবি	k O b i
বালাঘাটা	b a l a gh a T a
দুর্বোধ্য	d u r b O d dh O
পাতলু	p a t l u
পরিচালন	p O r i ch a l O n
এডিশনের	e D i sh o n e r
উজ্জীবিত	u j j i b i t O
প্রারম্ভে	pr a r o m bh e
ধনকুবেরের	dh o n k u b e r e r
রোল	r O l
সেন্টারসহ	s e n T a r sh o h O
মরতে	m O r t e
বোতলজাত	b O t O l j a t
উদ্ধৃত	u d dh ri t O
দৃষ্টিকোণ	d ri shT i k O n
উপশহর	u p O sh o h O r
জাতিসংঘের	j a t i sh o ng gh e r
কাঠমান্ডুতে	k a Th m a n D u t e
ক্যাম্পগুলোতে	k A mp g u l O t e
কাষ্ঠল	k a s Th O l
চোটে	ch O T e
মাতুব্বরের	m a t u b b o r e r
হকারদের	h o k a r d e r
মার্টিনের	m a r T i n e r
জারদারি	j a r d a r i
সাজিদকে	sh a j i d k e
খেয়াল	kh e a l
ক্ষুদ্র	kh u d r O
বিপাকে	b i p a k e
মিতালি	m i t a l i
এন্তাজুল	e nt a j u l
ঢুকি	Dh u k i
নিমো	n i m O
ঘূর্ণিতে	gh u r n i t e
কার্জন	k a r j O n
এমনকি	E m O n k i
সাবজেক্ট	s a b j e k T
চোরাচালানী	ch O r a ch a l a n i
মিলাদুন্নবীর	m i l a d u nn O b i r
বুকলেট	b u k l e T
টের	T e r
আংটিও	a ng T i O
সিএজি	s i e j i
আলহামদু	a l h a m d u
নিতম্ব	n i t o mb O
আকাশমণি	a k a sh m O n i
ঘণ্টারও	gh o n T a r O
ফেলত	ph e l t O
আটঘর	a T gh o r
চিত্তে	ch i tt e
শিক্ষাব্যবস্থা	sh i kkh a b A b O sth a
শটটি	sh o T T i
কুচার	k u ch a r
একঝলক	E k jh o l O k
বাথটাব	b a th T a b
উৎসবের	u t sh o b e r
আর্সেনিকযুক্ত	a r s e n i k j u kt O
স্বল্পতার	sh o l p O t a r
এলডি	e l D i
ভাজ	bh a j
পরিমাপের	p O r i m a p e r
ঠিকাদারদের	Th i k a d a r d e r
মুহিদের	m u h i d e r
দরকারই	d o r k a r i
সিলেটে	s i l e T e
বাসরঘর	b a sh O r gh o r
ফুটা	ph u T a
ব্যঞ্জনবর্ণ	b A nj O n b o r n O
রেগুলেশন	r e g u l e sh o n
দৃষ্টিনন্দন	d ri shT i n o nd O n
প্রাসাদের	pr a sh a d e r
প্রতিবন্ধকতার	pr O t i b o ndh O k o t a r
এতজন	E t O j o n
কারণে	k a r O n e
আত্মীয়স্বজনরা	a t t i O sh o j O n r a
শিব	sh i b
পরিবারটি	p O r i b a r T i
স্ক্রিপ্টস	s k r i p T s
এলাচের	e l a ch e r
এরশাদ	e r sh a d
গণি	g O n i
দেশগুলির	d e sh g u l i r
এরফান	e r ph a n
প্রাচুর্যের	pr a ch u r j e r
দান	d a n
নীহাররঞ্জন	n i h a r r o nj O n
মরকেল	m o r k e l
বিতর্কে	b i t o r k e
ভিশন	bh i sh o n
আলেহান্দ্রো	a l e h a ndr O
ক্রিকইনফোর	kr i k i n ph O r
কার্টার	k a r T a r
বিভাজনের	b i bh a j O n e r
আঁকলে	a~ k l e
দিদিমা	d i d i m a
সাম্প্রতি	sh a m p r O t i
বেঞ্চমার্ক	b e nch m a r k
ধর্মকে	dh o r m O k e
তসলিম	t O s l i m
জ্বেলে	j e l e
নামাটা	n a m a T a
দেবোত্তর	d e b O tt O r
হ্যামার	h A m a r
জন্ডিসে	j o n D i s e
লবিতে	l o b i t e
গলফার	g o l ph a r
করীম	k O r i m
ব্যাস্ত	b A st O
নাগাল্যান্ডের	n a g a l A n D e r
লেখাতে	l e kh a t e
ঘটনাবলী	gh o T O n a b O l i
প্রভাবশালীরা	pr O bh a b sh a l i r a
কোকিলা	k O k i l a
হেল্প	h e l p
একটিরও	e k T i r O
অজিত	o j i t
চান্দের	ch a nd e r
চালনার	ch a l O n a r
কাজের	k a j e r
শপিং	sh o p i ng
সূচিকর্ম	sh u ch i k o r m O
ব্যভিচার	b A bh i ch a r
ঢাবি	Dh a b i
ধরেছে	dh O r e chh e
আনন্দও	a n O nd O O
অবকাশে	o b O k a sh e
পিপিপি	p i p i p i
বর্গফুটের	b o r g O ph u T e r
স্বত্ত্ব	sh o t t O
অর্গের	o r g e r
শ্রমে	s r o m e
মেদিনীপুরে	m e d i n i p u r e
ভাষাবিদ	bh a sh a b i d
দাউদকান্দি	d a u d k a nd i
ব্যাটসম্যানকে	b A T s m A n k e
লিমা	l i m a
নাহিদের	n a h i d e r
মাচা	m a ch a
রিফাতকে	r i ph a t k e
দেনার	d e n a r
মোর	m O r
পূর্বানুমান	p u r b a n u m a n
ভাবছিলাম	bh a b chh i l a m
জ্বালাতে	j a l a t e
সাতকর্ণী	sh a t k O r n i
এফডিসিতে	e ph D i s i t e
কাগজে	k a g O j e
নিরূপণ	n i r u p o n
লাঠিখেলার	l a Th i kh e l a r
গালগল্প	g a l g o l p O
স্বজনেরা	sh o j O n e r a
টপসের	T o p s e r
বাগদাদী	b a g d a d i
ডাণ্ডা	D a n D a
ল্যান্ডস্কেপ	l A n D s k e p
নিশির	n i sh i r
দামেস্কের	d a m e s k e r
অবলম্বনের	o b O l o mb O n e r
চুক	ch u k
জবুথবু	j O b u th O b u
জীবনব্যাপী	j i b O n b A p i
বাসেত	b a s e t
বান্ধবীকে	b a ndh O b i k e
জাঁকজমকপূর্ণ	j a~ k j o m O k p u r n O
জেদ্দা	j e d d a
নদীগুলো	n O d i g u l O
ইরান	i r a n
ডেজ	D e j
রাজনীতিবিদদের	r a j n i t i b i d d e r
মহাদেশের	m o h a d e sh e r
জীবনরহস্য	j i b o n r o h O sh sh O
পাত্রীদের	p a tr i d e r
কৃতী	k ri t i
ভাষ্যকার	bh a sh sh O k a r
পদদলিত	p o d O d O l i t O
সেন্সরবোর্ডের	s e n s O r b O r D e r
সংগীতের	sh O ng g i t e r
বিসিকের	b i s i k e r
করেছিলুম	k O r e chh i l u m
হাঁটাচলা	h a~ T a ch o l a
মেলতে	m e l t e
ছবিযুক্ত	chh O b i j u kt O
এপি	e p i
বিশ্বব্যাংকের	b i sh sh O b A ng k e r
আলসেমি	a l sh e m i
টিভিনাটকে	T i bh i n a T O k e
চ্যাটার্জি	ch A T a r j i
স্বতঃস্ফূর্ততা	s o t O s ph u r t O t a
কোর্সটা	k O r s T a
বছরটা	b o chh O r T a
পেট্রোলবোমা	p e T r O l b O m a
ক্লিনটনের	kl i n T o n e r
কলোনি	k o l O n i
ভিগোর	bh i g O r
প্রযোজন	pr O j O j o n
ভারসাম্যহীন	bh a r sh a m m O h i n
ডিশের	D i sh e r
সাধুবাদ	sh a dh u b a d
ভোকাল	bh O k a l
মূত্রথলির	m u tr O th O l i r
সন্ধ্যাকালীন	sh O n dh a k a l i n
সেজন্যে	sh e j o n n e
হরিণাকুণ্ডু	h O r i n a k u n D u
পাটনা	p a T n a
দুঃস্থদের	d u sth O d e r
অত্যধিক	O t t O dh i k
পূর্ণদিবস	p u r n O d i b o sh
বাজাজের	b a j a j e r
বিএমসি	b i e m s i
এফিডেভিট	e ph i D e bh i T
গাঙের	g a ng e r
মুক্তিসংগ্রামে	m u kt i sh o ng gr a m e
রকিবুল	r O k i b u l
আশাহত	a sh a h o t O
ধ্যানে	dh A n e
চোরাবালিতে	ch O r a b a l i t e
উদ্দীনের	u d d i n e r
দুর্ঘটনাবশত	d u r gh o T O n a b o sh O t O
ভাষাবিজ্ঞানের	bh a sh a b i g g a n e r
গাবোরোন	g a b O r O n
টিন্টো	T i n T O
ট্র্যাজেডি	T r a j e D i
দলভুক্ত	d o l bh u kt O
আমরান	a m r a n
সখের	sh o kh e r
কাটুক	k a T u k
সাজেশন	s a j e sh o n
কিরন	k i r O n
ভোটারযোগ্য	bh O T a r j O g g O
সেমিনারও	s e m i n a r O
সফিউল	sh O ph i u l
খাদিজার	kh a d i j a r
ফেলানী	ph e l a n i
শাহাবুদ্দিনের	sh a h a b u d d i n e r
অন্যমেলা	O n n O m e l a
সুমেরু	sh u m e r u
হাঁপা	h a~ p a
উদ্ভাবন	u d bh a b o n
পারিব	p a r i b O
ভেনেজুয়েলার	bh e n e j u e l a r
আসন	a sh O n
এমএলএম	e m e l e m
বিশ্বস্বাস্থ্য	b i sh sh O sh a sh th O
সেটিংসের	sh e T i ng sh e r
স্বর্ণের	sh o r n e r
দা	d a
অংশীদার	O ng sh i d a r
ভাজার	bh a j a r
কাজই	k a j i
বিচ্ছিন্নতাবাদীরা	b i ch chh i nn O t a b a d i r a
দ্বিখণ্ডিত	d i kh O n D i t O
মাকসুদা	m a k s u d a
বেরোলাম	b e r O l a m
জেনা	j e n a
পরম	p o r O m
ফারজানাকে	ph a r j a n a k e
বিশালতার	b i sh a l o t a r
যাত্রাদলের	j a tr a d o l e r
ব্যাণ্ডদল	b A n D d o l
উম্মাহর	u mm a h r
শ্বাসনালীতে	sh a sh n a l i t e
সান্তিয়াগো	s a nt i a g O
কাসেমী	k a sh e m i
বচনে	b o ch O n e
ওভারটেকিং	O bh a r T e k i ng
হাউসগুলোতে	h a u s g u l O t e
পাঁচেক	p a~ ch e k
ফারইস্ট	ph a r i s T
নেশন	n e sh o n
ম্যারাডোনাকে	m A r a D O n a k e
নাপোলি	n a p O l i
শাহাবুদ্দিন	sh a h a b u d d i n
শিখা	sh i kh a
অভাবকে	o bh a b k e
বাড্ডা	b a D D a
হিন্দুত্ব	h i nd u tt O
কুর্দিরা	k u r d i r a
টেরেসা	T e r e s a
জিওমির	j i O m i r
প্রশ্নসাপেক্ষ	pr O sh n O sh a p e kkh O
তাঁকেসহ	t a~ k e sh o h O
নভেল	n O bh e l
কালীপূজা	k a l i p u j a
মিন্ট	m i n T
গর্ভকালে	g o r bh O k a l e
আদনানের	a d n a n e r
ভুলতে	bh u l t e
পৃথক	p ri th O k
নোলান	n O l a n
চকলেট	ch o k l e T
অন্যরা	O n n O r a
ঘটনার	gh o T O n a r
পীঠস্থান	p i Th sth a n
মাদকাসক্তদের	m a d O k a sh o kt O d e r
কুনাল	k u n a l
ক্রেতাশূন্য	kr e t a sh u n n O
বাকশাল	b a k sh a l
চব্বিশ	ch O b b i sh
বানরদের	b a n O r d e r
নাফীস	n a ph i s
তারকাই	t a r O k a i
ব্যক্তিত্বসম্পন্ন	b e kt i tt O sh o mp O nn O
রোগটিকে	r O g T i k e
শিখবে	sh i kh b e
ফেরদাউস	ph e r d a u s
সর্বশান্ত	sh o r b O sh a nt O
সুন্নাতের	s u nn a t e r
চূড়ান্ত	ch u r a nt O
ব্যাগও	b A g O
ড্রাগস	D r a g s
কারাভোগের	k a r a bh O g e r
দিনও	d i n O
প্রাক্কালে	pr a k k a l e
লিখ	l i kh O
মিল্ক	m i l k
প্রাচীনকাল	pr a ch i n k a l
অবশ্যপাঠ্য	o b O sh sh O p a T Th O
গ্রহকে	gr O h O k e
নোনা	n O n a
থানাকে	th a n a k e
গার্ল	g a r l
রিলি	r i l i
অলিভার	o l i bh a r
কম্বলের	k o mb O l e r
পরিকল্পনার	p O r i k o l p O n a r
পিরিচ	p i r i ch
অনিকেত	o n i k e t
ভোটদানে	bh O T d a n e
প্রপাত	pr O p a t
সেকারণে	sh e k a r O n e
প্রাসাদে	pr a sh a d e
শ্রমশক্তিতে	s r O m O sh O kt i t e
প্রোগ্রামিং	pr O gr a m i ng
উন্মাদের	u n m a d e r
মেথড	m e th o D
টিং	T i ng
এপ্রিল	e pr i l
এলাকাকে	e l a k a k e
কোনরূপ	k O n O r u p
লেখাটির	l e kh a T i r
শ্রীলংকাকে	s r i l o ng k a k e
নিদ্রাহীনতা	n i d r a h i n O t a
সুদূর	sh u d u r
বাশার	b a sh a r
ম্যাগ	m A g
নির্মাণশ্রমিক	n i r m a n s r O m i k
চাপের	ch a p e r
আকসুর	a k s u r
খেজুরের	kh e j u r e r
প্রেরণের	pr e r O n e r
ফলসহ	ph o l sh o h O
কাকু	k a k u
নেতৃত্বশূন্য	n e t ri tt O sh u n n O
তন্দ্রা	t o ndr a
অমান্যকারীদের	o m a n n O k a r i d e r
প্রসার	pr O sh a r
বিজ্ঞানসম্মত	b i g g a n sh o mm O t O
উদিত	u d i t O
চাহিদাকে	ch a h i d a k e
প্রভাবশালীর	pr O bh a b sh a l i r
স্থাপন	sth a p O n
করো	k o r O
তাখতে	t a kh t e
হাফসিল্ক	h a ph s i l k
সেলিব্রেশন	s e l i br e sh o n
মিনি	m i n i
নারি	n a r i
লোরকার	l O r k a r
আজকাল	a j k a l
পাতিল	p a t i l
জানাবার	j a n a b a r
হুড	h u D
গার্মেন্টসে	g a r m e n T s e
বীথির	b i th i r
ডাকবে	D a k b e
বেরুনোর	b e r u n O r
দুরুল	d u r u l
রত্নেশ্বর	r o t n e sh sh o r
ম্যাচটিকে	m A ch T i k e
হ্যাট্রিক	h A T r i k
শেভিং	sh e bh i ng
শাহনামা	sh a h n a m a
রোজাদাররা	r O j a d a r r a
ঢিলেঢালাভাবে	Dh i l e Dh a l a bh a b e
মিনার	m i n a r
রিগা	r i g a
সংশোধনী	sh o ng sh O dh O n i
দিবসটিতে	d i b o sh T i t e
পেপসিকো	p e p s i k O
রিলিজের	r i l i j e r
বলধা	b o l dh a
আমতা	a m t a
বহন	b o h O n
সাঁ	sh a~
অতো	o t O
দবিরুল	d O b i r u l
শিক্ষাপদ	sh i kkh a p o d
বন্ধের	b o ndh e r
ইচ্ছাটা	i ch chh a T a
সংগত	sh o ng g o t O
সাইডের	s a i D e r
রাজশাহীতে	r a j sh a h i t e
এককালে	E k k a l e
রোবট	r O b O T
চিকিত্সক	ch i k i t sh o k
চপের	ch o p e r
দ্বন্দ্বও	d o n d O O
অভ্যাসকে	o b bh a sh k e
গাছটি	g a chh T i
মাজহার	m a j h a r
শরাফী	sh o r a ph i
ধারাভাষ্যের	dh a r a bh a sh sh e r
প্রথমবারে	pr O th O m b a r e
বাগি	b a g i
শিতি	sh i t i
গুরুত্ব	g u r u tt O
গাদা	g a d a
ভরিতে	bh O r i t e
বিভ্রাট	b i bh r a T
ইশান	i sh a n
ডিসকোর্সের	D i s k O r s e r
সিকান্দর	s i k a nd O r
সংগৃহীত	sh o ng g ri h i t O
সচকিত	sh o ch O k i t O
অভিবাসনের	O bh i b a sh O n e r
রমেক	r o m e k
নামাযের	n a m a j e r
আঁখির	a~ kh i r
মহারানি	m o h a r a n i
ডেম	D E m
বস্ত্রশিল্প	b o s t r O sh i l p O
কামরুজ্জামান	k a m r u j j a m a n
দূরত্বে	d u r O tt e
স্ট্যান্ডিং	s T A n D i ng
দখলদারের	d o kh O l d a r e r
বিপিসির	b i p i s i r
প্রযোজকেরা	pr O j O j O k e r a
ধরণীর	dh o r O n i r
ফাঁকিবাজ	ph a~ k i b a j
লুকাস	l u k a s
স্বরূপে	sh O r u p e
চুক্তিপত্রে	ch u kt i p o tr e
পালং	p a l O ng
ভূমিহীন	bh u m i h i n
বকুলতলার	b O k u l t o l a r
নম্বরটিও	n o mb O r T i O
হাহাহা	h a h a h a
বৃষ্টিও	b ri shT i O
স্থাপনকারীদের	sth a p O n k a r i d e r
জ্বালানোর	j a l a n O r
শিখলেন	sh i kh l e n
কুফর	k u ph O r
সারাতেও	sh a r a t e O
অটোরিকশাসহ	o T O r i k sh a sh o h O
প্রথাগত	pr O th a g o t O
সরবরাহকারীর	sh o r b o r a h O k a r i r
অনুপ্রবেশকারী	O n u pr O b e sh k a r i
জমির	j O m i r
চিরচেনা	ch i r O ch e n a
করেন	k o r e n
অস্কার	o s k a r
বিমানগুলো	b i m a n g u l O
বার্তাঃ	b a r t a
মানজারুল	m a n j a r u l
ছেলেটিও	chh e l e T i O
এক্সোর	e k s O r
হাঁটার	h a~ T a r
বেদি	b e d i
নগরে	n o g O r e
পিতৃভূমি	p i t ri bh u m i
বন্য	b O n n O
বিলাসে	b i l a sh e
উচ্চক্ষমতাসম্পন্ন	u ch ch O kh o m O t a sh o mp O nn O
স্টেটকে	s T e T k e
সুখ্যাতি	sh u k kh A t i
পাঙাশ	p a ng a sh
কাঠমান্ডুর	k a Th m a n D u r
একাংশ	E k a ng sh O
জরাজীর্ণ	j o r a j i r n O
গোসলখানা	g O s O l kh a n a
শাসনভার	sh a sh O n bh a r
সংবাদপত্রগুলো	sh o ng b a d p o tr O g u l O
দেখাদেখি	d E kh a d e kh i
ধন্দে	dh o nd e
নারীবাদীদের	n a r i b a d i d e r
কাবিলের	k a b i l e r
চিরকালই	ch i r O k a l i
তিকর	t i k O r
পাম্পে	p a mp e
প্রাপ্তিযোগ	pr a p t i j O g
অরফানেজ	o r ph a n e j
সবদিকে	sh o b d i k e
ইংরেজিতে	i ng r e j i t e
যেত	j e t O
মহাভারতের	m o h a bh a r O t e r
নিকট	n i k o T
জাগরণে	j a g O r O n e
বিমানটির	b i m a n T i r
সাজ্জাদ	s a j j a d
ক্রিজে	kr i j e
জুলেখার	j u l e kh a r
করছেন	k O r chh e n
দানের	d a n e r
রোধকল্পে	r O dh k o l p e
ফেনা	ph E n a
স্বাগতা	sh a g O t a
চক্ষুশূল	ch O kkh u sh u l
আযমের	a j O m e r
সেদেশের	sh e d e sh e r
চিকিৎসকেরা	ch i k i t sh o k e r a
পেন্ডুলামের	p e n D u l a m e r
স্নানের	sn a n e r
তাসিফ	t a s i ph
পাপী	p a p i
সিলভারের	s i l bh a r e r
জর্জো	j o r j O
ড্রিবল	D r i b o l
সম্মতির	sh o mm O t i r
দ্রব্যের	d r O b b e r
সার্চে	s a r ch e
ব্যাকুলতা	b A k u l o t a
রাধারমণের	r a dh a r o m O n e r
ঝোপের	jh O p e r
ত্রিমুকুট	tr i m u k u T
ফিরছিলেন	ph i r chh i l e n
প্রধানমন্ত্রীও	pr O dh a n m O n t r i O
চুন	ch u n
লাইভে	l a i bh e
বিশেষজ্ঞেরা	b i sh e sh o g g e r a
শান্তা	sh a nt a
অপারেশনস	o p a r e sh o n s
বাস্তবিকই	b a st O b i k i
লিকার	l i k a r
জীবজন্তুর	j i b j O nt u r
জিপিএর	j i p i e r
জর্জের	j o r j e r
নবাবপুরে	n o b a b p u r e
হাতিরঝিলে	h a t i r jh i l e
হতেন	h O t e n
এলিটার	e l i T a r
বগলে	b o g O l e
দোহা	d O h a
বিদেহী	b i d e h i
নবাবগঞ্জের	n o b a b g o nj e r
কিসিঞ্জারের	k i s i nj a r e r
বিষ	b i sh
রাজপুত্তুর	r a j p u tt u r
দ্রুতবিচার	d r u t O b i ch a r
ডেকেছিল	D e k e chh i l O
কর্মকর্তাদেরও	k o r m O k o r t a d e r O
গুজমান	g u j m a n
সাগরের	sh a g O r e r
ট্রলারটিতে	T r o l a r T i t e
গোপীবাগের	g O p i b a g e r
কেন্ট	k e n T
শক	sh o k
মরলে	m O r l e
কাপল	k a p o l
তাদেরও	t a d e r O
বেফাক	b e ph a k
বাজলে	b a j l e
তাঁরে	t a~ r e
বাকু	b a k u
ইন্টেলিজেন্সের	i n T e l i j e n s e r
কদরে	k o d O r e
একজাতীয়	E k j a t i y O
সাফল্যে	sh a ph O l l e
আবেগঘন	a b e g gh o n O
জবেদা	j o b e d a
মিলতো	m i l t O
শাহাজান	sh a h a j a n
কর্মজীবীদের	k o r m O j i b i d e r
সাহায্যপ্রার্থীর	sh a h a j j O pr a r th i r
রণক্ষেত্র	r o n O kh e t r O
স্টারডাস্ট	s T a r D a s T
মোশতাকের	m O sh t a k e r
ঝঞ্ঝাট	jh o n jh a T
জের	j e r
ক্রোমোজম	kr O m O j O m
ভোটাররাও	bh O T a r r a O
কাপাসিয়ার	k a p a sh i a r
ফকনারের	ph o k n a r e r
ডুবল	D u b l O
ইন্দ্রজিৎ	i ndr O j i t
ব্লকের	bl o k e r
আনছি	a n chh i
সীমান্তরক্ষীদের	sh i m a nt O r O kkh i d e r
টুনা	T u n a
জগলুলের	j O g l u l e r
মহাতারকা	m o h a t a r O k a
আম্বানির	a mb a n i r
যারা	j a r a
তামিমও	t a m i m O
আফরিন	a ph r i n
সুধীরকে	sh u dh i r k e
ফটোকপির	ph o T O k O p i r
সদস্যের	sh o d O sh sh e r
ঝাপটা	jh a p T a
বোরকার	b O r k a r
সীম	sh i m
ইয়ার্ড	i a r D
শ্রীবৃদ্ধি	s r i b ri d dh i
তল্পিতল্পা	t O l p i t o l p a
কিংসের	k i ng s e r
ইব্রাহিমের	i br a h i m e r
তারওপর	t a r O p O r
দৃশ্যধারণ	d ri sh sh O dh a r O n
সর্বমহলে	sh o r b O m o h O l e
রেডিওর	r e D i O r
দিদারের	d i d a r e r
ভাবে	bh a b e
বিক্রমপুরে	b i kr o m p u r e
পার্থক্যের	p a r th O k k e r
নিরূপন	n i r u p o n
তান্ত্রিক	t a n t r i k
একবছর	E k b o chh O r
মানবসৃষ্ট	m a n O b s ri shT O
টুডে	T u D e
শেষটা	sh e sh T a
দীঘির	d i gh i r
এডেনে	e D e n e
বিনোদনকেন্দ্রে	b i n O d o n k e ndr e
ত্রিকোণমিতি	tr i k O n O m i t i
রহিম	r O h i m
প্রেমী	pr e m i
জাদুকর	j a d u k o r
ব্যাটিংই	b A T i ng i
নাসিরুল	n a s i r u l
প্রলোভনের	pr O l O bh O n e r
শিল্ডের	sh i l D e r
সুসংবদ্ধ	sh u sh o ng b o d dh O
শুকতারা	sh u k t a r a
রাজ্যটিতে	r a j j O T i t e
ডকুমেন্ট	D o k u m e n T
মাহমুদা	m a h m u d a
মিরপুরসহ	m i r p u r sh o h O
যাত্রীসেবা	j a tr i sh e b a
ডুগডুগি	D u g D u g i
চাভি	ch a bh i
ছেলেবেলার	chh e l e b e l a r
এবনে	e b O n e
একমত	E k m o t
খেমার	kh e m a r
বেতনভাতা	b e t O n bh a t a
লোকদেরও	l O k d e r O
বিষাদগ্রস্ত	b i sh a d gr O st O
সানচেস	s a n ch e s
বেতনকাঠামোর	b e t O n k a Th a m O r
নিম্নমধ্যবিত্ত	n i m n O m O d dh O b i tt O
যোগাযোগব্যবস্থা	j O g a j O g b A b O sth a
ক্লিপের	kl i p e r
ইনবক্স	i n b o k s
সেন	sh e n
কুকুরটি	k u k u r T i
একাদশতম	E k a d o sh t o m O
অপটিক্যাল	o p T i k A l
উঠান	u Th a n
লোকসঙ্গীত	l O k O sh O ngg i t
রোহিনী	r O h i n i
ঝুঁকিমুক্ত	jh u~ k i m u kt O
খুকি	kh u k i
ইনিংসটাকে	i n i ng s T a k e
বিশ্বনন্দিত	b i sh sh O n O nd i t O
ইনফর্ম	i n ph o r m
অবকাশই	o b O k a sh i
সোহাগ	sh O h a g
অবস্ট্রাকটিভ	o b s T r a k T i bh
চুলকাতে	ch u l k a t e
জারিফ	j a r i ph
সোচ্চার	sh O ch ch a r
ব্লাক	bl a k
শিকলে	sh i k o l e
দিতেছি	d i t e chh i
সিমা	sh i m a
বাবরি	b a b r i
পরিকল্পনামন্ত্রী	p O r i k o l p O n a m O n t r i
লিখি	l i kh i
স্থল	sth o l
প্রণেতা	pr O n e t a
দেশি	d e sh i
বিদ্যুৎবিহীন	b i d d u t b i h i n
কদর্য	k o d O r j O
ফুলেফেঁপে	ph u l e ph e~ p e
ধনসম্পদের	dh o n sh o mp o d e r
রডোপিস	r o D O p i s
জমকালো	j o m k a l O
সেলুনের	s e l u n e r
ক্যানভাসে	k A n bh a s e
ওষুধগুলোর	O sh u dh g u l O r
লুৎফরের	l u t ph o r e r
মারাঠি	m a r a Th i
কাঙ্ক্ষিত	k a ng kh i t O
বঞ্চিতদের	b O nch i t O d e r
সমন্বিতভাবে	sh o m O n n i t O bh a b e
উসমানিয়া	u s m a n i a
অসুখের	o sh u kh e r
থার্টি	th a r T i
নির্বাহীকে	n i r b a h i k e
কাতরাচ্ছে	k a t r a ch chh e
সুমীর	sh u m i r
ফুকুশিমার	ph u k u sh i m a r
অনুষ্ঠানরত	O n u shTh a n r o t O
সাঁতরাতে	sh a~ t r a t e
শেবাগের	sh e b a g e r
বোনে	b O n e
বাসন	b a sh O n
ভোকেশনাল	bh O k e sh o n a l
সহজতম	sh o h O j t o m O
বর্ণনার	b o r n O n a r
শর্তাবলী	sh o r t a b O l i
দম	d o m
নকআউটে	n o k a u T e
স্কোরে	s k O r e
দেবগনের	d e b g o n e r
পিতৃ	p i t ri
হাটতে	h a T t e
নেতানেত্রীদের	n e t a n e tr i d e r
অপকর্ম	o p O k o r m O
নামায	n a m a j
জারিগানের	j a r i g a n e r
দীপক	d i p o k
ধর্ষণকারীদের	dh o r sh O n k a r i d e r
অন্তর্ভুক্তিতে	o nt O r bh u kt i t e
চারটিতে	ch a r T i t e
উচ্চতম	u ch ch O t o m O
অগ্রগতিতে	o gr O g O t i t e
রোরো	r O r O
ক্যারিশমা	k A r i sh m a
সংস্কৃতিমনা	sh o ng s k ri t i m o n a
মুর্তজাকে	m u r t O j a k e
পারব	p a r b O
সোহাগা	sh O h a g a
কাপকেক	k a p k e k
ডকে	D o k e
মনোরঞ্জন	m O n O r o nj O n
সংখ্যাকে	sh o ng kh a k e
দুর্যোধন	d u r j O dh o n
ইকসিডে	i k s i D e
খরপার্টির	kh o r p a r T i r
হ্যালসল	h A l s o l
মাদকাসক্ত	m a d O k a sh O kt O
ব্যানারের	b A n a r e r
পশ্চিমবাংলার	p O sh ch i m b a ng l a r
মাঝমাঠ	m a jh m a Th
নারীও	n a r i O
রহমতগঞ্জের	r o h O m o t g o nj e r
নীরজা	n i r j a
আবহ	a b o h O
মহররম	m o h O r r o m
হাটিকুমরুল	h a T i k u m r u l
এগারসিন্দুর	E g a r O sh i nd u r
সালাহ	s a l a h
গণপ্রতিনিধিত্ব	g o n O pr O t i n i dh i tt O
বার্গারের	b a r g a r e r
পেয়েছি	p e y e chh i
কষ	k o sh
শরাফত	sh o r a ph o t
আসলামের	a s l a m e r
নির্ঝর	n i r jh o r
চম্পট	ch o mp o T
স্বরাষ্ট্রসচিব	sh o r a sh T r O sh O ch i b
ইলেকশনে	i l e k sh o n e
অপরিচিত	o p O r i ch i t O
বকশীবাজার	b O k sh i b a j a r
হামাক	h a m a k
খাদ্যনালিতে	kh a d d O n a l i t e
সমীচীন	sh O m i ch i n
সম্পৃক্তদের	sh o m p r i k t O d e r
শ্রদ্ধা	s r O d dh a
বিচ্ছুরিত	b i ch chh u r i t O
ফেরেল	ph e r e l
মিলি	m i l i
ফরম্যাটের	ph o r m A T e r
বিলাসিতা	b i l a sh i t a
দূরীকরণ	d u r i k o r O n
বুজুর্গ	b u j u r g O
ক্যানোপি	k A n O p i
গৃহকর্ত্রী	g ri h O k O r t r i
শুনেছিলাম	sh u n e chh i l a m
ফরমান	ph o r m a n
আউন্সপ্রতি	a u n s pr O t i
রাশি	r a sh i
মধুবালার	m O dh u b a l a r
মার্তুনিস	m a r t u n i s
যুগলের	j u g O l e r
উপকার	u p O k a r
ট্রেতে	T r e t e
বাজালেন	b a j a l e n
শরীফুল	sh O r i ph u l
প্লাস্টার	p l a s T a r
চাচাশ্বশুর	ch a ch a sh O sh u r
কাবাকে	k a b a k e
পার্টিকেল	p a r T i k e l
মূর্খতা	m u r kh O t a
জাকিউর	j a k i u r
গলফারদের	g o l ph a r d e r
বাটনটি	b a T O n T i
ওঠানো	O Th a n O
আত্মসাত	a t t O sh a t
বাকৃবির	b a k ri b i r
কাঠিন্য	k a Th i n n O
লোকসংস্কৃতি	l O k O sh o ng s k ri t i
ঘোষণাকরেন	gh O sh O n a k o r e n
নকশার	n o k sh a r
এঁটে	e~ T e
পরিচালককে	p O r i ch a l O k k e
ভুগছি	bh u g chh i
সর্বোচ্চটা	sh o r b O ch ch O T a
উল্টাপাল্টা	u l T a p a l T a
গুরুত্ববহ	g u r u tt O b o h O
ব্যপারে	b A p a r e
পারনেল	p a r n e l
যেথা	j e th a
কাটত	k a T t O
মেলোডিনির্ভর	m e l O D i n i r bh o r
ভাসালেন	bh a sh a l e n
কিতাব	k i t a b
নিশ্চিন্তপুর	n i sh ch i nt O p u r
নিষ্পত্তির	n i sh p O tt i r
গোঙানির	g O ng a n i r
মাংসাশী	m a ng sh a sh i
গ্রেপ্তারদের	gr e p t a r d e r
ভাবনাও	bh a b n a O
রিচ	r i ch
সাহাবুদ্দিনের	sh a h a b u d d i n e r
তৃণমূল	t ri n O m u l
পারিশ্রমিকও	p a r i s r O m i k O
সামিনা	s a m i n a
আসারও	a sh a r O
সিএসএ	s i e s e
লোটার	l O T a r
থাকতাম	th a k t a m
দেবদেবীর	d e b d e b i r
এমিলিকে	e m i l i k e
বেলকুচি	b e l k u ch i
মূল্যবৃদ্ধি	m u l l O b ri d dh i
ব্লগারের	bl o g a r e r
এভারেস্টশৃঙ্গ	e bh a r e s T s ri ngg O
হত্যাযজ্ঞের	h O t t a j o g g e r
চরফ্যাশনের	ch o r ph A sh o n e r
হর্টিকালচার	h o r T i k a l ch a r
রুমালের	r u m a l e r
কোরআন	k O r a n
অনন্যা	o n O n n a
দেখার	d E kh a r
ভিক্ষুককে	bh i kkh u k k e
উপকূলে	u p O k u l e
ডানার	D a n a r
পরাবেন	p o r a b e n
কমিটিকে	k o m i T i k e
ওনার্স	O n a r s
স্তন	st o n
বিত্তবান	b i tt O b a n
আগষ্ট	a g O s T
দখলের	d o kh O l e r
মুগ্ধতার	m u g dh O t a r
ফকির	ph O k i r
ফেলু	ph e l u
ফুটো	ph u T O
ঠ্যাং	Th A ng
চাকতির	ch a k t i r
কমলালেবুর	k o m l a l e b u r
নগরকান্দা	n o g O r k a nd a
শীঘ্র	sh i gh r O
টুকেরবাজার	T u k e r b a j a r
ইশকুলে	i sh k u l e
বন্ধুত্বটা	b O ndh u tt O T a
ইকবাল	i k b a l
আসবাবে	a sh b a b e
আলপনা	a l p O n a
দোকানপাটে	d O k a n p a T e
মালতি	m a l O t i
কার্টিজ	k a r T i j
বিক্ষুব্ধ	b i kkh u b dh O
ব্যাজ	b A j
হাশমির	h a sh m i r
তাজুল	t a j u l
বার্তাটি	b a r t a T i
মাহাবুবুল	m a h a b u b u l
সার্জেন্টদের	s a r j e n T d e r
জাম্বুরা	j a mb u r a
আঁধারে	a~ dh a r e
চাঁদাবাজরা	ch a~ d a b a j r a
খাদ্যে	kh a d d e
গেজেট	g e j e T
সুনসান	sh u n sh a n
সাধুদের	sh a dh u d e r
রুটগুলোর	r u T g u l O r
শোবেন	sh O b e n
ফেদেরারকে	ph e d e r a r k e
কৃষকেরা	k ri sh o k e r a
তেজিভাব	t e j i bh a b
ভ্রূণের	bh r u n e r
তোলার	t O l a r
শ্রমজীবী	s r O m O j i b i
উন	u n
জনগুরুত্বপূর্ণ	j o n O g u r u tt O p u r n O
জিহাদকে	j i h a d k e
মাদ্রাজি	m a d r a j i
বিভাগের	b i bh a g e r
অর্থের	o r th e r
জুটবে	j u T b e
আবিরের	a b i r e r
নিশ্চুপ	n i sh ch u p
মুক্তিপ্রাপ্ত	m u kt i pr a p t O
অপরাধ	o p O r a dh
সংবাদপত্রকে	sh o ng b a d p o tr O k e
মিশুর	m i sh u r
জাতিকে	j a t i k e
অনুশীলনীর	O n u sh i l O n i r
নদীই	n O d i i
বিড়ালের	b i r a l e r
এতগুলো	E t O g u l O
সমীক্ষাটি	sh O m i kkh a T i
বিশ্লেষকেরা	b i s l e sh o k e r a
কাজেরই	k a j e r i
বিষহীন	b i sh h i n
লেজটি	l e j T i
বিপরীতে	b i p O r i t e
হুমানা	h u m a n a
নিরবিচ্ছিন্ন	n i r O b i ch chh i nn O
করনি	k o r O n i
বিপন্ন	b i p o nn O
প্রতিষ্ঠানেরও	pr O t i shTh a n e r O
চরফ্যাশনে	ch o r ph A sh o n e
ঘুরতেন	gh u r t e n
মোটের	m O T e r
মুহুর্তের	m u h u r t e r
মানা	m a n a
মৃৎ	m ri t
সাপকে	sh a p k e
সেলফোন	s e l ph O n
ক্ষেতলাল	kh e t l a l
সংগঠনও	sh o ng g o Th O n O
সুষমাকে	sh u sh m a k e
নেতৃবৃন্দ	n e t ri b ri nd O
সারেন্ডার	s a r e n D a r
টেলিযোগাযোগ	T e l i j O g a j O g
আসবি	a sh b i
মালিকরা	m a l i k r a
আচরণ	a ch O r O n
সলিম	s O l i m
টেনেটুনে	T e n e T u n e
মেরু	m e r u
রিমুভ	r i m u bh
আহমদসহ	a h m o d sh o h O
ক্যানসার	k A n s a r
মোদীর	m O d i r
ফিও	ph i O
জুটমিল	j u T m i l
বাহিনীগুলো	b a h i n i g u l O
উম্মুক্ত	u mm u kt O
ব্যানারে	b A n a r e
রাখতাম	r a kh t a m
চার্লির	ch a r l i r
বরবটি	b o r b O T i
বন্দিদের	b O nd i d e r
আনলেন	a n l e n
দধি	d O dh i
জনবল	j o n O b o l
রুষ্ট	r u shT O
মারফি	m a r ph i
বিসিজি	b i s i j i
বোর্ডগুলোর	b O r D g u l O r
সন্ত্রাসীসহ	sh o n t r a sh i sh o h O
উদ্যোগের	u d d O g e r
ফ্রিকিকে	ph r i k i k e
মালিকানার	m a l i k a n a r
অবসরকালীন	o b O sh o r k a l i n
সামগ্রীতে	sh a m O gr i t e
ক্ষারযুক্ত	kh a r j u kt O
যক্ষ্মার	j o kkh a r
অশনিসংকেত	o sh O n i sh o ng k e t
ক্বারী	k a r i
সাংবিধানিক	sh a ng b i dh a n i k
শোনানো	sh O n a n O
সোর্স	sh O r s
উপদেশমূলক	u p O d e sh m u l O k
অর্থঋণ	o r th O r i n
স্থলে	sth o l e
লাইফস্টাইলের	l a i ph s T a i l e r
জ্বলজ্বলে	j o l j o l e
গ্যাস্ট্রিকজনিত	g A s T r i k j O n i t O
ধুলাবালিতে	dh u l a b a l i t e
বিমানবন্দরটি	b i m a n b o nd O r T i
চেস্ট	ch e s T
প্লুরাল	p l u r a l
অজ্ঞাত	o g g a t O
মেলান	m e l a n
রুজভেল্ট	r u j bh e l T
লিপগ্লস	l i p g l O s
স্ত্রীবাচক	s t r i b a ch O k
বিড়ালগুলো	b i r a l g u l O
আদর্শকে	a d O r sh O k e
প্রসারী	pr O sh a r i
হিরানির	h i r a n i r
গোবরের	g O b O r e r
বাবুও	b a b u O
শ্যালককে	sh A l O k k e
লেম্যান	l e m A n
যথারীতি	j o th a r i t i
ব্রেন্ট	br e n T
গুয়াতেমালা	g u a t e m a l a
নিভে	n i bh e
মহাবিহারের	m o h a b i h a r e r
রক্তস্রাব	r o kt O s r a b
বিয়াল্লিশ	b i a l l i sh
রিলে	r i l e
শিনা	sh i n a
শোল্ডার	sh O l D a r
কাভারেজ	k a bh a r e j
সপ্তাহখানেকের	sh o p t a h O kh a n e k e r
রেঞ্জার্স	r e nj a r s
সমানাধিকার	sh o m a n a dh i k a r
রূপটি	r u p T i
জ্যোতিষী	j O t i sh i
মাছসহ	m a chh sh o h O
লন্ড্রি	l o n D r i
ফার্সি	ph a r s i
ম্যান্ডেট	m A n D e T
মাসান	m a s a n
পাবলিশিং	p a b l i sh i ng
জলরাশিতে	j o l O r a sh i t e
সেক্টরের	s e k T o r e r
অনির্দিষ্টকাল	o n i r d i shT O k a l
ফেটে	ph e T e
ছাত্রীসহ	chh a tr i sh o h O
ন্যাটোর	n A T O r
ঘটনারই	gh o T O n a r i
সাব্বীর	s a b b i r
রাত্রিকালীন	r a tr i k a l i n
বীজের	b i j e r
নাসার	n a s a r
সামার	s a m a r
ফুসফুসে	ph u sh ph u sh e
ধর্ষককে	dh o r sh O k k e
নেছার	n e chh a r
যাঁরা	j a~ r a
নিমগাছ	n i m g a chh
বিপদজনক	b i p o d j o n O k
পারোনি	p a r O n i
কন্ঠ	k o n Th O
মুচি	m u ch i
অটোরিক্সার	o T O r i k s a r
বক্সিং	b o k s i ng
পৃথক্	p ri th o k
উপপুলিশ	u p O p u l i sh
হিমাচল	h i m a ch o l
সজাগ	sh o j a g
চন্দনা	ch o nd O n a
অনাবশ্যক	o n a b o sh sh O k
নরেন	n o r e n
শাহারার	sh a h a r a r
পরিবর্তনসহ	p O r i b o r t O n sh o h O
কৃমি	k ri m i
অভ্যাস	O b bh a sh
নীতিবান	n i t i b a n
মাতৃভূমিতে	m a t ri bh u m i t e
প্রবেশাধিকারের	pr O b e sh a dh i k a r e r
সাল্লাল্লাহু	s a l l a l l a h u
ক্ষোভের	kh O bh e r
ইতিউতি	i t i u t i
মান্নাকে	m a nn a k e
সিংহাম	sh i ng h a m
বাঁধলে	b a~ dh l e
অনুষ্ঠিত	O n u shTh i t O
রশিদপুর	r O sh i d p u r
পেনের	p e n e r
মন্ত্রীই	m O n t r i i
চট্টগ্রামসহ	ch o T T O gr a m sh o h O
ঘুষখোর	gh u sh kh O r
কামানো	k a m a n O
সন্ন্যাসীদের	sh O n n a sh i d e r
ক্যালিপার	k A l i p a r
প্রটোকলটি	pr O T O k o l T i
শপ	sh o p
পঞ্জিকা	p O nj i k a
দলভিত্তিক	d o l bh i tt i k
চালু	ch a l u
নিবন্ধে	n i b O ndh e
মানসম্মত	m a n sh o mm o t O
মন্ত্রে	m o n t r e
হিল্লা	h i l l a
জিতছে	j i t chh e
হাপিত্যেশ	h a p i t t e sh
পুলে	p u l e
একাত্তরে	e k a tt O r e
পতনের	p o t O n e r
ইরানকে	i r a n k e
প্রবাসীদের	pr O b a sh i d e r
কেমব্রিজ	k e m br i j
মানবপাচারকারীদের	m a n O b p a ch a r k a r i d e r
নেয়ার	n e a r
দীর্ঘকালের	d i r gh O k a l e r
সাহাবাদের	sh a h a b a d e r
কাদাপানিতে	k a d a p a n i t e
বলো	b o l O
অবারিত	o b a r i t O
তেলক্ষেত্র	t e l kh e t r O
গিটার	g i T a r
পরত	p O r t O
গর্বের	g o r b e r
সিমার	sh i m a r
রেষারেষির	r e sh a r e sh i r
আবেদনে	a b e d O n e
চান	ch a n
দাবিতে	d a b i t e
ভ্রূণ	bh r u n
ফুলগাজী	ph u l g a j i
কর্মশালা	k o r m O sh a l a
জাহেল	j a h e l
স্কুটি	s k u T i
মোসলেহ	m O s l e h
পোলিশ	p O l i sh
চলন	ch o l O n
আলাদা	a l a d a
নরডিক	n o r D i k
সুনীতি	sh u n i t i
চেতনার	ch e t O n a r
শান	sh a n
সংগঠনগুলোকে	sh o ng g o Th O n g u l O k e
নিদান	n i d a n
রাঘব	r a gh o b
কাঠমাণ্ডুতে	k a Th m a n D u t e
ইচ্ছেগুলো	i ch chh e g u l O
অন্যগুলোর	O n n O g u l O r
সোনামনির	sh O n a m O n i r
বিরোধিতা	b i r O dh i t a
ট্রেড	T r e D
সর্বশ্রোতা	sh o r b O s r O t a
মাথাভর্তি	m a th a bh O r t i
যিশুর	j i sh u r
ফেভারিটের	ph e bh a r i T e r
নিক্তিতে	n i kt i t e
মুভিতে	m u bh i t e
জানমালের	j a n m a l e r
ধূ	dh u
আপাকে	a p a k e
অবস্থাতে	o b O sth a t e
অনুরূপ	O n u r u p
রামচন্দ্রপুর	r a m ch o ndr O p u r
শিফটে	sh i ph T e
অভিযানে	O bh i j a n e
নীনা	n i n a
যবনিকা	j o b O n i k a
গিয়ার	g i a r
সুবিদিত	sh u b i d i t O
প্রজ্জ্বলিত	pr O j j O l i t O
আরও	a r O
সরবরাহকৃত	sh o r b o r a h O k ri t O
খরচাপাতি	kh o r ch a p a t i
ক্যাটস	k A T s
মজীনা	m O j i n a
সাবরাং	s a b r a ng
স্বাক্ষরে	sh a kkh o r e
আরটি	a r T i
আক্তারুজ্জামান	a kt a r u j j a m a n
খাঁজে	kh a~ j e
দশা	d o sh a
অনাদর	o n a d O r
এমভিএ	e m bh i e
স্যান্ডির	s A n D i r
কজনই	k o j O n i
খেলারাম	kh E l a r a m
গৃহকর্তাকে	g ri h O k o r t a k e
কামালও	k a m a l O
ফোটেনি	ph O T e n i
ট্যুরে	T u r e
ডিসিসির	D i s i s i r
কাঁথার	k a~ th a r
বাংলাদেশকে	b a ng l a d e sh k e
লালপুর	l a l p u r
বিভক্ত	b i bh o kt O
দিনদুপুরে	d i n d u p u r e
প্রযুক্তিও	pr O j u kt i O
জেতালেন	j e t a l e n
পরিশ্রুত	p O r i s r u t O
মহাবিশ্বের	m o h a b i sh sh e r
মিটাতে	m i T a t e
বুসান	b u sh a n
স্কার্টগুলো	s k a r T g u l O
বুবু	b u b u
ক্যালসিয়াম	k A l sh i a m
লুচির	l u ch i r
বাবুর্চিকে	b a b u r ch i k e
কমিশন	k o m i sh o n
দেশভেদে	d e sh bh e d e
হার্জেগোভিনা	h a r j e g O bh i n a
ধোপে	dh O p e
জীবনবৃত্তান্ত	j i b O n b ri tt a nt O
আকুল	a k u l
আনাচকানাচে	a n a ch k a n a ch e
এসপিজি	e s p i j i
ডিসিপ্লিনের	D i s i p l i n e r
ধরনও	dh o r O n O
উপদলের	u p O d o l e r
বকশিস	b O k sh i sh
দ্বিতল	d i t o l
পলকে	p o l O k e
গোড়ার	g O r a r
বাক্যবাণে	b a k k O b a n e
লবণাক্ততা	l o b O n a kt O t a
পেয়েছিলেন	p e e chh i l e n
তম	t o m O
ছোলার	chh O l a r
মুখোশ	m u kh O sh
নফস	n o ph s
উৎপাদকদের	u t p a d O k d e r
খাবারকে	kh a b a r k e
মারাত্বক	m a r a tt o k
শীর্ষবিন্দু	sh i r sh O b i nd u
উপকারই	u p O k a r i
ঝকঝকে	jh o k jh o k e
লেকটি	l e k T i
পাচারকারীরা	p a ch a r k a r i r a
যাত্রাপথের	j a tr a p o th e r
আনসেন্সরড	a n s e n s o r D
লাপাত্তা	l a p a tt a
ট্রেনও	T r e n O
বসবাসের	b o sh O b a sh e r
লিখা	l i kh a
স্মুদি	s m u d i
ব্রীজটি	br i j T i
সেকশনের	s e k sh o n e r
মেলাতে	m e l a t e
ডাবলসে	D a b O l s e
মহৎ	m o h O t
শিবরাম	sh i b r a m
রাজেশের	r a j e sh e r
সেন্টমার্টিনের	s e n T m a r T i n e r
নাটকে	n a T o k e
রাজগঞ্জ	r a j g o nj
লিংকে	l i ng k e
দেশসমূহে	d e sh sh o m u h e
পরামর্শকের	p o r a m o r sh O k e r
ট্রেনারের	T r e n a r e r
ম্যাচটাতে	m A ch T a t e
দিনগুলোর	d i n g u l O r
বাঁশবাগানে	b a~ sh b a g a n e
মাতালের	m a t a l e r
নন্দী	n O nd i
ভাঙানোর	bh a ng a n O r
সমভাবে	sh o m O bh a b e
বিহারিদের	b i h a r i d e r
রিটার্নস	r i T a r n s
ধ্রুপদী	dh r u p O d i
হলগুলো	h o l g u l O
ট্রেডের	T r e D e r
সিলিকা	s i l i k a
অন্তর্গত	o nt O r g o t O
বিকেন্দ্রীকরণ	b i k e ndr i k o r O n
যশবন্ত	j o sh b O nt O
মৃত্যুরও	m ri t t u r O
নসরুল্লাহ	n O s r u l l a h
সংখ্যাগরিষ্ঠতা	sh o ng kh a g O r i shTh O t a
স্বল্পকালীন	sh o l p O k a l i n
শত্রু	sh O tr u
নির্যাতিতা	n i r j a t i t a
রাষ্ট্রদূতসহ	r a sh T r O d u t sh o h O
লোহিতের	l O h i t e r
দোকানগুলো	d O k a n g u l O
রাহী	r a h i
ভিসার	bh i s a r
নারীসমাজ	n a r i sh o m a j
মিটিমিটি	m i T i m i T i
গোমস্তাপুর	g O m O st a p u r
ফোর	ph O r
চামচের	ch a m O ch e r
মাংসখেকো	m a ng sh O kh e k O
জিংকের	j i ng k e r
যোগ্যতার	j O g g O t a r
দরপত্রে	d o r p o tr e
খোরাসান	kh O r a s a n
সুদুর	sh u d u r
শ্রুতিকে	s r u t i k e
জ্ঞাতি	g A t i
এঁরা	e~ r a
বরফকুচি	b o r O ph k u ch i
স্ট্যান্ট	s T A n T
প্লেস্টেশন	p l e s T e sh o n
মিনুর	m i n u r
বিজিবির	b i j i b i r
রেফারিদের	r e ph a r i d e r
কারাগারসহ	k a r a g a r sh o h O
শিল্পোদ্যোক্তা	sh i l p O d d O kt a
পাঁচেকের	p a~ ch e k e r
মনতাজুর	m O n t a j u r
পিটি	p i T i
স্থাপনাসহ	sth a p O n a sh o h O
কাশ্মীরকে	k a sh m i r k e
বনজ	b o n O j
ইজতেমা	i j t e m a
সান্তাহার	sh a nt a h a r
বর্ণমালা	b o r n O m a l a
পারবা	p a r b a
শিবের	sh i b e r
রেজিস্ট্রেশনের	r e j i s T r e sh o n e r
খানমের	kh a n o m e r
সহমর্মিতা	sh o h O m O r m i t a
হাস্যকর	h a sh sh O k o r
নার্সিংহোমে	n a r s i ng h O m e
বাক্সে	b a k s e
দৃষ্টিভঙ্গি	d ri shT i bh O ngg i
নির্বাচিতদের	n i r b a ch i t O d e r
সূত্রের	sh u tr e r
দাঁতমারা	d a~ t m a r a
অত্যাধুনিক	O t t a dh u n i k
ফুটি	ph u T i
তাপবিদ্যুৎকেন্দ্র	t a p b i d d u t k e ndr O
সমাধানে	sh o m a dh a n e
তিনবছর	t i n b o chh O r
সম্পাদনের	sh o mp a d O n e r
এসছে	e sh chh e
সাপোর্টের	s a p O r T e r
ফলস	ph o l s
পথচারীরা	p o th O ch a r i r a
বের্ন	b e r n
খনিজ	kh O n i j
মাদককে	m a d O k k e
বরকতে	b o r k O t e
রোদেও	r O d e O
দক্ষিণপূর্ব	d O kkh i n p u r b O
আব্বাসউদ্দীন	a b b a s u d d i n
পার্থিব	p a r th i b
মুহাজির	m u h a j i r
সার্ভিসসহ	s a r bh i s sh o h O
কেসি	k e s i
আনলিমিটেড	a n l i m i T e D
নৃশংসতম	n ri sh o ng sh O t o m O
ক্লিনিকে	kl i n i k e
রাবিড	r a b i D
আজিজুর	a j i j u r
ফিলিস্তিনকে	ph i l i st i n k e
সামিরা	s a m i r a
নিরিখে	n i r i kh e
জনপ্রতিনিধির	j o n O pr O t i n i dh i r
ইসলামবিদ্বেষী	i s l a m b i d d e sh i
এবছরের	e b o chh O r e r
কারণগুলো	k a r O n g u l O
ম্যাচপূর্ব	m A ch p u r b O
ভর্তা	bh o r t a
এগুলোতে	e g u l O t e
খুতবা	kh u t b a
দূতকে	d u t k e
প্রেসার	pr e sh a r
ভস্ম	bh o sh sh O
অফিসগামী	o ph i s g a m i
আফ্রিকার	a ph r i k a r
অবশেষ	o b O sh e sh
জনসভা	j o n O sh o bh a
কিট	k i T
প্রকৃতিপ্রেমীদের	pr O k ri t i pr e m i d e r
নাশকতাসহ	n a sh O k o t a sh o h O
করেছিল	k O r e chh i l O
ণত্ব	n o tt O
করানো	k o r a n O
আলোচনাটা	a l O ch o n a T a
টেস্টকে	T e s T k e
বাজনার	b a j n a r
পর্চার	p o r ch a r
দেবযানীর	d e b j a n i r
আত্মগোপনের	a t t O g O p O n e r
স্বাস্থ্যকর্মীর	sh a s th O k O r m i r
বিভক্তির	b i bh O kt i r
ব্যাপ্ত	b A p t O
সেক্ষেত্রে	sh e kkh e tr e
শবাসন	sh o b a sh O n
রাষ্ট্রের	r a sh T r e r
পাথরঘাটা	p a th O r gh a T a
অবিশ্বাস্যভাবে	o b i sh sh a sh sh O bh a b e
ভাগা	bh a g a
অবাক	o b a k
ভাষাতে	bh a sh a t e
আজমত	a j m o t
নামবে	n a m b e
কুবি	k u b i
জলাধারের	j o l a dh a r e r
ইজিবাইকের	i j i b a i k e r
সভাকক্ষে	sh o bh a k O kkh e
বীরগঞ্জ	b i r g o nj
অংশবিশেষ	o ng sh O b i sh e sh
মুসলিমের	m u s l i m e r
জংলি	j O ng l i
দেশেরও	d e sh e r O
ককপিটে	k o k p i T e
প্যাডে	p A D e
চিত্রশিল্পের	ch i tr O sh i l p e r
পুষ্টিগুণে	p u shT i g u n e
ভাবগম্ভীর	bh a b g O m bh i r
হালাল	h a l a l
স্বস্তির	sh O st i r
কাঁচের	k a~ ch e r
উপাস্য	u p a sh sh O
মমিটি	m o m i T i
বহনে	b o h O n e
অলংকারকে	o l O ng k a r k e
নিশ্চিন্ত	n i sh ch i nt O
উৎযাপন	u t j a p O n
মানবতার	m a n O b o t a r
পশতু	p O sh t u
জাতিসত্তা	j a t i sh o tt a
বাহারি	b a h a r i
আমগোর	a m g O r
চারটিই	ch a r T i i
নাদালের	n a d a l e r
গমই	g o m i
জিপার	j i p a r
মেলন	m e l o n
অভিভ	o bh i bh
পুরুষদেরই	p u r u sh d e r i
দুলালকে	d u l a l k e
রাখিতে	r a kh i t e
তন্নির	t O nn i r
উৎপাদনব্যবস্থা	u t p a d O n b A b O sth a
এটিএম	e T i e m
বাজে	b a j e
যোগান	j O g a n
সকলের	sh o k O l e r
খবরে	kh o b O r e
কথাগুলো	k o th a g u l O
বোটানিক	b O T a n i k
টিপিক্যাল	T i p i k A l
আকছার	a k chh a r
বস্তুনিষ্ঠ	b O st u n i shTh o
নামও	n a m O
থালাটি	th a l a T i
কবিতাটিকে	k O b i t a T i k e
হিমু	h i m u
স্টেট	s T e T
নোলক	n O l O k
দানাগুলো	d a n a g u l O
স্ট্রোকের	s T r O k e r
শহিদের	sh O h i d e r
ব্যাখ্যামূলক	b A k kh a m u l O k
মালাবো	m a l a b O
পূর্বপাশে	p u r b O p a sh e
খালটি	kh a l T i
মালেতে	m a l e t e
বসবাসকারীরা	b o sh O b a sh k a r i r a
নেতাদের	n e t a d e r
কুমিরটির	k u m i r T i r
বাঁকে	b a~ k e
নাশকতাকারীদের	n a sh O k o t a k a r i d e r
এরর	e r O r
বিক্ষোভকারীকে	b i kkh O bh k a r i k e
উন্নততর	u nn o t O t o r O
বিরল	b i r o l
মিলই	m i l i
জ্বালতে	j a l t e
পর্নস্টার	p o r n s T a r
হারাবে	h a r a b e
চিরকুট	ch i r k u T
মতবাদের	m o t O b a d e r
আর্থিকভাবে	a r th i k bh a b e
অষ্টমাংশ	o shT O m a ng sh O
বিশ্বাসযোগ্যভাবে	b i sh sh a sh j O g g O bh a b e
পার্থক্যকে	p a r th O k k O k e
কেমিক্যালের	k e m i k A l e r
নিরীক্ষণ	n i r i kkh o n
দেখেছিলেন	d e kh e chh i l e n
দেখেছো	d e kh e chh O
শ্রদ্ধাশীল	s r O d dh a sh i l
শীতল	sh i t o l
যথাযোগ্য	j o th a j O g g O
জানলেও	j a n l e O
উজান	u j a n
নাগরিকত্ব	n a g O r i k o tt O
মানবপাচারকারী	m a n O b p a ch a r k a r i
দুর্বলতার	d u r b O l O t a r
ক্যারম	k A r o m
অজগরের	o j O g o r e r
অস্ত্রটি	o s t r O T i
সদস্যসংখ্যা	sh o d O sh sh O sh o ng kh a
প্রকারান্তরে	pr O k a r a nt o r e
একান্তে	e k a nt e
উজ	u j
বাজেটকে	b a j e T k e
তাবিথকে	t a b i th k e
পাবলিকেশন	p a b l i k e sh o n
এথেন্সের	E th e n s e r
রিংগিত	r i ng g i t
বেলের	b e l e r
আগতরা	a g O t O r a
জেতেন	j e t e n
ডাকবেন	D a k b e n
চাকরিপ্রত্যাশী	ch a k r i pr O t t a sh i
ফেলাটা	ph E l a T a
বাতিলেরও	b a t i l e r O
উপদ্রব	u p O d r O b
কৃষ্ণকে	k ri shN O k e
অতিপ্রাকৃতিক	O t i pr a k ri t i k
করও	k o r O
বহুবচনে	b O h u b o ch O n e
রাষ্ট্রপতি	r a sh T r O p O t i
দেখলে	d e kh l e
মন্ত্রীকে	m O n t r i k e
দিনাতিপাত	d i n a t i p a t
শ্বাসমূল	sh a sh m u l
প্রহসনমূলক	pr O h O sh O n m u l O k
বন্ধুটি	b O ndh u T i
উপল	u p O l
প্লান্ট	p l a n T
ঝুলন	jh u l O n
লালনপালনের	l a l O n p a l O n e r
উদ্ভাবিত	u d bh a b i t O
বস্ত্রকল	b o s t r O k o l
টঙ্গীতে	T O ngg i t e
কারণটা	k a r O n T a
চরিত্রদের	ch O r i tr O d e r
ঘাটতিতে	gh a T t i t e
গর্ভস্থ	g o r bh O sth O
নির্দেশনা	n i r d e sh O n a
স্বল্প	sh o l p O
বলিভিয়ার	b o l i bh i a r
লিখেছিলাম	l i kh e chh i l a m
দোলাচলে	d O l a ch o l e
বাচ্চাদেরও	b a ch ch a d e r O
আরাধ্য	a r a d dh O
জনবসতি	j o n O b o sh O t i
কনকর্ডের	k o n k o r D e r
অবান্তর	o b a nt o r
কলোনিতে	k o l O n i t e
রোহিতকে	r O h i t k e
ওগুলোর	O g u l O r
পুষ্টিবিদরা	p u shT i b i d r a
আখি	a kh i
ইন্টারনেটও	i n T a r n e T O
বুদ্ধিতে	b u d dh i t e
দেবীর	d e b i r
মন্ত্রটা	m o n t r O T a
ফেস্টের	ph e s T e r
চরিত্রের	ch O r i tr e r
ভিত্তিমূল্য	bh i tt i m u l l O
সম্পর্কহীন	sh o mp o r k O h i n
নর্তকী	n o r t O k i
মনীষ	m O n i sh
নভেরার	n o bh e r a r
বাবলু	b a b l u
আখেরাতের	a kh e r a t e r
অনুচ্চ	o n u ch ch O
খরতাপ	kh o r O t a p
সভা	sh o bh a
কান্দি	k a nd i
আটকাবে	a T k a b e
বিশ্বজিৎকে	b i sh sh O j i t k e
অবরোধ	o b O r O dh
শুক্লা	sh u kl a
কাঁপছে	k a~ p chh e
হলার	h o l a r
স্ট্রবেরিতে	s T r o b e r i t e
হুবহু	h u b O h u
চারজনসহ	ch a r j o n sh o h O
ব্যাকবোন	b A k b O n
বিশ্বরূপ	b i sh sh O r u p
বিতরণ	b i t o r O n
শ্রদ্ধার	s r O d dh a r
ডেসকোর	D e s k O r
পরিনা	p O r i n a
জনপদ	j o n O p o d
পরিলক্ষিত	p O r i l O kkh i t O
মাগুরের	m a g u r e r
গ্রামাঞ্চলের	gr a m a nch o l e r
আমিরাতের	a m i r a t e r
খাচ্ছিলাম	kh a ch chh i l a m
ব্যাংকে	b A ng k e
সংগ্রহে	sh o ng gr O h e
পাল্টেছেন	p a l T e chh e n
উৎকট	u t k o T
ওম	O m
বিপদ	b i p o d
কষ্টগুলো	k o shT O g u l O
শিশুই	sh i sh u i
হার্বাল	h a r b a l
কাশতে	k a sh t e
জীবনাচরণ	j i b O n a ch o r O n
বধির	b O dh i r
কীর্তনের	k i r t O n e r
যুগান্তকারী	j u g a nt O k a r i
স্টিকের	s T i k e r
আবাহনীর	a b a h O n i r
হিরে	h i r e
নানির	n a n i r
সমাজপতি	s o m a j p O t i
থার্টিন	th a r T i n
ফিক্সড	ph i k s D
উপদলে	u p O d o l e
কলরবে	k o l O r o b e
বঙ্গ	b o ngg O
ঢুকেছিল	Dh u k e chh i l O
অনুপস্থিতিতে	o n u p o sth i t i t e
সভাপতি	sh o bh a p O t i
লোকবলের	l O k b o l e r
তর্কবিতর্ক	t o r k O b i t o r k O
বাঁশে	b a~ sh e
অন্দরসজ্জার	o nd O r sh o j j a r
মদদপুষ্ট	m o d O d p u shT O
অন্ধ্রপ্রদেশে	o n dh r O pr O d e sh e
পশ্চাৎপদ	p o sh ch a t p o d O
প্রজাতিকে	pr O j a t i k e
নুসরত	n u s r o t
ইবাদতে	i b a d a t e
খানে	kh a n e
কসমেটিক	k o s m e T i k
দর্শনা	d o r sh O n a
জাহ্নবী	j a n n O b i
হিন্দুত্ববাদের	h i nd u tt O b a d e r
ততই	t o t O i
বাজানো	b a j a n O
ধরতেন	dh O r t e n
হালচাল	h a l ch a l
গুজবে	g u j b e
শীর্ষক	sh i r sh O k
কান্নাকাটি	k a nn a k a T i
অনুভব	O n u bh o b
একাট্টা	E k a T T a
খেলাফত	kh e l a ph o t
পেশিগুলো	p e sh i g u l O
মাসহ	m a s o h
নিদারুণ	n i d a r u n
হাঁটতে	h a~ T t e
প্রিতম	pr i t O m
ফিলিপিনো	ph i l i p i n O
জনজীবনের	j o n O j i b O n e r
ভাড়া	bh a r a
ফ্লপ	ph l o p
বাজিগর	b a j i g o r
স্কুলছাত্রকে	s k u l chh a tr O k e
পিলারে	p i l a r e
স্বামীহারা	sh a m i h a r a
দিনগুলোতে	d i n g u l O t e
উপবিভাগ	u p O b i bh a g
প্রমিলা	pr O m i l a
তীর্থে	t i r th e
কামরুন	k a m r u n
বন্দিরা	b O nd i r a
তলবি	t o l O b i
বেগুনির	b e g u n i r
কাবাগৃহে	k a b a g ri h e
বিমানবন্দরকে	b i m a n b o nd O r k e
আসক্তি	a sh o kt i
রণজিত	r o n O j i t
সন্ধানও	sh o ndh a n O
ঝাড়বাতি	jh a r b a t i
আমিরাত	a m i r a t
হেরেছিলেন	h e r e chh i l e n
মাঝমাঠে	m a jh m a Th e
টানত	T a n t O
রাশিতে	r a sh i t e
নেম	n e m
গুম	g u m
যুদ্ধকালে	j u d dh O k a l e
বিদ্যার	b i d d a r
পদার্থবিজ্ঞানে	p o d a r th O b i g g a n e
অপরের	o p O r e r
দ্যুতি	d u t i
হিন্দুকে	h i nd u k e
এটির	e T i r
অন্যদিকে	O n n O d i k e
কালচারে	k a l ch a r e
হুলস্থুল	h u l O sth u l
বেদে	b e d e
জোরালোভাবে	j O r a l O bh a b e
প্রাণভিক্ষার	pr a n bh i kkh a r
ধাঁধানো	dh a~ dh a n O
তারিখটা	t a r i kh T a
বার্ষিক	b a r sh i k
বিশ্বশান্তির	b i sh sh O sh a nt i r
গন্ধ	g o ndh O
গ্রামারের	gr a m a r e r
আর্টিস্টদের	a r T i s T d e r
পরীকে	p O r i k e
মোহিত	m O h i t O
শিখি	sh i kh i
বন্যার্ত	b O n n a r t O
পারের	p a r e r
হাঁকেন	h a~ k e n
কষাকষির	k o sh a k O sh i r
কষে	k O sh e
দরপতন	d o r p o t O n
পাঠাননি	p a Th a n n i
অরণ্য	o r O n n O
অটল	o T O l
সরু	sh O r u
রেঞ্জারসদের	r e nj a r s d e r
জীবনবোধ	j i b o n b O dh
মোরগের	m O r O g e r
খননে	kh o n O n e
সংঘটিত	sh o ng gh O T i t O
ক্লোন	kl O n
বাছবিচার	b a chh b i ch a r
প্রতিবাদে	pr O t i b a d e
ঋণী	ri n i
বিপৎসংকুল	b i p o t sh o ng k u l
ট্রাফিকের	T r a ph i k e r
মামলাগুলোতে	m a m l a g u l O t e
শহর	sh o h O r
আহলে	a h O l e
সন্দেহভাজনকে	sh o nd e h O bh a j O n k e
উপস্থাপিকা	u p o sth a p i k a
যুবককে	j u b o k k e
গুনতে	g u n t e
প্রদেশগুলোর	pr O d e sh g u l O r
ঠুকে	Th u k e
ঘটক	gh o T O k
তালেবানদের	t a l e b a n d e r
ভুলবো	bh u l b O
পোস্তদানা	p O st O d a n a
মার্তিনো	m a r t i n O
অপ্রকাশ্য	o pr O k a sh sh O
ব্যঘাত	b A gh a t
অব্যাহত	o b b A h O t O
দণ্ডিত	d O n D i t O
তকমাটা	t o k m a T a
মানবিক	m a n O b i k
পরছে	p O r chh e
প্রজাপতির	pr O j a p O t i r
এসব	e sh o b
বিতর্ককে	b i t o r k O k e
গ্যারেজে	g A r e j e
পরীক্ষার্থীকে	p O r i kkh a r th i k e
রাজপুত্রের	r a j p u tr e r
সমুচিত	sh o m u ch i t
মহারাষ্ট্রের	m o h a r a s T r e r
মিছিলকারীরা	m i chh i l k a r i r a
মতবাদে	m o t O b a d e
কতক্ষণের	k o t O kkh o n e r
ওঠে	O Th e
ভুট্টোকে	bh u T T O k e
বিভাগই	b i bh a g i
হলগুলোতে	h o l g u l O t e
স্টেজে	s T e j e
সত্যটা	sh O t t O T a
পোলাপানের	p O l a p a n e r
খোলামেলা	kh O l a m E l a
বসবাসযোগ্য	b o sh O b a sh j O g g O
পিএসজিকে	p i e s j i k e
ধর্ম	dh o r m O
স্পিনে	s p i n e
সম্পত্তি	s o m p O t t i
মধ্যপন্থা	m O d dh O p o n th a
অবিক্রীত	o b i kr i t O
বাতেনের	b a t e n e r
বাঁচাবে	b a~ ch a b e
চিঠিগুলো	ch i Th i g u l O
জীবনাচার	j i b o n a ch a r
ঘটা	gh o T a
গুলি	g u l i
যত্রতত্র	j o tr O t o tr O
দুর্বোধ্যতা	d u r b O d dh o t a
শাখাগুলোর	sh a kh a g u l O r
এদেরকে	e d e r k e
হুথি	h u th i
তেলও	t e l O
পরপর	p o r p o r
কুকি	k u k i
ভোগান্তির	bh O g a nt i r
ধাবিতে	dh a b i t e
রাজধানীর	r a j dh a n i r
বেকারদের	b e k a r d e r
জোরেশোরে	j O r e sh O r e
সপ্তক	sh o p t O k
বেহুঁশ	b e h u~ sh
ফুচকার	ph u ch k a r
গণমাধ্যমগুলোর	g o n O m a d dh O m g u l O r
আহতকে	a h O t O k e
স্বল্পভাষী	sh o l p O bh a sh i
প্রশিক্ষকের	pr O sh i kkh o k e r
থাকছেনই	th a k chh e n i
বাটাগুর	b a T a g u r
হেরেমের	h e r e m e r
জীবনটাকে	j i b o n T a k e
নিবন্ধন	n i b o ndh O n
ভরণ	bh o r O n
তাঁহারা	t a~ h a r a
কটুক্তি	k O T u kt i
আর্টিকেল	a r T i k e l
ওট	O T
অ্যানিস্টন	A n i s T o n
বক্তব্যে	b O kt O b b e
চুনাপাথর	ch u n a p a th O r
তেলসহ	t e l sh o h O
সফরকারীরা	sh o ph O r k a r i r a
আত্মসম্মান	a t t O sh o mm a n
ভালভ	bh a l bh
গালের	g a l e r
খামাখা	kh a m a kh a
আবর্তিত	a b O r t i t O
ডিমটি	D i m T i
মেন্যুর	m e n u r
খেলেছিলাম	kh e l e chh i l a m
গর্ভ	g o r bh O
শপিংমলগুলোতে	sh o p i ng m o l g u l O t e
পাতালে	p a t a l e
মধ্যপন্থী	m o d dh O p O n th i
স্থানান্তরে	sth a n a nt o r e
প্রবৃদ্ধিও	pr O b ri d dh i O
শিক্ষাপ্রতিষ্ঠানকে	sh i kkh a pr O t i shTh a n k e
ড্রপবক্সের	D r o p b o k s e r
মানবাধিকারকর্মী	m a n O b a dh i k a r k O r m i
দ্বিধাবিভক্ত	d i dh a b i bh O kt O
বচন	b o ch O n
মধু	m O dh u
এস্টেট	e s T e T
দোষের	d O sh e r
ডিএনএ	D i e n e
স্মার্টফোনটিতে	sh m a r T ph O n T i t e
লন্ডনভিত্তিক	l o n D O n bh i tt i k
উন্মাদনার	u n m a d o n a r
কেনাকাটা	k e n a k a T a
বেরোতে	b e r O t e
ভিকটিম	bh i k T i m
পরিবেশক	p O r i b e sh O k
আপার	a p a r
বিচ্ছিন্নতাবাদীদের	b i ch chh i nn O t a b a d i d e r
বানিয়েছিলাম	b a n i e chh i l a m
মহলটি	m o h O l T i
ঘোরানোর	gh O r a n O r
দেখিলে	d e kh i l e
সবগুলো	sh o b g u l O
সর্বজনবিদিত	sh o r b O j O n b i d i t O
গোল্ডকাপ	g O l D k a p
প্রখরতা	pr O kh O r o t a
শিকারীরা	sh i k a r i r a
কাবিখা	k a b i kh a
দুর্নীতিও	d u r n i t i O
আকাশকে	a k a sh k e
চিকিৎসকের	ch i k i t sh o k e r
বিকেএসপিতে	b i k e e s p i t e
উপদ্বীপ	u p O d i p
হামিন	h a m i n
কিন্ডারগার্টেনের	k i n D a r g a r T e n e r
মিরাখলা	m i r a kh o l a
দিতেন	d i t e n
খোকনও	kh O k O n O
শোনাবেন	sh O n a b e n
অস্ত্রসহ	o s t r O sh o h O
অযত্ন	o j o t n O
বুঝছে	b u jh chh e
আরকে	a r k e
রকমেরই	r o k O m e r i
নোলানের	n O l a n e r
ছিটমহলগুলো	chh i T m o h O l g u l O
ধরনের	dh o r O n e r
কোরবানীর	k O r b a n i r
লালাখালে	l a l a kh a l e
বিতানগুলো	b i t a n g u l O
ক্যাম্পাসগুলো	k A mp a s g u l O
শুদ্ধাচার	sh u d dh a ch a r
আধিপত্যের	a dh i p o t t e r
স্লোগান	s l O g a n
ব্যবহারকরা	b A b O h a r k o r a
করেছিলাম	k O r e chh i l a m
ছুট	chh u T
সমুদ্রতীরে	sh O m u d r O t i r e
দিতাছে	d i t a chh e
প্যান্টও	p A n T O
কোলাহলের	k O l a h o l e r
সলতে	sh O l t e
জপ	j o p
ছাত্রসমাজ	chh a tr O sh o m a j
দ্বীন	d i n
পদপ্রার্থীদের	p o d O pr a r th i d e r
ফরেন্সিক	ph o r e n s i k
মাঝামাঝি	m a jh a m a jh i
পরো	p o r O
প্রতিবেদনও	pr O t i b e d O n O
প্রাপ্তরা	pr a p t O r a
হেলপারদের	h e l p a r d e r
একধারে	E k dh a r e
নিদেনপক্ষে	n i d e n p o kkh e
আকৃষ্ট	a k ri shT O
সমাজতন্ত্র	sh o m a j t o n t r O
বংশধররা	b o ng sh O dh o r r a
শিক্ষকের	sh i kkh O k e r
মুভমেন্টে	m u bh m e n T e
দেখিলেন	d e kh i l e n
রক্তচাপের	r o kt O ch a p e r
তামাকপাতা	t a m a k p a t a
কাঠফাটা	k a Th ph a T a
দর্শনের	d o r sh O n e r
শলাকা	sh o l a k a
দম্ভোক্তি	d o m bh O kt i
নিরাপত্তারক্ষীরা	n i r a p o tt a r O kkh i r a
প্রতিপ	pr O t i p
হুট	h u T
আলোকে	a l O k e
উচ্চকণ্ঠে	u ch ch O k o n Th e
হোটেলগুলোতে	h O T e l g u l O t e
শীর্ষে	sh i r sh e
ধর্মযাজক	dh o r m O j a j O k
আধাপাকা	a dh a p a k a
নাম্বারের	n a mb a r e r
খোপ	kh O p
ধ্বংসস্তুপে	dh o ng sh O s t u p e
মুখোমুখি	m u kh O m u kh i
মানবাধিকারকর্মীরা	m a n O b a dh i k a r k O r m i r a
আমজনতা	a m j o n O t a
আন্ডারগ্রাউন্ডে	a n D a r gr a u n D e
চতুর্দিক	ch O t u r d i k
দূরতম	d u r t o m O
শত্রুতা	sh O tr u t a
বঞ্চনার	b o nch O n a r
খামারটি	kh a m a r T i
কষ্ট	k o shT O
থি	th i
বেগের	b e g e r
ব্যাপ্তির	b A p t i r
নিঃশর্তভাবে	n i sh sh o r t O bh a b e
স্যাকারিন	s A k a r i n
হাবল	h a b O l
গাছগাছালির	g a chh g a chh a l i r
গেয়ে	g e e
গল্পগুলো	g o l p O g u l O
উত্তেজনাটা	u tt e j O n a T a
রেমিটেন্সের	r e m i T e n s e r
আড্ডাটা	a D D a T a
নামটাও	n a m T a O
চালও	ch a l O
একীভূত	E k i bh u t O
ভাতিজির	bh a t i j i r
মানবসমাজে	m a n O b sh o m a j e
বাদ্য	b a d d O
প্রত্নতত্ত্ববিদ	pr O t n O t o t t O b i d
আদিলুর	a d i l u r
নভোচারী	n o bh O ch a r i
অরাজকতা	o r a j O k o t a
চিশতী	ch i sh t i
স্বজনপ্রীতির	sh o j O n pr i t i r
অল্পতে	o l p O t e
কাপালিক	k a p a l i k
ক্যাবারে	k A b a r e
সম্মেলনও	sh o mm e l o n O
জাতিগোষ্ঠীকে	j a t i g O shTh i k e
বেথুন	b e th u n
ইন্ডাস্ট্রিজের	i n D a s T r i j e r
দিয়েছিলেন	d i e chh i l e n
পুলিশপ্রধান	p u l i sh pr O dh a n
আজহারের	a j h a r e r
ব্লগ	bl O g
বৃদ্ধকে	b ri d dh O k e
সংকল্প	sh o ng k o l p O
অ্যাপ	A p
পেরুকে	p e r u k e
ছিটমহলের	chh i T m o h O l e r
অর্থনীতিবিদের	o r th O n i t i b i d e r
দিবালোকের	d i b a l O k e r
সংস্থাটিকে	sh o ng sth a T i k e
রক্তচাপজনিত	r o kt O ch a p j O n i t O
এক্সপোর্ট	e k s p O r T
নামীদামি	n a m i d a m i
মতটি	m o t T i
প্রতিভার	pr O t i bh a r
প্রদানকারীদের	pr O d a n k a r i d e r
পাততে	p a t t e
লুটপাটে	l u T p a T e
ঢোকেনি	Dh O k e n i
প্রান্তরের	pr a nt o r e r
বন্দরগুলো	b o nd O r g u l O
মেজো	m e j O
মিশ্রিত	m i s r i t O
প্রতিনিধিত্ব	pr O t i n i dh i tt O
নেচে	n e ch e
ফেব্রিক্সে	ph e br i k s e
হাজতে	h a j O t e
ধ্যানমগ্ন	dh A n m o g n O
থাকার	th a k a r
ডুবিতে	D u b i t e
ক্ষুধার্তের	kh u dh a r t e r
হাঁটুসমান	h a~ T u sh O m a n
কবির	k O b i r
আরশির	a r O sh i r
অযোধ্যা	o j O d dh a
শুনেছ	sh u n e chh O
জনশূন্য	j o n O sh u n n O
কোনোটার	k O n O T a r
সপ্রে	sh o pr e
ঘুরানো	gh u r a n O
জ্যামিতিক	j A m i t i k
পাত্রীর	p a tr i r
পুব	p u b
পিট	p i T
বস্তুগত	b O st u g o t O
মারমারা	m a r m a r a
পিএসটিএন	p i e s T i e n
ল্যুভর	l u bh O r
নিদর্শনগুলোর	n i d o r sh o n g u l O r
উচ্ছলতা	u ch chh o l O t a
আটজন	a T j o n
মংলা	m o ng l a
পলিটিক্যাল	p o l i T i k A l
উন্মুক্ত	u n m u kt O
পরীদের	p O r i d e r
এতটুকুই	e t O T u k u i
প্রকাশিতব্য	pr O k a sh i t O b b O
আকন্দের	a k O nd e r
স্বপরিবারে	sh o p O r i b a r e
দুষ্কৃতীরা	d u sh k ri t i r a
স্মৃতিকথা	s r i t i k o th a
স্যামি	s A m i
লু	l u
চিরদিনই	ch i r O d i n i
চান্দিমালের	ch a nd i m a l e r
ঝিঁ	jh i~
পাগুলো	p a g u l O
অর্থবিত্ত	o r th O b i tt O
মোস্ট	m O s T
ভাষাকে	bh a sh a k e
পরামর্শক্রমে	p o r a m o r sh O kr o m e
মাস্টার্সের	m a s T a r s e r
বিমানযোগে	b i m a n j O g e
প্রণালি	pr O n a l i
ল্যাভরভ	l A bh r o bh
ফেট	ph e T
ভাষারীতি	bh a sh a r i t i
আবেশ	a b e sh
চাপানো	ch a p a n O
আপসযোগ্য	a p O sh j O g g O
অবিক্রিত	o b i kr i t O
ছিপ	chh i p
দশটা	d o sh T a
জোৎস্না	j O t sn a
অধিবেশন	O dh i b e sh O n
চালসহ	ch a l sh o h O
ফেলেনি	ph E l e n i
পুনঃপরীক্ষার	p u n O p O r i kkh a r
ভক্ষকের	bh o kkh O k e r
লেনের	l e n e r
দক্ষিণী	d O kkh i n i
কাশেম	k a sh e m
কবিগুরুর	k O b i g u r u r
রাষ্ট্রদ্রোহের	r a s T r O d r O h e r
চুলকালে	ch u l k a l e
ভনের	bh o n e r
পান	p a n
বোঝাচ্ছেন	b O jh a ch chh e n
আকু	a k u
পথশিশুর	p o th O sh i sh u r
এমি	e m i
সঞ্চালনা	sh o nch a l O n a
আটককৃতদের	a T O k k ri t O d e r
বিচারব্যবস্থার	b i ch a r b A b O sth a r
পালকিতে	p a l k i t e
ছাত্রকল্যাণ	chh a tr O k O l l a n
শ্রমিককে	s r O m i k k e
অংশটা	o ng sh O T a
রটেছিল	r O T e chh i l O
ইন্টার	i n T a r
আগ্রহকে	a gr O h O k e
ক্রিকেটপ্রেমীর	kr i k e T pr e m i r
ক্যাপশন	k A p sh o n
রাখছে	r a kh chh e
পরিবর্তনগুলো	p O r i b o r t O n g u l O
ভর্তিযুদ্ধ	bh O r t i j u d dh O
কর্মসংস্থানের	k o r m O sh o ng sth a n e r
বর্ষজীবী	b o r sh O j i b i
বছিলা	b O chh i l a
এগ্রিকোলের	e gr i k O l e r
পচনশীল	p o ch O n sh i l
শিক্ষাটি	sh i kkh a T i
উদ্ধারকাজ	u d dh a r k a j
প্রত্যাশাটা	pr O t t a sh a T a
মতপার্থক্যের	m o t O p a r th O k k e r
গণসংবর্ধনা	g o n O sh o ng b o r dh O n a
জেলাসহ	j e l a sh o h O
অবাঙালিদের	o b a ng a l i d e r
চারলেন	ch a r l e n
বের্টি	b e r T i
অপি	o p i
গনগনে	g o n g o n e
রাখাইনের	r a kh a i n e r
ভালুকার	bh a l u k a r
টেন্ট	T e n T
ছবিরই	chh O b i r i
পদধ্বনি	p o d O dh O n i
ধারাল	dh a r a l O
লাগাবে	l a g a b e
মাংসল	m a ng sh o l
ছাত্রনেতার	chh a tr O n e t a r
বন্যাদুর্গত	b o n n a d u r g o t O
চেম্বার	ch e mb a r
ঘটতো	gh O T t O
প্রা	pr a
ছুটলাম	chh u T l a m
এসজিপিটি	e s j i p i T i
সম্মেলন	sh o mm e l o n
বেরুচ্ছে	b e r u ch chh e
ঘাটিতে	gh a T i t e
দক্ষিণাঞ্চলে	d O kkh i n a nch o l e
নেহি	n e h i
ডিসপ্লেতে	D i sh p l e t e
বিজেএমএ	b i j e e m e
কিচির	k i ch i r
পরিবারটা	p O r i b a r T a
মহেশ	m o h e sh
জেনারেশন	j e n a r e sh o n
তিকরিত	t i k r i t
প্রশান্ত	pr O sh a nt O
দেমাগ	d e m a g
তীরভূমি	t i r O bh u m i
বাবদ	b a b o d
চলিবে	ch O l i b e
শিশুপার্ক	sh i sh u p a r k
আর্কটিক	a r k o T i k
নৃত্যরত	n ri t t O r o t O
ফিডিং	ph i D i ng
যাত্রার	j a tr a r
ব্লাসফেমি	bl a s ph e m i
প্লেব্যাকের	p l e b A k e r
লতাপাতার	l o t a p a t a r
ছোটলোক	chh O T O l O k
অভিসন্ধি	O bh i sh O ndh i
হিটার	h i T a r
মহাসমুদ্র	m o h a sh O m u d r O
কাজটির	k a j T i r
করেছিলেন	k O r e chh i l e n
বিষুবরেখা	b i sh u b r e kh a
করলেন	k O r l e n
রুনু	r u n u
চন্দ্রকে	ch o ndr O k e
শরণার্থি	sh o r O n a r th i
মূলত	m u l O t O
অবস্থাপন্ন	o b O sth a p o nn O
আগামীকালও	a g a m i k a l O
সমর্পণের	sh o m O r p o n e r
গোলদাতা	g O l d a t a
শিক্ষাজীবনের	sh i kkh a j i b O n e r
থালাবাসন	th a l a b a sh O n
নাগরিকদের	n a g O r i k d e r
রাঠোর	r a Th O r
বন্ধ্যত্ব	b o n dh O tt O
উঠছেন	u Th chh e n
মেন	m e n
শপথ	sh o p O th
ফলের	ph o l e r
ডার্টি	D a r T i
ঝাল	jh a l
ভাবার	bh a b a r
পাঠ	p a Th
শপার্স	sh o p a r s
আজকের	a j k e r
ধনকুবের	dh o n k u b e r
অবদি	O b d i
বৃদ্ধাশ্রমে	b ri d dh a s r O m e
বিমার	b i m a r
এগোচ্ছিল	e g O ch chh i l O
পেটান	p e T a n
মর্মর	m o r m O r
এটাই	E T a i
কেন্টের	k e n T e r
আঁধারিতে	a~ dh a r i t e
দোলাতে	d O l a t e
খাদ্যের	kh a d d e r
কনজারভেশন	k o n j a r bh e sh o n
অমনটা	o m O n T a
কিপারের	k i p a r e r
সংগীতে	sh O ng g i t e
ক্ষেত	kh e t
হলেতো	h O l e t O
মাসগুলো	m a sh g u l O
হারে	h a r e
তিনটিতে	t i n T i t e
কাঠা	k a Th a
সহযোগীর	sh o h O j O g i r
গতিশিল	g O t i sh i l
ছটফটে	chh o T ph o T e
সভানেত্রী	sh o bh a n e tr i
কিস্তিমাত	k i st i m a t
দখল	d o kh O l
ওবামাও	O b a m a O
হীন	h i n
আদর্শলিপি	a d O r sh o l i p i
দিনশেষে	d i n sh e sh e
ছোটাছুটি	chh O T a chh u T i
মাতারা	m a t a r a
ওপারে	O p a r e
পশ্চিমের	p O sh ch i m e r
পাতাঝরা	p a t a jh o r a
দর্শনে	d o r sh o n e
আন্দ্রে	a ndr e
ঘনিষ্ঠতম	gh O n i shTh O t o m O
ভিত্তিটা	bh i tt i T a
রান্নাঘরের	r a nn a gh o r e r
মতলেব	m o t l e b
শোনাল	sh O n a l O
মাঠঘাট	m a Th gh a T
শহিদুর	sh O h i d u r
ভোজন	bh O j O n
উদ্ধারকারী	u d dh a r k a r i
একাল	e k a l
স্থপতিদের	sth o p O t i d e r
টীকা	T i k a
জবানিতে	j o b a n i t e
পশুর	p O sh u r
ফরটি	ph O r T i
ড্রিম	D r i m
ক্রেতাকে	kr e t a k e
ভেঙেছি	bh e ng e chh i
বিনিয়োগকারীদের	b i n i O g k a r i d e r
ঝমঝম	jh o m jh o m
ছিটে	chh i T e
অপরিশোধিত	o p O r i sh O dh i t O
শহীদকে	sh O h i d k e
পাটজাত	p a T j a t
মনভাবতী	m o n O bh a b O t i
পং	p o ng
সম্মান	sh o mm a n
প্রাতিষ্ঠানিক	pr a t i shTh a n i k
টিটো	T i T O
ঠাট্টা	Th a T T a
ভাঁজ	bh a~ j
পেজের	p e j e r
বিদ্বেষ	b i d d e sh
ফুৎকার	ph u t k a r
স্মার্টফোনই	s m a r T ph O n i
রেঞ্জার্সের	r e nj a r s e r
স্বচ্ছভাবে	sh o ch chh O bh a b e
ক্ষিদে	kh i d e
আলোচ্য	a l O ch ch O
পংকজ	p o ng k O j
বিচিত্রতা	b i ch i tr O t a
প্রভুদের	pr O bh u d e r
রেগুলেটর	r e g u l e T o r
প্রথার	pr O th a r
ধকলের	dh o k O l e r
পরিসংখ্যান	p O r i s o ng kh a n
আস্থাভাজন	a sth a bh a j O n
বেমালুম	b e m a l u m
খুম্বা	kh u mb a
হেনেছেন	h e n e chh e n
ব্যাশে	b A sh e
মন্ত্রীসভা	m O n t r i sh o bh a
দ্বীপে	d i p e
নামছিল	n a m chh i l O
দিচ্ছিল	d i ch chh i l O
রিজার্ভের	r i j a r bh e r
বুঝত	b u jh t O
রুগ্ন	r u g n O
চতুর্মুখী	ch O t u r m u kh i
বনবিভাগ	b o n b i bh a g
বিশ্বখ্যাত	b i sh sh O kh A t O
হতভম্ব	h o t O bh o mb O
দ্বিশতক	d i sh o t O k
শপথে	sh o p O th e
লেকের	l e k e r
পরেছিলেন	p O r e chh i l e n
দেখালো	d E kh a l O
ভাবাটা	bh a b a T a
আধাবেলা	a dh a b E l a
বর্ষণমুখর	b o r sh O n m u kh o r
বিখ্যাত	b i kkh A t O
ধারেকাছে	dh a r e k a chh e
দেহি	d e h i
আঙুলটি	a ng u l T i
উৎপাদক	u t p a d O k
শ্রেণীবিভাগ	s r e n i b i bh a g
হটস্পট	h o T s p o T
স্মার্টফোনটি	s m a r T ph O n T i
লঞ্চও	l o nch O
ফিরবেন	ph i r b e n
জার্সিতে	j a r s i t e
অনুসর্গ	o n u sh o r g O
এযাবৎকালের	e j a b O t k a l e r
অ্যামাজন	A m a j o n
মেন্টর	m e n T o r
অসতর্কতার	o sh o t O r k o t a r
গ্যাসটি	g A s T i
হালখাতা	h a l kh a t a
গীতা	g i t a
ঘুরছেন	gh u r chh e n
শাস্ত্রীর	sh a s t r i r
উন্মোচিত	u n m O ch i t O
কার্টুনে	k a r T u n e
মিষ্টিতে	m i shT i t e
পাঠানো	p a Th a n O
অংশটির	o ng sh O T i r
বুঝবেন	b u jh b e n
আমরাতো	a m r a t O
থারুর	th a r u r
জলযানে	j o l O j a n e
অমতে	o m o t e
দ্বিমাত্রিক	d i m a tr i k
গ্রামান্তরে	gr a m a nt o r e
চিনে	ch i n e
কালশী	k a l sh i
নস্যি	n O sh sh i
মেনুতে	m e n u t e
উপজেলা	u p O j e l a
বিরাটের	b i r a T e r
লোভী	l O bh i
বুভুক্ষু	b u bh u kkh u
খুঁজবে	kh u~ j b e
কুপ্রভাব	k u pr O bh a b
বীরের	b i r e r
দেখব	d e kh b O
বুকভরা	b u k bh o r a
কিছু	k i chh u
আর্টিলারি	a r T i l a r i
নিধি	n i dh i
মৃত	m ri t O
শীল	sh i l
জীববিজ্ঞানে	j i b O b i g g a n e
লিটল	l i T l
সম্ভবনা	sh o m bh a b O n a
কর্মীরা	k O r m i r a
মুক্তিলাভ	m u kt i l a bh
দেখাচ্ছিল	d e kh a ch chh i l O
লম্বালম্বি	l o mb a l O mb i
পথনাটক	p o th O n a T O k
দক্ষিন	d O kkh i n
অভব্য	o bh O b b O
খেলতে	kh e l t e
তেলেসমাতি	t e l e s m a t i
জাইলেম	j a i l e m
নুসরা	n u sh r a
এতিমদের	e t i m d e r
চ্যুতি	ch u t i
বান্ধবীর	b a ndh O b i r
প্রতিষ্ঠানগুলো	pr O t i shTh a n g u l O
চ্যালেঞ্জই	ch A l e nj i
পিনপতন	p i n p o t O n
বিজ্ঞানে	b i g g a n e
জেসমিন	j e s m i n
বিভাগগুলো	b i bh a g g u l O
হাল্কা	h a l k a
ফেলনা	ph E l n a
পড়বে	p O r b e
অধিবেশনটি	O dh i b e sh O n T i
শ্রেষ্ঠতম	s r e shTh O t o m O
সমর্থনকারী	sh o m O r th O n k a r i
কোনোরকম	k O n O r o k O m
বর্ডার	b o r D a r
বানাচ্ছেন	b a n a ch chh e n
হারাচ্ছেন	h a r a ch chh e n
চিত্রকরের	ch i tr O k o r e r
সপক্ষের	sh o p o kkh e r
পাশবিকতার	p a sh O b i k o t a r
ব্যারাক	b A r a k
বিমা	b i m a
যতভাবে	j o t O bh a b e
যীশু	j i sh u
কাণ্ডকীর্তি	k a n D O k i r t i
আধ্যাত্মিকতার	a d dh a t i k o t a r
বাটিতে	b a T i t e
অনলাইনভিত্তিক	o n l a i n bh i tt i k
তিতির	t i t i r
উদযাপিত	u d j a p i t O
মুক্তিকে	m u kt i k e
সত্যজিৎ	sh O t t O j i t
স্ট্রিপ	s T r i p
ডনের	D o n e r
পাটক্ষেতে	p a T kh e t e
নিষ্কৃতি	n i sh k ri t i
লেকচার	l e k ch a r
ফেসবুকভিত্তিক	ph e s b u k bh i tt i k
অনুজ্ঞা	O n u g g a
নামেননি	n a m e n n i
কর্নারে	k o r n a r e
হালনাগাদে	h a l n a g a d e
ড্রামার	D r a m a r
কোনোদিন	k O n O d i n
শতরূপা	sh o t O r u p a
মানুষকেও	m a n u sh k e O
নিছে	n i chh e
করিডোরে	k O r i D O r e
পরিপত্রে	p O r i p o tr e
অধ্যক্ষ	o d dh O k kh O
তারপরই	t a r p o r i
বছরখানেক	b o chh O r kh a n e k
আপৎকালীন	a p O t k a l i n
কাটেনি	k a T e n i
গোধূলী	g O dh u l i
শ্বেতী	sh e t i
ভূগর্ভে	bh u g o r bh e
গ্রহণের	gr O h O n e r
দ্বারপ্রান্তে	d a r pr a nt e
মুক্তবুদ্ধি	m u kt O b u d dh i
যাচ্ছি	j a ch chh i
ঝরণার	jh o r n a r
ফিল্টার	ph i l T a r
রমেশ	r o m e sh
পিচঢালা	p i ch Dh a l a
লেখেন	l E kh e n
আস্তরণের	a st O r o n e r
ইন্ডাস্ট্রি	i n D a s T r i
এখানকার	e kh a n k a r
পারটেক্স	p a r T e k s
পূর্নিমা	p u r n i m a
কারাতের	k a r a t e r
রমযান	r o m j a n
ভাবলে	bh a b l e
অপরটিতে	o p O r T i t e
নেতাদেরও	n e t a d e r O
ফিংগার	ph i ng g a r
উঠোনের	u Th O n e r
দেহরক্ষীরা	d e h O r O kkh i r a
কর্মকর্তারাও	k o r m O k o r t a r a O
অজ্ঞানতা	o g g E n O t a
খেলাটিকে	kh E l a T i k e
স্মৃতির	s r i t i r
শব্দটিতে	sh o b d O T i t e
টিকাটি	T i k a T i
মুদি	m u d i
হিন্দুধর্মে	h i nd u dh o r m e
ক্যান্সারের	k A n s a r e r
ব্রেন্ডন	br e n D o n
ফোনালাপ	ph O n a l a p	loanword
প্রযোজ্য	pr O j O j j O
পার্ট	p a r T
বদ্ধ	b o d dh O
তলপেটের	t o l p e T e r
তর্কে	t o r k e
একেকজনকে	E k e k j o n k e
জিততাম	j i t t a m
রুবিতার	r u b i t a r
অপরাধকে	o p O r a dh k e
নাভির	n a bh i r
স্বাস্থ্যগত	sh a s th O g o t O
কম্বলে	k o mb O l e
নন্দলাল	n o nd O l a l
বৃদ্ধার	b ri d dh a r
এক্সচেঞ্জে	e k s ch e nj e
ক্যামন	k A m O n
স্বস্তিতে	sh O sh t i t e
থাকলেন	th a k l e n
আমলাতন্ত্র	a m l a t o n t r O
ছত্রখান	chh o tr O kh a n
গৃহশিক্ষক	g ri h O sh i kkh o k
রাষ্ট্রপ	r a sh T r O p
প্রশ্নটিও	p r O s n O T i O
পোর্টে	p O r T e
দুদিন	d u d i n
এলাচি	e l a ch i
নতুনরূপে	n O t u n r u p e
বুখারেস্ট	b u kh a r e s T
কাছেপীঠে	k a chh e p i Th e
সংবাদগুলো	sh o ng b a d g u l O
ঝরবে	jh O r b e
পরিপাটি	p O r i p a T i
বহিরাগতদের	b O h i r a g o t O d e r
বাহা	b a h a
ইল্যান্সের	i l A n s e r
মহর্ষি	m o h O r sh i
মোদিই	m O d i i
সফরকারী	s o ph O r k a r i
শেখাব	sh e kh a b O
খিল	kh i l
সংস্কারক	s o ng s k a r O k
চম্পার	ch o mp a r
পরিবহনে	p O r i b o h O n e
কনকাকাফ	k o n k a k a ph
ভাংতে	bh a ng t e
পরিচিতিটা	p O r i ch i t i T a
পানিস্বল্পতা	p a n i sh o l p O t a
ব্যাহত	b A h O t O
সমালোচকরা	sh o m a l O ch O k r a
নেচারাল	n e ch a r a l
ছাত্রীকে	chh a tr i k e
চন্দন	ch o nd O n
আপত্তি	a p O tt i
বিচারপতিসহ	b i ch a r p O t i sh o h O
মাস্টারের	m a s T a r e r
পারল	p a r l O
আঘাতে	a gh a t e
রাজউককে	r a j u k k e
ফ্লোরটাচ	ph l O r T a ch
অশোকের	o sh O k e r
ভাঙেনি	bh a ng e n i
থাকিব	th a k i b O
প্রাণশক্তির	pr a n sh O kt i r
পেটাতে	p e T a t e
অভিষেকের	O bh i sh e k e r
বিরামহীনভাবে	b i r a m h i n bh a b e
দেশপ্রেম	d e sh O pr e m
নামমাত্র	n a m m a tr O
ফ্লাটে	ph l a T e
অনেকই	o n e k i
স্কোরকার্ডে	s k O r k a r D e
পূর্বের	p u r b e r
চাষীরা	ch a sh i r a
ফুলসহ	ph u l sh o h O
বাসনা	b a sh O n a
গ্যাজপ্রম	g A j pr O m O
রেনে	r e n e
সবকটিতে	sh o b k o T i t e
স্পেন্সের্স	s p e n s e r s
হত্যাকারীরা	h O t t a k a r i r a
স্ত্রীদের	s t r i d e r
ধর্মতত্ত্ব	dh o r m O t o t t O
ছাপানো	chh a p a n O
সন্ততির	sh o nt O t i r
ভবানী	bh o b a n i
মধুচন্দ্রিমা	m O dh u ch O ndr i m a
কৃষিজমি	k ri sh i j O m i
শরতে	sh o r O t e
পাশবিকতা	p a sh O b i k o t a
ছিলেনই	chh i l e n i
যুবতীদের	j u b O t i d e r
কিংস্টন	k i ng s T o n
গদ্যে	g O d d e
অল্পক্ষণের	o l p O kh o n e r
মন্ত্রি	m O n t r i
নল	n o l
বললুম	b O l l u m
ব্যাটা	b A T a
নীতু	n i t u
ফোটানো	ph O T a n O
চিত্রগ্রহণে	ch i tr O gr O h O n e
চিরে	ch i r e
ঘর্মাক্ত	gh o r m a kt O
কিশোরীরা	k i sh O r i r a
দেখুন	d e kh u n
লকেটের	l o k e T e r
চতুর্দিকে	ch O t u r d i k e
নিবন্ধনকৃত	n i b o ndh O n k ri t O
যাঁতাকলে	j a~ t a k o l e
গন্ধও	g o ndh O O
কান্ডারি	k a n D a r i
করলে	k O r l e
অক্সফোর্ডের	o k s ph O r D e r
মোনালী	m O n a l i
ফরেক্স	ph o r e k s
রাতুলের	r a t u l e r
নানাবিধ	n a n a b i dh
ভুল	bh u l
রুপিতে	r u p i t e
বানানটা	b a n a n T a
সমস্যার	sh o m O sh sh a r
জানবার	j a n b a r
বহুমুখী	b O h u m u kh i
সম্ভাবনাকে	sh o m bh a b O n a k e
ছমছমে	chh o m chh o m e
ওডেস্কে	O D e s k e
পুরুষদের	p u r u sh d e r
চিত্রপ্রদর্শনী	ch i tr O pr O d o r sh O n i
পছন্দমত	p o chh O nd O m o t O
ফটোশ্যুট	ph o T O sh u T
পরাশর	p o r a sh o r
ঘোষাল	gh O sh a l
বক্তব্যের	b O kt O b b e r
আনা	a n a
কাদাপানি	k a d a p a n i
নিয়েছিলেন	n i e chh i l e n
প্রযুক্তিবিশ্বে	pr O j u kt i b i sh sh e
চেলা	ch E l a
লেখাবে	l e kh a b e
মাবরুর	m a b r u r
নর্দমাগুলো	n o r d O m a g u l O
হাসমত	h a sh m o t
ক্যামোমিল	k A m O m i l
আগেরটি	a g e r T i
অন্তহীন	o nt O h i n
বরকত	b o r k O t
রুমটি	r u m T i
স্থানভেদে	sth a n bh e d e
পেশাগত	p e sh a g o t O
শিক্ষালাভ	sh i kkh a l a bh
বাধাহীনভাবে	b a dh a h i n bh a b e
আঠাশ	a Th a sh
বলেছিলেন	b O l e chh i l e n
স্কারলেট	s k a r l e T
পিতাকে	p i t a k e
মন্টিনিগ্রোর	m o n T i n i gr O r
খানেকের	kh a n e k e r
নাদালকে	n a d a l k e
মহাগ্রন্থ	m o h a gr O n th O
প্রটোকলে	pr O T O k o l e
তাৎক্ষণিকভাবে	t a t kh O n i k bh a b e
আরেকদিকে	a r e k d i k e
প্রদেশটিতে	pr O d e sh T i t e
অপশক্তি	o p O sh O kt i
ঢেকি	Dh e k i
এক্সপার্টের	e k s p a r T e r
সর	sh o r
তেম্বা	t e mb a
ক্রেতাই	kr e t a i
অনুমোদনহীন	O n u m O d O n h i n
ক্ষতিগ্রস্তদের	kh O t i g r O s t O d e r
উপলব্ধি	u p O l O b dh i
লাগাতে	l a g a t e
অটোতে	o T O t e
রুশপন্থী	r u sh p O n th i
কাতারকে	k a t a r k e
চোঁ	ch O~
কখনও	k o kh O n O
ব্যাপক	b A p O k
সন্ত্রাসমুক্ত	sh o n t r a sh m u kt O
মাচ	m a ch
পারছিল	p a r chh i l O
উপকারিতার	u p O k a r i t a r
নাটকগুলোর	n a T O k g u l O r
কূটনীতিকের	k u T n i t i k e r
কর্মজীবী	k o r m O j i b i
বৃষ্টিমুখর	b ri shT i m u kh o r
অষ্টাদশী	o s T a d O sh i
বাচাল	b a ch a l
পত্তন	p o tt O n
পারভিনের	p a r bh i n e r
লক্ষণই	l o kkh o n i
আক্রমনে	a kr O m O n e
যানজটমুক্ত	j a n j o T m u kt O
সর্দি	sh O r d i
হারু	h a r u
বিজিপিকে	b i j i p i k e
দ্রুতযান	d r u t O j a n
আগ্রহের	a gr O h e r
উর্বরতা	u r b o r O t a
দলটিকে	d o l T i k e
স্পিনারও	s p i n a r O
গারো	g a r O
দুশ	d u sh O
অমিতের	o m i t e r
পাঠাতেন	p a Th a t e n
মানবজীবন	m a n O b j i b O n
ড্রাম	D r a m
দেরীতে	d e r i t e
প্রতিবেশি	pr O t i b e sh i
পাঁচজন	p a~ ch j o n
খচখচ	kh o ch kh o ch
রূপম	r u p O m
বিস্ট	b i s T
শীতলীকরণ	sh i t O l i k o r O n
বিযুক্ত	b i j u kt O
হিব	h i b
হাওরের	h a O r e r
কন্দ	k o nd O
চরের	ch o r e r
আপত্তিও	a p O tt i O
অবস্থাটি	o b O sth a T i
অ্যালার্মটি	A l a r m T i
স্পার্ম	s p a r m
অভিধানে	o bh i dh a n e
রাখাটা	r a kh a T a
দুষ্টামি	d u shT a m i
পাখ	p a kh
রিলাক্স	r i l a k s
প্যারাগ্রাফ	p A r a gr a ph
করমর্দন	k o r O m o r d O n
কাশিতে	k a sh i t e
ভুবনেশ্বর	bh u b o n e sh sh o r
প্যাকেজ	p A k e j
নাছির	n a s i r
অ্যাকাউন্টেন্ট	A k a u n T e n T
মহিরুহ	m O h i r u h O
বর্গা	b o r g a
বিজিবিকে	b i j i b i k e
চলচ্চিত্রশিল্পের	ch o l O ch ch i tr O sh i l p e r
এখানের	e kh a n e r
পরিজনকে	p O r i j o n k e
ইষ্ট	i shT
ক্যাম্পে	k A mp e
চরমপন্থার	ch o r O m p o n th a r
সংবিধানকে	sh o ng b i dh a n k e
পরিসরে	p O r i sh o r e
সহধর্মিণী	sh o h O dh O r m i n i
অস্বচ্ছ	o sh O ch chh O
পদকসহ	p o d O k sh o h O
স্যাভি	s A bh i
ক্লাসগুলো	kl a sh g u l O
চরিত্রকে	ch O r i tr O k e
করমচা	k o r O m ch a
ডেজার্ট	D e j a r T
জাতিসংঘও	j a t i sh o ng gh O
মরগ্যানের	m o r g A n e r
পোর্টাল	p O r T a l
ধূমপানের	dh u m p a n e r
পৃথিবীর	p ri th i b i r
উদ্যান	u d d a n
গোলদার	g O l d a r
প্রদর্শনীও	pr O d O r sh O n i O
এতোকিছুর	E t O k i chh u r
প্রাণীতে	pr a n i t e
স্থিতির	sth i t i r
চ্যাপলিন	ch A p l i n
টেস্টে	T e s T e
জন্মান্তর	j o n m a nt o r
আধিপত্যে	a dh i p o t t e
কখনো	k o kh O n O
সর্ষের	sh O r sh e r
হিরের	h i r e r
ততটা	t o t O T a
বিক্রমাদিত্য	b i kr O m a d i t t O
মানুষকে	m a n u sh k e
প্রভাষ	pr O bh a sh
পোলক	p O l o k
আদনানকে	a d n a n k e
মংডুতে	m O ng D u t e
মধুরতা	m O dh u r o t a
ক্ষতের	kh o t e r
জাগ্রত	j a gr o t O
আদুরে	a d u r e
অগ্নিগর্ভ	O g n i g o r bh O
ভাগনিকে	bh a g n i k e
ইনকাম	i n k a m
তোশকের	t O sh O k e r
মানবজীবনে	m a n O b j i b O n e
অদক্ষ	o d o kkh O
বিদেশিনীর	b i d e sh i n i r
রকম	r o k O m
জানেন	j a n e n
সমপরিমান	sh o m O p O r i m a n
সর্বপ্রধান	sh o r b O pr O dh a n
আদিলকে	a d i l k e
ওখানকার	O kh a n k a r
অনেকদিন	o n e k d i n
থামানো	th a m a n O
যাবেনই	j a b e n i
বাদ্যযন্ত্রের	b a d d O j o n t r e r
ট্রিম	T r i m
বিশ্লেষণধর্মী	b i s l e sh O n dh O r m i
যাত্রাবিরতি	j a tr a b i r O t i
সমাজবিজ্ঞানীরা	sh o m a j b i g g a n i r a
আঘাতও	a gh a t O
নারীদেরও	n a r i d e r O
ঘাঁটাঘাঁটি	gh a~ T a gh a~ T i
লাক্ষা	l a kkh a
আধিপত্যবাদী	a dh i p o t t O b a d i
চালানোও	ch a l a n O O
অর্থেরও	o r th e r O
কহেন	k o h e n
কুলুপ	k u l u p
অগ্রভাগ	o gr O bh a g
শুটারগান	sh u T a r g a n
লটকন	l o T k o n
দলটি	d o l T i
বাজাচ্ছে	b a j a ch chh e
বিবৃতিও	b i b ri t i O
ইতিহাসবিদরা	i t i h a sh b i d r a
দেশটিতে	d e sh T i t e
পঁচে	p O~ ch e
বুঝতেন	b u jh t e n
চলচ্চিত্রটিও	ch o l O ch ch i tr O T i O
তৎপরবর্তী	t o t p o r O b O r t i
পাঁচি	p a~ ch i
বোধশক্তি	b O dh sh O kt i
ইংরেজীতে	i ng r e j i t e
কেরানীহাট	k e r a n i h a T
মেট্রোপলিটান	m e T r O p o l i T a n
বছির	b O chh i r
অসংলগ্নতা	o sh o ng l o g n O t a
এক্সপার্টরা	e k s p a r T r a
ইতিহাসবিদদের	i t i h a sh b i d d e r
প্রত্যেকেই	pr O t t e k e i
দেখাননি	d E kh a n n i
বহুবিধ	b O h u b i dh
খাদি	kh a d i
সম্মানার্থে	sh o mm a n a r th e
পরিষদকে	p O r i sh o d k e
কোটিং	k O T i ng
এঘটনার	e gh o T O n a r
মাছকে	m a chh k e
পশ্চিমারা	p O sh ch i m a r a
পাংশা	p a ng sh a
খ্রিষ্টাব্দের	kh r i shT a b d e r
প্রস্থে	pr O sth e
চালালো	ch a l a l O
থাকেনি	th a k e n i
অবলম্বন	o b O l o mb O n
ধুঁকতে	dh u~ k t e
শুনেছেন	sh u n e chh e n
বনমন্ত্রী	b o n m O n t r i
ঠাণ্ডা	Th a n D a
এজবাস্টন	e j b a s T o n
কাটছাঁট	k a T chh a~ T
শব	sh o b
অনাদিকাল	o n a d i k a l
উৎকণ্ঠিত	u t k O n Th i t O
শিল্পপতির	sh i l p O p O t i r
দারিদ্রতা	d a r i d r O t a
লুব্রিকেন্ট	l u br i k e n T
খেলবে	kh e l b e
প্রণোদনার	pr O n O d O n a r
উপজাত	u p O j a t
ক্রেজি	kr e j i
অন্যান্যদের	O n n a n n O d e r
আন্দোলন	a nd O l O n
দস্তিদার	d O st i d a r
টেকনাফে	T e k n a ph e
সহি	sh O h i
এপিবিএন	e p i b i e n
লালকৃষ্ণ	l a l k ri shN O
বৃদ্ধদের	b ri d dh O d e r
দেখাশুনা	d E kh a sh u n a
প্রাণিত	pr a n i t O
ধ্বনি	dh O n i
বক্করের	b o k k O r e r
ঋতু	ri t u
পারভীনের	p a r bh i n e r
ভীষণভাবে	bh i sh O n bh a b e
কুকুরটির	k u k u r T i r
চেম্বারের	ch e mb a r e r
যথাক্রমে	j o th a kr O m e
কানুন	k a n u n
এধরনের	e dh o r O n e r
হরেক	h o r e k
ব্যাটারিটি	b A T a r i T i
একফোঁটা	E k ph O~ T a
শ্রমিকদের	s r O m i k d e r
কদরও	k o d O r O
মহাসংকটে	m o h a sh o ng k O T e
শ্বেতপত্র	sh e t p o tr O
সত্তুর	sh O tt u r
ইপিআরের	i p i a r e r
ভুত	bh u t
গীতিকারের	g i t i k a r e r
রাণীর	r a n i r
আছমা	a chh m a
প্রাণহানিতে	pr a n h a n i t e
কোস্টারিকা	k O s T a r i k a
প্রস্তাবিত	pr O st a b i t O
দেখতে	d e kh t e
পূর্তির	p u r t i r
ছুটছি	chh u T chh i
বন্দুকধারীদের	b O nd u k dh a r i d e r
পিবিএফ	p i b i e ph
এলাকার	e l a k a r
কষছে	k O sh chh e
হামিদুর	h a m i d u r
বাঘদের	b a gh d e r
আইনটির	a i n T i r
ঢক	Dh o k
ঘটনাস্থলের	gh o T O n a sth o l e r
কান্নাকাটির	k a nn a k a T i r
সচেতনতামূলক	sh o ch e t o n O t a m u l O k
পিকচার্স	p i k ch a r s
থাকলে	th a k l e
স্বাস্থ্যপরীক্ষার	sh a sh th O p O r i kkh a r
আসমারা	a s m a r a
বেহেশতে	b e h e sh t e
আলংকারিক	a l O ng k a r i k
গল্পগ্রন্থ	g o l p O gr O n th O
বানচাল	b a n ch a l
শিল্পও	sh i l p O O
জানুন	j a n u n
মহিমার	m O h i m a r
প্রতাপশালী	pr O t a p sh a l i
হচ্ছেন	h O ch chh e n
যখনই	j o kh O n i
ভূকম্প	bh u k o mp O
রোগীকে	r O g i k e
অবরোধকারীদের	o b O r O dh k a r i d e r
সর্দিজ্বর	sh O r d i j o r
বিজ্ঞাপনচিত্রের	b i g g a p O n ch i tr e r
সংবাদের	s o ng b a d e r
অতি	O t i
খুঁটে	kh u~ T e
জার্নালে	j a r n a l e
উপরিভাগ	u p O r i bh a g
অগ্নিনির্বাপন	O g n i n i r b a p O n
ধর্মীয়	dh O r m i O
চন্দননগর	ch o nd O n n o g O r
সংগোপনে	sh o ng g O p O n e
সংগঠনগুলো	sh o ng g o Th O n g u l O
মদ্যপানে	m O d d O p a n e
গাত্র	g a tr O
এপারের	e p a r e r
ডাকনাম	D a k n a m
বাতলে	b a t l e
এথেন্সে	e th e n s e
ভিজিএফের	bh i j i e ph e r
কল্পকাহিনীর	k o l p O k a h i n i r
আখিরাতে	a kh i r a t e
ধারনের	dh a r O n e r
নুসরাত	n u s r a t
ছে	chh e
তে	t e
ধর্মচর্চা	dh o r m O ch o r ch a
মণ্ডপ	m o n D O p
যত্নসহকারে	j o t n O sh o h O k a r e
ব্লকপ্রিন্ট	bl o k pr i n T
বারগুলোর	b a r g u l O r
মেজ	m e j O
উঠলাম	u Th l a m
চান্দিমাল	ch a nd i m a l
কীর্তিতে	k i r t i t e
তুলছিলেন	t u l chh i l e n
থাকেননি	th a k e n n i
শিক্ষার্থীদেরও	sh i kkh a r th i d e r O
কদরই	k o d O r i
তাহে	t a h e
ঘনিষ্ট	gh O n i shT O
সংগীতজগতের	sh O ng g i t j o g O t e r
শেখর	sh e kh o r
ঠেকা	Th E k a
সম্মেলনে	sh o mm e l O n e
বাজেটে	b a j e T e
ঘোষণা	gh O sh O n a
ছবিগুলো	chh O b i g u l O
রোটারি	r O T a r i
রাত্রি	r a tr i
ব্রিজের	br i j e r
সরিষা	sh O r i sh a
পাতাও	p a t a O
ডোন্ট	D O n T
স্ত্রীরোগ	s t r i r O g
রিপোর্ট	r i p O r T
পর্বতারোহণ	p o r b O t a r O h O n
সর্বসম্মতভাবে	sh o r b O sh o mm O t O bh a b e
পেরুনোর	p e r u n O r
শুনব	sh u n b O
এতকাল	e t O k a l
টিকবে	T i k b e
ফাটা	ph a T a
মাথাব্যথার	m a th a b A th a r
চিরঞ্জীব	ch i r O nj i b
হার্শ	h a r sh
মেকাপ	m e k a p
মুষ্টিযোদ্ধা	m u shT i j O d dh a
পরিচিতজনেরা	p O r i ch i t O j o n e r a
লিখন	l i kh o n
ঝোলে	jh O l e
ব্রাড	br a D
অন্যতম	O n n O t o m O
টিটুর	T i T u r
তাছাড়া	t a chh a r a
ধূর্ত	dh u r t O
কাঁচামালের	k a~ ch a m a l e r
ব্যবস্থাপনাকে	b A b O sth a p o n a k e
হাঁকে	h a~ k e
তিনিজানান	t i n i j a n a n
পরেছি	p O r e chh i
শাস্ত্র	sh a s t r O
ভূখণ্ড	bh u kh o n D O
বিচারকও	b i ch a r O k O
হাসবে	h a sh b e
পটারিতে	p o T a r i t e
হারুণ	h a r u n
হাঁসকে	h a~ sh k e
ছেলেটিকে	chh e l e T i k e
আযাদ	a j a d
উচ্চতর	u ch ch O t o r O
গৃহস্থালিতে	g ri h o sth a l i t e
ভেটকি	bh e T k i
তোর	t O r
আসত্তি	a sh O tt i
কিনতো	k i n t O
পরিসংখ্যানই	p O r i sh o ng kh a n i
আসম	a sh O m
ইঁহারা	i~ h a r a
জুতাটা	j u t a T a
সমবেদনা	sh o m O b e d O n a
ছোটে	chh O T e
রেখো	r e kh O
ক্যাটারিং	k A T a r i ng
কিকটি	k i k T i
প্যাকেটটি	p A k e T T i
শেষার্ধে	sh e sh a r dh e
ঘাপটি	gh a p T i
নববসন্ত	n o b O b o sh O nt O
মোহাচ্ছন্ন	m O h a ch chh O nn O
রচনাকে	r o ch O n a k e
পরীক্ষাগারে	p O r i kkh a g a r e
জেলহাজতে	j e l h a j O t e
কাঁদা	k a~ d a
পাকানো	p a k a n O
তিমির	t i m i r
উৎপাদনকে	u t p a d O n k e
গ্রামভিত্তিক	gr a m bh i tt i k
মলের	m o l e r
দেখালে	d E kh a l e
তিরিশি	t i r i sh i
পরিচিতজন	p O r i ch i t O j o n
মতোও	m o t O O
মকরের	m o k O r e r
অসংখ্যা	o sh o ng kh a
বিদ্রোহী	b i d r O h i
বনশ্রীকে	b o n O s r i k e
পদটিও	p o d T i O
পদ্ধতিকে	p o d dh O t i k e
হিন্দিতে	h i nd i t e
শিখে	sh i kh e
গবেষকদের	g o b e sh o k d e r
লোকগুলোর	l O k g u l O r
কাঠের	k a Th e r
ইনস্টাগ্রামে	i n s T a gr a m e
ব্যাংকটিকে	b A ng k T i k e
এসবই	e sh o b i
বিদেশি	b i d e sh i
আলোকচিত্রীরা	a l O k ch i tr i r a
দখলও	d o kh O l O
গ্যাসক্ষেত্র	g A s kh e tr O
আখ	a kh
ফোরে	ph O r e
অমানবিকভাবে	o m a n O b i k bh a b e
ধস্তাধস্তিতে	dh o st a dh O st i t e
একগাল	E k g a l
নারীটির	n a r i T i r
সহেলী	s o h e l i
বিষ্ণুপ্রিয়া	b i shN u pr i a
আশাবাদী	a sh a b a d i
যানবাহনই	j a n b a h o n i
শিল্পকর্ম	sh i l p O k o r m o
পণ্যভর্তি	p o n n O bh O r t i
অগাস্টে	o g a s T e
দুর্গন্ধমুক্ত	d u r g o ndh O m u kt O
ধরিত্রী	dh O r i tr i
রাজস্থানের	r a j O sth a n e r
কমিটিসহ	k o m i T i sh o h O
বাফেট	b a ph e T
অসম্মানজনক	o sh o mm a n j o n O k
গবেষনা	g o b e sh O n a
ফুলগাছ	ph u l g a chh
প্রোপার্টি	pr O p a r T i
দলবাজ	d o l b a j
বন্দেগী	b o nd e g i
পানিরোধক	p a n i r O dh O k
গলিপথে	g O l i p o th e
নির্বাহি	n i r b a h i
খট	kh o T
সম্পৃক্ত	s o mp ri kt O
ইএসপিএনে	i e s p i e n e
জেপি	j e p i
তাঁতবস্ত্র	t a~ t b o s t r O
কমেন্টের	k o m e n T e r
চালচলন	ch a l ch o l O n
ঘটাবেন	gh o T a b e n
পরীক্ষাকেন্দ্রের	p O r i kkh a k e ndr e r
ঝরেছিল	jh O r e chh i l O
বিলুপ্ত	b i l u p t O
পরিপাক	p O r i p a k
গোলগুলো	g O l g u l O
কচু	k O ch u
উত্তরই	u tt O r i
নম্বরসহ	n o mb O r sh o h O
ভিক্ষা	bh i kkh a
পশ্চিমি	p O sh ch i m i
পারাপারের	p a r a p a r e r
গলবে	g O l b e
কারিনাকে	k a r i n a k e
লাখো	l a kh O
এসটি	e s T i
হোলি	h O l i
আমস্টারডামের	a m s T a r D a m e r
ট্রাস্টি	T r a s T i
বহু	b O h u
শর্মাও	sh o r m a O
দলপতি	d o l O p O t i
কাঁটার	k a~ T a r
টেন্ডারবাজি	T e n D a r b a j i
যাপিত	j a p i t O
ঝুলতে	jh u l t e
প্লামি	p l a m i
জান্তা	j a nt a
কুণ্ডু	k u n D u
শ্বাসরোধে	sh a sh r O dh e
অনুষ্ঠানটির	O n u shTh a n T i r
পালালেন	p a l a l e n
অন্য	O n n O
ঘষলে	gh O sh l e
যোগাযোগব্যবস্থার	j O g a j O g b A b O sth a r
শিশুতোষ	sh i sh u t O sh
ছাত্রজীবন	chh a tr O j i b o n
রুটিন	r u T i n
রাতকানা	r a t k a n a
অত্যাচারী	O t t a ch a r i
উপলক্ষ্য	u p O l O kkh O
ভূমিকার	bh u m i k a r
নির্ভুলভাবে	n i r bh u l bh a b e
মর্ম	m o r m O
গাড়ির	g a r i r
হস্তি	h O st i
অনন্যতা	o n O n n O t a
শিল্পকর্মকে	sh i l p O k o r m O k e
পরিবর্তনও	p O r i b o r t O n O
শিখরে	sh i kh o r e
বাঞ্জ	b E nj O
পরাধীনতার	p o r a dh i n o t a r
অংশীদারদের	o ng sh i d a r d e r
সংখ্যাটিকে	sh o ng kh a T i k e
ধান্ধা	dh a ndh a
অপেক্ষমাণ	o p e kkh O m a n
জেলাগুলোর	j e l a g u l O r
ব্রাদারহুড	br a d a r h u D
প্রার্থীসংখ্যা	pr a r th i sh o ng kh a
নভোচারীদের	n o bh O ch a r i d e r
কাছ	k a chh
গর্ভে	g o r bh e
বচ্চন	b o ch ch o n
লুবনা	l u b n a
প্রতিমন্ত্রীরা	pr O t i m O n t r i r a
নারীদেরই	n a r i d e r i
দেখভাল	d e kh bh a l
ভিক্ষুকে	bh i kkh u k e
শাসনাধীন	sh a sh O n a dh i n
বীরশ্রেষ্ঠদের	b i r s r e shTh O d e r
প্রশ্নকর্তা	pr O sh n O k o r t a
পূর্ববাংলা	p u r b O b a ng l a
প্রামাণ্যচিত্রের	pr a m a n n O ch i tr e r
লাবনীর	l a b O n i r
অপ্রকৃত	o pr O k ri t O
অপরিচ্ছন্ন	o p O r i ch chh o nn O
ঘরমুখো	gh o r m u kh O
পত্রের	p o tr e r
বোনটা	b O n T a
যাযাবরের	j a j a b o r e r
ভরাডুবি	bh o r a D u b i
অপবাদের	o p O b a d e r
কুদরতে	k u d r o t e
মঞ্জিল	m O nj i l
শমরিতা	sh o m O r i t a
এনরোলমেন্ট	e n r O l m e n T
সন্ধ্যাটা	sh O n dh a T a
টিএফআর	T i e ph a r
বাচ্চা	b a ch ch a
পারুম	p a r u m
পেরেরা	p e r e r a
কনফেডারেশনের	k O n ph e D a r e sh o n e r
চিবাতে	ch i b a t e
বিবাহপরবর্তী	b i b a h O p o r O b O r t i
পণ্যে	p O n n e
খিজির	kh i j i r
স্বদেশ	sh o d e sh
কূটনীতিবিদ	k u T n i t i b i d
ট্যুরিজম	T u r i j o m
চাননা	ch a n n a
প্রোডাকশনে	pr O D a k sh o n e
স্টেফানো	s T e ph a n O
রুচিকর	r u ch i k o r
ভোকাবুলারি	bh O k a b u l a r i
হাতকে	h a t k e
চালাচ্ছিলেন	ch a l a ch chh i l e n
স্কাল্পচার	s k a l p ch a r
অদিত	o d i t
বিশ্বযুদ্ধের	b i sh sh O j u d dh e r
অনুষ্টানে	O n u s T a n e
মতিগতি	m O t i g O t i
পারফরমেন্সের	p a r ph o r m e n s e r
ত্রিবেদীর	tr i b e d i r
আরেকদিন	a r e k d i n
রোদ্দুরে	r O d d u r e
রুপ	r u p
উৎপাদনসহ	u t p a d O n sh o h O
শতগুণ	sh o t O g u n
রতন	r o t O n
ঈদসংখ্যা	i d sh o ng kh a
টাগ	T a g
শুধু	sh u dh u
লণ	l o n
দীক্ষা	d i kkh a
শকে	sh o k e
অর্থনীতিও	o r th O n i t i O
ঢালচর	Dh a l ch o r
মেশানোর	m e sh a n O r
বাতজ্বরের	b a t j o r e r
অবরোধসহ	o b O r O dh sh o h O
চাচ্চু	ch a ch ch u
কনস্ট্রাকশন	k o n s T r a k sh o n
ভেদে	bh e d e
রাঙামাটিতে	r a ng a m a T i t e
কর্মপন্থা	k o r m O p o n th a
ফক্সকন	ph o k s k o n
ঘুঁটে	gh u~ T e
আটঘাট	a T gh a T
গমটা	g o m T a
কারেন	k a r e n
অভিভাবকরা	O bh i bh a b o k r a
সজ্জা	sh o j j a
শান্তনা	sh a nt O n a
ব্রাশে	br a sh e
হ্যাট	h A T
উচ্চমধ্য	u ch ch O m O d dh O
ফিতুর	ph i t u r
যুদ্ধাপরাধীদের	j u d dh a p O r a dh i d e r
অধিভুক্ত	O dh i bh u kt O
পেরোতে	p e r O t e
সংস্থাকে	sh o ng sth a k e
প্রতিযোগীর	pr O t i j O g i r
জ্ঞানভিত্তিক	g A n bh i tt i k
ধরিত্রীর	dh O r i tr i r
ধূমপানকে	dh u m p a n k e
খাঁচার	kh a~ ch a r
ট্রাকটির	T r a k T i r
কার্পেটিং	k a r p e T i ng
ট্রেনিং	T r e n i ng
ঝন্টু	jh O n T u
শিল্পকলার	sh i l p O k o l a r
বৃদ্ধরা	b ri d dh O r a
রেজিমেন্টে	r e j i m e n T e
পারছিলেন	p a r chh i l e n
সংগ্রহকারী	sh o ng gr O h O k a r i
গটগট	g o T g o T
দুর্ভি	d u r bh i
এক্স	e k s
নেত্রীদের	n e tr i d e r
যত্নশীল	j o t n O sh i l
চুমুক	ch u m u k
হর্নের	h o r n e r
কাউন্টারে	k a u n T a r e
খাদির	kh a d i r
দ্যাখ	d A kh
টুথব্রাশ	T u th br a sh
মানবেন	m a n b e n
হত্যাকে	h O t t a k e
আত্মজীবনী	a t t O j i b O n i
ইজম	i j o m
চরিত্রটা	ch O r i tr O T a
হিটের	h i T e r
ইনডেক্সে	i n D e k s e
বাধলে	b a dh l e
সরকারিভাবে	sh o r k a r i bh a b e
পরাভূত	p o r a bh u t O
দুম্বা	d u mb a
ব্যারিস্টারি	b A r i s T a r i
অস্তিত্বের	O st i tt e r
জেনেছে	j e n e chh e
যোগানদাতা	j O g a n d a t a
ল্যাকটিক	l A k T i k
ড্রেন	D r e n
হাদিকে	h a d i k e
যন্ত্রণাকাতর	j o n t r O n a k a t O r
পথিকৃত	p O th i k ri t O
পিত্ত	p i tt O
সন্দেহে	sh o nd e h e
ডায়োড	D a O D
উদ্দেশ্যও	u d d e sh sh O O
প্রেক্ষিতে	pr e kkh i t e
টিএনএন	T i e n e n
বেশির	b e sh i r
ভাবীর	bh a b i r
ক্যামেরাবন্দী	k A m e r a b O nd i
মহার্ঘ্য	m o h a r gh O
গচ্ছা	g o ch chh a
পদোন্নতি	p o d O nn O t i
বালুর	b a l u r
শিক্ষাপ্রতিষ্ঠানগুলোর	sh i kkh a pr O t i shTh a n g u l O r
সংযোগে	sh o ng j O g e
বিপন্নতার	b i p o nn O t a r
রকমই	r o k O m i
ক্যাম্প	k A mp
চারজন	ch a r j O n
ব্যবহারকারীরা	b A b O h a r k a r i r a
সপ্তদশ	sh o p t O d o sh
জান্নাত	j a nn a t
সংশোধনও	sh o ng sh O dh O n O
ব্যাচের	b A ch e r
দারূণ	d a r u n
সমীকরণে	sh O m i k o r O n e
কাঁচাবাজার	k a~ ch a b a j a r
ওভারের	O bh a r e r
সংস্থাগুলোও	sh o ng sth a g u l O O
মাতা	m a t a
প্রহারে	pr O h a r e
নোজ	n O j
যোগাযোগটা	j O g a j O g T a
অনিচ্ছাকৃতভাবে	o n i ch chh a k ri t O bh a b e
গরুকে	g O r u k e
পানে	p a n e
চুরিতে	ch u r i t e
অটিজম	o T i j o m
কাঁপতে	k a~ p t e
জখম	j o kh o m
উর্দুই	u r d u i
জপতে	j O p t e
চিহ্নের	ch i n n e r
শিলং	sh i l o ng
খেলল	kh e l l O
কাঁখে	k a~ kh e
ডেকোরেশন	D e k O r e sh o n
বাহার	b a h a r
হাঁটাচলার	h a~ T a ch o l a r
আপের	a p e r
বেচাকেনা	b e ch a k e n a
ক্রিকেটারেরা	kr i k e T a r e r a
বিকোচ্ছে	b i k O ch chh e
সমালোচনা	sh o m a l O ch O n a
বর্গমিটারের	b o r g O m i T a r e r
পশ্চিমাকাশে	p O sh ch i m a k a sh e
উদাত্ত	u d a tt O
শিষ্যকে	sh i sh sh O k e
একজন	E k j O n
জন্মগত	j o n m O g o t O
উৎপাদনেও	u t p a d O n e O
ধোঁকা	dh O~ k a
খুঁজবেন	kh u~ j b e n
পাপাচার	p a p a ch a r
কোরেশি	k O r e sh i
কলটি	k o l T i
প্রাণীও	pr a n i O
ভূক্তভোগী	bh u kt O bh O g i
ভাগীদার	bh a g i d a r
বেশীর	b e sh i r
প্রেরিত	pr e r i t O
ভেলে	bh e l e
অভিষেকও	O bh i sh e k O
ক্ষেতে	kh e t e
ক্ষেত্র	kh e tr O
শিশুকালে	sh i sh u k a l e
গাড়ী	g a r i
কালচারাল	k a l ch a r a l
খোদাভীতি	kh O d a bh i t i
পাঁচদোনা	p a~ ch d O n a
রাখতো	r a kh t O
অভাবিত	o bh a b i t O
কার্ডধারীদের	k a r D dh a r i d e r
প্রস্রাবে	pr O s r a b e
জান্নাতির	j a nn a t i r
তোলেননি	t O l e n n i
ত্রাণের	tr a n e r
হাঁটি	h a~ T i
উত্তাপ	u tt a p
মেমব্রেন	m e m br e n
চাঁপার	ch a~ p a r
পাশপাশি	p a sh a p a sh i
অতুল	o t u l
বোটে	b O T e
এজেন্টকে	e j e n T k e
দলগুলোও	d o l g u l O O
গোধূলির	g O dh u l i r
কদমতলী	k o d O m t O l i
মাথাসহ	m a th a sh o h O
কুটিরে	k u T i r e
মারলন	m a r l o n
রমেন	r o m e n
বিআরটিএতে	b i a r T i e t e
মেকং	m e k o ng
ফুটপাতের	ph u T p a t e r
ব্রুক	br u k
অর্পণা	o r p O n a
ফলকনামা	ph o l O k n a m a
কাঁপাতে	k a~ p a t e
আপনজনকে	a p o n j o n k e
প্রথমা	pr O th O m a
অজ্ঞানপার্টি	o g g a n p a r T i
শিবলী	sh i b l i
উৎপাদনশীল	u t p a d O n sh i l
উদ্ধারকৃতরা	u d dh a r k ri t O r a
করতাল	k o r O t a l
মাথাটা	m a th a T a
পদগুলো	p o d g u l O
ড্রোনটি	D r O n T i
মাঠগুলো	m a Th g u l O
পোস্টের	p O s T e r
নক্সা	n o k s a
ভাবের	bh a b e r
কৃষ্ণচন্দ্র	k ri shN O ch o ndr O
নাখোশ	n a kh O sh
পালা	p a l a
দ্বিমত	d i m o t
পার্টিকে	p a r T i k e
ভালোলাগা	bh a l O l a g a
নাজিলের	n a j i l e r
অ্যাপল	A p O l
ফুটের	ph u T e r
মুখভর্তি	m u kh bh O r t i
মহাপরিচালক	m o h a p O r i ch a l O k
ক্যারোলিনা	k A r O l i n a
রেসকোর্স	r e s k O r s
শুমারির	sh u m a r i r
পিং	p i ng
দেখিতে	d e kh i t e
ধরব	dh O r b O
চেনাজানা	ch e n a j a n a
সমঝদার	sh o m O jh d a r
সর্বজনীন	sh o r b O j O n i n
ইনস্ট্যান্ট	i n s T A n T
খাব	kh a b O
বিতর্কিত	b i t O r k i t O
পশ্চাৎ	p o sh ch a t
ঝুঁটি	jh u~ T i
আদ্রতা	a d r O t a
গদ্যকে	g o d d O k e
আজতক	a j t o k
নম্বরপত্র	n o mb O r p o tr O
উঁকিঝুঁকি	u~ k i jh u~ k i
হিংস্র	h i ng s r O
পরিমাণই	p O r i m a n i
প্রযোজকও	pr O j O j o k O
তারুণ্য	t a r u n n O
উপপাদ্য	u p O p a d d O
পক্ষের	p o kkh e r
জোবেরা	j O b e r a
অংশীদারত্ব	O ng sh i d a r O tt O
অবরোধকারী	o b O r O dh k a r i
ঘাঁটির	gh a~ T i r
বিদেশীদের	b i d e sh i d e r
লেখালেখির	l e kh a l e kh i r
রূপবান	r u p O b a n
রিট	r i T
পতাকাটা	p o t a k a T a
ভগ্নিপতির	bh O g n i p O t i r
পর্তুগীজ	p O r t u g i j
তুলেছিলেন	t u l e chh i l e n
ভেবেছে	bh e b e chh e
যুধিষ্ঠিরের	j u dh i shTh i r e r
প্রসবব্যথা	p r O sh o b b A th a
ধনেশ	dh o n e sh
খরচটা	kh o r O ch T a
কেঁদো	k e~ d O
হোস্টিং	h O s T i ng
ডিভিএমসহ	D i bh i e m sh o h O
চর্চাটা	ch o r ch a T a
হাঁটছিলেন	h a~ T chh i l e n
ডিফেন্সে	D i ph e n s e
চ্যাটিং	ch A T i ng
ক্রিজের	kr i j e r
রুচিহীন	r u ch i h i n
যুব	j u b O
বিতর্কিতদের	b i t o r k i t O d e r
বেহারী	b e h a r i
ফেললে	ph e l l e
জালভোট	j a l bh O T
প্রতিষ্ঠানগুলোর	pr O t i shTh a n g u l O r
কাটলেন	k a T l e n
পুঞ্জীভূত	p u nj i bh u t O
হারাল	h a r a l O
ভূত্বকের	bh u t o k e r
অন্তঃস্থ	o n t O sth O
পরাধীনতা	p o r a dh i n o t a
পারফরম	p a r ph o r m
অভিমুখী	O bh i m u kh i
অহংকারে	o h O ng k a r e
খুঁজেছি	kh u~ j e chh i
নাছিরকে	n a s i r k e
ছাত্ররা	chh a tr O r a
দেবেশ	d e b e sh
পাবলিকেশন্সের	p a b l i k e sh o n sh e r
উচ্ছেদের	u ch chh e d e r
বেলাই	b E l a i
বুদ্ধ	b u d dh O
চোট	ch O T
ঘুমোতে	gh u m O t e
দোষী	d O sh i
ধরল	dh O r l O
ড্রিবলিং	D r i b l i ng
পন্থা	p o n th a
শোনাব	sh O n a b O
শেখাল	sh e kh a l O
বিড়ালগুলোর	b i r a l g u l O r
রাজবীর	r a j b i r
ক্ষেত্রও	kh e t r O O
লাজ	l a j
হলেন	h O l e n
রাত্রে	r a tr e
ক্ষীর	kh i r
পারুক	p a r u k
এলডিপির	e l D i p i r
বিতর্ক	b i t o r k O
ভি	bh i
মানুষগুলোর	m a n u sh g u l O r
মেকিং	m e k i ng
শুল্কসহ	sh u l k O sh o h O
স্টুল	s T u l
ছাতু	chh a t u
জবি	j o b i
ক্রমে	kr O m e
বাসভবন	b a sh bh o b O n
নিষ্পেষিত	n i sh p e sh i t O
আবির্ভাবের	a b i r bh a b e r
ডিবিতে	D i b i t e
হাসছিল	h a sh chh i l O
পোস্টারের	p O s T a r e r
পরোক্ষভাবে	p o r O kkh O bh a b e
শোষণের	sh O sh O n e r
হকই	h o k i
দ্রবণে	d r O b O n e
কর্মকর্তাকে	k o r m O k o r t a k e
আরোহীদের	a r O h i d e r
কিডনী	k i D n i
রুনার	r u n a r
প্রতিপত্তি	pr O t i p O tt i
স্তরে	st o r e
যেভাবে	j e bh a b e
লিজার	l i j a r
সংকোচ	sh o ng k O ch
আরেকটির	a r e k T i r
শ্রীকৃষ্ণকীর্তন	s r i k ri shN O k i r t O n
ঘটনাস্থলে	gh o T O n a sth o l e
অতোটা	o t O T a
দলাদলি	d o l a d O l i
একবীজপত্রী	E k b i j p O tr i
শিক্ষাসংশ্লিষ্ট	sh i kkh a sh o ng s l i shT O
অধিক	O dh i k
লক্ষ্যভেদ	l O kkh O bh e d
হাস্য	h a sh sh O
টার্ফে	T a r ph e
স্কেচ	s k e ch
ব্রেকডান্স	br e k D a n s
জাহিনটেক্স	j a h i n T e k s
জাপানি	j a p a n i
দেখ	d E kh
রিজভীকে	r i j bh i k e
পাখিসহ	p a kh i sh o h O
বার্ষিকীতে	b a r sh i k i t e
উপকৃত	u p O k ri t O
গোত্রের	g O tr e r
কক	k o k
শুনছিলেন	sh u n chh i l e n
দ্বিধান্বিত	d i dh a n n i t O
অন্ধ্র	o n dh r O
চোখাচোখি	ch O kh a ch O kh i
উতরাতে	u t r a t e
সন্ধে	sh o ndh e
দুরবস্থা	d u r o b O sth a
গণমাধ্যমে	g o n O m a d dh O m e
কালোকে	k a l O k e
মনোসংযোগ	m O n O sh o ng j O g
রেজিস্ট্রেশনবিহীন	r e j i s T r e sh o n b i h i n
দিদিকে	d i d i k e
দুটিসহ	d u T i sh o h O
ভাগ্যটা	bh a g g O T a
মোটরগাড়ির	m O T O r g a r i r
ভাঙাচোরা	bh a ng a ch O r a
কারসহ	k a r sh o h O
ফুটানোর	ph u T a n O r
মহাকাশযানটি	m o h a k a sh j a n T i
চতুষ্কোণ	ch O t u sh k O n
বিপদাপদ	b i p o d a p O d
তালের	t a l e r
সমাজও	sh o m a j O
অর্বাচীন	o r b a ch i n
ভোটাভুটি	bh O T a bh u T i
রাজবন্দীর	r a j b O nd i r
কিতা	k i t a
আঁতাতের	a~ t a t e r
উদ্ভূত	u d bh u t O
শিক্ষাপ্রতিষ্ঠানগুলো	sh i kkh a pr O t i shTh a n g u l O
বেজা	b e j a
খুনীদের	kh u n i d e r
ফেরেশতাগণ	ph e r e sh t a g o n
ভূমিহীনদের	bh u m i h i n d e r
আভাষ	a bh a sh
অলংকার	o l O ng k a r
ক্যানটিন	k A n T i n
উদ্যানতত্ত্ব	u d d a n t o t t O
শহিদকে	sh O h i d k e
পর্ষদ	p o r sh O d
কীর্তিও	k i r t i O
উপজাতিদের	u p O j a t i d e r
মেক	m e k
মোড়ের	m O r e r
এজিএম	e j i e m
অন্তঃসত্ত্বা	o n t O sh o t t a
সমাপ্তির	sh o m a p t i r
এভিএন	e bh i e n
গল্পটি	g o l p O T i
বংশগতভাবে	b o ng sh O g o t O bh a b e
মানবজাতিকে	m a n O b j a t i k e
হেলাফেলা	h E l a ph E l a
শিকারীদের	sh i k a r i d e r
স্বরূপের	sh o r u p e r
পথ্য	p O t th O
কলেজছাত্রী	k o l e j chh a tr i
লক্ষণও	l o kkh O n O
ভাজলে	bh a j l e
খবির	kh O b i r
অসহিষ্ণু	o sh O h i shN u
ছাত্রছাত্রীদের	chh a tr O chh a tr i d e r
কাহ্ন	k a n n O
মরণপণ	m o r O n p o n
যন্ত্রপাতি	j o n t r O p a t i
প্রচ	pr O ch
গননাকারী	g o n O n a k a r i
নাটেশ্বর	n a T e sh sh o r
স্বদেশপ্রেম	sh o d e s p r e m
জেড	j e D
বিভাজন	b i bh a j o n
তেমনটা	t E m O n T a
বিজ্ঞাপণ	b i g g a p O n
শ্বেতশুভ্র	sh e t O sh u bh r O
তাপদাহ	t a p O d a h O
রূপদান	r u p d a n
ব্রাজাভিল	br a j a bh i l
কণ্ঠরোধ	k o n Th O r O dh
লাম্বার	l a mb a r
অমিতকে	o m i t k e
জিডিপির	j i D i p i r
স্কুলশিক্ষিকা	s k u l sh i kkh i k a
রাষ্ট্রদূতকে	r a sh T r O d u t k e
চরিত্রগত	ch O r i tr O g o t O
শুঁটকির	sh u~ T k i r
সংখ্যাগরিষ্ঠ	sh o ng kh a g O r i shTh O
মহাশূন্য	m o h a sh u n n O
নামী	n a m i
নাচে	n a ch e
জালেম	j a l e m
কুটিরশিল্পের	k u T i r sh i l p e r
জ্ঞাপন	g A p O n
উদ্ধারকরা	u d dh a r k o r a
ছোটগল্পের	chh O T O g o l p e r
নদীগুলোতে	n O d i g u l O t e
দেখবার	d e kh b a r
দেশই	d e sh i
পুনর্নির্বাচিত	p u n O r n i r b a ch i t O
কোষগুলো	k O sh g u l O
পোকা	p O k a
পরগণা	p o r g O n a
পজেটিভ	p o j e T i bh
দৃষ্টিগ্রাহ্য	d r i sh T i g r a j j O
লাঠিপেটা	l a Th i p e T a
পুনরুদ্ধারে	p u n O r u d dh a r e
নটর	n o T O r
দাদাবাবু	d a d a b a b u
বানরগুলো	b a n O r g u l O
কুকারে	k u k a r e
পেন্টাগনের	p e n T a g o n e r
লাগাতার	l a g a t a r
বরবটির	b o r b O T i r
কবিতাকে	k O b i t a k e
সংসদের	sh o ng sh o d e r
নামকরণে	n a m k o r O n e
দোষটা	d O sh T a
দুষ্কৃতকারীদের	d u sh k ri t O k a r i d e r
দীপন	d i p o n
গ্রন্থাগারের	gr O n th a g a r e r
নীট	n i T
দেখাশোনা	d E kh a sh O n a
কারারক্ষীদের	k a r a r O kkh i d e r
পল্লবীতে	p o l l O b i t e
উপরিভাগের	u p O r i bh a g e r
শিক্ষালাভের	sh i kkh a l a bh e r
প্রেস্টন	pr e s T O n
ববিতার	b o b i t a r	proper_noun
ক্যামডেন	k A m D e n
অপ্রশস্ত	o pr O sh O st O
রাষ্ট্রধর্ম	r a sh T r O dh o r m O
টুরিস্ট	T u r i s T
দেশটির	d e sh T i r
বিষ্টি	b i shT i
সমর্থকেরা	sh o m O r th o k e r a
তুলেছে	t u l e chh e
মূলধারা	m u l dh a r a
কাঁটাবন	k a~ T a b o n
অর্ধসত্য	o r dh O sh O t t O
জিনতা	j i n O t a
পক্ষগুলোর	p o kkh O g u l O r
তোরে	t O r e
মিশনারি	m i sh o n a r i
বেশী	b e sh i
মুক্তিরা	m u kt i r a
গ্রীষ্মের	gr i sh sh e r
তিনগুণ	t i n g u n
বাগ	b a g
হাতে	h a t e
খিদা	kh i d a
এঁকেছেন	e~ k e chh e n
পিতামহ	p i t a m o h O
প্রাণীজ	pr a n i j
মোটরযান	m O T o r j a n
ক্লেনজার	kl e n j a r
ক্রমাগত	kr O m a g o t O
কন্যাদের	k O n n a d e r
বাহারের	b a h a r e r
কাতল	k a t O l
চাপাচ্ছে	ch a p a ch chh e
সমুদ্রবন্দরগুলোকে	sh O m u d r O b o nd O r g u l O k e
সতীর্থের	sh o t i r th e r
দেশভাগের	d e sh bh a g e r
কাঁচামরিচ	k a~ ch a m O r i ch
খানাখন্দ	kh a n a kh o nd O
ধুঁকছে	dh u~ k chh e
কাঁদেন	k a~ d e n
গ্যালারিতে	g A l a r i t e
পন্থার	p o n th a r
ট্যাংকারে	T A ng k a r e
সরণ	sh o r O n
মাপ	m a p
বিচরণ	b i ch o r o n
পরিবেশের	p O r i b e sh e r
কোপ্তা	k O p t a
দন্ডপ্রাপ্ত	d o n D O pr a p t O
অবিরল	o b i r o l
ঠিকমতো	Th i k m o t O
ছেলেগুলোকে	chh e l e g u l O k e
মাযহার	m a j h a r
উপহারটা	u p O h a r T a
পরচর্চা	p o r O ch o r ch a
করেছ	k O r e chh O
আযম	a j O m
দ্রুততার	d r u t O t a r
লুব্রিক্যান্ট	l u br i k A n T
বিচক্ষণতার	b i ch o kkh O n O t a r
ট্যানারি	T A n a r i
প্রশ্নটা	pr O sh n O T a
অপরিষ্কার	o p O r i sh k a r
জানব	j a n b O
পতাকাবাহী	p o t a k a b a h i
কলকাতাকে	k O l k a t a k e
অপরাধজনক	o p O r a dh j o n O k
বিবেকের	b i b e k e r
আর্তনাদ	a r t O n a d
দাপ্তরিক	d a p t O r i k
সহপাঠীদের	sh o h O p a Th i d e r
নচিকেতার	n O ch i k e t a r
ভাগশেষ	bh a g sh e sh
ক্লিপে	kl i p e
চিলের	ch i l e r
দ্বীপটির	d i p T i r
স্মৃতিশক্তিও	s r i t i sh O k t i O
চিতার	ch i t a r
সমকামি	sh o m O k a m i
সমাপনীর	sh o m a p O n i r
বাঁয়ে	b a~ y e
কাঠামোটি	k a Th a m O T i
সম্ভাব	sh o m bh a b
অভিমানী	O bh i m a n i
টার্ন	T a r n
রোগটি	r O g T i
প্রতিভাধর	pr O t i bh a dh o r
সরতে	sh O r t e
যোগযোগ	j O g a j O g
রুবলের	r u b o l e r
রক্ষণাবেক্ষণ	r o kkh O n a b e kkh O n
দূরারোগ্য	d u r a r O g g O
কিনেছেন	k i n e chh e n
শোনাচ্ছিলেন	sh O n a ch chh i l e n
পন্টের	p o n T e r
পিএফএ	p i e ph e
এরকমই	e r O k O m i
যাবৎ	j a b O t
খদ্দেরদের	kh O d d e r d e r
বিরাতে	b i r a t e
অপরাধীর	o p O r a dh i r
দেখলেন	d e kh l e n
বিচারপতির	b i ch a r p O t i r
রিবুট	r i b u T
ভাব	bh a b
ঠুনকো	Th u n k O
সংজ্ঞাহীন	sh o ng g a h i n
ছলে	chh o l e
ভাগ্যক্রমে	bh a g g O kr O m e
নববীর	n o b O b i r
টুকুর	T u k u r
বিকল্প	b i k o l p O
তীব্রভাবে	t i br O bh a b e
অনুভবের	o n u bh o b e r
আরকি	a r k i
বাসরঘরে	b a sh O r gh o r e
কাহারোল	k a h a r O l
প্রভাব	pr O bh a b
ব্রিটিশ	br i T i sh
বাৎসরিক	b a t sh O r i k
বাপকে	b a p k e
শিশুদেরও	sh i sh u d e r O
অস্ট্রেলিয়ার	o s T r e l i a r
শুমারি	sh u m a r i
চোরদের	ch O r d e r
অবতরণে	o b O t o r O n e
উঠানে	u Th a n e
মধ্যে	m O d dh e
বর্ডারে	b o r D a r e
জাতগুলো	j a t g u l O
বালুচ	b a l u ch
টাচব্যাক	T a ch b A k
শব্দটিও	sh o b d O T i O
ফাটল	ph a T O l
বরদাশত	b o r d a sh t
বোকামি	b O k a m i
রক্তনালী	r o kt O n a l i
মানচিত্রে	m a n ch i tr e
আকাশে	a k a sh e
পেশাগতভাবে	p e sh a g o t O bh a b e
খণ্ডের	kh o n D e r
পক্ষাবলম্বন	p o kkh a b O l o mb O n
অস্ত্রবাহী	o s t r O b a h i
প্রলেপ	pr O l e p
রাবাদার	r a b a d a r
ক্লান্তিও	kl a nt i O
জলা	j o l a
ফেরিসহ	ph e r i sh o h O
চোষা	ch O sh a
বদলান	b o d l a n
অবশ্যম্ভাবী	o b O sh sh o m bh a b i
নবারুণ	n o b a r u n
হলদে	h O l d e
বুদ্ধিবৃত্তির	b u d dh i b ri tt i r
মধ্যপ্রাচ্য	m O d dh O p r a ch ch O
পেটব্যথা	p e T b A th a
গ্রুপপর্ব	gr u p p o r b O
আরদা	a r O d a
দশের	d o sh e r
ধাবিত	dh a b i t O
ভিক্ষুক	bh i kkh u k
আত্মজীবনীতে	a t t O j i b O n i t e
কোষপ্রাচীর	k O sh pr a ch i r
যুবসমাজকে	j u b O sh o m a j k e
স্থাপনেরও	sth a p O n e r O
রেট্রোফিটিং	r e T r O ph i T i ng
যেমনটা	j E m O n T a
সর্বোৎকৃষ্ট	sh o r b O t k ri shT O
জেলের	j e l e r
দুটিতে	d u T i t e
শিরোপাধারী	sh i r O p a dh a r i
প্রতিশ্রুত	pr O t i s r u t O
মুহূর্তটা	m u h u r t O T a
অ্যাকাউন্টের	A k a u n T e r
বেনগাজি	b e n g a j i
জিটিভি	j i T i bh i
শেষাংশে	sh e sh a ng sh e
অভিযোজন	O bh i j O j O n
ডিকাব	D i k a b
ভণ্ডামি	bh o n D a m i
কোনোমতে	k O n O m o t e
আলোচনাসভা	a l O ch o n a sh o bh a
নবাব	n o b a b
অর্ষা	o r sh a
ঘুমাতাম	gh u m a t a m
ছোটবেলা	chh O T O b E l a
কাঠিতে	k a Th i t e
পারিত	p a r i t O
বুদ্ধকে	b u d dh O k e
প্রণেতারা	pr O n e t a r a
হেভি	h e bh i
ভূমিকম্পটির	bh u m i k o mp O T i r
ব্রান্ড	br a n D
নেক্সট	n e k s T
বিবরণীতে	b i b O r O n i t e
ত্যাগ	t A g
বলেছেনও	b O l e chh e n O
সরকারব্যবস্থার	sh o r k a r b A b O sth a r
হ্যাভেন	h A bh e n
জন্মনিবন্ধন	j o n m O n i b o ndh O n
সংখ্যাটি	sh o ng kh a T i
দেশত্যাগ	d e sh t A g
পাণ্ডের	p a n D e r
উন্মাদ	u n m a d
অপুষ্টি	o p u shT i
শক্তিগুলোর	sh O kt i g u l O r
অভিযোগগুলোর	O bh i j O g g u l O r
সংকোচে	sh o ng k O ch e
ব্যালাস্টিক	b A l a s T i k
ড্রামা	D r a m a
খাদ্যকে	kh a d d O k e
নেকাব	n e k a b
চলতেন	ch O l t e n
স্বশরীরে	sh o sh O r i r e
বাসভবনের	b a sh bh o b O n e r
অপরিমিত	o p O r i m i t O
ইথার	i th a r
তাতে	t a t e
নির্মাণকাজ	n i r m a n k a j
আবশ্যিকভাবে	a b O sh sh i k bh a b e
বিচারপ্রার্থী	b i ch a r pr a r th i
চালাচালি	ch a l a ch a l i
অসম্মতি	o sh O mm O t i
পশ্চিমে	p O sh ch i m e
কাস্টিং	k a s T i ng
আনবারের	a n b a r e r
মাপকাঠিতে	m a p k a Th i t e
গৃহযুদ্ধে	g ri h O j u d dh e
নির্বাচনকে	n i r b a ch O n k e
টুকে	T u k e
যত্নে	j o t n e
নির্বাচনও	n i r b a ch O n O
অধিকাংশ	O dh i k a ng sh O
কোচটি	k O ch T i
ঘটকের	gh o T O k e r
বর্ষণে	b o r sh O n e
বদলাননি	b o d l a n n i
দর্শনীর	d o r sh O n i r
মহারথী	m o h a r O th i
অশুদ্ধ	o sh u d dh O
ডেভলপমেন্ট	D e bh l o p m e n T
আঁচলের	a~ ch O l e r
উচ্চারণে	u ch ch a r O n e
গর্তের	g o r t e r
কাশির	k a sh i r
সদস্যগণ	sh o d O sh sh O g o n
টমি	T o m i
ধানসহ	dh a n sh o h O
বনানীতে	b o n a n i t e
কর্দমাক্ত	k o r d O m a kt O
বৃষ্টির	b ri shT i r
খোঁপার	kh O~ p a r
বাবাসহ	b a b a sh o h O
সমপ্রতি	sh o m pr O t i
বার্ষিকী	b a r sh i k i
শিল্পীদের	sh i l p i d e r
উঠেছিলাম	u Th e chh i l a m
বিভক্তি	b i bh O kt i
হত্যারও	h O t t a r O
সমালোচকেরা	sh o m a l O ch O k e r a
জার্সিটা	j a r s i T a
পানিপ্রবাহ	p a n i pr O b a h O
তেজ	t e j
স্বার্থকতা	sh a r th O k o t a
স্বার্থের	sh a r th e r
নিরূপিত	n i r u p i t O
চলিতে	ch O l i t e
মানুষটা	m a n u sh T a
কথাতেও	k o th a t e O
কর্মীকে	k O r m i k e
কষ্টি	k O shT i
বাধে	b a dh e
অলিভ	o l i bh
উচ্চপ্রযুক্তির	u ch ch O pr O j u kt i r
অর্ধাহারে	o r dh a h a r e
ফরমটি	ph o r m T i
গণ্ডগোলের	g o n D O g O l e r
যোদ্ধারা	j O d dh a r a
বিশ্বকোষে	b i sh sh O k O sh e
মননে	m o n O n e
সংস্কৃতের	sh o ng s k ri t e r
দিগন্তের	d i g o nt e r
বাস্তবজীবনে	b a st O b j i b O n e
শুভ	sh u bh O
খেলাটাকে	kh E l a T a k e
ঘাতকেরা	gh a t O k e r a
মহিন	m O h i n
শতকরা	sh o t k o r a
ভাবনাকে	bh a b n a k e
ধারণকারী	dh a r O n k a r i
রোগসহ	r O g sh o h O
হাটগুলো	h a T g u l O
পরিবারভুক্ত	p O r i b a r bh u kt O
সচিন	sh O ch i n
ক্ষেত্রবিশেষে	kh e t r O b i sh e sh e
নগন্য	n o g O n n O
এগ্রো	E gr O
অবদমিত	o b O d O m i t O
স্থূলতা	sth u l O t a
আলোচকদের	a l O ch o k d e r
ধনাগোদা	dh o n a g O d a
পণ্ডিত	p O n D i t
রিলেশনশিপ	r i l e sh o n sh i p
গৃহকর্মীরা	g ri h O k O r m i r a
আকমল	a k m o l
আপাত	a p a t O
পশ্চিমাংশের	p O sh ch i m a ng sh e r
মেনেছে	m e n e chh e
হার্ডডিস্কের	h a r D D i s k e r
রক্ষণকে	r o kkh O n k e
বরজ	b o r O j
মাঝিসহ	m a jh i sh o h O
অনুপস্থিতির	o n u p O sth i t i r
লেখনীর	l e kh O n i r
কেইপিজেড	k e i p i j e D
আমিরকে	a m i r k e
দ্বারস্থ	d a r O sth O
দূত	d u t
চারটির	ch a r T i r
আপলোডের	a p l O D e r
ব্লগে	bl o g e
খাদ্যসংকট	kh a d d O sh o ng k O T
বাদশাহী	b a d sh a h i
বিশ্বই	b i sh sh O i
পদবি	p o d O b i
শিশুসন্তানকে	sh i sh u sh o nt a n k e
নাগরিকেরা	n a g O r i k e r a
যাতে	j a t e
ঢুকলে	Dh u k l e
অধিকাংশেরই	O dh i k a ng sh e r i
গ্রহণযোগ্য	gr O h O n j O g g O
বিপথগামী	b i p o th g a m i
সমব্যথী	sh o m O b A th i
অনুচিৎ	o n u ch i t
অপূর্ব	o p u r b O
অবিচল	o b i ch o l
স্পর্শে	s p o r sh e
খেলানো	kh E l a n O
তেলেগু	t e l e g u
উপদ্বীপে	u p O d i p e
স্বাদমতো	sh a d m o t O
পরিসর	p O r i sh o r
ক্রোধ	kr O dh
তামান্না	t a m a nn a
বঙ্গের	b o ngg e r
মহিদ	m O h i d
রেহেনার	r e h e n a r
বিবরণী	b i b o r O n i
উত্থানকে	u t th a n k e
ভাপে	bh a p e
খাতকে	kh a t k e
ইদু	i d u
খেতে	kh e t e
পরিবেশকদের	p O r i b e sh O k d e r
বিরোধিতাকারীদের	b i r O dh i t a k a r i d e r
ইস্যু	i sh u
শিক্ষাগ্রহণ	sh i kkh a gr O h O n
পার্থ	p a r th O
যথাযথভাবে	j o th a j o th O bh a b e
মুচকি	m u ch k i
গল	g o l
বোর্ডার	b O r D a r
অবস্থিতি	o b O sth i t i
সপ্তাহান্তে	sh o p t a h a nt e
বিজ	b i j
প্রজ্ঞাপন	pr O g g a p O n
বোরের	b O r e r
কুবা	k u b a
বাঁধবেন	b a~ dh b e n
পরিচালনার	p O r i ch a l O n a r
ততো	t o t O
অব্যহতি	o b b a h O t i
সখী	sh O kh i
কালশীতে	k a l sh i t e
ব্যাটল	b A T O l
ঠিকাদারেরা	Th i k a d a r e r a
খাগড়াছড়ি	kh a g r a chh O r i
ডেনিম	D e n i m
বংশে	b o ng sh e
গোরু	g O r u
অচলাবস্থা	o ch o l a b O sth a
স্মরণসভার	sh o r O n sh o bh a r
একচুল	E k ch u l
সমুচা	s O m u ch a
মিত্ররা	m i tr O r a
শোকজ	sh O k o j
পরিচালনাকালে	p O r i ch a l O n a k a l e
ভাষাটা	bh a sh a T a
অ্যানিস্টনের	A n i s T O n e r
সমঅধিকার	sh o m O dh i k a r
পেছনের	p e chh O n e r
পথশিশুরা	p o th O sh i sh u r a
গ্রাফের	gr a ph e r
হাঁপাতে	h a~ p a t e
চামড়াজাত	ch a m r a j a t
বঞ্চিত	b O nch i t O
ভবিষ্যৎকে	bh O b i sh sh O t k e
পদবির	p o d O b i r
মিছিল	m i chh i l
সরিষার	sh O r i sh a r
প্রবিষ্ট	pr O b i shT O
নিত্যদিনের	n i t t O d i n e r
ক্যাডেটদের	k A D e T d e r
বাতাবিলেবু	b a t a b i l e b u
গুরুমুখী	g u r u m u kh i
শ্বেতা	sh e t a
আশ	a sh
নাবালক	n a b a l O k
লন্ডারিং	l o n D a r i ng
আকাশপথে	a k a sh p o th e
ভুনতে	bh u n t e
নুরুন্নাহারের	n u r u nn a h a r e r
দুর্নীতিবাজদের	d u r n i t i b a j d e r
রেক্স	r e k s
যন্ত্রপাতির	j o n t r O p a t i r
প্রকোপও	pr O k O p O
বহুত্ববাদী	b O h u tt O b a d i
দেখবো	d e kh b O
প্রেসবক্সে	pr e s b o k s e
ইসলামসহ	i s l a m sh o h O
অম্বর	o mb O r
প্রশিক	pr O sh i k
চুম্বন	ch u mb o n
পঞ্চাশে	p o nch a sh e
বিমোচনের	b i m O ch o n e r
ভিনদেশে	bh i n d e sh e
ট্যাবলেটসহ	T A b l e T sh o h O
ফোকলা	ph O k l a
ডোনেশন	D O n e sh o n
প্রদর্শনীর	pr O d O r sh O n i r
ইফতারের	i ph t a r e r
যানবাহনগুলো	j a n b a h O n g u l O
বন্ধুমহল	b O ndh u m o h O l
ত্বকে	t o k e
পাননি	p a n n i
পুত্রের	p u tr e r
অযাচিতভাবে	o j a ch i t O bh a b e
ফেসবুকের	ph e s b u k e r
মস্তিষ্কে	m O st i sh k e
ফিফটিতে	ph i ph T i t e
মুক্তিপণের	m u kt i p o n e r
বোধন	b O dh O n
রেষারেষি	r e sh a r e sh i
কবুল	k O b u l
কেনাবেচার	k e n a b e ch a r
হত্যাকারী	h O t t a k a r i
আদির	a d i r
করাচ্ছি	k o r a ch chh i
কামিল	k a m i l
প্রতিকার	pr O t i k a r
সমাজকল্যাণমন্ত্রীর	sh o m a j k O l l a n m O n t r i r
ছাতার	chh a t a r
পাক্ষিক	p a kkh i k
ব্যাক্তিকে	b e kt i k e
মুখ্যত	m u k kh O t O
জাগা	j a g a
চিন্তাবিদদের	ch i nt a b i d d e r
বচ্চনের	b o ch ch O n e r
জহিরুলের	j O h i r u l e r
রকমটি	r o k O m T i
কিমি	k i m i
আকাশপথ	a k a sh p o th
দারোগা	d a r O g a
পরিবর্তনটি	p O r i b o r t O n T i
চললে	ch O l l e
জ্ঞানীর	g A n i r
সমতুল্য	sh o m O t u l l O
ভিদালের	bh i d a l e r
ককটেলটি	k o k T e l T i
মালে	m a l e
হেরেছি	h e r e chh i
ঘুরপথে	gh u r p o th e
আদ্রতার	a d r o t a r
গোনা	g O n a
ফিশিং	ph i sh i ng
ক্যালেন্ডার	k A l e n D a r
নোটিশ	n O T i sh
লঘিষ্ঠ	l O gh i shTh O
আন্দোলনে	a nd O l O n e
উৎসর্গের	u t sh o r g e r
পোখরাজ	p O kh r a j
বিচ্ছিন্নতা	b i ch chh i nn O t a
পার্সোনাল	p a r s O n a l
বোধকে	b O dh k e
বাষ্পের	b a sh p e r
সবকিছুতে	sh o b k i chh u t e
করলুম	k O r l u m
সংস্কৃতিসহ	sh o ng s k ri t i sh o h O
অনাহূত	o n a h u t O
সম্পূরক	sh o mp u r o k
উদ্দেশ্যকে	u d d e sh sh O k e
রূপক	r u p O k
প্রদর্শন	pr O d o r sh o n
তুলার	t u l a r
শহীদের	sh O h i d e r
একাডেমি	E k a D e m i
বিভাগকে	b i bh a g k e
দেখিবে	d e kh i b e
জ্ঞানশূন্য	g A n sh u n n O
ডিআরএম	D i a r e m
ফিল্ডাররা	ph i l D a r r a
অলাভজনক	o l a bh j o n O k
নারীবান্ধব	n a r i b a ndh o b
গঠনে	g o Th O n e
শোকসন্তপ্ত	sh O k sh o nt o p t O
সম্ভবা	sh o m bh O b a
রাখবি	r a kh b i
তেজা	t e j a
দ্বিধার	d i dh a r
কিরে	k i r e
বাসযাত্রী	b a s j a tr i
আন্তনগর	a nt O n o g O r
সহযোগিদের	sh o h O j O g i d e r
স্পিকিং	s p i k i ng
দেশসহ	d e sh sh o h O
অব্দ	o b d O
জিতেছিলো	j i t e chh i l O
জন্মেছে	j O n m e chh e
বোগোতা	b O g O t a
স্টুডিওতে	s T u D i O t e
দেখুক	d e kh u k
আটশত	a T sh o t O
গবর্নিং	g o b O r n i ng
হিন্দুধর্ম	h i nd u dh o r m O
অন্যপ্রকাশ	O n n O pr O k a sh
গহ্বর	g o h O b b o r
ভর্তির	bh O r t i r
কল্যাণমুখী	k O l l a n m u kh i
তপস্যার	t o p O sh sh a r
স্পিনাররা	s p i n a r r a
অনুর	O n u r
তেলেবেগুনে	t e l e b e g u n e
বৎসরে	b o t sh o r e
প্রোগ্রামের	pr O gr a m e r
বললো	b O l l O
কমাতে	k o m a t e
নেভানো	n e bh a n O
প্রশ্নাতীত	pr O sh n a t i t
একরূপ	E k r u p
রটনা	r o T O n a
বন্ধুবৎসল	b O ndh u b o t sh O l
অস্ত্রও	o s t r O O
সর্প	sh o r p O
তুমারে	t u m a r e
পরিমাণমত	p O r i m a n m O t O
ঋণখেলাপিদের	ri n kh e l a p i d e r
কষ্টের	k o shT e r
প্যানকেক	p A n k e k
নতুনত্ব	n O t u n o tt O
পিক	p i k
কোল্ড	k O l D
প্রমুখ	pr O m u kh
যাত্রীকে	j a tr i k e
পরলোকগমন	p o r O l O k g o m O n
পুনরুদ্ধারের	p u n O r u d dh a r e r
আজন্ম	a j o n m O
অর্থাত্	o r th a t
বাঁধন	b a~ dh O n
সমবেত	sh o m O b e t O
ফিলিপিন্সের	ph i l i p i n s e r
এলগারের	e l g a r e r
ব্যাটিংটা	b A T i ng T a
শোনালেন	sh O n a l e n
বিজ্ঞানলেখক	b i g g a n l e kh o k
ইনস্টলেশন	i n s T o l e sh o n
করোনা	k O r O n a
দিতেহবে	d i t e h o b e
রংটা	r o ng T a
দস্তাবেজ	d o st a b e j
দর্শকেরও	d o r sh O k e r O
হর্স	h o r s
পেডি	p e D i
রোটি	r O T i
পরীক্ষামূলক	p O r i kkh a m u l O k
সমস্ত	sh o m O st O
পেছালে	p e chh a l e
নিক্সন	n i k s o n
হ্যামস্ট্রিং	h A m s T r i ng
ক্যাচটা	k A ch T a
বাছির	b a s i r
হজযাত্রীদের	h o j j a tr i d e r
পাঁচতলা	p a~ ch t o l a
তাদেও	t a d e O
নজরদারি	n o j O r d a r i
অহন	o h O n
ভ্রম	bh r O m O
মধ্যাঞ্চলে	m O d dh a n ch o l e
মুদ্রানীতি	m u d r a n i t i
বারগুলো	b a r g u l O
মাধ্যমকে	m a d dh o m k e
উপসংহারে	u p O sh o ng h a r e
বিনষ্ট	b i n o shT O
কাটাকাটি	k a T a k a T i
লেখককে	l e kh O k k e
বরুণ	b O r u n
মাত্রার	m a tr a r
থাপা	th a p a
নাতে	n a t e
হিটিং	h i T i ng
ব্রেকআপ	br e k a p
টলটলে	T o l T o l e
একাডেমিতে	E k a D e m i t e
রশির	r O sh i r
মার্কেটিং	m a r k e T i ng
ফ্লেমিং	ph l e m i ng
সহযোগীসহ	sh o h O j O g i sh o h O
ল্যাবের	l A b e r
রেলপথটি	r e l p o th T i
উপাদানগুলো	u p a d a n g u l O
ক্যামেরনকে	k A m e r o n k e
দুষ্টু	d u shT u
ভলভো	bh o l bh O
সমর্থককে	sh o m O r th o k k e
উৎপত্তিস্থলে	u t p O tt i sth o l e
ঘুমাচ্ছিল	gh u m a ch chh i l O
আমানুর	a m a n u r
শ্রদ্ধাকে	s r O d dh a k e
ডিএনডি	D i e n D i
তীরের	t i r e r
কুদরতি	k u d r O t i
ভেন্টিলেশন	bh e n T i l e sh o n
পুষলে	p u sh l e
ট্রেন্ট	T r e n T
বাদাম	b a d a m
ঘনীভূত	gh O n i bh u t O
আর্মস্ট্রং	a r m s T r o ng
ঝটপট	jh o T p o T
পদত্যাগপত্র	p o d O t t A g p o tr O
সন্দ্বীপের	sh O n d i p e r
অর্ধেকও	o r dh e k O
দেহকে	d e h O k e
জাবের	j a b e r
স্পিনাররাও	s p i n a r r a O
যাচ্ছে	j a ch chh e
গাঁথার	g a~ th a r
শিশুশ্রমিক	sh i sh u s r O m i k
শবেকদর	sh o b e k o d O r
পছন্দমতো	p o chh O nd O m o t O
শুমারিতে	sh u m a r i t e
সন্ত্রাসকে	sh o n t r a sh k e
শিশুটি	sh i sh u T i
লড়বে	l O r b e
মাধ্যমিকের	m a d dh O m i k e r
লণ্ঠন	l o n Th O n
দুগ্ধপরীক্ষার	d u g dh O p O r i kkh a r
পরিবেশবাদীরা	p O r i b e sh b a d i r a
স্নিগ্ধতা	sn i g dh O t a
অংশগ্রহন	o ng s O g r O h O n
প্রত্যাহার	pr O t t a h a r
বিশেষজ্ঞ	b i sh e sh o g g O
তৃণমূলের	t ri n O m u l e r
স্ট্যালিন	s T A l i n
খেতাম	kh e t a m
অমৃত	o m ri t O
স্মৃতিভ্রংশ	s r i t i bh r o ng sh O
পথচারীকে	p o th O ch a r i k e
চললেও	ch O l l e O
অশ্রু	O s r u
ঈশ্বরের	i sh sh o r e r
পূরণে	p u r O n e
অবলা	o b O l a
অপরিকল্পিত	o p O r i k O l p i t O
অন্যটিকে	O n n O T i k e
গাছগাছালি	g a chh g a chh a l i
লেখ	l e kh O
বর্ধনশীল	b o r dh O n sh i l
মেধাবীরা	m e dh a b i r a
গুলিটি	g u l i T i
পপলু	p O p l u
স্থাপত্যকলা	sth a p O t t O k o l a
লাগামহীন	l a g a m h i n
বেষ্টনীতে	b e shT O n i t e
ল্যাবরেটরি	l A b O r e T O r i
আমানতকারীদের	a m a n O t k a r i d e r
প্রাণকে	pr a n k e
শনাক্তকারী	sh o n a kt O k a r i
কবে	k o b e
ক্লান্তিহীন	kl a nt i h i n
নাকি	n a k i
টুকরার	T u k r a r
ছেঁকে	chh e~ k e
তোষক	t O sh O k
হরকাতুল	h o r k a t u l
অবশ্যকর্তব্য	o b O sh sh O k O r t O b b O
অক্ষাংশ	o kkh a ng sh O
ভিন্নভাবে	bh i nn O bh a b e
ইমপ্লান্ট	i m p l a n T
নাভি	n a bh i
লঞ্চটির	l o nch T i r
অন্যবার	O n n O b a r
সমস্যাটি	sh o m O sh sh a T i
শেষোক্ত	sh e sh O kt O
বিএমইটির	b i e m i T i r
তিমিরে	t i m i r e
স্পিনিং	s p i n i ng
শহরের	sh o h O r e r
ভুক্ত	bh u kt O
থানাহাজতে	th a n a h a j O t e
বিভূতি	b i bh u t i
নবীনের	n O b i n e r
ফেলবে	ph e l b e
কিডনিতে	k i D n i t e
আব্রু	a br u
শিল্পমন্ত্রী	sh i l p O m O n t r i
হাসপতালে	h a sh p a t a l e
ডাচরা	D a ch r a
তহবিলের	t o h O b i l e r
আমদানীকৃত	a m d a n i k ri t O
তৃনমূল	t ri n O m u l
ঝুঁকতে	jh u~ k t e
ভালোবাসছে	bh a l O b a sh chh e
বেডশিট	b e D sh i T
পক্ষান্তরে	p O kkh a nt o r e
জানালে	j a n a l e
জ্ঞানদান	g A n d a n
মহতী	m o h O t i
নাট্যকর্মী	n a T T O k O r m i
রাহাতকে	r a h a t k e
স্বাস্থ্যের	sh a s th e r
পরিচালকও	p O r i ch a l O k O
মেক্সিকান	m e k s i k a n
লরিতে	l o r i t e
ঘামতে	gh a m t e
পরিচালিত	p O r i ch a l i t O
নব্য	n O b b O
মোষের	m O sh e r
বন্ধু	b O ndh u
ঘুমের	gh u m e r
লেবুতে	l e b u t e
বেরোনো	b e r O n O
গুণাবলীর	g u n a b O l i r
ধারে	dh a r e
বিপিএল	b i p i e l
কতগুলো	k o t O g u l O
বিভাগ	b i bh a g
পাগলি	p a g l i
ক্লাবটি	kl a b T i
ধরিল	dh O r i l O
সহিষ্ণুতা	sh o h i shN u t a
দরদর	d o r d o r
রেলিং	r e l i ng
মালহোত্রা	m a l h O tr a
মশগুল	m O sh g u l
ডুব	D u b
ধরত	dh O r t O
জীবনবোধের	j i b O n b O dh e r
পিষ্ট	p i shT O
কানে	k a n e
ক্যান্সারও	k A n s a r O
নাসরিন	n a s r i n
অনুসরণ	O n u sh o r O n
রেবেল	r e b e l
ফোনের	ph O n e r
মেলানোর	m e l a n O r
প্রকম্পিত	pr O k O mp i t O
নববী	n o b O b i
ঋণদান	ri n d a n
বিএলএফ	b i e l e ph
ব্লো	bl O
বাসটিকে	b a s T i k e
কর্মসংস্থানে	k o r m O sh o ng sth a n e
প্রতিবিঘা	pr O t i b i gh a
পরিবহন	p O r i b o h O n
দ্বিপাক্ষিক	d i p a kkh i k
আবহসংগীত	a b O h O sh O ng g i t
ঘুমটা	gh u m T a
মোহিতলাল	m O h i t l a l
পরিকল্পনাকারী	p O r i k o l p O n a k a r i
থ্রিজির	th r i j i r
ধর্ষনের	dh o r sh O n e r
চারপাশ	ch a r p a sh
অনুযায়ী	O n u j a i
সন্ত্রাসবিরোধী	sh o n t r a sh b i r O dh i
সন্তোষ	s o nt O sh
সংসদেরস্পীকারের	sh o ng sh O d e r s p i k a r e r
বিদআত	b i d a t
যেগুলোতে	j e g u l O t e
সংবর্ধিত	sh o ng b O r dh i t O
কক্ষটি	k O kkh O T i
প্রেসক্লাবে	pr e s k l a b e
মিছিলসহ	m i chh i l sh o h O
রিভিশন	r i bh i sh o n
পরমাণুর	p o r O m a n u r
পুত্রসন্তানের	p u tr O sh o nt a n e r
গুণী	g u n i
বাছের	b a chh e r
অর্থও	o r th O O
আক্রমণকারীরা	a kr O m O n k a r i r a
কচা	k o ch a
হোস্টেলের	h O s T e l e r
প্রদর্শনকারি	pr O d O r sh O n k a r i
গণমাধ্যমের	g o n o m a d dh O m e r
চুমুর	ch u m u r
ডাবিং	D a b i ng
ব্যথার	b A th a r
জাদুঘরটি	j a d u gh o r T i
উভকামী	u bh O k a m i
লক্ষ্মণের	l o kkh O n e r
আবেদের	a b e d e r
বাসগুলো	b a s g u l O
গতিবিধি	g O t i b i dh i
বসবাসরতদের	b o sh O b a sh r o t O d e r
মূর্তিমান	m u r t i m a n
প্রতিপালনের	pr O t i p a l O n e r
ড্রেজিং	D r e j i ng
চির	ch i r
কমপ্লেক্স	k o m p l e k s
অনুসন্ধানী	O n u sh o ndh a n i
প্রপোজ	pr O p O j
চলাচলের	ch o l a ch o l e r
কাকিমা	k a k i m a
যন্ত্রণার	j o n t r O n a r
গে	g e
লেখাকে	l e kh a k e
খোন্দকার	kh O nd O k a r
শেষতক	sh e sh t o k
কানকাটা	k a n k a T a
আত্মঘাতী	a t t O gh a t i
সমাধিটি	sh o m a dh i T i
শেয়ারহোল্ডারদের	sh e a r h O l D a r d e r
দ্রুততা	d r u t O t a
পরাশক্তিকে	p o r a sh O kt i k e
প্রস্রাবের	pr O s r a b e r
অর্ধযুগ	o r dh O j u g
কপালে	k o p a l e
গ্রাফিন	gr a ph i n
ফলটির	ph o l T i r
ভোজ	bh O j
তাৎক্ষণিক	t a t kh O n i k
সরলভাবে	sh o r O l bh a b e
অর্থপ্রাপ্তি	o r th O pr a p t i
ঝালরের	jh a l O r e r
ভিত্তিহীন	bh i tt i h i n
এরিয়াতে	e r i a t e
প্রক্রিয়া	p r O k r i a
রাঁচি	r a~ ch i
অসফল	o sh o ph O l
বাঁদী	b a~ d i
ডেভেলপমেন্টের	D e bh e l o p m e n T e r
আমিতো	a m i t O
লেনি	l e n i
মূলনীতি	m u l n i t i
চলক	ch o l O k
চাপাতিসহ	ch a p a t i sh o h O
বোদা	b O d a
জ্ঞানমূলক	g A n m u l O k
বুঝলে	b u jh l e
ছবিটি	chh O b i T i
ঋধীমান	r i dh i m a n
কাঁচ	k a~ ch
উপশহরের	u p O sh o h O r e r
অগ্রদূত	o gr O d u t
কিবোর্ড	k i b O r D
প্রার্থীদের	pr a r th i d e r
ভিক্ষাবৃত্তির	bh i k kh a b r i t t i r
ঘটানো	gh o T a n O
বাউন্ডারির	b a u n D a r i r
তাঁতিরা	t a~ t i r a
ধ্রুবক	dh r u b o k
অলিগলি	O l i g O l i
ফিক্সিং	ph i k s i ng
কবুতর	k O b u t o r
স্বার্থ	sh a r th O
পাশ	p a sh
মিষ্টিসহ	m i shT i sh o h O
বৃষ্টিতে	b r i sh T i t e
স্পেনীয়	s p e n i O
একমনে	E k m O n e
তুলা	t u l a
বিজিএমইএর	b i j i e m i e r
শরীর	sh O r i r
বন্ধুপ্রতীম	b O ndh u pr O t i m
ফলমূলের	ph o l m u l e r
সংশ্লিষ্ঠ	sh o ng s l i shTh O
ষোড়শভূজা	sh O r O sh bh u j a
হেরেছে	h e r e chh e
টিপটিপ	T i p T i p
খাঁজকাটা	kh a~ j k a T a
বিক্রেতার	b i kr e t a r
প্রবেশদ্বার	pr O b e sh d a r
বিচ্যুতির	b i ch ch u t i r
বাপে	b a p e
হস্তান্তর	h o st a nt o r
ব্রকলি	br O k O l i
ইগো	i g O
ব্যক্তিত্বদের	b e kt i tt O d e r
ক্যাথলিক	k A th O l i k
তিনটেতে	t i n T e t e
অনেক	o n e k
কুখ্যাত	k u k kh A t O
অশিক্ষিত	o sh i kkh i t O
গুণীজন	g u n i j o n
ভাবখানা	bh a b kh a n a
অনুকূলে	O n u k u l e
আকুলতা	a k u l o t a
শেখালেন	sh e kh a l e n
বিচ্ছিন্নতার	b i ch chh i nn O t a r
ঠেকে	Th e k e
ব্যালটে	b A l O T e
প্রত্যাবর্তনের	pr O t t a b o r t O n e r
পীরের	p i r e r
ইলাস্ট্রেশন	i l a s T r e sh o n
সহাবস্থান	sh o h a b O sth a n
আবশ্যিক	a b O s s i k
করতি	k O r t i
অমলের	o m O l e r
পত্নী	p O t n i
ক্রীড়াবিদ	kr i r a b i d
দেখালেন	d E kh a l e n
খ্রিস্টপূর্বাব্দে	kh r i s T O p u r b a b d e
ইনস্টলের	i n s T o l e r
অংশগ্রহনের	o ng sh O gr O h O n e r
দরপত্রের	d o r p o tr e r
নিনটেনডো	n i n T e n D O
আরেকটা	a r e k T a
চাঁদের	ch a~ d e r
স্থানকে	sth a n k e
চাতালে	ch a t a l e
বক্স	b o k s
নিরাপত্তাব্যবস্থা	n i r a p o t t a b A b O s th a
ধরলো	dh O r l O
যুবক	j u b o k
জাটকা	j a T k a
দখলসহ	d o kh O l sh o h O
যকৃৎ	j o k r i t
ক্যাচ	k A ch
এতো	E t O
বনভোজনের	b o n bh O j O n e r
তালাবদ্ধ	t a l a b o d dh O
পারতে	p a r t e
কমি	k O m i
খানই	kh a n i
তেরা	t e r a
খাক	kh a k
বিকৃতি	b i k r i t i
অন্দরে	o nd O r e
প্রতিযোগিতাটি	pr O t i j O g i t a T i
সংলাপে	sh o ng l a p e
রিপোর্টের	r i p O r T e r
অন্তর্ধান	o nt O r dh a n
চার্ট	ch a r T
গোলরক্ষকদের	g O l r o kkh O k d e r
খুকু	kh u k u
শিল্পাঞ্চল	sh i l p a nch o l
পত্রিকান্তরে	p O tr i k a nt o r e
কটূক্তির	k O T u kt i r
ধারণ	dh a r O n
দেখছেন	d e kh chh e n
সপ্তাহের	sh o p t a h e r
বলেছে	b O l e chh e
মুকুট	m u k u T
তা	t a
জ্ঞানগর্ভ	g E n g o r bh O
বাকীটা	b a k i T a
প্রতিবাদকারীরা	pr O t i b a d k a r i r a
ডোবাতে	D O b a t e
গানগুলোর	g a n g u l O r
শীতলক্ষ্যা	sh i t O l o kkh a
ত্রিরত্নের	tr i r o t n e r
বিকেলটা	b i k e l T a
দুদেশের	d u d e sh e r
নামান্তর	n a m a nt o r
শান্তকে	sh a nt O k e
থাবা	th a b a
পদপ্রার্থীরা	p o d O pr a r th i r a
ছুটন্ত	chh u T O nt O
প্রার্থীকে	pr a r th i k e
মরণাপন্ন	m o r O n a p O nn O
পালের	p a l e r
স্কুলই	s k u l i
হামলাগুলো	h a m l a g u l O
সতীন	sh O t i n
তীরবর্তী	t i r O b O r t i
টেস্টের	T e s T e r
আবেদনও	a b e d O n O
তিনাশে	t i n a sh e
উত্থানে	u t th a n e
মেরুকরণ	m e r u k o r O n
বিবরণও	b i b o r o n O
শান্তশিষ্ট	sh a nt O sh i shT O
এভরিথিং	e bh r i th i ng
আন্তোনিও	a nt O n i O
নিঃসরণের	n i sh sh o r O n e r
ঋত্বিক	r i t t i k
যথেষ্ঠ	j o th e shTh O
দ্বীপকে	d i p k e
প্রভিশন	pr O bh i sh o n
যোগাযোগও	j O g a j O g O
চিপ	ch i p
পরিজন	p O r i j o n
বরেণ্য	b o r e n n O
গাংনী	g a ng n i
প্রচ্ছন্ন	pr O ch chh o nn O
সবধরণের	sh o b dh o r O n e r
গার্মেন্ট	g a r m e n T
বিশ্বাসঘাতকতা	b i sh sh a sh gh a t O k o t a
রনো	r o n O
বিবেক	b i b e k
আশকারা	a sh k a r a
হুম	h u m
কলামগুলো	k o l a m g u l O
ব্যাং	b A ng
ইবাদতের	i b a d o t e r
রন্ধন	r o ndh o n
ভক্তির	bh O kt i r
চোখও	ch O kh O
খ্যাত	kh A t
জীবিকার	j i b i k a r
রাষ্ট্রদূত	r a sh T r O d u t
এগারোর	E g a r O r
পিত্তথলিতে	p i tt O th O l i t e
কিনতে	k i n t e
বিচের	b i ch e r
আবের	a b e r
সহযোগীরা	sh o h O j O g i r a
মানুষও	m a n u sh O
কর্মীও	k O r m i O
অনুকার	O n u k a r
আলোকিত	a l O k i t O
সর্ব	sh o r b O
নীতীশ	n i t i sh
জননেতা	j o n O n e t a
রিজিওনাল	r i j i O n a l
উজবেক	u j b e k
কাটো	k a T O
ভূতে	bh u t e
নম্বরগুলো	n o mb O r g u l O
বিরোধে	b i r O dh e
বিতণ্ডা	b i t o n D a
খামারের	kh a m a r e r
বিপত্নীক	b i p O t n i k
জাদুকরের	j a d u k o r e r
এঁকে	e~ k e
ব্রেন	br e n
প্রশ্নেও	pr O sh n e O
নামটিও	n a m T i O
আর্থারের	a r th a r e r
কালীবাড়ী	k a l i b a r i
বন্ধুপ্রতিম	b O ndh u pr O t i m
উপসংহার	u p O sh o ng h a r
লোকেরা	l O k e r a
ঝিনুক	jh i n u k
নজরুলসংগীতের	n O j r u l sh O ng g i t e r
সঙ্গীত	sh O ngg i t
দোলা	d O l a
পিতা	p i t a
রাজত্ব	r a j O tt O
পুরুত্ব	p u r u tt O
শ্রবণে	s r O b O n e
পাদুকার	p a d u k a r
ধাক্কাধাক্কি	dh a k k a dh a k k i
বোঝাতে	b O jh a t e
ইকোনমিস্ট	i k O n o m i s T
ঘটনাগুলো	gh o T O n a g u l O
একান্তভাবে	e k a nt O bh a b e
স্বাস্থ্যরক্ষা	sh a s th O r o kkh a
ব্যাপারের	b A p a r e r
নাভিম	n a bh i m
আবরণে	a b O r o n e
তুরস্ককে	t u r o sh k O k e
উপেক্ষার	u p e kkh a r
রণেশ	r o n e sh
অভিযাত্রীর	O bh i j a tr i r
অভিভাবকদের	O bh i bh a b o k d e r
কাঁচে	k a~ ch e
স্টেশনকে	s T e sh o n k e
ভিক্ষুর	bh i kkh u r
রক্তবাহী	r o kt O b a h i
লগন	l o g O n
রক্তনালীর	r o kt O n a l i r
সম্পাদনার	sh o mp a d O n a r
ইলেভেন	i l e bh e n
যুদ্ধংদেহী	j u d dh o ng d e h i
প্রোস্টেট	p r O sh T e T
লাগানো	l a g a n O
সমুন্নত	sh o m u nn o t O
ড্রতে	D r o t e
দ্বিগুণেরও	d i g u n e r O
আতিকের	a t i k e r
পানিবণ্টন	p a n i b o n T O n
অষ্টাদশ	o shT a d o sh
আকাউন্টে	a k a u n T e
নেতানেত্রীর	n e t a n e tr i r
গ্রহনযোগ্য	gr O h O n j O g g O
সম্মুখযুদ্ধে	sh o mm u kh j u d dh e
অনুদানে	O n u d a n e
পাটন	p a T O n
পড়েছে	p O r e chh e
হৃষিকেশ	r i sh i k e sh
সম্মতিতে	sh o mm O t i t e
ইন্না	i nn a
ঝুঁকিভাতা	jh u~ k i bh a t a
বেলও	b e l O
মাতালেন	m a t a l e n
জেনারেল	j e n a r e l
সন্নিবেশিত	sh o nn i b e sh i t O
বৃ	b r i
মাশুল	m a sh u l
কক্ষটিতে	k o kkh O T i t e
ব্যবস্থার	b A b O sth a r
লাশসহ	l a sh sh o h O
সরের	sh o r e r
হোন	h O n
গাছটা	g a chh T a
শব্দবহুল	sh o b d O b O h u l
মাদারের	m a d a r e r
গেমিং	g e m i ng
বেজে	b e j e
কর্মকাণ্ডও	k o r m O k a n D O O
মিলটি	m i l T i
সম্পদই	sh o mp o d i
চ্যাটে	ch A T e
ধানে	dh a n e
স্মৃতিগুলো	s r i t i g u l O
মন্দা	m o nd a
দুপাশে	d u p a sh e
বিকল্পধারা	b i k o l p O dh a r a
বাদ্যযন্ত্রে	b a d d O j o n t r e
আনুকূল্য	a n u k u l l O
মাঝনদীতে	m a jh n O d i t e
ধাক্কা	dh a k k a
শাস্ত্রী	sh a s t r i
দাবদাহে	d a b O d a h e
ভাণ্ডারকে	bh a n D a r k e
দানাদার	d a n a d a r
পানিপথে	p a n i p o th e
শিশুর	sh i sh u r
হাউজগুলোতে	h a u j g u l O t e
অভিযোগপত্রও	O bh i j O g p o tr O
সম্বলিত	sh o mb O l i t O
সংশ্লিষ্টদের	sh o ng s l i shT O d e r
কূট	k u T
আতশবাজি	a t O sh b a j i
দ্রবীভূত	d r O b i bh u t O
অনুধাবনে	O n u dh a b O n e
গৃহকর্তার	g r i h O k o r t a r
নেতিবাচক	n e t i b a ch o k
ব্রেট	br e T
কাণ্ডারী	k a n D a r i
রুহী	r u h i
বাণ	b a n
ধ্বংসস্তূপে	dh o ng sh O s t u p e
ধাম	dh a m
ঘটেছিল	gh O T e chh i l O
তথা	t o th a
কাঁটাবনের	k a~ T a b o n e r
রেলগাড়ি	r e l g a r i
কোকা	k O k a
ধনের	dh o n e r
চালকই	ch a l O k i
বিক্ষোভকারীরা	b i kkh O bh k a r i r a
ফ্রিজসহ	ph r i j sh o h O
স্পর্শের	s p o r sh e r
রূপে	r u p e
যেটার	j e T a r
প্রক্সি	pr O k s i
কনস্টেবলের	k o n s T e b o l e r
সমুদ্রবন্দরের	sh O m u d r O b o nd O r e r
পরিবেশবিদদের	p O r i b e sh b i d d e r
অভিভাবক	O bh i bh a b O k
মারুফ	m a r u ph
বন্দেগিতে	b O nd e g i t e
গভীরতর	g O bh i r O t o r O
একমাত্র	E k m a tr O
রিভার	r i bh a r
ছোটটি	chh O T O T i
বকবক	b o k b o k
পরিবারগুলো	p O r i b a r g u l O
সমবণ্টন	sh o m O b o n T o n
ঠুঁটো	Th u~ T O
এনেছিল	e n e chh i l O
পালিত	p a l i t O
মারেফাতের	m a r e ph a t e r
ধর্ষণচেষ্টার	dh o r sh o n ch e shT a r
একটুকু	e k T u k u
করণের	k o r O n e r
মুকুন্দ	m u k u nd O
পোস্টও	p O s T O
জুতাগুলো	j u t a g u l O
খুবই	kh u b i
এলাকাটিতে	e l a k a T i t e
কাঠামোর	k a Th a m O r
কবিদের	k O b i d e r
অর্ধবৃত্তাকার	o r dh O b r i t t a k a r
বিএমইটি	b i e m i T i
নাটের	n a T e r
ক্ষেতের	kh e t e r
স্বাধীনতাবিরোধীরা	sh a dh i n o t a b i r O dh i r a
জলাভূমির	j o l a bh u m i r
অফস্পিনারের	o ph s p i n a r e r
ভাবি	bh a b i
আনতাম	a n t a m
টিপুকে	T i p u k e
প্রতিচ্ছবি	pr O t i ch chh O b i
টিকেটের	T i k e T e r
ভর্তীচ্ছু	bh O r t i ch chh u
ধন্যবাদও	dh O n n O b a d O
হাতিরঝিল	h a t i r jh i l
মুভিটিতে	m u bh i T i t e
পদক্ষেপই	p o d O kkh e p i
কতখানি	k o t O kh a n i
ভুবন	bh u b o n
ফলদ	ph o l O d
জুটিটা	j u T i T a
উগরে	u g r e
আবুধাবী	a b u dh a b i
টুল	T u l
হারাটা	h a r a T a
রুকু	r u k u
আকারও	a k a r O
ঘটনাবলীর	gh o T O n a b O l i r
গরুটার	g O r u T a r
গহিনে	g O h i n e
হাজতি	h a j O t i
অসহিষ্ণুতা	o sh O h i sh n u t a
প্রাচীনকালে	pr a ch i n k a l e
বাগানগুলোতে	b a g a n g u l O t e
সমাজতন্ত্রী	sh o m a j t O n t r i
ফ্লেচারের	ph l e ch a r e r
ষোলশহর	sh O l O sh o h O r
নিমন্ত্রণপত্র	n i m O n t r O n p o tr O
গরজ	g o r O j
ঘুমহীন	gh u m h i n
অন্বেষা	o n n e sh a
টেলিস্কোপ	T e l i s k O p
পারফরমেন্সে	p a r ph o r m e n s e
পণ	p o n
সংক্রান্ত	s o ng k r a n t O
লঞ্চই	l o nch i
গবেষককে	g o b e sh o k k e
দুর্ভাগ্যবশত	d u r bh a g g O b o sh O t O
বানাব	b a n a b O
প্রমাদ	pr O m a d
গণপরিবহন	g o n O p O r i b o h O n
শ্রীলংকা	s r i l o ng k a
ফস্টার	ph o s T a r
জিব	j i b
প্রাচ্য	p r a ch ch O
অপমানকর	o p O m a n k o r
ইফতারে	i ph t a r e
স্পটগুলোতে	s p o T g u l O t e
সবল	sh o b o l
পন্থী	p O n th i
বলারই	b o l a r i
রবীন্দ্রসংগীতের	r O b i ndr O sh O ng g i t e r
কম্ম	k o mm O
অতৃপ্তি	o t r i p t i
স্থানগুলোর	sth a n g u l O r
ক্ষমতাকে	kh o m O t a k e
লোকটাকে	l O k T a k e
আদাকুচি	a d a k u ch i
অর্থহীনের	o r th O h i n e r
বেনাপোল	b e n a p O l
চালান	ch a l a n
ফাউন্ডেশনে	ph a u n D e sh o n e
স্ট্রাগল	s T r a g O l
কারখানাটিতে	k a r kh a n a T i t e
বটেশ্বরের	b o T e sh sh o r e r
ধাঁচে	dh a~ ch e
ফের্নান্দো	ph e r n a nd O
কাঁধ	k a~ dh
রিজভীসহ	r i j bh i sh o h O
ভাবনাটা	bh a b n a T a
শ্বসনে	sh o sh O n e
তলদেশের	t o l O d e sh e r
স্বতন্ত্র	sh o t o n t r O
পনেরটি	p o n e r O T i
পাটা	p a T a
আঁকছে	a~ k chh e
আঁকে	a~ k e
ইল	i l
শিশুমেলা	sh i sh u m e l a
শোক	sh O k
কারণই	k a r O n i
অগণন	o g o n O n
স্পষ্টবাদী	s p o shT O b a d i
গোলটি	g O l T i
স্বল্পতম	sh o l p O t o m O
কম্পমান	k o mp O m a n
বিশ্বামিত্র	b i sh sh a m i tr O
বেলো	b E l O
নির্দেশদাতা	n i r d e sh d a t a
বোধকরি	b O dh k O r i
জানালেন	j a n a l e n
আদিতমারী	a d i t O m a r i
অবতরণের	o b O t o r O n e r
মুকুল	m u k u l
ফন্টের	ph o n T e r
প্রহসনে	pr O h O sh o n e
কর্মপরিকল্পনা	k o r m O p O r i k o l p O n a
ক্ষরণের	kh o r O n e r
সহকারীর	sh o h O k a r i r
পরিচ্ছদের	p O r i ch chh o d e r
রাহিতুল	r a h i t u l
উন্নতিতে	u nn O t i t e
শাপলা	sh a p l a
রোবোটিক	r O b O T i k
অতিসত্বর	O t i sh o tt O r
জমাকৃত	j o m a k r i t O
শিক্ষার্থীরা	sh i kkh a r th i r a
ফিট	ph i T
ব্যথামুক্ত	b A th a m u kt O
খাদ	kh a d
চাকমা	ch a k m a
কাচারী	k a ch a r i
স্বল্পোন্নত	sh o l p O nn O t O
দাবিকে	d a b i k e
শিক্ষার	sh i kkh a r
অপপ্রচারের	o p O pr O ch a r e r
পার্টনারের	p a r T n a r e r
প্রতিযোগিতার	pr O t i j O g i t a r
শুনানী	sh u n a n i
বিদ্যমান	b i d d O m a n
খেতাবপ্রাপ্ত	kh e t a b pr a p t O
দাম্পত্য	d a mp O t t O
আপ	a p
ডিগ্রিধারীরা	D i gr i dh a r i r a
নীলাভ	n i l a bh
বস্তাভর্তি	b o st a bh O r t i
প্রথমিক	pr a th O m i k
বিরক্ত	b i r O kt O
পিচ	p i ch
যক্ষা	j o kkh a
নিষ্কাশনে	n i sh k a sh o n e
চটপট	ch o T p o T
এটাতে	e T a t e
কচিকাঁচা	k O ch i k a~ ch a
কলোনী	k o l O n i
গনি	g O n i
উপকারের	u p O k a r e r
ধর্মত্যাগী	dh o r m O t A g i
বালখিল্য	b a l kh i l l O
তাকাবেন	t a k a b e n
ভাজি	bh a j i
অপ্রকাশ্যে	o pr O k a sh sh e
গগের	g o g e r
নিখুঁতভাবে	n i kh u~ t bh a b e
বাহ্যত	b a j jh O t O
সহসম্পাদক	sh o h O sh o mp a d O k
রাষ্ট্রপে	r a s T r O p e
স্তম্ভটি	st o m bh O T i
ডিজিটের	D i j i T e r
শব্দকে	sh o b d O k e
থামছে	th a m chh e
আগামীর	a g a m i r
দিনগুলো	d i n g u l O
মুক্তিপন	m u kt i p o n
তীর্থের	t i r th e r
শুরা	sh u r a
পদোন্নতিবঞ্চিত	p o d O nn O t i b O nch i t O
প্রতিরক্ষা	pr O t i r o kkh a
মাঠকর্মীদের	m a Th k O r m i d e r
দূরান্ত	d u r a nt O
হারজিত	h a r j i t
সংগীতশিল্পীরা	sh O ng g i t sh i l p i r a
বান্দ	b a nd
ফলকের	ph o l O k e r
আবৃত্তি	a b r i t t i
শিক্ষার্থীসহ	sh i kkh a r th i sh o h O
সমালোচকদের	sh o m a l O ch O k d e r
আকুতি	a k u t i
ভাবলেশহীন	bh a b l e sh h i n
জিনা	j i n a
লঞ্চঘাটের	l o nch gh a T e r
বাসচালকের	b a s ch a l O k e r
ছোটার	chh O T a r
শোরুমগুলোতে	sh O r u m g u l O t e
জাদুকরদের	j a d u k o r d e r
পাদুকা	p a d u k a
বিশ্ববাণিজ্য	b i sh sh O b a n i j j O
চেরাগী	ch e r a g i
শংকর	sh o ng k O r
ট্যাক্সসহ	T A k s sh o h O
খ্রিষ্টধর্মের	kh r i shT O dh o r m e r
চ্যালেঞ্জটি	ch A l e nj T i
থাকুক	th a k u k
শিল্পনগরীতে	sh i l p O n o g O r i t e
পরশে	p o r O sh e
স্নাত	sn a t O
একগাদা	E k g a d a
লোনা	l O n a
ওগো	O g O
ব্যক্তিকে	b e kt i k e
বুলু	b u l u
ছাত্রসংসদ	chh a tr O sh o ng sh o d
পরণে	p o r O n e
ফিশপ্লেট	ph i sh p l e T
আন্টি	a n T i
উপরিভাগে	u p O r i bh a g e
উটপাখি	u T p a kh i
বেকারের	b e k a r e r
রিব	r i b
দুদিক	d u d i k
ঠিকাদারের	Th i k a d a r e r
জোগানদাতা	j O g a n d a t a
অবশিষ্ট	o b O sh i s T O
ঝুঁকিটা	jh u~ k i T a
পথপ্রদর্শক	p o th pr O d O r sh O k
মানপত্র	m a n p o tr O
তিনদিকে	t i n d i k e
তোষা	t O sh a
সবটা	sh o b T a
ঘষেটি	gh o sh e T i
মুক্তিযোদ্ধাদের	m u kt i j O d dh a d e r
বিক্ষোভও	b i kkh O bh O
ইভটিজিং	i bh T i j i ng
তাঁতশিল্পের	t a~ t sh i l p e r
ঝক্কি	jh O k k i
উদ্যোগই	u d d O g i
আটটি	a T T i
ঝি	jh i
টোনের	T O n e r
দণ্ডাদেশের	d o n D a d e sh e r
ভূমির	bh u m i r
কাঁদিতে	k a~ d i t e
শহরটি	sh o h O r T i
রোগজীবাণু	r O g j i b a n u
ধর্মপ্রচার	dh o r m O pr O ch a r
ডেল্টা	D e l T a
জলাধারে	j o l a dh a r e
ওঁকে	O~ k e
খাজানা	kh a j a n a
ফুটপাতে	ph u T p a t e
দেখভালের	d e kh bh a l e r
মুহূর্তগুলোর	m u h u r t O g u l O r
পিটিশন	p i T i sh o n
অনুষদে	O n u sh o d e
বডি	b o D i
শত্রুতে	sh O tr u t e
দেলেনা	d e l e n a
একটানা	E k T a n a
চার্টার	ch a r T a r
দিগন্ত	d i g o nt O
ক্যাম	k A m
নির্বুদ্ধিতা	n i r b u d dh i t a
পার্সেন্ট	p a r s e n T
দলনেতার	d o l O n e t a r
ভুলেননি	bh u l e n n i
মাশ্চেরানো	m a sh ch e r a n O
সবগুলোর	sh o b g u l O r
শিক্ষাও	sh i kkh a O
বিন্তি	b i nt i
পর্তুগালকে	p O r t u g a l k e
পরমা	p o r O m a
ধূমপান	dh u m p a n
যুবদল	j u b O d o l
ঘরগুলোর	gh o r g u l O r
পাচ	p a ch
গণমাধ্যমগুলো	g o n O m a d dh O m g u l O
কারামুক্তির	k a r a m u kt i r
জার্মানীর	j a r m a n i r
তাকাচ্ছে	t a k a ch chh e
তমা	t o m a
শিক্ষাসফরে	sh i k kh a s o ph O r e
সংস্থাটিতে	sh o ng sth a T i t e
ডাকত	D a k t O
হারেম	h a r e m
শিক্ষানবীশ	sh i kkh a n O b i sh
এতেকাফ	e t e k a ph
জিনবিজ্ঞানী	j i n b i g g a n i
ঝোঁকের	jh O~ k e r
বিমানে	b i m a n e
বহুতল	b O h u t o l
নিরবচ্ছিন্নভাবে	n i r o b O ch chh i nn O bh a b e
প্রকাশনার	pr O k a sh O n a r
বাহিনীগুলোর	b a h i n i g u l O r
অপরাধমূলক	o p O r a dh m u l O k
পিৎজা	p i t j a
ভূত	bh u t
ক্রিটিক	kr i T i k
হাতিরপুলে	h a t i r p u l e
বদলিসহ	b O d l i sh o h O
লিট	l i T
দাত	d a t
মরুকরণ	m O r u k o r O n
হচ্ছিলেন	h O ch chh i l e n
মন্তব্যটি	m o nt O b b O T i
কারাবন্দী	k a r a b O nd i
কোরি	k O r i
রজনীগন্ধা	r o j O n i g o ndh a
হলঃ	h o l
ভিত্তিস্থাপন	bh i tt i sth a p O n
ইনস্যুরেন্সের	i n sh u r e n s e r
কাকটি	k a k T i
ছাত্রছাত্রীরাও	chh a tr O chh a tr i r a O
ঢিমেতালে	Dh i m e t a l e
উল্টোটা	u l T O T a
হেলথ	h e l th
মালদহের	m a l d o h e r
অনর্থের	o n o r th e r
দোলে	d O l e
উন্মোচনের	u n m O ch O n e r
নির্মাণকারী	n i r m a n k a r i
বললাম	b O l l a m
ওভারে	O bh a r e
ললিপপ	l o l i p o p
পারেনি	p a r e n i
ড্রোনটির	D r O n T i r
স্টলে	s T o l e
রামচন্দ্রের	r a m ch o ndr e r
যাত্রাপালার	j a tr a p a l a r
স্বপ্নাকে	sh o p n a k e
কতদিন	k o t O d i n
দলসহ	d o l sh o h O
খো	kh O
তথ্যমন্ত্রীর	t O t th O m O n t r i r
বাবল	b a b o l
পরিষ্কারে	p O r i sh k a r e
তারাটি	t a r a T i
পানিবন্দি	p a n i b O nd i
পরিশোধযোগ্য	p O r i sh O dh j O g g O
স্পীকারের	s p i k a r e r
ডিজিএম	D i j i e m
প্রকল্পসহ	pr O k o l p O sh O h O
স্পেলে	s p e l e
সবগুলোতে	sh o b g u l O t e
কার্ক	k a r k
উন্মাদনা	u n m a d O n a
শেষেও	sh e sh e O
প্রাণীরা	pr a n i r a
আবৃতি	a b r i t i
তাপ	t a p
রাজতন্ত্র	r a j t o n t r O
দেয়ার	d e a r
কেকে	k e k e
একনেকের	E k n e k e r
হিথ্রো	h i th r O
কাঁটাতার	k a~ T a t a r
বাপু	b a p u
অবসন্ন	o b O sh O nn O
নীরা	n i r a
ঘরও	gh o r O
প্লান্টে	p l a n T e
ব্যগ	b A g
উপসর্গ	u p O sh o r g O
জেলা	j e l a
সন্ধের	sh O ndh e r
দাভুতোগলু	d a bh u t O g l u
মৃত্যুদণ্ডের	m r i t t u d o n D e r
রেলপথমন্ত্রী	r e l p o th m O n t r i
মৃত্যুমুখে	m r i t t u m u kh e
অমরত্ব	o m O r o tt O
বাচ্চুর	b a ch ch u r
আক্ষেপ	a kkh e p
রাখিনি	r a kh i n i
দাবাড়ু	d a b a r u
ওপেন	O p e n
সংস্কার	sh o ng s k a r
দ্বিত্ব	d i tt O
পরিপ্রেক্ষিতে	p O r i pr e kkh i t e
বন্দীদশা	b O nd i d o sh a
অধীনতা	O dh i n o t a
স্বাগতিকেরা	sh a g O t i k e r a
লুকে	l u k e
বাঙলা	b a ng l a
তিনশত	t i n sh o t O
খাতুন	kh a t u n
নস্ত্রা	n o sh t r a
দেশপ্রেমী	d e sh pr e m i
বস্তুনিষ্ঠতা	b O st u n i shTh O t a
নবীনদের	n O b i n d e r
ঈষদুষ্ণ	i sh o d u sh n O
সম্পর্কও	sh o mp O r k O O
শতাংশেরই	sh o t a ng sh e r i
দেশগুলোতে	d e sh g u l O t e
চারকোণা	ch a r k O n a
লোকসমাগম	l O k sh o m a g o m
আস্থা	a sth a
মুখই	m u kh i
কাঙাল	k a ng a l
সম্পদহানি	sh o mp o d h a n i
এটিভান	e T i bh a n
কামারখন্দ	k a m a r kh o nd O
বাতিঘর	b a t i gh o r
সঞ্চিত	sh O nch i t O
গজপ্রতি	g o j pr O t i
ফেলছে	ph e l chh e
স্থিতিস্থাপকতা	sth i t i sth a p O k o t a
কোটাপদ্ধতি	k O T a p o d dh O t i
আরোও	a r O O
করছিলে	k O r chh i l e
বাক্যে	b a k k e
কলেজগুলোর	k o l e j g u l O r
ছাত্রীর	chh a tr i r
জনবক্তৃতা	j o n O b O k t r i t a
প্রশিক্ষণার্থীকে	pr O sh i kkh O n a r th i k e
গবেষকরা	g o b e sh o k r a
টেনশন	T e n sh o n
আশিষের	a sh i sh e r
জাদুবিদ্যা	j a d u b i d d a
খনিতে	kh O n i t e
গঠনগত	g o Th O n g o t O
সমাজবিরোধী	sh o m a j b i r O dh i
করছো	k O r chh O
শটই	sh o T i
সংগ্রহটা	sh o ng gr O h O T a
বাজিকরদের	b a j i k o r d e r
কনকের	k o n O k e r
উৎক্ষেপণের	u t kh e p O n e r
অভিযুক্তকে	O bh i j u kt O k e
তলের	t o l e r
কমেডি	k o m e D i
ঢোকানো	Dh O k a n O
খন্দকারের	kh o nd O k a r e r
এমনই	E m O n i
রিলেশন	r i l e sh o n
দেশগুলো	d e sh g u l O
করাননি	k o r a n n i
কয়েকদিন	k O e k d i n
হকও	h o k O
প্রাবল্য	pr a b O l l O
চুচুড়া	ch u ch u r a
পছন্দক্রম	p o chh O nd O kr O m
রেফ্রিজারেটর	r e ph r i j a r e T o r
বিমানবাহিনীতে	b i m a n b a h i n i t e
বেঙ্গল	b e ngg o l
ব্লাডি	bl a D i
খণ্ডবাক্য	kh o n D O b a k k O
এবেলা	e b E l a
মেটাতে	m e T a t e
লেখকই	l e kh O k i
রেডার	r e D a r
বিভ্রান্তিমূলক	b i bh r a nt i m u l O k
অপদার্থ	o p O d a r th O
জীবনযাত্রাকে	j i b O n j a tr a k e
বাবে	b a b e
বিজ্ঞপ্তিটি	b i g g O p t i T i
লোকজনের	l O k j o n e r
ধর্ষিতার	dh O r sh i t a r
আটা	a T a
সততা	sh o t O t a
বিজেপিকে	b i j e p i k e
কাঁকন	k a~ k o n
সম্মানজনক	sh o mm a n j o n O k
আড্ডাবাজি	a D D a b a j i
বধ্যভূমিতে	b o d dh O bh u m i t e
সংঘঠিত	sh o ng gh O Th i t O
সদ্ভাব	sh o d bh a b
ছুটছিলেন	chh u T chh i l e n
বলছে	b O l chh e
দুর্ভাগা	d u r bh a g a
কর্ড	k o r D
লেগো	l e g O
ফলানো	ph o l a n O
নদীটির	n O d i T i r
কাহালু	k a h a l u
রাজতন্ত্রের	r a j t o n t r e r
বাহিনীতে	b a h i n i t e
রোগিকে	r O g i k e
নোবেলের	n O b e l e r
গোল্ডপ্লেটেড	g O l D p l e T e D
বহর	b o h O r
জাতিগত	j a t i g o t O
সংকলন	sh o ng k o l O n
বনভূমির	b o n O bh u m i r
যেরকম	j e r o k O m
হিরা	h i r a
বিধর্মীদের	b i dh O r m i d e r
পাকস্থলীতে	p a k O sth O l i t e
কারো	k a r O
কতবেল	k o t b e l
ঘাঁটিতে	gh a~ T i t e
বনবিভাগের	b o n O b i bh a g e r
ভোজনের	bh O j O n e r
ধ্বংসস্তূপের	dh o ng sh O s t u p e r
মাথাব্যথা	m a th a b A th a
খ্যাতি	kh A t i
গ্রেডে	gr e D e
হারল	h a r l O
পরগাছা	p o r g a chh a
কাঁদি	k a~ d i
দেবরকে	d e b o r k e
মনেপ্রাণে	m O n e pr a n e
রুপালী	r u p a l i
ঘোড়া	gh O r a
হজ্ব	h o j
ঠেকেছে	Th e k e chh e
ঘুটঘুটে	gh u T gh u T e
বেদম	b e d O m
পরিস্থিতিটা	p O r i sh th i t i T a
পরীক্ষক	p O r i kkh o k
রাখাল	r a kh a l
এলাকাভেদে	e l a k a bh e d e
কন্যারা	k O n n a r a
উৎকৃষ্ট	u t k r i sh T O
মস্কো	m o s k O
নবাবদের	n o b a b d e r
শতভাগই	sh o t O bh a g i
নবনির্বাচিত	n o b O n i r b a ch i t O
পরিবীক্ষণ	p O r i b i kkh o n
কাছিমের	k a chh i m e r
শ্যাডোর	sh A D O r
মাঝেমধ্যে	m a jh e m O d dh e
অবহেলার	o b O h E l a r
তাবিথ	t a b i th
বিশ্বকাপের	b i sh sh O k a p e r
ব্যক্তিক	b e kt i k
পাঁচে	p a~ ch e
অনন্তকে	o n O nt O k e
উন্নত	u nn o t O
রূপবতী	r u p O b O t i
জিন্নাত	j i nn a t
অভিযোগপত্রে	O bh i j O g p o tr e
এক্সটেনশন	e k s T e n sh o n
বিবাহযোগ্য	b i b a h O j O g g O
পরিবারেরও	p O r i b a r e r O
বাচ্চাটির	b a ch ch a T i r
অপছন্দের	o p o chh o nd e r
কণিকা	k O n i k a
পান্টিং	p a n T i ng
গুণাগুণ	g u n a g u n
আরবও	a r O b O
অপরিণত	o p O r i n o t O
দুখানা	d u kh a n a
নুরের	n u r e r
প্রতিষ্ঠাবার্ষিকী	pr O t i shTh a b a r sh i k i
তহবিলে	t o h O b i l e
জপে	j o p e
উৎপাত	u t p a t
কর্মক্ষেত্র	k o r m O kh e t r O
একাকি	e k a k i
চাক	ch a k
ফাটলে	ph a T l e
নিঃসরণ	n i sh sh o r O n
রাতগুলো	r a t g u l O
তাকাও	t a k a O
কনকনে	k o n k o n e
কমপ্লেক্সের	k o m p l e k s e r
পুনরুদ্ধার	p u n O r u d dh a r
ফেসবুক	ph e s b u k
দেখবেন	d e kh b e n
অবিভাজ্য	o b i bh a j j O
মশলা	m o sh l a
ধর্মান্তরিত	dh o r m a nt O r i t O
জাকিরের	j a k i r e r
শলা	sh o l a
শিক্ষকরাও	sh i kkh O k r a O
বাধাবিপত্তি	b a dh a b i p O tt i
বকর	b o k o r
এফবি	e ph b i
কুশপুতুল	k u sh p u t u l
কুমোররা	k u m O r r a
খালেকদাদ	kh a l e k d a d
মাঝের	m a jh e r
অভিজ্ঞতাই	O bh i g g O t a i
ফলাফলটা	ph o l a ph o l T a
তিনে	t i n e
তিথি	t i th i
পরাগ	p o r a g
ইনফ্রাস্ট্রাকচার	i n ph r a s T r a k ch a r
মেঘনা	m e gh n a
রুবির	r u b i r
সংখ্যালঘুর	sh o ng kh a l O gh u r
নাছিম	n a s i m
দাঁতকে	d a~ t k e
মিগ্রা	m i gr a
স্বনির্ভরতা	sh o n i r bh o r O t a
দুর্ভাগ্যজনক	d u r bh a g g O j o n O k
ভেজানোর	bh e j a n O r
আন্নি	a nn i
শোভাযাত্রার	sh O bh a j a tr a r
মধ্যরাতের	m O d dh O r a t e r
নীরব	n i r o b
প্রেমীদের	pr e m i d e r
কতজনের	k o t O j o n e r
সরষের	sh O r sh e r
লালপুল	l a l p u l
অনটনে	o n O T o n e
গমগম	g o m g o m
উদাহরণটি	u d a h o r O n T i
ইন্সপেকশন	i n s p e k sh o n
বিদ্যা	b i d d a
রাফিদা	r a ph i d a
চলচ্চিত্রকার	ch o l O ch ch i tr O k a r
জবানবন্দি	j o b a n b O nd i
ধবল	dh o b O l
অপ্রতুলতা	o pr O t u l o t a
বাকরখানির	b a k O r kh a n i r
ট্রি	T r i
সম্ভবও	sh o m bh o b O
পরবর্তীতে	p o r O b O r t i t e
রাজকান্দি	r a j k a nd i
তরণ	t O r O n
পছন্দমাফিক	p o chh O nd O m a ph i k
ক্রিকেটারকে	kr i k e T a r k e
জার্মান	j a r m a n
রাজাও	r a j a O
জানামতে	j a n a m o t e
রদ	r o d
সঞ্চালনার	sh o nch a l O n a r
মন্ত্রণা	m o n t r O n a
ঘোচে	gh O ch e
একটাকে	E k T a k e
লিপিতে	l i p i t e
শ্রমিকেরা	sh r O m i k e r a
মনোভাবের	m o n O bh a b e r
মহামানব	m o h a m a n O b
তুচ্ছতাচ্ছিল্য	t u ch chh O t a ch chh i l l O
উপানুষ্ঠানিক	u p a n u shTh a n i k
প্রতিপালনে	pr O t i p a l O n e
পুনর্দখলের	p u n O r d o kh O l e r
ভোঁ	bh O~
কাশবনের	k a sh b o n e r
দির	d i r
আদি	a d i
আত্মভোলা	a t t O bh O l a
দম্পত্তির	d o mp O tt i r
সপ্ত	sh o p t O
ফুটপাতগুলো	ph u T p a t g u l O
তলানি	t o l a n i
লুটপাট	l u T p a T
স্পেন্সার	s p e n s a r
বুঝ	b u jh O
শরীরটি	sh O r i r T i
ভক্তি	bh O kt i
তুতেন	t u t e n
চাহিদাসম্পন্ন	ch a h i d a sh o mp o nn O
অবসরোত্তর	o b O sh o r O tt O r
কর্তৃপক্ষেরও	k O r t r i p o k kh e r O
বিথী	b i th i
মতবাদকে	m o t O b a d k e
আপিল	a p i l
প্রথমভাগে	pr O th O m bh a g e
ভোগার	bh O g a r
আসতেন	a sh t e n
ভান	bh a n
পদাধিকার	p o d a dh i k a r
বাজল	b a j l O
গ্রন্থকার	gr O n th O k a r
দেখছে	d e kh chh e
সমকামীদের	sh o m O k a m i d e r
কাটছে	k a T chh e
উদ্বাস্তুর	u d b a st u r
মহানবি	m o h a n O b i
জ্ঞাতার্থে	g E t a r th e
পানিরোধী	p a n i r O dh i
ওহ	O h
চারঘাটের	ch a r gh a T e r
মূল্যবোধের	m u l l O b O dh e r
আসক্তির	a sh O kt i r
জোগার	j O g a r
এক্সপোর্টার্স	e k s p O r T a r s
ভ্রমণকারীদের	bh r O m O n k a r i d e r
সরাফত	sh o r a ph o t
পিন্টুকে	p i n T u k e
উচ্ছেদ	u ch chh e d
অহংকারের	o h O ng k a r e r
সর্বপ্রথম	sh o r b O pr O th O m
যত্নআত্তি	j o t n O a tt i
মুক্তাগাছা	m u kt a g a chh a
প্যাড	p A D
ফট	ph o T
রোলের	r O l e r
ভবনগুলো	bh o b O n g u l O
পরমাণুতে	p o r O m a n u t e
রোলে	r O l e
বর্ন	b o r n O
চলেছিলেন	ch O l e chh i l e n
আগ্রাবাদে	a gr a b a d e
শিক্ষাবোর্ডে	sh i kkh a b O r D e
গেতাফের	g e t a ph e r
জানতে	j a n t e
লেটুসপাতা	l e T u s p a t a
ইচ্ছামত	i ch chh a m o t O
হিস্টামিন	h i s T a m i n
সংরক্ষণে	sh o ng r O kkh O n e
দিমিত্রভ	d i m i tr o bh
হকিং	h o k i ng
বকুলতলা	b O k u l t o l a
হারপার	h a r p a r
অন্যজন	O n n O j O n
অপ্রত্যাশিত	o pr O t t a sh i t O
সহীহ	s O h i h
ইফতারিতে	i ph t a r i t e
যোগা	j O g a
মোকাররমে	m O k a r r o m e
ভূলুণ্ঠিত	bh u l u n Th i t O
ভুলো	bh u l O
বিলুপ্তির	b i l u p t i r
মিহিরের	m i h i r e r
আমিনসহ	a m i n sh o h O
স্টেটঅয়েল	s T e T o e l
খ্রিষ্টাব্দ	kh r i s T a b d O
মনোবিজ্ঞানের	m o n O b i g g a n e r
আমিরের	a m i r e r
অপ্রতুল	o pr O t u l
অনুষ্ঠানের	O n u shTh a n e r
পরিচ্ছেদে	p O r i ch chh e d e
প্রহরী	pr O h O r i
পাঠালে	p a Th a l e
দিকগুলোকে	d i k g u l O k e
আঁকলেন	a~ k l e n
কক্ষগুলোর	k o kkh O g u l O r
পূবালী	p u b a l i
মহাপরিকল্পনার	m o h a p O r i k o l p O n a r
হাঁটুপানি	h a~ T u p a n i
লিটারপ্রতি	l i T a r pr O t i
টপকানোর	T o p k a n O r
প্রস্তাবও	pr O st a b O
তোদের	t O d e r
লেবারের	l e b a r e r
পার্চিং	p a r ch i ng
ছকটি	chh o k T i
জবাবই	j o b a b i
কম্পোস্ট	k o mp O s T
পুণ্যের	p u n n e r
চুঙা	ch u ng a
ব্যবস্থাসহ	b A b O sth a sh o h O
রাজনীতিকেরা	r a j n i t i k e r a
আমলাতন্ত্রের	a m l a t o n t r e r
বখাটের	b o kh a T e r
ধুমপান	dh u m p a n
ফেলছি	ph e l chh i
আরকান	a r k a n
দিদির	d i d i r
মাচালং	m a ch a l o ng
শিশুকন্যা	sh i sh u k O n n a
কর্তার	k o r t a r
নামগন্ধ	n a m g o ndh O
দানকারী	d a n k a r i
উদ্যানে	u d d a n e
কাঠে	k a Th e
চিরশত্রু	ch i r O sh O tr u
আটলান্টা	a T l a n T a
সংক্ষিপ্ত	sh O ng kh i p t O
গ্রেট	gr e T
সমর্থকও	sh o m O r th o k O
তকতকে	t o k t o k e
অনেকাংশ	o n e k a ng sh O
তলদেশ	t o l O d e sh
প্রকিউরমেন্ট	pr O k i u r m e n T
তিরমিজি	t i r m i j i
অনুগত	O n u g o t O
নির্বাহীদের	n i r b a h i d e r
প্রিভেনশন	pr i bh e n sh o n
টলে	T o l e
খোলেননি	kh O l e n n i
পোঁটলা	p O~ T l a
আন্তর্জাতিক	a nt O r j a t i k
কুতুপালং	k u t u p a l o ng
সমাধানমূলক	sh o m a dh a n m u l O k
পাঠানোরও	p a Th a n O r O
চাষা	ch a sh a
বখাটেকে	b o kh a T e k e
পতিত	p O t i t O
খ্রিষ্টানরা	kh r i s T a n r a
নিক্ষেপসহ	n i kkh e p sh o h O
মমত্ব	m o m O tt O
হলমুখী	h o l m u kh i
সদা	sh o d a
শুক্রাণু	sh u kr a n u
মালিতে	m a l i t e
ক্ষমতাবলে	kh o m O t a b o l e
গজাবে	g o j a b e
এসটিপি	e s T i p i
কোপাতে	k O p a t e
সন্দেহজনক	sh o nd e h O j o n O k
মহেশকে	m o h e sh k e
ভোটাধিকার	bh O T a dh i k a r
পাঁঠার	p a~ Th a r
কবীর	k O b i r
অতীতকাল	O t i t k a l
চেনেন	ch e n e n
চতুর্থবার	ch O t u r th O b a r
নিঃশর্ত	n i sh sh o r t O
কৃষিপণ্য	k r i sh i p O n n O
উঠানোর	u Th a n O r
ঘামও	gh a m O
রাধিকা	r a dh i k a
মৃত্যুতে	m r i t t u t e
গ্রিলের	gr i l e r
হঠকারিতার	h o Th O k a r i t a r
হাতীবান্ধার	h a t i b a ndh a r
বস্তুবাদী	b O st u b a d i
গুনছে	g u n chh e
বলটাকে	b o l T a k e
অমাবস্যার	o m a b o sh sh a r
শবর	sh o b O r
অনুসন্ধান	O n u sh o ndh a n
হেরেছিল	h e r e chh i l O
নেয়া	n e a
সড়কে	sh o r O k e
গম্ভীরের	g O m bh i r e r
কারুকলা	k a r u k o l a
ফলমূল	ph o l m u l
মারলাম	m a r l a m
পালাবদল	p a l a b o d O l
পূর্বতন	p u r b O t o n O
পরিবেশনে	p O r i b e sh O n e
প্রত্যেকদিন	pr O t t e k d i n
ঘুচাতে	gh u ch a t e
চক্ষুর	ch O kkh u r
ব্যবধানটা	b A b O dh a n T a
শান্তিরক্ষা	sh a nt i r O kkh a
পরিদর্শনকালে	p O r i d o r sh O n k a l e
খোলের	kh O l e r
গোঁফে	g O~ ph e
চারপাশে	ch a r p a sh e
প্রস্তাবগুলো	pr O st a b g u l O
ছাতকের	chh a t O k e r
চটেছে	ch O T e chh e
সমাধিতে	sh o m a dh i t e
উপদল	u p O d o l
বেলালের	b e l a l e r
দক্ষিণেশ্বর	d O kkh i n e sh sh o r
দ্বীপটিকে	d i p T i k e
দণ্ডিতরা	d O n D i t O r a
এদেশেরই	e d e sh e r i
ভরি	bh O r i
বীরত্বগাথা	b i r o tt O g a th a
তনুশ্রী	t O n u s r i
ফুটেজটি	ph u T e j T i
পরিবেশনের	p O r i b e sh O n e r
মনোরঞ্জনের	m O n O r o nj O n e r
কতোদিন	k o t O d i n
বন্দিজীবন	b O nd i j i b O n
প্রজারা	pr O j a r a
অডিওতে	o D i O t e
পেশাজীবীদের	p e sh a j i b i d e r
জগৎ	j o g O t
এদেরই	e d e r i
বিচলিত	b i ch O l i t O
অভিনেতাকে	O bh i n e t a k e
অধিকারীদের	O dh i k a r i d e r
নবীনচন্দ্র	n O b i n ch o ndr O
রাখীর	r a kh i r
ছোটদের	chh O T O d e r
উত্যক্ত	u t t O kt O
টমেটোতে	T o m e T O t e
ভাবমূর্তিও	bh a b m u r t i O
সরবরাহকারীদের	sh o r b o r a h O k a r i d e r
ধারাভাষ্য	dh a r a bh a sh sh O
কাটাকুটি	k a T a k u T i
সমাধিস্থ	sh o m a dh i sth O
পরিবর্তনকে	p O r i b o r t O n k e
আন্দোলনকারী	a nd O l O n k a r i
ব্যাকআপ	b A k a p
উড়ার	u r a r
উৎক্ষেপণ	u t kh e p o n
জিভে	j i bh e
হাসছিলেন	h a sh chh i l e n
পরিবর্তনের	p O r i b o r t O n e r
ত্রুটি	tr u T i
জন্মবার্ষিকীতে	j o n m O b a r sh i k i t e
অপহরণকারীরা	o p O h o r O n k a r i r a
খেলাফতের	kh e l a ph o t e r
কোচগুলো	k O ch g u l O
অনুষ্ঠানস্থল	O n u shTh a n sth o l
মার্সেডিজ	m a r s e D i j
প্রেরক	pr e r O k
মরুভূমির	m O r u bh u m i r
অস্ত	o st O
খ্রিষ্টানদের	kh r i shT a n d e r
অনুসরণে	O n u sh o r O n e
ঘোষকে	gh O sh k e
নদের	n o d e r
প্রধানেরা	pr O dh a n e r a
পারু	p a r u
গঠিত	g O Th i t O
স্ববিরোধিতা	sh o b i r O dh i t a
সচ্ছল	sh o ch chh o l
ডেসকো	D e s k O
লামা	l a m a
ক্যান্টনমেন্টের	k A n T O n m e n T e r
যাযাবর	j a j a b o r
নেটে	n e T e
লো	l O
নাটকসহ	n a T O k sh o h O
সংকেতও	sh o ng k e t O
গ্রহণকারী	gr O h O n k a r i
ইভেন্ট	i bh e n T
প্রবাহকে	pr O b a h O k e
প্রাচ্যে	p r a ch ch e
রুহি	r u h i
ভাবলেন	bh a b l e n
ক্লদ	kl o d
কতৃ	k O t r i
রিটা	r i T a
পৃথিবীটাকে	p r i th i b i T a k e
কহে	k o h e
অপশনের	o p sh o n e r
ঋণগ্রহীতা	r i n g r O h i t a
স্ত্রীলোকের	s t r i l O k e r
দেখাচ্ছেন	d E kh a ch chh e n
পেসমেকার	p e s m e k a r
ইন্টিগ্রেটেড	i n T i gr e T e D
পিপল	p i p O l
প্যান্টালুন	p A n T a l u n
স্মার্টকার্ডের	s m a r T k a r D e r
নববধূকে	n o b O b O dh u k e
একধরনের	E k dh r o n e r
আশিকের	a sh i k e r
সংগীতশিল্পীর	sh O ng g i t sh i l p i r
এগোবেন	e g O b e n
বলল	b O l l O
বন্ধনী	b o ndh O n i
ভদ্রের	bh o d r e r
সংলাপটি	sh o ng l a p T i
হুকুম	h u k u m
দ্বারভাঙার	d a r bh a ng a r
অংশগুলি	o ng sh O g u l i
খ্যাতিমান	kh A t i m a n
চরিত্রহীন	ch O r i tr O h i n
ঘেটে	gh e T e
জলকপাট	j o l k o p a T
নগ্নতা	n o g n O t a
মন্তব্যে	m O nt O b b e
দুমুঠো	d u m u Th O
বেরুলে	b e r u l e
অবদানকে	o b O d a n k e
সমালোচনামূলক	sh o m a l O ch O n a m u l O k
রহীম	r O h i m
বন্যেরা	b O n n e r a
একই	e k i
প্রথমভাগ	pr O th O m bh a g
অরাজক	o r a j O k
উপকথা	u p O k o th a
দি	d i
খরগোশ	kh o r g O sh
নবাগত	n o b a g o t O
দৃশ্যমান	d r i sh sh O m a n
সমালোচনাকে	sh o m a l O ch o n a k e
ইন্সটল	i n s T o l
ব্যাংকিং	b A ng k i ng
লাফাচ্ছে	l a ph a ch chh e
কিশোরকে	k i sh O r k e
সনাক্তকরণ	sh o n a kt O k o r O n
যতজন	j o t O j o n
কজন	k o j O n
হিতাচি	h i t a ch i
খাজনা	kh a j n a
বিব্রতবোধ	b i br o t O b O dh
সত্যও	sh O t t O O
বাসস্থানে	b a sh sth a n e
লোকসংখ্যার	l O k sh o ng kh a r
বছরব্যাপী	b o chh O r b A p i
বধে	b o dh e
আলাদাভাবে	a l a d a bh a b e
নিমপাতা	n i m p a t a
মধ্যমা	m O d dh O m a
পরিপন্থি	p O r i p O n th i
দাবী	d a b i
পরিমিতিবোধ	p O r i m i t i b O dh
ক্রুজ	kr u j
দেশান্তরে	d e sh a nt o r e
বাউন্ডারিতে	b a u n D a r i t e
চারদিকের	ch a r d i k e r
ব্যক্তিসহ	b e kt i sh o h O
বোঝালেন	b O jh a l e n
চিন্তে	ch i nt e
কোনালের	k O n a l e r
টোকা	T O k a
প্রশ্নকে	pr O sh n O k e
জুটিতে	j u T i t e
অপকর্মের	o p O k o r m e r
স্কুলছাত্র	s k u l chh a tr O
হাঁটুজল	h a~ T u j o l
চালানো	ch a l a n O
শোগুলোতে	sh O g u l O t e
সর্বদা	sh o r b O d a
ধীরগতি	dh i r g O t i
অশ্রদ্ধা	o s r O d dh a
তন্ত্রের	t o n t r e r
রিপোর্টিং	r i p O r T i ng
হিন্দুত্ববাদী	h i nd u tt O b a d i
নাহিদকে	n a h i d k e
ভীরু	bh i r u
সমাসবদ্ধ	sh o m a sh b o d dh O
সমারোহে	sh o m a r O h e
উপকরণসহ	u p O k o r O n sh o h O
রঞ্জক	r o nj O k
শ্রীকান্তের	s r i k a nt e r
বেডার	b e D a r
মাস্টারকার্ড	m a s T a r k a r D
মোনাকোর	m O n a k O r
ক্যামেরুনের	k A m e r u n e r
নু	n u
রামেন্দু	r a m e nd u
সংযুক্তির	sh o ng j u kt i r
হামিদের	h a m i d e r
আদরের	a d O r e r
চাল	ch a l
সখনো	sh o kh O n O
ডিবেটিং	D i b e T i ng
গ্রুপকে	gr u p k e
বিনামূল্যে	b i n a m u l l e
নিতু	n i t u
অখাদ্য	o kh a d d O
কবিরুল	k O b i r u l
নির্মাণে	n i r m a n e
ফ্লিক	ph l i k
স্থানগুলোকে	sth a n g u l O k e
অপলক	o p o l O k
কাচা	k a ch a
পোর্টার	p O r T a r
ব্যারাকে	b A r a k e
পাঠকের	p a Th O k e r
গণতন্ত্রও	g o n O t o n t r O O
বধ্যভূমি	b O d dh O bh u m i
ঘুষ	gh u sh
শীতপ্রধান	sh i t pr O dh a n
ফিরেছিলেন	ph i r e chh i l e n
জাতটির	j a t T i r
বানাচ্ছে	b a n a ch chh e
ধাবমান	dh a b O m a n
নামুক	n a m u k
উপবৃত্তাকার	u p O b r i t t a k a r
ভিজিএ	bh i j i e
দোলানো	d O l a n O
প্রতিষ্ঠানটিকে	pr O t i shTh a n T i k e
একাকিত্ব	e k a k i tt O
আগা	a g a
মনোজগৎ	m o n O j o g O t
সংখলা	sh o ng kh O l a
জাগান	j a g a n
টার্ফ	T a r ph
সংলাপের	sh o ng l a p e r
হলরুম	h o l r u m
দোপাট্টা	d O p a T T a
ঘরের	gh o r e r
আনতে	a n t e
চালিকাশক্তি	ch a l i k a sh O kt i
নির্দেশটি	n i r d e sh T i
ধোনিদের	dh O n i d e r
নেটেও	n e T e O
পাকবাহিনী	p a k b a h i n i
মানবজীবনের	m a n O b j i b o n e r
গৃহ	g r i h O
পূর্বপরিকল্পিতভাবে	p u r b O p O r i k O l p i t O bh a b e
শীটের	sh i T e r
তারটি	t a r T i
পরেনি	p o r e n i
নিক্ষিপ্ত	n i kkh i p t O
শুকনা	sh u k n a
সমর্থকদেরও	sh o m O r th o k d e r O
গর্ভপাতের	g o r bh O p a t e r
বাজিতখিলা	b a j i t kh i l a
এসংক্রান্ত	e sh o ng kr a nt O
টিংকু	T i ng k u
পদাধিকারী	p o d a dh i k a r i
সমতট	sh o m O t o T
সরলতার	sh o r O l o t a r
মুখও	m u kh O
ব্যাক্তি	b e kt i
হামিদও	h a m i d O
অনুষ্কার	O n u sh k a r
ডাচ্	D a ch
বাঁচেনি	b a~ ch e n i
স্ট্রিটের	s T r i T e r
মেঝে	m e jh e
বন্দীকে	b O nd i k e
কুঁচকানো	k u~ ch k a n O
উত্তেজনাকর	u tt e j O n a k o r
মারলেন	m a r l e n
সম্ভাব্যতার	sh o m bh a b b O t a r
সংমিশ্রণ	sh o ng m i sh r o n
সংজ্ঞা	sh o ng g a
ব্যালট	b A l O T
দুদু	d u d u
প্রমুখের	pr O m u kh e r
প্রমথ	pr O m O th
ক্ষুদ্রাতিক্ষুদ্র	kh u d r a t i kh u d r O
ঘরমুখী	gh o r m u kh i
জন্মও	j o n m O O
ভাবীকে	bh a b i k e
তুলনামূলকভাবে	t u l O n a m u l O k bh a b e
মহামান্য	m o h a m a n n O
নির্দেশনামূলক	n i r d e sh O n a m u l O k
গুণটি	g u n T i
গুলতি	g u l t i
বিস্তৃতি	b i s t r i t i
পরমের	p o r O m e r
নেমেছিল	n e m e chh i l O
অবস্থাদৃষ্টে	o b O s th a d r i s T e
থরথর	th o r O th o r O
মিক	m i k
রক্তে	r o kt e
অজানাকে	o j a n a k e
গাঁজাসহ	g a~ j a sh o h O
জাপানিজ	j a p a n i j
হারাচ্ছে	h a r a ch chh e
পূণ্য	p u n n O
জুতাটি	j u t a T i
কলগুলো	k o l g u l O
পানিপথের	p a n i p o th e r
অপারেশন্স	o p a r e sh o n s
এমএসডি	e m e s D i
ইস্রাফিল	i s r a ph i l
স্টিকারে	s T i k a r e
টুম্পা	T u mp a
অমিতাভের	o m i t a bh e r
মীরের	m i r e r
সংশ্লেষ	sh o ng s l e sh
স্বাস্থ্যপরীক্ষা	sh a s th O p O r i kkh a
মিলটা	m i l T a
বিপথে	b i p o th e
পররাষ্ট্রমন্ত্রীরা	p o r O r a sh T r O m O n t r i r a
নিতেন	n i t e n
রাষ্ট্রযন্ত্র	r a sh T r O j o n t r O
পাটপণ্য	p a T p o n n O
শরণার্থীদের	sh o r O n a r th i d e r
পশ্চিমবঙ্গ	p O sh ch i m b o ngg O
পরিশোধনকারী	p O r i sh O dh O n k a r i
নন্দনতত্ত্বের	n o nd O n t o t t e r
এফটিপি	e ph T i p i
মধ্যপ্রদেশ	m O d dh O p r O d e sh
মহাযুদ্ধ	m o h a j u d dh O
অব্যবস্থাপনার	o b A b O s th a p O n a r
জ্বালা	j a l a
প্রকল্পটি	pr O k O l p O T i
স্বাদযুক্ত	sh a d j u kt O
জন্য	j O n n O
বিলাল	b i l a l
পারলেন	p a r l e n
শুনত	sh u n t O
রিপ্লে	r i p l e
আনব	a n b O
ভাববে	bh a b b e
পঞ্চাশেক	p o nch a sh e k
যেমনটি	j E m O n T i
লেংথ	l e ng th
দুষ্টুমি	d u shT u m i
সংশোধনের	sh o ng sh O dh O n e r
কমকাস্টের	k o m k a s T e r
টিনশেডের	T i n sh e D e r
শটগান	sh o T g a n
তটস্থ	t o T O sth O
তথ্যের	t O t th e r
মিত্রবাহিনীর	m i tr O b a h i n i r
কেতন	k e t O n
প্রতিরোধযোগ্য	pr O t i r O dh j O g g O
পান্ট	p a n T
কাস্ত্রোর	k a sh t r O r
ডুবোচরে	D u b O ch o r e
উৎকর্ষতার	u t k o r sh O t a r
প্রাধান্য	pr a dh a n n O
গহনাকে	g o h O n a k e
পাষণ্ডরা	p a sh O n D O r a
লাম	l a m
প্রতিষ্ঠানসহ	pr O t i shTh a n sh o h O
সংগঠনে	sh o ng g o Th O n e
মীর	m i r
বেদখলের	b e d o kh O l e r
পাফ	p a ph
মদ্য	m o d d O
বেলাটা	b E l a T a
দেবাশীষ	d e b a sh i sh
ভাটি	bh a T i
চেনের	ch e n e r
স্বীকৃতিপ্রাপ্ত	sh i k r i t i p r a p t O
কিংকর্তব্যবিমূঢ়	k i ng k o r t O b b O b i m u r o
লাদাখ	l a d a kh
রঙা	r o ng a
চিত্তের	ch i tt e r
অনুন্নত	o n u nn o t O
গণেশের	g o n e sh e r
সর্বাত্মকভাবে	sh o r b a t t O k bh a b e
আকর্ষণ	a k O r sh O n
পলিটিক্সে	p O l i T i k s e
সরোবর	sh o r O b o r
আংটিগুলো	a ng T i g u l O
ধরবো	dh O r b O
ঘটবে	gh O T b e
এটম	E T O m
মুক্তিযোদ্ধাসহ	m u kt i j O d dh a sh o h O
অভিষেকটা	O bh i sh e k T a
পাঠাচ্ছি	p a Th a ch chh i
নীলনকশা	n i l n o k sh a
প্রামাণ্যচিত্রে	pr a m a n n O ch i tr e
সঞ্চালন	sh o nch a l o n
বর্নো	b o r n O
দুর্গন্ধও	d u r g o ndh O O
কর্মকর্তাদের	k o r m O k o r t a d e r
বিবেককে	b i b e k k e
বুঝা	b u jh a
পিপিএম	p i p i e m
বিশ্বনাথের	b i sh sh O n a th e r
রাজনীতিকরণ	r a j n i t i k o r O n
থামতে	th a m t e
সমানই	sh o m a n i
ক্যাথরিন	k A th r i n
ক্ষতিপূরণ	kh O t i p u r o n
লুটের	l u T e r
অনে	o n e
ট্যাংকারটি	T A ng k a r T i
সংকটের	sh o ng k o T e r
রোগব্যাধির	r O g b A dh i r
মেটানোর	m e T a n O r
পাপেট	p a p e T
হেরেম	h e r e m
বিশ্ববাজার	b i sh sh O b a j a r
কিপিং	k i p i ng
নলকূপের	n o l k u p e r
ইনিংসটিকে	i n i ng s T i k e
উপমন্ত্রীর	u p O m O n t r i r
চটকদার	ch o T O k d a r
আমানুল	a m a n u l
যুক্তিতে	j u kt i t e
নেহাতই	n e h a t i
কস্ট	k o s T
হারি	h a r i
হ্যাপীকে	h A p i k e
জন্মে	j o n m e
উপস্থাপকের	u p O sth a p O k e r
স্টোরেজের	s T O r e j e r
মুখোমুখী	m u kh O m u kh i
পিএলও	p i e l O
পরিখা	p O r i kh a
হিটস্ট্রোকের	h i T s T r O k e r
নৃত্যনাট্যে	n r i t t O n a T T e
মিটের	m i T e r
কর্তব্যবোধ	k o r t O b b O b O dh
তিতলি	t i t l i
প্রাথমিকভাবে	pr a th O m i k bh a b e
বাদামী	b a d a m i
ফলতে	ph O l t e
নিতো	n i t O
প্রত্নতাত্ত্বিকরা	pr O t n O t a t t i k r a
স্মৃতিপটে	s r i t i p o T e
ঘোচানো	gh O ch a n O
এ্যালবাম	A l b a m
নদীটা	n O d i T a
রাস্তাগুলোর	r a st a g u l O r
রেখাংশ	r e kh a ng sh O
বিষবৃক্ষ	b i sh b r i k kh O
আগমনের	a g O m O n e r
যুদ্ধাপরাধের	j u d dh a p O r a dh e r
প্যাকেটজাত	p A k e T j a t O
যন্ত্র	j o n t r O
বিশেষজ্ঞসহ	b i sh e sh o g g O sh o h O
বাসস্থান	b a sh sth a n
রিত	r i t O
এলাচির	e l a ch i r
জিমা	j i m a
দমনে	d o m O n e
স্বাদবিশিষ্ট	sh a d b i sh i shT O
পদপ্রার্থী	p o d O pr a r th i
রাখছিলেন	r a kh chh i l e n
তদুপরি	t o d u p O r i
মনোভাবে	m o n O bh a b e
রেস্তোরাঁটি	r e st O r a~ T i
দিকনির্দেশক	d i k n i r d e sh o k
বিধানসভা	b i dh a n sh o bh a
স্টাফ	s T a ph
মাথাটি	m a th a T i
মহন্ত	m o h O nt O
তাকানোর	t a k a n O r
রাজদূত	r a j d u t
অদূরদর্শী	o d u r O d O r sh i
দোসরদের	d O sh o r d e r
চটুল	ch O T u l
বর্ষাকালীন	b o r sh a k a l i n
পাঠাব	p a Th a b O
প্রারম্ভিক	pr a r O m bh i k
কথামতো	k o th a m o t O
নিতি	n i t i
ফটোশুটের	ph o T O sh u T e r
বাসচালক	b a s ch a l O k
নিমপাতার	n i m p a t a r
পশ্চিমী	p O sh ch i m i
পূরবী	p u r O b i
সহ	sh o h O
তাজমহলের	t a j m o h O l e r
যার	j a r
ঝুলছিল	jh u l chh i l O
দ্বিজাতিতত্ত্বের	d i j a t i t o t t e r
প্রদত্ত	pr O d o tt O
ডেটাবেজ	D e T a b e j
ইন্ডিপেনডেন্ট	i n D i p e n D e n T
কিচ	k i ch
ব্রিন	br i n
গ্যাস্ট্রিক	g A s T r i k
পিএম	p i e m
প্রশিক্ষকরা	pr O sh i kkh o k r a
শিবচরে	sh i b ch o r e
বক্ষব্যাধি	b o k kh O b A dh i
তালাগুলো	t a l a g u l O
কিশোরের	k i sh O r e r
এত্ত	E tt O
সপক্ষ	sh o p o kkh O
এফটিপিতে	e ph T i p i t e
প্রথমদিকের	pr O th O m d i k e r
জগদীশচন্দ্র	j o g O d i sh ch o ndr O
চলেছেন	ch O l e chh e n
পুষ্টিমান	p u shT i m a n
দু	d u
আঁটি	a~ T i
চলাচলেও	ch o l a ch o l e O
রাগা	r a g a
টোব্যাকো	T O b a k O
জেনেছ	j e n e chh O
লোকগান	l O k O g a n
করপোরেশনগুলোর	k o r p O r e sh o n g u l O r
আপদ	a p O d
আচরণও	a ch O r O n O
জ্যাকেটের	j A k e T e r
হোটেলগুলো	h O T e l g u l O
হিন্দুত্বের	h i nd u tt e r
দারুণভাবে	d a r u n bh a b e
ক্যা	k A
বিচারকদের	b i ch a r o k d e r
কবলে	k o b O l e
নবরত্ন	n o b O r o t n O
মাল্টি	m a l T i
ক্ষমাপ্রার্থনা	kh o m a p r a r th O n a
বন্যার্তদের	b O n n a r t O d e r
মানবমনের	m a n O b m o n e r
ধারাভাষ্যে	dh a r a bh a sh sh e
উত্	u t
আনুপাতিক	a n u p a t i k
এপিবিএনের	e p i b i e n e r
নতজানু	n o t O j a n u
চক্ষু	ch O kkh u
আদার	a d a r
চক্রান্তে	ch o kr a nt e
টেরাকোটা	T e r a k O T a
সর্বহারা	sh o r b O h a r a
ট্রান্সমিটার	T r a n s m i T a r
উদ্দীপিত	u d d i p i t O
বোরিং	b O r i ng
অধ্যাপকদের	o d dh a p o k d e r
সপ্তাহেরও	sh o p t a h e r O
কোলস্টেরলের	k O l O s T e r O l e r
অস্ত্রপচারের	o s t r O p O ch a r e r
যতোদিন	j o t O d i n
পলিপ	p o l i p
দুর্ভিক্ষে	d u r bh i kkh e
রেফারিরা	r e ph a r i r a
গ্রহাণুটি	gr O h a n u T i
টেকনোলজিস্ট	T e k n O l o j i s T
নক্ষত্রগুলো	n o kkh o tr O g u l O
শূকরের	sh u k O r e r
বৃত্তাকার	b r i t t a k a r
গণতন্ত্রের	g o n O t o n t r e r
ভট	bh o T
শ্রদ্ধাবোধের	sh r O d dh a b O dh e r
কতকাল	k o t O k a l
জিডিএফ	j i D i e ph
নিরাপত্তাকর্মীর	n i r a p o tt a k O r m i r
রুক্ষ্ম	r u kkh O
ক্ষতিতে	kh O t i t e
বিবেকানন্দ	b i b e k a n o nd O
কথাকে	k o th a k e
ধরে	dh o r e
ওদুদ	O d u d
অ্যাভিয়েশন	A bh i e sh o n
এন্টিগুয়া	e n T i g u a
একরাত	E k r a t
বসন্তপুর	b o sh O nt O p u r
বিচরণের	b i ch O r O n e r
যন্ত্রাংশগুলো	j o n t r a ng sh O g u l O
ক্যান্সারকে	k A n s a r k e
হ্নীলা	h n i l a
অন্বেষণের	o n n e sh O n e r
মস্কোপন্থী	m o s k O p O n th i
স্থিরতা	sth i r o t a
ক্যারি	k A r i
ভাবিত	bh a b i t O
কন্যাসন্তানের	k O n n a sh o nt a n e r
মাস্ট	m a s T
প্রতিধ্বনিত	p r O t i d dh O n i t O
দলসমূহ	d o l sh O m u h O
ভাতও	bh a t O
বিদেশ	b i d e sh
বাধ	b a dh
গর্তগুলো	g o r t O g u l O
গ্রেটের	gr e T e r
ভিডিওগুলো	bh i D i O g u l O
ভিত্তিফলক	bh i tt i ph o l O k
গাউনে	g a u n e
বলেছি	b O l e chh i
প্রত্যাশামতো	pr O t t a sh a m o t O
ভোল	bh O l
অবাকই	o b a k i
গোলই	g O l i
পূর্বপ্রস্তুতি	p u r b O pr O st u t i
উঠিতে	u Th i t e
আপেলের	a p e l e r
দিকনির্দেশনা	d i k n i r d e sh O n a
প্রবাসজীবনের	pr O b a sh j i b O n e r
নাদিম	n a d i m
চুরির	ch u r i r
হুতিরা	h u t i r a
শক্তিবর্ধক	sh O kt i b o r dh O k
অগ্রগতিও	o gr O g O t i O
মেলবন্ধনের	m e l b o ndh O n e r
কালেমা	k a l e m a
পূজামণ্ডপ	p u j a m o n D O p
সহজীকরণ	sh o h O j i k o r O n
এগোচ্ছি	e g O ch chh i
রাষ্ট্রগুলোকে	r a sh T r O g u l O k e
স্বাস্থ্যসচেতন	sh a s th O sh o ch e t o n
ভাববাদী	bh a b b a d i
বিচারপতিকে	b i ch a r p O t i k e
পরিণীতির	p O r i n i t i r
ইতোমধ্যে	i t O m O d dh e
বানুকে	b a n u k e
তদারকি	t o d a r O k i
স্বাস্থ্যঝুঁকির	sh a s th O jh u~ k i r
ব্যাংকক	b A ng k o k
পরীক্ষার্থীরা	p O r i kkh a r th i r a
ইজারাদারদের	i j a r a d a r d e r
কথাচিত্র	k o th a ch i tr O
ছবিটাই	chh O b i T a i
যোগাযোগে	j O g a j O g e
সদাচার	sh o d a ch a r
শরৎকালে	sh o r O t k a l e
কারাদণ্ডাদেশ	k a r a d o n D a d e sh
পরিমণ্ডলে	p O r i m o n D O l e
তীর্থক্ষেত্র	t i r th O kh e t r O
পাটাতনে	p a T a t o n e
পরিষেবা	p O r i sh e b a
উপনীত	u p O n i t O
অনুষ্ঠানটি	O n u shTh a n T i
প্রকাশনের	pr O k a sh o n e r
বন্দোবস্তের	b o nd O b o st e r
শান্তিনিকেতনের	sh a nt i n i k e t O n e r
ধ্যানধারণার	dh A n dh a r O n a r
কারণগুলোর	k a r O n g u l O r
শিপিং	sh i p i ng
কেচে	k e ch e
মার্টিনোর	m a r T i n O r
পঞ্চবার্ষিকী	p o nch O b a r sh i k i
যোদ্ধাদের	j O d dh a d e r
দোহারে	d O h a r e
ভান্ডারে	bh a n D a r e
আনেননি	a n e n n i
বেনজেমা	b e n j e m a
মিনুকে	m i n u k e
রক্তচাপও	r o kt O ch a p O
মোকতাদির	m O k t a d i r
কভারে	k o bh a r e
মুক্তাগাছার	m u kt a g a chh a r
টেররিস্ট	T e r O r i s T
এতেকাফে	e t e k a ph e
দখলদাররা	d o kh O l d a r r a
বংশধারা	b o ng sh O dh a r a
মেনন	m e n O n
বর্ধমানের	b o r dh O m a n e r
নজরদারিও	n o j O r d a r i O
মৃধা	m r i dh a
স্টার্ন	s T a r n
মগে	m o g e
রোদ্দুর	r O d d u r
দেশে	d e sh e
মারেনি	m a r e n i
দিনটিও	d i n T i O
যাফর	j a ph O r
পরিকল্পনামন্ত্রীর	p O r i k o l p O n a m O n t r i r
নবাবের	n o b a b e r
করিবেন	k O r i b e n
অপার্থিব	o p a r th i b
সমর্থক	sh o m O r th O k
হ্যালি	h A l i
জিএসপি	j i e s p i
প্রযুক্তিতে	pr O j u kt i t e
বুঝব	b u jh b O
প্রশিক্ষণটি	pr O sh i kkh o n T i
তৃণভূমি	t r i n O bh u m i
গুলো	g u l O
ভোটারবিহীন	bh O T a r b i h i n
চালাবে	ch a l a b e
পারমানেন্ট	p a r m a n e n T
মহারানী	m o h a r a n i
মেলালে	m e l a l e
দশমিক	d o sh O m i k
চারশ	ch a r sh O
অভিষ্ট	O bh i shT O
বর্ষপূর্তির	b o r sh O p u r t i r
অভিজ্ঞতাটা	O bh i g g o t a T a
করিত	k O r i t O
হিজরা	h i j r a
স্পিডের	s p i D e r
আপনেরে	a p O n e r e
ডটকমের	D o T k o m e r
সরালে	sh o r a l e
চরমপন্থা	ch o r O m p o n th a
জাতিবাচক	j a t i b a ch O k
উসকানিদাতা	u sh k a n i d a t a
দাঁতগুলো	d a~ t g u l O
জেনেছিল	j e n e chh i l O
রাফিউল	r a ph i u l
কনভেনশনের	k o n bh e n sh o n e r
লোকটার	l O k T a r
আজকালকার	a j k a l k a r
রমনী	r o m O n i
বান্নাহ	b a nn a h
প্রচারণা	pr O ch a r O n a
মূর্তিটি	m u r t i T i
মন্দিরগুলো	m O nd i r g u l O
চিকিৎসকসহ	ch i k i t sh o k sh o h O
ক্ষতিপূরণের	kh O t i p u r O n e r
রপ্তানিযোগ্য	r o p t a n i j O g g O
নিধির	n i dh i r
প্রজনন	pr O j O n o n
বাছুরের	b a chh u r e r
শটে	sh o T e
বিনীত	b i n i t O
পেরোনোর	p e r O n O r
চিরকাল	ch i r O k a l
বিশ্বকে	b i sh sh O k e
সমানতালে	sh o m a n t a l e
নিঃশব্দে	n i sh sh o b d e
মন্ত্রীরাও	m O n t r i r a O
ভুবনমোহিনী	bh u b O n m O h i n i
কবুতরের	k O b u t o r e r
নিষিদ্ধ	n i sh i d dh O
হি	h i
অস্ত্রাগার	o s t r a g a r
মালেক	m a l e k
দৃশ্যটির	d r i sh sh O T i r
অধিকারে	O dh i k a r e
বেরোতেন	b e r O t e n
ননস্টপ	n o n s T o p
আটটার	a T T a r
দোকানীদের	d O k a n i d e r
পারদর্শিতার	p a r O d O r sh i t a r
হে	h e
বহিস্কারের	b O h i sh k a r e r
তোমাদের	t O m a d e r
মাতাবেন	m a t a b e n
মানাতে	m a n a t e
উপমন্ত্রী	u p O m O n t r i
ফেডারেশনে	ph e D a r e sh o n e
নির্বাচনকেন্দ্রিক	n i r b a ch O n k e ndr i k
ঢালে	Dh a l e
করছিলাম	k O r chh i l a m
জিততে	j i t t e
পরিবহনকারী	p O r i b o h O n k a r i
তথ্যদাতা	t O t th O d a t a
চরিত্র	ch O r i tr O
ধর্মান্তরকরণ	dh o r m a nt o r k o r O n
দেব	d e b
যতগুলো	j o t O g u l O
এপোলো	E p O l O
বেহেশতি	b e h e sh t i
স্টিভ	s T i bh
রিস্ক	r i s k
জলাবদ্ধতার	j o l a b o d dh O t a r
বিজিবিসহ	b i j i b i sh o h O
অ্যালস্টমে	A l s T o m e
শিকাগোর	sh i k a g O r
বিদ্ধ	b i d dh O
রুমমেট	r u m m e T
আলোকচিত্রের	a l O k ch i tr e r
চালকদের	ch a l O k d e r
দেহের	d e h e r
অটোমেটিক	o T O m e T i k
গভীররাতে	g O bh i r r a t e
মরণনেশা	m o r O n n e sh a
প্রতিপত্তির	pr O t i p O tt i r
চাঁদাবাজিও	ch a~ d a b a j i O
নাস্তিক্যবাদী	n a st i k k O b a d i
সংগীতকে	sh O ng g i t k e
থাক	th a k
অবকাশের	o b O k a sh e r
খোকা	kh O k a
শোনালেও	sh O n a l e O
ভিডিওগুলোর	bh i D i O g u l O r
প্রচ্ছদের	pr O ch chh o d e r
প্রতিরোধের	pr O t i r O dh e r
টাস্কফোর্স	T a s k ph O r s
দেছে	d e s e
রোগটির	r O g T i r
কারিম	k a r i m
বিপত্তিতে	b i p O tt i t e
লোকোমোটিভ	l O k O m O T i bh
ঘুচানোর	gh u ch a n O r
বন্ধুটির	b O ndh u T i r
একেকজন	E k e k j o n
অর্ধেকেরও	o r dh e k e r O
আছর	a chh O r
প্যারাপাবলিক	p A r a p a b l i k
বিলেতি	b i l e t i
পলাতক	p o l a t O k
দেখাতেও	d e kh a t e O
বাহিনীটি	b a h i n i T i
অনুচর	O n u ch o r
চারদিন	ch a r d i n
জাগো	j a g O
মুমূর্ষ	m u m u r sh O
বেগুনী	b e g u n i
ইশ	i sh
ট্যাবলেট	T A b l e T
শেখরের	sh e kh O r e r
ভালোবাসবো	bh a l O b a sh b O
অভিনব	O bh i n o b O
আহতও	a h O t O O
মাংসসহ	m a ng sh O sh o h O
বাসনপত্র	b a sh O n p o tr O
ঢুকেছে	Dh u k e chh e
যোশেফ	j O s e ph
বাল্যশিক্ষা	b a l l O sh i kkh a
মাঝারী	m a jh a r i
থিরিমান্নে	th i r i m a nn e
শোনামাত্র	sh O n a m a tr O
বহদ্দারহাট	b o h O d d a r h a T
অন্ধত্ব	o ndh O tt O
বালুচরের	b a l u ch o r e r
অকপটে	o k O p o T e
উঠছে	u Th chh e
গণপ্রস্তাব	g o n O pr O st a b
সহশিক্ষা	sh o h O sh i kkh a
মৃগী	m r i g i
এমনভাবে	E m O n bh a b e
বান্ধবের	b a ndh O b e r
লোকরা	l O k r a
আখতারুন	a kh t a r u n
ন্যক্কারজনক	n A k k a r j o n O k
সঙ্গীতজ্ঞ	s O ng g i t o g g O
হচ্ছিলাম	h O ch chh i l a m
ব্রেস্ট	br e s T
মনোবল	m O n O b o l
খরগোশকে	kh o r g O sh k e
দারুনভাবে	d a r u n bh a b e
ঋষি	r i sh i
বিষ্ণুর	b i sh n u r
ষোলতে	s O l O t e
জোটাতে	j O T a t e
চুপিচুপি	ch u p i ch u p i
ফিল্টারে	ph i l T a r e
নির্মাণকাল	n i r m a n k a l
গণসচেতনতা	g o n O sh o ch e t o n O t a
অসন্তুষ্টি	o sh o nt u shT i
খেলাম	kh e l a m
অবরোধকারীরা	o b O r O dh k a r i r a
একহাতে	E k h a t e
সম্মুখে	sh O mm u kh e
অননুমোদিতভাবে	o n O n u m O d i t O bh a b e
পাচারকারী	p a ch a r k a r i
হারুনের	h a r u n e r
আখিরাতের	a kh i r a t e r
কেঁদেছি	k e~ d e chh i
বিষ্ণুপুর	b i sh n u p u r
নিভৃতে	n i bh r i t e
অর্থে	o r th e
পেছাতে	p e chh a t e
নিবেদন	n i b e d o n
বাংলোতে	b a ng l O t e
ডেকো	D e k O
জিপিও	j i p i O
পিজিআর	p i j i a r
লিখছে	l i kh chh e
লিখেছে	l i kh e chh e
কাটাল	k a T a l O
গানেরও	g a n e r O
কালবিলম্ব	k a l b i l o mb O
মহানন্দা	m o h a n o nd a
অনুশীলনটা	O n u sh i l o n T a
ছাত্রলীগের	chh a tr O l i g e r
আখেরাতে	a kh e r a t e
মনটা	m O n T a
খণ্ডে	kh o n D e
ভাগ্নিকে	bh a g n i k e
অগ্নিকন্যা	O g n i k O n n a
কারণের	k a r O n e r
মোর্তজা	m O r t O j a
স্থিতিশীলতার	sth i t i sh i l O t a r
স্বাস্থ্যবিধি	sh a s th O b i dh i
বিএমপির	b i e m p i r
তরুণী	t O r u n i
প্রচুর	pr O ch u r
নদীটিকে	n O d i T i k e
বর্ষের	b o r sh e r
প্রেমজ	pr e m O j
মৃগমারী	m r i g O m a r i
বসবেন	b O sh b e n
প্রযুক্তিকে	pr O j u kt i k e
পক্ষগুলো	p o kkh O g u l O
কোনোটিরই	k O n O T i r i
মধ্যবিত্তদের	m O d dh O b i t t O d e r
একদা	E k O d a
পরলাম	p O r l a m
পূর্বক	p u r b O k
কেডা	k E D a
ডিএমপি	D i e m p i
ইনভেস্টিগেশন	i n bh e s T i g e sh o n
দেশকে	d e sh k e
লেখতে	l e kh t e
জলাধার	j o l a dh a r
নামছি	n a m chh i
লেটো	l e T O
পরিদর্শন	p O r i d o r sh O n
বন্দুকযুদ্ধে	b O nd u k j u d dh e
হ্যালোর	h A l O r
সক্ষমতাকে	sh o kkh O m o t a k e
মর্মস্পর্শী	m o r m O s p O r sh i
কাঠামোতে	k a Th a m O t e
কুঞ্জ	k u nj O
সম্পাদিত	sh o mp a d i t O
স্বাগতিক	sh a g O t i k
প্রাপ্তি	pr a p t i
নিত্যদিন	n i t t O d i n
জ্ঞানকে	g E n k e
বেনজিরকে	b e n O j i r k e
রজার্সের	r O j a r s e r
প্রশিক্ষণার্থী	pr O sh i kkh O n a r th i
কোলকাতার	k O l k a t a r
ক্যারেজ	k A r e j
প্লেটেড	p l e T e D
তিনটা	t i n T a
হারিকেনের	h a r i k e n e r
অপ্রস্তুত	o pr O st u t
অধিকৃত	O dh i k r i t O
জন্মেছেন	j O n m e chh e n
পরলে	p O r l e
মমত্ববোধ	m o m O tt O b O dh
দূর	d u r
তারাতারিই	t a r a t a r i i
মান্নানের	m a nn a n e r
ডকুমেন্টসহ	D O k u m e n T sh o h O
ভূবন	bh u b o n
শুতে	sh u t e
বোনা	b O n a
প্রতিবেদনটির	pr O t i b e d O n T i r
জ্বললে	j O l l e
অর্থবহ	o r th O b o h O
নীলাচলে	n i l a ch o l e
বিতরণসহ	b i t O r O n sh o h O
পর্বতারোহী	p o r b O t a r O h i
শতাব্দির	sh o t a b d i r
যের	j e r
আগমনে	a g O m O n e
নিবন্ধনের	n i b o ndh O n e r
আটজনই	a T j O n i
জিবের	j i b e r
ছোটদাকে	chh O T d a k e
কলমতর	k o l O m t o r O
গুণেরও	g u n e r O
সর্বনামের	sh o r b O n a m e r
স্বাস্থ্যকর	sh a s th O k o r
লাকীর	l a k i r
বাঁচতে	b a~ ch t e
স্থানীয়	s th a n i O
অযোধ্যার	o j O d dh a r
ধুলা	dh u l a
জ্বরের	j o r e r
তৃপ্ত	t r i p t O
নলেজ	n o l e j
মতান্তর	m o t a nt o r
দোলেশ্বরের	d O l e sh sh o r e r
লিচুগাছে	l i ch u g a chh e
গার্ডেনে	g a r D e n e
দৃষ্টান্ত	d r i sh T a n t O
পোস্টারগুলো	p O s T a r g u l O
খোদা	kh O d a
প্রথমপত্র	pr O th O m p o tr O
ইটিপি	i T i p i
নদীগর্ভে	n O d i g o r bh e
অত্যাচারীর	O t t a ch a r i r
এখনতো	E kh O n t O
পরামর্শদাতা	p o r a m o r sh O d a t a
চললেন	ch O l l e n
পড়াশোনা	p o r a sh O n a
দ্বীনের	d i n e r
ছেলের	chh e l e r
বাংলাটিম	b a ng l a T i m
রাজ্যগুলোতে	r a j j O g u l O t e
কখ	k o kh o
বেনামে	b e n a m e
যূথী	j u th i
সম্পাদন	sh o mp a d O n
উপনিষদে	u p O n i sh o d e
শুকাবে	sh u k a b e
তথ্যভিত্তিক	t O t th O bh i tt i k
বেধেছে	b e dh e chh e
ফোনকল	ph O n k o l	loanword
দ্বারে	d a r e
গৃহকর্মে	g r i h O k o r m e
একাডেমী	E k a D e m i
চানাচুরের	ch a n a ch u r e r
এতকিছু	E t O k i chh u
জনসচেতনতা	j o n O sh o ch e t O n o t a
বাঁধও	b a~ dh O
বিমানবন্দরের	b i m a n b o nd O r e r
টরেন্টো	T o r e n T O
কলেজগামী	k o l e j g a m i
ইহাতে	i h a t e
রূপকথা	r u p k o th a
গলিত	g O l i t O
পার্সি	p a r s i
মারলেও	m a r l e O
বেগুনে	b e g u n e
কালকিনিতে	k a l k i n i t e
চর্বিতে	ch O r b i t e
আশাটা	a sh a T a
বিচ্ছিরি	b i ch chh i r i
তেঁতুল	t e~ t u l
অধিককাল	O dh i k k a l
শিক্ষাপ্রতিষ্ঠানসহ	sh i kkh a pr O t i shTh a n sh o h O
পূর্বমুখী	p u r b O m u kh i
চোখটি	ch O kh T i
যুগলবন্দীতে	j u g O l b O nd i t e
স্বাভাবিকের	sh a bh a b i k e r
শোধনাগারে	sh O dh O n a g a r e
অপহৃতদের	o p O h r i t O d e r
গ্যেজ	g e j
প্রত্যেকটি	pr O t t e k T i
জীবনযুদ্ধে	j i b o n j u d dh e
শুভশ্রী	sh u bh o s r i
ডামি	D a m i
সহযোগিতাও	sh o h O j O g i t a O
বাধ্যবাধকতার	b a d dh O b a dh O k o t a r
ধরো	dh o r O
নাবিলা	n a b i l a
প্রতিমন্ত্রীসহ	pr O t i m O n t r i sh o h O
চাম্বল	ch a mb O l
কারন	k a r O n
সমুদ্রবন্দরকে	sh o m u d r O b o nd O r k e
পরিশোধে	p O r i sh O dh e
ঝরঝর	jh O r O jh o r O
উচ্চতামাপক	u ch ch O t a m a p O k
কতটি	k o t O T i
ভালকে	bh a l O k e
শিষ্য	sh i sh sh O
তালেবান	t a l e b a n
স্টাম্পিং	s T a mp i ng
হরিচরণ	h O r i ch o r O n
ধারাবিবরণী	dh a r a b i b O r O n i
গুণ্ডা	g u n D a
খাটছে	kh a T chh e
আকিকা	a k i k a
ককপিটের	k o k p i T e r
উপভোগ	u p O bh O g
দরিদ্রদের	d O r i d r O d e r
কমছে	k O m chh e
ভুলক্রমে	bh u l kr O m e
লিভিং	l i bh i ng
শিক্ষার্থীদের	sh i kkh a r th i d e r
স্বনামে	sh o n a m e
বর্তমানে	b o r t O m a n e
ক্যামনে	k A m n e
পাখিও	p a kh i O
নারীদেরকে	n a r i d e r k e
মানবসমাজ	m a n O b sh o m a j
ধুরন্ধর	dh u r o ndh o r
বাঘা	b a gh a
চোখকে	ch O kh k e
মুখী	m u kh i
গোল্ডেন	g O l D e n
পাবনার	p a b n a r
দণ্ডমুণ্ডের	d o n D O m u n D e r
আপনজনের	a p O n j o n e r
ক্রেডিট	kr e D i T
পরিবহনমালিক	p O r i b o h O n m a l i k
কুচির	k u ch i r
দরদাতা	d o r d a t a
অনাবিল	o n a b i l
পরিবর্তনশীল	p O r i b o r t O n sh i l
মেলাবে	m e l a b e
মেলেছে	m e l e chh e
বিদেশে	b i d e sh e
অর্থগত	o r th O g o t O
কাজিনদের	k a j i n d e r
কৃষ্ণপদ	k r i sh n O p o d
প্রাতিষ্ঠানিকভাবে	pr a t i shTh a n i k bh a b e
পাজি	p a j i
সমীরণ	sh o m i r o n
নন্দিতা	n O nd i t a
মার্কেটসহ	m a r k e T sh o h O
ক্ষমতাশীন	kh o m O t a sh i n
এলাকাও	e l a k a O
খদ্দেররা	kh o d d e r r a
দাগগুলো	d a g g u l O
সংস্করণটি	sh o ng s k o r O n T i
তৃণ	t r i n O
নারীশিক্ষার	n a r i sh i kkh a r
দীপ্ত	d i p t O
তারাতারি	t a r a t a r i
রুমও	r u m O
আমারে	a m a r e
স্টিলথ	s T i l th
মধুমতির	m O dh u m O t i r
প্রবেশ	pr O b e sh
রত্নবিশেষ	r o t n O b i sh e sh
বাণিজ্যকে	b a n i j j O k e
ভাসছেন	bh a sh chh e n
কাবু	k a b u
প্রশাসকের	pr O sh a sh O k e r
বেনিতেজ	b e n i t e j
গ্রহে	gr O h e
সত্যের	sh o t t e r
ওতপ্রোতভাবে	O t O pr O t O bh a b e
আপনের	a p O n e r
সংবাদমাধ্যমও	sh o ng b a d m a d dh O m O
স্ট্যালন	s T A l o n
পাঠাতে	p a Th a t e
হলটিতে	h o l T i t e
প্রতিবেদনটিতে	pr O t i b e d O n T i t e
চরমতম	ch o r O m t o m O
দৃশ্যকে	d r i sh sh o k e
রবিচন্দ্র	r O b i ch o ndr O
যাবৎকালের	j a b O t k a l e r
পেনড্রাইভের	p e n D r a i bh e r
বেষ্টনি	b e shT o n i
পাল্টা	p a l T a
কটকটি	k o T k O T i
ক্ষেত্রেও	kh e t r e O
ক্ষেপণাস্ত্রটি	kh e p O n a s t r O T i
টেলিটক	T e l i T o k
প্যারেডের	p A r e D e r
নৃত্যশিল্পীদের	n r i t t O sh i l p i d e r
অশেষ	o sh e sh
আবেদনকারী	a b e d O n k a r i
সমর্থনে	sh o m O r th O n e
মহানুভবতা	m o h a n u bh o b O t a
গোলশূন্য	g O l sh u n n O
স্টলগুলোতে	s T o l g u l O t e
রুকন	r u k o n
গুণ্ডারা	g u n D a r a
ভিক্ষার	bh i kkh a r
জাগানো	j a g a n O
বলটিকে	b o l T i k e
বাপের	b a p e r
প্রকারে	pr O k a r e
প্রবৃত্তি	p r O b r i t t i
নহে	n o h e
চলুন	ch O l u n
দিনসহ	d i n sh o h O
পাল্টাবে	p a l T a b e
ওজনও	O j o n O
অ্যাপটি	A p T i
হ্যাপীর	h A p i r
ঘটনাটি	gh o T O n a T i
প্যাটেল	p A T e l
রেবা	r e b a
ছোটকাকু	chh O T O k a k u
চুপি	ch u p i
ইচ্ছার	i ch chh a r
পুলিশকর্মকর্তা	p u l i sh k o r m O k o r t a
লিকেজ	l i k e j
ভদ্রলোকদের	bh o d r O l O k d e r
পছন্দে	p o chh O nd e
যোগ্যতাসম্পন্ন	j O g g O t a sh o mp O nn O
লুৎফরকে	l u t ph o r k e
সম্পদের	sh o mp o d e r
যোগাযোগ	j O g a j O g
ইন্ডিকেটর	i n D i k e T O r
আগ	a g
স্থিতিশীল	sth i t i sh i l
জিওমি	j i O m i
খেলাটা	kh E l a T a
প্রস্তুতি	pr O st u t i
বিত্তশালীরা	b i tt O sh a l i r a
উদ্বেগের	u d b e g e r
আঁতে	a~ t e
ইনিংসটাও	i n i ng s T a O
জেনোম	j e n O m
পর্তুগাল	p O r t u g a l
ডিগনিটি	D i g n i T i
হত্যাকান্ডে	h O t t a k a n D e
ছোকরা	chh O k r a
প্রতিকৃতি	p r O t i k r i t i
দূষণের	d u sh o n e r
উদ্বোধনে	u d b O dh O n e
ডিসটেম্পার	D i s T e m p a r
ঋণচুক্তির	r i n ch u k t i r
হামিদকে	h a m i d k e
মেরুদণ্ডের	m e r u d o n D e r
টলারেন্সে	T o l a r e n s e
জানুয়ারি	j a n u a r i
টা	T a
বিস্তর	b i st o r
শ্রান্ত	sh r a n t O
কাঁদলে	k a~ d l e
জিতবে	j i t b e
ইমারজেন্সি	i m a r j e n s i
উপেন্দ্রকিশোর	u p e ndr O k i sh O r
মারাত্মক	m a r a t t O k
সংক্রমিত	sh o ng kr O m i t O
ভুলই	bh u l i
কথাকাটাকাটি	k o th a k a T a k a T i
সংশোধনে	sh o ng sh O dh O n e
নানান	n a n a n
অভিভূত	O bh i bh u t O
আলাবামা	a l a b a m a
শুনল	sh u n l O
মার্কেটটি	m a r k e T T i
ভীতসন্ত্রস্ত	bh i t O sh o n t r O st O
স্বার্থে	sh a r th e
গ্যাসট্রিক	g A s T r i k
দিকেও	d i k e O
রচি	r O ch i
ছন্দটা	chh o nd O T a
আলোতে	a l O t e
দেখো	d E kh O
দূরন্ত	d u r O nt O
পূর্ববর্তী	p u r b O b O r t i
চলছে	ch O l chh e
ধর্ষণসহ	dh o r sh O n sh o h O
অপহরণকারীকে	o p O h o r O n k a r i k e
পাচার	p a ch a r
জীবনযাত্রা	j i b O n j a tr a
মেডিক্যাল	m e D i k a l
ক্যাম্পগুলো	k A mp g u l O
মানানো	m a n a n O
হোতা	h O t a
ঋতুভেদে	r i t u bh e d e
অন্তঃপুরে	o n t O p u r e
এভারেস্টে	e bh a r e s T e
মুক্তবুদ্ধির	m u kt O b u d dh i r
প্যান	p A n
নান্দনিকভাবে	n a nd O n i k bh a b e
সংকেতের	sh o ng k e t e r
আনুশকা	a n u sh k a
বন্ধুবান্ধবদের	b O ndh u b a ndh O b d e r
সত্তা	sh o tt a
মাঝ	m a jh
ভুগলে	bh u g O l e
ঘা	gh a
দুশ্চিন্তাগ্রস্ত	d u sh ch i nt a gr O st O
কর্মপরিবেশ	k o r m O p O r i b e sh
কতকগুলি	k o t O k g u l i
নাট্যটি	n a T T O T i
পাঁচশত	p a~ ch sh o t O
কাটলেট	k a T l e T
ভাসলেন	bh a sh l e n
মাতৃস্বাস্থ্য	m a t r i sh a s th O
পালি	p a l i
অভিমুখে	O bh i m u kh e
কমপক্ষে	k o m p O kkh e
রত্না	r o t n a
হেনেছে	h e n e chh e
উনাদের	u n a d e r
জন্মানো	j o n m a n O
পিচ্ছিল	p i ch chh i l
ইলেকট্রো	i l e k T r O
আটক	a T O k
তাঁদেরও	t a~ d e r O
প্রেমই	pr e m i
অসচ্ছল	o sh o ch chh o l
সন্ত্রাসবাদকে	sh o n t r a sh b a d k e
সর্বনাশ	sh o r b O n a sh
মেষ	m e sh
অংশু	O ng sh u
ভাঙাতে	bh a ng a t e
পটুয়াখালী	p O T u a kh a l i
উচ্চ	u ch ch O
কালেভদ্রে	k a l e bh o d r e
রকমও	r o k O m O
বাঁধার	b a~ dh a r
চালাতো	ch a l a t O
অনুধাবনের	O n u dh a b O n e r
নেমন্তন্ন	n e m O nt O nn O
ছাত্রজীবনে	chh a tr O j i b O n e
পূজিত	p u j i t O
লাশটা	l a sh T a
একপক্ষ	E k p O kkh O
ডেটার	D e T a r
এগুলোর	e g u l O r
মুকিম	m u k i m
ইঞ্জিনিয়ারিং	i n j i n i a r i ng
মিটারে	m i T a r e
নাট্যনির্মাতা	n a T T O n i r m a t a
করুনাময়ী	k O r u n a m O i
শন	sh o n
প্রতিবছরই	pr O t i b o chh O r i
ধনসম্পদ	dh o n sh o mp o d
কালোবাজারী	k a l O b a j a r i
খানকে	kh a n k e
বানাবেন	b a n a b e n
শব্দার্থ	sh o b d a r th O
অপ্রচলিত	o pr O ch O l i t O
মানববন্ধনে	m a n O b b o ndh O n e
টানছেন	T a n chh e n
কথাটি	k o th a T i
বাতিল	b a t i l
লিপিকে	l i p i k e
ব্যাপারও	b A p a r O
পদার্থকে	p o d a r th O k e
প্রশাসনও	pr O sh a sh o n O
নার্ভের	n a r bh e r
মিডফিল্ডারের	m i D ph i l D a r e r
পাহেলি	p a h e l i
দূর্নীতি	d u r n i t i
অজানার	o j a n a r
ইসরাইলী	i s r a i l i
গ্রহীতার	gr O h i t a r
ব্যপম	b A p O m
ইটভাটা	i T bh a T a
রুটে	r u T e
ইত্যাদিকে	i t t a d i k e
রানাও	r a n a O
দক্ষতামূলক	d o kkh O t a m u l O k
শুদ্ধতা	sh u d dh O t a
ইছামতী	i chh a m O t i
করতো	k O r t O
আলোকচিত্রীর	a l O k ch i tr i r
অন্ত্র	o n t r O
সম্পদে	sh o mp o d e
সমর্থকের	sh o m O r th O k e r
প্রিয়	p r i O
কেন্দ্রে	k e ndr e
সদ্য	sh o d d O
টোনার	T O n a r
গণবাহিনী	g o n O b a h i n i
একজনকে	E k j O n k e
শরীরচর্চা	sh O r i r ch o r ch a
সহযোগে	sh o h O j O g e
প্লাবনভূমি	p l a b O n bh u m i
হবেবলে	h o b e b O l e
যেরূপ	j e r u p
পরদিনও	p o r d i n O
ওমরাহ্	O m r a h
অন্যমনস্ক	o n n O m o n O s k O
প্রতিকারের	pr O t i k a r e r
পাঠক	p a Th O k
মৃত্যুকে	m r i t t u k e
আমা	a m a
থাকারও	th a k a r O
শোনার	sh O n a r
চাষযোগ্য	ch a sh j O g g O
ইতেকাফের	i t e k a ph e r
শুরলের	sh u r l e r
অর্ধশতকে	o r dh O sh o t O k e
দেখেশুনে	d e kh e sh u n e
মারুফুল	m a r u ph u l
অধিকারই	O dh i k a r i
জীবাণুযুক্ত	j i b a n u j u kt O
চারি	ch a r i
কথামালা	k o th a m a l a
কোর্টও	k O r T O
পহেলা	p o h e l a
আঁকিবুঁকি	a~ k i b u~ k i
ভবের	bh o b e r
ওপাশ	O p a sh
অকস্মাত্	o k O sh sh a t
মেলবন্ধনে	m e l b o ndh O n e
সনাক্তের	sh o n a kt e r
আকাশচুম্বী	a k a sh ch u mb i
রক্ষার্থে	r o kkh a r th e
অনুষ্ঠিতব্য	O n u shTh i t o b b O
দাসগুপ্ত	d a sh g u p t O
উঠে	u Th e
পাবে	p a b e
প্রতিপক্ষরা	pr O t i p O kkh O r a
ধরণ	dh o r O n
অসচেতন	o sh o ch e t O n
বিচ্ছিন্নতাবাদী	b i ch chh i nn O t a b a d i
কেস্টার	k e sh T a r
ধীরেন্দ্র	dh i r e ndr O
ডজনেরও	D o j O n e r O
ঘুরবেন	gh u r b e n
প্রতিদিনে	pr O t i d i n e
লাশউদ্ধার	l a sh u d dh a r
রান্নাবান্না	r a nn a b a nn a
বিভ্রাটের	b i bh r a T e r
খাবি	kh a b i
বর্জনকারী	b o r j O n k a r i
অপরজনের	o p O r j o n e r
রকনে	r o k o n e
দানবের	d a n O b e r
অবকাঠামোসহ	o b O k a Th a m O sh o h O
সংলাপগুলো	sh o ng l a p g u l O
তৃণা	t r i n a
ভুক্তভোগীদের	bh u kt O bh O g i d e r
চিক	ch i k
স্বরাষ্ট্রমন্ত্রীরা	sh o r a sh T r O m O n t r i r a
শর্মীমালা	sh O r m i m a l a
বিবেকবান	b i b e k b a n
দিছিল	d i s i l O
ফেব্রুয়ারী	ph e b r u a r i
হরতালকারীদের	h o r t a l k a r i d e r
শ্বাসযন্ত্রের	sh a sh j o n t r e r
পত্নীতলা	p O t n i t o l a
গুলিবর্ষণ	g u l i b o r sh O n
নির্বাচনগুলোতে	n i r b a ch O n g u l O t e
মেটে	m e T e
ঘাতককে	gh a t O k k e
একবাক্যে	e k b a k k e
নগরভবনে	n o g O r bh o b O n e
একপাশে	E k p a sh e
পর্বতমালার	p o r b O t m a l a r
জীবিকা	j i b i k a
অধিকারীর	O dh i k a r i r
মধুমিতা	m O dh u m i t a
হাঁটলেন	h a~ T l e n
আত্মসমালোচনা	a t t O sh o m a l O ch o n a
হাঁপ	h a~ p
স্টপার	s T o p a r
জং	j o ng
পানিস্বল্পতার	p a n i sh o l p O t a r
আনেন	a n e n
পূজারি	p u j a r i
বক্রতা	b o kr O t a
কুক	k u k
রাখেন	r a kh e n
করেও	k O r e O
প্রাণীগুলোর	pr a n i g u l O r
ষ্ট্রীটে	s T r i T e
লাখপতি	l a kh p O t i
ফরেনার্স	ph o r e n a r s
পরাবাস্তব	p o r a b a st O b
পগবা	p o g b a
অনেকবারই	o n e k b a r i
লরেন্স	l o r e n s
ভূগর্ভের	bh u g o r bh e r
বেসরকারীভাবে	b e sh o r k a r i bh a b e
কেন্দ্র	k e ndr O
বুঝেছি	b u jh e chh i
হাতছানিতে	h a t chh a n i t e
আপাতদৃষ্টিতে	a p a t O d r i sh T i t e
পরিবর্তনটা	p O r i b o r t o n T a
ফলো	ph o l O
বৃষ্টিধারা	b r i sh T i dh a r a
ক্যারিজ	k A r i j
অংশগ্রহণ	o ng sh O gr O h O n
রমার	r o m a r
শক্তপোক্ত	sh o kt O p O kt O
জীবাণুর	j i b a n u r
ক্যাসপারস্কি	k A s p a r s k i
অনাপত্তি	o n a p O tt i
আলোচনাটি	a l O ch O n a T i
দলনেতা	d o l O n e t a
মার্কিনীদের	m a r k i n i d e r
বিটা	b i T a
প্রভাতে	pr O bh a t e
যোগানোর	j O g a n O r
ট্রেনসহ	T r e n sh o h O
তিনজনে	t i n j o n e
মার্চেন্ট	m a r ch e n T
রেগে	r e g e
স্বাধীনতাবিরোধী	sh a dh i n o t a b i r O dh i
পালনকারীর	p a l O n k a r i r
ভাঙার	bh a ng a r
বেদনাকে	b e d O n a k e
অভিমত	O bh i m o t
কেবলা	k e b l a
বাজারটি	b a j a r T i
চিরন্তন	ch i r o nt O n
প্রজ্ঞাবান	pr O g g a b a n
জনদুর্ভোগ	j o n O d u r bh O g
একযোগে	E k j O g e
ফুডপান্ডার	ph u D p a n D a r
মোমেন্ট	m O m e n T
লোকবল	l O k O b o l
অষ্টমী	o shT O m i
লাগাকে	l a g a k e
জাদুকররা	j a d u k o r r a
হানেন	h a n e n
হেফাজতে	h e ph a j O t e
অভির	O bh i r
ক্যাটাগরির	k A T a g O r i r
অধর	o dh O r
জলদস্যুদের	j o l O d O sh sh u d e r
দিনকালের	d i n k a l e r
পর্বটি	p o r b O T i
ভীত	bh i t O
চারদিক	ch a r d i k
কিডজ	k i D j
চিত্রপটে	ch i tr O p o T e
ভিত্তিবছর	bh i tt i b o chh O r
শিশুটিকে	sh i sh u T i k e
কদাচিৎ	k o d a ch i t
জোগাচ্ছে	j O g a ch chh e
কিছুদূর	k i chh u d u r
হরিণকে	h O r i n k e
মিলনমেলা	m i l O n m e l a
কদমতলীর	k o d O m t O l i r
ফলছে	ph O l chh e
নাট্যচর্চা	n a T T O ch o r ch a
প্রতিবন্ধীকে	pr O t i b O ndh i k e
স্পেনে	s p e n e
আগ্রাসন	a gr a sh O n
আপনজনদের	a p O n j o n d e r
খাদ্যপণ্যের	kh a d d O p O n n e r
ব্যারেলপ্রতি	b A r e l pr O t i
একনিষ্ঠভাবে	E k O n i shTh O bh a b e
মানবসন্তান	m a n O b sh o nt a n
রাঁধা	r a~ dh a
সহসভাপতি	sh o h O sh o bh a p O t i
চলছিলেন	ch O l chh i l e n
কর্মকাণ্ড	k o r m O k a n D O
নবীজি	n O b i j i
তুমিও	t u m i O
শ্রেণিকক্ষে	s r e n i k o kkh e
তলপেট	t o l p e T
পরিচ্ছন্নতাকর্মী	p O r i ch chh o nn O t a k O r m i
থার্মেক্স	th a r m e k s
লম্পট	l o mp O T
শাস্তিতে	sh a st i t e
বিংশ	b i ng sh O
শুকর	sh u k O r
নীতিগতভাবে	n i t i g o t O bh a b e
ছুটির	chh u T i r
ক্লক	kl o k
ধরণী	dh o r O n i
হেনস্থা	h e n O sth a
ব্লিচিং	bl i ch i ng
মেশাতে	m e sh a t e
লাগছিল	l a g chh i l O
থর	th o r
কাব্যচর্চা	k a b b O ch o r ch a
মঞ্চের	m o nch e r
ওপরই	O p O r i
একঘণ্টার	E k gh o n T a r
শশীর	sh O sh i r
পালনকারীদের	p a l O n k a r i d e r
শান্তভাবে	sh a nt O bh a b e
হাতিল	h a t i l
কালক্রমে	k a l kr O m e
মালাগার	m a l a g a r
ঘটিত	gh O T i t O
অন্নের	O nn e r
এলএ	e l e
কারখানাটির	k a r kh a n a T i r
কুনালের	k u n a l e r
উন্নতি	u nn O t i
নোটের	n O T e r
দূর্গ	d u r g O
দরকারের	d o r k a r e r
মিসরে	m i sh o r e
পোস্টটি	p O s T T i
কম্পানিটি	k O mp a n i T i
পলাশীর	p o l a sh i r
ভিকটিমদের	bh i k T i m d e r
সংমিশ্রণে	sh o ng m i s r o n e
খর্ব	kh o r b O
পাণ্ডে	p a n D e
সমালোচনার	sh o m a l O ch O n a r
কিবা	k i b a
ক্রেনের	kr e n e r
ওভারটি	O bh a r T i
গন্তব্যের	g O nt O b b e r
এবছর	e b o chh O r
আবেদনকারীকে	a b e d O n k a r i k e
ব্যক্তিত্বে	b e kt i tt e
রাজস্থান	r a j O sth a n
ক্যানেলের	k A n e l e r
ভেজালে	bh E j a l e
বিশ্বনবী	b i sh sh O n O b i
ব্রেকার	br e k a r
রোবটিক	r O b O T i k
মুদ্রাটি	m u d r a T i
সংকর	sh o ng k O r
প্রসবকালে	pr O sh o b k a l e
টুর্নামেন্টই	T u r n a m e n T i
পাত্র	p a tr O
শেবাচিম	sh e b a ch i m
কচিকাঁচার	k O ch i k a~ ch a r
চত্ত্বরে	ch o t t O r e
শিক্ষকই	sh i kkh o k i
কাঠামোগত	k a Th a m O g o t O
উপার্জনকারী	u p a r j O n k a r i
বিডিআরের	b i D i a r e r
অল্পস্বল্প	o l p O sh o l p O
মেক্সিকো	m E k s i k O
স্বপ্নগুলো	sh o p n O g u l O
হোটেলসহ	h O T e l sh o h O
জীবনযাপনের	j i b O n j a p o n e r
অপ্রতিরোধ্য	o p r O t i r O d dh O
কোচিং	k O ch i ng
লগে	l o g e
নেতাদেরই	n e t a d e r i
বহুদিন	b O h u d i n
অনুপ্রবেশকারীদের	O n u pr O b e sh k a r i d e r
চোখে	ch O kh e
জ্বালালে	j a l a l e
শতবর্ষী	sh o t O b O r sh i
সহযোদ্ধাদের	sh o h O j O d dh a d e r
সহযোগীকে	sh o h O j O g i k e
মিতাপু	m i t a p u
বুঝাবুঝির	b u jh a b u jh i r
অনুভূত	O n u bh u t O
গঠনকে	g o Th O n k e
গল্পকে	g o l p O k e
কমোড	k o m O D
অসংখ্যবার	o sh O ng kh O b a r
যতি	j O t i
পরিশেষে	p O r i sh e sh e
বদলানোর	b o d l a n O r
চালকবিহীন	ch a l O k b i h i n
আপত্তির	a p O tt i r
ঝালাপালা	jh a l a p a l a
গোনার	g O n a r
ডানপাশের	D a n p a sh e r
খবরটি	kh o b O r T i
বালুচরে	b a l u ch o r e
স্তম্ভিত	st O m bh i t O
হিপহপ	h i p h o p
মাথানত	m a th a n o t O
বেসন	b e sh O n
শীতলতা	sh i t o l o t a
কন্যাশিশুদের	k O n n a sh i sh u d e r
ধরছি	dh O r chh i
প্রমোদ	pr O m O d
ওহির	O h i r
মেশিনগুলো	m e sh i n g u l O
খিলাফত	kh i l a ph o t
ইন্টেল	i n T e l
পাথরগুলো	p a th O r g u l O
শোলে	sh O l e
চেরাগ	ch e r a g
ফুলদানী	ph u l d a n i
গ্রাউন্ড	gr a u n D
বিপরীতমুখী	b i p O r i t m u kh i
ঘরগুলো	gh o r g u l O
নিলেন	n i l e n
বেস্ট	b e sh T
শত্রুতার	sh O tr u t a r
ফিডে	ph i D e
কাজগুলো	k a j g u l O
কৃষিতে	k r i sh i t e
সহিদ	sh O h i d
বলবত	b o l O b o t O
ক্যাপিটাল	k A p i T a l
প্রামাণ্যচিত্রটির	pr a m a n n O ch i tr O T i r
অপটিক	o p T i k
বসতি	b o sh O t i
চ্যাটের	ch A T e r
পাটে	p a T e
টানানো	T a n a n O
চুক্তিবদ্ধ	ch u kt i b o d dh O
কিশোরীকে	k i sh O r i k e
ব্যাটারির	b A T a r i r
অপরাধীকে	o p O r a dh i k e
কর্মচারীর	k o r m O ch a r i r
ক্ষেত্রটি	kh e t r O T i
অবচেতন	o b O ch e t O n
বিশ্রি	b i s r i
বাল্কহেড	b a l k h e D
হত্যাকাণ্ডকে	h O t t a k a n D O k e
নামধারী	n a m dh a r i
দস্যুতা	d O sh sh u t a
পঞ্চাশের	p o nch a sh e r
ফিল্ডারের	ph i l D a r e r
বেদনার	b e d O n a r
অশুভ	o sh u bh O
পরিশীলিত	p O r i sh i l i t O
জেনারেলদের	j e n a r e l d e r
বর্ননা	b o r n O n a
জালালকে	j a l a l k e
অবনতির	o b O n O t i r
শিপমেন্ট	sh i p m e n T
স্কুবা	s k u b a
ইজিএম	i j i e m
শনাক্তকরণের	sh o n a kt O k o r O n e r
কামাখ্যার	k a m a k kh a r
কনস্যুলেটের	k o n s u l e T e r
প্রমীলার	pr O m i l a r
আপনার	a p n a r
আকর্ষণের	a k O r sh O n e r
কলেজছাত্র	k o l e j chh a tr O
অগ্নি	O g n i
বিশেষজ্ঞকে	b i sh e sh o g g O k e
কয়েন	k o e n
বন্যাজনিত	b O n n a j O n i t O
দখলদারিত্বের	d o kh O l d a r i tt e r
আকিদা	a k i d a
ক্ষতিকর	kh O t i k o r
শনাক্তকরণ	sh o n a kt O k o r O n
লিগ	l i g
সন্দেহপ্রবণ	sh o nd e h O pr O b o n
স্বেচ্ছাচারিতা	sh e ch chh a ch a r i t a
নাতনীদের	n a t n i d e r
টার	T a r
জাগপা	j a g p a
পালমিরা	p a l m i r a
এমএ	e m e
ল্যাবে	l A b e
বিভা	b i bh a
টেকনলজি	T e k n O l o j i
ইরিত্রিয়ার	i r i t r i a r
যাচ্ছিল	j a ch chh i l O
দরপতনে	d O r p o t O n e
গোলকিপার	g O l k i p a r
ঘনিষ্ঠতা	gh O n i shTh O t a
এলপি	e l p i
স্যারদের	s a r d e r
প্রতিবেশীরা	pr O t i b e sh i r a
ভো	bh O
মন্ত্রীসভার	m o n t r i sh o bh a r
সহোদরের	sh o h O d o r e r
এক্ষেত্রে	e kh e t r e
গবেষণাকারী	g o b e sh O n a k a r i
ফ্লু	ph l u
খাদ্যমন্ত্রীর	kh a d d O m O n t r i r
মালো	m a l O
ইহ	i h O
ভাটা	bh a T a
উদারীকরণের	u d a r i k o r O n e r
উপদেষ্টামণ্ডলীর	u p O d e shT a m o n D O l i r
আরতী	a r O t i
দফতরের	d o ph t O r e r
দাগহীন	d a g h i n
ফিচারে	ph i ch a r e
জনবিচ্ছিন্ন	j o n O b i ch chh i nn O
অপশক্তির	o p O sh O kt i r
বাগদত্তা	b a g d o tt a
ঢোকার	Dh O k a r
হাতপাখার	h a t p a kh a r
যেন	j E n O
যাননি	j a n n i
এভাবে	e bh a b e
উদ্বোধনীতে	u d b O dh O n i t e
উঠিতেছে	u Th i t e chh e
মেধাবীদের	m e dh a b i d e r
খবরদার	kh o b O r d a r
কূপের	k u p e r
মেথির	m e th i r
স্থিতধী	sth i t o dh i
ঘুম	gh u m
মেধাবি	m e dh a b i
যমদূত	j o m d u t
ক্যানারি	k A n a r i
এগুলোকে	e g u l O k e
টানে	T a n e
শ্রুতি	s r u t i
স্মরণীয়	sh o r O n i y O
পড়তে	p O r t e
নাভিতে	n a bh i t e
টেনেছে	T e n e chh e
প্রিন্ট	pr i n T
শূন্যে	sh u n n e
জনমানব	j o n O m a n O b
সত্তাকে	sh o tt a k e
তারমধ্যে	t a r m O d dh e
বাস্কেটবল	b a s k e T b o l
কানুনগো	k a n u n g O
রজকিনী	r o j O k i n i
স্মার্টফোনের	s m a r T ph O n e r
শহীদদের	sh O h i d d e r
সত্যম	sh O t t o m
বসল	b O sh l O
কন্সট্রাকশন	k o n s T r a k sh o n
প্রীত	pr i t O
অনাহার	o n a h a r
অংশীজনদের	O ng sh i j o n d e r
জান্নাতি	j a nn a t i
টম	T o m
ফ্রিজে	ph r i j e
প্রকট	pr O k o T
অজ্ঞতার	o g g O t a r
শিক্ষিকারা	sh i kkh i k a r a
আন্ডার	a n D a r
বেতারে	b e t a r e
কপার	k o p a r
সংস্কৃতে	sh o ng s k r i t e
প্রতিঘাত	pr O t i gh a t
ব্যতীত	b A t i t O
নাট্যজন	n a T T O j o n
কর্মচারীদের	k o r m O ch a r i d e r
অক্সফোর্ড	o k s ph O r D
বেঁধেও	b e~ dh e O
ডেস্কটপের	D e s k T o p e r
মানবী	m a n O b i
কোটেশন	k O T e sh o n
মুদ্রানীতির	m u d r a n i t i r
পাশ্চাত্য	p a sh ch a t t O
স্বপ্নীল	sh o p n i l
বাণিজ্যিক	b a n i j j i k
নেতাকর্মীসহ	n e t a k O r m i sh o h O
গুপ্তহত্যার	g u p t O h O t t a r
কাতান	k a t a n
উনিশশত	u n i sh sh o t O
বিজ্ঞাপনচিত্রটি	b i g g a p O n ch i tr O T i
কারোর	k a r O r
চলছিলো	ch O l chh i l O
সতর্ক	sh o t O r k O
অবিলম্বে	o b i l o mb e
কথার	k o th a r
তালাত	t a l a t
ত্যাগী	t A g i
অশান্তি	o sh a nt i
কর্ক	k o r k
বিশ্বমন্দার	b i sh sh O m o nd a r
অবমাননাকারী	o b O m a n O n a k a r i
ব্যাগেজ	b A g e j
কোষকে	k O sh k e
ধরেছি	dh O r e chh i
টানুন	T a n u n
উপাদানই	u p a d a n i
ডিভিশনে	D i bh i sh O n e
প্রবীর	pr O b i r
ভোজ্যতেল	bh O j j O t e l
প্রবর্তিত	pr O b O r t i t O
একান্ন	E k a nn O
ঈশ্বরদীতে	i sh sh O r d i t e
মোদ্দাকথা	m O d d a k o th a
মার্চের	m a r ch e r
নিভা	n i bh a
রেডি	r e D i
গবেষণাটির	g o b e sh o n a T i r
শাসকদের	sh a sh o k d e r
ট্যাপের	T A p e r
ফ্লাগশিপ	ph l a g sh i p
কচলাতে	k o ch l a t e
অতীতের	O t i t e r
নির্বাচনটি	n i r b a ch O n T i
হবে	h o b e
থামি	th a m i
পৃষ্ঠার	p r i sh Th a r
ফেলতাম	ph e l t a m
উপজাতিরা	u p O j a t i r a
হামিদি	h a m i d i
শ্রীদেবীর	sh r i d e b i r
শুনলাম	sh u n l a m
সমুদ্রগামী	sh O m u d r O g a m i
আবদ	a b O d
প্রাচীর	pr a ch i r
আত্মহত্যার	a t t O h O t t a r
প্রকাশকরা	pr O k a sh k o r a
ভুগেছেন	bh u g e chh e n
ট্রিটমেন্টের	T r i T m e n T e r
মাঝারি	m a jh a r i
রাজলক্ষ্মী	r a j l O kkh i
শক্তিটা	sh O kt i T a
জীবনযুদ্ধ	j i b o n j u d dh O
প্রবীণেরা	pr O b i n e r a
হ্যাটট্রিক	h A T T r i k
ট্যাটু	T A T u
পূর্বপরিকল্পনা	p u r b O p O r i k o l p O n a
খাতের	kh a t e r
চাকমারা	ch a k m a r a
কাস্ত্রো	k a s t r O
ধর্মাবলম্বীদের	dh o r m a b O l o mb i d e r
অগাস্টিন	o g a sh T i n
নেতাকর্মী	n e t a k O r m i
মারো	m a r O
শ্লেষ্মা	sh l e sh a
ব্যালে	b A l e
নেরুদা	n e r u d a
ছিটমহলে	chh i T m o h O l e
বাস্তবে	b a st O b e
নাস্তিকদের	n a st i k d e r
গৃহবধূর	g r i h O b O dh u r
মেম্বারদের	m e mb a r d e r
উক্তির	u kt i r
বিশিষ্টজন	b i sh i shT O j o n
কাটও	k a T O
গুণগতমানের	g u n O g o t O m a n e r
ক্যালরিযুক্ত	k A l O r i j u kt O
বান্দ্রা	b a ndr a
আখন্দ	a kh o nd
গতকালও	g o t O k a l O
ভবদহ	bh o b O d o h O
আনাচ	a n a ch
ইবনে	i b n e
হলমার্কের	h o l m a r k e r
চোরাচালানি	ch O r a ch a l a n i
পারভিন	p a r bh i n
বাঁচা	b a~ ch a
পরিবেশনার	p O r i b e sh O n a r
উপযোগিতার	u p O j O g i t a r
যুক্তিহীন	j u kt i h i n
রেডমি	r e D m i
রেলপথ	r e l p o th
তাগা	t a g a
মীনাক্ষী	m i n a kkh i
হাঁটে	h a~ T e
গতবছর	g o t O b o chh O r
উত্তরপ্রদেশ	u tt o r pr O d e sh
নেত্রীর	n e tr i r
রুমী	r u m i
প্রশ্নগুলো	pr O sh n O g u l O
অব্দের	o b d e r
দৃশ্যের	d r i sh sh e r
নিরীক্ষক	n i r i kkh o k
স্বামীদের	sh a m i d e r
পূরণের	p u r O n e r
স্টিম	s T i m
মাস্টারি	m a s T a r i
পাশ্চাত্যমতে	p a sh ch a t t O m o t e
কেমিস্ট্রি	k e m i s T r i
শুল্কমুক্ত	sh u l k O m u kt O
স্কিল	s k i l
রাজি	r a j i
রাজতান্ত্রিক	r a j t a n t r i k
সমীহ	sh O m i h O
পুঁতির	p u~ t i r
পুণ্যাহ	p u n n a h O
হৃদি	h r i d i
কেন্দ্রও	k e ndr O O
অনু	O n u
আরেকটি	a r e k T i
বদ্ধপরিকর	b o d dh O p O r i k o r
ব্রাঞ্চে	br a nch e
জীবনীতে	j i b O n i t e
কুকুরদের	k u k u r d e r
অননুমোদিত	o n o n u m O d i t O
শ্রবণ	s r O b O n
ছবিপ্রতি	chh O b i pr O t i
থামেল	th a m e l
এমএম	e m e m
দিকই	d i k i
শিল্পীকে	sh i l p i k e
লাভের	l a bh e r
ভরিপ্রতি	bh O r i pr O t i
ঘুমে	gh u m e
ইচি	i ch i
প্রতিটা	pr O t i T a
রত্নের	r o t n e r
টেলিস্কোপে	T e l i s k O p e
দলনিরপেক্ষ	d o l n i r O p e kkh O
একাজে	e k a j e
ওঠেছে	O Th e chh e
প্রার্থীর	pr a r th i r
তন্তুর	t O nt u r
চাকাগুলো	ch a k a g u l O
লিখেছ	l i kh e chh O
সমর	sh o m O r
চ্যানেলগুলোর	ch A n e l g u l O r
জিতলাম	j i t l a m
শেখো	sh e kh O
সনদপ্রাপ্ত	sh o n O d pr a p t O
চক্কর	ch o k k O r
বসবাসকারী	b o sh O b a sh k a r i
এগুচ্ছেন	e g u ch chh e n
শ্রেণীকৃত	sh r e n i k r i t O
জবাবদিহিতা	j o b a b d i h i t a
ধীরগতিতে	dh i r g O t i t e
করুম	k O r u m
হারলেন	h a r l e n
লক্ষ্যবস্তুর	l O kkh O b O st u r
খালু	kh a l u
সম্মানে	sh o mm a n e
রত	r o t O
লোকশিল্পের	l O k sh i l p e r
ফেরাটা	ph e r a T a
অফিসটি	o ph i s T i
গোলমুখের	g O l m u kh e r
করারোপের	k o r a r O p e r
নাহলে	n a h O l e
স্টিচ	s T i ch
তাবলিগে	t a b l i g e
কামে	k a m e
নাচটা	n a ch T a
পাঠিকা	p a Th i k a
কাণ্ডজ্ঞানহীন	k a n D O g E n h i n
নেভি	n e bh i
পরিমাণ	p O r i m a n
সন্তানদেরকে	sh o nt a n d e r k e
জাপার	j a p a r
দশকেরও	d o sh O k e r O
পদ	p o d
ঘোষণার	gh O sh O n a r
সদিচ্ছার	sh o d i ch chh a r
ইন্সটাগ্রামে	i n s T a gr a m e
শিকে	sh i k e
প্রাণপাত	pr a n p a t
আখের	a kh e r
ফ্রান্স	ph r a n s
পুরুত্বের	p u r u tt e r
চান্দেল	ch a nd e l
ইচ্ছের	i ch chh e r
হিম	h i m
বিরোধীতা	b i r O dh i t a
মন্ত্রমুগ্ধের	m o n t r O m u g dh e r
পদচিহ্ন	p o d O ch i n h O
অস্থিরতার	o sth i r o t a r
দূর্বা	d u r b a
পরিবেশে	p O r i b e sh e
অরতি	o r O t i
বিবরণের	b i b o r O n e r
ছাদের	chh a d e r
কাঁধের	k a~ dh e r
বর্মা	b o r m a
তামিলদের	t a m i l d e r
সর্বপ্রকার	sh o r b O pr O k a r
শহীদুলের	sh O h i d u l e r
ছাত্রসংগঠনের	chh a tr O sh o ng g o Th O n e r
খুঁজছিলেন	kh u~ j chh i l e n
টিমোথি	T i m O th i
মৃত্যুফাঁদে	m r i t t u ph a~ d e
চরিত্রবান	ch O r i tr O b a n
প্রদর্শনও	pr O d O r sh o n O
ব্রিটিশবিরোধী	br i T i sh b i r O dh i
ত্যক্ত	t A k t O
রচনাসমগ্র	r o ch O n a sh o m O gr O
ত্বহা	t o h a
পরীক্ষাগুলো	p O r i kkh a g u l O
উচ্চশিক্ষাকে	u ch ch O sh i kkh a k e
কথক	k o th O k
সহানুভূতিশীল	sh o h a n u bh u t i sh i l
সর্ববৃহৎ	sh o r b O b r i h o t
ভক্তও	bh o kt O O
গণশিক্ষামন্ত্রী	g o n O sh i kkh a m O n t r i
স্টোরের	s T O r e r
একলাফে	E k l a ph e
উত্তেজিত	u tt e j i t O
দেশী	d e sh i
কক্ষপথের	k o kkh O p o th e r
লঞ্চটিকে	l o nch T i k e
ভোটের	bh O T e r
ভবনগুলোতে	bh o b O n g u l O t e
আকারের	a k a r e r
প্রকোপে	pr O k O p e
দস্যি	d O sh sh i
ক্যাটাগরি	k A T a g O r i
তুললেন	t u l l e n
আবাল	a b a l
সন্দীপন	sh o nd i p o n
অন্যবারের	O n n O b a r e r
কর্মকার	k o r m O k a r
জ্ঞাত	g E t O
রেজিন	r e j i n
রাজস্থানে	r a j sth a n e
বাস্তব	b a st O b
শুনানি	sh u n a n i
ঠক	Th o k
জলহস্তির	j o l h O st i r
ডিক্লারেশন	D i kl a r e sh O n
নারীপ্রধান	n a r i pr O dh a n
প্রত্নতত্ত্ববিদরা	pr O t n O t o t t O b i d r a
জটিলতর	j O T i l t o r O
দাদ	d a d
নামতে	n a m t e
ডানপন্থি	D a n p O n th i
প্রধানমন্ত্রীই	pr O dh a n m O n t r i i
আখতারুল	a kh t a r u l
কীর্তন	k i r t o n
দস্তুর	d O st u r
প্রিন্টেড	pr i n T e D
এতদূর	E t O d u r
টগবগে	T o g b o g e
উচ্চমূল্য	u ch ch O m u l l O
এরুপ	e r u p
ছেরুর	chh e r u r
উৎকর্ষতা	u t k o r sh O t a
মহাঅষ্টমী	m o h a o shT O m i
শীষের	sh i sh e r
পশ্চিমাঞ্চল	p O sh ch i m a nch o l
বাগানে	b a g a n e
ইনস্টিটিউট	i n s T i T i u T
অনুমানের	O n u m a n e r
ঝুমুরের	jh u m u r e r
গণেশ	g o n e sh
পাতি	p a t i
আর্তচিৎকার	a r t O ch i t k a r
জাগানোর	j a g a n O r
গ্যাসক্ষেত্রের	g A s kh e t r e r
কার্নিভাল	k a r n i bh a l
লিখো	l i kh O
ড্রোনকে	D r O n k e
দেশটিকে	d e sh T i k e
ল্যাটিন	l A T i n
নাচোলের	n a ch O l e r
ভূ	bh u
বাষ্পীভবনের	b a sh p i bh o b O n e r
প্রতিষ্ঠানই	pr O t i shTh a n i
সফরে	s o ph O r e
এলবি	e l b i
দুধসহ	d u dh sh o h O
বৃক্ষ	b r i k kh O
মুখ্য	m u k kh O
ইকবালকে	i k b a l k e
মেক্সিকোকে	m e k s i k O k e
কৃষিঋণের	k r i sh i r i n e r
দুঃসম্পর্কের	d u sh sh o m p o r k e r
রুচিবোধের	r u ch i b O dh e r
নিচ্ছি	n i ch chh i
কনফিগারেশন	k o n ph i g a r e sh o n
রিক্সার	r i k sh a r
ভগ্নাংশে	bh o g n a ng sh e
জনপ্রশাসন	j o n O pr O sh a sh O n
সংখ্যাক	sh o ng kh a k
ইতিহাসবিদেরা	i t i h a sh b i d e r a
অক্ষে	o kkh e
আগ্রহীরা	a gr O h i r a
শুভজিৎ	sh u bh O j i t
একালে	e k a l e
গভীর	g O bh i r
ঢুলু	Dh u l u
চলতে	ch O l t e
বিএনপিরও	b i e n p i r O
উত্থাপন	u t th a p O n
সংগঠিতভাবে	sh o ng g O Th i t O bh a b e
এপ্রান্ত	e pr a nt O
শিল্পা	sh i l p a
অগ্রাধিকার	o gr a dh i k a r
স্বাস্থ্যমন্ত্রীর	sh a s th O m O n t r i r
গণপরিষদে	g o n O p O r i sh o d e
ভুগছে	bh u g chh e
টলেমি	T o l e m i
রাধা	r a dh a
আধিপত্য	a dh i p o t t O
রমণীদের	r o m O n i d e r
খবরগুলো	kh o b O r g u l O
জুভেন্টাসকে	j u bh e n T a s k e
লেখাবেন	l e kh a b e n
জমিগুলো	j O m i g u l O
ওবামাই	O b a m a i
বাদীপক্ষ	b a d i p O kkh O
আশান্বিত	a sh a n n i t O
পরবর্তীকালে	p o r O b O r t i k a l e
কারচুপির	k a r ch u p i r
রিজেন্সিতে	r i j e n s i t e
টুকটুকি	T u k T u k i
মিস্টার	m i s T a r
হুলুস্থুল	h u l u sth u l
ধর্মনিরপেক্ষতার	dh o r m O n i r O p e kkh O t a r
বিপদমুক্ত	b i p o d m u kt O
অফিসগুলোর	o ph i s g u l O r
আবুধাবি	a b u dh a b i
প্রতিষ্ঠাতা	p r O t i s Th a t a
বিষন্নতা	b i sh o nn O t a
কামরানের	k a m r a n e r
স্ট্যাম্পের	s T A mp e r
হিটেড	h i T e D
এসকর্ট	e s k o r T
নানারকমের	n a n a r o k O m e r
কাচঘেরা	k a ch gh e r a
প্রাণশক্তিতে	pr a n sh O kt i t e
ওরে	O r e
সমসংখ্যক	sh o m O sh o ng kh O k
নিঃসন্দেহ	n i sh sh o n d e h O
আন্তঃসংযোগ	a n t O sh o ng j O g
আশপাশ	a sh p a sh
লেখকদের	l e kh O k d e r
আস্তা	a st a
ভেটিং	bh e T i ng
ক্যেমিরুনের	k e m i r u n e r
বোধের	b O dh e r
অন্যেরা	O n n e r a
রিপাবলিকানদের	r i p a b l i k a n d e r
দেখত	d e kh t O
থাকবে	th a k b e
ভুলবশত	bh u l b o sh O t O
লক্ষ্যহীন	l o kkh O h i n
পদের	p o d e r
ততটুকু	t o t O T u k u
জেটির	j e T i r
আবেগী	a b e g i
তুমার	t u m a r
টপাটপ	T o p a T o p
সমরজিৎ	sh o m O r j i t
মাঠের	m a Th e r
তীর্থভূমি	t i r th O bh u m i
রবীন্দ্রসরোবরে	r O b i ndr O sh o r O b o r e
দূষণে	d u sh o n e
ঝুঁকির	jh u~ k i r
ফিচারটি	ph i ch a r T i
বাকপ্রতিবন্ধী	b a k pr O t i b O ndh i
থানাসহ	th a n a sh o h O
স্বপ্নপূরণ	sh o p n O p u r O n
হালা	h a l a
হামার	h a m a r
বাঁহাতি	b a~ h a t i
থানছি	th a n chh i
রুপালির	r u p a l i r
কাটাবে	k a T a b e
টুলটি	T u l T i
কুঁচি	k u~ ch i
টেন্ডারের	T e n D a r e r
সবাশ	sh o b a sh
বোর	b O r
টোকিওর	T O k i O r
বিএল	b i e l
কোনদিকে	k O n d i k e
মর্তে	m o r t e
কেননা	k E n O n a
থালের	th a l e r
স্টিফেন	s T i ph e n
শতকে	sh o t O k e
বিলও	b i l O
পাড়	p a r
উদ্বিগ্ন	u d b i g n O
পাখনা	p a kh n a
বশংবদ	b o sh o ng b o d
অপুষ্পক	o p u sh p O k
অকথ্য	o k O t th O
বিধবাদের	b i dh O b a d e r
কটাক্ষ	k o T a kkh O
অধ্যাত্ম	O d dh a t t O
কাঠেরপুল	k a Th e r p u l
অশোভন	o sh O bh O n
আস্থার	a sth a r
জবাবটা	j o b a b T a
সমাগম	sh o m a g o m
তাপদাহের	t a p O d a h e r
সংশ্লিষ্ট	sh o ng sh l i sh T O
প্রবেশমুখে	pr O b e sh m u kh e
পলক	p o l O k
উপার্জন	u p a r j o n
এদিকে	e d i k e
বলবে	b O l b e
গলদঘর্ম	g o l O d O gh o r m O
ভারাক্রান্ত	bh a r a kr a nt O
টকটকে	T o k T o k e
আত্মা	a t t a
অস্থিরতাও	o sth i r O t a O
ছোঁ	chh O~
সর্বব্যাপী	sh o r b O b A p i
লক্ষ্যভ্রষ্ট	l o kkh O bh r O shT O
মহাবিপদে	m o h a b i p o d e
সরলরেখার	sh o r O l r e kh a r
নম্বরটি	n o mb O r T i
বান	b a n
কাটাখালি	k a T a kh a l i
ঢোলসমুদ্র	Dh O l sh O m u d r O
ইন্টারনেটের	i n T a r n e T e r
অপরাজনীতির	o p O r a j n i t i r
দ্রব্যগুলো	d r O b b O g u l O
বাজাতেন	b a j a t e n
ইদ্রিছ	i d r i chh
কলামিস্টের	k o l a m i s T e r
ছবিকে	chh O b i k e
স্ট্রিম	s T r i m
মনস্থ	m o n O sth O
মনুষ্যেরা	m O n u sh sh e r a
শুদ্ধভাবে	sh u d dh O bh a b e
কাঞ্চনমালা	k a nch o n m a l a
প্রহরীকে	pr O h O r i k e
কক্ষের	k O kkh e r
ভবিষ্যৎ	bh O b i sh sh o t
বন্ধুটিকে	b O ndh u T i k e
নানামুখী	n a n a m u kh i
আঁটছে	a~ T chh e
ঝিকরগাছা	jh i k O r g a chh a
স্বার্থপরতা	sh a r th O p o r O t a
দিবালোকে	d i b a l O k e
এমআর	e m a r
লেজিসলেটিভ	l e j i sh l e T i bh
বাহাত্তর	b a h a tt O r
রাধাকৃষ্ণের	r a dh a k r i sh n e r
ভার্নন	bh a r n o n
হীরন	h i r o n
অযান্ত্রিক	o j a n t r i k
ভাবনাগুলো	bh a b n a g u l O
ট্যাংকে	T A ng k e
তছনছ	t o chh n o chh
ডুবু	D u b u
মৃদুভাষী	m r i d u bh a sh i
দিব্য	d i b b O
অদ্ভুদ	o d bh u d
কষা	k o sh a
ছাপতে	chh a p t e
ধনবান	dh o n O b a n
রেপসল	r e p s o l
হাটগুলোতে	h a T g u l O t e
থাকবা	th a k b a
স্বপ্নটি	sh o p n O T i
ট্রান্সপ্লান্ট	T r a n s p l a n T
দৃষ্টান্তমুলক	d r i sh T a n t O m u l O k
অবস্থানঃ	o b O s th a n
থাকি	th a k i
পানিসহ	p a n i sh o h O
তথ্যাদি	t O t th a d i
অদৃষ্ট	o d r i sh T O
আস্থাহীনতা	a sth a h i n o t a
বিদেশিনী	b i d e sh i n i
তানু	t a n u
শকের	sh o k e r
কাটাবেন	k a T a b e n
কেনো	k e n O
অপরজন	o p O r j o n
থাকাকে	th a k a k e
রজতাভ	r o j O t a bh
সর্বশক্তিমান	sh o r b O sh O kt i m a n
কোলন	k O l O n
গাংনীর	g a ng n i r
ডিআরডিও	D i a r D i O
মুঠোফোনে	m u Th O ph O n e	loanword
ছিলে	chh i l e
দেবদূত	d e b d u t
বর্ধিত	b O r dh i t O
রেডিওতে	r e D i O t e
রত্ন	r o t n O
ন্যাশের	n A sh e r
ভোটযুদ্ধে	bh O T j u d dh e
খোঁটা	kh O~ T a
ডানা	D a n a
বন্ধুমহলে	b O ndh u m o h O l e
নদীতে	n O d i t e
অধঃপতন	o dh O p o t O n
জ্বলতে	j O l t e
অধিবেশনে	O dh i b e sh o n e
অণ্ডকোষ	o n D O k O sh
ভরাটের	bh o r a T e r
প্রাচী	pr a ch i
শিশুও	sh i sh u O
বিছানার	b i chh a n a r
শিল্পীদেরও	sh i l p i d e r O
গোলটির	g O l T i r
ঠিকভাবে	Th i k bh a b e
মশান	m o sh a n
জগতে	j o g O t e
প্রশান্তির	pr O sh a nt i r
ফটোগ্রাফিতে	ph o T O gr a ph i t e
কল্যাণমূলক	k O l l a n m u l O k
রেস্তোরাঁতে	r e st O r a~ t e
প্রাণীর	pr a n i r
শ্রীলংকান	sh r i l o ng k a n
ডগা	D o g a
কোটিতে	k O T i t e
বিহার	b i h a r
অপটিক্সের	o p T i k s e r
পবিত্রতার	p O b i tr O t a r
চাকরিজীবীদের	ch a k r i j i b i d e r
ফোর্সে	ph O r s e
মিঠু	m i Th u
আদেশও	a d e sh O
থু	th u
যুদ্ধবিধ্বস্ত	j u d dh O b i d dh o s t O
মধ্যযুগীয়	m O d dh O j u g i O
ফোনটিও	ph O n T i O	loanword
অতিরঞ্জন	O t i r o nj O n
জীবনচিত্র	j i b o n ch i tr O
রাজবন	r a j b O n
পরগনা	p o r g O n a
গুরুত্বহীন	g u r u tt O h i n
আরব্য	a r O b b O
কারেকশন	k a r e k sh o n
পেত্রা	p e tr a
কাঁদতেও	k a~ d t e O
বহির্বিশ্বে	b O h i r b i sh sh e
পররাষ্ট্র	p o r O r a sh T r O
কোনে	k O n e
বুঝতেছি	b u jh t e chh i
এরপরও	e r p O r O
প্লেটে	p l e T e
দুমকা	d u m k a
কাশ	k a sh
কনভেনশন	k o n bh e n sh o n
কুকরি	k u k r i
জেনেশুনে	j e n e sh u n e
বোথাম	b O th a m
পিতামাতার	p i t a m a t a r
নিনোর	n i n O r
রদ্রিগেজের	r o d r i g e j e r
ছাত্রটি	chh a tr O T i
ধনকুবেরদের	dh o n k u b e r d e r
আথলেতিক	a th l e t i k
উঠত	u Th t O
আবেদনকারীরা	a b e d O n k a r i r a
মেথি	m e th i
মুখোমুখিতে	m u kh O m u kh i t e
স্বাস্থ্যে	sh a s th e
অতিদরিদ্র	O t i d O r i d r O
পাটক্ষেত	p a T kh e t
ভার্সন	bh a r sh o n
ভাষাটির	bh a sh a T i r
বাকস্বাধীনতার	b a k sh a dh i n o t a r
কর্মস্পৃহা	k o r m O s p r i h a
হুটহাট	h u T h a T
চরণে	ch o r O n e
স্ট্রিট	sh T r i T
বাসযাত্রীরা	b a s j a t r i r a
প্লেমেকার	p l e m e k a r
জনসচেতনতামূলক	j o n O sh o ch e t o n O t a m u l o k
ইস্টার্ন	i s T a r n
বন্ধুত্বের	b O ndh u tt e r
ডো	D O
বিশ্বরোডে	b i sh sh O r O D e
প্রেক্ষাগৃহগুলোতে	p r e k kh a g r i h O g u l O t e
কলম্বো	k o l O mb O
অনুর্বর	o n u r b o r
মিতুকে	m i t u k e
পট্টি	p O T T i
জিবুতির	j i b u t i r
একটিতেও	e k T i t e O
গতরাতে	g o t O r a t e
পাথরকুচি	p a th O r k u ch i
রূপদানকারী	r u p d a n k a r i
খাটের	kh a T e r
থামালেন	th a m a l e n
রক্ষাকর্তা	r O kkh a k o r t a
ত্যাগা	t A g a
আঠারোশ	a Th a r O sh O
ব্লাটার	bl a T a r
ঘরটা	gh o r T a
অর্জনে	o r j O n e
লংঘন	l o ng gh O n
পুরস্কারপ্রাপ্তি	p u r O sh k a r p r a p t i
সম্মতিক্রমে	sh o mm O t i kr o m e
চোক	ch O k
করলি	k O r l i
খরচও	kh O r O ch O
পোচ	p O ch
খোঁজ	kh O~ j
মিলছে	m i l chh e
সংস্থাসহ	sh o ng sth a sh o h O
পালাম	p a l a m
চিত্রসহ	ch i tr O sh o h O
ভিটেমাটি	bh i T e m a T i
মেকআপটা	m e k a p T a
মর্মান্তিক	m o r m a nt i k
ব্যতিহার	b A t i h a r
স্তুতি	st u t i
মুখের	m u kh e r
কানু	k a n u
আনীত	a n i t O
প্যাকের	p A k e r
অবিচারের	o b i ch a r e r
ফটোজ	ph o T O j
বুঝবি	b u jh b i
অর্থমন্ত্রীর	o r th O m O n t r i r
অভিনেত্রীদের	o bh i n e tr i d e r
ছাত্রত্ব	chh a tr O tt O
নাট্যমেলা	n a T T O m A l a
অনুরোধে	O n u r O dh e
হৃদরোগের	r i d r O g e r
অকস্মাত	a k O sh sh a t
যুক্তিবাদী	j u kt i b a d i
পরবেন	p O r b e n
ডানদিকে	D a n d i k e
চিত্তকে	ch i tt O k e
মিটিয়ে	m i T i e
লগ্নি	l O g n i
কৃষকরা	k r i sh o k r a
শুনছি	sh u n chh i
শুনতাম	sh u n t a m
এক্সটার্নাল	e k s T a r n a l
ওবামা	O b a m a
ছানাটিকে	chh a n a T i k e
আটকানো	a T k a n O
লিং	l i ng
রাজধানীমুখী	r a j dh a n i m u kh i
শিক্ষানীতি	sh i kkh a n i t i
পরও	p o r O
দেখতো	d E kh O t O
অনশনে	o n O sh o n e
মতকে	m o t k e
কাবাবে	k a b a b e
গিফটের	g i ph T e r
দিছিলাম	d i chh i l a m
গ্যুন্টার	g u n T a r
বিলটি	b i l T i
ব্যবস্থাটা	b A b O sth a T a
শিল্পীরা	sh i l p i r a
ক্যামিরুনের	k A m i r u n e r
সতত	sh o t o t O
লক্ষ্মীপুরের	l o kkh i p u r e r
গহীনে	g O h i n e
অনেকেরই	o n e k e r i
ব্যবহারকারীরাও	b A b O h a r k a r i r a O
বাঁক	b a~ k
ভিক্ষুকদের	bh i kkh u k d e r
রথী	r O th i
কাঠখোট্টা	k a Th kh O T T a
বিসর্জনের	b i sh o r j O n e r
নিষিদ্ধঘোষিত	n i sh i d dh O gh O sh i t O
প্যাঁচ	p A~ ch
সরণির	sh o r O n i r
হাঁটুপানিতে	h a~ T u p a n i t e
বিভিন্নতা	b i bh i nn O t a
সনেটের	s o n e T e r
নাশ	n a sh
পতাকাতলে	p o t a k a t o l e
এনবিআরের	e n b i a r e r
রেলমন্ত্রীকে	r e l m O n t r i k e
কারাদণ্ড	k a r a d o n D O
দক্ষিণাঞ্চল	d O kkh i n a nch o l
কোরআনুল	k O r a n u l
পাখার	p a kh a r
পালটা	p a l T a
স্বত্ত্বাধিকারী	sh o t t a dh i k a r i
ব্রকোলি	br o k O l i
মানববন্ধনের	m a n O b b o ndh O n e r
হানাদাররা	h a n a d a r r a
শেষকৃত্য	sh e sh k r i t t O
মাঝপথ	m a jh p o th
দিকও	d i k O
পদচারণা	p o d O ch a r O n a
টিকেটিং	T i k e T i ng
গণিতসহ	g O n i t sh o h O
ধ্বংসপ্রাপ্ত	dh o ng sh O p r a p t O
নববর্ষে	n o b O b o r sh e
দোদুল	d O d u l
ব্যাকফুটে	b A k ph u T e
এঁদের	e~ d e r
কলাগাছ	k o l a g a chh
পদ্যের	p o d d e r
উঠেছে	u Th e chh e
লবণাক্ত	l o b O n a kt O
পারেনঃ	p a r e n
ফেরানো	ph e r a n O
স্টকহোমে	s T o k h O m e
উৎরে	u t r e
অন্দরের	o nd O r e r
হামলে	h a m l e
যুদ্ধাপরাধীরা	j u d dh a p O r a dh i r a
ধারণাপত্র	dh a r O n a p o tr O
ঘনিষ্ঠজনরা	gh O n i shTh O j o n r a
বাতি	b a t i
মাছটা	m a chh T a
খেলছিলেন	kh e l chh i l e n
চালের	ch a l e r
মটো	m o T O
এনজিওগুলোর	e n j i O g u l O r
কোকাকোলা	k O k a k O l a
আবাসনসহ	a b a sh o n sh o h O
নথিতে	n O th i t e
অনর্থ	o n O r th O
উন্মুখ	u n m u kh
অনুগামী	O n u g a m i
প্রলোভনে	pr O l O bh o n e
সংবাদমাধ্যমটি	sh o ng b a d m a d dh O m T i
সংকেতকে	sh o ng k e t k e
তেজতুরি	t e j t u r i
একপ্রান্তে	E k pr a nt e
চিৎকারে	ch i t k a r e
পলিটিক্স	p o l i T i k s
গণিতের	g O n i t e r
বসতঘরে	b o sh O t gh o r e
উমেশ	u m e sh
পথিক	p O th i k
কচ	k o ch
রাষ্ট্রদূতদের	r a sh T r O d u t d e r
বাজেভাবে	b a j e bh a b e
সচিবগণ	sh O ch i b g o n
পিজা	p i j a
দাহিরের	d a h i r e r
হেনার	h e n a r
স্থাপনকারী	sth a p O n k a r i
ফ্রান্সে	ph r a n s e
শ্রীকৃষ্ণ	s r i k r i sh n O
অভিযাত্রা	O bh i j a tr a
হঠাত	h o Th a t
প্যাঁচা	p A~ ch a
বলুক	b O l u k
দ্বন্দ	d o nd O
দাপট	d a p O T
নীতিটি	n i t i T i
খবরও	kh o b O r O
খাতসহ	kh a t sh o h O
নিদর্শন	n i d o r sh O n
প্রাচীনকালের	pr a ch i n k a l e r
নির্দেশে	n i r d e sh e
বিজ্ঞাপনদাতাদের	b i g g a p o n d a t a d e r
জাতিভেদ	j a t i bh e d
নাট্যের	n a T T e r
স্টেশনারি	s T e sh O n a r i
অংশীদারী	O ng sh i d a r i
চিত	ch i t
কমব্যাট	k o m b A T
মেঘের	m e gh e r
সম্পাদিকা	sh o mp a d i k a
পরখ	p o r O kh
গঠনেরও	g o Th O n e r O
গতবছরের	g o t O b o chh O r e r
আগতদের	a g O t O d e r
কাশবনে	k a sh b o n e
করুক	k O r u k
বর্জনের	b o r j O n e r
গর্ত	g o r t O
মিত্রতার	m i tr O t a r
পাঠাবো	p a Th a b O
ইশতেহারের	i sh t e h a r e r
রুপোর	r u p O r
শেখান	sh e kh a n
বিবৃতিটি	b i b r i t i T i
থেক	th e k O
নজরুলসংগীত	n O j r u l sh O ng g i t
গ্রাহকদের	gr a h O k d e r
মিলিটারির	m i l i T a r i r
মাঠটি	m a Th T i
নভো	n o bh O
ঝাঁ	jh a~
বিজ্ঞাপনেও	b i g g a p O n e O
বাসন্তি	b a sh O nt i
পেশাজীবীরা	p e sh a j i b i r a
পেস্টটি	p e s T T i
গেঁথে	g e~ th e
জীবদেহে	j i b d e h e
অনুপস্থিতে	o n u p O sth i t e
ট্রানজিস্টর	T r a n j i sh T o r
মারাযান	m a r a j a n
দুর্গন্ধে	d u r g o ndh e
জনপ্রশাসনমন্ত্রী	j o n O pr O sh a sh O n m O n t r i
ইঁদুরের	i~ d u r e r
মহাসভা	m o h a sh o bh a
কামিজে	k a m i j e
ঘটত	gh O T t O
পিওর	p i O r
ছবিগুলোকে	chh O b i g u l O k e
সর্বস্তরের	sh o r b O st o r e r
অগ্রগতির	o gr O g O t i r
উর্দুকে	u r d u k e
সতীত্ব	sh o t i tt O
গুহাগুলো	g u h a g u l O
প্যারাস্যুট	p A r a s u T
আংশিক	a ng sh i k
মঞ্চেও	m o nch e O
মুষলধারে	m u sh O l dh a r e
নেতাজির	n e t a j i r
আমতলার	a m t o l a r
পাকস্থলিতে	p a k O sth O l i t e
ছেরু	chh e r u
কীর্তিকলাপ	k i r t i k o l a p
খাতাপত্র	kh a t a p o tr O
হিউজকে	h i u j k e
ধূলা	dh u l a
বাণী	b a n i
নেমেছিলেন	n e m e chh i l e n
শহরেরই	sh o h O r e r i
লঞ্চকে	l o nch k e
শূদ্র	sh u d r O
স্মার্টবুক	s m a r T b u k
শপিংমলে	sh o p i ng m o l e
দেশজ	d e sh o j
উপন্যাসগুলোর	u p O n n a sh g u l O r
গম্ভীরা	g O m bh i r a
তান্ত্রিকের	t a n t r i k e r
প্রযুক্তিটি	pr O j u kt i T i
ল্যান্স	l A n s
ছাত্রের	chh a tr e r
বাঁচবো	b a~ ch b O
সহশিল্পী	sh o h O sh i l p i
দেবতাকে	d e b O t a k e
কর্মকাণ্ডেও	k o r m O k a n D e O
পলিব্যাগ	p o l i b A g
পদটির	p o d T i r
ট্রেনটিতে	T r e n T i t e
নিশিকান্ত	n i sh i k a nt O
সংগীতপরিচালনা	sh O ng g i t p O r i ch a l O n a
শহরতলীতে	sh o h O r t O l i t e
ক্রেজ	kr e j
ধনীরা	dh O n i r a
থির	th i r
খিলানের	kh i l a n e r
অভাবের	o bh a b e r
রেখেছি	r e kh e chh i
গুরুচণ্ডালী	g u r u ch o n D a l i
গোলসংখ্যা	g O l sh o ng kh a
আকতারকে	a k t a r k e
তিহার	t i h a r
শোষিত	sh O sh i t O
যিশুখ্রিষ্টের	j i sh u kh r i s T e r
বিশ্বব্যাংকসহ	b i sh sh O b A ng k sh o h O
বেভারেজ	b e bh a r e j
ভাষারীতির	bh a sh a r i t i r
স্কোরবোর্ডের	s k O r b O r D e r
তৃপ্তির	t r i p t i r
বাড়িয়েছে	b a r i e chh e
তাকানো	t a k a n O
আস্ত	a st O
সশ্রদ্ধ	sh o s r O d dh O
জীবনাদর্শ	j i b O n a d o r sh O
আর্নেস্ট	a r n e s T
অভাবও	o bh a b O
ফুটবলে	ph u T b o l e
ক্ষতি	kh O t i
তাহলো	t a h O l O
পাহাড়ি	p a h a r i
আলুগুলো	a l u g u l O
নূরনবী	n u r n O b i
অসদাচরণের	o sh O d a ch o r O n e r
একাকীত্বের	e k a k i tt e r
মহাতারকার	m o h a t a r O k a r
মেটেনি	m e T e n i
ওরস্যালাইন	O r s A l a i n
নীলে	n i l e
টিজিং	T i j i ng
মাফলারের	m a ph l a r e r
ইলেকট্রিকের	i l e k T r i k e r
ব্রোঞ্জ	br O nj
হয়ে	h O e
মেছোবাঘ	m e chh O b a gh
প্রেমিকার	pr e m i k a r
পেশ	p e sh
দিম্মার	d i mm a r
উপকূলীয়	u p O k u l i O
করাতো	k o r a t O
টেগোর	T E g O r
চিনেন	ch i n e n
হালখাতার	h a l kh a t a r
হলটির	h o l T i r
আসনটিতে	a sh O n T i t e
জাতির	j a t i r
পথচলা	p o th O ch o l a
করেনা	k o r e n a
জাকাতের	j a k a t e r
কোস্টার	k O s T a r
বাক্যটি	b a k k O T i
বিজ্ঞ	b i g g O
কালকের	k a l k e r
চিরতরে	ch i r O t o r e
ফজলে	ph o j l e
তৃষিত	t r i sh i t O
সম্মেলনটি	sh o mm e l O n T i
বিকেএমইএর	b i k e e m i e r
মেলাটোনিন	m e l a T O n i n
অনুষঙ্গ	O n u sh o ngg O
সংঘর্ষ	sh o ng gh o r sh O
গডফাদারদের	g o D ph a d a r d e r
কনেপক্ষের	k O n e p O kkh e r
কমিশনার	k o m i sh O n a r
ভিত্তির	bh i tt i r
ঘাতকরা	gh a t O k r a
মাসগুলোর	m a sh g u l O r
অপরাহ	o p r a h
কুমাররা	k u m a r r a
বিগলিত	b i g O l i t O
ক্ষেত্রের	kh e t r e r
প্রাণনাশের	pr a n n a sh e r
জন্মান্ধ	j o n m a ndh O
মতামতে	m o t a m o t e
অনুপাতে	O n u p a t e
বৃহত্তম	b r i h O t t o m O
শহীদও	sh O h i d O
কাঁপন	k a~ p O n
ললাটে	l o l a T e
স্নাতক	sn a t O k
বেল	b e l
ঘুরঘুর	gh u r gh u r
রাষ্ট্রদ্রোহী	r a sh T r O d r O h i
ক্রমিকের	kr O m i k e r
দলিতদের	d O l i t O d e r
অনুগ্রহে	O n u gr O h e
বিকাল	b i k a l
এদের	e d e r
স্পিকারে	s p i k a r e
ঘুরেছে	gh u r e chh e
জিতে	j i t e
প্রকাশকরেন	pr O k a sh k o r e n
চিন্তার	ch i nt a r
থান্ট	th a n T
মনীষীরা	m O n i sh i r a
খোশগল্পে	kh O sh g o l p e
অন্তরে	o nt O r e
নারিন্দা	n a r i nd a
ব্যালকনিতে	b A l k O n i t e
ফজিলাতুন্নেছা	ph O j i l a t u n n e s a
বিধিমালার	b i dh i m a l a r
বোধক	b O dh O k
অধিদপ্তরের	O dh i d o p t o r e r
কামালের	k a m a l e r
বেঁধেছি	b e~ dh e chh i
বিলাতে	b i l a t e
বিপক্ষে	b i p o kkh e
মিলানে	m i l a n e
রক্তক্ষরণজনিত	r o k t O kh o r O n j O n i t O
রিপ্রেজেনটেটিভ	r i pr e j e n T e T i bh
মেননের	m e n O n e r
কৃষকনেতা	k r i sh o k n e t a
ক্যাশ	k A sh
প্রাচীনতম	pr a ch i n t o m O
ঘটনাবহুল	gh o T O n a b O h u l
হচ্ছিল	h O ch chh i l O
চলছিল	ch O l chh i l O
রকমফের	r o k O m ph e r
জেন্ডার	j e n D a r
জনসহ	j o n sh o h O
ষোলআনা	sh O l O a n a
সতর্ককারী	sh o t O r k O k a r i
ফরম	ph o r m
ঠাওর	Th a O r
রদবদলের	r o d b o d O l e r
রক্তনালিতে	r o kt O n a l i t e
বাজারজাতকরণের	b a j a r j a t k o r O n e r
বর্ধনের	b o r dh O n e r
বিশ্বজিৎ	b i sh sh O j i t
নাকভি	n a k bh i
অপিনিহিতি	o p i n i h i t i
ধারাটির	dh a r a T i r
মাখে	m a kh e
আবেদনপত্র	a b e d O n p o tr O
সম্পদগুলো	sh o mp o d g u l O
টেনেছিল	T e n e chh i l O
এলকার	e l a k a r
লেভেলের	l e bh e l e r
স্কোরবোর্ড	s k O r b O r D
বিভাজিত	b i bh a j i t O
বকচর	b o k ch o r
জানবো	j a n b O
পিপি	p i p i
অবসর	o b o sh o r
ঘুর	gh u r
মিকা	m i k a
বিজ্ঞাপনে	b i g g a p o n e
নিটোল	n i T O l
হাতিলের	h a t i l e r
রোনালদোদের	r O n a l d O d e r
অন্যকিছু	O n n O k i chh u
দুষ্কর্ম	d u sh k o r m O
বলছি	b O l chh i
শিক্ষককে	sh i kkh o k k e
যুক্তদের	j u kt O d e r
ফিল্ডারদের	ph i l D a r d e r
স্টেশনের	s T e sh O n e r
স্মার্টফোনগুলোর	s m a r T ph O n g u l O r
তাকালে	t a k a l e
সবের	sh o b e r
বেঁটে	b e~ T e
নম্বরধারী	n o mb O r dh a r i
আবর্তনে	a b O r t o n e
বহুক্ষণ	b O h u kkh o n
সতের	sh O t e r O
আপনাআপনিই	a p n a a p n i i
কারাগারের	k a r a g a r e r
রাজধানীসহ	r a j dh a n i sh o h O
তিনবারের	t i n b a r e r
কনস্টেবলদের	k o n s T e b o l d e r
তমাল	t o m a l
বাসতের	b a sh t e r
উৎপাদনের	u t p a d O n e r
কতজন	k o t O j o n
বামপন্থীরা	b a m p O n th i r a
অনন্তকাল	o n o nt O k a l
অক্সিকোডন	o k s i k O D o n
গেরো	g e r O
ইন্নাকা	i nn a k a
সংশ্রব	sh o ng sh r o b
ক্রিকেটটা	kr i k e T T a
সদস্যকে	sh o d O sh sh O k e
জহুরুল	j O h u r u l
প্রতীক্ষা	pr O t i kkh a
ভোররাতের	bh O r r a t e r
গাছগুলো	g a chh g u l O
গ্যারান্টি	g A r a n T i
কলেরা	k o l e r a
দলত্যাগ	d o l t A g
বীরেন্দ্র	b i r e ndr O
রেলস্টেশন	r e l s T e sh o n
ইনিংসটিতে	i n i ng s T i t e
গ্যেটে	g e T e
কর্মমুখর	k o r m O m u kh o r
জমাচ্ছেন	j o m a ch chh e n
খেলব	kh e l b O
তলাবিহীন	t o l a b i h i n
ছাত্রছাত্রীরা	chh a tr O chh a tr i r a
স্কুলছাত্রীদের	s k u l chh a tr i d e r
ছেলেটি	chh e l e T i
চলচ্চিত্রঅভিনেতা	ch o l O ch ch i tr O O bh i n e t a
মধ্যাহ্ন	m O d dh a n n O
রাস্তাগুলোতে	r a st a g u l O t e
মণ্ডপের	m o n D O p e r
পরান	p o r a n
গেজেটে	g e j e T e
নমস্কার	n o m O sh k a r
জিপি	j i p i
হাটের	h a T e r
ব্যান্ডেজ	b A n D e j
তদন্তকারীরা	t o d O nt O k a r i r a
নিটল	n i T o l
শুকানোর	sh u k a n O r
গুরুত্বও	g u r u tt O
পাগলী	p a g l i
আক্রমণভাগ	a kr O m O n bh a g
চুলচেরা	ch u l ch e r a
হুঁশ	h u~ sh
ব্যাংকসমূহের	b A ng k sh O m u h e r
কালীন	k a l i n
বাকর	b a k o r
কোনোটিতে	k O n O T i t e
বিপি	b i p i
প্রাণীকে	pr a n i k e
হাঁটছি	h a~ T chh i
শুক্লপক্ষের	sh u kl O p O kkh e r
বসন্তবরণের	b o sh O nt O b o r O n e r
দরজাগুলো	d o r O j a g u l O
বিটিবি	b i T i b i
তদন্তে	t o d O nt e
আরশ	a r O sh
অন্ধত্বের	o ndh O tt e r
বলিউড	b o l i u D
প্রতিনিধিদের	pr O t i n i dh i d e r
নদীসমূহের	n O d i sh o m u h e r
হলের	h O l e r
সম্পত্তির	sh o mp O tt i r
অস্ট্রেলিয়ানদের	o s T r e l i a n d e r
মুক্তিযুদ্ধভিত্তিক	m u kt i j u d dh O bh i tt i k
পরাণ	p o r a n
স্থূল	sth u l O
বলাৎকার	b o l a t k a r
কাট্টলি	k a T T o l i
হস্তান্তরের	h o st a nt o r e r
কবিতাপাঠ	k O b i t a p a Th
অবস্থানই	o b O sth a n i
অগ্নিপরীক্ষা	O g n i p O r i kkh a
তু	t u
শোধনাগার	sh O dh O n a g a r
পবিত্রতম	p O b i tr O t o m O
স্বপ্নের	sh o p n e r
নাহিন	n a h i n
দায়ীত্ব	d a y i tt O
কোচা	k O ch a
অতিবেগুনি	O t i b e g u n i
ধনীদের	dh O n i d e r
রূপকে	r u p k e
রোজগারে	r O j g a r e
চিত্তবিনোদনের	ch i tt O b i n O d O n e r
নেভান	n e bh a n O
কারামুক্তিতে	k a r a m u kt i t e
প্রত্নতত্ত্ব	pr O t n O t o t t O
হেফজ	h e ph j O
সংসদও	sh o ng sh o d O
নিদর্শনস্বরূপ	n i d o r sh o n sh O r u p
সদস্যও	sh o d O sh sh O O
বদ্বীপের	b o d i p e r
অঞ্জন	o nj o n
এলিজাবেথ	e l i j a b e th
পাঁচজনে	p a~ ch j o n e
স্নেহাশীষ	sn e h a sh i sh
নীরবে	n i r o b e
থেকেছে	th e k e chh e
বাতানাগরে	b a t a n a g O r e
বোনার	b O n a r
সর্বাগ্রে	sh o r b a gr e
থলে	th o l e
অপরাজিতা	o p o r a j i t a
আবহের	a b O h e r
বিক্রিও	b i kr i O
দ্বীপটি	d i p T i
কিচেনে	k i ch e n e
চালাচ্ছি	ch a l a ch chh i
পচন	p o ch O n
জগন্নাথ	j o g O nn a th
উপকারভোগী	u p O k a r bh O g i
দুপুরে	d u p u r e
রাষ্ট্রে	r a sh T r e
অন্তত	o nt O t O
কাবে	k a b e
মেঘলাসহ	m e gh l a sh o h O
ব্রিটিশদের	br i T i sh d e r
ফলাফলই	ph o l a ph o l i
মনেও	m O n e O
জন্মের	j o n m e r
গুবরে	g u b r e
পূর্বশর্ত	p u r b O sh O r t O
পালনও	p a l O n O
শ্রেণীভুক্ত	sh r e n i bh u k t O
বিল্ডার্স	b i l D a r s
অপকারিতা	o p O k a r i t a
উপযোগি	u p O j O g i
দেশটা	d e sh T a
মানুষে	m a n u sh E
ইভানোভিচ	i bh a n O bh i ch
কেকেআর	k e k e a r
কমিটমেন্টের	k o m i T m e n T e r
বিধিতে	b i dh i t e
ভূমিকাকে	bh u m i k a k e
উঠেছিল	u Th e chh i l O
পরীক্ষাটি	p O r i kkh a T i
লোকমান	l O k m a n
উদ্ভাবনী	u d bh a b O n i
প্রথাগতভাবে	pr O th a g o t O bh a b e
আর্থার	a r th a r
ডাকতো	D a k t O
গহন	g o h O n
বিভাগও	b i bh a g O
টিটু	T i T u
পাসপোর্টটি	p a s p O r T T i
খুঁটি	kh u~ T i
ফোরকানের	ph O r k a n e r
শিল্পকে	sh i l p O k e
এলএএক্স	e l e e k s
উগান্ডা	u g a n D a
টানবেন	T a n b e n
আরেফ	a r e ph
শর্মার	sh o r m a r
ঠকে	Th o k e
সবদিক	sh o b d i k
দুষ্ট	d u shT O
দূর্ভোগ	d u r bh O g
উল্লেখযোগ্যসংখ্যক	u l l e kh j O g g O sh o ng kh O k
বটি	b O T i
জনশ্রুতি	j o n O s r u t i
জল্পনার	j o l p O n a r
দুঃখীদের	d u kh i d e r
ট্যাংকারের	T A ng k a r e r
গাপটিল	g a p T i l
ফেরেস্তা	ph e r e sh t a
হাতাহাতিতে	h a t a h a t i t e
বুদ্ধিজীবী	b u d dh i j i b i
অরুণাচল	O r u n a ch o l
পরনির্ভরশীল	p o r O n i r bh o r sh i l
আসরটি	a sh O r T i
সমুদ্রগর্ভে	sh O m u d r O g o r bh e
জানেনই	j a n e n i
ওনাকে	O n a k e
শিখতেন	sh i kh t e n
প্রথমজনের	pr O th O m j o n e r
ভেবেছি	bh e b e chh i
একরে	E k O r e
দরিদ্রতা	d O r i d r O t a
ক্ষতিপূরণও	kh O t i p u r O n O
সদস্যবৃন্দ	sh o d o sh sh O b r i n d O
আবেগের	a b e g e r
আকাশও	a k a sh O
তারকাঁটা	t a r k a~ T a
একজনে	E k j o n e
প্রশিক্ষণসহ	pr O sh i kkh O n sh o h O
নির্দিষ্টভাবে	n i r d i shT O bh a b e
হুযুর	h u j u r
আসবাবের	a sh b a b e r
অপরূপা	o p O r u p a
পশুও	p O sh u O
ক্ষমতাহীন	kh o m O t a h i n
অনুবিভাগ	O n u b i bh a g
যুক্তিকে	j u kt i k e
বাহ্যিকভাবে	b a j j i k bh a b e
অর্পণের	o r p O n e r
মণপ্রতি	m O n pr O t i
বিশ্বকোষের	b i sh sh O k O sh e r
ঝংকার	jh o ng k a r
সর্বাধিক	sh o r b a dh i k
পৃথক্করণ	p r i th o k k o r O n
সভার	sh o bh a r
ভোগান্তি	bh O g a nt i
ক্রমাগতভাবে	kr O m a g o t O bh a b e
জেনেছি	j e n e chh i
ঝুলি	jh u l i
মহামতি	m o h a m O t i
মিত্রবাহিনী	m i tr O b a h i n i
তাকালো	t a k a l O
সন্তানের	sh o nt a n e r
প্রক্সিমিটি	pr o k s i m i T i
ব্রেড	br e D
গভর্নিং	g o bh O r n i ng
লোপাটের	l O p a T e r
মাংসপেশির	m a ng sh O p e sh i r
পুঁজিবাদী	p u~ j i b a d i
হাতিরপুল	h a t i r p u l
ব্রডের	br o D e r
আরবই	a r O b i
অনিষ্পন্ন	o n i sh p o nn O
নাশকতা	n a sh O k o t a
পোস্টারও	p O s T a r O
নাম্বারে	n a mb a r e
বলটির	b o l T i r
লগ্ন	l o g n O
শ্বাসরুদ্ধকর	sh a sh r u d dh O k o r
দমকা	d o m k a
পুনর্ভবা	p u n O r bh o b a
ক্লেশ	kl e sh
প্রভাষকদের	pr O bh a sh o k d e r
লক্ষণপুর	l o kkh O n p u r
ঈদযাত্রা	i d j a tr a
ভাষাবিজ্ঞানী	bh a sh a b i g g a n i
ভাগ্যের	bh a g g e r
ছুটিটা	chh u T i T a
কক্ষগুলো	k O kkh O g u l O
পরিচ্ছন্ন	p O r i ch chh o nn O
ব্যবহারই	b A b O h a r i
তীর্থ	t i r th O
অঁরি	o~ r i
নিজকে	n i j k e
মিক্স	m i k s
জাগাতে	j a g a t e
অবহেলাকে	o b O h e l a k e
কলাগাছের	k o l a g a chh e r
মনোজ	m o n O j
ডিপার্টমেন্টাল	D i p a r T m e n T a l
নিক্ষেপ	n i kkh e p
সম্পাদকদের	sh o mp a d O k d e r
ঘোড়াগুলির	gh O r a g u l i r
মঞ্চস্থ	m o nch O sth O
মাগুরা	m a g u r a
স্পিনার	s p i n a r
শিরোনামে	sh i r O n a m e
বুদ্ধিমতি	b u d dh i m O t i
বাঁধুন	b a~ dh u n
বেনসন	b e n sh o n
ফুঁক	ph u~ k
ছাত্ররাজনীতিতে	chh a tr O r a j n i t i t e
জলে	j o l e
জিত	j i t
চালাচ্ছেন	ch a l a ch chh e n
পত্রিকাগুলোতে	p O tr i k a g u l O t e
বোরোর	b O r O r
বঙ্গজ	b o ngg O j
স্ট্রবেরি	s T r O b e r i
বন্দুক	b O nd u k
পিত্তথলি	p i tt O th O l i
কাছাকাছি	k a chh a k a chh i
ভক্তকূল	bh o kt O k u l
মন্দার	m o nd a r
এফএ	e ph e
নালন্দা	n a l o nd a
করাতকলের	k o r a t k o l e r
আগরবাতি	a g O r b a t i
বিশ্বনাথে	b i sh sh O n a th e
ঘুনধুম	gh u n dh u m
বিএনপিপন্থি	b i e n p i p O n th i
রাজনীতিও	r a j n i t i O
জানবে	j a n b e
অন্তরালের	o nt O r a l e r
চক্ষে	ch O kkh e
নাগ	n a g
গুরুতরভাবে	g u r u t o r O bh a b e
আটকও	a T O k O
ট্রান্সট্রোমারের	T r a n s T r O m a r e r
ফলিত	ph O l i t O
ব্যবহারকারীদের	b A b O h a r k a r i d e r
রক্ষীদের	r O kkh i d e r
অনুজপ্রতিম	O n u j pr O t i m
মডেলরা	m o D e l r a
পক্ষকালব্যাপী	p O k kh O k a l b A p i
উপজেলার	u p O j e l a r
ধানখেতের	dh a n kh e t e r
মান্যবর	m a n n O b o r
বিতান	b i t a n
দুটোরই	d u T O r i
সংবাদসংস্থা	sh o ng b a d sh o ng sth a
স্বভাব	sh o bh a b
যোগে	j O g e
অর্থমন্ত্রীদের	o r th O m O n t r i d e r
লাবলু	l a b l u
ফটোশপ	ph O T O sh o p
বাহনে	b a h O n e
ক্ষরণ	kh o r O n
মানছি	m a n chh i
স্কলারির	s k o l a r i r
একাত্তরকে	E k a tt O r k e
গ্রাহাম	gr a h a m
পলিপ্রপিলিন	p o l i pr o p i l i n
দত্তক	d o tt O k
ঝুম	jh u m
জাপানিদের	j a p a n i d e r
আমানতের	a m a n O t e r
কৃপণতা	k r i p o n o t a
দীপাবলি	d i p a b O l i
লেখালেখিকে	l e kh a l e kh i k e
শিল্পকর্মে	sh i l p O k o r m e
সংকুলান	sh o ng k u l a n
প্রেরন	pr e r O n
দোলাচল	d O l a ch o l
তালতলীর	t a l t O l i r
ব্যবস্থাপত্র	b A b O sth a p o tr O
পরিব্যাপ্ত	p O r i b b A p t O
সম্মেলনের	sh o mm e l o n e r
আর্তি	a r t i
ভারপ্রাপ্ত	bh a r pr a p t O
যুবকরা	j u b o k r a
পেশিতে	p e sh i t e
রিপোর্টটি	r i p O r T T i
পশ্চিমাঞ্চলের	p O sh ch i m a nch O l e r
দপ্তরও	d o p t O r O
সহনশীলতার	sh o h O n sh i l o t a r
ভোগ্যপণ্যের	bh O g g O p O n n e r O
সংখ্যালঘুদের	sh o ng kh a l O gh u d e r
কামারের	k a m a r e r
গোল্ড	g O l D
শত্রুপক্ষের	sh O tr u p o kkh e r
বিষদাঁত	b i sh d a~ t
নিচ্ছিলাম	n i ch chh i l a m
জেনুইন	j e n u i n
গাঁজন	g a~ j O n
রাতারগুল	r a t a r g u l
কাটাচ্ছিলেন	k a T a ch chh i l e n
ধানী	dh a n i
শংকিত	sh O ng k i t O
দাউদকান্দির	d a u d k a nd i r
প্রেমিকারা	pr e m i k a r a
লুকোচুরির	l u k O ch u r i r
বস্তুটি	b O st u T i
অঝোর	o jh O r
জুপিটার	j u p i T a r
বিএনএফের	b i e n e ph e r
উচ্চহারে	u ch ch O h a r e
অবোধ	o b O dh
ক্রুশবিদ্ধ	kr u sh b i d dh O
একটিভ	E k T i bh
মাপমতো	m a p m o t O
গরুগুলো	g o r u g u l O
গোলজার	g O l j a r
শীর্ষ	sh i r sh O
দুরন্তের	d u r o nt e r
বেতনে	b e t O n e
ন্যাভিগেট	n A bh i g e T
পচনের	p o ch O n e r
অর্ধেকে	O r dh e k e
বাসস্টেশন	b a s s T e sh o n
বসত	b o sh O t
ক্রিস্টিয়ান	k r i s T i a n
প্রতিরক্ষামন্ত্রীর	pr O t i r o kkh a m O n t r i r
পান্না	p a nn a
রেলের	r e l e r
অন্তর্ভুক্ত	o nt O r bh u kt O
মহামিলনের	m o h a m i l o n e r
জেএমবির	j e e m b i r
চরণের	ch o r O n e r
ঘোরতর	gh O r O t o r O
ভাঁজের	bh a~ j e r
মং	m o ng
তারুণ্যনির্ভর	t a r u n n O n i r bh o r
পেতেছে	p e t e chh e
রূপালী	r u p a l i
অস্তিত্ব	O st i tt O
নাকানি	n a k a n i
ক্লাবকে	kl a b k e
মহাকাশযানের	m o h a k a sh j a n e r
মাদকবিরোধী	m a d O k b i r O dh i
সমালোচক	sh o m a l O ch O k
সৎকারের	sh o t k a r e r
খেলাপী	kh e l a p i
আবদারে	a b d a r e
অরুন	O r u n
সচিবের	sh O ch i b e r
গুলোতে	g u l O t e
প্রলুব্ধ	pr O l u b dh O
বাবলা	b a b l a
উদ্ধার	u d dh a r
সফলতার	sh o ph O l O t a r
জেনালের	j e n a l e r
শোনাচ্ছেন	sh O n a ch chh e n
সংখ্যাগুরু	sh o ng kh a g u r u
গ্রাহককে	gr a h O k k e
বেসরকারীকরণ	b e sh o r k a r i k o r O n
প্রতিমুহূর্তে	pr O t i m u h u r t e
আস্থাবান	a sth a b a n
মাংসগুলো	m a ng sh O g u l O
ক্লোজআপ	kl O j a p
আপীলের	a p i l e r
দূরান্তের	d u r a nt e r
ঘনত্বে	gh o n o tt e
শুটকি	sh u T k i
অফস্পিন	o ph s p i n
টান	T a n
উদ্	u d
এরও	e r O
ফেরির	ph e r i r
একহাত	E k h a t
কমলে	k O m l e
অসতর্ক	o sh o t O r k O
চিনবেন	ch i n b e n
বিষটোপ	b i sh T O p
পিটিটি	p i T i T i
বিদ্রোহীকে	b i d r O h i k e
প্রস্তুতকারী	pr O st u t k a r i
পাঁক	p a~ k
এককালের	E k k a l e r
গুণকীর্তন	g u n O k i r t O n
বেরোল	b e r O l O
ভোলে	bh O l e
দশমীর	d o sh O m i r
অভিশংসন	O bh i sh o ng sh O n
বিশ্ববাজারে	b i sh sh O b a j a r e
নেমেও	n e m e O
বন্দরসহ	b o nd O r sh o h O
দুরূহ	d u r u h O
দাতাগোষ্ঠীর	d a t a g O shTh i r
বিশ্বরাজনীতির	b i sh sh O r a j n i t i r
আবি	a b i
বন্দেগি	b o nd e g i
গৃহশ্রমিক	g r i h O s r O m i k
চ্যাট	ch A T
মহাসমাবেশের	m o h a sh o m a b e sh e r
নির্ধারকদের	n i r dh a r O k d e r
গরিষ্ঠ	g O r i shTh O
বন্যপ্রাণী	b O n n O pr a n i
করব	k O r b O
গাছেও	g a chh e O
ঘোষ	gh O sh
বাথরুম	b a th r u m
কতভাবে	k o t O bh a b e
তৎপরতাকে	t o t p o r O t a k e
ব্যাককোম্ব	b A k k O mb
ভাবেননি	bh a b e n n i
বুকের	b u k e r
হেঁটেছি	h e~ T e chh i
চেতনাকে	ch e t O n a k e
স্বাস্থ্যকমপ্লেক্সে	sh a s th O k o m p l e k s e
শুদ্ধতার	sh u d dh O t a r
আগরতলা	a g O r t o l a
শিক্ষাজীবনে	sh i kkh a j i b O n e
রুক্ষ	r u kkh O
সপক্ষে	sh o p O kkh e
করণে	k o r O n e
পাতারহাট	p a t a r h a T
দেবগণের	d e b g o n e r
পর	p o r
বানাচ্ছি	b a n a ch chh i
শ্যাডো	sh A D O
স্টোরকিপার	s T O r k i p a r
ভণ্ডামির	bh o n D a m i r
মন্বন্তর	m o n O n t O r
প্লেব্যাক	p l e b A k
শিলা	sh i l a
প্রজাতান্ত্রিক	pr O j a t a n t r i k
অভিনীত	O bh i n i t O
দুরভিসন্ধি	d u r O bh i sh O ndh i
এমনকী	E m O n k i
প্রতিষ্ঠানগুলোতে	pr O t i shTh a n g u l O t e
স্যালুট	s A l u T
বিলেতের	b i l e t e r
শতাংশেরও	sh o t a ng sh e r O
ধকল	dh o k O l
শিরোনামগুলো	sh i r O n a m g u l O
সংঘাত	sh o ng gh a t
নবাবি	n o b a b i
অনুচ্চারিত	o n u ch ch a r i t O
বছরও	b o chh O r O
চিটাগাং	ch i T a g a ng
গতানুগতিকতার	g o t a n u g O t i k o t a r
খেলেন	kh E l e n
সমীপে	sh o m i p e
নাটকই	n a T O k i
প্রত্যাবাসন	pr O t t a b a sh O n
কাজেকর্মে	k a j e k o r m e
হাঁটুন	h a~ T u n
হকিকত	h O k i k o t
জাপানিরা	j a p a n i r a
কোরিয়াতে	k O r i a t e
ধাঁচের	dh a~ ch e r
ছাত্তার	chh a tt a r
আরপিও	a r p i O
করবেন	k O r b e n
ধরাবাঁধা	dh o r a b a~ dh a
পলিটেকনিক	p o l i T e k n i k
শক্তিগুলোকে	sh O kt i g u l O k e
শিক্ষকসহ	sh i kkh o k sh o h O
টোস্ট	T O s T
জেন্টল	j e n T o l
ডিজেড	D i j e D
পন্য	p O n n O
কঠোরভাবে	k o Th O r bh a b e
সং	sh o ng
সরলরেখা	sh o r O l r e kh a
চুম্বনে	ch u mb O n e
আত্মপ্রকাশ	a t t O pr O k a sh
প্রাপ্যতা	p r a p p O t a
ফেস্টিভল	ph e s T i bh o l
হতো	h O t O
পঞ্চোর	p o nch O r
পেশিশক্তি	p e sh i sh O kt i
ফলক	ph o l O k
টিকার	T i k a r
প্রীতম	pr i t o m
বিরতিতে	b i r O t i t e
টিকল	T i k l O
ছেটে	chh e T e
মন্ত্রিপরিষদ	m O n t r i p O r i sh o d
সন্দেহাতীতভাবে	sh o nd e h a t i t bh a b e
আষ্টেপৃষ্ঠে	a sh T e p r i sh Th e
ছবিগুলি	chh O b i g u l i
পররাষ্ট্রমন্ত্রীর	p o r O r a sh T r O m O n t r i r
নিষ্ঠুরতার	n i shTh u r o t a r
অবহেলা	o b O h e l a
বাগ্	b a g
বিদ্রোহীরা	b i d r O h i r a
সর্দারের	sh o r d a r e r
অভিজ্ঞানপত্র	O bh i g g a n p o tr O
ছুটাছুটি	chh u T a chh u T i
বরগুনা	b o r g u n a
শহরগুলোতে	sh o h o r g u l O t e
ঘনত্বমাপক	gh o n O tt O m a p O k
কাটই	k a T i
অধিকার	O dh i k a r
মানচিত্র	m a n ch i tr O
অ্যালার্ম	A l a r m
পালিশ	p a l i sh
তাছাড়াও	t a chh a r a O
বেচে	b e ch e
শিরোনামহীনের	sh i r O n a m h i n e r
ধীরগতির	dh i r O g O t i r
দাম্ভিকতা	d a m bh i k o t a
ছাপরা	chh a p r a
রেফারিং	r e ph a r i ng
পরিকল্পনাকে	p O r i k o l p O n a k e
থিংক	th i ng k
ট্রাকের	T r a k e r
বেশ্যার	b e sh sh a r
কর্মচারি	k o r m O ch a r i
বিশ্রী	b i s r i
অগ্নিলা	O g n i l a
ঘাটে	gh a T e
একরত্তি	e k r O tt i
কমন্সে	k o m O n s e
শ্বসনের	sh o sh O n e r
মন্ত্রিপরিষদে	m O n t r i p O r i sh o d e
নিদর্শনগুলো	n i d o r sh o n g u l O
পরের	p o r e r
বাবাকে	b a b a k e
ব্যবহারোপযোগী	b A b O h a r O p O j O g i
ক্ষেপণাস্ত্র	kh e p O n a s t r O
লিংকের	l i ng k e r
ছটা	chh o T a
পাঠদানে	p a Th d a n e
মন্দিরসহ	m O nd i r sh o h O
উপজেলাভিত্তিক	u p O j e l a bh i tt i k
চালাল	ch a l a l O
পুষ্টিমানের	p u shT i m a n e r
নভোযানটি	n o bh O j a n T i
জোগানো	j O g a n O
কর্মটি	k o r m O T i
মহত্ত্বের	m o h O t t e r
নির্দেশনাটি	n i r d e sh o n a T i
ভাবধারার	bh a b dh a r a r
ধন্যি	dh o n n i
লেন	l e n
ভেতরে	bh e t O r e
সবখানে	sh o b kh a n e
শূন্যপদে	sh u n n O p o d e
অনুপমা	O n u p o m a
ব্রিটনি	br i T n i
ভরাট	bh o r a T
স্পষ্টভাবে	s p o shT O bh a b e
অবন্তি	o b O nt i
সংবিধিবদ্ধ	sh o ng b i dh i b o d dh O
বিভাগসহ	b i bh a g sh o h O
হাঁটুর	h a~ T u r
ওভারব্রিজ	O bh a r br i j
বাপি	b a p i
কারাভোগ	k a r a bh O g
স্টার্ট	s T a r T
কেকেআরের	k e k e a r e r
ভেটো	bh e T O
লিগ্যাল	l i g A l
নষ্টের	n o shT e r
লক্ষ্যভেদে	l o kkh O bh e d e
নির্বোধের	n i r b O dh e r
কর্মস্থলে	k o r m O sth o l e
অল্পকিছু	o l p O k i chh u
শিক্ষাবর্ষের	sh i kkh a b O r sh e r
খেলবেন	kh e l b e n
দিতে	d i t e
ডবলমুরিং	D o b O l m u r i ng
অভিবাদন	O bh i b a d O n
পশুপালন	p O sh u p a l O n
প্রেক্ষাপটের	pr e kkh a p o T e r
চরিত্রগুলো	ch O r i tr O g u l O
কান্নারত	k a nn a r o t O
পরিবেশবাদীদের	p O r i b e sh b a d i d e r
রিভিউর	r i bh i u r
শর্ষে	sh O r sh e
অন্ততপক্ষে	o nt O t O p o kkh e
গুঁতো	g u~ t O
পাতানোর	p a t a n O r
চেহারাটা	ch e h a r a T a
ছাড়বে	chh a r b e
বস্তুর	b O st u r
গোনে	g O n e
স্মার্টফোনকে	s m a r T ph O n k e
অফিসগুলো	o ph i sh g u l O
টুকরা	T u k r a
ব্যর্থতার	b A r th O t a r
বাধিত	b a dh i t O
মূখ্য	m u k kh O
প্রাবন্ধিক	pr a b O ndh i k
শিখছেন	sh i kh chh e n
রেলস্টেশনের	r e l s T e sh o n e r
বিবেচ্য	b i b e ch ch O
পরিণতির	p O r i n O t i r
টানলে	T a n l e
উড	u D
অসচ্ছলতা	o sh o ch chh O l o t a
যোগদানকারীদের	j O g d a n k a r i d e r
তাপপরিমাপক	t a p p O r i m a p O k
খেলেছিলেন	kh e l e chh i l e n
উদঘাটিত	u d gh a T i t O
রন্ধনশিল্পী	r o ndh O n sh i l p i
কক্ষবিশিষ্ট	k O kkh O b i sh i shT O
মডারেটর	m o D a r e T O r
দেশটি	d e sh T i
ববিতাকে	b O b i t a k e	proper_noun
কর্নফ্লেক্স	k o r n ph l e k s
পারেনা	p a r e n a
কর্তৃপক্ষকে	k O r t r i p o k kh O k e
আসব	a sh b O
বামপন্থার	b a m p O n th a r
অনীহার	o n i h a r
বর্ষনে	b o r sh O n e
গাছপালা	g a chh p a l a
বর্গ	b o r g O
একচ্ছত্র	E k O ch chh o tr O
লালবাতি	l a l b a t i
চিরাচরিত	ch i r a ch O r i t O
দিনক্ষণ	d i n kh o n
জগন্নাথের	j o g O nn a th e r
কেন্দুয়ার	k e n d u a r
একপ্রকারের	E k pr O k a r e r
গীতিকবি	g i t i k O b i
মড়ে	m O r e
বলছ	b O l chh O
রাখেননি	r a kh e n n i
উদ্বেগে	u d b e g e
টেড	T e D
স্পোর	s p O r
কাব্যে	k a b b e
সংবাদমাধ্যমকে	sh o ng b a d m a d dh O m k e
এবাদুল	e b a d u l
বতুতা	b O t u t a
অনুসন্ধানকারী	O n u sh o ndh a n k a r i
সরদারের	sh o r d a r e r
ধোবেন	dh O b e n
শক্তভাবে	sh o kt O bh a b e
কপিসহ	k o p i sh o h O
জিওগ্রাফিক	j i O gr a ph i k
দাবিদারদের	d a b i d a r d e r
আদর্শগতভাবে	a d O r sh O g o t O bh a b e
পোট্রেট	p O T r e T
প্রজ্ঞাপনে	pr O g g a p o n e
উদ্রেক	u d r e k
হরিজন্তের	h O r i j o nt e r
নাশকতাকারীরা	n a sh O k o t a k a r i r a
গভীরতার	g O bh i r o t a r
জজদের	j O j d e r
দুবছর	d u b o chh O r
শুনেছো	sh u n e chh O
অফিসগুলোতে	o ph i s g u l O t e
স্মৃতিধন্য	s r i t i dh O n n O
ইলাস্টিক	i l a s T i k
শিশিরের	sh i sh i r e r
রাজনীতিবিদসহ	r a j n i t i b i d sh o h O
নববর্ষকে	n o b O b o r sh O k e
মহত্ত্ব	m o h O t t O
পিণ্ড	p i n D O
প্রাণের	pr a n e r
কেরলের	k e r O l e r
নাতাশা	n a t a sh a
কতো	k o t O
কতোজন	k o t O j o n
নতুনত্বের	n O t u n o tt e r
শিখছি	sh i kh chh i
সংশোধিত	sh o ng sh O dh i t O
ক্ষীণ	kh i n O
লোকদের	l O k d e r
ঘণীভূত	gh O n i bh u t O
প্রাণচাঞ্চল্য	pr a n ch a nch o l l O
ব্যারেজ	b A r e j
রুমির	r u m i r
উচ্চাঙ্গ	u ch ch a ngg O
কেবলে	k e b o l e
বিমানবাহিনীর	b i m a n b a h i n i r
চরমপন্থীরা	ch o r O m p O n th i r a
বাঙালিকে	b a ng a l i k e
গতিটা	g O t i T a
পালাবে	p a l a b e
দূরদূরান্তের	d u r d u r a nt e r
স্বাধীনতাযুদ্ধের	sh a dh i n o t a j u d dh e r
পরিদর্শণ	p O r i d o r sh O n
প্রতিরোধক	pr O t i r O dh O k
লেখো	l E kh O
বলেশ্বর	b o l e sh sh o r
টেম্পোর	T e mp O r
গলাগলি	g o l a g O l i
লিখেন	l i kh e n
ভূপৃষ্ঠ	bh u p r i sh Th O
খর	kh o r
গল্পকার	g o l p O k a r
তিলকে	t i l k e
মার্কেজের	m a r k e j e r
স্বাধীনতার	sh a dh i n o t a r
টটেনহাম	T O T e n h a m
দেশাত্মবোধের	d e sh a t t O b O dh e r
অন্তস্তল	o nt O st o l
রতনকে	r o t O n k e
বদলাবে	b o d l a b e
নিতম্বের	n i t o mb e r
জাস্টিন	j a s T i n
বাচ্চাকে	b a ch ch a k e
আবেদন	a b e d O n
মস্তিষ্কও	m O sh t i sh k O O
বাতের	b a t e r
খাদ্যবস্তু	kh a d d O b O st u
মিল্কী	m i l k i
বুঝিয়ে	b u jh i e
তিরিশ	t i r i sh
বিপণিকেন্দ্র	b i p O n i k e ndr O
প্রেক্ষিত	pr e kkh i t
সভাস্থলে	sh o bh a sth o l e
ইচ্ছাপূরণ	i ch chh a p u r O n
মানবের	m a n O b e r
কিশোরদের	k i sh O r d e r
ধাওয়ান	dh a O a n
হাঁকা	h a~ k a
বলাটা	b o l a T a
লুটপাটের	l u T p a T e r
সংগ্রাহকের	sh o ng gr a h O k e r
স্থানটির	sth a n T i r
খাঁটি	kh a~ T i
বাহু	b a h u
একাংশকে	E k a ng sh O k e
পুষ্পগুচ্ছ	p u sh p O g u ch chh O
পানিবন্দী	p a n i b O nd i
ক্ষিণ	kh i n O
টির	T i r
জেবা	j e b a
নারীরই	n a r i r i
সংস্থাগুলোর	sh o ng sth a g u l O r
গণনার	g o n O n a r
চিটা	ch i T a
নাশতা	n a sh t a
রণক্ষেত্রে	r o n O kh e t r e
ভোগান্তিতে	bh O g a nt i t e
বলছো	b O l chh O
জীবনদর্শন	j i b o n d o r sh O n
আইনজীবীরা	a i n j i b i r a
জনেরও	j o n e r O
চিত্রকলার	ch i tr O k o l a r
মাসচেরানো	m a sh ch e r a n O
ক্রিকেটপ্রেমীরা	kr i k e T pr e m i r a
ভাবমূর্তি	bh a b m u r t i
অঞ্চলভিত্তিক	o nch O l bh i tt i k
শুকনো	sh u k n O
তাপমাত্র	t a p m a tr O
কাট্টলী	k a T T O l i
আগ্রহই	a gr O h O i
অন্যজীবন	O n n O j i b O n
বলাবাহুল্য	b o l a b a h u l l O
কামিজই	k a m i j i
পুতুলনাচের	p u t u l n a ch e r
পরনের	p o r O n e r
ন্যান্সির	n A n s i r
কমে	k O m e
মানুষরাও	m a n u sh r a O
জান	j a n
আলিবর্দী	a l i b O r d i
অর্থাৎ	o r th a t
ক্যামেরাবন্দি	k A m e r a b O nd i
ডিগ্রিতে	D i gr i t e
ঘচে	gh O ch e
কবিরের	k O b i r e r
ধর্মকর্ম	dh o r m O k o r m O
মহাকাব্যের	m o h a k a b b e r
খাচ্ছি	kh a ch chh i
রিং	r i ng
কেন্দ্রেও	k e ndr e O
প্রতিবেলা	pr O t i b E l a
বন্ধক	b o ndh o k
উদ্ধারকাজে	u d dh a r k a j e
ঢাল	Dh a l
অস্থিসন্ধিতে	o sth i sh O ndh i t e
বাঁধবে	b a~ dh b e
বুঝেছেন	b u jh e chh e n
ওতপ্রোত	O t O pr O t O
ললিতকলা	l O l i t O k o l a
বোঝেনা	b O jh e n a
সমাজবদ্ধ	sh o m a j b o d dh O
আন্তর্জাতিকভাবে	a nt O r j a t i k bh a b e
নাস্তা	n a st a
ইটালি	i T a l i
নেহাল	n e h a l
শাসনক্ষমতা	sh a sh o n kh o m O t a
কনট্যুর	k o n T u r
পকেটমার	p o k e T m a r
ডাম্পিং	D a mp i ng
থামেন	th a m e n
ধর্মমত	dh o r m O m o t
জন্মালে	j o n m a l e
পিএন	p i e n
কর্মজীবন	k o r m O j i b O n
কৃষিক্ষেত্রে	k r i sh i kh e t r e
লিমিটেডকে	l i m i T e D k e
ক্যান্সারে	k A n s a r e
বিএমএ	b i e m e
দখলমুক্ত	d o kh O l m u kt O
চোরাপথে	ch O r a p o th e
আম্বাতি	a mb a t i
অন্তর্দৃষ্টি	o n t O r d r i sh T i
উদ্ভিদকে	u d bh i d k e
মৎস্য	m o t sh O
পাতার	p a t a r
মন্ত্রিপরিষদের	m O n t r i p O r i sh o d e r
পিটুইটারি	p i T u i T a r i
বিনোদ	b i n O d
নৃত্যের	n r i t t e r
পাঁচদিন	p a~ ch d i n
পাশবিক	p a sh O b i k
রেখেছিলাম	r e kh e chh i l a m
ধূমপানে	dh u m p a n e
প্রতি	pr O t i
বংশগত	b o ng sh O g O t O
অর্থকষ্টের	o r th O k o shT e r
মহাবিপন্ন	m o h a b i p O nn O
স্কিমের	s k i m e r
ভ্রষ্ট	bh r o shT O
তাঁতে	t a~ t e
আদর্শে	a d O r sh e
পদার্পন	p o d a r p o n
গঠনতন্ত্র	g o Th O n t o n t r O
মৃণাল	m r i n a l
বসন্তে	b o s O n t e
অমিতা	o m i t a
হেলমেটের	h e l m e T e r
নীচ	n i ch
টোনা	T O n a
শুভশ্রীর	sh u bh O s r i r
অভিসম্পাত	O bh i sh o mp a t
তারুণ্যে	t a r u n n e
পল	p o l
অপমৃত্যু	o p O m r i t t u
জেব	j e b
ফেন্সিডিলসহ	ph e n s i D i l sh o h O
পালনে	p a l O n e
হারিয়েছিল	h a r i e chh i l O
স্পেসশিপ	s p e s sh i p
ঝক্কিঝামেলা	jh O k k i jh a m e l a
চিবাবা	ch i b a b a
হেমন্ত	h e m o nt O
মহারথীরা	m o h a r O th i r a
সমাপনী	sh o m a p O n i
উপলক্ষ	u p O l O kkh O
কামরুন্নাহার	k a m r u nn a h a r
ঘুরাতে	gh u r a t e
কলারে	k o l a r e
অনীহা	o n i h a
সমাধানও	sh o m a dh a n O
নামাতে	n a m a t e
সচিবেরা	sh O ch i b e r a
বাষ্পীভবন	b a sh p i bh o b O n
মনপ্রাণ	m O n pr a n
নতুনবাজার	n O t u n b a j a r
বেষ্টিত	b e shT i t O
অনাবৃষ্টির	o n a b r i sh T i r
দিদি	d i d i
একদিকের	E k d i k e r
ধাতে	dh a t e
মূহুর্তে	m u h u r t e
দুটোর	d u T O r
ওষ্ঠাগত	O shTh a g o t O
অহং	o h O ng
শ্রদ্ধাভরে	s r O d dh a bh O r e
পথচারীদের	p o th O ch a r i d e r
ছলাৎ	chh o l a t
রাখবে	r a kh b e
নিখোঁজদের	n i kh O~ j d e r
হত্যাকারীর	h O t t a k a r i r
রুটকে	r u T k e
পরিহিতা	p O r i h i t a
সরকারপ্রধান	sh o r k a r pr O dh a n
ভালোকে	bh a l O k e
ক্লাবটিতে	kl a b T i t e
কালও	k a l O
ইচ্ছাকৃতভাবে	i ch chh a k r i t O bh a b e
শিরোনামটি	sh i r O n a m T i
ক্যাস্ট্রো	k A s T r O
কপোত	k o p O t
ধানখেত	dh a n kh e t
পেদ্রো	p e d r O
ভূমিকম্পে	bh u m i k o mp e
পরশ্রীকাতরতা	p O r O s r i k a t O r o t a
ব্যাটটা	b A T T a
সচিবকে	sh O ch i b k e
লেখানোর	l E kh a n O r
গ্রিলে	gr i l e
টনে	T o n e
ফিন্যান্স	ph i n A n s
থামে	th a m e
নানারকম	n a n a r o k O m
ভক্তিভরে	bh O kt i bh o r e
খেলেছি	kh e l e chh i
অনুমোদনবিহীন	O n u m O d O n b i h i n
পোহাচ্ছেন	p O h a ch chh e n
লোকবাদ্যযন্ত্র	l O k O b a d d O j o n t r O
নন্দন	n o nd O n
কাদামাটির	k a d a m a T i r
শুভাগতর	sh u bh a g o t O r
রণে	r o n e
ভিক্ষু	bh i kkh u
কাস্টমার	k a s T O m a r
মধ্যস্থতার	m O d dh O s th O t a r
ভুলু	bh u l u
লঞ্চঘাটে	l o nch gh a T e
চালাচ্ছিল	ch a l a ch chh i l O
পন্নী	p O nn i
কর্তন	k o r t O n
চিত্রে	ch i tr e
উম্মতকে	u mm O t k e
মহাশ্বেতা	m o h a sh e t a
পিক্সার	p i k s a r
কতল	k o t O l
কৃতজ্ঞ	k r i t O g g O
জন্মভূমিকে	j o n m O bh u m i k e
বন্ধুহীন	b O ndh u h i n
স্কিন	s k i n
কোথা	k O th a
ডেভেলপারের	D e bh e l o p a r e r
পোদ্দার	p O d d a r
দীনেশ	d i n e sh
রাগান্বিত	r a g a n n i t O
ক্ষতির	kh O t i r
কোনমতে	k O n O m o t e
টাল	T a l
দ্যাখে	d A kh e
হুগো	h u g O
ছকের	chh o k e r
বন্দরটিলা	b o nd O r T i l a
নির্ভুল	n i r bh u l
ব্যবধানই	b A b O dh a n i
বিলবোর্ডে	b i l b O r D e
শোটি	sh O T i
হ্যাকের	h A k e r
রক্তকণিকার	r o kt O k O n i k a r
নাদির	n a d i r
নিস্পত্তি	n i sh p O t t i
স্টার্কের	s T a r k e r
বাহুবল	b a h u b o l
ফলজ	ph o l O j O
নৃত্যে	n r i t t e
রিটকারী	r i T k a r i
মজাটা	m o j a T a
গরুটা	g O r u T a
নয়াডিঙ্গী	n o a D i ng g i
বিশেষত	b i sh e sh o t O
লগ	l o g
আত্মপ্রকাশের	a t t O pr O k a sh e r
ঘুমাচ্ছে	gh u m a ch chh e
বিচ্ছু	b i ch chh u
বিভিন্নভাবে	b i bh i nn O bh a b e
বিআরটিএর	b i a r T i e r
ভবনটিকে	bh o b O n T i k e
বটেশ্বর	b o T e sh sh o r
পরিস্থিতে	p O r i sth i t e
শুনিতে	sh u n i t e
প্রোভাইডার	pr O bh a i D a r
মতামতকে	m o t a m o t k e
অকৃপণ	o k r i p O n
আক্রা	a kr a
প্রদানকারি	pr O d a n k a r i
পবিত্র	p O b i tr O
প্রচলনের	pr O ch O l o n e r
পরিবর্তনজনিত	p O r i b o r t O n j O n i t O
রাঁধতে	r a~ dh t e
পালটে	p a l T e
ফেন্সিডিল	ph e n s i D i l
চিন্তাশীল	ch i nt a sh i l
সম্পূর্ন	sh o mp u r n O
ভাবিতে	bh a b i t e
প্রীতি	pr i t i
শুভাগত	sh u bh a g o t O
পদক্ষেপ	p o d O kkh e p
বাক্সবন্দী	b a k sh O b O n d i
নিমিত্ত	n i m i tt O
দম্পতি	d o mp O t i
ভোটব্যাংক	bh O T b A ng k
চাঁদাবাজী	ch a~ d a b a j i
নাতিকে	n a t i k e
মোগলহাট	m O g O l h a T
শরণার্থীরা	sh o r O n a r th i r a
পাপোশ	p a p O sh
পাচিনো	p a ch i n O
স্বত্ব	sh o tt O
এতথ্য	e t O t th O
বমি	b O m i
বাজি	b a j i
নিষ্পত্তিতে	n i sh p O tt i t e
কমিশনসহ	k o m i sh o n sh o h O
উপনিবেশিক	u p O n i b e sh i k
মুর্তজা	m u r t O j a
অগ্রবর্তী	o gr O b O r t i
মিটারের	m i T a r e r
ট্রিটমেন্ট	T r i T m e n T
মহিমান্বিত	m O h i m a n n i t O
প্রেরণে	pr e r O n e
ভুরু	bh u r u
পেটে	p e T e
তত্ত্বাবধানে	t o t t a b o dh a n e
হেরোইনের	h e r O i n e r
ইন্টারকন্টিনেন্টাল	i n T a r k o n T i n e n T a l
ট্রাকিং	T r a k i ng
মান্ধাতার	m a ndh a t a r
লক্ষাধিক	l O kkh a dh i k
দুর্ভাগ্যের	d u r bh a g g e r
সখিনা	s O kh i n a
ভরতে	bh O r t e
জাসদের	j a sh O d e r
তি	t i
প্রতিষ্ঠাও	pr O t i shTh a O
জেফ	j e ph
আটকাল	a T k a l O
প্রহরে	pr O h O r e
গোলাগুলির	g O l a g u l i r
অনন্যাকে	O n O n n a k e
ভাজবেন	bh a j b e n
চিন্তন	ch i nt o n
বাজারটিতে	b a j a r T i t e
রেঁধে	r e~ dh e
পরগনার	p o r g o n a r
রিজিজু	r i j i j u
ভাষণে	bh a sh O n e
জাতকে	j a t k e
একপাশ	E k p a sh
পরিচালকেরা	p O r i ch a l O k e r a
পাটকলের	p a T k o l e r
আমসহ	a m sh o h O
এত	E t O
জমেছিল	j O m e chh i l O
ক্যাম্পের	k A mp e r
স্থানচ্যুত	sth a n ch u t O
নাট্যরীতি	n a T T O r i t i
ঘটাচ্ছে	gh o T a ch chh e
মুড়ি	m u r i
চটপটির	ch o T p O T i r
পরিধিকে	p O r i dh i k e
মিছে	m i chh e
হেলপারসহ	h e l p a r sh o h O
হলাম	h O l a m
ক্লথ	kl o th
তৃণমূলে	t r i n O m u l e
ভাগবত	bh a g O b o t
সমাধির	sh o m a dh i r
ভুনা	bh u n a
অগ্নিকাণ্ডে	O g n i k a n D e
ক্যাডারে	k A D a r e
তন্দ্রাচ্ছন্ন	t o ndr a ch chh o nn O
গাংনীতে	g a ng n i t e
পড়তেন	p O r t e n
একজোট	E k j O T
মহাশূন্যের	m o h a sh u n n e r
পৃষ্ঠপোষকতার	p r i sh Th O p O sh O k o t a r
শলাপরামর্শ	sh o l a p o r a m o r sh O
বেলাগ্রাম	b e l a gr a m
পেট্রো	p e T r O
ধাক্কাটা	dh a k k a T a
আজ্ঞা	a g g a
সতর্কসংকেত	sh t O r k o sh o ng k e t
লাগাটা	l a g a T a
কাণ্ডটি	k a n D O T i
লব	l o b
অফেরতযোগ্য	o ph e r o t j O g g O
ছেলেরা	chh e l e r a
বিবাহিতদের	b i b a h i t O d e r
বিবর্তনবাদ	b i b o r t O n b a d
থামাতে	th a m a t e
অভাবসহ	o bh a b sh o h O
হং	h o ng
পপি	p o p i
জন্মাবে	j o n m a b e
কলাভবনে	k o l a bh o b O n e
বর্ষকালে	b o r sh O k a l e
প্লাবিত	p l a b i t O
বিশটি	b i sh T i
কোষ্ঠকাঠিন্য	k O shTh O k a Th i n n O
বেনামি	b e n a m i
ভাগই	bh a g i
ঝাপটাতে	jh a p T a t e
গেস্ট	g e s T
কসরত	k o s r O t
অপারেটিং	o p a r e T i ng
ব্রে	br e
স্কোরকার্ড	s k O r k a r D
প্রশিক্ষণকালে	pr O sh i kkh o n k a l e
অংশবিশেষের	o ng sh O b i sh e sh e r
যাঁদের	j a~ d e r
মন্ত্রীসহ	m O n t r i sh o h O
অপ্রাপ্তির	o pr a p t i r
মিটবে	m i T b e
লজিং	l o j i ng
রিজ	r i j
সশরীরে	sh o sh O r i r e
সংবাদমাধ্যমের	sh o ng b a d m a d dh O m e r
পুরুষেরা	p u r u sh e r a
দণ্ডবিধির	d o n D O b i dh i r
মুখো	m u kh O
শহিদুল	sh O h i d u l
প্রলম্বিত	pr O l O mb i t O
ক্লাবই	kl a b i
থাকিত	th a k i t O
ব্রা	br a
ইহার	i h a r
লুণ্ঠনের	l u n Th o n e r
রেড	r e D
মাখামাখি	m a kh a m a kh i
রিটার	r i T a r
দলবাজি	d o l b a j i
সদস্যে	sh o d O sh sh e
কুষ্ঠ	k u shTh O
গোলমরিচ	g O l m O r i ch
প্রীতমের	pr i t O m e r
বলতাম	b O l t a m
অনুমাননির্ভর	O n u m a n n i r bh o r
হোন্ডার	h O n D a r
শুর	sh u r
টোঙ্গার	T O ngg a r
প্রিন্সের	pr i n s e r
স্বরের	sh o r e r
ভাগ্নের	bh a g n e r
ঠেকানোর	Th E k a n O r
মানবধিকার	m a n O b a dh i k a r
পেকটিন	p e k T i n
বাঁকের	b a~ k e r
মাতে	m a t e
মিলিটারি	m i l i T a r i
গোতামারী	g O t a m a r i
স্যানিটেশনের	s A n i T e sh o n e r
যাত্রাপালা	j a tr a p a l a
চ্যানেলগুলোতে	ch A n e l g u l O t e
রক্তনালি	r o kt O n a l i
ভোটদানের	bh O T d a n e r
আপনাদেরকে	a p n a d e r k e
মালদ্বীপ	m a l d i p
মহাবিপদ	m o h a b i p o d
হারেননি	h a r e n n i
গার্নারের	g a r n a r e r
লুকিং	l u k i ng
যাত্রীবেশী	j a tr i b e sh i
শীতকালে	sh i t k a l e
চিত্রমালা	ch i tr O m a l a
বিভাগটি	b i bh a g T i
নাটালি	n a T a l i
পান্তা	p a nt a
পরিবর্তনযোগ্য	p O r i b o r t O n j O g g O
মাদকের	m a d O k e r
পুত্রদের	p u tr O d e r
হটে	h a T e
নেককার	n e k k a r
পরক্ষণে	p o r O kkh O n e
সচেতন	sh o ch e t O n
মিছিলটি	m i chh i l T i
ভোররাত	bh O r r a t
প্রভাতের	pr O bh a t e r
পরিবহনমন্ত্রী	p O r i b o h O n m O n t r i
রকিব	r O k i b	proper_noun
হত্যাসহ	h O t t a sh o h O
পরমেশ্বর	p o r O m e sh sh o r
গোষ্ঠীতে	g O shTh i t e
উত্তরের	u tt O r e r
এজেন্ডার	e j e n D a r
রোগমুক্তি	r O g m u kt i
স্টক	s T o k
ভরসংখ্যা	bh o r sh o ng kh a
ঠকতে	Th O k t e
লাগানোর	l a g a n O r
আচারের	a ch a r e r
পাঁচবছর	p a~ ch b o chh O r
অভিযাত্রার	O bh i j a tr a r
ভালোমতো	bh a l O m o t O
সমস্য	sh o m O sh sh O
ডার্ক	D a r k
হেগের	h e g e r	proper_noun
যাবত	j a b O t
মেরুদণ্ডী	m e r u d O n D i
ইছামতি	i chh a m O t i
প্রেমযোগ	pr e m j O g
ইসলামপন্থীদের	i s l a m p O n th i d e r
মহাদেব	m o h a d e b
স্লিপ	s l i p
দূরান্তে	d u r a nt e
সম্মানিত	sh o mm a n i t O
বরযাত্রীরা	b o r j a tr i r a
পৃথিবীটা	p r i th i b i T a
আমূল	a m u l
লিস্ট	l i s T
দক্ষিণারঞ্জনের	d O kkh i n a r o nj O n e r	proper_noun
ক্রেন	kr e n
মাত্র	m a tr O
গোলটিও	g O l T i O
রুদ্রর	r u d r O r
শতকের	sh o t O k e r
গ্রহীতাদের	gr O h i t a d e r
একাডেমিসহ	E k a D e m i sh o h O
বসরা	b o sh r a
সত্যবাদী	sh o t t O b a d i
পুরুষদেরও	p u r u sh d e r O
প্রমাণসহ	pr O m a n sh o h O
বিশেষণের	b i sh e sh o n e r
ফোল্ডার	ph O l D a r
ঘটছে	gh O T chh e
জেটলি	j e T l i
আণবিক	a n O b i k
জোরদারে	j O r d a r e
আগলি	a g l i
রূপান্তরকামী	r u p a nt o r k a m i
বাহান্ন	b a h a nn O
অভি	O bh i
রাজপুতকে	r a j p u t k e
টেংরাটিলা	T e ng r a T i l a	proper_noun
কুষ্টিয়া	k u sh T i a
পেটাচ্ছে	p e T a ch chh e
পদার্থে	p o d a r th e
নালি	n a l i
ঝোলানো	jh O l a n O
বিজেপিতে	b i j e p i t e
অনুচিত	o n u ch i t
চুলগুলোকে	ch u l g u l O k e
পরিবহনও	p O r i b o h O n O
কোপা	k O p a
থানে	th a n e
ডন	D o n
সমিতির	sh O m i t i r
ঢলে	Dh o l e
ঝুঁকে	jh u~ k e
ব্যক্তিটিকে	b e kt i T i k e
শিক্ষকতাকে	sh i kkh O k o t a k e
কালোজিরা	k a l O j i r a
বাঁধটি	b a~ dh T i
নতুনভাবে	n O t u n bh a b e
গবেষকেরা	g o b e sh o k e r a
বিজ্ঞপ্তির	b i g g O p t i r
প্রশমন	pr O sh O m o n
খা	kh a
প্রত্যুত্তরে	pr O t t u tt O r e
সদনে	sh o d O n e
পদ্ধতিতে	p o d dh O t i t e
নিমিত্তে	n i m i tt e
তাপমাত্রার	t a p m a tr a r
টেকে	T e k e
উৎসবটা	u t sh o b T a
স্বাক্ষরও	sh a kkh O r O
গাছগুলোতে	g a chh g u l O t e
সন্ত্রস্ত	sh o n t r O st O
স্বাস্থ্যও	sh a s th O O
দেশও	d e sh O
বোঝাবে	b O jh a b e
মটরশুঁটির	m o T O r sh u~ T i r
ইফরাদ	i ph r a d
প্রতিযোগে	pr O t i j O g e
উগ্রপন্থীদের	u gr O p O n th i d e r
আরএফএলের	a r e ph e l e r
জার্মানী	j a r m a n i
পথগুলো	p o th g u l O
শুনছিল	sh u n chh i l O
তিহল	t i h o l
দাখিল	d a kh i l
মেলবন্ধন	m e l b o ndh O n
পিন্টু	p i n T u
সম্পদও	sh o mp o d O
প্রতিরাতে	pr O t i r a t e
হৃদ	r i d
বাজারজাতকরণে	b a j a r j a t k o r O n e
ক্লাসরুমের	kl a sh r u m e r
পরিস্থিতি	p O r i sth i t i
বিমোচনকে	b i m O ch O n k e
বন্দিকে	b O nd i k e
চরমপন্থি	ch o r O m p O n th i
বারোটি	b a r O T i
তাকাচ্ছেন	t a k a ch chh e n
অবর্তমানে	o b o r t O m a n e
বৃতি	b r i t i
খুঁত	kh u~ t
হেরেরা	h e r e r a
অন্যথা	o n n O th a
বলছিলেন	b O l chh i l e n
ফাইলের	ph a i l e r
করেছে	k O r e chh e
হরিণা	h O r i n a
খামিরের	kh a m i r e r
অবহিত	o b O h i t O
পোর্টের	p O r T e r
প্রশাসনেরও	pr O sh a sh o n e r O
ঘাগরা	gh a g r a
তারবিরুদ্ধে	t a r b i r u d dh e
কোপেনহেগেনের	k O p e n h e g e n e r	proper_noun
ব্যবস্থাপনার	b A b O sth a p o n a r
ট্যাহা	T A h a
ঘর	gh o r
তুষ্টি	t u shT i
উপাসক	u p a sh O k
ভিতরের	bh i t o r e r
নীতিমালার	n i t i m a l a r
ভোররাতে	bh O r r a t e
রুটির	r u T i r
স্ট্যাম	s T A m
স্ট্যামফোর্ড	s T A m ph O r D
আকণ্ঠ	a k o n Th O
এমডির	e m D i r
প্রযোজনাটির	pr O j O j o n a T i r
উক্ত	u kt O
পেরোনো	p e r O n O
গোঁ	g O~
কর্মফল	k o r m O ph o l
রুবিক	r u b i k
রাজকাহিনী	r a j k a h i n i
উম	u m
জাভি	j a bh i
মেজেন্টা	m e j e n T a
অপব্যবহার	o p O b A b O h a r
প্রত্যাশার	pr O t t a sh a r
ধাঁ	dh a~
দুচোখে	d u ch O kh e
ইফতেখার	i ph t e kh a r
সমিতিসহ	sh o m i t i sh o h O
দুপাশের	d u p a sh e r
হট	h o T
দ্বি	d i
চকোলেটের	ch o k O l e T e r
বিহারী	b i h a r i
সবটুকু	sh o b T u k u
ডেভিড	D e bh i D
বর্তে	b O r t e
চান্দা	ch a nd a
মশাবাহিত	m o sh a b a h i t O
অণুবীক্ষণ	O n u b i kkh o n
কর্মবিরতির	k o r m O b i r O t i r
কাঠি	k a Th i
উদযাপন	u d j a p O n
জীবনমুখী	j i b O n m u kh i
ফেন্সি	ph e n s i
শব্দদূষণের	sh o b d O d u sh o n e r
কর্কট	k o r k o T
কাছিম	k a chh i m
সংশপ্তক	sh o ng sh o p t o k
রুটটি	r u T T i
শুল্কহার	sh u l k O h a r
এরনোভা	E r O n O bh a
পুবের	p u b e r
ক্ষিপ্র	kh i p r O
ব্যবধানের	b A b O dh a n e r
চারধারে	ch a r dh a r e
টোটি	T O T i
তরীকত	t O r i k o t
গুণও	g u n O
সমতলের	sh o m O t o l e r
লাশটি	l a sh T i
ফলি	ph O l i
অজ	o j O
আপোষহীন	a p O sh h i n
মানবতা	m a n O b o t a
পাটকে	p a T k e
থাকছি	th a k chh i
কাঁদত	k a~ d t O
তানভীর	t a n bh i r
ফোনটির	ph O n T i r	loanword
স্যাপার	s A p a r
মোটাতাজা	m O T a t a j a
আন্দোলনরত	a nd O l O n r o t O
ধ্বনিতত্ত্ব	dh O n i t o t t O
একাধারে	E k a dh a r e
বুদ্ধিহীন	b u d dh i h i n
পলান	p o l a n
বাবাই	b a b a i
ব্যাকরণে	b A k O r o n e
অনুপোযোগী	o n u p O j O g i
পাসহ	p a sh o h O
পাবলো	p a b l O
তলাটা	t o l a T a
তাতেও	t a t e O
পুণ্য	p u n n O
চেনে	ch e n e
স্বেচ্ছাচারী	sh e ch chh a ch a r i
দোতালা	d O t a l a
মালিপাড়া	m a l i p a r a
পুরষ্কৃত	p u r O sh k r i t O
রূপ	r u p
রমযানের	r o m j a n e r
মদ্যপানের	m o d d O p a n e r
তুলেছেন	t u l e chh e n
প্রবনতা	pr O b O n o t a
প্রেতাত্মা	pr e t a t t a
বুদ্ধিকে	b u d dh i k e
বাদই	b a d i
থাকেনা	th a k e n a
অনুশীলনও	O n u sh i l O n O
অর্জনই	o r j O n i
প্রকাশনীর	pr O k a sh O n i r
জেএম	j e e m
ব্রি	br i
অংশগ্রহণে	o ng sh O gr O h O n e
কাহিনীটি	k a h i n i T i
গ্যাম্বল	g A mb o l
ঝাঁজ	jh a~ j
দলেরই	d O l e r i
পঞ্চাশোর্ধ	p o nch a sh O r dh O
প্রত্যাবাসনের	pr O t t a b a sh O n e r
কাঁপানো	k a~ p a n O
বাছেত	b a chh e t
অনুৎপাদনশীল	o n u t p a d O n sh i l
রেখেছ	r e kh e chh O
কানন	k a n O n
অর	o r
জারিগান	j a r i g a n
মিশ্রণ	m i s r O n
আম্বানি	a mb a n i
বক্সে	b o k s e
অতৃপ্ত	o t r i p t O
তপস্যা	t o p O sh sh a
কামালকে	k a m a l k e
যুবকের	j u b o k e r
জবাবে	j o b a b e
দেখলো	d e kh l O
জন্মেছিলেন	j O n m e chh i l e n
চন্দ	ch o nd O
তুলোর	t u l O r
ক্ষমতাবানদের	kh o m O t a b a n d e r
পত্রিকাটিতে	p O tr i k a T i t e
হৃদপিণ্ড	r i d p i n D O
কাছের	k a chh e r
যুদ্ধক্ষেত্রের	j u d dh O kh e t r e r
সরণী	sh o r O n i
তরুণদেরও	t O r u n d e r O
রক্ষীরা	r O kkh i r a
জবানবন্দির	j o b a n b O nd i r
পুঁথিগত	p u~ th i g o t O
থেরাপিস্ট	th e r a p i s T
শান্তিকামী	sh a nt i k a m i
জাতিদের	j a t i d e r
সংঘাতের	sh o ng gh a t e r
হোল্ডার	h O l D a r
হাতের	h a t e r
জন্মসনদ	j o n m O sh o n O d
প্রকাশকের	pr O k a sh O k e r
বিলে	b i l e
নির্বাচনেও	n i r b a ch O n e O
গাণিতিক	g a n i t i k
পাছে	p a chh e
গর্ভধারণে	g o r bh O dh a r O n e
গিঁটে	g i~ T e
দূর্ভোগে	d u r bh O g e
পারফর্মিং	p a r ph o r m i ng
গ্রামটি	gr a m T i
ফুটে	ph u T e
দিব্যি	d i b b i
অন্যন্য	o n n o n n O
পান্থপথ	p a n th O p o th
জকি	j o k i
প্যানেলভুক্ত	p A n e l bh u kt O
পদপ্রার্থীর	p o d O pr a r th i r a
ঝরাচ্ছে	jh o r a ch chh e
হামিম	h a m i m
স্তিমিত	st i m i t O
স্বার	sh a r
বাসস্ট্যান্ডে	b a s s T A n D e
মুকরিন	m u k r i n
ক্লোজ	kl O j
ফলনও	ph o l O n O
নবীন	n O b i n
তথ্যানুসন্ধানে	t O t th a n u sh o ndh a n e
কমেডির	k o m e D i r
বসতো	b O sh t O
তুচ্ছ	t u ch chh O
টেস্টোস্টেরনের	T e s T O s T e r O n e r
জন্মদিনও	j o n m O d i n O
ঊষর	u sh o r
খটকা	kh o T k a
বেহুলার	b e h u l a r
জীবনকাল	j i b O n k a l
সমতলে	sh o m o t o l e
ফাঁটল	ph a~ T O l
চুলকানো	ch u l k a n O
ভুটানে	bh u T a n e
কনের	k O n e r
আবীরের	a b i r e r
পদক্ষেপের	p o d O kkh e p e r
স্যুপের	s u p e r
ভূমিদস্যু	bh u m i d O sh sh u
গতিতে	g O t i t e
কোকোয়া	k O k O a	loanword
কাজটিও	k a j T i O
ধ্বংসকারী	dh o ng sh O k a r i
নিক্ষেপে	n i kkh e p e
পুষ্টিহীনতার	p u shT i h i n o t a r
তাহলেতো	t a h O l e t O
হালনাগাদ	h a l n a g a d
মোকাবেলার	m O k a b e l a r
গানের	g a n e r
ছাত্রছাত্রীকে	chh a tr O chh a tr i k e
আলেকজান্ডার	a l e k j a n D a r
গোরুর	g O r u r
অপহরণসহ	o p O h o r O n sh o h O
স্ট্রিমকে	s T r i m k e
খিটখিটে	kh i T kh i T e
টিটি	T i T i
কবিতাতে	k O b i t a t e
ঊষ্ণ	u sh n O
তাঁতীরা	t a~ t i r a
বানের	b a n e r
যাচ্ছো	j a ch chh O
সম্মানটুকু	sh o mm a n T u k u
গতি	g O t i
কর্তৃপ	k O r t r i p
হরতালে	h o r t a l e
ঢোকানোর	Dh O k a n O r
প্লাটফর্ম	p l E T ph o r m
মার্বেলের	m a r b e l e r
ধর্মভীরু	dh o r m O bh i r u
মাছেদের	m a chh e d e r
গঠন	g o Th O n
নারীনেত্রী	n a r i n e tr i
গুরুত্বের	g u r u tt e r
তথ্যে	t O t th e
ব্রেকিং	br e k i ng
পাস্তুরিত	p a st u r i t O
ভিলেজে	bh i l e j e
কানেকটিভিটির	k a n e k T i bh i T i r
অনের	o n e r
অস্টিও	o s T i O
পদপ্রত্যাশীদের	p o d O pr O t t a sh i d e r
বাগানগুলো	b a g a n g u l O
গ্যাজেট	g A j e T
নেতানেত্রী	n e t a n e tr i
মানবসম্পদের	m a n O b sh o mp o d e r
শিক্ষকও	sh i kkh o k O
জন্মালেও	j o n m a l e O
লিখব	l i kh b O
গ্যাংস্টার	g A ng s T a r
ফুটাতে	ph u T a t e
রংবেরঙের	r o ng b e r o ng e r
জবের	j o b e r
উপনিবেশ	u p O n i b e sh
নাশতার	n a sh t a r
বাবারে	b a b a r e
বিশদভাবে	b i sh o d bh a b e
রক্তমাখা	r o kt O m a kh a
প্যাকেটের	p A k e T e r
কালিমালিপ্ত	k a l i m a l i p t O
রাখলেন	r a kh l e n
মিজানকে	m i j a n k e	proper_noun
গমগুলো	g o m g u l O
এমআরটি	e m a r T i
এমারল্ড	e m a r l D
প্রানের	pr a n e r
প্রশিক্ষণই	pr O sh i kkh O n i
বিশ্বাসঘাতক	b i sh sh a sh gh a t O k
বিছানো	b i chh a n O
অর্ক	o r k O
গরিমা	g O r i m a
অবরোধে	o b O r O dh e
ইতোপূর্বে	i t O p u r b e
বসন্তকে	b o sh O nt O k e
নমিতা	n O m i t a
অরুন্ধতী	O r u ndh o t i
মর্মার্থ	m o r m a r th O
পথটুকু	p o th T u k u
হরিলুট	h O r i l u T
ঢাললে	Dh a l l e
গচ্চা	g o ch ch a
পেত	p e t O
গোড়ালিকে	g O r a l i k e
কন্যাসহ	k O n n a sh o h O
রণতরী	r o n O t O r i
পূর্বাচল	p u r b a ch o l
ঘামাচির	gh a m a ch i r
হাতিরঝিলের	h a t i r jh i l e r
পরীক্ষার	p O r i kkh a r
গার্ডেন	g a r D e n
ঠিকানাটা	Th i k a n a T a
প্রণালী	pr O n a l i
অর্থটা	o r th O T a
প্রস্তাবটির	pr O st a b T i r
পাঠদানের	p a Th d a n e r
যুগোপযোগী	j u g O p O j O g i
ছোটা	chh O T a
ধর্ষণও	dh o r sh O n O
অভিভাবকহীন	O bh i bh a b O k h i n
জনস্বার্থের	j o n O sh a r th e r
ব্যক্তিত্ব	b e kt i tt O
একইভাবে	e k i bh a b e
রক্ষক	r o kkh O k
ছুটবেন	chh u T b e n
চুরি	ch u r i
পিকেটিং	p i k e T i ng
প্রতিবেশীকে	pr O t i b e sh i k e
শোভাবর্ধনকারী	sh O bh a b o r dh O n k a r i
ইনকা	i n k a	proper_noun
উজ্জীবনী	u j j i b O n i
প্রাত্যহিক	pr a t t O h i k
চিরকালীন	ch i r O k a l i n
ঘেঁষতে	gh e~ sh t e
ববিকে	b o b i k e	proper_noun
মানুষটিও	m a n u sh T i O
চেনো	ch e n O
তালুবন্দি	t a l u b O nd i
চন্দ্রগুপ্তের	ch o ndr O g u p t e r
তিনটার	t i n T a r
ধর্ষণে	dh o r sh O n e
ভিক্ষে	bh i kkh e
প্রম্পট	pr o mp T
ডেমোক্রেটিক	D e m O kr e T i k
হিজ	h i j
কম্পানিই	k o mp a n i i
প্রকার	pr O k a r
স্ত্রীকে	s t r i k e
ভারোত্তোলন	bh a r O tt O l O n
মানবচালিত	m a n O b ch a l i t O
মিষ্টি	m i shT i
অভিজ্ঞ	O bh i g g O
মতামতই	m o t a m o t i
গতবারের	g o t O b a r e r
মর্মন্তুদ	m o r m O nt u d
কষার	k o sh a r
ক্লিপ	kl i p
স্মার্টকার্ড	s m a r T k a r D
আদমজী	a d O m j i	proper_noun
কারিগরদের	k a r i g o r d e r
কালিহাতীতে	k a l i h a t i t e
বহির্বিশ্ব	b O h i r b i sh sh O
রক্ষণে	r o kkh O n e
উঠুক	u Th u k
বাদানুবাদের	b a d a n u b a d e r
মধ্যবর্তী	m O d dh O b O r t i
ধূমকেতুতে	dh u m k e t u t e
প্রতিভূ	pr O t i bh u
বধু	b O dh u
চারুলতা	ch a r u l o t a
চাকরিজীবনে	ch a k r i j i b O n e
দুঃখী	d u kh i
লোকজনদের	l O k j o n d e r
ভীতি	bh i t i
সর্বাত্মক	s o r b a t t o k
নবীদের	n O b i d e r
গণ্য	g O n n O
হেলালকে	h e l a l k e	proper_noun
তোলে	t O l e
টেনেছেন	T e n e chh e n
পিপলু	p i p l u
পাবলিকেশন্স	p a b l i k e sh o n s
স্তূপে	st u p e
অনুষ্ঠানস্থলে	O n u shTh a n sth o l e
প্রকারভেদ	pr O k a r bh e d
কোষাগার	k O sh a g a r
দুপরে	d u p r e
অপরূপ	o p o r u p
ডেস্টিনেশন	D e s T i n e sh O n
পেটানো	p e T a n O
গৃহবধূরা	g r i h O b O dh u r a
রেফ্রিজারেটরে	r e ph r i j a r e T o r e
দাম্পত্যজীবনে	d a mp o t t O j i b O n e
নিরপেক্ষতার	n i r O p e kkh O t a r
রংও	r o ng O
আকিব	a k i b
সংস্রব	sh o ng sh r O b
সমকালীন	sh o m O k a l i n
তাঁদেরকে	t a~ d e r k e
বিওএর	b i O e r
তারাবিহ	t a r a b i h
শিশুপল্লীতে	sh i s u p O l l i t e
নেব	n e b O
প্রমা	pr O m a
প্যারোডি	p A r O D i
পারো	p a r O
সংস্থাটির	sh o ng sth a T i r
মহোৎসব	m o h O t sh o b
হিন্দুদের	h i nd u d e r
সংস্থান	sh o ng sth a n
পরিচ্ছদ	p O r i ch chh o d
নামানোর	n a m a n O r
অংশগ্রহণকারী	o ng sh O gr O h O n k a r i
ফোটার	ph O T a r
প্যারেডে	p A r e D e
পুনর্নিরীক্ষণের	p u n O r n i r i kkh o n e r
পরিশোধিত	p O r i sh O dh i t O
ভালোবাসলে	bh a l O b a sh l e
ডাউট	D a u T
শিখতে	sh i kh t e
ক্রিকেটভক্তরা	kr i k e T bh o kt O r a
চিনা	ch i n a
নবজাতককে	n o b O j a t O k k e
ঘর্ষণের	gh o r sh O n e r
ক্রুদ্ধ	kr u d dh O
ভিটার	bh i T a r
বেপজা	b e p j a
উদ্ঘাটন	u d gh a T O n
তর্কবাগীশ	t o r k O b a g i sh
চেকপোস্ট	ch e k p O s T
খোঁজখবর	kh O~ j kh o b O r
দিবাস্বপ্ন	d i b a sh o p n O
আসছ	a sh chh O
ভবিতব্য	bh O b i t o b b O
কুণ্ঠিত	k u n Th i t O
লার্নিং	l a r n i ng
হকাররা	h o k a r r a
হারলে	h a r l e
শোনানোর	sh O n a n O r
কলকাতাভিত্তিক	k O l k a t a bh i tt i k
দুঃখের	d u k kh e r
পরিষ্কারভাবে	p O r i sh k a r bh a b e
ট্রান্সমিশন	T r a n s m i sh o n
এঁটেছেন	e~ T e chh e n
ব্লকপ্রিন্টের	bl o k pr i n T e r
পালাবদলের	p a l a b o d O l e r
মঞ্চকে	m o nch O k e
জোটভুক্ত	j O T bh u kt O
কাউন্সিলিং	k a u n s i l i ng
স্বাগত	sh a g O t O
রূপের	r u p e r
অঞ্জনের	o nj O n e r
মস্কোর	m o s k O r
ধাতব	dh a t O b
একশত	E k sh o t O
ওএমআর	O e m a r
গোষ্ঠিটি	g O shTh i T i
অতল	o t o l
পুষ্পিত	p u sh p i t O
দূরীভূত	d u r i bh u t O
পূর্বোক্ত	p u r b O kt O
ছাপা	chh a p a
অস্টিন	o s T i n
ফলনশীল	ph o l O n sh i l
অখিলেশ	o kh i l e sh
প্রেগনেন্সি	pr e g n e n s i
ছোটখাটো	chh O T O kh a T O
অধিকর্তা	O dh i k o r t a
হারাতে	h a r a t e
প্রাণে	pr a n e
আরেকজন	a r e k j o n
ঝিলের	jh i l e r
পারভীন	p a r bh i n
অন্যদিক	O n n O d i k
যাত্রাও	j a tr a O
যোগ্যতাভিত্তিক	j O g g O t a bh i tt i k
হর্ষালি	h o r sh a l i
কাণ্ডের	k a n D e r
খ্রিস্টপূর্ব	kh r i sh T O p u r b O
অন্যরকম	O n n O r o k O m
গণধর্ষণ	g o n O dh o r sh O n
বিধির	b i dh i r
বীর	b i r
রূপটা	r u p T a
তারহীন	t a r h i n
লোকারণ্য	l O k a r O n n O
পানও	p a n O
টু	T u
আঁচ	a~ ch
অধিকাংশের	O dh i k a ng sh e r
ভাট	bh a T
বেঁকে	b e~ k e
ফেরিঘাটের	ph e r i gh a T e r
পরিবেষ্টিত	p O r i b e shT i t O
সমকালে	sh o m O k a l e
শক্তিও	sh O kt i O
টিলার	T i l a r
চল্লিশটির	ch O l l i sh T i r
লাফে	l a ph e
বোরোতে	b O r O t e
মিলাদুন্নবী	m i l a d u nn O b i
ঝরছে	jh O r chh e
বেঙ্গালুরু	b E ngg a l u r u
হরতালের	h o r t a l e r
ডাম্প	D a mp
উন্নিত	u nn i t O
বোঝাচ্ছে	b O jh a ch chh e
এমবিএম	e m b i e m
শিষ্টের	sh i shT e r
উদ্ধত	u d dh o t O
রাঙাচ্ছে	r a ng a ch chh e
গুরুপাক	g u r u p a k
অবশিষ্টাংশ	o b O sh i shT a ng sh O
উপজেলাসহ	u p O j e l a sh o h O
করাবে	k o r a b e
বিভাগেরও	b i bh a g e r O
স্থপতির	sth o p O t i r
ক্যাপিটালিজম	k A p i T a l i j o m
রাষ্ট্রগুলোর	r a s T r O g u l O r
জলও	j o l O
কেটেছেন	k e T e chh e n
কবিতাগুলি	k O b i t a g u l i
ওলামা	O l a m a
বলেছিল	b O l e chh i l O
মাধব	m a dh O b
ইকেবানা	i k e b a n a
শিকদের	sh i k d e r
আত্মসমর্পন	a t t O sh o m O r p o n
মহিপাল	m O h i p a l
হামিদুল	h a m i d u l
বেনাপোলের	b e n a p O l e r
বাসদ	b a sh O d
আনছে	a n chh e
উচ্চকণ্ঠ	u ch ch O k o n Th O
আহ	a h
তত্ত্বের	t o t t e r
তিতিক্ষার	t i t i kkh a r
অখণ্ডতা	o kh o n D o t a
চলচ্চিত্রপ্রেমী	ch o l O ch ch i tr O pr e m i
স্বামীকে	sh a m i k e
অর্থপাচারের	o r th O p a ch a r e r
রকমটা	r o k O m T a
পান্ডার	p a n D a r
ভোটাভুটির	bh O T a bh u T i r
ব্রতের	br O t e r
ক্রমিক	kr O m i k
অল্পসংখ্যক	o l p O sh o ng kh O k
গুণান্বিত	g u n a n n i t O
স্ট্রোকে	s T r O k e
স্যালো	sh A l O
অমানুষিক	o m a n u sh i k
অনুষ্ঠানেরও	O n u shTh a n e r O
বিদগ্ধ	b i d o g dh O
উঠতেন	u Th t e n
চন্দিকা	ch O nd i k a
তলপেটে	t o l p e T e
লিভ	l i bh
সহযাত্রী	sh o h O j a tr i
পুষ্পার্ঘ্য	p u sh p a r gh O
সন্দেহভাজনের	sh o nd e h O bh a j O n e r
দেবের	d e b e r
নদীবন্দর	n O d i b o nd O r
সজারু	sh o j a r u
বাণিজ্যিকীকরণের	b a n i j j i k i k o r O n e r
রসনা	r o sh O n a
লাস্ট	l a s T
বলগুলো	b o l g u l O
শনাক্তের	sh o n a kt e r
ভোটবিহীন	bh O T b i h i n
হারুনর	h a r u n o r
সমিতিতে	sh o m i t i t e
কমলের	k o m O l e r
মনোবিদের	m O n O b i d e r
জাতকের	j a t O k e r
হোস্ট	h O s T
খল	kh o l
বমিও	b O m i O
বোনই	b O n i
খাদ্যজাল	kh a d d O j a l
চারজনের	ch a r j O n e r
পেলে	p e l e
প্রদানসহ	pr O d a n sh o h O
এসডি	e s D i
ব্লার	bl a r
ক্লারা	kl a r a
ভ্রাতৃপ্রতিম	bh r a t r i p r O t i m
চুক্তিপত্র	ch u kt i p o tr O
অবাধ্যতার	o b a d dh O t a r
একদিনে	E k d i n e
স্বল্পতা	sh o l p O t a
ডং	D o ng
বাতিলসহ	b a t i l sh o h O
পদও	p o d O
শেষমেষ	sh e sh m e sh
আছ	a chh O
ফ্লিপ	ph l i p
মালবিকা	m a l O b i k a
স্পা	s p a
উমরের	u m o r e r
বিনতে	b i n t e
অধিদপ্তরকে	O dh i d o p t O r k e
গুপ্তচরবৃত্তি	g u p t O ch o r b r i t t i
অবকাশ	o b o k a sh
ঘনিষ্ঠজনদের	gh O n i shTh O j o n d e r
তেরখাদা	t e r O kh a d a
ভিলেন	bh i l e n
ফিচারের	ph i ch a r e r
স্টিভেন	s T i bh e n
প্রগতিশীলদের	pr O g O t i sh i l d e r
রাখালকে	r a kh a l k e
হরিশচন্দ্র	h O r i sh ch o ndr O
পরিবর্তনে	p O r i b o r t O n e
গন্ধযুক্ত	g o ndh O j u kt O
জানুক	j a n u k
তুরস্ক	t u r o sh k O
প্রবেশনারি	pr O b e sh O n a r i
চাঁদনি	ch a~ d n i
স্বাস্থ্যবিমা	sh a s th O b i m a
লোকজনকে	l O k j O n k e
বাঁচে	b a~ ch e
প্রকৃতিগত	p r O k r i t i g o t O
ডেস্ক	D e s k
মধ্যপ্রদেশে	m O d dh O p r O d e sh e
স্বনির্ভর	sh o n i r bh o r
ডর	D o r
স্টে	s T e
চিবুকের	ch i b u k e r
করেছেন	k O r e chh e n
বিছনাকান্দির	b i chh n a k a nd i r
ফোল্ডারে	ph O l D a r e
কারাগারটি	k a r a g a r T i
বিশ্লেষক	b i s l e sh O k
এআই	e a i
এআইআর	e a i a r
এআইইউবি	e a i i u b i
এআইইউবির	e a i i u b i r
এআইএ	e a i e
এআইএস	e a i e s
এআইএসসির	e a i e s s i r
এআইজি	e a i j i
এআইটি	e a i T i
এআইবিএ	e a i b i e
এআইবিএল	e a i b i e l
এআইসিসি	e a i s i s i
এআরআই	e a r a i
এআরএফ	e a r e ph
এআরএফের	e a r e ph e r
এআরএম	e a r e m
এআরএমের	e a r e m e r
এইউ	e i u
এইউএসটির	e i u e s T i r
এইউডব্লিউ	e i u D O bl i u
এইউডব্লিউর	e i u D O bl i u r
এইউর	e i u r
এইএস	e i e s
এইচআইভি	e i ch a i bh i
এইচআইভিতে	e i ch a i bh i t e
এইচআইভির	e i ch a i bh i r
এইচআর	e i ch a r
এইচআরডব্লিউ	e i ch a r D O bl i u
এইচআরডব্লিউর	e i ch a r D O bl i u r
এইচআরডি	e i ch a r D i
এইচআরপিবি	e i ch a r p i b i
এইচআরপিবির	e i ch a r p i b i r
এইচআরসি	e i ch a r s i
এইচইউ	e i ch i u
এইচইউডি	e i ch i u D i
এইচএমআই	e i ch e m a i
এইচএমভি	e i ch e m bh i
এইচএমভির	e i ch e m bh i r
এইচএল	e i ch e l
এইচএস	e i ch e s
এইচএসএফওর	e i ch e s e ph O r
এইচএসটিসি	e i ch e s T i s i
এইচএসডিপিএ	e i ch e s D i p i e
এইচএসপিএ	e i ch e s p i e
এইচএসবিসি	e i ch e s b i s i
এইচএসবিসির	e i ch e s b i s i r
এইচএসসি	e i ch e s s i
এইচএসসিতে	e i ch e s s i t e
এইচএসসিতেও	e i ch e s s i t e O
এইচএসসির	e i ch e s s i r
এইচটি	e i ch T i
এইচটিএমএল	e i ch T i e m e l
এইচটিটিপিএস	e i ch T i T i p i e s
এইচটিসি	e i ch T i s i
এইচটিসির	e i ch T i s i r
এইচডি	e i ch D i
এইচডিআই	e i ch D i a i
এইচডিআর	e i ch D i a r
এইচডিইউতে	e i ch D i i u t e
এইচডিএম	e i ch D i e m
এইচডিএমআই	e i ch D i e m a i
এইচডিএল	e i ch D i e l
এইচডিপির	e i ch D i p i r
এইচডিসিপি	e i ch D i s i p i
এইচপি	e i ch p i
এইচপিকে	e i ch p i k e
এইচপিভি	e i ch p i bh i
এইচপিভির	e i ch p i bh i r
এইচপির	e i ch p i r
এইচপিসি	e i ch p i s i
এইচপিসির	e i ch p i s i r
এইচবিএস	e i ch b i e s
এইচবিও	e i ch b i O
এইচসি	e i ch s i
এইচসিএ	e i ch s i e
এইচসিএন	e i ch s i e n
এইজি	e i j i
এইসির	e i s i r
এএইচ	e e i ch
এএইচআরসি	e e i ch a r s i
এএইচএস	e e i ch e s
এএএফএ	e e e ph e
এএএফএর	e e e ph e r
এএএমসি	e e e m s i
এএএমসির	e e e m s i r
এএনআই	e e n a i
এএনপি	e e n p i
এএনপির	e e n p i r
এএনসি	e e n s i
এএনসির	e e n s i r
এএপি	e e p i
এএফএ	e e ph e
এএফএর	e e ph e r
এএফএসপিএ	e e ph e s p i e
এএফপি	e e ph p i
এএফপিকে	e e ph p i k e
এএফপির	e e ph p i r
এএফসি	e e ph s i
এএফসির	e e ph s i r
এএমআরআই	e e m a r a i
এএমওএলইডি	e e m O e l i D i
এএমডি	e e m D i
এএমডির	e e m D i r
এএমসি	e e m s i
এএমসিএল	e e m s i e l
এএমসির	e e m s i r
এএলআরডি	e e l a r D i
এএলআরডির	e e l a r D i r
এএলএস	e e l e s
এএসআই	e e s a i
এএসএফ	e e s e ph
এএসএফের	e e s e ph e r
এএসএম	e e s e m
এএসকে	e e s k e
এএসপি	e e s p i
এএসপিদের	e e s p i d e r
এওএল	e O e l
এওএলের	e O e l e r
এওসি	e O s i
একিউআইএম	e k i u a i e m
একিউআইএমের	e k i u a i e m e r
একিউএপি	e k i u e p i
একেএম	e k e e m
একেপি	e k e p i
একেপির	e k e p i r
এক্সএফএক্স	e k s O e ph e k s O
এক্সএফএস	e k s O e ph e s
এক্সএমএল	e k s O e m e l
এক্সএমসি	e k s O e m s i
এক্সএল	e k s O e l
এক্সও	e k s O O
এক্সপি	e k s O p i
এক্সপির	e k s O p i r
এক্সভি	e k s O bh i
এজিএমের	e j i e m e r
এজিপি	e j i p i
এজিবি	e j i b i
এটিআই	e T i a i
এটিএন	e T i e n
এটিপি	e T i p i
এটিভি	e T i bh i
এডিআর	e D i a r
এডিআরের	e D i a r e r
এডিএফ	e D i e ph
এডিএম	e D i e m
এডিএমকে	e D i e m k e
এডিজি	e D i j i
এডিডি	e D i D i
এডিপি	e D i p i
এডিপিতে	e D i p i t e
এডিপির	e D i p i r
এডিবি	e D i b i
এডিবির	e D i b i r
এডিসি	e D i s i
এনআইএ	e n a i e
এনআইডি	e n a i D i
এনআরও	e n a r O
এনআরকে	e n a r k e
এনআরবি	e n a r b i
এনআরসি	e n a r s i
এনইউ	e n i u
এনইএ	e n i e
এনইসি	e n i s i
এনইসির	e n i s i r
এনএইচআরসি	e n e i ch a r s i
এনএইচএস	e n e i ch e s
এনএইচকে	e n e i ch k e
এনএইচপিসি	e n e i ch p i s i
এনএক্স	e n e k s O
এনএডিআরএ	e n e D i a r e
এনএনপি	e n e n p i
এনএফএস	e n e ph e s
এনএফসি	e n e ph s i
এনএবি	e n e b i
এনএভি	e n e bh i
এনএভির	e n e bh i r
এনএমএমসি	e n e m e m s i
এনএমসি	e n e m s i
এনএলআই	e n e l a i
এনএলএল	e n e l e l
এনএলডি	e n e l D i
এনএলডিকে	e n e l D i k e
এনএলডির	e n e l D i r
এনএলসি	e n e l s i
এনএসআই	e n e s a i
এনএসই	e n e s i
এনএসইউ	e n e s i u
এনএসইউর	e n e s i u r
এনএসএ	e n e s e
এনএসএফ	e n e s e ph
এনএসএর	e n e s e r
এনএসজি	e n e s j i
এনএসজির	e n e s j i r
এনএসপিডিএল	e n e s p i D i e l
এনএসসি	e n e s s i
এনএসসিএন	e n e s s i e n
এনএসসিএনের	e n e s s i e n e r
এনএসসির	e n e s s i r
এনওএএ	e n O e e
এনওসি	e n O s i
এনজিএল	e n j i e l
এনজিওকে	e n j i O k e
এনজিওগুলো	e n j i O g u l O
এনজিওগুলোকে	e n j i O g u l O k e
এনজিওটি	e n j i O T i
এনজিওটির	e n j i O T i r
এনজিওদের	e n j i O d e r
এনজিওর	e n j i O r
এনটিআর	e n T i a r
এনটিআরসিএ	e n T i a r s i e
এনটিআরসিএর	e n T i a r s i e r
এনটিটি	e n T i T i
এনটিটিএন	e n T i T i e n
এনটিপিসি	e n T i p i s i
এনটিপিসির	e n T i p i s i r
এনটিবি	e n T i b i
এনটিভি	e n T i bh i
এনটিভিতে	e n T i bh i t e
এনটিভির	e n T i bh i r
এনটিসি	e n T i s i
এনটিসিই	e n T i s i i
এনটিসিকে	e n T i s i k e
এনটিসির	e n T i s i r
এনডব্লিউডি	e n D O bl i u D i
এনডিএ	e n D i e
এনডিএফ	e n D i e ph
এনডিএফবি	e n D i e ph b i
এনডিএফের	e n D i e ph e r
এনডিএম	e n D i e m
এনডিএর	e n D i e r
এনডিএস	e n D i e s
এনডিটিভি	e n D i T i bh i
এনডিটিভিকে	e n D i T i bh i k e
এনডিটিভিতে	e n D i T i bh i t e
এনডিটিভির	e n D i T i bh i r
এনডিপি	e n D i p i
এনডিপির	e n D i p i r
এনডিবি	e n D i b i
এনডিবির	e n D i b i r
এনডিসি	e n D i s i
এনডিসির	e n D i s i r
এনপিএ	e n p i e
এনপিও	e n p i O
এনপিটি	e n p i T i
এনপিটিতে	e n p i T i t e
এনপিটির	e n p i T i r
এনপিপি	e n p i p i
এনপিপির	e n p i p i r
এনবিআর	e n b i a r
এনবিআরকে	e n b i a r k e
এনবিএ	e n b i e
এনবিএল	e n b i e l
এনবিসি	e n b i s i
এনবিসির	e n b i s i r
এনভিভিএন	e n bh i bh i e n
এনভিভিএনের	e n bh i bh i e n e r
এনসিএল	e n s i e l
এনসিএলের	e n s i e l e r
এনসিএসসি	e n s i e s s i
এনসিও	e n s i O
এনসিটি	e n s i T i
এনসিটিএফ	e n s i T i e ph
এনসিটিবি	e n s i T i b i
এনসিটিবিকে	e n s i T i b i k e
এনসিটিবির	e n s i T i b i r
এনসিটির	e n s i T i r
এনসিটিসি	e n s i T i s i
এনসিডিপি	e n s i D i p i
এনসিপি	e n s i p i
এনসিপিসি	e n s i p i s i
এনসিপিসিতে	e n s i p i s i t e
এনসিবি	e n s i b i
এনসিসি	e n s i s i
এনসিসিবিএল	e n s i s i b i e l
এপিআই	e p i a i
এপিআর	e p i a r
এপিইউবি	e p i i u b i
এপিএমও	e p i e m O
এপিএমওতে	e p i e m O t e
এপিএমওর	e p i e m O r
এপিএস	e p i e s
এপিএসকে	e p i e s k e
এপিএসদের	e p i e s d e r
এপিএসসিএলের	e p i e s s i e l e r
এপিএসের	e p i e s e r
এপিওবি	e p i O b i
এপিকে	e p i k e
এপিজি	e p i j i
এপিজির	e p i j i r
এপিজে	e p i j e
এপিটিএ	e p i T i e
এপিপি	e p i p i
এপিসি	e p i s i
এফআইআর	e ph a i a r
এফআইআরের	e ph a i a r e r
এফআইএ	e ph a i e
এফআইএফ	e ph a i e ph
এফআইএফের	e ph a i e ph e r
এফআইসিসিআই	e ph a i s i s i a i
এফআরসিপি	e ph a r s i p i
এফইউপি	e ph i u p i
এফইউপিতে	e ph i u p i t e
এফইএফএ	e ph i e ph e
এফইজেবি	e ph i j e b i
এফইজেবির	e ph i j e b i r
এফএইচআই	e ph e i ch a i
এফএএ	e ph e e
এফএএস	e ph e e s
এফএও	e ph e O
এফএওর	e ph e O r
এফএক্সআই	e ph e k s O a i
এফএটিএ	e ph e T i e
এফএডব্লিউ	e ph e D O bl i u
এফএনএফ	e ph e n e ph
এফএনবি	e ph e n b i
এফএনবির	e ph e n b i r
এফএফএফ	e ph e ph e ph
এফএমপি	e ph e m p i
এফএসএনএইউর	e ph e s e n e i u r
এফএসবি	e ph e s b i
এফএসবির	e ph e s b i r
এফওএসএস	e ph O e s e s
এফওএসএসের	e ph O e s e s e r
এফওবি	e ph O b i
এফজিএফএ	e ph j i e ph e
এফজেপি	e ph j e p i
এফটিএ	e ph T i e
এফটিএনএস	e ph T i e n e s
এফটিএর	e ph T i e r
এফটিটিপি	e ph T i T i p i
এফডব্লিউভির	e ph D O bl i u bh i r
এফডব্লিউসি	e ph D O bl i u s i
এফডব্লিউসির	e ph D O bl i u s i r
এফডিআই	e ph D i a i
এফডিআর	e ph D i a r
এফডিএ	e ph D i e
এফডিএর	e ph D i e r
এফডিসিকে	e ph D i s i k e
এফডিসির	e ph D i s i r
এফপিইউ	e ph p i i u
এফপিএফ	e ph p i e ph
এফপিডি	e ph p i D i
এফপিসি	e ph p i s i
এফবিআই	e ph b i a i
এফবিআইকে	e ph b i a i k e
এফবিআইর	e ph b i a i r
এফবিসিসিআই	e ph b i s i s i a i
এফবিসিসিআইকে	e ph b i s i s i a i k e
এফবিসিসিআইতে	e ph b i s i s i a i t e
এফবিসিসিআইর	e ph b i s i s i a i r
এফসিএ	e ph s i e
এফসিপিএস	e ph s i p i e s
এফসিসি	e ph s i s i
এবিআইএলের	e b i a i e l e r
এবিএম	e b i e m
এবিও	e b i O
এবিকে	e b i k e
এবিপি	e b i p i
এবিবি	e b i b i
এবিবির	e b i b i r
এবিসি	e b i s i
এবিসিকে	e b i s i k e
এবিসিতে	e b i s i t e
এবিসির	e b i s i r
এমআই	e m a i
এমআইএস	e m a i e s
এমআইএসটি	e m a i e s T i
এমআইএসটির	e m a i e s T i r
এমআইএসের	e m a i e s e r
এমআইটি	e m a i T i
এমআইটিতে	e m a i T i t e
এমআইটির	e m a i T i r
এমআইডি	e m a i D i
এমআইপিপি	e m a i p i p i
এমআইবি	e m a i b i
এমআইসি	e m a i s i
এমআরআই	e m a r a i
এমআরএ	e m a r e
এমআরএর	e m a r e r
এমআরটির	e m a r T i r
এমআরডিআই	e m a r D i a i
এমআরপি	e m a r p i
এমআরপির	e m a r p i r
এমআরভি	e m a r bh i
এমআরভির	e m a r bh i r
এমআরসি	e m a r s i
এমআরসিপি	e m a r s i p i
এমইএস	e m i e s
এমএইচ	e m e i ch
এমএইচপি	e m e i ch p i
এমএক্স	e m e k s O
এমএক্সইভি	e m e k s O i bh i
এমএক্সভি	e m e k s O bh i
এমএজি	e m e j i
এমএনএ	e m e n e
এমএনএস	e m e n e s
এমএনপি	e m e n p i
এমএনসি	e m e n s i
এমএফআই	e m e ph a i
এমএফএ	e m e ph e
এমএফটি	e m e ph T i
এমএফসি	e m e ph s i
এমএমআর	e m e m a r
এমএমএস	e m e m e s
এমএমএসের	e m e m e s e r
এমএমসি	e m e m s i
এমএমসিএফ	e m e m s i e ph
এমএমসিএফডি	e m e m s i e ph D i
এমএমসিএম	e m e m s i e m
এমএলএ	e m e l e
এমএলএক্স	e m e l e k s O
এমএলএফপি	e m e l e ph p i
এমএলএমের	e m e l e m e r
এমএলএস	e m e l e s
এমএলএসএস	e m e l e s e s
এমএলও	e m e l O
এমএসআই	e m e s a i
এমএসএ	e m e s e
এমএসএনবিসি	e m e s e n b i s i
এমএসএফ	e m e s e ph
এমএসএফের	e m e s e ph e r
এমএসজি	e m e s j i
এমএসসিতে	e m e s s i t e
এমওইউ	e m O i u
এমওইউগুলো	e m O i u g u l O
এমওপি	e m O p i
এমকিউএম	e m k i u e m
এমকিউএমের	e m k i u e m e r
এমজিএম	e m j i e m
এমজিএমের	e m j i e m e r
এমজিবিএসডিসি	e m j i b i e s D i s i
এমজিবিএসডিসির	e m j i b i e s D i s i r
এমজেএল	e m j e e l
এমজেএলকে	e m j e e l k e
এমজেএলবিডি	e m j e e l b i D i
এমজেএলের	e m j e e l e r
এমটিআই	e m T i a i
এমটিআইর	e m T i a i r
এমটিএ	e m T i e
এমটিএনএল	e m T i e n e l
এমটিও	e m T i O
এমটিবি	e m T i b i
এমটিবিএফ	e m T i b i e ph
এমটিবিএফের	e m T i b i e ph e r
এমটিবির	e m T i b i r
এমটিভি	e m T i bh i
এমটিভিকে	e m T i bh i k e
এমটিসি	e m T i s i
এমডিআর	e m D i a r
এমডিএফ	e m D i e ph
এমডিএস	e m D i e s
এমডিকে	e m D i k e
এমডিজি	e m D i j i
এমডিজিতে	e m D i j i t e
এমডিজির	e m D i j i r
এমডিটি	e m D i T i
এমডিপি	e m D i p i
এমডিপির	e m D i p i r
এমপিআই	e m p i a i
এমপিআইর	e m p i a i r
এমপিএ	e m p i e
এমপিএলএডি	e m p i e l e D i
এমপিও	e m p i O
এমপিওর	e m p i O r
এমপিকে	e m p i k e
এমবিই	e m b i i
এমবিএ	e m b i e
এমবিএতে	e m b i e t e
এমবিএর	e m b i e r
এমবিপিএস	e m b i p i e s
এমবিবিএস	e m b i b i e s
এমবিবিএসের	e m b i b i e s e r
এমসিএ	e m s i e
এমসিএইচ	e m s i e i ch
এমসিএফ	e m s i e ph
এমসিএর	e m s i e r
এমসিকিউ	e m s i k i u
এমসিজি	e m s i j i
এমসিজিতে	e m s i j i t e
এমসিজির	e m s i j i r
এমসিপিএস	e m s i p i e s
এমসিসি	e m s i s i
এমসিসিআই	e m s i s i a i
এমসিসিআইর	e m s i s i a i r
এমসিসিও	e m s i s i O
এমসিসির	e m s i s i r
এলআইএ	e l a i e
এলআইএর	e l a i e r
এলআরএ	e l a r e
এলআরএর	e l a r e r
এলআরবি	e l a r b i
এলআরবির	e l a r b i r
এলআরসির	e l a r s i r
এলইটি	e l i T i
এলইটিকে	e l i T i k e
এলইটির	e l i T i r
এলইডি	e l i D i
এলএইচ	e l e i ch
এলএইচসি	e l e i ch s i
এলএইচসিতে	e l e i ch s i t e
এলএইচসির	e l e i ch s i r
এলএনজি	e l e n j i
এলএনজিতে	e l e n j i t e
এলএনজির	e l e n j i r
এলএফও	e l e ph O
এলএফওর	e l e ph O r
এলএফপি	e l e ph p i
এলএমজি	e l e m j i
এলএমজির	e l e m j i r
এলএলএম	e l e l e m
এলএলবি	e l e l b i
এলএলবিতে	e l e l b i t e
এলএলসি	e l e l s i
এলএসই	e l e s i
এলএসইর	e l e s i r
এলএসএসটি	e l e s e s T i
এলএসডি	e l e s D i
এলওবি	e l O b i
এলওসি	e l O s i
এলওসির	e l O s i r
এলজিআরডি	e l j i a r D i
এলজিআরডির	e l j i a r D i r
এলজিইডি	e l j i i D i
এলজিইডিকে	e l j i i D i k e
এলজিইডির	e l j i i D i r
এলজিএ	e l j i e
এলজিএসপি	e l j i e s p i
এলজিএসপির	e l j i e s p i r
এলজেপি	e l j e p i
এলটিআর	e l T i a r
এলটিআরের	e l T i a r e r
এলটিই	e l T i i
এলটিইউ	e l T i i u
এলটিটিই	e l T i T i i
এলটিটিইকে	e l T i T i i k e
এলটিটিইর	e l T i T i i r
এলডিএফ	e l D i e ph
এলডিএল	e l D i e l
এলডিপি	e l D i p i
এলডিপিকে	e l D i p i k e
এলডিসি	e l D i s i
এলডিসিগুলো	e l D i s i g u l O
এলডিসিগুলোকে	e l D i s i g u l O k e
এলডিসিগুলোর	e l D i s i g u l O r
এলডিসিদের	e l D i s i d e r
এলডিসির	e l D i s i r
এলপিআর	e l p i a r
এলপিজি	e l p i j i
এলপিজিএল	e l p i j i e l
এলপিজির	e l p i j i r
এলবিডব্লিউর	e l b i D O bl i u r
এলবিডাব্লিউ	e l b i D a bl i u
এলসিআর	e l s i a r
এলসিজি	e l s i j i
এলসিজির	e l s i j i r
এলসিডি	e l s i D i
এলসিসি	e l s i s i
এসআই	e s a i
এসআইএফ	e s a i e ph
এসআইকে	e s a i k e
এসআইটি	e s a i T i
এসআইটিই	e s a i T i i
এসআইটির	e s a i T i r
এসআইদের	e s a i d e r
এসআইপিআরআই	e s a i p i a r a i
এসআইবিএল	e s a i b i e l
এসআইবিএলের	e s a i b i e l e r
এসআইসি	e s a i s i
এসআরআই	e s a r a i
এসআরএমআইসি	e s a r e m a i s i
এসআরও	e s a r O
এসআরওতে	e s a r O t e
এসআরডিআই	e s a r D i a i
এসইউভি	e s i u bh i
এসইউসিআই	e s i u s i a i
এসইউসিআইকে	e s i u s i a i k e
এসইএস	e s i e s
এসইও	e s i O
এসইজেড	e s i j e D
এসইভিপি	e s i bh i p i
এসইসি	e s i s i
এসইসিই	e s i s i i
এসইসিও	e s i s i O
এসইসিকে	e s i s i k e
এসইসিতে	e s i s i t e
এসইসির	e s i s i r
এসএআইসি	e s e a i s i
এসএই	e s e i
এসএইচ	e s e i ch
এসএএইচআর	e s e e i ch a r
এসএএফ	e s e e ph
এসএএফই	e s e e ph i
এসএএফইর	e s e e ph i r
এসএএফের	e s e e ph e r
এসএএস	e s e e s
এসএনডি	e s e n D i
এসএনপি	e s e n p i
এসএনপির	e s e n p i r
এসএনসি	e s e n s i
এসএপি	e s e p i
এসএপির	e s e p i r
এসএফআই	e s e ph a i
এসএফএফের	e s e ph e ph e r
এসএবিআইসি	e s e b i a i s i
এসএমই	e s e m i
এসএমইদের	e s e m i d e r
এসএমইর	e s e m i r
এসএমএস	e s e m e s
এসএমএসের	e s e m e s e r
এসএমজি	e s e m j i
এসএমপি	e s e m p i
এসএমপির	e s e m p i r
এসএমসি	e s e m s i
এসএমসির	e s e m s i r
এসএলআর	e s e l a r
এসএলআরের	e s e l a r e r
এসএলপিএল	e s e l p i e l
এসএসই	e s e s i
এসএসএ	e s e s e
এসএসএই	e s e s e i
এসএসএফ	e s e s e ph
এসএসএফের	e s e s e ph e r
এসএসএর	e s e s e r
এসএসএল	e s e s e l
এসএসএলের	e s e s e l e r
এসএসটিএল	e s e s T i e l
এসএসপি	e s e s p i
এসএসবি	e s e s b i
এসএসবির	e s e s b i r
এসএসসি	e s e s s i
এসএসসিতে	e s e s s i t e
এসএসসির	e s e s s i r
এসওএস	e s O e s
এসওপি	e s O p i
এসওসিএ	e s O s i e
এসকিউ	e s k i u
এসকিউএল	e s k i u e l
এসকেএফ	e s k e e ph
এসকেএস	e s k e e s
এসজিএফএল	e s j i e ph e l
এসজিএফসিএল	e s j i e ph s i e l
এসজিএস	e s j i e s
এসজেভিএন	e s j e bh i e n
এসটিএম	e s T i e m
এসটিএল	e s T i e l
এসটিএস	e s T i e s
এসটিডি	e s T i D i
এসডিএফ	e s D i e ph
এসডিএসএল	e s D i e s e l
এসডিও	e s D i O
এসডিজি	e s D i j i
এসডিপি	e s D i p i
এসপিএ	e s p i e
এসপিএম	e s p i e m
এসপিএস	e s p i e s
এসপিকে	e s p i k e
এসপিভি	e s p i bh i
এসবিএস	e s b i e s
এসবিসি	e s b i s i
এসসিএএফ	e s s i e e ph
এসসিও	e s s i O
কেইপিজেডের	k e i p i j e D e r
কেএফসি	k e e ph s i
কেএফসিতে	k e e ph s i t e
কেএফসির	k e e ph s i r
কেএমপি	k e e m p i
কেএমসি	k e e m s i
কেজিডিসিএল	k e j i D i s i e l
কেজিবি	k e j i b i
কেজিবির	k e j i b i r
কেডিএ	k e D i e
কেডিএস	k e D i e s
কেডিডিআই	k e D i D i a i
কেপিআই	k e p i a i
কেপিএম	k e p i e m
কেপিএমের	k e p i e m e r
কেপিকে	k e p i k e
কেপিসিএল	k e p i s i e l
কেবিআর	k e b i a r
কেবিআরের	k e b i a r e r
কেবিএম	k e b i e m
কেবিপিএস	k e b i p i e s
কেবিসি	k e b i s i
কেভিএ	k e bh i e
কেসিএনএ	k e s i e n e
কেসিসি	k e s i s i
কেসিসির	k e s i s i r
জেআইটি	j e a i T i
জেআরসি	j e a r s i
জেআরসির	j e a r s i r
জেইউ	j e i u
জেইউর	j e i u r
জেএএন	j e e e n
জেএএনের	j e e e n e r
জেএক্স	j e e k s O
জেএফকে	j e e ph k e
জেএফসিএল	j e e ph s i e l
জেএমআই	j e e m a i
জেএমপি	j e e m p i
জেএমবি	j e e m b i
জেএমবিকে	j e e m b i k e
জেএমবিতে	j e e m b i t e
জেএসএফ	j e e s e ph
জেএসএস	j e e s e s
জেএসএসের	j e e s e s e r
জেএসডি	j e e s D i
জেএসডির	j e e s D i r
জেএসসি	j e e s s i
জেএসসিতে	j e e s s i t e
জেকেএলএফ	j e k e e l e ph
জেজিএমের	j e j i e m e r
জেটিকে	j e T i k e
জেডটিই	j e D T i i
জেডসি	j e D s i
জেপিইজি	j e p i i j i
জেবিআইসি	j e b i a i s i
জেবিএস	j e b i e s
জেবিও	j e b i O
জেবিওর	j e b i O r
জেবিডব্লিউজি	j e b i D O bl i u j i
জেসিএর	j e s i e r
জেসিএস	j e s i e s
জেসিও	j e s i O
জেসিবি	j e s i b i
জেটিই	j e T i i
এআরআইয়ের	e a r a i y e r
এআরওয়াই	e a r O y a i
এআরওয়াইয়ের	e a r O y a i y e r
এইচজিপিআইয়ের	e i ch j i p i a i y e r
এএফওয়ানে	e e ph O y a n e
এএসআইয়ের	e e s a i y e r
একিউজড	e k i u j o D
এক্সকেভেটর	E k s k e bh e T o r
এটিএন্ডটি	e T i e n D T i
এনএসআইয়ের	e n e s a i y e r
এনজিওকর্মি	e n j i O k r m i
এনজিওগ্রাম	e n j i O gr a m
এনজিওবিশয়ক	e n j i O b i sh o y O k
এনজিওরা	e n j i O r a
এনজিওসহ	e n j i O sh o h O
এনবিআরসহ	e n b i a r sh o h O
এনভিডিয়া	e n bh i D i y a
এনভিডিয়ার	e n bh i D i y a r
এপিএসসহ	e p i e s s o h O
এপিপিরা	e p i p i r a
এফআইসিসিআইয়ের	e ph a i s i s i a i y e r
এফওবিভিত্তিতে	e ph O b i bh i tt i t e
এফডিআইয়ের	e ph D i a i y e r
এফবিআইয়ের	e ph b i a i y e r
এফবিসিসিআইসহ	e ph b i s i s i a i s o h O
এফবিসিসিআইয়ে	e ph b i s i s i a i y e
এফবিসিসিআইয়ের	e ph b i s i s i a i y e r
এমআইসিক্স	e m a i s i k s O
এমআরডিআইয়ের	e m a r D i a i y e r
এমএইচটুএইচ	e m e i ch T u e i ch
এমএসএন্ডএডি	e m e s e n D e D i
এমপিওভুক্ত	e m p i O bh u kt O
এমপিওভুক্তির	e m p i O bh u kt i r
এমবিবিএসসহ	e m b i b i e s s o h O
এমসিসিআইয়ের	e m s i s i a i y e r
এলজিআরডিমন্ত্রি	e l j i a r D i m O n t r i
এলডিসিবহির্ভুত	e l D i s i b h i r bh u t
এলবিডব্লিউয়ের	e l b i D bl i u y e r
এসআইরা	e s a i r a
এসআইসহ	e s a i s o h O
এসআইয়ের	e s a i y e r
এসআরডিআইয়ের	e s a r D i a i y e r
এসইসিরই	e s i s i r i
এসইসিসহ	e s i s i s o h O
এসপিআইয়ের	e s p i a i y e r
কেবিসিসিআইয়ের	k e b i s i s i a i y e r
সেটটা	s e T T a
সেটটিতে	s e T T i t e
সেটটির	s e T T i r
সেটসহ	s e T sh o h O
সেটা	sh e T a
সেটাই	sh e T a i
সেটাও	sh e T a O
সেটাকে	sh e T a k e
সেটাকেই	sh e T a k e i
সেটাকেও	sh e T a k e O
সেটাতে	sh e T a t e
সেটাতেই	sh e T a t e i
সেটাতেও	sh e T a t e O
সেটাতো	sh e T a t O
সেটায়	sh e T a y
সেটার	sh e T a r
সেটারই	sh e T a r i
সেটারও	sh e T a r O
সেটি	sh e T i
সেটিং	s e T i ng
সেটিংয়ে	sh e T i ng y e
সেটিংয়ের	sh e T i ng y e r
সেটিংস	s e T i ng s
সেটিংসগুলো	s e T i ng s g u l O
সেটিংসে	s e T i ng s e
সেটিই	sh e T i i
সেটিও	sh e T i O
সেটিকে	sh e T i k e
সেটিকেই	sh e T i k e i
সেটিকেও	sh e T i k e O
সেটিতে	sh e T i t e
সেটিতেই	sh e T i t e i
সেটিতেও	sh e T i t e O
সেটির	sh e T i r
সেটিরই	sh e T i r i
সেটিরও	sh e T i r O
সেটিসহ	sh e T i sh o h O
সেটুকু	sh e T u k u
সেটুকুই	sh e T u k u i
সেটুকুও	sh e T u k u O
সেটেই	s e T e i
সেটের	s e T e r
সেদিকটিও	sh e d i k T i O
সেদিকে	sh e d i k e
সেদিকেই	sh e d i k e i
সেদিকেও	sh e d i k e O
সেদিকের	sh e d i k e r
সেদিন	sh e d i n
সেদিনই	sh e d i n O i
সেদিনও	sh e d i n O
সেদিনকার	sh e d i n k a r
সেদিনে	sh e d i n e
সেদিনের	sh e d i n e r
সেদেশ	sh e d e sh
সেদেশে	sh e d e sh e
সেধে	sh e dh e
সেধেছে	sh e dh e chh e
সেধেছেন	sh e dh e chh e n
সেনাসুত্র	sh e n a sh u tr O
সেনিটোরিয়াম	sh e n i T O r i y a m
সেনুয়া	sh e n u y a
সেনুসসি	s e n u s s i
সেনুসসিকে	s e n u s s i k e
সেনুসসির	s e n u s s i r
সেনুসির	s e n u s i r
সেনেগাল	s e n e g a l
সেনেগালের	s e n e g a l e r
সেনের	sh e n e r
সেন্ট	s e n T 
সেন্টমার্টিন	s e n T m a r T i n
সেন্টমার্টিনে	s e n T m a r T i n e
সেন্টারও	s e n T a r o O
সেন্টারকে	s e n T a r k e
সেন্টারগুলো	s e n T a r g u l O
সেন্টারগুলোকে	s e n T a r g u l O k e
সেন্টারগুলোতে	s e n T a r g u l O t e
সেন্টারগুলোর	s e n T a r g u l O r
সেন্টারটি	s e n T a r T i
সেন্টারটির	s e n T a r T i r
সেন্টারিং	s e n T a r i ng
সেন্টারিংয়ের	sh e n T a r i ng y e r
সেন্টারে	s e n T a r e
সেন্টারেও	s e n T a r e O
সেন্টারের	s e n T a r e r
সেন্টাল	s e n T a l
সেন্টিগ্রেড	s e n T i gr e D
সেন্টিগ্রেডে	s e n T i gr e D e
সেন্টিমিটারে	s e n T i m i T a r e
সেন্টিমিটারের	s e n T i m i T a r e r
সেন্টিমেন্টাল	s e n T i m e n T a l
সেন্টিমেন্টের	s e n T i m e n T e r
সেন্টু	s e n T u
সেপাই	sh e p a i
সেপারেশন	s e p a r e sh o n
সেপ্টেম্বর	s e p T e mb o r
সেপ্টেম্বরই	s e p T e mb o r i
সেপ্টেম্বরকে	s e p T e mb o r k e
সেপ্টেম্বরে	s e p T e mb o r e
সেপ্টেম্বরেই	s e p T e mb o r e i
সেপ্টেম্বরেও	s e p T e mb o r e O
সেপ্টেম্বরের	s e p T e mb o r e r
সেপ্র	sh e pr O
সেফ	s e ph
সেফগার্ড	s e ph g a r D O
সেফটি	s e ph T i
সেফটিপিন	s e ph T i p i n
সেফটির	s e ph T i r
সেফহোমে	sh e ph h O m e
সেফহোমের	sh e ph h O m e r
সেফালিকা	sh e ph a l i k a
সেবাগ্রহিতা	sh e b a gr O h i t a
সেবাগ্রহিতার	sh e b a gr O h i t a r
সেবাগ্রহিতারা	sh e b a gr O h i t a r a
সেবাজত্ন	sh e b a j o t n O
সেবাজত্নের	sh e b a j o t n e r
সেবাটা	sh e b a T a
সেবাটি	sh e b a T i
সেবাটির	sh e b a T i r
সেবাদাতা	sh e b a d a t a
সেবাদাতাদের	sh e b a d a t a d e r
সেবাদাতাসহ	sh e b a d a t a sh o h O
সেবাদান	sh e b a d a n
সেবাদানকারি	sh e b a d a n k a r i
সেবাদানকারির	sh e b a d a n k a r i r
সেবাদানে	sh e b a d a n e
সেবাদানের	sh e b a d a n e r
সেবাদাস	sh e b a d a sh
সেবাধর্মি	sh e b a dh O r m i
সেবাপন্যের	sh e b a p O n n e r
সেবাপ্রতিশ্ঠান	sh e b a pr t i sh Th a n
সেবাপ্রতিশ্ঠানের	sh e b a pr t i sh Th a n e r
সেবাপ্রদানকারি	sh e b a pr O d a n k a r i
সেবাপ্রাপ্তির	sh e b a pr a p t i r
সেবাপ্রার্থিদের	sh e b a pr a r th i d e r
সেবাবঞ্চিত	sh e b a b O nch i t O
সেবাব্যবস্থা	sh e b a b A b O sth a
সেবাভিত্তিক	sh e b a bh i tt i k
সেবামাশুল	sh e b a m a sh u l
সেবামুখি	sh e b a m u kh i
সেবামুলক	sh e b a m u l o k
সেবামুল্য	sh e b a m u l l O
সেবায়	sh e b a y
সেবায়েত	sh e b a y e t
সেবার	sh e b a r
সেবারই	sh e b a r i
সেবারও	sh e b a r O
সেবারব্যাংক	sh e b a r b A ng k
সেবারহাট	sh e b a r h a T
সেবারের	sh e b a r e r
সেবাশ্রম	sh e b a s r O m
সেবাশ্রমে	sh e b a s r O m e
সেবাসংক্রান্ত	sh e b a s o ng k r a n t O
সেবাসমুহ	sh e b a sh m u h
সেবাসহ	sh e b a sh o h O
সেবাসুবিধা	sh e b a sh u b i dh a
সেবাস্টিন	s e b a s T i n
সেবাস্টিয়ান	s e b a s T i y a n
সেবাস্তিয়ান	sh e b a st i y a n
সেবিকা	sh e b i k a
সেবিকাকে	sh e b i k a k e
সেবিকাদের	sh e b i k a d e r
সেবিকার	sh e b i k a r
সেবিকারা	sh e b i k a r a
সেবিকারাও	sh e b i k a r a O
সেবিকাসহ	sh e b i k a sh o h O
সেব্রেনিৎসা	sh e br e n i t sh a
সেভ	s e bh
সেভাবেই	sh e bh a b e i
সেভার	s e bh a r
সেভিং	s e bh i ng
সেভিংস	s e bh i ng s
সেভিয়া	sh e bh i y a
সেভিয়াকে	sh e bh i y a k e
সেভিয়ার	sh e bh i y a r
সেভেন	s e bh e n
সেভেনটি	s e bh e n T i
সেভেনে	s e bh e n e
সেভেনের	s e bh e n e r
সেভেন্টি	s e bh e n T i
সেমতি	sh e m O t i
সেমস	sh e m o sh
সেমসাইড	s E m s a i D
সেমহোয়ানের	sh E m h O y a n e r
সেমাই	sh e m a i
সেমাইয়ের	sh e m a i y e r
সেমি	s e m i
সেমিওনভিচ	s e m i O n bh i ch
সেমিকন্ডাক্টর	s e m i k n D a k T o r
সেমিকন্ডাক্টার	s e m i k n D a k T a r
সেমিকোলন	s e m i k O l O n
সেমিজ	sh e m i j
সেমিটিক	s e m i T i k
সেমিতি	s e m i t i
সেমিতে	s e m i t e
সেমিনার	s e m i n a r
সেমিনারকক্ষে	s e m i n a r k o kkh e
সেমিনারগুলোতে	s e m i n a r g u l O t e
সেমিনারগুলোর	s e m i n a r g u l O r
সেমিনারটি	s e m i n a r T i
সেমিনারটির	s e m i n a r T i r
সেমিনারে	s e m i n a r e
সেমিনারেই	s e m i n a r e i
সেমিনারেও	s e m i n a r e O
সেমিনারের	s e m i n a r e r
সেমিপাকা	sh e m i p a k a
সেমিফাইনাল	s e m i ph a i n a l
সেমিফাইনালই	s e m i ph a i n a l i
সেমিফাইনালকে	s e m i ph a i n a l k e
সেমিফাইনালটা	s e m i ph a i n a l T a
সেমিফাইনালটি	s e m i ph a i n a l T i
সেমিফাইনালিস্ট	s e m i ph a i n a l i s T
সেমিফাইনালে	s e m i ph a i n a l e
সেমিফাইনালেই	s e m i ph a i n a l e i
সেমিফাইনালেও	s e m i ph a i n a l e O
সেমিফাইনালের	s e m i ph a i n a l e r
সেমির	s e m i r
সেমিস্টারে	s e m i s T a r e
সেমুতাং	s e m u t a ng
সেমুতাংয়ের	sh e m u t a ng y e r
সেমেটিক	s e m e T i k
সেমেনকো	s e m e n k O
সেমেনিয়ার	s e m e n i y a r
সেয়ানা	sh e y a n a
সেয়ানে	sh e y a n e
সের	sh e r
সেরকম	sh e r o k O m
সেরকমই	sh e r o k O m i
সেরকান্দি	s e r k a nd i
সেরনিয়াবাত	sh e r n i y a b a t
সেরনিয়াবাতসহ	sh e r n i y a b a t sh o h O
সেরনিয়াবাতের	sh e r n i y a b a t e r
সেরনিয়াবাদ	sh e r n i y a b a d
সেরা	sh e r a
সেরাইকি	sh e r a i k i
সেরাও	sh e r a O
সেরাকন্ঠ	s e r a k o n Th O
সেরাকন্ঠের	sh e r a k o n Th O e r
সেরাজ	sh e r a j
সেরাজুল	sh e r a j u l
সেরাটা	sh e r a T a
সেরাটাই	sh e r a T a i
সেরাটুকু	sh e r a T u k u
সেরাদের	sh E r a d e r
সেরাম	s e r a m
সেরার	sh e r a r
সেরারা	sh e r a r a
সেরি	s e r i
সেরিকালচার	s e r i k a l ch a r
সেরিব্রাল	s e r i br a l
সেরুপ	sh e r u p
সেরে	sh e r e
সেরেই	sh e r e i
সেরেছে	sh e r e chh e
সেরেছেন	sh e r e chh e n
সেরেনা	s e r e n a
সেরেনাকে	s e r e n a k e
সেরেনার	s e r e n a r
সেরেবেলাম	s e r e b e l a m
সেরেস্তাদার	sh e r e st a d a r
সেরেস্তায়	sh e r e st a y
সেরোটোনিন	s e r O T O n i n
সের্গেই	s e r g e i
সের্হিও	s e r h i O
সেল	s e l
সেলআড্ডা	s e l a D D a
সেলও	sh e l O
সেলকে	s e l k e
সেলফি	s e l ph i
সেলফিও	s e l ph i O
সেলফিটি	s e l ph i T i
সেলফিতে	s e l ph i t e
সেলফির	s e l ph i r
সেলফে	s e l ph e
সেলফোনে	s e l ph O n e
সেলবরশ	s e l b o r s
সেলমা	s e l m a
সেলস	s e l s
সেলসম্যান	s e l s m A n
সেলসিয়াস	s e l s i y a s
সেলসিয়াসে	s e l s i y a s e
সেলসিয়াসের	s e l s i y a s e r
সেলাইকেন্দ্র	sh e l a i k e ndr O
সেলাইবিহিন	sh e l a i b i h i n
সেলাইয়ের	sh e l a i y e r
সেলাখানা	sh e l a kh a n a
সেলাম	sh e l a m
সেলামি	sh e l a m i
সেলামির	sh e l a m i r
সেলারি	s e l a r i
সেলার্স	s e l a r s
সেলিং	s e l i ng
সেলিন	s e l i n
সেলিনা	s e l i n a
সেলিনাকে	s e l i n a k e
সেলিনার	s e l i n a r
সেলিব্রিটি	s e l i br i T i
সেলিব্রিটিদের	s e l i br i T i d e r
সেলিব্রিটির	s e l i br i T i r
সেলিব্রেট	s e l i br e T
সেলিব্রেটি	s e l i br e T i
সেলিব্রেটিদের	s e l i br e T i d e r
সেলিব্রেটির	s e l i br e T i r
সেলিব্রেটিরা	s e l i br e T i r a
সেলিমকে	s e l i m k e
সেলিমপুর	s e l i m p u r
সেলিমসহ	s e l i m sh o h O
সেলিমা	s e l i m a
সেলিমুজ্জামান	s e l i m u j j a m a n
সেলিমুল	sh e l i m u l
সেলিমের	s e l i m e r
সেলুকাস	s e l u k a s
সেলুলয়েড	s e l u l o y e D
সেলুলয়েডে	s e l u l o y e D e
সেলুলয়েডের	s e l u l o y e D e r
সেলুলার	s e l u l a r
সেলুলোজ	s e l u l O j
সেলে	s e l e
সেলেকাওদের	s e l e k a O d e r
সেলেকাওরা	s e l e k a O r a
সেলেখানা	s e l e kh a n a
সেলেট	s e l e T
সেলেনা	s e l e n a
সেলেনার	s e l e n a r
সেলেন্টের	s e l e n T e r
সেলেব	s e l e b
সেলের	s e l e r
সেলেরন	s e l e r o n
সেলেরা	s e l e r a
সেলেসাও	s e l e sh a O
সেলেসাওদের	s e l e s a O d e r
সেলেসাওরা	s e l e s a O r a
সেল্ট	s e l T O
সেল্টা	s e l T a
সেল্টিকের	sh e l T i k e r
সেল্তা	s e l t a
সেল্ফ	s e l ph
সেশন	s e sh o n
সেশনজট	sh e sh o n j o T
সেশনজটমুক্ত	sh e sh o n j o T m u kt O
সেশনজটে	sh e sh o n j o T e
সেশনজটের	sh e sh o n j o T e r
সেশনটা	s e sh o n T a
সেশনে	s e sh o n e
সেশনেই	s e sh o n e i
সেশনের	s e sh o n e r
সেশেলের	s e sh e l e r
সেশ্বর	sh e sh sh o r
সেস	s e s
সেসংগে	sh e sh o ng g e
সেসনা	s e s n a
সেসব	sh e sh o b
সেসবই	sh e sh o b i
সেসবও	sh e sh o b O
সেসবকে	sh e sh o b k e
সেসবকেই	sh e sh o b k e i
সেসবে	sh e sh o b e
সেসবেই	sh e sh o b e i
সেসবেরও	sh e sh o b e r O
সেসময়	sh e sh o m o y
সেসি	s e s i
সেস্ত	s e st
সেহগাল	s e h g a l
সেহরি	she h r i
সেহরিতে	s e h r i t e
সেহরির	s e h r i r
সেহলা	s e h l a
সেহানে	sh e h a n e
সেহির	s e h i r
সেহিরতে	s e h i r t e
সেহিরর	s e h i r o r
সেহেরির	s e h e r i r
সেহ্রি	s e r i
সেহ্রির	s e r i r
সেনা	sh e n a
সেনাও	sh e n a O
সেনাকর্তাদের	sh e n a k r t a d e r
সেনাকর্তারা	sh e n a k r t a r a
সেনাকর্মকর্তা	sh e n a k o r m O k o r t a
সেনাকর্মকর্তাদের	sh e n a k o r m O k o r t a d e r
সেনাকল্যান	sh e n a k o l l a n
সেনাকুঞ্জে	sh e n a k u nj e
সেনাক্যাম্প	sh e n a k A mp
সেনাক্যাম্পে	sh e n a k A mp e
সেনাঘাটি	sh e n a gh a T i
সেনাঘাটিতে	sh e n a gh a T i t e
সেনাছাউনি	sh e n a chh a u n i
সেনাছাউনিতে	sh e n a chh a u n i t e
সেনাছাউনির	sh e n a chh a u n i r
সেনাটি	sh e n a T i
সেনাদল	sh e n a d o l
সেনাদলের	sh e n a d O l e r
সেনাদের	sh e n a d e r
সেনাধ্যক্ষ	sh e n a d dh O kkh O
সেনানায়ক	sh e n a n a y O k
সেনানায়কেরা	sh e n a n a y O k e r a
সেনানায়েকে	sh e n a n a y e k e
সেনানি	sh e n a n i
সেনানিবাস	sh e n a n i b a s
সেনানিবাসগুলোতে	sh e n a n i b a sh g u l O t e
সেনানিবাসে	sh e n a n i b a sh e
সেনানিবাসের	sh e n a n i b a sh e r
সেনানিয়ন্ত্রিত	sh e n a n i y n t r i t
সেনাপতি	sh e n a p O t i
সেনাপতিদের	sh e n a p O t i d e r
সেনাপতির	sh e n a p O t i r
সেনাপতিরা	sh e n a p O t i r a
সেনাপ্রধানই	sh e n a pr O dh a n i
সেনাপ্রধানও	sh e n a pr O dh a n O
সেনাপ্রধানকে	sh e n a pr O dh a n k e
সেনাপ্রধানসহ	sh e n a pr O dh a n sh o h O
সেনাপ্রধানের	sh e n a pr O dh a n e r
সেনাবাহিনি	sh e n a b a h i n i
সেনাবাহিনিই	sh e n a b a h i n i i
সেনাবাহিনিও	sh e n a b a h i n i O
সেনাবাহিনিকে	sh e n a b a h i n i k e
সেনাবাহিনিকেও	sh e n a b a h i n i k e O
সেনাবাহিনিতে	sh e n a b a h i n i t e
সেনাবাহিনিতেও	sh e n a b a h i n i t e O
সেনাবাহিনিপ্রধান	sh e n a b a h i n i pr O dh a n
সেনাবাহিনির	sh e n a b a h i n i r
সেনাবাহিনিসহ	sh e n a b a h i n i sh o h O
সেনাবিদ্রোহ	sh e n a b i d r O h O
সেনামুক্ত	sh e n a m u kt O
সেনার	sh e n a r
সেনারা	sh e n a r a
সেনারাই	sh e n a r a i
সেনারাও	sh e n a r a O
সেনাশক্তি	sh e n a sh O kt i
সেনাশাসক	sh e n a sh a sh O k
সেনাশাসকই	sh e n a sh a sh O k i
সেনাশাসকদের	sh e n a sh a sh O k d e r
সেনাশাসকেরা	sh e n a sh a sh O k e r a
সেনাশাসন	sh e n a sh a sh O n
সেনাশাসনের	sh e n a sh a sh O n e r
সেনাশিবিরে	sh e n a sh i b i r e
সেনাসংখ্যা	sh e n a sh o ng kh a
সেনাসদর	sh e n a sh o d O r
সেনাসদরে	sh e n a sh o d O r e
সেনাসদরের	sh e n a sh o d O r e r
সেনাসদস্যকে	sh e n a sh o d O sh sh O k e
সেনাসদস্যদের	sh e n a sh o d O sh sh O d e r
সেনাসদস্যসহ	sh e n a sh o d O sh sh O sh o h O
সেনাসদস্যের	sh e n a sh o d O sh sh e r
সেনাসমর্থিত	sh e n a sh o m O r th i t O
সেনাসহ	sh e n a sh o h O
শেয়ার	sh e y a r
শেয়ারই	sh e y a r i
শেয়ারও	sh e y a r O
শেয়ারকে	sh e y a r k e
শেয়ারগুলো	sh e y a r g u l O
শেয়ারগুলোর	sh e y a r g u l O r
শেয়ারটা	sh e y a r T a
শেয়ারটি	sh e y a r T i
শেয়ারটির	sh e y a r T i r
শেয়ারধারন	sh e y a r dh a r O n
শেয়ারধারনের	sh e y a r dh a r O n e r
শেয়ারধারি	sh e y a r dh a r i
শেয়ারধারিদের	sh e y a r dh a r i d e r
শেয়ারধারির	sh e y a r dh a r i r
শেয়ারধারিরা	sh e y a r dh a r i r a
শেয়ারপ্রতি	sh e y a r pr O t i
শেয়ারবাজার	sh e y a r b a j a r
শেয়ারবাজারও	sh e y a r b a j a r o O
শেয়ারবাজারকে	sh e y a r b a j a r k e
শেয়ারবাজারগুলো	sh e y a r b a j a r g u l O
শেয়ারবাজারগুলোর	sh e y a r b a j a r g u l O r
শেয়ারবাজারবিশয়ক	sh e y a r b a j a r b i sh o y O k
শেয়ারবাজারসংক্রান্ত	sh e y a r b a j a r s o ng k r a n t O
শেয়ারবাজারসহ	sh e y a r b a j a r sh o h O
শেয়ারবাজারে	sh e y a r b a j a r e
শেয়ারবাজারেই	sh e y a r b a j a r e i
শেয়ারবাজারেও	sh e y a r b a j a r e O
শেয়ারবাজারের	sh e y a r b a j a r e r
শেয়ারব্যবসায়	sh e y a r b A b sh a y
শেয়ারমালিকদের	sh e y a r m a l i k d e r
শেয়ারমুল্য	sh e y a r m u l l O
শেয়ারমুল্যের	sh e y a r m u l l e r
শেয়ারসংক্রান্ত	sh e y a r sh o ng k r a n t O
শেয়ারসংখ্যা	sh e y a r sh o ng kh a
শেয়ারসহ	sh e y a r sh o h O
শেয়ারহোল্ডার	sh e y a r h O l D a r
শেয়ারহোল্ডারদের	sh e y a r h O l D a r d e r
শেয়ারহোল্ডাররা	sh e y a r h O l D a r r a
শেয়ারহোল্ডিং	sh e y a r h O l D i ng
শেয়ারিং	sh e y a r i ng
শেয়ারিংয়ের	sh e y a r i ng y e r
শেয়ারে	sh e y a r e
শেয়ারেও	sh e y a r e O
শেয়ারের	sh e y a r e r
শেয়ারেরই	sh e y a r e r i
শ্টেশন	sh T e sh o n
শ্টেশনে	sh T e sh o n e
শ্টেশনের	sh T e sh o n e r
শ্বেত	sh e t
শ্যেনদৃশ্টি	sh E n d ri sh T i
শ্রেনি	s r e n i
শ্রেনিই	s r e n i i
শ্রেনিকক্ষ	s r e n i k o kkh O
শ্রেনিকক্ষগুলো	s r e n i k o kkh O g u l O
শ্রেনিকক্ষগুলোতে	s r e n i k o kkh O g u l O t e
শ্রেনিকক্ষগুলোয়	s r e n i k o kkh O g u l O y
শ্রেনিকক্ষগুলোর	s r e n i k o kkh O g u l O r
শ্রেনিকক্ষসংকট	s r e n i k o kkh sh O ng k o T
শ্রেনিকক্ষে	s r e n i k o kkh e
শ্রেনিকক্ষেই	s r e n i k o kkh e i
শ্রেনিকক্ষেও	s r e n i k o kkh e O
শ্রেনিকক্ষের	s r e n i k O kkh e r
শ্রেনিকরন	s r e n i k o r O n
শ্রেনিকৃত	s r e n i k ri t O
শ্রেনিকে	s r e n i k e
শ্রেনিগত	s r e n i g o t O
শ্রেনিগুলোর	s r e n i g u l O r
শ্রেনিচরিত্র	s r e n i ch O r i tr O
শ্রেনিজুদ্ধ	s r e n i j u d dh O
শ্রেনিতে	s r e n i t e
শ্রেনিতেই	s r e n i t e i
শ্রেনিতেও	s r e n i t e O
শ্রেনিনেতা	s r e n i n e t a
শ্রেনিপড়ুয়া	s r e n i p O r u y a
শ্রেনিপরিচয়	s r e n i p O r i ch o y
শ্রেনিপেশার	s r e n i p e sh a r
শ্রেনিবইশম্য	s r e n i b O i sh o m m O
শ্রেনিবদ্ধ	s r e n i b o d dh O
শ্রেনিবিন্যাস	s r e n i b i n n a sh
শ্রেনিবিন্যাসকরন	s r e n i b i n n a sh k o r O n
শ্রেনিবিভক্ত	s r e n i b i bh o kt O
শ্রেনিবিভাগ	s r e n i b i bh a g
শ্রেনিবোইশম্য	s r e n i b O i sh o m m O
শ্রেনিবোইশম্যের	s r e n i b O i sh o m m O e r
শ্রেনিভিত্তিক	s r e n i bh i tt i k
শ্রেনিভুক্ত	s r e n i bh u kt O
শ্রেনিভুক্তরা	s r e n i bh u kt O r a
শ্রেনিভেদে	s r e n i bh e d e
শ্রেনির	s r e n i r
শ্রেনিরই	s r e n i r i
শ্রেনিশিক্ষক	s r e n i sh i kkh o k
শ্রেনিহিন	s r e n i h i n
শ্রেয়	s r e y O
শ্রেয়তর	s r e y t o r O
শ্রেয়বোধের	s r e y O b O dh e r
শ্রেয়সি	s r e y O sh i
শ্রেয়া	s r e y a
শ্রেয়ার	s r e y a r
শ্রেশ্ঠ	s r e sh Th O
শ্রেশ্ঠতম	s r e sh Th t o m O
শ্রেশ্ঠত্ব	s r e sh Th o tt O
শ্রেশ্ঠত্বকে	s r e sh Th O tt O k e
শ্রেশ্ঠত্বের	s r e sh Th o tt O e r
শ্রেশ্ঠমানের	s r e sh Th m a n e r
শ্রেশ্ঠা	s r E sh Th a
শ্রেশ্ঠি	s r e sh Th i
এডউইন	e D u i n
এডওয়ার্ড	e D O y a r D O
এডওয়ার্ডের	e D O y a r D e r
এডগার	e D g a r
এডফ্লেম	e D ph l e m
এডমিট	e D m i T
এডমিরাল	e D m i r a l
এডমিশন	e D m i sh o n
এডরিক	e D r i k
এডলফ	e D l o ph
এডহক	e D h o k
এডিশন	e D i sh o n
এতক্ষন	E t O kkh O n
এতদঞ্চলে	E t O d o nch o l e
এতাদৃশ	e t a d ri sh
এতোক্ষন	E t O kkh O n
এনক্লেভ	e n kl e bh
এনক্লেভা	e n kl e bh a
এনক্লোজার	e n kl O j a r
এনফোর্সড	e n ph O r s o D
এনফোর্সমেন্ট	e n ph O r s m e n T O
এনফোর্সমেন্টের	e n ph O r s m e n T e r
এনলাইটেন	e n l a i T e n
এনহ্যান্সমেন্ট	e n j j a n s m e n T O
এনামেল	e n a m e l
এনার্জি	e n a r j i
এনার্জিকে	e n a r j i k e
এনার্জির	e n a r j i r
এন্টিহিস্টামিন	e n T i h i s T a m i n
এপস্টাইন	e p s T a i n
এপ্রিলও	e pr i l o O
এপ্রিলের	e pr i l e r
এফএফ	e ph e ph
এফিডেভিটের	e ph i D e bh i T e r
এবনরমাল	e b n r m a l
এব্রাহাম	e br a h a m
এব্রাহামের	e br a h a m e r
এভারেস্ট	e bh a r e s T O
এভারেস্টকে	e bh a r e s T k e
এভারেস্টজয়ি	e bh a r e s T j y i
এভারেস্টজয়িদের	e bh a r e s T j y i d e r
এভারেস্টশৃং্গ	e bh a r e s T sh ri ng g o
এভারেস্টের	e bh a r e s T e r
এমপ্লয়ার্স	e m o p l y a r s
এমফিটামিন	e m ph i T a m i n
এমব্রয়ডারির	e m br o y D a r i r
এমেক্স	e m e k s
এরোপ্লেন	e r O p l e n
এলবিডব্লু	e l b i D bl u
এলবিডব্লুটা	e l b i D bl u T a
এলবিডব্লুর	e l b i D bl u r
এলাউন্স	e l a u n s
এলায়েন্স	e l a y e n s
এলিয়েন্স	e l i y e n s
এশিয়া	e sh i y a
এশিয়াকে	e sh i y a k e
এশিয়াতে	e sh i y a t e
এশিয়ান	e sh i y a n
এশিয়ার	e sh i y a r
এস্কম	e s k o m
এস্কান্দার	e s k a nd a r
এস্কিমো	e s k i m O
এস্কেন্দার	e s k e nd a r
এস্কেপ	e s k e p
এস্কেভেটর	e s k e bh e T o r
এস্টাবলিশমেন্ট	e s T a b l i sh m e n T
এস্টাবলিশমেন্টের	e s T a b l i sh m e n T e r
এস্টুয়ারি	e s T u y a r i
এস্টেটে	e s T e T e
এস্টেটের	e s T e T e r
এস্ট্রোজেন	e s T r O j e n
এস্ত্রাদা	e s t r a d a
এস্পায়ার	e s p a y a r
এয়ারফোর্স	e y a r ph O r s
এয়ারফোর্সের	e y a r ph O r s e r
এয়ারলাইন্স	e y a r l a i n s O
এয়ারলাইন্সের	e y a r l a i n s e r
কেক	k e k
কেকটি	k e k T i
কেকের	k e k e r
কেজিতে	k e j i t e
কেজির	k e j i r
কেবিন	k e b i n
কেবিনেট	k e b i n e T
কেবিনেটের	k e b i n e T e r
কেবিনের	k e b i n e r
কেমিকেল	k e m i k e l
কেমিস্ট	k e m i s T
কেমিস্ট্রির	k e m i s T r i r
কেরাঞ্চি	k e r a nch i
কেশাকর্ষন	k e sh a k o r sh o n
কেসের	k e s e r
কেহ্মে	k e m n e
কেয়ার	k e y a r
কেয়ারের	k e y a r e r
ক্রেপ	kr e p
ক্রেমিস্টিকা	kr e m i s T i k a
ক্রেস্ট	kr e s T
ক্রেস্টে	kr e s T e
ক্রেস্ট্রন	kr E s T r o n
ক্লেইন	kl e i n
ক্লেইনের	kl e i n e r
ক্লেগ	kl e g
ক্লেগকে	kl e g k e
ক্লেগের	kl e g e r
ক্লেটন	kl e T o n
ক্লেদ	kl e d
ক্লেনজিং	kl e n j i ng
ক্লেমন	kl e m o n
ক্লেমেন্ট	kl e m e n T
ক্লেমেন্তে	kl e m e nt e
ক্লের	kl e r
ক্লেরি	kl e r i
ক্লেশে	kl e sh e
ক্লেয়ার	kl e y a r
ক্ষেউরি	kh e u r i
ক্ষেতমজুর	kh e t m O j u r
ক্ষেত্রফল	kh e tr O ph o l
ক্ষেত্রবিশেশে	kh e tr O b i sh e sh e
ক্ষেত্রবিশেশ	kkh E tr b i sh e sh
ক্ষেত্রভেদে	kh e tr O bh e d e
ক্ষেত্রমতে	kh e tr O m o t e
ক্ষেত্রসমুহ	kh e tr O sh O m u h O
ক্ষেত্রি	kh e tr i
ক্ষেত্রিপাড়া	kh e tr i p a r a
ক্ষেদ	kh e d
ক্ষেপ	kh E p
ক্ষেপন	kh e p o n
ক্ষেপনাস্ত্র	kh e p o n a s t r O
ক্ষেপনাস্ত্রও	kh e p o n a s t r O O
ক্ষেপনাস্ত্রগুলো	kh e p o n a s t r O g u l O
ক্ষেপনাস্ত্রটি	kh e p o n a s t r O T i
ক্ষেপনাস্ত্রবিধ্বংসি	kh e p o n a s t r O b i d dh O ng sh i
ক্ষেপনাস্ত্রে	kh e p o n a s t r e
ক্ষেপনাস্ত্রের	kh e p o n a s t r e r
ক্ষেপলা	kh E p l a
ক্ষেপা	kh E p a
ক্ষেপিয়ে	kh e p i y e
ক্ষেপে	kh e p e
ক্ষেপেছেন	kh e p e chh e n
ক্ষেপ্তা	kh E p t a
ক্ষেম	kkh e m
ক্ষেমা	kh E m a
ক্ষেস্সাপাত	kh e sh sh a p a t
খেরেস্তান	kh e r e st a n
গেজেটও	g e j e T O
গেজেটগুলো	g e j e T g u l O
গেজেটগুলোর	g e j e T g u l O r
গেজেটটি	g e j e T T i
গেজেটের	g e j e T e r
গেঞ্জিতে	g e nj i t e
গেঞ্জির	g e nj i r
গেট	g e T
গেটগুলো	g e T g u l O
গেটের	g e T e r
গেরিলা	g e r i l a
গেরিলাদের	g e r i l a d e r
গেরিলার	g e r i l a r
গেস্টরুম	g e s T r u m
গেস্টাপো	g e s T a p O
গ্রেড	gr e D
গ্রেডের	gr e D e r
গ্রেন	gr e n
গ্রেনেড	gr e n e D
গ্রেনেডটি	gr e n e D T i
গ্রেনেডের	gr e n e D e r
গ্রেপ্তারকৃত	gr e p t a r k ri t
গ্রেপ্তারকৃতদের	gr e p t a r k ri t O d e r
গ্রেপ্তারকৃতরা	gr e p t a r k ri t O r a
গ্রেফতার	gr e ph t a r
গ্রেফতারকৃত	gr e ph t a r k ri t O
গ্রেফতারকৃতদের	gr e ph t a r k ri t O d e r
গ্রেফতারকৃতরা	gr e ph t a r k ri t O r a
গ্রেফতারি	gr e ph t a r i
গ্রেফতারে	gr e ph t a r e
গ্রেফতারের	gr e ph t a r e r
চেইঞ্জ	ch e i nj
চেইন	ch e i n
চেইনটা	ch e i n T a
চেইনটি	ch e i n T i
চেইনের	ch e i n e r
চেকপোস্টে	ch e k p O s T e
চেঞ্জ	ch e nj O
চেঞ্জমেকার	ch e nj m e k a r
চেঞ্জার	ch e nj a r
চেঞ্জের	ch e nj e r
চেতেশ্বর	ch e t e sh sh o r
চেন	ch e n
চেরাপুঞ্জি	ch e r a p u nj i
চেলো	ch E l O
চেস্টার	ch e s T a r
চেস্টারটন	ch e s T a r T O n
ছেলেপক্ষ	chh e l e p o kkh O
জেটপ্লেন	j e T p l e n
জেটি	j e T i
জেটিতে	j e T i t e
জেডব্লিউজির	j e D O bl i u j i r
জেনারেটর	j e n a r e T o r
জেনারেলও	j e n a r e l O
জেনারেলকে	j e n a r e l k e
জেনারেলের	j e n a r e l e r
জেনিফারের	j e n i ph a r e r
জেফিরলুকাস্ট	j e ph i r l u k a s T
জেব্রার	j e br a r
জেভিয়ার্স	j e bh i y a r s O
জেল	j e l
জেলার	j e l a r
জেলারের	j e l a r e r
জেলি	j e l i
জেলির	j e l i r
জ্ঞেয়	g y e y
টেটাবিদ্ধ	T e T a b i d dh O
টেইলার্সের	T e i l a r s e r
টেকক্রাঞ্চ	T e k kr a nch O
টেক্সটাইলকে	T e k s T a i l k e
টেক্সটাইলের	T e k s T a i l e r
টেডি	T e D i
টেনান্সি	T e n a n s i
টেন্ডার	T e n D a r
টেপ	T e p
টেপকে	T e p k e
টেপটি	T e p T i
টেবলেট	T e b l e T
টেবিলটা	T e b i l T a
টেবিলটি	T e b i l T i
টেবিলের	T e b i l e r
টেম্পারিং	T e mp a r i ng
টেম্পারিংকে	T e mp a r i ng k e
টেম্পারিংয়ের	T e mp a r i ng y e r
টেম্পারেচার	T e mp a r e ch a r
টেম্পেস্ট	T e mp e s T
টেম্পোকে	T e mp O k e
টেম্পোটি	T e mp O T i
টেম্পোটির	T e mp O T i r
টেম্পোতে	T e mp O t e
টেম্পোমিস্ত্রি	T e mp O m i s t r i
টেরোরিস্ট	T e r O r i s T
টেলিকনফারেন্স	T e l i k n ph a r e n s
টেলিকনফারেন্সে	T e l i k o n ph a r e n s e
টেলিগ্রাফ	T e l i gr a ph
টেলিগ্রাফকে	T e l i gr a ph k e
টেলিগ্রাফে	T e l i gr a ph e
টেলিগ্রাফের	T e l i gr a ph e r
টেলিগ্রাম	T e l i gr a m
টেলিগ্রামটি	T e l i gr a m T i
টেলিগ্রামের	T e l i gr a m e r
টেলিঘনত্ব	T e l i gh o n O tt O
টেলিপ্যাথি	T e l i p A th i
টেলিফিল্মটি	T e l i ph i l m T i
টেলিফিল্মটিতে	T e l i ph i l m T i t e
টেলিফিল্মে	T e l i ph i l m e
টেলিফিল্মের	T e l i ph i l m e r
টেলিফোন	T e l i ph O n
টেলিফোনটি	T e l i ph O n T i
টেলিফোনের	T e l i ph O n e r
টেলিভিশনওয়ালারা	T e l i bh i sh n O y a l a r a
টেলিস্কোপই	T e l i s k O p i
টেলিস্কোপটি	T e l i s k O p T i
টেলিস্কোপের	T e l i s k O p e r
টেস্টই	T e s T i
টেস্টও	T e s T O
টেস্টগুলো	T e s T g u l O
টেস্টগুলোতে	T e s T g u l O t e
টেস্টটা	T e s T T a
টেস্টটাই	T e s T T a i
টেস্টটাও	T e s T T a O
টেস্টটাকে	T e s T T a k e
টেস্টটি	T e s T T i
টেস্টটিতে	T e s T T i t e
টেস্টটির	T e s T T i r
টেস্টামেন্ট	T e s T a m e n T O
টেস্টার	T e s T a r
টেস্টি	T e s T i
টেস্টিং	T e s T i ng
টেস্টিমনি	T e s T i m n i
টেস্টেই	T e s T e i
টেস্টেও	T e s T e O
টেস্টোস্টেরন	T e s T O s T e r o n
ট্রে	T r e
ট্রেজারি	T r e j a r i
ট্রেঞ্চ	T r e nch
ট্রেডমার্ক	T r e D m a r k
ট্রেডমার্ককৃত	T r e D m a r k k ri t O
ট্রেডার্সকে	T r e D a r s k e
ট্রেডার্সে	T r e D a r s e
ট্রেডার্সের	T r e D a r s e r
ট্রেনের	T r e n e r
ট্রেন্টব্রিজ	T r e n T br i j
ট্রেন্টব্রিজে	T r e n T br i j e
ট্রেন্টব্রিজের	T r e n T br i j e r
ট্রের	T r e r
ডেক্রন	D e kr o n
ডেঞ্চ	D e nch O=
ডেঞ্জার	D e nj a r
ডেটাবেস	D e T a b e s
ডেন্টাল	D e n T a l
ডেন্টিস্ট	D e n T i s T
ডেন্টিস্ট্রি	D e n T i s T r i
ডেপুটি	D e p u T i
ডেপুটির	D e p u T i r
ডেভেলপার্স	D e bh e l p a r s
ডেমি	D e m i
ডেলি	D e l i
ডেশ	D e sh
ডেস্কজেট	D e s k j e T
ডেস্কটপ	D e s k T o p
ডেস্কে	D e s k e
ডেস্কের	D e s k e r
ডেস্ট্রয়ার	D E s T r y a r
ড্রেক্সলার	D r e k s l a r
ড্রেজিংয়ের	D r e j i ng y e r
ড্রেনের	D r e n e r
তেজস্বি	t e j O sh sh i
তেঞি	t e nch i
তেরস্পর্শ	t E r o s p o r sh O
তেলসমৃদ্ধ	t e l sh o m ri d dh O
দেউলিয়াত্ব	d e u l i y a tt O
দেউলিয়াত্বের	d e u l i y a tt e r
দেওদার	d e O d a r
দেখাসাক্ষাৎ	d e kh a sh a kkh a t
দেশমাতৃকা	d e sh m a t ri k a
দেশমাতৃকাকে	d e sh m a t ri k a k e
দেশমাতৃকার	d e sh m a t ri k a r
দেহতত্ত্ব	d e h O t o t t O
দেহরক্ষি	d e h O r O kkh i
দেহরক্ষিদের	d e h O r O kkh i d e r
দেহরক্ষির	d e h O r O kkh i r
দেহরক্ষিরা	d e h O r O kkh i r a
দেহরক্ষিকে	d e h O r O kkh i k e
দ্বেশান্ধ	d e sh a ndh O
ধেঞান	dh e ny a n
নেচার	n e ch a r
নেচারি	n e ch a r i
নেচারের	n e ch a r e r
নেতৃতে	n e t ri t e
নেতৃত্ব	n e t ri tt O
নেতৃত্বই	n e t ri tt o i
নেতৃত্বও	n e t ri tt O O
নেতৃত্বকে	n e t ri tt O k e
নেতৃত্বকেই	n e t ri tt O k e i
নেতৃত্বকেও	n e t ri tt O k e O
নেতৃত্বগুন	n e t ri tt O g u n
নেতৃত্বগুনের	n e t ri tt O g u n e r
নেতৃত্বদান	n e t ri tt O d a n
নেতৃত্বদানকারি	n e t ri tt O d a n k a r i
নেতৃত্বদানকারিদের	n e t ri tt O d a n k a r i d e r
নেতৃত্বদানে	n e t ri tt O d a n e
নেতৃত্বদানের	n e t ri tt O d a n e r
নেতৃত্বধিন	n e t ri tt O dh i n
নেতৃত্বশুন্য	n e t ri tt O sh u n n O
নেতৃত্বস্থানিয়	n e t ri tt O sth a n i y O
নেতৃত্বহিন	n e t ri tt h i n
নেতৃত্বাধিন	n e t ri tt a dh i n
নেতৃত্বে	n e t ri tt e
নেতৃত্বেই	n e t ri tt e i
নেতৃত্বেও	n e t ri tt e O
নেতৃত্বের	n e t ri tt e r
নেতৃত্বেরও	n e t ri tt e r O
নেতৃবৃন্দও	n e t ri b ri nd O O
নেতৃবৃন্দকে	n e t ri b ri nd k e
নেতৃবৃন্দের	n e t ri b ri nd e r
নেতৃস্থানিয়	n e t ri sth a n i y O
নেস্টর	n e s T o r
পেইন	p e i n
পেইনের	p e i n e r
পেজ	p e j
পেজগুলো	p e j g u l O
পেজটি	p e j T i
পেজি	p e j i
পেটিকোট	p e T i k O T
পেটেন্টের	p e T e n T e r
পেট্রল	p e T r O l
পেট্রলপাম্পে	p e T r O l p a mp e
পেট্রলপাম্পের	p e T r O l p a mp e r
পেট্রোল	p e T r O l
পেট্রোলের	p e T r O l e r
পেডেন্ডা	p e D e n D a
পেনশন	p e n sh o n
পেনালকোড	p e n a l k O D
পেন্ডুলাম	p e n D u l a m
পেন্সিলের	p e n s i l e r
পেন্সের	p e n s e r
পেপার	p e p a r
পেপারগুলো	p e p a r g u l O
পেপারটি	p e p a r T i
পেপারের	p e p a r e r
পেশকৃত	p e sh k ri t
পেশাদারিত্ব	p e sh a d a r i tt O
পেশাদারিত্বের	p e sh a d a r i tt e r
পেস্ট	p e s T O
পেস্টের	p e s T e r
পেস্ট্রি	p e s T r i
প্রেক্ষক	pr e kkh o k
প্রেক্ষন	pr e kkh O n
প্রেক্ষাপট	pr e kkh a p o T
প্রেক্ষিতেই	pr e kkh i t e i
প্রেফারেন্স	pr e ph a r e n s
প্রেমকৃশ্ন	pr e m k ri sh n O
প্রেমকৃশ্নকে	pr e m k ri sh n O k e
প্রেমকৃশ্নদের	pr e m k ri sh n O d e r
প্রেমকৃশ্নের	pr e m k ri sh n O e r
প্রেসবিজ্ঞপ্তিতে	pr e s b i g g O p t i t e
প্রেসের	pr e s e r
প্রেস্টিজ	pr e s T i j
প্রেস্টিজিও	pr e s T i j i O
প্লেইন্স	p l e i n s
প্লেট	p l e T
প্লেটকে	p l e T k e
প্লেটটি	p l e T T i
প্লেটের	p l e T e r
প্লেস্টোর	p l e s T O r
প্লেয়ার্স	p l e y a r s
ফেদারস্টোন	ph e d a r s T O n
ফেদারস্টোনের	ph e d a r s T O n e r
ফেনসিডিলের	ph e n sh i D i l e r
ফেন্সির	ph e n s i r
ফেব্রিক	ph e br i k
ফেব্রিকের	ph e br i k e r
ফেব্রিক্স	ph e br i k s
ফেব্রিক্সের	ph e br i k s e r
ফেব্রু	ph e br u
ফেব্রুয়ারি	ph e br u y a r i
ফেব্রুয়ারিও	ph e br u y a r i O
ফেব্রুয়ারিকে	ph e br u y a r i k e
ফেব্রুয়ারিতে	ph e br u y a r i t e
ফেব্রুয়ারিতেই	ph e br u y a r i t e i
ফেব্রুয়ারিতেও	ph e br u y a r i t e O
ফেব্রুয়ারির	ph e br u y a r i r
ফেমের	ph e m e r
ফেরিওয়ালা	ph e r i O y a l a
ফেরিওয়ালাদের	ph e r i O y a l a d e r
ফেরিওয়ালার	ph e r i O y a l a r
ফেরিগুলো	ph e r i g u l O
ফেরিগুলোকে	ph e r i g u l O k e
ফেরিগুলোর	ph e r i g u l O r
ফেরিটি	ph e r i T i
ফেরিটির	ph e r i T i r
ফেল	ph e l
ফেলানিদের	ph e l a n i d e r
ফেলিক্স	ph e l i k s
ফেলিপে	ph e l i p e
ফেলের	ph e l e r
ফেল্টম্যান	ph e l T m A n
ফেল্ডম্যান	ph e l D m A n
ফেল্ডস্পার	ph e l D s p a r
ফেস্ট	ph e s T
ফেস্টিভাল	ph e s T i bh a l
ফেস্টিভালে	ph e s T i bh a l e
ফেস্টিভ্যাল	ph e s T i b bh a l
ফেস্টিভ্যালে	ph e s T i b bh a l e
ফেস্টিভ্যালের	ph e s T i b bh a l e r
ফেস্টুন	ph e s T u n
ফেস্টুনও	ph e s T u n o O
ফেস্টুনে	ph e s T u n e
ফ্রেইয়ের	ph r e i y e r
ফ্রেগিংয়ের	ph r e g i ng y e r
ফ্রেঞ্চ	ph r e nch
ফ্রেঞ্চফ্রাই	ph r e nch ph r a i
ফ্রেন্ড	ph r e n D
ফ্রেন্স	ph r e n s
ফ্রেব্রুয়ারি	ph r e br u y a r i
ফ্রেমে	ph r e m e
ফ্রেমের	ph r e m e r
ফ্লেইম	ph l e i m
ফ্লেক্সিলোড	ph l e k s i l O D
ফ্লেক্সিলোডের	ph l e k s i l O D e r
ফ্লেমিংয়ের	ph l e m i ng y e r
বেইজিস্ট	b e i j i s T
বেকারত্ব	b e k a r o tt O
বেক্সটেক্স	b e k s T e k s
বেক্সটেক্সকে	b e k s T e k s k e
বেক্সটেক্সের	b e k s T e k s e r
বেক্সিফেব্রিক্স্	b e k s i ph e br i k s
বেক্সিমকোর	b e k s i m k O r
বেজেঞ্জো	b e j e nj O
বেজেঞ্জোর	b e j e nj O r
বেঞ্চ	b e nch
বেঞ্চও	b e nch O
বেঞ্চকে	b e nch k e
বেঞ্চগুলো	b e nch g u l O
বেঞ্চগুলোতে	b e nch g u l O t e
বেঞ্চটি	b e nch T i
বেঞ্চি	b e nch i
বেঞ্চিতে	b e nch i t e
বেঞ্চে	b e nch e
বেঞ্চেই	b e nch e i
বেঞ্চেও	b e nch e O
বেঞ্চের	b e nch e r
বেঞ্জ	b e nj
বেঞ্জামিন	b e nj a m i n
বেবিট্যাক্সির	b e b i T T a k s i r
বেলফাস্ট	b E l ph a s T
বেলফাস্টে	b e l ph a s T e
বেলফাস্টের	b e l ph a s T e r
বেলাব্রুয়ির	b e l a br u y i r
বেলিফ	b e l i ph
বেলেস্তারা	b e l e st a r a
বেল্টের	b e l T e r
বেশিক্ষন	b e sh i kkh O n
বেস্টওয়ে	b e s T O y e
বেহারা	b e h a r a
বেয়নেট	b e y O n e T
বেয়নেটের	b e y O n e T e r
ব্রেইন	br e i n
ব্রেইভিক	br e i bh i k
ব্রেইভিককে	br e i bh i k k e
ব্রেইভিকের	br e i bh i k e r
ব্রেইলের	br e i l e r
ব্রেকফাস্ট	br e k ph a s T
ব্রেকারে	br e k a r e
ব্রেকারের	br e k a r e r
ব্রেকার্স	br e k a r s
ব্রেকে	br e k e
ব্রেকের	br e k e r
ব্রেজনেভ	br e j n e bh
ব্রেজনেভের	br e j n e bh e r
ব্রেডের	br e D e r
ব্রেনান	br e n a n
ব্রেনানের	br e n a n e r
ব্রেনের	br e n e r
ব্রেন্ডান	br e n D a n
ব্রেমেন	br e m e n
ব্রেমেনে	br e m e n e
ব্রেমেনের	br e m e n e r
ব্রেসনানের	br e sh n a n e r
ব্রেসের	br e sh e r
ব্রেস্টফিডিং	br e s T ph i D i ng
ব্রেস্টস্ট্রোক	br e s T s T r O k
ব্রেস্টস্ট্রোকে	br e s T s T r O k e
ব্লেইম	bl e i m
ব্লেক	bl e k
ব্লেককে	bl e k k e
ব্লেকের	bl e k e r
ব্লেজার	bl e j a r
ব্লেজারের	bl e j a r e r
ব্লেজার্স	bl e j a r s O
ব্লেজার্সের	bl e j a r s e r
ব্লেড	bl e D
ব্লেডের	bl e D e r
ব্লেন্ড	bl e n D
ব্লেন্ডারে	bl e n D a r e
ব্লেন্ডারের	bl e n D a r e r
ব্লেম	bl e m
ব্লেয়ার	bl e y a r
ব্লেয়ারকে	bl e y a r k e
ব্লেয়ারের	bl e y a r e r
ভেঞ্চার	bh e nch a r
ভেন্ডার	bh e n D a r
ভেদবুদ্ধি	bh e d b u d dh i
ভেদরগঞ্জ	bh e d r g o nj O
ভেস্ট	bh e s T
ভেস্টারভেলে	bh e s T a r bh e l e
মে	m e
মেই	m e i
মেইনটেন্যান্স	m e i n T e n n a n s O
মেইনস্ট্রিম	m e i n s T r i m
মেও	m e O
মেকার্সের	m e k a r s e r
মেক্সিকানরা	m e k s i k a n r a
মেক্সিকোয়	m e k s i k O y
মেক্সিক্যান	m e k s i k k A n
মেখলিগঞ্জের	m e kh l i g o nj e r
মেগাপিক্সেলের	m e g a p i k s e l e r
মেগাস্টার	m e g a s T a r
মেজভিনস্কি	m e j bh i n s k i
মেজভিনস্কিকে	m e j bh i n s k i k e
মেজভিনস্কির	m e j bh i n s k i r
মেট	m e T
মেটাফেজ	m e T a ph e j
মেটার	m e T a r
মেট্রিক্স	m e T r i k s O
মেট্রোপলিটন	m e T r O p l i T o n
মেট্রোরেল	m e T r O r e l
মেট্রোরেলের	m e T r O r e l e r
মেডেল	m e D e l
মেতে	m e t e
মেথডিস্ট	m e th D i s T
মেদের	m e d e r
মেধাবৃত্তি	m e dh a b ri tt i
মেধাস্বত্ব	m e dh a sh o tt O
মেনিফেস্টো	m e n i ph e s T O
মেনিফেস্টোতে	m e n i ph e s T O t e
মেম	m e m
মেম্বর	m e mb o r
মেম্বার	m e mb a r
মেম্বারকে	m e mb a r k e
মেম্বারের	m e mb a r e r
মেম্বার্স	m e mb a r s O
মের	m e r
মেরিনার্সের	m e r i n a r s e r
মেশিন	m e sh i n
মেশিনই	m e sh i n i
মেশিনও	m e sh i n O
মেশিনকে	m e sh i n k e
মেশিনগান	m e sh i n g a n
মেশিনগানটি	m e sh i n g a n T i
মেশিনগানের	m e sh i n g a n e r
মেশিনটি	m e sh i n T i
মেশিনের	m e sh i n e r
মেসের	m e sh e r
মেস্ক	m e s k
মেহেন্দিগঞ্জ	m e h e nd i g o nj
মেয়েপক্ষ	m e y e p o kkh O
মেয়েবন্ধুর	m e y e b O ndh u r
ম্যেক্সিক	m e k s i k
রেকর্ডকৃত	r e k o r D k ri t O
রেক্সের	r e k s e r
রেজাল্ট	r e j a l T
রেজাল্টটা	r e j a l T T a
রেজাল্টের	r e j a l T e r
রেজিমেন্ট	r e j i m e n T
রেজিমেন্টকে	r e j i m e n T k e
রেজিমেন্টের	r e j i m e n T e r
রেজিলিয়ান্স	r e j i l i y a n s
রেজিস্টার	r e j i s T a r
রেজিস্টারি	r e j i s T a r i
রেজিস্টারিং	r e j i s T a r i ng
রেজিস্টারে	r e j i s T a r e
রেজিস্টার্ড	r e j i s T a r D O
রেজিস্ট্রার	r e j i s T r a r
রেজিস্ট্রারকে	r e j i s T r a r k e
রেজিস্ট্রারদের	r e j i s T r a r d e r
রেজিস্ট্রাররা	r e j i s T r a r r a
রেজিস্ট্রারের	r e j i s T r a r e r
রেজিস্ট্রার্ড	r e j i s T r a r D
রেজিস্ট্রি	r e j i s T r i
রেজিস্ট্রিকৃত	r e j i s T r i k ri t O
রেজিস্ট্রির	r e j i s T r i r
রেজিস্ট্রেশন	r e j i s T r e sh o n
রেজিস্ট্রেশনবিহিন	r e j i s T r e sh o n b i h i n
রেঞ্জ	r e nj
রেঞ্জার	r e nj a r
রেঞ্জে	r e nj e
রেঞ্জের	r e nj e r
রেট	r e T
রেটও	r e T O
রেটের	r e T e r
রেডক্লিফ	r e D kl i ph
রেডক্লিফের	r e D kl i ph e r
রেডফক্স	r e D ph o k s
রেডিওকে	r e D i O k e
রেডিওগুলো	r e D i O g u l O
রেডিওগুলোর	r e D i O g u l O r
রেডিওগ্রাম	r e D i O gr a m
রেডিওটি	r e D i O T i
রেডিওলজিস্ট	r e D i O l j i s T
রেডিয়েটার	r e D i y e T a r
রেনকোট	r e n k O T
রেনকোয়েস্ট	r e n k O y e s T O
রেপ	r e p
রেফারিংয়ের	r e ph a r i ng y e r
রেফারিও	r e ph a r i O
রেফারিকে	r e ph a r i k e
রেফারির	r e ph a r i r
রেফারেন্স	r e ph a r e n s
রেফারেন্সে	r e ph a r e n s e
রেফারেন্সের	r e ph a r e n s e r
রেফারেলের	r e ph a r e l e r
রেমিটেন্স	r e m i T e n s
রেমিট্যান্স	r e m i T T a n s
রেমিট্যান্সের	r e m i T T a n s e r
রেল	r e l
রেলইঞ্জিন	r e l i nj i n
রেলগাড়ি	r e l g a r i
রেলগাড়িতে	r e l g a r i t e
রেলগাড়ির	r e l g a r i r
রেশন	r e sh o n
রেসের	r e sh e r
রেস্ট	r e s T
রেস্টুরেন্ট	r e s T u r e n T
রেস্টুরেন্টকে	r e s T u r e n T k e
রেস্টুরেন্টগুলোতে	r e s T u r e n T g u l O t e
রেস্টুরেন্টটির	r e s T u r e n T T i r
রেস্টুরেন্টে	r e s T u r e n T e
রেস্টুরেন্টের	r e s T u r e n T e r
রেস্টোরেশন	r e s T O r e sh o n
রেস্ট্রিকটেড	r e s T r i k T e D
লেক	l e k
লেকচারার	l e k ch a r a r
লেকটির	l e k T i r
লেক্সমার্ক	l e k s m a r k
লেখকবৃন্দ	l e kh o k b ri nd O
লেগস্পিনার	l e g s p i n a r
লেজার	l e j a r
লেজারের	l e j a r e r
লেজুড়বৃত্তি	l e j u r b ri tt i
লেজুড়বৃত্তির	l e j u r b ri tt i r
লেনদেনকৃত	l e n d e n k ri t
লেনিনিস্ট	l e n i n i s T
লেন্সে	l e n s e
লেন্সের	l e n s e r
লেফাফা	l e ph a ph a
লেবরেটরি	l e b r e T O r i
লেবেল	l e b e l
লেবেলটি	l e b e l T i
লেবেলের	l e b e l e r
লেভি	l e bh i
লেভির	l e bh i r
লেমনেড	l e m o n e D
শেভিংস্টিক	sh e bh i ng s T i k
শেমিজ	sh e m i j
শেরি	sh e r i
শেলক	sh e l o k
এডওয়ার্ডস	e D O y a r D s
এডওয়ার্ডসকে	e D O y a r D s k e
এডওয়ার্ডসের	e D O y a r D s e r
এডমুন্ড	e D m u n D
এডসন	e D s O n
এডিসনের	e D i s o n e r
এতক্ষনে	E t O kkh O n e
এতদসত্ত্বেও	E t O d o sh o t t e O
এনসাইক্লোপিডিয়া	e n s a i kl O p i D i y a
এনসাইক্লোপিডিয়ার	e n s a i kl O p i D i y a r
এনালিস্ট	e n a l i s T
এপিসেন্টার	e p i s e n T a r
এপ্রেন্টিস	e pr e n T i s
এভেন্যু	e bh e n u
এমফেলার	e m ph e l a r
এসএমএসে	e s e m e s e
এসটিমেট	e s T i m e T
এসিড	e s i D
এসিডসংক্রান্ত	e s i D s o ng k r a n t O
এসিডে	e s i D e
এসিডের	e s i D e r
এসে	e s e
এসেই	e sh e i
এসেক্সের	e s e k s e r
এসেন্স	e s e n s
এসোসিয়েশন	e s O s i y e sh o n
এস্ক্রো	e s k r O
এস্টেটসহ	e s T e T sh o h O
এস্টেসন	e s T e s o n
এয়ারহোস্টেস	e y a r h O s T e s
কেদারগঞ্জ	k e d a r g o nj
কেব্লস	k e bl o s
কেমব্রিজে	k e m br i j e
কেমব্রিজের	k e m br i j e r
কেমিক্যাল	k e m i k A l
কেম্বিস	k e mb i s
কেরানিগঞ্জ	k e r a n i g o nj
কেরানিগঞ্জে	k e r a n i g o nj e
কেরানিগঞ্জের	k e r a n i g o nj O e r
কেরাসিন	k e r a s i n
কেরোসিন	k e r O s i n
কেরোসিনে	k e r O s i n e
কেরোসিনের	k e r O s i n e r
কেলাস	k e l a s
কেস	k e s
কেসটা	k e s T a
ক্রেমলিনে	kr e m l i n e
ক্রেমলিনের	kr e m l i n e r
ক্ষেতলালে	kh e t l a l e
ক্ষেতলালের	kh e t l a l e r
ক্ষেত্রই	kh e tr O i
ক্ষেত্রকে	kh e tr O k e
ক্ষেত্রগুলো	kh e tr O g u l O
ক্ষেত্রগুলোতে	kh e tr O g u l O t e
ক্ষেত্রগুলোতেও	kh e tr O g u l O t e O
ক্ষেত্রগুলোর	kh e tr O g u l O r
ক্ষেত্রটা	kh e tr O T a
ক্ষেত্রটিকে	kh e t r O T i k e
ক্ষেত্রটিতে	kh e t r O T i t e
ক্ষেত্রটির	kh e tr O T i r
ক্ষেত্রে	kh e tr O e
ক্ষেত্রেই	kh e tr O e i
ক্ষেপনের	kkh e p o n e r
গেলাস	g e l a s
গেস্টহাউস	g e s T h a u s
গেস্টহাউসে	g e s T h a u s e
গ্রেটেস্ট	gr e T e s T
গ্রেপ্তারসংক্রান্ত	gr e p t a r s o ng k r a n t O
চেকপোস্টও	ch e k p O s T O
চেনকে	ch e n k e
চেলসিতেই	ch e l s i t e i
ছেলেপক্ষের	chh e l e p o kkh e r
ছেলেবন্ধু	chh e l e b O ndh u
জেডিসি	j e D i s i
জেডিসিএফ	j e D i s i e ph
জেডিসিএফের	j e D i s i e ph e r
জেডিসিতে	j e D i s i t e
জেডিসির	j e D i s i r
জেনারেটরও	j e n a r e T o r O
জেনারেটরটি	j e n a r e T o r T i
জেনারেটরে	j e n a r e T o r e
জেনারেটরের	j e n a r e T o r e r
জেব্রাক্রসিং	j e br a kr s i ng
জেলও	j e l O
জেলসুপার	j e l s u p a r
জেলারই	j e l a r i
জেলারও	j e l a r O
জেসমিনকে	j e s m i n k e
জেসমিনদের	j e s m i n d e r
জেসমিনের	j e s m i n e r
টেকনোলজিস্টের	T e k n O l o j i s T e r
টেকস্ট	T e k o s T
টেক্সাসের	T e k s a s e r
টেবিলও	T e b i l O
টেম্পো	T e mp O
টেম্পোস্ট্যান্ড	T e mp O s T A n d
টেলিকনফারেন্সের	T e l i k o n ph a r e n s e r
টেলিভিশনও	T e l i bh i sh o n O
টেলিভিশনকে	T e l i bh i sh o n k e
টেলিভিশনগুলো	T e l i bh i sh o n g u l O
টেলিভিশনগুলোকে	T e l i bh i sh o n g u l O k e
টেলিভিশনগুলোর	T e l i bh i sh o n g u l O r
টেলিভিশনটার	T e l i bh i sh o n T a r
টেলিভিশনটি	T e l i bh i sh o n T i
টেলিভিশনসহ	T e l i bh i sh o n sh o h O
টেলিভিশনে	T e l i bh i sh o n e
টেলিভিশনেই	T e l i bh i sh o n e i
টেলিভিশনেও	T e l i bh i sh o n e O
টেলিভিশনের	T e l i bh i sh o n e r
টেলিসেন্টার	T e l i s e n T a r
টেসটোস্টেরন	T e s T O s T e r o n
ট্রেঞ্চলেস	T r e nch l e s
ট্রেনই	T r e n i
ট্রেনকে	T r e n k e
ট্রেনগুলো	T r e n g u l O
ট্রেনগুলোর	T r e n g u l O r
ট্রেনটা	T r e n T a
ট্রেনটি	T r e n T i
ট্রেনটির	T r e n T i r
ট্রেসপাস	T r e s p a s
ডেঞ্জারম্যান	D e nj a r m A n
ডেঞ্জারাস	D e nj a r a s
ডেটাসেন্টার	D e T a s e n T a r
ডেফিসিয়েন্সি	D e ph i s i y e n s i
ডেমেজ	D e m e j
ডেমোক্রেসি	D e m O kr e s i
ডেমোক্রেসির	D e m O kr e s i r
ডেমোক্র্যাটসদের	D e m O k r A T s d e r
ডেসপাস	D e s p a s
ডেস্কটপে	D e s k T o p e
ড্রেনগুলো	D r e n g u l O
ড্রেস	D r e s
ড্রেসিংরুমটা	D r e s i ng r u m T a
ড্রেসিংরুমে	D r e s i ng r u m e
ড্রেসিংরুমেই	D r e s i ng r u m e i
ড্রেসিংরুমেও	D r e s i ng r u m e O
ড্রেসিংরুমের	D r e s i ng r u m e r
ড্রেসের	D r e s e r
তেরবৃহস্পতিবারে	t E r O b ri h O sh p O t i b a r e
তেরেসার	t e r e s a r
তেলক্ষেত্রগুলো	t e l kh e tr O g u l O
তেলক্ষেত্রটি	t e l kh e t r O T i
তেলক্ষেত্রটির	t e l kh e tr O T i r
তেলক্ষেত্রে	t e l kh e tr O e
তেলক্ষেত্রের	t e l kh e t r e r
তেলেসমাতির	t e l e s m a t i r
দেওয়ানগঞ্জ	d e O y a n g o nj
দেওয়ানগঞ্জে	d e O y a n g o nj e
দেওয়ানগঞ্জের	d e O y a n g o nj O e r
দেবিগঞ্জ	d e b i g o nj
দেবিগঞ্জের	d e b i g o nj O e r
দেশবন্ধু	d e sh b O ndh u
দেশবন্ধুর	d e sh b O ndh u r
দেশরক্ষা	d e sh r o kkh a
দেশরক্ষার	d e sh r o kkh a r
দেহভস্ম	d e h bh o sh sh O
ধেঞা	dh e ny a
নেকলেস	n e k l e s
নেতৃত্ববিশয়ক	n e t ri tt O b i sh o y O k
নেতৃবৃন্দসহ	n e t ri b ri nd sh o h O
পেটেন্ট	p e T e n T
পেট্রলের	p e T r o l e r
পেট্রোসেন্টারে	p e T r O s e n T a r e
পেনশনের	p e n sh o n e r
পেনসন	p e n sh o n
পেনসিল	p e n s i l
পেপসিকোর	p e p s i k O r
পেপারলেস	p e p a r l e s
প্রেক্ষা	pr e kkh a
প্রেক্ষাগৃহ	pr e kkh a g r i h O
প্রেক্ষাগৃহের	pr e kkh a g r i h e r
প্রেক্ষাপটও	pr e kkh a p o T O
প্রেক্ষাপটটা	pr e kkh a p o T T a
প্রেক্ষাপটটি	pr e kkh a p o T T i
প্রেক্ষাপটে	pr e kkh a p o T e
প্রেক্ষাপটেই	pr e kkh a p o T e i
প্রেক্ষাপটেও	pr e kkh a p o T e O
প্রেস	pr e s
প্রেসকে	pr e s k e
প্রেসক্রিপশন	pr e s kr i p sh o n
প্রেসক্রিপশনে	pr e s kr i p sh o n e
প্রেসবক্স	pr e s b o k s
প্রেসবক্সেও	pr e s b o k s e O
প্রেসবক্সের	pr e s b o k s e r
প্রেসিডেন্ট	pr e s i D e n T
প্রেসিডেন্টই	pr e s i D e n T i
প্রেসিডেন্টও	pr e s i D e n T O
প্রেসিডেন্টকে	pr e s i D e n T k e
প্রেসিডেন্টদের	pr e s i D e n T d e r
প্রেসিডেন্টবিরোধি	pr e s i D e n T b i r O dh i
প্রেসিডেন্টরা	pr e s i D e n T r a
প্রেসিডেন্টশিয়াল	pr e s i D e n T sh i y a l
প্রেসিডেন্টস	pr e s i D e n T o s
প্রেসিডেন্টসহ	pr e s i D e n T O sh o h O
প্রেসিডেন্টের	pr e s i D e n T O e r
প্রেসিডেন্সি	pr e s i D e n s i
প্রেসিডেন্সির	pr e s i D e n s i r
প্লেস্টেশনের	p l e s T e sh o n e r
ফেঞ্চুগঞ্জে	ph e nch u g o nj e
ফেঞ্চুগঞ্জের	ph e nch u g o nj e r
ফেডএক্স	ph e D e k s
ফেব্রিকস	ph e br i k s
ফেব্রিকসের	ph e br i k s e r
ফেব্রিগাসকে	ph e br i g a s k e
ফেব্রিগাসের	ph e br i g a s e r
ফেরিস্বল্পতার	ph e r i sh o l p O t a r
ফেলতে	ph e l t e
ফেলো	ph E l O
ফেসবুকই	ph e s b u k i
ফেসবুকও	ph e s b u k O
ফেসবুককে	ph e s b u k k e
ফেসবুকসহ	ph e s b u k sh o h O
ফেসবুকাইতে	ph e s b u k a i t e
ফেসবুকিং	ph e s b u k i ng
ফেসবুকে	ph e s b u k e
ফেসবুকেই	ph e s b u k e i
ফেসবুকেও	ph e s b u k e O
ফ্রেন্ডলিস্ট	ph r e n D l i s T
বেকারত্বসহ	b e k a r o tt O sh o h O
বেকারত্বে	b e k a r o tt O e
বেকারত্বের	b e k a r o tt O e r
বেগমগঞ্জ	b e g o m g o nj
বেগমগঞ্জে	b e g o m g o nj e
বেগমগঞ্জের	b e g o m g o nj e r
বেসিনে	b e s i n e
বেসিনের	b e s i n e r
বেস্টের	b e s T e r
ব্রেইসের	br e i s e r
ব্রেসনেন	br e s n e n
ব্রেসলেটে	br e s l e T e
ব্রেস্টক্যানসার	br e s T k A n s a r
ভেকাসন	bh e k a s O n
ভেঞ্চারস	bh e nch a r s
ভেদরগঞ্জে	bh e d r g o nj e
মেক্সিকোতে	m e k s i k O t e
মেক্সিকোর	m e k s i k O r
মেগাসিটির	m e g a s i T i r
মেট্রো	m e T r
মেধাস্বত্বের	m e dh a sh o tt O e r
মেমফিস	m e m ph i s
মেম্বরের	m e mb o r e r
মেরিনার্স	m e r i n a r s
মেস	m e s
মেসেজও	m e s e j O
মেসেজটি	m e s e j T i
মেসেজে	m e s e j e
মেসেজের	m e s e j e r
মেসেঞ্জার	m e s e nj a r
মেসেঞ্জিং	m e s e nj i ng
মেহগনি	m e h g O n i
মেহগনির	m e h g O n i r
মেহেন্দিগঞ্জে	m e h e nd i g o nj e
মেহেন্দিগঞ্জের	m e h e nd i g o nj e r
মেয়াদসংক্রান্ত	m e y a d s o ng k r a n t
রেজিসটেন্স	r e j i s T e n s
রেজিস্ট্যান্ট	r e j i s T A n T
রেজিস্ট্রেশনে	r e j i s T r e sh o n e
রেঞ্জসংলগ্ন	r e nj sh o ng l o g n O
রেঞ্জারসের	r e nj a r s e r
রেডিমিক্স	r e D i m i k s
রেফ্রিজারেটরের	r e ph r i j a r e T o r e r
রেলকে	r e l k e
রেলক্রসিংয়ের	r e l kr o s i ng y e r
রেললাইনকে	r e l l a i n k e
রেললাইনটি	r e l l a i n T i
রেললাইনের	r e l l a i n e r
রেলস্টেশনকে	r e l s T e sh o n k e
রেলস্টেশনটি	r e l s T e sh o n T i
রেলস্টেশনসহ	r e l s T e sh o n sh o h O
রেলস্টেশনে	r e l s T e sh o n e
রেশনের	r e sh o n e r
রেস	r e s
রেসকোর্সে	r e s k O r s e
রেসকোর্সের	r e s k O r s e r
রেসিডেন্সি	r e s i D e n s i
রেসির	r e s i r
রেস্টলেস	r e s T l e s
রেস্টহাউস	r e s T h a u s
রেস্টহাউসে	r e s T h a u s e
রেস্টহাউসের	r e s T h a u s e r
লেটেস্ট	l e T e s T
লেনটা	l e n T a
লেনটি	l e n T i
লেনদেনসংক্রান্ত	l e n d e n s o ng k r a n t
লেপার্স	l e p a r s
লেফটেন্যান্ট	l e ph T e n A n T
লেবাস	l e b a s
সেটে	s e T e
সেইন	s e i n
সেইনের	s e i n e r
সেইন্ট	s e i n T
সেইফ	s e i ph
সেইফগার্ড	s e i ph g a r D
সেইফটি	s e i ph T i
সেইভ	s e i bh
সেইলর	s e i l o r
সেইলস	s e i l o s
সেকশন	s e k sh O n
সেকশনে	s e k sh O n e
সেকান্দর	s e k a nd o r
সেকান্দার	s e k a nd a r
সেকান্দারকে	s e k a nd a r k e
সেকারিন	s e k a r i n
সেকুলার	s e k u l a r
সেক্যুলার	s e k u l a r
সেক্যুলারিজম	s e k u l a r i j o m
সেক্যুলারিজমের	s e k u l a r i j o m e r
সেক্ষেত্রেও	sh e kh e t r e O
সেখ	s e kh
সেগমেন্ট	s e g m e n T
সেগা	s e g a
সেডিশন	s e D i sh o n
সেতাবগঞ্জ	sh e t a b g o nj
সেনকাকু	sh e n k a k u
সেনগুপ্ত	sh e n g u p t O
সেনগুপ্তও	sh e n g u p t O
সেনগুপ্তকে	sh e n g u p t O k e
সেনগুপ্তর	sh e n g u p t O r
সেনগুপ্তসহ	sh e n g u p t O sh o h O
সেনদাই	s e n d a i
সেনবাগে	sh e n b a g e
সেনবাগের	sh e n b a g e r
সেনসর	s e n s O r
সেনসরের	s e n s o r e r
সেনসাস	s e n s a s
সেনসেক্স	s e n s e k s
সেনহাটি	sh e n h a T i
সেন্ড	s e n D
এডেক্সেল	e D e k s e l
এনসিএলে	e n s i e l e
এয়ারসেল	e y a r s e l
কেব্ল	k e bl
ক্লে	kl e
জেমনঃ	j E m o n h
টেক্সটাইলে	T e k s T a i l e
তেজঃ	t e j o h
নেক্সটেল	n e k s T e l
পেনসিলে	p e n s i l e
ফ্লেক্সিবল	ph l e k s i b o l
ব্রেইল	br e i l
ব্রেইলে	br e i l e
ব্লেচলি	bl e ch l i
মেগাপিক্সেল	m e g a p i k s e l
রেতঃ	r e t h
রেসিডেন্সিয়াল	r e s i D e n sh i y a l
সেনপাড়া	sh e n p a r a
সেনপাড়ার	sh e n p a r a r
সেনসিটিভ	s e n s i T i bh
সেনসিটিভিটি	s e n s i T i bh i T i
সেনসেটিভ	s e n s e T i bh
সেনসেশন	s e n s e sh o n
পেলেগ্রিনির	p e l e gr i n i r
জেলেপল্লিতে	j e l e p O l l i t e
পেলেগ্রিনিকে	p e l e gr i n i k e
জেলেপল্লির	j e l e p O l l i r
টেম্পারামেন্টের	T e mp a r a m e n T e r
ব্রেগার	br e g a r
ব্রেকভ্যান	br e k bh A n
ব্রেসনানকে	br e s n a n k e
ব্রেসওয়েলকে	br e s O y e l k e
পেলেগ্রিনি	p e l e gr i n i
দেবব্রতের	d e b O br o t e r
লেমিনেটিং	l e m i n e T i ng
টেম্পলেটটি	T e mp l e T T i
টেলিফিল্ম	T e l i ph i l m 
ডেলফির	D e l ph i r
ফেদেরারের	ph e d e r a r e r
এনডোর্সমেন্ট	e n D O r s m e n T 
ব্রেসনান	br e sh n a n
এনক্রিপটেড	e n kr i p T e D
ব্রেগায়	br e g a y
মেটলাইফ	m e T l a i ph
এলিগেন্স	e l i g e n s
ডেমোগ্রাফিক	D e m O gr a ph i k
এভিডেন্স	e bh i D e n s 
ফ্রেডেরিক	ph r e D e r i k
এমফেলা	e m ph e l a
টেলেক্স	T e l e k s 
টেরেন্স	T e r e n s 
ব্রেগা	br e g a
জেফ্রি	j e ph r i
জেফরি	j e ph r i
শেফিল্ডের	sh e ph i l D e r
টেইলার্স	T e i l a r s O
টেক্সজোন	T e k s j O n
গ্রেডিং	gr e D i ng
টেক্সমার্ট	T e k s m a r T 
চেকার্সে	ch e k a r s e
টেলিগ্রামে	T e l i gr a m e
ফেং	ph e ng
ডেভেলপমেন্টে	D e bh e l p m e n T e
ফেমে	ph e m e
এফএম	e ph e m
ডেক্সটপ	D e k s T o p
টেলিম্পিয়াড	T e l i mp i y a D
লেক্সাস	l e k s a sh
টেম্পলেট	T e mp l e T
ক্রেডিটের	kr e D i T e r
ফেইলুরের	ph e i l u r e r
ফেমি	ph e m i
ফ্লেভারের	ph l e bh a r e r
মেরিল্যান্ডের	m e r i l l A n D e r
কেল্লাফতে	k e l l a ph t e
এপেক্স	e p e k s O
বেক্সটার	b e k s T a r
ট্রেডার্স	T r e D a r s O
টেক্সচার	T e k s ch a r
ফ্রেডরিক	ph r e D r i k
পেট্রোনাস	p e T r O n a s
লেটার্স	l e T a r s O
জেনিফার	j e n i ph a r
বেক্সিমকোকে	b e k s i m k O k e
ফেইটের	ph e i T e r
জেফারিসের	j e ph a r i sh e r
মেটাবলজিমের	m e T a b l j i m e r
বেলগ্রেডের	b E l gr e D e r
ফ্রেন্ডশিপ	ph r e n D sh i p
বেলিফুলের	b e l i ph u l e r
এফজি	e ph j i
টেক্সাসে	T e k s a sh e
মেকানিক্স	m e k a n i k s O
ফ্রেজার	ph r e j a r
এমপফুর	e m p ph u r
পেইন্টিংয়ের	p e i n T i ng y e r
গেলফান্ডের	g E l ph a n D e r
মেইলিং	m e i l i ng
ফেসিং	ph e sh i ng
বেবিট্যাক্সি	b e b i T T a k s i
শেরিংহ্যাম	sh e r i ng j j a m
বেজগ্রামের	b e j gr a m e r
রেলিংয়ের	r e l i ng y e r
রেলক্রসিংয়ে	r E l o kr sh i ng y e
রেজোনেন্স	r e j O n e n s O
ডেভেলপিং	D e bh e l p i ng
ফ্রেডি	ph r e D i
ফেম	ph e m
জেনিফাকে	j e n i ph a k e
নেফ্রোলজি	n e ph r O l j i
ফেদেরার	ph e d e r a r
পেট্রোব্রাস	p e T r O br a sh
ভেটেরান্স	bh e T e r a n s O
জেরুজালেমের	j e r u j a l e m e r
এন্টারটেইনমেন্টের	e n T a r T e i n m e n T e r
বেক্সিমকো	b e k s i m k O
ফেনিতে	ph e n i t e
এমফাইসিমা	e m ph a i sh i m a
এলএলএমে	e l e l e m e
জেন্টলম্যান	j e n T l m m a n
ভেরিফায়েড	bh e r i ph a y e D
ফেনিয়ে	ph e n i y e
ভেলফি	bh E l ph i
রেমাক্রি	r e m a kr i
রেকর্ডিংয়ের	r e k r D i ng y e r
ফেবারিটদের	ph e b a r i T d e r
ট্রেমলেটের	T r E m l e T e r
ডেসকোকে	D e s k O k e
মেরিল্যান্ডে	m e r i l l a n D e
এয়ারবাস	e y a r b a s
এনেক্স	e n e k s O
ফ্রেইকে	ph r e i k e
শেলফের	sh e l ph e r
ফেজ	ph e j
এন্ট্রান্স	e n T r a n s O
ট্রেডিংয়ের	T r e D i ng y e r
ফেনির	ph e n i r
পেট্রলিয়ামের	p E T r l i y a m e r
এফপি	e ph p i
টেক্সিক্যাব	T e k s i k k A b
এমার্জিং	e m a r j i ng
লেমিনেটেড	l e m i n e T e D
শেরিফের	sh e r i ph e r
তেড়েফুড়ে	t e r e ph u r e
ফ্রেইট	ph r e i T
জেনিফা	j e n i ph a
নেক্সাস	n e k s a sh
প্রেগন্যান্সি	pr e g n n A n s i
মেন্টরিং	m e n T O r i ng
মেন্ডেলের	m e n D e l e r
মেসার্স	m e s a r s 
এথেন্সকে	e th e n s k e
টেক্সাস	T e k s a s
ফেড়ে	ph e r e
গ্রেপ্তারের	gr e p t a r e r
ফেয়ারের	ph e y a r e r
ফ্রেড	ph r e D
টেলিকমিউনিকেশন্স	T e l i k o m i u n i k e sh o n s 
ভেরিফাইড	bh e r i ph a i D
ফেদে	ph e d e
ফ্রেডারিক	ph r e D a r i k
মেডিকেলের	m e D i k e l e r
মেসেজিং	m e sh e j i ng
এমপফু	e m p ph u
গ্রেনেডে	gr e n e D e
পেইন্টিংয়ে	p e i n T i ng y e
এপিডেমিওলজি	e p i D e m i O l O j i
গ্রেটদের	gr e T d e r
ল্যেফটেন্যান্ট	l l e ph T e n n A n T 
টেলোফেজ	T e l O ph e j
রেলিংয়ে	r e l i ng y e
জেরেমির	j e r e m i r
ফ্রেই	ph r e i
পেনশনার্স	p e n sh o n a r s
ক্রেমার	kr e m a r
ট্রেনিংয়ের	T r e n i ng y e r
জেরুজালেমে	j e r u j a l e m e
টেক্সট	T e k s T
বেইজিংয়ের	b e i j i ng y e r
এয়ারক্রাফট	e y a r kr a ph T
এতেকাফের	e t e k a ph e r
গ্রেপ্তারকরে	gr e p t a r k O r e
চেয়ারপার্সন	ch e y a r p a r s o n
এসিবাস	e sh i b a s
ফ্রেমওয়ার্কের	ph r e m O y a r k e r
টেলিফোনির	T e l i ph O n i r
রেজিস্ট্রারসহ	r e j i s T r a r sh o h O
রেলক্রসিং	r e l kr o s i ng
এনকেফালাইটিসে	e n k e ph a l a i T i s e
ফেইলুর	ph e i l u r
মেরিলের	m e r i l e r
ফ্লেভার	ph l e bh a r
চেম্বার্স	ch e mb a r s 
টেক্সটবুক	T e k s T b u k
এমিটিং	e m i T i ng
মেদভেদেভের	m e d bh e d e bh e r
প্লেসমেন্টের	p l e s m e n T e r
রেফায়েত	r e ph a y e t
ক্রেজার	kr e j a r
টেক্সটাইলস	T e k s T a i l s
ডেনিংয়ের	D e n i ng y e r
শেলফে	sh e l ph e
রেটিংয়ের	r e T i ng y e r
প্লেয়িং	p l e y i ng
প্রেসক্লাব	pr e sh kl a b
টেক্স	T e k s O
মেরকেলের	m E r k e l e r
এন্টান্স	e n T a n s O
এপিটাফ	e p i T a ph
ট্রেডিংয়ে	T r e D i ng y e
জেলেদের	j e l e d e r
মেমরির	m E m r i r
ফেনি	ph e n i
জেরুজালেমকে	j e r u j a l e m k e
এফটি	e ph T i
জেমিমার	j e m i m a r
সেখের	s e kh e r
ফেচাং	ph e ch a ng
জেফারিস	j e ph a r i s
টেলিমেডিসিন	T e l i m e D i s i n
বেলগ্রেড	b e l gr e D
প্লেটেলেট	p l e T e l e T
ক্রেইগের	kr e i g e r
পেট্রলপাম্প	p e T r o l p a mp
টেকনাফের	T e k n a ph e r
পেমেন্টের	p e m e n T e r
বেনিফিট	b e n i ph i T
রেফ	r e ph
ফ্রে	ph r e
ভেরিফাই	bh e r i ph a i
গ্রেপ্তারে	gr e p t a r e
ফেয়ারে	ph e y a r e
ফেড	ph e D
ডেফ	D e ph
ট্রেমলেটকে	T r e m l e T k e
মেজাজের	m e j a j e r
মেরামতকাজের	m e r a m o t k a j e r
জেদাজেদির	j e d a j e d i r
মেহমানদের	m e h m a n d e r
প্লেইং	p l e i ng
নেমপ্লেট	n e m p l e T
এমপিদের	e m p i d e r
তেফলা	t e ph o l a
মেদিনিপুরের	m e d i n i p u r e r
মেজরিটি	m e j r i T i
ডেভেলপারদের	D e bh e l p a r d e r
কেম্পেসের	k e mp e sh e r
মেনেজেসের	m e n e j e sh e r
রেজিং	r e j i ng
ফেদারারকে	ph e d a r a r k e
মেডেলিন	m e D e l i n
পেরেজের	p e r e j e r
ফ্লেচারকে	ph l e ch a r k e
লেন্সজুক্ত	l e n s j u kt O
লেনদেনকারিদের	l E n d e n k a r i d e r
জেরেমি	j e r e m i
টেলিফোনে	T e l i ph O n e
এলিফেন্ট	e l i ph e n T O
গ্রেপ্তারি	gr e p t a r i
শেফালির	sh e ph a l i r
ট্রেনিংয়ে	T r e n i ng y e
নেইলপলিশের	n e i l p l i sh e r
ফেইলিওর	ph e i l i O r
মেজাজেই	m e j a j e i
ডেমোক্রেট	D e m O kr e T
তেনজিং	t e n j i ng
জেমিমাকে	j e m i m a k e
প্লেসিংয়ে	p l e s i ng y e
তেরিমেরি	t e r i m e r i
এমিনেম	e m i n e m
জেরুজালেম	j e r u j a l e m
ফেভারিট	ph e bh a r i T
মেরিলিন	m e r i l i n
কেলেংকারিতে	k e l e ng k a r i t e
পেংয়ের	p e ng y e r
বেইজিংয়ে	b e i j i ng y e
পেইন্টিং	p e i n T i ng
পেটফাপা	p e T ph a p a
গ্রেপ্তারকে	gr e p t a r k e
লেজারজেট	l e j a r j e T
বেনিফিশিয়ারি	b e n i ph i sh i y a r i
মেয়রপদে	m e y o r p d e
টেলিফোনি	T e l i ph O n i
এনকেফালাইটিস	e n k e ph a l a i T i sh
ফেন	ph e n
পেন্ডিং	p e n D i ng
মেকআপম্যানকে	m e k a p m A n k e
মেহেরপুরের	m e h e r p u r e r
মেন্ডেজ	m e n D e j
রেডিমেড	r e D i m e D
মেইলের	m e i l e r
মেহরিনের	m e h r i n e r
শেফের	sh e ph e r
ট্রেমলেট	T r e m l e T
টেলএন্ডারদের	T e l e n D a r d e r
রেমিংটনের	r e m i ng T o n e r
মেরিটিমাসের	m e r i T i m a s e r
এনফিলড	e n ph i l D
বেলজিয়ামের	b e l j i y a m e r
মেডিকেটেড	m e D i k e T e D
প্লেসমেন্টে	p l e sh m e n T e
ক্রেগের	kr e g e r
ফেইক	ph e i k
ক্রেজা	kr e j a
এনভায়রনমেন্টের	e n bh a y r O n m e n T e r
ফেদারার	ph e d a r a r
কেলেংকারির	k e l e ng k a r i r
এনিমেটেড	e n i m e T e D
রেটিংয়ে	r e T i ng y e
মেহেদিতে	m e h e d i t e
ফ্লেচার	ph l e ch a r
এস্তেফা	e st e ph a
টেইলারিং	T e i l a r i ng
গ্রেসামের	gr e sh a m e r
পেকারম্যানের	p e k a r m A n e r
মেরামতির	m e r a m O t i r
পেট্রলিয়াম	p e T r O l i y a m
মেহেরের	m e h e r e r
শেলিংয়ের	sh e l i ng y e r
ডেমিচেলিসের	D e m i ch e l i s e r
মেমরি	m e m O r i
এমিলির	e m i l i r
শেরিফ	sh e r i ph
ট্রেইনিং	T r e i n i ng
এসিএফ	e s i e ph
রেকর্ডিং	r e k o r D i ng
ফেনার	ph E n a r
ভেটিংয়ের	bh e T i ng y e r
জেমিমা	j e m i m a
ফেউয়ের	ph e u y e r
বেলাগ্রামে	b e l a gr a m e
মেরিনেইট	m e r i n e i T
মেয়েজামাই	m e y e j a m a i
রেডিওলিংকের	r e D i O l i ng k e r
কেনাসংক্রান্ত	k e n a sh o ng k r a n t O
ভেরিফিকেশনের	bh e r i ph i k e sh o n e r
এফআইআরে	e ph a i a r e
মেশিনারিজের	m e sh i n a r i j e r
নেদারল্যান্ডের	n e d a r l A n D e r
মেয়েদের	m e y e d e r
রেফাত	r e ph a t
ডেম্পসি	D e mp sh i
এহতেকাফ	e h t e k a ph
ফে	ph e
এফ	e ph
কেলেংকারিই	k e l e ng k a r i i
এলড্রিজ	e l D r i j
ফেয়ার	ph e y a r
মেহমানের	m e h O m a n e r
জেমিনি	j e m i n i
মেরিনের	m e r i n e r
গেটাফের	g e T a ph e r
মেরিটাইম	m e r i T a i m
ডেলিগেটদের	D e l i g e T d e r
জেরার্ডদের	j e r a r D d e r
ফেইলর	ph e i l o r
মেজাজে	m e j a j e
মেরামতকাজে	m e r a m t k a j e
জেদাজেদি	j e d a j e d i
গেইমিং	g e i m i ng
ডেনিমের	D e n i m e r
মেদভেদেভকে	m e d bh e d e bh k e
ক্রেটিয়ান	kr e T i y a n
ট্রেডিং	T r e D i ng
মেহেদির	m e h e d i r
ফেতুরি	ph e t u r i
কেফায়েত	k e ph a y e t
মেদিনিপুরে	m e d i n i p u r e
মেকআপম্যান	m e k a p m A n
এনজাইমের	e n j a i m e r
মেহেরুলের	m e h e r u l e r
লেনদেনের	l e n d e n e r
লেংটি	l e ng T i
রেডিমেট	r e D i m e T
ফেয়ারনেস	ph e y a r n e s
ব্রেকথ্রু	br e k th r u
মেয়নেজ	m e y O n e j
রেট্রোফিট	r e T r O ph i T
জেডিডির	j e D i D i r
রেশনিংয়ের	r e sh O n i ng y e r
এলিমাম	e l i m a m
ফেমাস	ph e m a sh
রেড্ডিদের	r e D D i d e r
ফ্রেপড	ph r e p D
পেরিফাইটন	p e r i ph a i T o n
গ্রেইন	gr e i n
ক্রেয়	kr e y O
মেজাজি	m e j a j i
কেটারিংয়ের	k e T a r i ng y e r
ক্রেইগকে	kr e i g k e
ফেদেরিকো	ph e d e r i k O
পেয়িং	p e y i ng
এলিয়েনের	e l i y e n e r
ফ্রেশনার	ph r e sh n a r
ফেক	ph e k
মেং	m e ng
টেংরাটিলার	T e ng r a T i l a r
ফেভার	ph e bh a r
পেলিয়েটিভ	p e l i y e T i bh
প্লেয়ারদের	p l e y a r d e r
মেমোরিয়ালের	m e m O r i y a l e r
ডেটাশিফট	D e T a sh i ph T
মেমোরেন্ডাম	m e m O r e n D a m
ফেবারিট	ph e b a r i T
চেয়ারম্যানদের	ch e y a r m A n d e r
বেনিফিশারি	b e n i ph i sh a r i
নেইমারদের	n e i m a r d e r
ফ্রেশ	ph r e sh
মেনেজেসকে	m e n e j e s k e
মেদভেদেভ	m e d bh e d e bh
পেংগুইনদের	p e ng g u i n d e r
প্লেসিং	p l e s i ng
ডেভিলদের	D e bh i l d e r
বেলজিয়ামে	b e l j i y a m e
ডেমিয়েন	D e m i y e n
মেইনটেইন	m e i n T e i n
মেহেরজান	m e h e r j a n
বেদগ্রাম	b e d gr a m
দেবগ্রাম	d e b gr a m
মেহেরপুরে	m e h e r p u r e
জেরিনের	j e r i n e r
ডেট্রয়েটের	D e T r o y e T e r
পেলিনের	p e l i n e r
ফেবিয়াসের	ph e b i y a s e r
মেহেদিকে	m e h e d i k e
এস্তফা	e st e ph a
জেফারসনের	j e ph a r s O n e r
টেংরাটিলায়	T e ng r a T i l a y
বেইজিং	b e i j i ng
পেরেজকে	p e r e j k e
বেনফিকার	b e n ph i k a r
ডেভেলপমেন্ট	D e bh e l o p m e n T 
মেরিনেট	m e r i n e T
ফেবারিটরা	ph e b a r i T r a
মেইলটি	m e i l T i
এলমারের	e l m a r e r
টেন্ডারিং	T e n D a r i ng
ফেডারেশনের	ph e D a r e sh o n e r
নেপালিদের	n e p a l i d e r
এনাফ	e n a ph
মেটাফোর	m e T a ph O r
ফেইস	ph e i s
টেকনাফ	T e k n a ph
ক্রেইগ	kr e i g
এন্ডিং	e n D i ng
জেপিমর্গান	j e p i m O r g a n
জেং	j e ng
এভারগ্রিন	e bh a r gr i n
গেটাফে	g e T a ph e
বেকহ্যামের	b e k h A m e r
মেহেরচন্ডি	m e h e r ch O nD i
দেবব্রত	d e b O br o t O
লেগিংসের	l e g i ng s e r
টেবিলম্যাট	T e b i l m A T
গ্রেডিয়েন্ট	gr e D i y e n T 
জেটলির	j e T l i r
নেদারল্যান্ডে	n e d a r l A n D e
রেটিং	r e T i ng
ডেংগুজ্বরে	D e ng g u j o r e
এরফানুর	e r ph a n u r
গ্রেগরি	gr e g O r i
ডেটিং	D e T i ng
মেডিসিনের	m e D i s i n e r
রেসলিং	r e s l i ng
মেইরিড	m e i r i D
রেডক্রিসেন্ট	r e D kr i s e n T 
এমমি	e m m i
ডেমিচেলিস	D e m i k e l i s
লেহেংগার	l e h e ng g a r
এমপ্লয়িজ	e m p l o y i j
গ্রেভি	gr e bh i
গ্রেগরিয়ান	gr e g O r i y a n
এলিটদের	e l i T d e r
এনক্রিপ্ট	e n kr i p T O
লেনদেনটি	l e n d e n T i
পেট্রোলিয়ামের	p e T r O l i y a m e r
লেনদেনে	l e n d e n e
এলিভেটেড	e l i bh e T e D
মেরিডিয়ান	m e r i D i y a n
ড্রেজারের	D r e j a r e r
জেরার্ডের	j e r a r D e r
প্লেনটির	p l e n T i r
চেকিংয়ের	ch e k i ng y e r
মেনেজেস	m e n e j e s
প্লেনের	p l e n e r
মেইডেন	m e i D e n
ডেইমলার	D e i m l a r
রেটিফিকেশন	r e T i ph i k e sh o n
ডেমিচেলিসকে	D e m i k e l i s k e
টেলিফোনিকা	T e l i ph O n i k a
মেইলকে	m e i l k e
জেনিংস	j e n i ng s
মেদিনিপুর	m e d i n i p u r
এমপির	e m p i r
প্লেয়ারের	p l e y a r e r
চেয়ারম্যানের	ch e y a r m A n e r
মেরিটে	m e r i T e
রেসপিরেটরি	r e sh p i r e T O r i
মেজবাহউদ্দিনের	m e j b a h u d d i n e r
জেটলিকে	j e T l i k e
এয়ারটেলের	e y a r T e l e r
লেফ্ট	l e ph T O
লেফট	l e ph o T
ড্রেনেজ	D r e n e j
এম্পায়ার	e mp a y a r
মেহেরুল্লাহ	m e h e r u l l a h
নেদারল্যান্ডকে	n e d a r l A n D k e
ট্রেকিং	T r e k i ng
রেমিংটন	r e m i ng T o n
লেডিজ	l e D i j
নেজামির	n e j a m i r
ডেফিনেশন	D e ph i n e sh o n
পেরেজ	p e r e j
বেজিং	b e j i ng
ট্রেইলারের	T r e i l a r e r
ফেয়ারওয়ে	ph e y a r O y e
ডেভেলপারকে	D e bh e l o p a r k e
বেনিতেজের	b e n i t e j e r
জেনেলিয়া	j e n e l i y a
মেটালের	m e T a l e r
ডেইলিতে	D e i l i t e
চেংয়ের	ch e ng y e r
রেললাইনে	r e l l a i n e
লেনিনের	l e n i n e r
জেনারেলরাই	j e n a r e l r a i
তেভেজের	t e bh e j e r
নেইমারের	n e i m a r e r
নেটিং	n e T i ng
লেনদেনই	l e n d e n i
পেংগুইনের	p e ng g u i n e r
ডেট্রয়েটে	D e T r o y e T e
ডেট্রয়েটগামি	D e T r o y e T g a m i
বেলজিয়াম	b e l j i y a m
বেলিজের	b e l i j e r
এলিফ্যান্ট	e l i ph a n T 
লেনদেনকে	l e n d e n k e
এমবেডেড	e m b e D e D
রেলক্রসিংগুলোতে	r e l o kr o s i ng g u l O t e
শেফ	sh e ph
মেজররা	m e j O r r a
নেইলপলিশ	n e i l p o l i sh
মেরুং	m e r u ng
ক্রেগ	kr e g
ডেনমার্কের	D e n m a r k e r
জেমি	j e m i
মেহেরুনের	m e h e r u n e r
শেফিল্ড	sh e ph i l D O
জেলগেটে	j e l g e T e
এনডেমিক	e n D e m i k
প্লেজ	p l e j
টেংরাগিরি	T e ng r a g i r i
রেসপন্স	r e sh p o n s 
ভেরিফিকেশন	bh e r i ph i k e sh o n
মেহেরপুর	m e h e r p u r
কেওক্রাডংয়ের	k e O kr a D o ng y e r
গ্রেটার	gr e T a r
গ্রেটরা	gr e T r a
মেনিনজাইটিস	m e n i n j a i T i s
জেইনের	j e i n e r
এমিরে	e m i r e
এলার্জির	e l a r j i r
মেন্ডিসের	m e n D i s e r
মেরির	m e r i r
পেলের	p e l e r
এলিজি	e l i j i
এমদাদের	e m d a d e r
রেলগেটের	r e l g e T e r
মেহেরনেগার	m e h e r n e g a r
লেডিকেনি	l e D i k e n i
গ্রেনাডাইন	gr e n a D a i n
মেজরদের	m e j O r d e r
ডেফিনিশন	D e ph i n i sh o n
রেকিং	r e k i ng
বেনফিকা	b e n ph i k a
ক্রেসিদা	kr e s i d a
রেহমানের	r e h m a n e r
এন্টিজেন	e n T i j e n
পেকারম্যান	p e k a r m A n
মেহরিন	m e h r i n
এমিলিয়া	e m i l i y a
বেলডেনের	b e l D e n e r
এলমাহদি	e l m a h d i
দেমজানজুককে	d e m j a n j u k k e
ডেলিভারিতে	D e l i bh a r i t e
রেলপুলিশের	r e l p u l i sh e r
বেনজিরের	b e n j i r e r
ডেইলির	D e i l i r
টেপরেকর্ডার	T e p r e k o r D a r
মেডেন	m e D e n
ড্রেসিং	D r e s i ng
লেফটব্যাক	l e ph T b A k
রেফার্ড	r e ph a r D 
প্লেজার	p l e j a r
পেলিনকে	p e l i n k e
ডেফার্ড	D e ph a r D 
মেইকআপের	m e i k a p e r
পেট্রলচালিত	p e T r o l ch a l i t O
মেহের	m e h e r
নেইমারহিন	n e i m a r h i n
বেল্লালের	b e l l a l e r
পেট্রোলিয়ামজাত	p e T r O l i y a m j a t
লেইনের	l e i n e r
এলিনের	e l i n e r
পেন্টিয়াম	p e n T i y a m
মেংগি	m e ng g i
ডেমিকেলিস	D e m i k e l i s
মেরিনটেক	m e r i n T e k
ডেমের	D E m e r
কেম্পেস	k e mp e s
এলজির	e l j i r
মেরাপির	m e r a p i r
নেটওয়ার্কিংয়ের	n e T O y a r k i ng y e r
চেয়ারম্যানকেই	ch e y a r m A n k e i
মেয়ারের	m e y a r e r
রেইনট্রির	r e i n T r i r
লেহেংগা	l e h e ng g a
এমদাদুলের	e m d a d u l e r
পেইন্টের	p e i n T e r
ট্রেন্ডের	T r e n D e r
লেভিনের	l e bh i n e r
দেং	d e ng
ড্রেসম্যান	D r e s m A n
কেরামদের	k e r a m d e r
মেরজাই	m e r j a i
ডেভেলপার	D e bh e l o p a r
মেডিসিনে	m e D i s i n e
শেফার	sh e ph a r
শেলিং	sh e l i ng
পেলেকে	p e l e k e
রেডইন্ডিয়ান	r e D i n D i y a n
নেজামে	n e j a m e
জেনেরিক	j e n e r i k
লেনদেনকারি	l e n d e n k a r i
পেনেলোপের	p e n e l O p e r
এলিয়েন	e l i y e n
মেরিকে	m e r i k e
এমরানের	e m r a n e r
জেসিপেনি	j e s i p e n i
কেওক্রাডাং	k e O kr a D a ng
জেনারেলরা	j e n a r e l r a
প্লেয়ারে	p l e y a r e
রেচেলের	r e ch e l e r
বেনজেমার	b e n j e m a r
মেটার্নিটি	m e T a r n i T i
প্লেনে	p l e n e
ভেনেজুয়েলায়	bh e n e j u y e l a y
ফেডারেশনকে	ph e D a r e sh o n k e
মেমোরিতে	m e m O r i t e
মেসিদের	m e s i d e r
প্লেনটি	p l e n T i
লেলিন	l e l i n
মেনজেস	m e n j e s
এনিমে	e n i m e
মেহরাজ	m e h r a j
ট্রেডওয়েলের	T r e D O y e l e r
মেহ্রিন	m e h r i n
মেরিন	m e r i n
গেইমটিতে	g e i m T i t e
পেনিসিলিন	p e n i s i l i n
রেহামের	r e h a m e r
ডেলিভারির	D e l i bh a r i r
ডেলিভারিটি	D e l i bh a r i T i
ডেইলিকে	D e i l i k e
রেকর্ডেড	r e k o r D e D
জেডির	j e D i r
জেরির	j e r i r
লেভারকুজেনের	l e bh a r k u j e n e r
ডেট্রয়েট	D e T r o y e T
নেমবাং	n e m b a ng
মেশিনারিজ	m e sh i n a r i j
মেরিল্যান্ড	m e r i l l a n D 
রেইডের	r e i D e r
গেজেটেড	g e j e T e D
রেড্ডির	r e D D i r
জেনের	j e n e r
লেলিহ	l e l i h
জেলজিবনের	j e l j i b o n e r
ডেভিডের	D e bh i D e r
জেম	j e m
ভেলুপিল্লাই	bh e l u p i l l a i
প্লেতে	p l e t e
চেয়ারম্যানেরা	ch e y a r m A n e r a
ডেভেলপাররা	D e bh e l o p a r r a
মেতাফোরা	m e t a ph O r a
এলেংগা	e l e ng g a
পেনাং	p e n a ng
মেহ্দি	m e h d i
মেহদি	m e h d i
মেইপ	m e i p
এমপি	e m p i
গেইলদের	g e i l d e r
এডেনের	e D e n e r
টেম্পোরারি	T e mp O r a r i
এমএড	e m e D
এরেম	e r e m
এমের	e m e r
টেম্পু	T e mp u
নেড়েচেড়ে	n e r e ch e r e
চেয়ারম্যানকে	ch e y a r m A n k e
ফেউ	ph e u
ভেনেজুয়েলাকে	bh e n e j u y e l a k e
মেরিট	m e r i T
ভেজালের	bh e j a l e r
এনক্রিপশন	e n kr i p sh o n
মেহনতি	m e h n O t i
নেইমারবিহিন	n e i m a r b i h i n
ট্রেইলারে	T r e i l a r e
এলিয়েনদের	e l i y e n d e r
ভেনিজুয়েলার	bh e n i j u y e l a r
নেং	n e ng
নেপালের	n e p a l e r
গেলফান্ড	g e l ph a n D 
দেমজানজুক	d e m j a n j u k
ট্রেইলারটি	T r e i l a r T i
মেনকাদের	m e n k a d e r
ডেনমার্কে	D e n m a r k e
নেজামি	n e j a m i
এনজাইম	e n j a i m
মেহমুদ	m e h m u d
মেহ্জাবিনকে	m e h j a b i n k e
এলজি	e l j i
বেরিং	b e r i ng
জেটের	j e T e r
পেনাল্টির	p e n a l T i r
বেনজেমাকে	b e n j e m a k e
মেরাদিয়ার	m e r a d i y a r
গেমারদের	g e m a r d e r
টেলএন্ডার	T e l e n D a r
রেন্টালের	r e n T a l e r
পেনাল্টিটি	p e n a l T i T i
এমামি	e m a m i
বেয়ারফুট	b e y a r ph u T
মেরিনার	m e r i n a r
এমপ্লয়মেন্ট	e m p l o y m e n T
লেডির	l e D i r
নেয়ামুলের	n e y a m u l e r
টেইটদের	T e i T d e r
এমাজউদ্দিন	e m a j u d d i n
তেহজিবের	t e h j i b e r
মেজবাহউদ্দিনকে	m e j b a h u d d i n k e
গ্রেগ	gr e g
প্লেইন	p l e i n
পেলিন	p e l i n
রেলগেটে	r e l g e T e
রেকর্ডারের	r e k o r D a r e r
জেভিরিয়ান	j e bh i r i y a n
মেম্বারশিপ	m e mb a r sh i p
মে’মান	m e m a n
মেমোরির	m e m O r i r
দেয়ালটির	d e y a l T i r
গেইমের	g e i m e r
এভরিডিএনএস	e bh r i D i e n e s
মেকআপের	m e k a p e r
এমনিই	e m n i i
এনিমি	e n i m i
গেইমটির	g e i m T i r
পেইনকিলার	p e i n k i l a r
জেগিংস	j e g i ng s
মেমনের	m e m o n e r
মেরাদিয়ায়	m e r a d i y a y
জেনারের	j e n a r e r
এফেক্ট	e ph e k T 
এন্টারটেইনমেন্ট	e n T a r T e i n m e n T 
ফেইসবুকের	ph e i s b u k e r
টেগ্রা	T e gr a
এলিয়ে	e l i y e
মেরাপি	m e r a p i
এমপিরা	e m p i r a
এড্রয়েট	e D r o y e T
মেহনাজ	m e h n a j
পেনড্রাইভে	p e n D r a i bh e
এফোড়	e ph O r
কেটারিং	k e T a r i ng
মেজরের	m e j o r e r
জেরোমের	j e r O m e r
রেলভবনের	r e l bh O b o n e r
জেনেটিক	j e n e T i k
টেলিফোনেও	T e l i ph O n e O
পেনড্রাইভটি	p e n D r a i bh T i
পেট্রোলপাম্প	p e T r o l p a mp 
পেডিয়াট্রিক	p e D i y a T r i k
টেররিজম	T e r o r i j o m
এয়ারলাইনের	e y a r l a i n e r
রেজিয়ার	r e j i y a r
প্লেড	p l e D
রেজিশ্ট্রি	r e j i s T r i
প্লের	p l e r
রেনজি	r e n j i
জেরিন	j e r i n
জেনির	j e n i r
চেয়ারম্যানরাই	ch e y a r m A n r a i
ব্রেখট	br e kh T
পেটাংগি	p e T a ng g i
ডেমোক্র্যাটদলিয়	D e m O k r a T d O l i y O
মেটাবলিজম	m e T a b O l i j o m
মেট্রিক	m e T r i k
জেহাদের	j e h a d e r
গেমপ্ল্যান	g e m p l a n
মেইড	m e i D
এমডি	e m D i
রেইনের	r e i n e r
টেট্রামিন	T e T r a m i n
মেরি	m e r i
নেপিয়ারে	n e p i y a r e
এলিজার	e l i j a r
এলার্জি	e l a r j i
রেইনট্রি	r e i n T r i
নেটিরির	n e T i r i r
মেন্টরদের	m e n T o r d e r
পেরেরার	p e r e r a r
ডেমরায়	D E m r a y
মেয়ররা	m e y o r r a
জেফারসন	j e ph a r s o n
বেনেডিক্টের	b e n e D i k T e r
ডেনমার্ককে	D E n m a r k k e
এনজামেনা	e n j a m e n a
ভেজ্জাজিভা	bh e j j a j i bh a
গেমটিতে	g e m T i t e
রেসিং	r e s i ng
বেসক্যাম্পের	b e s k A mp e r
ফেডারেশন	ph e D a r e sh o n
মেয়রদের	m e y o r d e r
তেভেজকে	t e bh e j k e
গেটিং	g e T i ng
ডেটাবেজের	D e T a b e j e r
নেইমারকে	n e i m a r k e
লেডিকে	l e D i k e
প্লেনারি	p l e n a r i
লেগিংস	l e g i ng s
এলমার	e l m a r
মেইলটা	m e i l T a
পেরির	p e r i r
বেগুনগ্রামে	b e g u n gr a m e
এভারমিডিয়া	e bh a r m i D i y a
পেয়ারের	p e y a r e r
বেলেল্লা	b e l e l l a
কেম্যান	k e m A n
টেন্ডুলকারদের	T e n D u l k a r d e r
জেনেট	j e n e T
টেরিটরি	T e r i T r i
টেক্সটাইলসহ	T e k s T a i l sh o h O
লেইনে	l e i n e
এলেইন	e l e i n
পেট্রোলিয়াম	p e T r O l i y a m
পেট্রোপন্যের	p e T r O p O n n e r
রেলগেইট	r e l g e i T
লেন্ডি	l e n D i
ট্রেন্ডে	T r e n D e
মেন্ডিসকে	m e n D i s k e
শেরম্যান	sh e r m A n
এমদাদকে	e m d a d k e
বেনজামিন	b e n j a m i n
ডেসিবেলের	D e s i b e l e r
মেকারের	m e k a r e r
কেরামের	k e r a m e r
বেকহ্যাম	b e k h A m
এনগেজমেন্ট	e n g e j m e n T 
গেটম্যান	g e T m A n
চেয়্যারম্যান	ch e y a r m A n
মেডিসিন	m e D i s i n
ভেনেজুয়েলা	bh e n e j u y e l a
লেটারের	l e T a r e r
ট্রেলারে	T r e l a r e
বেতনক্রমের	b e t o n kr o m e r
পেশাজিবিদের	p e sh a j i b i d e r
রেহমানকে	r e h m a n k e
বেলিম	b e l i m
এমডিরা	e m D i r a
জেনিকে	j e n i k e
এনায়েতপুরের	e n a y e t p u r e r
নেমাজ	n e m a j
নেজাম	n e j a m
পেনেলোপে	p e n e l O p e
কেরিয়ারের	k e r i y a r e r
টেলরকে	T e l o r k e
বেটিং	b e T i ng
টেলিটকে	T e l i T k e
কেনেডির	k e n e D i r
এনরিকের	e n r i k e r
রেজ্জাকুলকে	r e j j a k u l k e
মেরিক	m e r i k
লেড়ে	l e r e
জেম্মা	j e mm a
পেরেরাকে	p e r e r a k e
মেহ্জাবিন	m e h j a b i n
টেবিলক্লথ	T e b i l  kl o th
প্লেয়ার	p l e y a r
গ্রেস	gr e s
ড্রেজার	D r e j a r
পেরেইরা	p e r e i r a
গেমের	g e m e r
মেজবাহউদ্দিন	m e j b a h u d d i n
মেকানিকের	m e k a n i k e r
মেইন	m e i n
নেইম	n e i m
কেজের	k e j e r
গেমটির	g e m T i r
বেইকিং	b e i k i ng
রেয়াজউদ্দিন	r e y a j u d d i n
কেলেন্ডার	k e l e n D a r
মেন্ডেস	m e n D e s
মেটালিক	m e T a l i k
মেয়োনেজ	m e y O n e j
ফ্রেমওয়ার্ক	ph r e m O y a r k 
নেয়ামতুল্লাহ	n e y a m o t u l l a h
নেয়ামতউল্লাহ	n e y a m o t u l l a h
নেয়ামতউল্যাহ	n e y a m o t u l l a h
বেভারেজের	b e bh a r e j e r
এসিল্যান্ডকে	e s i l A n D k e
জেরি	j e r i
ডেডলাইন	D e D l a i n
এহতেশামের	e h t e sh a m e r
টেলিকমের	T e l i k o m e r
এমপেরর	e m p e r o r
মেকারুলের	m e k a r u l e r
রেসপনসিবিলিটি	r e s p o n s i b i l i T i
রেড্ডি	r e D D i
এসপিদের	e s p i d e r
শেরেবাংলার	sh e r e b a ng l a r
মেহরাবের	m e h r a b e r
জেরুসালেম	j e r u s a l e m
রেসিপিতে	r e s i p i t e
চেয়ারম্যানরা	ch e y a r m A n r a
মেশিনারির	m e sh i n a r i r
পেংগুইন	p e ng g u i n
গেইলের	g e i l e r
নেপিদ	n e p i d
ট্রেনটিকে	T r e n T i k e
রেংগুনে	r e ng g u n e
মেনল্যান্ড	m e n l A n D 
এন্ডেড	e n D e D
ট্রেনলাইন	T r e n l a i n
পেরুজিয়ার	p e r u j i y a r
ড্রেনে	D r e n e
এয়ারক্র্যাফট	e y a r k r a ph T
পেপারে	p e p a r e
ট্রেনেই	T r e n e i
ডেসক্রিপশন	D e s kr i p sh o n
টেমি	T e m i
এমটি	e m T i
ট্রেন্ডি	T r e n D i
এন্ট্রির	e n T r i r
এলিমেন্ট	e l i m e n T 
এনামুলের	e n a m u l e r
এনায়েতের	e n a y e t e r
মেইলবার্তায়	m e i l b a r t a y
ভেংকটেশ	bh e ng k T e sh
ট্রেনহিন	T r e n h i n
লেনিন	l e n i n
পেন্টামিথিলিন	p e n T a m i th i l i n
বেলজিয়ান	b e l j i y a n
প্লেয়াররা	p l e y a r r a
কেনেডিকে	k e n e D i k e
ভেনিজুয়েলা	bh e n i j u y e l a
ট্রেইলার	T r e i l a r
ফেবারিটই	ph e b a r i T  i
রেজাউলের	r e j a u l e r
জেপ	j e p
এলহাম	e l h a m
মেম্বাররা	m e mb a r r a
এমরানকে	e m r a n k e
মেহেরুন	m e h e r u n
লেংথের	l e ng th e r
বেথলেহেমের	b e th l e h e m e r
পেপি	p e p i
ভেলেকে	bh e l e k e
মেগরাহির	m e g r a h i r
রেজ্জাক	r e j j a k
মেরাদিয়া	m e r a d i y a
পেনেলোপি	p e n e l O p i
গেমারের	g e m a r e r
লেবারদের	l e b a r d e r
তেভেজ	t e bh e j
মেডিনা	m e D i n a
বেডরুমের	b e D r u m e r
মেরিনা	m e r i n a
নেইমার	n e i m a r
ডেংগুতে	D e ng g u t e
ডেটেড	D e T e D
এলির	e l i r
ডেটের	D e T e r
ট্রেডে	T r e D e
গ্রেনেডশহ	gr e n e D sh o h O
মেহেদিবাগে	m e h e d i b a g e
ভেজিটেবলের	bh e j i T e b o l e r
চেকোস্লোভাকিয়ার	ch e k O s l O bh a k i y a r
এফওয়ান	e ph O y a n
টেইটের	T e i T e r
বেনজিমা	b E n j i m a
রেকর্ডারে	r e k r D a r e
মেমোরি	m e m O r i
ট্রেডওয়েলকে	T r e D O y e l k e
লেনে	l e n e
বেনিয়ামিন	b e n i y a m i n
বেনইয়ামিন	b e n i y a m i n
রেলগেট	r e l g e T
ভেট্টরির	bh e T T O r i r
টেলিকমমন্ত্রি	T e l i k o m m O n t r i
মেকআপে	m e k a p e
পেনসিলভানিয়ার	p e n s i l bh a n i y a r
মেডিটেশনের	m e D i T e sh o n e r
গেইমটি	g e i m T i
টেন্ডারবাজের	T e n D a r b a j e r
খেলাফতে	kh e l a ph o t e
ফেইসবুকে	ph e i s b u k e
মেজবাউদ্দিন	m e j b a u d d i n
ডেনজার	D e n j a r
মেকানিজম	m e k a n i j o m
মেশিনে	m e sh i n e
টেন্ডারবাজিতে	T e n D a r b a j i t e
জেনেভার	j e n e bh a r
মেন্ডিস	m e n D i s
পেপলের	p e p o l e r
বেলডেন	b e l D e n
সেথ	sh e th
সেথা	sh e th a
সেথায়	sh e th a y
সেথো	sh E th O
সেদিক	sh e d i k
সেদিকটা	sh e d i k T a
সেদিকটায়	sh e d i k T a y
সেদিকটি	sh e d i k T i
সেনও	sh e n O
সেনকে	sh e n k e
সেনদের	sh e n o d e r
সেনসহ	sh e n sh o h O
সেচনালা	sh e ch n a l a
সেচনির্ভর	sh e ch n i r bh o r
সেচনি	sh e ch n i
সেচা	sh e ch a
সেচান	sh e ch a n
সেচের	sh e ch e r
সেডন	s e D o n
সেডিবা	s e D i b a
সেতাব	sh e t a b
সেতাবুল	sh e t a b u l
সেতারবাদক	sh e t a r b a d o k
সেতারা	sh e t a r a
সেতারে	sh e t a r e
সেতো	sh e t O
সেখানটায়	sh e kh a n T a y
সেখানথেকে	sh e kh a n th e k e
সেখানে	sh e kh a n e
সেখানেই	sh e kh a n e i
সেখানেও	sh e kh a n e O
সেখানের	sh e kh a n e r
সেগুলি	sh e g u l i
সেগুলির	sh e g u l i r
সেগুলো	sh e g u l O
সেচক	sh e ch o k
সেচকাজ	sh e ch k a j
সেচকাজে	sh e ch k a j e
সেচকাজের	sh e ch k a j e r
সেচখাল	sh e ch kh a l
সেচখালটিতে	sh e ch kh a l T i t e
সেচখালের	sh e ch kh a l e r
সেচজন্ত্র	sh e ch j O n t r O
সেচন	sh e ch o n
সেইদিন	sh e i d i n
সেইবার	sh e i b a r
সেইভাবে	sh e i bh a b e
সেইভাবেই	sh e i bh a b e i
সেইমতো	sh e i m O t O
সেইরকম	sh e i r o k O m
সেইরুপ	sh e i r u p
সেইসংগে	sh e i sh o ng g e
সেইসব	sh e i sh o b
সেইসাথে	sh e i sh a th e
সেক	sh E k
সেকথা	sh e k o th a
সেকরা	sh E k r a
সেকহ্যান্ড	sh e k h a n D
সেকা	sh e k a
সেকারনে	sh e k a r O n e
সেকারনেই	sh e k a r O n e i
সেকাল	sh e k a l
সেকালে	sh e k a l e
সেকালের	sh e k a l e r
সেকি	sh e k i
সেকিল	sh e k i l
সেকিসো	sh e k i sh O
সেকুবা	sh e k u b a
সেকে	sh e k e
সেক্তা	sh e kt a
সেখান	sh e kh a n
সেখানকার	sh e kh a n k a r
সেখানকারই	sh e kh a n k a r i
সেউতি	sh e u t i
সেওলা	sh E O l a
সেজুতি	sh e j u t i
সেং	sh e ng
সেই	sh e i
সেইখানে	sh e i kh a n e
সেইখানেই	sh e i kh a n e i
সেইজন্য	sh e i j O n n O
সেইজি	s e i j i
সেইটা	sh e i T a
সেইটে	sh e i T e
সেইডল	s e i D o l
খে	kh e
খেকশিয়াল	kh E k sh i y a l
খেকারি	kh E k a r i
খেচ	kh E ch
খেচাখেচি	kh E ch a kh E ch i
খেচে	kh e ch e
খেচড়া	kh E ch r a
খেট	kh E T
খেদা	kh E d a
খেসারি	kh E sh a r i
খেড়ু	kh e r u
খেড়ো	kh E r O
খেংরা	kh E ng r a
খেই	kh e i
খেওয়া	kh e O y a
খেচকা	kh e ch k a
খেজমত	kh e j m o t
খেজুরও	kh e j u r O
খেজুরগাছ	kh e j u r g a chh
খেজুরগাছের	kh e j u r g a chh e r
খেজুরতল	kh e j u r t o l
খেজুরপাতার	kh e j u r p a t a r
খেজুরবাগ	kh e j u r b a g
খেজুরে	kh e j u r e
খেজুরেও	kh e j u r e O
খেজের	kh e j e r
খেটক	kh e T o k
খেটে	kh e T e
খেটেখাওয়া	kh e T e kh a O y a
খেটেখুটে	kh e T e kh u T e
খেটেছি	kh e T e chh i
খেটেছিলেন	kh e T e chh i l e n
খেটেছে	kh e T e chh e
খেটেছেন	kh e T e chh e n
খেটেল	kh e T e l
খেত	kh e t
খেতখামার	kh e t kh a m a r
খেতখামারে	kh e t kh a m a r e
খেতমজুর	kh e t m O j u r
খেতাবও	kh e t a b O
খেতাবটা	kh e t a b T a
খেতাবটি	kh e t a b T i
খেতাবধারি	kh e t a b dh a r i
খেতাবে	kh e t a b e
খেতি	kh e t i
খেতেই	kh e t e i
খেতেও	kh e t e O
খেতেন	kh e t e n
খেতের	kh e t e r
খেদ	kh e d
খেদমত	kh e d m o t
খেদমতে	kh e d m o t e
খেদাও	kh E d a O
খেদিত	kh e d i t O
খেদিব	kh e d i b
খেদিরা	kh e d i r a
খেদিরার	kh e d i r a r
খেদিয়ে	kh e d i y e
খেদের	kh e d e r
খেদোক্তি	kh e d O kt i
খেন	kh E n
খেপ	kh E p
খেপানোর	kh E p a n O r
খেপিয়ে	kh e p i y e
খেপুপাড়ায়	kh e p u p a r a y
খেপে	kh e p e
খেপেছে	kh e p e chh e
খেপেছেন	kh e p e chh e n
খেম	kh e m
খেমাররুজ	kh e m a r r u j
খেমি	kh e m i
খেজাব	kh e j a b
খের	kh e r
খেরো	kh e r O
খেরোখাতার	kh e r O kh a t a r
খেরোখাতায়	kh e r O kh a t a y
খেল	kh e l
খেলওয়াত	kh e l O y a t
খেলছ	kh e l O chh
খেলছি	kh e l chh i
খেলছিল	kh e l chh i l O
খেলছিলাম	kh e l chh i l a m
খেলছে	kh e l chh e
খেলছেও	kh e l chh e O
খেলছেন	kh e l chh e n
খেলতাম	kh e l t a m
খেলতেই	kh e l t e i
খেলতেও	kh e l t e O
খেলতেন	kh e l t e n
খেলতেনও	kh e l t e n O
খেলন	kh E l o n
খেলনাপাতি	kh E l n a p a t i
খেলনার	kh E l n a r
খেলবই	kh e l b O i
খেলবেনই	kh e l b e n i
খেলবো	kh e l b O
খেললাম	kh e l l a m
খেললে	kh e l l e
খেললেই	kh e l l e i
খেললেও	kh e l l O e O
খেললেন	kh e l l e n
খেললো	kh e l l O
খেলাই	kh E l a i
খেলাও	kh E l a O
খেলাকে	kh E l a k e
খেলাকেই	kh E l a k e i
খেলাগাড়ি	kh E l a g a r i
খেলাগুলো	kh E l a g u l O
খেলাগুলোতে	kh E l a g u l O t e
খেলাগুলোর	kh E l a g u l O r
খেলাঘর	kh E l a gh o r
খেলাঘরে	kh E l a gh o r e
খেলাঘরের	kh E l a gh o r e r
খেলাচ্ছলে	kh E l a ch chh l e
খেলাটাই	kh E l a T a i
খেলাটাও	kh E l a T a O
খেলাটাকেই	kh E l a T a k e i
খেলাটার	kh E l a T a r
খেলাটায়	kh E l a T a y
খেলাটি	kh E l a T i
খেলাটিই	kh E l a T i i
খেলাটিতে	kh E l a T i t e
খেলাটির	kh E l a T i r
খেলাত	kh E l a t O
খেলাতে	kh E l a t e
খেলাতেই	kh E l a t e i
খেলাতেও	kh E l a t e O
খেলাধুলা	kh E l a dh u l a
খেলাধুলাও	kh E l a dh u l a O
খেলাধুলাকে	kh E l a dh u l a k e
খেলাধুলাতেও	kh E l a dh u l a t e O
খেলাধুলাবিশয়ক	kh E l a dh u l a b i sh o y O k
খেলাধুলার	kh E l a dh u l a r
খেলাধুলাশহ	kh E l a dh u l a sh o h O
খেলাধুলায়	kh E l a dh u l a y
খেলাধুলায়ও	kh E l a dh u l a y O
খেলান	kh E l a n
খেলানোটা	kh E l a n O T a
খেলানোর	kh E l a n O r
খেলাপ	kh e l a p
খেলাপি	kh e l a p i
খেলাপিতে	kh e l a p i t e
খেলাপিদের	kh e l a p i d e r
খেলাপির	kh e l a p i r
খেলাপিরিন	kh e l a p i r i n
খেলাপিরিনের	kh e l a p i r i n e r
খেলাব	kh e l a b
খেলাবিহিন	kh E l a b i h i n
খেলাবেন	kh E l a b e n
খেলার	kh E l a r
খেলারও	kh E l a r O
খেলালে	kh E l a l e
খেলালেন	kh E l a l e n
খেলায়	kh E l a y
খেলায়ই	kh E l a y i
খেলায়ও	kh E l a y O
খেলি	kh e l i
খেলিনি	kh e l i n i
খেলিয়ে	kh e l i y e
খেলিয়েই	kh e l i y e i
খেলিয়েছে	kh e l i y e chh e
খেলিয়েছেন	kh e l i y e chh e n
খেলুক	kh e l u k
খেলুন	kh e l u n
খেলুড়ে	kh e l u r e
খেলুয়া	kh e l u y a
খেলে	kh e l e
খেলেই	kh e l e i
খেলেও	kh e l e O
খেলেছ	kh e l e chh O
খেলেছিল	kh e l e chh i l O
খেলেছে	kh e l e chh e
খেলেছেন	kh e l e chh e n
খেলেননি	kh E l e n n i
খেলেনা	kh E l e n a
খেলেনি	kh E l e n i
খেলো	kh E l O
খেলোয়াড়বিশিশ্ট	kh E l O y a r b i sh i sh T O
খেলোয়াৎ	kh E l O y a t
খেলোয়াড়ই	kh E l O y a r O i
খেলোয়াড়ও	kh E l O y a r o O
খেলোয়াড়কে	kh E l O y a r k e
খেলোয়াড়কেই	kh E l O y a r k e i
খেলোয়াড়কেও	kh E l O y a r k e O
খেলোয়াড়টি	kh E l O y a r T i
খেলোয়াড়টির	kh E l O y a r T i r
খেলোয়াড়দের	kh E l O y a r d e r
খেলোয়াড়দেরই	kh E l O y a r d e r i
খেলোয়াড়দেরও	kh E l O y a r d e r o O
খেলোয়াড়রা	kh E l O y a r r a
খেলোয়াড়শহ	kh E l O y a r sh o h O
খেলোয়াড়সুলভ	kh E l O y a r sh u l o bh
খেলোয়াড়ি	kh E l O y a r i
খেলোয়াড়ে	kh E l O y a r e
খেলোয়াড়ের	kh E l O y a r e r
খেলোয়াড়েরই	kh E l O y a r e r O i
খেলোয়াড়েরা	kh E l O y a r e r a
খেলোয়াড়েরাই	kh E l O y a r e r a i
খেলোয়াড়েরাও	kh E l O y a r e r a O
খেশ	kh e sh
খেসট	kh e sh o T
খেসার	kh e sh a r
খেসারত	kh e sh a r o t
খেসারতও	kh e sh a r o t O
খেসারতের	kh e sh a r o t e r
খেসারির	kh e sh a r i r
খেসালা	kh e sh a l a
খেড়	kh e r
খেড়ুয়া	kh e r u y a
খেয়া	kh e y a
খেয়াঘাট	kh e y a gh a T
খেয়াঘাটটি	kh e y a gh a T T i
খেয়াঘাটসংলগ্ন	kh e y a gh a T sh o ng l o g n O
খেয়াঘাটে	kh e y a gh a T e
খেয়াঘাটের	kh e y a gh a T e r
খেয়াতি	kh e y a t i
খেয়াজান	kh e y a j a n
খেয়াজানের	kh e y a j a n e r
খেয়ালই	kh e y a l i
খেয়ালও	kh e y a l O
খেয়ালখুশি	kh e y a l kh u sh i
খেয়ালখুশিমতো	kh e y a l kh u sh i m O t O
খেয়ালখুশির	kh e y a l kh u sh i r
খেয়ালি	kh e y a l i
খেয়ালে	kh e y a l e
খেয়ালের	kh e y a l e r
খেয়ে	kh e y e
খেয়েই	kh e y e i
খেয়েও	kh e y e O
খেয়েছ	kh e y e chh O
খেয়েছি	kh e y e chh i
খেয়েছিল	kh e y e chh i l O
খেয়েছিলাম	kh e y e chh i l a m
খেয়েছিলেন	kh e y e chh i l e n
খেয়েছে	kh e y e chh e
খেয়েছেন	kh e y e chh e n
খেয়েদেয়ে	kh e y e d e y e
খেয়েপরে	kh e y e p O r e
খেয়ো	kh e y O
খেয়োখেয়ি	kh e y O kh e y i
গেজলা	g E j l a
গেজেল	g e j e l
গেটে	g e T e
গেট্টাগোট্টা	g e T T a g O T T a
গেতো	g e t O
গেথে	g e th e
গেথেছে	g e th e chh e
গেদা	g E d a
গেদে	g e d e
গেড়	g e r O
গেড়ি	g e r i
গেড়ে	g e r e
গেড়ো	g e r O
গেয়ো	g e y O
গেংগানো	g e ng g a n O
গেইছে	g e i chh e
গেইট	g e i T
গেইটে	g e i T e
গেইটের	g e i T e r
গেইথনার	g e i th n a r
গেইন	g e i n
গেইম	g e i m
গেইমস	g e i m s
গেইর	g e i r
গেইল	g e i l
গেইলকে	g e i l k e
গেইলরা	g e i l r a
গেও	g e O
গেওয়া	g e O y a
গেওয়ার	g e O y a r
গেওয়ালি	g e O y a l i
গেকো	g e k O
গেছ	g e chh O
গেছি	g e chh i
গেছিল	g e chh i l O
গেছিলাম	g e chh i l a m
গেছিলেন	g e chh i l e n
গেছিস	g e chh i sh
গেছে	g e chh e
গেছেই	g e chh e i
গেছেও	g e chh e O
গেছেন	g e chh e n
গেছো	g e chh O
গেজ	g e j
গেজেটভুক্ত	g e j e T bh u kt O
গেজো	g e j O
গেটআপ	g e T a p
গেটওয়ে	g e T O y e
গেটওয়ের	g e T O y e r
গেটশহ	g e T sh o h O
গেটস	g e T s
গেটসংলগ্ন	g e T sh o ng l o g n O
গেটসও	g e T s O
গেটসকে	g e T s k e
গেটসের	g e T s e r
গেটিসবার্গ	g e T i s b a r g
গেড	g e D
গেডমি	g e D m i
গেন্ডারিয়া	g e n D a r i y a
গেদু	g e d u
গেনু	g e n u
গেন্ডা	g e n D a
গেন্ডারিয়ার	g e n D a r i y a r
গেন্ডারিয়ায়	g e n D a r i y a y
গেন্দা	g e nd a
গেন্দুক	g e nd u k
গেন্দুকুড়ি	g e nd u k u r i
গেন্নাদি	g e nn a d i
গেম	g e m
গেমগুলো	g e m g u l O
গেমটা	g e m T a
গেমটি	g e m T i
গেমস	g e m s
গেলা	g e l a
গেলাতে	g e l a t e
গেলানো	g e l a n O
গেলাম	g e l a m
গেলার	g e l a r
গেলি	g e l i
গেলুম	g e l u m
গেলে	g e l e
গেলেই	g e l e i
গেলেও	g e l e O
গেলেন	g e l e n
গেলো	g E l O
গেহ	g e h O
শেহজাদ	sh e h j a d
শেহজাদকে	sh e h j a d k e
শেহজাদের	sh e h j a d e r
শেহনাজ	sh e h n a j
শেহরিন	sh e h r i n
শেহলিনা	sh e h l i n a
শেহাবউদ্দিন	sh e h a b u d d i n
শেহালা	sh e h a l a
শেহেরজাদ	sh e h e r j a d
এখতিয়ারভুক্ত	e kh t i y a r bh u kt O
এডপ্ট	e D o p T
এডমন্ড	E D m o n D
এডা	e D a
এডাব	e D a b
এডাবের	e D a b e r
এডাম	e D a m
এডামস	e D a m o sh
এডি	e D i
এডিডাস	e D i D a s
এডিন	e D i n
এডিনবরা	e D i n b r a
এডিনবরার	e D i n b r a r
এডিনবরায়	e D i n b r a y
এডিনবার্গ	e D i n b a r g
এডিনসন	e D i n s O n
এডিবল	e D i b o l
এডিশনাল	e D i sh o n a l
এডিস	e D i s
এডু	e D u
এডুইন	e D u i n
এডেটা	e D e T a
এডেন	e D e n
এডেলকি	e D e l k i
এন	e n
এন্ডা	e n D a
এন্ডায়	e n D a y
এতই	E t O i
এতক	E t o k
এতকালের	E t O k a l e r
এতকিছুর	E t O k i chh u r
এতখানি	E t O kh a n i
এতজনকে	E t O j O n k e
এতটা	E t O T a
এতটাই	E t O T a i
এতটুকু	E t O T u k u
এতটুকুও	E t O T u k u O
এতটুকুন	E t O T u k u n
এততাহাম	e t t a h a m
এতদসম্পর্কিয়	E t O d o sh o mp O r k i y O
এতদিন	E t O d i n
এতদিনে	E t O d i n e
এতদিনের	E t O d i n e r
এতদুর	E t O d u r
এতদ্	E t O d
এতদ্বারা	E t O d a r a
এমনি	e m n i
এমনিতে	e m n i t e
এমনিতেই	e m n i t e i
এমনিতেও	e m n i t e O
এমনিভাবে	e m n i bh a b e
এমনো	e m n O
এমনও	E m o n O
এমনটা	E m o n T a
এমনটাই	E m o n T a i
এমনটাও	E m o n T a O
এমনটি	E m o n T i
এমনটিই	E m o n T i i
এমনটিও	E m o n T i O
এমনতর	E m n t o r O
এমনতরো	E m n t o r O
এমন	E m o n
এমনভাবেই	E m O n bh a b e i
এমনসব	E m n sh o b
এমপাওয়ারমেন্ট	e m p a O y a r m e n T
এরশাদও	e r sh a d o O
এরশাদকে	e r sh a d k e
এরশাদকেও	e r sh a d k e O
এরশাদনগর	e r sh a d n o g O r
এরশাদবিরোধি	e r sh a d b i r O dh i
এরশাদসহ	e r sh a d sh o h O
এরশাদুর	e r sh a d u r
এরশাদুল	e r sh a d u l
এরশাদের	e r sh a d e r
এরাকাত	e r a k a t
এরাদুল	e r a d u l
এরি	e r i
এরিক	e r i k
এরিকসন	e r i k s o n
এরিকসনকে	e r i k s o n k e
এরিকসনের	e r i k s o n e r
এরিকা	e r i k a
এরিকের	e r i k e r
এরিখ	e r i kh
এরিনা	e r i n a
এরিল্ড	e r i l D
জেনেও	j e n e O
জেনেছিলাম	j e n e chh i l a m
জেনেছিলেন	j e n e chh i l e n
জেনেছেন	j e n e chh e n
জেনে	j e n e
জেনেই	j e n e i
জেলাওয়ারি	j e l a O y a r i
জেলাকে	j e l a k e
জেলাগুলো	j e l a g u l O
জেলাগুলোকে	j e l a g u l O k e
জেলাগুলোতেও	j e l a g u l O t e O
জেলাগুলোয়	j e l a g u l O y
জেলাটি	j e l a T i
জেলাটিন	j e l a T i n
জেলাতে	j e l a t e
জেলাতেই	j e l a t e i
জেলাতেও	j e l a t e O
জেলাধিন	j e l a dh i n
গ্রহণ	gr O h O n
অংশ	o ng sh O
অ	o
অং	o ng
অংকই	o ng k O i
অংকও	o ng k o O
অংকটা	o ng k O T a | o ng k o T a
অংকটাও	o ng k o T a O
অংকটি	o ng k o T i
অংকন	o ng k o n
অংকনে	o ng k o n e
অংকারুড়	o ng k a r u r O
অংকিত	O ng k i t O
অংকিতা	O ng k i t a
অংকুট	O ng k u T
অংকুর	O ng k u r
অংকুরকে	O ng k u r k e
অংকুরিত	O ng k u r i t O
অংকুরে	O ng k u r e
অংকুরেই	O ng k u r e i
অংকুরের	O ng k u r e r
অংকুরোদ্গম	O ng k u r O d g o m
অংকুশ	O ng k u sh
অংকুশরাও	O ng k u sh r a O
অংকে	o ng k e
অংকের	o ng k e r
অংকোপরি	o ng k O p O r i
অংগ	o ng g O
অংগই	o ng g O i
অংগও	o ng g o O
অংগটি	o ng g O T i
অংগদ	o ng g o d
অংগন	o ng g o n
অংগনও	o ng g o n O
অংগনকে	o ng g o n k e
অংগনকেই	o ng g o n k e i
অংগনসহ	o ng g o n sh o h O
অংগনা	o ng g o n a
অংগনে	o ng g O n e
অংগনেই	o ng g O n e i
অংগনেও	o ng g O n e O
অংগনের	o ng g O n e r
অংগপ্রতিশ্ঠান	o ng g O pr o t i sh Th a n
অংগপ্রতিশ্ঠানের	o ng g O pr o t i sh Th a n e r
অংগপ্রত্যংগ	o ng g O pr O t o ng g O
অংগভংগি	o ng g O bh O ng g i
অংগভংগির	o ng g O bh O ng g i r
অংগভিত্তিক	o ng g O bh i tt i k
অংগরাজ্য	o ng g O r a j j O
অংগরাজ্যগুলো	o ng g O r a j j O g u l O
অংগরাজ্যগুলোর	o ng g O r a j j O g u l O r
অংগরাজ্যে	o ng g O r a j j e
অংগরাজ্যেই	o ng g O r a j j e i
অংগরাজ্যেও	o ng g O r a j j e O
অংগরাজ্যের	o ng g O r a j j e r
অংগসংগঠন	o ng g O sh o ng g o Th O n
অংগসংগঠনগুলো	o ng g O sh o ng g o Th O n g u l O
অংগসংগঠনগুলোর	o ng g O sh o ng g o Th O n g u l O r
অংগসংগঠনের	o ng g O sh o sh o ng g o Th O n e r
অংগসমন্বিত	o ng g O sh o m O n n i t O
অংগসহজোগি	o ng g o sh o h o j O g i
অংগহানি	o ng g o h a n i
অংগহানির	o ng g o h a n i r
অংগাংগি	o ng g a ng g i
অংগাংগিভাবে	o ng g a ng g i bh a b e
অংগার	o ng g a r
অংগারাম্ল	o ng g a r a m l O
অংগি	O ng g i
অংগিকা	O ng g i k a
অংগিকার	O ng g i k a r
অংগিকারই	O ng g i k a r i
অংগিকারও	O ng g i k a r o O
অংগিকারকে	O ng g i k a r o k e
অংগিকারগুলো	O ng g i k a r g u l O
অংগিকারনামা	O ng g i k a r n a m a
অংগিকারনামায়	O ng g i k a r n a m a y
অংগিকারপত্র	O ng g i k a r p O tr O
অংগিকারবদ্ধ	O ng g i k a r b o d dh O
অংগিকারাবদ্ধ	O ng g i k a r a b o d dh O
অংগিকারে	O ng g i k a r e
অংগিকারের	O ng g i k a r e r
অংগিভুত	O ng g i bh u t O
অংগুলি	O ng g u l i
অংগুশ্ঠ	O ng g u sh Th O
অংগে	o ng g e
অংগের	o ng g e r
অংঘ্রি	O ng gh r i
অংশই	o ng sh O i
অংশও	o ng sh o O
অংশকে	o ng sh O k e
অংশকেও	o ng sh o k e O
অংশগুলো	o ng sh O g u l O
অংশগুলোতে	o ng sh O g u l O t e
অংশগুলোর	o ng sh O g u l O r
অংশগ্রহনই	o ng sh o gr o h o n i | o ng sh O gr O h O n i
অংশগ্রহনও	o ng sh o gr o h o n O | o ng sh O gr O h O n O
অংশগ্রহনকারি	o ng sh o gr o h o n k a r i | o ng sh O gr O h O n k a r i
অংশগ্রহনকারিদের	o ng sh o gr o h o n k a r i d e r | o ng sh O gr O h O n k a r i d e r
অংশগ্রহনকারির	o ng sh o gr o h o n k a r i r | o ng sh O gr O h O n k a r i r
অংশগ্রহনকারিরা	o ng sh o gr o h o n k a r i r a | o ng sh O gr O h O n k a r i r a
অংশগ্রহনকারিরাই	o ng sh o gr o h o n k a r i r a i
অংশগ্রহনকারিরাও	o ng sh o gr o h o n k a r i r a O
অংশগ্রহনকে	o ng sh o gr o h o n k e | o ng sh O gr O h O n k e
অংশগ্রহনভিত্তিক	o ng sh o gr o h o n bh i tt i k
অংশগ্রহনমুলক	o ng sh o gr o h o n m u l o k | o ng sh O gr O h O n m u l o k
অংশগ্রহনসহ	o ng sh o gr o h o n sh o h O
অংশগ্রহনে	o ng sh O gr O h O n e
অংশগ্রহনেই	o ng sh o gr o h o n e i
অংশজুড়ে	o ng sh o j u r e
অংশজুড়েই	o ng sh o j u r e i
অংশটাই	o ng sh o T a i
অংশটাকে	o ng sh o T a k e
অংশটাতে	o ng sh o T a t e
অংশটিই	o ng sh O T i i
অংশটিও	o ng sh o T i O
অংশটিকে	o ng sh O T i k e
অংশটিতে	o ng sh O T i t e
অংশটুকু	o ng sh O T u k u
অংশটুকুই	o ng sh o T u k u i
অংশটুকুতে	o ng sh o T u k u t e
অংশটুকুর	o ng sh o T u k u r
অংশত	o ng sh o t O
অংশবিশেশ	o ng sh O b i sh e sh | o ng sh o b i sh e sh
অংশবিশেশও	o ng sh o b i sh e sh O
অংশবিশেশে	o ng sh o b i sh e sh e
অংশবিশেশের	o ng sh O b i sh e sh e r | o ng sh o b i sh e sh e r
অংশসহ	o ng sh O sh o h O
অংশি	O ng sh i
অংশিজনদের	O ng sh i j o n d e r
অংশিদার	O ng sh i d a r | o ng sh i d a r
অংশিদারত্ব	O ng sh i d a r O t t O | o ng sh i d a r t t o
অংশিদারত্বের	O ng sh i d a r O tt e r
অংশিদারদের	o ng sh i d a r d e r | o ng sh i d a r o d e r
অংশিদারি	O ng sh i d a r i
অংশিদারিকে	O ng sh i d a r i k e
অংশিদারিতে	O ng sh i d a r i t e
অংশিদারিত্ব	O ng sh i d a r i t t O | o ng sh i d a r t t o
অংশিদারিত্বে	O ng sh i d a r i t e t o
অংশিদারিত্বের	O ng sh i d a r i t t e r | o ng sh i d a r i t e t o r
অংশিদারিমুলক	O ng sh i d a r i m u l o k
অংশিদারির	O ng sh i d a r i r | o ng sh i d a r i r
অংশিদারের	O ng sh i d a r e r | o ng sh i d a r e r
অংশিদারেরা	O ng sh i d a r e r a
অংশুমান	O ng sh u m a n
অংশুর	O ng sh u r
অংশে	o ng sh e
অংশেই	o ng sh e i
অংশেও	o ng sh e O
অংশের	o ng sh e r
অংশেরই	o ng sh e r i
অংশোইপ্রম্ন	o ng sh O i pr o m n O
অংশ্যমান	o ng sh O m a n
অংস	o ng sh O
অংহ	o ng h O
অং্গ	o ng g o
অং্গনে	o ng g O n e
অং্গরাজ্যের	o ng g o r a j j e r
অং্গিকার	o ng g i k a r
অই	O i
অইছন	O i chh o n
অইছে	O i sh e
অইত	O i t
অইতে	O i t e
অইতো	O i t O
অইব	O i b O
অইবে	O i b e
অইবো	O i b O
অইল	O i l
অইলে	O i l e
অইলেও	O i l e O
অইয়া	O i y a
অইয়্যা	O i y A
অউপকারি	O u p O k a r i
অউর	O u r
অওডি	o O D i
অওরত	o O r o t
অওসৎ	o O sh o t
অওয়ামি	o O y a m i
অক	o k
অকখর	o k kh O r
অকচ	o k o ch
অকটু	o k O T u
অকটেন	o k T e n
অকটেনের	o k T e n e r
অকট–বিকট	o k o T | b i k o T
অকঠোর	o k o Th O r
অকথন	o k o th O n
অকথা	o k o th a
অকথিত	o k O th i t O
অকনিশ্ঠ	o k O n i sh Th O
অকন্টক	o k o n T o k
অকন্টকে	o k o n T o k e
অকপট	o k O p o T
অকপটেই	o k O p o T e i
অকবজ	o k o b O j
অকবি	o k O b i
অকমনিয়	o k o m O n i y O
অকর	o k o r
অকরন	o k o r o n
অকরোটি	o k o r O T i
অকর্কশ	o k o r k O sh o
অকর্তব্য	o k o r t o b b O
অকর্তা	o k o r t a
অকর্ন	o k o r n O
অকর্ম	o k o r m O
অকর্মন্য	o k o r m o n n O
অকর্মন্যতা	o k o r m o n n o t a
অকর্মা	o k o r m a
অকর্মিশ্ঠ	o k O r m i sh Th O
অকর্ষিত	o k o r sh i t o
অকল	o k o l
অকলংক	o k o l O ng k O
অকলমন্দ	o k o l m o nd o
অকলুশ	o k O l u sh
অকল্ক	o k o l k O
অকল্পনা	o k o l p O n a
অকল্পনিয়	o k o l p O n i y O
অকল্পিত	o k O l p i t O
অকল্মশ	o k o l m o sh o
অকল্যান	o k o l l a n o | o k O l l a n
অকল্যানকর	o k o l l a n k o r
অকল্যানের	o k o l l a n e r
অকল্যান্ড	o k l A n D
অকল্যান্ডে	o k l A n D e
অকল্যান্ডের	o k l A n D e r
অকশন	o k o sh o n
অকশ্ট	o k o sh T O
অকসর	o k sh O r
অকস্মাৎ	a k O sh sh a t
অকাজ	o k a j
অকাজে	o k a j e
অকাজের	o k a j e r
অকাট	o k a T
অকাট্য	o k a T T O
অকাঠা	o k a Th a
অকাতর	o k a t O r
অকাতরে	o k a t o r e
অকান্ড	o k a n D O
অকাপট্য	o k a p o T T O
অকাম	o k a m
অকামিক	o k a m i k o
অকাম্য	o k a m m O
অকার	o k a r
অকারত	o k a r o t o
অকারন	o k a r o n | o k a r O n
অকারনে	o k a r o n e | o k a r O n e
অকারনেই	o k a r o n e i | o k a r O n e i
অকার্য	o k a r j O
অকার্যকর	o k a r j O k o r
অকার্যকরই	o k a r j o k o r i
অকার্যকারিতা	o k a r j o k a r i t a
অকার্যকারিতার	o k a r j o k a r i t a r
অকালপ্রয়াত	o k a l pr o y a t o
অকালপ্রয়ান	o k a l pr o y a n
অকালপ্রয়ানে	o k a l pr o y a n e
অকালবন্যা	o k a l b o n n a
অকালমৃত্যু	o k a l m ri t t u
অকালমৃত্যুতে	o k a l m ri t t u t e
অকালমৃত্যুর	o k a l m ri t t u r
অকালি	o k a l i
অকালিন	o k a l i n
অকালে	o k a l e
অকালেই	o k a l e i
অকাল্পনিক	o k a l p O n i k
অকায়	o k a y
অকিঞ্চন	O k i nch o n
অকির্তি	O k i r t i
অকুটিল	O k u T i l o
অকুতোভয়	O k u t O bh o y
অকুতোভয়ে	O k u t O bh o y e
অকুন্ঠ	o k u n Th o | o k u n Th O
অকুন্ঠচিত্তে	O k u n Th o ch i tt e
অকুপাই	O k u p a i
অকুপেশনাল	O k u p e sh o n a l
অকুফ	O k u ph
অকুমার	O k u m a r
অকুমারি	O k u m a r i
অকুল	O k u l
অকুলাস	O k u l a sh
অকুলিন	O k u l i n o
অকুশল	O k u sh o l
অকুস্থল	O k u sth o l
অকুস্থলে	O k u sth o l e
অকৃত	o k ri t o
অকৃতকার্য	o k ri t O k a r j O
অকৃতকার্যদের	o k r i t o k a r j o d e r
অকৃতকার্যের	o k r i t o k a r j e r
অকৃতঘ্ন	o k ri t o gh n O
অকৃতজ্ঞ	o k ri t o g g O
অকৃতদার	o k ri t O d a r
অকৃতাত্মা	o k ri t a t t a
অকৃতাদর	o k ri t a d O r
অকৃতাপরাধ	o k ri t a p O r a dh
অকৃতার্থ	o k ri t a r th O
অকৃতি	o k ri t i
অকৃতিত্ব	o k ri t i tt O
অকৃতোদ্বাহ	o k ri t O d b a h O
অকৃতোদ্বাহা	o k r i t O d b a h a
অকৃত্য	o k ri t t O
অকৃত্রিম	o k ri tr i m
অকৃপ	o k ri p o
অকৃপন	o k o r i p o n | o k ri p O n
অকৃপনভাবে	o k r i p o n bh a b e
অকৃশি	o k ri sh i | o k r i sh i
অকৃশ্ট	o k ri sh T O
অকৃশ্ন	o k ri sh n O
অকেজো	o k e j O
অকেলাস	o k e l a sh
অকেলাসিত	o k e l a sh i t O
অকেশ	o k e sh
অকেশনাল	o k e sh o n a l
অকোইতব	o k O i t o b
অকোউশল	o k O u sh o l
অকোপ	o k O p
অকোবিদ	o k O b i d
অকোল	o k O l
অক্	o y a k ph o
অক্কা	o k k a
অক্কে	o k k e
অক্টা	o k T a
অক্টো	o k T O
অক্টোপাসটি	o k T O p a sh T i
অক্টোপাসটির	o k T O p a sh T i r
অক্টোবর	o k T O b o r
অক্টোবরই	o k T O b o r i
অক্টোবরও	o k T O b o r O
অক্টোবরকে	o k T O b o r k e
অক্টোবরে	o k T O b o r e
অক্টোবরেই	o k T O b o r e i
অক্টোবরের	o k T O b o r e r
অক্ত	o kt O
অক্রম	o kr o m
অক্রিকেটিয়	O kr i k e T i y o
অক্রিত	O k k ri t O
অক্রিয়	O kr i y O
অক্রিয়া	O kr i y a
অক্রুদ্ধ	O kr u d dh O
অক্রুর	O kr u r
অক্রেয়	o kr e y O
অক্রোধ	o kr O dh
অক্লান্ত	o kl a nt O
অক্লান্তভাবে	o kl a nt o bh a b e
অক্লিব	O kl i b
অক্লিশ্ট	O kl i sh T O
অক্লেশ	o kl e sh
অক্ষ	o kkh O
অক্ষটি	o kkh O T i
অক্ষত	o kkh o t O
অক্ষতই	o kkh o t o i
অক্ষম	o kkh o m
অক্ষমতা	o kkh o m O t a
অক্ষমতার	o kkh o m O t a r
অক্ষমা	o kkh o m a
অক্ষমের	o kkh o m e r
অক্ষরকে	o kkh o r k e
অক্ষরগুলো	o kkh O r g u l O
অক্ষরজ্ঞান	o kkh O r g A n
অক্ষরজ্ঞানসম্পন্ন	o kkh o r g A n sh o mp o nn o
অক্ষরজ্ঞানহিন	o kkh o r g A n h i n
অক্ষরবৃত্ত	o kkh o r b ri tt O
অক্ষরা	o kkh O r a
অক্ষরানন্দ	o kkh r a n o nd O
অক্ষরানন্দের	o kkh r a n o nd e r
অক্ষরে	o kkh O r e
অক্ষরের	o kkh O r e r
অক্ষশক্তির	o kkh o sh o kt i r
অক্ষার	o kkh a r
অক্ষি	O kkh i
অক্ষিন্ন	O kkh i nn O
অক্ষুন্ন	o kkh u nn o | o kkh u nn O
অক্ষেমা	o kkh e m a
অক্ষের	o kkh e r
অক্ষোউহিনি	o kkh O u h i n i
অক্ষোভ	o kkh O bh
অক্ষোভ্য	o kkh O b bh O
অক্ষয়	o kkh o y
অক্ষয়কে	o kkh o y k e
অক্ষয়ের	o kkh o y e r
অক্সফাম	o k s ph a m
অক্সফামের	o k s ph a m e r
অক্সফোর্ডশায়ারের	o k s ph O r D sh a y a r e r
অক্সফোর্ডে	o k s ph O r D e
অক্সাইড	o k s a i D
অক্সাইডসহ	o k s a i D sh o h O
অক্সাইডের	o k s a i D e r
অক্সিজেন	o k s i j e n
অক্সিজেনশুন্য	o k s i j e n sh u n n O
অক্সিজেনের	o k s i j e n e r
অক্সিটোসিন	o k s i T O s i n
অক্সিডাইজ	o k s i D a i j
অক্সিডেন্ট	o k s i D e n T
অক্সিডেন্টাল	o k s i D e n T a l
অক্সিডেশন	o k s i D e sh o n
অক্সিন	o k s i n
অক্সিলারি	o k s i l a r i
অখন	o kh o n
অখন্ড	o kh o n D o | o kh o n D O
অখন্ডতা	o kh o n D o t a
অখন্ডতার	o kh o n D o t a r
অখন্ডিত	o kh O n D i t O
অখর্ব	o kh o r b O
অখল	o kh o l
অখাত	o kh a t
অখিদ্য	O kh i d d O
অখিন্ন	O kh i nn O
অখিল	O kh i l
অখুশি	O kh u sh i
অখুশিও	O kh u sh i O
অখেদ	o kh e d
অখেলোয়াড়সুলভ	o kh e l O y a r sh u l o bh
অখোন	o kh O n
অখ্যাত	o k kh a t O
অখ্যাতনামা	o k kh A t O n a m a
অখ্যাতি	o k kh A t i
অগচ্ছিত	o g O ch chh i t O
অগঠন	o g o Th O n
অগতি	o g O t i
অগত্যা	o g O t t a
অগদ	o g o d
অগনতান্ত্রিক	o g o n o t a nt ri k | o g o n O t a nt ri k
অগনতান্ত্রিকভাবে	o g o n o t a nt ri k bh a b e
অগনন	o g o n o n | o g o n O n
অগননিয়	o g o n O n i y O
অগনিত	o g o n i t | o g O n i t O
অগন্য	o g o n n O
অগভির	o g O bh i r | o g o bh i r
অগম	o g o m
অগম্য	o g o m m O
অগর্হিত	o g O r h i t O
অগস্ট	o g a sh T
অগস্ত্য	o g O st O
অগাধ	o g a dh
অগাস্ট	o g a sh T
অগাস্টের	o g a s T e r
অগাস্তো	o g a st O
অগিত	O g i t O
অগুন	O g u n
অগুরু	O g u r u
অগুরুত্বপুর্ন	O g u r u tt o p u r n o
অগুয়ান	O g u y a n
অগে	o g e
অগো	o g O
অগোউন	o g O u n O
অগোউর	o g O u r O
অগোউরব	o g O u r o b
অগোউরবের	o g u r o b e r
অগোচর	o g O ch o r
অগোচরে	o g O ch O r e
অগোচরেই	o g O ch o r e i
অগোছালো	o g O chh a l O
অগোছালোভাবে	o g O chh a l O bh a b e
অগোপন	o g O p o n
অগোর	o g O r
অগ্নিকা	O g n i k a
অগ্নিকান্ড	o g n i k a n D o | O g n i k a n D O
অগ্নিকান্ডে	o g n i k a n D e | O g n i k a n D e
অগ্নিকান্ডের	o g n i k a n D e r | O g n i k a n D e r
অগ্নিকুন্ড	O g n i k u n D O
অগ্নিগিরির	O g n i g i r i r
অগ্নিজুগের	O g n i j u g e r
অগ্নিঝরা	O g n i jh o r a
অগ্নিদগ্ধ	O g n i d o g dh O
অগ্নিদগ্ধদের	O g n i d o g dh o d e r
অগ্নিনির্বাপনকর্মি	O g n i n i r b a p o n k o r m i
অগ্নিনির্বাপনকর্মিরা	O g n i n i r b a p o n k o r m i r a
অগ্নিনির্বাপনব্যবস্থা	O g n i n i r b a p o n b e b sth a
অগ্নিনির্বাপনে	O g n i n i r b a p o n e
অগ্নিনির্বাপনের	O g n i n i r b a p o n e r
অগ্নিপথ	O g n i p o th
অগ্নিপরিক্ষা	O g n i p O r i kkh a | o g n i p o r i kkh a
অগ্নিপরিক্ষার	O g n i p o r i kkh a r
অগ্নিপরিক্ষায়	O g n i p o r i kkh a y
অগ্নিপ্রতিরোধ	O g n i pr o t i r O dh
অগ্নিপ্রতিরোধের	O g n i pr o t i r O dh e r
অগ্নিবিনা	O g n i b i n a | o g n i b i n a
অগ্নিবেশ	O g n i b e sh
অগ্নিমুল্য	O g n i m u l l O
অগ্নির	O g n i r
অগ্নিশর্মা	O g n i sh o r m a
অগ্নিশিখা	O g n i sh i kh a
অগ্নিসংজোগ	O g n i sh o ng j O g | o g n i sh o ng j O g
অগ্নিসংজোগও	O g n i sh o ng j O g O
অগ্নিসংজোগসহ	O g n i sh o ng j O g sh o h O | o g n i sh o ng j O g sh o h O
অগ্নিসংজোগে	O g n i sh o ng j O g e | o g n i sh o ng j O g e
অগ্নিসংজোগের	O g n i sh o ng j O g e r | o g n i sh o ng j O g e r
অগ্নিসাক্ষি	O g n i sh a kkh i
অগ্ন্যস্ত্র	o g n O st r o
অগ্ন্যাশয়	o g n a sh o y
অগ্ন্যাশয়ে	o g n a sh o y e
অগ্ন্যাশয়ের	o g n a sh o y e r
অগ্ন্যুত্পাতের	O g n u t p a t e r
অগ্ন্যুৎপাত	O g n u t p a t
অগ্ন্যুৎপাতে	O g n u t p a t e
অগ্ন্যুৎপাতের	O g n u t p a t e r
অগ্ন্যুৎসব	O g n u t sh o b
অগ্রক্রয়	o gr O kr o y o
অগ্রক্রয়ের	o gr O kr o y e r
অগ্রগতিই	o gr O g o t i i
অগ্রগতিকে	o gr O g O t i k e
অগ্রগতিটা	o gr O g o t i T a
অগ্রগতিসংক্রান্ত	o gr o g o t i sh o ng kr a nt o
অগ্রগন্য	o gr o g o n n o | o gr O g O n n O
অগ্রগামি	o gr O g a m i | o gr o g a m i
অগ্রগামিতা	o gr O g a m i t a
অগ্রজ	o gr o j
অগ্রজদের	o gr O j d e r
অগ্রজপ্রতিম	o gr O j o pr o t i m
অগ্রজাত্রা	o gr O j a tr a | o gr o j a tr a
অগ্রজাত্রাকে	o gr O j a tr a k e | o gr o j a tr a k e
অগ্রজাত্রার	o gr O j a tr a r | o gr o j a tr a r
অগ্রজাত্রায়	o gr O j a tr a y
অগ্রজের	o gr O j e r
অগ্রদুত	o gr O d u t | o gr o d u t
অগ্রনায়ক	o gr O n a y o k
অগ্রনি	o gr o g o n i | o gr O n i | o gr o n i
অগ্রপথিক	o gr O p O th i k
অগ্রপশ্চাৎ	o gr O p o sh ch a t
অগ্রবর্তি	o gr O b O r t i | o gr o b o r t i
অগ্রভাগে	o gr O bh a g e
অগ্রসরতা	o gr O sh o r o t a
অগ্রসরমান	o gr o sh o r o m a n | o gr O sh o r m a n
অগ্রসরের	o gr O sh o sh o r e r
অগ্রহনজোগ্য	o gr o h o n j O g g o | o gr O h O n j O g g O
অগ্রহনিয়	o gr O O h O n i y O
অগ্রহায়ন	o gr O h a y o n
অগ্রাধিকারগুলো	o gr a dh i k a r g u l O
অগ্রাধিকারগুলোর	o gr a dh i k a r g u l O r
অগ্রাধিকারপ্রাপ্ত	o gr a dh i k a r pr a p t O
অগ্রাধিকারভিত্তিক	o gr a dh i k a r bh i tt i k
অগ্রাধিকারভিত্তিতে	o gr a dh i k a r bh i tt i t e
অগ্রাধিকারমুলক	O gr a dh i k a r m u l O k | o gr a dh i k a r m u l o k
অগ্রাধিকারে	o gr a dh i k a r e
অগ্রাধিকারের	o gr a dh i k a r e r
অগ্রাভিজান	o gr a bh i j a n
অগ্রাহ্য	o gr a j jh O
অগ্রিম	O gr i m
অগ্রিমও	O gr i m O
অগ্রিমের	O gr i m e r
অগ্রে	o g gr e
অগ্র্য	o g gr O
অগড়ম–বগড়ম	o g r O m | b o g r O m
অগড়–বগড়	o g o r | b o g o r
অঘ	o gh o
অঘটন	o gh o T O n
অঘটনঘটনপটিয়সি	o gh o T o n gh o T o n p o T i y o sh i
অঘটনটা	o gh o T o n T a
অঘটনের	o gh o T O n e r
অঘর	o gh o r
অঘা	o gh a
অঘাট	o gh a T
অঘৃন্য	o gh r i n n O
অঘোর	o gh O r
অঘোশ	o gh O sh
অঘোশিত	o gh O sh i t O | o gh O sh i t o
অঘোশিতভাবে	o gh O sh i t O bh a b e | o gh O sh i t o bh a b e
অঘ্রাত	o gh r a t
অঘ্রান	o gh r a n
অচকিত	o ch O k i t O
অচক্রি	o ch O kr i
অচক্ষু	o ch O kkh u
অচঞ্চল	o ch o nch o l
অচতুর	o ch O t u r
অচন্দ্রচেতন	o ch o ndr O ch e t o n
অচপল	o ch o p O l
অচর	o ch o r
অচরিতার্থ	o ch O r i t a r th O
অচল	o ch o l
অচলাবস্থার	o ch o l a b o sth a r
অচলাবস্থায়	o ch o l a b o sth a y
অচলায়তন	o ch o l a y o t o n
অচলায়তনের	o ch o l a y o t o n e r
অচলের	o ch o l e r
অচালন	o ch a l O n
অচিকির্ষু	O ch i k i r sh u
অচিকিৎসা	O ch i k i t sh a
অচিন	O ch i n
অচিন্তনিয়	O ch i nt o n i y o
অচিন্ত্য	O ch i nt O
অচির	O ch i r
অচিরাৎ	O ch i r a t
অচিরে	O ch i r e
অচিরেই	O ch i r e i
অচিহ্নিত	O ch i n h i t O
অচুম্বিত	O ch u mb i t O
অচুর্ন	O ch u r n O
অচেত	o ch e t O
অচেতন	o ch e t o n
অচেনা	o ch e n a
অচেনাকে	o ch e n a k e
অচেশ্ট	o ch e sh T O
অচোইতন্য	o ch O i t o n n O
অচ্ছ	o ch chh O
অচ্ছায়	o ch chh a y
অচ্ছিদ্র	O ch chh i d r O
অচ্ছিন্ন	O ch chh i nn O
অচ্ছুত	O ch u chh o t o
অচ্ছেদ্য	o ch chh e d d O
অচ্ছোদ	o ch chh O d
অচ্যুত	O ch u t O
অছইতে	o chh o i t e
অছাত্র	o chh a tr O
অছাত্রদের	o chh a tr o d e r
অছাত্ররা	o chh a tr o r a
অছাত্রসুলভ	o chh a tr o sh u l o bh
অছিলা	O chh i l a
অছিলায়	O chh i l a y
অছিলে	O chh i l e
অজইব	o j O i b O
অজগরটি	o j O g o r T i
অজচ্ছল	o j o ch chh o l
অজটিল	o j O T i l
অজত্ন	o j o t n O | o j o t n o
অজত্নে	o j O t n e
অজথা	o j O th a
অজথাই	o j O th a i | o j o th a i
অজথার্থ	o j O th a r th O
অজনপ্রিয়	o j O n o pr i y o
অজন্ত	o j o nt O
অজন্তা	o j O nt a
অজন্মা	o j O n m a
অজপা	o j O p a
অজপাড়াগা	o j O p a r a g a
অজপাড়াগার	o j O p a r a g a r
অজপাড়াগায়ে	o j O p a r a g a y e
অজপাড়াগায়ের	o j O p a r a g a y e r
অজবুক	o j O u k o
অজর	o j o r
অজরামর	o j O r a m o r
অজর্নের	o j O r n e r
অজস্রবার	o j O r sh o b a r
অজা	o j a
অজাগর	o j a g O r
অজাচক	o j a ch o k
অজাচার	o j a ch a r
অজাচিত	o j a ch i t O | o j a ch i t o
অজাচিতভাবে	o j a ch i t O bh a b e | o j a ch i t o bh a b e
অজাত	o j a t O
অজাতশত্রু	o j a t o sh o tr u
অজাত্রা	o j a tr a
অজানাই	o j a n a i
অজানায়	o j a n a y
অজান্তে	o j a nt e
অজান্তেই	o j a nt e i
অজান্ত্রিক	o j a nt ri k | o j a nt r i k
অজামিনজোগ্য	o j a m i n o j O g g o
অজি	O j i
অজিজ্ঞাস	O j i g g a sh O
অজিতদা	O j i t d a
অজিতেন্দ্রিয়	O j i t e ndr i y O
অজিন	O j i n
অজির্ন	O j i r n O
অজু	O j u
অজুক্ত	O j u kt O
অজুক্তি	O j u kt i
অজুগত	O j u g o t O
অজুগ্ম	O j u g m O
অজুত	O j u t | o j u t
অজুর	O j u r
অজুরদার	O j u r o d a r
অজুরা	O j u r a
অজুহাত	O j u h a t
অজুহাতই	O j u h a t O i
অজুহাতও	O j u h a t o O
অজুহাতে	O j u h a t e
অজুহাতেই	O j u h a t e i
অজুহাতের	O j u h a t e r
অজের	o j e r o
অজেরের	o j e r e r
অজেয়	o j e y O
অজোইব	o j O i b o
অজোউক্তিক	o j O u kt i k
অজোউক্তিকতা	o j O u kt i k o t a
অজোউক্তিকভাবে	o j O u kt i k bh a b e
অজোউন	o j O u n O
অজোগ	o j O g
অজোগের	o j O g e r
অজোগ্য	o j O g g O | o j O g g o
অজোগ্যতা	o j O g g O t a | o j O g g o t a
অজোগ্যতাই	o j O g g o t a i
অজোগ্যতার	o j O g g O t a r | o j O g g o t a r
অজোগ্যতায়	o j O g g o t a y o
অজোগ্যদের	o j O g g O d e r | o j O g g o d e r
অজোগ্যরা	o j O g g o r a
অজোধ্য	o j O d dh O
অজোধ্যা	o j O d dh a
অজোধ্যাও	o j O d dh a O
অজোধ্যার	o j O d dh a r
অজোধ্যায়	o j O d dh a y o
অজোনি	o j O n i
অজ্ঞ	o g g O
অজ্ঞতা	o g g O t a
অজ্ঞতাই	o g g o t a i
অজ্ঞতাপ্রসুত	o g g o t a pr o sh u t o
অজ্ঞাতদের	o g g a t o d e r
অজ্ঞাতনামা	o g g A t O n a m a
অজ্ঞাতপরিচয়	o g g a t o p o r i ch o y o
অজ্ঞাতপরিচয়ের	o g g a t o p o r i ch o y e r
অজ্ঞাতসারে	o g g a t O sh a r e
অজ্ঞাতে	o g g a t e
অজ্ঞান	o g g a n
অজ্ঞানতার	o g g a n o t a r
অজ্ঞানপার্টির	o g g A n p a r T i r
অজ্ঞেয়	o g g e y O
অজ্ঞয়বাদ	o g g O y b a d
অজড়করন	o j O r o k o r o n
অজয়	o j o y
অজয়কে	o j O y o k e
অজয়ের	o j O y e r
অঝোরধারায়	o jh O r o dh a r a y
অঝোরে	o jh O r e
অঞ্চল	o nch o l
অঞ্চলই	o nch O l i
অঞ্চলও	o nch o l O
অঞ্চলকে	o nch O l k e
অঞ্চলগত	o nch o l g o t o
অঞ্চলগুলো	o nch o l g u l O
অঞ্চলগুলোকে	o nch o l g u l O k e
অঞ্চলগুলোতে	o nch O l g u l O t e
অঞ্চলগুলোর	o nch O l g u l O r
অঞ্চলগুলোয়	o nch o l g u l O y
অঞ্চলজুড়ে	o nch o l j u r e
অঞ্চলটি	o nch o l T i
অঞ্চলটিকে	o nch o l T i k e
অঞ্চলটিতে	o nch O l T i t e
অঞ্চলটির	o nch o l T i r
অঞ্চলবিশয়ক	o nch o l b i sh o y o k
অঞ্চলভেদে	o nch O l bh e d e
অঞ্চলসহ	o nch O l sh o h O
অঞ্চলে	o nch o l e
অঞ্চলেই	o nch O l e i
অঞ্চলেও	o nch o l e O
অঞ্চলের	o nch o l e r
অঞ্চলেরই	o nch o l e r o i
অঞ্চিত	O nch i t O
অঞ্জনস	o nj O n sh
অঞ্জনা	o nj O n a
অঞ্জনার	o nj o n a r
অঞ্জনি	o nj O n i
অঞ্জনিকা	o nj O n i k a
অঞ্জলি	o n j O l i | o n j o l i
অঞ্জলির	o n j O l i r | o n j o l i r
অঞ্জু	O nj u
অটবি	o T O b i
অটবির	o T O b i r
অটলবিহারি	o T O l b i h a r i
অটলভাবে	o T o l bh a b e
অটাম	o T a m
অটার	o T a r
অটাল	o T a l o
অটিজমে	O T i j O m e
অটিজমের	O T i j O m e r
অটিস্টিক	o T i sh T i k
অটুট	O T u T
অটুল্লো	O T u l l O
অটো	o T O
অটোইমিউন	o T O i m i u n
অটোকারস	o T O k a r sh
অটোক্লেভ	o T O kl e bh
অটোগ্রাফ	o T O gr a ph
অটোগ্রাফের	o T O gr a ph e r
অটোচালক	o T O ch a l o k
অটোচালকের	o T O ch a l O k e r
অটোপেন	o T O p e n
অটোপেনের	o T O p e n e r
অটোফোকাস	o T O ph O k a sh
অটোবটসদের	o T O b o T sh d e r
অটোবাইক	o T O b a i k
অটোবাইকে	o T O b a i k e
অটোবাইকের	o T O b a i k e r
অটোমান	o T O m a n
অটোমেটেড	o T O m e T e D
অটোমেশন	o T O m e sh o n
অটোমেশনের	o T O m e sh o n e r
অটোমোটিভ	o T O m O T i bh
অটোমোবাইল	o T O m O b a i l
অটোমোবাইলস	o T O m O b a i l sh
অটোমোবাইলসের	o T O m O b a i l sh e r
অটোমোবাইলের	o T O m O b a i l e r
অটোর	o T O r
অটোরান	o T O r a n
অটোরিকশাও	o T O r i k sh a O
অটোরিকশাকে	o T O r i k sh a k e
অটোরিকশাচালক	o T O r i k sh a ch a l o k
অটোরিকশাচালককে	o T O r i k sh a ch a l o k k e
অটোরিকশাচালকদের	o T O r i k sh a ch a l o k d e r
অটোরিকশাচালকের	o T O r i k sh a ch a l o k e r
অটোরিকশাচালকেরা	o T O r i k sh a ch a l o k e r a
অটোরিকশাজোগে	o T O r i k sh a j O g e
অটোরিকশাটি	o T O r i k sh a T i
অটোরিকশাটিকে	o T O r i k sh a T i k e
অটোরিকশাটির	o T O r i k sh a T i r
অটোরিকশার	o T O r i k sh a r
অটোরিকশায়	o T O r i k sh a y o
অটোরিক্সা	o T O r i k s a
অটোস	o T O sh
অটোসফট	o T O s o ph T
অটোয়া	o T O a
অটোয়ার	o T O y a r
অটোয়ায়	o T O y a y
অট্ট	o T T O
অট্টহাসি	o T T O h a sh i
অট্টহাসিতে	o T T O h a sh i t e
অট্টহাসির	o T T o h a sh i r
অট্টালিকা	o T T a l i k a
অট্টালিকার	o T T a l i k a r
অট্টালিকায়	o T T a l i k a y
অডি	O D i
অডিও	O D i O
অডিওবার্তায়	O D i O b a r t a y
অডিওর	O D i O r
অডিট	o D i T
অডিটর	o D i T o r
অডিটরিয়াম	o D i T o r i y a m
অডিটরিয়ামে	o D i T o r i y a m e
অডিটরিয়ামের	o D i T o r i y a m e r
অডিটের	o D i T e r
অডিটোরিয়াম	o D i T O r i y a m
অডিটোরিয়ামে	o D i T O r i y a m e
অডিটোরিয়ামের	o D i T O r i y a m e r
অডিশন	O D i sh o n
অডিশনের	O D i sh O n e r
অডিয়েন্স	o D i y e n s
অডেটি	o D e T i
অড্রে	o D r e
অঢেল	o Dh e l
অত	o t O
অতঃপর	o t O p o r
অতগুলো	o t o g u l O
অতট	o t o T
অতটা	o t O T a
অতটুকুন	o t o T u k u n
অতথ্য	o t o t th O
অতদবির	o t O d b i r
অতনু	o t O n u
অতন্দ্র	o t o ndr O
অতন্দ্রপ্রহরি	o t o ndr o pr o h o r i
অতপর	o t O p o r
অতরুন	o t O r u n
অতর্ক	o t o r k O
অতর্কিত	o t O r k i t O
অতর্কিতভাবে	o t o r k i t o bh a b e
অতর্কিতে	o t O r k i t e
অতলন্ত	o t o l o nt o
অতলস্পর্শ	o t o l O s p o r sh O
অতলে	o t o l e
অতশত	o t o sh o t o
অতসি	o t O sh i
অতিকথন	O t i k o th o n
অতিকশ্টে	O t i k o sh T e
অতিকায়	O t i k a y
অতিক্রম	O t i kr o m
অতিক্রমকালে	O t i kr o m k a l e
অতিক্রমে	O t i kr o m e
অতিক্রমের	O t i kr O m e r
অতিক্রান্ত	O t i kr a nt O
অতিক্ষুদ্র	O t i kh u d r O
অতিগুরুত্বপুর্ন	O t i g u r u tt o p u r n o
অতিঘন	O t i gh o n
অতিত	O t i t
অতিতও	O t i t O
অতিতকাল	O t i t k a l
অতিতকালে	O t i t k a l e
অতিতকালের	O t i t k a l e r
অতিতকে	O t i t k e | o t i t k e
অতিতকেও	O t i t k e O
অতিতমুখি	O t i t m u kh i
অতিতে	O t i t e | o t i t e
অতিতেই	O t i t e i
অতিতেও	O t i t e O | o t i t e O
অতিতের	O t i t e r | o t i t e r
অতিথিই	O t i th i i
অতিথিও	O t i th i O
অতিথিকক্ষে	O t i th i k o kkh e
অতিথিকে	O t i th i k e
অতিথিটি	O t i th i T i
অতিথিদের	O t i th i d e r
অতিথিপরায়ন	O t i th i p o r a y o n
অতিথির	O t i th i r
অতিথিরা	O t i th i r a
অতিথিরাও	O t i th i r a O
অতিথিশালা	O t i th i sh a l a
অতিথিশালায়	O t i th i sh a l a y o
অতিদরিদ্রদের	O t i d o r i d r o d e r
অতিদারিদ্র্য	O t i d a r i d r O
অতিদাহ্য	O t i d a j j O
অতিদ্রুত	O t i d r u t O
অতিন্দ্রিয়	O t i ndr i y O
অতিপরিচিত	O t i p O r i ch i t O
অতিপ্রাকৃত	O t i pr a k r i t O
অতিপ্রিয়	O t i pr i y o
অতিপ্রয়োজনিয়	O t i pr o y O j o n i y o
অতিব	O t i b O | o t i b o
অতিবিপন্ন	O t i b i p o nn O
অতিবিপ্লবি	O t i b i p l o b i
অতিবৃদ্ধ	O t i b r i d dh o
অতিবৃদ্ধি	O t i b r i d dh i
অতিবৃশ্টি	O t i b ri sh T i | o t i b r i sh T i
অতিবৃশ্টিতে	O t i b ri sh T i t e | o t i b r i sh T i t e
অতিবৃশ্টির	O t i b ri sh T i r | o t i b r i sh T i r
অতিভোজনের	O t i bh O j o n e r
অতিমাত্রায়	O t i m a tr a y o
অতিমানব	O t i m a n o b
অতিমানবিক	O t i m a n o b i k
অতিমানবিয়	O t i m a n o b i y o
অতিমুনাফা	O t i m u n a ph a
অতিমুনাফার	O t i m u n a ph a r
অতিমুল্যায়ন	O t i m u l l a y o n
অতিমুল্যায়নের	O t i m u l l a y o n e r
অতিমুল্যায়িত	O t i m u l l a y i t o
অতিরক্ষনাত্মক	O t i r o kkh o n a t m o k o
অতিরঞ্জনের	O t i r o nj o n e r
অতিলোউকিক	O t i l O u k i k
অতিশ	O t i sh
অতিশের	O t i sh e r
অতিশ্ট	O t i sh T O
অতিশ্ঠ	o t i sh Th O | o t i sh Th o
অতিশয়োক্তি	O t i sh o y O kt i
অতিসংক্ষিপ্ত	O t i sh O ng kkh i p t O
অতিসম্প্রতি	O t i sh o m p r O t i
অতিসাধারন	o t i sh a dh a r o n | O t i sh a dh a r O n
অতিসার	O t i sh a r
অতিহু	O n u r u p o u ch ch a r o n o
অতুচ্ছ	O t u ch chh O
অতুলনিয়	o t u l O n i O | o t u l o n i y o
অতুলপ্রসাদ	O t u l pr O sh a d
অতুলের	O t u l e r
অতুশ্ট	O t u sh T O
অতৃপ্তিটা	o t r i p t i T a
অতৃপ্তির	o t r i p t i r
অতৃপ্য	o t ri p p O
অতেব	o t e b
অত্বর	o tt o r
অত্যন্তিক	o t t O nt i k o
অত্যল্প	o t t o l p O
অত্যহিত	o t t O h i t
অত্যাচর	o t t a ch a r
অত্যাচারি	O t t a ch a r i | o t A ch a r i
অত্যাচারিত	o t t a ch a r i t O
অত্যাচারির	O t t a ch a r i r | o t A ch a r i r
অত্যাচারে	o t t a ch a r e
অত্যাচারের	o t t a ch a r e r
অত্যাজ্য	o t A j j O
অত্যাধিক	o t t a dh i k
অত্যান্ত	o t t a nt O
অত্যাবশ্যকভাবে	o t A b o sh j o k o bh a b e
অত্যাবশ্যকিয়	o t A b o sh j o k i y o
অত্যাশ্চর্য	o t t a sh ch o r j O
অত্যাসক্ত	o t t a sh o kt O
অত্যাসন্ন	o t t a sh o nn O
অত্যুংগ	O t t u ng g O
অত্যুক্তি	O t t u kt i
অত্যুগ্র	O t t u g gr O
অত্যুজ্জ্বল	O t t u j j o l
অত্যুশ্ন	O t t u sh n O
অত্যুৎকৃশ্ট	O t t u t k ri sh T O
অত্যুৎপাদন	O t t u t p a d O n
অত্যুৎসাহি	O t t u t sh a h i
অত্যয়	o t t o y
অত্র	o tr O
অত্রস্ত	o tr o st O
অত্রস্থ	o tr o sth O
অথই	o th O i
অথইর	o th O i r
অথনইতিক	o th O n O i t i k
অথর	o th o r
অথরাইজ	o th o r a i j
অথরাইজড	o th O r a i j D
অথরিটি	o th O r i T i
অথরিটির	o th o r i T i r
অথারাইজড	o th a r a i j D
অথির	O th i r
অথেনটিক	o th e n T i k
অথোই	o th O i
অথোরাইজ	o th O r a i j
অথোরিটি	o th O r i T i
অদক্ষতা	o d o kkh O t a
অদক্ষতাই	o d o kkh o t a i
অদক্ষতাকে	o d o kkh o t a k e
অদক্ষতার	o d o kkh O t a r
অদক্ষতায়	o d o kkh o t a y
অদক্ষদের	o d o kkh o d e r
অদত্ত	o d o tt O
অদন	o d o n
অদন্ত	o d o nt O
অদম্য	o d o m m O
অদম্যদের	o d o m m o d e r
অদরকারি	o d o r k a r i
অদর্শন	o d o r sh o n
অদল	o d o l
অদান	o d a n
অদাহ্য	o d a j jh O
অদিক্ষিত	O d i kkh i t
অদিতি	O d i t i
অদিতিকে	O d i t i k e
অদিতির	O d i t i r
অদিন	O d i n
অদিব্য	O d i b b O
অদুদ	O d u d
অদুদ্ঘাতি	O n u d gh a t i
অদুর	O d u r
অদুরদর্শি	o d u r O d O r sh i | o d u r d o r sh i
অদুরদর্শিতা	O d u r d o r sh i t a
অদুরদর্শিতার	O d u r d o r sh i t a r
অদুরবর্তি	O d u r o b o r t i
অদুরভবিশ্যতে	O d u r bh o b i sh sh o t e
অদুরে	O d u r e
অদুরেই	O d u r e i
অদুরের	O d u r e r o
অদুল	O d u l
অদৃশ্ট	o d ri sh T O | o d r i sh T o
অদৃশ্টপুর্ব	o d r i sh T o p u r b o
অদৃশ্টবাদ	o d r i sh T o b a d
অদৃশ্টবাদি	o d r i sh T o b a d i
অদৃশ্টি	o d ri sh T i
অদৃশ্টের	o d r i sh T e r
অদৃশ্য	o d ri sh sh O
অদৃশ্যমান	o d r i sh sh O m a n
অদেখা	o d A kh a
অদেয়	o d e y O
অদ্বইত	o d O i t O
অদ্বিতি	O d i t i
অদ্বিতিয়	o d i t i O | o d d i t i y O
অদ্বোইত	o d O i t o
অদ্বয়	o d d o y
অদ্ভুত	O d bh u t
অদ্ভুতই	O d bh u t i
অদ্ভুতভাবে	O d bh u t bh a b e
অদ্ভুতুড়ে	O d bh u t u r e
অদ্য	o d d O
অদ্যাপি	o d d a p i
অদ্যাবধি	o d d a b O dh i
অদ্রব	o d r O b O
অদ্রি	O d r i
অদ্রোহ	o d r O h O
অদয়	o d o y
অধ	o dh o
অধঃ	sh b o t o n t r o p o d o h i sh e b e o dh o h
অধঃপতনের	o dh O p o t O n e r
অধঃপতিত	o dh O p o t i t o
অধঃস্তন	o dh O st o n o
অধইর্য	o dh O i r j O
অধন্য	o dh o n n O
অধমর্ন	o dh O m o r n O
অধমের	o dh O m e r
অধরা	o dh O r a
অধরাই	o dh o r a i
অধরামৃত	o dh o r a m r i t o
অধরু	o dh O r u
অধর্ম	o dh o r m O
অধর্মের	o dh o r m e r
অধস্তন	o dh O st o n O
অধস্তনদের	o dh o st o n d e r
অধারাবাহিক	o dh a r a b a h i k
অধি	O dh i
অধিককালের	O dh i k k a l e r
অধিকতর	O dh i k o t O r
অধিকন্তু	O dh i k O nt u
অধিকমাত্রায়	O dh i k m a tr a y
অধিকরন	O dh i k o r O n
অধিকসংখ্যক	O dh i k sh o ng kh o k
অধিকহারে	O dh i k h a r e
অধিকাংশই	O dh i k a ng sh O i
অধিকাংশকে	O dh i k a ng sh O k e
অধিকাংশকেই	O dh i k a ng sh o k e i
অধিকাংশেই	O dh i k a ng sh e i
অধিকারও	O dh i k a r O
অধিকারকর্মি	O dh i k a r k O r m i | o dh i k a r k o r m i
অধিকারকর্মিদের	O dh i k a r k o r m i d e r
অধিকারকে	O dh i k a r k e
অধিকারগুলো	O dh i k a r g u l O
অধিকারগুলোকে	O dh i k a r g u l O k e
অধিকারগুলোর	O dh i k a r g u l O r
অধিকারটা	O dh i k a r T a
অধিকারটুকু	O dh i k a r T u k u
অধিকারটুকুও	O dh i k a r T u k u O
অধিকারবঞ্চিত	O dh i k a r b O nch i t O
অধিকারবাদি	O dh i k a r b a d i
অধিকারবিরোধি	O dh i k a r b i r O dh i
অধিকারবিশয়ক	O dh i k a r b i sh o y o k
অধিকারভিত্তিক	O dh i k a r bh i tt i k
অধিকারমুলক	O dh i k a r m u l o k
অধিকারলাভ	O dh i k a r l a bh
অধিকারসংক্রান্ত	O dh i k a r sh O ng kr a nt O
অধিকারসচেতন	O dh i k a r sh o ch e t o n
অধিকারসহ	O dh i k a r sh o h O
অধিকারহিন	O dh i k a r h i n
অধিকারহিনতা	O dh i k a r h i n o t a
অধিকারি	O dh i k a r i | o dh i k a r i
অধিকারিকে	O dh i k a r i k e
অধিকারিদের	O dh i k a r i d e r | o dh i k a r i d e r
অধিকারিনি	O dh i k a r i n i
অধিকারির	O dh i k a r i r | o dh i k a r i r
অধিকারিরা	O dh i k a r i r a | o dh i k a r i r a
অধিকারের	O dh i k a r e r
অধিকারেরও	O dh i k a r e r O
অধিক্ষেত্র	O dh i kh e tr o
অধিক্ষেত্রে	O dh i kh e tr e
অধিক্ষেত্রের	O dh i kh e tr e r
অধিগত	O dh i g o t O
অধিগম্য	O dh i g o m m O
অধিগ্রহন	o dh i gr o h o n | O dh i gr O h O n
অধিগ্রহনকৃত	o dh i gr o h o n k ri t o | O dh i gr O h O n k ri t O
অধিগ্রহনসহ	O dh i gr o h o n sh o h O
অধিগ্রহনে	o dh i gr o h o n e | O dh i gr O h O n e
অধিগ্রহনের	o dh i gr o h o n e r | O dh i gr O h O n e r
অধিগ্রহনেরও	O dh i gr o h o n e r O
অধিত	O dh i t O
অধিত্যকা	O dh i t t O k a
অধিদপ্তরও	O dh i d o p t o r O
অধিদপ্তরসহ	O dh i d o p t O r sh o h O
অধিদপ্তরে	O dh i d o p t O r e
অধিদফতর	O dh i d o ph t O r
অধিদফতরকে	O dh i d o ph t o r k e
অধিদফতরে	O dh i d o ph t o r e
অধিদফতরের	O dh i d o ph t O r e r
অধিন	O dh i n | o dh i n
অধিনতা	O dh i n o t a | o dh i n o t a
অধিনস্ত	O dh i n o st O | o dh i n o st o
অধিনস্থ	O dh i n o sth O | o dh i n o sh h o
অধিনস্থদের	O dh i n o sth O d e r | o dh i n o sth o d e r
অধিনায়ক	O dh i n a y o k
অধিনায়কই	O dh i n a y o k i
অধিনায়কও	O dh i n a y o k O
অধিনায়ককে	O dh i n a y o k k e
অধিনায়ককেই	O dh i n a y o k k e i
অধিনায়কত্ব	O dh i n a y o k o tt o
অধিনায়কত্বও	O dh i n a y o k o tt o O
অধিনায়কত্বকে	O dh i n a y o k o tt o k e
অধিনায়কত্বটা	O dh i n a y o k o tt o T a
অধিনায়কত্বে	O dh i n a y o k o tt e
অধিনায়কত্বেই	O dh i n a y o k o tt e i
অধিনায়কত্বের	O dh i n a y o k o tt e r
অধিনায়কদের	O dh i n a y o k d e r
অধিনায়কসহ	O dh i n a y o k sh o h O
অধিনায়কের	O dh i n a i O k e r
অধিনায়কেরই	O dh i n a y o k e r i
অধিনায়কেরও	O dh i n a y o k e r O
অধিনায়কেরা	O dh i n a y o k e r a
অধিনায়কেরাও	O dh i n a y o k e r a O
অধিনায়কোচিত	O dh i n a y o k O ch i t o
অধিনে	O dh i n e | o dh i n e
অধিনেই	O dh i n e i | o dh i n e i
অধিনেও	O dh i n e O
অধিনের	O dh i n e r
অধিপতি	O dh i p O t i
অধিপতির	O dh i p o t i r
অধিবর্ষ	O dh i b o r sh O
অধিবাস	O dh i b a sh
অধিবাসি	O dh i b a sh i | o dh i b a sh i
অধিবাসিকে	O dh i b a sh i k e | o dh i b a sh i k e
অধিবাসিদের	O dh i b a sh i d e r | o dh i b a sh i d e r
অধিবাসির	O dh i b a sh i r | o dh i b a sh i r
অধিবাসিরা	O dh i b a sh i r a | o dh i b a sh i r a
অধিবাসিরাও	O dh i b a sh i r a O
অধিবিদ্যাসংক্রান্ত	O dh i b i d d a sh O ng kr a nt O
অধিবিন্না	O dh i b i nn a
অধিবৃত্ত	O dh i b ri tt O
অধিবেত্তা	O dh i b e tt a
অধিবেদন	O dh i b e d o n
অধিবেশনই	O dh i b e sh o n i
অধিবেশনও	O dh i b e sh o n O
অধিবেশনকক্ষ	O dh i b e sh o n k o kkh o
অধিবেশনকক্ষে	O dh i b e sh o n k o kkh e
অধিবেশনকক্ষের	O dh i b e sh o n k o kkh e r
অধিবেশনকে	O dh i b e sh o n k e
অধিবেশনগুলো	O dh i b e sh o n g u l O
অধিবেশনগুলোতে	O dh i b e sh o n g u l O t e
অধিবেশনসহ	O dh i b e sh o n sh o h O
অধিবেশনেই	O dh i b e sh O n e i
অধিবেশনেও	O dh i b e sh o n e O
অধিবেশনের	O dh i b e sh O n e r
অধিভু	O dh i bh u
অধিমাংস	O dh i m a ng sh O
অধির	O dh i r
অধিরথ	O dh i r o th
অধিরাজ	O dh i r a j
অধিরোপ	O dh i r O p
অধিরোপন	O dh i r O p o n
অধিরোহন	O dh i r O h o n
অধিশায়িত	O dh i sh a y i t O
অধিশ্ঠাতা	O dh i sh Th a t a
অধিশ্ঠাত্রি	O dh i sh Th a tr i
অধিশ্ঠান	O dh i sh Th a n | o dh i sh Th a n
অধিশ্ঠাপন	O dh i sh Th a p o n
অধিশ্ঠিত	O dh i sh Th i t O | o dh i sh Th i t o
অধিশ্বর	O dh i sh sh o r | o dh i sh sh o r
অধিশয়িত	O dh i sh O y i t O
অধিসংঘ	O dh i sh o ng gh O
অধিয়মান	O dh i y O m a n
অধিয়ান	O dh i y a n
অধুনা	O dh u n a
অধুনার	O dh u n a r
অধুনালুপ্ত	O dh u n a l u p t O
অধুমপায়ি	O dh u m p a y i
অধৃশ্ট	o dh r i sh T O
অধৃশ্য	o dh r i sh sh O
অধোইর্য	o dh O i r j O
অধোগতি	o dh O g o t i
অধোগতির	o dh O g o t i r
অধোদৃশ্টি	o dh O d ri sh T i
অধোদেশ	o dh O d e sh
অধোবদন	o dh O b o d o n
অধোভাগ	o dh O bh a g
অধোলোক	o dh O l O k
অধ্য	o d dh O
অধ্যক্ষকে	o d dh O kkh O k e
অধ্যক্ষদের	o d dh o kkh o d e r
অধ্যক্ষরা	o d dh o kkh o r a
অধ্যক্ষসহ	o d dh O kkh O sh o h O
অধ্যক্ষের	o d dh O kkh e r
অধ্যবসায়	o d dh O b o sh a y
অধ্যবসায়ে	o d dh o b o sh a y e
অধ্যবসায়ের	o d dh o b o sh a y e r
অধ্যশন	o d dh O sh o n
অধ্যাত্মিক	o d dh a t t i k
অধ্যাদেশ	o d dh a d e sh
অধ্যাদেশকে	o d dh a d e sh k e
অধ্যাদেশটি	o d dh a d e sh T i
অধ্যাদেশটির	o d dh a d e sh T i r
অধ্যাদেশবলে	o d dh a d e sh b o l e
অধ্যাদেশে	o d dh a d e sh e
অধ্যাদেশেও	o d dh a d e sh O
অধ্যাদেশের	o d dh a d e sh e r
অধ্যাপককে	o d dh a p o k k e
অধ্যাপকরা	o d dh a p o k r a
অধ্যাপকের	o d dh a p O k e r
অধ্যাপকেরা	o d dh a p o k e r a
অধ্যাপনা	o d dh a p o n a
অধ্যাপনার	o d dh a p O n a r
অধ্যাপিকা	o d dh a p i k a
অধ্যাপিত	o d dh a p i t o
অধ্যারুড়	o d dh a r u r o
অধ্যারোপ	o d dh a r O p
অধ্যারোপন	o d dh a r O p o n
অধ্যায়	o d d a y
অধ্যায়ই	o d dh a y i
অধ্যায়ও	o d dh a y O
অধ্যায়কে	o d dh a y k e
অধ্যায়গুলো	o d dh a y g u l O
অধ্যায়টা	o d dh a y T a
অধ্যায়টি	o d dh a y T i
অধ্যায়টির	o d dh a y T i r
অধ্যায়ে	o d dh a y e
অধ্যায়ের	o d dh a y e r
অধ্যুশিত	O d dh u sh i t O | o d dh u sh i t o
অধ্যেতব্য	o d dh e t o b b O
অধ্যেতা	o d dh e t a
অধ্যেশন	o d dh e sh o n
অধ্যয়ন	o d dh o y o n
অধ্যয়নকালে	o d dh o y o n k a l e
অধ্যয়নরত	o d dh o y o n r o t o
অধ্যয়নে	o d dh a y o n e
অধ্যয়নের	o d dh a y o n e r
অধ্রুব	O dh r u b O
অন	o n
অনংগ	o n O ng g O
অনইক্য	o n O i k k O
অনইক্যের	o n O i k k e r
অনইতিক	o n O i t i k
অনইতিকতা	o n O i t i k o t a
অনইতিকতার	o n O i t i k o t a r
অনইতিকভাবে	o n O i t i k bh a b e
অনইসলামিক	o n O i sh l a m i k
অনকোলজি	o n O O l o j i
অনকোলজিস্ট	o n k O l o j i sh T
অনক্ত	o n o kt O
অনক্ষর	o n o kkh o r
অনগ্ন	o n o g n O
অনগ্রসর	o n O gr O sh o r
অনগ্রসরতার	o n O gr o sh o r o t a r
অনঘ	o n O gh o
অনচ্ছ	o n o ch chh O
অনটন	o n O T o n
অনটনের	o n O T o n e r
অনত	o n O t O
অনতহি	o n O t o h i
অনতি	o n O t i
অনতিক্রম্য	o n O t i kr o m m o
অনতিক্রম্যতা	o n O t i kr o m m o t a
অনতিত	o n O t i t
অনতিদুরে	o n O t i d u r e
অনধিক	o n O dh i k
অনধিকার	o n O dh i k a r
অনধিগত	o n O dh i g o t O
অনধিগম্য	o n O dh i g o m m O
অনধিত	o n O dh i t O
অনধ্যায়	o n O d dh A y
অননুকম্পায়ি	o n O n u k o mp a y i
অননুকরনিয়	o n O n u k o r O n i y O
অননুভবনিয়	o n O n u bh o b O n i y O
অননুভুতপুর্ব	o n O n u bh u t O p u r b O
অননুমেয়	o n O n u m e y O
অননুমোদন	o n O n u m O d o n
অননুশিলন	o n O n u sh i l o n
অননুশ্ঠিত	o n O n u sh Th i t O
অনন্ত	o n o nt O
অনন্তকালের	o n O nt o k a l e r
অনন্তনাগ	o n O nt o n a g
অনন্তনাগের	o n O nt o n a g e r
অনন্তপুর	o n O nt O p u r
অনন্তপুরে	o n O nt o p u r e
অনন্তর	o n o nt o r
অনন্তের	o n O nt e r
অনন্য	o n o n n O
অনন্যতার	o n O n n o t a r
অনন্যসাধারন	o n o n n o sh a dh a r o n | o n O n n O sh a dh a r O n
অনন্যার	o n O n n a r
অনন্যোপায়	o n O n n O p a y
অনপত্য	o n O p O t t O
অনপনেয়	o n O p o n e y O
অনপরাধ	o n O p O r a dh
অনপেক্ষ	o n O p e kkh O
অনবকাশ	o n O b O k a sh
অনবগত	o n O b O g o t O
অনবগুন্ঠিত	o n O b O g u n Th i t O
অনবচ্ছিন্ন	o n O b O ch chh i nn O
অনবচ্ছেদ	o n O b O ch chh e d
অনবতুল	o n O b O t u l
অনবধান	o n O b o dh a n
অনবধানতাবশত	o n O b dh a n o t a b o sh o t o
অনবরুদ্ধ	o n O b o r u d dh O
অনবসর	o n O b o sh o r
অনবসিত	o n O b O sh i t O
অনবস্থা	o n O b o sth a
অনবস্থিত	o n O b O sth i t O
অনবহিত	o n O bh i j a t O
অনবায়নজোগ্য	o n O b a y o n j O g g o
অনভিজাত	o n O bh i j a t O
অনভিজ্ঞ	o n O bh i g g O
অনভিজ্ঞতা	o n O bh i g g o t a
অনভিজ্ঞতাও	o n O bh i g g o t a O
অনভিজ্ঞতার	o n O bh i g g o t a r
অনভিপ্রায়	o n O bh i pr a y o
অনভিপ্রেত	o n O bh i pr e t
অনভিব্যক্ত	o n O bh i b A kt O
অনভিভবনিয়	o n O bh i bh o b O n i y O
অনভিভুত	o n O bh i bh u t O
অনভিমত	o n O bh i m o t
অনভিলশনিয়	o n O bh i l o sh O n i y O
অনভুতি	o n O bh u t i
অনভ্যস্ত	o n O bh o st O
অনভ্যস্ততা	o n o b bh o st t a
অনম	o n o m
অনমনিয়	o n O m O n i y O
অনমনিয়তা	o n O m o n i y o t a
অনমনিয়তার	o n O m o n i y o t a r
অনমিত	o n O m i t O
অনম্বর	o n o mb o r
অনর্গল	o n o r g o l
অনর্ঘ	o n o r gh O
অনর্জিত	o n O r j i t o
অনর্থক	o n o r th o k
অনলস	o n O l o sh
অনলাইন	o n l a i n
অনলাইনকে	o n l a i n k e
অনলাইনসহ	o n l a i n sh o h O
অনলাইনে	o n l a i n e
অনলাইনেই	o n l a i n e i
অনলাইনেও	o n l a i n e O
অনলাইনের	o n l a i n e r
অনলি	o n O i
অনলিমা	o n O l i m a
অনল্প	o n o l p O
অনশন	o n O sh o n
অনশনও	o n O sh o n O
অনশনকারি	o n O sh o n k a r i
অনশনকারিদের	o n O sh o n k a r i d e r
অনশনকে	o n O sh o n k e
অনশনরত	o n O sh o n r o t O
অনশনসহ	o n O sh o n sh o h O
অনশনস্থল	o n O sh o n sth o l
অনশনস্থলে	o n O sh o n sth o l e
অনশনের	o n O sh o n e r
অনশ্বর	o n o sh sh o r
অনসম্ভবতা	o n O sh o m bh o b O t a
অনসুয়	o n O sh u y O
অনস্ক্রিন	o n sh k r i n
অনস্বিকার্য	o n o sh i k a r j O | o n o sh sh i k a r j o
অনহংকার	o n O h o ng k a r
অনহেলা	o n O h e l a
অনা	o n a
অনাকর্ষনিয়	o n a k o r sh O n i y O
অনাকাংক্ষিত	o n a k a ng kh i t o
অনাকাংক্ষিতভাবে	o n a k a ng kh i t o bh a b e
অনাকাং্ক্ষিত	o n a k a ng kh i t O
অনাকার	o n a k a r
অনাক্রান্ত	o n a kr a nt O
অনাগত	o n a g o t O
অনাগম	o n a g O m
অনাগ্রহ	o n a gr O h O
অনাগ্রহি	o n a gr O h i | o n a gr o h i
অনাগ্রহের	o n a gr O h e r
অনাচার	o n a ch a r
অনাচারে	o n a ch a r e
অনাচারের	o n a ch a r e r
অনাচ্ছন্ন	o n a ch chh o nn O
অনাছিশ্টি	o n a chh i sh T i
অনাট	o n a T
অনাঢ্য	o n a D Dh O
অনাতপ	o n a t o p
অনাতুর	o n a t u r
অনাত্ম	o n a t t O
অনাত্মিয়	o n a t t i y O
অনাথ	o n a th
অনাদরে	o n a d O r e
অনাদায়	o n a d o y o
অনাদায়ি	o n a d a y i
অনাদায়ে	o n a d a y e
অনাদি	o n a d i
অনাদিকালের	o n a d i k a l e r
অনাদিল	o n a d i l
অনাদ্য	o n a d d O
অনাদ্যন্ত	o n a d d o nt O
অনাদ্যা	o n a d d a
অনাধুনিক	o n a dh u n i k
অনানুশ্ঠানিক	o n a n u sh Th a n i k
অনানুশ্ঠানিকভাবে	o n a n u sh Th a n i k bh a b e
অনান্য	o n a n n O
অনাপত্তিপত্র	o n a p O tt i p o tr O
অনাপত্তিপত্রটি	o n a p o tt i p o tr o T i
অনাপত্তিপত্রের	o n a p o tt i p o tr e r
অনাপত্তির	o n a p o tt i r o
অনাবশ্য	o n a b o sh sh O
অনাবাদি	o n a b a d i
অনাবাসি	o n a b a sh i
অনাবাসিক	o n a b a sh i k
অনাবিদ্ধ	o n a b i d dh O
অনাবিশ্কার্য	o n a b i sh k a r j O
অনাবিশ্কৃত	o n a b i sh k ri t O | o n a b i sh k ri t o
অনাবিশ্ট	o n a b i sh T O
অনাবৃত	o n a b r i t O
অনাবৃত্তি	o n a b ri tt i
অনাবৃশ্টি	o n a b ri sh T i | o n a b r i sh T i
অনাবৃশ্টির	o n a b ri sh T i r | o n a b r i sh T i r
অনামা	o n a m a
অনামিক	o n a m i k
অনামিকা	o n a m i k a
অনামিকাকে	o n a m i k a k e
অনামিকার	o n a m i k a r
অনাম্নি	o n a m n i
অনাময়	o n a m o y
অনার	o n a r
অনারত	o n a r o t O
অনারা	o n a r a
অনারাম	o n a r a m
অনারারি	o n a r a r i
অনারে	o n a r e
অনারেবল	o n a r e b o l
অনারোগ্য	o n a r O g g O
অনার্জিত	o n a r j i t o
অনার্তব	o n a r t o b o
অনার্য	o n a r j O
অনার্য্য	o n a r j O
অনার্য্যজাতি	o n a r j O j a t i
অনার্স	o n a r sh
অনার্সসহ	o n a r sh sh o h O
অনার্সে	o n a r sh e
অনালম্ব	o n a l o mb O
অনালোকিত	o n a l O k i t o
অনালোচিত	o n a l O ch i t o
অনাশ্রয়	o n a sh r o m o y
অনাসক্ত	o n a sh o kt O
অনাসৃশ্টি	o n a sh r i sh T i
অনাস্থা	o n a sth a
অনাস্থার	o n a sth a r
অনাস্বাদ	o n a sh sh a d
অনাহারি	o n a h a r i
অনাহারের	o n a h a r e r
অনাহিত	o n a h i t O
অনাহ্লাদ	o n a h o l h a d
অনাড়ম্বর	o n a r o mb o r
অনাড়ম্বরভাবে	o n a r o mb o r bh a b e
অনাড়শ্ট	o n a r o sh T O
অনায়ত	o n a y o t O
অনায়ত্ত	o n a y o tt O
অনায়াস	o n a y a sh
অনায়াসে	o n a y a sh e
অনায়াসেই	o n a y a sh e i
অনিঃশেশ	o n i sh e sh | o n i sh sh e sh
অনিক	O n i k
অনিককে	O n i k k e
অনিকা	O n i k a
অনিকাকে	O n i k a k e
অনিকাম	O n i k a m
অনিকের	O n i k e r
অনিচ্ছা	O n i ch chh a
অনিচ্ছাকৃত	o n i ch chh a k ri t O
অনিচ্ছার	O n i ch chh a r
অনিচ্ছায়	O n i ch chh a y
অনিচ্ছুক	O n i ch chh u k
অনিত	o n i t O
অনিতা	O n i t a
অনিতার	O n i t a r
অনিতি	O n i t i
অনিত্য	O n i t t O
অনিদ্র	O n i d r O
অনিদ্রার	O n i d r a r
অনিন্দিতা	O n i nd i t a
অনিন্দ্য	o n i nd O
অনিন্দ্যসুন্দর	O n i nd O sh u nd O r
অনিপুন	O n i p u n
অনিপ্সিত	o n i p sh i t O
অনিবদ্ধ	O n i b o d dh O
অনিবন্ধিত	o n i b O ndh i t O
অনিবার	O n i b a r
অনিবার্য	O n i b a r j O
অনিবার্যতা	o n i b a r j o t a
অনিবার্যভাবে	o n i b a r j O bh a b e
অনিবার্যভাবেই	O n i b a r j o bh a b e i
অনিবাসি	O n i b a sh i
অনিবাসিদের	O n i b a sh i d e r
অনিবিড়	O n i b i r
অনিমন্ত্রিত	o n i m O n t r i t O
অনিমা	O n i m a | o n i m a
অনিমিত্ত	O n i m i tt O
অনিমেশ	O n i m e sh
অনিমেশকে	O n i m e sh k e
অনিমেশের	O n i m e sh e r
অনির	O n i r
অনিরাপত্তা	o n i r a p o tt a
অনিরাময়জোগ্য	o n i r a m o y j O g g o
অনিরিক্ষিত	o n i r i kkh i t o
অনিরুদ্ধ	O n i r u d dh O
অনিরুপিত	o n i r u p i t O
অনির্দিশ্ট	o n i r d i sh T O | o n i r d i sh T o
অনির্দিশ্টকাল	o n i r d i sh T O k a l | o n i r d i sh T o k a l
অনির্দিশ্টকালের	o n i r d i sh T O k a l e r | o n i r d i sh T o k a l e r
অনির্দেশ	O n i r d e sh
অনির্ধারিত	o n i r dh a r i t O
অনির্ধারিতভাবে	O n i r dh a r i t o bh a b e
অনির্নিত	o n i r n i t O
অনির্নেয়	o n i r n e y O
অনির্বচনিয়	o n i r b o ch o n i y o
অনির্বাচিত	o n i r b a ch i t O
অনির্বাচিতদের	O n i r b a ch i t o d e r
অনির্বাচিতরা	o n i r b a ch i t o r a
অনির্বাদ	O n i r b a d
অনির্বান	O n i r b a n
অনির্বানে	O n i r b a n e
অনির্বেয়	o n i r b e y O
অনিল	O n i l
অনিলের	O n i l e r
অনিশ্চিত	O n i sh ch i t
অনিশ্চিতই	O n i sh ch i t O i
অনিশ্চয়	O n i sh ch o y
অনিশ্চয়তা	o n i sh ch o y o t a
অনিশ্চয়তাই	o n i sh ch o y o t a i
অনিশ্চয়তাও	o n i sh ch o y o t a O
অনিশ্চয়তার	o n i sh ch o y o t a r
অনিশ্চয়তায়	o n i sh ch o y o t a y o
অনিশ্ট	o n i sh T O | o n i sh T o
অনিশ্টকর	o n i sh T o k o r
অনিশ্টের	O n i sh T e r
অনিশ্ঠ	O n i sh Th O
অনিশ্ঠা	O n i sh Th a
অনিশ্পত্তিকৃত	o n i sh p o tt i k r i t o
অনিশ্পন্ন	o n i sh p o nn O | o n i sh p o nn o
অনিহ	o n i h o
অনিহা	O n i h a
অনিহাও	O n i h a O
অনিহার	O n i h a r
অনিয়ত	o n i y o t O
অনিয়নস	o n i y o n sh
অনিয়ন্ত্রিত	o n i y o n t r i t O
অনিয়ন্ত্রিতভাবে	O n i y o n t r i t o bh a b e
অনিয়ম	O n i y o m
অনিয়মই	o n i y o m i
অনিয়মকে	o n i y o m k e
অনিয়মতান্ত্রিক	O n i y o m o t a ng tr i k
অনিয়মতান্ত্রিকভাবে	O n i y o m o t a ng tr i k bh a b e
অনিয়মসহ	o n i y o m sh o h O
অনিয়মিত	o n i y o m i t o
অনিয়মিতভাবে	o n i y o m i t o bh a b e
অনিয়মে	o n i y o m e
অনিয়মের	o n i y o m e r
অনুকম্পন	O n u k o mp o n
অনুকম্পা	O n u k o mp a
অনুকম্পাপ্রার্থি	O n u k o mp a pr a r th i
অনুকম্পার	O n u k o mp a r
অনুকরন	o n u k o r o n | O n u k o r O n
অনুকরনপ্রিয়	O n u k o r o n pr i y o
অনুকরনিয়	O n u k o r o n i y o
অনুকরনে	o n u k o r o n e | O n u k o r O n e
অনুকরনের	o n u k o r o n e r | o n u k o r O n e r
অনুকল্প	O n u k o l p O
অনুকুল	O n u k u l | o n u k u l
অনুকুলে	O n u k u l e | o n u k u l e
অনুকুলেই	O n u k u l e i
অনুকৃত	O n u k k ri t O
অনুক্ত	O n u kt O
অনুক্রম	o n u kr o m | o n u kr O m
অনুগ	O n u g O
অনুগতকে	O n u g o t o k e
অনুগতদের	O n u g o t O d e r
অনুগামি	O n u g a m i | o n u g a m i
অনুগামিরা	O n u g a m i r a
অনুগুলো	O n u g u l O
অনুগুলোর	O n u g u l O r
অনুগৃহিত	O n u g g ri h i t O
অনুগ্র	O n u g gr O
অনুগ্রহ	O n u gr O h O
অনুগ্রহভাজন	O n u gr o h o bh a j o n
অনুগ্রহের	O n u gr O h e r
অনুঘটক	O n u gh o T O k
অনুঘটকের	O n u gh o T o k e r
অনুচক্রিকা	O n u ch o kr i k a
অনুচিকির্ষা	O n u ch i k i r sh a
অনুচ্চারে	O n u ch ch a r e
অনুচ্ছেদ	o n u ch chh e d o | O n u ch chh e d
অনুচ্ছেদঃ	O n u ch chh e d
অনুচ্ছেদই	O n u ch chh e d i
অনুচ্ছেদও	O n u ch chh e d O
অনুচ্ছেদকে	O n u ch chh e d k e
অনুচ্ছেদগুলো	O n u ch chh e d g u l O
অনুচ্ছেদগুলোতে	O n u ch chh e d g u l O t e
অনুচ্ছেদগুলোর	O n u ch chh e d g u l O r
অনুচ্ছেদটা	O n u ch chh e d T a
অনুচ্ছেদটি	O n u ch chh e d T i
অনুচ্ছেদটিও	O n u ch chh e d T i O
অনুচ্ছেদটিকে	O n u ch chh e d T i k e
অনুচ্ছেদটির	O n u ch chh e d T i r
অনুচ্ছেদভিত্তিক	O n u ch chh e d bh i tt i k
অনুচ্ছেদমতে	O n u ch chh e d m o t e
অনুচ্ছেদসমুহের	O n u ch chh e d sh o m u h e r
অনুচ্ছেদসহ	O n u ch chh e d sh o h O
অনুচ্ছেদে	O n u ch chh e d e
অনুচ্ছেদেই	O n u ch chh e d i
অনুচ্ছেদের	O n u ch chh e d e r
অনুচ্ছেদেরও	O n u ch chh e d e r o O
অনুজ	O n u j
অনুজায়ি	O n u j a i | o n u j a y i | O n u j a y i
অনুজায়িঃ	O n u j a i | o n u j a y i
অনুজায়িই	O n u j a y i i
অনুজায়িও	O n u j a y i O
অনুজিব	o n u j i b | O n u j i b
অনুজিববিজ্ঞান	O n u j i b b i g g a n
অনুজিববিজ্ঞানি	O n u j i b b i g g a n i
অনুজিবি	O n u j i b i
অনুজিবের	O n u j i b e r
অনুজু্ক্ত	O n u j u kt O
অনুজোগ	O n u j O g | o n u j O g
অনুজোগের	O n u j O g e r
অনুজ্জ্বল	O n u j j o l
অনুতপ্ত	O n u t o p t O
অনুতাপের	O n u t a p e r
অনুতে	O n u t e
অনুত্তম	O n u tt o m
অনুত্তর	O n u tt o r
অনুত্তির্ন	o n u tt i r n O | o n u tt i r n o
অনুত্তির্য	O n u tt i r o j O
অনুত্পাদনশিল	O n u t p a d o n sh i l
অনুদঘাটিত	O n u d gh a T i t o
অনুদাত্ত	O n u d a tt O
অনুদানও	O n u d a n O
অনুদাননির্ভর	O n u d a n n i r bh o r
অনুদানসহ	O n u d a n sh o h O
অনুদানের	O n u d a n e r
অনুদার	O n u d a r
অনুদারতা	O n u d a r o t a
অনুদাস	O n u d a sh
অনুদিত	O n u d i t O | o n u d i t o
অনুদিন	O n u d i n
অনুদ্ঘাটিত	O n u d gh a T i t o
অনুদ্দিশ্ট	O n u d d i sh T O
অনুদ্দেশ	O n u d d e sh
অনুদ্ধত	O n u d dh o t O
অনুদ্বেগ	O n u d b e g
অনুদ্বেল	O n u d b e l
অনুদ্ভিন্ন	O n u d bh i nn O
অনুদ্ভুত	O n u d bh u t O
অনুদ্যোগ	O n u d d O g
অনুদয়	O n u d o y
অনুধাবন	O n u dh a b O n
অনুধাবনজোগ্য	O n u b a dh o n j O g g o
অনুধাবনমুলক	O n u dh a b O n m u l o k
অনুধ্যান	O n u d dh a n
অনুনাদ	O n u n a d
অনুনাসিক	O n u n a sh i k
অনুন্নয়ন	O n u nn o y o n
অনুন্নয়নের	O n u nn o y o n e r
অনুনয়	O n u n o y
অনুপ	O n u p
অনুপং	O n u p O ng
অনুপকার	O n u p O k a r
অনুপজুক্ত	o n u p O j u kt O | o n u p o j u kt o
অনুপজোগ	O n u p O j O g
অনুপজোগি	O n u p o j O g i
অনুপদ	O n u p o d
অনুপদিশ্ট	O n u p O d i sh T O
অনুপপত্তি	O n u p O p O tt i
অনুপম	O n u p o m
অনুপমের	O n u p o m e r
অনুপল	O n u p o l
অনুপস্থিত	O n u p O sth i t
অনুপস্থিতি	O n u p O sth i t i
অনুপস্থিতিই	O n u p o sth i t i i
অনুপস্থিতিও	O n u p o sth i t i O
অনুপস্থিতিকে	O n u p o sth i t i k e
অনুপস্থিতিজনিত	O n u p o sth i t i j o n i t o
অনুপস্থিতিটা	O n u p o sth i t i T a
অনুপস্থিতিতেই	O n u p O sth i t i t e i
অনুপস্থিতিতেও	O n u p o sth i t i t e O
অনুপাতও	O n u p a t O
অনুপাতিক	O n u p a t i k
অনুপাতেই	O n u p a t e i
অনুপাতের	O n u p a t e r
অনুপান	O n u p a n
অনুপাম	O n u p a m
অনুপার্জিত	O n u p a r j i t o
অনুপায়	O n u p a y
অনুপুংখ	O n u p u ng kh O
অনুপুরক	O n u p u r o k
অনুপুর্ব	O n u p u r b O
অনুপের	O n u p e r
অনুপোজোগি	O n u p O j O g i
অনুপ্ত	O n u p t O
অনুপ্রবেশ	O n u pr O b e sh
অনুপ্রবেশকারি	O n u pr O b e sh k a r i | o n u pr o b e sh k a r i
অনুপ্রবেশকারিদের	O n u pr O b e sh k a r i d e r | o n u pr o b e sh k a r i d e r
অনুপ্রবেশকারিরা	O n u pr O b e sh k a r i r a | o n u pr o b e sh k a r i r a
অনুপ্রবেশকালে	O n u pr o b e sh k a l e
অনুপ্রবেশে	O n u pr o b e sh e
অনুপ্রবেশের	O n u pr O b e sh e r
অনুপ্রস্থ	O n u pr O sh t O
অনুপ্রান	o n u pr a n o | o n u pr a n
অনুপ্রানন	O n u pr a n o n
অনুপ্রানবিজ্ঞান	o n u pr a n b i g g a n | o n u pr a n b i g g a n i
অনুপ্রানিত	o n u pr a n i t o | O n u pr a n i t O
অনুপ্রাস	O n u pr a sh
অনুপ্রেরনা	o n u pr e r o n a | O n u pr e r O n a
অনুপ্রেরনাই	O n u pr e n a i
অনুপ্রেরনাদায়ি	O n u pr e n a d a y i
অনুপ্রেরনার	o n u pr e n a r | O n u pr e r O n a r
অনুপ্রেরনায়	O n u pr e n a y
অনুপ্রেরিত	O n u pr e r i t O
অনুবন্ধ	O n u b o ndh O
অনুবর্তন	O n u b o r t o n
অনুবল	O n u b o l
অনুবাত	O n u b a t
অনুবাদও	O n u b a d O
অনুবাদক	O n u b a d o k
অনুবাদকটি	O n u b a d k T i
অনুবাদকদের	O n u b a d o k d e r o
অনুবাদকে	O n u b a d k e
অনুবাদকের	O n u b a d O k e r
অনুবাদগ্রন্থ	O n u b a d gr o n th o
অনুবাদিত	O n u b a d i t o
অনুবাদে	O n u b a d e
অনুবাদেও	O n u b a d e O
অনুবাদের	O n u b a d e r
অনুবার	O n u b a r
অনুবাসন	O n u b a sh O n
অনুবিক্ষন	o n u b i kkh o n o | O n u b i kkh o n
অনুবিদ্ধ	O n u b i d dh O
অনুবিধি	O n u b i dh i
অনুবিভাগের	o n u b i bh a g e r | O n u b i bh a g e r
অনুবৃত্তি	O n u b ri tt i
অনুবেদন	O n u b e d o n
অনুব্রজ	O n u br O j O
অনুভাব	O n u bh a b
অনুভুত	O n u bh u t O | o n u bh u t o
অনুভুতি	O n u bh u t i | o n u bh u t i
অনুভুতিই	O n u bh u t i i | o n u bh u t i i
অনুভুতিও	O n u bh u t i O | o n u bh u t i O
অনুভুতিকে	O n u bh u t i k e | o n u bh u t i k e
অনুভুতিগুলো	O n u bh u t i g u l O | o n u bh u t i g u l O
অনুভুতিটা	O n u bh u t i T a | o n u bh u t i T a
অনুভুতিটাই	O n u bh u t i T a i
অনুভুতিতে	O n u bh u t i t e | o n u bh u t i t e
অনুভুতির	O n u bh u t i r | o n u bh u t i r
অনুভুতিহিন	O n u bh u t i h i n | o n u bh u t i h i n
অনুভুবিন্দু	O n u bh u b i nd u
অনুভুমিক	O n u bh u m i k
অনুভুমিকভাবে	O n u bh u m i k bh a b e
অনুমত	O n u m o t O
অনুমতি	O n u m O t i
অনুমতিই	O n u m o t i i
অনুমতিও	O n u m O t i O
অনুমতিক্রমে	O n u m O t i kr o m e
অনুমতিতে	O n u m O t i t e
অনুমতিপত্র	O n u m O t i p o tr O
অনুমতিপত্রের	O n u m o t i p o tr e r
অনুমতিপ্রাপ্ত	O n u m o t i pr a p t o
অনুমতিবিহিন	O n u m o t i b i h i n
অনুমতিসহ	O n u m o t i sh o h O
অনুমতিসাপেক্ষে	O n u m o t i sh a p e kkh e
অনুমতিহিন	O n u m o t i h i n
অনুমন্তা	O n u m o nt a
অনুমরন	O n u m o r O n
অনুমানও	O n u m a n O
অনুমানকে	O n u m a n k e
অনুমানভিত্তিক	O n u m a n bh i tt i k
অনুমানিক	O n u m a n i k
অনুমানে	O n u m a n e
অনুমাপক	O n u m a p o k
অনুমিত	O n u m i t O
অনুমিতই	O n u m i t O i
অনুমিতভাবেই	O n u m i t O bh a b e i
অনুমিতি	O n u m i t i
অনুমেয়	O n u m e y O
অনুমোদক	O n u m O d o k
অনুমোদন	O n u m O d o n
অনুমোদনই	O n u m O d o n i
অনুমোদনকারি	O n u m O d O n k a r i | o n u m O d o n k a r i
অনুমোদনকে	O n u m O d o n k e
অনুমোদনক্রমে	O n u m O d O n kr O m e
অনুমোদনজোগ্য	O n u m O d o n j O g g o
অনুমোদনপত্র	O n u m O d o n p o tr o
অনুমোদনপত্রের	O n u m O d o n p o tr e r
অনুমোদনপ্রাপ্ত	O n u m O d o n o pr a p t o
অনুমোদনবিহিন	O n u m O d O n b i h i n | o n u m O d o n b i h i n
অনুমোদনসংক্রান্ত	O n u m O d o n sh o ng kr a nt o
অনুমোদনসমুহ	O n u m O d O n sh O m u h O | o n u m O d o n sh o m u h o
অনুমোদনসহ	O n u m O d o n sh o h O
অনুমোদনহিন	O n u m O d O n h i n | o n u m O d o n h i n
অনুমোদনহিনভাবে	O n u m O d o n h i n bh a b e
অনুমোদনে	O n u m O d O n e
অনুমোদনেই	O n u m O d o n e i
অনুমোদনের	O n u m O d O n e r
অনুমোদিত	O n u m O d i t O
অনুমোদিতও	O n u m O d i t o O
অনুরক্ত	O n u r o kt O
অনুরঞ্জক	O n u r o nj o k
অনুরঞ্জন	O n u r o nj o n
অনুরত	O n u r o t O
অনুরনন	o n u r n o n | O n u r o n O n
অনুরননের	O n u r n o n e r
অনুরনিত	o n u r o n i t o | O n u r O n i t O
অনুরাগ	O n u r a g
অনুরাগই	O n u r a g i
অনুরাগি	O n u r a g i | o n u r a g i
অনুরাগিদের	O n u r a g i d e r | o n u r a g i d e r
অনুরাগির	O n u r a g i r
অনুরাগিরা	O n u r a g i r a | o n u r a g i r a
অনুরাগে	O n u r a g e
অনুরাগের	O n u r a g e r
অনুরাধা	O n u r a dh a
অনুরুদ্ধ	O n u r u d dh O
অনুরুপ	O n u r u p | o n u r u p
অনুরুপভাবে	O n u r u p bh a b e | o n u r u p bh a b e
অনুরোধ	O n u r O dh
অনুরোধই	O n u r O dh i
অনুরোধও	O n u r O dh O
অনুরোধকৃত	O n u r O dh k ri t o
অনুরোধটি	O n u r O dh T i
অনুরোধপত্র	O n u r O dh p O tr O
অনুরোধেই	O n u r O dh e i
অনুরোধেও	O n u r O dh e O
অনুরোধের	O n u r O dh e r
অনুর্ধ	O n u r dh O
অনুর্ধ্ব	o n u r dh O | o n u r dh o
অনুলম্ব	O n u l o mb O
অনুলিখন	O n u l i kh o n
অনুলিখিত	O n u l i kh i t o
অনুলিপি	O n u l i p i
অনুলিপিও	O n u l i p i O
অনুলিপিতে	O n u l i p i t e
অনুলিপির	O n u l i p i r
অনুলিপ্ত	O n u l i p t O
অনুলোম	O n u l O m
অনুল্লংঘন	O n u l l O ng gh o n
অনুল্লিখিত	O n u l l i kh i t o
অনুল্লেখ্য	O n u l l e kh kh o
অনুশংগ	O n u sh o ng g O
অনুশংগে	O n u sh O ng g e
অনুশংগের	O n u sh O ng g e r
অনুশং্গ	O n u sh O ng g o
অনুশদ	O n u sh o d | o n u sh o d
অনুশদভুক্ত	O n u sh o d bh u kt o
অনুশদে	O n u sh o d e | o n u sh o d e
অনুশদের	O n u sh o d e r | o n u sh o d e r
অনুশাসন	O n u sh a sh O n
অনুশাসনে	O n u sh a sh O n e
অনুশাসনের	O n u sh a sh O n e r
অনুশিলন	O n u sh i l o n | o n u sh i l o n
অনুশিলনই	O n u sh i l o n i | o n u sh i l o n i
অনুশিলনও	O n u sh i l O n O | o n u sh i l o n O
অনুশিলনকে	O n u sh i l o n k e
অনুশিলনটা	O n u sh i l o n T a | o n u sh i l o n T a
অনুশিলনরত	O n u sh i l o n r o t o
অনুশিলনি	O n u sh i l O n i | o n u sh i l o n i
অনুশিলনির	O n u sh i l O n i r | o n u sh i l o n i r
অনুশিলনে	O n u sh i l o n e
অনুশিলনেই	O n u sh i l o n e i
অনুশিলনেও	O n u sh i l O n e O | o n u sh i l o n e O
অনুশিলনের	O n u sh i l o n e r | o n u sh i l o n e r
অনুশিশ্য	O n u sh i sh sh O
অনুশোচনার	O n u sh O ch O n a r
অনুশোচনায়	O n u sh O ch o n a y o
অনুশোচিত	O n u sh O ch i t O
অনুশ্কা	O n u sh k a
অনুশ্কার	O n u sh k a r
অনুশ্টানে	O n u sh T a n e
অনুশ্টুপ্	O n u sh T u p
অনুশ্ঠাতা	O n u sh Th a t a
অনুশ্ঠান	O n u sh Th a n | o n u sh Th a n
অনুশ্ঠানই	O n u sh Th a n i | o n u sh Th a n i
অনুশ্ঠানও	O n u sh Th a n O | o n u sh Th a n O
অনুশ্ঠানকে	O n u sh Th a n k e | o n u sh Th a n k e
অনুশ্ঠানগুলো	O n u sh Th a n g u l O | o n u sh Th a n g u l O
অনুশ্ঠানগুলোতে	O n u sh Th a n g u l O t e | o n u sh Th a n g u l O t e
অনুশ্ঠানগুলোর	O n u sh Th a n g u l O r | o n u sh Th a n g u l O r
অনুশ্ঠানজুড়ে	O n u sh Th a n j u r e
অনুশ্ঠানটা	O n u sh Th a n T a | o n u sh Th a n T a
অনুশ্ঠানটি	O n u sh Th a n T i | o n u sh Th a n T i
অনুশ্ঠানটিকে	O n u sh Th a n T i k e
অনুশ্ঠানটিতে	O n u sh Th a n T i t e | o n u sh Th a n T i t e
অনুশ্ঠানটির	O n u sh Th a n T i r | o n u sh Th a n T i r
অনুশ্ঠানপ্রধান	O n u sh Th a n pr o dh a n
অনুশ্ঠানমালা	O n u sh Th a n m a l a | o n u sh Th a n m a l a
অনুশ্ঠানমালার	O n u sh Th a n m a l a r | o n u sh Th a n m a l a r
অনুশ্ঠানমালায়	O n u sh Th a n m a l a y o
অনুশ্ঠানরত	O n u sh Th a n r o t O | o n u sh Th a n r o t o
অনুশ্ঠানসহ	O n u sh Th a n sh O h O | o n u sh Th a n sh o h O
অনুশ্ঠানসুচি	O n u sh Th a n sh u ch i
অনুশ্ঠানস্থল	O n u sh Th a n sth o l | o n u sh Th a n sth o l
অনুশ্ঠানস্থলে	O n u sh Th a n sth o l e | o n u sh Th a n sth o l e
অনুশ্ঠানস্থলের	O n u sh Th a n sth o l e r | o n u sh Th a n sth o l e r
অনুশ্ঠানাদি	O n u sh Th a n a d i
অনুশ্ঠানাদিতে	O n u sh Th a n a d i t e
অনুশ্ঠানাদির	O n u sh Th a n a d i r
অনুশ্ঠানে	O n u sh Th a n e | o n u sh Th a n e
অনুশ্ঠানেই	O n u sh Th a n e i | o n u sh Th a n e i
অনুশ্ঠানেও	O n u sh Th a n e O | o n u sh Th a n e O
অনুশ্ঠানের	O n u sh Th a n e r | o n u sh Th a n e r
অনুশ্ঠানেরও	O n u sh Th a n e r O | o n u sh Th a n e r O
অনুশ্ঠিত	O n u sh Th i t O | o n u sh Th i t o
অনুশ্ঠিতব্য	O n u sh Th i t o b b O | o n u sh Th i t o b b o
অনুশ্ঠেয়	O n u sh Th e y o
অনুশ্ন	O n u sh n O
অনুসন্ধানও	O n u sh o ndh a n O
অনুসন্ধানকাজ	O n u sh o ndh a n k a j
অনুসন্ধানকারি	O n u sh o ndh a n k a r i | o n u sh o ndh a n k a r i
অনুসন্ধানকালে	O n u sh o ndh a n k a l e
অনুসন্ধানমুলক	O n u sh o ndh a n m u l o k
অনুসন্ধানি	O n u sh o ndh a n i | o n u sh o ndh a n i
অনুসন্ধানে	O n u sh o ndh a n e
অনুসন্ধানেও	O n u sh o ndh a n e O
অনুসন্ধানের	O n u sh o ndh a n e r
অনুসন্ধিত্সু	O n u sh o ndh i t sh u
অনুসন্ধিৎসা	O n u sh o ndh i t sh a
অনুসন্ধিৎসু	O n u sh O ndh i t sh u
অনুসন্ধেয়	O n u sh o ndh e y O
অনুসমর্থন	O n u sh o m O r th O n
অনুসমর্থনের	O n u sh o m O r th o n e r
অনুসরন	o n u sh o r o n | O n u sh o r O n
অনুসরনকারি	O n u sh o r O n k a r i
অনুসরনজোগ্য	O n u sh o r o n j O g g o
অনুসরনিয়	O n u sh o r o n i y o
অনুসরনে	o n u sh o r o n e | O n u sh o r O n e
অনুসরনের	o n u sh o r o n e r | O n u sh o r O n e r
অনুসরিত	O n u sh o r i t o
অনুসার	O n u sh a r
অনুসারি	O n u sh a r i | o n u sh a r i
অনুসারিকে	O n u sh a r i k e
অনুসারিদের	O n u sh a r i d e r | o n u sh a r i d e r
অনুসারির	o n u sh a r i r a | o n u sh a r i r
অনুসারিরা	O n u sh a r i r a | o n u sh a r i r a
অনুসারিরাও	O n u sh a r i r a O | o n u sh a r i r a O
অনুসারে	O n u sh a r e
অনুসারেই	O n u sh a r e i
অনুসারেও	O n u sh a r e
অনুসিদ্ধান্ত	O n u sh i d dh a nt O
অনুসুচক	O n u sh u ch o k
অনুসুচন	O n u sh u ch o n
অনুসুর্য	O n u sh u r j O
অনুসৃত	O n u sh r i t O
অনুস্বাক্ষর	O n u sh a kkh o r
অনুস্বাক্ষরিত	O n u sh sh a kkh o r i t o
অনুস্বাক্ষরের	O n u sh sh a kkh o r e r
অনুস্মরন	O n u sh sh o r O n
অনুস্মৃতি	O n u sh sh ri t i
অনুস্যুত	O n u sh sh u t O
অনুুজায়ি	O n u j a y i
অনুৎকর্ষ	O n u t k o r sh O
অনুৎপাদনশিল	o n u t p a d O n sh i l | o n u t p a d o n o sh i l
অনুৎসাহ	O n u t sh a h O
অনুৎসুক	O n u t sh u k
অনুড়	O n u r o
অনুয়ায়ি	O n u y a y i
অনৃত	o n ri t O
অনেককাল	o n e k k a l
অনেককিছু	o n e k k i chh u
অনেককিছুই	o n e k k i chh u i
অনেককে	o n e k k e
অনেককেই	o n e k k e i
অনেকক্ষন	o n e kkh o n
অনেকক্ষেত্রে	o n e kkh e tr e
অনেকখানি	o n e k kh a n i
অনেকখানিই	o n e k kh a n i i
অনেকগুন	o n e k g u n
অনেকগুলি	o n e k g u l i
অনেকগুলো	o n e k g u l O
অনেকগুলোই	o n e k g u l O i
অনেকগুলোতে	o n e k g u l O t e
অনেকগুলোতেই	o n e k g u l O t e i
অনেকগুলোর	o n e k g u l O r
অনেকগুলোরই	o n e k g u l O r i
অনেকজন	o n e k j O n
অনেকটাই	o n e k T a i
অনেকটুকু	o n e k T u k u
অনেকটুকুই	o n e k T u k u i
অনেকদিনের	o n e k d i n e r
অনেকদুর	o n e k d u r
অনেকবার	o n e k b a r
অনেকভাবে	o n e k bh a b e
অনেকভাবেই	o n e k bh a b e i
অনেকাংশই	o n e k a ng sh O i
অনেকাংশে	o n e k a ng sh e
অনেকাংশেই	o n e k a ng sh e i
অনেকান্ত	o n e k a nt O
অনেকে	o n e k e
অনেকেই	o n e k e i
অনেকেও	o n e k e O
অনেকের	o n e k e r
অনেক্ষন	o n e kkh o n
অনেস্ট	o n e sh T
অনোইক্য	o n O i k k O
অনোইক্যের	o n O i k k e r
অনোইচ্ছিক	o n O i ch chh i k
অনোইতিক	o n O i t i k
অনোইতিকও	o n O i t i k O
অনোইতিকতা	o n O i t i k o t a
অনোইতিকতাকে	o n O i t i k o t a k e
অনোইতিকতার	o n O i t i k o t a r
অনোইতিকভাবে	o n O i t i k bh a b e
অনোইতিহাসিক	o n O i t i h a sh i k
অনোইপুন্য	o n O i p u n n O
অনোইসর্গিক	o n O i sh O r g i k
অনোইসলামিক	o n O i sh o l a m i k
অনোউচিত্য	o n O u ch i t t O
অনোউদার্য	o n O u d a r j O
অন্	o n
অন্টারিও	o n T a r i O
অন্টারিওর	o n T a r i O r
অন্ড	o n D O
অন্ডকোশ	o n D O k O sh
অন্ডাল	o n D a l
অন্ত	o nt O
অন্তঃ	o nt O
অন্তঃকরন	o nt O k o r o n
অন্তঃকরনকে	o nt O k o r o n k e
অন্তঃকর্ন	o nt O k o r n O
অন্তঃকর্নের	o nt O k o r n e r
অন্তঃকলহ	o nt O k o l o h o
অন্তঃকলহের	o nt O k o l o h e r
অন্তঃকোন্দল	o nt O k O nd o l o
অন্তঃপ্রান	o nt o pr a n | o nt O pr a n
অন্তঃসারশুন্য	o nt O sh a r sh u n n O | o nt o sh a r sh u n n o
অন্তঃস্বত্ত্বা	o nt O sh o tt a
অন্তকাল	o nt O k a l
অন্তগুড়	o nt O r g u r O
অন্তপ্রান	o nt O pr a n
অন্তবর্তি	o nt O b o r t i
অন্তবর্তিকালিন	o nt o b o r t i k a l i n
অন্তবাসি	o nt O b a sh i
অন্তর	o nt o r
অন্তরংগ	o nt O r o ng g O
অন্তরংগতা	o nt O r o ng g o t a
অন্তরক	o nt O r o k
অন্তরকে	o nt O r k e
অন্তরন	o nt O r o n
অন্তরা	o nt O r a
অন্তরাত্মা	o nt O r a t t a
অন্তরাপত্যা	o nt O r a p O t t a
অন্তরাল	o nt O r a l
অন্তরালেই	o nt O r a l e i
অন্তরায়	o nt O r a y
অন্তরায়গুলো	o nt O r a y g u l O
অন্তরিক্ষ	o nt O r i kkh O
অন্তরিত	o nt O r i t O
অন্তরিন	o nt O r i n | o nt o r i n
অন্তরিন্দ্রিয়	o nt O r i ndr i y O
অন্তরিফ	o nt O r i p
অন্তরিয়	o nt O r i y O
অন্তরের	o nt O r e r
অন্তর্কোন্দল	o nt O r k O nd o l
অন্তর্কোন্দলে	o nt o r k O nd o l e
অন্তর্কোন্দলের	o nt o r k O nd o l e r
অন্তর্গতভাবে	o nt O r g o t o bh a b e
অন্তর্ঘাত	o nt O r gh a t
অন্তর্ঘাতমুলক	o nt O r gh a t m u l O k | o nt o r gh a t o m u l o k
অন্তর্জগৎ	o nt O r j o g O t
অন্তর্জল	o nt O t O r j o l
অন্তর্জাতিক	o nt O r j a t i k
অন্তর্জাল	o nt O r j a l
অন্তর্জালে	o nt O r j a l e
অন্তর্জ্বালা	o nt O r j j a l a
অন্তর্দর্শন	o nt o r d o r sh o n
অন্তর্দলিয়	o nt O r d o l i y o
অন্তর্দাহ	o nt O r d a h O
অন্তর্দৃশ্টি	o nt O r d ri sh T i | o nt o r d ri sh T i
অন্তর্দৃশ্টির	o nt O r d ri sh T i r
অন্তর্দেশ	o nt O r d e sh
অন্তর্দ্বন্দ্ব	o nt O r d o nd O
অন্তর্দ্বন্দ্বে	o nt o r d o nd e
অন্তর্দ্বন্দ্বের	o nt o r d o nd e r
অন্তর্দ্বার	o nt O r d a r
অন্তর্ধানকে	o nt O r dh a n k e
অন্তর্ধানের	o nt O r dh a n e r
অন্তর্নিহিত	o nt O r n i h i t O
অন্তর্বত্নি	o nt O r b O t n i
অন্তর্বর্তি	o nt O r b O r t i | o nt o r b o r t i
অন্তর্বর্তিকালিন	o nt O r b O r t i k a l i n | o nt o r b o r t i k a l i n
অন্তর্বর্তিকালে	o nt o r b o r t i k a l e
অন্তর্বানিজ্য	o nt O r b a n i j j O
অন্তর্বাশ্প	o nt O r b a sh p O
অন্তর্বাস	o nt O r b a sh
অন্তর্বাসের	o nt O r b a sh e r
অন্তর্বিবাহ	o nt O r b i b a h O
অন্তর্বিভাগ	o nt O r b i bh a g
অন্তর্বিভাগে	o nt O r b i bh a g e
অন্তর্বিভাগের	o nt o r b i bh a g e r
অন্তর্বিরোধ	o nt O r b i r O dh
অন্তর্বেদনা	o nt O r b e d O n a
অন্তর্ভুক্তি	o nt O r bh u kt i
অন্তর্ভুক্তিকরন	o nt o r bh u kt i k o r o n
অন্তর্ভুক্তিকরনের	o nt o r bh u kt i k o r o n e r o
অন্তর্ভুক্তিমুলক	o nt O r bh u kt i m u l O k | o nt o r bh u kt i m u l o k
অন্তর্ভুক্তির	o nt O r bh u kt i r
অন্তর্ভুক্তের	o nt o r bh u kt e r
অন্তর্ভেদি	o nt O r b e d i
অন্তর্মাধুর্য	o nt O r m a dh u r j O
অন্তর্মুখ;	o nt O r m u kh o
অন্তর্মুখি	o nt O r m u kh i | o nt o r m u kh i
অন্তর্যাত্রা	o nt O r j a tr a
অন্তর্যামি	o nt O r j a m i | o nt o r j a m i
অন্তর্হাস	o nt O r h a sh
অন্তর্হিত	o nt O r h i t O
অন্তস্তলে	o nt O st o l e
অন্তস্থ	o nt o sth O
অন্তস্পট	o nt o s p o T
অন্তহিন	o nt O h i n | o nt o h i n
অন্তহিনভাবে	o nt O h i n bh a b e
অন্তিক	O nt i k
অন্তিম	O nt i m
অন্তু	O nt u
অন্তুর	O nt u r
অন্তে	o nt e
অন্ত্য	o nt O
অন্ত্যজ	o nt O j
অন্ত্যমিল	o nt O m i l
অন্ত্যেশ্টিক্রিয়া	o nt e sh T i kr i y a
অন্ত্যেশ্টিক্রিয়ার	o nt e sh T i kr i y a r
অন্ত্যেশ্টিক্রিয়ায়	o nt e sh T i kr i y a y
অন্ত্রে	o n t r e
অন্ত্রের	o n t r e r
অন্দর	o nd o r
অন্দরমহল	o nd O r m o h O l
অন্দরমহলও	o nd o r m o h o l O
অন্দরমহলে	o nd O r m o h O l e
অন্দরমহলের	o nd O r m o h O l e r
অন্দরসজ্জা	o nd O r sh o j j a
অন্দরসজ্জায়	o nd o r sh o j j a y
অন্দরসাজ	o nd O r sh a j
অন্দোলন	o nd O l o n
অন্দোলনের	a nd O l O n e r
অন্ধকারই	o ndh o k a r i
অন্ধকারকে	o ndh O k a r k e
অন্ধকারতম	o ndh o k a r t o m o
অন্ধকারদর্শি	o ndh o k a r d o r sh i
অন্ধকারময়	o ndh o k a r m o y
অন্ধকারাচ্ছন্ন	o ndh O k a r a ch chh o nn O
অন্ধকারে	o ndh O k a r e
অন্ধকারেই	o ndh O k a r e i
অন্ধকারেও	o ndh O k a r e O
অন্ধকারের	o ndh O k a r e r
অন্ধদের	o ndh o d e r
অন্ধবিশ্বাস	o ndh O b i sh sh a sh
অন্ধবিশ্বাসের	o ndh o b i sh sh a sh e r
অন্ধভাবে	o ndh o bh a b e
অন্ধানুকরন	o ndh a n u k o r O n
অন্ধিভুত	O ndh i bh u t O
অন্ধিসন্ধি	O ndh i sh O ndh i
অন্ধের	o ndh e r
অন্ধ্রপ্রদেশের	o n dh r O pr O d e sh e r
অন্ধ্রের	o n dh r e r
অন্নদা	o nn o d a
অন্নদান	o nn o d a n
অন্নদাপ্রসাদ	o nn o d a pr o sh a d
অন্নদাশংকর	o nn o d a sh o ng k o r
অন্নপুর্না	o nn O p u r n a | o nn o p u r n a
অন্নপুর্নার	o nn O p u r n a r | o nn o p u r n a r
অন্নপুর্নায়	o nn o p u r n a y
অন্নহিন	o nn o h i n
অন্বর্থ	o n n o r th O
অন্বিক্ষন	O n n i kkh o n
অন্বিক্ষা	O n o n i kkh a
অন্বিত	O n n i t O
অন্বিশ্ট	O n n i sh T O
অন্বেশক	o n n e sh o k
অন্বেশন	o n n e sh o n
অন্বেশনকারি	o n n e sh o n k a r i
অন্বেশনে	o n n e sh o n e
অন্বেশনের	o n n e sh O n e r | o n n e sh o n e r
অন্বেশা	o n n e sh a
অন্বেশার	o n n e sh a r
অন্বেশায়	o n n e sh a y
অন্বয়	o n n o y
অন্যকিছুর	o n n o k i chh u r
অন্যকে	o n n O k e
অন্যকেও	o n n O k e O
অন্যকোন	o n n O k O n O
অন্যকোনো	o n n O k O n O
অন্যখানে	o n n O kh a n e
অন্যগুলো	o n n O g u l O
অন্যগুলোও	o n n o g u l O O
অন্যগুলোতে	o n n o g u l O t e
অন্যজনকে	o n n O j o n k e
অন্যজনের	o n n O j o n e r
অন্যজিবন	o n n O j i b O n
অন্যটা	o n n O T a
অন্যটার	o n n o T a r
অন্যটি	o n n O T i
অন্যটিতে	o n n O T i t e
অন্যটির	o n n O T i r
অন্যতর	o n n o t o r o
অন্যত্র	o n n o tr O
অন্যত্রও	o n n o tr o O
অন্যদল	o n n O d o l
অন্যদিকের	o n n o d i k e r
অন্যদিন	o n n O d i n
অন্যদিনের	o n n O d i n e r
অন্যদের	o n n O d e r
অন্যদেরও	o n n O d e r O
অন্যপক্ষ	o n n O p o kkh O
অন্যপক্ষে	o n n O p o kkh e
অন্যপক্ষের	o n n o p o kkh e r
অন্যপাশে	o n n O p a sh e
অন্যপ্রকাশের	o n n o pr o k a sh e r
অন্যপ্রান্তে	o n n O pr a nt e
অন্যবিধ	o n n o b i dh
অন্যভাবে	o n n O bh a b e
অন্যভাবেও	o n n O bh a b e O
অন্যমনস্কভাবে	o n n o m o n o s k o bh a b e
অন্যমাত্রা	o n n o m a tr a
অন্যরাও	o n n O r a O
অন্যরুপে	o n n o r u p e
অন্যসব	o n n O sh o b
অন্যস্থানে	o n n O sth a n e
অন্যাজ্য	o n A j j O | o n n a j j o
অন্যাজ্যতা	o n n a j j o t a
অন্যাজ্যভাবে	o n n a j j o bh a b e
অন্যান্য	o n n a n n O
অন্যান্যবারের	o n n a n n O b a r e r
অন্যান্যভাবে	o n n a n n o bh a b e
অন্যান্যরা	o n n a n n O r a
অন্যান্যের	o n n a n n e r
অন্যাসক্ত	o n n a sh o kt O
অন্যায়	o n A y
অন্যায়ই	o n n a y i
অন্যায়কারি	o n n a y k a r i
অন্যায়কারিকে	o n n a y k a r i k e
অন্যায়কারিদের	o n n a y k a r i d e r
অন্যায়কে	o n n a y k e
অন্যায়গুলো	o n n a y g u l O
অন্যায়টা	o n n a y T a
অন্যায়ভাবে	o n n a y bh a b e
অন্যায়ের	o n n a y e r o
অন্যুন	O n u n O
অন্যে	o n n e
অন্যের	o n n e r
অনড়	o n o r | o n o rh
অপ	o p O
অপকর্মকে	o p O k o r m o k e
অপকর্মগুলো	o p O k o r m o g u l O
অপকর্মটি	o p O k o r m o T i
অপকর্মে	o p O k o r m e
অপকর্ষ	o p O k o r sh O
অপকলংক	o p O k o l o ng k O
অপকার	o p O k a r
অপকারই	o p O k a r i
অপকির্তি	o p O k i r t i
অপকির্তির	o p O k i r t i r
অপকৃশ্ট	o p O k ri sh T O
অপকেন্দ্র	o p O k e ndr O
অপকোউশল	o p O k O u sh o l | o p o k O u sh o l
অপকোউশলে	o p O k O u sh o l e
অপকোউশলের	o p O k O u sh o l e r
অপক্ব	o p O k k O
অপক্ষপাত	o p O kkh O p a t
অপক্ষেপ	o p O kkh e p
অপক্ষয়	o p o kkh o y
অপগত	o p O g o t O
অপগা	o p O g a
অপঘাত	o p O gh a t
অপঘাতের	o p O gh a t e r
অপচনশিল	o p O ch o n o sh i l
অপচর্চার	o p O ch o r ch a r
অপচায়িত	o p O ch a y i t O
অপচিকিত্সার	o p O ch i k i t sh a r
অপচিকির্ষা	o p O ch i k i r sh a
অপচিকিৎসা	o p O ch i k i t sh a
অপচিকিৎসার	o p O ch i k i t sh a r
অপচিকিৎসায়	o p O ch i k i t sh a y o
অপচেশ্টা	o p O ch e sh T a | o p o ch e sh T a
অপচেশ্টাই	o p O ch e sh T a i
অপচেশ্টাও	o p O ch e sh T a O
অপচেশ্টাকে	o p O ch e sh T a k e
অপচেশ্টার	o p O ch e sh T a r
অপচেশ্টায়	o p O ch e sh T a y o
অপচয়	o p O ch o y
অপচয়ও	o p O ch o y O
অপচয়মুলক	o p O ch o y o m u l o k
অপচয়ি	o p O ch o y i
অপচয়িত	o p O ch o y i t o
অপচয়ে	o p O ch o y e
অপচয়ের	o p O ch o y e r
অপছন্দ	o p O chh O nd O
অপছন্দনিয়	o p O chh o nd o n i y
অপজশ	o p O j o sh
অপজিশন	o p O j i sh o n
অপটিকের	o p O T i k e r
অপটিমাইজেশন	o p O i m a i j e sh o n
অপটিমাইজেশনের	o p o T i m a i j e sh o n e r
অপটিমাস	o p O T i m a sh
অপটু	o p O T u
অপঠিত	o p O Th i t O
অপতত্পরতা	o p O t o t p o r o t a
অপতত্পরতার	o p O t o t p o r o t a r
অপত্নিক	o p O t n i k
অপত্য	o p o t t O
অপতৎপরতা	o p O t o t p o r O t a
অপথ	o p o th
অপথ্য	o p o t th O
অপদ	o p o d
অপদখল	o p O d o kh o l
অপদখলিয়	o p O d o kh o l i y
অপদস্ত	o p O d o st o
অপদস্থ	o p O d o sth O
অপনার	o p O n a r
অপনারা	o p O n a r a
অপনোদন	o p O n O d O n
অপন্ডিত	o p O n D i t
অপন্য	o p o n n O
অপপ্রচার	o p O pr O ch a r
অপপ্রচারকারি	o p O pr o ch a r k a r i
অপপ্রচারকে	o p O p ch a r k e
অপপ্রচারে	o p O pr O ch a r e
অপপ্রয়াস	o p O pr o y a sh
অপপ্রয়োগ	o p O pr o y O g
অপপ্রয়োগে	o p O pr o y O g e
অপপ্রয়োগের	o p O pr o y O g e r
অপবর্গ	o p O b o r g O
অপবাদ	o p O b a d
অপবাদও	o p O b a d O
অপবাদটা	o p O b a d T a
অপবাদটি	o p O b a d T i
অপবাদে	o p O b a d e
অপবিত্র	o p O b i tr O
অপব্যবহারও	o p O b A b o h a r O
অপব্যবহারকারি	o p o b A b o h a r k a r i
অপব্যবহারে	o p O b A b O h a r e
অপব্যবহারের	o p O b A b O h a r e r
অপব্যহার	o p O b A b o h a r
অপব্যাখ্যা	o p O b A k kh a
অপব্যাখ্যাকারি	o p o b A k kh a k a r i
অপব্যাখ্যার	o p O b A k kh a r
অপব্যয়	o p O b A y
অপভাশ	o p O bh a sh
অপভাশা	o p O bh a sh a
অপভুবিন্দু	o p O bh u b i nd u
অপভ্রংশ	o p O bh r o ng sh O
অপমানও	o p O m a n O
অপমানজনক	o p O m a n j o n O k
অপমানজনকভাবে	o p O m a n j o n o k bh a b e
অপমানটা	o p O m a n T a
অপমানবোধ	o p O m a n b O dh
অপমানে	o p O m a n e
অপমানের	o p O m a n e r
অপমিশ্রন	o p O m i sh r O n
অপমৃত্যুর	o p O m ri t t u r
অপর	o p o r
অপরকে	o p O r k e
অপরকেও	o p O r k e O
অপরচুনিটি	o p O r ch u n i T i
অপরজনকে	o p O r j o n k e
অপরটি	o p O r T i
অপরটির	o p O r T i r
অপরদিকে	o p O r d i k e
অপরপক্ষ	o p O r p o kkh o
অপরপক্ষে	o p O r p o kkh e
অপরপক্ষের	o p O r p o kkh e r
অপরপ্রান্তে	o p O r pr a nt e
অপরাগতা	o p O r a g o t a
অপরাজনিতি	o p O r a j n i t i | o p o r a j n i t i
অপরাজনিতিই	o p O r a j n i t i i
অপরাজনিতিতে	o p O r a j n i t i t e
অপরাজনিতির	o p O r a j n i t i r | o p o r a j n i t i r
অপরাজিত	o p O r a j i t O
অপরাজিতই	o p O r a j i t o i
অপরাজেয়	o p O r a j e y
অপরাধই	o p O r a dh i
অপরাধও	o p O r a dh O
অপরাধকর্ম	o p O r a dh k o r m o
অপরাধকর্মে	o p O r a dh k o r m e
অপরাধকারিদের	o p O r a dh k a r i d e r
অপরাধগুলো	o p O r a dh g u l O
অপরাধগুলোর	o p O r a dh g u l O r
অপরাধজগতে	o p O r a dh j o g o t e
অপরাধজগতের	o p O r a dh j o g o t e r
অপরাধজগৎ	o p O r a dh j o g o t
অপরাধটা	o p O r a dh T a
অপরাধটি	o p O r a dh T i
অপরাধপ্রবন	o p o r a dh pr o b o n | o p O r a dh pr O b O n
অপরাধপ্রবনতা	o p o r a dh pr o b o n t a | o p O r a dh pr O b O n o t a
অপরাধবিশয়ক	o p O r a dh b i sh o y o k
অপরাধবৃত্তি	o p O r a dh b ri tt i
অপরাধবৃত্তির	o p O r a dh b ri tt i r
অপরাধবোধে	o p O r a dh b O dh e
অপরাধবোধের	o p O r a dh b O dh e r
অপরাধমুক্ত	o p O r a dh m u kt o
অপরাধমুলক	o p O r a dh m u l O k | o p o r a dh m u l o k
অপরাধসংক্রান্ত	o p o r a dh sh o ng kr a nt o
অপরাধসমুহ	o p O r a dh sh o m u h o
অপরাধসহ	o p O r a dh sh o h O
অপরাধি	o p O r a dh i | o p o r a dh i
অপরাধিই	o p O r a dh i i
অপরাধিও	o p O r a dh i O
অপরাধিকে	o p O r a dh i k e | o p o r a dh i k e
অপরাধিকেও	o p O r a dh i k e O
অপরাধিচক্র	o p O r a dh i ch o kr o
অপরাধিদের	o p O r a dh i d e r | o p o r a dh i d e r
অপরাধির	o p O r a dh i r | o p o r a dh i r
অপরাধিরা	o p O r a dh i r a | o p o r a dh i r a
অপরাধিরাও	o p O r a dh i r a O
অপরাধে	o p O r a dh e
অপরাধেই	o p O r a dh e i
অপরাধেও	o p O r a dh e O
অপরাধের	o p O r a dh e r
অপরাবিদ্যা	o p O r a b i d d a
অপরামর্শ	o p O r a m o r sh O
অপরাস্ত	o p O r a st O
অপরাহর	o p O r a h o r
অপরাহ্	o p O r a h
অপরাহ্ন	o p O r a n h O | o p o r a h n o
অপরাহ্নে	o p O r a n h e
অপরাহ্নের	o p O r a h n e r
অপরিকল্পিতভাবে	o p O r i k O l p i t O bh a b e
অপরিক্ষিত	o p O r i kkh i t o
অপরিগ্রহ	o p O r i g gr O h O
অপরিচিতের	o p O r i ch i t e r
অপরিচ্ছন্নতা	o p O r i ch chh o nn O t a
অপরিচ্ছন্নতার	o p o r i ch chh o nn o t a r
অপরিচ্ছিন্ন	o p O r i ch chh o nn O
অপরিচয়	o p O r i ch o y
অপরিচয়ের	o p O r i ch o y e r
অপরিজ্ঞাত	o p O r i g g A t O
অপরিজ্ঞেয়	o p O r i g g e y O
অপরিতৃপ্ত	o p O r i t r i p t O
অপরিতোশনিয়	o p O r i t O sh O n i y a
অপরিত্যাজ্য	o p O r i t A j j O
অপরিনত	o p o r i n o t o | o p O r i n o t O
অপরিনামদর্শি	o p o r i n a m d o r sh i | o p O r i n a m d O r sh i
অপরিনামদর্শিতা	o p o r i n a m d o r sh i t a
অপরিনামদর্শিতার	o p o r i n a m d o r sh i t a r
অপরিনিত	o p O r i n i t O
অপরিপক্ক	o p O r i p o k k O
অপরিপক্ব	o p O r i p o k k O
অপরিপক্বতা	o p O r i p o k k o t a
অপরিপক্বতার	o p O r i p o k k o t a r
অপরিপন্থি	o p O r i p O n th i
অপরিপাক	o p O r i p a k
অপরিপুর্ন	o p O r i p u r n O
অপরিবর্তন	o p O r i b o t t O n
অপরিবর্তনজোগ্য	o p o r i b o r t o n o j O g g o
অপরিবর্তনিয়	o p O r i b o r o t o n i y o
অপরিবর্তিতই	o p O r i b o r o t i t o i
অপরিমান	o p O r i m a n
অপরিমেয়	o p O r i m e y o
অপরিশুদ্ধ	o p O r i sh u d dh O
অপরিশোধ্য	o p O r i sh O dh dh o
অপরিশ্কার	o p O r i sh k a r | o p o r i sh k a r
অপরিসর	o p O r i sh o r
অপরিসিম	o p O r i sh i m | o p o r i sh i m
অপরিস্ফুট	o p O r i sh ph u T O
অপরিস্ফুরন	o p O r i sh ph u r o n
অপরিহানিয়	o p O r i h a n i y
অপরিহার্য	o p O r i h a r j O
অপরিহার্যতা	o p O r i h a r j O t a
অপরিহার্যতার	o p O r i h a r j o t a
অপরিহার্যভাবে	o p o r i h a r j o bh a b e
অপরুপ	o p O r u p
অপরুপা	o p O r u p a | o p o r u p a
অপরে	o p O r e
অপরোক্ষ	o p O r O kkh O
অপর্না	o p O r n a
অপর্নাচরন	o p O r n a ch o r o n
অপর্নার	o p O r n a r
অপর্যাপ্ত	o p O r j a p t O
অপলকা	o p O l k a
অপলা	o p O l a
অপলাপ	o p O l a p
অপশক্তিই	o p O sh o kt i i
অপশন	o p O O n
অপশনই	o p O o n i
অপশনও	o p O o n O
অপশনগুলো	o p O o n g u l O
অপশনটি	o p O O n T i
অপশনটিতে	o p O o n T i t e
অপশনস	o p O o n sh
অপশনে	o p O O n e
অপশব্দ	o p O sh o b d O
অপশাসন	o p O sh a sh O n
অপশাসনে	o p O sh a sh o n e
অপশাসনের	o p O sh a sh o n e r
অপশ্রুতি	o p O sh r u t i
অপস	o p o sh
অপসংস্কৃতির	o p O sh o ng s k ri t i r
অপসরন	o p O sh o r O n
অপসাংবাদিকতা	o p O sh a ng b a d i k o t a
অপসাংবাদিকতার	o p o sh a ng b a d i k o t a r
অপসারন	o p o sh a r o n | o p O sh a r O n
অপসারনকাজের	o p O sh a r o n k a j e r
অপসারনকারি	o p O sh a r o n k a r i
অপসারনজোগ্য	o p O sh a r o n j O g g o
অপসারনমুলক	o p O sh a r o n m u l o k
অপসারনসংক্রান্ত	o p o sh a r o n sh o ng kr a nt o
অপসারনসহ	o p O sh a r o n sh o h O
অপসারনে	o p o sh a r o n e | o p O sh a r O n e
অপসারনের	o p o sh a r o n e r | o p O sh a r O n e r
অপসারিত	o p O sh a r i t O
অপসিদ্ধান্ত	o p O sh i d dh a nt O
অপসৃত	o p O sh sh ri t O
অপসোনিন	o p O sh O n i n
অপস্মার	o p O sh sh a r
অপস্রিয়মান	o p O sh r i y o m a n
অপহত	o p O h o t O
অপহরন	o p o h o r o n | o p O h o r O n
অপহরনকারি	o p o h o r o n k a r i | o p O h o r O n k a r i
অপহরনকারিকে	o p O h o r O n k a r i k e
অপহরনকারিদের	o p o h o r o n k a r i d e r | o p O h o r O n k a r i d e r
অপহরনকারিরা	o p o h o r o n k a r i r a | o p O h o r O n k a r i r a
অপহরনসহ	o p o h o r o n sh o h O | o p O h o r O n sh o h O
অপহরনে	o p o h o r o n e | o p O h o r O n e
অপহুজুর	o p O h u j u r
অপহুত	o p O h u t o
অপহুতকে	o p O h u t o k e
অপহুতদের	o p O h u t o d e r
অপহুতের	o p O h u t e r
অপহৃত	o p O r i t O
অপহৃদ	o p O h r i d o
অপাংগ	o p a ng g O
অপাংেক্তয়	o p a e ng kt o y
অপাক	o p a k
অপাচ্য	o p a ch ch O
অপাঠ্য	o p a Th Th O
অপাত্র	o p a tr O
অপাদান	o p a d a n
অপান	o p a n
অপাপ	o p a p
অপাবরন	o p a b o r O n
অপাবৃনু	o p a b r i n u
অপার	o p a r
অপারগ	o p a r o g
অপারগতা	o p a r O g o t a
অপারগতার	o p a r O g o t a r
অপারেট	o p a r e T
অপারেটর	o p a r e T o r
অপারেটরও	o p a r e T o r O
অপারেটরকে	o p a r e T o r k e
অপারেটরগুলোর	o p a r e T o r g u l O r
অপারেটরটি	o p a r e T o r T i
অপারেটরদের	o p a r e T o r d e r
অপারেটররা	o p a r e T o r r a
অপারেটররাও	o p a r e T o r r a O
অপারেটরস	o p a r e T o r sh o
অপারেটরসংকটের	o p a r e T o r sh o ng k o T e r
অপারেটরসহ	o p a r e T o r sh o h O
অপারেটরা	o p a r e T r a
অপারেটরে	o p a r e T o r e
অপারেটরের	o p a r e T o r e r
অপারেটিভ	o p a r e T i bh
অপারেটিভের	o p a r e T i bh e r
অপারেশন	o p a r e sh o n
অপারেশনও	o p a r e sh o n O
অপারেশনটি	o p a r e sh o n T i
অপারেশনসের	o p a r e sh o n o sh e r
অপারেশনাল	o p a r e sh O n a l
অপারেশনে	o p a r e sh O n e
অপারেশনের	o p a r e sh o n e r
অপার্যমানে	o p a r j O m a n e
অপাস	o p a sh
অপাস্তুরিত	o p a st u r i t O
অপায়	o p a y
অপিক্ষিত	O p i kkh i t o
অপিচ	O p i ch o
অপিন	O p i n O
অপিনদ্ধ	O p i n o d dh O
অপিনিহিত	O p i n i h i t O
অপির	O p i r
অপিশুন	O p i sh u n
অপিয়াম	O p i y a m
অপু	O p u
অপুকে	O p u k e
অপুচ্ছ	O p u ch chh O
অপুপ	O p u p o
অপুর	O p u r
অপুরন	O p u r o n
অপুরনকৃত	O p u r o n k ri t o
অপুরনিয়	O p u r o n i y
অপুর্ন	o p u r n O | o p u r n o
অপুর্নই	o p u r n O i | o p u r n o i
অপুর্নতা	o p u r n O t a | o p u r n o t a
অপুর্নতার	o p u r n O t a r | o p u r n o t a r
অপুর্নাংগ	O p u r o n a ng g O
অপুর্ব	o p u r b O | o p u r b o
অপুর্বর	o p u r b O r | o p u r b o r
অপুশ্ট	o p u sh T O | o p u sh T o
অপুশ্টি	O p u sh T i
অপুশ্টিজনিত	o p u sh T i j O n i t O | o p u sh T i j o n i t o
অপুশ্টিতে	O p u sh T i t e
অপুশ্টির	O p u sh T i r
অপুশ্পক	O p u sh p o k
অপেক্ষক	o p e kkh o k
অপেক্ষন	o p e kkh o n
অপেক্ষমান	o p e kkh o m a n | o p e kkh O m a n
অপেক্ষা	o p e kkh a
অপেক্ষাই	o p e kkh a i
অপেক্ষাও	o p e kkh a O
অপেক্ষাকৃত	o p e kkh a k ri t O
অপেক্ষাটা	o p e kkh a T a
অপেক্ষাতেই	o p e kkh a t e i
অপেক্ষার	o p e kkh a r
অপেক্ষারত	o p e kkh a r o t O
অপেক্ষায়	o p e kkh a y
অপেক্ষায়ই	o p e kkh a y i
অপেরন	o p e r o n
অপেরা	o p e r a
অপেরার	o p e r a r
অপেশাদার	o p e sh a d a r
অপেশাদারি	o p e sh a d a r i
অপেশাদারির	o p e sh a d a r i r
অপেয়	o p e y O
অপো	o p O
অপোউরুশ	o p O u r u sh
অপোকৃত	o p O k ri t O
অপোগন্ড	o p O g o n D O
অপ্ট	o p T O
অপ্পোর	o p p O r
অপ্রকট	o pr O k o T
অপ্রকম্প	o pr O k o mp O
অপ্রকাশ	o pr O k a sh
অপ্রকৃতিস্থ	o pr O k r i t i sth O
অপ্রক্রিয়াজাত	o pr o kr i y a j a t
অপ্রগল্ভ	o pr O g o l bh O
অপ্রগাড়	o pr O g a r O
অপ্রজত্ন	o pr O j o t n O
অপ্রজুক্ত	o pr O j u kt O
অপ্রজ্বলিত	o pr O j j O l i t O
অপ্রতর	o pr O t o r
অপ্রতর্ক্য	o pr O t o r k O
অপ্রতিগ্রহ	o pr O t i g gr O h O
অপ্রতিত	o pr O t i t O
অপ্রতিদ্বন্দ্বি	o pr O t i d d O nd i | o pr o t i d o nd i
অপ্রতিবিধেয়	o pr O t i b i dh e y O
অপ্রতিভ	o pr O t i bh O
অপ্রতিম	o pr O t i m
অপ্রতিশ্ঠ	o pr O t i sh Th O
অপ্রতিসম	o pr O t i sh o m o
অপ্রতিহত	o pr O t i h o t O
অপ্রতুলতাই	o pr O t u l t a i
অপ্রতুলতার	o pr O t u l o t a r
অপ্রতুলতায়	o pr O t u l t a y
অপ্রত্যক্ষ	o pr o t t o kkh O
অপ্রত্যক্ষভাবে	o pr O t t o kkh o bh a b e
অপ্রত্যাগত	o pr O t t a g o t O
অপ্রত্যাশিতভাবে	o pr O t t a sh i t O bh a b e
অপ্রত্যাশিতভাবেই	o pr o t t a sh i t o bh a b e i
অপ্রত্যয়	o pr o t t o y
অপ্রদর্শিত	o pr O d O r sh i t O
অপ্রধান	o pr O dh a n
অপ্রধৃশ্য	o pr O dh r i sh sh O
অপ্রনয়	o pr O n o y
অপ্রবৃত্তি	o pr O b r i tt i
অপ্রমত্ত	o pr O m o tt O
অপ্রমাদ	o pr O m a d o
অপ্রমাদিরা	o pr O m a d i r a
অপ্রমান	o pr O m a n
অপ্রমানিত	o pr O m a n i t o
অপ্রমেয়	o pr O m e y O
অপ্রশংসা	o pr O sh o ng sh a
অপ্রশমনিয়	o pr O sh o m O n i y O
অপ্রশিক্ষনপ্রাপ্ত	o pr O sh i kkh o n pr a p t o
অপ্রসন্ন	o pr O sh o nn O
অপ্রসিদ্ধ	o pr O sh i d dh O
অপ্রসুতা	o pr O sh u t a
অপ্রস্তুতির	o pr O st u t i r
অপ্রাকৃত	o pr a k r i t o
অপ্রাচুর্য	o pr a ch u r o j O
অপ্রাতিশ্ঠানিক	o pr a t i sh Th a n i k
অপ্রাপ্ত	o pr a p t O
অপ্রাপ্তবয়স্ক	o pr a p t o b o y o s k o
অপ্রাপ্তবয়স্কদের	o pr a p t o b o y o s k o d e r
অপ্রাপ্তি	o pr a p t i
অপ্রাপ্তিজনিত	o pr a p t i j o n i t o
অপ্রাপ্য	o pr a p p O
অপ্রামানিক	o pr a m a n i k
অপ্রাসংগিক	o pr a sh O ng g i k
অপ্রাসংগিকভাবে	o pr a sh o ng g i k o bh a b e
অপ্রিতি	O pr i t i
অপ্রিতিকর	o p ri t i k o r | o pr i t i k o r
অপ্রিয়	O pr i y O
অপ্রিয়সংজোগ	O pr i y o sh o ng j O g
অপ্রয়োজন	o pr O y O j o n
অপ্রয়োজনিয়	o pr O y O j o n i y o
অপ্রয়োজনিয়ভাবে	o pr o y O j o n i y o bh a b e
অপ্রয়োজনে	o pr O y O j o n e
অপ্সরা	o p sh O r a
অপ্সরি	o p sh O r i
অপয়া	o p O y a
অপ–	o p O
অফ	o ph
অফপিক	o ph p i k
অফর	o ph o r
অফলাইন	o ph l a i n
অফলাইনে	o ph l a i n e
অফলাইনেও	o ph l a i n e O
অফশোর	o ph sh O r
অফসাইট	o ph sh a i T
অফসাইডে	o ph sh a i D e
অফসাইডের	o ph sh a i D e r
অফসেট	o ph sh e T
অফস্ক্রিন	o ph sh k r i n
অফস্টাম্পের	o ph s T a mp e r
অফস্পিনার	o ph s p i n a r
অফার	o ph a r
অফারটি	o ph a r T i
অফারিং	o ph a r i ng
অফারে	o ph a r e
অফারের	o ph a r e r
অফিশিয়াল	o ph i sh i y a l
অফিশিয়ালদের	o ph i sh i y a l d e r
অফিশিয়ালি	o ph i sh i y a l i
অফিস	o ph i s
অফিসই	o ph i s i
অফিসও	o ph i s O
অফিসকক্ষ	o ph i s k o kkh O
অফিসকক্ষে	o ph i s k o kkh e
অফিসকে	o ph i s k e
অফিসগামি	o ph i s g a m i
অফিসটা	o ph i s T a
অফিসটির	o ph i s T i r
অফিসপাড়া	o ph i s p a r a
অফিসপাড়ার	o ph i s p a r a r
অফিসপাড়ায়	o ph i s p a r a y o
অফিসসংলগ্ন	o ph i s sh O ng l O g n O
অফিসসহ	o ph i s sh o h O
অফিসার	o ph i s a r
অফিসারকে	o ph i s a r k e
অফিসারদের	o ph i s a r d e r
অফিসাররা	o ph i s a r r a
অফিসারসহ	o ph i s a r sh o h O
অফিসারের	o ph i s a r e r
অফিসার্স	o ph i s a r s
অফিসিয়াল	o ph i s i a l
অফিসিয়ালদের	o ph i s i y a l o d e r
অফিসিয়ালরা	o ph i s i y a l o r a
অফিসিয়ালি	o ph i s i y a l i
অফিসে	o ph i s e
অফিসেই	o ph i s e i
অফিসেও	o ph i s e O
অফিসের	o ph i s e r
অফুরন্ত	O ph u r o nt O
অফুরান	O ph u r a n
অফে	o ph e
অফেনাস্ট	o ph e n a sh T
অফের	o ph e r
অফেরতজোগ্য	o ph e r o t j O g g O | o ph e r o t o j O g g o
অফ্রিকার	o ph r i k a r
অব	o b
অবইজ্ঞানিক	o b O i g g a n i k
অবইতনিক	o b O i t O n i k
অবইধ	o b O i dh O
অবইধদের	o b O i dh O d e r
অবইধপথে	o b O i dh O p o th e
অবইধভাবে	o b O i dh O bh a b e
অবকর	o b O k o r
অবকাঠমো	o b O k a Th o m O
অবকাঠামো	o b O k a Th a m O
অবকাঠামোই	o b O k a Th a m O i
অবকাঠামোও	o b O k a Th a m O O
অবকাঠামোকে	o b O k a Th a m O k e
অবকাঠামোজনিত	o b O k a Th a m O j o n i t o
অবকাঠামোতে	o b O k a Th a m O t e
অবকাঠামোর	o b O k a Th a m O r
অবকাঠামোয়	o b O k a Th a m O y o
অবকাশকালিন	o b O k a sh o k a l i n
অবকাশজাপন	o b O k a sh o j a p o n
অবকাশজাপনকেন্দ্র	o b o k a sh o j a p o n k e ndr o
অবকাশসুবিধা	o b O k a sh sh u b i dh a
অবকাশসুবিধার	o b O k a sh sh u b i dh a r
অবক্ষিপ্ত	o b O kkh i p t O
অবক্ষেপ	o b O kkh e p
অবক্ষয়	o b o kkh o y
অবক্ষয়িত	o b O kkh i y o t o
অবক্ষয়ে	o b O kkh o y e
অবক্ষয়ের	o b O kkh o y e r
অবগত	o b O g o t O
অবগতি	o b O g o t i
অবগতির	o b O g o t i r
অবগাই	o b O g a i
অবগাহন	o b O g a h O n
অবগাড়ি	o b O g a r i
অবগুন	o b O g u n
অবগুন্ঠন	o b O g u n Th o n
অবগুন্ঠিত	o b O g u n Th i t o
অবচন	o b O ch o n
অবচিত	o b O ch i t o
অবচ্ছায়	o b O ch chh a y
অবচ্ছিন্ন	o b O ch chh i nn O
অবচ্ছেদ	o b O ch chh e d
অবচয়	o b O ch o y
অবচয়ন	o b O ch o y O n
অবজর	o b O j o r
অবজান	o b O j a n
অবজারভার	o b O a r bh a r
অবজারভারের	o b O j a r bh a r e r
অবজারভেটরি	o b O a r bh e T O r i
অবজারভেটরির	o b O a r bh e T o r i r
অবজারভেশন	o b O a r bh e sh o n
অবজেকটিভ	o b O j e k T i bh o
অবজেকশন	o b O j e k sh o n
অবজেক্ট	o b O e k T
অবজ্ঞা	o b O g g a
অবজ্ঞাপুর্ন	o b O g g a p u r n o
অবজ্ঞাভরে	o b O g g a bh o r e
অবজ্ঞার	o b O g g a r
অবতংস	o b O t o ng sh O
অবতত	o b O t o t O
অবতরন	o b o t o r o n | o b O t o r O n
অবতরনকেন্দ্র	o b O t o r o n k e ndr o
অবতরনকেন্দ্রের	o b o t o r o n k e ndr e r
অবতরনে	o b O t o r O n e
অবতরনের	o b o t o r o n e r | o b O t o r O n e r
অবতল	o b O t o l
অবতলতার	o b O t o l o t a r
অবতার	o b O t a r
অবতারন	o b O t a r O n
অবতারনা	o b o t a r o n a | o b O t a r O n a
অবতারে	o b O t a r e
অবতির্ন	o b O t i r n O | o b o t i r n o
অবদমন	o b O d o m O n
অবদাত	o b O d a t O
অবদান	o b O d a n
অবদানই	o b O d a n i
অবদানও	o b O d a n O
অবদানকারি	o b O d a n k a r i
অবদানকেই	o b O d a n k e i
অবদানকেও	o b O d a n k e O
অবদানকেন্দ্রিক	o b o d a n k e ndr i k
অবদানে	o b O d a n e
অবদানের	o b O d a n e r
অবদুল	o b O d u l
অবদুল্লাহ	o b O d u l l a h o
অবদ্ধ	o b o d dh O
অবদ্য	o b o d d O
অবধান	o b O dh a n
অবধারন	o b O dh a r O n
অবধারিত	o b O dh a r i t O
অবধারিতই	o b O dh a r i t o i
অবধারিতভাবেই	o b O dh a r i t O bh a b e i
অবধুত	o b O dh u t
অবধ্য	o b O d dh O
অবনত	o b O n o t O
অবনতি	o b O n O t i
অবনতিই	o b O n o t i i
অবনতিও	o b O n o t i O
অবনতিতে	o b O n O t i t e
অবনতিশিল	o b O n O t i sh i l | o b o n o t i sh i l
অবনতিসহ	o b O n o t i sh o h O
অবনমন	o b O n o m O n
অবনমনের	o b O n o m O n e r
অবনমিত	o b O n o m i t
অবনম্র	o b O n o m r O
অবনি	o b O n i | o b o n i
অবনিন্দ্রনাথ	o b O n i ndr O n a th
অবন্ত	o b o nt O
অবন্তিকা	o b O nt i k a
অবন্তির	o b O nt i r
অবন্ধন	o b o ndh o n
অবন্ধ্য	o b O n d dh O
অবনয়ন	o b O n o y o n
অববাহিকাভিত্তিক	o b o b a h i k a bh i tt i k
অববাহিকার	o b O b a h i k a r
অববাহিকায়	o b O b a h i k a y
অববুদ্ধ	o b O b u d dh O
অববোধ	o b O b O dh
অবভাস	o b O bh a sh
অবভৃথ	o b O bh r i th
অবমত	o b O m o t
অবমন্তা	o b O m o nt a
অবমাননা	o b O m a n O n a
অবমাননাকর	o b O m a n O n a k o r
অবমাননাকারি	o b O m a n O n a k a r i | o b o m a n o n a k a r i
অবমাননাকে	o b O m a n o n a k e
অবমাননার	o b O m a n O n a r
অবমাননায়	o b O m a n o n a y
অবমানার	o b O m a n a r
অবমুক্ত	o b O m u kt O
অবমুক্তির	o b O m u kt i r
অবমুল্যায়ন	o b O m u l l a y o n
অবমুল্যায়নের	o b O m u l l a y o n e r
অবমুল্যায়িত	o b O m u l l a y i t o
অবমোচন	o b O m O ch O n
অবর	o b o r
অবরা	o b O r a
অবরুদ্ধ	o b O r u d dh O
অবরেন্য	o b O r e n n O
অবরোধও	o b O r O dh O
অবরোধকারি	o b O r O dh k a r i | o b o r O dh k a r i
অবরোধকারিদের	o b O r O dh k a r i d e r | o b o r O dh k a r i d e r
অবরোধকারিরা	o b O r O dh k a r i r a | o b o r O dh k a r i r a
অবরোধকে	o b O r O dh k e
অবরোধবাসিনি	o b o r O dh b a sh i n i
অবরোধেও	o b O r O dh e O
অবরোধের	o b O r O dh e r
অবরোহ	o b O r O h O
অবর্জনিয়	o b O r j O n i y O
অবর্তমান	o b O r t O m a n
অবর্ননিয়	o b O r n o n i y o
অবর্ষিত	o b O r sh i t O
অবল	o b o l
অবলম্ব	o b O l o mb O
অবলম্বনকারি	o b O l o mb o k a r i
অবলম্বনকে	o b O l o mb o k e
অবলম্বনে	o b O l o mb O n e
অবলম্বনেই	o b O l o mb o n e i
অবলি	o b O l i
অবলিগেশন	o b O i g e sh o n
অবলিপ্ত	o b O l i p t O
অবলিলা	o b O l i l a
অবলিলাক্রমে	o b O l i l a kr o m e
অবলিলায়	o b O l i l a y
অবলিড়	o b O l i r
অবলুন্ঠন	o b O l u n Th o n
অবলুপ্ত	o b O l u p t O
অবলুপ্তি	o b O l u p t i
অবলুপ্তির	o b O l u p t i r
অবলেখক	o b O l e kh o k
অবলেখন	o b O l e kh o n
অবলেপ	o b O l e p
অবলেহ	o b O l e h O
অবলেহন	o b O l e h O n
অবলোকন	o b O l O k O n
অবলোকনের	o b O l O k o n e r
অবলোপন	o b O l O p O n
অবলোপনকৃত	o b O l O p o n k ri t o
অবলোপনের	o b O l O p o n e r
অবলোহিত	o b O l O h i t o
অবশ	o b o sh
অবশিভুত	o b O sh i bh u t O
অবশিশ্ট	o b O sh i sh T O | o b o sh i sh T o
অবশিশ্টাংশ	o b O sh i sh T a ng sh O | o b o sh i sh T a ng sh o
অবশেশ	o b O sh e sh | o b o sh e sh
অবশেশে	o b O sh e sh e | o b o sh e sh e
অবশ্য	o b o sh sh O
অবশ্যই	o b o sh sh o i
অবশ্যকরনিয়	o b O sh sh o k o r o n i y o
অবশ্যপালনিয়	o b O sh sh o p a l o n i y o
অবশ্যম্ভাবি	o b O sh sh o m bh a b i | o b o sh sh o m bh a b i
অবশ্যম্ভাবিভাবে	o b o sh sh o m bh a b i bh a b e
অবশ্যি	o b O sh sh i
অবস	o b o sh
অবসকিউর	o b O sh k i u r
অবসরই	o b O sh o r i
অবসরও	o b O sh o r O
অবসরকালিন	o b O sh o r k a l i n | o b o sh o r k a l i n
অবসরজিবনে	o b O sh o r j i b o n
অবসরটা	o b O sh o r T a
অবসরপ্রাপ্ত	o b O sh o r pr a p t O
অবসরপ্রাপ্তদের	o b o sh o r pr a p t o d e r
অবসরভাতা	o b O sh o r bh a t a
অবসরভোগি	o b O sh o r bh O g i
অবসরভোগিদের	o b O sh o r bh O g i d e r
অবসরে	o b O sh o r e
অবসরের	o b O sh o r e r
অবসাদগ্রস্ত	o b O sh a d gr O st O
অবসাদে	o b O sh a d e
অবসাদের	o b O sh a d e r
অবসান	o b O sh a n
অবসানও	o b O sh a n O
অবসানসহ	o b O sh a n sh o h O
অবসানে	o b O sh a n e
অবসানের	o b O sh a n e r
অবসেসিভ	o b O e sh i bh o
অবস্তু	o b O st u
অবস্তুগত	o b O st u g o t o
অবস্থাই	o b O sth a i
অবস্থাও	o b O sth a O
অবস্থাকে	o b O sth a k e
অবস্থাকেই	o b O sth a k e i
অবস্থাটা	o b O sth a T a
অবস্থাটাও	o b O sth a T a O
অবস্থাতেই	o b O sth a t e i
অবস্থাতেও	o b O sth a t e O
অবস্থাদৃশ্টে	o b O sth a d ri sh T e | o b o sth a d r i sh T e
অবস্থান	o b O sth a n
অবস্থানও	o b O sth a n O
অবস্থানকারি	o b O sth a n k a r i | o b o sth a n k a r i
অবস্থানকারিদের	o b o sth a n k a r i d e r
অবস্থানকাল	o b O sth a n k a l
অবস্থানকালিন	o b O sth a n k a l o i n
অবস্থানকালে	o b O sth a n k a l e
অবস্থানকে	o b O sth a n k e
অবস্থানকেই	o b O sth a n k e i
অবস্থানগত	o b O sth a n g o t O
অবস্থানগুলোতে	o b o sth a n g u l O t e
অবস্থানটা	o b O sth a n T a
অবস্থানটাই	o b O sth a n T a i
অবস্থানটি	o b O sth a n T i
অবস্থানটিই	o b O sth a n T i i
অবস্থানপত্র	o b O sth a n p o tr o
অবস্থানপত্রে	o b O sth a n p o tr e
অবস্থানপত্রের	o b o sth a n p o tr e r
অবস্থানরত	o b O sth a n r o t O
অবস্থানসহ	o b O sth a n sh o h O
অবস্থানস্থল	o b O sth a n sth o l
অবস্থানে	o b O sth a n e
অবস্থানেই	o b O sth a n e i
অবস্থানেও	o b O sth a n e O
অবস্থানের	o b O sth a n e r
অবস্থানেরও	o b O sth a n e r O
অবস্থাপন	o b O sth a p O n
অবস্থাভেদে	o b O sth a bh e d e
অবস্থার	o b O sth a r
অবস্থারই	o b O sth a r o i
অবস্থারও	o b O sth a r o O
অবস্থাসম্পন্ন	o b O sth a sh o mp O nn O
অবস্থাসহ	o b O sth a sh o h O
অবস্থায়	o b O sth a y o
অবস্থায়ই	o b O sth a y o i
অবস্থায়ও	o b O sth a y o O
অবস্থায়ি	o b O sth a y i
অবস্থিত	o b O sth i t O
অবহার	o b O h a r
অবহাস	o b O h a sh
অবহিতকরন	o b O h i t o k o r o n
অবহেলাই	o b O h e l a i
অবহেলাকারি	o b O h e l a k a r i
অবহেলাসহ	o b O h e l a sh o h O
অবহেলায়	o b O h e l a y
অবহেলিত	o b O h e l i t O
অবাংমুখ	o b a ng m u kh
অবাংালি	o b a ng g a l i
অবাংালিদের	o b a ng a l i d e r | o b a ng g a l i d e r
অবাংালিরা	o b a ng g a l i r a
অবাকও	o b a k O
অবাচি	o b a ch i
অবাচ্য	o b a ch ch O
অবাছাই	o b a chh a i
অবাঞ্চিত	o b a nch i t O
অবাঞ্ছিত	o b a n chh i t O
অবাধ	o b a dh
অবাধে	o b a dh e
অবাধ্য	o b a d dh O
অবাধ্যতা	o b a dh dh o t a
অবানিজ্যিক	o b a n i j j i k
অবান্ধব	o b a ndh o b
অবারন	o b a r O n
অবার্য	o b a r j O
অবাসক	o b a sh o k
অবাস্তব	o b a st o b
অবাস্তবায়িত	o b a st o b a y i t o
অবায়ু	o b a y u
অবিকল	O b i k o l
অবিকলভাবে	O b i k o l bh a b e
অবিকার	O b i k a r
অবিকৃত	O b i k ri t O
অবিকৃতভাবে	O b i k r i t o bh a b e
অবিক্রিয়াশিল	O b i kr i a sh i l
অবিচলভাবে	O b i ch o l bh a b e
অবিচার	O b i ch a r
অবিচারই	O b i ch a r i
অবিচারকে	O b i ch a r k e
অবিচারে	O b i ch a r e
অবিচ্ছন্ন	O b i ch chh o nn O
অবিচ্ছিন্ন	O b i ch chh i nn O
অবিচ্ছেদ	O b i ch chh e d
অবিচ্ছেদ্য	O b i ch chh e d d O
অবিচ্ছেদ্যভাবে	O b i ch chh e d d O bh a b e
অবিচ্যুত	O b i ch ch u t O
অবিজুক্ত	O b i j u kt O
অবিজ্ঞ	O b i g g O
অবিজ্ঞাত	O b i g g A t O
অবিজড়িত	O b i j O r i t O
অবিটার	O b i T a r
অবিডিও	O b i D i O
অবিদগ্ধ	O b i d o g dh O
অবিদিত	O b i d i t O
অবিদ্ধ	O b i d dh O
অবিদ্বান	O b i d d a n
অবিদ্যমান	O b i d d O m a n
অবিদ্যা	O b i d d a
অবিদ্যার	O b i d d a r
অবিধবা	O b i dh O b a
অবিধান	O b i dh a n
অবিধি	O b i dh i
অবিধেয়	O b i dh e y O
অবিনশ্বর	O b i n o sh sh o r
অবিনাশ	O b i n a sh
অবিনাশি	O b i n a sh i
অবিনিত	O b i n i t O
অবিন্যস্ত	O b i n n o st O
অবিনয়	O b i n o y
অবিপন্ন	O b i p o nn O
অবিবাদ	O b i b a d
অবিবাহিত	O b i b a h i t O
অবিবাহিতদের	O b i b a h i t O d e r
অবিবাহিতা	O b i b a h i t a
অবিবেক	O b i b e k
অবিবেচক	O b i b e ch o k
অবিবেচকের	O b i b e ch o k e r
অবিবেচনাপ্রসুত	O b i b e ch o n a pr o sh u t o
অবিভক্ত	O b i bh o kt O
অবিভাজিত	O b i bh a j i t o
অবিমিশ্র	O b i m i sh r O
অবিমৃশ্য	O b i m ri sh sh O
অবিমৃশ্যকারিতার	O b i m r i sh sh o k a r i t a r
অবির	O b i r
অবিরত	O b i r o t O
অবিরাম	O b i r a m
অবিরামভাবে	O b i r a m bh a b e
অবিরুদ্ধ	O b i r u d dh O
অবিরোধ	O b i r O dh
অবিরোধিয়	O b i r O dh i y o
অবিল	O b i k o l
অবিলম্ব	O b i l o mb O
অবিলাস	O b i l a sh
অবিশহ্য	O b i sh O j jh O
অবিশাদ	O b i sh a d
অবিশেশ	O b i sh e sh
অবিশ্বকোশিয়	O b i sh sh O k O sh i O
অবিশ্বস্ত	O b i sh sh o st O
অবিশ্বাস	O b i sh sh a sh
অবিশ্বাসকে	O b i sh sh a sh k e
অবিশ্বাসি	O b i sh sh a sh i
অবিশ্বাসিদের	O b i sh sh a sh i d e r
অবিশ্বাসে	O b i sh sh a sh e
অবিশ্বাসের	O b i sh sh a sh e r
অবিশ্বাস্য	O b i sh sh a sh sh O
অবিশ্বাস্যরকম	O b i sh sh a sh sh o r o k o m
অবিশ্রান্ত	O b i sh r a nt O
অবিশ্রুত	O b i sh r u t O
অবিশয়	O b i sh o y
অবিসংবাদ	O b i sh O ng b a d
অবিসংবাদি	O b i sh O ng b a d i
অবিসংবাদিত	O b i sh o ng b a d i t O
অবিস্তির্ন	O b i st i r n O
অবিস্ফোরিত	O b i sh ph O r i t O
অবিস্মরনিয়	o b i sh sh o r O n i y O | o b i sh m o r o n i y o
অবিহিত	O b i h i t O
অবুঝ	O b u jh
অবুরে	O b u r e
অবৃশ্টি	o b ri sh T i
অবেক্ত	o b e kt O
অবেক্ষক	o b e kkh o k
অবেদন	o b e d o n
অবেদনবিদ	a b e d O n b i d
অবেদনবিদের	o b e d o n b i d e r
অবেদনবিদ্যা	o b e d o n o b i d d a
অবেলা	o b A l a
অবেশ	o b e sh
অবোইজ্ঞানিক	o b o u g g a n i k
অবোইতনিক	o b O i t o n i k
অবোইধ	o b O i dh o
অবোইধতা	o b O i dh o t a
অবোইধতার	o b O i dh o t a r
অবোইধদের	o b O i dh o d e r
অবোইধপথে	o b O i dh o p o th e
অবোইধভাবে	o b O i t o bh a b e
অবোইরিতা	o b O i r i t a
অবোধ্য	o b O d dh o
অব্জ	o b j O
অব্দি	O b d i
অব্দে	o b d e
অব্ধি	O b dh i
অব্ধ্যগ্নি	o b dh O g n i
অব্যক্ত	o b A kt O
অব্যবধান	o b A b O dh a n
অব্যবসায়	o b A b O sh a y
অব্যবস্থা	o b A b O sth a
অব্যবস্থাপনা	o b A b O sth a p o n a
অব্যবস্থাপনাগুলো	o b A b o sth a p o n a g u l O
অব্যবস্থাপনায়	o b A b o sth a p o n a y
অব্যবস্থার	o b A b o sth a r
অব্যবস্থায়	o b A b o sth a y o
অব্যবহার	o b A b O h a r
অব্যবহিত	o b b O b O h i t O
অব্যবহুত	o b A b o h u t o
অব্যবহৃত	o b A b O r i t O
অব্যভিচার	o b A bh i ch a r
অব্যর্থ	o b b A r th O
অব্যাংক	o b A ng k
অব্যাংকিং	o b A ng k i ng
অব্যাকুল	o b A k u l
অব্যাকৃত	o b A k ri t O
অব্যাঘাত	o b A gh a t
অব্যাজ	o b A j
অব্যাপার	o b A p a r
অব্যাহতই	o b b a h o t o i
অব্যাহতভাবে	o b b a h O t O bh a b e
অব্যাহতি	o b b a h O t i
অব্যাহতিপত্র	o b b a h o t i p o tr o
অব্যাহতিপত্রে	o b b a h o t i p o tr e
অব্যাহতিপ্রাপ্ত	o b b a h o t i pr a p t o
অব্যাহতির	o b b a h O t i r
অব্যুৎপন্ন	O b b u t p O nn O
অব্যুড়	O b b u r O
অব্যয়	o b b o y
অব্যয়িত	o b A y i t o
অব্যয়িভাব	o b b o y i bh a b
অব্রাহ্মন	o br o m h O n
অবয়	o b o y
অবয়ব	o b O i o b
অবয়বকে	o b O y o b k e
অবয়বে	o b O y o b e
অবয়বের	o b O y o b e r
অভংগ	o bh o ng g O
অভংগুর	o bh O ng g u r
অভক্ত	o bh o kt O
অভগ্ন	o bh o g n O
অভদ্র	o bh o d r O
অভদ্রতা	o bh o d r o t a
অভরসা	o bh o r sh a
অভসন্তাপ	o bh i sh o nt a p
অভাগা	o bh a g a
অভাগার	o bh a g a r
অভাগ্য	o bh a g g O
অভাজন	o bh a j O n
অভাজনদের	o bh a j o n d e r
অভাজনের	o bh a j o n e r
অভাবই	o bh a b i
অভাবকেই	o bh a b k e i
অভাবগ্রস্ত	o bh a b o gr o st O
অভাবজনিত	o bh a b j O n i t O
অভাবটা	o bh a b T a
অভাবটাই	o bh a b T a i
অভাবটাও	o bh a b T a O
অভাবনিয়	o bh a b o n i y
অভাবনিয়ভাবে	o bh a b o n i y bh a b e
অভাববোধ	o bh a b b O dh
অভাবি	o bh a b i
অভাবিতের	o bh a b i t e r
অভাবিদের	o bh a b i d e r
অভাবে	o bh a b e
অভাবেই	o bh a b e i
অভাবেও	o bh a b e O
অভাব্য	o bh a b b O
অভিক	O bh i k
অভিকর্ষজ	O bh i k o r sh o j
অভিকর্ষের	O bh i k o r sh e r
অভিকে	O bh i k e
অভিকেন্দ্র	O bh i k e ndr O
অভিগম	O bh i g o m
অভিগ্রস্ত	O bh i g gr O st O
অভিগ্রহ	O b i g gr o h O
অভিগ্রহন	O bh i g gr O h O n
অভিঘাত	O bh i gh a t
অভিঘাতগুলো	O bh i gh a t g u l O
অভিঘাতে	O bh i gh a t e
অভিঘাতের	O bh i gh a t e r
অভিচার	O bh i ch a r
অভিজন	O bh i j o n
অভিজাচিত	O bh i j a t i t O
অভিজাত	O bh i j a t
অভিজাতদের	O bh i j a t d e r
অভিজাত্রা	O bh i j a tr a | o bh i j a tr a
অভিজাত্রাকে	O bh i j a tr a k e
অভিজাত্রার	O bh i j a tr a r | o bh i j a tr a r
অভিজাত্রায়	O bh i j a tr a y
অভিজাত্রি	O bh i j a tr i | o bh i j a tr i
অভিজাত্রিক	O bh i j a tr i k
অভিজাত্রিদের	O bh i j a tr i d e r
অভিজাত্রির	O bh i j a tr i r | o bh i j a tr o i r
অভিজাত্রিরা	O bh i j a tr i r a | o bh i j a tr i r a
অভিজান	O bh i j a n | o bh i j a n
অভিজানই	O bh i j a n i
অভিজানও	O bh i j a n O | o bh i j a n O
অভিজানকারি	O bh i j a n k a r i
অভিজানকারিদের	O bh i j a n k a r i d e r
অভিজানকারিরা	O bh i j a n k a r i r a
অভিজানকালে	O bh i j a n k a l e | o bh i j a n k a l e
অভিজানকে	O bh i j a n k e | o bh i j a n k e
অভিজানগুলো	O bh i j a n g u l O
অভিজানটি	O bh i j a n T i
অভিজানটির	O bh i j a n T i r
অভিজানসহ	O bh i j a n sh o h O
অভিজানে	O bh i j a n e | o bh i j a n e
অভিজানেই	O bh i j a n e i
অভিজানেও	O bh i j a n e O | o bh i j a n e O
অভিজানের	O bh i j a n e r | o bh i j a n e r
অভিজিত	O bh i j i t
অভিজিতকে	O bh i j i t k e
অভিজিতের	O bh i j i t e r
অভিজিত্	O bh i j i t
অভিজিৎ	O bh i j i t
অভিজিৎকে	O bh i j i t k e
অভিজুক্ত	O bh i j u kt O | o bh i j u kt o
অভিজুক্তকে	O bh i j u kt O k e | o bh i j u kt o k e
অভিজুক্তদের	O bh i j u kt O d e r | o bh i j u kt o d e r
অভিজুক্তরা	O bh i j u kt O r a | o bh i j u kt o r a
অভিজুক্তের	O bh i j u kt e r | o bh i j u kt e r
অভিজুজ্যতা	O bh i j u j j O t a
অভিজোগ	O bh i j O g | o bh i j O g
অভিজোগই	O bh i j O g i | o bh i j O g i
অভিজোগও	O bh i j O g O | o bh i j O g O
অভিজোগকারি	O bh i j O g k a r i | o bh i j O g k a r i
অভিজোগকারিকে	O bh i j O g k a r i k e
অভিজোগকারিকেই	O bh i j O g k a r i k e i
অভিজোগকারিদের	O bh i j O g k a r i d e r
অভিজোগকারির	O bh i j O g k a r i r | o bh i j O g k a r i r
অভিজোগকারিরা	O bh i j O g k a r i r
অভিজোগকে	O bh i j O g k e | o bh i j O g k e
অভিজোগকেই	O bh i j O g k e i
অভিজোগকেন্দ্র	O bh i j O g k e ndr O
অভিজোগকেন্দ্রে	O bh i j O g k e ndr e
অভিজোগগুলো	O bh i j O g g u l O | o bh i j O g g u l O
অভিজোগগুলোকে	O bh i j O g g u l O k e
অভিজোগগুলোর	O bh i j O g g u l O r | o bh i j O g g u l O r
অভিজোগটা	O bh i j O g T a | o bh i j O g T a
অভিজোগটি	O bh i j O g T i | o bh i j O g T i
অভিজোগটিকে	O bh i j O g T i k e
অভিজোগটির	O bh i j O g T i r
অভিজোগনামা	O bh i j O g n a m a
অভিজোগনামার	O bh i j O g n a m a r
অভিজোগপত্র	O bh i j O g p o tr o | o bh i j O g p o tr o
অভিজোগপত্রও	O bh i j O g p o tr O | o bh i j O g p o tr o O
অভিজোগপত্রকে	O bh i j O g p o tr o k e
অভিজোগপত্রটি	O bh i j O g p o tr o T i
অভিজোগপত্রভুক্ত	O bh i j O g p o tr O bh u kt O | o bh i j O g p o tr o bh u kt o
অভিজোগপত্রসহ	O bh i j O g p o tr o sh o h O
অভিজোগপত্রে	O bh i j O g p o tr e | o bh i j O g p o tr e
অভিজোগপত্রেও	O bh i j O g p o tr e O
অভিজোগপত্রের	O bh i j O g p o tr e r | o bh i j O g p o tr e r
অভিজোগসংক্রান্ত	O bh i j O g sh O ng kr a nt O
অভিজোগসংবলিত	O bh i j O g sh o ng b o l i t o
অভিজোগসহ	O bh i j O g sh o h O
অভিজোগে	O bh i j O g e | o bh i j O g e
অভিজোগেই	O bh i j O g e i | o bh i j O g e i
অভিজোগেও	O bh i j O g e O | o bh i j O g e O
অভিজোগের	O bh i j O g e r | o bh i j O g e r
অভিজোগেরই	O bh i j O g e r i
অভিজোগেরও	O bh i j O g e r O
অভিজোজন	O bh i j O j O n | o bh i j O j o n
অভিজোজনের	O bh i j O j o n e r
অভিজ্ঞজনেরা	O bh i g g o j o n e r a
অভিজ্ঞতম	O bh i g g o t o m
অভিজ্ঞতাও	O bh i g g o t a O
অভিজ্ঞতাকে	O bh i g g o t a k e
অভিজ্ঞতাগুলো	O bh i g g o t a g u l O
অভিজ্ঞতাটাই	O bh i g g o t a T a i
অভিজ্ঞতাটাও	O bh i g g o t a T a O
অভিজ্ঞতাটি	O bh i g g o t a T i
অভিজ্ঞতাপ্রসুত	O bh i g g o t a pr o sh u t o
অভিজ্ঞতাভিত্তিক	O bh i g g o t a bh i tt i k
অভিজ্ঞতার	O bh i g g o t a r
অভিজ্ঞতারই	O bh i g g o t a r i
অভিজ্ঞতালব্ধ	O bh i g g o t a l o b dh o
অভিজ্ঞতাসংক্রান্ত	O bh i g g o t a sh o ng kr a nt o
অভিজ্ঞতাসমৃদ্ধ	O bh i g g o t a sh o m r i d dh o
অভিজ্ঞতাসম্পন্ন	O bh i g g O t a sh o mp O nn O
অভিজ্ঞতাসহ	O bh i g g o t a sh o h O
অভিজ্ঞতায়	O bh i g g o t a y
অভিজ্ঞদের	O bh i g g O d e r
অভিজ্ঞরা	O bh i g g O r a
অভিজ্ঞা	O bh i g g a
অভিজ্ঞান	O bh i g g a n
অভিধা	O bh i dh a
অভিধাটি	O bh i dh a T i
অভিধান	O bh i dh a n
অভিধানটির	O bh i dh a n T i r
অভিধানেই	O bh i dh a n e i
অভিধানের	O bh i dh a n e r
অভিধায়	O bh i dh a y
অভিধেয়	O bh i dh e y
অভিনন্দন	O bh i n o nd o n
অভিনন্দনই	O bh i n o nd o n i
অভিনন্দনও	O bh i n o nd O n O
অভিনন্দনজোগ্য	O bh i n o nd o n j O g g o
অভিনন্দনপত্র	O bh i n o nd o n p o tr o
অভিনন্দনবার্তা	O bh i n o nd o n b a r t a
অভিনন্দনে	O bh i n o nd O n e
অভিনন্দনের	O bh i n o nd O n e r
অভিনন্দিত	O bh i n O nd i t O
অভিনবত্ব	O bh i n o b O tt O
অভিনিত	O bh i n i t O | o bh i n i t o
অভিনিবেশ	O bh i n i b e sh
অভিনেতাই	O bh i n e t a i
অভিনেতাও	O bh i n e t a O
অভিনেতাদের	O bh i n e t a d e r
অভিনেতার	O bh i n e t a r
অভিনেতারা	O bh i n e t a r a
অভিনেত্রি	O bh i n e tr i | o bh i n e tr i
অভিনেত্রিই	O bh i n e tr i i
অভিনেত্রিও	O bh i n e tr i O | o bh i n e tr i O
অভিনেত্রিকে	O bh i n e tr i k e | o bh i n e tr i k e
অভিনেত্রিদের	O bh i n e tr i d e r
অভিনেত্রির	O bh i n e tr i r | o bh i n e tr i r
অভিনেত্রিরা	O bh i n e tr i r a | o bh i n e tr i r a
অভিন্ন	O bh i nn O
অভিন্নতা	O bh i nn o t a
অভিনয়ই	O bh i n o y i
অভিনয়ও	O bh i n o y O
অভিনয়কারি	O bh i n o y k a r i
অভিনয়কে	O bh i n o y k e
অভিনয়জিবন	O bh i n o y j i b o n
অভিনয়জিবনে	O bh i n o y j i b o n e
অভিনয়জিবনের	O bh i n o y j i b o n e r
অভিনয়টা	O bh i n o y T a
অভিনয়টাই	O bh i n o y T a i
অভিনয়টাও	O bh i n o y T a O
অভিনয়শিল্পি	O bh i n O y sh i l p i | o bh i n o y sh i l p i
অভিনয়শিল্পিদের	O bh i n o y sh i l p i d e r
অভিনয়শিল্পির	O bh i n o y sh i l p i r
অভিনয়শিল্পিরা	O bh i n o y sh i l p i r a
অভিনয়ে	O bh i n o y e
অভিনয়েও	O bh i n o y e O
অভিনয়ের	O bh i n o y e r
অভিপন্ন	O bh i p o nn O
অভিপ্রায়	O bh i pr a y
অভিপ্রায়কে	O bh i pr a y k e
অভিপ্রায়ে	O bh i pr a y e
অভিপ্রায়ের	O bh i pr a y e r
অভিপ্রেত	O bh i pr e t o
অভিপ্লুত	O bh i p l u t O
অভিপ্সা	O bh i p sh a
অভিবাদনের	O bh i b a d O n e r
অভিবাসনকে	O bh i b a sh o n k e
অভিবাসনপ্রত্যাশি	O bh i b a sh O n pr O t t a sh i
অভিবাসনপ্রত্যাশিকে	O bh i b a sh O n pr O t t a sh i k e
অভিবাসনপ্রত্যাশিদের	O bh i b a sh O n pr O t t a sh i d e r
অভিবাসনবিরোধি	O bh i b a sh o n b i r O dh i
অভিবাসনবিশয়ক	O bh i b a sh o n b i sh o y o k
অভিবাসনসংক্রান্ত	O bh i b a sh o n sh o ng kr a nt o
অভিবাসনসুত্রে	O bh i b a sh o n sh u tr e
অভিবাসি	O bh i b a sh i | o bh i b a sh i
অভিবাসিকে	O bh i b a sh i k e | o bh i b a sh i k e
অভিবাসিত	O bh i b a sh i t o
অভিবাসিদের	O bh i b a sh i d e r | o bh i b a sh i d e r
অভিবাসিদেরই	O bh i b a sh i d e r O i
অভিবাসিবাহি	O bh i b a sh i b a h i
অভিবাসিবিরোধি	O bh i b a sh i b i r O dh i
অভিবাসির	O bh i b a sh i r
অভিবাসিরা	O bh i b a sh i r a | o bh i b a sh i r a
অভিব্যক্তি	O bh i b A kt i
অভিব্যক্তিটি	O bh i b A kt i T i
অভিব্যক্তিতে	O bh i b A kt i t e
অভিব্যক্তির	O bh i b A kt i r
অভিব্যাপ্ত	O bh i b A p t O
অভিভাবকই	O bh i bh a b O k i
অভিভাবকও	O bh i bh a b O k O
অভিভাবককে	O bh i bh a b O k k e
অভিভাবকত্ব	O bh i bh a b O k o tt O
অভিভাবকত্বের	O bh i bh a b O k o tt e r
অভিভাবকদেরও	O bh i bh a b O k d e r O
অভিভাবকরাও	O bh i bh a b O k r a O
অভিভাবকসহ	O bh i bh a b O k sh o h O
অভিভাবকসুলভ	O bh i bh a b o k sh u l o bh
অভিভাবকহিন	O bh i bh a b O k h i n | o bh i bh a b o k h i n
অভিভাবকের	O bh i bh a b O k e r
অভিভাবকেরা	O bh i bh a b O k e r a
অভিভাবকেরাই	O bh i bh a b o k e r a i
অভিভাবকেরাও	O bh i bh a b O k e r a O
অভিভাশন	O bh i bh a sh O n
অভিভাশনে	O bh i bh a sh o n e
অভিভুত	O bh i bh u t O | o bh i bh u t o
অভিমতই	O bh i m o t i
অভিমতও	O bh i m o t O
অভিমতসহ	O bh i m o t sh o h O
অভিমতে	O bh i m o t e
অভিমতের	O bh i m o t e r
অভিমন্যু	O bh i m O n n u
অভিমান	O bh i m a n
অভিমানও	O bh i m a n O
অভিমানি	O bh i m a n i | o bh i m a n i
অভিমানে	O bh i m a n e
অভিমানের	O bh i m a n e r
অভিমুখ	O bh i m u kh
অভিমুখি	O bh i m u kh i | o bh i m u kh i
অভিরত	O bh i r o t O
অভিরাম	O bh i r a m
অভিরুচি	O bh i r u ch i
অভিরুপ	O bh i r u p
অভিরোশ	O bh i r O sh
অভিলশনিয়	O bh i l o sh O n i y O
অভিলশিত	O bh i l e sh i t o
অভিলাশ	O bh i l a sh | o bh i l a sh
অভিলাশের	O bh i l a sh e r
অভিশংকা	O bh i sh O ng k a
অভিশংসনের	O bh i sh o ng sh o n e r
অভিশপ্ত	O bh i sh o p t O
অভিশাপ	O bh i sh a p
অভিশাপমুক্ত	O bh i sh a p m u kt O
অভিশাপে	O bh i sh a p e
অভিশাপের	O bh i sh a p e r
অভিশিক্ত	O bh i sh i kt O | o bh i sh i kt o
অভিশিক্তের	O bh i sh i kt e r
অভিশেক	O bh i sh e k | o bh i sh e k
অভিশেকই	O bh i sh e k i | o bh i sh e k i
অভিশেকও	O bh i sh e k O | o bh i sh e k O
অভিশেককে	O bh i sh e k k e
অভিশেকটা	O bh i sh e k T a | o bh i sh e k T a
অভিশেকে	O bh i sh e k e | o bh i sh e k e
অভিশেকেই	O bh i sh e k e i | o bh i sh e k e i
অভিশেকেও	O bh i sh e k e O
অভিশেকের	O bh i sh e k e r | o bh i sh e k e r
অভিশ্ট	o bh i sh T O | o bh i sh T o
অভিশ্রুতি	O bh i sh r u t i
অভিসরন	O bh i sh o r O n
অভিসার	O bh i sh a r
অভিসারে	O bh i sh a r e
অভিসারের	O bh i sh a r e r
অভিহত	O bh i h o t O
অভিহিত	O bh i h i t O
অভি–	O bh i
অভুক্ত	O bh u kt O
অভুত	O bh u t O
অভুতপুর্ব	o bh u t O p u r b O | o bh u t o p u r b o
অভেদ	o bh e d
অভোগ	o bh O g
অভোজন	o bh O j o n
অভোজ্য	o bh O j j O
অভ্যংগ	o b bh O ng g O
অভ্যঞ্জন	o b bh o nj o n
অভ্যন্তর	o b bh o nt o r
অভ্যন্তরিন	O b bh O nt O r i n | o b bh o nt o r i n
অভ্যন্তরিনভাবে	O b bh O nt O r i n bh a b e | o b bh o nt o r i n bh a b e
অভ্যন্তরে	o b bh O nt o r e
অভ্যন্তরেই	o b bh O nt o r e i
অভ্যন্তরেও	o b bh O nt o r e O
অভ্যন্তরের	o b bh O nt o r e r
অভ্যবহার	o b bh O b o h a r
অভ্যর্থনা	o b bh O r th O n a
অভ্যর্থনাই	o b bh o r th o n a i
অভ্যর্থনাকক্ষে	o b bh o r th o n a k o kkh e
অভ্যর্থনাকারি	o b bh o r th o n a k a r i
অভ্যর্থনার	o b bh O r th O n a r
অভ্যর্হিত	o b bh O r h i t O
অভ্যস্ত	o b bh o st O
অভ্যস্ততা	o b bh O st O t a
অভ্যস্ততার	o b bh o st o t a r
অভ্যাগত	o b bh a g o t O
অভ্যাগতদের	o b bh a g o t o d e r
অভ্যাগম	o b bh a g o m
অভ্যাগমন	o b bh a g o m O n
অভ্যাসই	o b bh a sh O i
অভ্যাসও	o b bh a sh O
অভ্যাসগত	o b bh a sh g o t o
অভ্যাসগুলো	o b bh a sh g u l O
অভ্যাসটা	o b bh a sh T a
অভ্যাসটাই	o b bh a sh T a i
অভ্যাসটি	o b bh a sh T i
অভ্যাসবশত	o b bh a sh b o sh O t O
অভ্যাসমতো	o b bh a sh m o t O
অভ্যাসে	o b bh a sh e
অভ্যাসেই	o b bh a sh e i
অভ্যাসের	o b bh a sh e r
অভ্যাহার	o b bh A h a r
অভ্যুত্থান	O b bh u t th a n
অভ্যুত্থানকারি	O b bh u t th a n k a r i
অভ্যুত্থানকারিদের	O b bh u t th a n k a r i d e r o
অভ্যুত্থানকে	O b bh u t th a n k e
অভ্যুত্থানচেশ্টার	O b bh u t th a n ch e sh T a r
অভ্যুত্থানে	O b bh u t th a n e
অভ্যুত্থানের	O b bh u t th a n e r
অভ্যুদাহরন	O b bh u d a h o r O n
অভ্যুদিত	O b bh u d i t O
অভ্যুদয়	O b bh u d o y
অভ্যুদয়ে	O b bh u d o y e
অভ্যুদয়ের	O b bh u d o y e r o
অভ্যেস	o b bh e sh
অভ্যেসটা	o b bh e sh T a
অভ্র	o bh r O
অভ্রকে	o bh r o k e
অভ্রম	o bh r o m
অভ্রর	o bh r o r
অভ্রাতৃক	o bh r a t r i k
অভ্রান্ত	o b bh r a nt O
অভ্রের	o bh r e r
অভয়	o bh o y
অভয়নগর	o bh o y n o g o r
অভয়নগরে	o bh o y n o g o r e
অভয়নগরের	o bh o y n o g o r e r
অভয়বানি	o bh o y b a n i
অভয়ারন্য	o bh o y a r o n n o
অভয়ারন্যগুলো	o bh o y a r o n n o g u l O
অভয়ারন্যে	o bh o y a r o n n e
অভয়ারন্যের	o bh o y a r o n n e r
অভয়াশ্রম	o bh o y a sh r o m
অভয়াশ্রমে	o bh o y a sh r o m e
অভয়ের	o bh o y e r
অমংগল	o m O ng g O l
অমংগলকর	o m o ng g o l k o r
অমংগলজনক	o m o ng g o l j o n o k
অমংগলের	o m o ng g o l e r
অমজবুত	o m O j b u t
অমত	o m o t
অমধুর	o m o dh u r
অমধুরতা	o m O dh u r o t a
অমন	o m o n
অমনই	o m o n i
অমনি	o m n i
অমনিবাস	o m o n i b a sh
অমনিবাসের	o m o n i b a sh e r
অমনুশ্য	o m O n u sh sh O
অমনুশ্যত্ব	o m O n u sh sh O tt O
অমনোজোগ	o m o n O j O g
অমনোজোগি	o m O n O j O g i | o m o n O j O g i
অমনোজোগিতা	o m o n O j O g i t a
অমনোজোগিতার	o m o n O j O g i t a r
অমনোজোগের	o m o n O j O g e r
অমনোনিত	o m o n O n i t O
অমনোনয়ন	o m o n O n o y o n
অমন্দ	o m o nd O
অমর	o m o r
অমরজিত্	o m o r o j i t
অমরত্বের	o m o r O tt e r
অমরনাথ	o m O r n a th
অমরনাথের	o m o r n a th e r
অমরা	o m o r a
অমরেশ	o m o r e sh
অমর্ত্য	o m O r t O
অমর্যাদা	o m o r j a d a
অমর্যাদাকর	o m o r j a d a k o r
অমর্যাদার	o m o r j a d a r
অমলক	o m o l o k
অমলকে	o m o l k e
অমলিন	o m O l i n
অমলেট	o m l e T
অমলেন্দু	o m o l e nd u
অমলেশ	o m o l e sh
অমসৃন	o m o sh r i n | o m O sh r i n
অমহিমা	o m O h i m a
অমাংসল	o m a ng sh O l
অমাতৃক	o m a t r i k
অমাত্য	o m a t t O
অমাদের	o m a d e r
অমাননা	o m a n O n a
অমানব	o m a n o b
অমানবিক	o m a n O b i k
অমানবিকও	o m a n o b i k O
অমানবিকতা	o m a n b i k o t a
অমানবিকতার	o m a n O b i k o t a r
অমানসিক	o m a n o sh i k
অমানি	o m a n i
অমানিশা	o m a n i sh a
অমানিশার	o m a n i sh a r
অমানুশ	o m a n u sh
অমানুশদের	o m a n u sh d e r
অমানুশিক	o m a n u sh i k
অমান্য	o m a n n O
অমান্যকারি	o m a n n o k a r i
অমান্যকারিদের	o m a n n O k a r i d e r | o m a n n o k a r i d e r
অমান্যের	o m a n n e r
অমাবস্যা	o m a b o sh sh a
অমাবস্যায়	o m a b o sh sh a y
অমারজনি	o m a r j O n i
অমার্জনিয়	o m a r j o n i y
অমার্জিত	o m a r j i t O
অমায়িক	o m a y i k
অমি	O m i
অমিক্রন	O m i kr o n
অমিঞা	O m i y a
অমিত	O m i t
অমিতাভ	O m i t a bh
অমিতাভকে	O m i t a bh k e
অমিত্রাক্ষর	O m i tr a kkh o r
অমিন	O m i n
অমিমাংসা	O m i m a ng sh a
অমিমাংসিত	o m i m a ng sh i t O | o m i m a ng sh i t o
অমিমাংসিতই	O m i m a ng sh i t O i
অমিমাংসিতভাবে	O m i m a ng sh i t o bh a b e
অমিলই	O m i l i
অমিলের	O m i l e r
অমিয়	O m i y O
অমুক	O m u k
অমুককে	O m u k k e
অমুকের	O m u k e r
অমুক্তিজোদ্ধা	O m u kt i j O d dh a
অমুক্তিজোদ্ধার	O m u kt i j O d dh a r
অমুখ্য	O m u k kh O
অমুত্র	O m u tr O
অমুর্ত	O m u r t O
অমুল	O m u l
অমুলক	o m u l O k | o m u l o k
অমুলদ	O m u l o d
অমুল্য	o m u l l O | o m u l l o
অমুসলমান	O m u sh o l m a n
অমুসলমানদের	O m u sh o l m a n d e r
অমুসলিম	O m u sh l i m
অমুসলিমদের	O m u sh l i m d e r
অমৃতবানি	o m r i t o b a n i
অমৃতলাল	o m r i t o l a l
অমৃতসর	o m r i t O sh o r
অমৃতসরে	o m r i t o sh o r e
অমৃতা	o m r i t a
অমৃতার	o m r i t a r
অমৃতের	o m ri t e r
অমৃতোপম	o m ri t O p o m O
অমেধাবি	o m e dh a b i
অমেধ্য	o m e d dh O
অমেয়	o m e y O
অমেয়ানন্দ	o m e y a n o nd O
অমোঘ	o m O gh
অমোচনিয়	o m O ch o n i y
অম্বরিশ	o mb o r i sh o
অম্বরে	o mb o r e
অম্বল	o mb o l
অম্বিকা	O mb i k a
অম্বিকাপুর	O mb i k a p u r
অম্বিকেশ	O mb i k e sh
অম্বু	O mb u
অম্বুডসম্যান	O mb u D o sh o m A n
অম্বুরি	O mb u r i
অম্ভঃ	o m bh O h
অম্র	o m r O
অম্ল	o m l O
অম্লজান	o m l O j a n
অম্লতা	o m l O t a
অম্লমধুর	o m l o m o dh u r
অম্লমিতি	o m l O m i t i
অম্লরাজ	o m l O r a j
অম্লাক্ত	o m l a kt O
অম্লান	o m l a n
অম্লিকরন	O m l i k o r O n
অম্লেয়	o m l e y O
অম্লোদ্গার	o m l O d g a r
অমৎসর	o m o t sh o r
অরও	o r o O
অরওয়েল	o r O y e l
অরক্ষিত	o r O kkh i t O
অরক্ষ্য	o r o kkh O
অরগন	o r g O n
অরগান	o r g a n
অরগানাইজেশনস	o r g a n a i j e sh o n sh
অরগানাইজেশনের	o r g a n a i j e sh o n e r
অরগানিক	o r o g a n i k
অরঘট্ট	o r O gh o T T O
অরচার্ড	o r o ch a r D
অরচিত	o r O ch i t O
অরদ	o r o d
অরনি	o r o n i
অরন্ধন	o r o ndh o n
অরন্য	o r o n n o | o r O n n O
অরন্যসংকুল	o r o n n o sh o ng k u l
অরন্যে	o r o n n e
অরন্যের	o r o n n e r | O r O n n e r
অরব	o r o b
অরবিটাল	o r b i T a l
অরবিন্দ	o r O b i nd O
অরবিন্দবাবু	o r O b i nd o b a b u
অরবিন্দু	o r o b i nd u
অরবিস	o r b i sh
অরভিন	o r bh i n
অররু	o r O r u
অরলিন্স	o r o l i n s o
অরলিন্সে	o r o l i n s e
অরল্যান্ডো	o r l A n D O
অরল্যান্ডোতে	o r l A n D O t e
অরা	o r a
অরাইন	o r a i n
অরাজকতার	o r a j O k o t a r
অরাজনইতিক	o r a j n O i t i k
অরাজনোইতিক	o r a j n O i t i k
অরাজনোইতিকভাবে	o r a j n O i t i k bh a b e
অরাতি	o r a t i
অরাল	o r a l
অরি	O r i
অরিকে	O r i k e
অরিজিন	O r i j i n
অরিজিনাল	O r i j i n a l
অরিজিনের	O r i j i n e r
অরিজিৎ	O r i j i t
অরিতি	O r i t i
অরিত্র	O r i tr O
অরিন	o r i n o | o r i n
অরিনি	O r i n i
অরিন্দম	O r i nd o m
অরির	O r i r
অরিশ্ট	O r i sh T O
অরিহ	O r i h
অরিয়ন	O r i y o n
অরু	O r u
অরুচি	O r u ch i
অরুচিকর	O r u ch i k o r
অরুনা	O r u n a
অরুনাচল	o r u n a ch o l | O r u n a ch o l
অরুনাচলে	O r u n a ch o l e
অরুনাচলের	O r u n a ch o l e r
অরুনার	o r u n a r | O r u n a r
অরুনিমা	O r u n i m a
অরুনের	o r u n e r | O r u n e r
অরুনোদয়	O r u n O d o y
অরুনোদয়ে	O r u n O d o y e
অরুনোদয়ের	O r u n O d o y e r
অরুন্তুদ	O r u nt u d
অরুন্ধতি	O r u ndh o t i | o r u ndh o t i
অরুন্ধতির	O r u ndh o t i r
অরুপ	O r u p
অরুপা	O r u p a
অরুপার	O r u p a r
অরুপের	O r u p e r
অরে	o r e
অরেগন	o r e g o n
অরেঞ্জ	o r e nj
অরেঞ্জের	o r e nj e r
অরেঞ্জেরা	o r e nj e r a
অরের	o r e r
অরোভিট	o r O bh i T
অরোরা	a r O r a
অরোরার	o r O r a r
অর্কিড	O r k i D
অর্কিডের	O r k i D e r
অর্গ	o r g O
অর্গল	o r g o l
অর্গাজম	o r g a j o m
অর্গান	o r g a n
অর্গানাইজড	o r g a n a i j o D
অর্গানাইজিং	o r g a n a i j i ng
অর্গানাইজেশন	o r g a n a i j e sh o n
অর্গানাইজেশনস	o r g a n a i j e sh o n o sh
অর্গানাইজেশনের	o r g a n a i j e sh o n e r
অর্গানিক	o r g a n i k
অর্গানোগ্রাম	o r g a n O gr a m
অর্ঘ	o r gh O
অর্ঘ্য	o r gh O
অর্চক	o r ch o k
অর্চনা	o r ch O n a
অর্চনার	o r ch O n a r
অর্চা	o r ch a
অর্চি	O r ch i
অর্জন	o r j o n
অর্জনও	o r j O n O
অর্জনকারি	o r j O n k a r i | o r j o n k a r i
অর্জনকারিদের	o r j o n k a r i d e r
অর্জনকারির	o r j o n k a r i r
অর্জনকালিন	o r j o n k a l i n
অর্জনকে	o r j O n k e
অর্জনগুলো	o r j O n g u l O
অর্জনগুলোকে	o r j o n g u l O k e
অর্জনগুলোর	o r j o n g u l O r
অর্জনটা	o r j o n T a
অর্জনটাকে	o r j o n T a k e
অর্জনটি	o r j o n T i
অর্জনসহ	o r j o n sh o h O
অর্জনেই	o r j o n e i
অর্জনেও	o r j O n e O
অর্জনের	o r j O n e r
অর্জিত	O r j i t O
অর্জুন	O r j u n
অর্জুনকে	O r j u n k e
অর্জুনা	O r j u n a
অর্জুনের	O r j u n e r
অর্ডন্যান্স	o r D o n n a n s
অর্ডার	o r D a r
অর্ডারও	o r D a r O
অর্ডারকে	o r D a r k e
অর্ডারটা	o r D a r T a
অর্ডারটি	o r D a r T i
অর্ডারদের	o r D a r d e r
অর্ডারসহ	o r D a r sh o h O
অর্ডারে	o r D a r e
অর্ডারেই	o r D a r e i
অর্ডারেও	o r D a r e O
অর্ডারের	o r D a r e r
অর্ডিনারি	O r D i n a r i
অর্ডিনেটর	O r D i n e T o r
অর্ডিনেটিং	O r D e n e T i ng
অর্ডিনেন্স	o r D i n e n s
অর্ডিনেশন	O r D i n e sh o n
অর্ডিন্যান্স	o r D i n A n s
অর্ডিন্যান্সের	o r D i n e n s e r
অর্থ	o r th O
অর্থই	o r th o i
অর্থকরি	o r th O k O r i | o r th O k a r i
অর্থকশ্ট	o r th O k o sh T O | o r th O k o sh T o
অর্থকশ্টে	o r th O k o sh T e | o r th O k o sh T e
অর্থকশ্টের	o r th O k o sh T e r
অর্থকে	o r th O k e
অর্থকড়ি	o r th O k o r i
অর্থকড়ির	o r th O k o r i r
অর্থগুলো	o r th O g u l O
অর্থছাড়	o r th O chh a r
অর্থছাড়ের	o r th O chh a r e r
অর্থজুক্ত	o r th O j u kt o
অর্থজোগ	o r th O j O g
অর্থদন্ড	o r th O d o n D o | o r th O d o n D O
অর্থদন্ডে	o r th O d o n D e
অর্থদন্ডেও	o r th O d o n D e O
অর্থদন্ডের	o r th O d o n D e r | o r th O d o n D e r
অর্থদন্ডেরও	o r th O d o n D e r o O
অর্থদাতা	o r th O d a t a
অর্থদান	o r th O d a n
অর্থনইতিক	o r th O n O i t i k
অর্থনইতিকভাবে	o r th O n O i t i k bh a b e
অর্থনাশ	o r th O n a sh
অর্থনাশের	o r th O n a sh e r
অর্থনিতি	o r th O n i t i | o r th O n i t i
অর্থনিতিই	o r th O n i t i i
অর্থনিতিও	o r th O n i t i O | o r th O n i t i O
অর্থনিতিকে	o r th O n i t i k e | o r th O n i t i k e
অর্থনিতিগুলোর	o r th O n i t i g u l O r
অর্থনিতিটা	o r th O n i t i T a
অর্থনিতিতে	o r th O n i t i t e
অর্থনিতিতেই	o r th O n i t i t e i
অর্থনিতিতেও	o r th O n i t i t e O | o r th O n i t i t e O
অর্থনিতিবিদ	o r th O n i t i b i d
অর্থনিতিবিদই	o r th O n i t i b i d i
অর্থনিতিবিদকে	o r th O n i t i b i d k e
অর্থনিতিবিদদের	o r th O n i t i b i d d e r | o r th O n i t i b i d d e r
অর্থনিতিবিদরা	o r th O n i t i b i d r a | o r th O n i t i b i d r a
অর্থনিতিবিদসহ	o r th O n i t i b i d sh o h O
অর্থনিতিবিদের	o r th O n i t i b i d e r | o r th O n i t i b i d e r
অর্থনিতিবিদেরা	o r th O n i t i b i d e r a | o r th O n i t i b i d e r a
অর্থনিতিবিশয়ক	o r th O n i t i b i sh o y o k
অর্থনিতির	o r th O n i t i r | o r th O n i t i
অর্থনিতিরই	o r th O n i t i r i
অর্থনিতিরও	o r th O n i t i r O
অর্থনিতিসহ	o r th O n i t i sh o h O
অর্থনেতিক	o r th O n e t i k
অর্থনোইতিক	o r n O i t i k
অর্থনোইতিকবিশয়ক	o r th O n O i t i k b i sh o y o k
অর্থনোইতিকভাবে	o r th O n O i t i k bh a b e
অর্থনোইতিকভাবেও	o r th O n O i t i k bh a b e O
অর্থপাচার	o r th O p a ch a r
অর্থপুর্ন	o r th O p u r n O | o r th O p u r n o
অর্থপ্রবাহ	o r th O pr o b a h o
অর্থপ্রাপ্তিতে	o r th O pr a p t i t e
অর্থবছর	o r th O b o chh O r
অর্থবছরই	o r th O b o chh o r
অর্থবছরকে	o r th O b o chh o r k e
অর্থবছরটি	o r th O b o chh o r T i
অর্থবছরে	o r th O b o chh O r e
অর্থবছরেই	o r th O b o chh O r e i
অর্থবছরেও	o r th O b o chh O r e O
অর্থবছরের	o r th O b o chh O r e r
অর্থবরাদ্দ	o r th O b o r a d d o
অর্থবল	o r th O b o l
অর্থবহভাবে	o r th O b o h o bh a b e
অর্থবাজার	o r th O b a j a r
অর্থবাজারে	o r th O b a j a r e
অর্থবাজারের	o r th O b a j a r e r
অর্থবিত্তের	o r th O b i tt e r
অর্থবিল	o r th O b i l
অর্থবিলে	o r th O b i l e
অর্থবিশয়ক	o r th O b i sh o y o k
অর্থবোধক	o r th O b O dh O k
অর্থব্যবস্থা	o r th O b A b O sth a
অর্থব্যবস্থার	o r th O b A b o sth a r
অর্থব্যয়	o r th O b A y
অর্থব্যয়ে	o r th O b A y e
অর্থব্যয়ের	o r th O b A y e r
অর্থভাগ্য	o r th O bh a g g O
অর্থমন্ত্রনালয়	o r th O m o n t r o n a l o y
অর্থমন্ত্রনালয়ের	o r th O m o n t r o n a l o y e r
অর্থমন্ত্রি	o r th O m O n | o r th O m o nt r i
অর্থমন্ত্রিই	o r th O m o n t r i i
অর্থমন্ত্রিও	o r th O m O nt ri O | o r th O m o nt r i O
অর্থমন্ত্রিকে	o r th O m O nt ri k e | o r th O m o nt r i k e
অর্থমন্ত্রিদের	o r th O m O nt ri d e r | o r th O m o nt r i d e r
অর্থমন্ত্রির	o r th O m O nt ri r | o r th O m o nt r i r
অর্থমন্ত্রিরা	o r th O m O nt ri r a | o r th O m o nt r i r a
অর্থমন্ত্রিসহ	o r th O m o n t r i sh o h O
অর্থমুল্য	o r th O m u l l O | o r th O m u l l o
অর্থমুল্যে	o r th O m u l l e
অর্থময়	o r th O m o y
অর্থরিন	o r th O r i n | o r th O r i n
অর্থলগ্নি	o r th O l o g n i
অর্থলগ্নিকারি	o r th O l o g n i k a r i
অর্থলিপ্সা	o r th O l i p sh a
অর্থলিপ্সু	o r th O l i p sh u
অর্থলোভি	o r th O l O bh i | o r th O l O bh i
অর্থশাস্ত্র	o r th O sh a s t r O
অর্থসংকট	o r th O sh o ng k o T
অর্থসংকটে	o r th O sh o ng k o T e
অর্থসংকটের	o r th O sh o ng k o T e r
অর্থসংক্রান্ত	o r th O sh o ng t r a nt o
অর্থসংস্থান	o r th O sh o ng sth a n
অর্থসংস্থানের	o r th O sh o ng sth a n e r
অর্থসচিব	o r th O sh O ch i b
অর্থসচিবকে	o r th O sh O ch i b k e
অর্থসচিবের	o r th O sh O ch i b e r
অর্থসম্পাদক	o r th O sh o mp a d o k
অর্থসহ	o r th O sh o h O
অর্থসহায়তা	o r th O sh o h a y o t a
অর্থসহায়তার	o r th O sh o h a y o t a r
অর্থসাহাজ্য	o r th O sh a h a j j O | o r th O sh a h a j j o
অর্থসাহাজ্যের	o r th O sh a h a j j e r
অর্থহিন	o r th O h i n | o r th O h i n
অর্থহিনের	o r th O h i n e r | o r th O h i n e r
অর্থা	o r th a
অর্থাগম	o r th a g o m
অর্থানুকুল্যে	o r th a n u k u l l e
অর্থান্তর	o r th a nt o r
অর্থাপত্তি	o r th a p O tt i
অর্থাভাবে	o r th a bh a b e
অর্থায়ন	o r th a y o n
অর্থায়নও	o r th a y o n O
অর্থায়নকারি	o r th a y o n k a r i
অর্থায়নকে	o r th a y o n k e
অর্থায়নপুশ্ট	o r th a y o n p u sh T o
অর্থায়নসহ	o r th a y o n sh o h O
অর্থায়নে	o r th a y o n e
অর্থায়নেই	o r th a y o n e i
অর্থায়নের	o r th a y o n e r
অর্থি	O r th i
অর্থিক	O r th i k
অর্থিত	O r th i t O
অর্থেই	o r th e i
অর্থেও	o r th e O
অর্থোডক্স	o r th O D o k s
অর্থোপার্জন	o r th O p a r j o n
অর্থোপেডিক	o r th O p e D i k
অর্থোপেডিকস	o r th O p e D i k sh
অর্থোপেডিক্স	o r th O p e D i k s
অর্থ্যাত্	o r th A t
অর্থ্যাৎ	o r th a t
অর্ধ	o r dh O
অর্ধকোটি	o r dh O k O T i
অর্ধগলিত	o r dh O g O l i t O
অর্ধচন্দ্রাসন	o r dh O ch o ndr a sh o n
অর্ধজুগ	o r dh O j u g
অর্ধদিবস	o r dh O d i b o sh
অর্ধনগ্ন	o r dh O n o g n O
অর্ধনমিত	o r dh O n O m i t O
অর্ধনিমজ্জিত	o r dh O n i m o j j i t O
অর্ধবছরের	o r dh O b o chh o r e r
অর্ধবার্ষিকে	o r dh O b a r sh i k e
অর্ধবেলা	o r dh O b e l a
অর্ধভুক্ত	o r dh O bh u kt o
অর্ধমৃত	o r dh O m ri t O
অর্ধলক্ষ	o r dh O l o kkh O
অর্ধলক্ষাধিক	o r dh O l o kkh a dh i k
অর্ধলাখ	o r dh O l a kh
অর্ধশত	o r dh O sh o t O
অর্ধশতক	o r dh O sh o t O k
অর্ধশতকসহ	o r dh O sh o t O k sh o h O
অর্ধশতকের	o r dh O sh o t O k e r
অর্ধশতাধিক	o r dh O sh o t a dh i k
অর্ধশতাব্দি	o r dh O sh o t a b d i | o r dh O sh o t a b dh i
অর্ধশতাব্দির	o r dh O sh o t a b dh i r
অর্ধশতাব্দিরও	o r dh O sh o t a b dh i r O
অর্ধশিক্ষিত	o r dh O sh i kkh i t O
অর্ধসমাপ্ত	o r dh O sh o m a p t O
অর্ধাংগ	o r dh a ng g O
অর্ধাংশ	o r dh a ng sh O
অর্ধাবশিশ্ট	o r dh a b O sh i sh T O
অর্ধার্ধ	o r dh a r dh O
অর্ধার্ধি	o r dh a r dh i
অর্ধাশন	o r dh a sh o n
অর্ধাসন	o r dh a sh o n
অর্ধে	o r dh e
অর্ধেকই	o r dh e k i
অর্ধেককে	o r dh e k k e
অর্ধেকটা	o r dh e k T a
অর্নব	o r n o b
অর্নবকে	o r n O b k e
অর্নবের	o r n O b e r
অর্না	o r n a
আজখোদ	a j kh O d
আজতন	a j o t O n
আজম	a j o m
আজমকে	a j o m k e
আজমসহ	a j o m sh o h O
আজমের	a j o m e r
আজাজিল	a j a j i l
আজাদ	a j a d
আজাদকে	a j a d k e
আজাদি	a j a d i
আজাদের	a j a d e r
আজিজ	a j i j
আজিজুল	a j i j u l
আজিম	a j i m
আজোড়	a j O r j O r o n
আবর্তনের	a b O r t O n e r
আবর্তে	a b O r t e
আবর্তেই	a b o r t e i
আবলতাবল	a b O l t a b O l
আবলুক	a b l u k
আবলুছ	a b l u sh
আবশ্যই	a b o sh sh o i
আবশ্যক	a b O sh sh O k
আবশ্যকতা	a b O sh sh O k o t a
আবশ্যকিয়	a b O sh sh O k i O | a b o sh sh o k i y
আবসার	a b s a r
আবসারকে	a b s a r k e
আবসারের	a b s a r e r
আবহই	a b o h o i
আবহকে	a b o h o k e
আবহটা	a b o h o T a
আবহটাকে	a b o h o T a k e
আবহবিদ্যায়	a b O h O b i d d a y o
আবহমান	a b O h O m a n
আবহমানকাল	a b O h O m a n k a l
আবহমানকালের	a b o h o m a n k a l e r
আবহসংগিত	a b O h O sh O ng g i t | a b o h o sh o ng g i t
আবহসংগিতের	a b o h o sh o ng g i t e r
আবহাওয়া	a b h a O y a
আবহাওয়াই	a b h a O y a i
আবহাওয়াও	a b h a O y a O
আবহাওয়াকে	a b h a O y a k e
আবহাওয়াগত	a b h a O y a g o t o
আবহাওয়াজনিত	a b h a O y a j o n i t o
আবহাওয়াটা	a b h a O y a T a
আবহাওয়াবিদ	a b h a O y a b i d
আবহাওয়াবিদদের	a b h a O y a b i d d e r
আবহাওয়াবিদেরা	a b h a O y a b i d e r a
আবহাওয়াবিশয়ক	a b h a O y a b i sh o y o k
আবহাওয়ামন্ডলিতে	a b h a O y a m o n D o l i t e
আবহাওয়ার	a b O h a O a r
আবহাওয়াসহ	a b h a O y a sh o h O
আবহাওয়ায়	a b h a O y a y
আবহেই	a b o h e i
আবা	a b a
আবাগা	a b a g a
আবাছা	a b a chh a
আবাজ	a b a j o
আবাটা	a b a T a
আবাথাবা	a b a th a b a
আবাদ	a b a d
আবাদচন্ডিপুর	a b a d ch o n D i p u r
আবাদজোগ্য	a b a d j O g g O | a b a d j O g g o
আবাদপুকুর	a b a d p u k u r
আবাদান	a b a d a n
আবাদি	a b a d i
আবাদিত	a b a d i t o
আবাদে	a b a d e
আবাদের	a b a d e r
আবাধা	a b a dh a
আবাবা	a b a b a
আবাবায়	a b a b a y
আবাবিল	a b a b i l
আবার	a b a r
আবারও	a b a r O
আবারো	a b a r O
আবালবৃদ্ধবনিতা	a b a l b ri d dh O b O n i t a
আবাল্য	a b a l l O
আবাস	a b a sh
আবাসও	a b a sh O
আবাসগৃহ	a b a sh g ri h o
আবাসন	a b a sh O n
আবাসনব্যবসার	a b a sh o n b A b sh a r
আবাসনব্যবস্থা	a b a sh o n b A b o sth a
আবাসনমন্ত্রি	a b a sh o n m o n t r i
আবাসনশিল্প	a b a sh o n sh i l p o
আবাসনশিল্পকে	a b a sh o n sh i l p o k e
আবাসনশিল্পের	a b a sh o n sh i l p o r
আবাসনসংকট	a b a sh o n sh o ng k o T
আবাসনসংকটের	a b a sh o n sh o ng k o T e r
আবাসনসুবিধা	a b a sh o n sh u b i dh a
আবাসনে	a b a sh o n e
আবাসনের	a b a sh o n e r
আবাসভুমি	a b a sh bh u m i
আবাসভুমিতে	a b a sh bh u m i t e
আবাসভুমির	a b a sh bh u m i r
আবাসস্থলে	a b a sh sth o l e
আবাসস্থলের	a b a sh sth O l e r
আবাসিক	a b a sh i k
আবাসে	a b a sh e
আবাসের	a b a sh e r
আবাহন	a b a h o n
আবাহনি	a b a h O n i | a b a h o n i
আবাহনিও	a b a h o n i O
আবাহনিকে	a b a h O n i k e | a b a h o n i k e
আবাহনিতে	a b a h O n i t e | a b a h o n i t e
আবাহনির	a b a h O n i r | a b a h o n i r
আবাহনিরই	a b a h o n i r i
আবাহনে	a b a h o n e
আবাহনের	a b a h o n e r
আবিদ	a b i d
আবিদকে	a b i d k e
আবিদজান	a b i d j a n
আবিদজানে	a b i d j a n e
আবিদজানের	a b i d j a n e r
আবিদা	a b i d a
আবিদার	a b i d a r
আবিদাল	a b i d a l
আবিদালকে	a b i d a l k e
আবিদালের	a b i d a l e r
আবিদুর	a b i d u r
আবিদুল	a b i d u l
আবিদের	a b i d e r
আবিদ্ধ	a b i d dh O
আবিব	a b i b
আবিবে	a b i b e
আবিবের	a b i b e r
আবির	a b i r
আবিরকে	a b i r k e
আবিরুল	a b i r u l
আবির্ভাব	a b i r bh a b
আবির্ভাবে	a b i r bh a b e
আবির্ভাবেই	a b i r bh a b e i
আবির্ভুত	a b i r bh u t O | a b i r bh u t o
আবিল	a b i l
আবিশ্কার	a b i sh k a r
আবিশ্কারই	a b i sh k a r i
আবিশ্কারক	a b i sh k a r O k | a b i sh k a r k e
আবিশ্কারকে	a b i sh k a r k e
আবিশ্কারগুলো	a b i sh k a r g u l O
আবিশ্কারগুলোর	a b i sh k a r g u l O r
আবিশ্কারটি	a b i sh k a r T i
আবিশ্কারে	a b i sh k a r e
আবিশ্কারের	a b i sh k a r e r
আবিশ্কৃত	a b i sh k ri t O | a b i sh k ri t o
আবিশ্ট	a b i sh T O | a b i sh T o
আবিস্কার	a b i s k a r
আবিস্কারের	a b i s k a r e r
আবিস্কৃত	a b i s k ri t O
আবিয়ান	a b i y a n
আবিয়ে	a b i y e
আবিয়েই	a b i y e i
আবু	a b u
আবুকে	a b u k e
আবুজর	a b u j o r
আবুজা	a b u j a
আবুজার	a b u j a r
আবুজায়	a b u j a y
আবুতোরাব	a b u t O r a b
আবুদল	a b u d o l
আবুধাবিতে	a b u dh a b i t e
আবুধাবির	a b u dh a b i r
আবুবকর	a b u b o k O r
আবুবকরের	a b u b o k o r e r
আবুবক্কর	a b u b o k k o r
আবুর	a b u r
আবুল	a b u l
আবুলহোসেন	a b u l h O s e n
আবুলেইশ	a b u l e i sh
আবুলের	a b u l e r
আবুড়া–খাবুড়া	a b u r a kh a b u r a
আবুয়া	a b u y a
আবুয়াব	a b u y a b
আবৃত	a b r i t O
আবৃতা	a b ri t a
আবৃতার	a b ri t a r
আবৃত্ত	a b ri tt O
আবৃত্তিকার	a b r i tt i k a r
আবৃত্তিটা	a b r i tt i T a
আবৃত্তিতে	a b ri tt i t e
আবৃত্তির	a b r i tt i r
আবৃত্তিশিল্পি	a b r i tt i sh i l p i
আবৃত্তিসহ	a b r i tt i sh o h O
আবে	a b e
আবেই	a b e i
আবেক্ষন	a b e kkh O n
আবেগ	a b e g
আবেগই	a b e g i
আবেগও	a b e g O
আবেগকে	a b e g k e
আবেগগত	a b e g g o t O
আবেগগুলো	a b e g g u l O
আবেগজনিত	a b e g j O n i t O
আবেগজড়িত	a b e g j O r i t O
আবেগটা	a b e g T a
আবেগতাড়িত	a b e g j O r i t O
আবেগনির্ভর	a b e g n i r bh o r
আবেগপুর্ন	a b e g p u r n O | a b e g p u r n o
আবেগপ্রবন	a b e g pr O b o n | a b e g pr O b o n
আবেগভরা	a b e g bh o r a
আবেগমথিত	a b e g m O th i t O
আবেগমিশ্রিত	a b e g m i sh r i t O
আবেগময়	a b e g m o y
আবেগহিন	a b e g h i n
আবেগাক্রান্ত	a b e g a kr a nt O
আবেগাপ্লুত	a b e g a p l u t O
আবেগি	a b e g i
আবেগিক	a b e g i k
আবেগিয়	a b e g i y O
আবেগে	a b e g e
আবেদ	a b e d
আবেদক	a b e d o k
আবেদকে	a b e d k e
আবেদনই	a b e d O n i
আবেদনকারি	a b e d O n k a r i | a b e d o n k a r i
আবেদনকারিকে	a b e d O n k a r i k e | a b e d o n k a r i k e
আবেদনকারিদের	a b e d O n k a r i d e r | a b e d o n k a r i d e r
আবেদনকারির	a b e d O n k a r i r | a b e d o n k a r i r
আবেদনকারিরা	a b e d O n k a r i r a | a b e d o n k a r i r a
আবেদনকৃত	a b e d O n k ri t O
আবেদনক্রমে	a b e d o n kr O m e
আবেদনগুলো	a b e d O n g u l O
আবেদনগুলোর	a b e d o n g u l O r
আবেদনটি	a b e d o n T i
আবেদনটিও	a b e d O n T i O
আবেদনটির	a b e d O n T i r
আবেদনপত্রও	a b e d O n p o tr o O
আবেদনপত্রগুলো	a b e d O n p o tr o g u l O
আবেদনপত্রটি	a b e d O n p o tr O T i
আবেদনপত্রে	a b e d O n p o tr e
আবেদনপত্রের	a b e d o n p o tr e r
আবেদনপ্রক্রিয়া	a b e d O n pr O kr i y a
আবেদনময়	a b e d o n m o y
আবেদনময়ি	a b e d o n m O y i
আবেদনসমুহ	a b e d O n sh O m u h o
আবেদনসহ	a b e d O n sh o h O
আবেদনের	a b e d O n e r
আবেদরাব্বো	a b e d r a b b O
আবেদা	a b e d a
আবেদাকে	a b e d a k e
আবেদার	a b e d a r
আবেদি	a b e d i
আবেদিন	a b e d i n
আবেদিনকে	a b e d i n k e
আবেদিনসহ	a b e d i n sh o h O
আবেদিনের	a b e d i n e r
আবেশে	a b e sh e
আবেশ্টক	a b e sh T o k
আবেশ্টন	a b e sh T o n
আবেশ্টিত	a b e sh T i t O
আবেস্তা	a b e st a
আবেয়ি	a b e y i
আবোবোয়	a b O b O y
আবোল	a b O l
আবোলতাবোল	a b O l t a b O l
আবোয়াব	a b O y a b
আব্দ	a b d O
আব্দুছ	a b d u s
আব্দুন	a b d u n
আব্দুর	a b d u r
আব্দুল	a b d u l
আব্দুলআজিজ	a b d u l a j i j
আব্দুল্লাহ	a b d u l l a h
আব্দুল্লাহকে	a b d u l l a h k e
আব্দুল্লাহপুর	a b d u l l a h p u r
আব্দুল্লাহর	a b d u l l a h r
আব্দুল্লাহিল	a b d u l l a h i l
আব্দুল্লাহেল	a b d u l l a h e l
আব্দুস	a b d u s
আব্দেল	a b d e l
আব্বা	a b b a
আব্বাকে	a b b a k e
আব্বাছ	a b b a sh
আব্বাজান	a b b a j a n
আব্বার	a b b a r
আব্বাস	a b b a s
আব্বাসউদ্দিন	a b b a s u d d i n
আব্বাসউদ্দিনের	a b b a sh u d d i n e r
আব্বাসও	a b b a s O
আব্বাসকে	a b b a s k e
আব্বাসসহ	a b b a sh sh o h O
আব্বাসি	a b b a s i
আব্বাসের	a b b a s e r
আব্বায়	a b b a y
আব্বায়ও	a b b a y O
আব্বু	a b b u
আব্বুকে	a b b u k e
আব্বুর	a b b u r
আব্বুরে	a b b u r e
আব্রহ্ম	a br O m m O
আব্রামোভিচ	a br a m O bh i ch
আব্রামোভিচের	a br a m O bh i ch e r
আব্রাহাম	a br a h a m
আব্রাহামের	a br a h a m e r
আব্রাহামোভিচ	a br a m O bh i ch
আব্রুই	a br u i
আবড়া–খাবড়া	a b r a kh a b r a
আব–ই–কওসর	a b i k o O s o r
আব–ই–হায়াত	a b i h a y a t
আব–এ–জমজম	a b e j o m j o m
আব–জম–জম	a b j o m j o m
আভ	a bh O
আভনেরি	a bh o n e r i
আভরন	a bh O r o n
আভা	a bh a
আভার	a bh a r
আভাশ	a bh a sh
আভাস	a bh a sh
আভাসই	a bh a sh i
আভাসটা	a bh a sh T a
আভাসে	a bh a sh e
আভায়	a bh a y
আভিগদর	a bh i g o d o r
আভিজন	a bh i j o n
আভিজাতিক	a bh i j a t i k
আভিজাত্যও	a bh i j a t t o O
আভিজাত্যে	a bh i j a t t e
আভিজাত্যের	a bh i j a t t e r
আভিজোগ	a bh i j O g
আভিধানিক	a bh i dh a n i k
আভিনেরি	a bh i n e r i
আভিভার	a bh i bh a r
আভিভি	a bh i bh i
আভিমুখ্য	a bh i m u k kh O
আভির	a bh i r
আভিসিনা	a bh i sh i n a
আভুতল	a bh o bh u t o l
আভুমি	a bh u m i
আভোগ	a bh O g
আভ্যন্তরিন	a b bh O nt O r i n
আভ্যাসিক	a bh bh a sh i k
আভ্যুদয়িক	a bh bh u d O y i k
আমই	a m i
আমও	a m O
আমকে	a m k e
আমখাস	a m kh a sh
আমগাছে	a m g a chh e
আমগাছের	a m g a chh e r
আমগুলো	a m g u l O
আমগুলোর	a m g u l O r
আমগো	a m g O
আমগোরে	a m o g O r e
আমচাশি	a m ch a sh i
আমজনতাকে	a m o j o n o t a k e
আমজনতার	a m j o n O t a r
আমজাদ	a m j a d
আমজাদকে	a m o j a d k e
আমজাদসহ	a m o j a d sh o h O
আমজাদহাট	a m o j a d h a T
আমজাদের	a m j a d e r
আমজাম	a m o j a m o
আমঝুপি	a m jh u p i
আমট	a m O T
আমটি	a m T i
আমতলা	a m t o l a
আমতলায়	a m t o l a y
আমতলি	a m t O l i | a m t o l i
আমতলিতে	a m t o l i t e
আমতলির	a m t o l i r
আমদহ	a m d o h o
আমদানিও	a m d a n i O
আমদানিকারক	a m d a n i k a r O k
আমদানিকারককে	a m d a n i k a r o k k e
আমদানিকারকদের	a m d a n i k a r O k d e r
আমদানিকারকদেরও	a m d a n i k a r o k d e r
আমদানিকারকরা	a m d a n i k a r O k r a
আমদানিকারকের	a m d a n i k a r O k e r
আমদানিকারকেরা	a m d a n i k a r O k e r a
আমদানিকারকেরাই	a m d a n i k a r o k e r a i
আমদানিকারি	a m d a n i k a r i
আমদানিকৃত	a m d a n i k ri t O | a m d a n i k r i t o
আমদানিকে	a m d a n i k e
আমদানিজনিত	a m d a n i j o n i t o
আমদানিজোগ্য	a m d a n i j O g g o
আমদানিতে	a m d a n i t e
আমদানিনিতি	a m d a n i n i t i
আমদানিনিতিতে	a m d a n i n i t i t e
আমদানিনিতির	a m d a n i n i t i r
আমদানিনির্ভর	a m d a n i n i r bh o r
আমদানিনির্ভরতা	a m d a n i n i r bh o r o t a
আমদানিপন্য	a m d a n i p o n n o
আমদানিপন্যের	a m d a n i p o n n e r
আমদানিব্যয়	a m d a n i b b o y
আমদানিমুল্য	a m d a n i m u l l o
আমদানিমুল্যের	a m d a n i m u l l e r
আমদানির	a m d a n i r
আমদানিরও	a m d a n i r O
আমদানিশুল্ক	a m d a n i sh u l k o
আমদানিসহ	a m d a n i sh o h O
আমদেদ	a m d e d
আমদের	a m o d e r
আমদ্রপ্ত	a m d r o p t
আমন	a m O n
আমনুরা	a m o n u r a
আমনুরায়	a m o n u r a y
আমনে	a m O n e
আমনের	a m O n e r
আমনেরা	a m o n e r a
আমন্ড	a m O n D
আমন্ত্রনও	a m o nt r o n O | a m O nt r O n O
আমন্ত্রনকারি	a m O n t r O n k a r i
আমন্ত্রনকারির	a m O n t r O n k a r i r
আমন্ত্রনকে	a m O n t r O n k e
আমন্ত্রনপত্র	a m O nt r O n p o tr O | a m O nt r O n p o tr O
আমন্ত্রনপত্রটি	a m O n t r O n p o tr O T i
আমন্ত্রনপত্রে	a m O n t r O n p o tr e
আমন্ত্রনমুলক	a m O n t r O n m u l O k
আমন্ত্রনে	a m o nt r o n e | a m O nt r O n e
আমন্ত্রনেই	a m O n t r o n e i
আমন্ত্রনের	a m o nt r o n e r | a m O nt r O n e r
আমন্ত্রিত	a m O nt ri t O
আমন্ত্রিতদের	a m o n t r i t O d e r
আমপন	a m p o n
আমপারা	a m p a r a
আমবাগান	a m b a g a n
আমবাগানে	a m b a g a n e
আমবাগানের	a m b a g a n e r
আমবাগিচা	a m b a g i ch a
আমব্রেলা	a m br e l a
আমবয়ানের	a m b o y a n e r
আমমোক্তার	a m m O kt a r
আমমোক্তারনামা	a m m O kt a r n a m a
আমমোক্তারনামার	a m m O kt a r n a m a r
আমর	a m o r
আমরক্ত	a m o r o kt o
আমরন	a m o r o n | a m o r O n
আমরাই	a m r a i
আমরাও	a m r a O
আমরার	a m r a r
আমরারে	a m r a r e
আমরাস্তা	a m o r a st a
আমরিশ	a m O r i sh
আমরুত	a m r u t
আমরে	a m r e
আমরেলি	a m r e l i
আমরো	a m r O
আমর্ষ	a m o r sh O
আমল	a m o l
আমলকি	a m l O k i | a m l o k i
আমলকির	a m l O k i r | a m l o k i r
আমলকে	a m o l k e
আমলগুলো	a m o l g u l O
আমলজোগ্য	a m O l j O g g O | a m o l j O g g o
আমলনামা	a m O l n a m a
আমলনামায়	a m o l n a m a y
আমলসার	a m o l o sh a r
আমলা	a m l a
আমলাই	a m l a i
আমলাও	a m l a O
আমলাকে	a m l a k e
আমলাচালিত	a m o l a ch a l i t o
আমলাতন্ত্রই	a m o l a t o n t r o i
আমলাতন্ত্রকে	a m o l a t o n t r o k e
আমলাতন্ত্রে	a m o l a t o n t r e
আমলাতান্ত্রিক	a m l a t a nt ri k
আমলাদের	a m l a d e r
আমলানির্ভর	a m o l a n i r bh o r
আমলানো	a m l a n O
আমলাপাড়া	a m o l a p a r a
আমলাপাড়ার	a m o l a p a r a r
আমলাপাড়ায়	a m o l a p a r a y
আমলাব	a m l a b
আমলাবো	a m l a b O
আমলার	a m l a r
আমলারা	a m l a r a
আমলারাই	a m o l a r a i
আমলারাও	a m o l a r a O
আমলি	a m O l i | a m l i
আমলিগোলা	a m o l i g O l a | a m l i g O l a
আমলিয়াত	a m l i y a t
আমলে	a m O l e
আমলেই	a m O l e i
আমলেও	a m O l e O
আমলের	a m O l e r
আমশি	a m sh i
আমশুল	a m sh u l
আমসত্ত্ব	a m sh o t t O
আমসে	a m sh e
আমস্টারডাম	a m sh T a r D a m
আমস্টারডামে	a m O sh T a r D a m e
আমহুকুম	a m h u k u m
আমাক	a m a k
আমাকে	a m a k e
আমাকেই	a m a k e i
আমাকেও	a m a k e O
আমাকেসহ	a m a k e sh o h O
আমাগরে	a m a g o r e
আমাগে	a m a g e
আমাগের	a m a g e r
আমাগো	a m a g O
আমাগোর	a m a g O r
আমাগোরে	a m a g O r e
আমাজন	a m a j o n
আমাজনের	a m a j o n e r
আমাজান	a m a j a n
আমাতিসার	a m a t i sh a r
আমাতুল	a m a t u l
আমাদিগকে	a m a d i g O k e
আমাদিগের	a m a d i g e r
আমাদু	a m a d u
আমাদের	a m a d e r
আমাদেরই	a m a d e r i
আমাদেরও	a m a d e r O
আমাদেরকে	a m a d e r k e
আমাদেরকেই	a m a d e r k e i
আমাদেরকেও	a m a d e r k e O
আমাদেরটা	a m a d e r T a
আমাদো	a m a d O
আমান	a m a n
আমানউল্লাহ	a m a n u l l a h
আমানউল্লাহর	a m a n u l l a h o r
আমানকে	a m a n k e
আমানত	a m a n O t
আমানতকারি	a m a n o t k a r i
আমানতকারিদের	a m a n O t k a r i d e r | a m a n o t k a r i d e r
আমানতকারির	a m a n o t k a r i r
আমানতকারিরা	a m a n o t k a r i r a
আমানতকে	a m a n o t k e
আমানতদার	a m a n o t d a r
আমানতস্বরুপ	a m a n o t sh o r u p
আমানতে	a m a n o t e
আমানবাজার	a m a n b a j a r
আমানবাজারে	a m a n b a j a r e
আমানসহ	a m a n sh o h O
আমানি	a m a n i
আমানুল্লাহ	a m a n u l l a h
আমানুল্লাহর	a m a n u l l a h o r
আমানের	a m a n e r
আমানোর	a m a n O r
আমান্ডা	a m a n D a
আমান্ডার	a m a n D a r
আমান্ন	a m a nn O
আমাম	a m a m
আমামা	a m a m a
আমারই	a m a r i
আমারটা	a m a r T a
আমারা	a m a r a
আমারার	a m a r a r
আমারি	a m a r i
আমাল	a m a l
আমালকে	a m a l k e
আমালাই	a m a l a i
আমালাইর	a m a l a i r
আমালের	a m a l e r
আমাশয়	a m a sh o y
আমাশয়ে	a m a sh o y e
আমাশয়ের	a m a sh o y e r
আমায়	a m a y
আমিই	a m i i
আমিন	a m i n
আমিনউদ্দিন	a m i n u d d i n
আমিনও	a m i n O
আমিনকে	a m i n k e
আমিনদের	a m i n d e r
আমিনপুর	a m i n p u r
আমিনবাজার	a m i n b a j a r
আমিনবাজারে	a m i n b a j a r e
আমিনবাজারের	a m i n b a j a r e r
আমিনা	a m i n a
আমিনার	a m i n a r
আমিনি	a m i n i
আমিনিকে	a m i n i k e
আমিনিদের	a m i n i d e r
আমিনির	a m i n i r
আমিনিরা	a m i n i r a
আমিনুজ্জামান	a m i n u j j a m a n
আমিনুর	a m i n u r
আমিনুরকে	a m i n u r k e
আমিনুরের	a m i n u r e r
আমিনুল	a m i n u l
আমিনুলও	a m i n u l k e
আমিনুলকে	a m i n u l k e
আমিনুলদের	a m i n u l d e r
আমিনুলের	a m i n u l e r
আমিনুল্লাহ	a m i n u l l a h o
আমিনের	a m i n e r
আমির	a m i r
আমিরই	a m i r i
আমিরও	a m i r O
আমিরদের	a m i r d e r
আমিরসহ	a m i r sh o h O
আমিরা	a m i r a
আমিরাতকে	a m i r a t k e
আমিরাতভিত্তিক	a m i r a t bh i tt i k
আমিরাতসহ	a m i r a t sh o h O
আমিরাতে	a m i r a t e
আমিরাবাদ	a m i r a b a d
আমিরাবাড়ি	a m i r a b a r i
আমিরি	a m i r i
আমিরিকে	a m i r i k e
আমিরির	a m i r i r
আমিরিসহ	a m i r i sh o h O
আমিরুজ্জামান	a m i r u j j a m a n
আমিরুল	a m i r u l
আমিরুলকে	a m i r u l k e
আমিরুলের	a m i r u l e r
আমিরুল্লাহ	a m i r u l l a h
আমিল	a m i l
আমিলিত	a m i l o l i t O
আমিশ	a m i sh
আমিশসমৃদ্ধ	a m i sh sh o m r i d dh o
আমিশা	a m i sh a
আমিশাপাড়া	a m i sh a p a r a
আমিশের	a m i sh e r
আমিসহ	a m i sh o h O
আমিস্	a m i sh
আমু	a m u
আমুদে	a m u d e
আমুর	a m u r
আমুল	a m u l
আমুয়া	a m u y a
আমৃত্যু	a m ri t t u
আমে	a m e
আমেজ	a m e j
আমেজটা	a m e j T a
আমেজে	a m e j e
আমেজের	a m e j e r
আমেথি	a m e th i
আমেথিতে	a m e th i t e
আমেন	a m e n
আমেনা	a m e n a
আমেনাকে	a m e n a k e
আমেনার	a m e n a r
আমের	a m e r
আমেরিকাই	a m e r i k a i
আমেরিকাও	a m e r i k a O
আমেরিকাকে	a m e r i k a k e
আমেরিকাজুড়ে	a m e r i k a j u r e
আমেরিকাতে	a m e r i k a t e
আমেরিকাতেই	a m e r i k a t e i
আমেরিকাতেও	a m e r i k a t e O
আমেরিকান	a m e r i k a n
আমেরিকানকে	a m e r i k a n k e
আমেরিকানদের	a m e r i k a n d e r
আমেরিকানরা	a m e r i k a n r a
আমেরিকানের	a m e r i k a n e r
আমেরিকাবাসি	a m e r i k a b a sh i
আমেরিকাবিরোধি	a m e r i k a b i r O dh i
আমেরিকার	a m e r i k a r
আমেরিকাসহ	a m e r i k a sh o h O
আমেরিকায়	a m e r i k a y
আমেরিকায়ও	a m e r i k a y O
আমেলা	a m e l a
আমোদ	a m O d
আমোদিত	a m O d i t O
আমোদে	a m O d e
আমোন	a m O n
আমোস	a m O sh
আমোয়াল	a m O y a l
আম্নায়	a m n a y
আম্পায়ারই	a mp a y a r i
আম্পায়ারকে	a mp a y a r k e
আম্পায়ারদের	a mp a y a r d e r
আম্পায়াররা	a mp a y a r r a
আম্পায়াররাও	a mp a y a r r a O
আম্পায়ারিং	a mp a y a r i ng
আম্পায়ারিংয়ের	a mp a y a r i ng y e r
আম্পায়ারের	a mp a y a r e r
আম্পয়ারদের	a mp a y a r d e r
আম্পয়াররা	a mp a y a r r a
আম্ফিথিয়েটার	a m ph i th i y e T a r
আম্বর	a mb O r
আম্বরখানা	a mb o r kh a n a
আম্বরখানার	a mb o r o kh a n a r
আম্বরখানায়	a mb o r o kh a n a r o y
আম্বরি	a mb O r i
আম্বা	a mb a
আম্বানিকে	a mb a n i k e
আম্বালা	a mb a l a
আম্বি	a mb i
আম্বিয়া	a mb i y a
আম্বেদকর	a mb e d k o r
আম্বেদকরের	a mb e d k o r e r
আম্মা	a mm a
আম্মাকে	a mm a k e
আম্মাজান	a mm a j a n
আম্মান	a mm a n
আম্মানে	a mm a n e
আম্মানের	a mm a n e r
আম্মার	a mm a r
আম্মু	a mm u
আম্মুকে	a mm u k e
আম্মুর	a mm u r
আম্রকাননে	a m r O k a n O n e
আম্রপালি	a m r O p a l i
আম্রমুকুল	a m r o m u k u l
আম্রসার	a m r O sh a r
আম্লিক	a m l i k
আমড়া	a m r a
আমড়াগাছিয়া	a m o r a g a chh i y a
আমড়াতলা	a m o r a t o l a
আময়	a m o y
আর	a r
আরংগ	a r o ng g o
আরআইএম	a r a i e m
আরআর	a r a r
আরআরসি	a r a r s i
আরইউটিএফ	a r i u T i e ph
আরইউটিএফের	a r i u T i e ph e r
আরইবি	a r i b i
আরইবিকে	a r i b i k e
আরইবির	a r i b i r
আরএইচ	a r e i ch
আরএকে	a r e k e
আরএডব্লিউ	a r e D O bl i u
আরএন	a r e n
আরএনএ	a r e n e
আরএনএর	a r e n e r
আরএফএল	a r e ph e l
আরএম	a r e m
আরএমএ	a r e m e
আরএমএস	a r e m e s
আরএমও	a r e m O
আরএমওর	a r e m O r
আরএমজি	a r e m j i
আরএমপি	a r e m p i
আরএমপির	a r e m p i r
আরএমবি	a r e m b i
আরএর	a r e r
আরএল	a r e l
আরএলডি	a r e l D i
আরএস	a r e sh
আরএসইউ	a r e s i u
আরএসইউর	a r e s i u r
আরএসএস	a r e s e s
আরএসএসের	a r e s e s e r
আরএসপি	a r e s p i
আরএসপির	a r e s p i r
আরক	a r o k
আরকাইভস	a r k a i bh sh o
আরকানসাস	a r k a n sh a sh
আরকিউ	a r k i u
আরকুবি	a r k u b i
আরকেটা	a r k e T a
আরজ	a r O j
আরজচরিতামৃত	a r j o ch o r i t a m r i t o
আরজা	a r j a
আরজি	a r j i
আরজিও	a r j i O
আরজিতে	a r j i t e
আরজিনা	a r j i n a
আরজিবি	a r j i b i
আরজির	a r j i r
আরজু	a r j u
আরজুমান্দ	a r j u m a nd
আরজুর	a r j u r
আরজে	a r j e
আরজেএসসি	a r j e e s s i
আরজেএসসির	a r j e e s s i r
আরজেডি	a r j e D i
আরজেডির	a r j e D i r
আরজের	a r j e r
আরজেসি	a r j e s i
আরটিআই	a r T i a i
আরটিএম	a r T i e m
আরটিজিএস	a r T i j i e s
আরটিভি	a r T i bh i
আরটিভিতে	a r T i bh i t e
আরটিভির	a r T i bh i r
আরটিসি	a r T i s i
আরটিসির	a r T i s i r
আরডব্লিউ	a r D O bl i u
আরডব্লিউই	a r D O bl i u i
আরডি	a r D i
আরডিআরএস	a r D i a r e s
আরডিআরএসের	a r D i a r e s e r
আরডিএ	a r D i e
আরডিএফ	a r D i e ph
আরডিএফের	a r D i e ph e r
আরডিএম	a r D i e m
আরডিএর	a r D i e r
আরডিএস	a r D i e s
আরডিসি	a r D i s i
আরডিসির	a r D i s i r
আরত	a r o t O
আরতি	a r O t i
আরতির	a r t i r
আরদাশ	a r d a sh
আরনল্ড	a r n o l D
আরন্য	a r O n n O | a r o n n o
আরন্যক	a r o n n o k | a r O n n O k
আরন্যকে	a r o n n o k e
আরন্যকের	a r o n n o k e r
আরপাংগাশিয়া	a r p a ng g a sh i y a
আরপি	a r p i
আরপিইউ	a r p i i u
আরপিএম	a r p i e m
আরপিওতে	a r p i O t e
আরপিওর	a r p i O r
আরপিজি	a r p i j i
আরফান	a r ph a n
আরফিন	a r ph i n
আরব	a r o b
আরবকে	a r O b k e
আরবদের	a r O b d e r
আরবপুর	a r o b p u r
আরববাসি	a r o b b a sh i
আরববিশ্বে	a r o b b i sh sh e
আরববিশ্বের	a r o b b i sh sh e r
আরবরা	a r O b r a
আরবরাও	a r o b r a O
আরবরিকালচার	a r b o r i k a l o ch a r
আরবসহ	a r O b sh o h O
আরবাজ	a r b a j
আরবান	a r b a n
আরবানের	a r b a n e r
আরবার	a r o b a r
আরবি	a r b i
আরবিআই	a r b i a i
আরবিএম	a r b i e m
আরবিএস	a r b i e s
আরবিট্রেটর	a r b i T r e T o r
আরবিট্রেশন	a r b i T r e sh O n
আরবিতে	a r b i t e
আরবির	a r o b i r
আরবে	a r O b e
আরবেও	a r o b e O
আরবের	a r O b e r
আরবেলোয়া	a r b e l O y a
আরব্ধ	a r O b dh O
আরভি	a r bh i
আরভিং	a r bh i ng
আরভিন	a r bh i n
আরভিনের	a r bh i n e r
আরমান	a r m a n
আরমানকে	a r m a n k e
আরমানি	a r m a n i
আরমানিটোলা	a r m a n i T O l a
আরমানিটোলার	a r m a n i T O l a r
আরমানিটোলায়	a r m a n i T O l a y
আরমানের	a r m a n e r
আরমিন	a r m i n
আরম্ভটি	a r o m bh o T i
আরম্ভের	a r o m bh e r
আরল	a r O l
আরলি	a r l i
আরশাদ	a r sh a d
আরশাদের	a r sh a d e r
আরশি	a r sh i
আরশিনগর	a r sh i n o g O r
আরশে	a r O sh e
আরশেদ	a r sh e d
আরশেদুল	a r sh e d u l
আরশোলা	a r sh O l a
আরস	a r O sh
আরসা	a r sh a
আরসালান	a r sh a l a n
আরসালানের	a r sh a l a n e r
আরসি	a r sh i
আরসিইউডি	a r s i i u D i
আরসিইউডিতে	a r s i i u D i t e
আরসিইউডির	a r s i i u D i r
আরসিডি	a r s i D i
আরসিডিকে	a r s i D i k e
আরসিডির	a r s i D i r
আরসিসি	a r s i s i
আরহাব	a r h a b
আরহাম	a r h a m
আরা	a r a
আরাংগো	a r a ng g o
আরাও	a r a O
আরাকান	a r a k a n
আরাকানে	a r a k a n e
আরাকানের	a r a k a n e r
আরাকে	a r a k e
আরাগোনেস	a r a g O n e sh
আরাগোনেসের	a r a g O n e sh e r
আরাজি	a r a j i
আরাত	a r a t
আরাত্রিক	a r a tr i k
আরাধক	a r a dh o k
আরাধনার	a r a dh O n a r
আরাধনায়	a r a dh o n a y
আরাধ্যকে	a r a d dh O k e
আরাফ	a r a ph
আরাফা	a r a ph a
আরাফাত	a r a ph a t
আরাফাতকে	a r a ph a t k e
আরাফাতে	a r a ph a t e
আরাফাতের	a r a ph a t e r
আরাফাহ	a r a ph a h
আরাফাহ্	a r a ph a h
আরাবি	a r a b i
আরাবিয়া	a r a b i y a
আরাম	a r a m
আরামকো	a r a m o k O
আরামদায়ক	a r a m d a y o k
আরামনগর	a r a m n o g o r
আরামবাগ	a r a m b a g
আরামবাগে	a r a m b a g e
আরামসে	a r a m sh e
আরামিট	a r a m i T
আরামে	a r a m e
আরামেই	a r a m e i
আরামের	a r a m e r
আরার	a r a r
আরারুট	a r a r u T
আরাশ	a r a sh
আরাসহ	a r a sh o h O
আরাস্তা	a r a st a
আরাস্তু	a r a m bh o
আরায়েস	a r a y e sh
আরি	a r i
আরিগো	a r i g O
আরিচপুরে	a r i ch p u r e
আরিচা	a r i ch a
আরিচার	a r i ch a r
আরিচায়	a r i ch a y
আরিদি	a r i d i
আরিন্দা	a r i nd a
আরিফ	a r i ph
আরিফসহ	a r i ph sh o h O
আরিফা	a r i ph a
আরিফাকে	a r i ph a k e
আরিফার	a r i ph a r
আরিফিন	a r i ph i n
আরিফুজ্জামান	a r i ph u j j a m a n
আরিফুজ্জামানের	a r i ph u j j a m a n e r
আরিফুর	a r i ph u r
আরিফুল	a r i ph u l
আরিফুলও	a r i ph u l O
আরিফুলকে	a r i ph u l k e
আরিফুলের	a r i ph u l e r
আরিফের	a r i ph e r
আরিয়ান	a r i y a n
আরিয়ানের	a r i y a n e r
আরিয়াল	a r i y a l
আরিয়েন	a r i y e n
আরিয়েল	a r i y e l
আরুড়	a r u r O
আরেক	a r e k
আরেকজনকে	a r e k j o n k e
আরেকজনের	a r e k j o n e r
আরেকটাকে	a r e k T a k e
আরেকটার	a r e k T a r
আরেকটায়	a r e k T a y
আরেকটিকে	a r e k T i k e
আরেকটু	a r e k T u
আরেকদল	a r e k d o l
আরেকবারঃ	a r e k b a r
আরেকভাবে	a r e k bh a b e
আরেনা	a r e n a
আরেফিন	a r e ph i n
আরেফিনের	a r e ph i n e r
আরেভালো	a r e bh a l O
আরোগ্যের	a r O g g e r
আরোপ	a r O p
আরোপকে	a r O p k e
আরোপজোগ্য	a r O p j O g g o
আরোপসহ	a r O p sh o h O
আরোপিত	a r O p i t O
আরোপে	a r O p e
আরোপের	a r O p e r
আরোপেরও	a r O p e r O
আরোরা	a r O r a
আরোহ	a r O h O
আরোহন	a r O h o n | a r O h O n
আরোহনে	a r O h o n e
আরোহনের	a r O h o n e r | a r O h O n e r
আরোহি	a r O h i
আরোহিকে	a r O h i k e
আরোহিদের	a r O h i d e r
আরোহির	a r O h i r
আরোহিরা	a r O h i r a
আরোহিসহ	a r O h i sh o h O
আরোয়াহ্	a r O y a h
আর্ক	a r k
আর্কটিকে	a r k T i k e
আর্কটিকের	a r k T i k e r
আর্কশন	a r k o sh o n
আর্কাইভ	a r k a i bh
আর্কাইভকে	a r k a i bh k e
আর্কাইভস	a r k a i bh sh
আর্কাইভসকে	a r k a i bh o sh k e
আর্কাইভসে	a r k a i bh o sh e
আর্কাইভসের	a r k a i bh o sh e r
আর্কাইভে	a r k a i bh e
আর্কাইভের	a r k a i bh e r
আর্কাদি	a r k a d i
আর্কিটেকচার	a r k i T e k ch a r
আর্কিটেকচারে	a r k i T e k ch a r e
আর্কিটেকচারের	a r k i T e k o ch a r e r
আর্কিটেক্ট	a r k i T e k T
আর্কিটেক্টস	a r k i T e k T sh
আর্কিটেক্টের	a r k i T e k T e r
আর্কিড	a r k i D
আর্কিভিস্ট	a r k i bh i sh T
আর্কিমিডিস	a r k i m i D i s
আর্কিমিডিসের	a r k i m i D i s e r
আর্কেড	a r k e D
আর্গুমেন্ট	a r g u m e n T
আর্চ	a r ch
আর্চওয়ে	a r ch O y e
আর্চবিশপ	a r ch b i sh o p
আর্চার	a r ch a r
আর্চারি	a r ch a r i
আর্চিস	a r ch i s
আর্জিতে	a r j i t e
আর্জিনা	a r j i n a
আর্জিনাকে	a r j i n a k e
আর্জিনার	a r j i n a r
আর্জেন্টাইন	a r j e n T a i n
আর্জেন্টাইনদের	a r j e n T a i n d e r
আর্জেন্টাইনরা	a r j e n T a i n r a
আর্জেন্টাইনের	a r j e n T a i n e r
আর্জেন্টিনা	a r j e n T i n a
আর্জেন্টিনাই	a r j e n T i n a i
আর্জেন্টিনাকেই	a r j e n T i n a k e i
আর্জেন্টিনার	a r j e n T i n a r
আর্জেন্টিনারই	a r j e n T i n a r i
আর্জেন্টিনায়	a r j e n T i n a y
আর্জেন্টিনিও	a r j e n T i n i O
আর্জেন্তিনার	a r j e nt i n a r
আর্জেস	a r j e s
আর্ট	a r T
আর্টসে	a r T s e
আর্টসের	a r T s e r
আর্টসেল	a r T s e l
আর্টসেলের	a r T s e l e r
আর্টিকুলেটেড	a r T i k u l e T e D
আর্টিকেলটিতে	a r T i k e l T i t e
আর্টিকেলস	a r T i k e l sh
আর্টিক্যাল	a r T i k A l
আর্টিফিশিয়াল	a r T i ph i sh i y a l
আর্টিফিসার	a r T i ph i s a r
আর্টিলারির	a r T i l a r i r
আর্টিস্টি	a r T i sh T i
আর্টিস্টিক	a r T i sh T i k
আর্টে	a r T e
আর্টের	a r T e r
আর্ডিলেস	a r D i l e s
আর্ত	a r t O
আর্তচিত্কার	a r t o ch i t k a r
আর্তচিত্কারে	a r t o ch i t k a r e
আর্তচিৎকারে	a r t O ch i t k a r e
আর্তনাদে	a r t O n a d e
আর্তনাদের	a r t O n a d e r
আর্তব	a r t o b O
আর্তমানবতার	a r t O m a n O b o t a r
আর্তস্বর	a r t O sh sh O r
আর্তির	a r t i r
আর্তুরো	a r t u r O
আর্থ	a r th
আর্থকোয়েক	a r th o k O y e k
আর্থনিতিক	a r th O n i t i k
আর্থসামাজিক	a r th O sh a m a j i k
আর্থসামাজিকভাবে	a r th o sh a m a j i k bh a b e
আর্থিং	a r th i ng
আর্থিক	a r th i k
আর্থিকভাবেও	a r th i k bh a b e O
আর্থ্রাইটিসের	a r th r a i T i s e r
আর্দালি	a r d a l i
আর্দ্র	a r d r O
আর্দ্রক	a r d r o k
আর্দ্রতার	a r d r o t a r
আর্দ্রতায়	a r d r o t a y
আর্দ্রা	a r d r a
আর্ধ	a r dh O
আর্ন	a r n
আর্নল্ড	a r n o l D
আর্নার	a r n a r
আর্নার্স	a r n a r sh
আর্নিং	a r n i ng
আর্নে	a r n e
আর্নেস্তো	a r n e st O
আর্ন্তজাতিক	a nt o r j a t i k
আর্ম	a r m
আর্মচেয়ার	a r m ch e y a r
আর্মড	a r m D
আর্মব্যান্ড	a r m b A n D
আর্মস	a r m sh
আর্মস্ট্রংকে	a r m sh T r o ng k e
আর্মস্ট্রংয়ের	a r m sh T r o ng y e r
আর্মার	a r m a r
আর্মার্ড	a r m a r D
আর্মি	a r m i
আর্মিতে	a r m i t e
আর্মিদের	a r m i d e r
আর্মির	a r m i r
আর্মিরা	a r m i r a
আর্মেনিয়	a r m e n i y O
আর্মেনিয়দের	a r m e n i y o d e r
আর্মেনিয়রা	a r m e n i y o r a
আর্মেনিয়া	a r m e n i y a
আর্মেনিয়ান	a r m e n i y a n
আর্মেনিয়ার	a r m e n i a r
আর্য	a r j O
আর্যরা	a r j o r a
আর্যা	a r A
আর্যামি	a r j a m i
আর্য্য	a r j O
আর্ল	a r l
আর্ষ	a r sh O
আর্সলান	a r sh o l a n
আর্সেন	a r sh e n
আর্সেনাল	a r sh e n a l
আর্সেনালকে	a r sh e n a l k e
আর্সেনালে	a r sh e n a l e
আর্সেনালের	a r sh e n a l e r
আর্সেনিক	a r sh e n i k
আর্সেনিকজুক্ত	a r sh e n i k j u kt O | a r sh e n i k j u kt o
আর্সেনিকপ্রবন	a r sh e n i k pr o b o n
আর্সেনিকমুক্ত	a r sh e n i k m u kt o
আর্সেনিকে	a r sh e n i k e
আর্সেনিকের	a r sh e n i k e r
আর্সেনিকোসিসে	a r sh e n i k O sh i sh e
আর্সেনিকোসিসের	a r s e n i k O s i s e r
আর্স্ট	a r s T o
আর্হত	a r h o t
আর্হেন্তিনার	a r h e nt i n a r
আল	a l
আলওয়ান	a l O y a n
আলকরন	a l k o r o n
আলকাছ	a l k a chh
আলকাটা	a l k a T a
আলকাতরা	a l k a t r a
আলকাপ	a l k a p
আলকেমি	a l k e m i
আলকে–তিলক	a l O k e t i l o k
আলখাল্লা	a l kh a l l a
আলগ	a l o g
আলগা	a l g a
আলগি	a l g i
আলগোছ	a l g O chh
আলগোছে	a l g O chh e
আলচা	a l ch a
আলজাজিরা	a l j a j i r a
আলজিয়ার্স	a l j i a r sh
আলজিয়ার্সে	a l j i y a r sh e
আলজেরিয়	a l j e r i y O
আলজেরিয়া	a l j e r i y a
আলজেরিয়াকে	a l j e r i y a k e
আলজেরিয়াতে	a l j e r i y a t e
আলজেরিয়ার	a l j e r i y a r
আলজেরিয়ায়	a l j e r i y a y
আলঝেইমার	a l jh e i m a r
আলটিমেট	a l T i m e T
আলটিমেটাম	a l T i m e T a m
আলট্রন	a l T r o n
আলট্রা	a l T r a
আলট্রাবুক	a l T r a b u k
আলট্রাবুকের	a l T r a b u k e r
আলট্রাভায়োলেট	a l T r a bh a y O l e T
আলট্রাসনিক	a l T r a s o n i k
আলট্রাসনোগ্রাফি	a l T r a s o n O gr a ph i
আলট্রাসনোগ্রাম	a l T r a s o n O gr a m
আলট্রাসনোগ্রামের	a l T r a s o n O gr a m e r
আলট্রাসাউন্ড	a l T r a s a u n D o
আলট্রাসাউন্ডের	a l T r a s a u n D e r
আলত	a l t o
আলতমগা	a l t o m g a
আলতা	a l t a
আলতাফ	a l t a ph
আলতাফকে	a l o t a ph k e
আলতাফুর	a l t a ph u r
আলতাফুরদের	a l t a ph u r d e r
আলতাফুরের	a l t a ph u r e r
আলতাফের	a l t a ph e r
আলতাব	a l t a b
আলতামাস	a l t a m a sh
আলতারাপ	a l t a r a p
আলতু	a l t u
আলতু–ফালতু	a l t u ph a l t u
আলতো	a l t O
আলতোভাবে	a l t O bh a b e
আলদা	a l a d a
আলদো	a l d O
আলন	a l o n
আলপনার	a l p O n a r
আলপাইন	a l p a i n o
আলপাকা	a l p a k a
আলপিত	a l o p i t O
আলপিন	a l p i n
আলফ	a l o ph
আলফনসো	a l ph o n sh O
আলফা	a l ph a
আলফাজ	a l ph a j
আলফাডাংগা	a l ph a D a ng g a
আলফাডাংগার	a l ph a D a ng g a
আলফাতা	a l ph a t a
আলফাতাহ	a l ph a t a h o
আলফানসো	a l ph a n sh O
আলফানোর	a l ph a n O r
আলফালাহ	a l ph a l a h
আলফিও	a l o ph i O
আলফু	a l ph u
আলফ্রেড	a l ph r e D
আলফ্রেডো	a l ph r e D O
আলবত	a l b o t
আলবদর	a l b o d O r
আলবদরদের	a l b o d O r d e r
আলবদররা	a l b o d O r r a
আলবদরের	a l b o d O r e r
আলবা	a l b a
আলবাটি	a l b a T i
আলবার	a l b a r
আলবার্ট	a l b a r T
আলবার্টা	a l b a r T a
আলবার্তো	a l b a r t O
আলবাল	a l b a l
আলবি	a l b i
আলবিওল	a l b i O l
আলবিদা	a l b i d a
আলবিসেলেস্তে	a l b i s e l e st e
আলবিসেলেস্তেরা	a l b i sh e l e st e r a
আলবেদা	a l b e d a
আলবেনিয়া	a l b e n i y a
আলবেনিয়ার	a l b e n i y a r
আলবেনিয়ায়	a l b e n i y a y
আলবের্তো	a l b e r t O
আলভা	a l bh a
আলভারেজ	a l bh a r e j
আলভারো	a l bh a r O
আলভি	a l bh i
আলভিরো	a l bh i r O
আলভেজ	a l bh e j
আলভেজের	a l bh e j e r
আলভেরো	a l bh e r O
আলভেস	a l bh e sh
আলভেসের	a l bh e s e r
আলম	a l O m
আলমই	a l O m i
আলমও	a l O m O
আলমকে	a l o m k e
আলমকেও	a l O m k e O
আলমগির	a l O m g i r | a l o m g i r
আলমগিরও	a l o m g i r O
আলমগিরকে	a l O m g i r k e | a l o m g i r k e
আলমগিরসহ	a l O m g i r sh o h O | a l o m g i r sh o h O
আলমগিরের	a l O m g i r e r | a l o m g i r e r
আলমডাংগা	a l o m D a ng g a
আলমডাংগার	a l o m D a ng g a r
আলমডাংগায়	a l o m D a ng g a y
আলমনগর	a l o m n o g o r
আলমন্ড	a l m o n D
আলমপুর	a l o m p u r
আলমবাগ	a l o m b a g
আলমবাগে	a l o m b a g e
আলমবাগের	a l o m b a g e r
আলমসহ	a l O m sh o h O
আলমসাধু	a l o m sh a dh u
আলমানি	a l O m a n i
আলমারিতে	a l m a r i t e
আলমারির	a l m a r i r
আলমারিসহ	a l m a r i sh o h O
আলমাস	a l m a s
আলমিরা	a l m i r a
আলমিরার	a l m i r a r
আলমিরায়	a l m i r a y
আলমেইডা	a l m e i D a
আলমেইরা	a l m e i r a
আলমেইরাকে	a l m e i r a k e
আলমেইরার	a l m e i r a r
আলমের	a l O m e r
আলমেরও	a l o m e r O
আলমেরিয়ার	a l m e r i y a r
আলম্ব	a l o mb O
আলরাশেদ	a l r a sh e d
আলশামস	a l sh a m sh
আলশামসের	a l sh a m o sh e r
আলস	a l o sh
আলসাদাহ	a l sh a d a h
আলসার	a l sh a r
আলসারের	a l sh a r e r
আলসালাদিয়া	a l sh a l a d i a
আলসে	a l sh e
আলস্য	a l O sh sh O
আলস্যে	a l o sh sh e
আলহাজ	a l h a j
আলহাজ্ব	a l h a j
আলহামদুলিল্লাহ	a l h a m d u l i l l a h
আলহামদুল্লিাহ	a l h a m d u l l a h
আলহামরা	a l h a m r a
আলহামের	a l h a m e r
আলহিদা	a l o h i d a
আলহেলাল	a l h e l a l
আলা	a l a
আলাই	a l a i
আলাইকুম	a l a i k u m
আলাইপুর	a l a i p u r
আলাইপুরে	a l a i p u r e
আলাইবালাই	a l a i b a l a i
আলাইহি	a l a i h i
আলাইহিস	a l a i h i sh
আলাউদ্দিন	a l a u d d i n
আলাউদ্দিনকে	a l a u d d i n k e
আলাউদ্দিনসহ	a l a u d d i n sh o h O
আলাউদ্দিনের	a l a u d d i n e r
আলাওল	a l a O l
আলাওলের	a l a O l e r
আলাক	a l a k
আলাকাড়ি	a l a k a r i
আলাকে	a l a k e
আলাঝালা	a l a jh a l a
আলাত	a l a t
আলাদাই	a l a d a i
আলাদাও	a l a d a O
আলাদাভাবেই	a l a d a bh a b e i
আলাদিন	a l a d i n
আলাদিনের	a l a d i n e r
আলান	a l a n
আলানো	a l a n O
আলাপ	a l a p
আলাপও	a l a p O
আলাপকালে	a l a p k a l e
আলাপচারিতা	a l a p ch a r i t a
আলাপচারিতার	a l a p ch a r i t a r
আলাপচারিতায়	a l a p ch a r i t a y
আলাপন	a l a p O n
আলাপে	a l a p e
আলাপেই	a l a p e i
আলাপের	a l a p e r
আলাবক্স	a l a b o k s
আলাবাইত	a l a b a i t
আলাবামার	a l a b a m a r
আলাবি	a l a b i
আলাবির	a l a b i r
আলাভোলা	a l a bh O l a
আলাম	a l a m
আলামত	a l a m o t
আলামতই	a l a m o t o i
আলামতও	a l a m o t O
আলামতগুলো	a l a m o t g u l O
আলামতে	a l a m o t e
আলামতের	a l a m o t e r
আলামিনের	a l a m i n e r
আলার	a l a r
আলাল	a l a l
আলালউদ্দিন	a l a l u d d i n
আলালকে	a l a l k e
আলালের	a l a l e r
আলাসেন	a l a sh e n
আলাস্কা	a l a s k a
আলাস্কার	a l a s k a r
আলাস্কায়	a l a s k a y
আলাহিদা	a l a h i d a
আলায়কুম	a l a y k u m
আলি	a l i
আলিংগন	a l i ng g o n
আলিংগনে	a l i ng g o n e
আলিংগনের	a l i ng g o n e r
আলিই	a l i i
আলিএ	a l i y e
আলিও	a l i O
আলিওশা	a l i O sh a
আলিকদম	a l i k o d O m | a l i k d o m
আলিকদমের	a l i k d o m e r
আলিকেও	a l i k e O
আলিকো	a l i k O
আলিগড়	a l i g o r
আলিগড়ে	a l i g o r e
আলিছান	a l i chh a n
আলিতে	a l i t e
আলিদের	a l i d e r
আলিনগর	a l i n o g O r | a l i n o g o r
আলিনগরে	a l i n o g o r e
আলিনগরের	a l i n o g o r e r
আলিপনা	a l i p o n a
আলিপুর	a l i p u r
আলিপুরায়	a l i p u r a y
আলিপুরে	a l i p u r e
আলিপুরের	a l i p u r e r
আলিফ	a l i ph
আলিফের	a l i ph e r
আলিবর্দি	a l i b O r d i | a l i b o r d i
আলিবহর	a l i b o h o r
আলিবাবা	a l i b a b a
আলিবাবার	a l i b a b a r
আলিম	a l i m
আলিমউদ্দিন	a l i m u d d i n
আলিমকে	a l i m k e
আলিমাবাদ	a l i m a b a d
আলিমুজ্জামান	a l i m u j j a m a n
আলিমুদ্দিন	a l i m u d d i n
আলিমুর	a l i m u r
আলিমুল	a l i m u l
আলিমে	a l i m e
আলিমের	a l i m e r
আলির	a l i r
আলিরা	a l i r a
আলিরাজ	a l i r a j
আলিশা	a l i sh a
আলিশান	a l i sh a n
আলিশ্বর	a l i sh o r
আলিস	a l i sh
আলিসহ	a l i sh o h O | a l i sh o h O
আলিস্যি	a l i sh sh i
আলিহুকুম	a l i h u k u m
আলিড়	a l i r
আলিয়স	a l i y o sh
আলিয়া	a l i y a
আলিয়াঞ্জ	a l i a n j
আলিয়াবাদ	a l i y a b a d
আলিয়ার	a l i y a r
আলিয়ারহাট	a l i y a r h a T
আলুই	a l u i
আলুখেতের	a l u kh e t e r
আলুগাছ	a l u g a chh
আলুচাশি	a l u ch a sh i
আলুচাশিদের	a l u ch a sh i d e r
আলুচাশির	a l u ch a sh i r
আলুচাশিরা	a l u ch a sh i r a
আলুটিলা	a l u T i l a
আলুটিলার	a l u T i l a r
আলুতে	a l u t e
আলুথগামাগে	a l u th g a m a g e
আলুথালু	a l u th a l u
আলুপট্টি	a l u p T T i
আলুপট্টির	a l u p T T i r
আলুফা	a l u ph a
আলুবাজার	a l u b a j a r
আলুবাজারে	a l u b a j a r e
আলুবিজ	a l u b i j
আলুবুখারা	a l u b u kh a r a
আলুবোখারা	a l u b O kh a r a
আলুবোঝাই	a l u b O jh a i
আলুভর্তা	a l u bh o r t a
আলুর	a l u r
আলুয়ানো	a l u y a n O
আলে	a l e
আলেক	a l e k
আলেকজান্ডারে	a l e k j a n D a r e
আলেকজান্ডারের	a l e k j a n D a r e r
আলেকজান্দার	a l e k j a nd a r
আলেকজান্দ্রা	a l e k j a ndr a
আলেকজান্দ্রিয়া	a l e k j a ndr i y a
আলেকজান্দ্রিয়ার	a l e k j a ndr i y a r
আলেকজান্দ্রিয়ায়	a l e k j a ndr i y a y
আলেকসান্দর	a l e k sh a nd o r
আলেকসান্দার	a l e k sh a nd a r
আলেকুম	a l e k u m
আলেক্স	a l e k s
আলেক্সান্ডার	a l e k s a n D a r
আলেক্সান্দার	a l e k s a nd a r
আলেক্সান্দ্রিয়া	a l e k s a ndr i y a
আলেক্সান্দ্রে	a l e k s a ndr e
আলেক্সি	a l e k s i
আলেক্সিজ	a l e k s i j
আলেক্সিস	a l e k s i s
আলেক্সিয়া	a l e k s i y a
আলেখা	a l A kh a
আলেখারচর	a l e kh a r ch o r
আলেখ্য	a l e k kh O
আলেচিত	a l e ch i t o
আলেজান্দ্রো	a l e j a ndr O
আলেন্দে	a l e nd e
আলেন্দের	a l e nd e r
আলেপ	a l e p
আলেপ্পো	a l e p p O
আলেম	a l e m
আলেমকে	a l e m k e
আলেমদের	a l e m d e r
আলেমরা	a l e m r a
আলেমসমাজ	a l e m sh o m a j
আলেমের	a l e m e r
আলেসান্দ্রো	a l e sh a ndr O
আলেয়া	a l e y a
আলেয়ার	a l e y a r
আলো	a l O
আলোই	a l O i
আলোও	a l O O
আলোক	a l O k
আলোকচিত্র	a l O k ch i tr O
আলোকচিত্রকে	a l O k ch i tr o k e
আলোকচিত্রগুলো	a l O k ch i tr o g u l O
আলোকচিত্রশিল্পি	a l O k ch i tr o sh i l p i
আলোকচিত্রি	a l O k ch i tr i
আলোকচিত্রিকে	a l O k ch i tr o i k e
আলোকচিত্রিদের	a l O k ch i tr i d e r
আলোকচিত্রির	a l O k ch i tr i r
আলোকচিত্রিরা	a l O k ch i tr i r a
আলোকচিত্রে	a l O k ch i tr e
আলোকচ্ছটা	a l O k ch chh o T a
আলোকছটা	a l O k chh o T a
আলোকন	a l O k o n o
আলোকবর্তিকা	a l O k b O r t i k a
আলোকমালায়	a l O k m a l a y
আলোকময়	a l O k m o y
আলোকরশ্মি	a l O k r O sh sh i
আলোকরশ্মির	a l O k r O sh sh i r
আলোকশিখায়	a l O k sh i kh a y
আলোকসজ্জা	a l O k sh o j j a
আলোকসজ্জায়	a l O k sh o j j a y
আলোকস্বল্পতা	a l O k sh o l p o t a
আলোকস্বল্পতার	a l O k sh o l p o t a r
আলোকস্বল্পতায়	a l O k sh o l p o t a y
আলোকেই	a l O k e i
আলোকেও	a l O k e O
আলোকের	a l O k e r
আলোকোজ্জ্বল	a l O k O j j o l
আলোচক	a l O ch O k
আলোচকও	a l O ch o k O
আলোচকরা	a l O ch O k r a
আলোচকের	a l O ch O k e r
আলোচকেরা	a l O ch o k e r a
আলোচন	a l O ch o n
আলোচনা	a l O ch O n a
আলোচনাই	a l O ch O n a i
আলোচনাও	a l O ch O n a O
আলোচনাকালে	a l O ch O n a k a l e
আলোচনাক্রমে	a l O ch o n a kr o m e
আলোচনাটাই	a l O ch o n a T a i
আলোচনাতেই	a l O ch O n a t e i
আলোচনাতেও	a l O ch o n a t e O
আলোচনাপর্বে	a l O ch o n a p o r b e
আলোচনার	a l O ch O n a r
আলোচনারও	a l O ch O n a r O
আলোচনাসভায়	a l O ch o n a sh o bh a y
আলোচনাসহ	a l O ch o n a sh o h O
আলোচনায়	a l O ch O n a y o
আলোচনায়ও	a l O ch o n a y O
আলোচানা	a l O ch a n a
আলোচিত	a l O ch i t O
আলোচিতও	a l O ch i t o O
আলোচ্যসুচি	a l O ch ch o sh u ch i
আলোচ্যসুচিতে	a l O ch ch O sh u ch i t e | a l O ch ch o sh u ch i t e
আলোচ্যসুচির	a l O ch ch o sh u ch i r
আলোছায়া	a l O chh a y a
আলোছায়ার	a l O chh a y a r
আলোঝলমল	a l O jh o l m o l
আলোটা	a l O T a
আলোটাই	a l O T a i
আলোটাও	a l O T a O
আলোটি	a l O T i
আলোতেই	a l O t e i
আলোতেও	a l O t e O
আলোনসো	a l O n sh O
আলোনসোর	a l O n sh O r
আলোনা	a l O n a
আলোবিহিন	a l O b i h i n
আলোর	a l O r
আলোরই	a l O r i
আলোরকোল	a l O r k O l
আলোল	a l O l
আলোসহ	a l O sh o h O
আলোহিত	a l O h i t
আলোহিন	a l O h i n
আলোড়ক	a l O r o k
আলোড়ন	a l O r o n
আলোড়নের	a l O r o n e r
আলোড়িত	a l O r i t o
আলোয়	a l O y
আলোয়ও	a l O y O
আলোয়াখোয়া	a l O y a kh O y a
আল্	a l
আল্টিমেটাম	a l T i m e T a m
আল্টিমেটামের	a l T i m e T a m e r
আল্ট্রাবুক	a l T r a b u k
আল্ট্রাবুকের	a l T r a b u k e r
আল্ট্রাসনোগ্রাম	a l T r a s O n O gr a m
আল্ট্রাসাউন্ড	a l T r a s a u n D
আল্পনা	a l p O n a
আল্পস	a l p sh
আল্পসে	a l p sh e
আল্পসের	a l p sh e r
আল্ভি	a l bh i
আল্লহ	a l l a h
আল্লা	a l l a
আল্লাগুই	a l l a g u i
আল্লাপাক	a l l a p a k
আল্লামা	a l l a m a
আল্লামি	a l l a m i
আল্লার	a l l a r
আল্লাহই	a l l a h i
আল্লাহও	a l l a h O
আল্লাহকে	a l l a h k e
আল্লাহতাআলা	a l l a h t a a l a
আল্লাহপাক	a l l a h p a k
আল্লাহপাকের	a l l a h p a k e r
আল্লাহভিতি	a l l a h bh i t i
আল্লাহভিতির	a l l a h bh i t i r
আল্লাহভিরু	a l l a h bh i r u
আল্লাহর	a l l a h r
আল্লাহু	a l l a h u
আল্লাহুম্মা	a l l a h u mm a
আল্লাহ্	a l l a h
আল্লাহ্র	a l l a h r
আল্লায়	a l l a y
আলয়	a l o y
আলয়ের	a l o y e r
আল–আহাদ	a l a h a d
আশংকা	a sh O ng k a | a sh o ng k a
আশংকাই	a sh o ng k a i
আশংকাও	a sh o ng k a O
আশংকাকে	a sh o ng k a k e
আশংকাজনকভাবে	a sh o ng k a j o n o k bh a b e
আশংকাজনকহারে	a sh o ng k a j o n o k h a r e
আশংকাটা	a sh o ng k a T a
আশংকাটাই	a sh o ng k a T a i
আশংকাটি	a sh o ng k a T i
আশংকামুক্ত	a sh o ng k a m u kt O | a sh o ng k a m u kt o
আশংকার	a sh o ng k a r
আশংকায়	a sh o ng k a y
আশংকিত	a sh o ng k i t o
আশক	a sh o k
আশকার	a sh o k a r
আশকারি	a sh k a r i
আশকোনা	a sh k O n a
আশকোনার	a sh k O n a r
আশখাস	a sh kh a sh
আশগাবাত	a sh g a b a t
আশজুক্ত	a sh j u kt O
আশটে	a sh T e
আশতিয়ানি	a sh t i y a n i
আশতিয়ানিকে	a sh t i y a n i k e
আশতিয়ানির	a sh t i y a n i r
আশদোদ	a sh d O d
আশনা	a sh n a
আশপাশে	a sh p a sh e
আশপাশেই	a sh p a sh e i
আশপাশেও	a sh p a sh e O
আশপাশের	a sh p a sh e r
আশফাক	a sh ph a k
আশফাকুর	a sh ph a k u r
আশফাকুল	a sh ph a k u l
আশফাকের	a sh ph a k e r
আশফিয়া	a sh ph i y a
আশমত	a sh m o t
আশরফ	a sh r o ph
আশরাফ	a sh r a ph
আশরাফই	a sh r a ph i
আশরাফউদ্দিন	a sh r a ph u d d i n
আশরাফও	a sh r a ph O
আশরাফকে	a sh r a ph k e
আশরাফাবাদ	a sh r a ph a b a d
আশরাফি	a sh r a ph i
আশরাফিকে	a sh r a ph i k e
আশরাফির	a sh r a ph i r
আশরাফিসহ	a sh r a ph i sh o h O
আশরাফুজ্জামান	a sh r a ph u j j a m a n
আশরাফুন	a sh r a ph u n
আশরাফুন্নেছা	a sh r a ph u nn e sh a
আশরাফুন্নেসা	a sh r a ph u nn e s a
আশরাফুর	a sh r a ph u r
আশরাফুল	a sh r a ph u l
আশরাফুলই	a sh r a ph u l i
আশরাফুলও	a sh r a ph u l O
আশরাফুলকে	a sh r a ph u l k e
আশরাফুলকেও	a sh r a ph u l k e O
আশরাফুলদের	a sh r a ph u l d e r
আশরাফুলরা	a sh r a ph u l r a
আশরাফুলসহ	a sh r a ph u l sh o h O
আশরাফুলের	a sh r a ph u l e r
আশরাফুলেরও	a sh o r a ph u l o r e O
আশরাফের	a sh r a ph e r
আশরাফ–উল–আম্বিয়া	a sh r a ph u l a mb i y a
আশশাওড়া	a sh sh a O r a
আশা	a sh a
আশাই	a sh a i
আশাও	a sh a O
আশাক	a sh a k
আশাকরি	a sh a k O r i
আশাকে	a sh a k e
আশাকের	a sh a k e r
আশাজাগানিয়া	a sh a j a g a n i y a
আশাঢ়	a sh a r
আশাতিত	a sh a t i t
আশাতিরিক্ত	a sh a t i r i kt o
আশাতেই	a sh a t e i
আশান	a sh a n
আশানুরুপ	a sh a n u r u p
আশানুরুপভাবে	a sh a n u r u p bh a b e
আশাপ্রকাশ	a sh a pr O k a sh
আশাপ্রদ	a sh a pr O d O
আশাবাদ	a sh a b a d
আশাবাদও	a sh a b a d O
আশাবাদি	a sh a b a d i
আশাবাদিই	a sh a b a d i i
আশাবাদিও	a sh a b a d i O
আশাবাদিদের	a sh a b a d i d e r
আশাবাদির	a sh a b a d i r
আশাবাদিরা	a sh a b a d i r a
আশাবাদিরাও	a sh a b a d i r a O
আশাবাদের	a sh a b a d e r
আশাবুল	a sh a b u l
আশাব্যঞ্জক	a sh a b A n j O k
আশাভংগ	a sh a bh o ng g o
আশাভংগের	a sh a bh o ng g e r
আশার	a sh a r
আশারও	a sh a r O
আশারকান্দি	a sh a r k a nd i
আশারচর	a sh a r ch o r
আশারাম	a sh a r a m
আশাশুনি	a sh a sh u n i
আশাশুনিতে	a sh a sh u n i t e
আশাশুনির	a sh a sh u n i r
আশাহিন	a sh a h i n
আশাড়	a sh a r
আশাড়ে	a sh a r e
আশাড়ের	a sh a r e r
আশায়	a sh a y
আশায়ই	a sh a y i
আশিক	a sh i k
আশিককে	a sh i k k e
আশিকা	a sh i k a
আশিকি	a sh i k i
আশিকুজ্জামান	a sh i k u j j a m a n
আশিকুর	a sh i k u r
আশিকুরকে	a sh i k u r k e
আশিকুল	a sh i k u l
আশিন	a sh i n
আশিফা	a sh i ph a
আশির্বচন	a sh i r b o ch o n
আশির্বাদ	a sh i r b a d
আশির্বাদধন্য	a sh i r b a d dh o n n o
আশির্বাদপুশ্ট	a sh i r b a d p u sh T O | a sh i r b a d p u sh T o
আশির্বাদস্বরুপ	a sh i r b a d sh o r u p
আশির্বাদে	a sh i r b a d e
আশির্বাদের	a sh i r b a d e r
আশিশ	a sh i sh
আশিশের	a sh i sh e r
আশিস	a sh i sh
আশিয়ান	a sh i y a n
আশু	a sh u
আশুক	a sh u k
আশুগঞ্জ	a sh u g o nj
আশুগঞ্জকে	a sh u g o nj k e
আশুগঞ্জে	a sh u g o nj e
আশুগঞ্জের	a sh u g o nj e r
আশুতিয়া	a sh u t i y a
আশুতোশ	a sh u t O sh
আশুতোশের	a sh u t O sh e r
আশুর	a sh u r
আশুরা	a sh u r a
আশুরার	a sh u r a r
আশুলিয়া	a sh u l i a
আশুলিয়ার	a sh u l i y a r
আশুলিয়ায়	a sh u l i y a y
আশুশ্ক	a m u sh k O
আশে	a sh e
আশেক	a sh e k
আশেকুর	a sh e k u r
আশেকে	a sh e k e
আশেপাশে	a sh e p a sh e
আশেপাশেই	a sh e p a sh e i
আশেপাশের	a sh e p a sh e r
আশের	a sh e r
আশোইশব	a sh O i sh o b
আশোক	a sh O k
আশোবার	a sh O b a r
আশোয়ারি	a sh O y a r i
আশ্চর্য	a sh ch O r j O
আশ্চর্যজনক	a sh ch O r j O j o n O k
আশ্চর্যজনকভাবে	a sh ch O r j O j o n O k bh a b e
আশ্চর্যান্বিত	a sh ch o r j a n i t o
আশ্চর্যের	a sh ch O r j e r
আশ্টি	a sh T i
আশ্টেপৃশ্ঠে	a sh T e p ri sh Th e | a sh T e p r i sh Th e
আশ্বস্ত	a sh sh o st O
আশ্বাস	a sh sh a sh
আশ্বাসই	a sh sh a sh i
আশ্বাসও	a sh sh a sh O
আশ্বাসবানি	a sh sh a sh b a n i
আশ্বাসে	a sh sh a sh e
আশ্বাসের	a sh sh a sh e r
আশ্বিনা	a sh sh i n a
আশ্বিনের	a sh sh i n e r
আশ্মন	a sh m o n
আশ্রম	a sh r o m
আশ্রমে	a sh r m e
আশ্রমের	a sh r O m e r
আশ্রাফ	a sh r a ph
আশ্রাফুল	a sh r a ph u l
আশ্রাব	a sh r a b
আশ্রিত	a sh r i t O
আশ্রয়	a sh r o y
আশ্রয়ই	a sh r o y i
আশ্রয়ও	a sh r o y O
আশ্রয়কেন্দ্রগুলো	a sh r o y k e ndr o g u l O
আশ্রয়কেন্দ্রগুলোতে	a sh r o y k e ndr o g u l O t e
আশ্রয়কেন্দ্রটি	a sh r o y k e ndr o T i
আশ্রয়কেন্দ্রসহ	a sh r o y k e ndr o sh o h O
আশ্রয়কেন্দ্রে	a sh r o y k e ndr e
আশ্রয়কেন্দ্রের	a sh r o y k e ndr e r
আশ্রয়টুকু	a sh r o y T u k u
আশ্রয়দাতা	a sh r o y d a t a
আশ্রয়দানের	a sh r o y d a n e r
আশ্রয়ন	a sh r o y o n
আশ্রয়প্রার্থি	a sh r o y pr a r th i
আশ্রয়প্রার্থিদের	a sh r o y d a pr a r th i d e r
আশ্রয়শিবির	a sh r o y sh i b i r
আশ্রয়শিবিরে	a sh r o y sh i b i r e
আশ্রয়স্থল	a sh r o y sth o l
আশ্রয়স্থলে	a sh r o y sth o l e
আশ্রয়হিন	a sh r o y h i n
আশ্রয়হিনদের	a sh r o y h i n d e r
আশ্রয়ি	a sh r o y i
আশ্রয়ে	a sh r o y e
আশ্রয়ের	a sh r o y e r
আশ্লিশ্ট	a sh l i sh T O
আশ্লেশ	a sh l e sh o
আশয়	a sh o y
আস	a sh O
আসংগ	a sh o ng g O
আসওয়র	a sh O y o r
আসওয়াদ	a sh O y a d
আসওয়াদকে	a sh O y a d k e
আসক	a sh o k
আসককে	a sh o k k e
আসকর	a sh o k o r
আসকার	a sh k a r
আসকারি	a sh k a r i
আসকারির	a sh k a r i r
আসকি	a sh k i
আসকের	a sh O k e r
আসক্ত	a sh o kt O
আসক্তদের	a sh O kt O d e r
আসক্তের	a sh o kt e r
আসগর	a sh g o r
আসগার	a sh g a r
আসছি	a sh chh i
আসছিল	a sh chh i l O
আসছিলাম	a sh chh i l a m
আসছিলেন	a sh chh i l e n
আসছিলো	a sh chh i l O
আসছে	a sh chh e
আসছেই	a sh chh e i
আসছেও	a sh chh e O
আসছেন	a sh chh e n
আসজাদুল	a sh j a d u l
আসত	a sh t O
আসতাম	a sh t a m
আসতারুল	a sh t a r u l
আসতে	a sh t e
আসতেই	a sh t e i
আসতেও	a sh t e O
আসতেছে	a sh t e chh e
আসতো	a sh t O
আসনও	a sh O n O
আসনগুলো	a sh O n g u l O
আসনগুলোতে	a sh O n g u l O t e
আসনগুলোর	a sh o n g u l O r
আসনটা	a sh o n T a
আসনটি	a sh O n T i
আসনটিও	a sh o n T i O
আসনটির	a sh O n T i r
আসনবিন্যাস	a sh o n b i n n a sh
আসনবিশিশ্ট	a sh O n b i sh i sh T O | a sh o n b i sh i sh T o
আসনবিহিন	a sh o n b i h i n
আসনব্যবস্থা	a sh o n b A b o sth a
আসনসংকট	a sh o n sh o ng k o T
আসনসংখ্যা	a sh O n sh o ng kh a
আসনসংখ্যার	a sh o n sh o ng kh kh a r
আসনসহ	a sh o n sh o h O
আসনস্বল্পতার	a sh o n sh o l p o t a r
আসনা	a sh n a
আসনাই	a sh n a i
আসনু	a sh n u
আসনে	a sh o n e
আসনেই	a sh O n e i
আসনেও	a sh O n e O
আসনের	a sh O n e r
আসন্ন	a sh O nn O
আসফউদেদৗলা	a sh o ph u d e d O u l a
আসফাকুস	a sh ph a k u sh
আসফিয়া	a sh ph i y a
আসবা	a sh b a
আসবাবও	a sh b a b O
আসবাবপত্র	a sh b a b p o tr O
আসবাবপত্রে	a sh b a b p o tr e
আসবাবপত্রের	a sh b a b p o tr e r
আসবাবশিল্পের	a sh b a b sh i l p e r
আসবাবসহ	a sh b a b sh o h O
আসবার	a sh b a r
আসবে	a sh b e
আসবেই	a sh b e i
আসবেও	a sh b e O
আসবেন	a sh b e n
আসবেনই	a sh b e n i
আসবো	a sh b O
আসমত	a sh m o t
আসমা	a sh m a
আসমাউল	a sh m a u l
আসমাকে	a sh m a k e
আসমান	a sh m a n
আসমানি	a sh m a n i
আসমানে	a sh m a n e
আসমানের	a sh m a n e r
আসমার	a sh m a r
আসমুদ্র	a sh O m u d r O
আসর	a sh O r
আসরই	a sh o r o i
আসরও	a sh o r O
আসরকে	a sh o r k e
আসরগুলোতে	a sh o r g u l O t e
আসরটা	a sh o r T a
আসরটিতে	a sh o r T i t e
আসরফি	a sh r o ph i
আসরসহ	a sh o r sh o h O
আসরার	a sh r a r
আসরে	a sh O r e
আসরেই	a sh O r e i
আসরেও	a sh O r e O
আসরের	a sh O r e r
আসল	a sh O l
আসলটা	a sh o l T a
আসলাম	a sh l a m
আসলামকে	a sh l a m k e
আসলামপুর	a sh o l a m p u r
আসলামসহ	a sh o l a m sh o h O
আসলামুল	a sh l a m u l
আসলি	a sh l i
আসলেই	a sh O l e i
আসলেও	a sh l e O
আসলেন	a sh l e n
আসলের	a sh o l e r
আসসালামু	a sh sh a l a m u
আসহাব	a sh h a b
আসাই	a sh a i
আসাও	a sh a O
আসাকে	a sh a k e
আসাটাই	a sh a T a i
আসাটাও	a sh a T a O
আসাটাকে	a sh a T a k e
আসাতে	a sh a t e
আসাদ	a s a d
আসাদউদ্দিন	a s a d u d d i n
আসাদউল্লাহ	a s a d u l l a h
আসাদকে	a s a d k e
আসাদগঞ্জ	a s a d g o nj
আসাদগেট	a s a d g e T
আসাদগেটে	a s a d g e T e
আসাদগেটের	a s a d g e T e r
আসাদন	a s a d O n
আসাদবিরোধি	a s a d b i r O dh i
আসাদসহ	a s a d sh o h O
আসাদুজ্জমান	a s a d u j j a m a n
আসাদুজ্জামানকে	a s a d u j j a m a n k e
আসাদুজ্জামানসহ	a s a d u j j a m a n sh o h O
আসাদুজ্জামানের	a s a d u j j a m a n e r
আসাদুর	a s a d u r
আসাদুল	a s a d u l
আসাদুলের	a s a d u l e r
আসাদুল্লাহ	a s a d u l l a h
আসাদুল্লাহ্	a s a d u l l a h
আসাদের	a s a d e r
আসানসিওন	a s a n s i O n
আসানসোলে	a s a n s O l e
আসানি	a s a n i
আসাফ	a s a ph
আসাফউদ্দোউলা	a s a ph u d d O u l a
আসাফউদ্দোউলাহ	a s a ph u d d O u l a h
আসাফা	a s a ph a
আসাফ্উদ্দোউলাহ্	a s a ph u d d O u l a h
আসাবরদার	a s a b o r d a r
আসাম	a sh a m
আসামকে	a sh a m k e
আসামসহ	a sh a m sh o h O
আসামাত্র	a sh a m a tr O
আসামাত্রই	a sh a m a tr O i
আসামি	a sh a m i
আসামিই	a sh a m i i
আসামিও	a sh a m i O
আসামিকে	a sh a m i k e
আসামিকেই	a sh a m i k e i
আসামিকেও	a sh a m i k e O
আসামিগন	a sh a m i g o n
আসামিদের	a sh a m i d e r
আসামিদেরও	a sh a m i d e r O
আসামিপক্ষ	a sh a m i p o kkh O
আসামিপক্ষকে	a sh a m i p o kkh o k e
আসামিপক্ষে	a sh a m i p O kkh e
আসামিপক্ষের	a sh a m i p o kkh e r
আসামির	a sh a m i r
আসামিরা	a sh a m i r a
আসামিরাও	a sh a m i r a O
আসামিসহ	a sh a m i sh o h O
আসামে	a sh a m e
আসামের	a sh a m e r
আসামোহ	a sh a m O h
আসামোয়া	a sh a m O y
আসার	a sh a r
আসারই	a sh a r i
আসাসহ	a sh a sh o h O
আসাসোটা	a sh a sh O T a
আসাহি	a sh a h i
আসায়	a sh a y
আসি	a sh i
আসিক	a sh i k
আসিক্ত	a sh i kt O
আসিতে	a sh i t e
আসিতেছে	a sh i t e chh e
আসিদ	a sh i d
আসিদ্ধ	a sh i d dh O
আসিন	a sh i n
আসিনি	a sh i n i
আসিফ	a sh i ph
আসিফকে	a sh i ph k e
আসিফদের	a sh i ph o d e r
আসিফা	a sh i ph a
আসিফুর	a sh i ph u r
আসিব	a sh i b O
আসিবার	a sh i b a r
আসিম	a sh i m
আসিমভ	a sh i m o bh
আসিমভের	a sh i m o bh e r
আসিমুল	a sh i m u l
আসিরি	a sh a r i
আসিরিকে	a sh a r i k e
আসিরির	a sh a r i r
আসিরুল	a sh a r u l
আসিল	a sh i l O
আসিলেন	a sh i l e n
আসিস	a sh i sh
আসিয়া	a sh i y a
আসিয়াছি	a sh i y a chh e
আসিয়াছে	a sh i y a chh e
আসিয়ান	a sh i y a n
আসিয়ানভুক্ত	a sh i y a n bh u kt o
আসিয়ানে	a sh i y a n e
আসিয়ানের	a sh i y a n e r
আসিয়ার	a sh i y a r
আসুক	a sh u k
আসুদা	a sh u d d a
আসুন	a sh u n
আসুপ্তি	a sh u p t i
আসুরিক	a sh u r i k
আসুস	a sh u sh
আসুসের	a sh u sh e r
আসে	a sh e
আসেংগা	a sh e ng g a
আসেই	a sh e i
আসেও	a sh e O
আসেচন	a sh e ch o n
আসেন	a sh e n
আসেননি	a sh e n n i
আসেনি	a sh e n i
আসেব	a sh e b
আসেম	a sh e m
আসো	a sh O
আসোনি	a sh O n i
আস্ক	a s k
আস্কন্দিত	a s k O nd i t O
আস্কিং	a s k i ng
আস্কে	a sh o k e
আস্তর	a st O r
আস্তরন	a st o r o n | a st O r o n
আস্তরনে	a st O r o n e
আস্তরনের	a st O r o n e r
আস্তাকুড়	a st a k u r
আস্তাকুড়ে	a st a k u r e
আস্তাগফেরুল্লাহ	a st a g ph e r u l l a h
আস্তানা	a st a n a
আস্তানাটি	a st a n a T i
আস্তানার	a st a n a r
আস্তানায়	a st a n a y
আস্তাবল	a st a b o l
আস্তাবলে	a st a b o l e
আস্তিন	a st i n
আস্তে	a st e
আস্তেব্যস্তে	a st e b e st e
আস্থাই	a sth a i
আস্থাও	a sth a O
আস্থাকে	a sth a k e
আস্থাটা	a sth a T a
আস্থান	a sth a n
আস্থাপুর্ন	a sth a p u r n o
আস্থাশিল	a sth a sh i l
আস্থাহিন	a sth a h i n
আস্থাহিনতা	a sth a h i n o t a
আস্থাহিনতাকে	a sth a h i n o t a k e
আস্থাহিনতার	a sth a h i n O t a r | a sth a h i n o t a r
আস্থাহিনতায়	a sth a h i n o t a y
আস্থায়	a sth a y
আস্থিত	a sth i t O
আস্পদ	a s p o d
আস্পর্ধা	a s p o r dh a
আস্ফালন	a sh ph a l O n
আস্ফাালন	a sh ph a l o n
আস্ফাালনের	a sh ph a l o n e r
আস্বাদ	a sh sh a d
আস্বাদন	a sh sh a d o n
আস্বাদনের	a sh sh a d o n e r
আস্য	a sh sh O
আস্সালামু	a sh sh a l a m u
আহকাফ	a h k a ph
আহকাম	a h k a m
আহকামে	a h k a m e
আহছান	a h chh a n
আহছানউল্লাহ	a h chh a n u l l a h
আহছানিয়া	a h chh a n i y a
আহজাব	a h j a b
আহট	a h o T
আহত	a h O t O
আহতদের	a h O t O d e r
আহতদেরকে	a h O t O d e r k e
আহতরা	a h O t O r a
আহতাবস্থায়	a h o t a b o sth a y
আহতের	a h O t e r
আহতেরা	a h o t e r a
আহদ	a h o d
আহন	a h o n
আহনাফ	a h n a ph
আহব	a h o b
আহবাদের	a h b a d e r
আহবান	a h b a n
আহবাব	a h b a b
আহবায়ক	a h b a y o k
আহম	a h o m
আহমক	a h o m o k
আহমদ	a h m O d
আহমদই	a h m o d i
আহমদও	a h m o d O
আহমদকে	a h m o d k e
আহমদকেও	a h m o d k e O
আহমদিয়া	a h m o d k e O
আহমদিয়াদের	a h m o d y a d e r
আহমদুল	a h m O d u l
আহমদুল্লাহ	a h m o d u l l a h o
আহমদে	a h m o d e
আহমদের	a h m o d e r
আহমাদ	a h m a d
আহমাদি	a h m a d i
আহমাদিনেজাদ	a h m a d i n e j a d
আহমাদিনেজাদকে	a h m a d i n e j a d k e
আহমাদিনেজাদের	a h m a d i n e j a d e r
আহমাদুল	a h m a d u l
আহমাদুল্লাহ	a h m a d u l l a h
আহমাদের	a h m a d e r
আহমার	a h m a r
আহমারের	a h m a r e r
আহমেঞ্চদ	a h m e nch o d
আহমেদ	a h m e d
আহমেদই	a h m e d i
আহমেদকে	a h m e d k e
আহমেদকেও	a h m e d k e O
আহমেদসহ	a h m e d sh o h O
আহমেদাবাদ	a h m e d a b a d
আহমেদাবাদে	a h m e d a b a d e
আহমেদাবাদের	a h m e d a b a d e r
আহমেদিনেজাদ	a h m e d i n e j a d
আহমেদিনেজাদের	a h m e d i n e j a d e r
আহমেদুর	a h m e d u r
আহমেদুল	a h m e d u l
আহমেদের	a h m e d e r
আহম্মদ	a h o mm o d
আহম্মদকে	a h o mm o d k e
আহম্মদপুর	a h o mm o d p u r
আহম্মদসহ	a h o m sh o h O
আহম্মদের	a h o mm o d e r
আহম্মাদ	a h o mm a d
আহম্মেদ	a h o mm e d
আহম্মেদসহ	a h o mm e d sh o h O
আহম্মেদের	a h O mm e d e r
আহরন	a h o r o n | a h O r o n
আহরনকারি	a h o r o n k a r i
আহরনকারিদের	a h o r o n k a r i d e r
আহরনে	a h o r o n e | a h O r O n e
আহরনের	a h o r o n e r | a h O r o n e r
আহরাম	a h r a m
আহরিত	a h O r i t O
আহরিৎ	a h O r i t
আহল	a h o l
আহলিয়া	a h O l i y a
আহলিয়াত	a h l i y a t
আহলুল্লাহ	a h l u l l a h
আহসান	a h s a n
আহসানউদ্দিন	a h s a n u d d i n
আহসানউল্যাহ	a h s a n u l l a h o
আহসানউল্লাহ	a h s a n u l l a h
আহসানউল্লাহর	a h s a n u l l a h o
আহসানকে	a h s a n k e
আহসানসহ	a h s a n sh o h O
আহসানিয়া	a h s a n i y a
আহসানুজ্জামান	a h s a n u j j a m a n
আহসানুর	a h s a n u r
আহসানুল	a h s a n u l
আহসানুলকে	a h s a n u l k e
আহসানুল্লাহ	a h s a n u l l a h o
আহসানের	a h s a n e r
আহাজারি	a h a j a r i
আহাজারিতে	a h a j a r i t e
আহাজারির	a h a j a r i r
আহাদ	a h a d
আহাদকে	a h a d k e
আহাদিল	a h a d i l
আহাদুর	a h a d u r
আহাদুল	a h a d u l
আহাদের	a h a d e r
আহামরি	a h a m O r i
আহামেদ	a h a m e d
আহাম্মক	a h a mm o k
আহাম্মকি	a h a mm o k i
আহাম্মকির	a h a mm o k i r
আহাম্মদ	a h a mm o d
আহাম্মদকে	a h a mm o d k e
আহাম্মদের	a h a mm o d e r
আহাম্মাদ	a h a mm o d
আহাম্মেদ	a h a mm e d
আহাম্মেদকে	a h a mm e d
আহাম্মেদের	a h a mm e d e r
আহার	a h a r
আহারই	a h a r i
আহারে	a h a r e
আহাসান	a h a sh a n
আহা–হা	a h a h a
আহি	a h i
আহিক	a h i k
আহিত	a h i t O
আহুজা	a h u j a
আহুত	a h u t O | a h u t o
আহৃত	a h r i t O
আহে	a h e
আহেমদ	a h e m o d
আহেমদের	a h e m d e r
আহের	a h e r
আহেড়িয়া	a h e r i y a
আহোয়াল	a h O y a l
আহ্	a h
আহ্ছানউল্লা	a h chh a n u l l a
আহ্ছানউল্লাহ	a h chh a n u l l a h o
আহ্ছানিয়া	a h chh a n i y a
আহ্নিক	a n n i k
আহ্বান	a O bh a n
আহ্বানই	a h o b a n i
আহ্বানও	a h o b a n O
আহ্বানকারি	a h o b a n k a r i
আহ্বানকারিদের	a h o b a n k a r i d e r
আহ্বানকারিরা	a h o b a n k a r i r a
আহ্বানকে	a h o b a n k e
আহ্বানে	a h o b a n e
আহ্বানের	a h o b a n e r
আহ্বায়ক	a h o b a y o k
আহ্বায়ককে	a h o b a y o k k e
আহ্বায়কদের	a h o b a y o k d e r
আহ্বায়কসহ	a h o b a y o k sh o h O
আহ্বায়কের	a h o b a y o k e r
আহ্মদ	a h m o d
আহ্মদকে	a h m o d k e
আহ্মদের	a h m o d e r
আহ্মেদ	a h m e d
আহ্লাদ	a h l a d
আহ্লাদিত	a h l a d i t O
আহ্লাদে	a h l a d e
আহ্লাদের	a h l a d e r
আহ্সান	a h sh a n
আহড়	a h o r
আড়	a r
আড়ং	a r o ng
আড়ংয়ে	a r o ng y e
আড়ংয়ের	a r o ng y e r
আড়ক	a r O k
আড়কাটি	a r k a T i
আড়খেমটা	a r kh e m T a
আড়খেয়া	a r kh e y a
আড়চোখ	a r ch O kh
আড়চোখে	a r ch O kh e
আড়ত	a r o t
আড়তগুলোতে	a r o t g u l O t e
আড়তদার	a r o t d a r
আড়তদারদের	a r o t d a r d e r
আড়তদারি	a r o t d a r i
আড়তদারের	a r o t d a r e r
আড়তদারেরা	a r o t d a r e r a
আড়তপট্টি	a r o t p o T T i
আড়তে	a r o t e
আড়তের	a r o t e r
আড়পাংগাশিয়া	a r p a ng g a sh i y a
আড়পার	a r p a r
আড়পাড়া	a r p a r a
আড়মোড়া	a r m O r a
আড়ম্বর	a r O mb o r
আড়ম্বরতার	a r o mb o r o t a r
আড়ম্বরপুর্ন	a r o mb o r o p u r n o
আড়ম্বরহিন	a r o mb o r o h i n
আড়ম্বরে	a r o mb o r e
আড়ম্বরের	a r o mb o r e r
আড়শ্ট	a r O sh T O
আড়শ্টতা	a r o sh T o t a
আড়া	a r a
আড়াআড়ি	a r a a r i
আড়াআড়িভাবে	a r a a r i bh a b e
আড়াই	a r a i
আড়াইওড়া	a r a i O r a
আড়াইটা	a r a i T a
আড়াইটার	a r a i T a r
আড়াইটায়	a r a i T a y
আড়াইপাড়া	a r a i p a r a
আড়াইশ	a r a i sh
আড়াইসিধা	a r a i sh i dh a
আড়াইহাজার	a r a i h a j a r
আড়াইহাজারে	a r a i T a h a j a r e
আড়াইহাজারের	a r a i T a h a j a r e r
আড়াঠেকা	a r a Th A k a
আড়ানা	a r a n a
আড়ানি	a r a n i
আড়াপাড়া	a r a p a r a
আড়ার	a r a r
আড়াল	a r a l
আড়ালিয়া	a r a l i y a
আড়ালে	a r a l e
আড়ালেই	a r a l e i
আড়ালেও	a r a l e O
আড়ালের	a r a l e r
আড়াসি	a r a sh i
আড়ি	a r i
আড়িখোলা	a r i kh O l a
আড়িপাতা	a r i p a t a
আড়িপাতার	a r i p a t a r
আড়িয়ল	a r i y o l
আড়িয়াল	a r i y a l
আড়িয়ালখায়	a r i y a l kh a y
আড়ুয়া	a r u y a
আড়ে	a r e
আয়	a y
আয়ই	a y i
আয়ও	a y O
আয়করই	a y o k o r i
আয়করও	a y o k o r O
আয়করকে	a y o k o r k e
আয়করদাতা	a y o k o r d a t a
আয়করদাতাদের	a y o k o r d a t a d e r
আয়করদাতার	a y o k o r d a t a r
আয়করবিশয়ক	a y o k o r b i sh o y o k
আয়করমুক্ত	a y o k o r m u kt o
আয়করসংক্রান্ত	a y o k o r sh o ng kr a nt o
আয়করসহ	a y o k o r sh o h O
আয়করে	a y o k o r e
আয়করের	a y o k o r e r
আয়কে	a y k e
আয়কেই	a y k e i
আয়টা	a y T a
আয়ত	a y o t O
আয়তক্ষেত্রের	a y o t kkh e tr e r
আয়তনে	a y o t o n e
আয়তনের	a y O t O n e r
আয়তাকার	a y o t a k a r
আয়তি	a y O t i
আয়ত্ত	a y O tt O
আয়ত্তাধিন	a y o tt a dh i n
আয়ত্তে	a y o tt e
আয়ত্তের	a y o tt e r
আয়ন	a y O n
আয়নাগুলো	a y n a g u l O
আয়নাটা	a y n a T a
আয়নাতে	a y n a t e
আয়নার	a y n a r
আয়নাল	a y n a l
আয়নালকে	a y n a l k e
আয়নালের	a y n a l e r
আয়নায়	a y n a y
আয়নুল	a y n u l
আয়নের	a y o n e r
আয়ন্দা	a y o nd a
আয়প্রবাহ	a y pr o b a h
আয়ব	a y o b
আয়বর্ধক	a y b o r dh o k
আয়বহির্ভুত	a y b o h i r bh u t
আয়বোইশম্য	a y b oi sh o m m o
আয়মন	a y m o n
আয়মান	a y m a n
আয়মাল	a y m a l
আয়মুলক	a y m u l o k
আয়র	a y O r
আয়রন	a y r o n
আয়রনের	a y r o n e r
আয়রোজগার	a y r O j g a r
আয়ল	a y o l o
আয়লা	a y l a
আয়শা	a y sh a
আয়শাকে	a y sh a k e
আয়শার	a y sh a r
আয়স	a y o sh
আয়সহ	a y sh o h O
আয়সিমা	a y sh i m a
আয়স্ত্রি	a y o s t r i
আয়া	a y a
আয়াক্স	a y a k s o
আয়াক্সের	a y a k s e r
আয়াজ	a y a j
আয়াত	a y a t
আয়াতউল্লাহ	a y a t u l l a h
আয়াতুল্লাহ	a y a t u l l a h
আয়াতে	a y a t e
আয়াতের	a y a t e r
আয়াম	a y a m
আয়ার	a y a r
আয়ারল্যান্ড	a y a r l A n D
আয়ারল্যান্ডও	a y a r l A n D O
আয়ারল্যান্ডকে	a y a r l A n D k e
আয়ারল্যান্ডে	a y a r l A n D e
আয়ারল্যান্ডের	a y a r l A n D e r
আয়ারের	a y a r e r
আয়ার্স	a y a r sh
আয়ার্সে	a y a r sh e
আয়ার্সের	a y a r sh e r
আয়াস	a y a sh
আয়ি	a y i
আয়ু	a y u
আয়ুও	a y u O
আয়ুদড়	a y u d o r
আয়ুধ	a y u dh
আয়ুব	a y u b
আয়ুবুর	a y u b u r
আয়ুবের	a y u b e r
আয়ুর	a y u r
আয়ুর্বেদিক	a y u r b e d i k
আয়ুশ্কাল	a y u sh k a l
আয়ুশ্মতি	a y u sh m O t i
আয়ুশ্মান	a y u sh m a n
আয়ুশ্য	a y u sh sh O
আয়ে	a y e
আয়েই	a y e i
আয়েও	a y e O
আয়েজ	a y e j
আয়েজিত	a y e j i t o
আয়েতুন	a y e t u n
আয়েন্দে	a y e nd e
আয়েন্দের	a y e nd e r
আয়েবা	a y e b a
আয়ের	a y e r
আয়েরও	a y e r O
আয়েশ	a y e sh
আয়েশা	a y e sh a
আয়েশাকে	a y e sh a k e
আয়েশার	a y e sh a r
আয়েশি	a y e sh i
আয়েশে	a y e sh e
আয়েশের	a y e sh e r
আয়োগ	a y O g
আয়োজক	a y O j o k
আয়োজকদের	a y O j o k d e r
আয়োজকের	a y O j o k e r
আয়োজকেরা	a y O j o k e r a
আয়োজন	a y O j o n
আয়োজনই	a y O j o n i
আয়োজনও	a y O j o n O
আয়োজনকারি	a y O j o n k a r i
আয়োজনকে	a y O j o n k e
আয়োজনটা	a y O j o n T a
আয়োজনটাই	a y O j o n T a i
আয়োজনটি	a y O j o n T i
আয়োজনটিকে	a y O j o n T i k e
আয়োজনটির	a y O j o n T i r
আয়োজনসহ	a y O j o n sh o h O
আয়োজনে	a y O j o n e
আয়োজনেই	a y O j o n e i
আয়োজনেও	a y O j o n e O
আয়োজনের	a y O j o n e r
আয়োজনেরও	a y O j o n e r O
আয়োজিত	a y O j i t O
আয়োডিন	a y O D i n
আয়োডিনজুক্ত	a y O D i n j u kt o
আয়োডিনের	a y O D i n e r
আ–	a
আ–তু	a t u
ই	i
ই-মেইল	i m e i l
ই-মেইলের	i m e i l e r
ইংকজেট	i ng k j e T | i sh k o j e T
ইংগ	i ng g o
ইংগবংগ	i ng g O b o ng g O
ইংগিত	i ng g i t
ইংগিতই	i ng g i t o i
ইংগিতও	i ng g i t O
ইংগিতকে	i ng g i t k e
ইংগিতটা	i ng g i t T a
ইংগিতটি	i ng g i t T i
ইংগিতপুর্ন	i ng g i t p u r n o
ইংগিতবহ	i ng g i t b o h
ইংগিতবাহি	i ng g i t b a h i
ইংগিতে	i ng g i t e
ইংগিতেই	i ng g i t e i
ইংগিতের	i ng g i t e r
ইংরাজ	i ng r a j
ইংরাজি	i ng r a j i
ইংরেজদের	i ng r e j d e r
ইংরেজরা	i ng r e j r a
ইংরেজি	i ng r e j i
ইংরেজিই	i ng r e j i i
ইংরেজিও	i ng r e j i O
ইংরেজিকে	i ng r e j i k e
ইংরেজিটা	i ng r e j i T a
ইংরেজিতেই	i ng r e j i t e i
ইংরেজিতেও	i ng r e j i t e O
ইংরেজিভাশি	i ng r e j i bh a sh i
ইংরেজির	i ng r e j i r
ইংরেজিসহ	i ng r e j i sh o h O
ইংরেজের	i ng r e j e r
ইংলাক	i ng l a k
ইংলাককে	i ng l a k k e
ইংলাকের	i ng l a k e r
ইংলিশ	i ng l i sh
ইংলিশদের	i ng l i sh d e r
ইংলিশম্যান	i ng l i sh m A n
ইংলিশরা	i ng l i sh r a
ইংল্যান্ডই	i ng l A n D i
ইংল্যান্ডও	i ng l A n D O
ইংল্যান্ডকে	i ng l A n D k e
ইংল্যান্ডকেই	i ng l A n D k e i
ইংল্যান্ডে	i ng l A n D e
ইংল্যান্ডেই	i ng l A n D e i
ইংল্যান্ডেও	i ng l A n D e O
ইংল্যান্ডের	i ng l A n D e r
ইংল্যান্ডেরই	i ng l A n D e r o i
ইংল্যান্ডেরও	i ng l A n D e r o O
ইঃ	i h
ইঅন	i o n
ইআই	i a i
ইআইইউ	i a i i u
ইআইএফ	i a i e ph
ইআর	i a r
ইআরএফ	i a r e ph
ইআরএফের	i a r e ph e r
ইআরএল	i a r e l
ইআরজি	i a r j i
ইআরডি	i a r D i
ইআরডির	i a r D i r
ইআরপি	i a r p i
ইইই	i i i
ইইউ	i i u
ইইউকে	i i u k e
ইইউতে	i i u t e
ইইউভুক্ত	i i u bh u kt o
ইইউর	i i u r
ইইউয়ের	i i u y e r
ইইএফ	i i e ph
ইইএফের	i i e ph e r
ইইজেড	i i j e D
ইইডি	i i D i
ইইসিএস	i i s i e s
ইউ	i u
ইউআইইউ	i u a i i u
ইউআইএসসি	i u a i e s s i
ইউআইএসসিতে	i u a i e s s i t e
ইউআইএসসির	i u a i e s s i r
ইউআইটিএস	i u a i T i e s
ইউআইসি	i u a i s i
ইউআরএল	i u a r e l
ইউএ	i u e
ইউএআরএস	i u e a r e s
ইউএই	i u e i
ইউএইতে	i u e i t e
ইউএইর	i u e i r
ইউএন	i u e n
ইউএনআই	i u e n a i
ইউএনইপি	i u e n i p i
ইউএনইপির	i u e n i p i r
ইউএনএইচসিআর	i u e n e i ch s i a r
ইউএনএইচসিআরের	i u e n e i ch s i a r e r
ইউএনএইডসের	i u e n e i D o sh e r
ইউএনএফপি	i u e n e ph p i
ইউএনএফপিএ	i u e n e ph p i e
ইউএনএফপিএর	i u e n e ph p i e r
ইউএনএফসিসি	i u e n e ph s i s i
ইউএনএফসিসিসির	i u e n e ph s i s i s i r
ইউএনও	i u e n O
ইউএনওকে	i u e n O k e
ইউএনওডিসি	i u e n O D i s i
ইউএনওদের	i u e n O d e r
ইউএনওর	i u e n O r
ইউএনওরা	i u e n O r a
ইউএনওসহ	i u e n O sh o h O
ইউএনডিপি	i u e n D i p i
ইউএনডিপির	i u e n D i p i r
ইউএনডিপিসহ	i u e n D i p i sh o h O
ইউএনবি	i u e n b i
ইউএনবিকে	i u e n b i k e
ইউএনবির	i u e n b i r
ইউএনভি	i u e n bh i
ইউএফজে	i u e ph j e
ইউএফডিএডি	i u e ph D i e D i
ইউএমএল	i u e m e l
ইউএমএলের	i u e m e l e r
ইউএমপি	i u e m p i
ইউএমপির	i u e m p i r
ইউএস	i u e s
ইউএসএ	i u e s e
ইউএসএআইডি	i u e s e a i D i
ইউএসএআইডির	i u e s e a i D i r
ইউএসএইড	i u e sh e i D
ইউএসএইডের	i u e sh e i D e r
ইউএসএর	i u e s e r
ইউএসএস	i u e s e s
ইউএসএসডি	i u e s e s D i
ইউএসজিএস	i u e s j i e s
ইউএসজিএসের	i u e s j i e s e r
ইউএসটিআর	i u e s T i a r
ইউএসটিসি	i u e s T i s i
ইউএসটিসির	i u e s T i s i r
ইউএসডিএ	i u e s D i e
ইউএসডিএর	i u e s D i e r
ইউএসডিপি	i u e s D i p i
ইউএসডিপির	i u e s D i p i r
ইউএসবি	i u e s b i
ইউএসবিটি	i u e s b i T i
ইউএসবির	i u e s b i r
ইউএসি	i u e sh i
ইউওবি	i u O b i
ইউকি	i u k i
ইউকিও	i u k i O
ইউকিয়া	i u k i y a
ইউকিয়ো	i u k i y O
ইউকে	i u k e
ইউকেটে	i u k e T e
ইউকেবিএ	i u k e b i e
ইউকের	i u k e r
ইউকো	i u k O
ইউক্যালিপটাস	i u k A l i p T a sh
ইউক্যালিপটাসের	i u k k a l i p o T a sh e r
ইউক্যাশ	i u k A sh
ইউক্যাশে	i u k A sh e
ইউক্যাশের	i u k A sh e r
ইউক্রেইন	i u kr e i n
ইউক্রেইনে	i u kr e i n e
ইউক্রেইনের	i u kr e i n e r
ইউক্রেন	i u kr e n
ইউক্রেনকে	i u kr e n k e
ইউক্রেনে	i u kr e n e
ইউক্রেনের	i u kr e n e r
ইউক্লিড	i u kl i D
ইউক্লিডের	i u kl i D e r
ইউগভ	i u g o bh
ইউগানভ	i u g a n o bh
ইউচেং	i u ch e ng
ইউছুপ	i u chh u p
ইউছুফ	i u sh u ph
ইউজ	i u j
ইউজার	i u j a r
ইউজারনেম	i u j a r n e m
ইউজারস	i u j a r sh
ইউজারের	i u j a r e r
ইউজার্স	i u j a r sh
ইউজিটিটি	i u j i T i T i
ইউজিন	i u j i n
ইউজিসি	i u j i s i
ইউজিসিও	i u j i s i O
ইউজিসিকে	i u j i s i k e
ইউজিসিতে	i u j i s i t e
ইউজিসির	i u j i s i r
ইউজেএমএস	i u j e e m e s
ইউজেস	i u j e sh
ইউটা	i u T a
ইউটার্ন	i u T a r n
ইউটি	i u T i
ইউটিউব	i u T i u b
ইউটিউবসহ	i u T i u b sh o h O
ইউটিউবে	i u T i u b e
ইউটিউবেও	i u T i u b e O
ইউটিউবের	i u T i u b e r
ইউটিএফ	i u T i e ph
ইউটিভি	i u T i bh i
ইউটিভির	i u T i bh i r
ইউটিলাইজেশন	i u T i l a i j e sh o n
ইউটিলিটি	i u T i l i T i
ইউটোপিয়ান	i u T O p i y a n
ইউডা	i u D a
ইউডি	i u D i
ইউডিআরএস	i u D i a r e s
ইউডিএফ	i u D i e ph
ইউডিসি	i u D i s i
ইউধোইয়োনো	i u dh O i y O n O
ইউন	i u n
ইউনাইটেড	i u n a i T e D
ইউনাইটেডও	i u n a i T e D o O
ইউনাইটেডকে	i u n a i T e D k e
ইউনাইটেডে	i u n a i T e D e
ইউনাইটেডের	i u n a i T e D e r
ইউনান	i u n a n
ইউনানি	i u n a n i
ইউনি	i u n i
ইউনিএইড	i u n i e i D
ইউনিক	i u n i k
ইউনিকোড	i u n i k O D
ইউনিক্রেডিট	i u n i kr e D i T
ইউনিট	i u n i T
ইউনিটও	i u n i T O
ইউনিটকে	i u n i T k e
ইউনিটগুলো	i u n i T g u l O
ইউনিটগুলোকে	i u n i T g u l O k e
ইউনিটগুলোর	i u n i T g u l O r
ইউনিটটি	i u n i T T i
ইউনিটপ্রতি	i u n i T pr o t i
ইউনিটভুক্ত	i u n i T bh u kt o
ইউনিটি	i u n i T i
ইউনিটিতে	i u n i T i t e
ইউনিটির	i u n i T i r
ইউনিটে	i u n i T e
ইউনিটের	i u n i T e r
ইউনিট্রেন্ড	i u n i T r e n D
ইউনিপে	i u n i p e
ইউনিপেটুইউ	i u n i p e T u i u
ইউনিপেটুইউতে	i u n i p e T u i u t e
ইউনিপেটুইউর	i u n i p e T u i u r
ইউনিপেটুইউয়ের	i u n i p e T u i u y e r
ইউনিপের	i u n i p e r
ইউনিফর্ম	i u n i ph o r m
ইউনিফর্মের	i u n i ph o r m e r
ইউনিফাইড	i u n i ph a i D
ইউনিফায়েড	i u n i ph a y e D
ইউনিবিজয়	i u n i b i j o y
ইউনিভারসিটির	i u n i bh a r sh i T i r
ইউনিভার্স	i u n i bh a r sh
ইউনিভার্সাল	i u n i bh a r sh a l
ইউনিভার্সিটি	i u n i bh a r sh i T i
ইউনিভার্সিটিজ	i u n i bh a r sh i T i r
ইউনিভার্সিটিতে	i u n i bh a r sh i T i t e
ইউনিভার্সিটির	i u n i bh a r sh i T i r
ইউনিভার্সিটিসহ	i u n i bh a r sh i T i sh o h O
ইউনিভার্সের	i u n i bh a r sh e r
ইউনিভার্সেল	i u n i bh a r sh e l
ইউনির	i u n i r
ইউনিলিভার	i u n i l i bh a r
ইউনিলিভারের	i u n i l i bh a r e r
ইউনিস	i u n i sh
ইউনিসকে	i u n i sh k e
ইউনিসেফ	i u n i sh e ph
ইউনিসেফের	i u n i sh e ph e r
ইউনিসের	i u n i sh e r
ইউনিয়ন	i u n i y o n
ইউনিয়নই	i u n i y o n i
ইউনিয়নও	i u n i y o n O
ইউনিয়নকে	i u n i y o n k e
ইউনিয়নগুলো	i u n i y o n g u l O
ইউনিয়নগুলোর	i u n i y o n g u l O r
ইউনিয়নজুড়ে	i u n i y o n j u r e
ইউনিয়নটির	i u n i y o n T i r
ইউনিয়নবাসি	i u n i y o n b a sh i
ইউনিয়নবাসির	i u n i y o n b a sh i r
ইউনিয়নভিত্তিক	i u n i y o n bh i tt i k
ইউনিয়নভুক্ত	i u n i y o n bh u kt o
ইউনিয়নসহ	i u n i y o n sh o h O
ইউনিয়নে	i u n i y o n e
ইউনিয়নেই	i u n i y o n e i
ইউনিয়নেও	i u n i y o n e O
ইউনিয়নের	i u n i o n e r
ইউনিয়নেরও	i u n i y o n e r O
ইউনুচ	i u n u ch
ইউনুছ	i u n u chh
ইউনুস	i u n u sh
ইউনুসই	i u n u sh i
ইউনুসও	i u n u sh O
ইউনুসকে	i u n u sh k e
ইউনুসসহ	i u n u sh sh o h O
ইউনুসের	i u n u sh e r
ইউনুস্কো	i u n u s k O
ইউনেসকো	i u n e sh k O
ইউনেসকোকে	i u n e sh k O k e
ইউনেসকোর	i u n e sh k O r
ইউনেস্কো	i u n e s k O
ইউনেস্কোর	i u n e s k O r
ইউপি	i u p i
ইউপিএ	i u p i e
ইউপিএফএ	i u p i e ph e
ইউপিএর	i u p i e r
ইউপিএল	i u p i e l
ইউপিএস	i u p i e s
ইউপিএসের	i u p i e s e r
ইউপিডিএফ	i u p i D i e ph
ইউপিডিএফকে	i u p i D i e ph k e
ইউপিডিএফের	i u p i D i e ph e r
ইউপিতে	i u p i t e
ইউপির	i u p i r
ইউবি	i u b i
ইউবিএল	i u b i e l
ইউবিসি	i u b i s i
ইউবিসির	i u b i s i r
ইউভি	i u bh i
ইউভেন্তুস	i u bh e nt u sh
ইউভেন্তুসকে	i u bh e nt u sh k e
ইউভেন্তুসের	i u bh e nt u sh e r
ইউর	i u r
ইউরনেকিয়ান	i u r o n e k i y a n
ইউরাইবের	i u r a i b e r
ইউরি	i u r i
ইউরিক	i u r i k
ইউরিন	i u r i n
ইউরিয়া	i u r i y a
ইউরিয়ামিশ্রিত	i u r i y a m i sh r i t o
ইউরিয়ার	i u r i y a r
ইউরিয়াসহ	i u r i y a sh o h O
ইউরেকা	i u r e k a
ইউরেনাস	i u r e n a sh
ইউরেনিয়াম	i u r e n i y a m
ইউরেনিয়ামসমৃদ্ধ	i u r e n i y a m sh o m r i d dh o
ইউরেনিয়ামের	i u r e n i y a m e r
ইউরেশিয়া	i u r e sh i y a
ইউরোকন্ট্রোল	i u r O k n T r O l
ইউরোজোন	i u r O j O n
ইউরোজোনভুক্ত	i u r O j O n bh u kt O
ইউরোজোনে	i u r O j O n e
ইউরোজোনের	i u r O j O n e r
ইউরোতে	i u r O t e
ইউরোপই	i u r O p i
ইউরোপকে	i u r O p k e
ইউরোপজুড়ে	i u r O p j u r e
ইউরোপভিত্তিক	i u r O p bh i tt i k
ইউরোপসহ	i u r O p sh o h O
ইউরোপসেরার	i u r O p sh e r a r
ইউরোপা	i u r O p a
ইউরোপার	i u r O p a r
ইউরোপিয়	i u r O p i O | i u r O p i y o
ইউরোপিয়দের	i u r O p i y o d e r
ইউরোপিয়রা	i u r O p i y o r a
ইউরোপিয়ান	i u r O p i y a n
ইউরোপিয়ানদের	i u r O p i y a n d e r
ইউরোপে	i u r O p e
ইউরোপেই	i u r O p e i
ইউরোপেও	i u r O p e O
ইউরোপের	i u r O p e r
ইউরোবন্ড	i u r O b o n D o
ইউরোভুক্ত	i u r O bh u kt o
ইউরোর	i u r O r
ইউরোলজি	i u r O l o j i
ইউরোলজির	i u r O l o j i r
ইউরোলজিস্টদের	i u r O l o j i sh T o d e r
ইউরোয়	i u r O y
ইউলি	i u l i
ইউলিন	i u l i n
ইউল্যাব	i u l A b
ইউল্যাবের	i u l A b e r
ইউশু	i i sh u
ইউশুর	i u sh u r
ইউসিএস	i u s i e s
ইউসিবি	i u s i b i
ইউসিবিএল	i u s i b i e l
ইউসিবিএলের	i u s i b i e l e r
ইউসিবির	i u s i b i r
ইউসিসি	i u s i s i
ইউসুফ	i u sh u ph
ইউসুফও	i u sh u ph O
ইউসুফকে	i u sh u ph k e
ইউসুফগঞ্জ	i u sh u ph g o nj o
ইউসুফজাই	i u sh u ph j a i
ইউসুফপুর	i u sh u ph p u r
ইউসুফসহ	i u sh u ph sh o h O
ইউসুফি	i u sh u ph i
ইউসুফির	i u sh u ph i r
ইউসুফের	i u sh u ph e r
ইউসেপ	i u sh e p
ইউসেপের	i u sh e p e r
ইউসেফ	i u sh e ph
ইউসেবিও	i u sh e b i O
ইউসেবিওর	i u sh e b i O r
ইউয়ান	i u y a n
ইউয়ানের	i u y a n e r
ইউয়ের	i u y e r
ইএ	i e
ইএএস	i e e s
ইএক্স	i e k s O
ইএটিএল	i e T i e l
ইএনটি	i e n T i
ইএফ	i e ph
ইএফটি	i e ph T i
ইএফটির	i e ph T i r
ইএবি	i e b i
ইএম	i e m
ইএমআর	i e m a r
ইএমই	i e m i
ইএমইটি	i e m i T i
ইএমএস	i e m e s
ইএমবিএ	i e m b i e
ইএলসিডি	i e l s i D i
ইএস	i e sh
ইএসআইএফ	i e s a i e ph
ইএসএ	i e s e
ইএসপিএন	i e s p i e n
ইএসপিএনের	i e s p i e n e r
ইওং	i O ng
ইওএস	i O e s
ইওন	i O n
ইওর	i O r
ইওয়াতে	i O y a t e
ইওয়ামি	i O y a m i
ইওয়ার	i O y a r
ইকতেদার	i k t e d a r
ইকনমিস্ট	i k o n o m i sh T
ইকনমিস্টের	i k o n o m i sh T e r
ইকনোমিক	i k o n O m i k
ইকনোমিকসের	i k o n O m i k o sh e r
ইকবালই	i k b a l i
ইকবালও	i k b a l O
ইকবালকেও	i k b a l k e O
ইকবালদের	i k b a l d e r
ইকবালরা	i k b a l r a
ইকবালসহ	i k b a l sh o h O
ইকবালুর	i k b a l u r
ইকবালের	i k b a l e r
ইকরা	i k r a
ইকরামউল্লাহ	i k r a m u l l a h
ইকরামকে	i k r a m k e
ইকরামুল	i k r a m u l
ইকরামুলের	i k r a m u l e r
ইকরামের	i k r a m e r
ইকরার	i k r a r
ইকসির	i k sh i r
ইকসুল	i k sh u l
ইকামত	i k a m o t
ইকামা	i k a m a
ইকার	i k a r
ইকারুসের	i k a r u sh e r
ইকুইটি	i k u i T i
ইকুইডিসট্যান্স	i k u i D i s T A n s
ইকুইনক্স	i k u i n o k s
ইকুইপমেন্ট	i k u i p m e n T
ইকুটি	i k u T i
ইকুরিয়া	i k u r i y a
ইকুয়াল	i k u y a l
ইকুয়ালিটি	i k u y a l i T i
ইকুয়েটরিয়াল	i k u y e T o r i y a l
ইকুয়েটোরিয়াল	i k u y e T O r i y a l
ইকুয়েডর	i k u y e D o r
ইকুয়েডরকে	i k u y e D o r k e
ইকুয়েডরে	i k u y e D o r e
ইকুয়েডরের	i k u y e D O r e r
ইকে	i k e
ইকেরাত	i k e r a t
ইকো	i k O
ইকোটেক্স	i k O T e k s
ইকোনমি	i k O n o m i
ইকোনমিক	i k O n O m i k
ইকোনমিকস	i k O n O m i k sh
ইকোনমিকসে	i k O n o m i k sh e
ইকোনমিকসের	i k O n o m i k sh e r
ইকোনমিক্স	i k O n O m i k s
ইকোনমিক্সে	i k O n o m i k s e
ইকোনমিস্টকে	i k O n o m i sh T o k e
ইকোনমিস্টে	i k O n o m i sh T e
ইকোনমিস্টের	i k O n o m i sh T e r
ইকোনো	i k O n O
ইকোনোমিক	i k O n O m i k
ইকোনোমিস্ট	i k O n O m i sh T
ইকোপার্ক	i k O p a r k
ইকোপার্কে	i k O p a r k e
ইকোপার্কের	i k O p a r k e r
ইকোলজি	i k O l o j i
ইকোসিস্টেম	i k O s i sh T e m
ইক্যুইটি	i k u i T i
ইক্যুইটিবিডি	i k k u i T i b i D i
ইক্যুইটিবিডির	i k k u i T i b i D i r
ইক্যুইটির	i k k u i T i r
ইক্যুইটেবল	i k k u i T e b o l
ইক্ষন	i kkh o n
ইক্ষু	i kkh u
ইক্ষ্বাকু	i kkh a k u
ইকড়ি–মিকড়ি	i k r i m i k r i
ইখতিলাফ	i kh t i l a ph
ইখতিয়ার	i kh t i y a r
ইখলাস	i kh l a sh
ইগনাসিও	i g n a sh i O
ইগনিশন	i g n i sh o n
ইগর	i g o r
ইগল	i g o l
ইগলু	i g l u
ইগলুর	i g l u r
ইগলের	i g o l e r
ইগলেসিয়াস	i g o l e sh i y a sh
ইগুয়াজু	i g u y a j u
ইচ	i ch
ইচা	i ch a
ইচিরো	i ch i r O
ইচ্ছাই	i ch chh a i
ইচ্ছাও	i ch chh a O
ইচ্ছাকৃত	i ch chh a k ri t O
ইচ্ছাকৃতভাবেই	i ch chh a k ri t O bh a b e i
ইচ্ছাকে	i ch chh a k e
ইচ্ছাগুলো	i ch chh a g u l O
ইচ্ছাটাকে	i ch chh a T a k e
ইচ্ছাটি	i ch chh a T i
ইচ্ছাতে	i ch chh a t e
ইচ্ছাতেই	i ch chh a t e i
ইচ্ছাধিন	i ch chh a dh i n
ইচ্ছানুজায়ি	i ch chh a n u j a y i
ইচ্ছানুসারে	i ch chh a n u sh a r e
ইচ্ছাপত্র	i ch chh a p o tr o
ইচ্ছাপুরন	i ch chh a p u r O n | i ch chh a p u r o n
ইচ্ছাপুরনে	i ch chh a p u r o n e
ইচ্ছাপুরনের	i ch chh a p u r o n e r
ইচ্ছামাফিক	i ch chh a m a ph i k
ইচ্ছারই	i ch chh a r o i
ইচ্ছাশক্তি	i ch chh a sh O kt i
ইচ্ছাশক্তির	i ch chh a sh O kt i r
ইচ্ছায়	i ch chh a y
ইচ্ছিত	i ch chh i t O
ইচ্ছুক	i ch chh u k
ইচ্ছুকদের	i ch chh u k d e r
ইচ্ছে	i ch chh e
ইচ্ছেই	i ch chh e i
ইচ্ছেও	i ch chh e O
ইচ্ছেটা	i ch chh e T a
ইচ্ছেটাও	i ch chh e T a O
ইচ্ছেতেই	i ch chh e t e i
ইচ্ছেপত্রে	i ch chh e p o tr e
ইচ্ছেমত	i ch chh e m O t O
ইচ্ছেমতো	i ch chh e m o t O
ইচ্ছেমাফিক	i ch chh e m a ph i k
ইছবগুল	i sh o b g u l
ইছলাম	i sh l a m
ইছহাক	i chh h a k
ইছা	i chh a
ইছাখালি	i chh a kh a l i
ইছাপুর	i chh a p u r
ইছাপুরা	i chh a p u r a
ইছামতির	i chh a m o t i r
ইছালি	i chh a l i
ইছাহাক	i chh a h a k
ইজ	i j
ইজতেমার	i j t e m a r
ইজতেমাস্থল	i j o t e m a sth o l
ইজতেমাস্থলে	i j o t e m a sth o l e
ইজতেমায়	i j o t e m a y
ইজমা	i j m a
ইজলাস	i j l a sh
ইজহার	i j h a r
ইজহারুল	i j h a r u l
ইজা	i j a
ইজাজ	i j a j
ইজাজের	i j a j e r
ইজাদ	i j a d
ইজাফা	i j a ph a
ইজাব	i j a b
ইজাবেলা	i j a b e l a
ইজার	i j a r
ইজারা	i j a r a
ইজারাও	i j a r a O
ইজারাকান্দি	i j a r a k a nd i
ইজারাগ্রহিতা	i j a r a gr o h i t a
ইজারাতন্ত্র	i j a r a t o n t r o
ইজারাদার	i j a r a d a r
ইজারাদারকে	i j a r a d a r k e
ইজারাদাররা	i j a r a d a r r a
ইজারাদারের	i j a r a d a r e r
ইজারাদারেরা	i j a r a d a r e r a
ইজারাবহির্ভুত	i j a r a b o h i r bh u t o
ইজারাভুক্ত	i j a r a bh u kt o
ইজারামুল্য	i j a r a m u l l o
ইজারার	i j a r a r
ইজারাসংক্রান্ত	i j a r a sh o ng kr a nt o
ইজারায়	i j a r a y
ইজারুল	i j a r u l
ইজাহার	i j a h a r
ইজি	i j i
ইজিএমের	i j i e m e r
ইজিচেয়ার	i j i ch e y a r
ইজিতে	i j i t e
ইজিপশিয়ান	i j i p sh i y a n
ইজিপি	i j i p i
ইজিপ্ট	i j i p T o
ইজিবর	i j i b o r
ইজিবাইক	i j i b a i k
ইজিবাইকে	i j i b a i k e
ইজির	i j i r
ইজেকুয়েল	i j e k u y e l
ইজের	i j e r
ইজ্জত	i j j O t
ইজ্জতে	i j j o t e
ইজ্জতের	i j j o t e r
ইঞ্চি	i nch i
ইঞ্চিও	i nch i O
ইঞ্চিতে	i nch i t e
ইঞ্চির	i nch i r
ইঞ্জি	i nj i
ইঞ্জিনও	i nj i n O
ইঞ্জিনচালিত	i nj i n ch a l i t O
ইঞ্জিনটা	i nj i n T a
ইঞ্জিনটি	i nj i n T i
ইঞ্জিনটির	i nj i n T i r
ইঞ্জিনবিশিশ্ট	i nj i n b i sh i sh T o
ইঞ্জিনবিহিন	i nj i n b i h i n
ইঞ্জিনরুম	i nj i n r u m o
ইঞ্জিনসহ	i nj i n sh o h O
ইঞ্জিনিয়ারদের	i nj i n i y a r d e r
ইঞ্জিনিয়ারিংয়ে	i n j i n i y a r i ng
ইঞ্জিনিয়ারিংয়ের	i nj i n i y a r i ng y e r
ইঞ্জিনিয়ারের	i nj i n i y a r e r
ইঞ্জিনিয়ার্স	i n j i n i y a r sh o
ইঞ্জিনিয়ার্সে	i n j i n i y a r sh e
ইঞ্জিনিয়ার্সের	i n j i n i y a r sh e r
ইঞ্জিনে	i nj i n e
ইঞ্জিনের	i nj i n e r
ইঞ্জিল	i nj i l
ইঞ্জুরি	i nj u r i
ইঞ্জেকশন	i nj e k sh o n
ইঞ্জেকশান	i nj e k sh a n
ইটখোলার	i T kh O l a r
ইটগুলো	i T g u l O
ইটটি	i T T i
ইটন	i T o n
ইটনের	i T o n e r
ইটপাটকেল	i T p a T k e l
ইটপাটকেলও	i T p a T k e l O
ইটপাটকেলে	i T p a T k e l e
ইটপাটকেলের	i T p a T k e l e r
ইটবাড়িয়া	i T b a r i y a
ইটভাটাও	i T bh a T a O
ইটভাটাকে	i T bh a T a k e
ইটভাটাগুলো	i T bh a T a g u l O
ইটভাটাগুলোতে	i T bh a T a O g u l O t e
ইটভাটাটি	i T bh a T a T i
ইটভাটার	i T bh a T a r
ইটভাটাসহ	i T bh a T a sh o h O
ইটভাটায়	i T bh a T a y
ইটলস	i T o l o sh
ইটলসে	i T o l o sh e
ইটলসের	i T o l o sh e r
ইটস	i T sh
ইটসহ	i T sh o h O
ইটসেলফ	i T sh e l o ph
ইটস্	i T sh
ইটা	i T a
ইটাখোলা	i T a kh O l a
ইটাখোলায়	i T a kh O l a y
ইটাপোতা	i T a p O t a
ইটার	i T a r
ইটারনাল	i T a r n a l
ইটাল	i T a l
ইটালিতে	i T a l i t e
ইটালির	i T a l i r
ইটালিয়ান্	i T a l i y a n
ইটালিয়ার	i T a l i y a r
ইটালিয়ায়	i T a l i y a y
ইটি	i T i
ইটিং	i T i ng
ইটিআইএম	i T i a i e m
ইটিই	i T i i
ইটিএল	i T i e l
ইটিএলের	i T i e l e r
ইটিপির	i T i p i r
ইটিভি	i T i bh i
ইটিভির	i T i bh i r
ইটিসি	i T i s i
ইটে	i T e
ইটেগাছা	i T e g a chh a
ইটের	i T e r
ইডকল	i D k o l
ইডকলের	i D k o l e r
ইডরা	i D r a
ইডরাকে	i D r a k e
ইডরার	i D r a r
ইডা	i D a
ইডি	i D i
ইডিএল	i D i e l
ইডিএলের	i D i e l e r
ইডিও	i D i O
ইডিজিই	i D i j i i
ইডিয়ট	i D i y o T
ইডিয়টস	i D i y o T sh
ইডেন	i D e n
ইডেনে	i D e n e
ইডেনের	i D e n e r
ইডোউ	i D O u
ইতঃক্ষিপ্ত	i t o kkh i p t O
ইতঃপর	i t p o r
ইতঃপুর্বে	i t O p u r b e
ইতনা	i t n a
ইতর	i t o r
ইতরবিশেশ	i t o r b i sh e sh
ইতস্তত	i t O st o t O
ইতার	i t a r
ইতাল	i t a l
ইতালি	i t a l i
ইতালিও	i t a l i O
ইতালিকে	i t a l i k e
ইতালিতে	i t a l i t e
ইতালিতেও	i t a l i t e O
ইতালিসহ	i t a l i sh o h O
ইতালিয়	i t a l i y O
ইতালিয়দের	i t a l i y d e r
ইতালিয়রা	i t a l i y r a
ইতালিয়া	i t a l i y a
ইতালিয়ান	i t a l i y a n
ইতি	i t i
ইতিকথা	i t i k o th a
ইতিকাদ	i t i k a d
ইতিকাফ	i t i k a ph
ইতিকাফকারি	i t i k a ph k a r i
ইতিকাফে	i t i k a ph e
ইতিকাফের	i t i k a ph e r
ইতিপুর্বে	i t i p u r b e
ইতিপুর্বেই	i t i p u r b e i
ইতিপুর্বেও	i t i p u r b e O
ইতিপুর্বের	i t i p u r b e r
ইতিফাক	i t i ph a k
ইতিবাচকই	i t i b a ch o k i
ইতিবাচকতা	i t i b a ch o k o t a
ইতিবাচকভাবে	i t i b a ch O k bh a b e
ইতিবাচকভাবেই	i t i b a ch o k bh a b e i
ইতিবার	i t i b a r
ইতিবৃত্ত	i t i b ri tt O
ইতিমধ্যে	i t i m O d dh e
ইতিমধ্যেই	i t i m O d dh e i
ইতিমনি	i t i m o n i
ইতিমনির	i t i m o n i r
ইতির	i t i r
ইতিরাজ	i t i r a j
ইতিশা	i t i sh a
ইতিহ	i t i h
ইতিহাদ	i t i h a d o
ইতিহাসই	i t i h a sh i
ইতিহাসও	i t i h a sh O
ইতিহাসকে	i t i h a sh k e
ইতিহাসখ্যাত	i t i h a sh kh A t o
ইতিহাসচর্চা	i t i h a sh ch o r ch a
ইতিহাসচর্চার	i t i h a sh ch o r ch a r
ইতিহাসটাও	i t i h o sh T a O
ইতিহাসটি	i t i h a sh T i
ইতিহাসবিদের	i t i h a sh b i d e r
ইতিহাসবিশয়ক	i t i h a sh b i sh o y o k
ইতিহাসভিত্তিক	i t i h a sh bh i tt i k
ইতিহাসসমৃদ্ধ	i t i h a sh sh o m r i d dh o
ইতিহাসে	i t i h a sh e
ইতিহাসেই	i t i h a sh e i
ইতিহাসেও	i t i h a sh e O
ইতিহাসের	i t i h a sh e r
ইতিহাসেরই	i t i h a sh e r i
ইতিহাসেরও	i t i h a sh e r O
ইতিয়ারা	i t i y a r a
ইতুমেলেং	i t u m e l e ng
ইতো	i t O
ইতোকাওয়া	i t O k a O y a
ইতোকে	i t O k e
ইতোপুর্বে	i t O p u r b e
ইতোমধ্যেই	i t O m O d dh e i
ইতোর	i t O r
ইত্তিফাক	i tt i ph a k
ইত্তিলা	i tt i l a
ইত্তিহাদ	i tt i h a d
ইত্তেফাক	i tt e ph a k
ইত্তেফাকসহ	i tt e ph a k sh o h O
ইত্তেফাকে	i tt e ph a k e
ইত্তেফাকের	i tt e ph a k e r
ইত্তেহাদ	i tt e h a d
ইত্যকার	i t t o k a r
ইত্যদি	i t t o d i
ইত্যনুসারে	i t t O n u sh a r e
ইত্যবসরে	i t t o b o sh o r e
ইত্যাকার	i t t a k a r
ইত্যাদি	i t t a d i
ইত্যাদিও	i t t a d i O
ইত্যাদিতে	i t t a d i t e
ইত্যাদিতেও	i t t a d i t e O
ইত্যাদির	i t t a d i r
ইত্যাদিসহ	i t t a d i sh o h O
ইথান	i th a n
ইথানল	i th a n o l
ইথারনেট	i th a r n e T
ইথারে	i th a r e
ইথালিন	i th a l i n
ইথিওপিয়	i th i O p i y O
ইথিওপিয়া	i th i O p i y a
ইথিওপিয়ান	i th i O p i y a n
ইথিওপিয়ার	i th i O p i a r
ইথিওপিয়াসহ	i th i O p i y a sh o h O
ইথিওপিয়ায়	i th i O p i y a y
ইথিলিন	i th i l i n
ইথে	i th o i
ইথেন	i th e n
ইথেফন	i th e ph o n
ইথোফেন	i th O ph e n
ইথোফেনের	i th O ph e n e r
ইথ্রি	i th ri r i
ইদ	i d
ইদই	i d i
ইদও	i d O
ইদকার্ড	i d k a r D
ইদকার্ডের	i d k a r D e r
ইদকে	i d k e
ইদকেন্দ্রিক	i d k e nd ri k
ইদগা	i d g a
ইদগাও	i d g a O
ইদগাহ	i d g a h
ইদগাহে	i d g a h e
ইদগাহের	i d g a h e r
ইদজাত্রা	i d j a tr a
ইদজাত্রার	i d j a tr a r
ইদটা	i d T a
ইদনানি	i d n a n i
ইদবস্ত্র	i d b o s t r O
ইদবাজার	i d b a j a r
ইদবাজারে	i d b a j a r e
ইদবোনাস	i d b O n a sh
ইদমেলা	i d m A l a
ইদরিস	i d r i sh o
ইদলিব	i d l i b
ইদলিবে	i d l i b e
ইদসংখ্যা	i d sh o ng kh a
ইদসহ	i d sh o h O
ইদানিং	i d a n i ng
ইদানিংকালে	i d a n i ng k a l e
ইদানিংকালের	i d a n i ng k a l e r
ইদারা	i d a r a
ইদি	i d i
ইদিলপুর	i d i l p u r
ইদুর	i d u r
ইদুরও	i d u r O
ইদুরকানি	i d u r k a n i
ইদুরকে	i d u r k e
ইদুরটা	i d u r T a
ইদুরটি	i d u r T i
ইদুরটিকে	i d u r T o k e
ইদুরদোউড়ে	i d u r d O u r e
ইদুরহাটি	i d u r h a T i
ইদুরে	i d u r e
ইদুরের	i d u r e r
ইদুল	i d u l
ইদে	i d e
ইদেই	i d e i
ইদেও	i d e O
ইদের	i d e r
ইদ্রাকপুর	i d r a k p u r
ইদ্রিচ	i d r i ch
ইদ্রিস	i d r i sh
ইদ্রিসকে	i d r i sh k e
ইদ্রিসুর	i d r i sh u r
ইদ্রিসের	i d r i sh e r
ইন	i n
ইনকরপোরেট	i n k o r p O r e T
ইনকরপোরেটেড	i n k o r p O r e T e D
ইনকরপোরেটেডের	i n k o r p O r e T e D e r
ইনকরপোরেটের	i n k o r p O r e T e r
ইনকরপোরেশন	i n k o r p O r e sh o n
ইনকরপোরেশনের	i n k o r p O r e sh o n e r
ইনকাদের	i n k a d e r
ইনকামিং	i n k a m i ng
ইনকামের	i n k a m e r
ইনকিউবেটর	i n k i u b e T o r
ইনকিউবেটরে	i n k i u b e T O r e
ইনকিউবেটরের	i n k i u b e T o r e r
ইনকিলাব	i n k i l a b
ইনকিলাবের	i n k i l a b e r
ইনকোর্স	i n k O r sh o
ইনকোয়ারি	i n k O y a r i
ইনক্রিমেন্ট	i n k ri m e n T
ইনক্রিমেন্টের	i n k ri m e n T e r
ইনক্লুশন	i n k o l u sh o n
ইনক্লুসিভ	i n k o l u sh i bh
ইনগ্রাম	i n gr a m
ইনগ্রামকে	i n gr a m k e
ইনগ্রামের	i n gr a m e r
ইনগ্রিড	i n gr i D
ইনচন	i n ch o n
ইনচনে	i n ch o n e
ইনচনের	i n ch o n e r
ইনচার্জ	i n ch a r j
ইনচার্জসহ	i n ch a r j sh o h O
ইনচার্জের	i n ch a r j e r
ইনচিয়ন	i n ch i y o n
ইনছান	i n chh a n
ইনছার	i n chh a r
ইনজাংশন	i n j a ng sh o n
ইনজাগির	i n j a g i r
ইনজাঘি	i n j a gh i
ইনজামাম	i n j a m a m
ইনজামুল	i n j a m u l
ইনজাস্টিস	i n j a s T i s
ইনজিল	i n j i l o
ইনজুরি	i n j u r i
ইনজুরিই	i n j u r i i
ইনজুরিও	i n j u r i O
ইনজুরিকে	i n j u r i k e
ইনজুরিটা	i n j u r i T a
ইনজুরিতে	i n j u r i t e
ইনজুরিমুক্ত	i n j u r i m u kt o
ইনজুরির	i n j u r i r
ইনজুরিস	i n j u r i s
ইনজেকটেবল	i n j e k T e b o l
ইনজেকশনও	i n j e k sh o n O
ইনজেকশনের	i n j e k sh O n e r
ইনজেট	i n j e T
ইনটিগ্রেটেড	i n T i gr e T e D o
ইনটিরিয়র	i n T i r i y o r
ইনটু	i n T u
ইনটেক	i n T e k
ইনটেনসিভ	i n T e n s i bh
ইনটেরিয়র	i n T e r i y o r
ইনটেল	i n T e l
ইনটেলিজেন্স	i n T e l i j e n s
ইনটেলিজেন্সের	i n T e l i j e n s e r
ইনটেলেকচুয়াল	i n T e l e k ch u y a l
ইনটেলের	i n T e l e r
ইনডিকেটর	i n D i k e T o r
ইনডিজিনাস	i n D i j i n a s
ইনডিজেনাস	i n D i j e n a s
ইনডিপেনডেন্ট	i n D i p e n D e n T
ইনডিপেনডেন্টের	i n D i p e n D e n T e r
ইনডিপেনডেন্স	i n D i p e n D e n s o
ইনডিপেন্ডেন্ট	i n D i p e n D e n T
ইনডিপেন্ডেন্টের	i n D i p e n D e n T e r
ইনডিপেন্ডেন্স	i n D i p e n D e n s o
ইনডেক্স	i n D e k s
ইনডেমনিটি	i n D e m n i T i
ইনডেস্ক	i n D e s k
ইনডোর	i n D O r
ইনডোরে	i n D O r e
ইনতিকাল	i n t i k a l
ইনপুট	i n p u T
ইনপেইস	i n p e i sh
ইনপেস	i n p e sh o
ইনফরমার	i n ph o r m a r
ইনফরমাল	i n ph o r m a l
ইনফরমেটিকস	i n ph o r o m e T i k s
ইনফরমেটিক্স	i n ph o r o m e T i k s
ইনফরমেশন	i n ph o r m e sh O n
ইনফরমেশনের	i n ph o r m e sh o n e r
ইনফর্মাল	i n ph o r m a l
ইনফিউশন	i n ph i u sh o n
ইনফিউশনস	i n ph i u sh O n sh
ইনফিউশনের	i n ph i u sh o n e r
ইনফিনিটল্যাটিচ্যুড	i n ph i n i T l A T i ch ch u D
ইনফিনিটি	i n ph i n i T i
ইনফেকশন	i n ph e k sh o n
ইনফেকশনে	i n ph e k sh o n e
ইনফেকশনের	i n ph e k sh O n e r
ইনফেকশাস	i n ph e k sh a s
ইনফো	i n ph O
ইনফোকম	i n ph O k o m
ইনফোটেক	i n ph O T e k
ইনফোটেকের	i n ph O T e k e r
ইনফোসিস	i n ph O s i s
ইনফোসিসের	i n ph O s i s e r
ইনফ্রা	i n ph r a
ইনফ্রারেড	i n ph r a r e D
ইনফ্লুয়েঞ্জা	i n ph o l u y e nj a
ইনফ্লুয়েঞ্জার	i n ph o l u y e n j a
ইনফ্লুয়েঞ্জায়	i n ph o l u y e nj a y
ইনবক্সে	i n b o k s e
ইনবক্সের	i n b o k s e r
ইনবিল্ট	i n b i l T
ইনভাইট	i n bh a i T
ইনভার্টার	i n bh a r T a r
ইনভেলাপ	i n bh e l a p
ইনভেস্টমেন্ট	i n bh e sh T m e n T
ইনভেস্টমেন্টস	i n bh e sh T m e n T sh
ইনভেস্টমেন্টসের	i n bh e sh T m e n T s e r
ইনভেস্টর	i n bh e sh T r
ইনভেস্টরস	i n bh e sh T r sh
ইনভেস্টিগেটর	i n bh e sh T i g e T o r
ইনভেস্টিগেটিভ	i n bh e sh T i g e T i bh
ইনভেস্টিগেশনের	i n bh e sh T i g e sh o n e r
ইনভয়েস	i n bh o y e s
ইনভয়েসিং	i n bh o y e s i ng
ইনভয়েসিংয়ের	i n bh o y e s i ng y e r
ইনভয়েসের	i n bh o y e s e r
ইনভয়েস্	i n bh o y e s
ইনল্যান্ড	i n l A n D
ইনশা	i n sh a
ইনশাআল্লাহ	i n sh a a l l a h
ইনশাল্লাহ	i n sh a l l a h
ইনশাল্লাহ্	i n sh a l l a h
ইনশিওরেন্স	i n s i O r e n s
ইনস	i n sh
ইনসপায়ার	i n sh p a y a r
ইনসমনিয়া	i n sh o m n i y a
ইনসরালদে	i n sh r a l o d e
ইনসলভেন্ট	i n s o l bh e n T
ইনসাইটের	i n sh a i T e r
ইনসাইড	i n sh a i D
ইনসাইডার	i n sh a i D a r
ইনসান	i n sh a n
ইনসাফ	i n sh a ph
ইনসাফের	i n sh a ph e r
ইনসাব	i n sh a b
ইনসার্জেন্ট	i n s a r j e n T
ইনসার্জেন্সি	i n s a r j e n s i
ইনসিওরেন্স	i n s i O r e n s
ইনসিডিন	i n sh i D i n
ইনসুইং	i n sh u i ng
ইনসুইংগারে	i n sh u i ng g a r e
ইনসুলিন	i n sh u l i n
ইনসুলিনের	i n sh u l i n e r
ইনসেটে	i n sh e T e
ইনসেনটিভ	i n sh e n T i bh
ইনসেপশন	i n sh e p sh o n
ইনসেপ্টা	i n sh e p T a
ইনসোমনিয়া	i n sh O m n i y a
ইনস্টল	i n sh T o l
ইনস্টাগ্রাম	i n sh T a gr a m
ইনস্টাগ্রামের	i n sh T a gr a m e r
ইনস্টিটিউটকে	i n sh T i T i u T k e
ইনস্টিটিউটগুলো	i n sh T i T i u T g u l O
ইনস্টিটিউটগুলোতে	i n sh T i T i u T g u l O t e
ইনস্টিটিউটটি	i n sh T i T i u T T i
ইনস্টিটিউটসহ	i n sh T i T i u T sh o h O
ইনস্টিটিউটে	i n sh T i T i u T e
ইনস্টিটিউটেই	i n sh T i T i u T o e i
ইনস্টিটিউটের	i n sh T i T i u T e r
ইনস্টিটিউশন	i n sh T i T i u sh o n
ইনস্টিটিউশনস	i n sh T i T i u sh o n s
ইনস্টিটিউশনাল	i n sh T i T i u sh o n a l
ইনস্টিটিউশনে	i n sh T i T i u sh o n e
ইনস্টিটিউশনের	i n sh T i T i u sh o n e r
ইনস্ট্রাকটর	i n sh T r a k T o r
ইনস্ট্রাকশন	i n sh T r a k sh o n
ইনস্ট্রাক্টর	i n sh T r a k T o r
ইনস্ট্রুমেন্ট	i n sh T r u m e n T
ইনস্ট্রুমেন্টস	i n sh T r u m e n T o s
ইনস্পায়ার	i n s p a y a r
ইনস্পেক্টর	i n s p e k T o r
ইনস্যানিটি	i n sh A n i T i
ইনস্যুরেন্স	i n s u r e n s
ইনহেলার	i n h e l a r
ইনান	i n a n
ইনানি	i n a n i
ইনাম	i n a m
ইনামুল	i n a m u l
ইনার	i n a r
ইনালস	i n a l o sh
ইনাসিও	i n a sh i O
ইনায়েতুর	i n a y e t u r
ইনি	i n i
ইনিংসই	i n i ng s i
ইনিংসও	i n i ng s O
ইনিংসকে	i n i ng s k e
ইনিংসগুলো	i n i ng s g u l O
ইনিংসগুলোর	i n i ng s g u l O r
ইনিংসটা	i n i ng s T a
ইনিংসটাই	i n i ng s T a i
ইনিংসটাকেই	i n i ng s T a k e i
ইনিংসটাতেই	i n i ng s T a t e i
ইনিংসটার	i n i ng s T a r
ইনিংসটায়	i n i ng s T a y
ইনিংসটি	i n i ng s T i
ইনিংসটিই	i n i ng s T i i
ইনিংসটিও	i n i ng s T i O
ইনিংসটির	i n i ng s T i r
ইনিংসেই	i n i ng s e i
ইনিংসেও	i n i ng s e O
ইনিই	i n i i
ইনিউমারেশন	i n i u m a r e sh o n
ইনিশিয়াল	i n i sh i y a l
ইনিশিয়েটিভ	i n i sh i y e T i bh
ইনিশিয়েটিভস	i n i sh i y e T i bh sh
ইনিশিয়েটিভের	i n i sh i y e T i bh e r
ইনিসকা	i n i sh k a
ইনিয়ে	i n i y e b i n i y e
ইনিয়েস্তা	i n i y e st a
ইনিয়েস্তাও	i n i y e st a O
ইনিয়েস্তাকে	i n i y e st a k e
ইনিয়েস্তাদের	i n i y e st a d e r
ইনিয়েস্তার	i n i y e st a r
ইনিয়েস্তারা	i n i y e st a r a
ইনু	i n u
ইনুর	i n u r
ইনুসহ	i n u sh o h O
ইনে	i n e
ইনের	i n e r
ইনেশিয়েটিভ	i n e sh i y e T i bh
ইনো	i n O
ইনোভা	i n O bh a
ইনোভেটিভ	i n O bh e T i bh
ইনোভেশন	i n O bh e sh O n
ইনোসেন্ট	i n O sh e n T
ইন্টানেটের	i n T a n e T e r
ইন্টারঅ্যাকটিভ	i n T a r e j a k T i bh
ইন্টারকন্টিনেন্টালে	i n T a r k o n T i n e n T a l e
ইন্টারকম	i n T a r k o m
ইন্টারকানেকশন	i n T a r k a n e k sh o n
ইন্টারকে	i n T a r k e
ইন্টারনাল	i n T a r n a l
ইন্টারনেটই	i n T a r n e T i
ইন্টারনেটকে	i n T a r n e T k e
ইন্টারনেটভিত্তিক	i n T a r n e T bh i tt i k
ইন্টারনেটসহ	i n T a r n e T sh o h O
ইন্টারনেটসেবা	i n T a r n e T sh e b a
ইন্টারনেটে	i n T a r n e T e
ইন্টারনেটেই	i n T a r n e T e i
ইন্টারন্যাশনাল	i n T a r n A sh o n a l o
ইন্টারন্যাশনালকে	i n T a r n A sh o n a l k e
ইন্টারন্যাশনালসহ	i n T a r n A sh o n a l sh o h O
ইন্টারন্যাশনালে	i n T a r n A sh o n a l e
ইন্টারন্যাশনালের	i n T a r n A sh o n a l e r
ইন্টারপোল	i n T a r p O l
ইন্টারপোলকে	i n T a r p O l k e
ইন্টারপোলের	i n T a r p O l e r
ইন্টারপ্রিটেশন	i n T a r pr i T e sh o n
ইন্টারফেস	i n T a r ph e s
ইন্টারফেসের	i n T a r ph e s e r
ইন্টারফ্যাক্স	i n T a r ph A k s
ইন্টারফ্যাক্সকে	i n T a r ph A k s k e
ইন্টারব্যাংক	i n T a r b A ng k
ইন্টারভাল	i n T a r bh a l
ইন্টারভিউ	i n T a r bh i u
ইন্টারভিউটা	i n T a r bh i u T a
ইন্টারভিউতে	i n T a r bh i u t e
ইন্টারভিউয়ের	i n T a r bh i u y e r
ইন্টারভেনশন	i n T a r bh e n sh o n
ইন্টারভ্যাল	i n T a r bh A l
ইন্টারমিডিয়েট	i n T a r m i D i y e T
ইন্টারমিডিয়েটে	i n T a r m i D i y e T e
ইন্টারলক	i n T a r l o k
ইন্টারসেপশন	i n T a r s e p sh o n
ইন্টারসেপশনের	i n T a r sh e p sh o n e r
ইন্টারসেপসন	i n T a r s e p s O n
ইন্টারস্টেলার	i n T a r sh T e l a r
ইন্টারে	i n T a r e
ইন্টারেকটিভ	i n T a r e k T i bh
ইন্টারেক্টিভ	i n T a r e k T i bh
ইন্টারের	i n T a r e r
ইন্টারেস্ট	i n T a r e sh T
ইন্টারেস্টিং	i n T a r e sh T i ng
ইন্টারোগেশন	i n T a r O g e sh o n
ইন্টার্ন	i n T a r n
ইন্টার্নশিপ	i n T a r n sh i p
ইন্টার্নশিপের	i n T a r n sh i p e r
ইন্টার্নি	i n T a r n i
ইন্টার্নির	i n T a r n i r
ইন্টিগ্রিটি	i n T i gr i T i
ইন্টিগ্রেশন	i n T i gr e sh o n
ইন্টিলিজেন্স	i n T i l i j e n s
ইন্টেগ্রিটি	i n T e gr i T i
ইন্টেরিয়র	i n T e r i y o r
ইন্টেলিজেন্ট	i n T e l i j e n T
ইন্টেলিজেন্স	i n T e l i j e n s
ইন্টেলের	i n T e l e r
ইন্ট্রাকো	i n T r a k O
ইন্ট্রোডাকশন	i n T r O D a k sh o n
ইন্ট্রোডিউসিং	i n T r O D i u s i ng
ইন্ডাইট্মেন্ট	i n D a i T m e n T
ইন্ডাস্ট্রিকে	i n D a sh T r i k e
ইন্ডাস্ট্রিজ	i n D a sh T r i j
ইন্ডাস্ট্রিজে	i n D a sh T r i j e
ইন্ডাস্ট্রিতে	i n D a sh T r i t e
ইন্ডাস্ট্রির	i n D a sh T r i r
ইন্ডাস্ট্রিস	i n D a sh T r i s
ইন্ডাস্ট্রিয়াল	i n D a sh T r i a l
ইন্ডিকা	i n D i k a
ইন্ডিকেটিং	i n D i k e T i ng
ইন্ডিকেটিভ	i n D i k e T i bh
ইন্ডিজ	i n D i j
ইন্ডিজই	i n D i j i
ইন্ডিজও	i n D i j O
ইন্ডিজকে	i n D i j k e
ইন্ডিজে	i n D i j e
ইন্ডিজেনাস	i n D i j e n a sh
ইন্ডিজের	i n D i j e r
ইন্ডিপেনডেন্টের	i n D i p e n D e n T e r
ইন্ডিপেন্ডেন্ট	i n D i p e n D e n T
ইন্ডিপেন্ডেন্টের	i n D i p e n D e n T e r
ইন্ডিয়া	i n D i y a
ইন্ডিয়াকে	i n D i y a k e
ইন্ডিয়ান	i n D i y a n
ইন্ডিয়ানদের	i n D i y a n d e r
ইন্ডিয়ানস	i n D i y a n sh o h o
ইন্ডিয়ানসকে	i n D i y a n o sh k e
ইন্ডিয়ানসের	i n D i y a n sh e r
ইন্ডিয়ানা	i n D i y a n a
ইন্ডিয়ানার	i n D i y a n a r
ইন্ডিয়ানের	i n D i y a n e r
ইন্ডিয়ার	i n D i a r
ইন্ডিয়ায়	i n D i y a y
ইন্তিখাব	i nt i kh a b
ইন্তিফাদা	i nt i ph a d a
ইন্তিফাদার	i nt i ph a d a r
ইন্তেকাল	i nt e k a l
ইন্তেকালের	i nt e k a l e r
ইন্তেখাব	i nt e kh a b
ইন্তেখাবের	i nt e kh a b e r
ইন্তেজাম	i nt e j a m
ইন্তেহা	i t t e h a
ইন্দানগর	i nd a n g o r
ইন্দারা	i nd a r a
ইন্দিবর	i nd i b o r
ইন্দিরা	i nd i r a
ইন্দিরাকে	i nd i r a k e
ইন্দিরার	i nd i r a r
ইন্দু	i nd u
ইন্দুর	i nd u r
ইন্দো	i nd O
ইন্দোইউরোপিয়	i nd O i u r O p i y O
ইন্দোনেশিয়	i nd O n e sh i y O
ইন্দোনেশিয়া	i nd O n e sh i y a
ইন্দোনেশিয়াতেও	i nd O n e sh i y a t e O
ইন্দোনেশিয়ান	i nd O n e sh i y a n
ইন্দোনেশিয়ার	i nd O n e sh i y a r
ইন্দোনেশিয়াসহ	i nd O n e sh i y a sh o h O
ইন্দোনেশিয়ায়	i nd O n e sh i y a y
ইন্দ্র	i ndr O
ইন্দ্রকে	i ndr O k e
ইন্দ্রগোপ	i ndr O g O p
ইন্দ্রজাল	i ndr O j a l
ইন্দ্রজালে	i ndr o j a l e
ইন্দ্রত্ব	i ndr o tt o
ইন্দ্রধনু	i ndr o dh o n u
ইন্দ্রনগর	i ndr o n o g o r
ইন্দ্রনিল	i ndr O n i l
ইন্দ্রনিলের	i ndr O n i l e r
ইন্দ্রমোহন	i ndr o m O h o n
ইন্দ্ররাজ	i ndr o r a j
ইন্দ্রলুপ্ত	i ndr O l u p t O
ইন্দ্রা	i ndr a
ইন্দ্রাগার	i ndr a g a r
ইন্দ্রানি	i ndr a n i
ইন্দ্রাসন	i ndr a sh O n
ইন্দ্রায়ুধ	i ndr a y u dh O
ইন্দ্রিয়	i ndr i y O
ইন্দ্রিয়পরায়নতা	i ndr i y p o r a y n o t a
ইন্দ্রিয়ের	i ndr i y e r
ইন্দ্রের	i ndr e r
ইন্ধন	i ndh o n
ইন্ধনদাতা	i ndh o n d a t a
ইন্ধনদাতাদের	i ndh o n d a t a d e r
ইন্ধনে	i ndh o n e
ইন্ধনের	i ndh o n e r
ইন্ধিরা	i ndh i r a
ইন্নাল	i nn a l
ইন্নালিল্লাহি	i nn a l i l l a h i
ইন্নালিল্লাহ্	i nn a l i l l a h
ইন্নাস	i nn a sh
ইন্সটাগ্রাম	i n s T a gr a m
ইন্সটিটিউট	i n s T i T i u T
ইন্সটিটিউটে	i n s T i T i u T e
ইন্সটিটিউটের	i n s T i T i u T e r
ইন্সটেলেশন	i n s T e l e sh o n
ইন্সট্রাক্টর	i n s T r a k T o r
ইন্সপায়ার	i n s p a y a r
ইন্সপায়ার্ড	i n s p a y a r D o
ইন্সপেক্টর	i n s p e k T o r
ইন্সপেক্টরদের	i n s p e k T o r d e r
ইন্সপেক্টরের	i n s p e k T o r e r
ইন্সপেরিয়া	i n s p e r i y a
ইন্সুরেন্স	i n s u r e n s
ইন্স্যুরেন্স	i n s u r e n s
ইন্স্যুরেন্সের	i n s u r e n s e r
ইপকো	i p k O
ইপসা	i p sh a
ইপসার	i p sh a r
ইপিআই	i p i a i
ইপিআইয়ের	i p i a i y e r
ইপিআর	i p i a r
ইপিএল	i p i e l
ইপিএস	i p i e s
ইপিএসের	i p i e s e r
ইপিক	i p i k
ইপিজেড	i p i j e D
ইপিজেডে	i p i j e D e
ইপিজেডের	i p i j e D e r
ইপিডি	i p i D i
ইপিবি	i p i b i
ইপিবির	i p i b i r
ইপিলইপিল	i p i l i p i l
ইপিসি	i p i s i
ইপ্সিত	i p sh i t o
ইফ	i ph
ইফতার	i ph t a r
ইফতারও	i ph t a r O
ইফতারপুর্ব	i ph t a r p u r b O
ইফতারসামগ্রি	i ph t a r sh a m O gr i | i ph t a r sh a m o gr i
ইফতারসামগ্রির	i ph t a r sh a m O gr i r | i ph t a r sh a m o gr i r
ইফতারি	i ph t a r i
ইফতারির	i ph t a r i r
ইফতি	i ph t i
ইফতিখার	i ph o t i kh a r
ইফতেখারকে	i ph o t i kh a r k e
ইফতেখারুজ্জামান	i ph t e kh a r u j j a m a n
ইফতেখারুল	i ph t e kh a r u l
ইফতেখারের	i ph t e kh a r e r
ইফফাত	i ph ph a t
ইফমা	i ph m a
ইফা	i ph a
ইফাত	i ph a t
ইফাতের	i ph a t e r
ইফাদ	i ph a d
ইফাব	i ph a b
ইফার	i ph a r
ইফেক্ট	i ph e k T
ইফেক্টস	i ph e k T sh
ইফেক্টসের	i ph e k T sh e r
ইফেক্টের	i ph e k T e r
ইফ্ফাত	i ph ph a t
ইবতেদায়ি	i b t e d a y i
ইবতেদায়ির	i b t e d a y i r
ইবনাত	i b n a t
ইবনু	i b n u
ইবরানি	i b r a n i
ইবরার	i b r a r
ইবরাহিম	i b r a h i m
ইবলিশ	i b l i sh
ইবলিস	i b l i sh
ইবসেন	i b sh e n
ইবসেনের	i b sh e n e r
ইবা	i b a
ইবাইস	i b a i sh
ইবাডির	i b a D i r
ইবাদ	i b a d
ইবাদত	i b a d O t
ইবাদতকে	i b a d o t k e
ইবাদতগুলো	i b a d o t g u l O
ইবাদাত	i b a d a t
ইবাদুল	i b a d u l
ইবারাকি	i b a r a k i
ইবি	i b i
ইবিএল	i b i e l
ইবিএলের	i b i e l e r
ইবে	i b e
ইবেটসনের	i b e T sh o n e r
ইবের	i b e r
ইবোদোভা	i b O d O bh a
ইবোলার	i b O l a r
ইব্রা	i br a
ইব্রাহামপুর	i br a h a m p u r
ইব্রাহিম	i br a h i m
ইব্রাহিমকে	i br a h i m k e
ইব্রাহিমপুর	i br a h i m p u r
ইব্রাহিমপুরে	i br a h i m p u r e
ইব্রাহিমপুরের	i br a h i m p u r e r
ইব্রাহিমসহ	i br a h i m sh o h O
ইব্রাহিমোভিচ	i br a h i m O bh i ch
ইব্রাহিমোভিচকে	i br a h i m O bh i ch k e
ইব্রাহিমোভিচের	i br a h i m O bh i ch e r
ইভ	i bh
ইভটিজিংয়ের	i bh T i j i ng y e r
ইভনিং	i bh n i ng
ইভন্নি	i bh o nn i
ইভরা	i bh r a
ইভলিন	i bh l i n
ইভলিনের	i bh l i n e r
ইভস	i bh sh
ইভা	i bh a
ইভাকুয়েশন	i bh a k u y e sh o n
ইভান	i bh a n
ইভানজেলিক্যালদের	i bh a n j e l i k A l d e r
ইভানজেলোস	i bh a n j e l O sh
ইভানস	i bh a n o sh
ইভানা	i bh a n a
ইভানোভিচের	i bh a n O bh i ch e r
ইভান্স	i bh a n s a
ইভান্সকে	i bh a n s k e
ইভান্সের	i bh a n s e r
ইভার	i bh a r
ইভালুয়েশন	i bh a l u y e sh o n
ইভি	i bh i
ইভিএম	i bh i e m
ইভিএমে	i bh i e m e
ইভিএমের	i bh i e m e r
ইভিচা	i bh i ch a
ইভিনিং	i bh i n i ng
ইভিসি	i bh i s i
ইভিয়ান	i bh i y a n o
ইভেন	i bh e n
ইভেনে	i bh e n e
ইভেন্টটি	i bh e n T T i
ইভেন্টস	i bh e n T sh
ইভেন্টসের	i bh e n T sh e r
ইভেন্টে	i bh e n T e
ইভেন্টেই	i bh e n T e i
ইভেন্টেও	i bh e n T e O
ইভেন্টের	i bh e n T e r
ইভো	i bh O
ইভ্তুশিয়েনেকা	i bh t u sh i y e n e k a
ইমতিয়াজ	i m t i a j
ইমতিয়াজকে	i m o t i y a j k e
ইমতিয়াজুর	i m o t i y a j u r
ইমতিয়াজের	i m o t i y a j e r
ইমদাদ	i m d a d
ইমদাদিয়া	i m o d a d i y a
ইমদাদুল	i m d a d u l
ইমদাদের	i m d a d e r
ইমদু	i m d u
ইমন	i m O n
ইমনকে	i m O n k e
ইমনের	i m o n e r
ইমপালস	i m p a l sh
ইমপিউনিটি	i m o p i u n i T i
ইমপিচ	i m p i ch
ইমপিচমেন্ট	i m p i ch m e n T
ইমপিরিয়াল	i m p i r i y a l
ইমপেক্স	i m p e k s
ইমপেরিয়াল	i m p e r i y a l
ইমপোর্ট	i m p O r T
ইমপ্যাক্ট	i m p A k T
ইমপ্রুভমেন্ট	i m pr u bh m e n T
ইমপ্রেস	i m pr e sh
ইমপ্লিকেশন	i m p l i k e sh o n
ইমপ্লিমেন্টেশন	i m p l i m e n T o sh o n
ইমবাইবিশন	i m b a i b i sh o n
ইমরান	i m r a n
ইমরানই	i m o r a n i
ইমরানও	i m r a n O
ইমরানকে	i m r a n k e
ইমরানুল	i m r a n u l
ইমরানের	i m r a n e r
ইমরি	i m r i
ইমরুল	i m r u l
ইমরুলও	i m r u l O
ইমরুলকে	i m r u l k e
ইমরুলকেও	i m r u l k e O
ইমরুলের	i m r u l e r
ইমরোজ	i m r O j
ইমলাম	i sh l a m
ইমসন্স	i m s o n s
ইমা	i m a
ইমাউল	i m a u l
ইমাজ	i m a j
ইমাজউদ্দিন	i m a j u d d i n
ইমাজিন	i m a j i n
ইমাদ	i m a d
ইমাদুল	i m a d u l
ইমান	i m a n
ইমানদার	i m a n d a r
ইমানদারগন	i m a n d a r g o n
ইমানসিপেশন	i m a n sh i p e sh o n
ইমানি	i m a n i
ইমানুয়েল	i m a n u y e l
ইমানের	i m a n e r
ইমামউদ্দিন	i m a m u d d i n
ইমামও	i m a m O
ইমামকে	i m a m k e
ইমামগঞ্জ	i m a m g o nj
ইমামতি	i m a m O t i
ইমামদের	i m a m d e r
ইমামপুর	i m a m p u r
ইমামরা	i m a m r a
ইমামসহ	i m a m sh o h O
ইমামুজ্জামান	i m a m u j j a m a n
ইমামুজ্জামানের	i m a m u j j a m a n e r
ইমামুর	i m a m u r
ইমামুল	i m a m u l
ইমামের	i m a m e r
ইমার	i m a r
ইমারত	i m a r o t
ইমারতি	i m a r O t i
ইমারতে	i m a r o t e
ইমারতের	i m a r o t e r
ইমার্জিং	i m a r j i ng
ইমার্জেন্সি	i m a r j e n s i
ইমার্জেন্সিতে	i m a r j e n s i t e
ইমালশন	i m a l sh o n
ইমি	i m i
ইমিউন	i m i u n
ইমিউনোলজি	i m i u n O l o j i
ইমিগ্রেশনে	i m i gr e sh o n e
ইমিগ্রেশনের	i m i gr e sh o n e r
ইমিগ্র্যান্ট	i m i g r A n T
ইমিটেশন	i m i T e sh O n
ইমিটেশনের	i m i T e sh o n e r
ইমু	i m u
ইমুকে	i m u k e
ইমুর	i m u r
ইমেইলে	i m e i l e
ইমেইলের	i m e i l e r
ইমেজ	i m e j
ইমেজকে	i m e j k e
ইমেজিং	i m e j i ng
ইমেজে	i m e j e
ইমেজের	i m e j e r
ইমেরিটাস	i m e r i T a sh
ইমেল	i m e l
ইমেলটা	i m e l T a
ইমেলদা	i m e l d a
ইমো	i m O
ইমোজি	i m O j i
ইমোটিকন	i m O T i k o n
ইমোশন	i m O sh O n
ইমোশনাল	i m O sh O n a l
ইম্পর্টেন্ট	i mp o r T e n T
ইম্পর্ট্যান্ট	i mp o r T A n T
ইম্পসিবল	i mp o sh i b O l
ইম্পাউন্ডিং	i mp a u n D i ng
ইম্পেরিয়াল	i mp e r i y a l
ইম্পোর্টার্স	i mp O r T a r sh
ইম্প্রোভাইজেশন	i m p r O bh a i j e sh o n
ইম্প্রোভাইজেশনের	i m p r O bh a i j e sh o n e r
ইরতিজা	i r t i j a
ইরনা	i r n a
ইরফান	i r ph a n
ইরফানের	i r ph a n e r
ইরম	i r o m
ইরম্মদ	i r o mm o d
ইরা	i r a
ইরাক	i r a k
ইরাককে	i r a k k e
ইরাকজুদ্ধে	i r a k j u d dh e
ইরাকজুদ্ধের	i r a k j u d dh e r
ইরাকজুড়ে	i r a k j u r e
ইরাকভিত্তিক	i r a k bh i tt i k
ইরাকি	i r a k i
ইরাকিদের	i r a k i d e r
ইরাকির	i r a k i r
ইরাকিরা	i r a k i r a
ইরাকিয়া	i r a k i y a
ইরাকিয়ার	i r a k i y a r
ইরাকে	i r a k e
ইরাকেও	i r a k e O
ইরাকের	i r a k e r
ইরাজ	i r a j
ইরাদ	i r a d
ইরাদত	i r a d o t
ইরাদা	i r a d a
ইরানও	i r a n O
ইরানসহ	i r a n sh o h O
ইরানি	i r a n i
ইরানিদের	i r a n i d e r
ইরানির	i r a n i r
ইরানিরা	i r a n i r a
ইরানিয়	i r a n i y O
ইরানিয়ান	i r a n i y a n
ইরানে	i r a n e
ইরানেও	i r a n e O
ইরানের	i r a n e r
ইরাবতি	i r a b O t i | i r a b o t i
ইরামার	i r a m a r
ইরি	i r i
ইরিডিয়াম	i r i D i y a m
ইরিত্রিয়া	i r i tr ri y a
ইরিন	i r i n
ইরিনা	i r i n a
ইরিনার	i r i n a r
ইরির	i r i r
ইরেজার	i r e j a r
ইরেজি	i r e j i
ইরেশ	i r e sh
ইরোপা	i r O p a
ইরোপাকে	i r O p a k e
ইরোপার	i r O p a r
ইরোস	i r O sh
ইর্ষা	i r sh a
ইর্ষাকাতর	i r sh a k a t O r
ইর্ষান্বিত	i r sh a n n i t O
ইর্ষার	i r sh a r
ইর্সাল	i r sh a l
ইলচি	i l ch i
ইলচে	i l ch e
ইলতুৎমিশ	i l o t u t m i sh
ইলপ	i l o p
ইলবো	i l b O
ইলম	i l m
ইলমি	i l m i
ইলমে	i l m e
ইলমের	i l o m e r
ইলশে	i l sh e
ইলশেগুড়ি	i l o sh e g u r i
ইলহান	i l h a n
ইলহাম	i l o h a m
ইলা	i l a
ইলাইহি	i l a i h i
ইলাকা	i l a k a
ইলাক্স	i l a k s
ইলাক্সের	i l a k s e r
ইলাদি	i l a d i
ইলাদিকে	i l a d i k e
ইলাদির	i l a d i r
ইলাশপুর	i l a sh p u r
ইলাসট্রেশান	i l a s T r e sh a n
ইলাস্ট্রেটর	i l a sh T r e T o r
ইলাহ	i l a h
ইলাহা	i l a h a
ইলাহি	i l a h i
ইলাহির	i l a h i r
ইলি	i l i
ইলিং	i l i ng
ইলিউমঝিনোভ	i l i u m jh i n O bh
ইলিউমঝিনোভের	i l i u m jh i n O bh e r
ইলিউশন	i l i u sh O n
ইলিচ	i l i ch
ইলিনা	i l i n a
ইলিনয়	i l i n o y
ইলিনয়ে	i l i n y e
ইলিনয়ের	i l i n y e r
ইলিমিলি	i l i m i l i
ইলির	i l i r
ইলিরা	i l i r a
ইলিশই	i l i sh i
ইলিশকে	i l i sh k e
ইলিশসহ	i l i sh sh o h O
ইলিশা	i l i sh a
ইলিশার	i l i sh a r
ইলিশে	i l i sh e
ইলিশের	i l i sh e r
ইলিয়ট	i l i y o T
ইলিয়টগঞ্জ	i l i y o T g o nj
ইলিয়টগঞ্জে	i l i y o T g o nj e
ইলিয়টের	i l i y o T e r
ইলিয়াছ	i l i y a chh
ইলিয়াছের	i l i y a chh e r
ইলিয়াস	i l i a sh
ইলিয়াসউদ্দিন	i l i y a s u d d i n
ইলিয়াসকে	i l i y a s k e
ইলিয়াসসহ	i l i y a sh sh o h O
ইলিয়াসের	i l i y a s e r
ইলিয়েভস্কি	i l i y e bh o s k i
ইলুমঝিনভ	i l u m o jh i n o bh
ইলুয়ারা	i l u y a r a
ইলেক	i l e k
ইলেকটোরাল	i l e k T O r a l
ইলেকট্রন	i l e k T r o n
ইলেকট্রনিক	i l e k T r O n i k
ইলেকট্রনিকস	i l e k T r O n i k sh
ইলেকট্রনিকসকে	i l e k T r o n i k o sh k e
ইলেকট্রনিকসে	i l e k T r o n i k o sh e
ইলেকট্রনিকসের	i l e k T r o n i k s e r
ইলেকট্রনিক্স	i l e k T r o n i k s
ইলেকট্রনিক্সে	i l e k T r o n i k o sh e
ইলেকট্রনের	i l e k T r o n e r
ইলেকট্রা	i l e k T r a
ইলেকট্রিক	i l e k T r i k
ইলেকট্রিসিটি	i l e k T r i s i T i
ইলেকট্রোলাইট	i l e k T r O l a i T
ইলেকশন	i l e k sh o n
ইলেকশনের	i l e k sh o n e r
ইলেকশান	i l e k sh a n
ইলেক্টো	i l e k T O
ইলেক্ট্রডস	i l e k T r o D o sh
ইলেক্ট্রনিক	i l e k T r O n i k
ইলেক্ট্রনিকস	i l e k T r o n i k s
ইলেক্ট্রনিক্স	i l e k T r O n i k s
ইলেক্ট্রিক	i l e k T r i k
ইলেক্ট্রিক্যাল	i l e k T r i k A l
ইলেক্ট্রো	i l e k T r O
ইলেক্ট্রো-জান্ত্রিক	i l e k T r O j a nt ri k
ইলেন	i l e n
ইলেভেনকে	i l e bh e n k e
ইলেভেনে	i l e bh e n e
ইলেভেনের	i l e bh e n e r
ইলের	i l e r
ইলোপ	i l O p
ইলোপের	i l O p e r
ইলোরা	i l O r a
ইলোরাকে	i l O r a k e
ইলোরাদের	i l O r a d e r
ইলোরার	i l O r a r
ইল্ড	i l D
ইল্যান্স	i l A n s
ইল্যান্সে	i l A n s e
ইল্লত	i l l o t
ইশক	i sh k
ইশকিয়া	i sh k i y a
ইশকুল	i sh k u l
ইশকুলের	i sh k u l e r
ইশতিয়াক	i sh t i y a k
ইশতেহার	i sh t e h a r
ইশতেহারকে	i sh t e h a r k e
ইশতেহারটি	i sh t e h a r T i
ইশতেহারে	i sh t e h a r e
ইশতেহারেই	i sh t e h a r e i
ইশতেহারেও	i sh t e h a r e O
ইশতেয়াগ	i sh t e y a g
ইশদুশ্ন	i sh o d u sh n O
ইশপের	i sh o p e r
ইশফাক	i sh ph a k
ইশফাকের	i sh ph a k e r
ইশবগুল	i sh o b g u l
ইশরাক	i sh r a k
ইশরাকের	i sh r a k e r
ইশরাত	i sh r a t
ইশা	i sh a
ইশাদ	i sh a d
ইশানা	i sh a n a
ইশানের	i sh a n e r
ইশান্ত	i sh a nt
ইশান্তকে	i sh a nt o k e
ইশান্তের	i sh a nt e r
ইশার	i sh a r
ইশারা	i sh a r a
ইশারাই	i sh a r a i
ইশারাকে	i sh a r a k e
ইশারার	i sh a r a r
ইশারায়	i sh a r a y
ইশিকা	i sh i k a
ইশিতা	i sh i t a
ইশিনোমাকি	i sh i n O m a k i
ইশু	i sh u
ইশ্	i sh
ইশ্ট	i sh T
ইশ্টক	i sh T o k
ইশ্টানিশ্ট	i sh T a n i sh T O
ইশ্টাপুর্ত	i sh T a p u r t O
ইশ্টি	i sh T i
ইশ্টিকা	i sh T i k a
ইশ্বর	i sh sh o r
ইশ্বরকে	i sh sh o r k e
ইশ্বরগঞ্জ	i sh sh O r g o nj
ইশ্বরগঞ্জে	i sh sh o r g o nj e
ইশ্বরদি	i sh sh O r d i
ইশ্বরদিতে	i sh sh O r d i t e
ইশ্বরদির	i sh sh O r d i r
ইশ্বরে	i sh sh o r e
ইশ্বরের	i sh sh o r e r
ইশৎ	i sh o t
ইস	i sh
ইসকন	i sh k o n
ইসকান্দর	i sh k a nd o r
ইসতিয়াক	i sh t i y a k
ইসপগুল	i sh o p g u l
ইসপার	i sh p a r
ইসপিস	i sh p i sh
ইসবগুল	i sh o b g u l
ইসবগুলের	i sh o b g u l e r
ইসমত	i sh m o t
ইসমাইল	i s m a i l
ইসমাইলকে	i s m a i l k e
ইসমাইলসহ	i sh m a i l sh o h O
ইসমাইলি	i s m a i l i
ইসমাইলের	i s m a i l e r
ইসরা	i s r a
ইসরাইল	i s r a i l
ইসরাইলি	i s r a i l i
ইসরাইলে	i s r a i l e
ইসরাইলের	i s r a i l e r
ইসরাত	i s r a t
ইসরাফিল	i s r a ph i l
ইসরায়েল	i s r a y e l
ইসরায়েলও	i s r a y e l O
ইসরায়েলকে	i s r a y e l k e
ইসরায়েলকেই	i s r a y e l k e i
ইসরায়েলকেও	i s r a y e l k e O
ইসরায়েলপন্থি	i s r a y e l p o n th i
ইসরায়েলবিরোধি	i s r a y e l b i r O dh i
ইসরায়েলসহ	i s r a y e l sh o h O
ইসরায়েলি	i s r a y e l i
ইসরায়েলিকে	i s r a y e l i k e
ইসরায়েলিদের	i s r a y e l i d e r
ইসরায়েলিরা	i s r a y e l i r a
ইসরায়েলিরাই	i s r a y e l i r a i
ইসরায়েলে	i s r a y e l e
ইসরায়েলের	i s r a y e l e r
ইসরায়েলেরই	i s r a y e l e r i
ইসরায়েলেরও	i s r a y e l e r O
ইসরো	i sh r O
ইসরোর	i sh r O r
ইসলা	i sh l a
ইসলাম	i s l a m
ইসলামই	i s l a m i
ইসলামও	i s l a m O
ইসলামকাটি	i s l a m k a T i
ইসলামকে	i s l a m k e
ইসলামকেও	i s l a m k e u
ইসলামদের	i s l a m d e r
ইসলামধর্ম	i s l a m dh o r m o
ইসলামধর্মে	i s l a m dh o r m e
ইসলামধর্মের	i s l a m dh o r m e r
ইসলামপন্থি	i s l a m p O n th i | i s l a m p o n th i
ইসলামপন্থিদের	i s l a m p O n th i d e r | i s l a m p o n th i d e r
ইসলামপন্থিদেরই	i s l a m p o n th i d e r i
ইসলামপন্থিরা	i s l a m p O n th i r a | i s l a m p o n th i r a
ইসলামপুর	i s l a m p u r
ইসলামপুরে	i s l a m p u r e
ইসলামপুরের	i s l a m p u r e r
ইসলামবাগ	i s l a m b a g
ইসলামবাগে	i s l a m b a g e
ইসলামবাগের	i s l a m b a g e r
ইসলামবিদ্বেশি	i s l a m b i d d e sh i
ইসলামবিরোধি	i s l a m b i r O dh i
ইসলামসম্মত	i s l a m sh o mm o t o
ইসলামাবাগ	i s l o m a b a g
ইসলামাবাদ	i s l a m a b a d
ইসলামাবাদকে	i s l a m a b a d k e
ইসলামাবাদি	i s l a m a b a d i
ইসলামাবাদে	i s l a m a b a d e
ইসলামাবাদের	i s l a m a b a d e r
ইসলামি	i s l a m i
ইসলামিও	i s l a m i O
ইসলামিক	i s l a m i k
ইসলামিকরন	i s l a m i k o r o n
ইসলামিকরনের	i s l a m i k o r o n e r
ইসলামিকে	i s l a m i k e
ইসলামিতে	i s l a m i t e
ইসলামির	i s l a m i r
ইসলামিরও	i s l a m i r O
ইসলামিসহ	i s l a m i sh o h O | i s l a m i sh o h O
ইসলামিয়া	i s l a m i y a
ইসলামুল	i s l a m u l
ইসলামে	i s l a m e
ইসলামের	i s l a m e r
ইসলামেরই	i s l a m e r i
ইসলামেরও	i s l a m e r O
ইসলাস	i sh l a sh
ইসলাহ্	i sh l a h
ইসহাক	i sh h a k
ইসহাককে	i sh h a k k e
ইসহাকের	i sh h a k e r
ইসা	i sh a
ইসাইল	i sh a i l
ইসাকসন	i sh a k sh o n
ইসাদি	i sh a d i
ইসাফ	i sh a ph
ইসাবেল	i sh a b e l
ইসাবেলা	i sh a b e l a
ইসাবেলের	i sh a b e l e r
ইসাম	i sh a m
ইসার	i sh a r
ইসারা	i sh a r a
ইসাহাক	i sh a h a k
ইসি	i sh i
ইসিএ	i s i e
ইসিএস	i s i e s
ইসিওডব্লিউএএসের	i s i O D O bl i u e e s e r
ইসিকে	i s i k e
ইসিজি	i s i j i
ইসিজিসহ	i sh i j i sh o h O
ইসিতে	i sh i t e
ইসিবি	i s i b i
ইসিবির	i s i b i r
ইসির	i sh i r
ইসু	i sh u
ইসু্য	i sh u j
ইস্	i sh
ইস্কাটন	i s k a T o n
ইস্কাটনে	i s k a T o n e
ইস্কাটনের	i s k a T o n e r
ইস্কান্দর	i s k a nd o r
ইস্কান্দার	i s k a nd a r
ইস্কান্দারের	i s k a nd a r e r
ইস্কাপন	i s k a n
ইস্কুল	i s k u l
ইস্কেন্দারের	i s k a nd a r e r
ইস্ট	i sh T
ইস্টওয়েস্ট	i sh T O y e sh T
ইস্টবেংগল	i sh T b e ng g o l
ইস্টম্যান	i sh T m A n
ইস্টল্যান্ড	i sh T l A n D
ইস্টার	i sh T a r
ইস্টার্নের	i sh T a r n e r
ইস্টের	i sh T e r
ইস্ট্রোজেন	i sh T r O j e n
ইস্তফা	i st O ph a
ইস্তফার	i st O ph a r
ইস্তাম্বুল	i st a mb u l
ইস্তাম্বুলে	i st a mb u l e
ইস্তাহার	i st a h a r
ইস্তি	i st i
ইস্তিগফার	i st i g ph a r
ইস্তিনজা	i st i n j a
ইস্তিমাল	i st i m a l
ইস্তির	i st i r
ইস্তিরি	i st i r i
ইস্তেক	i st e k
ইস্তেগফার	i st e g ph a r
ইস্তেমাল	i st e m a l
ইস্পাতকঠিন	i s p a t k o Th i n
ইস্পাতদৃড়	i s p a t d ri rh o
ইস্পাতের	i s p a t e r
ইস্পাহান	i s p a h a n
ইস্পাহানি	i s p a h a n i
ইস্প্রিং	i s p r i ng
ইস্যুই	i sh u i
ইস্যুও	i sh u O
ইস্যুকারি	i sh u k a r i
ইস্যুকৃত	i sh u k r i t o
ইস্যুকে	i sh u k e
ইস্যুগুলো	i sh u g u l O
ইস্যুগুলোতে	i sh u g u l O t e
ইস্যুগুলোর	i sh u g u l O r
ইস্যুজ	i sh u j
ইস্যুটা	i sh u T a
ইস্যুটি	i sh u T i
ইস্যুটিকে	i sh u T i k e
ইস্যুটির	i sh u T i r
ইস্যুতে	i sh u t e
ইস্যুতেই	i sh u t e i
ইস্যুতেও	i sh u t e O
ইস্যুবিহিন	i sh u b i h i n
ইস্যুভিত্তিক	i sh u bh i tt i k
ইস্যুমুল্য	i sh u m u l l o
ইস্যুর	i sh u r
ইস্যুসহ	i sh u sh o h O
ইস্যুয়ার	i sh u y a r
ইস্রা	i sh r a
ইস্লামিক	i sh l a m i k
ইহকাল	i h O k a l
ইহকালিন	i h O k a l i n | i h k a l i n
ইহকালে	i h k a l e
ইহজাগতিক	i h j a g o t i k
ইহরাম	i h r a m
ইহরামের	i h r a m e r
ইহলোউকিক	i h O l O u k i k | i h l O i k i k
ইহলোক	i h O l O k
ইহলোকে	i h l O k e
ইহসান	i h sh a n
ইহসানুল	i h sh a n u l
ইহসানের	i h sh a n e r
ইহা	i h a
ইহাই	i h a i
ইহাও	i h a O
ইহাকে	i h a k e
ইহাকেই	i h a k e i
ইহাদের	i h a d e r
ইহানে	i h a n e
ইহারা	i h a r a
ইহুদি	i h u d i
ইহুদিকে	i h u d i k e
ইহুদিদের	i h u d i d e r
ইহুদিবাদি	i h u d i b a d i
ইহুদিবাদের	i h u d i b a d e r
ইহুদির	i h u d i r
ইহুদিরা	i h u d i r a
ইড়া	i r a
ইয়ং	i o ng
ইয়ংয়ের	i y o ng y e r
ইয়ট	i y o T
ইয়ত্তা	i y o tt a
ইয়ন	i y o n
ইয়নপিয়ং	i y o n p i y o ng
ইয়নের	i y o n e r
ইয়র্ক	i o r k
ইয়র্কার	i y o r k a r
ইয়র্কারস	i y o r k a r sh o
ইয়র্কারে	i y o r k a r e
ইয়র্কারের	i y o r k a r e r
ইয়র্কে	i O r k e
ইয়র্কের	i O r k e r
ইয়া	i y a
ইয়াং	i y a ng
ইয়াংওয়ান	i y a ng O y a n
ইয়াংওয়ানের	i y a ng O y a n e r
ইয়াংগুন	i y a ng g u n
ইয়াংগুনে	i y a ng g u n e
ইয়াংগুনের	i y a ng g u n e r
ইয়াংসি	i y a ng sh i
ইয়াংয়ের	i y a ng y e r
ইয়াই	i y a i
ইয়াইয়া	i y a i y a
ইয়াউন্ডি	i a u n D i
ইয়াওয়ার	i y a O y a r
ইয়াক	i y a k
ইয়াকুব	i y a k u b
ইয়াকুবকে	i y a k u b k e
ইয়াকুবিয়া	i y a k u b i y a
ইয়াকুবু	i y a k u b u
ইয়াকুবুজ্জামান	i y a k u b u j j a m a n
ইয়াকুবের	i y a k u b e r
ইয়াছমিন	i y a chh m i n
ইয়াছিন	i y a chh i n
ইয়াছিনুল	i y a chh i n u l
ইয়াছিনের	i y a chh i n e r
ইয়াছির	i y a chh i r
ইয়াজউদ্দিন	i y a j u d d i n
ইয়াজউদ্দিনকে	i y a j u d d i n k e
ইয়াজউদ্দিনের	i y a j u d d i n e r
ইয়াজদাই	i y a j d a i
ইয়াদ	i y a d
ইয়াদগার	i y a d g a r
ইয়াদিয়া	i y a d i y a
ইয়াদুল	i y a d u l
ইয়ান	i y a n
ইয়ানডেল	i y a n D e l
ইয়ানত	i y a n o t
ইয়ানা	i y a n a
ইয়ানাফসি	i y a n a ph sh i
ইয়ানুকোভিচ	i y a n u k O bh i ch
ইয়ানুকোভিচের	i y a n u k O bh i ch e r
ইয়ানে	i y a n e
ইয়াফেস	i y a ph e sh
ইয়াবা	i y a b a
ইয়াবার	i y a b a r
ইয়াবাসহ	i y a b a sh o h O
ইদগাহ্	i d g a h
ইদগড়	i d g o r
ইদগড়ের	i d g o r e r
ইপ্সা	i p sh a
ইমানদারের	i m a n d a r e r
ইরিত	i r i t O
ইর্ষনিয়	i r sh O n i y O
ইর্ষাপরায়ন	i r sh a p o r a y o n
ইর্ষাপরায়নতা	i r sh a p o r a y o n o t a
ইশত্	i sh o t
ইশিতার	i sh i t a r
ইশ্বরই	i sh sh o r i
ইশ্বরগঞ্জের	i sh sh o r g o nj e r
ইশ্বরচন্দ্র	i sh sh o r ch o ndr o
ইশ্বরি	i sh sh o r i
ইশ্বরেরই	i sh sh o r e r i
ইসায়ি	i sh a y i
ইয়াম	i y a m
ইয়ামলা	i y a m l a
ইয়ামা	i y a m a
ইয়ামাগুচি	i y a m a g u ch i
ইয়ামাসিতা	i y a m a sh i t a
ইয়ামাহা	i y a m a h a
ইয়ামিন	i y a m i n
ইয়ামিনের	i y a m i n e r
ইয়ামেনি	i y a m e n i
ইয়ার	i y a r
ইয়ারপিস	i y a r p i s
ইয়ারপুর	i y a r p u r
ইয়ারস	i y a r sh
ইয়ারা	i y a r a
ইয়ারিং	i y a r i ng
ইয়ারুল	i y a r u l
ইয়ারুলকে	i y a r u l k e
ইয়ারুলের	i y a r u l e r
ইয়ারে	i y a r e
ইয়ারেন	i y a r e n
ইয়ারের	i y a r e r
ইয়ার্কি	i y a r k i
ইয়ার্ডকে	i y a r D k e
ইয়ার্ডগুলো	i y a r D g u l O
ইয়ার্ডগুলোর	i y a r D g u l O r
ইয়ার্ডি	i y a r D i
ইয়ার্ডে	i y a r D e
ইয়ার্ডের	i y a r D e r
ইয়ার্ন	i y a r n
ইয়ার্স	i y a r sh
ইয়াশ	i y a sh
ইয়াসমিন	i y a s m i n
ইয়াসমিনকে	i y a s m i n k e
ইয়াসমিনের	i y a s m i n e r
ইয়াসি	i y a s i
ইয়াসিন	i y a s i n
ইয়াসিনকে	i y a s i n k e
ইয়াসিনের	i y a s i n e r
ইয়াসির	i y a s i r
ইয়াসুকুনি	i y a s u k u n i
ইয়াহইয়া	i y a h i y a
ইয়াহিয়া	i y a h i y a
ইয়াহিয়াকে	i y a h i y a k e
ইয়াহিয়ার	i y a h i y a r
ইয়াহু	i y a h u
ইয়াহুকে	i y a h u k e
ইয়াহুতে	i y a h u t e
ইয়াহুর	i y a h u r
ইয়াহুসহ	i y a h u sh o h O
ইয়াহ্ইয়া	i y a h i y a
ইয়ু	i y u
ইয়ুকিও	i y u k i O
ইয়ুজি	i y u j i
ইয়ুথ	i y u th
ইয়ুন	i y u n
ইয়ুনহাপ	i y u n h O p
ইয়ুপ	i y u p
ইয়ুফাং	i y u ph a ng
ইয়ুর্গেন	i y u r g e n
ইয়ে	i y e
ইয়েচুরি	i y e ch u r i
ইয়েটস	i y e T sh
ইয়েটসের	i y e T s e r
ইয়েদ্দুরাপ্পা	i y e d d u r a p p a
ইয়েনে	i y e n e
ইয়েনের	i y e n e r
ইয়েভজেনি	i y e bh j e n i
ইয়েমেন	i y e m e n
ইয়েমেনকে	i y e m e n k e
ইয়েমেনভিত্তিক	i y e m e n bh i tt i k
ইয়েমেনি	i y e m e n i
ইয়েমেনে	i y e m e n e
ইয়েমেনেও	i y e m e n e O
ইয়েমেনের	i y e m e n e r
ইয়েরেভান	i y e r e bh a n
ইয়েল	i y e l
ইয়েলেনা	i y e l e n a
ইয়েলো	i y e l O
ইয়েলোকার্ডের	i y e l O k a r D e r
ইয়েল্প	i y e l p
ইয়েলৎসিন	i y e l o t sh i n
ইয়েলৎসিনের	i y e l o t sh i n e r
ইয়েশি	i y e sh i
ইয়েশুয়া	i y e sh u y a
ইয়েস	i y e s
ইয়োক	i y O k
ইয়োকিও	i y O k i O
ইয়োকের	i y O k e r
ইয়োকো	i y O k O
ইয়োকোহামা	i y O k O h a m a
ইয়োগা	i y O g a
ইয়োন	i y O n
ইয়োনপিয়ং	i y O n p i y o ng
ইয়োনহ্যাপ	i y O n h A p
ইয়োম	i y O m
ইয়োমিউরি	i y O m i u r i
ইয়োম্যান্স	i y O m m a n s
ইয়োম্যান্সের	i y O m m a n s e r
ইয়োর	i y O r
ইয়োরস	i y O r sh
ইয়োরসেলফ	i y O r s e l o ph
ইয়োরেশিয়ান	i y O r O sh i y a n
ইয়োলোফিন	i y O l O ph i n
ইয়োশিহিকো	i y O sh i h i k O
ইয়োহান	i y O h a n
ইয়োহানা	i y O h a n a
ই–কার	d i r gh o i k a r o
উ	u
উঃ	u h
উআ	u y a
উই	u i
উইং	u i ng
উইংগার	u i ng g a r
উইংগারের	u i ng g a r e r
উইংস	u i ng s
উইংয়ে	u i ng y e
উইংয়ের	u i ng y e r
উইক	u i k
উইকলি	u i k l i
উইকলিকে	u i k l i k e
উইকলিতে	u i k l i t e
উইকলির	u i k l i r
উইকস	u i k sh
উইকি	u i k i
উইকিতে	u i k i t e
উইকিপিডিয়া	u i k i p i D i y a
উইকিপিডিয়াকে	u i k i p i D i y a k e
উইকিপিডিয়াতে	u i k i p i D i y a t e
উইকিপিডিয়ান	u i k i p i D i y a n
উইকিপিডিয়ানদের	u i k i p i D i y a n d e r
উইকিপিডিয়ানরা	u i k i p i D i y a n r a
উইকিপিডিয়ার	u i k i p i D i y a r
উইকিপিডিয়াসহ	u i k i p i D i y a sh o h O
উইকিপিডিয়ায়	u i k i p i D i y a y
উইকিমিডিয়া	u i k i m i D i y a
উইকিমিডিয়ার	u i k i m i D i y a r
উইকিম্যানিয়া	u i k i m A n i y a
উইকিলিকস	u i k i l i k sh
উইকিলিকসকে	u i k i l i k s k e
উইকিলিকসে	u i k i l i k s e
উইকিলিকসের	u i k i l i k s e r
উইকে	u i k e
উইকেটই	u i k e T i
উইকেটও	u i k e T O
উইকেটকিপার	u i k e T k i p a r
উইকেটকিপারকে	u i k e T k i p a r k e
উইকেটকিপারের	u i k e T k i p a r e r
উইকেটকিপিং	u i k e T k i p i ng
উইকেটকিপিংয়ে	u i k e T k i p i ng y e
উইকেটকে	u i k e T k e
উইকেটকেই	u i k e T k e i
উইকেটগুলো	u i k e T g u l O
উইকেটগুলোর	u i k e T g u l O r
উইকেটজুটিতে	u i k e T j u T i t e
উইকেটটা	u i k e T T a
উইকেটটাই	u i k e T T a i
উইকেটটাও	u i k e T T a O
উইকেটটাকে	u i k e T T a k e
উইকেটটি	u i k e T T i
উইকেটটিও	u i k e T T i O
উইকেটরক্ষক	u i k e T r o kkh O k
উইকেটরক্ষককে	u i k e T r o kkh o k k e
উইকেটরক্ষকের	u i k e T r o kkh O k e r
উইকেটশিকারি	u i k e T sh i k a r i
উইকেটশিকারির	u i k e T sh i k a r i r
উইকেটশুন্য	u i k e T sh u n n O | u i k e T sh u n n o
উইকেটসহ	u i k e T sh o h O
উইকেটে	u i k e T e
উইকেটেই	u i k e T e i
উইকেটেও	u i k e T e O
উইকেটের	u i k e T e r
উইকেটেরও	u i k e T e r O
উইকেন্ড	u i k e n D
উইকেন্ডে	u i k e n D e
উইকের	u i k e r
উইগ	u i g
উইগান	u i g a n
উইঘুর	u i gh u r
উইঘুরদের	u i gh u r d e r
উইজডম	u i j D o m
উইজডেন	u i j D e n
উইজডেনে	u i j D e n e
উইজডেনের	u i j D e n e r
উইট	u i T
উইটনেস	u i T n e s
উইঠা	u i Th a
উইঠ্যা	u i Th Th a
উইথ	u i th
উইথড্র	u i th D r o
উইদাউট	u i d a u T
উইন	u i n
উইনটার	u i n T a r
উইনটুফ্লাশ	u i n T u ph l a sh
উইনথ্রপের	u i n th r o p e r
উইনফ্রে	u i n ph r e
উইনফ্রের	u i n ph r e r
উইনস্টন	u i n sh T o n
উইনার	u i n a r
উইনারের	u i n a r e r
উইনি	u i n i
উইনিং	u i n i ng
উইনির	u i n i r
উইনের	u i n e r
উইন্টার	u i n T a r
উইন্ড	u i n D
উইন্ডওয়ার্ড	u i n D o O y a r D
উইন্ডমিল	u i n D o m i l
উইন্ডশিল্ড	u i n D sh i l D
উইন্ডসর	u i n D s o r
উইন্ডি	u i n D i
উইন্ডিজ	u i n D i j
উইন্ডিজকে	u i n D i j k e
উইন্ডিজের	u i n D i j e r
উইন্ডিশ্চ	u i n D i sh ch
উইন্ডিশ্চের	u i n D i sh ch e r
উইন্ডো	u i n D O
উইন্ডোজ	u i n D O j
উইন্ডোজনির্ভর	u i n D O j n i r bh o r
উইন্ডোজে	u i n D O j e
উইন্ডোজের	u i n D O j e r
উইন্ডোতে	u i n D O t e
উইন্সটন	u i n s T o n
উইন্সলেট	u i n s l e T
উইপোকার	u i p O k a r
উইভার্স	u i bh a r sh
উইভিং	u i bh i ng
উইম	u i m
উইমেন	u i m e n
উইমেনস	u i m e n sh
উইমেনের	u i m e n e r
উইমেন্স	u i m e n s
উইম্বলডন	u i mb o l D o n
উইম্বলডনে	u i mb O l D o n e
উইম্বলডনেও	u i mb o l D o n e O
উইম্বলডনের	u i mb O l D o n e r
উইম্যান	u i m e n
উইম্যানের	u i m e n e r
উইলকক্স	u i l k o k s o
উইলকারসন	u i l k a r s o n
উইলকিনসন	u i l o k i n sh o n
উইলটন	u i l T o n
উইলফ্রায়েড	u i l ph r a y e D
উইলফ্রেড	u i l ph r e D
উইলবার	u i l b a r
উইলমার	u i l m a r
উইলম্বডনের	u i mb o l D o n e r
উইলস	u i l sh
উইলসন	u i l s o n
উইলসনের	u i l s o n e r
উইলহেম	u i l h e m
উইলার্ড	u i l a r D
উইলি	u i l i
উইলিস	u i l i s
উইলিয়াম	u i l i a m
উইলিয়ামও	u i l i y a m O
উইলিয়ামকে	u i l i y a m k e
উইলিয়ামস	u i l i y a m sh o
উইলিয়ামসকে	u i l i y a m o sh k e
উইলিয়ামসন	u i l i y a m s o n
উইলিয়ামসনকে	u i l i y a m s o n k e
উইলিয়ামসনের	u i l i y a m s o n e r
উইলিয়ামসের	u i l i y a m s e r
উইলিয়ামের	u i l i y a m e r
উইলে	u i l e
উইলেমসেন	u i l e m s e n
উইলের	u i l e r
উইলো	u i l O
উইল্ডার্স	u i l D a r sh o
উইল্ডার্সের	u i l D a r sh e r
উইশ	u i sh
উইসকনসিন	u i s k o n sh i n
উইসকনসিনের	u i s o k o n sh i n e r
উইসনার	u i s o n a r
উইসনারের	u i s o n a r e r
উইসিন	u i s i n
উইড়া	u i r a
উক	u k
উকা	u k a
উকার	u k a r
উকি	u k i
উকিঝুকি	u k i jh u k i
উকিলকে	u k i l k e
উকিলপাড়া	u k i l p a r a
উকিয়ারা	u k i y a r a
উকুন	u k u n
উকুনের	u k u n e r
উকে	u k e
উকো	u k O
উক্	u k
উক্তরুপ	u kt o r u p
উক্তরুপে	u kt o r u p e
উক্তি	u kt i
উক্তিকে	u kt i k e
উক্তিটি	u kt i T i
উক্তিটির	u kt i T i r
উক্তিতে	u kt i t e
উক্ত্যক্ত	u kt o kt o
উখিয়া	u kh i y a
উখিয়ার	u kh i y a r
উখিয়ায়	u kh i y a y
উগলে	u g o l e
উগান্ডার	u g a n D a r
উগান্ডায়	u g a n D a y
উগ্র	u gr o
উগ্রতা	u gr O t a
উগ্রতায়	u gr o t a y
উগ্রপন্থা	u gr o p o n th a
উগ্রপন্থি	u gr O p O n th i | u gr o p o n th i
উগ্রপন্থিদের	u gr O p O n th i d e r | u gr o p o n th i d e r
উগ্রপন্থিরা	u gr O p O n th i r a | u gr o p o n th i r a
উগ্রবাদ	u gr O b a d
উগ্রবাদি	u gr O b a d i | u gr o b a d i
উগ্রবাদিদের	u gr O b a d i d e r | u gr o b a d i d e r
উগ্রবাদিরা	u gr O b a d i r a
উগ্রবাদের	u gr O b a d e r
উগড়ে	u g r e
উঘা	u gh a
উচট	u ch o T
উচল	u ch o l
উচা	u ch a
উচাটন	u ch a T o n
উচানো	u ch a n O
উচিত	u ch i t
উচিতও	u ch i t O
উচিত্	u ch i t
উচিৎ	u ch i t
উচিয়ে	u ch i y e
উচু	u ch u
উচুই	u ch u i
উচুতলার	u ch u t o l a r
উচুতে	u ch u t e
উচুদরের	u ch u d o r e r
উচুনিচু	u ch u n i ch u
উচুমাত্রার	u ch u m a tr a r
উচুমান	u ch u m a n
উচুমানের	u ch u m a n e r
উচে	u ch e
উচোট	u ch O T
উচ্চ-ক্ষমতার	u ch ch O kh o m O t a r
উচ্চকক্ষ	u ch ch O k o kkh O
উচ্চকক্ষে	u ch ch O k o kkh e
উচ্চকক্ষের	u ch ch O k o kkh e r
উচ্চকন্ঠ	u ch ch o k o n Th o | u ch ch O k o n Th O
উচ্চকন্ঠে	u ch ch o k o n Th e | u ch ch O k o n Th e
উচ্চকিত	u ch ch O k i t O
উচ্চক্ষমতার	u ch ch O kkh o m o t a r
উচ্চগতি	u ch ch O g o t i
উচ্চগতির	u ch ch O g O t i r
উচ্চগতিসম্পন্ন	u ch ch O g o t i sh o mp o nn o
উচ্চগ্রামে	u ch ch O gr a m e
উচ্চতাও	u ch ch O t a O
উচ্চতাকে	u ch ch O t a k e
উচ্চতাজনিত	u ch ch O t a j o n i t
উচ্চতাপে	u ch ch O t a p e
উচ্চতাবিশিশ্ট	u ch ch O t a b i sh i sh T o
উচ্চতাভিতি	u ch ch O t a bh i t i
উচ্চতার	u ch ch O t a r
উচ্চতাসম্পন্ন	u ch ch O t a sh o mp o nn o
উচ্চতায়	u ch ch O t a y
উচ্চধারনা	u ch ch O dh a r o n a
উচ্চন্ড	u ch ch O n D O
উচ্চপদস্থ	u ch ch O p o d o sth o
উচ্চপদে	u ch ch O p o d e
উচ্চপদের	u ch ch O p o d e r
উচ্চপর্যায়	u ch ch O p o r j a y
উচ্চপর্যায়ও	u ch ch O p o r j a y O
উচ্চপর্যায়ে	u ch ch O p o r j a y e
উচ্চপর্যায়েও	u ch ch O p o r j a y e O
উচ্চপর্যায়ের	u ch ch O p o r j a y e r
উচ্চপ্রজুক্তি	u ch ch O pr o j u kt i
উচ্চপ্রজুক্তির	u ch ch O pr O j u kt i r | u ch ch o pr o j u kt i r
উচ্চপ্রবাহ	u ch ch O pr o b a h o
উচ্চফলনশিল	u ch ch O ph o l O n sh i l | u ch ch o ph o l o n sh i l
উচ্চবর্নের	u ch ch o b o r n e r | u ch ch O b o r n e r
উচ্চবাচ্য	u ch ch O b a ch ch O
উচ্চবালিকা	u ch ch O b a l i k a
উচ্চবিত্ত	u ch ch O b i tt O
উচ্চবিত্তদের	u ch ch O b i tt O d e r
উচ্চবিত্তের	u ch ch O b i tt e r
উচ্চবিদ্যালয়	u ch ch O b i d d a l o y
উচ্চবিদ্যালয়কে	u ch ch O b i d d a l o y k e
উচ্চবিদ্যালয়গুলোতে	u ch ch O b i d d a l o y g u l O t e
উচ্চবিদ্যালয়সহ	u ch ch O b i d d a l o y sh o h O
উচ্চবিদ্যালয়ে	u ch ch O b i d d a l o y e
উচ্চবিদ্যালয়েও	u ch ch O b i d d a l o y e O
উচ্চবিদ্যালয়ের	u ch ch O b i d d a l o y e r
উচ্চমধ্যবিত্ত	u ch ch O m O d dh O b i tt O
উচ্চমধ্যবিত্তদের	u ch ch O m o d dh o b i tt o d e r
উচ্চমর্যাদা	u ch ch O m o r o j a d a
উচ্চমর্যাদায়	u ch ch O m o r o j a d a y
উচ্চমহল	u ch ch O m o h o l
উচ্চমহলে	u ch ch O m o h o l e
উচ্চমহলের	u ch ch O m o h o l e r
উচ্চমাত্রা	u ch ch O m a tr a
উচ্চমাত্রার	u ch ch O m a tr a r
উচ্চমাত্রায়	u ch ch O m a tr a y
উচ্চমাধ্যমিক	u ch ch O m a d dh O m i k
উচ্চমাধ্যমিকসহ	u ch ch O m a d dh m i k sh o h O
উচ্চমাধ্যমিকে	u ch ch O m a d dh O m i k e
উচ্চমাধ্যমিকের	u ch ch O m a d dh O m i k e r
উচ্চমান	u ch ch O m a n
উচ্চমানসম্পন্ন	u ch ch O m a n sh o mp o nn o
উচ্চমানের	u ch ch O m a n e r
উচ্চমার্গিয়	u ch ch O m a r g i y O
উচ্চমার্গের	u ch ch O m a r g e r
উচ্চমুল্য	u ch ch O m u l l O | u ch ch o m u l l o
উচ্চমুল্যে	u ch ch O m u l l e | u ch ch o m u l l e
উচ্চমুল্যের	u ch ch O m u l l e r | u ch ch o m u l l e r
উচ্চরক্তচাপ	u ch ch O r o kt O ch a p
উচ্চরক্তচাপে	u ch ch O r o kt o ch a p e
উচ্চরক্তচাপের	u ch ch O r o kt O ch a p e r
উচ্চরন	u ch ch O r o n
উচ্চল	u ch ch O l
উচ্চশক্তির	u ch ch O sh o kt i r
উচ্চশব্দে	u ch ch O sh o b d e
উচ্চশিক্ষা	u ch ch O sh i kkh a
উচ্চশিক্ষাপ্রতিশ্ঠান	u ch ch O sh i kkh a pr o t i sh Th a n
উচ্চশিক্ষাপ্রতিশ্ঠানে	u ch ch O sh i kkh a pr o t i sh Th a n e
উচ্চশিক্ষাপ্রতিশ্ঠানের	u ch ch O sh i kkh a pr o t i sh Th a n e r
উচ্চশিক্ষাব্যবস্থা	u ch ch O sh i kkh a b A b o sth a
উচ্চশিক্ষামন্ত্রি	u ch ch O sh i kkh a m o n t r i
উচ্চশিক্ষার	u ch ch O sh i kkh a r
উচ্চশিক্ষার্থে	u ch ch O sh i kkh a r th e
উচ্চশিক্ষাসহ	u ch ch O sh i kkh a sh o h O
উচ্চশিক্ষায়	u ch ch O sh i kkh a y
উচ্চশিক্ষিত	u ch ch O sh i kkh i t O
উচ্চশ্রেনির	u ch ch O sh r e n i r
উচ্চস্তরে	u ch ch O st o r e
উচ্চস্তরের	u ch ch O st o r e r
উচ্চস্বরে	u ch ch O sh o r e
উচ্চহার	u ch ch O r
উচ্চহারের	u ch ch O r e r
উচ্চাংগ	u ch ch a ng g
উচ্চাংগসংগিত	u ch ch a ng g sh o ng g i t
উচ্চাংগসংগিতশিল্পি	u ch ch a ng g o sh o ng g i t sh i l p i
উচ্চাংগসংগিতের	u ch ch a ng g sh o ng g i t e r
উচ্চাং্গ	u ch ch a ng g O
উচ্চাকাংক্ষা	u ch ch a k a ng kh a
উচ্চাকাংক্ষার	u ch ch a k a ng kh a y
উচ্চাকাংক্ষি	u ch ch a k a ng kh i
উচ্চাটন	u ch ch a T o n
উচ্চাবচ	u ch ch a b o ch O
উচ্চাভিলাশ	u ch ch a bh i l a sh
উচ্চাভিলাশি	u ch ch a bh i l a sh i
উচ্চাভিলাশিই	u ch ch a bh i l a sh i i
উচ্চাভিলাশের	u ch ch a bh i l a sh e r
উচ্চাভিলাসি	u ch ch a bh i l a sh i
উচ্চার	u ch ch a r
উচ্চারন	u ch ch a r o n | u ch ch a r O n
উচ্চারনই	u ch ch a r o n i
উচ্চারনও	u ch ch a r o n O | u ch ch a r O n O
উচ্চারনরিতি	u ch ch a r o n r i t i
উচ্চারনে	u ch ch a r o n e | u ch ch a r O n e
উচ্চারনেই	u ch ch a r o n e i
উচ্চারনের	u ch ch a r o n e r | u ch ch a r O n e r
উচ্চারিত	u ch ch a r i t O
উচ্চাশা	u ch ch a sh a
উচ্চাশয়	u ch ch a sh o y
উচ্চাসনে	u ch ch a sh o n e
উচ্চায়	u ch ch a y
উচ্চে	u ch ch e
উচ্চোইঃ	u ch ch oi
উচ্ছন্ন	u ch ch o nn o
উচ্ছল	u ch chh o l
উচ্ছলতার	u ch chh o l o t a r
উচ্ছলতায়	u ch chh o l o t a y
উচ্ছা	u ch chh a
উচ্ছাস	u ch chh a sh
উচ্ছিত্তি	u ch chh i tt i
উচ্ছিদ্যমান	u ch chh i d d O m a n
উচ্ছিন্ন	u ch chh i nn O
উচ্ছিলিন্ধ্র	u ch chh i l i n dh r O
উচ্ছিশ্ট	u ch chh i sh T O | u ch chh i sh T
উচ্ছৃংখল	u ch chh r i ng kh o l
উচ্ছৃংখলতা	u ch chh ri ng kh o l o t a
উচ্ছৃংখলতার	u ch chh ri ng kh o l o t a r
উচ্ছে	u ch chh e
উচ্ছেদকাজ	u ch chh e d k a j
উচ্ছেদকারি	u ch chh e d k a r i
উচ্ছেদকারিদের	u ch chh e d k a r i d e r
উচ্ছেদকৃত	u ch chh e d k ri t o
উচ্ছেদজোগ্য	u ch chh e d j O g g o
উচ্ছেদসহ	u ch chh e d sh o h O
উচ্ছেদে	u ch chh e d e
উচ্ছোশন	u ch chh O sh O n
উচ্ছ্বল	u ch chh o l
উচ্ছ্বসন	u ch chh o sh o n
উচ্ছ্বসিত	u ch chh O sh i t O
উচ্ছ্বাসও	u ch chh a sh O
উচ্ছ্বাসটা	u ch chh a sh T a
উচ্ছ্বাসের	u ch chh a sh e r
উছল	u chh o l
উছলে	u chh l e
উছাস	u chh a sh
উছিলা	u sh i l a
উছুল	u chh u l
উছোই	u chh O i
উজবেকদের	u j b e k d e r
উজবেকরা	u j b e k r a
উজবেকিস্তান	u j b e k i st a n
উজবেকিস্তানে	u j b e k i st a n e
উজবেকিস্তানের	u j b e k i st a n e r
উজরত	u j r o t
উজলপুর	u j o l p u r
উজাগর	u j a g o r
উজানচর	u j a n ch o r
উজানমুখি	u j a n m u kh i
উজানে	u j a n e
উজানের	u j a n e r
উজার	u j a r
উজালা	u j a l a
উজাড়	u j a r
উজাড়ের	u j a r e r
উজির	u j i r
উজিরপুর	u j i r p u r
উজিরপুরে	u j i r p u r e
উজিরপুরের	u j i r p u r e r
উজিরে	u j i r e
উজিয়ে	u j i y e
উজোর	u j O r
উজ্জল	u j j o l
উজ্জলতা	u j j o l o t a
উজ্জামান	u j j a m a n
উজ্জিবক	u j j i b o k
উজ্জিবকদের	u j j i b o k d e r
উজ্জিবন	u j j i b O n
উজ্জিবনি	u j j i b O n i | u j j i b o n i
উজ্জিবনের	u j j i b o n e r
উজ্জিবিত	u j j i b i t O | u j j i b i t o
উজ্জ্বলই	u j j o l i
উজ্জ্বলকে	u j j o l k e
উজ্জ্বলতম	u j j o l t o m O
উজ্জ্বলতর	u j j o l t o r O
উজ্জ্বলতা	u j j o l O t a
উজ্জ্বলতার	u j j o l o t a r
উজ্জ্বলভাবে	u j j o l bh a b e
উজ্জ্বলসহ	u j j o l sh o h O
উজ্জ্বলের	u j j o l e r
উজ্জ্বিবিত	u j j i b i t O
উঝটি	u jh o T i
উঞ্ছ	u n chh o
উটও	u T O
উটকো	u T k O
উটজ	u T o j
উটটিকে	u T T i k e
উটপাখির	u T p a kh i r
উটাকা	u T a k a
উটাকার	u T a k a r
উটাহ	u T a h
উটে	u T e
উটের	u T e r
উটোইয়া	u T O i y a
উটোয়া	u T O y a
উঠ	u Th O
উঠছি	u Th chh i
উঠছিল	u Th chh i l o
উঠছিলাম	u Th chh i l a m
উঠছিলেন	u Th chh i l e n
উঠছেই	u Th chh e i
উঠতাম	u Th t a m
উঠতি	u Th t i
উঠতে	u Th t e
উঠতেই	u Th t e i
উঠতেও	u Th t e O
উঠন	u Th o n
উঠন্ত	u Th o nt O
উঠব	u Th b O
উঠবস	u Th b o sh
উঠবার	u Th b a r
উঠবে	u Th b e
উঠবেই	u Th b e i
উঠবেন	u Th b e n
উঠল	u Th l O
উঠলে	u Th l e
উঠলেই	u Th l e i
উঠলেও	u Th l e O
উঠলেন	u Th l e n
উঠলো	u Th l O
উঠা	u Th a
উঠাইয়া	u Th a i y a
উঠাতে	u Th a t e
উঠানামা	u Th a n a m a
উঠানের	u Th a n e r
উঠানো	u Th a n O
উঠার	u Th a r
উঠায়	u Th a y
উঠায়ে	u Th a y e
উঠি	u Th i
উঠিত	u Th i t
উঠিনি	u Th i n i
উঠিবে	u Th i b e
উঠিল	u Th i l O
উঠিয়া	u Th i y a
উঠিয়াছে	u Th i y a chh e
উঠিয়ে	u Th i y e
উঠিয়েছে	u Th i y e chh e
উঠিয়েছেন	u Th i y e chh e n
উঠেও	u Th e O
উঠেছি	u Th e chh i
উঠেছিলেন	u Th e chh i l e n
উঠেছিলো	u Th e chh i l O
উঠেছেন	u Th e chh e n
উঠেন	u Th e n
উঠেনি	u Th e n i
উঠেপড়ে	u Th e p o r e
উঠোন	u Th O n
উঠোনে	u Th O n e
উঠয়ে	u Th o y e
উডওয়ার্ড	u D O y a r D
উডবারি	u D b a r i
উডল্যান্ড	u D l A n D
উডস	u D sh
উডসকে	u D o sh k e
উডসের	u D s e r
উডহাউস	u D h a u s
উড়তে	u r t e
উড়ন্ত	u r O nt O
উড়াল	u r a l
উড়োজাহাজ	u r O j a h a j
উডাইল	u D a i l
উডি	u D i
উডেন	u D e n
উডেনফ্লোর	u D e n ph l O r
উড্ডিন	u D D i n
উড্ডয়ন	u D D o y o n
উড্ডয়নকালে	u D D o y o n k a l e
উড্ডয়নক্ষম	u D D o y o n kh o m O
উড্ডয়ননিরাপত্তা	u D D o y o n n i r a p o tt a
উড্ডয়নে	u D D o y o n e
উড্ডয়নের	u D D o y o n e r
উড্রো	u D r O
উতপত	u t o p o t o
উতপাদক	u t p a d O k
উতর	u t o r
উতরাই	u t r a i
উতরাইয়ের	u t r a i y e r
উতরানো	u t r a n O
উতরানোর	u t r a n O r
উতরে	u t r e
উতরোল	u t O r O l o
উতল	u t o l
উতলা	u t o l a
উতসেয়া	u t sh e y a
উতাপিত	u t a p i t O
উতার	u t a r
উতারা	u t a r a
উতোর	u t O r
উত্কট	u t k o T
উত্কন্ঠা	u t k o n Th a
উত্কন্ঠার	u t k o n Th a r
উত্কন্ঠায়	u t k o n Th a y
উত্কন্ঠিত	u t k o n Th i t o
উত্কর্ষ	u t k o r sh o
উত্কর্ষের	u t k o r sh e r
উত্কৃশ্ট	u t k ri sh T O | u t k ri sh T o
উত্খাত	u t kh a t
উত্খাতে	u t kh a t e
উত্খাতের	u t kh a t e r
উত্তত	u tt o t O
উত্তপ্ত	u tt o p t O
উত্তম	u tt o m
উত্তমকুমারের	u tt o m k u m a r e r
উত্তমকে	u tt o m k e
উত্তমরুপে	u tt o m r u p e
উত্তমর্ন	u tt O m o r n O
উত্তমাংগ	u tt O m a ng g O
উত্তমাশা	u tt O m a sh a
উত্তমের	u tt o m e r
উত্তম্মন্যতা	u tt o mm o n n O t a
উত্তরংগ	u tt O r O ng g O
উত্তরও	u tt O r O
উত্তরকালে	u tt O r k a l e
উত্তরকালেও	u tt O r k a l e O
উত্তরকালের	u tt O r k a l e r
উত্তরখান	u tt O r kh a n
উত্তরখানে	u tt O r kh a n e
উত্তরখানের	u tt O r kh a n e r
উত্তরগুলো	u tt O r g u l O
উত্তরটা	u tt O r T a
উত্তরটাই	u tt O r T a i
উত্তরটাও	u tt O r T a O
উত্তরটি	u tt O r T i
উত্তরটিও	u tt O r T i O
উত্তরটির	u tt O r T i r
উত্তরদাতা	u tt O r d a t a
উত্তরদাতাই	u tt O r d a t a i
উত্তরদাতাদের	u tt O r d a t a d e r
উত্তরদাতার	u tt O r d a t a r
উত্তরদাতারা	u tt O r d a t a r a
উত্তরন	u tt o r o n | u tt O r O n
উত্তরনও	u tt O r o n O
উত্তরনির্ভর	u tt O r n i r bh o r
উত্তরনে	u tt o r o n e | u tt O r O n e
উত্তরনের	u tt o r o n e r | u tt O r O n e r
উত্তরপত্র	u tt O r p o tr O
উত্তরপত্রগুলো	u tt O r p o tr o g u l O
উত্তরপত্রসহ	u tt O r p o tr o sh o h O
উত্তরপত্রে	u tt O r p o tr e
উত্তরপত্রের	u tt O r p o tr e r
উত্তরপশ্চিম	u tt O r p O sh ch i m
উত্তরপাড়া	u tt O r p a r a
উত্তরপাড়া	u tt O r p a r a
উত্তরপাড়ার	u tt O r p a r a r
উত্তরপাড়ায়	u tt O r p a r a y
উত্তরপুরুশ	u tt O r p u r u sh
উত্তরপুর্ব	u tt O r p u r b O
উত্তরপ্রদেশে	u tt O r pr O d e sh e
উত্তরপ্রদেশের	u tt O r pr O d e sh e r
উত্তরবংগ	u tt O r b o ng g o
উত্তরবংগকে	u tt O r b o ng g o k e
উত্তরবংগগামি	u tt O r b o ng g a m i
উত্তরবংগসহ	u tt O r b o ng g o sh o h O
উত্তরবংগে	u tt O r b o ng g e
উত্তরবংগের	u tt O r b o ng g e r
উত্তরবং্গে	u tt O r b o ng g e
উত্তরমুখি	u tt O r m u kh i
উত্তরসংবলিত	u tt O r sh o ng b o l i t o
উত্তরসহ	u tt O r sh o h O
উত্তরসুরি	u tt O r sh u r i | u tt o r sh u r i
উত্তরসুরিকে	u tt O r sh u r i k e
উত্তরসুরিদের	u tt O r sh u r i d e r | u tt o r sh u r i d e r
উত্তরসুরির	u tt O r sh u r i r | u tt o r sh u r i r
উত্তরসুরিরা	u tt O r sh u r i r a | u tt o r sh u r i r a
উত্তরহিন	u tt O r h i n
উত্তরা	u tt O r a
উত্তরাংগন	u tt O r a ng g o n
উত্তরাংশ	u tt O r a ng sh
উত্তরাংশে	u tt O r a ng sh e
উত্তরাখন্ড	u tt O r a kh o n D O | u tt o r a kh o n D
উত্তরাখন্ডে	u tt O r a kh o n D e
উত্তরাখন্ডের	u tt O r a kh o n D e r
উত্তরাঞ্চল	u tt O r a nch O l
উত্তরাঞ্চলগামি	u tt O r a nch o l g a m i
উত্তরাঞ্চলসহ	u tt O r a nch o l sh o h O
উত্তরাঞ্চলিয়	u tt O r a nch o l i y O
উত্তরাঞ্চলে	u tt O r a nch o l e
উত্তরাঞ্চলের	u tt O r a nch o l e r
উত্তরাতে	u tt O r a t e
উত্তরাধিকার	u tt O r a dh i k a r
উত্তরাধিকারকে	u tt O r a dh i k a r k e
উত্তরাধিকারসুত্রে	u tt O r a dh i k a r sh u tr e | u tt o r a dh i k a r sh u tr e
উত্তরাধিকারি	u tt O r a dh i k a r i | u tt o r a dh i
উত্তরাধিকারিদের	u tt O r a dh i k a r i d e r | u tt o r a dh i k a r i d e r
উত্তরাধিকারির	u tt O r a dh i k a r i r
উত্তরাধিকারিরা	u tt O r a dh i k a r i r a
উত্তরাধিকারে	u tt O r a dh i k a r e
উত্তরাধিকারের	u tt O r a dh i k a r e r
উত্তরাপথ	u tt O r a p o th
উত্তরার	u tt O r a r
উত্তরাশা	u tt O r a sh a
উত্তরাশাড়া	u tt O r a sh a r a
উত্তরাসহ	u tt O r a sh o h O
উত্তরাস্য	u tt O r a sh sh O
উত্তরায়	u tt O r a y
উত্তরায়ন	u tt O r a y o n
উত্তরিয়	u tt O r i y O
উত্তরে	u tt O r e
উত্তরেও	u tt O r e O
উত্তরোত্তর	u tt O r O tt O r
উত্তল	u tt o l
উত্তান	u tt a n
উত্তাপটা	u tt a p T a
উত্তাপে	u tt a p e
উত্তাপের	u tt a p e r
উত্তাল	u tt a l
উত্তির্ন	u tt i r n O | u tt i r n o
উত্তির্নদের	u tt i r n O d e r | u tt i r n o d e r
উত্তির্নরা	u tt i r n O r a | u tt i r n o r a
উত্তির্নরাও	u tt i r n O r a O
উত্তির্নের	u tt i r n e r
উত্তুংগ	u tt u ng g O
উত্তুংগে	u tt u ng g e
উত্তুরে	u tt u r e
উত্তেজক	u tt e j o k
উত্তেজনা	u tt e j O n a
উত্তেজনাই	u tt e j o n a i
উত্তেজনাও	u tt e j O n a O
উত্তেজনাকে	u tt e j O n a k e
উত্তেজনাপুর্ন	u tt e j O n a p u r n O | u tt e j o n a p u r n o
উত্তেজনাময়	u tt e j o n a m o y
উত্তেজনার	u tt e j O n a r
উত্তেজনাহিন	u tt e j o n a h i n
উত্তেজনায়	u tt e j o n a y
উত্তোলনও	u tt O l o n O
উত্তোলনকারি	u tt O l o n k a r i
উত্তোলনকারিদের	u tt O l o n k a r i d e r
উত্তোলনকে	u tt O l o n k e
উত্তোলনজোগ্য	u tt O l o n j O g g o
উত্তোলনমঞ্চের	u tt O l o n m o nch e r
উত্তোলনে	u tt O l o n e
উত্তোলনের	u tt O l O n e r
উত্ত্যক্ত	u tt o kt O
উত্ত্যক্তকরন	u tt o kt o k o r o n
উত্ত্যক্তকরনের	u tt o kt o k o r o n e r
উত্ত্যক্তকারি	u tt o kt o k a r i
উত্ত্যক্তকারিকে	u tt o kt o k a r i k e
উত্ত্যক্তকারিদের	u tt o kt o k a r i d e r
উত্ত্যক্তকারির	u tt o kt o k a r i r
উত্ত্যক্তকারিরা	u tt o kt o k a r i r a
উত্ত্যক্ততা	u tt o kt o t a
উত্ত্যক্ততার	u tt o kt o t a r
উত্ত্যক্তের	u tt o kt e r
উত্থ	u t th O
উত্থানটা	u t th a n T a
উত্থানের	u t th a n e r
উত্থাপনকারি	u t th a p o n k a r i
উত্থাপনকালে	u t th a p o n k a l e
উত্থাপনের	u t th a p o n e r
উত্থাপিত	u t th a p i t O
উত্থিত	u t th i t O
উত্থুপ	u t th u p
উত্পত্তিস্থল	u t p o tt i sth o l
উত্পন্ন	u t p o nn O
উত্পল	u t p o l
উত্পাটন	u t p a T o n
উত্পাত	u t p a t
উত্পাতে	u t p a t e
উত্পাদক	u t p a d o k
উত্পাদকদের	u t p a d o k d e r
উত্পাদকেরা	u t p a d o k e r a
উত্পাদন	u t p a d O n
উত্পাদনও	u t p a d o n O
উত্পাদনকারি	u t p a d O n k a r i | u t p a d o n k a r i
উত্পাদনকে	u t p a d o n k e
উত্পাদনকেন্দ্র	u t p a d o n k e ndr o
উত্পাদনক্ষমতা	u t p a d o n kh o m o t a
উত্পাদনক্ষমতার	u t p a d o n kh o m o t a r
উত্পাদনমুখি	u t p a d o n m u kh i
উত্পাদনশিল	u t p a d o n sh i l
উত্পাদনশিলতা	u t p a d o n sh i l o t a
উত্পাদনসহ	u t p a d o n sh o h O
উত্পাদনে	u t p a d O n e
উত্পাদনের	u t p a d o n e r
উত্পাদিত	u t p a d i t O
উত্পিড়নের	u t p i r o n e r
উত্ফুল্ল	u t ph u l l o
উত্স	u t sh O
উত্সব	u t sh o b
উত্সবও	u t sh o b O
উত্সবকে	u t sh o b k e
উত্সবটা	u t sh o b T a
উত্সবমুখর	u t sh o b m u kh u r
উত্সবসহ	u t sh o b sh o h O
উত্সবে	u t sh o b e
উত্সমুখে	u t sh o m u kh e
উত্সস্থল	u t sh o sth o l
উত্সারিত	u t sh a r i t o
উত্সাহ	u t sh a h O
উত্সাহব্যঞ্জক	u t sh a h o b A n j o k
উত্সাহি	u t sh a h i
উত্সাহিত	u t sh a h i t O
উত্সাহে	u t sh a h e
উত্সাহের	u t sh a h e r
উত্সুক	u t sh u k
উথলি	u th l i
উথলে	u th o l e
উথাপ্পা	u th a p p a
উথাপ্পার	u th a p p a r
উথাল	u th a l
উথালপাথাল	u th a l p a th a l
উদ	u d
উদগ্র	u d o gr O
উদগ্রিব	u d g ri b | u d gr i b
উদঘাটন	u d gh a T O n
উদঘাটনে	u d gh a T O n e
উদঘাটনের	u d gh a T O n e r
উদচ্	u d o ch
উদজ	u d o j
উদজান	u d j a n
উদজাপন	u d j a p O n | u d j a p o n
উদজাপনটা	u d j a p O n T a
উদজাপনে	u d j a p O n e | u d j a p o n e
উদজাপনের	u d j a p O n e r | u d j a p o n e r
উদজাপিত	u d j a p i t O | u d j a p i t o
উদদিন	u d d i n
উদধি	u d O dh i
উদভ্রান্ত	u d bh r a nt O
উদভ্রান্তের	u d bh r a nt e r
উদম	u d o m
উদমাদা	u d m a d a
উদমো	u d m O
উদর	u d O r
উদরপুর্তি	u d o r p u r t i
উদরাময়	u d o r a m o y
উদরের	u d o r e r
উদহারন	u d o h a r o n
উদা	u d a
উদাখালি	u d a kh a l i
উদান	u d a n
উদারতা	u d a r o t a
উদারতাবাদ	u d a r o t a b a d
উদারতাবাদি	u d a r o t a b a d i
উদারতাবাদের	u d a r o t a b a d e r
উদারতার	u d a r o t a r
উদারতায়	u d a r o t a y
উদারনইতিক	u d a r n O i t i k
উদারনিতিক	u d a r n i t i k
উদারনিতির	u d a r n i t i r
উদারনোইতিক	u d a r n O u t i k
উদারপন্থা	u d a r p o n th a
উদারপন্থি	u d a r p O n th i | u d a r p o n th i
উদারপন্থিদের	u d a r p o n th i d e r
উদারপন্থিরা	u d a r p o n th i r a
উদারবাদি	u d a r b a d i
উদারভাবে	u d a r bh a b e
উদারমনা	u d a r m o n a
উদারা	u d a r a
উদারিকরন	u d a r i k o r o n
উদারিকরনের	u d a r i k o r O n e r | u d a r i k o r o n e r
উদাস	u d a sh
উদাসল	u d a sh o l
উদাসি	u d a sh i
উদাসিন	u d a sh i n
উদাসিনতা	u d a sh i n o t a
উদাসিনতাকে	u d a sh i n o t a k e
উদাসিনতার	u d a sh i n o t a r
উদাসিনতায়	u d a sh i n o t a y
উদাসিনি	u d a sh i n i
উদাহরন	u d a h o r o n | u d a h o r O n
উদাহরনই	u d a h o r o n i
উদাহরনও	u d a h o r o n O | u d a h o r O n O
উদাহরনটা	u d a h o r o n T a
উদাহরনটি	u d a h o r o n T i | u d a h o r O n T i
উদাহরনসহ	u d a h o r o n sh o h O | u d a h o r O n sh o h O
উদাহরনস্বরুপ	u d a h o r o n sh o r u p | u d a h o r O n sh O r u p
উদাহরনস্বরুপঃ	u d a h o r o n sh o r u p | u d a h o r o n sh O r u p
উদাহরনে	u d a h o r o n e
উদাহরনের	u d a h o r o n e r | u d a h o r O n e r
উদিগরন	u d i g o r o n
উদিগরনের	u d i g o r o n e r
উদিচি	u d i ch i
উদিচির	u d i ch i r
উদিরন	u d i r o n
উদির্ন	u d i r n O
উদিয়মান	u d i O m a n | u d i y O m a n
উদুখল	u d u kh o l
উদেজাগ	u d e j O g
উদেশ	u d e sh o
উদোম	u d O m
উদোর	u d O r
উদ্গত	u d g o t O
উদ্গাতা	u d g a t a
উদ্গার	u d g a r
উদ্গিত	u d g i t O
উদ্গিম	u d g i m
উদ্গিরিত	u d g i r i t o
উদ্গির্ন	u d g i r n O
উদ্গ্রিব	u d g ri b | u d gr i b
উদ্ঘট্টন	u d gh o T T o n
উদ্ঘাটনে	u d gh a T O n e
উদ্ঘাটিত	u d gh a T i t o
উদ্ঘুট্টি	u d gh u T T i
উদ্দন্ড	u d d o n D O
উদ্দাম	u d d a m
উদ্দিন	u d d i n
উদ্দিনও	u d d i n O
উদ্দিনকে	u d d i n k e
উদ্দিনসহ	u d d i n sh o h O | u d d i n sh o h O
উদ্দিনের	u d d i n e r
উদ্দিপক	u d d i p o k
উদ্দিপকটি	u d d i p o k T i
উদ্দিপকে	u d d i p o k e
উদ্দিপকের	u d d i p o k e r
উদ্দিপন	u d d i p o n
উদ্দিপনা	u d d i p o n a
উদ্দিপনামুলক	u d d i p o n a m u l O k | u d d i p o n a m u l o k
উদ্দিপনাময়	u d d i p o n a m o y
উদ্দিপনার	u d d i p o n a r
উদ্দিপনায়	u d d i p o n a y
উদ্দিপিত	u d d i p i t O | u d d i p t o
উদ্দিপ্ত	u d d i p t O | u d d i p t o
উদ্দিশ্ট	u d d i sh T O | u d d i sh T o
উদ্দেশ	u d d e sh
উদ্দেশে	u d d e sh e
উদ্দেশেই	u d d e sh e i
উদ্দেশ্যই	u d d e sh sh O i
উদ্দেশ্যটা	u d d e sh sh O T a
উদ্দেশ্যটাও	u d d e sh sh o T a O
উদ্দেশ্যটি	u d d e sh sh o T i
উদ্দেশ্যপুর্ন	u d d e sh sh o p u r n o
উদ্দেশ্যপ্রনোদিত	u d d e sh sh o pr o n O d i t o | u d d e sh sh O pr O n O d i t O
উদ্দেশ্যপ্রনোদিতভাবে	u d d e sh sh o pr o n O d i t o bh a b e | u d d e sh sh O pr O n O d i t O bh a b e
উদ্দেশ্যমুলক	u d d e sh sh o m u l O k | u d d e sh sh o m u l u k
উদ্দেশ্যমুলকভাবে	u d d e sh sh o m u l u k bh a b e
উদ্দেশ্যসম্পন্ন	u d d e sh sh o sh o mp o nn o
উদ্দেশ্যহিন	u d d e sh sh O h i n | u d d e sh sh o h i n
উদ্দেশ্যে	u d d e sh sh e
উদ্দেশ্যেই	u d d e sh sh e i
উদ্দেশ্যেও	u d d e sh sh e O
উদ্দেশ্যের	u d d e sh sh e r
উদ্দ্যেশে	u d d e sh e
উদ্ধভ	u d dh o bh
উদ্ধরন	u d dh o r O n
উদ্ধাবিত	u d dh a b i t O
উদ্ধারও	u d dh a r O
উদ্ধারকরে	u d dh a r k O r e
উদ্ধারকর্তা	u d dh a r k o r t a
উদ্ধারকর্মি	u d dh a r k O r m i | u d dh a r k o r m i
উদ্ধারকর্মিদের	u d dh a r k O r m i d e r | u d dh a r k o r m i d e r
উদ্ধারকর্মির	u d dh a r k o r m i r
উদ্ধারকর্মিরা	u d dh a r k O r m i r a | u d dh a r k o r m i r a
উদ্ধারকাজের	u d dh a r k a j e r
উদ্ধারকারি	u d dh a r k a r i
উদ্ধারকারিদের	u d dh a r k a r i d e r
উদ্ধারকারিরা	u d dh a r k a r i r a
উদ্ধারকৃত	u d dh a r k ri t O
উদ্ধারকৃতদের	u d dh a r k ri t O d e r
উদ্ধারকে	u d dh a r k e
উদ্ধারকেন্দ্র	u d dh a r k e ndr o
উদ্ধারসহ	u d dh a r sh o h O
উদ্ধারের	u d dh a r e r
উদ্ধুদ্ধ	u d dh u d dh o
উদ্ধৃতি	u d dh ri t i
উদ্ধৃতির	u d dh ri t i r
উদ্ধৃত্ত	u d b r i tt O
উদ্বন্ধন	u d b o ndh O n
উদ্বমন	u d b o m o n
উদ্বর্ত	u d b o r t O
উদ্বর্তন	u d b o r t o n
উদ্বাসন	u d b a sh o n
উদ্বাস্তুদের	u d b a st u d e r
উদ্বাস্তুরা	u d b a st u r a
উদ্বাহ	u d b a h O
উদ্বাহন	u d b a h O n
উদ্বাহি	u d b a h i
উদ্বাহু	u d b a h u
উদ্বায়ি	u d b a y i
উদ্বায়ু	u d b a y u
উদ্বিগ্নও	u d b i g n o O
উদ্বিগ্নতা	u d b i g n O t a
উদ্বিড়াল	u d b i r a l
উদ্বুদ্ধই	u d b u d dh o i
উদ্বুদ্ধকরন	u d b u d dh o k o r o n | u d b u d dh O k o r O n
উদ্বুদ্ধকরনের	u d b u d dh o k o r o n e r
উদ্বৃত্তপত্র	u d b ri tt o p o tr o
উদ্বৃত্তাবস্থা	u d b ri tt a b o sth a
উদ্বৃত্তের	u d b ri tt e r
উদ্বেগও	u d b e g O
উদ্বেগকে	u d d e g k e
উদ্বেগগুলো	u d d e g g u l O
উদ্বেগজনক	u d b e g j o n O k
উদ্বেগজনকও	u d d e g j o n o k O
উদ্বেগজনকভাবে	u d d e g j o n O k bh a b e
উদ্বেগটা	u d d e g T a
উদ্বেগেরও	u d d e g e r O
উদ্বেজক	u d b e j o k
উদ্বেজন	u d b e j o n
উদ্বেলিত	u d b e l i t O
উদ্বোধ	u d b O dh
উদ্বোধক	u d b O dh O k
উদ্বোধনও	u d b O dh o n O
উদ্বোধনকালে	u d b O dh O n k a l e
উদ্বোধনকে	u d b O dh o n k e
উদ্বোধনসহ	u d b O dh o n sh o h O
উদ্বোধনি	u d b O dh O n i | u d b O dh o n i
উদ্বোধনিতে	u d b O dh O n i t e | u d b O dh o n i t e
উদ্বোধনির	u d b O dh o n i r
উদ্বোধনের	u d b O dh O n e r
উদ্বোধিত	u d b O dh i t o
উদ্ব্যক্ত	u d b A kt O
উদ্ব্যস্ত	u d b A st O
উদ্ভট	u d bh o T
উদ্ভব	u d bh o b
উদ্ভবের	u d bh o b e r
উদ্ভাবক	u d bh a b O k
উদ্ভাবকদের	u d bh a b o k d e r
উদ্ভাবকরা	u d bh a b O k r a
উদ্ভাবকের	u d bh a b o k e r
উদ্ভাবকেরা	u d bh a b o k e r a
উদ্ভাবনও	u d bh a b o n O
উদ্ভাবনকে	u d bh a b O n k e
উদ্ভাবনটা	u d bh a b o n T a
উদ্ভাবনমুলক	u d bh a b o n m u l u k
উদ্ভাবনি	u d bh a b O n i | u d bh a b o n i
উদ্ভাবনিমুলক	u d bh a b o n i m u l o k
উদ্ভাবনির	u d bh a b o n i r
উদ্ভাবনিশক্তি	u d bh a b o n i sh o kt i
উদ্ভাবনের	u d bh a b O n e r
উদ্ভাস	u d bh a sh
উদ্ভাসিত	u d bh a sh i t O
উদ্ভিজ্জ	u d bh i j j O
উদ্ভিদ	u d bh i d
উদ্ভিদটি	u d bh i d T i
উদ্ভিদতাত্ত্বিক	u d bh i d t a t t i k
উদ্ভিদবিজ্ঞান	u d bh i d b i g g a n
উদ্ভিদবিজ্ঞানি	u d bh i d b i g g a n i
উদ্ভিদবিজ্ঞানের	u d bh i d b i g g a n e r
উদ্ভিদবিদ্যা	u d bh i d b i d d a
উদ্ভিদবিদ্যার	u d bh i d b i d A r
উদ্ভিদে	u d bh i d e
উদ্ভিদের	u d bh i d e r
উদ্ভিন্ন	u d bh i nn O
উদ্ভুত	u d bh u t O | u d bh u t
উদ্ভেদ	u d bh e d
উদ্ভ্রম	u d bh r o m bh r O
উদ্ভ্রান্ত	u d bh r a nt O
উদ্ভ্রান্তের	u d bh r a nt e r
উদ্যত	u d d o t O
উদ্যম	u d d O m
উদ্যমকে	u d d o m k e
উদ্যমি	u d d O m i | u d d o m i
উদ্যমে	u d d o m e
উদ্যমের	u d d o m e r
উদ্যানকে	u d d a n k e
উদ্যানটি	u d d a n T i
উদ্যানটিকে	u d d a n T i k e
উদ্যানতত্ত্ববিদ	u d d a n t o t t O b i d
উদ্যানসংলগ্ন	u d d a n sh o ng l o g n o
উদ্যানসহ	u d d a n sh o h O
উদ্যানেও	u d d a n e O
উদ্যানের	u d d a n e r
উদ্যাপন	u d A p O n
উদ্যাপনও	u d d a p o n
উদ্যাপনটা	u d d a p o n T a
উদ্যাপনে	u d d a p o n e
উদ্যাপনেও	u d d a p o n e O
উদ্যাপনের	u d d a p o n e r
উদ্যাপিত	u d d a p i t
উদ্যেগে	u d d e g e
উদ্যোক্তা	u d d O kt a
উদ্যোক্তাই	u d d O kt a i
উদ্যোক্তাও	u d d O kt a
উদ্যোক্তাকে	u d d O kt a k e
উদ্যোক্তাদের	u d d O kt a d e r
উদ্যোক্তাদেরও	u d d O kt a d e r O
উদ্যোক্তার	u d d O kt a r
উদ্যোক্তারা	u d d O kt a r a
উদ্যোক্তারাই	u d d O kt a r a i
উদ্যোক্তারাও	u d d O kt a r a O
উদ্যোক্তায়	u d d O kt a y
উদ্যোগ	u d d O g
উদ্যোগও	u d d O g O
উদ্যোগকে	u d d O g k e
উদ্যোগকেও	u d d O g k e O
উদ্যোগগুলো	u d d O g g u l O
উদ্যোগগুলোকে	u d d O g g u l O k e
উদ্যোগগুলোতে	u d d O g g u l O t e
উদ্যোগগুলোর	u d d O g g u l O r
উদ্যোগটা	u d d O g T a
উদ্যোগটি	u d d O g T i
উদ্যোগটিও	u d d O g T i O
উদ্যোগটিকে	u d d O g T i k e
উদ্যোগটির	u d d O g T i r
উদ্যোগসহ	u d d O g sh o h O
উদ্যোগহিনতার	u d d O g h i n o t a r
উদ্যোগি	u d d O g i
উদ্যোগে	u d d O g e
উদ্যোগেই	u d d O g e i
উদ্যোগেও	u d d O g e O
উদ্যোগেরই	u d d O g e r o i
উদ্যোগেরও	u d d O g e r O
উদ্র	u d r O
উদ্রিক্ত	u d r i kt O
উদ্রেককারি	u d r e k k a r i
উদয়	u d o y
উদয়ন	u d o y o n
উদয়নের	u d o y o n e r
উদয়পুর	u d o y p u r
উদয়াত্তে	u d o y a tt e
উদয়াত্তের	u d o y a tt e r
উদয়াস্ত	u d o y a st o
উদয়েন্দু	u d o y e nd u
উদয়ের	u d o y e r
উধাও	u dh a O
উধার	u dh a r
উধারল	u dh a r o l o
উধারা	u dh a r a b r o
উধো	u dh O
উধোর	u dh O r
উধ্বর্তন	u dh o r t o n
উনআশি	u n O a sh i
উনকে	u n k e
উনকোটি	u n O k O T i
উনচত্বারিংশ	u n O ch o tt a r i ng sh O
উনচল্লিশ	u n O ch O l l i sh
উনত্রিংশ	u n O tr i ng sh O
উনত্রিশ	u n O t ri sh | u n o tr i sh
উনত্রিশটি	u n tr i sh T i
উনত্রিশে	u n O t ri sh e
উনন	u n o n
উননবতি	u n O n o b O t i
উননব্বই	u n O n o b b O i
উনপঞ্চাশ	u n o p o n ch a sh | u n O p o n ch a sh
উনপঞ্চাশৎ	u n O p o nch a sh o t
উনবিংশ	u n O b i ng sh O | u n o b i ng sh
উনবিংশতি	u n O b i ng sh O t i
উনশট্টি	u n O sh O T T i
উনশশ্টি	u n O sh O sh T i
উনশাট	u n O sh a T
উনসত্তর	u n o sh o tt o r
উনসত্তরপাড়ার	u n o sh o tt o r p a r a r
উনসত্তরপাড়ায়	u n o sh o tt o r p a r a y
উনসত্তরে	u n o sh o tt o r e
উনসত্তরের	u n O sh O tt O r e r | u n o sh o tt o r e r
উনসত্তুর	u n O sh O tt u r
উনা	u n a
উনাকে	u n a k e
উনার	u n a r
উনারা	u n a r a
উনি	u n i
উনিই	u n i i
উনিও	u n i O
উনিকে	u n i k e
উনির	u n i r
উনিশশো	u n i sh sh O
উনিশে	u n i sh e
উনিশের	u n i sh e r
উনিশো	u n i sh O
উনিসশত	u n i sh sh o t O
উনুন	u n u n
উনুনে	u n u n e
উনুনের	u n u n e r
উনের	u n e r
উনো	u n O
উন্নতকরন	u nn o t k o r o n
উন্নতমানের	u nn O t O m a n e r
উন্নতিই	u nn o t i i
উন্নতিও	u nn O t i O
উন্নতিটা	u nn O t i T a
উন্নতির	u nn O t i r
উন্নতিসহ	u nn o t i sh o h O
উন্নদ্ধ	u nn o d dh O
উন্নমন	u nn o m o n
উন্নস	u nn o sh
উন্নাসিক	u nn a sh i k
উন্নাসিকতা	u nn a sh i k t a
উন্নিতকরন	u nn i t o k o r o n
উন্নিতকরনের	u nn i t o k o r o n e r
উন্নিদ্র	u nn i d r O
উন্নেতা	u nn e t a
উন্নয়ন	u nn o y o n
উন্নয়নই	u nn o y o n i
উন্নয়নও	u nn o y o n O
উন্নয়নকর্মি	u nn o y o n k o r m i
উন্নয়নকল্পে	u nn o y o n k o l p e
উন্নয়নকাজ	u nn o y o n k a j
উন্নয়নকাজও	u nn o y o n k a j e O
উন্নয়নকাজে	u nn o y o n k a j e
উন্নয়নকাজের	u nn o y o n k a j e r
উন্নয়নকামি	u nn o y o n k a m i
উন্নয়নকারি	u nn o y o n k a r i
উন্নয়নকে	u nn o y o n k e
উন্নয়নকেন্দ্র	u nn o y o n k e ndr o
উন্নয়নটা	u nn o y o n T a
উন্নয়নধারা	u nn o y o n dh a r a
উন্নয়ননিতি	u nn o y o n n i t i
উন্নয়ননিতিতে	u nn o y o n n i t i t e
উন্নয়নপ্রক্রিয়া	u nn o y o n pr o kr i y a
উন্নয়নবঞ্চিত	u nn o y o n b o nch i t o
উন্নয়নবাদি	u nn o y o n b a d i
উন্নয়নবান্ধব	u nn o y o n b a ndh o b
উন্নয়নবিরোধি	u nn o y o n b i r O dh i
উন্নয়নবিশয়ক	u nn o y o n b i sh o y o k
উন্নয়নবিশয়কমন্ত্রি	u nn o y o n b i sh o y o k m o n t r i
উন্নয়নব্যয়	u nn o y o n b e y
উন্নয়নমন্ত্রি	u nn o y o n m o n t r i
উন্নয়নমুখি	u nn o y o n m u kh i
উন্নয়নমুলক	u nn o y o n m u l u k
উন্নয়নশিল	u nn o y o n sh i l
উন্নয়নসংক্রান্ত	u nn o y o n sh o ng kr a nt o
উন্নয়নসম্পর্কিত	u nn o y o n sh o mp o r k i t o
উন্নয়নসহ	u nn o y o n sh o h O
উন্নয়নে	u nn O y O n e
উন্নয়নেই	u nn o y o n e i
উন্নয়নেও	u nn o y o n e O
উন্নয়নের	u nn O y O n e r
উন্নয়নেরও	u nn o y o n e r O
উন্মগ্ন	u n m o g n O
উন্মজ্জন	u n m o j j o n
উন্মত্ত	u n m o tt O
উন্মত্ততা	u n m o tt O t a
উন্মত্ততার	u n m o tt o t a r
উন্মত্ততায়	u n m o tt o t a y
উন্মদ	u n m o d
উন্মন	u n m o n
উন্মন্থ	u n m o n th o
উন্মাতাল	u n m a t a l
উন্মাদন	u n m a d o n
উন্মাদনাকে	u n m a d o n a k e
উন্মাদনায়	u n m a d o n a y
উন্মাদপ্রায়	u n m a d o pr a y
উন্মাদি	u n m a d i
উন্মাদিত	u n m a d i t O
উন্মান	u n m a n
উন্মার্গ	u n m a r g O
উন্মিলন	u n m i l o n
উন্মিশিত	u n m i sh i t O
উন্মুক্তকরন	u n m u kt o k o r o n
উন্মুক্ততা	u n m u kt o t a
উন্মুক্তভাবে	u n m u kt O bh a b e
উন্মুক্তের	u n m u kt e r
উন্মুখর	u n m u kh o r
উন্মুদ্র	u n m u d r O
উন্মুল	u n m u l
উন্মুলন	u n m u l o n
উন্মে	u n m e
উন্মেশ	u n m e sh
উন্মোচন	u n m O ch O n
উন্মোচনকারি	u n m O ch o n k a r i
উন্মোচনে	u n m O ch O n e
উপ	u p O | u p
উপঅনুচ্ছেদ	u p O o n u ch chh e d
উপউপাচার্য	u p O u p a ch a r j o
উপকথার	u p O k o th a r
উপকন্ঠ	u p o k o n Th o | u p O k o n Th O
উপকন্ঠে	u p o k o n Th e | u p O k o n Th e
উপকন্ঠের	u p O k o n Th e r
উপকমিটি	u p O k o m i T i
উপকমিটিও	u p O k o m i T i O
উপকমিটিকে	u p O k o m i T i k e
উপকমিটিগুলোকে	u p O k o m i T i g u l O k e
উপকমিটিতে	u p O k o m i T i t e
উপকমিটির	u p O k o m i T i r
উপকমিশনার	u p O k o m i sh O n a r
উপকমিশনারকে	u p O k o m i sh o n a r k e
উপকমিশনারের	u p O k o m i sh o n a r e r
উপকর	u p O k o r
উপকরন	u p o k o r o n | u p O k o r O n
উপকরনই	u p o k o r o n i | u p O k o r O n i
উপকরনও	u p O k o r o n O
উপকরনগুলো	u p o k o r o n g u l O | u p O k o r O n g u l O
উপকরনটি	u p O k o r o n T i
উপকরনসহ	u p o k o r o n sh o h O | u p O k o r O n sh o h O
উপকরনে	u p o k o r o n e | u p O k o r O n e
উপকরনের	u p o k o r o n e r | u p O k o r O n e r
উপকর্তা	u p O k o r t a
উপকর্মসুচি	u p O k o r m o sh u ch i
উপকান্ত	u p O k a nt O
উপকারও	u p O k a r O
উপকারটা	u p O k a r T a
উপকারভোগি	u p O k a r bh O g i | u p o k a r bh O g i
উপকারভোগিদের	u p O k a r bh O g i d e r
উপকারভোগির	u p O k a r bh O g i r
উপকারি	u p O k a r i | u p o k a r i
উপকারিতা	u p O k a r i t a
উপকারির	u p O k a r i r
উপকারে	u p O k a r e
উপকারেই	u p O k a r e i
উপকুল	u p O k u l | u p o k u l
উপকুলকে	u p O k u l k e
উপকুলজুড়ে	u p O k u l j u r e
উপকুলবর্তি	u p O k u l b O r t i | u p o k u l b o r t i
উপকুলবাসি	u p O k u l b a sh i
উপকুলবাসির	u p O k u l b a sh i r
উপকুলরক্ষি	u p O k u l r o kkh i
উপকুলসংলগ্ন	u p O k u l sh o ng l o g n o
উপকুলসহ	u p O k u l sh o h O
উপকুলিয়	u p O k u l i O | u p o k u l i y
উপকুলে	u p O k u l e | u p o k u l e
উপকুলের	u p O k u l e r | u p o k u l e r
উপকৃতই	u p O k r i t o i
উপকেন্দ্র	u p O k e ndr O
উপকেন্দ্রে	u p O k e ndr e
উপকেন্দ্রের	u p O k e ndr e r
উপকেশ	u p O k e sh
উপক্রন্তা	u p O kr o nt a
উপক্রম	u p O kr O m
উপক্রান্তিয়	u p O kr a nt i y O
উপক্রিয়া	u p O kr i y a
উপক্রোশ	u p O kr O sh
উপক্ষো	u p O kkh O
উপক্ষয়	u p O kkh o y
উপখাত	u p O kh a t
উপখাতে	u p O kh a t e
উপখাতের	u p O kh a t e r
উপগত	u p O g o t O
উপগিরি	u p O g i r i
উপগুরু	u p O g u r u
উপগৃহিনি	u p O g ri h i n i
উপগ্রহটি	u p O gr o h T i
উপগ্রহভিত্তিক	u p O gr o h bh i tt i k
উপগ্রহে	u p O gr o h e
উপগ্রহের	u p O gr O h e r
উপচর্যা	u p O ch o r j a
উপচানো	u p O ch a n O
উপচার	u p O ch a r
উপচারে	u p O ch a r e
উপচার্য	u p O ch a r j o
উপচিকির্ষা	u p O ch i k i r sh a
উপচিত	u p O ch i t O
উপচিয়মান	u p O ch i y O m o n
উপচে	u p O e
উপচেপড়া	u p O ch e p o r a
উপচ্ছায়া	u p O ch chh a y a
উপচয়	u p O ch o y
উপজনন	u p O j o n o n
উপজাচক	u p O j a ch O k
উপজাতি	u p O j a t i
উপজাতির	u p O j a t i r
উপজাতিয়	u p O j a t i y O
উপজাতিয়দের	u p O j a t i y d e r
উপজিবিকা	u p O j i b i k a
উপজিব্য	u p O j i b b O | u p o j i b b o
উপজিহ্বা	u p O j i O bh a
উপজুক্ত	u p O j u kt O | u p o j u kt o
উপজুক্ততা	u p O j u kt o t a
উপজুক্ততার	u p O j u kt o t a r
উপজুক্তভাবে	u p O j u kt o bh a b e
উপজুক্তসংখ্যক	u p O j u kt o sh o ng kh j o k
উপজেলাই	u p O j e l a i
উপজেলাকে	u p O j e l a k e
উপজেলাগুলো	u p O j e l a g u l O
উপজেলাগুলোতে	u p O j e l a g u l O t e
উপজেলাগুলোর	u p O j e l a g u l O r
উপজেলাগুলোয়	u p O j e l a g u l O y
উপজেলাতেই	u p O j e l a t e i
উপজেলাতেও	u p O j e l a t e O
উপজেলাধিন	u p O j e l a dh i n | u p o j e l a dh i n
উপজেলাবাসি	u p O j e l a b a sh i
উপজেলাবাসির	u p O j e l a b a sh i r
উপজেলাব্যবস্থাকে	u p O j e l a b e b o sth a k e
উপজেলায়	u p O j e l a y
উপজেলায়ই	u p O j e l a y i
উপজেলায়ও	u p O j e l a y O
উপজোগ	u p O j O g | u p o j O g
উপজোগি	u p O j O g i | u p o j O g i
উপজোগিতা	u p O j O g i t a | u p o j O g i t a
উপজোগিতার	u p O j O g i t a r | u p o j O g i t a r
উপজ্ঞা	u p O g g a
উপঢোউকন	u p O Dh O O k o n | u p o Dh O i k o n
উপত্যকার	u p O t t o k a r
উপত্যকায়	u p O t j o k a y
উপদংশ	u p O d o ng sh O
উপদপ্তর	u p O d o p t o r
উপদফা	u p O d o ph a
উপদফায়	u p O d o ph a y
উপদলগুলোর	u p O d o l g u l O r
উপদলিয়	u p O d o l i y O
উপদশা	u p O d o sh a
উপদশ্টো	u p O d o sh T O
উপদান	u p O d a n
উপদিশ্ট	u p O d i sh T O
উপদিশ্যমান	u p O d i sh m O m a n
উপদুতাবাস	u p O d u t a b a sh o
উপদেশ	u p O d e sh
উপদেশও	u p O d e sh O
উপদেশটা	u p O d e sh T a
উপদেশবানি	u p O d e sh b a n i
উপদেশমুলক	u p O d e sh m u l O k | u p o d e sh m u l o k
উপদেশে	u p O d e sh e
উপদেশের	u p O d e sh e r
উপদেশ্টা	u p O d e sh T a | u p o d e sh T a
উপদেশ্টাও	u p O d e sh T a O | u p o d e sh T a O
উপদেশ্টাকে	u p O d e sh T a k e | u p o d e sh T a k e
উপদেশ্টাদের	u p O d e sh T a d e r | u p o d e sh T a d e r
উপদেশ্টামন্ডলি	u p O d e sh T a m o n D o l i
উপদেশ্টামন্ডলির	u p O d e sh T a m o n D O l i r | u p o d e sh T a m o n D o l i r
উপদেশ্টার	u p O d e sh T a r | u p o d e sh T a r
উপদেশ্টারা	u p O d e sh T a r a | u p o d e sh T a r a
উপদেশ্টাসহ	u p O d e sh T a sh o h O | u p o d e sh T a sh o h O
উপদ্বিপ	u p O d i p | u p o d i p
উপদ্বিপকে	u p O d i p k e
উপদ্বিপে	u p O d i p e | u p o d i p e
উপদ্বিপের	u p O d i p e r | u p o d i p e r
উপদ্রপ	u p O d r O p
উপদ্রবও	u p O d r o b O
উপদ্রবে	u p O d r o b e
উপদ্রবের	u p O d r o b e r
উপদ্রুত	u p O d r u t O
উপধর্ম	u p O dh o r m O
উপধা	u p O dh a
উপধাতু	u p O dh a t u
উপধারা	u p O dh a r a
উপধারাটি	u p O dh a r a T i
উপধারার	u p O dh a r a r
উপধারায়	u p O dh a r a y
উপনগর	u p O n o g O r
উপনদি	u p O n O d i | u p o n o d i
উপনাম	u p O n a m
উপনায়ক	u p O n a y O k
উপনিত	u p O n i t O | u p o n i t o
উপনিপাত	u p O n i p a t
উপনিবেশবাদ	u p O n i b e sh b a d
উপনিবেশবাদি	u p O n i b e sh b a d i
উপনিবেশবাদের	u p O n i b e sh b a d e r
উপনিবেশি	u p O n i b e sh i
উপনির্বাচন	u p O n i r b a ch O n
উপনির্বাচনকে	u p O n i r b a ch o n k e
উপনির্বাচনটি	u p O n i r b a ch o n T i
উপনির্বাচনি	u p O n i r b a ch o n i
উপনির্বাচনে	u p O n i r b a ch O n e
উপনির্বাচনেই	u p O n i r b a ch o n e i
উপনির্বাচনেও	u p O n i r b a ch o n
উপনির্বাচনের	u p O n i r b a ch O n e r
উপনির্বাহি	u p O n i r b a h i
উপনিশদ	u p O n i sh o d | u p o n i sh o d
উপনিশদে	u p O n i sh o d e
উপনিশদের	u p O n i sh o d e r
উপনিহিত	u p O n i h i t O
উপনেতা	u p O n e t a
উপনেতার	u p O n e t a r
উপন্যস্ত	u p O n n o st O
উপন্যাসই	u p O n n a sh i
উপন্যাসও	u p O n n a sh O
উপন্যাসকে	u p O n n a sh k e
উপন্যাসগুলো	u p O n n a sh g u l O
উপন্যাসটা	u p O n n a sh T a
উপন্যাসটিকে	u p O n n a sh T i k e
উপন্যাসটিতে	u p O n n a sh T i t e
উপন্যাসটির	u p O n n a sh T i r
উপন্যাসিক	u p O n n a sh i k
উপন্যাসে	u p O n n a sh e
উপন্যাসেও	u p O n n a sh e O
উপন্যাসের	u p O n n a sh e r
উপনয়ন	u p O n o y O n
উপপতি	u p O p O t i
উপপত্তি	u p O p O tt i
উপপত্নি	u p O p O t n i
উপপথ	u p O p o th
উপপদ	u p O p o d
উপপররাশ্ট্রমন্ত্রি	u p O p o r o r a sh T r o m o n t r i
উপপরিক্ষা	u p O p r i kkh a
উপপরিচালক	u p O p O r i ch a l o k
উপপরিচালককে	u p O p o r i ch a l o k k e
উপপরিচালকের	u p O p o r i ch a l o k e r
উপপরিদর্শক	u p O p O r i d o r sh O k
উপপরিদর্শককে	u p O p o r i d o r sh o k k e
উপপরিদর্শকদের	u p O p o r i d o r sh o k d e r
উপপরিদর্শকসহ	u p O p o r i d o r sh o k sh o h O
উপপরিদর্শকের	u p O p o r i d o r sh o k e r
উপপরির্দশক	u p O p o r i r d o sh o k
উপপাতক	u p O p a t O k
উপপাদ	u p O p a d O
উপপাদক	u p O p a d O k o
উপপাদন	u p O p a d O n
উপপুরান	u p O p u r a n
উপপ্রকল্প	u p O pr o k o l p o
উপপ্রচার	u p O pr o ch a r
উপপ্রধান	u p O pr O dh a n
উপপ্রধানমন্ত্রি	u p O pr O dh a n m O n | u p o pr o dh a n m o nt r i
উপপ্রধানমন্ত্রিকে	u p O pr o dh a n m o n t r i k e
উপপ্রধানমন্ত্রির	u p O pr o dh a n m o n t r i r
উপপ্লব	u p O p l o b O
উপফিচার	u p O ph i ch a r
উপবন	u p O b o n
উপবাসের	u p O b a sh e r
উপবিত	u p O b i t
উপবিদ্যা	u p O b i d d a
উপবিধি	u p O b i dh i
উপবিভাগিয়	u p O b i bh a g i y O
উপবিশ	u p O b i sh
উপবিশ্ট	u p O b i sh T O | u p o b i sh T o
উপবৃত্তি	u p O b ri tt i
উপবৃত্তির	u p O b ri tt i r
উপবেশ	u p O b e sh
উপব্যবস্থাপক	u p O b A b O sth a p O k
উপব্যবস্থাপনা	u p O b A b O sth a p o n a
উপভাশা	u p O bh a sh a | u p o bh a sh a
উপভাশার	u p O bh a sh a r
উপভোগই	u p O bh O g i
উপভোগও	u p O bh O g O
উপভোগে	u p O bh O g e
উপভোগের	u p O bh O g e r
উপভোগ্য	u p O bh O g g O
উপমন	u p O m O n
উপমন্ত্রি	u p O m O n | u p o m o nt r i
উপমন্ত্রিদের	u p O m o n t r i d e r
উপমন্ত্রির	u p O m O nt ri r | u p o m o nt r i r
উপমহাদেশ	u p O m o h a d e sh
উপমহাদেশিয়	u p O m o h a d e sh i O | u p o m o h a d e sh i y
উপমহাদেশেই	u p O m o h a d e sh e i
উপমহাদেশের	u p O m O h a d e sh e r
উপমহাদেশেরই	u p O m o h a d e sh e r i
উপমহাপরিচালক	u p O m o h a p O r i ch a l O k
উপমহাপরিদর্শক	u p O m o h a p O r i d o r sh O k
উপমহাপরিদর্শককে	u p O m o h a p o r i d o r sh o k k e
উপমহাপরিদর্শকের	u p O m o h a p o r i d o r sh o k e r
উপমহাব্যবস্থাপক	u p O m O h a b A b O sth a p O k
উপমহাব্যবস্থাপকের	u p O m o h a b e b o sth a p o k e r
উপমহাসচিব	u p O m o h a sh o ch i b
উপমা	u p O m a
উপমাংস	u p O m a ng sh O
উপমাটা	u p O m a T a
উপমাতা	u p O m a t a
উপমার	u p O m a r
উপমিশন	u p O m i sh o n
উপমুখ্যমন্ত্রি	u p O m u kh kh o m u nt r i
উপর	u p O r
উপরই	u p O r i
উপরও	u p O r O
উপরত	u p O r o t O
উপরত্ন	u p O r o t n O
উপরন্তু	u p O r O nt u
উপরাজ	u p O r a j
উপরাশ্ট্রদুত	u p O r a sh T r o d u t o
উপরাশ্ট্রপতি	u p O r a sh T r O p O t i | u p o r a sh T r o p o t i
উপরাশ্ট্রপতিকে	u p O r a sh T r o p o t i k e
উপরাশ্ট্রপতির	u p O r a sh T r o p o t i r
উপরি	u p O r i
উপরিউক্ত	u p O r i u kt O
উপরিকাঠামোর	u p O r i k a Th a m O r
উপরিতল	u p O r i t o l
উপরিতলে	u p O r i t o l e
উপরিস্তরের	u p O r i st o r e r
উপরিস্থ	u p O r i sth o
উপরিস্থিত	u p O r i sth i t o
উপরুদ্ধ	u p O r u d dh O
উপরে	u p O r e
উপরেই	u p O r e i
উপরেও	u p O r e O
উপরেজিস্ট্রার	u p o r e j i sh T r a r
উপরের	u p O r e r
উপরোক্ত	u p O r O kt O
উপরোধ	u p O r O dh
উপরোল্লিখিত	u p O r O l l i kh i t O
উপর্যুক্ত	u p O r j u kt O
উপর্যুপরি	u p O r j u p O r i
উপলক্ষই	u p O l o kkh o i
উপলক্ষও	u p O l o kkh o O
উপলক্ষক	u p O l o kkh O k
উপলক্ষকে	u p O l o kkh o k e
উপলক্ষটা	u p O l o kkh O T a
উপলক্ষটি	u p O l o kkh o T i
উপলক্ষন	u p O l o kkh O n
উপলক্ষনা	u p O l o kkh O n a
উপলক্ষিত	u p O l O kkh i t O
উপলক্ষে	u p O l O kkh e
উপলক্ষেই	u p O l O kkh e i
উপলক্ষেও	u p O l O kkh e O
উপলক্ষের	u p O l o kkh e r
উপলক্ষ্যে	u p O l O kkh e
উপলদ্ধি	u p O l o b dh i
উপলব্ধ	u p O l o b dh O
উপলব্ধিও	u p O l o b dh i O
উপলব্ধিকে	u p O l o b dh i k e
উপলব্ধিটা	u p O l o b dh i T a
উপলব্ধিটি	u p O l o b dh i T i
উপলব্ধিতে	u p O l O b dh i t e
উপলব্ধির	u p O l O b dh i r
উপলব্ধিরই	u p O l o b dh i r o i
উপলভ্য	u p O l O b bh O
উপলিপ্ত	u p O l i p t O
উপলে	u p O l e
উপশম	u p O sh o m
উপশমে	u p O sh o m e
উপশমের	u p O sh O m e r
উপশহরে	u p O sh o h O r e
উপশান্ত	u p O sh a nt o
উপশিরা	u p O sh i r a
উপশিরায়	u p O sh i r a y
উপশিরোনাম	u p O sh i r O n a m
উপশিশ্য	u p O sh i sh sh O
উপশ্রেনিতে	u p O sh r e n i t e
উপশ্লেশ	u p O sh l e sh
উপশয়	u p O sh o y
উপসংরক্ষক	u p O sh o ng r o kkh o k
উপসংহরন	u p O sh o ng h o r O n
উপসংহারের	u p O sh o ng h a r e r
উপসচিব	u p O sh O ch i b
উপসচিবকে	u p O sh o ch i b k e
উপসচিবসহ	u p O sh o ch i b sh o h O
উপসচিবের	u p O sh o ch i b e r
উপসন	u p O sh o n
উপসভাপতি	u p O sh o bh a p o t i
উপসম্পাদক	u p O sh o mp a d o k
উপসম্পাদকিয়	u p O sh o mp a d o k i y O
উপসম্পাদকিয়তে	u p O sh o mp a d o k i y o t e
উপসম্পাদকিয়র	u p O sh o mp a d o k i y o r
উপসর্গও	u p O sh o r g O O
উপসর্গগুলো	u p O sh o r g O g u l O
উপসর্গের	u p O sh o r g e r
উপসহকারি	u p O sh o h O k a r i | u p o sh o h o k a r i
উপসাগর	u p O sh a g O r
উপসাগরিয়	u p O sh a g o r i y O
উপসাগরে	u p O sh a g O r e
উপসাগরের	u p O sh a g O r e r
উপসামরিক	u p O sh a m o r i k
উপসৃশ্ট	u p O sh r i sh T O
উপসেক	u p O sh e k
উপসেবক	u p O sh e b O k
উপসেবা	u p O sh e b a
উপস্ত্রি	u p O s t r i
উপস্থ	u p O sth O
উপস্থান	u p O sth a n
উপস্থাপকও	u p O sth a p o k O
উপস্থাপককে	u p O sth a p o k k e
উপস্থাপকদের	u p O sth a p o k d e r
উপস্থাপকেরা	u p O sth a p o k e r a
উপস্থাপনই	u p O sth a p o n i
উপস্থাপনও	u p O sth a p o n O
উপস্থাপনকালে	u p O sth a p O n k a l e
উপস্থাপনাও	u p O sth a p O n a O
উপস্থাপনাকে	u p O sth a p o n a k e
উপস্থাপনাটা	u p O sth a p o n a T a
উপস্থাপনার	u p O sth a p O n a r
উপস্থাপনায়	u p O sth a p O n a y
উপস্থাপনে	u p O sth a p O n e
উপস্থাপনের	u p O sth a p O n e r
উপস্থাপিত	u p O sth a p i t O
উপস্থিত	u p O sth i t
উপস্থিতও	u p O sth i t O
উপস্থিতছিলেন	u p O sth i t chh i l e n
উপস্থিতদের	u p O sth i t o d e r
উপস্থিতি	u p O sth i t i
উপস্থিতিই	u p O sth i t i i
উপস্থিতিও	u p O sth i t i O
উপস্থিতিকে	u p O sth i t i k e
উপস্থিতিতে	u p O sth i t i t e
উপস্থিতিতেই	u p O sth i t i t e i
উপস্থিতির	u p O sth i t i r
উপস্থিতে	u p O sth i t e
উপস্বত্ব	u p O sh o tt O
উপস্বাস্থ্য	u p O sh a s th o
উপস্বাস্থ্যকেন্দ্রে	u p O sh a s th o k e ndr e
উপস্বাস্থ্যকেন্দ্রের	u p O sh a s th o k e ndr e r
উপহসিত	u p O h O sh i t O
উপহাইকমিশন	u p O h a i k o m i sh o n
উপহাইকমিশনার	u p O h a i k o m i sh o n a r
উপহাইকমিশনের	u p O h a i k o m i sh o n e r
উপহার	u p O h a r
উপহারই	u p O h a r i
উপহারও	u p O h a r O
উপহারটি	u p O h a r T i
উপহারসহ	u p O h a r sh o h O
উপহারসামগ্রি	u p O h a r sh a m O gr i | u p o h a r sh a m o gr i
উপহারসামগ্রির	u p O h a r sh a m o gr i r
উপহারে	u p O h a r e
উপহারের	u p O h a r e r
উপহাস	u p O h a sh
উপহাসের	u p O h a sh e r
উপহৃত	u p O h r i t O
উপহ্রদ	u p O h r O d
উপা	u p a
উপাংগ	u p a ng g O
উপাখ্যান	u p a k kh a n
উপাখ্যানের	u p a kh kh a n e r
উপাগত	u p a g o t O
উপাচার্য	u p a ch a r j O
উপাচার্যও	u p a ch a r j o O
উপাচার্যকে	u p a ch a r j O k e
উপাচার্যদের	u p a ch a r j O d e r
উপাচার্যপন্থি	u p a ch a r j o p o n th i
উপাচার্যবিরোধি	u p a ch a r j o b i r O dh i
উপাচার্যরা	u p a ch a r j o r a
উপাচার্যসহ	u p a ch a r j O sh o h O
উপাচার্যের	u p a ch a r j e r
উপাত্ত	u p a tt O
উপাত্তও	u p a tt o O
উপাত্তকে	u p a tt o k e
উপাত্তগুলো	u p a tt O g u l O
উপাত্তভিত্তিক	u p a tt o bh i tt i k
উপাত্তসহ	u p a tt o sh o h O
উপাত্তে	u p a tt e
উপাত্তের	u p a tt e r
উপাদন	u p a d o n
উপাদান	u p a d a n
উপাদানও	u p a d a n O
উপাদানকে	u p a d a n k e
উপাদানগুলোকে	u p a d a n g u l O k e
উপাদানগুলোর	u p a d a n g u l O r
উপাদানটি	u p a d a n T i
উপাদানবিশেশ	u p a d a n b i sh e sh
উপাদানভিত্তিক	u p a d a n bh i tt i k o
উপাদানে	u p a d a n e
উপাদানের	u p a d a n e r
উপাদেয়	u p a d e y O
উপাধান	u p a dh a n
উপাধি	u p a dh i
উপাধিও	u p a dh i O
উপাধিতে	u p a dh i t e
উপাধির	u p a dh i r
উপাধ্যক্ষ	u p a d dh O kkh O
উপাধ্যক্ষসহ	u p a d dh o kkh o sh o h O
উপাধ্যক্ষের	u p a d dh o kkh e r
উপাধ্যায়	u p a d dh a y
উপানুশ্ঠানিক	u p a n u sh Th a n i k
উপান্ত	u p a nt O
উপাম	u p a m
উপারম্ভ	u p a r o m bh O
উপার্জক	u p a r j o k
উপার্জনই	u p a r j o n i
উপার্জনকারি	u p a r j O n k a r i | u p a r j o n k a r i
উপার্জনকারিদের	u p a r j o n k a r i d e r
উপার্জনক্ষম	u p a r j O n kh o m
উপার্জনহিন	u p a r j o n h i n
উপার্জনে	u p a r j O n e
উপার্জনেই	u p a r j o n e i
উপার্জনের	u p a r j o n e r
উপার্জিত	u p a r j i t O
উপার্থন	u p a r th O n
উপাশ্রয়	u p a sh r o y
উপাস	u p a sh
উপাসনা	u p a sh o n a
উপাসনার	u p a sh O n a r
উপাসনালয়	u p a sh O n a l O y
উপাসনালয়টি	u p a sh o n a l o y T i
উপাসনালয়ে	u p a sh o n a l o y e
উপাসনালয়ের	u p a sh o n a l o y e r
উপাসনায়	u p a sh o n a y
উপাসিন	u p a sh i n
উপাস্থি	u p a sth i
উপাহার	u p a h a r
উপাহৃত	u p a h ri t O
উপাড়া	u p a r a
উপায়	u p a y
উপায়ই	u p a y i
উপায়ও	u p a y O
উপায়গুলো	u p a y g u l O
উপায়গুলোর	u p a y g u l O r
উপায়টা	u p a y T a
উপায়টি	u p a y T i
উপায়ন	u p a y O n
উপায়ন্তর	u p a y o nt o r
উপায়হিন	u p a y h i n
উপায়ান্তর	u p a y a nt o r
উপায়ে	u p a y e
উপায়েই	u p a y e i
উপায়ের	u p a y e r
উপু	u p u
উপুর	u p u r
উপুল	u p u l
উপুড়	u p u r
উপেক্ষনিয়	u p e kkh o n i y O
উপেক্ষা	u p e kkh a
উপেক্ষাও	u p e kkh a O
উপেক্ষায়	u p e kkh a y
উপেক্ষিত	u p e kkh i t O
উপেক্ষিতই	u p e kkh i t O i
উপেন	u p e n
উপেনের	u p e n e r
উপেন্দ্র	u p e ndr o
উপেসেচন	u p O sh e ch O n
উপো	u p O
উপোতি	u p O t i
উপোদ্ঘাত	u p O d gh a t
উপোশ	u p O sh
উপোস	u p O sh
উপোসথ	u p O sh o th
উপ্ত	u p t O
উপড়ানো	u p O r a n O
উপড়ে	u p O r e
উপ–	u p O
উপ–মহাধ্যক্ষ	u p O m o h a d dh O kkh O
উফর	u ph o r
উফশি	u ph sh i | u ph o sh i
উফা	u ph a
উফ্	u ph
উবগার	u b g a r
উবটন	u b o T o n
উবাই	u b a i
উবান	u b a n
উবার	u b a r
উবাস্তে	u b a st e
উবায়দুর	u b a y d u r
উবায়দুল	u b a y d u l
উবিনিগ	u b i n i g
উবিনিগের	u b i n i g e r
উবু	u b u
উবুন্টু	u b u n T u
উবুন্টুর	u b u n T u r
উবুড়	u b u r
উবে	u b e
উবেস	u b e sh o
উব্দা	u b d a
উব্লিউটিএ	u bl i u T i e
উভ	u bh O
উভকামি	u bh O k a m i
উভচর	u bh O ch o r
উভয়	u bh o y
উভয়ই	u bh o y i
উভয়কে	u bh o y k e
উভয়কেই	u bh o y k e i
উভয়দন্ডে	u bh o y d o n D e
উভয়পক্ষ	u bh o y p o kkh
উভয়পক্ষকে	u bh o y p o kkh o k e
উভয়পক্ষে	u bh o y p o kkh e
উভয়পক্ষের	u bh o y p o kkh e r
উভয়বিধ	u bh o y b i dh
উভয়ে	u bh o y e
উভয়েই	u bh o y e i
উভয়ের	u bh o y e r
উভয়েরই	u bh o y e r i
উমনুর	u m n u r
উমর	u m o r
উমরা	u m r a
উমরাও	u m r a O
উমান	u m a n
উমানো	u m a n O
উমার	u m a r
উমারু	u m a r u
উমেদ	u m e d
উমেদওয়ার	u m e d O y a r
উমেদপুর	u m e d p u r
উমেশচন্দ্র	u m e sh ch o ndr o
উম্মত	u mm O t
উম্মতদের	u mm o t o d e r
উম্মতে	u mm o t e
উম্মতের	u mm O t e r
উম্মিদ	u mm i d
উম্মিদওয়ার	u mm i d O y a r
উম্মুল	u mm u l
উম্মে	u mm e
উম্মেদ	u mm e d
উম্মেদওয়ার	u mm e d O y a r
উম্মোচন	u mm O ch O n
উর	u r
উরঃ	u r o h
উরজ	u r o j
উরঝাই	u r o jh a i
উরমাল	u r m a l
উরশি	u r O sh i
উরস	u r o sh
উরসিজ	u r o sh i j o
উরা	u r a
উরি	u r i
উরিবে	u r i b e
উরিবের	u r i b e r
উরু	u r u
উরুগুইয়ান	u r u g u i y a n
উরুগুয়ে	u r u g u y e
উরুগুয়েই	u r u g u y e i
উরুগুয়েও	u r u g u y e O
উরুগুয়েকে	u r u g u y e k e
উরুগুয়ের	u r u g u y e r
উরুজগান	u r u j g a n
উরুত	u r u t
উরুতে	u r u t e
উরুবাহ	u r u b a h o
উরুর	u r u r
উরোগামি	u r O g a m i
উরোজ	u r O j
উর্জস্বল	u r j o sh sh o l
উর্জস্বান	u r o j o sh sh a n
উর্দি	u r d i
উর্দিধারি	u r d i dh a r i
উর্দিপরা	u r d i p a r a
উর্দু	u r d u
উর্দুতে	u r d u t e
উর্দুভাশি	u r d u bh a sh i
উর্দুর	u r d u r
উর্ধতন	u r dh O t o n O | u r dh o t o n
উর্ধে	u r dh e
উর্ধ্ব	u r dh O | u r dh o
উর্ধ্বগতি	u r dh O g O t i | u r dh o g o t i
উর্ধ্বগতিতে	u r dh O g O t i t e | u r dh o g o t i t e
উর্ধ্বগতির	u r dh O g O t i r | u r dh o g o t i r
উর্ধ্বগতিসহ	u r dh o g o t i sh o h O
উর্ধ্বগামি	u r dh O g a m i
উর্ধ্বতন	u r dh O t o n O | u r dh o t o n
উর্ধ্বতনদের	u r dh O t o n O d e r | u r dh o t o n d e r
উর্ধ্বপক্ষে	u r dh o p o kkh e
উর্ধ্বমুখি	u r dh O m u kh i | u r dh o m u kh i | u r dh m u kh i
উর্ধ্বমুল্য	u r dh o m u l l o
উর্ধ্বলোকে	u r dh o l O k e
উর্ধ্বশ্বাস	u r dh o sh a sh
উর্ধ্বশ্বাসে	u r dh O sh a sh e | u r dh o sh a sh e
উর্ধ্বসিমা	u r dh O sh i m a | u r dh o sh i m a
উর্ধ্বাকাশে	u r dh a k a sh e
উর্ধ্বে	u r dh e
উর্ধ্বের	u r dh e r
উর্ননাভ	u r n o n a t o
উর্বর	u r b o r
উর্বরতার	u r b o r O t a r
উর্বরতাশক্তি	u r b o r o t a sh o kt i
উর্বরা	u r b o r a
উর্বরাশক্তি	u r b o r a sh o kt i
উর্বশি	u r b o sh i
উর্বস্থি	u r b O sth i
উর্বি	u r b i
উর্মি	u r m i
উর্মিমুখর	u r m i m u kh u r
উর্মির	u r m i r
উর্মিলা	u r m i l a
উল	u l
উলংগ	u l o ng g o
উলকি	u l k i
উলকুড়	u l k u r
উলঝলুল	u l jh o l u l
উলটে	u l T e
উলটো	u l T O
উলন	u l O n
উলপ	u l o p
উলফ	u l ph
উলফা	u l ph a
উলফাকে	u l ph a k e
উলফাৎ	u l ph a t
উলফেনসন	u l ph e n sh o n
উলবাকিয়া	u l b a k i y a
উলভস	u l bh sh
উলভারহ্যাম্পটন	u l bh a r h A mp T o n
উলমা	u l m a
উলমার	u l m a r
উলমারকে	u l m a r k e
উলমারের	u l m a r e r
উলস	u l o sh
উলস্টার	u l o sh T a r
উলা	u l a
উলানিয়া	u l a n i y a
উলানিয়ার	u l a n i y a r
উলানিয়ায়	u l a n i y a y
উলামা	u l a m a
উলামায়ে	u l a m a y e
উলিপুর	u l i p u r
উলিপুরে	u l i p u r e
উলিপুরের	u l i p u r e r
উলিরাজ	u l i r a j
উলুউরি	u l u u r i
উলুক	u l u k
উলুখল	u l u kh o l
উলুখাগড়া	u l u kh a g r a
উলুডাংগা	u l u D a ng g a
উলুধ্বনি	u l u dh O n i
উলুপ	u l u p
উলুপি	u l u p i
উলুবনিয়া	u l u b o n i y a
উলুম	u l u m
উলেন	u l e n
উলেমা	u l e m a
উলের	u l e r
উলে্লখ	u l e l o kh
উলে্লখ্য	u l e l o kh j o
উল্কাপিন্ড	u l k a p i n D o
উল্কার	u l k a r
উল্টা	u l T a
উল্টাইয়া	u l T a i y a
উল্টাতে	u l T a t e
উল্টানো	u l T a n O
উল্টিনগঞ্জ	u l T i n g o nj
উল্টিয়ে	u l T i y e
উল্টেপাল্টে	u l T e p a l T e
উল্টো	u l T O
উল্টোটাই	u l T O T a i
উল্টোটাও	u l T O T a O
উল্টোটি	u l T O T i
উল্টোদিকে	u l T O d i k e
উল্টোদিকের	u l T O d i k e r
উল্টোপথে	u l T O p O th e
উল্টোপাল্টা	u l T O p a l T a
উল্টোপিঠে	u l T O p i Th e
উল্টোভাবে	u l T O bh a b e
উল্টোভাবেও	u l T O bh a b e
উল্ফ	u l ph
উল্বন	u l l o n
উল্যা	u l l a
উল্যাহ	u l l a h
উল্যাহর	u l l a r
উল্লংঘন	u l l o ng gh o n
উল্লম্ফন	u l l o m ph o n
উল্লম্ফনের	u l l o m ph o n e r
উল্লম্ব	u l l o mb O
উল্লসিত	u l l O sh i t O
উল্লা	u l l a
উল্লাকে	u l l a k e
উল্লাপাড়া	u l l a p a r a
উল্লাপাড়া	u l l a p a r a
উল্লাপাড়ার	u l l a p a r a r
উল্লাপাড়ায়	u l l a p a r a y
উল্লার	u l l a r
উল্লাল	u l l a l
উল্লাস	u l l a sh
উল্লাসটা	u l l a sh T a
উল্লাসধ্বনি	u l l a sh dh o n i
উল্লাসরত	u l l a sh r o t o
উল্লাসে	u l l a sh e
উল্লাসের	u l l a sh e r
উল্লাহ	u l l a h
উল্লাহকে	u l l a h k e
উল্লাহর	u l l a h r
উল্লাহসহ	u l l a h sh o h O
উল্লাহেক	u l l a h e k
উল্লাহের	u l l a h e r
উল্লাহ্	u l l a h
উল্লাহ্র	u l l a h r o
উল্লিখিত	u l l i kh i t O
উল্লুক	u l l u k
উল্লে	u l l e
উল্লেখ	u l l e kh
উল্লেখই	u l l e kh i
উল্লেখও	u l l e kh O
উল্লেখজোগ্য	u l l e kh j O g g O | u l l e kh j O g g o
উল্লেখজোগ্যভাবে	u l l e kh j O g g O bh a b e | u l l e kh j O g g o bh a b e
উল্লেখজোগ্যসংখ্যক	u l l e kh j O g g O sh o ng kh O k | u l l e kh j O g g o sh o ng kh o k
উল্লেখজোগ্যহারে	u l l e kh j O g g o h a r e
উল্লেখপুর্বক	u l l e kh p u r b O k | u l l e kh p u r b o
উল্লেখসহ	u l l e kh sh o h O
উল্লেখিত	u l l e kh i t O
উল্লেখে	u l l e kh e
উল্লেখের	u l l e kh e r
উল্লেখ্য	u l l e k kh O
উল্লেখ্যজোগ্য	u l l e k kh o j O g g o
উল্লোল	u l l O l
উল্ল্যাহ	u l l a h
উশখুশ	u sh kh u sh
উশর	u sh o r
উশসি	u sh o sh i
উশা	u sh a
উশাতন	u sh a t o n
উশার	u sh a r
উশালগ্নে	u sh a l o g n e
উশাস	u sh a sh
উশির	u sh i r
উশু	u sh u
উশুতে	u sh u t e
উশুর	u sh u r
উশুল	u sh u l
উশুলের	u sh u l e r
উশো	u sh O
উশ্ট্র	u sh T r O
উশ্ন	u sh n O | u sh n o
উশ্নই	u sh n o i
উশ্নতম	u sh n o t o m o
উশ্নতা	u sh n O t a | u sh n o t a
উশ্নতাকে	u sh n o t a k e
উশ্নতার	u sh n O t a r | u sh n o t a r
উশ্নমন্ডলিয়	u sh n o m o n D o l i y O
উশ্না	u sh n a
উশ্নালু	u sh n a l u
উশ্নায়ন	u sh a y o n
উশ্নায়নের	u sh a y o n e r
উশ্নিশ	u sh n i sh
উশ্মা	u sh m a
উশ্মার	u sh m a r
উস	u sh
উসকানি	u sh k a n i
উসকানিতে	u sh k a n i t e
উসকানিতেই	u sh k a n i t e i
উসকানিদাতাদের	u sh k a n i d a t a d e r
উসকানিমুলক	u sh k a n i m u l O k | u sh k a n i m u l o k
উসকানিমুলকও	u sh k a n i m u l o k O
উসকানির	u sh k a n i r
উসকানো	u sh k a n O
উসকে	u sh k e
উসখুস	u sh kh u sh
উসমান	u sh m a n
উসাই	u sh a i
উসাইন	u sh a i n
উসান	u sh a n
উসামা	u sh a m a
উসিলায়	u sh i l a y
উসুখুসু	u sh u kh u sh u
উসুল	u sh u l
উসেন	u sh e n
উস্কানি	u s k a n i
উস্কানিতে	u s k a n i t e
উস্কানিমুলক	u s k a n i m u l O k | u s k a n i m u l o k
উস্কে	u s k e
উস্টার	u s T a r
উস্টারশায়ার	u s T a r sh a y a r
উস্টারশায়ারে	u s T a r sh a y a r e
উস্টারশায়ারের	u sh T a r sh a y a r
উস্টারের	u s T a r e r
উস্তাগর	u st a g o r
উস্তোয়ার	u st O y a r
উস্থি	u sth i
উহ	u h O
উহা	u h a
উহাকে	u h a k e
উহাদের	u h a d e r
উহার	u h a r
উহারা	u h a r a
উহিনি	u h i n i
উহু	u h u
উহুদ	u h u d
উহুরু	u h u r u
উহ্	u h
উহ্য	u j j O
উহ্যমান	u j jh O m a n
উেকাচ	u k a ch
উেকাচের	u k a ch e r
উেক্ষপন	u kkh e p o n
উের	u r
উেস	u sh
উেসর	u sh o r
উেসয়া	u sh o y a
উেসয়ার	u sh o y a r
উৎ	u t
উৎক	u t k o
উৎকন্ঠ	u t k o n Th O
উৎকন্ঠা	u t k o n Th a
উৎকন্ঠার	u t k o n Th a r
উৎকন্ঠায়	u t k o n Th a y
উৎকন্ঠিত	u t k o n Th i t o | u t k O n Th i t O
উৎকপালি	u t k o p a l i
উৎকর্ন	u t k o r n O
উৎকর্ষ	u t k o r sh O
উৎকর্ষে	u t k o r sh e
উৎকর্ষের	u t k o r sh e r
উৎকল	u t k o l
উৎকলিকা	u t k O l i k a
উৎকলিত	u t k O l i t O
উৎকিরন	u t k i r o n
উৎকির্তন	u t k i r t O n
উৎকির্ন	u t k i r n O | u t k i r n o
উৎকুন	u t k u n
উৎকুলিত	u t k u l i t O
উৎকৃশ্ট	u t k ri sh T O | u t k ri sh T o
উৎকেন্দ্রিক	u t k e ndr i k
উৎকোচ	u t k O ch
উৎকোচের	u t k o ch e r
উৎক্রম	u t kr o m
উৎক্রান্ত	u t kr a nt O
উৎক্রোশ	u t kr O sh
উৎক্ষিপ্ত	u t kh i p t O
উৎক্ষেপন	u t k sh e p o n | u t kh e p o n
উৎক্ষেপনজোগ্য	u t k sh e p o n j O g g o
উৎক্ষেপনে	u t k sh e p o n e
উৎক্ষেপনের	u t k sh e p o n e r | u t kh e p O n e r
উৎখনন	u t kh o n o n
উৎখাত	u t kh a t
উৎখাতে	u t kh a t e
উৎখাতের	u t kh a t e r
উৎচক্ষু	u t ch O kkh u
উৎজাপন	u t j a p O n
উৎত্রাস	u tr a sh
উৎদন	u t d o n
উৎপতন	u t p o t O n
উৎপত্তি	u t p O tt i
উৎপত্তিতে	u t p o tt i t e
উৎপত্তির	u t p O tt i r
উৎপত্তিস্থল	u t p O tt i sth o l
উৎপথ	u t p o th
উৎপদ্যমান	u t p o d d O m a n
উৎপন্ন	u t p o nn O
উৎপন্নকারি	u t p o nn o k a r i
উৎপল	u t p o l
উৎপাটন	u t p a T O n
উৎপাটনের	u t p a T o n e r
উৎপাটিত	u t p a T i t o
উৎপাতও	u t p a t O
উৎপাতে	u t p a t e
উৎপাতের	u t p a t e r
উৎপাদ	u t p a d O
উৎপাদককে	u t p a d o k k e
উৎপাদকেরা	u t p a d o k e r a
উৎপাদনই	u t p a d o n i
উৎপাদনও	u t p a d O n O
উৎপাদনকাজ	u t p a d o n k a j
উৎপাদনকারি	u t p a d O n k a r i | u t p a d o n k a r i
উৎপাদনকারিদের	u t p a d O n k a r i d e r | u t p a d o n k a r i d e r
উৎপাদনকারির	u t p a d o n k a r i r
উৎপাদনকারিরা	u t p a d O n k a r i r a | u t p a d o n k a r i r a
উৎপাদনকেন্দ্র	u t p a d o n k e ndr o
উৎপাদনকেন্দ্রে	u t p a d o n k e ndr e
উৎপাদনক্ষম	u t p a d o n kkh o m o
উৎপাদনক্ষমতা	u t p a d O n kh o m O t a
উৎপাদনক্ষমতার	u t p a d o n kkh o m o t a r
উৎপাদনখরচ	u t p a d o n kh o r o ch
উৎপাদনব্যবস্থার	u t p a d o n b A b o sth a r
উৎপাদনব্যয়	u t p a d o n b A y
উৎপাদনমুখি	u t p a d O n m u kh i | u t p a d o n m u kh i
উৎপাদনমুলক	u t p a d o n m u l o k
উৎপাদনমুল্য	u t p a d o n m u l l o
উৎপাদনমুল্যের	u t p a d o n m u l l e r
উৎপাদনরত	u t p a d o n r o t o
উৎপাদনশিল	u t p a d O n sh i l | u t p a d o n sh i l
উৎপাদনশিলতা	u t p a d O n sh i l O t a | u t p a d o n sh i l o t a
উৎপাদনশিলতাও	u t p a d o n sh i l o t a O
উৎপাদনশিলতাকে	u t p a d o n sh i l o t a k e
উৎপাদনশিলতার	u t p a d o n sh i l o t a r
উৎপাদনসংক্রান্ত	u t p a d o n sh o ng kr a nt o
উৎপাদনে	u t p a d O n e
উৎপাদনেই	u t p a d o n e i
উৎপাদনেরও	u t p a d o n e r O
উৎপাদিত	u t p a d i t O
উৎপিঞ্জর	u t p i nj o r
উৎপিপাসু	u t p i p a sh u
উৎপিশ্ট	u t p i sh T O
উৎপিড়ন	u t p i r o n
উৎপুর্ন	u t p u r n O
উৎপ্রেক্ষন	u t pr e kkh O n
উৎপ্রেক্ষা	u t pr e kkh a
উৎফুল্ল	u t ph u l l O
উৎরাই	u t r a i
উৎরাইল	u t r a i l
উৎস	u t sh O
উৎসংগ	u t sh o ng g O
উৎসই	u t sh O i
উৎসও	u t sh O O
উৎসকে	u t sh o k e
উৎসগুলো	u t sh O g u l O
উৎসগুলোর	u t sh o g u l O r
উৎসটা	u t sh o T a
উৎসটি	u t sh o T i
উৎসব	u t sh o b
উৎসবই	u t sh o b i
উৎসবও	u t sh O b O
উৎসবকে	u t sh o b k e
উৎসবগুলো	u t sh o b g u l O
উৎসবগুলোর	u t sh o b g u l O r
উৎসবটি	u t sh o b T i
উৎসবটির	u t sh o b T i r
উৎসবমুখর	u t sh o b m u kh o r
উৎসবসহ	u t sh o b sh o h O
উৎসবস্থলে	u t sh o b sth o l e
উৎসবিধি	u t sh o b i dh i
উৎসবে	u t sh o b e
উৎসবেই	u t sh o b e i
উৎসবেও	u t sh o b e O
উৎসবেরই	u t sh o b e r
উৎসভুমি	u t sh o m u kh i
উৎসমুখ	u t sh O m u kh
উৎসমুখে	u t sh o m u kh e
উৎসর্গ	u t sh o r g O
উৎসর্গকারি	u t sh o r g o k a r i
উৎসর্গিকৃত	u t sh o r g i k r i t o
উৎসর্জন	u t sh o r j o n
উৎসস্থল	u t sh O sth O l
উৎসাদন	u t sh a d O n
উৎসারিত	u t sh a r i t O
উৎসাহই	u t sh a h o i
উৎসাহও	u t sh a h O O
উৎসাহজনক	u t sh a h o j o n o k
উৎসাহটা	u t sh a h o T a
উৎসাহব্যঞ্জক	u t sh a h O b A n j O k
উৎসাহমুলক	u t sh a h o m u l o k
উৎসাহমুল্য	u t sh a h o m u l l o
উৎসাহি	u t sh a h i
উৎসাহিত	u t sh a h i t O
উৎসাহিতকরন	u t sh a h i t o k o r o n
উৎসাহিরা	u t sh a h i r a
উৎসাহে	u t sh a h e
উৎসাহেই	u t sh a h e i
উৎসাহের	u t sh a h e r
উৎসিক্ত	u t sh i kt O
উৎসুক	u t sh u k
উৎসৃশ্ট	u t sh r i sh T O
উৎসে	u t sh e
উৎসের	u t sh e r
উড়	u r O
উড়কি	u r k i
উড়ছি	u r chh i
উড়ছিল	u r chh i l
উড়ছে	u r chh e
উড়ছেন	u r chh e n
উড়তি	u r t i
উড়তে	u r t e
উড়তেই	u r t e i
উড়ন্ত	u r o nt O
উড়ব	u r o b o
উড়বে	u r b e
উড়ল	u r o l
উড়া	u r a
উড়াইয়া	u r a i y a
উড়াকান্দা	u r a k a nd a
উড়াতে	u r a t e
উড়ানো	u r a n O
উড়াল	u r a l
উড়ালপথ	u r a l p o th
উড়ালপথের	u r a l p o th e r
উড়ালরেল	u r a l r e l
উড়ালসেতু	u r a l sh e t u
উড়ালসেতুটি	u r a l sh e t u T i
উড়ালসেতুটির	u r a l sh e t u T i r
উড়ালসেতুতে	u r a l sh e t u t e
উড়ালসেতুর	u r a l sh e t u r
উড়ালসড়ক	u r a l sh o r o k
উড়ালসড়কে	u r a l sh o r o k e
উড়ালসড়কের	u r a l sh o r o k e r
উড়ালের	u r a l e r
উড়ায়ে	u r a y e
উড়ি	u r i
উড়িরচর	u r i r ch o r
উড়িশ্যা	u r i sh sh a
উড়িশ্যার	u r i sh sh a r
উড়িশ্যায়	u r i sh sh a y
উড়িয়া	u r i y a
উড়িয়ে	u r i y e
উড়িয়েই	u r i y e i
উড়িয়েও	u r i y e O
উড়িয়েছি	u r i y e chh i
উড়িয়েছে	u r i y e chh e
উড়িয়েছেন	u r i y e chh e n
উড়ি–উড়ি	u r i u r i
উড়ু	u r u
উড়ুউড়ু	u r u u r u
উড়ুক	u r u k
উড়ুক্কু	u r u k k u
উড়ুনি	u r n i
উড়ে	u r e
উড়েছিল	u r e chh i l
উড়েছে	u r e chh e
উড়ো	u r O
উড়োজাহাজ	u r O j a h a j
উড়োজাহাজই	u r O j a h a j i
উড়োজাহাজকে	u r O j a h a j k e
উড়োজাহাজটি	u r O j a h a j T i
উড়োজাহাজটির	u r O j a h a j T i r
উড়োজাহাজে	u r O j a h a j e
উড়োজাহাজের	u r O j a h a j e r
উয়ল	u o l o
উয়াতারাকে	u y a t a r a k e
উয়ার	u y a r
উয়েধরা	u y e dh o r a
উয়েফা	u y e ph a
উয়েফার	u y e ph a r
এতদ্ব্যতিত	e t o d d e t i t o
এতবার	E t b a r
এতলা	e t o l a
এতসব	E t sh o b
এতসবের	E t sh o b e r
এতহি	e t O h i
এতহু	e t O h u
এতাবৎ	e t a b o t
এতালা	e t a l a
এতিম	e t i m
এতিমখানা	e t i m kh a n a
এতিমখানার	e t i m kh a n a r
এতিমখানায়	e t i m kh a n a y
এতিমের	e t i m e r
এতে	e t e
এতেই	e t e i
এতেও	e t e O
এতেরি	e t e r i
এতেলা	e t e l a
এতোই	E t O i
এতোগুলো	E t O g u l O
এতোটা	E t O T a
এতোটাই	E t O T a i
এতোদিন	E t O d i n
এত্তটুকুন	e tt o T u k u n
এত্তহাদ	e tt e h a d
এত্তেফাক	e tt e ph a k
এত্তো	e tt O
এথনিক	e th n i k
এথা	e th a
এথাসি	e th a sh i
এথিকস	e th i k sh
এথিক্যাল	e th i k A l
এথিক্স	e th i k s
এথিন	e th i n o
এথেনা	e th e n a
এদানো	e d a n O
এদিক	e d i k
এদিকটায়	e d i k T a y
এদিকেই	e d i k e i
এদিকেও	e d i k e O
এদিকের	e d i k e r
এদিন	e d i n
এদিনই	e d i n i
এদিনও	e d i n O
এদিনসন	e d i n sh o n
এদিনে	e d i n e
এদিনেই	e d i n e i
এদিনের	e d i n e r
এদুয়ার্দো	e d u y a r d O
এদেরও	e d e r O
এদেশ	e d e sh
এদেশকে	e d e sh k e
এদেশিয়	e d e sh i y O
এদেশে	e d e sh e
এদেশের	e d e sh e r
এদ্দাৎ	e d d a t
এদ্দিন	e d d i n
এদ্দিনে	e d d i n e
এধার	e dh a r
এনএ	e n e
এনএর	e n e r
এনএস	e n e s
এনএসিবি	e n e s i b i
এনএসিবির	e n e s i b i r
এনকাউন্টার	e n k a u n T a r
এনকাউন্টারে	e n k a u n T a r e
এনকাউন্টারের	e n k a u n T a r e r
এনকার	e n k a r
এনকুরুনজিজা	e n k u r u n j i j a
এনকে	e n k e
এনকেলাব	e n k e l a b
এনকোর	e n k O r
এনকোয়ারি	e n k O y a r i
এনগেজড	e n g e j o D
এনগোজি	e n g O j i
এনগ্যাজেট	e n g A j e T
এনছান	e n chh a n
এনছানের	e n chh a n e r
এনজাইনা	e n j a i n a
এনজি	e n j i
এনজিওস	e n j i O s
এনজিগুলোর	e n j i g u l O r
এনজেলস	e n j e l sh
এনজো	e n j O
এনজোকে	e n j O k e
এনজয়	e n j o y
এনটি	e n T i
এনটিনি	e n T i n i
এনটিনির	e n T i n i r
এনডাউমেন্ট	e n D a u m e n T
এনডেনজারড	e n D e n j a r o D
এনডোলাইট	e n D O l a i T
এনবিআরে	e n b i a r e
এনভারমেন্টাল	e n bh a r m e n T a l
এনভায়রনমেন্ট	e n bh a y r o n m e n T
এনভায়রনমেন্টাল	e n bh a y r o n m e n T a l
এনভিল	e n bh i l
এনভয়	e n bh o y
এনরিকে	e n r i k e
এনশাআল্লাহ	e n sh a l l a h
এনসাফ	e n sh a ph
এনসি	e n sh i
এনা	e n a
এনাইয়ামা	e n a i y a m a
এনাবল	e n a b o l
এনাম	e n a m
এনামুর	e n a m u r
এনামুল	e n a m u l
এনামুলকে	e n a m u l k e
এনার	e n a r
এনালগ	e n a l o g
এনালাইসিস	e n a l a i sh i s
এনায়েত	e n a y e t
এনায়েতউল্লাহ	e n a y e t u l l a h o
এনায়েতনগর	e n a y e t n o g o r
এনায়েতপুর	e n a y e t p u r
এনায়েতপুরে	e n a y e t p u r e
এনায়েতবাজার	e n a y e t b a j a r
এনায়েতুর	e n a y e t u r
এনায়েতুল্লাহ	e n a y e t u l l a h
এনি	e n i
এনিমেল	e n i m e l
এনিমেশন	e n i m e sh o n
এনিম্যাল	e n i m A l
এনিয়ে	e n i y e
এনে	e n e
এনেই	e n e i
এনেও	e n e O
এনেছ	e n e chh O
এনেছি	e n e chh i
এনেছিলাম	e n e chh i l a m
এনেছিলেন	e n e chh i l e n
এনেছিস	e n e chh i sh
এনেছে	e n e chh e
এনেছেন	e n e chh e n
এনের	e n e r
এনেল	e n e l
এনেসথেসিয়া	e n e sh th e sh i y a
এন্টনি	e n T n i
এন্টনির	e n T n i r
এন্টার	e n T a r
এন্টারপ্রাইজ	e n T a r pr a i j
এন্টারপ্রাইজকে	e n T a r pr a i j k e
এন্টারপ্রাইজসহ	e n T a r pr a i j sh o h O
এন্টারপ্রাইজে	e n T a r pr a i j e
এন্টারপ্রাইজের	e n T a r pr a i j e r
এন্টারপ্রাইজেস	e n T a r pr a i j e sh
এন্টালি	e n T a l i
এন্টি	e n T i
এন্টিবডি	e n T i b o D i
এন্টিবায়োটিক	e n T i b a y O T i k
এন্টিভাইরাস	e n T i bh a i r a sh
এন্ট্রাপ্রেনিউরস	e n T r a pr e n i u r o s
এন্ট্রি	e n T r i
এন্ড	e n D
এন্ডার	e n D a r
এন্ডাররা	e n D a r r a
এন্ডারস	e n D a r o sh
এন্ডারসন	e n D a r s O n
এন্ডারসনের	e n D a r s n e r
এন্ডি	e n D i
এন্ডে	e n D e
এন্ডের	e n D e r
এন্ডোমেট্রিওসিস	e n D O m e T r i O s i s
এন্ড্রু	e n D r u
এন্তাকাল	e nt e k a l
এন্তাজ	e nt O j
এন্তার	e nt a r
এন্তেজাম	e nt e j a m
এন্থনি	e n th o n i
এন্শা	e n sh a
এপর্যন্ত	e p O r j O nt O
এপসন	e p sh o n
এপার	e p a r
এপারে	e p a r e
এপাশ	e p a sh
এপাশে	e p a sh e
এপাশ–ওপাশ	e p a sh O p a sh
এপাড়া	e p a r a
এপিঠ	e p i Th
এপিঠ–ওপিঠ	e p i Th O p i Th
এপির	e p i r
এপিল	e p i l
এপিয়া	e p i a
এপেক	e p e k
এপ্রিলে	e pr i l e
এপ্রিলেই	e pr i l e i
এপ্লিক	e p l i k
এপ্লিকেশন	e p l i k e sh o n
এফএস	e ph e s
এফসি	e ph s i
এফোরটেক	e ph O r T e k
এফোর্ট	e ph O r T
এফোড়–ওফোড়	e ph O r O ph O r
এব	e b O
এবংবাংলাদেশের	e b O ng b a ng l a d e sh e r
এবংবিধ	e b o ng b i dh
এবছরও	e b o chh O r O
এবতেদায়ি	e b t e d a y i
এবদো	e b d O
এবদোর	e b d O r
এবমস্তু	e b o m o st u
এবম্প্রকার	e b o m p r o k a r
এবরা	e b r a
এবাদ	e b a d
এবাদত	e b a d O t
এবাদতের	e b a d o t e r
এবাদুর	e b a d u r
এবাদুরকে	e b a d u r k e
এবাদুরের	e b a d u r e r
এবাদুল্লাহ	e b a d u l l a h o
এবার	e b a r
এবারই	e b a r O i
এবারও	e b a r O
এবারকার	e b a r k a r
এবারে	e b a r e
এবারেও	e b a r e O
এবারের	e b a r e r
এবারেরটা	e b a r e r T a
এবারেরটি	e b a r e r T i
এবারো	e b a r O
এবি	e b i
এবে	e b e
এবোট	e b O T
এবোটাবাদ	e b O T a b a d
এবোলা	e b O l a
এবোলার	e b O l a r
এব্যাপারে	e b A p a r e
এবড়ো	e b r O
এবড়োখেবড়ো	e b r O kh e b r O
এবড়োথেবড়ো	e b r O th e b r O
এভরা	e bh r a
এভরার	e bh r a r
এভরি	e bh r i
এভাবেই	e bh a b e i
এভাবেও	e bh a b e O
এভার	e bh a r
এভারটন	e bh a r T o n
এভারটনের	e bh a r T o n e r
এভারেজ	e bh a r e j
এভারেডি	e bh a r e D i
এভারেশ্টের	e bh a r e sh T e r
এভিনিউ	e bh i n i u
এভিনিউতে	e bh i n i u t e
এভিনিউর	e bh i n i u r
এভিনিউয়ে	e bh i n i u y e
এভিনিউয়ের	e bh i n i u y e r
এভিল	e bh i l
এভিয়ান	e bh i y a n
এভিয়েন	e bh i y e n
এভিয়েশন	e bh i y e sh o n
এভিয়েশনের	e bh i y e sh o n e r
এভেটা	e bh e T a
এভেনিউ	e bh e n i u
এভয়েল	e bh o y e l
এম	e m
এম.	e m
এমএন	e m e n
এমএল	e m e l
এমএস	e m e s
এমকম	e m k o m
এমকে	e m k e
এমচিপের	e m ch i p e r
এমজে	e m j e
এমত	e m O t O
এমতাবস্থায়	e m o t a b o sth a y
এমতি	e m t i
এমদাদ	e m d a d
এমদাদুর	e m d a d u r
এমদাদুল	e m d a d u l
রিকার	r i k a r o
রিক্	r i k
রিক্থ	r i k th o
রিক্ষ	r i kkh O
রিজু	r i j u
রিতানৃত	r i t a n r i t O
রিতি	r i t i
রিতু	r i t u
রিতুকে	r i t u k e
রিতুচক্রের	r i t u ch o kr e r
রিতুতে	r i t u t e
রিতুপর্ন	r i t u p o r n o
রিতুপর্না	r i t u p o r n a
রিতুপর্নার	r i t u p o r n a r
রিতুবদলের	r i t u b o d o l e r
রিতুর	r i t u r
রিতুরাজ	r i t u r a j
রিত্বিক	r i tt i k
রিদ্ধ	r i d dh
রিদ্ধিমান	r i d dh i m a n
রিন	r i n
রিনই	r i n i
রিনও	r i n O
রিনকে	r i n k e
রিনখেলাপি	r i n kh e l a p i
রিনখেলাপিদের	r i n kh e l a p i d e r
রিনখেলাপির	r i n kh e l a p i r
রিনখেলাপের	r i n kh e l a p e r
রিনগুলো	r i n g u l O
রিনগ্রস্ত	r i n gr o st o
রিনগ্রহনের	r i n gr o h o n e r
রিনগ্রহিতা	r i n gr a h i t a
রিনগ্রহিতাকে	r i n gr o h i t a k e
রিনগ্রহিতাদের	r i n gr o h i t a d e r
রিনগ্রহিতার	r i n gr o h i t a r
রিনগ্রহিতারা	r i n gr o h i t a r a
রিনচুক্তি	r i n ch u kt i
রিনচুক্তিটি	r i n ch u kt i T i
রিনচুক্তির	r i n ch u kt i r
রিনজোগ্য	r i n j O g g o
রিনঝুকি	r i n jh u k i
রিনটা	r i n T a
রিনটি	r i n T i
রিনতথ্য	r i n t o th j o
রিনদাতা	r i n d a t a
রিনদাতাদের	r i n d a t a d e r
রিনদাতারা	r i n d a t a r a
রিনদান	r i n d a n
রিনদানকারি	r i n d a n k a r i
রিননির্ভর	r i n n i r bh o r
রিনপত্র	r i n p o tr o
রিনপত্রের	r i n p o tr e r
রিনপ্রবাহ	r i n pr o b a h o
রিনপ্রবাহে	r i n pr o b a h e
রিনপ্রবাহের	r i n pr o b a h e r
রিনপ্রস্তাব	r i n pr o st a b
রিনপ্রাপ্তি	r i n pr a p t i
রিনবাজার	r i n b a j a r
রিনব্যবস্থা	r i n b e b o sth a
রিনমান	r i n m a n
রিনমানে	r i n m a n e
রিনমানের	r i n m a n e r
রিনমুক্ত	r i n m u kt o
রিনসংকট	r i n sh o ng k o T
রিনসংকটসহ	r i n sh o ng k o T sh o h O
রিনসংকটে	r i n sh o ng k o T e
রিনসংকটের	r i n sh o ng k o T e r
রিনসংক্রান্ত	r i n sh o ng kr a nt o
রিনসহ	r i n sh o h O
রিনসহায়তা	r i n sh o h a y o t a
রিনসহায়তার	r i n sh o h a y o t a r
রিনসিমা	r i n sh i m a
রিনসিমার	r i n sh i m a r
রিনসুবিধা	r i n sh u b i dh a
রিনসুবিধাবহির্ভুত	r i n sh u b i dh a b o h i r bh u t o
রিনসুবিধার	r i n sh u b i dh a r
রিনাত্মক	r i n a t t o k
রিনি	r i n i
রিনে	r i n e
রিনের	r i n e r
রিনেরও	r i n e r O
রিভু	r i bh u
রিশভ	r i sh o bh
রিশি	r i sh i
রিশিকান্ত	r i sh i k a nt o
রিশিকুল	r i sh i k u l
রিশিকেশ	r i sh i k e sh
রিশিজ	r i sh i j
রিশিদের	r i sh i d e r
রিশিপাড়ায়	r i sh i p a r a y
রিশির	r i sh i r
রিশিরা	r i sh i r a
রিশ্ট	r i sh T O
রিশ্য	r i sh sh O
